inst,variant,mode,period,exposure,edge_vs_uncond,n,per_yr,win,avg_win,avg_loss,mean_net,median_net,mean_ex,sd_ex,sr_trade,t,skew,kurt,worst,best,sessions,kelly_full,f_qk,f_used,dg_yr,s_cagr,s_vol,s_sharpe,s_mdd,bh_cagr,bh_vol,bh_sharpe,bh_mdd
^GSPC,DC20|chanexit,close,1928-1989,0.447424,0.000338039,364,5.87084,0.478022,0.0462815,-0.025434,0.00884761,-0.0018631,0.00610505,0.0594234,0.102738,1.96012,4.08584,36.8381,-0.208753,0.553799,19.1126,1.03657,0.259142,0.259142,0.00397542,0.0666513,0.105386,0.314013,-0.441159,0.0986526,0.194371,0.391142,-0.836345
^GSPC,DC20|chanexit,close,IS (<2008),0.449978,-0.00252671,111,6.16714,0.468468,0.0329793,-0.0182094,0.00577089,-0.00477936,0.00270306,0.034853,0.077556,0.817103,1.90036,8.80713,-0.0601438,0.17639,18.3964,1.20617,0.301543,0.301543,0.00217993,0.0552144,0.0821464,0.195129,-0.17538,0.105414,0.158124,0.453067,-0.474141
^GSPC,DC20|chanexit,close,OOS (2008-),0.526517,-0.000577686,115,6.13641,0.521739,0.037166,-0.018881,0.0103609,0.00317345,0.00911389,0.0387241,0.235354,2.5239,0.917703,6.39569,-0.104535,0.184915,21.5826,3.25784,0.814459,0.814459,0.0197783,0.0673394,0.0981367,0.56994,-0.276472,0.1135,0.198298,0.570654,-0.518327
^GSPC,DC20|T20,close,1928-1989,0.555663,-2.78012e-05,432,6.96759,0.636574,0.036092,-0.0386144,0.00894178,0.0129479,0.00600696,0.0521489,0.115189,2.39415,0.908178,17.6957,-0.23074,0.458197,20,1.12033,0.280083,0.280083,0.00512381,0.074029,0.128777,0.332175,-0.470082,0.0986526,0.194371,0.391142,-0.836345
^GSPC,DC20|T20,close,IS (<2008),0.555311,-0.00405887,126,7.00053,0.619048,0.0271933,-0.0312426,0.00493199,0.0101852,0.00162677,0.0353922,0.0459641,0.515946,-0.320142,3.34534,-0.0849265,0.119728,20,0.649349,0.162337,0.162337,0.000809564,0.0524114,0.0994859,0.15022,-0.417305,0.105414,0.158124,0.453067,-0.474141
^GSPC,DC20|T20,close,OOS (2008-),0.590581,0.00352093,140,7.47042,0.692857,0.0316167,-0.027092,0.0135847,0.0160536,0.0124505,0.0354769,0.350947,4.15246,-0.653151,4.51525,-0.110005,0.110745,19.8857,4.22014,1.05504,1,0.041667,0.107298,0.119362,0.795997,-0.257477,0.1135,0.198298,0.570654,-0.518327
^GSPC,DC20|T60,close,1928-1989,0.764036,0.00144955,198,3.19348,0.661616,0.0785251,-0.0691725,0.0285466,0.0300883,0.0195538,0.103368,0.189168,2.66183,0.375236,8.87714,-0.323041,0.594338,60,0.905554,0.226388,0.226388,0.00619747,0.0868859,0.159474,0.37069,-0.706897,0.0986526,0.194371,0.391142,-0.836345
^GSPC,DC20|T60,close,IS (<2008),0.832966,-0.00673988,63,3.50027,0.698413,0.0499357,-0.0491043,0.0200665,0.0155634,0.010317,0.0622411,0.165759,1.31567,0.0107422,3.41791,-0.13875,0.168946,60,1.34087,0.335219,0.335219,0.00529992,0.0746659,0.135726,0.295714,-0.379588,0.105414,0.158124,0.453067,-0.474141
^GSPC,DC20|T60,close,OOS (2008-),0.82605,-0.000708774,65,3.46841,0.738462,0.0648294,-0.0700003,0.0295663,0.040454,0.0261925,0.0778527,0.336437,2.71244,-1.16177,5.08438,-0.256149,0.184915,59.9077,1.76328,0.44082,0.44082,0.0179194,0.0975892,0.172484,0.544809,-0.46846,0.1135,0.198298,0.570654,-0.518327
^GSPC,DC55|chanexit,close,1928-1989,0.393723,0.00574869,186,2.99993,0.526882,0.0643341,-0.0287844,0.020278,0.00362027,0.0156801,0.0699495,0.224163,3.05718,2.96977,21.108,-0.138928,0.553799,32.914,2.0914,0.522851,0.522851,0.0104122,0.0801021,0.0979574,0.457936,-0.221987,0.0986526,0.194371,0.391142,-0.836345
^GSPC,DC55|chanexit,close,IS (<2008),0.403922,-0.00915211,66,3.66695,0.378788,0.0580332,-0.0298198,0.00345789,-0.00889097,-0.00125682,0.0533682,-0.0235501,-0.191322,1.25361,4.67326,-0.0956853,0.18858,27.7727,6.05953e-05,1.51488e-05,1.51488e-05,-1.18023e-12,0.0315176,0.0816251,-0.0823688,-0.256851,0.105414,0.158124,0.453067,-0.474141
^GSPC,DC55|chanexit,close,OOS (2008-),0.500636,-0.00308611,67,3.57513,0.537313,0.0491667,-0.0253271,0.0146994,0.0107872,0.012731,0.0465416,0.273541,2.23903,0.675116,2.9685,-0.0674639,0.149689,35.2239,3.25556,0.813889,0.813889,0.0160107,0.0570536,0.088252,0.513573,-0.186463,0.1135,0.198298,0.570654,-0.518327
^GSPC,DC55|T20,close,1928-1989,0.391022,0.00206606,304,4.90312,0.621711,0.0376501,-0.0328429,0.0109834,0.0120463,0.00810082,0.0512243,0.158144,2.75734,1.04296,17.8845,-0.261215,0.412834,20,1.551,0.387749,0.387749,0.00674364,0.0730359,0.101158,0.381623,-0.448111,0.0986526,0.194371,0.391142,-0.836345
^GSPC,DC55|T20,close,IS (<2008),0.405465,-0.00578595,92,5.1115,0.565217,0.0266487,-0.0270239,0.00331279,0.00566142,-0.000100303,0.0343851,-0.00291706,-0.0279794,0.0138397,3.67309,-0.0812649,0.119728,20,4.92671e-05,1.23168e-05,1.23168e-05,-4.53426e-13,0.0382927,0.0864385,0.00260068,-0.281395,0.105414,0.158124,0.453067,-0.474141
^GSPC,DC55|T20,close,OOS (2008-),0.466695,0.00105115,110,5.86961,0.718182,0.0239443,-0.0214672,0.0111465,0.0148185,0.0100321,0.0265795,0.377436,3.95858,-1.22738,6.099,-0.109915,0.0657507,20,5.32046,1.33012,1,0.027286,0.0731979,0.0894863,0.677127,-0.144694,0.1135,0.198298,0.570654,-0.518327
^GSPC,DC55|T60,close,1928-1989,0.617403,-0.00164787,160,2.58059,0.66875,0.0705124,-0.0650231,0.0256163,0.0287746,0.0164564,0.0983644,0.167301,2.1162,-0.172597,11.0366,-0.429823,0.553799,60,0.800045,0.200011,0.200011,0.00374665,0.0685609,0.138383,0.281204,-0.742052,0.0986526,0.194371,0.391142,-0.836345
^GSPC,DC55|T60,close,IS (<2008),0.634641,-0.00766141,48,2.66687,0.6875,0.054175,-0.0565249,0.0195813,0.0213843,0.00939552,0.06747,0.139255,0.964785,-0.334861,3.44823,-0.175283,0.157858,60,1.02266,0.255666,0.255666,0.00281189,0.0625226,0.114162,0.228474,-0.291152,0.105414,0.158124,0.453067,-0.474141
^GSPC,DC55|T60,close,OOS (2008-),0.707891,-0.00547814,56,2.98817,0.732143,0.056139,-0.0612338,0.0246999,0.0372608,0.0212802,0.065141,0.326678,2.44464,-0.908805,3.33505,-0.146349,0.131436,59.5893,2.20034,0.550085,0.550085,0.0155324,0.0733393,0.139588,0.476239,-0.337905,0.1135,0.198298,0.570654,-0.518327
SPY,DC20|chanexit,open,IS (<2008),0.457569,-0.00299754,91,6.09867,0.428571,0.0375917,-0.0184961,0.00554156,-0.00465643,0.002546,0.0365319,0.0696924,0.664823,2.0165,9.13871,-0.0526948,0.191688,18.9011,1.03364,0.258409,0.258409,0.00174055,0.0500209,0.0862892,0.162881,-0.225512,0.103048,0.169084,0.437099,-0.475159
SPY,DC20|chanexit,open,OOS (2008-),0.521426,0.00070837,115,6.13641,0.547826,0.0343848,-0.0162483,0.0114898,0.00321064,0.0102247,0.0360146,0.283905,3.04454,1.34123,7.18301,-0.0920517,0.183015,21.3739,4.52831,1.13208,1,0.0274948,0.0749449,0.0926515,0.674627,-0.184846,0.112686,0.197299,0.568673,-0.518737
SPY,DC20|chanexit,close,IS (<2008),0.455706,-0.00359043,91,6.09867,0.395604,0.04202,-0.0193795,0.00491044,-0.00656422,0.00193055,0.0394147,0.0489805,0.467245,1.80973,7.48896,-0.0630871,0.178351,18.8242,0.656634,0.164158,0.164158,0.000841053,0.046323,0.0876163,0.121445,-0.224436,0.103048,0.169084,0.437099,-0.475159
SPY,DC20|chanexit,close,OOS (2008-),0.520577,0.00123089,114,6.08305,0.552632,0.0353512,-0.0166517,0.0120867,0.00380201,0.0108151,0.0369064,0.29304,3.12882,1.22403,6.85122,-0.091188,0.18503,21.5263,4.49177,1.12294,1,0.0288474,0.0783648,0.0938754,0.70087,-0.169419,0.112686,0.197299,0.568673,-0.518737
SPY,DC20|T20,open,IS (<2008),0.574621,-0.00275704,108,7.23798,0.638889,0.026164,-0.0291705,0.0061821,0.0106583,0.0031088,0.0327843,0.0948259,0.98546,-0.541534,2.99754,-0.0811313,0.0737203,20,1.42087,0.355218,0.355218,0.0035075,0.061155,0.104357,0.252268,-0.357457,0.103048,0.169084,0.437099,-0.475159
SPY,DC20|T20,open,OOS (2008-),0.650191,-0.00133203,154,8.21746,0.701299,0.0282958,-0.0374075,0.00867016,0.0166894,0.00752923,0.0421143,0.178781,2.21861,-2.62845,17.7184,-0.287385,0.0946418,19.9026,1.62774,0.406934,0.406934,0.0113448,0.0703466,0.123702,0.498076,-0.303808,0.112686,0.197299,0.568673,-0.518737
SPY,DC20|T20,close,IS (<2008),0.56398,-0.00346714,106,7.10394,0.622642,0.0269228,-0.0299189,0.00547312,0.00981525,0.0023987,0.0349508,0.0686308,0.706597,-0.392013,3.19615,-0.0851611,0.0913283,20,0.976801,0.2442,0.2442,0.00182356,0.0561224,0.105232,0.20589,-0.419715,0.103048,0.169084,0.437099,-0.475159
SPY,DC20|T20,close,OOS (2008-),0.594824,0.0040019,141,7.52378,0.695035,0.032136,-0.0272887,0.0140135,0.0168388,0.012856,0.0362558,0.354591,4.21054,-0.628639,4.49631,-0.11258,0.110789,19.8865,4.18067,1.04517,1,0.043273,0.111148,0.109389,0.889652,-0.190158,0.112686,0.197299,0.568673,-0.518737
SPY,DC20|T60,open,IS (<2008),0.830008,-0.00299355,52,3.48495,0.75,0.0467293,-0.0448713,0.0238292,0.0166708,0.014604,0.0577015,0.253095,1.82509,0.230119,3.78921,-0.110041,0.172389,60,2.23921,0.559802,0.559802,0.012453,0.0871041,0.14247,0.387443,-0.334947,0.103048,0.169084,0.437099,-0.475159
SPY,DC20|T60,open,OOS (2008-),0.83899,-0.0018759,66,3.52177,0.757576,0.0625112,-0.0792844,0.0281365,0.0425715,0.0248043,0.0786036,0.315561,2.56363,-1.36861,5.69442,-0.276277,0.183015,59.9242,1.61473,0.403682,0.403682,0.0158044,0.0932257,0.16748,0.532166,-0.492573,0.112686,0.197299,0.568673,-0.518737
SPY,DC20|T60,close,IS (<2008),0.830008,-0.00495901,52,3.48495,0.730769,0.0468357,-0.0459196,0.0218631,0.0181096,0.0126385,0.0580218,0.217823,1.57075,0.164811,3.31789,-0.100886,0.15701,60,1.91934,0.479835,0.479835,0.00923677,0.0816174,0.14294,0.351241,-0.37553,0.103048,0.169084,0.437099,-0.475159
SPY,DC20|T60,close,OOS (2008-),0.82605,-0.0012131,65,3.46841,0.738462,0.064917,-0.0730387,0.0288363,0.0434063,0.0254597,0.0815183,0.312319,2.518,-1.47394,6.65862,-0.309893,0.18503,59.9077,1.50473,0.376182,0.376182,0.0149266,0.0934046,0.164636,0.539445,-0.530076,0.112686,0.197299,0.568673,-0.518737
SPY,DC55|chanexit,open,IS (<2008),0.401171,-0.00636041,52,3.48495,0.403846,0.055361,-0.0259648,0.00687834,-0.00508842,0.00214505,0.050136,0.0427847,0.308525,1.2816,3.88192,-0.0657637,0.154153,29,0.447385,0.111846,0.111846,0.000364551,0.0417207,0.0819788,0.0701862,-0.260325,0.103048,0.169084,0.437099,-0.475159
SPY,DC55|chanexit,open,OOS (2008-),0.499151,-0.00544482,68,3.62849,0.5,0.046237,-0.0224193,0.0119089,0.000335784,0.0099615,0.0435532,0.22872,1.88608,0.781158,2.83142,-0.0592759,0.126006,34.6029,2.91659,0.729147,0.729147,0.0113909,0.0475704,0.0868609,0.416645,-0.173887,0.112686,0.197299,0.568673,-0.518737
SPY,DC55|chanexit,close,IS (<2008),0.398776,-0.00807722,52,3.48495,0.384615,0.0568233,-0.0272447,0.00508914,-0.00561439,0.000377483,0.0524782,0.00719315,0.0518706,1.01824,4.11028,-0.0979979,0.148261,28.8269,0.0701468,0.0175367,0.0175367,1.00884e-05,0.0354057,0.0862866,0.000545081,-0.297743,0.103048,0.169084,0.437099,-0.475159
SPY,DC55|chanexit,close,OOS (2008-),0.497454,-0.00555043,68,3.62849,0.544118,0.0423663,-0.0248079,0.0117428,0.00609766,0.00980351,0.0433088,0.226363,1.86664,0.762847,3.45353,-0.0674959,0.148987,34.4853,2.87086,0.717716,0.717716,0.011052,0.0471594,0.0874527,0.409922,-0.202622,0.112686,0.197299,0.568673,-0.518737
SPY,DC55|T20,open,IS (<2008),0.404363,-0.00447607,76,5.09339,0.631579,0.0238397,-0.0283249,0.00462114,0.00981701,0.00138977,0.0305312,0.0455196,0.396831,-0.492469,2.76468,-0.0774531,0.0581231,20,0.74678,0.186695,0.186695,0.000578943,0.0440913,0.0899437,0.0968945,-0.216863,0.103048,0.169084,0.437099,-0.475159
SPY,DC55|T20,open,OOS (2008-),0.504879,-0.00448506,119,6.34985,0.663866,0.0238046,-0.0303352,0.00560634,0.0141943,0.00441957,0.0314741,0.140419,1.5318,-1.06619,3.76336,-0.0943682,0.0586277,20,2.08651,0.521628,0.521628,0.00645828,0.0397152,0.0914619,0.31784,-0.237516,0.112686,0.197299,0.568673,-0.518737
SPY,DC55|T20,close,IS (<2008),0.404363,-0.00526851,76,5.09339,0.565789,0.0271724,-0.0265875,0.0038293,0.00665111,0.00059733,0.0329123,0.0181491,0.15822,0.0228946,2.53762,-0.0656693,0.0775185,20,0.279442,0.0698606,0.0698606,9.29866e-05,0.0395454,0.0918256,0.0492469,-0.262724,0.103048,0.169084,0.437099,-0.475159
SPY,DC55|T20,close,OOS (2008-),0.470938,0.000760677,111,5.92297,0.702703,0.0248232,-0.0222653,0.0108239,0.0148659,0.00966531,0.0273493,0.353403,3.72333,-1.1173,5.45001,-0.109526,0.0660724,20,5.06994,1.26748,1,0.0263321,0.071315,0.0900212,0.654119,-0.144471,0.112686,0.197299,0.568673,-0.518737
SPY,DC55|T60,open,IS (<2008),0.638468,-0.00621164,40,2.68073,0.65,0.0560786,-0.0443488,0.020929,0.0248997,0.0113859,0.0616565,0.184666,1.16793,0.122842,2.57373,-0.100718,0.154153,60,1.54626,0.386565,0.386565,0.00515475,0.0663272,0.11896,0.275972,-0.269109,0.103048,0.169084,0.437099,-0.475159
SPY,DC55|T60,open,OOS (2008-),0.73356,-0.00480513,58,3.09489,0.758621,0.0557595,-0.0714525,0.0250532,0.0416334,0.0217399,0.0666182,0.326335,2.4853,-1.06998,3.63851,-0.154945,0.126797,59.6207,2.10241,0.525603,0.525603,0.0157386,0.0766636,0.140249,0.496654,-0.337173,0.112686,0.197299,0.568673,-0.518737
SPY,DC55|T60,close,IS (<2008),0.638468,-0.00710415,40,2.68073,0.625,0.0586358,-0.0442541,0.0200521,0.021348,0.0104934,0.0637398,0.164628,1.0412,0.221536,2.4534,-0.095811,0.148261,60,1.34567,0.336417,0.336417,0.00413028,0.0635876,0.122748,0.250249,-0.301422,0.103048,0.169084,0.437099,-0.475159
SPY,DC55|T60,close,OOS (2008-),0.707891,-0.00535319,56,2.98817,0.75,0.0548344,-0.0661131,0.0245975,0.0392751,0.0211778,0.0648443,0.326595,2.44401,-0.971056,3.41611,-0.146115,0.131158,59.5893,2.19358,0.548394,0.548394,0.0154219,0.0730719,0.138035,0.478189,-0.337173,0.112686,0.197299,0.568673,-0.518737
QQQ,DC20|chanexit,open,IS (<2008),0.408209,-0.00180622,49,5.55988,0.428571,0.0647543,-0.0436368,0.00281652,-0.0114686,0.000305232,0.0737581,0.00413828,0.028968,1.64575,7.98304,-0.132117,0.321029,18.4694,0.0287423,0.00718558,0.00718558,5.33265e-06,0.0199034,0.174699,0.0105807,-0.434429,0.00255803,0.345575,0.0833053,-0.829639
QQQ,DC20|chanexit,open,OOS (2008-),0.519304,-0.00181824,125,6.67001,0.48,0.0487405,-0.0222214,0.0118403,-0.00055593,0.0107522,0.0518862,0.207226,2.31686,2.0678,9.41142,-0.0734906,0.278911,19.584,2.46103,0.615258,0.615258,0.0188085,0.07968,0.113411,0.608851,-0.194859,0.162625,0.22399,0.722142,-0.493973
QQQ,DC20|chanexit,close,IS (<2008),0.407758,-0.00640522,49,5.55988,0.44898,0.0547835,-0.0478853,-0.00178908,-0.0135658,-0.0042961,0.0678239,-0.063342,-0.443394,1.08472,4.40331,-0.121394,0.224313,18.449,0,0,0,0,-0.00333553,0.178639,-0.114682,-0.476955,0.00255803,0.345575,0.0833053,-0.829639
QQQ,DC20|chanexit,close,OOS (2008-),0.517607,-0.00199485,124,6.61665,0.516129,0.0457037,-0.0245051,0.0117317,0.00160814,0.0106355,0.0522689,0.203477,2.26583,1.95117,9.08629,-0.088206,0.279522,19.6774,2.35345,0.588363,0.588363,0.017696,0.0785405,0.115042,0.592634,-0.217968,0.162625,0.22399,0.722142,-0.493973
QQQ,DC20|T20,open,IS (<2008),0.541272,-0.00775487,60,6.80801,0.633333,0.0429375,-0.0817529,-0.0027823,0.0138455,-0.00546844,0.0761775,-0.0717855,-0.556048,-0.922024,4.35373,-0.257497,0.166433,20,0,0,0,0,-0.0146675,0.211713,-0.120343,-0.656561,0.00255803,0.345575,0.0833053,-0.829639
QQQ,DC20|T20,open,OOS (2008-),0.64616,-0.00210962,153,8.1641,0.673203,0.0372426,-0.0407582,0.0117521,0.0157739,0.0106691,0.050113,0.2129,2.63343,-1.05154,5.4045,-0.180157,0.135593,19.9085,1.87984,0.469961,0.469961,0.0181637,0.0945927,0.141842,0.609142,-0.339536,0.162625,0.22399,0.722142,-0.493973
QQQ,DC20|T20,close,IS (<2008),0.541272,-0.0114589,60,6.80801,0.533333,0.0466663,-0.0672318,-0.00648618,0.00137195,-0.00917243,0.0756323,-0.121277,-0.939405,-1.012,4.72747,-0.279251,0.141337,20,0,0,0,0,-0.0416378,0.220648,-0.232669,-0.68378,0.00255803,0.345575,0.0833053,-0.829639
QQQ,DC20|T20,close,OOS (2008-),0.628978,-0.0017818,149,7.95066,0.657718,0.037008,-0.0358419,0.0120728,0.0154201,0.010991,0.049439,0.222315,2.7137,-1.23934,8.81951,-0.254938,0.163676,19.8993,1.86956,0.467391,0.467391,0.0182528,0.0953353,0.147958,0.594752,-0.336672,0.162625,0.22399,0.722142,-0.493973
QQQ,DC20|T60,open,IS (<2008),0.811908,-0.0203029,30,3.40401,0.533333,0.0865641,-0.110653,-0.0054705,0.0109835,-0.0134436,0.144448,-0.0930689,-0.509759,-0.535532,5.16566,-0.409428,0.379978,60,0,0,0,0,-0.0497694,0.283459,-0.155263,-0.837501,0.00255803,0.345575,0.0833053,-0.829639
QQQ,DC20|T60,open,OOS (2008-),0.833899,-0.000225303,66,3.52177,0.757576,0.0810078,-0.0830735,0.0412305,0.0477253,0.038005,0.094871,0.400596,3.25446,-0.668381,5.02326,-0.291142,0.278911,59.5606,1.73808,0.43452,0.43452,0.0259956,0.138618,0.193635,0.694869,-0.419633,0.162625,0.22399,0.722142,-0.493973
QQQ,DC20|T60,close,IS (<2008),0.811908,-0.0255377,30,3.40401,0.5,0.0909368,-0.112242,-0.0106524,-0.000483266,-0.0186784,0.141235,-0.132251,-0.724366,-0.420734,3.90878,-0.37807,0.329846,60,5.32853e-05,1.33213e-05,1.33213e-05,-5.82394e-12,-0.0646006,0.284643,-0.208616,-0.857801,0.00255803,0.345575,0.0833053,-0.829639
QQQ,DC20|T60,close,OOS (2008-),0.833687,-0.00194524,66,3.52177,0.742424,0.0802409,-0.0779328,0.0394992,0.0462827,0.0362753,0.0924033,0.392576,3.1893,-0.691727,5.10582,-0.288835,0.28252,59.5455,1.74951,0.437378,0.437378,0.0249766,0.132835,0.194704,0.665948,-0.421853,0.162625,0.22399,0.722142,-0.493973
QQQ,DC55|chanexit,open,IS (<2008),0.356788,-0.00373757,27,3.06361,0.407407,0.0829885,-0.0511225,0.00351529,-0.0202091,-0.00038836,0.0970336,-0.00400232,-0.0207967,1.76946,7.21817,-0.132117,0.357143,29.2963,0,0,0,0,0.018595,0.163662,-0.0085181,-0.448331,0.00255803,0.345575,0.0833053,-0.829639
QQQ,DC55|chanexit,open,OOS (2008-),0.500849,-0.00192769,68,3.62849,0.529412,0.0695139,-0.0309065,0.0222573,0.0046099,0.0203585,0.0639408,0.318396,2.62556,0.683677,2.67905,-0.107856,0.195777,34.7206,2.81172,0.70293,0.70293,0.0223734,0.0832821,0.107877,0.665373,-0.177634,0.162625,0.22399,0.722142,-0.493973
QQQ,DC55|chanexit,close,IS (<2008),0.356788,0.00548393,27,3.06361,0.444444,0.0832031,-0.0436335,0.0127383,-0.00648993,0.00883314,0.0988373,0.0893705,0.464383,1.99944,8.08335,-0.121394,0.384338,29.2963,0.513929,0.128482,0.128482,0.00150415,0.0478972,0.163407,0.164761,-0.36161,0.00255803,0.345575,0.0833053,-0.829639
QQQ,DC55|chanexit,close,OOS (2008-),0.5,-0.002187,68,3.62849,0.514706,0.0701714,-0.0291836,0.021955,0.00439592,0.0200614,0.0643874,0.311573,2.5693,0.790823,2.88745,-0.0881469,0.202942,34.6618,2.77621,0.694051,0.694051,0.0217251,0.0821827,0.109449,0.648108,-0.165802,0.162625,0.22399,0.722142,-0.493973
QQQ,DC55|T20,open,IS (<2008),0.369869,-0.00468253,41,4.65214,0.658537,0.0392751,-0.0745838,0.000396415,0.0154003,-0.00239609,0.0751108,-0.0319008,-0.204265,-1.31807,5.94297,-0.257497,0.166433,20,3.77864e-05,9.44661e-06,9.44661e-06,-1.1425e-12,0.00826645,0.170601,-0.0608898,-0.528584,0.00255803,0.345575,0.0833053,-0.829639
QQQ,DC55|T20,open,OOS (2008-),0.510182,-0.00500363,121,6.45657,0.669421,0.0341295,-0.0424054,0.00882873,0.0160848,0.00775423,0.0521604,0.148661,1.63527,-2.14618,10.8524,-0.275091,0.117891,19.876,1.21359,0.303397,0.303397,0.00677136,0.0561006,0.12844,0.380256,-0.288234,0.162625,0.22399,0.722142,-0.493973
QQQ,DC55|T20,close,IS (<2008),0.360848,-0.00369862,40,4.53868,0.65,0.0408298,-0.071902,0.00137365,0.0119564,-0.00141218,0.0766041,-0.0184348,-0.116592,-1.52648,6.45697,-0.279251,0.141337,20,0,0,0,0,0.0126976,0.179465,-0.0250581,-0.521231,0.00255803,0.345575,0.0833053,-0.829639
QQQ,DC55|T20,close,OOS (2008-),0.493,-0.00477159,117,6.24313,0.632479,0.0371353,-0.0392597,0.00905852,0.0159946,0.00797807,0.0509761,0.156506,1.69287,-1.56227,8.05559,-0.243443,0.123622,19.8632,1.35099,0.337749,0.337749,0.00747325,0.0568163,0.131553,0.37939,-0.278927,0.162625,0.22399,0.722142,-0.493973
QQQ,DC55|T60,open,IS (<2008),0.595399,0.00703584,22,2.49627,0.545455,0.12711,-0.104251,0.0219457,0.0159114,0.0138951,0.152466,0.0911361,0.427466,0.578528,3.55846,-0.238118,0.423863,60,0.320927,0.0802317,0.0802317,0.00121377,0.0503222,0.229907,0.18388,-0.572135,0.00255803,0.345575,0.0833053,-0.829639
QQQ,DC55|T60,open,OOS (2008-),0.713831,-0.00394002,57,3.04153,0.701754,0.07144,-0.043824,0.037063,0.0394667,0.0339529,0.0690011,0.492063,3.715,-0.247846,3.10834,-0.137507,0.195777,59.0351,3.23437,0.808593,0.808593,0.0368788,0.114847,0.170692,0.640106,-0.285739,0.162625,0.22399,0.722142,-0.493973
QQQ,DC55|T60,close,IS (<2008),0.595399,-0.00186866,22,2.49627,0.545455,0.116645,-0.111286,0.0130401,0.00996246,0.00499065,0.141744,0.0352088,0.165144,0.0471279,2.38558,-0.230497,0.292443,60,0.130207,0.0325518,0.0325518,0.0001774,0.0333784,0.229734,0.113067,-0.589441,0.00255803,0.345575,0.0833053,-0.829639
QQQ,DC55|T60,close,OOS (2008-),0.713619,-0.00109383,57,3.04153,0.736842,0.0703318,-0.045318,0.0398976,0.0473366,0.0367879,0.0676307,0.543952,4.10675,-0.296082,3.49877,-0.146061,0.202942,59.0175,3.47239,0.868098,0.868098,0.043107,0.124482,0.171621,0.687727,-0.297983,0.162625,0.22399,0.722142,-0.493973
IWM,DC20|chanexit,open,IS (<2008),0.444212,-0.00540972,46,6.05241,0.413043,0.0429006,-0.0268357,0.0019684,-0.00913909,-0.00022757,0.0462869,-0.00491651,-0.0333454,1.56149,6.49398,-0.0681804,0.164836,18.4348,5.33349e-05,1.33337e-05,1.33337e-05,-1.12764e-12,0.0272346,0.121884,0.031278,-0.203918,0.081742,0.213247,0.332031,-0.386729
IWM,DC20|chanexit,open,OOS (2008-),0.439118,-0.00152948,114,6.08305,0.473684,0.0402224,-0.0235335,0.00666667,-0.0038162,0.00567695,0.0438169,0.129561,1.38333,0.889922,4.65778,-0.122478,0.169149,18.1579,1.56879,0.392198,0.392198,0.00588821,0.0433957,0.126006,0.28855,-0.280352,0.086867,0.247618,0.403887,-0.542586
IWM,DC20|chanexit,close,IS (<2008),0.444212,-0.00695654,46,6.05241,0.391304,0.0436388,-0.0273631,0.00042022,-0.00540129,-0.0017744,0.0465476,-0.03812,-0.258543,1.24186,5.30855,-0.0908835,0.154991,18.4348,6.62681e-05,1.6567e-05,1.6567e-05,-1.76051e-12,0.0203284,0.122069,-0.023875,-0.29263,0.081742,0.213247,0.332031,-0.386729
IWM,DC20|chanexit,close,OOS (2008-),0.439118,-0.00121923,114,6.08305,0.491228,0.0402239,-0.0251228,0.00697731,-0.00161059,0.0059872,0.0452806,0.132224,1.41177,1.25157,6.11249,-0.0925279,0.204278,18.1579,1.58737,0.396843,0.396843,0.00626471,0.0453808,0.126712,0.302645,-0.291082,0.086867,0.247618,0.403887,-0.542586
IWM,DC20|T20,open,IS (<2008),0.597171,-0.00479162,57,7.49973,0.561404,0.0384866,-0.0419889,0.00319035,0.0165377,0.000830524,0.0486402,0.0170749,0.128912,-0.46361,2.55003,-0.105109,0.100301,20,0.177942,0.0444855,0.0444855,0.000121283,0.038122,0.147017,0.120615,-0.194907,0.081742,0.213247,0.332031,-0.386729
IWM,DC20|T20,open,OOS (2008-),0.572762,-0.00394676,135,7.20362,0.57037,0.0390667,-0.0401363,0.00503876,0.00655693,0.00399076,0.0609193,0.0655089,0.761145,-2.64605,18.065,-0.382463,0.135995,20,0.493937,0.123484,0.123484,0.00156974,0.0280011,0.16404,0.165329,-0.465815,0.086867,0.247618,0.403887,-0.542586
IWM,DC20|T20,close,IS (<2008),0.576218,-0.00604075,55,7.23658,0.6,0.0347157,-0.0471766,0.00195878,0.00916187,-0.000418607,0.0493203,-0.00848753,-0.0629452,-0.52998,2.73146,-0.111706,0.0941018,20,5.46697e-05,1.36674e-05,1.36674e-05,-1.61421e-12,0.0267334,0.146074,0.0449481,-0.183659,0.081742,0.213247,0.332031,-0.386729
IWM,DC20|T20,close,OOS (2008-),0.564277,-0.0021416,133,7.0969,0.548872,0.0457219,-0.0404225,0.00685974,0.00760907,0.00579592,0.0631322,0.091806,1.05876,-2.16527,15.0842,-0.39336,0.150981,20,0.655168,0.163792,0.163792,0.00298571,0.0402054,0.164491,0.237073,-0.453125,0.086867,0.247618,0.403887,-0.542586
IWM,DC20|T60,open,IS (<2008),0.785752,-0.00191092,25,3.28936,0.56,0.0768834,-0.0478814,0.0219869,0.00753774,0.0149555,0.0844955,0.176998,0.884988,0.435771,3.86051,-0.16546,0.244147,60,1.1196,0.2799,0.2799,0.00600308,0.0915832,0.172693,0.417201,-0.237241,0.081742,0.213247,0.332031,-0.386729
IWM,DC20|T60,open,OOS (2008-),0.809928,-0.00428588,64,3.41505,0.65625,0.0790316,-0.0851998,0.022577,0.0420777,0.0193902,0.100761,0.192438,1.5395,-0.854404,3.63281,-0.253488,0.192615,59.6562,0.889572,0.222393,0.222393,0.00650355,0.063958,0.206563,0.335807,-0.491484,0.086867,0.247618,0.403887,-0.542586
IWM,DC20|T60,close,IS (<2008),0.785752,-0.00296612,25,3.28936,0.64,0.0680552,-0.0625933,0.0210217,0.0177538,0.0139003,0.0833821,0.166706,0.83353,0.295131,3.1685,-0.152615,0.225231,60,1.05979,0.264947,0.264947,0.00528648,0.0913912,0.175381,0.412455,-0.232951,0.081742,0.213247,0.332031,-0.386729
IWM,DC20|T60,close,OOS (2008-),0.796988,-0.0101816,63,3.36169,0.634921,0.0764251,-0.0872089,0.0166857,0.0322407,0.013486,0.100502,0.134186,1.06507,-0.57876,3.21026,-0.254103,0.226773,59.6349,0.650455,0.162614,0.162614,0.00324029,0.0428718,0.212064,0.238147,-0.514827,0.086867,0.247618,0.403887,-0.542586
IWM,DC55|chanexit,open,IS (<2008),0.363541,0.000450361,22,2.89463,0.454545,0.0740403,-0.0381685,0.0128355,-0.0126479,0.00931801,0.0738367,0.126198,0.591919,1.53075,5.37989,-0.0657251,0.243717,31.5455,0.988703,0.247176,0.247176,0.00288038,0.0512177,0.105195,0.237599,-0.143453,0.081742,0.213247,0.332031,-0.386729
IWM,DC55|chanexit,open,OOS (2008-),0.421086,-0.00809326,64,3.41505,0.4375,0.0546208,-0.032067,0.00585895,-0.0104384,0.00421608,0.055575,0.075863,0.606904,1.2717,4.92009,-0.0962079,0.199886,31.0156,0.727325,0.181831,0.181831,0.00113867,0.0235494,0.119403,0.136842,-0.316302,0.086867,0.247618,0.403887,-0.542586
IWM,DC55|chanexit,close,IS (<2008),0.360398,0.00414289,21,2.76306,0.47619,0.0777354,-0.0381866,0.0170143,-0.00353382,0.0133525,0.076845,0.173759,0.796262,1.34531,4.88568,-0.0801098,0.246968,32.7619,1.3356,0.3339,0.3339,0.00530825,0.061554,0.105287,0.330405,-0.160222,0.081742,0.213247,0.332031,-0.386729
IWM,DC55|chanexit,close,OOS (2008-),0.420874,-0.00753212,64,3.41505,0.390625,0.0631055,-0.0299256,0.00641471,-0.0151953,0.00477103,0.056678,0.0841779,0.673423,1.48385,5.38001,-0.071012,0.217373,31,0.803266,0.200817,0.200817,0.00142041,0.0254971,0.120201,0.152552,-0.342896,0.086867,0.247618,0.403887,-0.542586
IWM,DC55|T20,open,IS (<2008),0.356207,-0.00275847,34,4.47352,0.529412,0.0427042,-0.0371365,0.00513209,0.00681442,0.00286367,0.0510302,0.0561171,0.327216,-0.150929,2.80614,-0.113378,0.115167,20,0.563726,0.140931,0.140931,0.000790294,0.038488,0.109221,0.121258,-0.246849,0.081742,0.213247,0.332031,-0.386729
IWM,DC55|T20,open,OOS (2008-),0.407297,-0.00377209,96,5.12257,0.541667,0.0329425,-0.0275982,0.00519464,0.00587158,0.00416542,0.0378706,0.109991,1.07769,0.154224,3.4804,-0.082225,0.135995,20,1.47401,0.368502,0.368502,0.00343766,0.0323344,0.116307,0.210836,-0.243006,0.086867,0.247618,0.403887,-0.542586
IWM,DC55|T20,close,IS (<2008),0.345731,-0.00796329,33,4.34195,0.575758,0.0354159,-0.0481709,-4.51644e-05,0.00313025,-0.00234115,0.0533299,-0.0438993,-0.252183,-0.103867,2.4368,-0.102842,0.102183,20,0,0,0,0,0.0144621,0.109145,-0.0930797,-0.247466,0.081742,0.213247,0.332031,-0.386729
IWM,DC55|T20,close,OOS (2008-),0.398812,-0.00310921,94,5.01585,0.510638,0.0356466,-0.0251829,0.00587895,0.000123594,0.00482831,0.0389558,0.123943,1.20168,0.662428,3.99968,-0.0664378,0.150981,20,1.66746,0.416864,0.416864,0.00439659,0.0352137,0.117088,0.233985,-0.28753,0.086867,0.247618,0.403887,-0.542586
IWM,DC55|T60,open,IS (<2008),0.597171,-0.0122268,19,2.49991,0.526316,0.0823371,-0.0680044,0.0111227,0.00585753,0.00463961,0.094147,0.0492806,0.214809,0.604219,3.15713,-0.139563,0.243717,60,0.280412,0.070103,0.070103,0.000355081,0.0398262,0.148155,0.131884,-0.243307,0.081742,0.213247,0.332031,-0.386729
IWM,DC55|T60,open,OOS (2008-),0.644463,-0.002888,51,2.72137,0.627451,0.0678107,-0.0497746,0.0240044,0.0318827,0.0207533,0.0739339,0.280701,2.00461,-0.0235566,3.01677,-0.15002,0.192615,59.5686,1.89217,0.473042,0.473042,0.0117058,0.0648682,0.155459,0.391569,-0.31896,0.086867,0.247618,0.403887,-0.542586
IWM,DC55|T60,close,IS (<2008),0.565741,-0.00608218,18,2.36834,0.555556,0.0872275,-0.0701263,0.0172925,0.0159883,0.0107842,0.0974408,0.110675,0.469553,0.488446,2.9183,-0.138371,0.246968,60,0.617208,0.154302,0.154302,0.00171839,0.0538764,0.146488,0.223322,-0.258698,0.081742,0.213247,0.332031,-0.386729
IWM,DC55|T60,close,OOS (2008-),0.644251,-0.00339762,51,2.72137,0.588235,0.0715671,-0.0451947,0.0234887,0.0161634,0.0202359,0.0749254,0.270081,1.92877,-0.0729037,2.89141,-0.164523,0.181269,59.549,1.78897,0.447243,0.447243,0.0107977,0.0631634,0.156804,0.379331,-0.33259,0.086867,0.247618,0.403887,-0.542586
DIA,DC20|chanexit,open,IS (<2008),0.429884,-0.00223416,59,5.93167,0.389831,0.0395198,-0.0185423,0.0040921,-0.00530083,0.00153675,0.0325653,0.0471897,0.362471,0.790901,2.67945,-0.0528968,0.0839365,18.2373,0.751139,0.187785,0.187785,0.000747155,0.0405699,0.0927252,0.1002,-0.135549,0.0734931,0.178492,0.291813,-0.3503
DIA,DC20|chanexit,open,OOS (2008-),0.493,-0.00122094,111,5.92297,0.540541,0.0298598,-0.0174012,0.00814527,0.00310174,0.00693799,0.0328259,0.211357,2.22678,0.726872,5.11311,-0.101122,0.132025,20.9369,3.39538,0.848845,0.848845,0.0151762,0.0529004,0.0853177,0.482079,-0.218341,0.0991525,0.188298,0.521511,-0.485569
DIA,DC20|chanexit,close,IS (<2008),0.429884,-0.00341399,59,5.93167,0.40678,0.0391962,-0.0219676,0.00291259,-0.00815926,0.000356918,0.0350864,0.0101726,0.0781369,0.812185,2.52775,-0.048419,0.0824641,18.2373,0.14807,0.0370174,0.0370174,3.42702e-05,0.033584,0.0957588,0.0297195,-0.172328,0.0734931,0.178492,0.291813,-0.3503
DIA,DC20|chanexit,close,OOS (2008-),0.493,-0.0017289,111,5.92297,0.558559,0.0271972,-0.0171107,0.00763782,0.00320256,0.00643003,0.030893,0.208139,2.19288,0.536813,4.73364,-0.0956439,0.1164,20.9369,3.48881,0.872201,0.872201,0.0144835,0.0504628,0.0868007,0.448637,-0.217258,0.0991525,0.188298,0.521511,-0.485569
DIA,DC20|T20,open,IS (<2008),0.5833,-0.00551299,73,7.33918,0.534247,0.0289714,-0.0302788,0.00137542,0.00550633,-0.00137761,0.0359981,-0.0382688,-0.326969,-0.195878,2.41317,-0.0814569,0.0750846,20,5.10097e-05,1.27524e-05,1.27524e-05,-7.62734e-13,0.0237381,0.110197,-0.0476014,-0.213858,0.0734931,0.178492,0.291813,-0.3503
DIA,DC20|T20,open,OOS (2008-),0.619431,-0.00024451,146,7.79058,0.684932,0.0252356,-0.0273264,0.00867498,0.0138123,0.0075493,0.0319947,0.235955,2.85105,-0.77029,4.69374,-0.11366,0.0902051,20,3.31388,0.828469,0.828469,0.0215823,0.071159,0.110284,0.551056,-0.249935,0.0991525,0.188298,0.521511,-0.485569
DIA,DC20|T20,close,IS (<2008),0.543348,-0.00390164,68,6.8365,0.558824,0.029365,-0.030415,0.00299144,0.0070648,0.000233742,0.0370698,0.00630544,0.051996,-0.101267,2.62341,-0.0862955,0.0798543,20,0.0862916,0.0215729,0.0215729,1.50824e-05,0.0377013,0.109092,0.075072,-0.178468,0.0734931,0.178492,0.291813,-0.3503
DIA,DC20|T20,close,OOS (2008-),0.593975,-0.00109194,140,7.47042,0.642857,0.0272005,-0.0270735,0.00781697,0.0123518,0.00670187,0.0345671,0.19388,2.29402,-1.31534,7.96792,-0.178181,0.0810279,20,2.40167,0.600418,0.600418,0.0133923,0.0612758,0.110469,0.466501,-0.21983,0.0991525,0.188298,0.521511,-0.485569
DIA,DC20|T60,open,IS (<2008),0.815022,-0.013435,34,3.41825,0.5,0.0578359,-0.0434776,0.00717918,0.00111862,-0.00102884,0.0699391,-0.0147104,-0.0857759,0.018583,3.52567,-0.154511,0.180379,60,0,0,0,0,0.0346677,0.155844,0.0734352,-0.375691,0.0734931,0.178492,0.291813,-0.3503
DIA,DC20|T60,open,OOS (2008-),0.801655,-0.00275898,63,3.36169,0.714286,0.0579637,-0.0613361,0.023878,0.0295854,0.0206163,0.0702134,0.293623,2.33056,-1.01415,4.08927,-0.193758,0.144387,59.9841,1.81416,0.453541,0.453541,0.013979,0.0772309,0.150826,0.475201,-0.413996,0.0991525,0.188298,0.521511,-0.485569
DIA,DC20|T60,close,IS (<2008),0.791051,-0.00892088,33,3.31771,0.636364,0.0482384,-0.0520728,0.0117616,0.01283,0.00348528,0.069335,0.0502672,0.288763,-0.190028,4.36875,-0.176014,0.189887,60,0.371465,0.0928663,0.0928663,0.000470141,0.0391232,0.156412,0.10122,-0.364674,0.0734931,0.178492,0.291813,-0.3503
DIA,DC20|T60,close,OOS (2008-),0.784472,-0.00342204,62,3.30833,0.709677,0.0573223,-0.0605745,0.0230942,0.0317045,0.0198211,0.0709054,0.279543,2.20112,-1.29094,5.5618,-0.243628,0.138693,59.6452,1.64318,0.410796,0.410796,0.0120347,0.0731222,0.153793,0.444254,-0.399568,0.0991525,0.188298,0.521511,-0.485569
DIA,DC55|chanexit,open,IS (<2008),0.383939,-0.0135075,34,3.41825,0.382353,0.0437918,-0.0330966,-0.0036981,-0.0149658,-0.0076632,0.0455374,-0.168284,-0.981253,0.631608,3.06936,-0.0968689,0.0957566,28.2647,0,0,0,0,0.00439808,0.0832098,-0.323337,-0.314575,0.0734931,0.178492,0.291813,-0.3503
DIA,DC55|chanexit,open,OOS (2008-),0.470938,-0.00855799,67,3.57513,0.477612,0.0369595,-0.0219222,0.00620037,-0.00182374,0.00435415,0.0385252,0.113021,0.925116,1.02515,3.5393,-0.0504417,0.114388,33.1343,1.57854,0.394634,0.394634,0.00266796,0.0272299,0.0796578,0.200575,-0.191748,0.0991525,0.188298,0.521511,-0.485569
DIA,DC55|chanexit,close,IS (<2008),0.38354,-0.0126971,34,3.41825,0.352941,0.043783,-0.0283605,-0.00289809,-0.0174728,-0.00685889,0.0398164,-0.172263,-1.00446,1.08486,3.25647,-0.0556948,0.0923738,28.2353,3.77077e-05,9.42692e-06,9.42692e-06,-2.33707e-13,0.00849004,0.0843783,-0.26959,-0.271978,0.0734931,0.178492,0.291813,-0.3503
DIA,DC55|chanexit,close,OOS (2008-),0.470301,-0.00788938,67,3.57513,0.552239,0.0354103,-0.028369,0.00685239,0.0030369,0.00500532,0.041667,0.120127,0.98328,0.850782,3.53222,-0.0680861,0.129669,33.0896,1.53789,0.384473,0.384473,0.00299118,0.0293089,0.0816983,0.222354,-0.183936,0.0991525,0.188298,0.521511,-0.485569
DIA,DC55|T20,open,IS (<2008),0.399521,-0.0112927,50,5.02684,0.52,0.0233151,-0.0340572,-0.00422358,0.0045688,-0.00715732,0.0376811,-0.189944,-1.34311,-0.306962,3.14666,-0.0930145,0.0826151,20,6.36217e-05,1.59054e-05,1.59054e-05,-8.84767e-13,-0.00478,0.0889721,-0.399976,-0.285397,0.0734931,0.178492,0.291813,-0.3503
DIA,DC55|T20,open,OOS (2008-),0.466695,-0.00210983,110,5.86961,0.681818,0.0213131,-0.02439,0.00677123,0.0118136,0.00568399,0.0265371,0.21419,2.24645,-0.749248,3.60309,-0.0743852,0.0697785,20,3.73,0.932501,0.932501,0.0137397,0.0463643,0.0808655,0.426984,-0.14825,0.0991525,0.188298,0.521511,-0.485569
DIA,DC55|T20,close,IS (<2008),0.375549,-0.00742337,47,4.72523,0.574468,0.0226348,-0.0314488,-0.000379481,0.0066853,-0.00328798,0.0331707,-0.0991231,-0.679554,-0.156369,2.85519,-0.0739271,0.0727355,20,0,0,0,0,0.0168301,0.0855983,-0.168346,-0.238355,0.0734931,0.178492,0.291813,-0.3503
DIA,DC55|T20,close,OOS (2008-),0.449724,-0.00170158,106,5.65617,0.698113,0.0216942,-0.0264657,0.0071554,0.011523,0.00609223,0.0277538,0.21951,2.25999,-0.930156,4.33172,-0.0985862,0.0688156,20,3.56048,0.890119,0.890119,0.0135868,0.0473667,0.0798,0.443632,-0.181993,0.0991525,0.188298,0.521511,-0.485569
DIA,DC55|T60,open,IS (<2008),0.623252,-0.021932,26,2.61396,0.576923,0.0460182,-0.0646229,-0.000791466,0.0141556,-0.00952584,0.0670328,-0.142107,-0.724607,-0.56194,2.71431,-0.165539,0.0915915,60,5.83388e-05,1.45847e-05,1.45847e-05,-1.20117e-12,0.00413176,0.131147,-0.167985,-0.361366,0.0734931,0.178492,0.291813,-0.3503
DIA,DC55|T60,open,OOS (2008-),0.695588,-0.00933499,55,2.93481,0.672727,0.0475243,-0.0452724,0.0171545,0.0215006,0.0138977,0.0576514,0.241064,1.78778,-1.01293,4.81054,-0.184151,0.107889,59.6182,1.85136,0.46284,0.46284,0.00838459,0.0509386,0.131553,0.336806,-0.37087,0.0991525,0.188298,0.521511,-0.485569
DIA,DC55|T60,close,IS (<2008),0.623252,-0.0196962,26,2.61396,0.538462,0.0506763,-0.0559955,0.00144317,0.0106105,-0.00729004,0.0665035,-0.109619,-0.558949,-0.542372,2.67733,-0.161367,0.0905102,60,5.56311e-05,1.39078e-05,1.39078e-05,-1.07508e-12,0.0101448,0.131617,-0.121557,-0.323888,0.0734931,0.178492,0.291813,-0.3503
DIA,DC55|T60,close,OOS (2008-),0.695163,-0.00813456,55,2.93481,0.690909,0.04731,-0.0464288,0.0183362,0.0220257,0.0150839,0.0571246,0.264053,1.95827,-0.776421,4.08718,-0.174984,0.106116,59.5818,2.07807,0.519516,0.519516,0.0101962,0.0546757,0.132267,0.362546,-0.380894,0.0991525,0.188298,0.521511,-0.485569
EFA,DC20|chanexit,open,IS (<2008),0.479297,-0.00476477,47,7.40585,0.340426,0.0455352,-0.0179405,0.00366823,-0.00350907,0.00185923,0.0381634,0.0487177,0.333992,1.41467,5.62356,-0.0561072,0.135222,16.2553,0.675007,0.168752,0.168752,0.00101232,0.0349257,0.0982589,0.126684,-0.149362,0.120938,0.174379,0.588773,-0.312951
EFA,DC20|chanexit,open,OOS (2008-),0.441239,-0.00222365,120,6.40321,0.425,0.0318231,-0.019094,0.00254579,-0.00476318,0.00155348,0.0390028,0.03983,0.436316,3.22261,19.8864,-0.0530548,0.265511,17.3333,0.548626,0.137157,0.137157,0.000592308,0.0192819,0.105715,0.100353,-0.240756,0.0463593,0.217426,0.252566,-0.583406
EFA,DC20|chanexit,close,IS (<2008),0.479297,-0.00472893,47,7.40585,0.404255,0.0372333,-0.0190467,0.00370476,-0.00575306,0.00189507,0.0380217,0.0498418,0.341698,1.33512,5.48399,-0.0641348,0.128216,16.2553,0.692191,0.173048,0.173048,0.00105828,0.0361272,0.0997336,0.137913,-0.154132,0.120938,0.174379,0.588773,-0.312951
EFA,DC20|chanexit,close,OOS (2008-),0.441239,-0.00241859,120,6.40321,0.375,0.0367672,-0.0182981,0.0023514,-0.00468958,0.00135854,0.0399248,0.0340275,0.372753,2.64053,15.2284,-0.0752032,0.249442,17.3333,0.449179,0.112295,0.112295,0.000425093,0.0180664,0.105116,0.0890159,-0.295681,0.0463593,0.217426,0.252566,-0.583406
EFA,DC20|T20,open,IS (<2008),0.652447,-0.00393222,52,8.1937,0.673077,0.0271341,-0.0360453,0.0064793,0.0172986,0.00421773,0.0357033,0.118133,0.851866,-0.966339,3.2718,-0.0901037,0.0582176,20,1.59325,0.398313,0.398313,0.00606085,0.0617113,0.118661,0.338989,-0.247597,0.120938,0.174379,0.588773,-0.312951
EFA,DC20|T20,open,OOS (2008-),0.560034,-5.36286e-05,132,7.04354,0.613636,0.0269941,-0.028781,0.00544464,0.00684511,0.00430461,0.0352732,0.122036,1.40209,-0.0587093,3.53368,-0.085927,0.110965,20,1.72747,0.431867,0.431867,0.00573364,0.0408183,0.122809,0.272695,-0.266121,0.0463593,0.217426,0.252566,-0.583406
EFA,DC20|T20,close,IS (<2008),0.6399,-0.000718553,51,8.03613,0.666667,0.0316455,-0.0342844,0.00966887,0.0188206,0.0074314,0.037677,0.19724,1.40857,-0.545894,2.59935,-0.0820822,0.0685732,20,2.52606,0.631514,0.631514,0.0165945,0.0892097,0.12014,0.549191,-0.233102,0.120938,0.174379,0.588773,-0.312951
EFA,DC20|T20,close,OOS (2008-),0.543063,0.00131997,128,6.83009,0.632812,0.0295205,-0.0322991,0.00682111,0.0105358,0.00567821,0.0406789,0.139586,1.57924,-0.109719,4.52863,-0.105157,0.144514,20,1.6967,0.424175,0.424175,0.00721204,0.0483133,0.123336,0.330237,-0.260196,0.0463593,0.217426,0.252566,-0.583406
EFA,DC20|T60,open,IS (<2008),0.790464,0.0121499,21,3.30899,0.761905,0.0687518,-0.0396773,0.0429354,0.0427758,0.0365997,0.0653229,0.560289,2.56757,0.415573,3.72546,-0.0802062,0.208036,60,4.57053,1.14263,1,0.0535899,0.149095,0.140317,0.870465,-0.189122,0.120938,0.174379,0.588773,-0.312951
EFA,DC20|T60,open,OOS (2008-),0.822656,0.00372584,65,3.46841,0.676923,0.0603766,-0.0641977,0.0201295,0.0258319,0.0167268,0.0815167,0.205195,1.65433,-0.00736005,4.37722,-0.204207,0.265511,59.6615,1.24735,0.311839,0.311839,0.00793465,0.0623081,0.172413,0.355491,-0.345782,0.0463593,0.217426,0.252566,-0.583406
EFA,DC20|T60,close,IS (<2008),0.790464,0.00540908,21,3.30899,0.619048,0.0871319,-0.0461827,0.0363454,0.032189,0.0298589,0.079812,0.374116,1.71441,0.417692,2.58472,-0.0761101,0.220903,60,2.6471,0.661774,0.661774,0.0282695,0.121224,0.141747,0.689755,-0.187539,0.120938,0.174379,0.588773,-0.312951
EFA,DC20|T60,close,OOS (2008-),0.796988,0.00517983,63,3.36169,0.666667,0.0638916,-0.0628764,0.0216356,0.0249791,0.018175,0.0809605,0.224492,1.78185,0.0823849,4.01891,-0.214544,0.249442,59.6349,1.38571,0.346427,0.346427,0.0092734,0.0661197,0.161283,0.390482,-0.302377,0.0463593,0.217426,0.252566,-0.583406
EFA,DC55|chanexit,open,IS (<2008),0.479925,0.0059423,20,3.15142,0.5,0.0799394,-0.0279548,0.0259923,0.0078217,0.0215291,0.0608764,0.353652,1.58158,0.495596,1.9653,-0.0553237,0.144222,38.25,3.39411,0.848526,0.848526,0.0247877,0.0920355,0.0949957,0.693228,-0.119269,0.120938,0.174379,0.588773,-0.312951
EFA,DC55|chanexit,open,OOS (2008-),0.386508,-0.00120857,56,2.98817,0.5,0.0480567,-0.0323203,0.00786819,-0.000434943,0.00588134,0.0490741,0.119846,0.896846,0.90929,3.6106,-0.0719056,0.161229,32.5357,1.3118,0.327951,0.327951,0.00250454,0.0283344,0.0941331,0.194543,-0.282288,0.0463593,0.217426,0.252566,-0.583406
EFA,DC55|chanexit,close,IS (<2008),0.477415,0.00499724,20,3.15142,0.5,0.0809292,-0.0310741,0.0249276,0.00809118,0.0205025,0.0647107,0.316833,1.41692,0.621785,2.18411,-0.0574373,0.161461,38.05,2.88367,0.720917,0.720917,0.0200474,0.088166,0.0955944,0.652289,-0.118509,0.120938,0.174379,0.588773,-0.312951
EFA,DC55|chanexit,close,OOS (2008-),0.382902,0.000578853,55,2.93481,0.563636,0.0435683,-0.0339237,0.00975362,0.0106148,0.00773032,0.0486577,0.158871,1.17822,0.67073,3.4756,-0.085706,0.149496,32.8182,1.74536,0.436341,0.436341,0.00430381,0.0338337,0.0940764,0.251306,-0.302932,0.0463593,0.217426,0.252566,-0.583406
EFA,DC55|T20,open,IS (<2008),0.501882,0.0035934,40,6.30285,0.675,0.033185,-0.025473,0.0141211,0.0186712,0.0117433,0.0346162,0.339245,2.14557,-0.232915,2.72801,-0.0676655,0.0869729,20,4.75036,1.18759,1,0.033236,0.101611,0.100994,0.744289,-0.106475,0.120938,0.174379,0.588773,-0.312951
EFA,DC55|T20,open,OOS (2008-),0.386084,-0.00339929,91,4.85577,0.615385,0.0247898,-0.0338329,0.00224258,0.00880522,0.000958945,0.038793,0.0247195,0.235809,-1.41966,6.30895,-0.153877,0.0713265,20,0.316453,0.0791133,0.0791133,0.000161508,0.0150567,0.0983139,0.0581654,-0.437796,0.0463593,0.217426,0.252566,-0.583406
EFA,DC55|T20,close,IS (<2008),0.464241,0.00601471,37,5.83013,0.648649,0.0373687,-0.0220097,0.0165061,0.0171128,0.0141647,0.0362186,0.391088,2.37889,0.301383,2.71647,-0.042872,0.10772,20,5.78305,1.44576,1,0.037497,0.110959,0.0984124,0.847089,-0.0916223,0.120938,0.174379,0.588773,-0.312951
EFA,DC55|T20,close,OOS (2008-),0.381841,-0.00169804,90,4.80241,0.655556,0.024627,-0.0355126,0.00391225,0.00918849,0.0026602,0.0372015,0.0715078,0.678382,-1.08755,4.39061,-0.123877,0.0673212,20,0.933938,0.233485,0.233485,0.001311,0.0237264,0.102123,0.142975,-0.407103,0.0463593,0.217426,0.252566,-0.583406
EFA,DC55|T60,open,IS (<2008),0.6399,0.0135328,17,2.67871,0.705882,0.0812909,-0.0431905,0.0446787,0.0549869,0.0379826,0.0686494,0.553285,2.28125,-0.131054,2.04052,-0.0802062,0.150119,60,4.14591,1.03648,1,0.0446158,0.128227,0.119557,0.845768,-0.117347,0.120938,0.174379,0.588773,-0.312951
EFA,DC55|T60,open,OOS (2008-),0.603097,0.00494691,48,2.56129,0.666667,0.0587598,-0.053126,0.0214646,0.0307802,0.0178536,0.0663445,0.269105,1.86442,-0.869446,4.39207,-0.204207,0.161229,59.2292,1.80146,0.450366,0.450366,0.00914483,0.0552755,0.142124,0.350939,-0.345782,0.0463593,0.217426,0.252566,-0.583406
EFA,DC55|T60,close,IS (<2008),0.6399,0.00953081,17,2.67871,0.647059,0.0870598,-0.044416,0.0406566,0.0472997,0.0339807,0.0748696,0.453865,1.87133,-0.0424526,1.90423,-0.0761101,0.161461,60,3.21634,0.804086,0.804086,0.0318803,0.115489,0.122389,0.736143,-0.128804,0.120938,0.174379,0.588773,-0.312951
EFA,DC55|T60,close,OOS (2008-),0.577429,0.00373972,46,2.45457,0.652174,0.0614288,-0.056558,0.0203899,0.0373472,0.0166344,0.0706455,0.235463,1.59699,-1.02772,4.73115,-0.229286,0.149496,59.1739,1.48423,0.371057,0.371057,0.00672769,0.0495544,0.141362,0.313704,-0.342578,0.0463593,0.217426,0.252566,-0.583406
EEM,DC20|chanexit,open,IS (<2008),0.570707,-0.0157634,28,5.93558,0.535714,0.074869,-0.0457225,0.0188801,0.00210437,0.0158366,0.0769675,0.205757,1.08876,0.875381,3.36748,-0.0864554,0.234594,24.2143,1.51554,0.378885,0.378885,0.0153987,0.111793,0.157336,0.560374,-0.217648,0.389712,0.244048,1.34744,-0.262376
EEM,DC20|chanexit,open,OOS (2008-),0.401146,2.94508e-06,108,5.76289,0.435185,0.042536,-0.023445,0.00526896,-0.00522708,0.00421768,0.0569396,0.074073,0.769789,4.83441,36.5565,-0.0559818,0.449782,17.5093,0.784986,0.196246,0.196246,0.00204035,0.0304902,0.128149,0.188505,-0.295628,0.0371442,0.277219,0.218817,-0.64283
EEM,DC20|chanexit,close,IS (<2008),0.564815,-0.0148672,26,5.51161,0.5,0.0840051,-0.0399194,0.0220429,0.00612688,0.0188122,0.0799737,0.23523,1.19944,0.620517,3.42052,-0.13027,0.237883,25.8077,1.62475,0.406188,0.406188,0.0182746,0.122995,0.159197,0.618793,-0.248689,0.389712,0.244048,1.34744,-0.262376
EEM,DC20|chanexit,close,OOS (2008-),0.400933,-0.00161152,108,5.76289,0.435185,0.0411717,-0.0252582,0.00365114,-0.00697069,0.00260099,0.0537857,0.0483584,0.502555,3.81483,25.4304,-0.0598815,0.382662,17.5,0.497201,0.1243,0.1243,0.000806038,0.0218907,0.128606,0.123156,-0.398026,0.0371442,0.277219,0.218817,-0.64283
EEM,DC20|T20,open,IS (<2008),0.656566,-0.0108665,39,8.26741,0.692308,0.0475252,-0.049505,0.0176697,0.0256728,0.0152338,0.0579945,0.262676,1.64041,-0.561004,3.54294,-0.131957,0.148545,20,2.12583,0.531457,0.531457,0.0295546,0.15985,0.184608,0.731867,-0.218351,0.389712,0.244048,1.34744,-0.262376
EEM,DC20|T20,open,OOS (2008-),0.501485,0.00546477,119,6.34985,0.613445,0.0376223,-0.0301778,0.0114138,0.00959129,0.0102467,0.0443635,0.230971,2.5196,0.58173,4.52183,-0.0840781,0.186801,19.8655,2.73959,0.684896,0.684896,0.0193843,0.0756158,0.144072,0.48018,-0.28686,0.0371442,0.277219,0.218817,-0.64283
EEM,DC20|T20,close,IS (<2008),0.639731,-0.00899701,38,8.05543,0.710526,0.0483588,-0.0512227,0.0195326,0.0334516,0.0171033,0.0561856,0.304406,1.87649,-0.931845,3.42876,-0.123012,0.121318,20,2.41229,0.603074,0.603074,0.0368797,0.176581,0.176713,0.837728,-0.192852,0.389712,0.244048,1.34744,-0.262376
EEM,DC20|T20,close,OOS (2008-),0.488545,0.00292772,116,6.18977,0.525862,0.0419015,-0.0277057,0.0088981,0.00472166,0.00770674,0.0451571,0.170665,1.83812,0.495704,3.55364,-0.105592,0.160141,19.8534,1.97094,0.492736,0.492736,0.0102378,0.0571621,0.14638,0.356714,-0.310122,0.0371442,0.277219,0.218817,-0.64283
EEM,DC20|T60,open,IS (<2008),0.909091,-0.0213289,18,3.81573,0.722222,0.112247,-0.0605087,0.0642594,0.100215,0.0569719,0.0994693,0.572759,2.43001,-0.527533,2.37946,-0.13856,0.199768,60,2.62574,0.656434,0.656434,0.0630905,0.251006,0.232466,0.949977,-0.263293,0.389712,0.244048,1.34744,-0.262376
EEM,DC20|T60,open,OOS (2008-),0.770471,0.00465199,61,3.25497,0.639344,0.0787554,-0.0774396,0.0224228,0.017398,0.0189844,0.108124,0.17558,1.37132,0.920971,6.16311,-0.222013,0.449782,59.541,0.875557,0.218889,0.218889,0.00587441,0.0596173,0.20074,0.318714,-0.382022,0.0371442,0.277219,0.218817,-0.64283
EEM,DC20|T60,close,IS (<2008),0.909091,-0.0167933,18,3.81573,0.777778,0.115689,-0.0962308,0.0685958,0.0870622,0.0615075,0.104753,0.587169,2.49115,-0.664106,2.35207,-0.144748,0.197191,60,2.51012,0.627529,0.627529,0.0651986,0.299078,0.225008,1.14158,-0.262376,0.389712,0.244048,1.34744,-0.262376
EEM,DC20|T60,close,OOS (2008-),0.757531,0.00185457,60,3.20161,0.616667,0.0767064,-0.0722246,0.0196161,0.0122342,0.0161811,0.10115,0.159972,1.23914,0.704094,5.16033,-0.243212,0.382662,59.5167,0.837545,0.209386,0.209386,0.00472154,0.0514811,0.197278,0.281767,-0.409553,0.0371442,0.277219,0.218817,-0.64283
EEM,DC55|chanexit,open,IS (<2008),0.573232,-0.0187716,18,3.81573,0.611111,0.0804595,-0.0360436,0.0351527,0.0173599,0.0306014,0.0732844,0.41757,1.7716,0.372179,2.08945,-0.0847068,0.168703,37.8333,3.27455,0.818637,0.818637,0.0412412,0.144532,0.158258,0.741504,-0.169334,0.389712,0.244048,1.34744,-0.262376
EEM,DC55|chanexit,open,OOS (2008-),0.352991,-0.00219387,53,2.82809,0.490566,0.0419253,-0.0261203,0.00726055,-0.00137983,0.00536366,0.0544942,0.0984263,0.716554,1.58003,6.85908,-0.109203,0.192399,31.3962,0.991998,0.248,0.248,0.00163068,0.025439,0.11444,0.153857,-0.255878,0.0371442,0.277219,0.218817,-0.64283
EEM,DC55|chanexit,close,IS (<2008),0.573232,-0.0116812,18,3.81573,0.611111,0.0859262,-0.0263908,0.0422474,0.0193891,0.0376918,0.0734472,0.513182,2.17725,0.22739,2.37041,-0.101644,0.178571,37.8333,3.78696,0.946739,0.946739,0.0591119,0.175181,0.161706,0.892533,-0.173818,0.389712,0.244048,1.34744,-0.262376
EEM,DC55|chanexit,close,OOS (2008-),0.352779,-0.00188022,53,2.82809,0.45283,0.0482213,-0.026077,0.00756754,-0.00485241,0.00567278,0.0540645,0.104926,0.763873,1.18266,5.82244,-0.117658,0.177711,31.3774,1.04697,0.261743,0.261743,0.0018243,0.0265099,0.115326,0.162613,-0.262936,0.0371442,0.277219,0.218817,-0.64283
EEM,DC55|T20,open,IS (<2008),0.555556,-0.0155512,33,6.9955,0.727273,0.042229,-0.0649353,0.0130023,0.0256728,0.0105491,0.0601147,0.175483,1.00807,-1.13055,3.97235,-0.146293,0.105536,20,1.36181,0.340453,0.340453,0.0111125,0.0952517,0.163449,0.45348,-0.191013,0.389712,0.244048,1.34744,-0.262376
EEM,DC55|T20,open,OOS (2008-),0.33602,0.00202853,80,4.26881,0.6,0.0341767,-0.0311633,0.0080407,0.0134476,0.00679468,0.042381,0.160324,1.43398,-0.268546,5.31456,-0.141315,0.156016,19.8,1.83885,0.459712,0.459712,0.00586069,0.0400234,0.111208,0.28208,-0.275459,0.0371442,0.277219,0.218817,-0.64283
EEM,DC55|T20,close,IS (<2008),0.555556,-0.0128159,33,6.9955,0.69697,0.0476297,-0.0576294,0.015733,0.038124,0.0132843,0.0588607,0.225691,1.2965,-1.14667,3.34924,-0.123012,0.0885501,20,1.74838,0.437096,0.437096,0.0180027,0.116773,0.169793,0.557453,-0.227568,0.389712,0.244048,1.34744,-0.262376
EEM,DC55|T20,close,OOS (2008-),0.318838,0.00132786,76,4.05537,0.592105,0.0341757,-0.0316528,0.00732461,0.0103323,0.00608831,0.0428905,0.14195,1.23749,-0.257742,3.77646,-0.108229,0.136543,19.7763,1.63365,0.408414,0.408414,0.00442415,0.035679,0.111208,0.244371,-0.259916,0.0371442,0.277219,0.218817,-0.64283
EEM,DC55|T60,open,IS (<2008),0.808081,-0.0358527,16,3.39176,0.75,0.0926447,-0.0787284,0.0498014,0.0671239,0.0424481,0.0900233,0.471524,1.88609,-0.659242,2.6707,-0.13856,0.168703,60,2.39308,0.59827,0.59827,0.0381809,0.171308,0.217161,0.697843,-0.262376,0.389712,0.244048,1.34744,-0.262376
EEM,DC55|T60,open,OOS (2008-),0.522698,0.0126707,42,2.24112,0.642857,0.0749892,-0.0501744,0.0302879,0.0278034,0.0267927,0.078368,0.341883,2.21565,0.36017,2.80703,-0.10966,0.222375,58.6667,2.33685,0.584212,0.584212,0.0152321,0.0693137,0.147654,0.432404,-0.237519,0.0371442,0.277219,0.218817,-0.64283
EEM,DC55|T60,close,IS (<2008),0.808081,-0.0296236,16,3.39176,0.8125,0.0879581,-0.0822897,0.0560366,0.0658154,0.0486772,0.0879006,0.553775,2.2151,-0.335759,2.32215,-0.113475,0.178571,60,3.04322,0.760805,0.760805,0.0552452,0.196114,0.220726,0.785084,-0.262376,0.389712,0.244048,1.34744,-0.262376
EEM,DC55|T60,close,OOS (2008-),0.509758,0.0137598,41,2.18776,0.707317,0.0684907,-0.0581634,0.0314212,0.03229,0.0278681,0.0763268,0.365115,2.33788,0.160076,2.89905,-0.13323,0.197843,58.6098,2.45638,0.614096,0.614096,0.01634,0.0706512,0.146464,0.443271,-0.265551,0.0371442,0.277219,0.218817,-0.64283
XLB,DC20|chanexit,close,IS (<2008),0.412517,-0.00757079,55,6.09304,0.418182,0.0444379,-0.0304087,0.000890811,-0.0109706,-0.00128889,0.0495502,-0.0260117,-0.192908,1.70371,7.27941,-0.0645791,0.212858,17.0182,5.77888e-05,1.44472e-05,1.44472e-05,-1.53283e-12,0.0184632,0.13263,-0.0478948,-0.273226,0.10506,0.230662,0.403173,-0.375612
XLB,DC20|chanexit,close,OOS (2008-),0.41154,-0.00111108,112,5.97633,0.464286,0.0375975,-0.0223567,0.0054792,-0.00178796,0.00451924,0.048229,0.0937038,0.991668,2.8491,17.7495,-0.0962897,0.312842,17.3214,1.11058,0.277646,0.277646,0.0032305,0.0351855,0.118304,0.232533,-0.267497,0.0700528,0.237573,0.344773,-0.598248
XLB,DC20|T20,close,IS (<2008),0.546496,-0.0082492,62,6.86852,0.548387,0.0412073,-0.04627,0.00170144,0.00692356,-0.000866618,0.0568718,-0.0152381,-0.119985,0.506857,4.28603,-0.131287,0.203579,20,0,0,0,0,0.0227719,0.158979,0.0108099,-0.304171,0.10506,0.230662,0.403173,-0.375612
XLB,DC20|T20,close,OOS (2008-),0.526092,-0.00102311,124,6.61665,0.532258,0.0402541,-0.0317747,0.00656322,0.00517416,0.00547787,0.0477107,0.114814,1.27852,-0.366908,4.23815,-0.151532,0.137141,20,1.17971,0.294927,0.294927,0.00469148,0.0436867,0.139949,0.275051,-0.287603,0.0700528,0.237573,0.344773,-0.598248
XLB,DC20|T60,close,IS (<2008),0.793301,-0.00740523,30,3.32348,0.533333,0.0911154,-0.0556619,0.0226193,0.034337,0.0147425,0.0862984,0.170832,0.935683,0.0646709,2.02384,-0.130737,0.194101,60,1.02964,0.257411,0.257411,0.0055108,0.0727701,0.205149,0.281787,-0.341532,0.10506,0.230662,0.403173,-0.375612
XLB,DC20|T60,close,OOS (2008-),0.759864,-0.00177057,60,3.20161,0.616667,0.0761984,-0.067721,0.0210293,0.026471,0.0176349,0.0965683,0.182615,1.41453,-0.166144,4.58374,-0.27741,0.312842,59.7,0.927826,0.231957,0.231957,0.00575203,0.057146,0.183309,0.318389,-0.467834,0.0700528,0.237573,0.344773,-0.598248
XLB,DC55|chanexit,close,IS (<2008),0.349934,-0.0150901,28,3.10191,0.357143,0.0685863,-0.0397205,-0.0010395,-0.0183746,-0.00462262,0.0622313,-0.0742813,-0.39306,0.70382,2.94747,-0.101062,0.145706,28.3571,5.12535e-05,1.28134e-05,1.28134e-05,-9.50935e-13,0.0132511,0.121932,-0.105368,-0.346718,0.10506,0.230662,0.403173,-0.375612
XLB,DC55|chanexit,close,OOS (2008-),0.380569,-0.0142163,60,3.20161,0.366667,0.0464081,-0.0317259,-0.00307673,-0.0127223,-0.00449733,0.0492447,-0.0913262,-0.70741,1.06513,4.07258,-0.0994568,0.138804,29.9,0,0,0,0,-0.00415326,0.111048,-0.108505,-0.426604,0.0700528,0.237573,0.344773,-0.598248
XLB,DC55|T20,close,IS (<2008),0.343764,-0.00519133,39,4.32052,0.538462,0.0448998,-0.042243,0.00468006,0.00757386,0.00219125,0.0616237,0.0355585,0.222063,1.73473,8.96866,-0.101499,0.263248,20,0.305242,0.0763105,0.0763105,0.00031492,0.0359908,0.120449,0.0760452,-0.20847,0.10506,0.230662,0.403173,-0.375612
XLB,DC55|T20,close,OOS (2008-),0.369113,-0.0088487,87,4.64233,0.482759,0.0341105,-0.0345001,-0.00137773,-0.00164181,-0.00234772,0.0446615,-0.052567,-0.490312,-0.15052,3.7734,-0.119343,0.140853,20,5.85872e-05,1.46468e-05,1.46468e-05,-9.81831e-13,-0.00149194,0.112512,-0.0819385,-0.363089,0.0700528,0.237573,0.344773,-0.598248
XLB,DC55|T60,close,IS (<2008),0.608197,-0.0187081,23,2.548,0.652174,0.0692903,-0.098897,0.0107903,0.0478243,0.00343962,0.0947529,0.036301,0.174093,-0.531858,2.71091,-0.19402,0.197685,60,0.198266,0.0495664,0.0495664,0.000190275,0.0356261,0.171601,0.0947816,-0.387262,0.10506,0.230662,0.403173,-0.375612
XLB,DC55|T60,close,OOS (2008-),0.598218,-0.00294233,47,2.50793,0.659574,0.0580711,-0.0548062,0.0196447,0.0169077,0.0165606,0.0740778,0.223557,1.53263,-1.00413,4.44463,-0.197502,0.138804,60,1.36418,0.341045,0.341045,0.00627926,0.0496176,0.145316,0.309176,-0.292195,0.0700528,0.237573,0.344773,-0.598248
XLE,DC20|chanexit,close,IS (<2008),0.436316,-0.00709284,53,5.87147,0.377358,0.0642539,-0.0286362,0.00641664,-0.0100139,0.00388707,0.056418,0.0688977,0.501583,1.21825,4.18241,-0.0784129,0.184292,18.6792,0.649282,0.16232,0.16232,0.00161234,0.0535492,0.140579,0.203477,-0.417036,0.164026,0.243365,0.608593,-0.415325
XLE,DC20|chanexit,close,OOS (2008-),0.392872,-0.00212503,113,6.02969,0.433628,0.0560612,-0.035098,0.0044312,-0.00671921,0.00355026,0.0629777,0.0563733,0.599257,1.42413,6.85379,-0.142428,0.306163,16.3894,0.469429,0.117357,0.117357,0.00109395,0.024394,0.161434,0.142877,-0.428355,0.05646,0.303741,0.287286,-0.712628
XLE,DC20|T20,close,IS (<2008),0.546496,-0.00376278,62,6.86852,0.564516,0.0476777,-0.0372262,0.0107034,0.0095015,0.00799349,0.0518764,0.154087,1.21328,0.143794,2.53272,-0.0983083,0.136096,20,1.52201,0.380504,0.380504,0.00912684,0.0879951,0.16476,0.391344,-0.307674,0.164026,0.243365,0.608593,-0.415325
XLE,DC20|T20,close,OOS (2008-),0.540518,-0.00132639,128,6.83009,0.578125,0.0499535,-0.0525037,0.00672936,0.00727554,0.00556672,0.0662574,0.0840166,0.950539,-0.0491636,3.08322,-0.15654,0.182064,19.9062,0.636488,0.159122,0.159122,0.00264784,0.0379483,0.197968,0.216277,-0.48304,0.05646,0.303741,0.287286,-0.712628
XLE,DC20|T60,close,IS (<2008),0.793301,-0.01486,30,3.32348,0.7,0.0617311,-0.0498109,0.0282685,0.0176648,0.0204088,0.0752006,0.271392,1.48647,0.551963,3.43034,-0.0935636,0.219107,60,1.97651,0.494127,0.494127,0.0145446,0.102219,0.204973,0.414224,-0.252886,0.164026,0.243365,0.608593,-0.415325
XLE,DC20|T60,close,OOS (2008-),0.774289,-0.00137666,61,3.25497,0.57377,0.101865,-0.0835563,0.0228329,0.0256979,0.0193433,0.12872,0.150275,1.17368,-0.691322,6.18781,-0.492038,0.315999,59.8361,0.551965,0.137991,0.137991,0.0038329,0.048978,0.240427,0.261594,-0.687028,0.05646,0.303741,0.287286,-0.712628
XLE,DC55|chanexit,close,IS (<2008),0.379462,-0.011913,29,3.21269,0.37931,0.0933959,-0.0415366,0.00964474,-0.0164982,0.005539,0.0791173,0.07001,0.377015,1.0325,2.98531,-0.103422,0.18655,29.6897,0.475779,0.118945,0.118945,0.000921739,0.054932,0.13211,0.217713,-0.203794,0.164026,0.243365,0.608593,-0.415325
XLE,DC55|chanexit,close,OOS (2008-),0.342597,0.00430375,53,2.82809,0.433962,0.094547,-0.0436194,0.0163396,-0.0153433,0.0148554,0.0981778,0.151312,1.10157,1.6378,5.90364,-0.169035,0.328986,30.4717,0.889201,0.2223,0.2223,0.00402183,0.0447195,0.140541,0.281716,-0.303376,0.05646,0.303741,0.287286,-0.712628
XLE,DC55|T20,close,IS (<2008),0.379022,-0.0106718,43,4.76365,0.534884,0.046922,-0.0459501,0.0037257,0.00910762,0.00108443,0.0573522,0.0189083,0.12399,0.209078,2.73349,-0.122244,0.144945,20,0.169096,0.0422739,0.0422739,9.55188e-05,0.0463095,0.133181,0.155429,-0.170246,0.164026,0.243365,0.608593,-0.415325
XLE,DC55|T20,close,OOS (2008-),0.324989,0.0022016,77,4.10873,0.532468,0.0596408,-0.0463614,0.0100813,0.0112614,0.00909119,0.0699304,0.130003,1.14078,-0.109795,4.11294,-0.20714,0.216461,19.8961,0.926713,0.231678,0.231678,0.00379267,0.0422728,0.144426,0.261843,-0.305916,0.05646,0.303741,0.287286,-0.712628
XLE,DC55|T60,close,IS (<2008),0.687528,-0.0095193,26,2.88035,0.615385,0.0774461,-0.03585,0.0338707,0.00725353,0.0257495,0.0832346,0.309361,1.57744,0.338779,2.66067,-0.137351,0.18655,60,2.00062,0.500156,0.500156,0.0161354,0.114401,0.190888,0.487784,-0.238898,0.164026,0.243365,0.608593,-0.415325
XLE,DC55|T60,close,OOS (2008-),0.567034,-0.00641019,45,2.40121,0.622222,0.0913681,-0.105456,0.0170125,0.0292549,0.0141587,0.145538,0.0972859,0.652613,-1.33481,8.75266,-0.593806,0.328986,59.4,0.31722,0.0793049,0.0793049,0.00118984,0.0170688,0.201429,0.116609,-0.77538,0.05646,0.303741,0.287286,-0.712628
XLF,DC20|chanexit,close,IS (<2008),0.39004,-0.00121183,54,5.98226,0.518519,0.0279207,-0.0230605,0.00337421,0.000687568,0.0012028,0.0352331,0.0341383,0.250864,1.07,4.26924,-0.0562747,0.115895,16.3889,0.502695,0.125674,0.125674,0.000394751,0.0375597,0.116632,0.0874835,-0.148198,0.0445828,0.232404,0.159674,-0.366444
XLF,DC20|chanexit,close,OOS (2008-),0.453543,0.000359225,112,5.97633,0.571429,0.0380361,-0.0304008,0.00870601,0.00638071,0.00760234,0.054333,0.139921,1.48079,2.50341,14.9336,-0.106826,0.340088,19.0893,1.51874,0.379685,0.379685,0.0074018,0.0525906,0.151989,0.320032,-0.370491,0.0659182,0.303001,0.315562,-0.783018
XLF,DC20|T20,close,IS (<2008),0.49361,-0.00276874,56,6.20382,0.517857,0.0336727,-0.0303591,0.00280022,0.00248927,0.000177926,0.0430325,0.0041347,0.0309413,0.0774043,3.31769,-0.0965401,0.115058,20,0.048922,0.0122305,0.0122305,5.9063e-06,0.0356287,0.138329,0.080441,-0.245497,0.0445828,0.232404,0.159674,-0.366444
XLF,DC20|T20,close,OOS (2008-),0.551549,-0.000417818,130,6.93682,0.592308,0.0428795,-0.0417989,0.00835673,0.0112018,0.00717085,0.0599218,0.11967,1.36445,-0.173596,7.15043,-0.243232,0.244689,20,0.978115,0.244529,0.244529,0.00533967,0.0525986,0.179451,0.29665,-0.515457,0.0659182,0.303001,0.315562,-0.783018
XLF,DC20|T60,close,IS (<2008),0.740414,-0.011792,28,3.10191,0.571429,0.0513656,-0.0570655,0.00489511,0.00519583,-0.00295201,0.0715691,-0.041247,-0.218259,-0.115795,3.27696,-0.140257,0.175774,60,3.66512e-05,9.16279e-06,9.16279e-06,-6.43149e-13,0.0167066,0.186981,0.00311066,-0.330005,0.0445828,0.232404,0.159674,-0.366444
XLF,DC20|T60,close,OOS (2008-),0.80017,-0.00760616,63,3.36169,0.634921,0.0748921,-0.0793289,0.0185892,0.0180984,0.0151117,0.104035,0.145255,1.15293,-0.281041,5.32362,-0.330076,0.340088,59.873,0.683726,0.170931,0.170931,0.00381501,0.0474358,0.235525,0.254313,-0.584543,0.0659182,0.303001,0.315562,-0.783018
XLF,DC55|chanexit,close,IS (<2008),0.358308,-0.0230734,29,3.21269,0.275862,0.0496358,-0.039964,-0.0152468,-0.0254067,-0.018943,0.0479724,-0.394873,-2.12646,0.597225,2.92929,-0.0895594,0.0965008,28.0345,0,0,0,0,-0.0312298,0.110291,-0.53534,-0.466287,0.0445828,0.232404,0.159674,-0.366444
XLF,DC55|chanexit,close,OOS (2008-),0.403903,-0.0117457,63,3.36169,0.380952,0.0633513,-0.0367118,0.0014075,-0.0122687,-0.000278355,0.0601171,-0.00463021,-0.0367511,0.876672,3.27756,-0.110676,0.16237,30.2222,0,0,0,0,0.00719682,0.124241,0.00666638,-0.30351,0.0659182,0.303001,0.315562,-0.783018
XLF,DC55|T20,close,IS (<2008),0.343764,-0.00920978,39,4.32052,0.461538,0.0316226,-0.0339363,-0.00367833,-0.00212951,-0.00626311,0.0450165,-0.139129,-0.868862,-0.615384,3.9504,-0.128554,0.0884906,20,0,0,0,0,0.001907,0.110289,-0.23063,-0.369717,0.0445828,0.232404,0.159674,-0.366444
XLF,DC55|T20,close,OOS (2008-),0.377599,-0.00441688,89,4.74905,0.573034,0.0376035,-0.0402914,0.004345,0.00971835,0.00317179,0.0602628,0.0526327,0.496536,-2.01945,15.0035,-0.346119,0.174118,20,0.416773,0.104193,0.104193,0.000691327,0.0198756,0.13203,0.10889,-0.523515,0.0659182,0.303001,0.315562,-0.783018
XLF,DC55|T60,close,IS (<2008),0.581754,-0.0217178,22,2.43722,0.5,0.0490209,-0.0588507,-0.00491487,0.00039614,-0.0128778,0.0697531,-0.18462,-0.865944,-0.183323,2.42284,-0.132878,0.128725,60,0,0,0,0,-0.00366129,0.157821,-0.156094,-0.426272,0.0445828,0.232404,0.159674,-0.366444
XLF,DC55|T60,close,OOS (2008-),0.623674,-0.00576635,49,2.61465,0.714286,0.0614833,-0.0829005,0.0202308,0.0198889,0.0169997,0.0895296,0.189877,1.32914,-0.814594,4.55646,-0.278419,0.185979,60,0.988071,0.247018,0.247018,0.00485215,0.0486858,0.191878,0.270365,-0.456428,0.0659182,0.303001,0.315562,-0.783018
XLI,DC20|chanexit,close,IS (<2008),0.416042,-0.00669602,53,5.87147,0.358491,0.04182,-0.023769,-0.000255922,-0.0119079,-0.00265052,0.0381462,-0.0694833,-0.505846,1.29596,4.22534,-0.0533252,0.119636,17.8113,0,0,0,0,0.0135918,0.101186,-0.146411,-0.201001,0.0740517,0.195971,0.291971,-0.435192
XLI,DC20|chanexit,close,OOS (2008-),0.448664,-0.00334412,114,6.08305,0.429825,0.0461782,-0.0250547,0.00556292,-0.00563055,0.0045275,0.0457943,0.0988658,1.0556,0.831926,4.40189,-0.106708,0.177249,18.5526,1.13084,0.282709,0.282709,0.00339055,0.0358885,0.110832,0.246675,-0.211372,0.102246,0.217192,0.492277,-0.605563
XLI,DC20|T20,close,IS (<2008),0.520053,-0.00504588,59,6.53617,0.525424,0.0351054,-0.0342609,0.00218582,0.00148658,-0.000503264,0.0448272,-0.0112267,-0.0862342,0.297788,3.6724,-0.0916592,0.146468,20,0,0,0,0,0.0323135,0.120526,0.0467499,-0.256073,0.0740517,0.195971,0.291971,-0.435192
XLI,DC20|T20,close,OOS (2008-),0.568519,-0.00200194,134,7.15026,0.589552,0.0377093,-0.035755,0.00755604,0.00875811,0.00648377,0.0518789,0.124979,1.44674,-1.69621,12.9717,-0.315372,0.134027,20,1.06312,0.265779,0.265779,0.0054734,0.0513959,0.136821,0.33222,-0.409225,0.102246,0.217192,0.492277,-0.605563
XLI,DC20|T60,close,IS (<2008),0.766858,-0.00113632,29,3.21269,0.586207,0.0660047,-0.0441341,0.02043,0.00426275,0.0124915,0.0777255,0.160713,0.865468,0.799595,3.65883,-0.112445,0.239398,60,1.13726,0.284316,0.284316,0.00495331,0.0764722,0.154762,0.33741,-0.297988,0.0740517,0.195971,0.291971,-0.435192
XLI,DC20|T60,close,OOS (2008-),0.771532,-0.00627721,61,3.25497,0.721311,0.0684463,-0.0972009,0.0222823,0.0330309,0.01902,0.0996814,0.190808,1.49025,-1.40371,5.97161,-0.352403,0.204803,59.623,0.844339,0.211085,0.211085,0.0058069,0.0597412,0.185229,0.330232,-0.598639,0.102246,0.217192,0.492277,-0.605563
XLI,DC55|chanexit,close,IS (<2008),0.351256,-0.0103764,26,2.88035,0.346154,0.0689777,-0.0354803,0.000678225,-0.0148011,-0.00341396,0.0578798,-0.0589837,-0.300759,0.77407,2.41607,-0.0764511,0.128524,30.6538,0,0,0,0,0.0190028,0.0925676,-0.111564,-0.325686,0.0740517,0.195971,0.291971,-0.435192
XLI,DC55|chanexit,close,OOS (2008-),0.418965,-0.0137424,65,3.46841,0.461538,0.0409956,-0.0334977,0.000883811,-0.00464888,-0.000850627,0.0451802,-0.0188274,-0.151792,0.521967,2.99673,-0.0933783,0.130219,30.3846,0,0,0,0,0.00759262,0.100944,-0.0138545,-0.361076,0.102246,0.217192,0.492277,-0.605563
XLI,DC55|T20,close,IS (<2008),0.343764,-0.0080646,39,4.32052,0.435897,0.032513,-0.026642,-0.000856461,-0.000817091,-0.00352199,0.040851,-0.0862155,-0.538416,0.87212,5.65996,-0.0822536,0.146468,20,4.14943e-05,1.03736e-05,1.03736e-05,-3.77995e-13,0.0148657,0.0945709,-0.150225,-0.255421,0.0740517,0.195971,0.291971,-0.435192
XLI,DC55|T20,close,OOS (2008-),0.41154,-0.00580793,97,5.17593,0.608247,0.0293581,-0.0357715,0.00384338,0.00780665,0.00267779,0.0472425,0.0566818,0.558251,-3.20853,22.5473,-0.315372,0.0828079,20,0.551216,0.137804,0.137804,0.000844826,0.0216991,0.110642,0.122618,-0.443345,0.102246,0.217192,0.492277,-0.605563
XLI,DC55|T60,close,IS (<2008),0.608197,-0.00787249,23,2.548,0.608696,0.0604395,-0.0582813,0.0139836,0.0195444,0.00575536,0.0728805,0.0789699,0.378726,-0.0174855,2.47273,-0.131824,0.165027,60,0.565579,0.141395,0.141395,0.00090721,0.0423936,0.137626,0.127552,-0.3427,0.0740517,0.195971,0.291971,-0.435192
XLI,DC55|T60,close,OOS (2008-),0.64913,-0.00200639,51,2.72137,0.72549,0.0562199,-0.050825,0.0268351,0.0302212,0.0234508,0.067457,0.34764,2.48265,-1.29079,7.20475,-0.254157,0.156065,60,1.96775,0.491938,0.491938,0.014153,0.0734487,0.153291,0.447464,-0.433321,0.102246,0.217192,0.492277,-0.605563
XLK,DC20|chanexit,close,IS (<2008),0.407228,-0.00589144,51,5.64991,0.392157,0.0581254,-0.0434997,-0.00364671,-0.0180173,-0.00608178,0.0650417,-0.0935058,-0.667765,1.27937,5.41002,-0.124466,0.232456,18.1176,0,0,0,0,-0.0105953,0.148136,-0.223291,-0.395583,-0.014636,0.3026,-0.00881249,-0.820465
XLK,DC20|chanexit,close,OOS (2008-),0.513789,-0.00136526,119,6.34985,0.478992,0.0550542,-0.0246351,0.0135354,-0.000672026,0.0124033,0.0585826,0.211723,2.30963,1.96472,8.87708,-0.0914979,0.28906,20.3529,2.207,0.551751,0.551751,0.0185475,0.0857229,0.124158,0.611435,-0.212352,0.16939,0.236794,0.719953,-0.492484
XLK,DC20|T20,close,IS (<2008),0.511238,-0.00570089,58,6.42539,0.534483,0.045195,-0.058949,-0.00328581,0.00616638,-0.005911,0.0651904,-0.0906728,-0.690543,-0.0560212,2.99681,-0.149332,0.160455,20,4.85763e-05,1.21441e-05,1.21441e-05,-1.97885e-12,-0.00927002,0.167821,-0.170623,-0.546896,-0.014636,0.3026,-0.00881249,-0.820465
XLK,DC20|T20,close,OOS (2008-),0.603521,-0.000507628,143,7.6305,0.685315,0.0387424,-0.0396569,0.0140713,0.0135359,0.0129512,0.0522576,0.247834,2.96367,-1.06909,8.61651,-0.264451,0.193934,19.8951,1.94439,0.486097,0.486097,0.0215011,0.107068,0.155923,0.640541,-0.289525,0.16939,0.236794,0.719953,-0.492484
XLK,DC20|T60,close,IS (<2008),0.766858,-0.0104981,29,3.21269,0.551724,0.0846369,-0.110942,-0.00303653,0.0208872,-0.0111284,0.127385,-0.0873603,-0.470449,-0.873094,3.43097,-0.310759,0.190245,60,6.35543e-05,1.58886e-05,1.58886e-05,-6.35345e-12,-0.0233564,0.24471,-0.111092,-0.753842,-0.014636,0.3026,-0.00881249,-0.820465
XLK,DC20|T60,close,OOS (2008-),0.835172,-0.00798883,66,3.52177,0.742424,0.0760795,-0.0805428,0.0357374,0.0415664,0.0323649,0.0942008,0.343573,2.7912,-0.71026,4.74484,-0.271042,0.246944,59.6515,1.56537,0.391343,0.391343,0.0198576,0.117147,0.211996,0.562185,-0.412618,0.16939,0.236794,0.719953,-0.492484
XLK,DC55|chanexit,close,IS (<2008),0.327457,0.00317406,24,2.65878,0.5,0.0605323,-0.0463945,0.0070689,0.00149241,0.00284883,0.0701571,0.0406064,0.19893,0.293951,2.40857,-0.124466,0.145862,30.9583,0.303786,0.0759466,0.0759466,0.000251485,0.035116,0.129124,0.0730852,-0.353344,-0.014636,0.3026,-0.00881249,-0.820465
XLK,DC55|chanexit,close,OOS (2008-),0.484938,0.000167174,63,3.36169,0.539683,0.0744746,-0.0290042,0.0268415,0.00644604,0.0247141,0.0666153,0.370997,2.9447,0.794095,2.92886,-0.0768996,0.208824,36.2857,3.27957,0.819892,0.819892,0.0291697,0.0931567,0.118513,0.692471,-0.151075,0.16939,0.236794,0.719953,-0.492484
XLK,DC55|T20,close,IS (<2008),0.31732,-0.000248534,36,3.98817,0.638889,0.036074,-0.0574322,0.00230787,0.0143883,-0.000458645,0.057599,-0.00796272,-0.0477763,-0.631916,3.65457,-0.149332,0.135218,20,0,0,0,0,0.025342,0.128527,-0.00105947,-0.345102,-0.014636,0.3026,-0.00881249,-0.820465
XLK,DC55|T20,close,OOS (2008-),0.471786,-0.000583133,112,5.97633,0.651786,0.037993,-0.030859,0.0140178,0.0118082,0.01285,0.0427409,0.30065,3.18178,0.213105,3.93209,-0.0837501,0.180293,19.8571,3.54516,0.886289,0.886289,0.0297449,0.0889091,0.122543,0.641826,-0.18225,0.16939,0.236794,0.719953,-0.492484
XLK,DC55|T60,close,IS (<2008),0.528867,-0.00755523,20,2.21565,0.65,0.0703039,-0.129706,0.000300287,0.0260092,-0.00818557,0.115183,-0.0710656,-0.317815,-0.504046,2.80548,-0.253429,0.212433,60,6.51011e-05,1.62753e-05,1.62753e-05,-3.69854e-12,0.00725797,0.179113,-0.0567101,-0.600252,-0.014636,0.3026,-0.00881249,-0.820465
XLK,DC55|T60,close,OOS (2008-),0.688163,-0.00849699,55,2.93481,0.727273,0.0711999,-0.0622063,0.0348164,0.0393695,0.0314037,0.0802094,0.391521,2.9036,-0.528066,3.71031,-0.194648,0.208522,58.9818,2.14849,0.537122,0.537122,0.0219699,0.100427,0.176849,0.5502,-0.311532,0.16939,0.236794,0.719953,-0.492484
XLP,DC20|chanexit,close,IS (<2008),0.398413,-0.00605267,56,6.20382,0.357143,0.0232103,-0.0183028,-0.00347671,-0.00411177,-0.00570717,0.0280309,-0.203603,-1.52362,0.259735,6.40179,-0.0991416,0.0923741,16.1429,0,0,0,0,-0.00477465,0.0890207,-0.384964,-0.25007,0.0260563,0.161935,0.0331893,-0.358891
XLP,DC20|chanexit,close,OOS (2008-),0.45927,-0.0021854,112,5.97633,0.5,0.0266847,-0.0167156,0.00498453,0.000266538,0.00394138,0.0281551,0.139988,1.4815,0.661279,3.32593,-0.0500411,0.0964832,19.3304,2.61858,0.654644,0.654644,0.00670917,0.035822,0.0773344,0.311862,-0.145813,0.0866177,0.147291,0.542212,-0.323875
XLP,DC20|T20,close,IS (<2008),0.528867,-0.00786284,60,6.64695,0.433333,0.0227225,-0.0257286,-0.00473313,-0.00183312,-0.00743478,0.033489,-0.222007,-1.71966,-0.729074,3.93081,-0.0896368,0.0657409,20,0,0,0,0,-0.0197455,0.10563,-0.452547,-0.279461,0.0260563,0.161935,0.0331893,-0.358891
XLP,DC20|T20,close,OOS (2008-),0.551549,-0.00127832,130,6.93682,0.607692,0.0268599,-0.0260182,0.0061154,0.0100331,0.00506071,0.0352922,0.143394,1.63495,-1.55245,8.90289,-0.18529,0.0893332,20,1.80001,0.450002,0.450002,0.00701291,0.0457092,0.0927291,0.376721,-0.288498,0.0866177,0.147291,0.542212,-0.323875
XLP,DC20|T60,close,IS (<2008),0.766858,-0.00420027,29,3.21269,0.62069,0.0373056,-0.0478842,0.00499219,0.00712386,-0.0029161,0.0603079,-0.0483536,-0.260392,0.183662,4.26673,-0.140516,0.168531,60,0,0,0,0,0.0208095,0.135442,-0.0271908,-0.352292,0.0260563,0.161935,0.0331893,-0.358891
XLP,DC20|T60,close,OOS (2008-),0.810776,-0.00444348,64,3.41505,0.71875,0.0419008,-0.0435254,0.0178747,0.0256029,0.0144844,0.0507466,0.285427,2.28341,-0.910251,4.37609,-0.149378,0.11493,59.7188,2.45993,0.614983,0.614983,0.0135198,0.060624,0.131597,0.4062,-0.331519,0.0866177,0.147291,0.542212,-0.323875
XLP,DC55|chanexit,close,IS (<2008),0.360952,-0.00792705,29,3.21269,0.37931,0.0315376,-0.0246485,-0.00333654,-0.00788594,-0.0073226,0.0312507,-0.234318,-1.26184,0.318595,2.3781,-0.0618763,0.0708709,28.2414,4.82157e-05,1.20539e-05,1.20539e-05,-2.20078e-13,0.00814239,0.0785024,-0.2834,-0.149692,0.0260563,0.161935,0.0331893,-0.358891
XLP,DC55|chanexit,close,OOS (2008-),0.416843,-0.00523339,59,3.14825,0.474576,0.0374377,-0.0206034,0.0069415,-0.000715491,0.00532269,0.036223,0.146942,1.12869,1.11301,4.14025,-0.0387134,0.114024,33.3051,2.23703,0.559258,0.559258,0.00405805,0.0292011,0.0724614,0.239303,-0.117577,0.0866177,0.147291,0.542212,-0.323875
XLP,DC55|T20,close,IS (<2008),0.387836,-0.00914659,44,4.87443,0.454545,0.0173874,-0.0254189,-0.00596148,-0.00297843,-0.00871853,0.030301,-0.287731,-1.90859,-0.804006,4.37032,-0.0893103,0.0503455,20,0,0,0,0,-0.0113928,0.0854499,-0.482491,-0.258759,0.0260563,0.161935,0.0331893,-0.358891
XLP,DC55|T20,close,OOS (2008-),0.377599,-0.00079773,89,4.74905,0.606742,0.0242473,-0.0207272,0.00656073,0.00917821,0.00554129,0.032557,0.170203,1.60569,-2.18394,15.078,-0.18529,0.0893332,20,2.11926,0.529816,0.529816,0.00625062,0.0384772,0.0737368,0.358166,-0.200178,0.0866177,0.147291,0.542212,-0.323875
XLP,DC55|T60,close,IS (<2008),0.581754,-0.00737682,22,2.43722,0.545455,0.0402057,-0.043137,0.00232263,0.0108157,-0.00609265,0.0559145,-0.108964,-0.511085,-1.40857,4.95848,-0.160101,0.0708709,60,0,0,0,0,0.0149096,0.111551,-0.11138,-0.277817,0.0260563,0.161935,0.0331893,-0.358891
XLP,DC55|T60,close,OOS (2008-),0.5944,-0.00272523,47,2.50793,0.680851,0.0444961,-0.0342881,0.0193522,0.0177197,0.0161705,0.051325,0.31506,2.15994,-0.491023,4.15531,-0.149378,0.114024,59.617,2.76756,0.691889,0.691889,0.0124384,0.0524891,0.103212,0.411015,-0.265727,0.0866177,0.147291,0.542212,-0.323875
XLU,DC20|chanexit,close,IS (<2008),0.407669,-0.00213819,57,6.3146,0.473684,0.030527,-0.0204301,0.00370745,-0.00142143,0.00156329,0.0415164,0.0376547,0.284287,2.92619,17.7677,-0.0847125,0.233819,16.2281,0.487387,0.121847,0.121847,0.000522776,0.0388818,0.102327,0.0971519,-0.194507,0.0748207,0.193577,0.296842,-0.522724
XLU,DC20|chanexit,close,OOS (2008-),0.429359,-0.0033836,117,6.24313,0.478632,0.0316231,-0.0242342,0.00250092,-0.0028049,0.00157028,0.0361943,0.0433846,0.469276,0.927567,4.66322,-0.0705358,0.144141,17.2991,0.616431,0.154108,0.154108,0.000659406,0.0199378,0.0981294,0.106896,-0.321585,0.070281,0.191522,0.376776,-0.460716
XLU,DC20|T20,close,IS (<2008),0.520053,-0.000854722,59,6.53617,0.627119,0.0308552,-0.0347561,0.00638998,0.0121617,0.0037071,0.0413735,0.0896008,0.688237,-0.437441,3.20975,-0.0945223,0.102607,20,1.07807,0.269517,0.269517,0.00286397,0.0534876,0.120988,0.214826,-0.328466,0.0748207,0.193577,0.296842,-0.522724
XLU,DC20|T20,close,OOS (2008-),0.555791,-0.00705415,131,6.99018,0.59542,0.0295375,-0.0440511,-0.000235003,0.00540201,-0.00132684,0.0519076,-0.0255616,-0.292566,-1.99347,10.3641,-0.274124,0.0835369,20,0,0,0,0,-0.0053871,0.134176,-0.0776187,-0.529043,0.070281,0.191522,0.376776,-0.460716
XLU,DC20|T60,close,IS (<2008),0.793301,-0.00638866,30,3.32348,0.666667,0.0709109,-0.0960071,0.0152716,0.031646,0.0072968,0.0975561,0.0747959,0.409674,-0.289037,2.99758,-0.199332,0.233819,60,0.391778,0.0979446,0.0979446,0.00104056,0.0569836,0.168034,0.214906,-0.493143,0.0748207,0.193577,0.296842,-0.522724
XLU,DC20|T60,close,OOS (2008-),0.789139,-0.00767041,62,3.30833,0.596774,0.053149,-0.0469329,0.0127934,0.00733186,0.00951152,0.0674604,0.140994,1.11019,-0.638866,4.33698,-0.220315,0.150757,60,1.00623,0.251557,0.251557,0.00348432,0.0386277,0.15729,0.2299,-0.343617,0.070281,0.191522,0.376776,-0.460716
XLU,DC55|chanexit,close,IS (<2008),0.401939,0.0103485,25,2.76956,0.52,0.0727431,-0.0296691,0.0235853,0.000437266,0.0186692,0.0635506,0.29377,1.46885,0.705416,2.51165,-0.0787432,0.167937,36.48,2.68724,0.67181,0.67181,0.0149627,0.0831055,0.0979097,0.522838,-0.118152,0.0748207,0.193577,0.296842,-0.522724
XLU,DC55|chanexit,close,OOS (2008-),0.365083,-0.00756791,56,2.98817,0.446429,0.0484926,-0.0338811,0.00289286,-0.0097114,0.00123272,0.049809,0.024749,0.185204,0.624752,3.07178,-0.10045,0.139041,30.7321,0.25493,0.0637326,0.0637326,0.000102613,0.0142032,0.0878699,0.0444038,-0.277396,0.070281,0.191522,0.376776,-0.460716
XLU,DC55|T20,close,IS (<2008),0.361393,0.00256575,41,4.54208,0.682927,0.0308097,-0.0353341,0.00983731,0.0156884,0.00712757,0.0418577,0.170281,1.09033,-0.416552,3.35829,-0.0878927,0.102607,20,1.99717,0.499291,0.499291,0.00710434,0.0637751,0.0958959,0.343976,-0.151306,0.0748207,0.193577,0.296842,-0.522724
XLU,DC55|T20,close,OOS (2008-),0.352143,-0.00869927,83,4.42889,0.542169,0.0282701,-0.037706,-0.00193583,0.00493892,-0.00297196,0.050212,-0.0591882,-0.53923,-2.31841,12.6021,-0.274124,0.0756212,20,0,0,0,0,-0.00519884,0.0997763,-0.142858,-0.410561,0.070281,0.191522,0.376776,-0.460716
XLU,DC55|T60,close,IS (<2008),0.528867,0.0186564,20,2.21565,0.75,0.0744613,-0.0610535,0.0405826,0.0610414,0.0323419,0.0702788,0.460194,2.05805,-0.716024,2.58119,-0.108343,0.141491,60,2.95567,0.738918,0.738918,0.0234707,0.101092,0.112386,0.615658,-0.228874,0.0748207,0.193577,0.296842,-0.522724
XLU,DC55|T60,close,OOS (2008-),0.64913,-0.0131936,51,2.72137,0.54902,0.0504612,-0.0456368,0.00712286,0.0143904,0.00398834,0.0607671,0.0656332,0.468715,-0.252987,2.81637,-0.132031,0.139041,60,0.545827,0.136457,0.136457,0.000648622,0.0201953,0.14455,0.113268,-0.360668,0.070281,0.191522,0.376776,-0.460716
XLV,DC20|chanexit,close,IS (<2008),0.411194,-0.000820389,50,5.53913,0.48,0.0315327,-0.0216027,0.0039023,-0.000576443,0.00150844,0.0356327,0.042333,0.29934,0.857843,4.20129,-0.0680684,0.105833,18.66,0.617041,0.15426,0.15426,0.000562682,0.038998,0.101783,0.0981634,-0.242617,0.0485092,0.187214,0.167883,-0.332688
XLV,DC20|chanexit,close,OOS (2008-),0.472423,-0.00534983,121,6.45657,0.471074,0.0284331,-0.0195464,0.00305553,-0.00210937,0.0021653,0.0318864,0.0679068,0.746975,0.762865,4.51563,-0.0772782,0.121471,18.405,1.09981,0.274952,0.274952,0.00167679,0.025077,0.0915246,0.162676,-0.152403,0.107151,0.17405,0.591138,-0.388096
XLV,DC20|T20,close,IS (<2008),0.475981,-0.00145771,54,5.98226,0.518519,0.0288594,-0.0234988,0.00364987,0.00406279,0.00103835,0.0338934,0.0306358,0.225126,-0.00636393,2.79339,-0.0724099,0.0746197,20,0.460339,0.115085,0.115085,0.000312761,0.0369919,0.114329,0.0824441,-0.249849,0.0485092,0.187214,0.167883,-0.332688
XLV,DC20|T20,close,OOS (2008-),0.577005,-0.00478296,136,7.25698,0.647059,0.0248415,-0.0330985,0.00439207,0.00889697,0.00338346,0.0368711,0.0917646,1.07015,-1.34818,7.21599,-0.185496,0.0773653,20,1.17174,0.292934,0.292934,0.00317142,0.0341418,0.108715,0.233805,-0.286736,0.107151,0.17405,0.591138,-0.388096
XLV,DC20|T60,close,IS (<2008),0.766858,-0.00507865,29,3.21269,0.62069,0.0550711,-0.0629752,0.0102949,0.0178281,0.00240954,0.072452,0.0332571,0.179095,-0.312274,2.65071,-0.142138,0.143415,60,0.236406,0.0591015,0.0591015,0.000200288,0.0492128,0.150676,0.172076,-0.292448,0.0485092,0.187214,0.167883,-0.332688
XLV,DC20|T60,close,OOS (2008-),0.794866,-0.00657999,63,3.36169,0.650794,0.055358,-0.043348,0.0208892,0.0299449,0.0177054,0.0619853,0.285639,2.26719,-0.648851,3.81886,-0.189562,0.139828,59.4762,2.07651,0.519127,0.519127,0.0136899,0.0690395,0.14026,0.446035,-0.246656,0.107151,0.17405,0.591138,-0.388096
XLV,DC55|chanexit,close,IS (<2008),0.307184,-0.00553685,22,2.43722,0.363636,0.0459573,-0.0222559,0.00254889,-0.0113235,-0.00158285,0.0384249,-0.0411934,-0.193214,1.0777,3.05315,-0.0410976,0.092252,31.6818,4.0347e-05,1.00867e-05,1.00867e-05,-1.74738e-13,0.0294201,0.0852346,-0.00995211,-0.0868412,0.0485092,0.187214,0.167883,-0.332688
XLV,DC55|chanexit,close,OOS (2008-),0.434026,-0.0074752,65,3.46841,0.507692,0.0446077,-0.0321007,0.00684354,0.00169767,0.00537749,0.0497417,0.108108,0.871597,0.729344,3.19054,-0.0866112,0.144369,31.4769,1.1469,0.286724,0.286724,0.00232835,0.0288539,0.0862577,0.209854,-0.201101,0.107151,0.17405,0.591138,-0.388096
XLV,DC55|T20,close,IS (<2008),0.282063,-0.000393498,32,3.54504,0.59375,0.0235213,-0.023044,0.0046041,0.00364901,0.00210257,0.0294728,0.0713393,0.403556,-0.111985,2.88034,-0.0622609,0.0755826,20,1.24288,0.31072,0.31072,0.00101379,0.0402048,0.0808048,0.113925,-0.136104,0.0485092,0.187214,0.167883,-0.332688
XLV,DC55|T20,close,OOS (2008-),0.428511,-0.00428537,101,5.38937,0.633663,0.0280755,-0.035386,0.00482727,0.0112041,0.00388106,0.0415833,0.0933322,0.937977,-1.6753,8.37506,-0.20215,0.0789012,20,1.04298,0.260744,0.260744,0.00240896,0.0306111,0.093959,0.218237,-0.303107,0.107151,0.17405,0.591138,-0.388096
XLV,DC55|T60,close,IS (<2008),0.423094,0.0121259,16,1.77252,0.8125,0.0401207,-0.0260545,0.0277128,0.0328023,0.0196141,0.0374876,0.523217,2.09287,0.0505007,2.4926,-0.0400556,0.0934579,60,7.32503,1.83126,1,0.016153,0.0694377,0.0971979,0.394893,-0.0999859,0.0485092,0.187214,0.167883,-0.332688
XLV,DC55|T60,close,OOS (2008-),0.674586,-0.0033369,53,2.82809,0.641509,0.0586455,-0.0373097,0.0242465,0.028744,0.0211624,0.057553,0.367703,2.67691,0.0328185,2.15713,-0.0893308,0.144369,60,3.26216,0.81554,0.81554,0.0212917,0.0713179,0.13611,0.470905,-0.284043,0.107151,0.17405,0.591138,-0.388096
XLY,DC20|chanexit,close,IS (<2008),0.41472,-0.00816659,54,5.98226,0.37037,0.0375494,-0.0285365,-0.00406027,-0.0163418,-0.0063031,0.0407747,-0.154584,-1.13595,1.61975,5.5461,-0.0611631,0.133994,17.4259,0,0,0,0,-0.00949306,0.120535,-0.296242,-0.306961,0.0365936,0.221152,0.12176,-0.31541
XLY,DC20|chanexit,close,OOS (2008-),0.485575,0.000201078,117,6.24313,0.538462,0.0431998,-0.0265713,0.0109977,0.00356739,0.0100048,0.0497419,0.201134,2.1756,1.29628,5.39529,-0.0971251,0.188479,19.5641,2.29702,0.574255,0.574255,0.0154543,0.0712763,0.119209,0.519175,-0.194117,0.120806,0.228924,0.551593,-0.514443
XLY,DC20|T20,close,IS (<2008),0.537682,-0.00630026,61,6.75773,0.491803,0.0286322,-0.03092,-0.00163205,-0.000245314,-0.00416151,0.0381915,-0.108964,-0.851038,-0.36268,2.99099,-0.106144,0.0728758,20,0,0,0,0,0.00641177,0.141456,-0.120524,-0.28311,0.0365936,0.221152,0.12176,-0.31541
XLY,DC20|T20,close,OOS (2008-),0.564277,0.000215886,133,7.0969,0.669173,0.0388763,-0.0444743,0.0113017,0.0146805,0.010238,0.0535234,0.191282,2.20597,-0.920614,6.11141,-0.237638,0.162096,20,1.60527,0.401317,0.401317,0.0129227,0.0791191,0.137205,0.521093,-0.296566,0.120806,0.228924,0.551593,-0.514443
XLY,DC20|T60,close,IS (<2008),0.740414,-0.0025904,28,3.10191,0.571429,0.0790715,-0.0779435,0.0117794,0.0129067,0.00382586,0.0963068,0.0397258,0.210209,-0.0387128,2.32798,-0.149355,0.2102,60,0.213693,0.0534233,0.0534233,0.000277396,0.032108,0.183521,0.0817222,-0.378864,0.0365936,0.221152,0.12176,-0.31541
XLY,DC20|T60,close,OOS (2008-),0.809928,-0.0108924,64,3.41505,0.65625,0.0770505,-0.0822725,0.0222832,0.0371611,0.0190018,0.10437,0.182061,1.45649,-0.661032,4.281,-0.279014,0.246185,59.6562,0.824192,0.206048,0.206048,0.00589655,0.0614606,0.188901,0.336265,-0.53447,0.120806,0.228924,0.551593,-0.514443
XLY,DC55|chanexit,close,IS (<2008),0.333627,-0.00510672,26,2.88035,0.384615,0.0507934,-0.0290926,0.00163278,-0.0106371,-0.00199319,0.0529451,-0.0376463,-0.191959,0.874749,4.2627,-0.115188,0.134287,29.1154,3.95204e-05,9.88011e-06,9.88011e-06,-3.78928e-13,0.0240287,0.106405,-0.0378725,-0.215834,0.0365936,0.221152,0.12176,-0.31541
XLY,DC55|chanexit,close,OOS (2008-),0.447179,-0.00320037,63,3.36169,0.507937,0.0582025,-0.0294122,0.0150905,1.62685e-05,0.0135669,0.0574709,0.236065,1.87371,0.929713,3.29127,-0.0728647,0.188479,33.4603,2.33009,0.582522,0.582522,0.0114527,0.055641,0.107128,0.427781,-0.165785,0.120806,0.228924,0.551593,-0.514443
XLY,DC55|T20,close,IS (<2008),0.326135,-0.00253979,37,4.09895,0.594595,0.0268479,-0.0343404,0.00204185,0.00725736,-0.000401033,0.0416648,-0.00962522,-0.0585479,-0.31369,4.2365,-0.0975832,0.117777,20,0,0,0,0,0.0287023,0.103615,0.00222837,-0.193717,0.0365936,0.221152,0.12176,-0.31541
XLY,DC55|T20,close,OOS (2008-),0.415783,-0.00230527,98,5.22929,0.704082,0.0330353,-0.0495849,0.00858646,0.0164569,0.00771688,0.0572005,0.134909,1.33553,-2.65215,15.1827,-0.316394,0.118188,20,0.987626,0.246907,0.246907,0.00445061,0.0458817,0.120768,0.316036,-0.343496,0.120806,0.228924,0.551593,-0.514443
XLY,DC55|T60,close,IS (<2008),0.528867,-0.0122784,20,2.21565,0.5,0.0602146,-0.0568518,0.00168137,0.00379789,-0.00586218,0.0760838,-0.077049,-0.344574,0.0381411,2.27794,-0.130362,0.134287,60,0,0,0,0,0.0146014,0.138279,-0.0678469,-0.262685,0.0365936,0.221152,0.12176,-0.31541
XLY,DC55|T60,close,OOS (2008-),0.674586,-0.0162784,53,2.82809,0.679245,0.0681487,-0.0918612,0.0168248,0.0370485,0.0137881,0.102756,0.134183,0.976864,-1.22385,5.66445,-0.345209,0.215379,60,0.609225,0.152306,0.152306,0.00262433,0.0377003,0.171303,0.220227,-0.547046,0.120806,0.228924,0.551593,-0.514443
EWA,DC20|chanexit,close,IS (<2008),0.456199,-0.00339415,68,5.768,0.455882,0.0498542,-0.0262435,0.00844809,-0.00145373,0.00566455,0.0521838,0.10855,0.895126,1.26985,5.12326,-0.104805,0.184624,19.9118,1.12851,0.282126,0.282126,0.00399948,0.0640312,0.139692,0.247714,-0.208211,0.132215,0.23487,0.488001,-0.337018
EWA,DC20|chanexit,close,OOS (2008-),0.397327,-0.00184832,110,5.86961,0.390909,0.0503889,-0.0264056,0.0036141,-0.0099472,0.00267607,0.0508767,0.0525992,0.551665,1.58027,6.7716,-0.112979,0.234253,17.0273,0.543504,0.135876,0.135876,0.000929099,0.0227413,0.1289,0.129698,-0.495239,0.0437303,0.276334,0.242311,-0.638522
EWA,DC20|T20,close,IS (<2008),0.525606,-0.00276078,78,6.61623,0.679487,0.0370532,-0.0502671,0.00906589,0.0112499,0.00633806,0.0574042,0.110411,0.975125,-0.96391,5.4254,-0.194418,0.155181,20,0.918139,0.229535,0.229535,0.00423974,0.0713061,0.158581,0.27921,-0.237746,0.132215,0.23487,0.488001,-0.337018
EWA,DC20|T20,close,OOS (2008-),0.530335,-0.00236273,125,6.67001,0.544,0.0391356,-0.0377724,0.00406551,0.00237767,0.00295156,0.0534838,0.0551861,0.616999,0.163341,4.28539,-0.168288,0.161469,20,0.521534,0.130383,0.130383,0.00112259,0.0246583,0.152997,0.143779,-0.513353,0.0437303,0.276334,0.242311,-0.638522
EWA,DC20|T60,close,IS (<2008),0.78841,-0.00729964,39,3.30812,0.692308,0.0736432,-0.0730284,0.0285135,0.0249448,0.0199969,0.0919712,0.217426,1.35782,-0.571798,3.36184,-0.217606,0.176881,60,1.12791,0.281978,0.281978,0.00822403,0.107604,0.197629,0.427839,-0.377098,0.132215,0.23487,0.488001,-0.337018
EWA,DC20|T60,close,OOS (2008-),0.747985,0.00621173,59,3.14825,0.610169,0.0787475,-0.0580235,0.02543,0.0229865,0.0220915,0.100959,0.218818,1.68077,1.28652,6.17537,-0.200108,0.387005,59.7627,1.23808,0.309521,0.309521,0.00927999,0.0710209,0.196279,0.376084,-0.405007,0.0437303,0.276334,0.242311,-0.638522
EWA,DC55|chanexit,close,IS (<2008),0.387803,-0.0104765,36,3.05365,0.555556,0.043509,-0.0354793,0.00840313,0.00485619,0.00406897,0.0516066,0.0788459,0.473075,0.899929,3.07011,-0.0754826,0.143504,31.9722,0.814681,0.20367,0.20367,0.0011022,0.0466568,0.13024,0.129483,-0.174269,0.132215,0.23487,0.488001,-0.337018
EWA,DC55|chanexit,close,OOS (2008-),0.361689,-0.0103145,60,3.20161,0.3,0.0740219,-0.0334739,-0.00122515,-0.0150232,-0.00276373,0.0700518,-0.0394527,-0.305599,2.59986,12.8538,-0.106019,0.353769,28.4167,5.76679e-05,1.4417e-05,1.4417e-05,-1.60556e-12,-0.00182994,0.116795,-0.0776372,-0.496672,0.0437303,0.276334,0.242311,-0.638522
EWA,DC55|T20,close,IS (<2008),0.377358,-0.00759865,56,4.75012,0.625,0.0372203,-0.0508469,0.00419512,0.00801118,0.00150019,0.0551439,0.0272051,0.203584,-0.788369,3.80122,-0.173578,0.102581,20,0.24843,0.0621074,0.0621074,0.000193879,0.0377991,0.130404,0.064377,-0.235764,0.132215,0.23487,0.488001,-0.337018
EWA,DC55|T20,close,OOS (2008-),0.352143,-0.00532955,83,4.42889,0.518072,0.0385863,-0.0391947,0.00110151,0.00066068,-1.52604e-05,0.0509116,-0.000299742,-0.00273078,-0.264297,3.05696,-0.131321,0.105546,20,0,0,0,0,0.00829507,0.117615,0.00952012,-0.42701,0.0437303,0.276334,0.242311,-0.638522
EWA,DC55|T60,close,IS (<2008),0.606469,-0.0137575,30,2.54471,0.6,0.0721423,-0.0538857,0.0217311,0.0228215,0.013539,0.0798527,0.16955,0.928663,-0.370337,2.70154,-0.165782,0.162458,60,1.05987,0.264969,0.264969,0.00400858,0.0656615,0.166603,0.241722,-0.389833,0.132215,0.23487,0.488001,-0.337018
EWA,DC55|T60,close,OOS (2008-),0.543063,6.98967e-05,43,2.29449,0.604651,0.0707419,-0.0601316,0.0190012,0.0200617,0.0158892,0.0916526,0.173363,1.13682,0.71052,6.24571,-0.2135,0.353769,59.5349,1.00355,0.250887,0.250887,0.0039841,0.042168,0.151962,0.255278,-0.292812,0.0437303,0.276334,0.242311,-0.638522
EWC,DC20|chanexit,close,IS (<2008),0.482143,-0.0017235,70,5.93765,0.5,0.0522219,-0.0298979,0.011162,0.000661645,0.00828263,0.0523266,0.158287,1.32433,0.85632,3.6081,-0.110852,0.164812,20.4429,1.6358,0.40895,0.40895,0.00872704,0.0842088,0.131436,0.397587,-0.203807,0.147423,0.214297,0.575478,-0.517306
EWC,DC20|chanexit,close,OOS (2008-),0.431056,-0.00218413,113,6.02969,0.433628,0.0369329,-0.0221669,0.00346044,-0.00259032,0.00237175,0.0495851,0.0478318,0.508459,4.29366,34.4467,-0.0950688,0.390713,17.9823,0.537667,0.134417,0.134417,0.000830785,0.0219528,0.110816,0.124482,-0.307286,0.0542844,0.223265,0.285966,-0.605013
EWC,DC20|T20,close,IS (<2008),0.606469,-0.00510569,90,7.63412,0.577778,0.0451096,-0.043816,0.00756323,0.013522,0.00468368,0.052225,0.0896826,0.850804,-0.441892,2.42871,-0.121055,0.103153,20,0.850895,0.212724,0.212724,0.00333511,0.0701195,0.150709,0.278102,-0.477568,0.147423,0.214297,0.575478,-0.517306
EWC,DC20|T20,close,OOS (2008-),0.547306,-0.00341994,129,6.88346,0.581395,0.0306553,-0.0357816,0.00284448,0.00774693,0.00164713,0.0456871,0.0360523,0.409476,-1.5844,10.9523,-0.26318,0.118971,20,0.385748,0.0964369,0.0964369,0.000480078,0.0180334,0.141146,0.098053,-0.474173,0.0542844,0.223265,0.285966,-0.605013
EWC,DC20|T60,close,IS (<2008),0.808625,-0.0038786,40,3.39294,0.725,0.0806096,-0.0882843,0.0341638,0.0405054,0.0254895,0.0925446,0.275429,1.74197,-0.602781,2.76323,-0.161912,0.191529,60,1.39974,0.349936,0.349936,0.0133545,0.120299,0.181471,0.511752,-0.526862,0.147423,0.214297,0.575478,-0.517306
EWC,DC20|T60,close,OOS (2008-),0.781502,0.00521882,62,3.30833,0.677419,0.0695552,-0.0725721,0.0237077,0.0269473,0.0202729,0.095169,0.21302,1.67732,0.151764,7.01067,-0.293703,0.390713,59.4194,1.09766,0.274415,0.274415,0.00808616,0.0681513,0.179256,0.37945,-0.426576,0.0542844,0.223265,0.285966,-0.605013
EWC,DC55|chanexit,close,IS (<2008),0.426213,-0.00730108,39,3.30812,0.410256,0.0927077,-0.0422534,0.0131152,-0.0147577,0.00857526,0.0793908,0.108013,0.674543,0.74693,2.6529,-0.115707,0.201744,32.4359,0.7276,0.1819,0.1819,0.00224577,0.0567815,0.121562,0.208941,-0.254835,0.147423,0.214297,0.575478,-0.517306
EWC,DC55|chanexit,close,OOS (2008-),0.387993,-0.00171308,57,3.04153,0.403509,0.0643898,-0.0295007,0.00838493,-0.00818635,0.00641645,0.0558913,0.114802,0.866739,0.991252,3.3981,-0.0746242,0.175821,32.0877,1.10734,0.276835,0.276835,0.00234656,0.0294035,0.0992639,0.199913,-0.25082,0.0542844,0.223265,0.285966,-0.605013
EWC,DC55|T20,close,IS (<2008),0.424528,-0.00525177,63,5.34388,0.603175,0.0403865,-0.0426503,0.00743537,0.021432,0.0045376,0.0476317,0.0952643,0.756137,-0.427208,2.391,-0.107189,0.101192,20,0.995282,0.248821,0.248821,0.00264566,0.056961,0.122499,0.20961,-0.212162,0.147423,0.214297,0.575478,-0.517306
EWC,DC55|T20,close,OOS (2008-),0.377599,-0.002016,89,4.74905,0.573034,0.0338726,-0.035401,0.00429513,0.00718542,0.00305107,0.0500092,0.0610101,0.575568,-1.3917,11.2684,-0.26318,0.151894,20,0.587676,0.146919,0.146919,0.000936701,0.0226342,0.112428,0.13077,-0.341914,0.0542844,0.223265,0.285966,-0.605013
EWC,DC55|T60,close,IS (<2008),0.626685,-0.000179525,31,2.62953,0.709677,0.077499,-0.0601809,0.0375274,0.0394107,0.0291886,0.0812575,0.359211,2,-0.102365,2.64384,-0.133784,0.201744,60,2.20003,0.550007,0.550007,0.018508,0.109891,0.154239,0.51188,-0.214455,0.147423,0.214297,0.575478,-0.517306
EWC,DC55|T60,close,OOS (2008-),0.58549,0.00373181,46,2.45457,0.673913,0.0666394,-0.0690018,0.0224085,0.0240025,0.018933,0.0874864,0.216411,1.46777,-0.829621,5.63209,-0.293703,0.242129,60,1.12304,0.280761,0.280761,0.00578373,0.0518869,0.143123,0.32729,-0.426576,0.0542844,0.223265,0.285966,-0.605013
EWD,DC20|chanexit,close,IS (<2008),0.443059,-0.0027865,71,6.02247,0.478873,0.0677543,-0.0454319,0.00876997,-0.0089584,0.00603599,0.071375,0.0845673,0.712576,0.864533,3.72529,-0.106662,0.249614,18.5211,0.622701,0.155675,0.155675,0.00246491,0.0601056,0.166472,0.210169,-0.364006,0.119995,0.296475,0.404815,-0.742694
EWD,DC20|chanexit,close,OOS (2008-),0.40263,-0.00716716,111,5.92297,0.423423,0.0411371,-0.0302964,-4.97595e-05,-0.00423322,-0.00100692,0.0451077,-0.0223227,-0.235184,0.690418,3.90343,-0.108597,0.158595,17.0991,0,0,0,0,0.00209002,0.1489,-0.00581617,-0.359176,0.0628973,0.295735,0.306984,-0.635575
EWD,DC20|T20,close,IS (<2008),0.539084,-0.00489288,80,6.78588,0.6,0.0524524,-0.0596518,0.00761071,0.0184253,0.00463407,0.0715104,0.0648028,0.579613,-0.469006,3.47085,-0.181107,0.179061,20,0.451362,0.11284,0.11284,0.00155535,0.0523829,0.191085,0.167907,-0.566678,0.119995,0.296475,0.404815,-0.742694
EWD,DC20|T20,close,OOS (2008-),0.496394,0.000101172,117,6.24313,0.581197,0.0469433,-0.0450597,0.00841208,0.0132036,0.00730651,0.0606922,0.120386,1.30218,-0.0713515,5.22791,-0.2029,0.250321,20,0.98521,0.246303,0.246303,0.00492385,0.0494063,0.174255,0.283407,-0.33267,0.0628973,0.295735,0.306984,-0.635575
EWD,DC20|T60,close,IS (<2008),0.78841,-0.00589314,39,3.30812,0.589744,0.104607,-0.0737167,0.0314487,0.0255545,0.0226877,0.114427,0.198273,1.23821,0.146115,2.58492,-0.177763,0.26679,60,0.897209,0.224302,0.224302,0.0073521,0.0951757,0.243031,0.342316,-0.681414,0.119995,0.296475,0.404815,-0.742694
EWD,DC20|T60,close,OOS (2008-),0.772592,-0.00498173,61,3.25497,0.57377,0.0859686,-0.0691257,0.0198628,0.0135104,0.016528,0.102449,0.161328,1.26001,0.208854,3.28914,-0.20584,0.281606,59.7049,0.807505,0.201876,0.201876,0.00474476,0.0525201,0.234944,0.27592,-0.41658,0.0628973,0.295735,0.306984,-0.635575
EWD,DC55|chanexit,close,IS (<2008),0.394542,0.00649005,33,2.79918,0.545455,0.0988436,-0.0554591,0.028706,0.00725735,0.0233932,0.0941164,0.248556,1.42784,0.728655,2.86541,-0.110103,0.284917,35.4848,1.49155,0.372888,0.372888,0.01055,0.0942128,0.142737,0.441415,-0.240563,0.119995,0.296475,0.404815,-0.742694
EWD,DC55|chanexit,close,OOS (2008-),0.359143,-0.00833056,54,2.88145,0.444444,0.0529418,-0.0338827,0.00470597,-0.0056282,0.00296448,0.0617799,0.0479845,0.352613,1.07623,4.84234,-0.14721,0.193507,31.3519,0.405834,0.101458,0.101458,0.000377998,0.0175653,0.137312,0.0932681,-0.329781,0.0628973,0.295735,0.306984,-0.635575
EWD,DC55|T20,close,IS (<2008),0.37062,-0.000394763,55,4.66529,0.563636,0.0524595,-0.0398534,0.0121775,0.012118,0.00913219,0.0622029,0.146813,1.08879,-0.0928004,3.40106,-0.15276,0.167889,20,1.18475,0.296187,0.296187,0.00552857,0.0733156,0.146584,0.302061,-0.247082,0.119995,0.296475,0.404815,-0.742694
EWD,DC55|T20,close,OOS (2008-),0.3479,-0.00659501,82,4.37553,0.573171,0.0364463,-0.0449031,0.00172402,0.00716433,0.000610325,0.0595532,0.0102484,0.0928032,-1.7831,10.407,-0.30116,0.133443,20,0.0863015,0.0215754,0.0215754,2.52352e-05,0.00842491,0.143571,0.0327048,-0.490386,0.0628973,0.295735,0.306984,-0.635575
EWD,DC55|T60,close,IS (<2008),0.586253,-0.00155617,29,2.45988,0.62069,0.100672,-0.0703661,0.0357954,0.0361575,0.0270247,0.110091,0.245475,1.32193,0.0538168,2.92152,-0.220989,0.284917,60,1.14452,0.286131,0.286131,0.00832265,0.098273,0.185028,0.398044,-0.237809,0.119995,0.296475,0.404815,-0.742694
EWD,DC55|T60,close,OOS (2008-),0.567883,-0.010075,45,2.40121,0.622222,0.066856,-0.0712213,0.0146935,0.0241977,0.0113569,0.0847885,0.133944,0.898524,-0.0494131,2.80283,-0.19028,0.193507,59.4889,0.802119,0.20053,0.20053,0.00239378,0.0334116,0.193589,0.194453,-0.537158,0.0628973,0.295735,0.306984,-0.635575
EWG,DC20|chanexit,close,IS (<2008),0.46934,0.00176558,69,5.85282,0.449275,0.0600384,-0.0262269,0.01253,-0.00410276,0.00953839,0.0591475,0.161265,1.33956,1.46015,5.1606,-0.0723112,0.228249,20.1884,1.5569,0.389226,0.389226,0.0093635,0.086281,0.146498,0.383965,-0.212657,0.10972,0.245358,0.395361,-0.675689
EWG,DC20|chanexit,close,OOS (2008-),0.414722,0.00167956,105,5.60281,0.47619,0.0425218,-0.0260992,0.00657743,-0.00156395,0.00556348,0.0484911,0.114732,1.17565,1.44668,6.77412,-0.0913285,0.227926,18.619,1.29089,0.322723,0.322723,0.0043589,0.0396164,0.127223,0.258421,-0.222427,0.0343747,0.256267,0.205128,-0.624924
EWG,DC20|T20,close,IS (<2008),0.552561,0.000937359,82,6.95553,0.682927,0.037328,-0.0438552,0.011587,0.0119011,0.00863763,0.052915,0.163236,1.47816,-0.346913,4.96737,-0.179846,0.174145,20,1.49037,0.372593,0.372593,0.00984517,0.0941413,0.163233,0.40479,-0.426716,0.10972,0.245358,0.395361,-0.675689
EWG,DC20|T20,close,OOS (2008-),0.517395,-0.000243849,122,6.50993,0.581967,0.0422006,-0.0467179,0.00502979,0.0114464,0.00392643,0.0561671,0.0699062,0.772139,-0.073234,3.42067,-0.157804,0.150925,19.9918,0.62476,0.15619,0.15619,0.00174743,0.0298624,0.146581,0.178158,-0.362126,0.0343747,0.256267,0.205128,-0.624924
EWG,DC20|T60,close,IS (<2008),0.808625,-0.00345905,40,3.39294,0.6,0.101259,-0.08102,0.0283472,0.0220872,0.0196418,0.113663,0.172807,1.09292,0.194085,2.40292,-0.183554,0.262792,60,0.790882,0.197721,0.197721,0.00575172,0.0994106,0.204097,0.384188,-0.626557,0.10972,0.245358,0.395361,-0.675689
EWG,DC20|T60,close,OOS (2008-),0.75944,0.00102647,60,3.20161,0.55,0.0878949,-0.069483,0.0170749,0.0188205,0.0134729,0.105216,0.12805,0.991872,-0.353191,4.13825,-0.312964,0.253675,59.6667,0.599997,0.149999,0.149999,0.00284054,0.0399079,0.194309,0.226518,-0.386486,0.0343747,0.256267,0.205128,-0.624924
EWG,DC55|chanexit,close,IS (<2008),0.41779,0.00158519,37,3.13847,0.432432,0.100675,-0.0423745,0.0194849,-0.00580206,0.0144883,0.0865898,0.167322,1.01778,1.05005,3.13059,-0.0951869,0.244451,33.5135,1.08973,0.272433,0.272433,0.00535458,0.0757403,0.132669,0.335995,-0.274819,0.10972,0.245358,0.395361,-0.675689
EWG,DC55|chanexit,close,OOS (2008-),0.340687,-0.00100008,51,2.72137,0.490196,0.0469577,-0.030697,0.00736905,-0.0032006,0.00556876,0.0506805,0.10988,0.784698,0.581655,3.6092,-0.11203,0.155602,31.4902,1.13786,0.284465,0.284465,0.00187923,0.0261671,0.109406,0.162494,-0.281737,0.0343747,0.256267,0.205128,-0.624924
EWG,DC55|T20,close,IS (<2008),0.397574,0.00763299,59,5.00459,0.677966,0.0394809,-0.0261304,0.0183519,0.0198284,0.0153333,0.0396958,0.386269,2.96699,0.128796,2.42738,-0.0559485,0.103153,20,4.99947,1.24987,1,0.0344104,0.118106,0.131674,0.630983,-0.135468,0.10972,0.245358,0.395361,-0.675689
EWG,DC55|T20,close,OOS (2008-),0.326686,-0.00050047,77,4.10873,0.584416,0.0351595,-0.0376451,0.00490306,0.0127106,0.00367152,0.0469073,0.0782718,0.686832,-0.795061,4.27724,-0.153095,0.104081,20,0.817596,0.204399,0.204399,0.00135418,0.0249005,0.110961,0.150561,-0.295235,0.0343747,0.256267,0.205128,-0.624924
EWG,DC55|T60,close,IS (<2008),0.586253,0.00219231,29,2.45988,0.586207,0.109909,-0.0732173,0.0341327,0.0352562,0.0252931,0.108957,0.232138,1.2501,0.0337825,2.23618,-0.156568,0.242782,60,1.10447,0.276118,0.276118,0.0075071,0.0886187,0.168643,0.367081,-0.398714,0.10972,0.245358,0.395361,-0.675689
EWG,DC55|T60,close,OOS (2008-),0.514213,0.0100578,41,2.18776,0.682927,0.0644151,-0.0572733,0.025831,0.0348671,0.0223906,0.0686257,0.326271,2.08916,-0.460523,2.62451,-0.136099,0.155602,59.122,2.24186,0.560464,0.560464,0.0121041,0.0592854,0.145174,0.372491,-0.267279,0.0343747,0.256267,0.205128,-0.624924
EWH,DC20|chanexit,close,IS (<2008),0.385108,-0.00306993,62,5.25906,0.403226,0.069053,-0.0368513,0.00585206,-0.00983817,0.003202,0.0751107,0.0426304,0.335672,1.89466,7.88623,-0.135404,0.29981,18.4355,0.300324,0.0750811,0.0750811,0.000550439,0.0409266,0.163442,0.0991485,-0.403418,0.0750037,0.319173,0.268546,-0.6643
EWH,DC20|chanexit,close,OOS (2008-),0.373992,-0.000394814,107,5.70953,0.420561,0.0433186,-0.0251947,0.0036193,-0.00718729,0.0027367,0.0432648,0.0632546,0.654311,1.08781,4.2566,-0.0804018,0.159447,16.4766,0.76347,0.190868,0.190868,0.00129935,0.0247441,0.115694,0.147306,-0.270643,0.0344281,0.237455,0.201689,-0.613341
EWH,DC20|T20,close,IS (<2008),0.518868,-0.0090123,77,6.53141,0.545455,0.0505191,-0.058951,0.000759926,0.00715531,-0.00220811,0.0720369,-0.0306524,-0.268974,0.321395,4.11186,-0.150371,0.24534,20,0,0,0,0,0.00603143,0.195088,-0.0626642,-0.494425,0.0750037,0.319173,0.268546,-0.6643
EWH,DC20|T20,close,OOS (2008-),0.487908,0.0021757,115,6.13641,0.591304,0.0377371,-0.0373752,0.00703904,0.0105753,0.00597685,0.0487248,0.122666,1.31544,0.00488952,3.90077,-0.107519,0.173416,20,1.26166,0.315414,0.315414,0.00506409,0.0444878,0.132464,0.28845,-0.259762,0.0344281,0.237455,0.201689,-0.613341
EWH,DC20|T60,close,IS (<2008),0.747978,-0.00148932,37,3.13847,0.702703,0.0886205,-0.116064,0.0277685,0.0331178,0.0189233,0.124628,0.151838,0.923597,-0.842286,4.30489,-0.323995,0.227937,60,0.582914,0.145728,0.145728,0.00381679,0.0735933,0.262113,0.259297,-0.697929,0.0750037,0.319173,0.268546,-0.6643
EWH,DC20|T60,close,OOS (2008-),0.768774,-0.000718611,61,3.25497,0.508197,0.08266,-0.0571836,0.0138844,0.0126108,0.0105727,0.0916862,0.115314,0.900631,1.15207,7.59426,-0.171339,0.415882,59.4098,0.675599,0.1689,0.1689,0.00252593,0.0365,0.173754,0.212229,-0.458573,0.0344281,0.237455,0.201689,-0.613341
EWH,DC55|chanexit,close,IS (<2008),0.350741,0.0225279,29,2.45988,0.62069,0.0868339,-0.0373291,0.0397376,0.0153684,0.0347402,0.0804041,0.43207,2.32677,0.506862,2.2421,-0.0824417,0.210179,35.8966,3.12215,0.780539,0.780539,0.0286497,0.120292,0.153662,0.573462,-0.15301,0.0750037,0.319173,0.268546,-0.6643
EWH,DC55|chanexit,close,OOS (2008-),0.321383,0.0042738,46,2.45457,0.391304,0.0764617,-0.0291331,0.0121866,-0.0136149,0.0105333,0.0661859,0.159147,1.07939,1.40761,5.15417,-0.107941,0.223127,32.9348,1.37311,0.343278,0.343278,0.00382838,0.0354484,0.103074,0.252944,-0.231544,0.0344281,0.237455,0.201689,-0.613341
EWH,DC55|T20,close,IS (<2008),0.309973,0.00487335,46,3.90188,0.652174,0.0516448,-0.0548767,0.0145938,0.0195392,0.0116775,0.0686828,0.170021,1.15314,0.299498,4.58315,-0.137976,0.24534,20,1.27756,0.319391,0.319391,0.00635765,0.0765604,0.141726,0.328453,-0.222053,0.0750037,0.319173,0.268546,-0.6643
EWH,DC55|T20,close,OOS (2008-),0.292745,0.000894144,69,3.68185,0.521739,0.041194,-0.0329607,0.00572872,0.00245613,0.0046953,0.0518536,0.0905492,0.752159,0.359743,4.07367,-0.11957,0.151893,20,0.897044,0.224261,0.224261,0.00169347,0.0269261,0.0978097,0.176625,-0.214439,0.0344281,0.237455,0.201689,-0.613341
EWH,DC55|T60,close,IS (<2008),0.505391,0.0020946,25,2.12059,0.68,0.108761,-0.134065,0.0310567,0.0478647,0.0225072,0.145386,0.15481,0.77405,-0.67503,3.42526,-0.306388,0.302234,60,0.523719,0.13093,0.13093,0.00275119,0.0638256,0.214692,0.221355,-0.572286,0.0750037,0.319173,0.268546,-0.6643
EWH,DC55|T60,close,OOS (2008-),0.476029,0.0107647,38,2.02768,0.605263,0.0776433,-0.0554584,0.0251031,0.0360261,0.0219881,0.0846823,0.259654,1.60061,0.331733,3.43767,-0.162836,0.249499,59.0526,1.60938,0.402345,0.402345,0.00781985,0.052869,0.128187,0.356185,-0.310974,0.0344281,0.237455,0.201689,-0.613341
EWI,DC20|chanexit,close,IS (<2008),0.437668,-0.00548968,70,5.93765,0.414286,0.0549249,-0.0286283,0.00598659,-0.00832516,0.00332429,0.0557323,0.0596476,0.499047,1.48127,5.16366,-0.103251,0.195453,18.5571,0.567619,0.141905,0.141905,0.00121877,0.0490743,0.135883,0.146549,-0.29807,0.138783,0.232146,0.515511,-0.446534
EWI,DC20|chanexit,close,OOS (2008-),0.415783,1.04777e-05,113,6.02969,0.486726,0.0457145,-0.033959,0.00482016,-0.0023532,0.00379136,0.0545065,0.069558,0.739411,1.32868,8.88871,-0.146158,0.291403,17.3451,0.67092,0.16773,0.16773,0.00166923,0.0286093,0.14075,0.171035,-0.404737,0.0276733,0.287966,0.190765,-0.690297
EWI,DC20|T20,close,IS (<2008),0.552561,-0.000529582,82,6.95553,0.609756,0.0463858,-0.0420854,0.0118605,0.011882,0.0089697,0.0556153,0.161281,1.46046,0.348994,3.61338,-0.113957,0.203474,20,1.49698,0.374246,0.374246,0.0101874,0.0946375,0.163584,0.406885,-0.292949,0.138783,0.232146,0.515511,-0.446534
EWI,DC20|T20,close,OOS (2008-),0.517607,-0.00542583,122,6.50993,0.581967,0.0447774,-0.061975,0.000151399,0.0167455,-0.00106624,0.0697372,-0.0152894,-0.168877,-1.64196,9.8654,-0.388957,0.148383,20,4.84718e-05,1.21179e-05,1.21179e-05,-2.30547e-12,-0.0103357,0.183555,-0.0403482,-0.634672,0.0276733,0.287966,0.190765,-0.690297
EWI,DC20|T60,close,IS (<2008),0.747978,-0.00786226,37,3.13847,0.675676,0.0887871,-0.0945134,0.0293383,0.0339024,0.0206356,0.107561,0.19185,1.16698,-0.306157,2.39468,-0.1879,0.226851,60,0.887832,0.221958,0.221958,0.00630823,0.0870292,0.19755,0.332714,-0.428005,0.138783,0.232146,0.515511,-0.446534
EWI,DC20|T60,close,OOS (2008-),0.801443,0.000995319,63,3.36169,0.539683,0.106522,-0.0867288,0.0175651,0.0179124,0.0140672,0.125114,0.112435,0.892422,-0.163026,3.62924,-0.334773,0.281123,59.9683,0.450001,0.1125,0.1125,0.00233118,0.035122,0.240749,0.206231,-0.486819,0.0276733,0.287966,0.190765,-0.690297
EWI,DC55|chanexit,close,IS (<2008),0.373315,-0.000260814,31,2.62953,0.419355,0.102951,-0.0367112,0.021857,-0.00886793,0.0167153,0.0897926,0.186155,1.03647,1.36721,4.16711,-0.0974694,0.286495,35.7419,1.22557,0.306392,0.306392,0.00578895,0.0736403,0.128385,0.327717,-0.209045,0.138783,0.232146,0.515511,-0.446534
EWI,DC55|chanexit,close,OOS (2008-),0.3549,-0.00513045,55,2.93481,0.490909,0.0515389,-0.0426714,0.0035773,-0.00476638,0.00150009,0.0573449,0.0261591,0.194001,-0.0591915,2.76096,-0.122078,0.141671,30.4182,0.2321,0.058025,0.058025,0.000111772,0.0136698,0.127381,0.0602604,-0.523437,0.0276733,0.287966,0.190765,-0.690297
EWI,DC55|T20,close,IS (<2008),0.357143,0.0018787,53,4.49565,0.603774,0.0487769,-0.0381853,0.0143202,0.00886503,0.011378,0.0540692,0.210434,1.53198,0.359588,2.55049,-0.0877762,0.151432,20,2.05241,0.513103,0.513103,0.0114257,0.0851974,0.130412,0.406426,-0.184331,0.138783,0.232146,0.515511,-0.446534
EWI,DC55|T20,close,OOS (2008-),0.339415,-0.00777177,80,4.26881,0.575,0.040812,-0.0599877,-0.00202788,0.00736309,-0.00341218,0.0684002,-0.0498855,-0.446189,-0.67866,4.831,-0.229401,0.195376,20,0,0,0,0,-0.0108654,0.138325,-0.111032,-0.566713,0.0276733,0.287966,0.190765,-0.690297
EWI,DC55|T60,close,IS (<2008),0.545822,5.5901e-05,27,2.29023,0.666667,0.0874989,-0.0628807,0.0373723,0.0309524,0.0285537,0.105248,0.271299,1.40971,-0.0829376,4.51353,-0.255246,0.286495,60,1.25944,0.314859,0.314859,0.00906683,0.0939854,0.168367,0.396399,-0.306433,0.138783,0.232146,0.515511,-0.446534
EWI,DC55|T60,close,OOS (2008-),0.572762,0.000425467,45,2.40121,0.644444,0.0796409,-0.0955858,0.0173381,0.0280508,0.0135042,0.103885,0.129992,0.872013,-0.724648,3.90209,-0.321493,0.203961,60,0.607101,0.151775,0.151775,0.00216593,0.0334348,0.199653,0.195189,-0.478981,0.0276733,0.287966,0.190765,-0.690297
EWJ,DC20|chanexit,close,IS (<2008),0.333895,-0.00022993,60,5.08941,0.4,0.0553455,-0.0339909,0.00174366,-0.0120656,-0.000604624,0.0555001,-0.0108941,-0.0843854,1.063,3.63748,-0.089896,0.152462,16.5167,0,0,0,0,0.0267937,0.137471,-0.010038,-0.335974,-0.000199201,0.252387,-0.0227162,-0.588939
EWJ,DC20|chanexit,close,OOS (2008-),0.425117,-0.00511891,116,6.18977,0.37931,0.0352899,-0.0218511,-0.00017696,-0.00659188,-0.00121309,0.0381948,-0.0317607,-0.342073,1.99039,9.68224,-0.0712555,0.197542,17.2759,0,0,0,0,0.00219239,0.110339,-0.0524802,-0.308357,0.0507385,0.207715,0.274296,-0.496733
EWJ,DC20|T20,close,IS (<2008),0.438005,-0.000396033,65,5.51353,0.461538,0.0561543,-0.044376,0.00202257,-0.0120759,-0.000849749,0.0616321,-0.0137874,-0.111158,0.614641,3.10942,-0.104971,0.192812,20,6.3748e-05,1.5937e-05,1.5937e-05,-2.61875e-12,0.0257044,0.159458,0.00481099,-0.284202,-0.000199201,0.252387,-0.0227162,-0.588939
EWJ,DC20|T20,close,OOS (2008-),0.540942,-0.00701169,128,6.83009,0.546875,0.0315242,-0.0410164,-0.00134577,0.00300641,-0.00250766,0.0464513,-0.0539847,-0.610767,-0.66362,3.91873,-0.161592,0.0982013,19.9219,0,0,0,0,-0.0105657,0.13685,-0.111816,-0.410411,0.0507385,0.207715,0.274296,-0.496733
EWJ,DC20|T60,close,IS (<2008),0.687332,-0.00314147,34,2.884,0.470588,0.106014,-0.0862545,0.0042249,-0.0322193,-0.00450262,0.112233,-0.0401185,-0.233929,0.368738,2.17263,-0.176527,0.248845,60,0,0,0,0,0.00722449,0.197677,-0.0534295,-0.443024,-0.000199201,0.252387,-0.0227162,-0.588939
EWJ,DC20|T60,close,OOS (2008-),0.758804,-0.0035681,60,3.20161,0.616667,0.0583131,-0.0591844,0.0132724,0.021548,0.00991034,0.0726959,0.136326,1.05598,-0.321185,3.38069,-0.172019,0.197542,59.6167,0.927767,0.231942,0.231942,0.00322922,0.0379003,0.168918,0.221599,-0.318924,0.0507385,0.207715,0.274296,-0.496733
EWJ,DC55|chanexit,close,IS (<2008),0.303235,0.0117968,25,2.12059,0.56,0.066691,-0.0484221,0.0160413,0.00609795,0.0109801,0.0670976,0.163644,0.818221,0.0738137,1.80078,-0.0959131,0.119979,36,1.27985,0.319962,0.319962,0.00325458,0.0571656,0.124451,0.209521,-0.235993,-0.000199201,0.252387,-0.0227162,-0.588939
EWJ,DC55|chanexit,close,OOS (2008-),0.392236,-0.00747093,54,2.88145,0.462963,0.0497697,-0.038428,0.00240429,-0.00948218,0.000270387,0.0536588,0.00503901,0.037029,0.699127,2.93143,-0.0924705,0.140454,34.2407,0.0479341,0.0119835,0.0119835,4.08372e-06,0.0108377,0.0999309,0.0172038,-0.224048,0.0507385,0.207715,0.274296,-0.496733
EWJ,DC55|T20,close,IS (<2008),0.269542,-0.000452281,40,3.39294,0.5,0.0515577,-0.0477885,0.00188463,-0.00272927,-0.000905997,0.0593885,-0.0152554,-0.0964839,0.0963213,2.10284,-0.112177,0.122427,20,4.50908e-05,1.12727e-05,1.12727e-05,-7.41329e-13,0.0287708,0.11745,-0.0169637,-0.274076,-0.000199201,0.252387,-0.0227162,-0.588939
EWJ,DC55|T20,close,OOS (2008-),0.358507,-0.00463546,85,4.53561,0.576471,0.0305809,-0.0390411,0.00109392,0.00462703,-0.000140354,0.0453796,-0.0030929,-0.0285151,-0.822898,4.0551,-0.149919,0.0948682,19.8824,0,0,0,0,0.00871985,0.103841,0.000284023,-0.345928,0.0507385,0.207715,0.274296,-0.496733
EWJ,DC55|T60,close,IS (<2008),0.485175,0.00466229,24,2.03576,0.541667,0.0843018,-0.0735149,0.0119691,0.0261724,0.00330114,0.0919378,0.0359063,0.175904,0.171726,1.91763,-0.11736,0.196541,60,0.204416,0.0511039,0.0511039,0.000150192,0.0366376,0.157461,0.0707011,-0.331193,-0.000199201,0.252387,-0.0227162,-0.588939
EWJ,DC55|T60,close,OOS (2008-),0.56661,-0.00777893,45,2.40121,0.622222,0.0592561,-0.0737101,0.00902443,0.0251125,0.00564047,0.0769687,0.0732827,0.491596,-0.488101,2.53335,-0.180631,0.133089,59.3556,0.478043,0.119511,0.119511,0.000709619,0.020607,0.140724,0.115432,-0.410728,0.0507385,0.207715,0.274296,-0.496733
EWK,DC20|chanexit,close,IS (<2008),0.46597,0.00151384,64,5.4287,0.53125,0.0446162,-0.0238501,0.0125226,0.00174043,0.00938252,0.0503376,0.186392,1.49113,1.54318,5.92689,-0.0693828,0.196615,21.6094,2.16305,0.540764,0.540764,0.0118352,0.0845877,0.133074,0.396905,-0.181256,0.106995,0.233942,0.392136,-0.602477
EWK,DC20|chanexit,close,OOS (2008-),0.403903,-9.73428e-05,109,5.81625,0.422018,0.0420457,-0.0234909,0.00416674,-0.00656316,0.00317012,0.0454381,0.0697679,0.728399,2.10887,11.8507,-0.0688782,0.264335,17.4679,0.830971,0.207743,0.207743,0.00166157,0.0271105,0.116947,0.166903,-0.328914,0.0343031,0.23365,0.201743,-0.712264
EWK,DC20|T20,close,IS (<2008),0.532345,-0.00263727,79,6.70106,0.56962,0.043111,-0.0396839,0.00747777,0.0130868,0.00464538,0.0540258,0.0859846,0.764248,-0.246097,4.02484,-0.167052,0.139324,20,0.794551,0.198638,0.198638,0.0027096,0.0622928,0.152571,0.228445,-0.459472,0.106995,0.233942,0.392136,-0.602477
EWK,DC20|T20,close,OOS (2008-),0.525032,0.00215923,124,6.61665,0.637097,0.0316309,-0.0362772,0.00698686,0.00770385,0.0058928,0.0440894,0.133656,1.48833,-0.418657,4.01979,-0.144737,0.119285,19.9597,1.47403,0.368508,0.368508,0.00631153,0.0476601,0.140965,0.300908,-0.290862,0.0343031,0.23365,0.201743,-0.712264
EWK,DC20|T60,close,IS (<2008),0.747978,7.47402e-05,37,3.13847,0.621622,0.0870025,-0.0620535,0.0306029,0.021305,0.0219227,0.0959942,0.228375,1.38915,0.157339,2.66319,-0.179941,0.229195,60,1.23355,0.308388,0.308388,0.00926475,0.0958398,0.189897,0.380843,-0.444776,0.106995,0.233942,0.392136,-0.602477
EWK,DC20|T60,close,OOS (2008-),0.758591,0.0101975,60,3.20161,0.65,0.0738681,-0.0671443,0.0245138,0.0319187,0.021346,0.0902934,0.236407,1.8312,-0.0363604,4.29147,-0.256487,0.264335,59.6,1.28305,0.320762,0.320762,0.00962729,0.0715225,0.185374,0.389863,-0.393868,0.0343031,0.23365,0.201743,-0.712264
EWK,DC55|chanexit,close,IS (<2008),0.395553,0.00729059,34,2.884,0.5,0.0895656,-0.0399358,0.0248149,-0.00453597,0.0198639,0.0795032,0.24985,1.45686,0.747923,2.76958,-0.108877,0.217516,34.5294,1.77991,0.444978,0.444978,0.0110087,0.088786,0.11703,0.467125,-0.202286,0.106995,0.233942,0.392136,-0.602477
EWK,DC55|chanexit,close,OOS (2008-),0.364658,0.00796483,49,2.61465,0.530612,0.0583187,-0.0306865,0.0165408,0.00331098,0.014527,0.0625763,0.232149,1.62505,1.66887,7.92292,-0.0818806,0.281794,35.0816,2.24537,0.561344,0.561344,0.00912538,0.048239,0.102368,0.373975,-0.197452,0.0343031,0.23365,0.201743,-0.712264
EWK,DC55|T20,close,IS (<2008),0.357143,0.00427306,53,4.49565,0.660377,0.0432574,-0.0416677,0.0144149,0.0202417,0.0115557,0.0528071,0.218829,1.5931,-0.227546,3.29621,-0.113543,0.136284,20,2.03279,0.508196,0.508196,0.0115939,0.0863533,0.114176,0.456219,-0.210641,0.106995,0.233942,0.392136,-0.602477
EWK,DC55|T20,close,OOS (2008-),0.339415,0.000290599,80,4.26881,0.6,0.0309999,-0.0335313,0.00518741,0.00385734,0.00403171,0.0436715,0.0923189,0.825725,-0.172033,3.64959,-0.122968,0.111422,20,1.05814,0.264536,0.264536,0.00199436,0.0275992,0.105331,0.177573,-0.265522,0.0343031,0.23365,0.201743,-0.712264
EWK,DC55|T60,close,IS (<2008),0.626685,-0.0138227,31,2.62953,0.548387,0.0961159,-0.0802336,0.0164742,0.0272155,0.00802522,0.109418,0.0733445,0.408365,0.0687924,2.59404,-0.212841,0.252454,60,0.346932,0.0867329,0.0867329,0.000800507,0.0465807,0.171961,0.134195,-0.555827,0.106995,0.233942,0.392136,-0.602477
EWK,DC55|T60,close,OOS (2008-),0.526305,0.0183368,42,2.24112,0.714286,0.0677336,-0.054649,0.0327671,0.031854,0.0293865,0.0778617,0.377419,2.44596,0.209043,4.95213,-0.176576,0.281794,59.0714,2.35836,0.58959,0.58959,0.0170685,0.0754504,0.134354,0.503775,-0.222264,0.0343031,0.23365,0.201743,-0.712264
EWL,DC20|chanexit,close,IS (<2008),0.458221,-0.00349499,76,6.44659,0.368421,0.0464215,-0.0204887,0.00416243,-0.00996293,0.00157312,0.0446708,0.0352157,0.307004,2.2037,8.70417,-0.0504929,0.198942,17.8947,0.415409,0.103852,0.103852,0.000458582,0.0420047,0.130768,0.0952935,-0.248897,0.0865932,0.225979,0.315749,-0.468041
EWL,DC20|chanexit,close,OOS (2008-),0.454815,-0.00317327,120,6.40321,0.425,0.0344509,-0.020493,0.00285817,-0.00589739,0.00188616,0.0343168,0.0549632,0.602091,0.940034,3.85112,-0.0645702,0.122345,17.8667,0.828424,0.207106,0.207106,0.00109092,0.0226245,0.10502,0.131571,-0.308264,0.0684423,0.195772,0.364502,-0.501817
EWL,DC20|T20,close,IS (<2008),0.552561,0.000319942,82,6.95553,0.585366,0.0369116,-0.0306647,0.00889216,0.00929827,0.00598429,0.0415216,0.144125,1.3051,0.20057,2.63079,-0.0773145,0.117705,20,1.77752,0.44438,0.44438,0.00807815,0.0769351,0.148056,0.323196,-0.199148,0.0865932,0.225979,0.315749,-0.468041
EWL,DC20|T20,close,OOS (2008-),0.572762,-0.0003467,135,7.20362,0.622222,0.0294633,-0.0316358,0.00638144,0.00884999,0.00531684,0.0396571,0.13407,1.55775,-0.372004,3.99381,-0.114478,0.126387,20,1.64831,0.412079,0.412079,0.00693006,0.0477607,0.129357,0.316758,-0.289885,0.0684423,0.195772,0.364502,-0.501817
EWL,DC20|T60,close,IS (<2008),0.747978,0.00349819,37,3.13847,0.675676,0.0722412,-0.0600024,0.0293514,0.0257605,0.0204912,0.0876068,0.2339,1.42276,-0.679028,4.81925,-0.258322,0.198942,60,1.22976,0.30744,0.30744,0.00875457,0.0951959,0.186098,0.381662,-0.317508,0.0865932,0.225979,0.315749,-0.468041
EWL,DC20|T60,close,OOS (2008-),0.809504,-0.00277593,64,3.41505,0.671875,0.0598855,-0.0689095,0.0176246,0.0278725,0.0141085,0.0813452,0.17344,1.38752,-0.883715,5.17597,-0.289104,0.1887,59.625,0.988008,0.247002,0.247002,0.00526039,0.0517179,0.163029,0.304676,-0.438775,0.0684423,0.195772,0.364502,-0.501817
EWL,DC55|chanexit,close,IS (<2008),0.389488,-0.0048436,35,2.96882,0.371429,0.0774412,-0.0307809,0.00941588,-0.00514706,0.00451067,0.0598819,0.075326,0.445635,0.881819,2.99619,-0.0953449,0.16803,33.0286,0.669795,0.167449,0.167449,0.000976919,0.04626,0.116894,0.126781,-0.160634,0.0865932,0.225979,0.315749,-0.468041
EWL,DC55|chanexit,close,OOS (2008-),0.405812,-0.00548858,64,3.41505,0.4375,0.0511306,-0.0315943,0.00459784,-0.0111224,0.00297576,0.0516167,0.0576511,0.461209,1.16088,4.65326,-0.0712305,0.196844,29.8906,0.586468,0.146617,0.146617,0.000649228,0.0200512,0.0890626,0.109493,-0.249901,0.0684423,0.195772,0.364502,-0.501817
EWL,DC55|T20,close,IS (<2008),0.390836,-0.000637221,58,4.91976,0.551724,0.0392108,-0.0305307,0.00794735,0.0046692,0.00502713,0.0434104,0.115805,0.881943,0.300701,2.6499,-0.0756599,0.117705,20,1.37886,0.344715,0.344715,0.003722,0.0586583,0.122339,0.222761,-0.173914,0.0865932,0.225979,0.315749,-0.468041
EWL,DC55|T20,close,OOS (2008-),0.415783,0.000356537,98,5.22929,0.632653,0.0275335,-0.0280887,0.00710083,0.0100681,0.00602008,0.0358094,0.168114,1.66425,-0.327786,4.65237,-0.114478,0.126387,20,2.2693,0.567324,0.567324,0.00785209,0.043086,0.0955451,0.3421,-0.188645,0.0684423,0.195772,0.364502,-0.501817
EWL,DC55|T60,close,IS (<2008),0.545822,-0.00366924,27,2.29023,0.62963,0.0726738,-0.0630463,0.0224071,0.0375891,0.0133238,0.0882125,0.151042,0.784838,-0.940605,5.11344,-0.258322,0.17459,60,0.818767,0.204692,0.204692,0.0027581,0.0602292,0.15446,0.214818,-0.362498,0.0865932,0.225979,0.315749,-0.468041
EWL,DC55|T60,close,OOS (2008-),0.564701,0.00685735,45,2.40121,0.733333,0.0575002,-0.056843,0.0270087,0.0273479,0.0236088,0.0653684,0.361166,2.42277,-0.288069,3.69102,-0.129115,0.185395,59.1556,2.58155,0.645388,0.645388,0.0161432,0.0672863,0.119545,0.48696,-0.204124,0.0684423,0.195772,0.364502,-0.501817
EWM,DC20|chanexit,close,IS (<2008),0.391173,0.0223871,55,4.66529,0.490909,0.100037,-0.0382981,0.0296121,-0.00026962,0.0265552,0.144023,0.184381,1.36741,3.6914,17.9979,-0.12554,0.773336,21.1091,0.951767,0.237942,0.237942,0.0122414,0.132,0.205521,0.524384,-0.364492,0.0206822,0.366715,0.135634,-0.891919
EWM,DC20|chanexit,close,OOS (2008-),0.367628,0.00213627,105,5.60281,0.438095,0.0367693,-0.0204698,0.00460636,-0.0024925,0.00369484,0.0443467,0.0833171,0.853746,2.29887,10.8706,-0.0957934,0.230366,16.5048,1.04193,0.260482,0.260482,0.00233189,0.0299978,0.0981081,0.206813,-0.299523,0.0194001,0.192909,0.123355,-0.521227
EWM,DC20|T20,close,IS (<2008),0.46496,0.015498,69,5.85282,0.594203,0.0736112,-0.0527586,0.0223307,0.0136476,0.0194471,0.118781,0.163722,1.35998,3.71411,24.4416,-0.173719,0.772065,20,0.922315,0.230579,0.230579,0.0110815,0.120019,0.22177,0.453673,-0.394069,0.0206822,0.366715,0.135634,-0.891919
EWM,DC20|T20,close,OOS (2008-),0.47518,0.00136206,112,5.97633,0.571429,0.0296272,-0.0295098,0.00428282,0.0052424,0.00325068,0.0382129,0.0850677,0.900272,-0.0360985,3.45006,-0.100786,0.109004,20,1.11842,0.279605,0.279605,0.00237743,0.0295918,0.111577,0.191011,-0.288647,0.0194001,0.192909,0.123355,-0.521227
EWM,DC20|T60,close,IS (<2008),0.707547,0.0248707,35,2.96882,0.542857,0.170299,-0.103153,0.0452922,0.015366,0.0367181,0.223329,0.164412,0.972676,1.72628,7.33425,-0.32626,0.773336,60,0.433148,0.108287,0.108287,0.00507763,0.0962362,0.264147,0.338032,-0.589259,0.0206822,0.366715,0.135634,-0.891919
EWM,DC20|T60,close,OOS (2008-),0.735893,-0.0029256,58,3.09489,0.551724,0.0666591,-0.0684691,0.00608437,0.00700551,0.00272237,0.101402,0.0268472,0.204462,-1.00289,5.79326,-0.337062,0.198614,59.8103,0.132821,0.0332052,0.0332052,0.000122602,0.0054213,0.157285,0.0238196,-0.488914,0.0194001,0.192909,0.123355,-0.521227
EWM,DC55|chanexit,close,IS (<2008),0.363544,0.0458832,29,2.45988,0.586207,0.141816,-0.0600097,0.0583017,0.022029,0.0532299,0.168997,0.314976,1.6962,1.94856,7.43965,-0.206834,0.669637,37.2069,1.30112,0.32528,0.32528,0.0178893,0.147231,0.197746,0.60497,-0.274283,0.0206822,0.366715,0.135634,-0.891919
EWM,DC55|chanexit,close,OOS (2008-),0.30314,-0.00161836,51,2.72137,0.411765,0.0501656,-0.0305782,0.00266925,-0.0144655,0.00102756,0.0496997,0.0206754,0.147652,1.16684,4.2527,-0.0799739,0.144277,28.0196,0.214756,0.053689,0.053689,6.55881e-05,0.0136586,0.0842386,0.0360963,-0.276047,0.0194001,0.192909,0.123355,-0.521227
EWM,DC55|T20,close,IS (<2008),0.309973,0.0295005,46,3.90188,0.76087,0.069526,-0.0695233,0.0362751,0.0303292,0.0334496,0.103044,0.324614,2.20164,2.03164,12.1778,-0.179557,0.520562,20,1.95134,0.487834,0.487834,0.0272174,0.15448,0.176347,0.691598,-0.250247,0.0206822,0.366715,0.135634,-0.891919
EWM,DC55|T20,close,OOS (2008-),0.309716,-0.00289849,73,3.89529,0.424658,0.0392176,-0.0286751,0.000156034,-0.00452022,-0.00100987,0.0427769,-0.0236077,-0.201705,0.495877,3.62881,-0.0987252,0.138633,20,0,0,0,0,0.00667685,0.0859369,-0.0433802,-0.299519,0.0194001,0.192909,0.123355,-0.521227
EWM,DC55|T60,close,IS (<2008),0.525606,0.0234677,26,2.20541,0.615385,0.159459,-0.140737,0.0439989,0.0366945,0.0353151,0.211278,0.16715,0.852302,0.909769,4.48374,-0.302409,0.669637,60,0.440203,0.110051,0.110051,0.0037177,0.0747431,0.235797,0.265134,-0.46243,0.0206822,0.366715,0.135634,-0.891919
EWM,DC55|T60,close,OOS (2008-),0.526941,-0.00710851,42,2.24112,0.428571,0.0776666,-0.0555775,0.00152712,-0.00368733,-0.00152358,0.0843192,-0.0180692,-0.117102,0.176252,2.90265,-0.191262,0.199537,59.1429,5.1549e-05,1.28872e-05,1.28872e-05,-1.29165e-12,0.0028229,0.119653,-0.0340458,-0.519235,0.0194001,0.192909,0.123355,-0.521227
EWN,DC20|chanexit,close,IS (<2008),0.447439,-0.00432564,68,5.768,0.367647,0.0556068,-0.0254219,0.0043681,-0.00762051,0.00146473,0.0532855,0.0274884,0.226675,1.79336,7.08272,-0.0942247,0.229502,19.5294,0.268347,0.0670867,0.0670867,0.00024723,0.038292,0.126564,0.0659877,-0.332617,0.0886052,0.23235,0.321501,-0.597525
EWN,DC20|chanexit,close,OOS (2008-),0.438269,-0.00306638,116,6.18977,0.431034,0.0480392,-0.0295311,0.00390434,-0.0084036,0.00292051,0.0542054,0.0538786,0.58029,2.14803,9.94544,-0.0903083,0.261328,17.8103,0.530875,0.132719,0.132719,0.00104234,0.0238902,0.127015,0.138566,-0.41548,0.0696753,0.250321,0.338405,-0.634922
EWN,DC20|T20,close,IS (<2008),0.552561,-0.0065541,82,6.95553,0.54878,0.0364668,-0.0391251,0.00235826,0.0028589,-0.000624203,0.0482451,-0.0129381,-0.11716,-0.410874,3.18102,-0.14197,0.0997932,20,0,0,0,0,0.0288364,0.151218,0.0173823,-0.510599,0.0886052,0.23235,0.321501,-0.597525
EWN,DC20|T20,close,OOS (2008-),0.560034,-4.5014e-05,132,7.04354,0.583333,0.0441817,-0.0431931,0.00777554,0.0121365,0.00667792,0.0570765,0.116999,1.34422,0.000765552,4.02278,-0.165801,0.198869,20,1.02596,0.256489,0.256489,0.00528147,0.0509627,0.154229,0.308247,-0.318164,0.0696753,0.250321,0.338405,-0.634922
EWN,DC20|T60,close,IS (<2008),0.768194,-0.0043839,38,3.22329,0.657895,0.0749903,-0.0789964,0.0223106,0.0278767,0.0134058,0.0924583,0.144993,0.893796,-0.768262,3.85885,-0.265323,0.15622,60,0.757008,0.189252,0.189252,0.00360251,0.0681316,0.185412,0.247408,-0.433273,0.0886052,0.23235,0.321501,-0.597525
EWN,DC20|T60,close,OOS (2008-),0.809716,-0.00319024,64,3.41505,0.625,0.0818948,-0.0830402,0.0200442,0.0288448,0.0168578,0.113537,0.148478,1.18782,-0.352021,5.21754,-0.392017,0.297956,59.6406,0.635869,0.158967,0.158967,0.00402397,0.0500279,0.211505,0.270248,-0.587502,0.0696753,0.250321,0.338405,-0.634922
EWN,DC55|chanexit,close,IS (<2008),0.381739,-0.00248459,35,2.96882,0.457143,0.0704003,-0.0373982,0.0118811,-0.00741223,0.00711337,0.0662436,0.107382,0.63528,0.8487,2.86989,-0.099121,0.167953,32.3714,0.874279,0.21857,0.21857,0.00200754,0.0531038,0.112822,0.185088,-0.298096,0.0886052,0.23235,0.321501,-0.597525
EWN,DC55|chanexit,close,OOS (2008-),0.379932,-0.0032428,57,3.04153,0.508772,0.0543174,-0.0374839,0.00922201,0.00108583,0.00731927,0.0639737,0.114411,0.863781,1.39319,6.17923,-0.104435,0.258322,31.4211,0.981904,0.245476,0.245476,0.00236838,0.0308842,0.111358,0.202621,-0.297131,0.0696753,0.250321,0.338405,-0.634922
EWN,DC55|T20,close,IS (<2008),0.37062,0.00137712,55,4.66529,0.618182,0.0322574,-0.0252776,0.0102895,0.00393607,0.00730701,0.0402171,0.181689,1.34744,-0.252625,3.589,-0.108439,0.0931323,20,2.21856,0.55464,0.55464,0.00830394,0.0697979,0.114752,0.320885,-0.24509,0.0886052,0.23235,0.321501,-0.597525
EWN,DC55|T20,close,OOS (2008-),0.386084,-0.00659492,91,4.85577,0.582418,0.0358952,-0.0470769,0.00124749,0.00960297,0.000128006,0.0533685,0.00239853,0.0228805,-0.537074,4.04652,-0.165801,0.153394,20,0.022719,0.00567974,0.00567974,1.54452e-06,0.0077169,0.128029,0.0142012,-0.434998,0.0696753,0.250321,0.338405,-0.634922
EWN,DC55|T60,close,IS (<2008),0.566038,-0.00161694,28,2.37506,0.607143,0.0800589,-0.0602137,0.0249518,0.0216616,0.0161727,0.088823,0.182078,0.963468,-0.211139,2.43364,-0.16788,0.167953,60,1.03869,0.259671,0.259671,0.00437297,0.0722595,0.149059,0.292858,-0.39459,0.0886052,0.23235,0.321501,-0.597525
EWN,DC55|T60,close,OOS (2008-),0.566398,0.010847,45,2.40121,0.688889,0.0738603,-0.0539319,0.0341027,0.0331604,0.0307917,0.0785122,0.392189,2.63089,-0.210377,3.4501,-0.180819,0.218577,59.3333,2.32931,0.582327,0.582327,0.0189977,0.0831152,0.161993,0.487249,-0.352856,0.0696753,0.250321,0.338405,-0.634922
EWO,DC20|chanexit,close,IS (<2008),0.423518,0.00355344,66,5.59835,0.409091,0.0706813,-0.0241146,0.0146656,-0.00284738,0.012069,0.0715789,0.168611,1.3698,2.38342,9.25353,-0.0667835,0.329707,19.0455,1.47667,0.369167,0.369167,0.0106154,0.0957088,0.128916,0.484542,-0.245869,0.132579,0.22519,0.500179,-0.433741
EWO,DC20|chanexit,close,OOS (2008-),0.399448,0.00785302,100,5.33601,0.47,0.0628867,-0.0294764,0.0139343,-0.00442588,0.0128537,0.077958,0.16488,1.6488,3.05254,16.519,-0.0893177,0.483487,18.83,1.36516,0.34129,0.34129,0.00992016,0.0707194,0.135591,0.468107,-0.306984,0.0428904,0.278101,0.240655,-0.750632
EWO,DC20|T20,close,IS (<2008),0.525606,-0.00312553,78,6.61623,0.538462,0.0519081,-0.0419793,0.00857542,0.00506778,0.00581681,0.0572387,0.101624,0.897517,0.159157,2.4777,-0.102418,0.147181,20,0.905592,0.226398,0.226398,0.00380802,0.0716124,0.148454,0.289385,-0.392049,0.132579,0.22519,0.500179,-0.433741
EWO,DC20|T20,close,OOS (2008-),0.499576,0.00235455,118,6.29649,0.584746,0.0487927,-0.0474267,0.00883718,0.00753938,0.00765471,0.0660721,0.115854,1.2585,-0.393697,4.73488,-0.238298,0.177096,19.9576,0.856835,0.214209,0.214209,0.00453321,0.0494463,0.164453,0.290445,-0.430312,0.0428904,0.278101,0.240655,-0.750632
EWO,DC20|T60,close,IS (<2008),0.747978,-0.0102928,37,3.13847,0.567568,0.108968,-0.0844569,0.0253245,0.0141571,0.0165342,0.124197,0.133129,0.809792,0.0534709,2.20816,-0.216549,0.276433,60,0.552298,0.138075,0.138075,0.00313261,0.0683807,0.200236,0.244535,-0.521986,0.132579,0.22519,0.500179,-0.433741
EWO,DC20|T60,close,OOS (2008-),0.771744,0.0124321,61,3.25497,0.590164,0.118382,-0.0937701,0.0314345,0.0203657,0.0282706,0.149005,0.189729,1.48183,0.159009,4.84941,-0.441113,0.483487,59.6393,0.639504,0.159876,0.159876,0.00644426,0.0721309,0.221283,0.363045,-0.52902,0.0428904,0.278101,0.240655,-0.750632
EWO,DC55|chanexit,close,IS (<2008),0.377358,0.0137129,31,2.62953,0.516129,0.103815,-0.0391821,0.0346229,0.0053405,0.0298668,0.0921758,0.32402,1.80407,1.00594,3.19372,-0.0735761,0.289531,36.129,2.16632,0.54158,0.54158,0.018152,0.110099,0.120588,0.617576,-0.169807,0.132579,0.22519,0.500179,-0.433741
EWO,DC55|chanexit,close,OOS (2008-),0.362113,0.0139102,51,2.72137,0.529412,0.0842366,-0.0419689,0.0248458,0.00130258,0.022799,0.0896983,0.254174,1.81517,1.53624,5.74485,-0.108734,0.330765,33.4706,1.74691,0.436729,0.436729,0.0115599,0.0679366,0.122813,0.482274,-0.282782,0.0428904,0.278101,0.240655,-0.750632
EWO,DC55|T20,close,IS (<2008),0.357143,0.00916619,53,4.49565,0.584906,0.0580243,-0.0319159,0.0206906,0.0225818,0.0181085,0.055049,0.328953,2.39481,0.350191,2.78288,-0.0763777,0.162751,20,3.18076,0.79519,0.79519,0.0281177,0.117982,0.118974,0.683757,-0.146403,0.132579,0.22519,0.500179,-0.433741
EWO,DC55|T20,close,OOS (2008-),0.338354,0.00748145,80,4.26881,0.6125,0.0513263,-0.0453275,0.0138729,0.0100629,0.0127763,0.0653493,0.195507,1.74867,-0.390382,5.13271,-0.238298,0.197049,19.9375,1.41526,0.353815,0.353815,0.00850755,0.0610116,0.131848,0.408551,-0.357935,0.0428904,0.278101,0.240655,-0.750632
EWO,DC55|T60,close,IS (<2008),0.545822,0.0090038,27,2.29023,0.666667,0.105881,-0.0795164,0.0440819,0.0460122,0.0358308,0.113253,0.316379,1.64395,0.104016,2.33386,-0.157647,0.289531,60,1.46575,0.366437,0.366437,0.0131132,0.114689,0.156869,0.533297,-0.26027,0.132579,0.22519,0.500179,-0.433741
EWO,DC55|T60,close,OOS (2008-),0.539033,0.0160159,43,2.29449,0.697674,0.0895909,-0.0904093,0.0351722,0.0308121,0.0317093,0.119683,0.264943,1.73735,0.0319897,3.95448,-0.288705,0.330765,59.093,1.09835,0.274588,0.274588,0.00876592,0.0726169,0.164979,0.422366,-0.398877,0.0428904,0.278101,0.240655,-0.750632
EWP,DC20|chanexit,close,IS (<2008),0.450472,0.000338415,71,6.02247,0.394366,0.0768357,-0.0263568,0.0143388,-0.00802494,0.0115941,0.0717093,0.161682,1.36235,1.85083,5.79325,-0.0852871,0.25533,18.831,1.34105,0.335264,0.335264,0.0100318,0.0964496,0.13568,0.472075,-0.322968,0.174482,0.232398,0.648055,-0.496118
EWP,DC20|chanexit,close,OOS (2008-),0.397751,-0.00137047,112,5.97633,0.392857,0.0546305,-0.0287447,0.00400987,-0.00986699,0.00290007,0.0564799,0.051347,0.543405,2.33694,12.9076,-0.0844663,0.336572,16.7411,0.486254,0.121563,0.121563,0.000915252,0.0227057,0.136863,0.12968,-0.505402,0.0391251,0.282044,0.227932,-0.599219
EWP,DC20|T20,close,IS (<2008),0.566038,-0.00207366,84,7.12517,0.571429,0.0479454,-0.0340595,0.0128004,0.0117686,0.00988074,0.0524237,0.188478,1.72743,0.329894,3.8165,-0.138127,0.186076,20,1.84837,0.462093,0.462093,0.0141999,0.104231,0.155639,0.475575,-0.347597,0.174482,0.232398,0.648055,-0.496118
EWP,DC20|T20,close,OOS (2008-),0.509122,-0.00470095,120,6.40321,0.508333,0.0447916,-0.0428767,0.00168801,0.00138335,0.000400924,0.0590319,0.00679165,0.0743988,-0.317926,4.21024,-0.19321,0.146916,20,0.0579473,0.0144868,0.0144868,1.62729e-05,0.00530806,0.168949,0.0323679,-0.663002,0.0391251,0.282044,0.227932,-0.599219
EWP,DC20|T60,close,IS (<2008),0.768194,-0.0102144,38,3.22329,0.578947,0.10386,-0.0610145,0.0344391,0.0154758,0.0256488,0.114694,0.223628,1.37854,0.598672,3.63004,-0.206809,0.363859,60,1.05469,0.263673,0.263673,0.00947018,0.104515,0.200156,0.410719,-0.609661,0.174482,0.232398,0.648055,-0.496118
EWP,DC20|T60,close,OOS (2008-),0.756046,0.00276104,60,3.20161,0.516667,0.111728,-0.0754036,0.0212808,0.0126368,0.0179136,0.119838,0.149482,1.15788,0.247369,3.23156,-0.242679,0.336572,59.4,0.641926,0.160482,0.160482,0.00401964,0.0499614,0.216014,0.268633,-0.465339,0.0391251,0.282044,0.227932,-0.599219
EWP,DC55|chanexit,close,IS (<2008),0.371294,0.00438304,36,3.05365,0.416667,0.118933,-0.0385312,0.0270788,-0.0160974,0.0226799,0.0972233,0.233277,1.39966,1.49591,5.01872,-0.0848152,0.363859,30.6111,1.48143,0.370358,0.370358,0.0109512,0.0969267,0.120534,0.51895,-0.20258,0.174482,0.232398,0.648055,-0.496118
EWP,DC55|chanexit,close,OOS (2008-),0.326474,-0.00727805,54,2.88145,0.444444,0.0561843,-0.0412397,0.00205984,-0.0028135,-7.87849e-06,0.0655097,-0.000120264,-0.000883759,0.91435,4.35154,-0.12878,0.205804,28.5,4.11615e-05,1.02904e-05,1.02904e-05,-6.42594e-13,0.00800686,0.119985,0.00953626,-0.481621,0.0391251,0.282044,0.227932,-0.599219
EWP,DC55|T20,close,IS (<2008),0.37062,0.00355772,55,4.66529,0.6,0.0554812,-0.0371972,0.0184098,0.0158011,0.0155121,0.0585982,0.26472,1.96322,0.578731,3.09084,-0.0919532,0.186076,20,2.45963,0.614908,0.614908,0.0192866,0.108288,0.121957,0.598814,-0.197839,0.174482,0.232398,0.648055,-0.496118
EWP,DC55|T20,close,OOS (2008-),0.318201,-0.0100214,75,4.00201,0.453333,0.0500564,-0.0479597,-0.00352575,-0.00266902,-0.0049195,0.0721421,-0.0681918,-0.590558,-1.61241,9.70264,-0.361248,0.146913,20,4.4953e-05,1.12383e-05,1.12383e-05,-1.29776e-12,-0.0171229,0.140526,-0.151681,-0.674456,0.0391251,0.282044,0.227932,-0.599219
EWP,DC55|T60,close,IS (<2008),0.566038,-0.0027002,28,2.37506,0.642857,0.107003,-0.075027,0.0419926,0.0229163,0.033163,0.120272,0.275733,1.45904,0.358054,3.47506,-0.206809,0.363859,60,1.21888,0.304721,0.304721,0.0104573,0.104042,0.164513,0.457576,-0.418775,0.174482,0.232398,0.648055,-0.496118
EWP,DC55|T60,close,OOS (2008-),0.560034,-0.00786531,44,2.34785,0.5,0.0942939,-0.0718579,0.011218,0.00143794,0.00744031,0.107669,0.0691037,0.458382,-0.330733,3.76508,-0.330014,0.205804,60,0.323936,0.0809839,0.0809839,0.000619886,0.0177633,0.186273,0.113286,-0.576326,0.0391251,0.282044,0.227932,-0.599219
EWQ,DC20|chanexit,close,IS (<2008),0.451819,-0.0115888,79,6.70106,0.35443,0.0415584,-0.0254805,-0.00171989,-0.00842886,-0.00418551,0.045105,-0.0927949,-0.824779,2.07446,8.99373,-0.0643645,0.207852,16.9747,5.97664e-05,1.49416e-05,1.49416e-05,-1.50253e-12,0.00243548,0.132211,-0.196992,-0.396681,0.12883,0.227637,0.482743,-0.52828
EWQ,DC20|chanexit,close,OOS (2008-),0.405812,-0.00712118,112,5.97633,0.401786,0.0368375,-0.0288384,-0.00245076,-0.0101831,-0.00335438,0.0409765,-0.081861,-0.866335,0.497961,3.77666,-0.0994217,0.118103,17.0804,0,0,0,0,-0.0110447,0.119525,-0.150798,-0.469997,0.0375872,0.255531,0.217485,-0.595991
EWQ,DC20|T20,close,IS (<2008),0.552561,-0.00275235,82,6.95553,0.621951,0.0348726,-0.0337914,0.00891425,0.0150617,0.0059704,0.0422756,0.141226,1.27885,-0.308799,3.14228,-0.10364,0.110449,20,1.64627,0.411569,0.411569,0.00749878,0.077823,0.153765,0.322197,-0.337925,0.12883,0.227637,0.482743,-0.52828
EWQ,DC20|T20,close,OOS (2008-),0.513364,-0.00158451,121,6.45657,0.570248,0.0340064,-0.0360545,0.00389761,0.00580402,0.00282617,0.0476108,0.05936,0.65296,-0.563556,4.6046,-0.143636,0.152214,20,0.617006,0.154252,0.154252,0.00123409,0.0251925,0.145904,0.147225,-0.314793,0.0375872,0.255531,0.217485,-0.595991
EWQ,DC20|T60,close,IS (<2008),0.747978,0.00342459,37,3.13847,0.675676,0.0902247,-0.0699369,0.0382804,0.0495846,0.0295928,0.0988293,0.299434,1.82138,0.29548,3.83127,-0.196017,0.312623,60,1.56633,0.391583,0.391583,0.0158822,0.120806,0.191534,0.496947,-0.392099,0.12883,0.227637,0.482743,-0.52828
EWQ,DC20|T60,close,OOS (2008-),0.738227,0.00676349,58,3.09489,0.637931,0.0780943,-0.0736542,0.0231509,0.031808,0.0199956,0.101343,0.197307,1.50264,-0.446119,4.8235,-0.313482,0.259805,60,0.925097,0.231274,0.231274,0.00630942,0.061193,0.192955,0.331783,-0.371588,0.0375872,0.255531,0.217485,-0.595991
EWQ,DC55|chanexit,close,IS (<2008),0.421833,-0.00604198,39,3.30812,0.461538,0.0667739,-0.0336029,0.0127249,-0.00860379,0.00795915,0.0656167,0.121298,0.757503,1.22146,4.20203,-0.0830345,0.207852,32.1026,1.02241,0.255602,0.255602,0.00291668,0.0580895,0.125605,0.215912,-0.238581,0.12883,0.227637,0.482743,-0.52828
EWQ,DC55|chanexit,close,OOS (2008-),0.355961,-0.00717989,58,3.09489,0.5,0.0415772,-0.0400354,0.000770904,-0.000499566,-0.000799607,0.0557922,-0.0143319,-0.109148,0.689594,4.60411,-0.121842,0.202087,28.931,0,0,0,0,0.00684584,0.109546,-0.0111485,-0.471402,0.0375872,0.255531,0.217485,-0.595991
EWQ,DC55|T20,close,IS (<2008),0.404313,-0.00869549,60,5.08941,0.566667,0.0325332,-0.035555,0.0030283,0.00411805,2.7256e-05,0.0435128,0.000626392,0.00485201,-0.127319,3.03912,-0.100348,0.107825,20,0.00732309,0.00183077,0.00183077,1.111e-07,0.0331684,0.130602,0.0301027,-0.278593,0.12883,0.227637,0.482743,-0.52828
EWQ,DC55|T20,close,OOS (2008-),0.356385,-0.00701356,84,4.48225,0.535714,0.0311362,-0.0391661,-0.00150412,0.00295588,-0.00260288,0.0485846,-0.0535741,-0.491014,-0.628331,5.21849,-0.158559,0.152214,20,5.78464e-05,1.44616e-05,1.44616e-05,-1.09319e-12,-0.00304811,0.121146,-0.0803957,-0.517411,0.0375872,0.255531,0.217485,-0.595991
EWQ,DC55|T60,close,IS (<2008),0.626685,-0.014711,31,2.62953,0.548387,0.0841931,-0.0567533,0.0205399,0.032201,0.0114573,0.085978,0.133258,0.741949,-0.0644613,2.45422,-0.162015,0.207852,60,0.795726,0.198932,0.198932,0.00262316,0.072259,0.162708,0.281406,-0.341319,0.12883,0.227637,0.482743,-0.52828
EWQ,DC55|T60,close,OOS (2008-),0.555367,0.00241697,44,2.34785,0.681818,0.0682165,-0.0873825,0.0187077,0.0397369,0.0155388,0.0916321,0.169578,1.12485,-0.768184,4.53463,-0.291213,0.202087,59.5,0.87609,0.219022,0.219022,0.00352624,0.0410928,0.17073,0.23949,-0.399877,0.0375872,0.255531,0.217485,-0.595991
EWS,DC20|chanexit,close,IS (<2008),0.403302,-0.00101,66,5.59835,0.363636,0.0782675,-0.0367014,0.00510551,-0.011092,0.00249446,0.0856276,0.0291315,0.236665,3.36463,19.2052,-0.10364,0.513304,18.1364,0.181446,0.0453614,0.0453614,0.000275491,0.0338209,0.169824,0.0611227,-0.430036,0.0342275,0.323947,0.150249,-0.752051
EWS,DC20|chanexit,close,OOS (2008-),0.392448,-0.00201533,109,5.81625,0.412844,0.0443598,-0.0257108,0.00321744,-0.00780396,0.00218132,0.0460398,0.0473789,0.494651,1.22998,5.6809,-0.0999965,0.203718,16.9725,0.534299,0.133575,0.133575,0.000738868,0.0209991,0.112813,0.115797,-0.220045,0.0517911,0.227788,0.273551,-0.605659
EWS,DC20|T20,close,IS (<2008),0.525606,-0.0115715,78,6.61623,0.474359,0.0557117,-0.0593537,-0.00477139,-0.00445288,-0.00770696,0.0829468,-0.0929145,-0.820599,0.190063,7.07471,-0.319808,0.292565,20,6.25753e-05,1.56438e-05,1.56438e-05,-5.49873e-12,-0.0309142,0.199835,-0.243394,-0.642164,0.0342275,0.323947,0.150249,-0.752051
EWS,DC20|T20,close,OOS (2008-),0.508061,0.000973885,120,6.40321,0.533333,0.0414683,-0.0323254,0.00703124,0.00403243,0.00590883,0.0519552,0.113729,1.24584,1.27173,10.0227,-0.128166,0.295999,19.9583,1.16656,0.29164,0.29164,0.00479563,0.0445796,0.129952,0.292174,-0.260614,0.0517911,0.227788,0.273551,-0.605659
EWS,DC20|T60,close,IS (<2008),0.747978,-0.0031707,37,3.13847,0.513514,0.135014,-0.107896,0.0168417,0.00155993,0.00842299,0.166815,0.0504931,0.307137,0.347235,4.5157,-0.419501,0.513304,60,0.156693,0.0391731,0.0391731,0.000452649,0.0352401,0.2576,0.118557,-0.623487,0.0342275,0.323947,0.150249,-0.752051
EWS,DC20|T60,close,OOS (2008-),0.788502,-0.0107647,62,3.30833,0.580645,0.0714078,-0.0813435,0.00735076,0.0166864,0.0040591,0.110173,0.036843,0.290102,-0.407893,7.24151,-0.39561,0.405012,59.9516,0.168385,0.0420963,0.0420963,0.000247592,0.00627191,0.188328,0.0528918,-0.587621,0.0517911,0.227788,0.273551,-0.605659
EWS,DC55|chanexit,close,IS (<2008),0.346698,0.0155543,30,2.54471,0.633333,0.0673265,-0.0428107,0.0269429,0.00571184,0.0221821,0.0762746,0.290818,1.59288,0.76864,3.66376,-0.129251,0.235865,34.3,2.15631,0.539078,0.539078,0.013151,0.0896756,0.144995,0.407993,-0.190147,0.0342275,0.323947,0.150249,-0.752051
EWS,DC55|chanexit,close,OOS (2008-),0.352143,-0.00336711,55,2.93481,0.436364,0.0572289,-0.0337789,0.00593359,-0.00880749,0.00409571,0.0633137,0.0646892,0.479748,1.50306,6.99843,-0.130495,0.263795,30.1818,0.545491,0.136373,0.136373,0.00071304,0.0207517,0.101596,0.114408,-0.279464,0.0517911,0.227788,0.273551,-0.605659
EWS,DC55|T20,close,IS (<2008),0.316712,0.000660028,47,3.9867,0.617021,0.0485667,-0.0589869,0.00737596,0.0142217,0.00452459,0.0677122,0.0668209,0.458101,-0.0885321,3.70199,-0.154861,0.206099,20,0.501728,0.125432,0.125432,0.000990382,0.0473928,0.144047,0.134932,-0.225348,0.0342275,0.323947,0.150249,-0.752051
EWS,DC55|T20,close,OOS (2008-),0.334111,-0.00359008,79,4.21545,0.544304,0.0344222,-0.0352801,0.00265913,0.00402096,0.00133951,0.0474355,0.0282386,0.25099,0.256063,5.16435,-0.134138,0.18133,19.9367,0.302379,0.0755946,0.0755946,0.000186682,0.0151762,0.105849,0.0622443,-0.346723,0.0517911,0.227788,0.273551,-0.605659
EWS,DC55|T60,close,IS (<2008),0.46496,0.019932,23,1.95094,0.652174,0.111436,-0.0937625,0.0400624,0.0566262,0.0315257,0.140541,0.224318,1.07579,-1.32689,6.31069,-0.419501,0.272057,60,0.70542,0.176355,0.176355,0.00483251,0.0802433,0.179021,0.312759,-0.460927,0.0342275,0.323947,0.150249,-0.752051
EWS,DC55|T60,close,OOS (2008-),0.577429,-4.67504e-05,46,2.45457,0.565217,0.0758465,-0.056626,0.0182498,0.0198189,0.0145847,0.0890836,0.16372,1.1104,0.846348,5.87693,-0.167197,0.349127,59.1739,0.989027,0.247257,0.247257,0.00384776,0.0413875,0.137193,0.261593,-0.375386,0.0517911,0.227788,0.273551,-0.605659
EWU,DC20|chanexit,close,IS (<2008),0.430593,-0.0101297,78,6.61623,0.320513,0.0420449,-0.0236566,-0.00259844,-0.0123988,-0.00504404,0.0397667,-0.126841,-1.12023,1.6662,6.20998,-0.0630716,0.141432,16.3846,6.25702e-05,1.56426e-05,1.56426e-05,-1.26366e-12,-0.00145453,0.124083,-0.249662,-0.458973,0.0971631,0.213093,0.366981,-0.467844
EWU,DC20|chanexit,close,OOS (2008-),0.406873,-0.00213403,112,5.97633,0.482143,0.0296653,-0.0232358,0.00227011,-0.00288524,0.00123314,0.0388565,0.0317357,0.335859,2.62241,17.0954,-0.0720289,0.252242,17.125,0.429105,0.107276,0.107276,0.000344196,0.0172425,0.103835,0.0811423,-0.308638,0.0379293,0.229305,0.216086,-0.605874
EWU,DC20|T20,close,IS (<2008),0.566038,-0.00676363,84,7.12517,0.5,0.0329051,-0.0280094,0.00244787,0.000425492,-0.000555771,0.0393737,-0.0141153,-0.129369,-0.349295,3.61426,-0.128583,0.0833764,20,5.26796e-05,1.31699e-05,1.31699e-05,-9.46543e-13,0.0319679,0.144631,0.0325055,-0.427579,0.0971631,0.213093,0.366981,-0.467844
EWU,DC20|T20,close,OOS (2008-),0.504879,-0.00386731,119,6.34985,0.579832,0.0303445,-0.038943,0.00123211,0.00922029,6.51457e-05,0.044807,0.00145392,0.0158604,-0.219454,4.46813,-0.132372,0.169099,20,0.0163624,0.00409061,0.00409061,7.40306e-07,0.00811765,0.132519,0.0215389,-0.31256,0.0379293,0.229305,0.216086,-0.605874
EWU,DC20|T60,close,IS (<2008),0.78841,-0.0129404,39,3.30812,0.512821,0.0749074,-0.0493027,0.0143948,0.0168078,0.00568315,0.0742963,0.0764931,0.477699,0.141343,2.50595,-0.131896,0.189048,60,0.530859,0.132715,0.132715,0.00109087,0.0591316,0.179262,0.202493,-0.413121,0.0971631,0.213093,0.366981,-0.467844
EWU,DC20|T60,close,OOS (2008-),0.775986,0.00079506,61,3.25497,0.704918,0.0558995,-0.0793924,0.0159773,0.0259498,0.012586,0.085748,0.146779,1.14638,-0.885241,6.03873,-0.313084,0.24476,59.9672,0.803435,0.200859,0.200859,0.00363283,0.0432976,0.174443,0.250027,-0.399848,0.0379293,0.229305,0.216086,-0.605874
EWU,DC55|chanexit,close,IS (<2008),0.35748,0.00535423,29,2.45988,0.586207,0.0594892,-0.0308788,0.0220955,0.00743868,0.0167103,0.0579614,0.288301,1.55255,0.793399,2.8273,-0.0595906,0.171284,36.5862,2.89747,0.724368,0.724368,0.0128148,0.0765283,0.105486,0.398976,-0.135259,0.0971631,0.213093,0.366981,-0.467844
EWU,DC55|chanexit,close,OOS (2008-),0.345566,-0.00647251,56,2.98817,0.428571,0.0349811,-0.0244028,0.00104748,-0.00563248,-0.000752891,0.040631,-0.01853,-0.138665,1.06231,5.26752,-0.0880396,0.138774,29.0893,0,0,0,0,0.00941937,0.096252,-0.000451022,-0.387681,0.0379293,0.229305,0.216086,-0.605874
EWU,DC55|T20,close,IS (<2008),0.330189,-0.000591076,49,4.15635,0.55102,0.0371196,-0.0267738,0.00843275,0.00621411,0.00561678,0.0408305,0.137563,0.962943,-0.357208,2.94882,-0.0974934,0.0832902,20,1.67143,0.417857,0.417857,0.00428082,0.0587128,0.107678,0.237962,-0.174466,0.0971631,0.213093,0.366981,-0.467844
EWU,DC55|T20,close,OOS (2008-),0.322444,-0.00224073,76,4.05537,0.565789,0.0314223,-0.034267,0.00289929,0.0103983,0.00169173,0.0432238,0.0391388,0.341204,0.0837808,5.30782,-0.100363,0.170379,20,0.458981,0.114745,0.114745,0.000344387,0.0173301,0.104276,0.0824522,-0.30272,0.0379293,0.229305,0.216086,-0.605874
EWU,DC55|T60,close,IS (<2008),0.505391,0.00357512,25,2.12059,0.68,0.0651448,-0.0431315,0.0304963,0.0368383,0.0221987,0.0650389,0.341314,1.70657,-0.00289118,2.58038,-0.10899,0.171284,60,2.68605,0.671512,0.671512,0.0138293,0.0827044,0.128898,0.392128,-0.214631,0.0971631,0.213093,0.366981,-0.467844
EWU,DC55|T60,close,OOS (2008-),0.543487,0.00860596,43,2.29449,0.744186,0.0488588,-0.0495477,0.0236851,0.0290991,0.020321,0.059294,0.342717,2.24734,-0.0882208,3.97202,-0.128294,0.188256,59.5814,2.7753,0.693825,0.693825,0.0142379,0.0579233,0.133859,0.382855,-0.296056,0.0379293,0.229305,0.216086,-0.605874
EWW,DC20|chanexit,close,IS (<2008),0.473046,-0.0112969,72,6.10729,0.347222,0.0893078,-0.0390875,0.00549422,-0.012038,0.00271863,0.0790567,0.0343883,0.291794,1.57114,5.92279,-0.107209,0.324497,19.5,0.226617,0.0566542,0.0566542,0.00041019,0.0364181,0.182594,0.083629,-0.413209,0.180049,0.324786,0.557601,-0.585282
EWW,DC20|chanexit,close,OOS (2008-),0.403267,-0.00555496,116,6.18977,0.362069,0.054615,-0.0322983,-0.000829704,-0.0116583,-0.00172788,0.0514248,-0.0336002,-0.361885,0.991174,3.42094,-0.0885325,0.138471,16.3879,0,0,0,0,-0.00470761,0.140882,-0.0628515,-0.436696,0.0359107,0.274216,0.214609,-0.646175
EWW,DC20|T20,close,IS (<2008),0.579515,-0.00872264,86,7.29482,0.616279,0.0606051,-0.0748928,0.00861172,0.022677,0.00565228,0.0828465,0.0682259,0.632701,-0.760555,3.99225,-0.252928,0.215931,20,0.405363,0.101341,0.101341,0.00183389,0.0579996,0.213605,0.196875,-0.4793,0.180049,0.324786,0.557601,-0.585282
EWW,DC20|T20,close,OOS (2008-),0.543063,-0.00176825,128,6.83009,0.546875,0.045275,-0.0456035,0.00409572,0.00669856,0.00290236,0.0605532,0.0479306,0.542273,-0.0781045,4.17489,-0.184682,0.195799,20,0.39764,0.0994101,0.0994101,0.000862459,0.0217308,0.170296,0.129011,-0.414458,0.0359107,0.274216,0.214609,-0.646175
EWW,DC20|T60,close,IS (<2008),0.808625,-0.0241428,40,3.39294,0.525,0.146741,-0.103798,0.0277352,0.0208806,0.018982,0.157689,0.120376,0.761324,0.306817,3.54939,-0.34208,0.492111,60,0.396816,0.099204,0.099204,0.00279019,0.0633725,0.279751,0.226349,-0.647657,0.180049,0.324786,0.557601,-0.585282
EWW,DC20|T60,close,OOS (2008-),0.783623,-0.0048024,62,3.30833,0.596774,0.0956472,-0.110186,0.0126501,0.0367335,0.00911148,0.127057,0.0717119,0.56466,-0.124627,3.30318,-0.297766,0.371716,59.5806,0.28509,0.0712724,0.0712724,0.000940543,0.0176826,0.216132,0.124545,-0.5656,0.0359107,0.274216,0.214609,-0.646175
EWW,DC55|chanexit,close,IS (<2008),0.43093,-0.00014414,33,2.79918,0.545455,0.1127,-0.0622607,0.0331726,0.0201843,0.0277127,0.117248,0.236361,1.35779,1.18192,4.6881,-0.105422,0.424426,38.7576,1.18805,0.297011,0.297011,0.00990374,0.101317,0.165462,0.44122,-0.320088,0.180049,0.324786,0.557601,-0.585282
EWW,DC55|chanexit,close,OOS (2008-),0.342384,-0.00847269,58,3.09489,0.327586,0.0848776,-0.0418742,-0.000352086,-0.0260975,-0.00197412,0.0741815,-0.026612,-0.202671,1.59228,5.45843,-0.089406,0.26709,27.8276,6.39645e-05,1.59911e-05,1.59911e-05,-2.13998e-12,-1.89299e-05,0.127138,-0.0470242,-0.504139,0.0359107,0.274216,0.214609,-0.646175
EWW,DC55|T20,close,IS (<2008),0.397574,-0.0056672,59,5.00459,0.627119,0.0551656,-0.0617568,0.0115674,0.0211237,0.00870772,0.069463,0.125358,0.96289,-0.516028,2.71306,-0.167897,0.142859,20,0.887381,0.221845,0.221845,0.00424525,0.0710317,0.165271,0.27273,-0.257473,0.180049,0.324786,0.557601,-0.585282
EWW,DC55|T20,close,OOS (2008-),0.343657,-0.00351045,81,4.32217,0.506173,0.0430082,-0.0392124,0.0024054,0.000296009,0.00116015,0.0538283,0.0215529,0.193976,0.105489,3.69403,-0.152404,0.15098,20,0.202904,0.0507261,0.0507261,0.000111268,0.012976,0.128725,0.0553491,-0.446096,0.0359107,0.274216,0.214609,-0.646175
EWW,DC55|T60,close,IS (<2008),0.586253,-0.00712187,29,2.45988,0.586207,0.137073,-0.0863665,0.0446154,0.0560611,0.0360029,0.13644,0.263874,1.421,0.536648,3.12956,-0.14534,0.424426,60,1.06585,0.266462,0.266462,0.0102333,0.114084,0.215943,0.435958,-0.402915,0.180049,0.324786,0.557601,-0.585282
EWW,DC55|T60,close,OOS (2008-),0.623674,-0.00908387,49,2.61465,0.55102,0.092861,-0.0955277,0.00827834,0.0167326,0.00492793,0.12134,0.0406127,0.284289,-0.435024,4.47544,-0.4032,0.26709,60,0.169163,0.0422907,0.0422907,0.000238672,0.00691542,0.195716,0.061947,-0.706585,0.0359107,0.274216,0.214609,-0.646175
^N225,DC20|chanexit,close,IS (<2008),0.444979,0.0014718,240,5.58308,0.458333,0.04944,-0.0278725,0.0075624,-0.00436803,0.00291902,0.0510234,0.0572094,0.886285,1.29558,6.3485,-0.161018,0.233737,19.6458,0.5833,0.145825,0.145825,0.00103527,0.0693544,0.101714,0.137731,-0.448374,0.0612358,0.186332,0.0995997,-0.804504
^N225,DC20|chanexit,close,OOS (2008-),0.437186,0.000656889,106,5.65865,0.45283,0.051324,-0.0261378,0.00893922,-0.00435878,0.00782465,0.0525956,0.14877,1.53168,1.29773,4.44021,-0.0843289,0.169529,18.8774,1.57285,0.393212,0.393212,0.00752356,0.0531263,0.122114,0.369612,-0.279157,0.0841093,0.240544,0.397795,-0.519789
^N225,DC20|T20,close,IS (<2008),0.558701,-0.0021668,296,6.8858,0.581081,0.0368387,-0.0415601,0.00399595,0.00983438,-0.000693491,0.0502649,-0.0137967,-0.237368,-0.57758,4.13388,-0.208089,0.125125,20,6.50393e-05,1.62598e-05,1.62598e-05,-2.29202e-12,0.0476245,0.125288,-0.0307053,-0.719797,0.0612358,0.186332,0.0995997,-0.804504
^N225,DC20|T20,close,OOS (2008-),0.546209,-0.00564732,125,6.67294,0.52,0.0439057,-0.0411582,0.00307501,0.000756693,0.00194671,0.0533065,0.0365192,0.408297,-0.389418,3.60852,-0.200073,0.130844,20,0.342683,0.0856706,0.0856706,0.000487319,0.0177937,0.148462,0.0983827,-0.338226,0.0841093,0.240544,0.397795,-0.519789
^N225,DC20|T60,close,IS (<2008),0.770102,0.00318613,136,3.16375,0.639706,0.0727229,-0.069038,0.0216473,0.0213786,0.00760608,0.0889639,0.0854962,0.997049,-0.171183,2.89644,-0.218778,0.208076,60,0.479771,0.119943,0.119943,0.00126393,0.0722828,0.150286,0.152114,-0.628818,0.0612358,0.186332,0.0995997,-0.804504
^N225,DC20|T60,close,OOS (2008-),0.778894,0.0031058,60,3.20301,0.583333,0.083715,-0.0478527,0.0288951,0.0156995,0.0256664,0.0880182,0.291603,2.25875,0.69322,2.93628,-0.117605,0.242183,59.4167,1.85212,0.463029,0.463029,0.0164336,0.0896764,0.18951,0.473889,-0.293581,0.0841093,0.240544,0.397795,-0.519789
^N225,DC55|chanexit,close,IS (<2008),0.405436,0.0120958,122,2.83807,0.516393,0.0713738,-0.0282294,0.023205,0.0024245,0.0146898,0.0681817,0.21545,2.37973,1.28315,4.05699,-0.0917015,0.235906,35.2131,1.837,0.45925,0.45925,0.00822033,0.0980388,0.0968448,0.413035,-0.246563,0.0612358,0.186332,0.0995997,-0.804504
^N225,DC55|chanexit,close,OOS (2008-),0.38759,0.00360485,53,2.82933,0.377358,0.100871,-0.0318585,0.018228,-0.0115514,0.0163141,0.0759606,0.214771,1.56355,0.967634,2.8737,-0.0915261,0.218261,33.4717,1.61025,0.402562,0.402562,0.00800962,0.0547536,0.120263,0.386283,-0.251074,0.0841093,0.240544,0.397795,-0.519789
^N225,DC55|T20,close,IS (<2008),0.396376,0.00153382,210,4.8852,0.614286,0.035618,-0.0364789,0.00780924,0.0103773,0.00300713,0.046142,0.0651712,0.944421,-0.596213,4.14835,-0.149696,0.113958,20,0.694721,0.17368,0.17368,0.00111899,0.0701589,0.102187,0.145013,-0.230626,0.0612358,0.186332,0.0995997,-0.804504
^N225,DC55|T20,close,OOS (2008-),0.384531,-0.00470365,88,4.69775,0.534091,0.0435175,-0.0411165,0.00408572,0.00495881,0.00289038,0.0540853,0.0534411,0.501322,-0.642846,3.96081,-0.200073,0.109325,20,0.490673,0.122668,0.122668,0.00073026,0.0211285,0.123703,0.117183,-0.280995,0.0841093,0.240544,0.397795,-0.519789
^N225,DC55|T60,close,IS (<2008),0.611552,0.0034244,108,2.51239,0.62963,0.0755824,-0.0683209,0.0222849,0.0254617,0.00784434,0.0921791,0.0850989,0.884373,-0.0750379,3.20415,-0.220504,0.235906,60,0.463396,0.115849,0.115849,0.000999419,0.0696818,0.130695,0.135386,-0.55431,0.0612358,0.186332,0.0995997,-0.804504
^N225,DC55|T60,close,OOS (2008-),0.603015,-0.00237074,46,2.45564,0.586957,0.0852443,-0.0632095,0.0239264,0.0171279,0.0204113,0.0903718,0.225859,1.53185,-0.189049,2.31759,-0.190387,0.197443,60,1.2449,0.311225,0.311225,0.00683907,0.0566621,0.167405,0.329084,-0.391008,0.0841093,0.240544,0.397795,-0.519789
^FTSE,DC20|chanexit,close,IS (<2008),0.451921,-0.0018971,143,5.95969,0.398601,0.0407344,-0.0185159,0.00510137,-0.00624549,0.00129937,0.0397068,0.0327242,0.391324,2.27902,9.82925,-0.0532228,0.219855,19.1608,0.430798,0.1077,0.1077,0.00036323,0.0529615,0.0911214,0.0748376,-0.373631,0.0807187,0.163003,0.257835,-0.525699
^FTSE,DC20|chanexit,close,OOS (2008-),0.417072,-0.00536462,120,6.40321,0.408333,0.0240243,-0.0209146,-0.00256458,-0.00444154,-0.00350499,0.0287436,-0.12194,-1.33579,0.414653,4.07803,-0.0807087,0.0900729,16.45,0,0,0,0,-0.010962,0.0861238,-0.248712,-0.394437,0.0271804,0.177483,0.160508,-0.457959
^FTSE,DC20|T20,close,IS (<2008),0.547584,-0.000392023,166,6.91825,0.596386,0.0294867,-0.0266207,0.00684091,0.00686498,0.00294445,0.0365269,0.0806104,1.03859,0.221086,3.62929,-0.0758728,0.138173,20,1.11732,0.27933,0.27933,0.00248728,0.067456,0.101577,0.211667,-0.284516,0.0807187,0.163003,0.257835,-0.525699
^FTSE,DC20|T20,close,OOS (2008-),0.545109,-0.00123811,129,6.88346,0.573643,0.0229014,-0.025681,0.002188,0.00705885,0.00102283,0.0302596,0.033802,0.383916,-0.301933,3.37912,-0.0805324,0.0891712,20,0.559833,0.139958,0.139958,0.000431382,0.0181737,0.108362,0.0901026,-0.262538,0.0271804,0.177483,0.160508,-0.457959
^FTSE,DC20|T60,close,IS (<2008),0.771895,-0.00365778,78,3.25074,0.589744,0.0629462,-0.0468063,0.0179195,0.0111577,0.00635163,0.0755364,0.0840869,0.742635,-1.02981,6.2578,-0.29135,0.164017,60,0.537263,0.134316,0.134316,0.00122013,0.061281,0.140013,0.145634,-0.469069,0.0807187,0.163003,0.257835,-0.525699
^FTSE,DC20|T60,close,OOS (2008-),0.773294,-0.003906,61,3.25497,0.606557,0.0421447,-0.0492195,0.00619816,0.0124735,0.00287683,0.0683818,0.04207,0.328577,-1.48113,8.16705,-0.287638,0.182251,60,0.302711,0.0756777,0.0756777,0.00031122,0.0154667,0.15256,0.0846452,-0.374639,0.0271804,0.177483,0.160508,-0.457959
^FTSE,DC55|chanexit,close,IS (<2008),0.403101,-0.0039992,74,3.08404,0.405405,0.057988,-0.0261317,0.00797084,-0.0062095,0.00151048,0.0519007,0.0291033,0.250356,1.65918,6.35801,-0.0684602,0.228849,33.027,0.291182,0.0727956,0.0727956,0.000147927,0.0504636,0.0803717,0.0438089,-0.211481,0.0807187,0.163003,0.257835,-0.525699
^FTSE,DC55|chanexit,close,OOS (2008-),0.352419,-0.0106111,57,3.04153,0.350877,0.0292953,-0.0245579,-0.00566204,-0.0121104,-0.007303,0.0347983,-0.209867,-1.58446,2.08749,9.85534,-0.0596096,0.152869,29.2632,3.70146e-05,9.25365e-06,9.25365e-06,-1.54923e-13,-0.00986406,0.0740186,-0.287562,-0.39461,0.0271804,0.177483,0.160508,-0.457959
^FTSE,DC55|T20,close,IS (<2008),0.392545,-0.00365601,119,4.95946,0.605042,0.027228,-0.0326345,0.00358483,0.00677939,-0.000319537,0.0387454,-0.00824709,-0.0899652,-0.0525075,3.738,-0.112941,0.119665,20,6.48838e-05,1.62209e-05,1.62209e-05,-9.71252e-13,0.0446234,0.0815417,-0.0240402,-0.282057,0.0807187,0.163003,0.257835,-0.525699
^FTSE,DC55|T20,close,OOS (2008-),0.342278,-0.00374369,81,4.32217,0.54321,0.0211166,-0.025908,-0.000363788,0.00218978,-0.00148275,0.0297787,-0.0497923,-0.448131,-0.628812,3.54651,-0.0974009,0.0588759,20,0,0,0,0,0.00580292,0.0759297,-0.0717025,-0.325377,0.0271804,0.177483,0.160508,-0.457959
^FTSE,DC55|T60,close,IS (<2008),0.583869,-0.00699674,59,2.45889,0.627119,0.0559268,-0.0538439,0.0149953,0.0192284,0.00301267,0.0717526,0.0419869,0.322507,-0.281924,5.01269,-0.236901,0.228849,60,0.295471,0.0738677,0.0738677,0.000239604,0.0518973,0.107847,0.0692786,-0.360556,0.0807187,0.163003,0.257835,-0.525699
^FTSE,DC55|T60,close,OOS (2008-),0.582928,-0.00800192,46,2.45457,0.608696,0.032331,-0.0452607,0.00196905,0.00588295,-0.00122154,0.0470332,-0.0259719,-0.17615,0.00826058,3.18217,-0.10606,0.125447,59.9783,0,0,0,0,0.00851883,0.103885,-0.00218321,-0.24979,0.0271804,0.177483,0.160508,-0.457959
^GDAXI,DC20|chanexit,close,IS (<2008),0.484728,-0.00130284,121,6.04834,0.46281,0.0523953,-0.0284037,0.00899088,-0.00236404,0.00543062,0.0551136,0.098535,1.08388,1.80164,8.25914,-0.083699,0.278588,20.1983,0.981714,0.245429,0.245429,0.00348981,0.0717525,0.129935,0.257941,-0.227074,0.109701,0.219639,0.382448,-0.726848
^GDAXI,DC20|chanexit,close,OOS (2008-),0.448791,-0.00160515,117,6.24587,0.444444,0.0410666,-0.0248937,0.00442201,-0.00344864,0.00341205,0.0478722,0.071274,0.770947,1.84254,10.1793,-0.128829,0.259271,18.2393,0.798653,0.199663,0.199663,0.00184766,0.028874,0.109097,0.186033,-0.252558,0.062688,0.212728,0.325857,-0.538765
^GDAXI,DC20|T20,close,IS (<2008),0.575169,0.00137994,145,7.24802,0.634483,0.0378213,-0.0339669,0.0115815,0.0162674,0.00804727,0.0461852,0.174239,2.09812,-0.691598,5.81942,-0.199985,0.166011,20,1.74592,0.43648,0.43648,0.0112454,0.100801,0.147637,0.424796,-0.360593,0.109701,0.219639,0.382448,-0.726848
^GDAXI,DC20|T20,close,OOS (2008-),0.550999,-0.002124,131,6.99324,0.59542,0.0348975,-0.0401982,0.00451526,0.00735395,0.00337752,0.0555411,0.0608112,0.696016,-2.28783,17.4457,-0.370475,0.132476,20,0.510938,0.127735,0.127735,0.00133183,0.0260319,0.133648,0.153904,-0.397072,0.062688,0.212728,0.325857,-0.538765
^GDAXI,DC20|T60,close,IS (<2008),0.809203,-0.00303907,68,3.39907,0.573529,0.100404,-0.0702402,0.0276295,0.0203472,0.0169629,0.106189,0.159743,1.31727,0.138681,2.96158,-0.233657,0.278588,60,0.767152,0.191788,0.191788,0.00483317,0.0885819,0.182711,0.313762,-0.606642,0.109701,0.219639,0.382448,-0.726848
^GDAXI,DC20|T60,close,OOS (2008-),0.794742,-0.000727327,63,3.36316,0.666667,0.0716376,-0.0852842,0.0193303,0.0297035,0.0157729,0.0990273,0.159278,1.26423,-1.15066,5.29703,-0.327944,0.187576,59.9841,0.739505,0.184876,0.184876,0.0043387,0.050249,0.170921,0.290061,-0.379379,0.062688,0.212728,0.325857,-0.538765
^GDAXI,DC55|chanexit,close,IS (<2008),0.430385,-0.00245049,63,3.14914,0.460317,0.082222,-0.0419939,0.0151848,-0.0082791,0.00903213,0.0767086,0.117746,0.93458,1.03949,3.9532,-0.116396,0.260182,34.4444,0.828444,0.207111,0.207111,0.00255779,0.0670195,0.110551,0.241588,-0.232772,0.109701,0.219639,0.382448,-0.726848
^GDAXI,DC55|chanexit,close,OOS (2008-),0.402944,-0.0083569,65,3.46993,0.446154,0.0448194,-0.0333281,0.00153767,-0.00691548,-0.000248512,0.0473532,-0.00524805,-0.0423111,0.513714,3.16598,-0.117518,0.129444,29.4769,4.88246e-05,1.22062e-05,1.22062e-05,-5.70708e-13,0.00944549,0.100106,0.00292308,-0.266629,0.062688,0.212728,0.325857,-0.538765
^GDAXI,DC55|T20,close,IS (<2008),0.420468,0.000807939,106,5.29855,0.622642,0.0366883,-0.0311617,0.0110845,0.0155011,0.00747527,0.0414645,0.180281,1.85611,-0.362839,2.79491,-0.0982608,0.103934,20,2.11404,0.528509,0.528509,0.00919352,0.0870213,0.11249,0.404369,-0.226305,0.109701,0.219639,0.382448,-0.726848
^GDAXI,DC55|T20,close,OOS (2008-),0.395373,-0.00567392,94,5.01805,0.531915,0.0313219,-0.0334602,0.000998339,0.0047454,-0.000172405,0.0541291,-0.00318508,-0.0308805,-3.47529,25.0121,-0.370475,0.104399,20,5.73167e-05,1.43292e-05,1.43292e-05,-1.49336e-12,0.00477176,0.107238,-0.0331882,-0.444314,0.062688,0.212728,0.325857,-0.538765
^GDAXI,DC55|T60,close,IS (<2008),0.630702,-0.00302679,53,2.64927,0.660377,0.0860945,-0.0850427,0.0279725,0.0446945,0.0169752,0.107059,0.158559,1.15433,-0.563857,3.89222,-0.274494,0.260182,60,0.715532,0.178883,0.178883,0.00354037,0.0777394,0.151308,0.277864,-0.405842,0.109701,0.219639,0.382448,-0.726848
^GDAXI,DC55|T60,close,OOS (2008-),0.647529,0.00100038,52,2.77594,0.692308,0.0556739,-0.0574889,0.0208546,0.0331399,0.0172881,0.0675533,0.255917,1.84545,-1.29526,5.79769,-0.242045,0.129444,59.2115,1.60278,0.400695,0.400695,0.00858262,0.0563795,0.148424,0.348877,-0.387794,0.062688,0.212728,0.325857,-0.538765
^FCHI,DC20|chanexit,close,IS (<2008),0.439084,-0.00768814,111,6.22299,0.36036,0.0433227,-0.0271941,-0.00178263,-0.00976373,-0.00460785,0.045926,-0.100332,-1.05706,2.24516,10.7416,-0.0765537,0.23101,17.7928,4.80211e-05,1.20053e-05,1.20053e-05,-9.37345e-13,0.00534736,0.114292,-0.251537,-0.485761,0.0647506,0.207293,0.210376,-0.652857
^FCHI,DC20|chanexit,close,OOS (2008-),0.422876,-0.00254772,114,6.08572,0.421053,0.0369735,-0.0263026,0.000339995,-0.00745175,-0.000576449,0.0422773,-0.0136349,-0.145581,1.11727,6.21097,-0.109239,0.19025,17.7719,0,0,0,0,0.00534527,0.101122,-0.0360815,-0.339118,0.0193219,0.213939,0.13065,-0.546103
^FCHI,DC20|T20,close,IS (<2008),0.564695,-0.00295222,127,7.11999,0.566929,0.0362738,-0.0388543,0.00373803,0.00793996,0.000510195,0.0478353,0.0106656,0.120196,-0.257586,3.07927,-0.117503,0.133687,20,0.112217,0.0280542,0.0280542,4.45922e-05,0.0386743,0.13638,0.0487009,-0.411333,0.0647506,0.207293,0.210376,-0.652857
^FCHI,DC20|T20,close,OOS (2008-),0.563557,-0.00390608,135,7.20677,0.503704,0.0342985,-0.0359925,-0.000586626,0.00021835,-0.00168768,0.0523824,-0.0322185,-0.374345,-2.49196,18.8215,-0.364656,0.129546,20,4.60701e-05,1.15175e-05,1.15175e-05,-1.30188e-12,-0.0087137,0.134613,-0.10195,-0.496936,0.0193219,0.213939,0.13065,-0.546103
^FCHI,DC20|T60,close,IS (<2008),0.800356,-0.00454223,60,3.36378,0.55,0.0813183,-0.0648727,0.0155324,0.0292918,0.005845,0.0885906,0.0659777,0.511061,0.186361,2.34166,-0.154544,0.216533,60,0.380918,0.0952295,0.0952295,0.000818504,0.0502513,0.16952,0.134411,-0.482574,0.0647506,0.207293,0.210376,-0.652857
^FCHI,DC20|T60,close,OOS (2008-),0.776247,-0.0090971,62,3.30978,0.580645,0.0598834,-0.0806328,0.000957231,0.00893542,-0.00244368,0.0954684,-0.0255967,-0.201549,-1.18094,5.03315,-0.310646,0.153622,59.9839,5.85003e-05,1.46251e-05,1.46251e-05,-3.17412e-12,-0.00987241,0.177915,-0.0458058,-0.60049,0.0193219,0.213939,0.13065,-0.546103
^FCHI,DC55|chanexit,close,IS (<2008),0.381725,-0.0085672,58,3.25165,0.362069,0.058886,-0.0313365,0.00133027,-0.013915,-0.00344223,0.0520191,-0.0661725,-0.503955,1.67986,7.50037,-0.0734494,0.235486,29.6034,0,0,0,0,0.0252482,0.100404,-0.10602,-0.365908,0.0647506,0.207293,0.210376,-0.652857
^FCHI,DC55|chanexit,close,OOS (2008-),0.356919,-0.0119374,61,3.25639,0.42623,0.0320339,-0.036377,-0.00721824,-0.0160385,-0.00882795,0.0434174,-0.203327,-1.58804,1.18327,4.9049,-0.0713979,0.145669,28.0328,5.80911e-05,1.45228e-05,1.45228e-05,-6.36729e-13,-0.0171687,0.0880325,-0.312671,-0.382342,0.0193219,0.213939,0.13065,-0.546103
^FCHI,DC55|T20,close,IS (<2008),0.382392,-0.00462896,86,4.82141,0.523256,0.0319504,-0.0308149,0.00202742,0.00230256,-0.00116655,0.0424161,-0.0275025,-0.255048,-0.118902,3.73308,-0.109702,0.129588,20,3.90121e-05,9.75302e-06,9.75302e-06,-4.07761e-13,0.0311523,0.104671,-0.0426701,-0.263005,0.0647506,0.207293,0.210376,-0.652857
^FCHI,DC55|T20,close,OOS (2008-),0.37153,-0.010843,89,4.75113,0.494382,0.0277937,-0.0420724,-0.00753187,-0.000225002,-0.00862463,0.0565451,-0.152527,-1.43893,-3.07093,19.2899,-0.364656,0.076812,20,0,0,0,0,-0.034532,0.105265,-0.414462,-0.617022,0.0193219,0.213939,0.13065,-0.546103
^FCHI,DC55|T60,close,IS (<2008),0.666963,-0.0145616,50,2.80315,0.62,0.0635325,-0.0894619,0.0053946,0.030003,-0.00417441,0.092527,-0.0451156,-0.319015,-0.681365,3.70878,-0.258947,0.235486,60,0,0,0,0,0.0185125,0.149098,-0.0748019,-0.523568,0.0647506,0.207293,0.210376,-0.652857
^FCHI,DC55|T60,close,OOS (2008-),0.613651,-0.0135536,49,2.61579,0.530612,0.0503281,-0.0645869,-0.0036116,0.00275304,-0.00689835,0.078942,-0.087385,-0.611695,-1.05938,4.91296,-0.284471,0.145669,60,5.17377e-05,1.29344e-05,1.29344e-05,-1.33576e-12,-0.0120553,0.149497,-0.100297,-0.51161,0.0193219,0.213939,0.13065,-0.546103
^HSI,DC20|chanexit,close,IS (<2008),0.465152,-0.00261511,125,5.9518,0.432,0.0676971,-0.0355191,0.0090703,-0.00854043,0.0055886,0.0716328,0.0780173,0.87226,1.46564,6.01578,-0.140705,0.297342,19.328,0.580535,0.145134,0.145134,0.00209755,0.0656359,0.143088,0.201764,-0.406834,0.122525,0.265874,0.402244,-0.600534
^HSI,DC20|chanexit,close,OOS (2008-),0.356384,0.000692602,104,5.55189,0.432692,0.0402344,-0.0270485,0.00206429,-0.0081066,0.00121496,0.0435366,0.0279066,0.284592,1.29847,5.23063,-0.071148,0.186113,15.8077,0.329517,0.0823793,0.0823793,0.000242577,0.0158102,0.119729,0.0733396,-0.320284,-0.00688155,0.242148,0.0343882,-0.601104
^HSI,DC20|T20,close,IS (<2008),0.569888,-5.58375e-05,148,7.04693,0.587838,0.0520581,-0.0452219,0.011963,0.010212,0.0084331,0.0623471,0.135261,1.64552,-0.597527,4.81241,-0.256752,0.16447,20,1.03714,0.259285,0.259285,0.00678112,0.0957204,0.171837,0.356065,-0.477569,0.122525,0.265874,0.402244,-0.600534
^HSI,DC20|T20,close,OOS (2008-),0.485584,0.00194073,112,5.97895,0.544643,0.0398832,-0.0395415,0.00371658,0.00324517,0.00260162,0.0523915,0.0496572,0.525522,0.353059,3.52065,-0.123775,0.178955,20,0.482018,0.120504,0.120504,0.000819256,0.0219971,0.137855,0.12466,-0.388761,-0.00688155,0.242148,0.0343882,-0.601104
^HSI,DC20|T60,close,IS (<2008),0.808625,-0.0050841,70,3.33301,0.742857,0.088443,-0.133887,0.0312724,0.0412428,0.0203827,0.132336,0.154022,1.28864,-1.0302,5.19721,-0.412491,0.342729,60,0.540668,0.135167,0.135167,0.00405719,0.0862009,0.239075,0.281438,-0.658619,0.122525,0.265874,0.402244,-0.600534
^HSI,DC20|T60,close,OOS (2008-),0.765229,-0.00562315,59,3.14963,0.474576,0.0905487,-0.0824201,-0.000333204,-0.00694919,-0.0036461,0.111994,-0.0325562,-0.250069,-0.388867,4.88936,-0.404587,0.296985,59.8305,0,0,0,0,-0.0186307,0.190346,-0.0773916,-0.629564,-0.00688155,0.242148,0.0343882,-0.601104
^HSI,DC55|chanexit,close,IS (<2008),0.435117,-0.000590957,61,2.90448,0.491803,0.0911205,-0.0453946,0.021744,-0.00897364,0.0151344,0.0955754,0.158351,1.23676,-0.48704,7.35652,-0.379943,0.287271,37.0492,0.783183,0.195796,0.195796,0.00379778,0.0780878,0.159581,0.274425,-0.486872,0.122525,0.265874,0.402244,-0.600534
^HSI,DC55|chanexit,close,OOS (2008-),0.297854,0.00507094,44,2.34887,0.5,0.052316,-0.0370039,0.00765605,-0.00265194,0.00610282,0.0589449,0.103534,0.68677,1.54007,7.64863,-0.0849597,0.250213,31.2273,0.968455,0.242114,0.242114,0.00150447,0.0251,0.110787,0.152557,-0.208723,-0.00688155,0.242148,0.0343882,-0.601104
^HSI,DC55|T20,close,IS (<2008),0.396611,-0.00325485,103,4.90428,0.592233,0.054183,-0.0569085,0.00888357,0.0102356,0.00523408,0.0841044,0.0622331,0.631597,-2.01426,15.5589,-0.504028,0.242149,20,0.348365,0.0870913,0.0870913,0.000986107,0.0517725,0.157086,0.118983,-0.601317,0.122525,0.265874,0.402244,-0.600534
^HSI,DC55|T20,close,OOS (2008-),0.273141,0.00296018,63,3.36316,0.539683,0.0465329,-0.0444551,0.00464956,0.00564265,0.00362106,0.0582496,0.0621646,0.493416,-0.136981,4.03936,-0.182525,0.156201,20,0.538803,0.134701,0.134701,0.000718191,0.020969,0.107296,0.116337,-0.251122,-0.00688155,0.242148,0.0343882,-0.601104
^HSI,DC55|T60,close,IS (<2008),0.6469,-0.00933652,56,2.66641,0.678571,0.0994396,-0.125159,0.0272472,0.0433222,0.0161303,0.138378,0.116567,0.872308,-1.05644,4.5373,-0.408516,0.287271,60,0.401946,0.100486,0.100486,0.00190475,0.0622341,0.214093,0.18378,-0.598257,0.122525,0.265874,0.402244,-0.600534
^HSI,DC55|T60,close,OOS (2008-),0.473445,0.0179441,37,1.97519,0.621622,0.0782325,-0.0676871,0.0230197,0.0258522,0.0198946,0.0881174,0.225774,1.37333,0.148881,2.76186,-0.133633,0.250213,59.027,1.3286,0.33215,0.33215,0.00569895,0.0476308,0.137175,0.305572,-0.312454,-0.00688155,0.242148,0.0343882,-0.601104
^AXJO,DC20|chanexit,close,IS (<2008),0.472019,-0.00427649,96,6.35563,0.479167,0.0286316,-0.0195551,0.00353438,-0.00204095,0.0007164,0.0287555,0.0249135,0.244101,0.492081,3.23265,-0.0597263,0.104741,18.8021,0.440402,0.1101,0.1101,0.000219162,0.0408339,0.0774544,0.0603437,-0.122252,0.101853,0.128373,0.521192,-0.227928
^AXJO,DC20|chanexit,close,OOS (2008-),0.421598,-0.00252327,116,6.19249,0.37069,0.0304205,-0.0186412,-0.000454545,-0.00719915,-0.00138665,0.031946,-0.043406,-0.467497,1.53609,6.65021,-0.0627998,0.131619,17.1983,0,0,0,0,0.00245435,0.0794709,-0.107157,-0.258009,0.0167783,0.167848,0.0992218,-0.504895
^AXJO,DC20|T20,close,IS (<2008),0.611925,-0.00574501,117,7.74592,0.504274,0.028788,-0.0240657,0.002587,0.000348598,-0.00043401,0.0331948,-0.0130747,-0.141424,-0.174169,2.69138,-0.0861173,0.0698333,20,4.93798e-05,1.2345e-05,1.2345e-05,-6.44814e-13,0.0341181,0.0917481,-0.00639016,-0.221937,0.101853,0.128373,0.521192,-0.227928
^AXJO,DC20|T20,close,OOS (2008-),0.549451,-0.00453135,130,6.93986,0.515385,0.0258487,-0.0319399,-0.00215657,0.00270627,-0.00320956,0.0449893,-0.0713406,-0.813408,-2.91704,23.9094,-0.332898,0.113913,20,5.8053e-05,1.45132e-05,1.45132e-05,-1.46796e-12,-0.0158236,0.108537,-0.222523,-0.483753,0.0167783,0.167848,0.0992218,-0.504895
^AXJO,DC20|T60,close,IS (<2008),0.8159,-0.00810817,52,3.44263,0.634615,0.0494873,-0.0394357,0.0169962,0.0218757,0.00782482,0.0510974,0.153135,1.10428,-0.469794,2.431,-0.117884,0.0936256,60,1.47211,0.368027,0.368027,0.00435436,0.0622642,0.115164,0.249167,-0.253741,0.101853,0.128373,0.521192,-0.227928
^AXJO,DC20|T60,close,OOS (2008-),0.782544,-0.00613101,62,3.30978,0.532258,0.0502644,-0.0550701,0.000995031,0.0111902,-0.00218378,0.0774011,-0.0282139,-0.222156,-1.57928,8.434,-0.335407,0.1868,59.7258,5.38699e-05,1.34675e-05,1.34675e-05,-1.76919e-12,-0.0039167,0.145968,-0.0503132,-0.505587,0.0167783,0.167848,0.0992218,-0.504895
^AXJO,DC55|chanexit,close,IS (<2008),0.465481,-0.00870434,53,3.50884,0.45283,0.0357353,-0.0198935,0.00529689,-0.00331557,0.000214129,0.0315251,0.00679233,0.0494489,0.535716,2.56254,-0.0485643,0.0863129,33.5849,0.110004,0.027501,0.027501,9.03794e-06,0.0378817,0.0750861,0.0220151,-0.102827,0.101853,0.128373,0.521192,-0.227928
^AXJO,DC55|chanexit,close,OOS (2008-),0.374472,-0.00256004,57,3.04286,0.385965,0.0424108,-0.0247768,0.0011553,-0.0100469,-0.00050548,0.0452682,-0.0111663,-0.084304,1.78269,7.82168,-0.0703716,0.194617,31.0877,0,0,0,0,0.00969758,0.075122,-0.0219931,-0.254609,0.0167783,0.167848,0.0992218,-0.504895
^AXJO,DC55|T20,close,IS (<2008),0.460251,-0.00825243,88,5.82599,0.522727,0.023524,-0.0256104,7.3506e-05,0.000524693,-0.00294144,0.0317824,-0.0925492,-0.868189,-0.546747,3.29499,-0.0886112,0.0609276,20,0,0,0,0,0.0185574,0.080565,-0.207416,-0.124306,0.101853,0.128373,0.521192,-0.227928
^AXJO,DC55|T20,close,OOS (2008-),0.367709,-0.0110946,87,4.64437,0.505747,0.021873,-0.0400154,-0.00871555,0.00189685,-0.00977281,0.0492948,-0.198252,-1.84918,-3.30925,22.5015,-0.332898,0.0760376,20,6.52818e-05,1.63204e-05,1.63204e-05,-1.48574e-12,-0.0371252,0.0890072,-0.538848,-0.575133,0.0167783,0.167848,0.0992218,-0.504895
^AXJO,DC55|T60,close,IS (<2008),0.690377,-0.0115229,44,2.913,0.659091,0.0437794,-0.0445242,0.0136759,0.0252499,0.00441008,0.0518678,0.0850254,0.563995,-0.887857,3.33009,-0.117884,0.096143,60,0.807089,0.201772,0.201772,0.00113901,0.0483098,0.105755,0.136439,-0.206229,0.101853,0.128373,0.521192,-0.227928
^AXJO,DC55|T60,close,OOS (2008-),0.579248,-0.00669778,46,2.45564,0.565217,0.0477727,-0.0605436,0.000678645,0.00911032,-0.00275973,0.0745289,-0.037029,-0.251143,-0.687331,4.90763,-0.238389,0.194617,59.587,3.64986e-05,9.12464e-06,9.12464e-06,-5.55484e-13,0.000421508,0.118127,-0.0566512,-0.376318,0.0167783,0.167848,0.0992218,-0.504895
^GSPTSE,DC20|chanexit,close,IS (<2008),0.448603,0.00439891,159,5.57714,0.477987,0.045528,-0.0207446,0.0109329,-0.00287993,0.00653317,0.042869,0.152398,1.92167,1.56024,8.2756,-0.0989406,0.273545,20.2013,1.98602,0.496504,0.496504,0.00781217,0.0936057,0.0804837,0.422858,-0.16467,0.0785375,0.138871,0.19153,-0.499921
^GSPTSE,DC20|chanexit,close,OOS (2008-),0.477142,-0.00086794,115,6.13641,0.495652,0.0265703,-0.0175221,0.00433236,-0.000248578,0.00313212,0.0343963,0.0910598,0.976507,2.65256,18.9057,-0.0737219,0.232384,19.513,1.4861,0.371524,0.371524,0.00308363,0.0302498,0.0818078,0.232838,-0.230688,0.0517809,0.174301,0.296386,-0.497986
^GSPTSE,DC20|T20,close,IS (<2008),0.553073,0.00331641,198,6.94512,0.611111,0.0358203,-0.0306802,0.00995899,0.0127451,0.0054294,0.0426176,0.127398,1.79265,-0.501296,4.98196,-0.184798,0.122473,20,1.4378,0.359449,0.359449,0.0059599,0.0947557,0.0942784,0.384994,-0.284874,0.0785375,0.138871,0.19153,-0.499921
^GSPTSE,DC20|T20,close,OOS (2008-),0.565596,-0.00467206,133,7.0969,0.601504,0.0232936,-0.0336959,0.000583503,0.00703919,-0.000572172,0.0438808,-0.0130392,-0.150376,-3.10499,19.8635,-0.299273,0.0816959,20,0,0,0,0,0.0024214,0.109,-0.0520695,-0.428361,0.0517809,0.174301,0.296386,-0.497986
^GSPTSE,DC20|T60,close,IS (<2008),0.812849,-0.00436247,97,3.40241,0.56701,0.0723151,-0.0578397,0.0159594,0.0141351,0.0019765,0.0876628,0.0225467,0.222059,0.0015555,3.43957,-0.193854,0.273545,60,0.129917,0.0324792,0.0324792,9.55593e-05,0.0566767,0.117398,0.0285679,-0.444556,0.0785375,0.138871,0.19153,-0.499921
^GSPTSE,DC20|T60,close,OOS (2008-),0.782905,-0.00347074,62,3.30833,0.693548,0.0485859,-0.0707658,0.0120104,0.0235331,0.00870328,0.0783903,0.111025,0.874212,-2.42646,12.344,-0.387533,0.143256,59.3871,0.626165,0.156541,0.156541,0.00200311,0.0315497,0.153372,0.187742,-0.53189,0.0517809,0.174301,0.296386,-0.497986
^GSPTSE,DC55|chanexit,close,IS (<2008),0.414385,0.00389762,86,3.01657,0.476744,0.0632637,-0.0289443,0.0150154,-0.0013089,0.00754253,0.0567851,0.132826,1.23178,1.27575,4.62904,-0.0664432,0.219817,34.5,1.28731,0.321828,0.321828,0.00316961,0.0791283,0.0771532,0.265066,-0.156472,0.0785375,0.138871,0.19153,-0.499921
^GSPTSE,DC55|chanexit,close,OOS (2008-),0.457155,0.00126427,60,3.20161,0.5,0.0441231,-0.0227997,0.0106617,-0.000225374,0.0086099,0.0397222,0.216753,1.67896,0.561684,2.14651,-0.0453114,0.0981688,35.8333,2.96149,0.740372,0.740372,0.00884884,0.0398365,0.0754793,0.36845,-0.15002,0.0517809,0.174301,0.296386,-0.497986
^GSPTSE,DC55|T20,close,IS (<2008),0.410615,-0.00178208,147,5.15622,0.585034,0.0344425,-0.0369861,0.00480204,0.00711831,0.000330909,0.0457091,0.00723944,0.0877736,-0.616573,4.8799,-0.184798,0.122473,20,0.0795551,0.0198888,0.0198888,1.48505e-05,0.0565372,0.0818419,-0.00405697,-0.223525,0.0785375,0.138871,0.19153,-0.499921
^GSPTSE,DC55|T20,close,OOS (2008-),0.429513,-0.000181513,101,5.38937,0.60396,0.0222458,-0.0210156,0.00511261,0.00714003,0.00391837,0.0277154,0.141379,1.42084,-0.666789,5.29588,-0.107891,0.087663,20,2.42462,0.606155,0.606155,0.0056391,0.0337352,0.0759244,0.289243,-0.147593,0.0517809,0.174301,0.296386,-0.497986
^GSPTSE,DC55|T60,close,IS (<2008),0.628492,0.00217012,75,2.63073,0.626667,0.0656936,-0.0507953,0.0222044,0.0236757,0.0085091,0.0758845,0.112132,0.971094,-0.338623,3.9308,-0.208886,0.19598,60,0.730452,0.182613,0.182613,0.00179341,0.0767389,0.0968689,0.205951,-0.24733,0.0785375,0.138871,0.19153,-0.499921
^GSPTSE,DC55|T60,close,OOS (2008-),0.604295,0.00579623,48,2.56129,0.729167,0.0468278,-0.046878,0.0214491,0.0285619,0.0179336,0.0550967,0.325493,2.25508,-0.935657,4.68113,-0.16157,0.143256,59.2083,2.51827,0.629569,0.629569,0.0128904,0.0574338,0.116694,0.416472,-0.374251,0.0517809,0.174301,0.296386,-0.497986
^SSMI,DC20|chanexit,close,IS (<2008),0.469606,0.000764105,107,6.2411,0.448598,0.0471686,-0.0203411,0.0099436,-0.00509825,0.00694225,0.0429701,0.16156,1.67119,1.82432,8.2797,-0.0563259,0.236289,18.9159,2.18321,0.545804,0.545804,0.0101634,0.0795703,0.100137,0.422452,-0.26645,0.111698,0.177089,0.464716,-0.563077
^SSMI,DC20|chanexit,close,OOS (2008-),0.427751,-0.00353379,122,6.51279,0.434426,0.0226149,-0.018883,-0.000855243,-0.00435171,-0.00176735,0.0280425,-0.0630238,-0.69612,-0.276106,8.10215,-0.142039,0.0949406,16.4754,6.14863e-05,1.53716e-05,1.53716e-05,-6.00114e-13,-0.000122912,0.0813508,-0.133768,-0.33956,0.0270079,0.169864,0.159056,-0.48348
^SSMI,DC20|T20,close,IS (<2008),0.584687,0.00131595,126,7.34933,0.619048,0.0364153,-0.0303039,0.0109985,0.0140559,0.00784819,0.0428027,0.183357,2.05818,-0.167745,4.51863,-0.146492,0.145171,20,2.0819,0.520476,0.520476,0.0131866,0.0955451,0.115834,0.506723,-0.360877,0.111698,0.177089,0.464716,-0.563077
^SSMI,DC20|T20,close,OOS (2008-),0.553309,-0.000270762,130,6.93986,0.584615,0.0224966,-0.0247276,0.00288037,0.00534624,0.00187358,0.0290421,0.0645126,0.735557,-0.158791,2.92089,-0.0798129,0.0798341,20,1.11252,0.278131,0.278131,0.00158319,0.0245305,0.10086,0.151193,-0.254956,0.0270079,0.169864,0.159056,-0.48348
^SSMI,DC20|T60,close,IS (<2008),0.821346,5.47642e-05,59,3.44135,0.661017,0.0789891,-0.0689629,0.0288359,0.0388241,0.0196515,0.0897068,0.219063,1.68266,-0.549258,3.21266,-0.199308,0.198671,60,1.15915,0.289788,0.289788,0.00863635,0.106521,0.152105,0.483334,-0.459786,0.111698,0.177089,0.464716,-0.563077
^SSMI,DC20|T60,close,OOS (2008-),0.778889,-0.00462906,61,3.25639,0.622951,0.0443055,-0.059463,0.00517965,0.0150214,0.00180397,0.0674056,0.0267629,0.209025,-0.979037,4.77234,-0.209556,0.137387,60,0.199134,0.0497836,0.0497836,0.00012815,0.0125104,0.135087,0.0555239,-0.329857,0.0270079,0.169864,0.159056,-0.48348
^SSMI,DC55|chanexit,close,IS (<2008),0.42993,0.00296497,53,3.09138,0.471698,0.0703703,-0.0251189,0.0199232,-0.00205312,0.0143841,0.0628636,0.228814,1.66579,1.2818,4.62508,-0.0925049,0.236774,34.9623,2.14083,0.535207,0.535207,0.0102173,0.0803621,0.0867083,0.481686,-0.24541,0.111698,0.177089,0.464716,-0.563077
^SSMI,DC55|chanexit,close,OOS (2008-),0.390296,-0.0101789,67,3.5767,0.343284,0.0316593,-0.0252943,-0.00574305,-0.00880281,-0.00724405,0.0385905,-0.187716,-1.53652,0.352623,6.50969,-0.142039,0.12356,27.3731,3.41352e-05,8.5338e-06,8.5338e-06,-1.91059e-13,-0.0145892,0.0755198,-0.343128,-0.470619,0.0270079,0.169864,0.159056,-0.48348
^SSMI,DC55|T20,close,IS (<2008),0.412993,0.00135313,89,5.19119,0.595506,0.038066,-0.0286216,0.0110912,0.0145603,0.00788536,0.0392702,0.200797,1.89432,-0.134265,2.40567,-0.0845235,0.0909529,20,2.54112,0.63528,0.63528,0.0113921,0.0790876,0.0860645,0.470926,-0.138177,0.111698,0.177089,0.464716,-0.563077
^SSMI,DC55|T20,close,OOS (2008-),0.391573,-0.00354095,92,4.91128,0.565217,0.0180178,-0.0243207,-0.000390242,0.00278183,-0.0013966,0.0281568,-0.049601,-0.475756,-0.635604,3.86579,-0.0798129,0.0688537,20,0,0,0,0,0.00524633,0.0821097,-0.0665632,-0.257468,0.0270079,0.169864,0.159056,-0.48348
^SSMI,DC55|T60,close,IS (<2008),0.640371,-0.00394841,46,2.68309,0.630435,0.0726613,-0.0555514,0.0252783,0.0294402,0.0156483,0.0832198,0.188036,1.27532,-0.166496,4.16066,-0.225451,0.236774,60,1.11462,0.278654,0.278654,0.00513815,0.0759172,0.118477,0.345343,-0.467435,0.111698,0.177089,0.464716,-0.563077
^SSMI,DC55|T60,close,OOS (2008-),0.600128,-0.00702606,47,2.50903,0.531915,0.0450276,-0.046205,0.00232297,0.00858184,-0.000593026,0.0598921,-0.00990157,-0.0678818,-1.11253,4.94724,-0.209556,0.0870696,60,0,0,0,0,0.00799017,0.113077,0.00274921,-0.425441,0.0270079,0.169864,0.159056,-0.48348
^AEX,DC20|chanexit,close,IS (<2008),0.506329,0.000245748,92,6.04479,0.423913,0.0551515,-0.0233574,0.00992355,-0.00776866,0.00654638,0.0526277,0.12439,1.19311,2.01263,9.38705,-0.0951013,0.27855,21.3043,1.34718,0.336795,0.336795,0.00574378,0.071373,0.113859,0.326487,-0.370021,0.0955572,0.207455,0.359239,-0.688637
^AEX,DC20|chanexit,close,OOS (2008-),0.458698,-0.00334786,122,6.51279,0.442623,0.0337331,-0.0250944,0.000944,-0.00565309,-4.87788e-05,0.0378598,-0.00128841,-0.0142309,1.32099,6.05906,-0.0729453,0.154245,18.0246,0,0,0,0,0.00928677,0.0984318,6.69258e-05,-0.345233,0.0412148,0.198918,0.231873,-0.609137
^AEX,DC20|T20,close,IS (<2008),0.583828,0.00062173,113,7.42458,0.654867,0.0330432,-0.0345736,0.00970647,0.0127031,0.00653661,0.0434392,0.150477,1.59959,-0.220274,3.88359,-0.129021,0.130521,20,1.70182,0.425454,0.425454,0.00905933,0.0869573,0.133159,0.405558,-0.354425,0.0955572,0.207455,0.359239,-0.688637
^AEX,DC20|T20,close,OOS (2008-),0.584063,-9.13879e-06,140,7.47369,0.6,0.0306197,-0.0339217,0.00480315,0.00924616,0.00365151,0.0402689,0.0906781,1.07292,-0.821174,4.43634,-0.163664,0.0996284,20,1.08909,0.272273,0.272273,0.00326593,0.0355033,0.121866,0.231679,-0.286953,0.0412148,0.198918,0.231873,-0.609137
^AEX,DC20|T60,close,IS (<2008),0.821493,0.00286594,53,3.48233,0.660377,0.079512,-0.0663703,0.0299671,0.0337946,0.0206106,0.0893183,0.230754,1.67991,-0.00382445,3.37106,-0.200654,0.261908,60,1.29297,0.323242,0.323242,0.0101641,0.099322,0.167013,0.421507,-0.49818,0.0955572,0.207455,0.359239,-0.688637
^AEX,DC20|T60,close,OOS (2008-),0.799958,-0.00148509,64,3.41654,0.640625,0.0584311,-0.0688177,0.0127011,0.0205929,0.00948256,0.0832856,0.113856,0.910847,-1.02474,5.48649,-0.300127,0.193432,59.9219,0.650852,0.162713,0.162713,0.00232341,0.0342221,0.166237,0.200923,-0.465176,0.0412148,0.198918,0.231873,-0.609137
^AEX,DC55|chanexit,close,IS (<2008),0.446913,-0.000770314,53,3.48233,0.415094,0.0777665,-0.0309926,0.0141527,-0.0124256,0.00888321,0.0670848,0.132418,0.964015,1.49084,5.34597,-0.0799039,0.256584,32.6415,1.11098,0.277744,0.277744,0.00371197,0.0629485,0.102328,0.273901,-0.255038,0.0955572,0.207455,0.359239,-0.688637
^AEX,DC55|chanexit,close,OOS (2008-),0.406967,-0.00453105,61,3.25639,0.491803,0.037816,-0.0301273,0.0032874,-0.00411252,0.00132299,0.0481449,0.0274793,0.21462,1.61175,6.42442,-0.0708352,0.179292,31.9836,0.296648,0.0741621,0.0741621,0.000139409,0.0148834,0.0863444,0.0511687,-0.24809,0.0412148,0.198918,0.231873,-0.609137
^AEX,DC55|T20,close,IS (<2008),0.41333,0.00190036,80,5.25634,0.6625,0.0329779,-0.0320001,0.0110478,0.0160366,0.00781524,0.0404937,0.192999,1.72624,-0.175641,3.97918,-0.109347,0.127305,20,2.33359,0.583396,0.583396,0.0105218,0.0773248,0.103169,0.402767,-0.194826,0.0955572,0.207455,0.359239,-0.688637
^AEX,DC55|T20,close,OOS (2008-),0.413016,-0.0029015,99,5.28497,0.616162,0.02296,-0.0316687,0.00199144,0.00840241,0.000759144,0.0341367,0.0222384,0.221269,-1.02448,4.45773,-0.127162,0.0621337,20,0.325257,0.0813144,0.0813144,0.000142924,0.015088,0.0912012,0.0553173,-0.379731,0.0412148,0.198918,0.231873,-0.609137
^AEX,DC55|T60,close,IS (<2008),0.650995,-0.008402,42,2.75958,0.547619,0.0915713,-0.068936,0.0189608,0.0317737,0.00934263,0.105763,0.0883359,0.572482,-0.638922,4.18204,-0.300598,0.256584,60,0.414517,0.103629,0.103629,0.00117312,0.0515381,0.139454,0.155825,-0.539729,0.0955572,0.207455,0.359239,-0.688637
^AEX,DC55|T60,close,OOS (2008-),0.609095,-0.000322187,49,2.61579,0.693878,0.0469354,-0.060152,0.0141535,0.0247798,0.0105851,0.0651831,0.162389,1.13673,-0.736177,3.7575,-0.180734,0.138186,59.5918,1.19054,0.297636,0.297636,0.00363169,0.0364709,0.128247,0.233767,-0.357786,0.0412148,0.198918,0.231873,-0.609137
^IBEX,DC20|chanexit,close,IS (<2008),0.439515,0.00497862,80,5.52781,0.4375,0.0695363,-0.0257736,0.0159245,-0.00457334,0.0128296,0.0634172,0.202305,1.80947,1.86109,7.13586,-0.0689427,0.281717,19.9375,1.9501,0.487525,0.487525,0.0147584,0.103566,0.115155,0.577191,-0.288121,0.123825,0.205897,0.481919,-0.581448
^IBEX,DC20|chanexit,close,OOS (2008-),0.380196,-0.006706,122,6.51279,0.368852,0.0308007,-0.0247428,-0.00425543,-0.00909085,-0.00520395,0.0337412,-0.154231,-1.70354,0.655584,3.61418,-0.0856079,0.0997902,14.918,0,0,0,0,-0.0228673,0.105353,-0.300733,-0.551203,0.0138076,0.226753,0.111905,-0.602979
^IBEX,DC20|T20,close,IS (<2008),0.556627,0.000562444,101,6.97886,0.60396,0.0444579,-0.0386747,0.0115341,0.0157718,0.00843805,0.0518652,0.162692,1.63503,-0.0425607,2.88406,-0.126669,0.132483,20,1.56924,0.392309,0.392309,0.0101143,0.0962132,0.133784,0.464127,-0.365368,0.123825,0.205897,0.481919,-0.581448
^IBEX,DC20|T20,close,OOS (2008-),0.513892,-0.00352964,123,6.56617,0.495935,0.0367203,-0.0366591,-0.000267699,-0.00136239,-0.00151591,0.0471298,-0.0321645,-0.356721,-0.110819,3.3177,-0.156465,0.126513,20,0,0,0,0,-0.00294813,0.136562,-0.0565106,-0.579266,0.0138076,0.226753,0.111905,-0.602979
^IBEX,DC20|T60,close,IS (<2008),0.777074,-0.0028689,47,3.24759,0.531915,0.103552,-0.0537357,0.0299278,0.0128981,0.0207579,0.106602,0.194724,1.33496,0.701629,5.14555,-0.244863,0.395027,60,0.974968,0.243742,0.243742,0.00714884,0.0960467,0.173706,0.391973,-0.476964,0.123825,0.205897,0.481919,-0.581448
^IBEX,DC20|T60,close,OOS (2008-),0.789639,-0.003244,63,3.36316,0.555556,0.0677772,-0.0705153,0.00631388,0.00582604,0.00279721,0.0946175,0.0295633,0.234652,-0.398717,4.2931,-0.301897,0.206082,60,0.157735,0.0394338,0.0394338,0.000162422,0.00796744,0.195166,0.0661272,-0.568065,0.0138076,0.226753,0.111905,-0.602979
^IBEX,DC55|chanexit,close,IS (<2008),0.407275,0.00625447,43,2.9712,0.511628,0.0845574,-0.0368252,0.0252776,0.00088348,0.0197895,0.0892603,0.221706,1.45382,2.00445,8.29233,-0.0839994,0.395027,34.3721,1.58036,0.395091,0.395091,0.00987707,0.0901348,0.103756,0.510406,-0.161361,0.123825,0.205897,0.481919,-0.581448
^IBEX,DC55|chanexit,close,OOS (2008-),0.33215,-0.00877405,54,2.88271,0.37037,0.0563131,-0.0391529,-0.0037951,-0.0136314,-0.00580938,0.0561728,-0.10342,-0.759977,0.782141,4.17923,-0.115154,0.180532,29.4444,5.32037e-05,1.33009e-05,1.33009e-05,-7.89712e-13,-0.00690559,0.0961823,-0.170491,-0.459143,0.0138076,0.226753,0.111905,-0.602979
^IBEX,DC55|T20,close,IS (<2008),0.374759,0.00294434,68,4.69864,0.632353,0.0439684,-0.0374862,0.0140219,0.0167733,0.0108199,0.0523623,0.206636,1.70396,0.00618776,3.43266,-0.126312,0.144712,20,1.97292,0.49323,0.49323,0.0109836,0.0867022,0.106313,0.470975,-0.173879,0.123825,0.205897,0.481919,-0.581448
^IBEX,DC55|T20,close,OOS (2008-),0.325883,-0.00761785,78,4.16391,0.487179,0.0386483,-0.0450056,-0.00425116,-0.000902794,-0.00560412,0.052387,-0.106975,-0.94478,-0.42555,2.99713,-0.159215,0.0884306,20,0,0,0,0,-0.0146107,0.107621,-0.214331,-0.591737,0.0138076,0.226753,0.111905,-0.602979
^IBEX,DC55|T60,close,IS (<2008),0.611739,-0.00757485,37,2.55661,0.540541,0.110397,-0.0740715,0.0256412,0.0227784,0.016052,0.11908,0.1348,0.819954,0.633721,4.21683,-0.243172,0.395027,60,0.602759,0.15069,0.15069,0.0026934,0.0684038,0.145357,0.26152,-0.414619,0.123825,0.205897,0.481919,-0.581448
^IBEX,DC55|T60,close,OOS (2008-),0.564028,-0.0121637,45,2.40226,0.555556,0.0640265,-0.0849866,-0.00220152,0.0148839,-0.00612249,0.0955433,-0.0640808,-0.429867,-0.908827,4.3447,-0.31294,0.180532,60,0,0,0,0,-0.0121189,0.15807,-0.0868631,-0.645898,0.0138076,0.226753,0.111905,-0.602979
^BVSP,DC20|chanexit,close,IS (<2008),0.528343,0.0674812,74,5.04075,0.513514,0.311496,-0.0570601,0.132198,0.00401058,0.128301,0.443452,0.289324,2.48886,4.76797,29.5622,-0.120441,3.09962,25.9459,0.763997,0.190999,0.190999,0.0473282,0.562253,0.263974,1.67589,-0.356267,0.725438,0.411162,1.43659,-0.650364
^BVSP,DC20|chanexit,close,OOS (2008-),0.407966,0.000385638,104,5.54945,0.423077,0.0596848,-0.0316901,0.00696851,-0.00501692,0.00591723,0.0609486,0.0970855,0.990082,1.60043,6.66863,-0.0850202,0.276445,18.2212,0.867698,0.216925,0.216925,0.00308719,0.0382782,0.13411,0.241549,-0.55862,0.0587525,0.25883,0.295573,-0.599616
^BVSP,DC20|T20,close,IS (<2008),0.605394,0.0131757,110,7.49301,0.663636,0.129837,-0.0686986,0.0630569,0.0428589,0.0600577,0.155208,0.38695,4.05837,1.75184,8.77857,-0.275872,0.847094,20,1.58656,0.396639,0.396639,0.0757636,0.509048,0.292681,1.42055,-0.528644,0.725438,0.411162,1.43659,-0.650364
^BVSP,DC20|T20,close,OOS (2008-),0.498816,0.00351573,116,6.18977,0.568966,0.0479384,-0.0383411,0.010749,0.00908266,0.0095795,0.0533548,0.179543,1.93374,0.0436738,2.7738,-0.113927,0.146147,19.9741,1.69329,0.423322,0.423322,0.0109788,0.0675488,0.152004,0.412747,-0.371306,0.0587525,0.25883,0.295573,-0.599616
^BVSP,DC20|T60,close,IS (<2008),0.809026,0.0748779,49,3.33779,0.673469,0.380447,-0.0970382,0.224533,0.0880203,0.215524,0.546746,0.394194,2.75936,2.90672,11.8526,-0.422022,2.71366,60,0.727155,0.181789,0.181789,0.0514704,0.632637,0.360595,1.43125,-0.753214,0.725438,0.411162,1.43659,-0.650364
^BVSP,DC20|T60,close,OOS (2008-),0.73606,0.00573192,57,3.04153,0.596491,0.0983563,-0.0774992,0.027397,0.028208,0.0239414,0.11489,0.208385,1.57328,-0.353563,4.4608,-0.368393,0.268892,59.9825,0.865764,0.216441,0.216441,0.00694454,0.0692483,0.200311,0.364182,-0.461038,0.0587525,0.25883,0.295573,-0.599616
^BVSP,DC55|chanexit,close,IS (<2008),0.456797,0.0965674,44,2.9972,0.590909,0.370898,-0.0697212,0.190645,0.0137565,0.185004,0.514327,0.3597,2.38598,2.87037,10.5691,-0.230441,2.21207,37.7273,0.705457,0.176364,0.176364,0.0384227,0.473544,0.253901,1.50182,-0.40622,0.725438,0.411162,1.43659,-0.650364
^BVSP,DC55|chanexit,close,OOS (2008-),0.36254,0.00810037,52,2.77473,0.538462,0.0689785,-0.0376402,0.0197699,0.0134199,0.0179317,0.0689725,0.259984,1.87477,1.04092,3.88085,-0.0745307,0.23271,32.3846,2.19213,0.548033,0.548033,0.0117202,0.0597033,0.121111,0.422254,-0.294718,0.0587525,0.25883,0.295573,-0.599616
^BVSP,DC55|T20,close,IS (<2008),0.44579,0.0147187,81,5.51758,0.654321,0.138721,-0.0757961,0.064567,0.0487748,0.0616007,0.17047,0.361357,3.25221,1.77132,8.25516,-0.280436,0.847094,20,1.36856,0.34214,0.34214,0.0492723,0.364748,0.260082,1.17747,-0.493132,0.725438,0.411162,1.43659,-0.650364
^BVSP,DC55|T20,close,OOS (2008-),0.339505,0.00680771,79,4.21545,0.607595,0.0458341,-0.0352553,0.0140142,0.00926595,0.0128678,0.0512161,0.251245,2.23311,0.285316,2.90784,-0.0909782,0.158963,19.962,2.54567,0.636417,0.636417,0.0150428,0.0656092,0.120827,0.468919,-0.282095,0.0587525,0.25883,0.295573,-0.599616
^BVSP,DC55|T60,close,IS (<2008),0.627408,0.0728083,38,2.58849,0.657895,0.400154,-0.118568,0.222696,0.0788879,0.213454,0.554343,0.385058,2.37366,2.5007,8.61481,-0.262239,2.21207,60,0.652378,0.163095,0.163095,0.035905,0.448944,0.313612,1.21425,-0.6607,0.725438,0.411162,1.43659,-0.650364
^BVSP,DC55|T60,close,OOS (2008-),0.511948,0.00741084,40,2.1344,0.675,0.0780134,-0.0737779,0.0286812,0.0424823,0.0254587,0.0980754,0.259583,1.64175,-1.10439,6.32582,-0.333822,0.23271,59.45,1.13386,0.283466,0.283466,0.00687125,0.0595195,0.171328,0.340997,-0.468158,0.0587525,0.25883,0.295573,-0.599616
^MXX,DC20|chanexit,close,IS (<2008),0.491824,0.000701199,92,5.69736,0.467391,0.0826396,-0.0357226,0.0195989,-0.00405107,0.0164978,0.0831451,0.198421,1.90319,1.57398,6.17597,-0.131228,0.377666,21.5761,1.4026,0.350651,0.350651,0.0141409,0.120233,0.142779,0.599315,-0.327104,0.208707,0.257254,0.717098,-0.493841
^MXX,DC20|chanexit,close,OOS (2008-),0.409913,-0.0027236,110,5.86961,0.436364,0.0325529,-0.0230289,0.00122494,-0.00979439,0.000366277,0.0392333,0.00933589,0.0979156,2.59745,14.3407,-0.0549344,0.234945,17.5182,0.121534,0.0303835,0.0303835,2.85369e-05,0.0120683,0.0967065,0.0261806,-0.247173,0.0431401,0.180868,0.24573,-0.473718
^MXX,DC20|T20,close,IS (<2008),0.584737,0.00299163,118,7.30748,0.686441,0.0609367,-0.0677222,0.0205945,0.0308303,0.0176343,0.0745811,0.236445,2.56845,-0.335172,2.96882,-0.162367,0.206595,20,1.52211,0.380527,0.380527,0.0215566,0.161204,0.172771,0.730714,-0.444038,0.208707,0.257254,0.717098,-0.493841
^MXX,DC20|T20,close,OOS (2008-),0.540311,-0.00375918,127,6.77673,0.503937,0.0327197,-0.0313951,0.000914752,0.000638565,-0.000231552,0.0403635,-0.00573666,-0.0646489,0.109258,3.42913,-0.119123,0.127747,20,0,0,0,0,0.0071394,0.112751,-0.00589152,-0.363331,0.0431401,0.180868,0.24573,-0.473718
^MXX,DC20|T60,close,IS (<2008),0.773043,0.00144905,52,3.22024,0.615385,0.141184,-0.0844546,0.0544002,0.0605709,0.0453771,0.142676,0.318044,2.29344,0.0286802,2.93237,-0.291314,0.377666,60,1.11276,0.27819,0.27819,0.017801,0.164844,0.211436,0.646922,-0.538246,0.208707,0.257254,0.717098,-0.493841
^MXX,DC20|T60,close,OOS (2008-),0.791321,-0.00894063,62,3.30833,0.548387,0.0628289,-0.0649978,0.00510074,0.00772013,0.00164225,0.0827656,0.0198422,0.156238,-0.0730897,3.45272,-0.20953,0.234945,60,0.12173,0.0304324,0.0304324,7.23444e-05,0.00840292,0.144873,0.0327172,-0.365823,0.0431401,0.180868,0.24573,-0.473718
^MXX,DC55|chanexit,close,IS (<2008),0.455897,0.0116895,47,2.91061,0.553191,0.12593,-0.0530064,0.0459796,0.0301265,0.0403518,0.117167,0.344396,2.36106,1.02056,4.07704,-0.157227,0.434044,39.1489,1.76194,0.440484,0.440484,0.0221359,0.145598,0.135938,0.787162,-0.349762,0.208707,0.257254,0.717098,-0.493841
^MXX,DC55|chanexit,close,OOS (2008-),0.330781,-0.00517895,52,2.77473,0.442308,0.0440679,-0.0324436,0.00139798,-0.00708662,9.55337e-05,0.0546256,0.00174888,0.0126114,1.26065,5.31923,-0.12436,0.182698,29.9038,0.0163407,0.00408517,0.00408517,4.73701e-07,0.0104882,0.0861631,0.000103851,-0.24524,0.0431401,0.180868,0.24573,-0.473718
^MXX,DC55|T20,close,IS (<2008),0.426165,0.0011759,86,5.32579,0.651163,0.055208,-0.0494707,0.0186922,0.0251319,0.0158186,0.0620724,0.254841,2.3633,-0.393384,3.14938,-0.135475,0.189871,20,1.9511,0.487774,0.487774,0.0180906,0.118715,0.141921,0.592622,-0.244099,0.208707,0.257254,0.717098,-0.493841
^MXX,DC55|T20,close,OOS (2008-),0.314827,-0.00254139,74,3.94865,0.540541,0.0320222,-0.0335297,0.00190374,0.00392605,0.000986241,0.0432679,0.0227938,0.19608,-0.190642,4.77181,-0.156119,0.13258,20,0.266334,0.0665834,0.0665834,0.000113476,0.0144462,0.0858337,0.0453603,-0.239522,0.0431401,0.180868,0.24573,-0.473718
^MXX,DC55|T60,close,IS (<2008),0.639247,-0.000146812,43,2.66289,0.651163,0.130944,-0.0937132,0.0525755,0.0615364,0.0437812,0.141794,0.308766,2.02471,0.103969,3.19237,-0.273876,0.434044,60,1.10344,0.275861,0.275861,0.0140669,0.138751,0.18657,0.585293,-0.436396,0.208707,0.257254,0.717098,-0.493841
^MXX,DC55|T60,close,OOS (2008-),0.548819,0.00580217,43,2.29449,0.627907,0.0582841,-0.0468138,0.0191779,0.0201702,0.0163851,0.0669873,0.244599,1.60395,-0.11685,3.44815,-0.145375,0.182698,60,1.8054,0.451349,0.451349,0.00744791,0.0476336,0.11664,0.336093,-0.326197,0.0431401,0.180868,0.24573,-0.473718
