inst,entry,exit,mode,cost_bps,period,exposure,n,per_yr,win,avg_win,avg_loss,mean_net,median_net,mean_ex,sd_ex,sr_trade,t,skew,kurt,worst,best,sessions,kelly_full,f_qk,f_used,dg_yr,s_cagr,s_vol,s_sharpe,s_mdd,bh_cagr,bh_vol,bh_sharpe,bh_mdd
^GSPC,RSI2<5,C>SMA5,close,0,IS,0.0612605,79,4.38922,0.78481,0.0129976,-0.0122202,0.00757096,0.00703626,0.00696413,0.0153614,0.453352,4.02948,0.00462507,3.93307,-0.0302633,0.052351,3.51899,13.7644,3.44109,1,0.014749,0.073616,0.0389245,0.788899,-0.0466603,0.105414,0.158124,0.453067,-0.474141
^GSPC,RSI2<5,C>SMA5,close,0,OOS,0.0560034,82,4.37553,0.695122,0.0134814,-0.0160069,0.00449107,0.00635437,0.00430645,0.0188781,0.228118,2.0657,-1.81532,10.3216,-0.0925925,0.0406716,3.21951,4.79185,1.19796,1,0.00862563,0.0326455,0.0523672,0.371107,-0.150819,0.1135,0.198298,0.570654,-0.518327
^GSPC,RSI2<5,C>SMA5,close,0,1928-1989,0.072995,261,4.20958,0.670498,0.0133409,-0.0186636,0.00279536,0.0054562,0.00212045,0.0259774,0.0816266,1.31872,-2.36138,32.0459,-0.228157,0.160754,4.34866,1.38721,0.346803,0.346803,0.00137485,0.045498,0.0583421,0.157967,-0.328199,0.0986526,0.194371,0.391142,-0.836345
^GSPC,RSI2<5,C>SMA5,close,1,IS,0.0612605,79,4.38922,0.772152,0.0130055,-0.0117305,0.00736946,0.00683487,0.00676263,0.0153584,0.440322,3.91367,0.00461679,3.93306,-0.0304572,0.0521406,3.51899,13.4257,3.35642,1,0.0143084,0.0726744,0.038914,0.766538,-0.0466603,0.105414,0.158124,0.453067,-0.474141
^GSPC,RSI2<5,C>SMA5,close,1,OOS,0.0560034,82,4.37553,0.695122,0.0132787,-0.0162036,0.00429019,0.00615312,0.00410557,0.0188743,0.217521,1.96974,-1.81532,10.3215,-0.092774,0.0404635,3.21951,4.62737,1.15684,1,0.00818724,0.0317406,0.0523644,0.354374,-0.150989,0.1135,0.198298,0.570654,-0.518327
^GSPC,RSI2<5,C>SMA5,close,1,1928-1989,0.072995,261,4.20958,0.666667,0.0132149,-0.0186453,0.00259482,0.00525513,0.00191991,0.0259723,0.0739214,1.19424,-2.36138,32.0457,-0.228311,0.160522,4.34866,1.2748,0.3187,0.3187,0.00114207,0.0446138,0.0583285,0.14348,-0.328333,0.0986526,0.194371,0.391142,-0.836345
^GSPC,RSI2<5,C>SMA5,close,2,IS,0.0612605,79,4.38922,0.759494,0.0130196,-0.0113106,0.00716801,0.00663353,0.00656118,0.0153553,0.42729,3.79783,0.0046085,3.93305,-0.0306511,0.0519302,3.51899,13.0831,3.27076,1,0.0138679,0.0717337,0.0389056,0.744125,-0.0467193,0.105414,0.158124,0.453067,-0.474141
^GSPC,RSI2<5,C>SMA5,close,2,OOS,0.0560034,82,4.37553,0.695122,0.0130761,-0.0164004,0.00408935,0.00595191,0.00390473,0.0188706,0.206922,1.87376,-1.81532,10.3215,-0.0929554,0.0402554,3.21951,4.45764,1.11441,1,0.00774889,0.0308364,0.0523633,0.337631,-0.151158,0.1135,0.198298,0.570654,-0.518327
^GSPC,RSI2<5,C>SMA5,close,2,1928-1989,0.072995,261,4.20958,0.655172,0.0132429,-0.018218,0.00239432,0.0050541,0.00171941,0.0259672,0.0662147,1.06973,-2.36138,32.0455,-0.228465,0.16029,4.34866,1.15826,0.289564,0.289564,0.000927807,0.0437305,0.0583163,0.128984,-0.328468,0.0986526,0.194371,0.391142,-0.836345
^GSPC,RSI2<5,C>SMA5,close,5,IS,0.0612605,79,4.38922,0.734177,0.012852,-0.0108032,0.00656389,0.00602973,0.00595706,0.0153462,0.388177,3.45019,0.00458362,3.93303,-0.0312325,0.0512992,3.51899,12.0312,3.00781,1,0.0125465,0.0689164,0.0388935,0.676617,-0.0470051,0.105414,0.158124,0.453067,-0.474141
^GSPC,RSI2<5,C>SMA5,close,5,OOS,0.0560034,82,4.37553,0.682927,0.0126956,-0.0163467,0.00348708,0.00534852,0.00330246,0.0188593,0.175111,1.58569,-1.81532,10.3215,-0.0934995,0.0396314,3.21951,3.91593,0.978983,0.978983,0.00631551,0.0281288,0.0523695,0.287354,-0.151668,0.1135,0.198298,0.570654,-0.518327
^GSPC,RSI2<5,C>SMA5,close,5,1928-1989,0.072995,261,4.20958,0.643678,0.0128646,-0.0182072,0.00179307,0.00445125,0.00111816,0.0259519,0.0430857,0.696071,-2.36137,32.0448,-0.228928,0.159594,4.34866,0.784426,0.196106,0.196106,0.000406755,0.0410849,0.0582882,0.0854573,-0.32887,0.0986526,0.194371,0.391142,-0.836345
^GSPC,RSI2<5,C>SMA5,close,10,IS,0.0612605,79,4.38922,0.708861,0.0122679,-0.0107797,0.00555783,0.0050242,0.004951,0.0153311,0.322938,2.87034,0.00454213,3.93298,-0.0322008,0.0502484,3.51899,10.1992,2.54979,1,0.0103451,0.0642374,0.0389169,0.563428,-0.0474811,0.105414,0.158124,0.453067,-0.474141
^GSPC,RSI2<5,C>SMA5,close,10,OOS,0.0560034,82,4.37553,0.658537,0.0121267,-0.0161123,0.00248409,0.00434367,0.00229947,0.0188404,0.12205,1.10521,-1.81531,10.3214,-0.0944055,0.0385923,3.21951,2.8993,0.724826,0.724826,0.00323551,0.0236318,0.0524122,0.203495,-0.152516,0.1135,0.198298,0.570654,-0.518327
^GSPC,RSI2<5,C>SMA5,close,10,1928-1989,0.072995,261,4.20958,0.601533,0.0127098,-0.0171999,0.000791774,0.0034473,0.000116862,0.0259263,0.00450748,0.0728205,-2.36137,32.0438,-0.229699,0.158435,4.34866,0.0867824,0.0216956,0.0216956,4.67251e-06,0.0366904,0.0582693,0.0128417,-0.329541,0.0986526,0.194371,0.391142,-0.836345
^GSPC,RSI2<10,C>SMA5,close,0,IS,0.124284,163,9.05624,0.760736,0.0134176,-0.0107612,0.00763248,0.00744725,0.00703671,0.0147185,0.478085,6.10379,-0.393638,4.87997,-0.0517094,0.0538452,3.46012,12.6827,3.17068,1,0.0308348,0.109141,0.0564306,1.13612,-0.0637957,0.105414,0.158124,0.453067,-0.474141
^GSPC,RSI2<10,C>SMA5,close,0,OOS,0.106703,146,7.79058,0.719178,0.0115503,-0.0152507,0.00402399,0.00596795,0.00381054,0.0170903,0.222965,2.6941,-1.55254,9.81663,-0.0925925,0.0429771,3.44521,5.2595,1.31487,1,0.0136819,0.043534,0.0633772,0.48223,-0.150819,0.1135,0.198298,0.570654,-0.518327
^GSPC,RSI2<10,C>SMA5,close,0,1928-1989,0.124574,458,7.38693,0.707424,0.0123524,-0.0181791,0.00341964,0.00549616,0.00276346,0.022619,0.122174,2.61464,-2.66794,29.9881,-0.228157,0.107446,4.22926,2.16036,0.540089,0.540089,0.00494806,0.0571116,0.0709789,0.296922,-0.325261,0.0986526,0.194371,0.391142,-0.836345
^GSPC,RSI2<10,C>SMA5,close,1,IS,0.124284,163,9.05624,0.754601,0.0133228,-0.0106863,0.00743097,0.00724578,0.00683521,0.0147156,0.464487,5.93017,-0.393651,4.88,-0.051899,0.0536344,3.46012,12.4641,3.11603,1,0.0299257,0.107135,0.0564243,1.10413,-0.0639829,0.105414,0.158124,0.453067,-0.474141
^GSPC,RSI2<10,C>SMA5,close,1,OOS,0.106703,146,7.79058,0.719178,0.011348,-0.0154476,0.0038232,0.00576678,0.00360976,0.0170869,0.211259,2.55265,-1.55254,9.81661,-0.092774,0.0427685,3.44521,5.0533,1.26332,1,0.0129014,0.0419064,0.0633705,0.457632,-0.150989,0.1135,0.198298,0.570654,-0.518327
^GSPC,RSI2<10,C>SMA5,close,1,1928-1989,0.124574,458,7.38693,0.700873,0.012265,-0.0179765,0.00321897,0.00529508,0.00256279,0.0226146,0.113325,2.42526,-2.66793,29.9879,-0.228311,0.107224,4.22926,2.04482,0.511206,0.511206,0.00433421,0.0555434,0.0709629,0.276047,-0.325531,0.0986526,0.194371,0.391142,-0.836345
^GSPC,RSI2<10,C>SMA5,close,2,IS,0.124284,163,9.05624,0.742331,0.0133392,-0.0103721,0.0072295,0.00704435,0.00663374,0.0147127,0.450885,5.75652,-0.393665,4.88003,-0.0520886,0.0534237,3.46012,12.2368,3.05919,1,0.0290167,0.105133,0.0564209,1.07208,-0.0641701,0.105414,0.158124,0.453067,-0.474141
^GSPC,RSI2<10,C>SMA5,close,2,OOS,0.106703,146,7.79058,0.719178,0.0111458,-0.0156445,0.00362246,0.00556565,0.00340901,0.0170835,0.19955,2.41117,-1.55254,9.81659,-0.0929554,0.04256,3.44521,4.83937,1.20984,1,0.0121211,0.0402813,0.0633661,0.433016,-0.151158,0.1135,0.198298,0.570654,-0.518327
^GSPC,RSI2<10,C>SMA5,close,2,1928-1989,0.124574,458,7.38693,0.689956,0.0122556,-0.0175379,0.00301835,0.00509404,0.00236217,0.0226101,0.104474,2.23584,-2.66793,29.9877,-0.228465,0.107003,4.22926,1.92276,0.480691,0.480691,0.00374858,0.0539776,0.0709489,0.255158,-0.325801,0.0986526,0.194371,0.391142,-0.836345
^GSPC,RSI2<10,C>SMA5,close,5,IS,0.124284,163,9.05624,0.730061,0.0129466,-0.0104708,0.00662535,0.00644031,0.00602958,0.014704,0.410065,5.23536,-0.393706,4.88012,-0.0526572,0.0527919,3.46012,11.5004,2.8751,1,0.0262902,0.099147,0.0564288,0.975626,-0.0647314,0.105414,0.158124,0.453067,-0.474141
^GSPC,RSI2<10,C>SMA5,close,5,OOS,0.106703,146,7.79058,0.705479,0.0107515,-0.0154982,0.00302046,0.00496249,0.00280702,0.0170733,0.16441,1.98658,-1.55253,9.81652,-0.0934995,0.0419346,3.44521,4.15043,1.03761,1,0.00978048,0.0354211,0.0633667,0.359084,-0.151668,0.1135,0.198298,0.570654,-0.518327
^GSPC,RSI2<10,C>SMA5,close,5,1928-1989,0.124574,458,7.38693,0.676856,0.0118796,-0.0174043,0.00241672,0.00449116,0.00176054,0.0225968,0.0779111,1.66737,-2.66792,29.9871,-0.228928,0.106339,4.22926,1.51677,0.379192,0.379192,0.00219045,0.049294,0.0709187,0.192422,-0.326609,0.0986526,0.194371,0.391142,-0.836345
^GSPC,RSI2<10,C>SMA5,close,10,IS,0.124284,163,9.05624,0.705521,0.0123633,-0.0105384,0.00561922,0.00543437,0.00502346,0.0146894,0.341978,4.36608,-0.393774,4.88026,-0.0536041,0.0517396,3.46012,10.0867,2.52167,1,0.0217479,0.0892429,0.0565013,0.814138,-0.0656662,0.105414,0.158124,0.453067,-0.474141
^GSPC,RSI2<10,C>SMA5,close,10,OOS,0.106703,146,7.79058,0.664384,0.010378,-0.0145315,0.00201794,0.00395803,0.0018045,0.0170563,0.105797,1.27835,-1.55253,9.81641,-0.0944055,0.0408932,3.44521,2.84268,0.710669,0.710669,0.00441853,0.0273713,0.063414,0.235749,-0.152516,0.1135,0.198298,0.570654,-0.518327
^GSPC,RSI2<10,C>SMA5,close,10,1928-1989,0.124574,458,7.38693,0.631004,0.0116956,-0.016166,0.0014148,0.00348718,0.000758623,0.0225746,0.0336052,0.719183,-2.6679,29.9862,-0.229699,0.105233,4.22926,0.709714,0.177429,0.177429,0.000437577,0.0415342,0.0709077,0.0877352,-0.327955,0.0986526,0.194371,0.391142,-0.836345
^GSPC,RSI2<10,RSI2>70,close,0,IS,0.158219,155,8.61177,0.83871,0.0145025,-0.0146517,0.00980023,0.0107905,0.00900236,0.0158927,0.566446,7.05219,-1.25505,7.96805,-0.0622655,0.0538452,4.63226,10.6065,2.65163,1,0.03759,0.124292,0.0617157,1.26379,-0.0721688,0.105414,0.158124,0.453067,-0.474141
^GSPC,RSI2<10,RSI2>70,close,0,OOS,0.141493,138,7.3637,0.731884,0.012456,-0.0157765,0.00488644,0.00700496,0.00456584,0.0175222,0.260574,3.06105,-1.39588,7.98379,-0.0816213,0.0429771,4.83333,5.97027,1.49257,1,0.0156549,0.0476591,0.070931,0.493625,-0.154193,0.1135,0.198298,0.570654,-0.518327
^GSPC,RSI2<10,RSI2>70,close,0,1928-1989,0.156923,424,6.83856,0.733491,0.0140931,-0.025189,0.00362407,0.00804428,0.00274641,0.0293475,0.0935825,1.92698,-4.82267,47.2629,-0.321127,0.0832665,5.75472,1.25362,0.313405,0.313405,0.00264501,0.0540586,0.0868048,0.224488,-0.417269,0.0986526,0.194371,0.391142,-0.836345
^GSPC,RSI2<10,RSI2>70,close,1,IS,0.158219,155,8.61177,0.83871,0.0142996,-0.0148488,0.00959829,0.0105884,0.00880042,0.0158896,0.553847,6.89534,-1.25508,7.96817,-0.0624531,0.0536344,4.63226,10.501,2.62526,1,0.0367245,0.122358,0.0617072,1.23604,-0.0721688,0.105414,0.158124,0.453067,-0.474141
^GSPC,RSI2<10,RSI2>70,close,1,OOS,0.141493,138,7.3637,0.731884,0.0122535,-0.0159733,0.00468548,0.00680358,0.00436488,0.0175187,0.249155,2.92691,-1.39589,7.98379,-0.081805,0.0427685,4.83333,5.77506,1.44377,1,0.0149169,0.0461145,0.0709297,0.472825,-0.154362,0.1135,0.198298,0.570654,-0.518327
^GSPC,RSI2<10,RSI2>70,close,1,1928-1989,0.156923,424,6.83856,0.728774,0.0139812,-0.0249452,0.00342337,0.0078427,0.00254571,0.0293417,0.0867606,1.78651,-4.82265,47.2626,-0.321263,0.0830498,5.75472,1.18409,0.296022,0.296022,0.00231142,0.052611,0.0867911,0.208672,-0.417385,0.0986526,0.194371,0.391142,-0.836345
^GSPC,RSI2<10,RSI2>70,close,2,IS,0.158219,155,8.61177,0.825806,0.0143179,-0.0139353,0.00939639,0.0103863,0.00859852,0.0158865,0.541246,6.73846,-1.25511,7.9683,-0.0626406,0.0534237,4.63226,10.392,2.598,1,0.0358591,0.120428,0.0617013,1.20823,-0.0721688,0.105414,0.158124,0.453067,-0.474141
^GSPC,RSI2<10,RSI2>70,close,2,OOS,0.141493,138,7.3637,0.731884,0.0120511,-0.0161701,0.00448456,0.00660224,0.00416396,0.0175153,0.237733,2.79273,-1.39589,7.98379,-0.0819886,0.04256,4.83333,5.57397,1.39349,1,0.0141789,0.0445722,0.0709304,0.452013,-0.154531,0.1135,0.198298,0.570654,-0.518327
^GSPC,RSI2<10,RSI2>70,close,2,1928-1989,0.156923,424,6.83856,0.724057,0.0138691,-0.0247127,0.0032227,0.00764115,0.00234504,0.029336,0.0799374,1.64601,-4.82263,47.2622,-0.321399,0.0828333,5.75472,1.11144,0.277859,0.277859,0.0019948,0.0511653,0.0867789,0.19285,-0.417502,0.0986526,0.194371,0.391142,-0.836345
^GSPC,RSI2<10,RSI2>70,close,5,IS,0.158219,155,8.61177,0.825806,0.0137095,-0.0145268,0.00879094,0.00978024,0.00799306,0.0158772,0.50343,6.26765,-1.2552,7.96868,-0.0632028,0.0527919,4.63226,10.0422,2.51055,1,0.0332635,0.114656,0.0616991,1.1245,-0.0723546,0.105414,0.158124,0.453067,-0.474141
^GSPC,RSI2<10,RSI2>70,close,5,OOS,0.141493,138,7.3637,0.681159,0.0123203,-0.0141451,0.00388205,0.00599846,0.00356145,0.0175049,0.203455,2.39005,-1.39591,7.98378,-0.0825392,0.0419346,4.83333,4.9346,1.23365,1,0.0119655,0.0399588,0.0709441,0.389529,-0.155726,0.1135,0.198298,0.570654,-0.518327
^GSPC,RSI2<10,RSI2>70,close,5,1928-1989,0.156923,424,6.83856,0.709906,0.0135329,-0.0240822,0.00262095,0.00703674,0.00174329,0.0293187,0.05946,1.22436,-4.82258,47.2613,-0.321806,0.0821837,5.75472,0.873707,0.218427,0.218427,0.00115901,0.0468403,0.0867512,0.145351,-0.417851,0.0986526,0.194371,0.391142,-0.836345
^GSPC,RSI2<10,RSI2>70,close,10,IS,0.158219,155,8.61177,0.806452,0.0130114,-0.014004,0.00778265,0.00877097,0.00698478,0.0158618,0.440353,5.48236,-1.25535,7.96931,-0.0641391,0.0517396,4.63226,9.37287,2.34322,1,0.0289392,0.105103,0.0617476,0.984178,-0.076037,0.105414,0.158124,0.453067,-0.474141
^GSPC,RSI2<10,RSI2>70,close,10,OOS,0.141493,138,7.3637,0.652174,0.0118352,-0.0139147,0.00287867,0.00499296,0.00255807,0.0174876,0.146279,1.71839,-1.39593,7.98377,-0.0834562,0.0408932,4.83333,3.74506,0.936265,0.936265,0.00781944,0.0323151,0.0710061,0.285329,-0.16329,0.1135,0.198298,0.570654,-0.518327
^GSPC,RSI2<10,RSI2>70,close,10,1928-1989,0.156923,424,6.83856,0.695755,0.0127832,-0.023912,0.00161883,0.00603021,0.00074117,0.02929,0.0253046,0.521053,-4.82249,47.2598,-0.322484,0.0811021,5.75472,0.406701,0.101675,0.101675,0.00022712,0.0396714,0.0867352,0.0661272,-0.418433,0.0986526,0.194371,0.391142,-0.836345
^GSPC,down3,C>SMA5,close,0,IS,0.11591,165,9.16736,0.715152,0.0115246,-0.00932937,0.0055844,0.00523737,0.00503627,0.0145129,0.347021,4.45756,-0.441183,8.77678,-0.0657825,0.0711898,3.18788,9.31971,2.32993,1,0.0220959,0.0899914,0.0539168,0.86332,-0.0657825,0.105414,0.158124,0.453067,-0.474141
^GSPC,down3,C>SMA5,close,0,OOS,0.100127,158,8.4309,0.677215,0.011744,-0.0122324,0.00400475,0.0056464,0.00382495,0.0161309,0.23712,2.98055,-1.79516,11.6409,-0.0925925,0.0406716,2.98734,5.63966,1.40991,1,0.0150001,0.0462479,0.0591031,0.556642,-0.146795,0.1135,0.198298,0.570654,-0.518327
^GSPC,down3,C>SMA5,close,0,1928-1989,0.118271,455,7.33855,0.657143,0.0114351,-0.0169183,0.00171393,0.00453243,0.00107793,0.0219206,0.0491745,1.04893,-2.98257,28.8957,-0.216174,0.0941113,4.04176,1.03618,0.259044,0.259044,0.000905101,0.0440687,0.0689591,0.123591,-0.341992,0.0986526,0.194371,0.391142,-0.836345
^GSPC,down3,C>SMA5,close,1,IS,0.11591,165,9.16736,0.70303,0.011519,-0.00914194,0.0053833,0.00503634,0.00483517,0.01451,0.33323,4.28042,-0.441209,8.77683,-0.0659694,0.0709756,3.18788,9.09058,2.27264,1,0.0211766,0.0879958,0.0539023,0.829517,-0.065876,0.105414,0.158124,0.453067,-0.474141
^GSPC,down3,C>SMA5,close,1,OOS,0.100127,158,8.4309,0.670886,0.0116516,-0.0121931,0.00380397,0.00544529,0.00362417,0.0161277,0.224718,2.82466,-1.79515,11.6409,-0.092774,0.0404635,2.98734,5.4336,1.3584,1,0.0141555,0.044482,0.0591009,0.528065,-0.147051,0.1135,0.198298,0.570654,-0.518327
^GSPC,down3,C>SMA5,close,1,1928-1989,0.118271,455,7.33855,0.652747,0.0113094,-0.0169,0.00151361,0.00433154,0.000877612,0.0219163,0.0400439,0.854165,-2.98257,28.8955,-0.216331,0.0938925,4.04176,0.85783,0.214457,0.214457,0.000608917,0.04253,0.0689446,0.102205,-0.343306,0.0986526,0.194371,0.391142,-0.836345
^GSPC,down3,C>SMA5,close,2,IS,0.11591,165,9.16736,0.69697,0.0114164,-0.00915626,0.00518224,0.00483535,0.00463411,0.0145071,0.319437,4.10324,-0.441235,8.77688,-0.0661562,0.0707614,3.18788,8.84968,2.21242,1,0.0202574,0.0860038,0.0538909,0.795653,-0.0659694,0.105414,0.158124,0.453067,-0.474141
^GSPC,down3,C>SMA5,close,2,OOS,0.100127,158,8.4309,0.664557,0.0115594,-0.012159,0.00360323,0.00524423,0.00342343,0.0161244,0.212313,2.66874,-1.79515,11.6409,-0.0929554,0.0402554,2.98734,5.21837,1.30459,1,0.013311,0.0427191,0.0591015,0.499466,-0.147307,0.1135,0.198298,0.570654,-0.518327
^GSPC,down3,C>SMA5,close,2,1928-1989,0.118271,455,7.33855,0.648352,0.0111833,-0.0168844,0.00131332,0.00413069,0.000677329,0.0219119,0.0309114,0.659363,-2.98256,28.8953,-0.216487,0.0936737,4.04176,0.672865,0.168216,0.168216,0.000367947,0.0409936,0.0689321,0.0808109,-0.34463,0.0986526,0.194371,0.391142,-0.836345
^GSPC,down3,C>SMA5,close,5,IS,0.11591,165,9.16736,0.666667,0.0113121,-0.00888631,0.00457931,0.00423263,0.00403119,0.0144985,0.278041,3.5715,-0.441312,8.77703,-0.0667163,0.0701192,3.18788,8.05313,2.01328,1,0.0175003,0.0800498,0.0538757,0.693752,-0.0664371,0.105414,0.158124,0.453067,-0.474141
^GSPC,down3,C>SMA5,close,5,OOS,0.100127,158,8.4309,0.651899,0.0111695,-0.0122957,0.00300125,0.00464126,0.00282145,0.0161148,0.175085,2.20078,-1.79515,11.6409,-0.0934995,0.0396314,2.98734,4.5155,1.12888,1,0.010778,0.0374482,0.059119,0.41358,-0.148074,0.1135,0.198298,0.570654,-0.518327
^GSPC,down3,C>SMA5,close,5,1928-1989,0.118271,455,7.33855,0.637363,0.0107621,-0.0169498,0.000712716,0.0035284,7.67211e-05,0.021899,0.0035034,0.0747302,-2.98255,28.8949,-0.216957,0.0930177,4.04176,0.0797358,0.019934,0.019934,4.91333e-06,0.0363979,0.0689066,0.0165908,-0.348746,0.0986526,0.194371,0.391142,-0.836345
^GSPC,down3,C>SMA5,close,10,IS,0.11591,165,9.16736,0.624242,0.0110255,-0.0088018,0.00357524,0.0032289,0.00302711,0.0144842,0.208994,2.68457,-0.441442,8.77728,-0.0676491,0.0690496,3.18788,6.46835,1.61709,1,0.012907,0.0701989,0.0539134,0.523251,-0.0673702,0.105414,0.158124,0.453067,-0.474141
^GSPC,down3,C>SMA5,close,10,OOS,0.100127,158,8.4309,0.613924,0.0108249,-0.0120363,0.00199875,0.00363712,0.00181895,0.0160987,0.112987,1.42023,-1.79515,11.6408,-0.0944055,0.0385923,2.98734,3.14347,0.785868,0.785868,0.0053434,0.0287225,0.0592014,0.270367,-0.14935,0.1135,0.198298,0.570654,-0.518327
^GSPC,down3,C>SMA5,close,10,1928-1989,0.118271,455,7.33855,0.586813,0.0106407,-0.0158079,-0.000287497,0.00252537,-0.000923492,0.0218775,-0.042212,-0.900414,-2.98252,28.8941,-0.21774,0.0919252,4.04176,4.96395e-05,1.24099e-05,1.24099e-05,-2.69869e-13,0.0287835,0.0689045,-0.0904511,-0.355548,0.0986526,0.194371,0.391142,-0.836345
^GSPC,belowBB,C>SMA5,close,0,IS,0.044513,54,3.00023,0.814815,0.0141201,-0.0103967,0.00957993,0.00867663,0.00896114,0.0141231,0.634505,4.66264,0.0485443,4.2461,-0.0217662,0.052351,3.74074,19.9016,4.9754,1,0.0131217,0.0698859,0.0322146,0.837942,-0.0421074,0.105414,0.158124,0.453067,-0.474141
^GSPC,belowBB,C>SMA5,close,0,OOS,0.0492151,66,3.52177,0.69697,0.0130212,-0.0111463,0.00569773,0.00501345,0.00549121,0.0155395,0.353371,2.8708,0.141645,3.65098,-0.0358568,0.0495078,3.51515,11.2407,2.81018,1,0.00924008,0.0335303,0.0441665,0.450215,-0.0606372,0.1135,0.198298,0.570654,-0.518327
^GSPC,belowBB,C>SMA5,close,0,1928-1989,0.0451476,146,2.35479,0.671233,0.0142467,-0.0214265,0.00251849,0.00652997,0.0017422,0.0327491,0.0531984,0.642799,-3.78657,29.3936,-0.235523,0.0916609,4.80822,0.736932,0.184233,0.184233,0.000334656,0.0405511,0.0586119,0.0774867,-0.277641,0.0986526,0.194371,0.391142,-0.836345
^GSPC,belowBB,C>SMA5,close,1,IS,0.044513,54,3.00023,0.814815,0.0139173,-0.0105946,0.00937804,0.00847492,0.00875925,0.0141203,0.620331,4.55849,0.0485312,4.2461,-0.0219619,0.0521406,3.74074,19.5536,4.88839,1,0.0128202,0.0692445,0.0322034,0.81958,-0.0421074,0.105414,0.158124,0.453067,-0.474141
^GSPC,belowBB,C>SMA5,close,1,OOS,0.0492151,66,3.52177,0.69697,0.0128187,-0.0113441,0.00549661,0.00481247,0.00529009,0.0155364,0.340496,2.76621,0.141639,3.65098,-0.0360496,0.0492979,3.51515,10.8632,2.7158,1,0.00888696,0.0328012,0.044157,0.434319,-0.060825,0.1135,0.198298,0.570654,-0.518327
^GSPC,belowBB,C>SMA5,close,1,1928-1989,0.0451476,146,2.35479,0.657534,0.0143394,-0.0207631,0.00231801,0.00632868,0.00154172,0.0327426,0.0470859,0.568941,-3.78656,29.3935,-0.235676,0.0914426,4.80822,0.660392,0.165098,0.165098,0.000265027,0.0400588,0.0586061,0.0694119,-0.277785,0.0986526,0.194371,0.391142,-0.836345
^GSPC,belowBB,C>SMA5,close,2,IS,0.044513,54,3.00023,0.814815,0.0137145,-0.0107924,0.00917618,0.00827324,0.00855739,0.0141175,0.606156,4.45432,0.0485182,4.24609,-0.0221575,0.0519302,3.74074,19.2014,4.80035,1,0.0125187,0.0686034,0.0321941,0.801163,-0.0421074,0.105414,0.158124,0.453067,-0.474141
^GSPC,belowBB,C>SMA5,close,2,OOS,0.0492151,66,3.52177,0.69697,0.0126161,-0.0115418,0.00529553,0.00461153,0.00508901,0.0155333,0.327619,2.66159,0.141633,3.65098,-0.0362424,0.0490881,3.51515,10.4819,2.62049,1,0.00853388,0.0320727,0.044149,0.418403,-0.0615156,0.1135,0.198298,0.570654,-0.518327
^GSPC,belowBB,C>SMA5,close,2,1928-1989,0.0451476,146,2.35479,0.657534,0.0141366,-0.0209589,0.00211756,0.00612744,0.00134127,0.0327362,0.0409722,0.495069,-3.78654,29.3933,-0.235829,0.0912243,4.80822,0.581763,0.145441,0.145441,0.000202841,0.0395667,0.0586011,0.0613355,-0.27793,0.0986526,0.194371,0.391142,-0.836345
^GSPC,belowBB,C>SMA5,close,5,IS,0.044513,54,3.00023,0.796296,0.0134118,-0.0103528,0.00857086,0.00766846,0.00795207,0.0141091,0.563612,4.14168,0.0484792,4.24609,-0.022744,0.0512992,3.74074,18.1194,4.52984,1,0.0116146,0.0666825,0.0321771,0.745603,-0.0421074,0.105414,0.158124,0.453067,-0.474141
^GSPC,belowBB,C>SMA5,close,5,OOS,0.0492151,66,3.52177,0.666667,0.0125619,-0.0110463,0.00469253,0.00400894,0.00448601,0.015524,0.288972,2.34762,0.141615,3.65098,-0.0368205,0.0484588,3.51515,9.31697,2.32924,1,0.00747486,0.0298902,0.0441344,0.370551,-0.0637653,0.1135,0.198298,0.570654,-0.518327
^GSPC,belowBB,C>SMA5,close,5,1928-1989,0.0451476,146,2.35479,0.630137,0.0141303,-0.0199737,0.00151647,0.00552394,0.000740182,0.0327168,0.0226239,0.273366,-3.7865,29.3927,-0.236287,0.0905697,4.80822,0.333271,0.0833178,0.0833178,6.38605e-05,0.0380919,0.0585909,0.0370997,-0.278363,0.0986526,0.194371,0.391142,-0.836345
^GSPC,belowBB,C>SMA5,close,10,IS,0.044513,54,3.00023,0.759259,0.0130178,-0.00964142,0.00756279,0.00666129,0.006944,0.0140952,0.49265,3.62022,0.048414,4.24607,-0.0237208,0.0502484,3.74074,16.2254,4.05636,1,0.0101083,0.0634887,0.032185,0.652172,-0.0421074,0.105414,0.158124,0.453067,-0.474141
^GSPC,belowBB,C>SMA5,close,10,OOS,0.0492151,66,3.52177,0.621212,0.0124315,-0.0106504,0.00368834,0.00300543,0.00348182,0.0155086,0.224509,1.82392,0.141584,3.65098,-0.0377832,0.0474109,3.51515,7.31264,1.82816,1,0.00571052,0.0262629,0.0441413,0.290556,-0.0675027,0.1135,0.198298,0.570654,-0.518327
^GSPC,belowBB,C>SMA5,close,10,1928-1989,0.0451476,146,2.35479,0.582192,0.0142315,-0.018597,0.000515456,0.00451892,-0.000260834,0.0326845,-0.00798037,-0.0964272,-3.78642,29.3918,-0.23705,0.0894797,4.80822,5.45133e-05,1.36283e-05,1.36283e-05,-2.32009e-13,0.0356384,0.0585898,-0.00329502,-0.279084,0.0986526,0.194371,0.391142,-0.836345
^GSPC,RSI2<10,T5,close,0,IS,0.178493,162,9.00068,0.728395,0.017067,-0.0127646,0.0089646,0.0101517,0.0081145,0.0174045,0.46623,5.93414,-0.168875,3.55021,-0.0466603,0.0579951,5,12.0152,3.00379,1,0.0350969,0.11897,0.0621248,1.17927,-0.062901,0.105414,0.158124,0.453067,-0.474141
^GSPC,RSI2<10,T5,close,0,OOS,0.155919,147,7.84394,0.591837,0.0161081,-0.0141147,0.00377226,0.00545994,0.00345811,0.0194401,0.177886,2.15675,-0.428992,4.69873,-0.0769705,0.0608615,5,4.34464,1.08616,1,0.0120744,0.0405153,0.064209,0.431699,-0.107375,0.1135,0.198298,0.570654,-0.518327
^GSPC,RSI2<10,T5,close,0,1928-1989,0.152743,475,7.66112,0.602105,0.0181498,-0.0145994,0.00511906,0.00545611,0.00436368,0.0228184,0.191235,4.16788,0.211316,8.41753,-0.132103,0.136728,5,3.99709,0.999271,0.999271,0.0147082,0.0709131,0.0665893,0.50668,-0.239878,0.0986526,0.194371,0.391142,-0.836345
^GSPC,RSI2<10,T5,close,1,IS,0.178493,162,9.00068,0.728395,0.0168636,-0.012962,0.00876283,0.00994972,0.00791273,0.017401,0.454727,5.78773,-0.168877,3.55021,-0.0468509,0.0577835,5,11.7748,2.9437,1,0.0341928,0.116958,0.062126,1.15027,-0.0635567,0.105414,0.158124,0.453067,-0.474141
^GSPC,RSI2<10,T5,close,1,OOS,0.155919,147,7.84394,0.591837,0.0159049,-0.0143119,0.00357153,0.00525886,0.00325738,0.0194362,0.167594,2.03196,-0.428992,4.69873,-0.077155,0.0606493,5,4.11275,1.02819,1,0.0112888,0.0388812,0.0642038,0.407238,-0.107821,0.1135,0.198298,0.570654,-0.518327
^GSPC,RSI2<10,T5,close,1,1928-1989,0.152743,475,7.66112,0.595789,0.0181368,-0.0145659,0.00491805,0.00525504,0.00416267,0.0228138,0.182463,3.97669,0.211316,8.41753,-0.132277,0.1365,5,3.83754,0.959385,0.959385,0.0134606,0.0692655,0.066581,0.483607,-0.240486,0.0986526,0.194371,0.391142,-0.836345
^GSPC,RSI2<10,T5,close,2,IS,0.178493,162,9.00068,0.722222,0.0168035,-0.0128691,0.0085611,0.00974775,0.00771099,0.0173976,0.443223,5.6413,-0.16888,3.55021,-0.0470415,0.057572,5,11.5308,2.8827,1,0.0332887,0.114951,0.0621298,1.12123,-0.064212,0.105414,0.158124,0.453067,-0.474141
^GSPC,RSI2<10,T5,close,2,OOS,0.155919,147,7.84394,0.591837,0.0157017,-0.014509,0.00337084,0.00505783,0.00305669,0.0194323,0.157299,1.90715,-0.428991,4.69873,-0.0773396,0.0604372,5,3.87792,0.96948,0.96948,0.0102268,0.0372497,0.0642009,0.382762,-0.108286,0.1135,0.198298,0.570654,-0.518327
^GSPC,RSI2<10,T5,close,2,1928-1989,0.152743,475,7.66112,0.589474,0.0181262,-0.014537,0.00471709,0.00505401,0.00396171,0.0228093,0.173689,3.78546,0.211316,8.41753,-0.13245,0.136273,5,3.67422,0.918554,0.918554,0.0122569,0.0676205,0.0665749,0.460514,-0.241093,0.0986526,0.194371,0.391142,-0.836345
^GSPC,RSI2<10,T5,close,5,IS,0.178493,162,9.00068,0.716049,0.0163361,-0.013176,0.00795614,0.00914208,0.00710604,0.0173871,0.408695,5.20184,-0.168886,3.55021,-0.0476131,0.0569377,5,10.7774,2.69434,1,0.030577,0.108949,0.0621575,1.03388,-0.0661752,0.105414,0.158124,0.453067,-0.474141
^GSPC,RSI2<10,T5,close,5,OOS,0.155919,147,7.84394,0.578231,0.0154524,-0.0146195,0.00276899,0.00445498,0.00245484,0.0194206,0.126404,1.53257,-0.42899,4.69872,-0.077893,0.0598011,5,3.15677,0.789193,0.789193,0.00667678,0.0323706,0.064206,0.30927,-0.10989,0.1135,0.198298,0.570654,-0.518327
^GSPC,RSI2<10,T5,close,5,1928-1989,0.152743,475,7.66112,0.585263,0.0176452,-0.0149798,0.00411444,0.00445116,0.00335906,0.0227956,0.147355,3.21154,0.211317,8.41754,-0.132971,0.135592,5,3.1637,0.790925,0.790925,0.00893232,0.0627006,0.0665696,0.391151,-0.242912,0.0986526,0.194371,0.391142,-0.836345
^GSPC,RSI2<10,T5,close,10,IS,0.178493,162,9.00068,0.697531,0.0157383,-0.0133212,0.00694869,0.00813344,0.00609859,0.0173698,0.351103,4.46881,-0.168897,3.5502,-0.048565,0.0558812,5,9.45332,2.36333,1,0.0260594,0.0990172,0.0622572,0.887753,-0.0694382,0.105414,0.158124,0.453067,-0.474141
^GSPC,RSI2<10,T5,close,10,OOS,0.155919,147,7.84394,0.557823,0.0149804,-0.0149029,0.00176673,0.00345102,0.00145258,0.0194012,0.0748704,0.907755,-0.428987,4.6987,-0.0788147,0.0587419,5,1.90505,0.476262,0.476262,0.00237949,0.0242897,0.0642604,0.186727,-0.118447,0.1135,0.198298,0.570654,-0.518327
^GSPC,RSI2<10,T5,close,10,1928-1989,0.152743,475,7.66112,0.568421,0.0171351,-0.0153602,0.00311083,0.00344721,0.00235545,0.0227729,0.103432,2.25425,0.211318,8.41755,-0.133837,0.134457,5,2.25891,0.564727,0.564727,0.00446299,0.0545511,0.0666042,0.275387,-0.245935,0.0986526,0.194371,0.391142,-0.836345
SPY,RSI2<5,C>SMA5,open,0,IS,0.0407023,47,3.14986,0.808511,0.0176793,-0.00997635,0.0123835,0.00925131,0.0118297,0.0203715,0.5807,3.98108,1.97395,10.2213,-0.0202428,0.104444,3.25532,19.6278,4.90695,1,0.0179594,0.0772314,0.0493894,0.751933,-0.0777707,0.103048,0.169084,0.437099,-0.475159
SPY,RSI2<5,C>SMA5,open,0,OOS,0.0549427,80,4.26881,0.75,0.0126371,-0.0187234,0.00479699,0.00865383,0.00462369,0.019082,0.242306,2.16725,-2.12299,10.9816,-0.0934151,0.0426722,3.2375,4.85823,1.21456,1,0.00907143,0.0333149,0.0517255,0.387588,-0.154267,0.112686,0.197299,0.568673,-0.518737
SPY,RSI2<5,C>SMA5,open,1,IS,0.0407023,47,3.14986,0.808511,0.0174757,-0.0101743,0.012181,0.00904948,0.0116273,0.0203674,0.570876,3.91373,1.97394,10.2212,-0.0204387,0.104223,3.25532,19.286,4.8215,1,0.0176425,0.0765528,0.0493495,0.73972,-0.0778629,0.103048,0.169084,0.437099,-0.475159
SPY,RSI2<5,C>SMA5,open,1,OOS,0.0549427,80,4.26881,0.75,0.0124346,-0.0189197,0.00459605,0.00845212,0.00442275,0.0190782,0.231822,2.07348,-2.12298,10.9816,-0.0935964,0.0424636,3.2375,4.70763,1.17691,1,0.00864367,0.0324315,0.0517165,0.371102,-0.154944,0.112686,0.197299,0.568673,-0.518737
SPY,RSI2<5,C>SMA5,open,2,IS,0.0407023,47,3.14986,0.787234,0.0177433,-0.00935067,0.0119786,0.00884769,0.0114248,0.0203633,0.561049,3.84636,1.97393,10.2212,-0.0206346,0.104003,3.25532,18.9425,4.73562,1,0.0173256,0.0758746,0.0493108,0.72747,-0.0779551,0.103048,0.169084,0.437099,-0.475159
SPY,RSI2<5,C>SMA5,open,2,OOS,0.0549427,80,4.26881,0.75,0.0122322,-0.0191159,0.00439515,0.00825045,0.00422185,0.0190744,0.221336,1.97969,-2.12298,10.9816,-0.0937777,0.0422552,3.2375,4.55235,1.13809,1,0.00821595,0.0315488,0.0517091,0.354601,-0.15562,0.112686,0.197299,0.568673,-0.518737
SPY,RSI2<5,C>SMA5,open,5,IS,0.0407023,47,3.14986,0.787234,0.0171328,-0.00994488,0.0113716,0.00824257,0.0108178,0.0203512,0.531558,3.64418,1.97389,10.2211,-0.0212221,0.10334,3.25532,17.9024,4.47559,1,0.0163753,0.0738426,0.0492022,0.69051,-0.0782316,0.103048,0.169084,0.437099,-0.475159
SPY,RSI2<5,C>SMA5,open,5,OOS,0.0549427,80,4.26881,0.7375,0.0118309,-0.0187909,0.0037927,0.00764568,0.00361939,0.019063,0.189865,1.69821,-2.12297,10.9815,-0.0943213,0.04163,3.2375,4.05718,1.0143,1,0.00693306,0.0289052,0.0516966,0.305023,-0.157644,0.112686,0.197299,0.568673,-0.518737
SPY,RSI2<5,C>SMA5,open,10,IS,0.0407023,47,3.14986,0.765957,0.0165744,-0.00997466,0.0103608,0.00723483,0.00980696,0.0203309,0.482366,3.30694,1.97383,10.2208,-0.0222003,0.102238,3.25532,16.1403,4.03507,1,0.014792,0.0704644,0.0490459,0.628254,-0.078692,0.103048,0.169084,0.437099,-0.475159
SPY,RSI2<5,C>SMA5,open,10,OOS,0.0549427,80,4.26881,0.7125,0.0112201,-0.018104,0.0027894,0.00663854,0.0026161,0.019044,0.137372,1.22869,-2.12295,10.9813,-0.0952265,0.0405889,3.2375,3.12714,0.781785,0.781785,0.00388653,0.0245144,0.0517078,0.222235,-0.161006,0.112686,0.197299,0.568673,-0.518737
SPY,RSI2<5,C>SMA5,close,0,IS,0.0407023,47,3.14986,0.723404,0.01445,-0.0104778,0.0075551,0.0060032,0.00700147,0.0155812,0.449353,3.08061,0.129118,3.02984,-0.0245412,0.0446429,3.25532,14.4203,3.60507,1,0.0106363,0.0619389,0.0422042,0.533457,-0.0571923,0.103048,0.169084,0.437099,-0.475159
SPY,RSI2<5,C>SMA5,close,0,OOS,0.0549427,80,4.26881,0.7,0.0135323,-0.0178282,0.00412415,0.00687131,0.00395105,0.01989,0.198645,1.77673,-1.78625,9.26534,-0.0929198,0.0410933,3.2375,4.14575,1.03644,1,0.00757314,0.0305444,0.0517453,0.335544,-0.149875,0.112686,0.197299,0.568673,-0.518737
SPY,RSI2<5,C>SMA5,close,1,IS,0.0407023,47,3.14986,0.723404,0.0142472,-0.0106756,0.00735361,0.00580202,0.00679998,0.0155782,0.436508,2.99254,0.12911,3.02985,-0.0247363,0.044434,3.25532,14.0372,3.5093,1,0.0103202,0.0612699,0.0421929,0.51864,-0.0571923,0.103048,0.169084,0.437099,-0.475159
SPY,RSI2<5,C>SMA5,close,1,OOS,0.0549427,80,4.26881,0.7,0.0133296,-0.0180246,0.00392335,0.00666996,0.00375024,0.019886,0.188587,1.68677,-1.78625,9.26533,-0.0931012,0.0408851,3.2375,3.97931,0.994827,0.994827,0.0071131,0.0296633,0.0517414,0.31903,-0.150045,0.112686,0.197299,0.568673,-0.518737
SPY,RSI2<5,C>SMA5,close,2,IS,0.0407023,47,3.14986,0.702128,0.0144733,-0.0101048,0.00715216,0.00560088,0.00659853,0.0155751,0.42366,2.90447,0.129102,3.02985,-0.0249313,0.0442252,3.25532,13.6516,3.4129,1,0.010004,0.0606013,0.042183,0.5038,-0.0571923,0.103048,0.169084,0.437099,-0.475159
SPY,RSI2<5,C>SMA5,close,2,OOS,0.0549427,80,4.26881,0.7,0.013127,-0.018221,0.00372258,0.00646864,0.00354948,0.019882,0.178527,1.59679,-1.78625,9.26531,-0.0932825,0.040677,3.2375,3.80846,0.952116,0.952116,0.00643627,0.028783,0.051739,0.302505,-0.150215,0.112686,0.197299,0.568673,-0.518737
SPY,RSI2<5,C>SMA5,close,5,IS,0.0407023,47,3.14986,0.702128,0.0138648,-0.0106986,0.00654805,0.0049977,0.00599442,0.0155658,0.385102,2.64012,0.129079,3.02985,-0.0255162,0.0435988,3.25532,12.4798,3.11995,1,0.00905579,0.0585982,0.042162,0.459151,-0.0574522,0.103048,0.169084,0.437099,-0.475159
SPY,RSI2<5,C>SMA5,close,5,OOS,0.0549427,80,4.26881,0.6875,0.0127477,-0.0180593,0.00312053,0.00586494,0.00294742,0.0198701,0.148334,1.32674,-1.78625,9.26527,-0.0938264,0.0400527,3.2375,3.2688,0.817199,0.817199,0.00457215,0.0261465,0.0517415,0.252885,-0.150725,0.112686,0.197299,0.568673,-0.518737
SPY,RSI2<5,C>SMA5,close,10,IS,0.0407023,47,3.14986,0.659574,0.0137074,-0.0102784,0.00554201,0.00399321,0.00498838,0.0155504,0.320788,2.19921,0.129039,3.02985,-0.0264902,0.0425557,3.25532,10.4802,2.62004,1,0.00747604,0.0552679,0.0421562,0.384404,-0.057923,0.103048,0.169084,0.437099,-0.475159
SPY,RSI2<5,C>SMA5,close,10,OOS,0.0549427,80,4.26881,0.6875,0.0117355,-0.0190408,0.00211791,0.00485958,0.0019448,0.0198503,0.0979734,0.876301,-1.78624,9.2652,-0.0947321,0.0390132,3.2375,2.27583,0.568958,0.568958,0.00208879,0.0217675,0.0517777,0.170125,-0.151969,0.112686,0.197299,0.568673,-0.518737
SPY,RSI2<10,C>SMA5,open,0,IS,0.0963022,112,7.50606,0.803571,0.0128262,-0.0138612,0.00758405,0.00758853,0.00704618,0.0167398,0.420923,4.45464,1.23521,12.814,-0.0427895,0.104444,3.23214,12.3459,3.08647,1,0.0253755,0.0930335,0.0646979,0.812717,-0.0777707,0.103048,0.169084,0.437099,-0.475159
SPY,RSI2<10,C>SMA5,open,0,OOS,0.10734,149,7.95066,0.744966,0.0111823,-0.0149322,0.00452224,0.00725671,0.00432335,0.0159814,0.270524,3.30217,-2.03242,12.1645,-0.0934151,0.0426722,3.39597,6.09195,1.52299,1,0.0161408,0.0480275,0.0629185,0.553546,-0.148587,0.112686,0.197299,0.568673,-0.518737
SPY,RSI2<10,C>SMA5,open,1,IS,0.0963022,112,7.50606,0.785714,0.0129141,-0.0128999,0.00738255,0.00738703,0.00684468,0.0167365,0.408968,4.32811,1.23519,12.8139,-0.0429809,0.104223,3.23214,12.0681,3.01703,1,0.024622,0.0913933,0.064686,0.789619,-0.0778629,0.103048,0.169084,0.437099,-0.475159
SPY,RSI2<10,C>SMA5,open,1,OOS,0.10734,149,7.95066,0.731544,0.0111839,-0.0143792,0.00432135,0.00705528,0.00412246,0.0159782,0.258006,3.14936,-2.03241,12.1644,-0.0935964,0.0424636,3.39597,5.91239,1.4781,1,0.0153441,0.0463593,0.0629082,0.528295,-0.148843,0.112686,0.197299,0.568673,-0.518737
SPY,RSI2<10,C>SMA5,open,2,IS,0.0963022,112,7.50606,0.785714,0.0127116,-0.0130973,0.0071811,0.00718558,0.00664322,0.0167332,0.397009,4.20155,1.23518,12.8138,-0.0431723,0.104003,3.23214,11.7846,2.94616,1,0.0238687,0.0897556,0.0646763,0.766489,-0.0779551,0.103048,0.169084,0.437099,-0.475159
SPY,RSI2<10,C>SMA5,open,2,OOS,0.10734,149,7.95066,0.724832,0.0110839,-0.0142222,0.00412051,0.00685389,0.00392162,0.015975,0.245485,2.99652,-2.03241,12.1644,-0.0937777,0.0422552,3.39597,5.72424,1.43106,1,0.0145474,0.0446937,0.0629003,0.50302,-0.149098,0.112686,0.197299,0.568673,-0.518737
SPY,RSI2<10,C>SMA5,open,5,IS,0.0963022,112,7.50606,0.785714,0.0121041,-0.0136892,0.00657697,0.00658144,0.0060391,0.0167232,0.36112,3.82174,1.23512,12.8136,-0.0437462,0.10334,3.23214,10.8995,2.72489,1,0.0216092,0.0848573,0.0646603,0.696931,-0.0782316,0.103048,0.169084,0.437099,-0.475159
SPY,RSI2<10,C>SMA5,open,5,OOS,0.10734,149,7.95066,0.691275,0.0110049,-0.0132455,0.00351822,0.00624996,0.00331933,0.0159655,0.207907,2.53782,-2.03239,12.1642,-0.0943213,0.04163,3.39597,5.10519,1.2763,1,0.0121581,0.0397129,0.0628906,0.427076,-0.149863,0.112686,0.197299,0.568673,-0.518737
SPY,RSI2<10,C>SMA5,open,10,IS,0.0963022,112,7.50606,0.758929,0.0114966,-0.013084,0.0055709,0.00557537,0.00503302,0.0167066,0.301259,3.18822,1.23502,12.8132,-0.044702,0.102238,3.23214,9.31065,2.32766,1,0.0178448,0.0767423,0.0646773,0.580581,-0.078692,0.103048,0.169084,0.437099,-0.475159
SPY,RSI2<10,C>SMA5,open,10,OOS,0.10734,149,7.95066,0.677852,0.0102057,-0.0136668,0.0025152,0.00524421,0.00231631,0.0159496,0.145227,1.77272,-2.03237,12.164,-0.0952265,0.0405889,3.39597,3.8759,0.968974,0.968974,0.00795533,0.0314643,0.062922,0.300278,-0.151904,0.112686,0.197299,0.568673,-0.518737
SPY,RSI2<10,C>SMA5,close,0,IS,0.0963022,112,7.50606,0.696429,0.0141787,-0.0108875,0.00656934,0.00590847,0.00603153,0.0162266,0.371707,3.93378,-0.51002,4.78516,-0.0515139,0.0513994,3.23214,9.74392,2.43598,1,0.021623,0.0861663,0.0595859,0.771386,-0.0627247,0.103048,0.169084,0.437099,-0.475159
SPY,RSI2<10,C>SMA5,close,0,OOS,0.10734,149,7.95066,0.731544,0.0115224,-0.014953,0.00441493,0.00565145,0.00421606,0.0167745,0.251338,3.06797,-1.60991,10.5131,-0.0929198,0.043062,3.39597,5.76802,1.442,1,0.0156147,0.0475558,0.0637376,0.540228,-0.149875,0.112686,0.197299,0.568673,-0.518737
SPY,RSI2<10,C>SMA5,close,1,IS,0.0963022,112,7.50606,0.696429,0.0139759,-0.0110853,0.00636805,0.00570731,0.00583024,0.0162234,0.359373,3.80325,-0.510029,4.78518,-0.0517036,0.0511892,3.23214,9.49491,2.37373,1,0.02087,0.0845364,0.0595845,0.746182,-0.0629122,0.103048,0.169084,0.437099,-0.475159
SPY,RSI2<10,C>SMA5,close,1,OOS,0.10734,149,7.95066,0.731544,0.0113201,-0.01515,0.00421406,0.00545034,0.0040152,0.0167711,0.239412,2.92239,-1.60991,10.5131,-0.0931012,0.0428534,3.39597,5.57864,1.39466,1,0.014818,0.0458883,0.0637278,0.515293,-0.150045,0.112686,0.197299,0.568673,-0.518737
SPY,RSI2<10,C>SMA5,close,2,IS,0.0963022,112,7.50606,0.6875,0.0139535,-0.0109639,0.0061668,0.00550619,0.00562899,0.0162201,0.347037,3.6727,-0.510039,4.78519,-0.0518932,0.050979,3.23214,9.24041,2.3101,1,0.020117,0.082909,0.0595854,0.72095,-0.0630996,0.103048,0.169084,0.437099,-0.475159
SPY,RSI2<10,C>SMA5,close,2,OOS,0.10734,149,7.95066,0.724832,0.0112221,-0.0149759,0.00401324,0.00524927,0.00381438,0.0167678,0.227483,2.77678,-1.60991,10.513,-0.0932825,0.0426449,3.39597,5.38127,1.34532,1,0.0140215,0.0442235,0.0637204,0.490336,-0.150215,0.112686,0.197299,0.568673,-0.518737
SPY,RSI2<10,C>SMA5,close,5,IS,0.0963022,112,7.50606,0.669643,0.0137103,-0.0109509,0.00556328,0.00490306,0.00502547,0.0162105,0.310014,3.28088,-0.510066,4.78523,-0.0524619,0.0503486,3.23214,8.44364,2.11091,1,0.0178586,0.0780414,0.0596025,0.645124,-0.0636615,0.103048,0.169084,0.437099,-0.475159
SPY,RSI2<10,C>SMA5,close,5,OOS,0.10734,149,7.95066,0.691275,0.0111419,-0.0138995,0.00341101,0.0046463,0.00321215,0.0167578,0.191681,2.33977,-1.60991,10.513,-0.0938264,0.0420195,3.39597,4.73957,1.18489,1,0.0116323,0.0392449,0.0637121,0.415352,-0.150725,0.112686,0.197299,0.568673,-0.518737
SPY,RSI2<10,C>SMA5,close,10,IS,0.0963022,112,7.50606,0.616071,0.0138346,-0.0103272,0.00455821,0.00389866,0.00402041,0.0161944,0.248259,2.62733,-0.510111,4.7853,-0.053409,0.0492987,3.23214,7.00496,1.75124,1,0.0140961,0.0699774,0.0596782,0.518487,-0.0645974,0.103048,0.169084,0.437099,-0.475159
SPY,RSI2<10,C>SMA5,close,10,OOS,0.10734,149,7.95066,0.66443,0.0105683,-0.0137491,0.0024081,0.00364216,0.00220924,0.0167411,0.131965,1.61084,-1.6099,10.5129,-0.0947321,0.040978,3.39597,3.49788,0.874471,0.874471,0.00681746,0.031,0.0637452,0.290175,-0.151574,0.112686,0.197299,0.568673,-0.518737
SPY,RSI2<10,RSI2>70,open,0,IS,0.125299,107,7.17096,0.813084,0.0150055,-0.0148967,0.00941626,0.00964166,0.00869827,0.0188805,0.460702,4.76554,0.849981,11.4622,-0.0513036,0.112592,4.40187,10.9275,2.73188,1,0.0298755,0.103197,0.0705049,0.882666,-0.0890562,0.103048,0.169084,0.437099,-0.475159
SPY,RSI2<10,RSI2>70,open,0,OOS,0.138524,141,7.52378,0.744681,0.0127833,-0.0161189,0.005404,0.0079078,0.00510839,0.0175058,0.291811,3.46506,-1.91695,9.23752,-0.085222,0.0426722,4.63121,6.18559,1.5464,1,0.0180268,0.0521861,0.0693416,0.565486,-0.152623,0.112686,0.197299,0.568673,-0.518737
SPY,RSI2<10,RSI2>70,open,1,IS,0.125299,107,7.17096,0.785047,0.0153362,-0.0131433,0.0092144,0.00943975,0.00849641,0.0188767,0.450099,4.65586,0.84995,11.4621,-0.0514933,0.11237,4.40187,10.7526,2.68815,1,0.0291551,0.101616,0.0704976,0.862382,-0.0890562,0.103048,0.169084,0.437099,-0.475159
SPY,RSI2<10,RSI2>70,open,1,OOS,0.138524,141,7.52378,0.737589,0.0127027,-0.0158774,0.00520294,0.00770624,0.00490733,0.0175024,0.280381,3.32934,-1.91695,9.2375,-0.0854049,0.0424636,4.63121,6.01891,1.50473,1,0.0172726,0.0506011,0.0693329,0.5438,-0.152877,0.112686,0.197299,0.568673,-0.518737
SPY,RSI2<10,RSI2>70,open,2,IS,0.125299,107,7.17096,0.785047,0.0151331,-0.0133407,0.00901258,0.00923789,0.00829459,0.018873,0.439494,4.54617,0.849919,11.462,-0.051683,0.112147,4.40187,10.5736,2.6434,1,0.0284347,0.100036,0.0704923,0.842073,-0.0890562,0.103048,0.169084,0.437099,-0.475159
SPY,RSI2<10,RSI2>70,open,2,OOS,0.138524,141,7.52378,0.737589,0.0125002,-0.0160742,0.00500192,0.00750472,0.00470631,0.0174989,0.268949,3.19359,-1.91695,9.23749,-0.0855878,0.0422552,4.63121,5.84693,1.46173,1,0.0165184,0.0490185,0.0693263,0.522095,-0.153131,0.112686,0.197299,0.568673,-0.518737
SPY,RSI2<10,RSI2>70,open,5,IS,0.125299,107,7.17096,0.775701,0.0147027,-0.013364,0.00840735,0.00863252,0.00768936,0.0188619,0.407667,4.21694,0.849824,11.4618,-0.0522518,0.11148,4.40187,10.0119,2.50298,1,0.0262741,0.0953121,0.0704879,0.781013,-0.0890562,0.103048,0.169084,0.437099,-0.475159
SPY,RSI2<10,RSI2>70,open,5,OOS,0.138524,141,7.52378,0.737589,0.0118928,-0.0166644,0.00439909,0.0069004,0.00410349,0.0174885,0.234639,2.78618,-1.91695,9.23743,-0.0861363,0.04163,4.63121,5.29782,1.32446,1,0.0142563,0.044285,0.0693186,0.45689,-0.153893,0.112686,0.197299,0.568673,-0.518737
SPY,RSI2<10,RSI2>70,open,10,IS,0.125299,107,7.17096,0.775701,0.0136885,-0.0143501,0.00739945,0.0076244,0.00668146,0.0188433,0.35458,3.66781,0.849667,11.4615,-0.0531991,0.110369,4.40187,8.99114,2.24779,1,0.0226744,0.0874833,0.0705189,0.678902,-0.0890562,0.103048,0.169084,0.437099,-0.475159
SPY,RSI2<10,RSI2>70,open,10,OOS,0.138524,141,7.52378,0.716312,0.0112307,-0.0163895,0.0033952,0.005894,0.00309959,0.0174712,0.177411,2.10664,-1.91696,9.23735,-0.0870497,0.0405889,4.63121,4.26461,1.06615,1,0.0104877,0.0364433,0.0693467,0.348022,-0.155161,0.112686,0.197299,0.568673,-0.518737
SPY,RSI2<10,RSI2>70,close,0,IS,0.125299,107,7.17096,0.803738,0.0149184,-0.0162437,0.0088025,0.0099563,0.00808424,0.0175536,0.460545,4.76392,-0.890101,5.52459,-0.0549894,0.0513994,4.40187,9.84507,2.46127,1,0.0278297,0.0998232,0.0651264,0.903044,-0.0890562,0.103048,0.169084,0.437099,-0.475159
SPY,RSI2<10,RSI2>70,close,0,OOS,0.138524,141,7.52378,0.723404,0.0126097,-0.014871,0.00500863,0.0071909,0.0047131,0.0172304,0.273534,3.24803,-1.46063,8.41308,-0.081631,0.043062,4.63121,6.22863,1.55716,1,0.0165857,0.0495934,0.0693639,0.529835,-0.153744,0.112686,0.197299,0.568673,-0.518737
SPY,RSI2<10,RSI2>70,close,1,IS,0.125299,107,7.17096,0.803738,0.0147155,-0.0164404,0.00860076,0.00975433,0.0078825,0.0175502,0.449141,4.64595,-0.890117,5.52463,-0.0551784,0.0511892,4.40187,9.68572,2.42143,1,0.0271094,0.0982465,0.0651266,0.880996,-0.0890562,0.103048,0.169084,0.437099,-0.475159
SPY,RSI2<10,RSI2>70,close,1,OOS,0.138524,141,7.52378,0.723404,0.0124072,-0.015068,0.00480765,0.00698949,0.00451211,0.017227,0.261921,3.11014,-1.46063,8.41308,-0.0818147,0.0428534,4.63121,6.03764,1.50941,1,0.0158316,0.0480123,0.0693608,0.508112,-0.153914,0.112686,0.197299,0.568673,-0.518737
SPY,RSI2<10,RSI2>70,close,2,IS,0.125299,107,7.17096,0.803738,0.0145126,-0.0166371,0.00839906,0.0095524,0.0076808,0.0175467,0.437734,4.52795,-0.890134,5.52467,-0.0553674,0.050979,4.40187,9.52265,2.38066,1,0.0263892,0.096672,0.0651288,0.858923,-0.0890599,0.103048,0.169084,0.437099,-0.475159
SPY,RSI2<10,RSI2>70,close,2,OOS,0.138524,141,7.52378,0.716312,0.0123269,-0.0148867,0.00460671,0.00678811,0.00431117,0.0172236,0.250306,2.97222,-1.46063,8.41309,-0.0819983,0.0426449,4.63121,5.84051,1.46013,1,0.0150776,0.0464336,0.0693598,0.486375,-0.154083,0.112686,0.197299,0.568673,-0.518737
SPY,RSI2<10,RSI2>70,close,5,IS,0.125299,107,7.17096,0.803738,0.013904,-0.017227,0.0077942,0.00894685,0.00707595,0.0175364,0.403501,4.17384,-0.890183,5.5248,-0.055934,0.0503486,4.40187,9.01034,2.25258,1,0.0242291,0.0919622,0.0651479,0.792577,-0.089333,0.103048,0.169084,0.437099,-0.475159
SPY,RSI2<10,RSI2>70,close,5,OOS,0.138524,141,7.52378,0.702128,0.0119639,-0.0147581,0.00400412,0.00618422,0.00370859,0.0172133,0.215449,2.55831,-1.46065,8.4131,-0.0825489,0.0420195,4.63121,5.21134,1.30283,1,0.0128159,0.0417118,0.0693691,0.4211,-0.15459,0.112686,0.197299,0.568673,-0.518737
SPY,RSI2<10,RSI2>70,close,10,IS,0.125299,107,7.17096,0.738318,0.0140705,-0.0137633,0.00678691,0.00793841,0.00606866,0.0175192,0.346401,3.5832,-0.890266,5.52501,-0.0568776,0.0492987,4.40187,8.07506,2.01876,1,0.0206304,0.0841573,0.0652212,0.681699,-0.0897879,0.103048,0.169084,0.437099,-0.475159
SPY,RSI2<10,RSI2>70,close,10,OOS,0.138524,141,7.52378,0.673759,0.0114449,-0.0144386,0.00300062,0.00517853,0.00270509,0.0171963,0.157307,1.86791,-1.46067,8.41313,-0.0834659,0.040978,4.63121,4.03132,1.00783,1,0.00904801,0.0338893,0.0694252,0.312207,-0.155449,0.112686,0.197299,0.568673,-0.518737
SPY,down3,C>SMA5,open,0,IS,0.100825,122,8.17624,0.762295,0.00964756,-0.00937971,0.00512468,0.00604464,0.00460033,0.0109824,0.418883,4.62672,-1.19513,6.00577,-0.0427895,0.0266602,3.10656,13.9296,3.48239,1,0.0182939,0.0769931,0.0592821,0.632008,-0.0777707,0.103048,0.169084,0.437099,-0.475159
SPY,down3,C>SMA5,open,0,OOS,0.101188,159,8.48426,0.748428,0.00990287,-0.0123441,0.00430615,0.00511357,0.00412297,0.0144752,0.284829,3.59156,-2.30258,16.1598,-0.0934151,0.0426722,3,6.54011,1.63503,1,0.0165715,0.0487667,0.0586049,0.601774,-0.14699,0.112686,0.197299,0.568673,-0.518737
SPY,down3,C>SMA5,open,1,IS,0.100825,122,8.17624,0.754098,0.00954953,-0.00926228,0.00492368,0.00584345,0.00439932,0.0109802,0.40066,4.42544,-1.19513,6.0058,-0.0429809,0.0264549,3.10656,13.5439,3.38597,1,0.0174741,0.0752329,0.0592859,0.604361,-0.0778629,0.103048,0.169084,0.437099,-0.475159
SPY,down3,C>SMA5,open,1,OOS,0.101188,159,8.48426,0.735849,0.00986925,-0.0119514,0.00410531,0.00491257,0.00392213,0.0144723,0.271008,3.41729,-2.30257,16.1598,-0.0935964,0.0424636,3,6.36088,1.59022,1,0.0157214,0.0469854,0.0586018,0.572788,-0.147246,0.112686,0.197299,0.568673,-0.518737
SPY,down3,C>SMA5,open,2,IS,0.100825,122,8.17624,0.745902,0.00945208,-0.00916028,0.00472271,0.0056423,0.00419836,0.010978,0.382433,4.22412,-1.19514,6.00583,-0.0431723,0.0262497,3.10656,13.1403,3.28507,1,0.0166544,0.0734755,0.0592922,0.576695,-0.0779551,0.103048,0.169084,0.437099,-0.475159
SPY,down3,C>SMA5,open,2,OOS,0.101188,159,8.48426,0.735849,0.0096673,-0.012149,0.00390451,0.0047116,0.00372133,0.0144695,0.257185,3.24298,-2.30256,16.1597,-0.0937777,0.0422552,3,6.17083,1.54271,1,0.0148714,0.0452071,0.0586014,0.543776,-0.147501,0.112686,0.197299,0.568673,-0.518737
SPY,down3,C>SMA5,open,5,IS,0.100825,122,8.17624,0.729508,0.00905124,-0.00917918,0.00412006,0.0050391,0.00359571,0.0109715,0.327732,3.61991,-1.19517,6.00591,-0.0437462,0.0256341,3.10656,11.8163,2.95407,1,0.0141958,0.0682206,0.0593267,0.493623,-0.0783984,0.103048,0.169084,0.437099,-0.475159
SPY,down3,C>SMA5,open,5,OOS,0.101188,159,8.48426,0.716981,0.00931372,-0.0119265,0.00330234,0.00410896,0.00311917,0.0144608,0.215698,2.71984,-2.30255,16.1595,-0.0943213,0.04163,3,5.5293,1.38232,1,0.0123218,0.0398902,0.0586164,0.456631,-0.148268,0.112686,0.197299,0.568673,-0.518737
SPY,down3,C>SMA5,open,10,IS,0.100825,122,8.17624,0.680328,0.00863573,-0.00862973,0.00311644,0.00403456,0.00259209,0.0109607,0.23649,2.61212,-1.19522,6.00604,-0.044702,0.024609,3.10656,9.20689,2.30172,1,0.0100997,0.0595195,0.0594356,0.35514,-0.0793195,0.103048,0.169084,0.437099,-0.475159
SPY,down3,C>SMA5,open,10,OOS,0.101188,159,8.48426,0.679245,0.00880076,-0.0114677,0.00229954,0.00310535,0.00211636,0.0144464,0.146497,1.84726,-2.30252,16.1592,-0.0952265,0.0405889,3,4.18474,1.04619,1,0.00807428,0.0310888,0.0586955,0.311263,-0.149544,0.112686,0.197299,0.568673,-0.518737
SPY,down3,C>SMA5,close,0,IS,0.100825,122,8.17624,0.688525,0.01306,-0.00832919,0.0063978,0.00528641,0.00587355,0.0144908,0.40533,4.47701,0.78402,7.14539,-0.0386442,0.0781372,3.10656,14.102,3.52551,1,0.0231359,0.0892886,0.0559319,0.869532,-0.0577149,0.103048,0.169084,0.437099,-0.475159
SPY,down3,C>SMA5,close,0,OOS,0.101188,159,8.48426,0.679245,0.0116158,-0.0110754,0.00433752,0.00500221,0.00415435,0.0156787,0.264967,3.34111,-1.89651,13.0491,-0.0929198,0.0410933,3,6.11696,1.52924,1,0.0165509,0.0494404,0.0580438,0.618228,-0.145949,0.112686,0.197299,0.568673,-0.518737
SPY,down3,C>SMA5,close,1,IS,0.100825,122,8.17624,0.680328,0.0130127,-0.00830958,0.00619654,0.00508537,0.00567229,0.0144879,0.391519,4.32447,0.78401,7.14538,-0.0388365,0.0779216,3.10656,13.6943,3.42357,1,0.0223157,0.0875083,0.0559179,0.840452,-0.0580918,0.103048,0.169084,0.437099,-0.475159
SPY,down3,C>SMA5,close,1,OOS,0.101188,159,8.48426,0.679245,0.0114135,-0.0112731,0.00413667,0.00480123,0.0039535,0.0156756,0.252207,3.18021,-1.89651,13.049,-0.0931012,0.0408851,3,5.9294,1.48235,1,0.0157009,0.0476579,0.0580399,0.588964,-0.146205,0.112686,0.197299,0.568673,-0.518737
SPY,down3,C>SMA5,close,2,IS,0.100825,122,8.17624,0.663934,0.0131292,-0.00809847,0.00599532,0.00488437,0.00547108,0.014485,0.377706,4.1719,0.784,7.14536,-0.0390287,0.077706,3.10656,13.2769,3.31923,1,0.0214955,0.0857308,0.0559067,0.811322,-0.0584685,0.103048,0.169084,0.437099,-0.475159
SPY,down3,C>SMA5,close,2,OOS,0.101188,159,8.48426,0.672956,0.0113177,-0.0112538,0.00393586,0.00460029,0.0037527,0.0156725,0.239445,3.01929,-1.89651,13.049,-0.0932825,0.040677,3,5.73247,1.43312,1,0.0148509,0.0458784,0.0580386,0.559673,-0.146461,0.112686,0.197299,0.568673,-0.518737
SPY,down3,C>SMA5,close,5,IS,0.100825,122,8.17624,0.663934,0.0125215,-0.00869343,0.0053919,0.00428162,0.00486766,0.0144763,0.336249,3.714,0.78397,7.14532,-0.0396051,0.0770596,3.10656,11.9709,2.99272,1,0.0190356,0.0804159,0.0558894,0.723667,-0.0598662,0.103048,0.169084,0.437099,-0.475159
SPY,down3,C>SMA5,close,5,OOS,0.101188,159,8.48426,0.654088,0.0110309,-0.011221,0.00333368,0.00399771,0.00315051,0.0156631,0.201143,2.53631,-1.8965,13.049,-0.0938264,0.0400527,3,5.08187,1.27047,1,0.0123014,0.0405582,0.0580512,0.471677,-0.147229,0.112686,0.197299,0.568673,-0.518737
SPY,down3,C>SMA5,close,10,IS,0.100825,122,8.17624,0.606557,0.012656,-0.00836095,0.00438701,0.00327784,0.00386277,0.0144619,0.2671,2.95022,0.783919,7.14524,-0.040565,0.075983,3.10656,9.64207,2.41052,1,0.0149372,0.0716155,0.0559153,0.576957,-0.0622132,0.103048,0.169084,0.437099,-0.475159
SPY,down3,C>SMA5,close,10,OOS,0.101188,159,8.48426,0.610063,0.0107804,-0.0108886,0.00233085,0.00299422,0.00214768,0.0156475,0.137254,1.73071,-1.8965,13.0489,-0.0947321,0.0390132,3,3.77977,0.944943,0.944943,0.00766652,0.0317511,0.0581268,0.32486,-0.148507,0.112686,0.197299,0.568673,-0.518737
SPY,belowBB,C>SMA5,open,0,IS,0.0428305,43,2.88179,0.72093,0.0166905,-0.0110006,0.00896274,0.0100121,0.00836333,0.0212989,0.392665,2.57488,1.91969,10.9142,-0.0329963,0.104444,3.74419,11.5736,2.89341,1,0.011408,0.0633465,0.0475765,0.505847,-0.0538715,0.103048,0.169084,0.437099,-0.475159
SPY,belowBB,C>SMA5,open,0,OOS,0.0466695,64,3.41505,0.765625,0.0121759,-0.0115529,0.00661448,0.00733083,0.0064095,0.0134235,0.477485,3.81988,-0.244601,3.82499,-0.0291874,0.0426722,3.4375,15.7392,3.9348,1,0.0106252,0.0360609,0.0436469,0.511179,-0.0570373,0.112686,0.197299,0.568673,-0.518737
SPY,belowBB,C>SMA5,open,1,IS,0.0428305,43,2.88179,0.697674,0.0170434,-0.0103524,0.00876097,0.00981013,0.00816156,0.0212947,0.383268,2.51326,1.91967,10.9141,-0.0331897,0.104223,3.74419,11.2909,2.82272,1,0.0111186,0.0627337,0.0475639,0.493839,-0.0539661,0.103048,0.169084,0.437099,-0.475159
SPY,belowBB,C>SMA5,open,1,OOS,0.0466695,64,3.41505,0.734375,0.0124892,-0.0103851,0.00641318,0.00712938,0.0062082,0.0134208,0.462581,3.70064,-0.244609,3.82499,-0.0293816,0.0424636,3.4375,15.3434,3.83585,1,0.0102826,0.0353522,0.0436383,0.495584,-0.0571316,0.112686,0.197299,0.568673,-0.518737
SPY,belowBB,C>SMA5,open,2,IS,0.0428305,43,2.88179,0.697674,0.01684,-0.0105503,0.00855924,0.00960819,0.00795983,0.0212904,0.373869,2.45162,1.91966,10.914,-0.033383,0.104003,3.74419,11.0065,2.75162,1,0.0108292,0.0621211,0.0475526,0.481814,-0.0540607,0.103048,0.169084,0.437099,-0.475159
SPY,belowBB,C>SMA5,open,2,OOS,0.0466695,64,3.41505,0.734375,0.0122867,-0.010583,0.00621191,0.00692798,0.00600693,0.0134181,0.447673,3.58139,-0.244617,3.825,-0.0295757,0.0422552,3.4375,14.9409,3.73522,1,0.00994004,0.034644,0.0436312,0.479969,-0.0572259,0.112686,0.197299,0.568673,-0.518737
SPY,belowBB,C>SMA5,open,5,IS,0.0428305,43,2.88179,0.697674,0.0162301,-0.0111438,0.00795428,0.0090026,0.00735487,0.0212777,0.345661,2.26665,1.91962,10.9139,-0.0339628,0.10334,3.74419,10.1444,2.53611,1,0.00996118,0.0602857,0.0475257,0.445645,-0.0543443,0.103048,0.169084,0.437099,-0.475159
SPY,belowBB,C>SMA5,open,5,OOS,0.0466695,64,3.41505,0.71875,0.0119374,-0.0105658,0.00560837,0.006324,0.00540339,0.0134101,0.402933,3.22347,-0.244642,3.82503,-0.0301577,0.04163,3.4375,13.6928,3.42321,1,0.00891258,0.0325223,0.0436191,0.433009,-0.0575086,0.112686,0.197299,0.568673,-0.518737
SPY,belowBB,C>SMA5,open,10,IS,0.0428305,43,2.88179,0.651163,0.0163258,-0.0105605,0.00694683,0.0079941,0.00634742,0.0212566,0.29861,1.95812,1.91955,10.9136,-0.0349284,0.102238,3.74419,8.68516,2.17129,1,0.0085151,0.0572336,0.0475046,0.385105,-0.0548167,0.103048,0.169084,0.437099,-0.475159
SPY,belowBB,C>SMA5,open,10,OOS,0.0466695,64,3.41505,0.703125,0.0111811,-0.0109759,0.00460326,0.00531818,0.00439828,0.0133968,0.328308,2.62646,-0.244684,3.82507,-0.0311271,0.0405889,3.4375,11.4774,2.86934,1,0.00720083,0.0289957,0.0436295,0.35447,-0.0579794,0.112686,0.197299,0.568673,-0.518737
SPY,belowBB,C>SMA5,close,0,IS,0.0428305,43,2.88179,0.744186,0.0156307,-0.0100311,0.00906604,0.0101576,0.00846662,0.015779,0.536575,3.51856,0.0908896,3.70507,-0.0252664,0.0523898,3.74419,16.1636,4.04089,1,0.0118265,0.0644287,0.0376205,0.655887,-0.04841,0.103048,0.169084,0.437099,-0.475159
SPY,belowBB,C>SMA5,close,0,OOS,0.0466695,64,3.41505,0.6875,0.0147203,-0.0119346,0.00639063,0.00509993,0.0061858,0.0170454,0.362902,2.90322,0.201553,3.07263,-0.0361478,0.0494989,3.4375,10.7972,2.6993,1,0.0100616,0.0352981,0.0428375,0.502717,-0.0606915,0.112686,0.197299,0.568673,-0.518737
SPY,belowBB,C>SMA5,close,1,IS,0.0428305,43,2.88179,0.744186,0.0154276,-0.0102291,0.00886424,0.00995555,0.00826482,0.0157759,0.52389,3.43538,0.0908812,3.70506,-0.0254613,0.0521794,3.74419,15.8366,3.95915,1,0.011537,0.0638152,0.0376053,0.640793,-0.04841,0.103048,0.169084,0.437099,-0.475159
SPY,belowBB,C>SMA5,close,1,OOS,0.0466695,64,3.41505,0.6875,0.0145174,-0.0121322,0.00618937,0.00489893,0.00598454,0.017042,0.351165,2.80932,0.201549,3.07263,-0.0363405,0.049289,3.4375,10.4644,2.6161,1,0.00971912,0.0345899,0.0428306,0.486812,-0.0608794,0.112686,0.197299,0.568673,-0.518737
SPY,belowBB,C>SMA5,close,2,IS,0.0428305,43,2.88179,0.72093,0.015718,-0.00956417,0.00866249,0.00975358,0.00806307,0.0157727,0.511203,3.35218,0.0908729,3.70505,-0.0256562,0.051969,3.74419,15.5066,3.87664,1,0.0112475,0.0632021,0.0375917,0.625663,-0.04841,0.103048,0.169084,0.437099,-0.475159
SPY,belowBB,C>SMA5,close,2,OOS,0.0466695,64,3.41505,0.6875,0.0143145,-0.0123298,0.00598815,0.00469797,0.00578332,0.0170386,0.339425,2.7154,0.201545,3.07263,-0.0365332,0.0490792,3.4375,10.1295,2.53237,1,0.00937664,0.0338822,0.0428253,0.470886,-0.0610985,0.112686,0.197299,0.568673,-0.518737
SPY,belowBB,C>SMA5,close,5,IS,0.0428305,43,2.88179,0.697674,0.0156222,-0.00939957,0.00805747,0.00914791,0.00745806,0.0157634,0.473126,3.10249,0.0908479,3.70504,-0.0262407,0.051338,3.74419,14.4975,3.62437,1,0.0103793,0.0613647,0.0375596,0.580079,-0.04841,0.103048,0.169084,0.437099,-0.475159
SPY,belowBB,C>SMA5,close,5,OOS,0.0466695,64,3.41505,0.671875,0.0140259,-0.0123091,0.00538474,0.00409533,0.00517991,0.0170284,0.304192,2.43354,0.201534,3.07263,-0.0371111,0.0484499,3.4375,9.11314,2.27829,1,0.0083494,0.0317621,0.0428187,0.423002,-0.061943,0.112686,0.197299,0.568673,-0.518737
SPY,belowBB,C>SMA5,close,10,IS,0.0428305,43,2.88179,0.697674,0.0146071,-0.0103897,0.00704992,0.00813926,0.0064505,0.0157478,0.409614,2.68602,0.0908061,3.705,-0.0272139,0.0502872,3.74419,12.7522,3.18805,1,0.00893293,0.0583096,0.0375362,0.503561,-0.04841,0.103048,0.169084,0.437099,-0.475159
SPY,belowBB,C>SMA5,close,10,OOS,0.0466695,64,3.41505,0.625,0.0140538,-0.0117433,0.00437986,0.00309173,0.00417503,0.0170115,0.245424,1.96339,0.201514,3.07264,-0.0380735,0.047402,3.4375,7.38648,1.84662,1,0.00663802,0.0282382,0.0428387,0.342947,-0.0633487,0.112686,0.197299,0.568673,-0.518737
SPY,RSI2<10,T5,open,0,IS,0.155626,117,7.84115,0.700855,0.0181288,-0.0151151,0.00818403,0.00872923,0.00735576,0.021528,0.341684,3.69587,0.634201,7.30813,-0.0490985,0.114074,5,8.02427,2.00607,1,0.0270109,0.0987447,0.071431,0.815401,-0.0816098,0.103048,0.169084,0.437099,-0.475159
SPY,RSI2<10,T5,open,0,OOS,0.162283,153,8.1641,0.640523,0.0156003,-0.0150733,0.00457384,0.0065318,0.0042665,0.0192595,0.221528,2.74015,-0.429692,3.7995,-0.0604785,0.0508702,5,5.4183,1.35457,1,0.0158904,0.0485199,0.0623151,0.565896,-0.10592,0.112686,0.197299,0.568673,-0.518737
SPY,RSI2<10,T5,open,1,IS,0.155626,117,7.84115,0.700855,0.0179252,-0.015312,0.00798241,0.0085275,0.00715415,0.0215237,0.332385,3.59529,0.634199,7.30812,-0.0492887,0.113851,5,7.82333,1.95583,1,0.0262237,0.0970224,0.0714128,0.793607,-0.0817935,0.103048,0.169084,0.437099,-0.475159
SPY,RSI2<10,T5,open,1,OOS,0.162283,153,8.1641,0.620915,0.0158874,-0.014487,0.00437295,0.00633052,0.00406561,0.0192556,0.211139,2.61164,-0.429691,3.7995,-0.0606664,0.05066,5,5.18543,1.29636,1,0.0150723,0.0468061,0.0622821,0.539887,-0.107617,0.112686,0.197299,0.568673,-0.518737
SPY,RSI2<10,T5,open,2,IS,0.155626,117,7.84115,0.700855,0.0177216,-0.015509,0.00778083,0.00832582,0.00695257,0.0215194,0.323084,3.49469,0.634196,7.30812,-0.0494788,0.113628,5,7.62077,1.90519,1,0.0254365,0.0953028,0.0713967,0.771783,-0.0819771,0.103048,0.169084,0.437099,-0.475159
SPY,RSI2<10,T5,open,2,OOS,0.162283,153,8.1641,0.620915,0.0156843,-0.0146841,0.00417209,0.00612927,0.00386475,0.0192518,0.200748,2.48312,-0.429691,3.7995,-0.0608543,0.0504499,5,4.95013,1.23753,1,0.0142544,0.0450951,0.0622515,0.513833,-0.109311,0.112686,0.197299,0.568673,-0.518737
SPY,RSI2<10,T5,open,5,IS,0.155626,117,7.84115,0.675214,0.0177783,-0.0148645,0.00717635,0.007721,0.00634808,0.0215065,0.295171,3.19276,0.63419,7.30811,-0.0500489,0.11296,5,7.00362,1.7509,1,0.0230755,0.0901603,0.0713609,0.706142,-0.0825277,0.103048,0.169084,0.437099,-0.475159
SPY,RSI2<10,T5,open,5,OOS,0.162283,153,8.1641,0.614379,0.0152405,-0.0150243,0.00356977,0.00552577,0.00326243,0.0192402,0.169563,2.09738,-0.429689,3.7995,-0.0614176,0.0498199,5,4.23006,1.05751,1,0.0118009,0.039979,0.0621745,0.435431,-0.117329,0.112686,0.197299,0.568673,-0.518737
SPY,RSI2<10,T5,open,10,IS,0.155626,117,7.84115,0.65812,0.0172053,-0.0150738,0.00616967,0.00671379,0.00534141,0.021485,0.248612,2.68915,0.634179,7.3081,-0.0509984,0.111848,5,5.9458,1.48645,1,0.019142,0.081643,0.0713424,0.596296,-0.0843513,0.103048,0.169084,0.437099,-0.475159
SPY,RSI2<10,T5,open,10,OOS,0.162283,153,8.1641,0.601307,0.0145525,-0.0155102,0.0025667,0.00452075,0.00225936,0.019221,0.117547,1.45397,-0.429686,3.79951,-0.0623557,0.0487706,5,2.98517,0.746292,0.746292,0.00604325,0.0315076,0.0620954,0.304142,-0.132641,0.112686,0.197299,0.568673,-0.518737
SPY,RSI2<10,T5,close,0,IS,0.150306,113,7.57307,0.690265,0.0175784,-0.0150792,0.0074632,0.00777599,0.00664036,0.0198546,0.33445,3.55525,-0.354094,3.68823,-0.0538675,0.0584888,5,7.70845,1.92711,1,0.0236247,0.0910245,0.0659008,0.771137,-0.0698034,0.103048,0.169084,0.437099,-0.475159
SPY,RSI2<10,T5,close,0,OOS,0.156979,148,7.8973,0.581081,0.0171746,-0.0137093,0.00423675,0.00536013,0.00392501,0.019845,0.197784,2.40614,-0.369763,4.43489,-0.0764864,0.0613976,5,4.72295,1.18074,1,0.0139359,0.0444702,0.0645962,0.488254,-0.106562,0.112686,0.197299,0.568673,-0.518737
SPY,RSI2<10,T5,close,1,IS,0.150306,113,7.57307,0.690265,0.0173749,-0.0152762,0.00726172,0.00757445,0.00643889,0.0198506,0.324368,3.44807,-0.354095,3.68823,-0.0540567,0.0582772,5,7.50688,1.87672,1,0.0228646,0.0893728,0.0659057,0.748082,-0.0705473,0.103048,0.169084,0.437099,-0.475159
SPY,RSI2<10,T5,close,1,OOS,0.156979,148,7.8973,0.581081,0.0169712,-0.0139065,0.00403593,0.00515907,0.00372418,0.019841,0.187701,2.28349,-0.369762,4.43488,-0.076671,0.0611853,5,4.5025,1.12562,1,0.0131447,0.0428188,0.0645943,0.463758,-0.107008,0.112686,0.197299,0.568673,-0.518737
SPY,RSI2<10,T5,close,2,IS,0.150306,113,7.57307,0.690265,0.0171714,-0.0154731,0.00706029,0.00737296,0.00623745,0.0198466,0.314283,3.34087,-0.354097,3.68823,-0.0542459,0.0580655,5,7.30311,1.82578,1,0.0221046,0.0877236,0.0659127,0.72501,-0.0712906,0.103048,0.169084,0.437099,-0.475159
SPY,RSI2<10,T5,close,2,OOS,0.156979,148,7.8973,0.574324,0.0169674,-0.0138829,0.00383514,0.00495806,0.00352339,0.019837,0.177617,2.16081,-0.369761,4.43488,-0.0768557,0.0609731,5,4.27929,1.06982,1,0.0123537,0.04117,0.0645946,0.439247,-0.107474,0.112686,0.197299,0.568673,-0.518737
SPY,RSI2<10,T5,close,5,IS,0.150306,113,7.57307,0.672566,0.0170064,-0.0152143,0.00645624,0.00676872,0.0056334,0.0198347,0.284017,3.01914,-0.354101,3.68823,-0.0548132,0.0574309,5,6.67862,1.66966,1,0.019825,0.0827908,0.0659467,0.655709,-0.0736032,0.103048,0.169084,0.437099,-0.475159
SPY,RSI2<10,T5,close,5,OOS,0.156979,148,7.8973,0.574324,0.0163574,-0.0144744,0.00323302,0.00435527,0.00292127,0.0198251,0.147352,1.79262,-0.369759,4.43487,-0.0774094,0.0603367,5,3.59404,0.898511,0.898511,0.00911008,0.0362393,0.0646095,0.365655,-0.109079,0.112686,0.197299,0.568673,-0.518737
SPY,RSI2<10,T5,close,10,IS,0.150306,113,7.57307,0.654867,0.0164384,-0.0153989,0.00545028,0.00576245,0.00462745,0.0198149,0.233533,2.48249,-0.354108,3.68824,-0.0557579,0.056374,5,5.59507,1.39877,1,0.0160271,0.0746192,0.0660464,0.540064,-0.0782236,0.103048,0.169084,0.437099,-0.475159
SPY,RSI2<10,T5,close,10,OOS,0.156979,148,7.8973,0.554054,0.0159301,-0.0147907,0.00223029,0.00335141,0.00191854,0.0198053,0.0968701,1.17848,-0.369756,4.43486,-0.0783315,0.0592769,5,2.40517,0.601293,0.601293,0.00399649,0.0280731,0.06468,0.242955,-0.116395,0.112686,0.197299,0.568673,-0.518737
QQQ,RSI2<5,C>SMA5,open,0,IS,0.0437528,28,3.17707,0.714286,0.0177668,-0.00878604,0.0101803,0.0076783,0.009689,0.0182807,0.530011,2.80455,0.459718,3.30061,-0.027367,0.0533804,3.46429,15.4553,3.86383,1,0.0148497,0.0650178,0.064857,0.491355,-0.0856166,0.00255803,0.345575,0.0833053,-0.829639
QQQ,RSI2<5,C>SMA5,open,0,OOS,0.0608825,82,4.37553,0.731707,0.0140636,-0.0166514,0.005823,0.00934012,0.00563099,0.0187171,0.300848,2.72429,-1.32058,6.18269,-0.0647686,0.0430524,3.5,6.50694,1.62674,1,0.011536,0.038402,0.0660949,0.390311,-0.118686,0.162625,0.22399,0.722142,-0.493973
QQQ,RSI2<5,C>SMA5,open,1,IS,0.0437528,28,3.17707,0.714286,0.0175633,-0.00898426,0.00997825,0.00747679,0.00948698,0.0182771,0.519063,2.74662,0.459706,3.30061,-0.0275615,0.0531697,3.46429,15.1634,3.79086,1,0.0145304,0.0643401,0.0648561,0.481544,-0.0856166,0.00255803,0.345575,0.0833053,-0.829639
QQQ,RSI2<5,C>SMA5,open,1,OOS,0.0608825,82,4.37553,0.731707,0.0138608,-0.0168481,0.00562185,0.00913827,0.00542985,0.0187134,0.290159,2.6275,-1.32058,6.18271,-0.0649556,0.0428438,3.5,6.32968,1.58242,1,0.0110973,0.037492,0.0660957,0.377041,-0.119391,0.162625,0.22399,0.722142,-0.493973
QQQ,RSI2<5,C>SMA5,open,2,IS,0.0437528,28,3.17707,0.714286,0.0173598,-0.00918245,0.00977628,0.00727531,0.00928501,0.0182735,0.508112,2.68868,0.459694,3.3006,-0.027756,0.0529591,3.46429,14.8691,3.71728,1,0.0142112,0.0636628,0.0648562,0.471727,-0.0856166,0.00255803,0.345575,0.0833053,-0.829639
QQQ,RSI2<5,C>SMA5,open,2,OOS,0.0608825,82,4.37553,0.731707,0.0136581,-0.0170447,0.00542075,0.00893646,0.00522875,0.0187096,0.279468,2.53069,-1.32059,6.18272,-0.0651426,0.0426352,3.5,6.1488,1.5372,1,0.0106587,0.0365828,0.0660977,0.363767,-0.120095,0.162625,0.22399,0.722142,-0.493973
QQQ,RSI2<5,C>SMA5,open,5,IS,0.0437528,28,3.17707,0.678571,0.017651,-0.00873241,0.00917059,0.00667113,0.00867932,0.0182627,0.475248,2.51477,0.459659,3.3006,-0.0283392,0.0523275,3.46429,13.9719,3.49299,1,0.0132536,0.0616336,0.0648623,0.442243,-0.0856166,0.00255803,0.345575,0.0833053,-0.829639
QQQ,RSI2<5,C>SMA5,open,5,OOS,0.0608825,82,4.37553,0.682927,0.0140116,-0.0149846,0.00481768,0.00833128,0.00462567,0.0186985,0.247383,2.24014,-1.32059,6.18278,-0.0657033,0.0420098,3.5,5.58399,1.396,1,0.00934299,0.0338601,0.0661116,0.323918,-0.122204,0.162625,0.22399,0.722142,-0.493973
QQQ,RSI2<5,C>SMA5,open,10,IS,0.0437528,28,3.17707,0.678571,0.0166338,-0.00972318,0.00816192,0.00566496,0.00767065,0.0182447,0.420431,2.22471,0.4596,3.30058,-0.0293103,0.0512757,3.46429,12.4331,3.10827,1,0.0116583,0.0582601,0.0648914,0.393019,-0.0856166,0.00255803,0.345575,0.0833053,-0.829639
QQQ,RSI2<5,C>SMA5,open,10,OOS,0.0608825,82,4.37553,0.658537,0.0134921,-0.0148529,0.00381336,0.00732346,0.00362136,0.0186799,0.193864,1.75552,-1.32061,6.18287,-0.0666372,0.0409684,3.5,4.56525,1.14131,1,0.00715106,0.029338,0.0661602,0.257467,-0.125708,0.162625,0.22399,0.722142,-0.493973
QQQ,RSI2<5,C>SMA5,close,0,IS,0.0437528,28,3.17707,0.678571,0.0229473,-0.0203877,0.00901816,0.0100006,0.00852688,0.0360452,0.236561,1.25176,1.29445,9.71374,-0.0856166,0.144634,3.46429,3.62836,0.90709,0.90709,0.0106753,0.0600481,0.0652508,0.416972,-0.109585,0.00255803,0.345575,0.0833053,-0.829639
QQQ,RSI2<5,C>SMA5,close,0,OOS,0.0608825,82,4.37553,0.719512,0.0169001,-0.0219529,0.00600228,0.0106001,0.00581066,0.0222965,0.260609,2.35991,-1.25086,5.129,-0.0705257,0.0508702,3.5,4.97952,1.24488,1,0.0116047,0.0391363,0.0652947,0.405143,-0.133382,0.162625,0.22399,0.722142,-0.493973
QQQ,RSI2<5,C>SMA5,close,1,IS,0.0437528,28,3.17707,0.678571,0.0227427,-0.0205836,0.00881638,0.00979866,0.0083251,0.0360381,0.231008,1.22238,1.29444,9.71372,-0.0857995,0.144405,3.46429,3.54638,0.886596,0.886596,0.010186,0.0593735,0.0652568,0.407185,-0.109852,0.00255803,0.345575,0.0833053,-0.829639
QQQ,RSI2<5,C>SMA5,close,1,OOS,0.0608825,82,4.37553,0.719512,0.0166967,-0.0221485,0.0058011,0.0103981,0.00560948,0.022292,0.251636,2.27866,-1.25087,5.12901,-0.0707116,0.0506601,3.5,4.8383,1.20957,1,0.011166,0.0382257,0.0652947,0.391715,-0.133814,0.162625,0.22399,0.722142,-0.493973
QQQ,RSI2<5,C>SMA5,close,2,IS,0.0437528,28,3.17707,0.678571,0.0225382,-0.0207795,0.00861464,0.00959672,0.00812335,0.0360309,0.225455,1.193,1.29443,9.71369,-0.0859823,0.144176,3.46429,3.4639,0.865976,0.865976,0.00970697,0.0586994,0.0652638,0.397396,-0.110119,0.00255803,0.345575,0.0833053,-0.829639
QQQ,RSI2<5,C>SMA5,close,2,OOS,0.0608825,82,4.37553,0.719512,0.0164934,-0.022344,0.00559996,0.010196,0.00540834,0.0222876,0.242661,2.19739,-1.25087,5.12902,-0.0708974,0.05045,3.5,4.69503,1.17376,1,0.0107274,0.0373159,0.0652959,0.378281,-0.134247,0.162625,0.22399,0.722142,-0.493973
QQQ,RSI2<5,C>SMA5,close,5,IS,0.0437528,28,3.17707,0.607143,0.0245424,-0.0175409,0.00800965,0.00899115,0.00751837,0.0360094,0.208789,1.10481,1.29441,9.71362,-0.0865306,0.14349,3.46429,3.21362,0.803404,0.803404,0.00833286,0.0566797,0.0652904,0.368014,-0.110919,0.00255803,0.345575,0.0833053,-0.829639
QQQ,RSI2<5,C>SMA5,close,5,OOS,0.0608825,82,4.37553,0.719512,0.0158837,-0.0229304,0.00499678,0.00959005,0.00480516,0.0222743,0.215727,1.95349,-1.25088,5.12904,-0.0714547,0.0498199,3.5,4.25311,1.06328,1,0.00941183,0.0345912,0.0653075,0.33795,-0.135544,0.162625,0.22399,0.722142,-0.493973
QQQ,RSI2<5,C>SMA5,close,10,IS,0.0437528,28,3.17707,0.607143,0.0235183,-0.0185229,0.00700214,0.00798266,0.00651086,0.0359736,0.18099,0.957709,1.29437,9.71349,-0.0874436,0.142347,3.46429,2.7883,0.697075,0.697075,0.00626027,0.0533219,0.0653538,0.319024,-0.112342,0.00255803,0.345575,0.0833053,-0.829639
QQQ,RSI2<5,C>SMA5,close,10,OOS,0.0608825,82,4.37553,0.707317,0.0151394,-0.0229465,0.00399229,0.00858097,0.00380067,0.0222521,0.1708,1.54666,-1.25089,5.12909,-0.0723828,0.0487706,3.5,3.47427,0.868568,0.868568,0.00639788,0.030066,0.0653527,0.270682,-0.137702,0.162625,0.22399,0.722142,-0.493973
QQQ,RSI2<10,C>SMA5,open,0,IS,0.0906631,53,6.01375,0.641509,0.0183453,-0.0128937,0.00714644,0.00917964,0.00665427,0.021525,0.309141,2.25058,1.14799,7.49711,-0.035859,0.0972121,3.79245,8.07971,2.01993,1,0.0186374,0.0737053,0.09163,0.45926,-0.148453,0.00255803,0.345575,0.0833053,-0.829639
QQQ,RSI2<10,C>SMA5,open,0,OOS,0.124735,160,8.53762,0.6875,0.0134366,-0.0144473,0.00472286,0.00695001,0.00451355,0.0174501,0.258654,3.27174,-1.33547,6.49511,-0.0701359,0.0429184,3.675,6.11842,1.52961,1,0.0179386,0.0520998,0.0807105,0.49539,-0.138847,0.162625,0.22399,0.722142,-0.493973
QQQ,RSI2<10,C>SMA5,open,1,IS,0.0906631,53,6.01375,0.641509,0.0181417,-0.0130911,0.00694503,0.00897782,0.00645286,0.0215208,0.299844,2.1829,1.14798,7.49708,-0.0360518,0.0969926,3.79245,7.8308,1.9577,1,0.018034,0.0724124,0.0916352,0.44609,-0.148623,0.00255803,0.345575,0.0833053,-0.829639
QQQ,RSI2<10,C>SMA5,open,1,OOS,0.124735,160,8.53762,0.6875,0.0132339,-0.0146444,0.00452194,0.00674864,0.00431262,0.0174467,0.247189,3.12672,-1.33547,6.49511,-0.0703219,0.0427098,3.675,5.90456,1.47614,1,0.0170831,0.0503016,0.0807144,0.47417,-0.139105,0.162625,0.22399,0.722142,-0.493973
QQQ,RSI2<10,C>SMA5,open,2,IS,0.0906631,53,6.01375,0.641509,0.0179381,-0.0132885,0.00674366,0.00877605,0.00625149,0.0215165,0.290544,2.11519,1.14797,7.49705,-0.0362446,0.0967733,3.79245,7.58144,1.89536,1,0.0174307,0.0711211,0.0916418,0.432916,-0.148793,0.00255803,0.345575,0.0833053,-0.829639
QQQ,RSI2<10,C>SMA5,open,2,OOS,0.124735,160,8.53762,0.6875,0.0130313,-0.0148414,0.00432105,0.00654731,0.00411174,0.0174432,0.235722,2.98167,-1.33547,6.49512,-0.0705078,0.0425013,3.675,5.68559,1.4214,1,0.0162276,0.0485064,0.0807202,0.452944,-0.139363,0.162625,0.22399,0.722142,-0.493973
QQQ,RSI2<10,C>SMA5,open,5,IS,0.0906631,53,6.01375,0.641509,0.0173275,-0.0138803,0.0061398,0.00817096,0.00564763,0.0215037,0.262635,1.91201,1.14795,7.49697,-0.0368227,0.0961154,3.79245,6.8313,1.70783,1,0.0156211,0.0672564,0.0916688,0.393382,-0.149304,0.00255803,0.345575,0.0833053,-0.829639
QQQ,RSI2<10,C>SMA5,open,5,OOS,0.124735,160,8.53762,0.66875,0.0127829,-0.0145809,0.00371864,0.00594356,0.00350933,0.0174328,0.201307,2.54635,-1.33548,6.49513,-0.0710653,0.041876,3.675,4.99749,1.24937,1,0.0136617,0.0431393,0.0807493,0.389239,-0.140137,0.162625,0.22399,0.722142,-0.493973
QQQ,RSI2<10,C>SMA5,open,10,IS,0.0906631,53,6.01375,0.622642,0.0168349,-0.0141721,0.00513416,0.00716329,0.00464199,0.0214824,0.216083,1.57311,1.14791,7.49683,-0.0377854,0.0950198,3.79245,5.57792,1.39448,1,0.0126064,0.0608462,0.0917388,0.32748,-0.150154,0.00255803,0.345575,0.0833053,-0.829639
QQQ,RSI2<10,C>SMA5,open,10,OOS,0.124735,160,8.53762,0.65625,0.0120075,-0.0150239,0.00271542,0.00493812,0.00250611,0.0174154,0.143902,1.82023,-1.33548,6.49516,-0.0719938,0.0408346,3.675,3.74341,0.935853,0.935853,0.00886454,0.0342551,0.0808373,0.28307,-0.142173,0.162625,0.22399,0.722142,-0.493973
QQQ,RSI2<10,C>SMA5,close,0,IS,0.0906631,53,6.01375,0.603774,0.0204713,-0.0173505,0.00548527,0.00505417,0.00499252,0.024131,0.206893,1.5062,-0.600727,3.42927,-0.0664334,0.0467799,3.79245,4.06381,1.01595,1,0.0132658,0.0634158,0.0865634,0.369852,-0.169304,0.00255803,0.345575,0.0833053,-0.829639
QQQ,RSI2<10,C>SMA5,close,0,OOS,0.124735,160,8.53762,0.73125,0.0138142,-0.0169208,0.0055542,0.00734068,0.00534499,0.0186932,0.285932,3.61679,-1.35285,6.57003,-0.0705257,0.0508702,3.675,6.17094,1.54274,1,0.0212854,0.0598981,0.0822399,0.577478,-0.125073,0.162625,0.22399,0.722142,-0.493973
QQQ,RSI2<10,C>SMA5,close,1,IS,0.0906631,53,6.01375,0.603774,0.0202672,-0.017547,0.0052842,0.00485318,0.00479144,0.0241262,0.198599,1.44582,-0.600731,3.42928,-0.06662,0.0465706,3.79245,3.91448,0.978621,0.978621,0.012429,0.0621353,0.0865811,0.355877,-0.169636,0.00255803,0.345575,0.0833053,-0.829639
QQQ,RSI2<10,C>SMA5,close,1,OOS,0.124735,160,8.53762,0.73125,0.0136115,-0.0171174,0.00535311,0.00713924,0.0051439,0.0186895,0.27523,3.48141,-1.35285,6.57004,-0.0707116,0.0506601,3.675,5.994,1.4985,1,0.0204295,0.0580865,0.0822348,0.556702,-0.125333,0.162625,0.22399,0.722142,-0.493973
QQQ,RSI2<10,C>SMA5,close,2,IS,0.0906631,53,6.01375,0.603774,0.0200632,-0.0177435,0.00508316,0.00465223,0.00459041,0.0241214,0.190304,1.38544,-0.600736,3.42929,-0.0668067,0.0463613,3.79245,3.76393,0.940983,0.940983,0.0114459,0.0608563,0.0866001,0.341903,-0.169968,0.00255803,0.345575,0.0833053,-0.829639
QQQ,RSI2<10,C>SMA5,close,2,OOS,0.124735,160,8.53762,0.73125,0.0134088,-0.0173139,0.00515206,0.00693783,0.00494285,0.0186858,0.264525,3.346,-1.35285,6.57005,-0.0708974,0.05045,3.675,5.81318,1.4533,1,0.0195737,0.056278,0.0822317,0.535913,-0.125596,0.162625,0.22399,0.722142,-0.493973
QQQ,RSI2<10,C>SMA5,close,5,IS,0.0906631,53,6.01375,0.566038,0.0207629,-0.016758,0.00448029,0.00404962,0.00398754,0.0241071,0.16541,1.2042,-0.600749,3.4293,-0.0673665,0.0457337,3.79245,3.30496,0.826239,0.826239,0.0087219,0.0570286,0.086665,0.299999,-0.170964,0.00255803,0.345575,0.0833053,-0.829639
QQQ,RSI2<10,C>SMA5,close,5,OOS,0.124735,160,8.53762,0.7125,0.0131456,-0.0167552,0.00454915,0.00633385,0.00433994,0.0186746,0.232398,2.93963,-1.35286,6.57008,-0.0714547,0.0498199,3.675,5.24687,1.31172,1,0.0170069,0.0508712,0.0822339,0.473481,-0.126382,0.162625,0.22399,0.722142,-0.493973
QQQ,RSI2<10,C>SMA5,close,10,IS,0.0906631,53,6.01375,0.566038,0.0197427,-0.0177407,0.00347631,0.00304607,0.00298356,0.0240831,0.123886,0.901902,-0.600772,3.42933,-0.0682986,0.0446885,3.79245,2.51603,0.629007,0.629007,0.00496025,0.0506798,0.0867995,0.230257,-0.17262,0.00255803,0.345575,0.0833053,-0.829639
QQQ,RSI2<10,C>SMA5,close,10,OOS,0.124735,160,8.53762,0.68125,0.0127208,-0.0160657,0.0035451,0.00532802,0.00333589,0.018656,0.178811,2.2618,-1.35287,6.57012,-0.0723828,0.0487706,3.675,4.22007,1.05502,1,0.0127305,0.0419211,0.0822764,0.369303,-0.136127,0.162625,0.22399,0.722142,-0.493973
QQQ,RSI2<10,RSI2>70,open,0,IS,0.120433,52,5.90028,0.75,0.0204865,-0.0131631,0.0120741,0.01328,0.0114021,0.0218016,0.522993,3.77136,1.33713,8.22522,-0.027367,0.106255,5.13462,14.0797,3.51993,1,0.0322061,0.103161,0.098079,0.71129,-0.148453,0.00255803,0.345575,0.0833053,-0.829639
QQQ,RSI2<10,RSI2>70,open,0,OOS,0.154221,154,8.21746,0.74026,0.0154612,-0.0215665,0.00584364,0.009297,0.00556836,0.0220983,0.251981,3.12701,-1.93804,9.41117,-0.104741,0.0473821,4.72078,4.4025,1.10062,1,0.0208036,0.0589921,0.0902971,0.524153,-0.138847,0.162625,0.22399,0.722142,-0.493973
QQQ,RSI2<10,RSI2>70,open,1,IS,0.120433,52,5.90028,0.75,0.0202825,-0.0133604,0.0118717,0.0130773,0.0111997,0.0217973,0.513811,3.70514,1.33712,8.22517,-0.0275615,0.106034,5.13462,13.8365,3.45913,1,0.0316126,0.101857,0.0980809,0.699224,-0.148623,0.00255803,0.345575,0.0833053,-0.829639
QQQ,RSI2<10,RSI2>70,open,1,OOS,0.154221,154,8.21746,0.74026,0.0152582,-0.0217622,0.0056425,0.00909516,0.00536721,0.0220939,0.242927,3.01464,-1.93805,9.41122,-0.10492,0.0471726,4.72078,4.28745,1.07186,1,0.0199798,0.0572499,0.0903034,0.505888,-0.139105,0.162625,0.22399,0.722142,-0.493973
QQQ,RSI2<10,RSI2>70,open,2,IS,0.120433,52,5.90028,0.75,0.0200784,-0.0135578,0.0116694,0.0128747,0.0109973,0.021793,0.504627,3.63892,1.33711,8.22512,-0.027756,0.105812,5.13462,13.5924,3.39811,1,0.0310192,0.100555,0.098084,0.687151,-0.148793,0.00255803,0.345575,0.0833053,-0.829639
QQQ,RSI2<10,RSI2>70,open,2,OOS,0.154221,154,8.21746,0.74026,0.0150551,-0.0219578,0.00544139,0.00889336,0.0051661,0.0220896,0.233871,2.90226,-1.93806,9.41126,-0.105099,0.0469632,4.72078,4.16955,1.04239,1,0.0191561,0.0555105,0.0903114,0.487617,-0.139363,0.162625,0.22399,0.722142,-0.493973
QQQ,RSI2<10,RSI2>70,open,5,IS,0.120433,52,5.90028,0.75,0.0194666,-0.0141494,0.0110626,0.0122672,0.0103905,0.0217801,0.477065,3.44017,1.33707,8.22497,-0.0283392,0.105149,5.13462,12.8549,3.21373,1,0.0292393,0.0966593,0.0981,0.650899,-0.149304,0.00255803,0.345575,0.0833053,-0.829639
QQQ,RSI2<10,RSI2>70,open,5,OOS,0.154221,154,8.21746,0.714286,0.0149862,-0.0205315,0.0048383,0.00828821,0.00456302,0.0220764,0.206692,2.56498,-1.93808,9.41139,-0.105636,0.0463352,4.72078,3.79826,0.949565,0.949565,0.0159452,0.0503097,0.0903456,0.432788,-0.140137,0.162625,0.22399,0.722142,-0.493973
QQQ,RSI2<10,RSI2>70,open,10,IS,0.120433,52,5.90028,0.75,0.0184476,-0.0151348,0.010052,0.0112554,0.00937995,0.0217586,0.431092,3.10865,1.33701,8.22473,-0.0293103,0.104045,5.13462,11.6093,2.90232,1,0.0262739,0.0901964,0.0981496,0.590391,-0.150154,0.00255803,0.345575,0.0833053,-0.829639
QQQ,RSI2<10,RSI2>70,open,10,OOS,0.154221,154,8.21746,0.701299,0.0142352,-0.0205864,0.00383397,0.00728043,0.00355868,0.0220546,0.161358,2.0024,-1.93811,9.41162,-0.10653,0.0452894,4.72078,3.11759,0.779397,0.779397,0.010157,0.0416985,0.0904365,0.341407,-0.141426,0.162625,0.22399,0.722142,-0.493973
QQQ,RSI2<10,RSI2>70,close,0,IS,0.120433,52,5.90028,0.634615,0.0230525,-0.0167817,0.00849774,0.0137933,0.007825,0.0238408,0.328219,2.36682,-0.754371,3.65885,-0.0664334,0.0486247,5.13462,6.0558,1.51395,1,0.021387,0.0807126,0.0941739,0.518641,-0.169304,0.00255803,0.345575,0.0833053,-0.829639
QQQ,RSI2<10,RSI2>70,close,0,OOS,0.154221,154,8.21746,0.714286,0.0162544,-0.0185269,0.00631685,0.00915118,0.00604196,0.0217634,0.27762,3.44517,-1.70315,8.58294,-0.0993674,0.0537326,4.72078,4.9019,1.22548,1,0.0228142,0.0636644,0.0903166,0.572824,-0.13552,0.162625,0.22399,0.722142,-0.493973
QQQ,RSI2<10,RSI2>70,close,1,IS,0.120433,52,5.90028,0.634615,0.022848,-0.0169783,0.00829606,0.0135905,0.00762332,0.0238361,0.319823,2.30627,-0.754373,3.65885,-0.06662,0.048415,5.13462,5.9276,1.4819,1,0.0207946,0.0794358,0.0941979,0.505983,-0.169636,0.00255803,0.345575,0.0833053,-0.829639
QQQ,RSI2<10,RSI2>70,close,1,OOS,0.154221,154,8.21746,0.714286,0.0160511,-0.0187232,0.00611561,0.00894937,0.00584072,0.0217591,0.268426,3.33108,-1.70316,8.58299,-0.0995475,0.0535219,4.72078,4.78617,1.19654,1,0.0219902,0.0619145,0.0903194,0.554576,-0.136384,0.162625,0.22399,0.722142,-0.493973
QQQ,RSI2<10,RSI2>70,close,2,IS,0.120433,52,5.90028,0.634615,0.0226434,-0.0171749,0.00809442,0.0133878,0.00742168,0.0238314,0.311425,2.24572,-0.754375,3.65885,-0.0668067,0.0482053,5.13462,5.79793,1.44948,1,0.0202023,0.0781605,0.094223,0.493326,-0.169968,0.00255803,0.345575,0.0833053,-0.829639
QQQ,RSI2<10,RSI2>70,close,2,OOS,0.154221,154,8.21746,0.714286,0.0158479,-0.0189194,0.0059144,0.0087476,0.00563951,0.0217548,0.259231,3.21697,-1.70317,8.58305,-0.0997276,0.0533112,4.72078,4.6676,1.1669,1,0.0211663,0.0601675,0.0903239,0.536321,-0.137247,0.162625,0.22399,0.722142,-0.493973
QQQ,RSI2<10,RSI2>70,close,5,IS,0.120433,52,5.90028,0.634615,0.02203,-0.0177644,0.00748974,0.01278,0.006817,0.0238172,0.286222,2.06398,-0.754381,3.65884,-0.0673665,0.0475766,5.13462,5.40019,1.35005,1,0.0184257,0.0743436,0.0943056,0.455369,-0.170964,0.00255803,0.345575,0.0833053,-0.829639
QQQ,RSI2<10,RSI2>70,close,5,OOS,0.154221,154,8.21746,0.694805,0.0156782,-0.0182909,0.00531104,0.00814253,0.00503615,0.0217419,0.231634,2.8745,-1.70319,8.58321,-0.100268,0.0526794,4.72078,4.29425,1.07356,1,0.018695,0.0549437,0.0903475,0.481524,-0.139831,0.162625,0.22399,0.722142,-0.493973
QQQ,RSI2<10,RSI2>70,close,10,IS,0.120433,52,5.90028,0.634615,0.0210085,-0.0187461,0.00648276,0.0117677,0.00581002,0.0237936,0.244184,1.76084,-0.75439,3.65884,-0.0682986,0.0465295,5.13462,4.70795,1.17699,1,0.015466,0.0680123,0.0944667,0.392183,-0.17262,0.00255803,0.345575,0.0833053,-0.829639
QQQ,RSI2<10,RSI2>70,close,10,OOS,0.154221,154,8.21746,0.668831,0.0152563,-0.0178086,0.00430623,0.00713489,0.00403134,0.0217203,0.185602,2.30326,-1.70324,8.58348,-0.101167,0.0516273,4.72078,3.61032,0.902579,0.902579,0.0133359,0.0462945,0.0904208,0.390147,-0.144121,0.162625,0.22399,0.722142,-0.493973
QQQ,down3,C>SMA5,open,0,IS,0.0838972,49,5.55988,0.612245,0.0190445,-0.0170855,0.0050349,0.00785051,0.00456199,0.0254047,0.179573,1.25701,0.438955,6.28909,-0.0690461,0.0972121,3.79592,3.63468,0.90867,0.90867,0.010074,0.0665137,0.0872626,0.400732,-0.148453,0.00255803,0.345575,0.0833053,-0.829639
QQQ,down3,C>SMA5,open,0,OOS,0.104582,159,8.48426,0.716981,0.0131395,-0.0136252,0.00556458,0.00645541,0.00537119,0.0164614,0.326291,4.11437,-0.658088,4.52169,-0.0516508,0.0433082,3.10063,8.58021,2.14505,1,0.0216097,0.0596733,0.0774659,0.605304,-0.122147,0.162625,0.22399,0.722142,-0.493973
QQQ,down3,C>SMA5,open,1,IS,0.0838972,49,5.55988,0.612245,0.0188407,-0.0172821,0.00483392,0.00764896,0.00436101,0.0253997,0.171695,1.20187,0.438952,6.28908,-0.0692323,0.0969926,3.79592,3.47936,0.86984,0.86984,0.00921765,0.0653505,0.0872687,0.388203,-0.148623,0.00255803,0.345575,0.0833053,-0.829639
QQQ,down3,C>SMA5,open,1,OOS,0.104582,159,8.48426,0.716981,0.0129369,-0.0138225,0.00536349,0.00625414,0.00517009,0.0164581,0.314137,3.96112,-0.658088,4.52169,-0.0518405,0.0430995,3.10063,8.31898,2.07974,1,0.0207591,0.0578735,0.0774534,0.583437,-0.122585,0.162625,0.22399,0.722142,-0.493973
QQQ,down3,C>SMA5,open,2,IS,0.0838972,49,5.55988,0.612245,0.018637,-0.0174786,0.00463297,0.00744745,0.00416006,0.0253946,0.163816,1.14672,0.438948,6.28906,-0.0694184,0.0967733,3.79592,3.32326,0.830814,0.830814,0.00839758,0.0641886,0.0872761,0.375673,-0.148793,0.00255803,0.345575,0.0833053,-0.829639
QQQ,down3,C>SMA5,open,2,OOS,0.104582,159,8.48426,0.716981,0.0127343,-0.0140197,0.00516243,0.00605291,0.00496904,0.0164548,0.301981,3.80784,-0.658089,4.52169,-0.0520301,0.0428909,3.10063,8.053,2.01325,1,0.0199086,0.0560767,0.0774429,0.561551,-0.123024,0.162625,0.22399,0.722142,-0.493973
QQQ,down3,C>SMA5,open,5,IS,0.0838972,49,5.55988,0.612245,0.018026,-0.018068,0.00403037,0.00684316,0.00355746,0.0253795,0.140171,0.981194,0.438936,6.28901,-0.0699766,0.0961154,3.79592,2.85075,0.712687,0.712687,0.00615877,0.0607106,0.0873053,0.338073,-0.149304,0.00255803,0.345575,0.0833053,-0.829639
QQQ,down3,C>SMA5,open,5,OOS,0.104582,159,8.48426,0.685535,0.0127,-0.0131866,0.00455952,0.00544946,0.00436612,0.016445,0.265499,3.34781,-0.65809,4.52169,-0.0525987,0.0422654,3.10063,7.22646,1.80662,1,0.0173576,0.0507045,0.0774238,0.495791,-0.124338,0.162625,0.22399,0.722142,-0.493973
QQQ,down3,C>SMA5,open,10,IS,0.0838972,49,5.55988,0.591837,0.0176291,-0.0181464,0.00302684,0.00583682,0.00255393,0.0253544,0.10073,0.705107,0.438917,6.28893,-0.0709061,0.0950198,3.79592,2.05232,0.513079,0.513079,0.00318281,0.0549391,0.0873777,0.275412,-0.150154,0.00255803,0.345575,0.0833053,-0.829639
QQQ,down3,C>SMA5,open,10,OOS,0.104582,159,8.48426,0.666667,0.0120335,-0.0134005,0.00355546,0.00444451,0.00336207,0.0164286,0.204647,2.5805,-0.658092,4.52168,-0.0535456,0.0412236,3.10063,5.75365,1.43841,1,0.0131076,0.0418116,0.0774329,0.385958,-0.126525,0.162625,0.22399,0.722142,-0.493973
QQQ,down3,C>SMA5,close,0,IS,0.0838972,49,5.55988,0.591837,0.0202831,-0.0192416,0.00415058,0.00375727,0.003677,0.0267807,0.1373,0.961102,-1.08712,4.9112,-0.0856166,0.0467799,3.79592,2.41478,0.603694,0.603694,0.00544853,0.0614248,0.0822261,0.362134,-0.186189,0.00255803,0.345575,0.0833053,-0.829639
QQQ,down3,C>SMA5,close,0,OOS,0.104582,159,8.48426,0.660377,0.0137925,-0.0154251,0.00386952,0.00606129,0.00367609,0.0184169,0.199604,2.51691,-1.17851,5.76426,-0.0683074,0.0508702,3.10063,4.77669,1.19417,1,0.0141336,0.0447937,0.0768555,0.425583,-0.148928,0.162625,0.22399,0.722142,-0.493973
QQQ,down3,C>SMA5,close,1,IS,0.0838972,49,5.55988,0.591837,0.0200791,-0.0194377,0.00394977,0.00355653,0.00347619,0.0267754,0.129828,0.908794,-1.08712,4.9112,-0.0857995,0.0465706,3.79592,2.29434,0.573584,0.573584,0.00489166,0.0602672,0.0822397,0.348819,-0.186514,0.00255803,0.345575,0.0833053,-0.829639
QQQ,down3,C>SMA5,close,1,OOS,0.104582,159,8.48426,0.647799,0.0138562,-0.0150688,0.00366876,0.00586009,0.00347533,0.0184132,0.188741,2.37993,-1.17851,5.76426,-0.0684937,0.0506601,3.10063,4.55317,1.13829,1,0.0132838,0.0430191,0.0768602,0.40344,-0.15545,0.162625,0.22399,0.722142,-0.493973
QQQ,down3,C>SMA5,close,2,IS,0.0838972,49,5.55988,0.591837,0.0198751,-0.0196338,0.003749,0.00335584,0.00327542,0.0267701,0.122354,0.856476,-1.08712,4.9112,-0.0859823,0.0463613,3.79592,2.17261,0.543152,0.543152,0.00436245,0.0591109,0.0822546,0.335505,-0.18684,0.00255803,0.345575,0.0833053,-0.829639
QQQ,down3,C>SMA5,close,2,OOS,0.104582,159,8.48426,0.647799,0.0136534,-0.0152658,0.00346805,0.00565894,0.00327462,0.0184096,0.177876,2.24293,-1.17851,5.76426,-0.06868,0.05045,3.10063,4.32542,1.08136,1,0.0124341,0.0412475,0.076867,0.381291,-0.161928,0.162625,0.22399,0.722142,-0.493973
QQQ,down3,C>SMA5,close,5,IS,0.0838972,49,5.55988,0.571429,0.0199688,-0.0192823,0.00314693,0.00275401,0.00267335,0.0267542,0.0999229,0.69946,-1.08713,4.91121,-0.0865306,0.0457337,3.79592,1.79967,0.449918,0.449918,0.00294503,0.0556494,0.0823067,0.295572,-0.187815,0.00255803,0.345575,0.0833053,-0.829639
QQQ,down3,C>SMA5,close,5,OOS,0.104582,159,8.48426,0.641509,0.0131746,-0.0155806,0.00286615,0.00505573,0.00267272,0.0183986,0.145268,1.83176,-1.17851,5.76425,-0.0692386,0.0498199,3.10063,3.61672,0.90418,0.90418,0.00906554,0.0359508,0.0768997,0.314831,-0.181065,0.162625,0.22399,0.722142,-0.493973
QQQ,down3,C>SMA5,close,10,IS,0.0838972,49,5.55988,0.55102,0.0196524,-0.0193429,0.00214428,0.00175176,0.00167071,0.0267276,0.0625086,0.43756,-1.08713,4.91121,-0.0874436,0.0446885,3.79592,1.15218,0.288045,0.288045,0.00117541,0.0499055,0.0824189,0.229085,-0.189437,0.00255803,0.345575,0.0833053,-0.829639
QQQ,down3,C>SMA5,close,10,OOS,0.104582,159,8.48426,0.616352,0.0126708,-0.0154983,0.00186378,0.00405117,0.00167035,0.0183802,0.0908779,1.14593,-1.17851,5.76424,-0.0701689,0.0487706,3.10063,2.34999,0.587497,0.587497,0.00366653,0.0271827,0.0769952,0.204125,-0.212034,0.162625,0.22399,0.722142,-0.493973
QQQ,belowBB,C>SMA5,open,0,IS,0.0279657,16,1.81547,0.625,0.0141273,-0.0164771,0.00265062,0.00749567,0.0021526,0.0179127,0.120172,0.480688,-0.826805,2.63104,-0.035859,0.0227328,3.875,3.4042,0.85105,0.85105,0.00146311,0.0373226,0.0596021,0.0872778,-0.134007,0.00255803,0.345575,0.0833053,-0.829639
QQQ,belowBB,C>SMA5,open,0,OOS,0.049003,72,3.84193,0.805556,0.0151708,-0.0134437,0.0096069,0.0117862,0.0094455,0.0158018,0.597747,5.07205,-1.21474,6.20646,-0.0516508,0.0431854,3.20833,12.1276,3.0319,1,0.0176269,0.0508537,0.0628432,0.596805,-0.111089,0.162625,0.22399,0.722142,-0.493973
QQQ,belowBB,C>SMA5,open,1,IS,0.0279657,16,1.81547,0.625,0.0139245,-0.0166738,0.00245011,0.00729419,0.00195209,0.0179091,0.109,0.435999,-0.826806,2.63104,-0.0360518,0.0225283,3.875,3.10226,0.775565,0.775565,0.00120858,0.0369453,0.0596127,0.0811706,-0.134093,0.00255803,0.345575,0.0833053,-0.829639
QQQ,belowBB,C>SMA5,open,1,OOS,0.049003,72,3.84193,0.805556,0.0149678,-0.013641,0.009405,0.0115838,0.0092436,0.0157987,0.585086,4.96462,-1.21473,6.20644,-0.0518405,0.0429767,3.20833,11.9893,2.99733,1,0.0172409,0.0500451,0.062846,0.584531,-0.112155,0.162625,0.22399,0.722142,-0.493973
QQQ,belowBB,C>SMA5,open,2,IS,0.0279657,16,1.81547,0.625,0.0137217,-0.0168705,0.00224964,0.00709275,0.00175162,0.0179056,0.0978253,0.391301,-0.826807,2.63103,-0.0362446,0.0223238,3.875,2.79741,0.699353,0.699353,0.00097744,0.0365682,0.0596238,0.0750655,-0.13418,0.00255803,0.345575,0.0833053,-0.829639
QQQ,belowBB,C>SMA5,open,2,OOS,0.049003,72,3.84193,0.805556,0.0147648,-0.0138382,0.00920313,0.0113815,0.00904174,0.0157955,0.572424,4.85718,-1.21473,6.20643,-0.0520301,0.0427682,3.20833,11.8477,2.96193,1,0.016855,0.0492371,0.0628501,0.572248,-0.11322,0.162625,0.22399,0.722142,-0.493973
QQQ,belowBB,C>SMA5,open,5,IS,0.0279657,16,1.81547,0.625,0.0131136,-0.0174602,0.00164847,0.00648868,0.00115045,0.0178951,0.0642888,0.257155,-0.826809,2.63102,-0.0368227,0.0217106,3.875,1.86494,0.466235,0.466235,0.000427351,0.0354377,0.0596608,0.0567641,-0.13444,0.00255803,0.345575,0.0833053,-0.829639
QQQ,belowBB,C>SMA5,open,5,OOS,0.049003,72,3.84193,0.777778,0.0146784,-0.0126843,0.00859779,0.0107749,0.0084364,0.0157861,0.53442,4.53471,-1.21472,6.20638,-0.0525987,0.0421427,3.20833,11.402,2.85051,1,0.0156975,0.0468168,0.0628694,0.535357,-0.116651,0.162625,0.22399,0.722142,-0.493973
QQQ,belowBB,C>SMA5,open,10,IS,0.0279657,16,1.81547,0.625,0.012101,-0.0184422,0.00064732,0.00548269,0.000149304,0.0178775,0.00835153,0.0334061,-0.826813,2.63101,-0.0377854,0.0206894,3.875,0.248264,0.062066,0.062066,7.36337e-06,0.0335563,0.0597343,0.0263188,-0.134872,0.00255803,0.345575,0.0833053,-0.829639
QQQ,belowBB,C>SMA5,open,10,OOS,0.049003,72,3.84193,0.75,0.0141807,-0.0121833,0.0075897,0.00976463,0.0074283,0.0157703,0.47103,3.99683,-1.21471,6.20631,-0.0535456,0.0411011,3.20833,10.5818,2.64544,1,0.0137692,0.0427954,0.0629251,0.473767,-0.122813,0.162625,0.22399,0.722142,-0.493973
QQQ,belowBB,C>SMA5,close,0,IS,0.0279657,16,1.81547,0.625,0.016846,-0.0129972,0.00565483,0.00701481,0.00515674,0.0188619,0.273394,1.09358,0.448199,2.48951,-0.0215928,0.0454541,3.875,8.2072,2.0518,1,0.00437524,0.0431545,0.0581168,0.184435,-0.0866478,0.00255803,0.345575,0.0833053,-0.829639
QQQ,belowBB,C>SMA5,close,0,OOS,0.049003,72,3.84193,0.736111,0.0190166,-0.0153743,0.00994126,0.0128887,0.00977998,0.0194705,0.502297,4.26213,-0.630241,4.48558,-0.0570324,0.0627081,3.20833,10.1503,2.53757,1,0.0180237,0.052133,0.0635662,0.609799,-0.126342,0.162625,0.22399,0.722142,-0.493973
QQQ,belowBB,C>SMA5,close,1,IS,0.0279657,16,1.81547,0.625,0.0166427,-0.0131946,0.00545372,0.00681342,0.00495563,0.0188582,0.262784,1.05114,0.448191,2.48949,-0.0217884,0.045245,3.875,7.87279,1.9682,1,0.0041932,0.0427751,0.0581185,0.17817,-0.0866478,0.00255803,0.345575,0.0833053,-0.829639
QQQ,belowBB,C>SMA5,close,1,OOS,0.049003,72,3.84193,0.736111,0.0188129,-0.0155712,0.00973929,0.0126861,0.00957801,0.0194666,0.492022,4.17495,-0.63024,4.48557,-0.057221,0.0624956,3.20833,10.0095,2.50238,1,0.0176377,0.0513234,0.063567,0.597684,-0.126516,0.162625,0.22399,0.722142,-0.493973
QQQ,belowBB,C>SMA5,close,2,IS,0.0279657,16,1.81547,0.5625,0.0182847,-0.0115028,0.00525265,0.00661208,0.00475456,0.0188545,0.252171,1.00869,0.448184,2.48948,-0.021984,0.045036,3.875,7.53958,1.88489,1,0.00401119,0.0423959,0.0581209,0.171905,-0.0866478,0.00255803,0.345575,0.0833053,-0.829639
QQQ,belowBB,C>SMA5,close,2,OOS,0.049003,72,3.84193,0.736111,0.0186091,-0.0157681,0.00953736,0.0124836,0.00937608,0.0194627,0.481745,4.08774,-0.630239,4.48556,-0.0574095,0.0622831,3.20833,9.86611,2.46653,1,0.0172518,0.0505144,0.0635689,0.585559,-0.126691,0.162625,0.22399,0.722142,-0.493973
QQQ,belowBB,C>SMA5,close,5,IS,0.0279657,16,1.81547,0.5625,0.0176739,-0.0120957,0.00464968,0.00600829,0.00415159,0.0188433,0.220322,0.881289,0.448161,2.48944,-0.0225707,0.0444091,3.875,6.54714,1.63679,1,0.00346524,0.0412591,0.0581317,0.153106,-0.0868996,0.00255803,0.345575,0.0833053,-0.829639
QQQ,belowBB,C>SMA5,close,5,OOS,0.049003,72,3.84193,0.736111,0.0179981,-0.0163584,0.00893182,0.0118763,0.00877054,0.0194511,0.450902,3.82603,-0.630236,4.48555,-0.0579749,0.0616459,3.20833,9.41964,2.35491,1,0.0160943,0.0480912,0.0635818,0.549136,-0.127215,0.162625,0.22399,0.722142,-0.493973
QQQ,belowBB,C>SMA5,close,10,IS,0.0279657,16,1.81547,0.5625,0.0166567,-0.0130831,0.00364553,0.00500279,0.00314744,0.0188246,0.167198,0.668793,0.448124,2.48937,-0.0235476,0.0433652,3.875,4.91726,1.22931,1,0.00255569,0.0393671,0.0581621,0.121775,-0.0873557,0.00255803,0.345575,0.0833053,-0.829639
QQQ,belowBB,C>SMA5,close,10,OOS,0.049003,72,3.84193,0.722222,0.0173263,-0.0165242,0.00792339,0.0108649,0.00776211,0.0194317,0.399456,3.3895,-0.630231,4.48552,-0.0589164,0.0605848,3.20833,8.61959,2.1549,1,0.0141658,0.0440649,0.0636266,0.488308,-0.128087,0.162625,0.22399,0.722142,-0.493973
QQQ,RSI2<10,T5,open,0,IS,0.121786,54,6.12721,0.592593,0.0245711,-0.0258863,0.00401439,0.00496233,0.00338373,0.0330466,0.102393,0.752429,-0.260976,4.50732,-0.101343,0.100225,5,1.54746,0.386865,0.386865,0.00351702,0.0519862,0.106152,0.217481,-0.288399,0.00255803,0.345575,0.0833053,-0.829639
QQQ,RSI2<10,T5,open,0,OOS,0.176071,166,8.85778,0.572289,0.0182178,-0.0211633,0.00137407,0.00276569,0.00108898,0.0259575,0.0419526,0.540522,-0.880624,5.33736,-0.119562,0.0577548,5,0.797298,0.199324,0.199324,0.000843101,0.0209225,0.083167,0.121532,-0.263698,0.162625,0.22399,0.722142,-0.493973
QQQ,RSI2<10,T5,open,1,IS,0.121786,54,6.12721,0.592593,0.0243662,-0.0260811,0.00381361,0.00476136,0.00318295,0.03304,0.0963361,0.707923,-0.260979,4.50732,-0.101523,0.100005,5,1.45844,0.364609,0.364609,0.00311748,0.0506955,0.10614,0.205931,-0.288684,0.00255803,0.345575,0.0833053,-0.829639
QQQ,RSI2<10,T5,open,1,OOS,0.176071,166,8.85778,0.566265,0.0182075,-0.0210646,0.00117382,0.00256515,0.000888728,0.0259523,0.0342447,0.441213,-0.880624,5.33736,-0.119738,0.0575433,5,0.653378,0.163345,0.163345,0.000563616,0.0191122,0.0831637,0.100187,-0.266637,0.162625,0.22399,0.722142,-0.493973
QQQ,RSI2<10,T5,open,2,IS,0.121786,54,6.12721,0.592593,0.0241614,-0.0262759,0.00361286,0.00456043,0.00298221,0.0330334,0.0902784,0.663408,-0.260983,4.50732,-0.101703,0.0997855,5,1.36902,0.342256,0.342256,0.00274134,0.0494065,0.106129,0.194377,-0.288968,0.00255803,0.345575,0.0833053,-0.829639
QQQ,RSI2<10,T5,open,2,OOS,0.176071,166,8.85778,0.566265,0.0180039,-0.0212603,0.000973604,0.00236466,0.000688514,0.0259471,0.0265353,0.341884,-0.880624,5.33736,-0.119914,0.0573318,5,0.508249,0.127062,0.127062,0.000339509,0.0173051,0.0831623,0.0788409,-0.269565,0.162625,0.22399,0.722142,-0.493973
QQQ,RSI2<10,T5,open,5,IS,0.121786,54,6.12721,0.574074,0.0243226,-0.0257136,0.00301088,0.00395787,0.00238022,0.0330137,0.072098,0.52981,-0.260993,4.50732,-0.102242,0.0991258,5,1.09856,0.27464,0.27464,0.0017549,0.0455488,0.106104,0.1597,-0.289821,0.00255803,0.345575,0.0833053,-0.829639
QQQ,RSI2<10,T5,open,5,OOS,0.176071,166,8.85778,0.542169,0.0181823,-0.0207165,0.0003732,0.00176342,8.81094e-05,0.0259315,0.00339778,0.0437773,-0.880624,5.33736,-0.120442,0.0566976,5,0.0658232,0.0164558,0.0164558,5.61968e-06,0.0119029,0.0831702,0.0148083,-0.278278,0.162625,0.22399,0.722142,-0.493973
QQQ,RSI2<10,T5,open,10,IS,0.121786,54,6.12721,0.555556,0.0241067,-0.0256145,0.00200837,0.00295442,0.00137771,0.0329807,0.0417732,0.306969,-0.26101,4.50731,-0.103139,0.0980272,5,0.641026,0.160257,0.160257,0.000592306,0.0391509,0.106083,0.101868,-0.29124,0.00255803,0.345575,0.0833053,-0.829639
QQQ,RSI2<10,T5,open,10,OOS,0.176071,166,8.85778,0.512048,0.018194,-0.0203768,-0.000626674,0.000762158,-0.000911764,0.0259055,-0.0351957,-0.453465,-0.880624,5.33735,-0.121321,0.0556414,5,4.46895e-05,1.11724e-05,1.11724e-05,-3.68762e-13,0.00296304,0.0832229,-0.0917992,-0.297062,0.162625,0.22399,0.722142,-0.493973
QQQ,RSI2<10,T5,close,0,IS,0.117276,52,5.90028,0.634615,0.026947,-0.0195212,0.00996825,0.0109242,0.00933726,0.0294128,0.317455,2.2892,0.541438,3.94992,-0.0446798,0.108141,5,5.80013,1.45003,1,0.0250242,0.0894296,0.0929281,0.610701,-0.144071,0.00255803,0.345575,0.0833053,-0.829639
QQQ,RSI2<10,T5,close,0,OOS,0.169707,160,8.53762,0.6125,0.02018,-0.0194872,0.00480899,0.00559475,0.00452201,0.0249103,0.181531,2.29621,-0.171979,3.18184,-0.0590141,0.0715924,5,3.57751,0.894378,0.894378,0.0151431,0.0513023,0.0867446,0.458021,-0.165717,0.162625,0.22399,0.722142,-0.493973
QQQ,RSI2<10,T5,close,1,IS,0.117276,52,5.90028,0.634615,0.0267417,-0.0197173,0.00976627,0.0107221,0.00913528,0.0294069,0.310651,2.24013,0.541436,3.94991,-0.0448709,0.107919,5,5.67405,1.41851,1,0.0244316,0.0881425,0.092914,0.598053,-0.144242,0.00255803,0.345575,0.0833053,-0.829639
QQQ,RSI2<10,T5,close,1,OOS,0.169707,160,8.53762,0.60625,0.0201821,-0.019371,0.00460805,0.00539366,0.00432107,0.0249054,0.173499,2.19461,-0.171979,3.18184,-0.0592023,0.0713781,5,3.42486,0.856216,0.856216,0.013851,0.0495054,0.0867233,0.438382,-0.168548,0.162625,0.22399,0.722142,-0.493973
QQQ,RSI2<10,T5,close,2,IS,0.117276,52,5.90028,0.634615,0.0265363,-0.0199134,0.00956434,0.0105199,0.00893335,0.0294011,0.303845,2.19105,0.541435,3.9499,-0.0450619,0.107698,5,5.54789,1.38697,1,0.023839,0.0868569,0.0929011,0.585394,-0.144413,0.00255803,0.345575,0.0833053,-0.829639
QQQ,RSI2<10,T5,close,2,OOS,0.169707,160,8.53762,0.60625,0.019978,-0.0195671,0.00440714,0.0051926,0.00412017,0.0249004,0.165466,2.093,-0.17198,3.18183,-0.0593904,0.0711639,5,3.27156,0.817891,0.817891,0.0126143,0.0477116,0.0867039,0.418727,-0.17137,0.162625,0.22399,0.722142,-0.493973
QQQ,RSI2<10,T5,close,5,IS,0.117276,52,5.90028,0.615385,0.0267314,-0.0194773,0.00895878,0.0099138,0.00832779,0.0293834,0.283418,2.04376,0.54143,3.94988,-0.0456347,0.107033,5,5.16902,1.29226,1,0.0220617,0.0830093,0.0928697,0.547362,-0.144927,0.00255803,0.345575,0.0833053,-0.829639
QQQ,RSI2<10,T5,close,5,OOS,0.169707,160,8.53762,0.6,0.019574,-0.0198493,0.00380468,0.00458966,0.0035177,0.0248854,0.141356,1.78802,-0.171981,3.18183,-0.0599546,0.0705214,5,2.8079,0.701975,0.701975,0.00924008,0.0423486,0.0866565,0.359674,-0.179779,0.162625,0.22399,0.722142,-0.493973
QQQ,RSI2<10,T5,close,10,IS,0.117276,52,5.90028,0.615385,0.0257051,-0.0204574,0.00795033,0.00890439,0.00731934,0.029354,0.249347,1.79807,0.541422,3.94983,-0.0465886,0.105927,5,4.53674,1.13419,1,0.0191006,0.0766269,0.0928416,0.483816,-0.145781,0.00255803,0.345575,0.0833053,-0.829639
QQQ,RSI2<10,T5,close,10,OOS,0.169707,160,8.53762,0.5875,0.0189699,-0.0202265,0.00280138,0.00358557,0.0025144,0.0248606,0.10114,1.27933,-0.171984,3.18182,-0.0608942,0.0694514,5,2.0234,0.505849,0.505849,0.00475663,0.0334711,0.0866145,0.261037,-0.193605,0.162625,0.22399,0.722142,-0.493973
IWM,RSI2<5,C>SMA5,open,0,IS,0.0513358,24,3.15778,0.708333,0.013734,-0.0147864,0.00541553,0.00930225,0.00494719,0.0176049,0.281012,1.37667,-1.05295,4.13992,-0.0423523,0.0322608,4.08333,7.12553,1.78138,1,0.00732885,0.0463537,0.0444336,0.355538,-0.0618903,0.081742,0.213247,0.332031,-0.386729
IWM,RSI2<5,C>SMA5,open,0,OOS,0.0564277,77,4.10873,0.714286,0.0178456,-0.0222627,0.00638607,0.00740902,0.00619925,0.0273935,0.226304,1.98581,-1.88479,9.76817,-0.124687,0.060885,3.45455,3.30514,0.826284,0.826284,0.00944429,0.0384504,0.0633677,0.405261,-0.200217,0.086867,0.247618,0.403887,-0.542586
IWM,RSI2<5,C>SMA5,open,1,IS,0.0513358,24,3.15778,0.708333,0.0135312,-0.0149834,0.00521446,0.00910041,0.00474613,0.0176014,0.269644,1.32098,-1.05295,4.13992,-0.0425438,0.0320543,4.08333,6.88204,1.72051,1,0.00701226,0.0456909,0.044427,0.341329,-0.0619841,0.081742,0.213247,0.332031,-0.386729
IWM,RSI2<5,C>SMA5,open,1,OOS,0.0564277,77,4.10873,0.714286,0.017642,-0.0224582,0.00618481,0.00720756,0.00599799,0.027388,0.219001,1.92172,-1.88479,9.76815,-0.124862,0.0606728,3.45455,3.22473,0.806184,0.806184,0.00890857,0.0375958,0.0633454,0.392382,-0.200457,0.086867,0.247618,0.403887,-0.542586
IWM,RSI2<5,C>SMA5,open,2,IS,0.0513358,24,3.15778,0.708333,0.0133286,-0.0151804,0.00501344,0.00889861,0.0045451,0.017598,0.258274,1.26528,-1.05295,4.13992,-0.0427353,0.0318479,4.08333,6.63507,1.65877,1,0.00669569,0.0450285,0.0444217,0.327106,-0.0620779,0.081742,0.213247,0.332031,-0.386729
IWM,RSI2<5,C>SMA5,open,2,OOS,0.0564277,77,4.10873,0.714286,0.0174385,-0.0226537,0.00598359,0.00700614,0.00579678,0.0273825,0.211696,1.85763,-1.88479,9.76813,-0.125037,0.0604607,3.45455,3.14276,0.785689,0.785689,0.00838435,0.036742,0.0633244,0.379487,-0.200697,0.086867,0.247618,0.403887,-0.542586
IWM,RSI2<5,C>SMA5,open,5,IS,0.0513358,24,3.15778,0.666667,0.0135527,-0.0138736,0.00441061,0.00829345,0.00394228,0.0175877,0.22415,1.09811,-1.05296,4.13991,-0.0433095,0.031229,4.08333,5.87277,1.46819,1,0.00574618,0.0430439,0.0444144,0.284373,-0.0623591,0.081742,0.213247,0.332031,-0.386729
IWM,RSI2<5,C>SMA5,open,5,OOS,0.0564277,77,4.10873,0.675325,0.0178082,-0.0204701,0.00538018,0.00640211,0.00519337,0.0273661,0.189773,1.66526,-1.88478,9.76809,-0.125562,0.0598246,3.45455,2.88712,0.721779,0.721779,0.00688438,0.0341847,0.0632689,0.340718,-0.201416,0.086867,0.247618,0.403887,-0.542586
IWM,RSI2<5,C>SMA5,open,10,IS,0.0513358,24,3.15778,0.625,0.0134188,-0.0132802,0.0034067,0.00728566,0.00293837,0.0175705,0.167233,0.819273,-1.05298,4.13991,-0.0442657,0.0301983,4.08333,4.52793,1.13198,1,0.00416429,0.0397446,0.0444299,0.213012,-0.0628275,0.081742,0.213247,0.332031,-0.386729
IWM,RSI2<5,C>SMA5,open,10,OOS,0.0564277,77,4.10873,0.649351,0.0174845,-0.0199011,0.00437531,0.00539621,0.00418849,0.0273388,0.153207,1.34438,-1.88478,9.76801,-0.126436,0.0587653,3.45455,2.42727,0.606818,0.606818,0.00464923,0.0299364,0.0632017,0.275868,-0.202613,0.086867,0.247618,0.403887,-0.542586
IWM,RSI2<5,C>SMA5,close,0,IS,0.0513358,24,3.15778,0.666667,0.0144256,-0.0198009,0.00301675,0.00457055,0.00254857,0.0220082,0.115801,0.567305,-1.37097,5.427,-0.0662952,0.0319688,4.08333,2.52699,0.631747,0.631747,0.00224526,0.0385486,0.0477364,0.177405,-0.0662952,0.081742,0.213247,0.332031,-0.386729
IWM,RSI2<5,C>SMA5,close,0,OOS,0.0564277,77,4.10873,0.636364,0.0192301,-0.0208808,0.00464428,0.00681453,0.00445789,0.0268718,0.165895,1.45572,-1.77416,8.83285,-0.125877,0.0487886,3.45455,2.66074,0.665185,0.665185,0.0054269,0.0313607,0.0620849,0.302022,-0.20183,0.086867,0.247618,0.403887,-0.542586
IWM,RSI2<5,C>SMA5,close,1,IS,0.0513358,24,3.15778,0.666667,0.0142227,-0.0199969,0.00281617,0.00436966,0.00234798,0.0220039,0.106708,0.522759,-1.37097,5.427,-0.0664819,0.0317625,4.08333,2.34444,0.586109,0.586109,0.00191775,0.0378907,0.0477446,0.164118,-0.0663885,0.081742,0.213247,0.332031,-0.386729
IWM,RSI2<5,C>SMA5,close,1,OOS,0.0564277,77,4.10873,0.636364,0.0190262,-0.0210766,0.00444338,0.00661319,0.00425698,0.0268664,0.15845,1.39039,-1.77416,8.83284,-0.126051,0.0485789,3.45455,2.56163,0.640407,0.640407,0.00498527,0.030512,0.0620732,0.288799,-0.202068,0.086867,0.247618,0.403887,-0.542586
IWM,RSI2<5,C>SMA5,close,2,IS,0.0513358,24,3.15778,0.666667,0.0140199,-0.0201929,0.00261563,0.0041688,0.00214744,0.0219995,0.097613,0.478204,-1.37097,5.427,-0.0666686,0.0315561,4.08333,2.15925,0.539811,0.539811,0.00161425,0.0372333,0.047754,0.150832,-0.0664889,0.081742,0.213247,0.332031,-0.386729
IWM,RSI2<5,C>SMA5,close,2,OOS,0.0564277,77,4.10873,0.636364,0.0188224,-0.0212724,0.00424251,0.00641189,0.00405611,0.026861,0.151004,1.32505,-1.77416,8.83283,-0.126226,0.0483692,3.45455,2.46064,0.615161,0.615161,0.00455912,0.029664,0.0620628,0.275567,-0.202307,0.086867,0.247618,0.403887,-0.542586
IWM,RSI2<5,C>SMA5,close,5,IS,0.0513358,24,3.15778,0.583333,0.0154097,-0.0167394,0.00201424,0.00356648,0.00154605,0.0219865,0.0703182,0.344488,-1.37097,5.427,-0.0672284,0.0309374,4.08333,1.58736,0.396841,0.396841,0.000852517,0.0352635,0.0477901,0.110998,-0.0670489,0.081742,0.213247,0.332031,-0.386729
IWM,RSI2<5,C>SMA5,close,5,OOS,0.0564277,77,4.10873,0.61039,0.0189997,-0.0204232,0.00364014,0.00580822,0.00345375,0.0268449,0.128655,1.12895,-1.77416,8.83279,-0.12675,0.0477403,3.45455,2.14635,0.536586,0.536586,0.003378,0.0271241,0.0620393,0.235822,-0.203025,0.086867,0.247618,0.403887,-0.542586
IWM,RSI2<5,C>SMA5,close,10,IS,0.0513358,24,3.15778,0.583333,0.0143948,-0.0177221,0.00101272,0.00256342,0.000544536,0.0219648,0.0247914,0.121452,-1.37096,5.427,-0.0681607,0.029907,4.08333,0.578697,0.144674,0.144674,0.000109061,0.0319888,0.047876,0.0447408,-0.0679814,0.081742,0.213247,0.332031,-0.386729
IWM,RSI2<5,C>SMA5,close,10,OOS,0.0564277,77,4.10873,0.571429,0.0192371,-0.0194965,0.002637,0.00480292,0.00245061,0.0268181,0.0913787,0.801845,-1.77416,8.83273,-0.127623,0.0466931,3.45455,1.58402,0.396004,0.396004,0.00176174,0.0229049,0.0620259,0.169471,-0.204219,0.086867,0.247618,0.403887,-0.542586
IWM,RSI2<10,C>SMA5,open,0,IS,0.0995285,53,6.97343,0.773585,0.0137493,-0.0177267,0.00662262,0.0123368,0.00621359,0.017233,0.360563,2.62494,-2.24368,9.23808,-0.0672014,0.0277467,3.58491,7.24793,1.81198,1,0.0205947,0.0746926,0.0618987,0.701913,-0.0837021,0.081742,0.213247,0.332031,-0.386729
IWM,RSI2<10,C>SMA5,open,0,OOS,0.106703,133,7.0969,0.736842,0.0144986,-0.0218327,0.00493777,0.00715454,0.00473788,0.0233327,0.203058,2.34178,-2.17809,11.1844,-0.124687,0.0510024,3.78195,3.45775,0.864438,0.864438,0.0130463,0.0463798,0.0774426,0.442613,-0.200217,0.086867,0.247618,0.403887,-0.542586
IWM,RSI2<10,C>SMA5,open,1,IS,0.0995285,53,6.97343,0.773585,0.0135465,-0.0179232,0.00642131,0.0121344,0.00601228,0.0172296,0.34895,2.5404,-2.24368,9.23808,-0.067388,0.0275411,3.58491,7.09669,1.77417,1,0.0198951,0.0731899,0.0618876,0.679422,-0.0837937,0.081742,0.213247,0.332031,-0.386729
IWM,RSI2<10,C>SMA5,open,1,OOS,0.106703,133,7.0969,0.736842,0.0142958,-0.0220283,0.0047368,0.00695313,0.00453692,0.0233281,0.194483,2.24289,-2.17809,11.1844,-0.124862,0.0507922,3.78195,3.3471,0.836774,0.836774,0.0120809,0.0448929,0.0774376,0.42427,-0.200457,0.086867,0.247618,0.403887,-0.542586
IWM,RSI2<10,C>SMA5,open,2,IS,0.0995285,53,6.97343,0.773585,0.0133438,-0.0181196,0.00622005,0.011932,0.00581102,0.0172262,0.337335,2.45584,-2.24368,9.23808,-0.0675745,0.0273357,3.58491,6.94144,1.73536,1,0.0191956,0.0716892,0.0618786,0.656903,-0.0838853,0.081742,0.213247,0.332031,-0.386729
IWM,RSI2<10,C>SMA5,open,2,OOS,0.106703,133,7.0969,0.736842,0.0140929,-0.0222239,0.00453587,0.00675176,0.00433599,0.0233234,0.185907,2.14399,-2.17809,11.1844,-0.125037,0.0505821,3.78195,3.23361,0.808402,0.808402,0.011143,0.0434081,0.0774343,0.405917,-0.200697,0.086867,0.247618,0.403887,-0.542586
IWM,RSI2<10,C>SMA5,open,5,IS,0.0995285,53,6.97343,0.773585,0.012736,-0.0187085,0.0056165,0.011325,0.00520747,0.0172161,0.302477,2.20207,-2.24368,9.23808,-0.0681338,0.0267194,3.58491,6.45016,1.61254,1,0.0170976,0.0671999,0.0618645,0.589195,-0.08416,0.081742,0.213247,0.332031,-0.386729
IWM,RSI2<10,C>SMA5,open,5,OOS,0.106703,133,7.0969,0.706767,0.0140678,-0.0204933,0.00393333,0.00614789,0.00373345,0.0233095,0.160169,1.84716,-2.17808,11.1843,-0.125562,0.0499519,3.78195,2.87568,0.718919,0.718919,0.00850598,0.0389665,0.077435,0.350814,-0.201416,0.086867,0.247618,0.403887,-0.542586
IWM,RSI2<10,C>SMA5,open,10,IS,0.0995285,53,6.97343,0.773585,0.0117238,-0.0196893,0.00461138,0.0103142,0.00420235,0.0171992,0.244335,1.77878,-2.24369,9.23808,-0.0690652,0.0256932,3.58491,5.53784,1.38446,1,0.0136023,0.0597595,0.0618838,0.475994,-0.0846174,0.081742,0.213247,0.332031,-0.386729
IWM,RSI2<10,C>SMA5,open,10,OOS,0.106703,133,7.0969,0.669173,0.0138135,-0.0190846,0.0029299,0.00514224,0.00273002,0.0232863,0.117237,1.35205,-2.17808,11.1842,-0.126436,0.0489025,3.78195,2.21795,0.554487,0.554487,0.0047717,0.0316058,0.0774708,0.258898,-0.202613,0.086867,0.247618,0.403887,-0.542586
IWM,RSI2<10,C>SMA5,close,0,IS,0.0995285,53,6.97343,0.698113,0.0155546,-0.0155959,0.00615065,0.00821804,0.00574122,0.0206482,0.278049,2.02423,-2.08254,11.2153,-0.0915127,0.0417186,3.58491,4.97254,1.24313,1,0.0184945,0.0715142,0.0635568,0.638543,-0.0915127,0.081742,0.213247,0.332031,-0.386729
IWM,RSI2<10,C>SMA5,close,0,OOS,0.106703,133,7.0969,0.691729,0.0177001,-0.0199146,0.00610457,0.00803919,0.00590488,0.0244214,0.241791,2.78847,-1.55626,8.85437,-0.125877,0.0631888,3.78195,3.94823,0.987058,0.987058,0.0185612,0.0552752,0.0768028,0.555835,-0.20183,0.086867,0.247618,0.403887,-0.542586
IWM,RSI2<10,C>SMA5,close,1,IS,0.0995285,53,6.97343,0.698113,0.0153515,-0.0157927,0.00594944,0.00801642,0.00554001,0.0206441,0.268358,1.95367,-2.08254,11.2153,-0.0916944,0.0415103,3.58491,4.85546,1.21387,1,0.0177952,0.0700159,0.0635499,0.616597,-0.0916035,0.081742,0.213247,0.332031,-0.386729
IWM,RSI2<10,C>SMA5,close,1,OOS,0.106703,133,7.0969,0.691729,0.0174966,-0.0201106,0.00590337,0.0078376,0.00570368,0.0244166,0.233599,2.69399,-1.55626,8.85435,-0.126051,0.0629762,3.78195,3.85046,0.962615,0.962615,0.017469,0.0537757,0.0767876,0.537409,-0.202068,0.086867,0.247618,0.403887,-0.542586
IWM,RSI2<10,C>SMA5,close,2,IS,0.0995285,53,6.97343,0.698113,0.0151484,-0.0159896,0.00574827,0.00781483,0.00533884,0.02064,0.258664,1.8831,-2.08255,11.2154,-0.091876,0.041302,3.58491,4.73509,1.18377,1,0.0170959,0.0685198,0.0635451,0.594628,-0.0917001,0.081742,0.213247,0.332031,-0.386729
IWM,RSI2<10,C>SMA5,close,2,OOS,0.106703,133,7.0969,0.691729,0.0172931,-0.0203066,0.00570221,0.00763606,0.00550252,0.0244117,0.225405,2.59949,-1.55626,8.85434,-0.126226,0.0627636,3.78195,3.75023,0.937557,0.937557,0.0163994,0.0522783,0.0767741,0.518966,-0.202307,0.086867,0.247618,0.403887,-0.542586
IWM,RSI2<10,C>SMA5,close,5,IS,0.0995285,53,6.97343,0.679245,0.0149589,-0.0156374,0.005145,0.00721032,0.00473557,0.0206278,0.229572,1.67131,-2.08255,11.2154,-0.0924207,0.0406774,3.58491,4.35318,1.08829,1,0.0149987,0.0640437,0.0635431,0.52861,-0.092245,0.081742,0.213247,0.332031,-0.386729
IWM,RSI2<10,C>SMA5,close,5,OOS,0.106703,133,7.0969,0.684211,0.016872,-0.0204094,0.00509897,0.00703166,0.00489928,0.0243971,0.200814,2.3159,-1.55626,8.85429,-0.12675,0.0621261,3.78195,3.43446,0.858614,0.858614,0.0133358,0.0477989,0.0767441,0.463544,-0.203025,0.086867,0.247618,0.403887,-0.542586
IWM,RSI2<10,C>SMA5,close,10,IS,0.0995285,53,6.97343,0.679245,0.0139445,-0.0166213,0.00414036,0.00620362,0.00373093,0.0206074,0.181048,1.31805,-2.08257,11.2155,-0.0933278,0.0396373,3.58491,3.6415,0.910374,0.910374,0.0105994,0.0566253,0.0635814,0.418339,-0.0931523,0.081742,0.213247,0.332031,-0.386729
IWM,RSI2<10,C>SMA5,close,10,OOS,0.106703,133,7.0969,0.62406,0.0174286,-0.0180404,0.00409437,0.00602513,0.00389468,0.0243728,0.159796,1.84286,-1.55626,8.8542,-0.127623,0.0610645,3.78195,2.85682,0.714204,0.714204,0.0087787,0.0403756,0.0767292,0.370946,-0.204219,0.086867,0.247618,0.403887,-0.542586
IWM,RSI2<10,RSI2>70,open,0,IS,0.124149,50,6.57871,0.74,0.0175886,-0.0220804,0.00727463,0.0130579,0.00674236,0.0222264,0.303349,2.145,-1.47305,5.62677,-0.0715054,0.0417009,4.74,5.53763,1.38441,1,0.0205226,0.0752204,0.0712213,0.625742,-0.0990082,0.081742,0.213247,0.332031,-0.386729
IWM,RSI2<10,RSI2>70,open,0,OOS,0.136614,129,6.88346,0.75969,0.0179978,-0.0324906,0.00586497,0.0116353,0.00560208,0.0414789,0.135059,1.53397,-6.79423,63.2242,-0.385307,0.0556839,4.99225,1.08489,0.271223,0.271223,0.0047721,0.0459163,0.100779,0.357289,-0.42222,0.086867,0.247618,0.403887,-0.542586
IWM,RSI2<10,RSI2>70,open,1,IS,0.124149,50,6.57871,0.74,0.0173851,-0.022276,0.00707319,0.0128554,0.00654093,0.022222,0.294344,2.08133,-1.47305,5.62678,-0.0716911,0.0414926,4.74,5.4108,1.3527,1,0.0198625,0.0738019,0.0712192,0.607223,-0.0990983,0.081742,0.213247,0.332031,-0.386729
IWM,RSI2<10,RSI2>70,open,1,OOS,0.136614,129,6.88346,0.75969,0.0177943,-0.0326841,0.00566382,0.011433,0.00540093,0.0414706,0.130235,1.47919,-6.79422,63.2242,-0.38543,0.0554728,4.99225,1.06008,0.26502,0.26502,0.00449054,0.0444747,0.100781,0.343595,-0.424008,0.086867,0.247618,0.403887,-0.542586
IWM,RSI2<10,RSI2>70,open,2,IS,0.124149,50,6.57871,0.74,0.0171816,-0.0224715,0.0068718,0.0126528,0.00633953,0.0222177,0.285337,2.01764,-1.47306,5.6268,-0.0718768,0.0412843,4.74,5.28195,1.32049,1,0.0192025,0.0723854,0.0712188,0.588691,-0.0991884,0.081742,0.213247,0.332031,-0.386729
IWM,RSI2<10,RSI2>70,open,2,OOS,0.136614,129,6.88346,0.75969,0.0175907,-0.0328775,0.00546271,0.0112308,0.00519981,0.0414623,0.125411,1.42439,-6.79422,63.2241,-0.385552,0.0552617,4.99225,1.03454,0.258636,0.258636,0.00421439,0.0430352,0.100785,0.329899,-0.425791,0.086867,0.247618,0.403887,-0.542586
IWM,RSI2<10,RSI2>70,open,5,IS,0.124149,50,6.57871,0.74,0.0165715,-0.0230579,0.00626786,0.0120454,0.00573559,0.0222046,0.258307,1.8265,-1.47308,5.62684,-0.0724335,0.0406597,4.74,4.88295,1.22074,1,0.0172228,0.0681469,0.0712284,0.533023,-0.0994585,0.081742,0.213247,0.332031,-0.386729
IWM,RSI2<10,RSI2>70,open,5,OOS,0.136614,129,6.88346,0.736434,0.0175235,-0.0305248,0.00485961,0.0106242,0.00459672,0.0414375,0.110931,1.25994,-6.79421,63.224,-0.385921,0.0546288,4.99225,0.953287,0.238322,0.238322,0.00342077,0.0387284,0.100802,0.288802,-0.431106,0.086867,0.247618,0.403887,-0.542586
IWM,RSI2<10,RSI2>70,open,10,IS,0.124149,50,6.57871,0.74,0.0155554,-0.0240343,0.00526209,0.0110339,0.00472982,0.0221827,0.213221,1.5077,-1.47311,5.62692,-0.0733606,0.0396196,4.74,4.17469,1.04367,1,0.0139247,0.06112,0.0712794,0.440095,-0.0999083,0.081742,0.213247,0.332031,-0.386729
IWM,RSI2<10,RSI2>70,open,10,OOS,0.136614,129,6.88346,0.72093,0.0168728,-0.0297734,0.00385525,0.00961409,0.00359236,0.0413961,0.0867801,0.985633,-6.7942,63.2238,-0.386535,0.0535747,4.99225,0.800473,0.200118,0.200118,0.00223032,0.0315899,0.100858,0.22031,-0.439856,0.086867,0.247618,0.403887,-0.542586
IWM,RSI2<10,RSI2>70,close,0,IS,0.124149,50,6.57871,0.7,0.0187786,-0.0176545,0.00784869,0.0129355,0.00731612,0.0212893,0.343653,2.42999,-1.00749,4.55674,-0.0632988,0.0459259,4.74,6.73497,1.68374,1,0.022549,0.0802141,0.0693276,0.70772,-0.0915127,0.081742,0.213247,0.332031,-0.386729
IWM,RSI2<10,RSI2>70,close,0,OOS,0.136614,129,6.88346,0.697674,0.0209773,-0.025899,0.0068054,0.010652,0.00654288,0.0375172,0.174397,1.98077,-4.58535,38.0364,-0.302412,0.0957776,4.99225,1.56579,0.391447,0.391447,0.0080385,0.0550613,0.102905,0.436478,-0.403332,0.086867,0.247618,0.403887,-0.542586
IWM,RSI2<10,RSI2>70,close,1,IS,0.124149,50,6.57871,0.7,0.0185749,-0.0178509,0.00764714,0.012733,0.00711457,0.0212851,0.334251,2.36351,-1.0075,4.55676,-0.0634861,0.0457167,4.74,6.59176,1.64794,1,0.0218887,0.0787891,0.0693197,0.688751,-0.0915127,0.081742,0.213247,0.332031,-0.386729
IWM,RSI2<10,RSI2>70,close,1,OOS,0.136614,129,6.88346,0.697674,0.0207732,-0.0260938,0.00660406,0.0104499,0.00634154,0.0375097,0.169064,1.9202,-4.58535,38.0363,-0.302551,0.0955585,4.99225,1.53599,0.383998,0.383998,0.0076352,0.0536071,0.102897,0.423096,-0.404915,0.086867,0.247618,0.403887,-0.542586
IWM,RSI2<10,RSI2>70,close,2,IS,0.124149,50,6.57871,0.7,0.0183712,-0.0180473,0.00744563,0.0125304,0.00691306,0.0212809,0.324848,2.29702,-1.00751,4.55678,-0.0636734,0.0455076,4.74,6.44633,1.61158,1,0.0212285,0.0773659,0.0693135,0.669763,-0.0915184,0.081742,0.213247,0.332031,-0.386729
IWM,RSI2<10,RSI2>70,close,2,OOS,0.136614,129,6.88346,0.697674,0.020569,-0.0262886,0.00640276,0.0102479,0.00614023,0.0375022,0.16373,1.85962,-4.58534,38.0363,-0.302691,0.0953394,4.99225,1.50537,0.376342,0.376342,0.00723803,0.052155,0.102891,0.409708,-0.40652,0.086867,0.247618,0.403887,-0.542586
IWM,RSI2<10,RSI2>70,close,5,IS,0.124149,50,6.57871,0.7,0.0177603,-0.0186363,0.00684134,0.0119231,0.00630877,0.0212683,0.296628,2.09747,-1.00752,4.55684,-0.064235,0.0448805,4.74,5.99654,1.49914,1,0.0192482,0.0731078,0.069306,0.612691,-0.0917909,0.081742,0.213247,0.332031,-0.386729
IWM,RSI2<10,RSI2>70,close,5,OOS,0.136614,129,6.88346,0.689922,0.0201857,-0.0262112,0.0057991,0.0096419,0.00553657,0.0374797,0.147722,1.6778,-4.58533,38.0362,-0.303109,0.0946824,4.99225,1.40823,0.352058,0.352058,0.00608595,0.0478105,0.10288,0.369515,-0.411308,0.086867,0.247618,0.403887,-0.542586
IWM,RSI2<10,RSI2>70,close,10,IS,0.124149,50,6.57871,0.7,0.0167431,-0.0196172,0.00583501,0.0109117,0.00530243,0.0212474,0.249557,1.76463,-1.00755,4.55694,-0.0651703,0.0438361,4.74,5.20091,1.30023,1,0.015949,0.0660483,0.0693295,0.517312,-0.0922445,0.081742,0.213247,0.332031,-0.386729
IWM,RSI2<10,RSI2>70,close,10,OOS,0.136614,129,6.88346,0.674419,0.0196118,-0.0259006,0.0047938,0.00863276,0.00453128,0.0374423,0.12102,1.37452,-4.58532,38.0359,-0.303806,0.0935882,4.99225,1.22698,0.306745,0.306745,0.00431537,0.0406096,0.102888,0.30246,-0.419201,0.086867,0.247618,0.403887,-0.542586
IWM,down3,C>SMA5,open,0,IS,0.0990047,53,6.97343,0.735849,0.0103514,-0.0165519,0.00324487,0.00693772,0.00282958,0.0160674,0.176106,1.28207,-1.87074,6.97339,-0.0582997,0.0251928,3.56604,4.74573,1.18643,1,0.00896005,0.049772,0.0612207,0.325878,-0.0850265,0.081742,0.213247,0.332031,-0.386729
IWM,down3,C>SMA5,open,0,OOS,0.10437,142,7.57714,0.661972,0.0150519,-0.0145225,0.0050549,0.00722924,0.00486418,0.0209405,0.232286,2.76801,-1.87527,13.0363,-0.124687,0.060885,3.46479,4.20416,1.05104,1,0.0167165,0.050049,0.0745422,0.503725,-0.207538,0.086867,0.247618,0.403887,-0.542586
IWM,down3,C>SMA5,open,1,IS,0.0990047,53,6.97343,0.735849,0.0101494,-0.0167486,0.00304424,0.00673636,0.00262895,0.0160643,0.163652,1.1914,-1.87074,6.97337,-0.058488,0.0249878,3.56604,4.46084,1.11521,1,0.00826164,0.0483041,0.0612206,0.303024,-0.085301,0.081742,0.213247,0.332031,-0.386729
IWM,down3,C>SMA5,open,1,OOS,0.10437,142,7.57714,0.661972,0.0148489,-0.0147196,0.00485391,0.00702781,0.00466319,0.0209363,0.222732,2.65416,-1.87527,13.0363,-0.124862,0.0606728,3.46479,4.08689,1.02172,1,0.0159572,0.0484561,0.0745254,0.48345,-0.207934,0.086867,0.247618,0.403887,-0.542586
IWM,down3,C>SMA5,open,2,IS,0.0990047,53,6.97343,0.735849,0.00994735,-0.0169452,0.00284365,0.00653503,0.00242836,0.0160611,0.151195,1.10072,-1.87073,6.97335,-0.0586763,0.0247828,3.56604,4.16891,1.04223,1,0.0075633,0.0468383,0.0612225,0.280163,-0.0855753,0.081742,0.213247,0.332031,-0.386729
IWM,down3,C>SMA5,open,2,OOS,0.10437,142,7.57714,0.65493,0.0148046,-0.0146144,0.00465296,0.00682643,0.00446224,0.0209321,0.213176,2.54029,-1.87527,13.0362,-0.125037,0.0604607,3.46479,3.96523,0.991308,0.991308,0.0150809,0.0468655,0.0745105,0.463156,-0.20833,0.086867,0.247618,0.403887,-0.542586
IWM,down3,C>SMA5,open,5,IS,0.0990047,53,6.97343,0.735849,0.00934156,-0.0175349,0.00224213,0.00593129,0.00182684,0.0160517,0.11381,0.828548,-1.87073,6.97328,-0.0592409,0.0241681,3.56604,3.24914,0.812286,0.812286,0.00458167,0.0424531,0.0612415,0.211555,-0.0863978,0.081742,0.213247,0.332031,-0.386729
IWM,down3,C>SMA5,open,5,OOS,0.10437,142,7.57714,0.619718,0.01502,-0.013826,0.00405035,0.00622251,0.00385963,0.0209196,0.184498,2.19855,-1.87526,13.0361,-0.125562,0.0598246,3.46479,3.57307,0.893269,0.893269,0.0117078,0.0421083,0.0744773,0.402175,-0.209516,0.086867,0.247618,0.403887,-0.542586
IWM,down3,C>SMA5,open,10,IS,0.0990047,53,6.97343,0.698113,0.00880885,-0.0162617,0.00124038,0.00492586,0.000825096,0.0160359,0.0514531,0.374584,-1.87072,6.97317,-0.0601812,0.0231445,3.56604,1.55795,0.389489,0.389489,0.000985965,0.0351852,0.061316,0.0972791,-0.0877669,0.081742,0.213247,0.332031,-0.386729
IWM,down3,C>SMA5,open,10,OOS,0.10437,142,7.57714,0.598592,0.0145171,-0.014058,0.0030468,0.00521679,0.00285608,0.0208988,0.136662,1.62852,-1.87524,13.0359,-0.126436,0.0587653,3.46479,2.82345,0.705862,0.705862,0.0068007,0.0342276,0.0744603,0.300304,-0.21149,0.086867,0.247618,0.403887,-0.542586
IWM,down3,C>SMA5,close,0,IS,0.0990047,53,6.97343,0.622642,0.0151075,-0.0152324,0.00365849,0.00552888,0.00324279,0.0190857,0.169907,1.23694,-1.14689,4.95828,-0.0662952,0.0319688,3.56604,4.08127,1.02032,1,0.0100364,0.0532703,0.0633718,0.369404,-0.0947426,0.081742,0.213247,0.332031,-0.386729
IWM,down3,C>SMA5,close,0,OOS,0.10437,142,7.57714,0.661972,0.015689,-0.0150391,0.00530203,0.00613206,0.00511126,0.0214608,0.238167,2.83809,-1.68767,12.2582,-0.125877,0.0631888,3.46479,4.23411,1.05853,1,0.0175692,0.052338,0.0736688,0.538416,-0.205748,0.086867,0.247618,0.403887,-0.542586
IWM,down3,C>SMA5,close,1,IS,0.0990047,53,6.97343,0.622642,0.0149045,-0.0154293,0.00345777,0.0053278,0.00304208,0.0190819,0.159422,1.16061,-1.14689,4.95829,-0.0664819,0.0317625,3.56604,3.85692,0.964231,0.964231,0.0090482,0.0517976,0.0633661,0.347355,-0.095133,0.081742,0.213247,0.332031,-0.386729
IWM,down3,C>SMA5,close,1,OOS,0.10437,142,7.57714,0.661972,0.0154859,-0.015236,0.00510099,0.00593085,0.00491021,0.0214565,0.228845,2.727,-1.68767,12.2582,-0.126051,0.0629762,3.46479,4.12231,1.03058,1,0.0168098,0.0507416,0.0736492,0.517922,-0.206066,0.086867,0.247618,0.403887,-0.542586
IWM,down3,C>SMA5,close,2,IS,0.0990047,53,6.97343,0.622642,0.0147015,-0.0156262,0.0032571,0.00512675,0.00284141,0.0190781,0.148936,1.08427,-1.14689,4.9583,-0.0666686,0.0315561,3.56604,3.62891,0.907227,0.907227,0.00794594,0.0503268,0.0633624,0.325294,-0.0955854,0.081742,0.213247,0.332031,-0.386729
IWM,down3,C>SMA5,close,2,OOS,0.10437,142,7.57714,0.65493,0.0154478,-0.0151193,0.00489999,0.00572968,0.00470921,0.0214523,0.219521,2.61589,-1.68767,12.2582,-0.126226,0.0627636,3.46479,4.00642,1.0016,1,0.0160505,0.0491475,0.0736316,0.497407,-0.206383,0.086867,0.247618,0.403887,-0.542586
IWM,down3,C>SMA5,close,5,IS,0.0990047,53,6.97343,0.603774,0.0145508,-0.0154711,0.00265533,0.00452386,0.00223964,0.0190668,0.117463,0.855141,-1.1469,4.95832,-0.0672284,0.0309374,3.56604,2.92275,0.730686,0.730686,0.00503336,0.045927,0.0633639,0.259057,-0.0969409,0.081742,0.213247,0.332031,-0.386729
IWM,down3,C>SMA5,close,5,OOS,0.10437,142,7.57714,0.647887,0.0150058,-0.0154065,0.00429723,0.00512643,0.00410646,0.0214394,0.191537,2.28243,-1.68767,12.2581,-0.12675,0.0621261,3.46479,3.63326,0.908315,0.908315,0.0126622,0.04438,0.0735904,0.435746,-0.207335,0.086867,0.247618,0.403887,-0.542586
IWM,down3,C>SMA5,close,10,IS,0.0990047,53,6.97343,0.566038,0.0144584,-0.0150493,0.00165317,0.00351983,0.00123748,0.0190479,0.0649667,0.472965,-1.14691,4.95836,-0.0681607,0.029907,3.56604,1.67217,0.418042,0.418042,0.00158537,0.0386349,0.0634081,0.148614,-0.0991954,0.081742,0.213247,0.332031,-0.386729
IWM,down3,C>SMA5,close,10,OOS,0.10437,142,7.57714,0.598592,0.0151726,-0.0144211,0.00329343,0.0041218,0.00310266,0.0214181,0.144862,1.72623,-1.68767,12.258,-0.127623,0.0610645,3.46479,2.9221,0.730526,0.730526,0.00764578,0.0364821,0.0735606,0.332689,-0.208919,0.086867,0.247618,0.403887,-0.542586
IWM,belowBB,C>SMA5,open,0,IS,0.0382399,16,2.10519,0.5,0.0173229,-0.0117766,0.00277317,0.00331376,0.00221875,0.0196352,0.112999,0.451995,-0.358413,3.36425,-0.0423523,0.0366783,4.5625,2.99399,0.748497,0.748497,0.00153376,0.0351813,0.0437624,0.115105,-0.0592925,0.081742,0.213247,0.332031,-0.386729
IWM,belowBB,C>SMA5,open,0,OOS,0.0470938,57,3.04153,0.736842,0.013721,-0.0192701,0.00503912,0.00743718,0.00485428,0.0238062,0.203908,1.53947,-3.03499,17.7698,-0.124687,0.060885,3.89474,3.18819,0.797048,0.797048,0.00532028,0.0282179,0.0574133,0.268353,-0.200217,0.086867,0.247618,0.403887,-0.542586
IWM,belowBB,C>SMA5,open,1,IS,0.0382399,16,2.10519,0.5,0.0171195,-0.0119742,0.00257263,0.00311312,0.00201822,0.0196313,0.102806,0.411224,-0.358413,3.36425,-0.0425438,0.036471,4.5625,2.73143,0.682857,0.682857,0.00127245,0.0347442,0.0437731,0.105441,-0.0593866,0.081742,0.213247,0.332031,-0.386729
IWM,belowBB,C>SMA5,open,1,OOS,0.0470938,57,3.04153,0.736842,0.0135183,-0.0194663,0.00483813,0.00723572,0.0046533,0.0238015,0.195504,1.47602,-3.03499,17.7697,-0.124862,0.0606728,3.89474,3.09546,0.773865,0.773865,0.00494607,0.0275915,0.0574059,0.257765,-0.200457,0.086867,0.247618,0.403887,-0.542586
IWM,belowBB,C>SMA5,open,2,IS,0.0382399,16,2.10519,0.5,0.0169161,-0.0121718,0.00237214,0.00291251,0.00181772,0.0196275,0.0926111,0.370445,-0.358414,3.36424,-0.0427353,0.0362637,4.5625,2.4672,0.6168,0.6168,0.0010349,0.0343071,0.0437848,0.0957812,-0.0594806,0.081742,0.213247,0.332031,-0.386729
IWM,belowBB,C>SMA5,open,2,OOS,0.0470938,57,3.04153,0.736842,0.0133156,-0.0196624,0.00463719,0.00703429,0.00445235,0.0237968,0.187099,1.41257,-3.03498,17.7697,-0.125037,0.0604607,3.89474,3.00008,0.750021,0.750021,0.0045814,0.0269655,0.0573995,0.247172,-0.200697,0.086867,0.247618,0.403887,-0.542586
IWM,belowBB,C>SMA5,open,5,IS,0.0382399,16,2.10519,0.5,0.0163061,-0.0127643,0.0017709,0.00231095,0.00121648,0.0196159,0.0620149,0.24806,-0.358415,3.36422,-0.0433095,0.0356422,4.5625,1.66489,0.416224,0.416224,0.000467011,0.0329972,0.0438254,0.0668291,-0.0597626,0.081742,0.213247,0.332031,-0.386729
IWM,belowBB,C>SMA5,open,5,OOS,0.0470938,57,3.04153,0.736842,0.0127078,-0.0202504,0.00403458,0.00643025,0.00384975,0.0237826,0.161873,1.22211,-3.03496,17.7695,-0.125562,0.0598246,3.89474,2.69714,0.674285,0.674285,0.00354863,0.0250896,0.0573867,0.215359,-0.201416,0.086867,0.247618,0.403887,-0.542586
IWM,belowBB,C>SMA5,open,10,IS,0.0382399,16,2.10519,0.5,0.0152903,-0.0137511,0.000769625,0.00130914,0.00021521,0.0195967,0.010982,0.0439278,-0.358417,3.36418,-0.0442657,0.034607,4.5625,0.298261,0.0745653,0.0745653,1.47834e-05,0.0308177,0.0439119,0.0187047,-0.0602323,0.081742,0.213247,0.332031,-0.386729
IWM,belowBB,C>SMA5,open,10,OOS,0.0470938,57,3.04153,0.719298,0.0119828,-0.0199079,0.00303105,0.00542432,0.00284621,0.0237589,0.119796,0.904438,-3.03493,17.7692,-0.126436,0.0587653,3.89474,2.13063,0.532657,0.532657,0.00205935,0.0219708,0.0573861,0.162269,-0.202613,0.086867,0.247618,0.403887,-0.542586
IWM,belowBB,C>SMA5,close,0,IS,0.0382399,16,2.10519,0.5625,0.0199954,-0.0151681,0.00461139,0.00517943,0.0040567,0.0252734,0.160512,0.642049,-1.22902,5.16247,-0.0662952,0.0417186,4.5625,3.04521,0.761301,0.761301,0.00287821,0.0391644,0.0433583,0.204273,-0.0662952,0.081742,0.213247,0.332031,-0.386729
IWM,belowBB,C>SMA5,close,0,OOS,0.0470938,57,3.04153,0.719298,0.0189443,-0.0221426,0.00741112,0.0127123,0.00722602,0.027123,0.266417,2.0114,-2.17106,12.1136,-0.125877,0.0631888,3.89474,3.63203,0.908008,0.908008,0.00902629,0.0354989,0.0567537,0.395129,-0.20183,0.086867,0.247618,0.403887,-0.542586
IWM,belowBB,C>SMA5,close,1,IS,0.0382399,16,2.10519,0.5625,0.0197914,-0.015365,0.00441048,0.00497841,0.0038558,0.0252685,0.152593,0.610373,-1.22901,5.16246,-0.0664819,0.0415103,4.5625,2.9112,0.7278,0.7278,0.00261383,0.0387255,0.0433606,0.19453,-0.0663885,0.081742,0.213247,0.332031,-0.386729
IWM,belowBB,C>SMA5,close,1,OOS,0.0470938,57,3.04153,0.719298,0.0187405,-0.0223381,0.00720966,0.0125098,0.00702455,0.0271176,0.259041,1.95571,-2.17106,12.1135,-0.126051,0.0629762,3.89474,3.56391,0.890978,0.890978,0.0086032,0.034868,0.0567343,0.384505,-0.202068,0.086867,0.247618,0.403887,-0.542586
IWM,belowBB,C>SMA5,close,2,IS,0.0382399,16,2.10519,0.5625,0.0195875,-0.0155619,0.00420962,0.00477743,0.00365493,0.0252635,0.144673,0.578691,-1.22901,5.16244,-0.0666686,0.041302,4.5625,2.77555,0.693887,0.693887,0.00236089,0.0382868,0.0433638,0.184785,-0.0664889,0.081742,0.213247,0.332031,-0.386729
IWM,belowBB,C>SMA5,close,2,OOS,0.0470938,57,3.04153,0.719298,0.0185368,-0.0225336,0.00700824,0.0123073,0.00682313,0.0271122,0.251663,1.90001,-2.17106,12.1135,-0.126226,0.0627636,3.89474,3.49433,0.873583,0.873583,0.00818674,0.0342375,0.0567159,0.373868,-0.202307,0.086867,0.247618,0.403887,-0.542586
IWM,belowBB,C>SMA5,close,5,IS,0.0382399,16,2.10519,0.5625,0.0189759,-0.0161524,0.00360728,0.00417475,0.00305259,0.0252485,0.120902,0.483606,-1.229,5.1624,-0.0672284,0.0406774,4.5625,2.35855,0.589637,0.589637,0.00167272,0.0369719,0.0433791,0.155544,-0.0670489,0.081742,0.213247,0.332031,-0.386729
IWM,belowBB,C>SMA5,close,5,OOS,0.0470938,57,3.04153,0.701754,0.018378,-0.0217694,0.00640422,0.0117001,0.00621911,0.027096,0.229522,1.73285,-2.17105,12.1134,-0.12675,0.0621261,3.89474,3.27628,0.819069,0.819069,0.00697899,0.0323484,0.056667,0.341882,-0.203025,0.086867,0.247618,0.403887,-0.542586
IWM,belowBB,C>SMA5,close,10,IS,0.0382399,16,2.10519,0.5625,0.0179575,-0.0171358,0.00260417,0.00317108,0.00204948,0.0252237,0.0812524,0.325009,-1.22899,5.16234,-0.0681607,0.0396373,4.5625,1.62943,0.407356,0.407356,0.000773624,0.034784,0.0434237,0.106826,-0.068116,0.081742,0.213247,0.332031,-0.386729
IWM,belowBB,C>SMA5,close,10,OOS,0.0470938,57,3.04153,0.701754,0.0173601,-0.0227471,0.00539831,0.0106889,0.00521321,0.027069,0.19259,1.45402,-2.17103,12.1132,-0.127623,0.0610645,3.89474,2.87963,0.719909,0.719909,0.00511973,0.0292075,0.0566066,0.288364,-0.204219,0.086867,0.247618,0.403887,-0.542586
IWM,RSI2<10,T5,open,0,IS,0.141435,54,7.10501,0.62963,0.0244714,-0.0207157,0.00773544,0.0135443,0.00717378,0.0269747,0.265945,1.95429,-0.861115,4.07826,-0.0837021,0.0530494,5,4.39565,1.09891,1,0.022878,0.0820683,0.0693844,0.731953,-0.0870629,0.081742,0.213247,0.332031,-0.386729
IWM,RSI2<10,T5,open,0,OOS,0.150615,142,7.57714,0.619718,0.0223077,-0.0189126,0.00663236,0.00607097,0.00635965,0.0265885,0.239188,2.85026,0.168565,3.33611,-0.070699,0.0817099,5,4.53176,1.13294,1,0.0214179,0.0613643,0.0763484,0.634071,-0.165246,0.086867,0.247618,0.403887,-0.542586
IWM,RSI2<10,T5,open,1,IS,0.141435,54,7.10501,0.62963,0.0242665,-0.0209115,0.00753391,0.0133416,0.00697225,0.0269693,0.258525,1.89977,-0.861117,4.07827,-0.0838853,0.0528389,5,4.29184,1.07296,1,0.0221651,0.0805267,0.0693417,0.711803,-0.0873368,0.081742,0.213247,0.332031,-0.386729
IWM,RSI2<10,T5,open,1,OOS,0.150615,142,7.57714,0.612676,0.0223575,-0.0187617,0.00643106,0.00586977,0.00615834,0.0265832,0.231663,2.76059,0.168564,3.33611,-0.0708848,0.0814936,5,4.39282,1.09821,1,0.0206581,0.0597542,0.076344,0.614211,-0.167413,0.086867,0.247618,0.403887,-0.542586
IWM,RSI2<10,T5,open,2,IS,0.141435,54,7.10501,0.62963,0.0240617,-0.0211073,0.00733242,0.013139,0.00677077,0.0269639,0.251104,1.84523,-0.861119,4.07828,-0.0840685,0.0526283,5,4.1869,1.04672,1,0.0214523,0.0789873,0.0693008,0.69161,-0.0876106,0.081742,0.213247,0.332031,-0.386729
IWM,RSI2<10,T5,open,2,OOS,0.150615,142,7.57714,0.605634,0.0224111,-0.0186202,0.00622979,0.00566862,0.00595707,0.0265778,0.224137,2.6709,0.168563,3.33611,-0.0710706,0.0812773,5,4.25343,1.06336,1,0.0198985,0.0581465,0.0763414,0.594336,-0.169575,0.086867,0.247618,0.403887,-0.542586
IWM,RSI2<10,T5,open,5,IS,0.141435,54,7.10501,0.62963,0.0234474,-0.0216945,0.0067282,0.0125313,0.00616655,0.0269478,0.228833,1.68157,-0.861124,4.07831,-0.0846179,0.0519969,5,3.8653,0.966324,0.966324,0.0187491,0.0743824,0.06919,0.630796,-0.0884314,0.081742,0.213247,0.332031,-0.386729
IWM,RSI2<10,T5,open,5,OOS,0.150615,142,7.57714,0.598592,0.0220583,-0.0188778,0.00562623,0.0050654,0.00535352,0.0265619,0.201549,2.40173,0.168561,3.33611,-0.0716278,0.0806287,5,3.83277,0.958194,0.958194,0.0169893,0.053338,0.076345,0.534638,-0.176027,0.086867,0.247618,0.403887,-0.542586
IWM,RSI2<10,T5,open,10,IS,0.141435,54,7.10501,0.611111,0.0231226,-0.0216218,0.00572198,0.0115192,0.00516032,0.0269209,0.191685,1.40859,-0.861133,4.07835,-0.0855328,0.0509454,5,3.30674,0.826684,0.826684,0.0133956,0.066751,0.0690439,0.528748,-0.0897981,0.081742,0.213247,0.332031,-0.386729
IWM,RSI2<10,T5,open,10,OOS,0.150615,142,7.57714,0.570423,0.0220873,-0.0185717,0.00462111,0.00406083,0.00434839,0.0265353,0.163872,1.95276,0.168557,3.3361,-0.0725557,0.0795486,5,3.12448,0.781121,0.781121,0.0112493,0.0453724,0.0763884,0.43498,-0.186669,0.086867,0.247618,0.403887,-0.542586
IWM,RSI2<10,T5,close,0,IS,0.138816,53,6.97343,0.716981,0.0216376,-0.021461,0.00943989,0.0129329,0.00887069,0.0244548,0.362738,2.64077,-0.338587,3.0013,-0.0600436,0.0581776,5,6.89844,1.72461,1,0.0288205,0.0944191,0.0704261,0.883292,-0.0824059,0.081742,0.213247,0.332031,-0.386729
IWM,RSI2<10,T5,close,0,OOS,0.144251,136,7.25698,0.617647,0.0240617,-0.0178997,0.0080176,0.00559488,0.00774682,0.0274083,0.282645,3.29618,-0.133972,3.59522,-0.0906816,0.0705225,5,4.902,1.2255,1,0.0253599,0.0698144,0.0776026,0.727179,-0.157567,0.086867,0.247618,0.403887,-0.542586
IWM,RSI2<10,T5,close,1,IS,0.138816,53,6.97343,0.716981,0.0214333,-0.0216567,0.00923802,0.0127303,0.00866882,0.0244499,0.354554,2.58119,-0.338587,3.00131,-0.0602316,0.057966,5,6.76277,1.69069,1,0.0281201,0.0928888,0.070403,0.863683,-0.0825894,0.081742,0.213247,0.332031,-0.386729
IWM,RSI2<10,T5,close,1,OOS,0.144251,136,7.25698,0.610294,0.0241452,-0.0177561,0.00781602,0.00539378,0.00754524,0.0274028,0.275346,3.21106,-0.133972,3.59522,-0.0908634,0.0703084,5,4.78909,1.19727,1,0.0246318,0.0682599,0.0775853,0.708579,-0.158746,0.086867,0.247618,0.403887,-0.542586
IWM,RSI2<10,T5,close,2,IS,0.138816,53,6.97343,0.716981,0.021229,-0.0218523,0.0090362,0.0125278,0.00846699,0.024445,0.346369,2.5216,-0.338586,3.00132,-0.0604195,0.0577544,5,6.62599,1.6565,1,0.0274198,0.0913606,0.0703818,0.84404,-0.0827729,0.081742,0.213247,0.332031,-0.386729
IWM,RSI2<10,T5,close,2,OOS,0.144251,136,7.25698,0.602941,0.0242343,-0.0176231,0.00761447,0.00519272,0.0073437,0.0273973,0.268044,3.12591,-0.133971,3.59521,-0.0910452,0.0700944,5,4.67513,1.16878,1,0.0239037,0.0667078,0.0775697,0.689956,-0.159923,0.086867,0.247618,0.403887,-0.542586
IWM,RSI2<10,T5,close,5,IS,0.138816,53,6.97343,0.716981,0.0206165,-0.0224391,0.00843096,0.0119204,0.00786175,0.0244304,0.321802,2.34276,-0.338585,3.00134,-0.0609831,0.0571199,5,6.20905,1.55226,1,0.0253193,0.0867889,0.0703295,0.784927,-0.083323,0.081742,0.213247,0.332031,-0.386729
IWM,RSI2<10,T5,close,5,OOS,0.144251,136,7.25698,0.588235,0.0242181,-0.0175728,0.00701009,0.00458978,0.00673931,0.0273809,0.246132,2.87037,-0.133969,3.59521,-0.0915904,0.0694525,5,4.32724,1.08181,1,0.02172,0.0620647,0.0775337,0.633968,-0.163444,0.086867,0.247618,0.403887,-0.542586
IWM,RSI2<10,T5,close,10,IS,0.138816,53,6.97343,0.679245,0.0207156,-0.020726,0.00742303,0.010909,0.00685382,0.024406,0.280825,2.04444,-0.338582,3.00137,-0.0619217,0.0560633,5,5.49276,1.37319,1,0.0218199,0.0792119,0.0702799,0.685882,-0.0842393,0.081742,0.213247,0.332031,-0.386729
IWM,RSI2<10,T5,close,10,OOS,0.144251,136,7.25698,0.588235,0.0231944,-0.0185548,0.00600358,0.0035857,0.0057328,0.0273535,0.209582,2.44412,-0.133965,3.5952,-0.0924984,0.0683836,5,3.72882,0.932206,0.932206,0.0170279,0.0543713,0.0775091,0.54033,-0.169279,0.086867,0.247618,0.403887,-0.542586
DIA,RSI2<5,C>SMA5,open,0,IS,0.0535358,37,3.71986,0.594595,0.0137982,-0.00996182,0.00416578,0.0044393,0.00361273,0.0177393,0.203657,1.23879,-0.083535,6.90007,-0.0518032,0.0619316,3.62162,5.57655,1.39414,1,0.00614479,0.0482429,0.039454,0.332734,-0.0608485,0.0734931,0.178492,0.291813,-0.3503
DIA,RSI2<5,C>SMA5,open,0,OOS,0.0676708,84,4.48225,0.72619,0.0100786,-0.0171845,0.00261367,0.00605875,0.00238131,0.0168698,0.141158,1.29373,-2.27419,10.6269,-0.084107,0.0268549,3.79762,3.59079,0.897697,0.897697,0.0042693,0.0241161,0.0507749,0.217644,-0.133681,0.0991525,0.188298,0.521511,-0.485569
DIA,RSI2<5,C>SMA5,open,1,IS,0.0535358,37,3.71986,0.594595,0.0135955,-0.0101598,0.00396496,0.00423843,0.00341192,0.0177358,0.192374,1.17017,-0.0835501,6.90006,-0.0519929,0.0617193,3.62162,5.29669,1.32417,1,0.00577206,0.0474623,0.0394611,0.313787,-0.0610364,0.0734931,0.178492,0.291813,-0.3503
DIA,RSI2<5,C>SMA5,open,1,OOS,0.0676708,84,4.48225,0.714286,0.0100429,-0.0166611,0.00241317,0.00585756,0.0021808,0.0168664,0.129298,1.18504,-2.27418,10.6268,-0.0842902,0.0266496,3.79762,3.33621,0.834052,0.834052,0.00362737,0.0231968,0.0507803,0.199935,-0.1342,0.0991525,0.188298,0.521511,-0.485569
DIA,RSI2<5,C>SMA5,open,2,IS,0.0535358,37,3.71986,0.594595,0.0133928,-0.0103578,0.00376419,0.00403761,0.00321114,0.0177323,0.18109,1.10153,-0.0835653,6.90006,-0.0521824,0.0615069,3.62162,5.01244,1.25311,1,0.00539936,0.0466822,0.03947,0.294835,-0.0612241,0.0734931,0.178492,0.291813,-0.3503
DIA,RSI2<5,C>SMA5,open,2,OOS,0.0676708,84,4.48225,0.714286,0.0098409,-0.0168578,0.00221271,0.00565641,0.00198034,0.0168631,0.117437,1.07632,-2.27418,10.6268,-0.0844733,0.0264443,3.79762,3.0735,0.768375,0.768375,0.0030301,0.0222783,0.0507873,0.182225,-0.13472,0.0991525,0.188298,0.521511,-0.485569
DIA,RSI2<5,C>SMA5,open,5,IS,0.0535358,37,3.71986,0.594595,0.0127849,-0.0109514,0.00316211,0.00343536,0.00260907,0.0177218,0.147223,0.895525,-0.0836107,6.90005,-0.052751,0.0608702,3.62162,4.13457,1.03364,1,0.0042815,0.0443454,0.0395078,0.237977,-0.0617872,0.0734931,0.178492,0.291813,-0.3503
DIA,RSI2<5,C>SMA5,open,5,OOS,0.0676708,84,4.48225,0.690476,0.00957115,-0.0161445,0.00161156,0.0050532,0.0013792,0.016853,0.0818367,0.750046,-2.27416,10.6266,-0.0850225,0.0258286,3.79762,2.23477,0.558691,0.558691,0.00152751,0.0195277,0.0508187,0.129111,-0.136276,0.0991525,0.188298,0.521511,-0.485569
DIA,RSI2<5,C>SMA5,open,10,IS,0.0535358,37,3.71986,0.594595,0.0117727,-0.0119399,0.00215945,0.00243243,0.0016064,0.0177043,0.0907351,0.55192,-0.0836865,6.90003,-0.0536977,0.0598099,3.62162,2.59732,0.649329,0.649329,0.00170039,0.0404623,0.0396071,0.143364,-0.062725,0.0734931,0.178492,0.291813,-0.3503
DIA,RSI2<5,C>SMA5,open,10,OOS,0.0676708,84,4.48225,0.619048,0.00957892,-0.0139633,0.000610448,0.00404865,0.000378084,0.0168362,0.0224565,0.205817,-2.27414,10.6264,-0.085937,0.0248033,3.79762,0.65776,0.16444,0.16444,0.000122289,0.0149598,0.0509048,0.0407416,-0.138863,0.0991525,0.188298,0.521511,-0.485569
DIA,RSI2<5,C>SMA5,close,0,IS,0.0535358,37,3.71986,0.756757,0.01088,-0.00872611,0.00611094,0.00627652,0.00555841,0.0133574,0.416129,2.53121,-1.06397,8.79812,-0.0447534,0.0432825,3.62162,11.2641,2.81602,1,0.00999957,0.0566436,0.0369891,0.568296,-0.0588237,0.0734931,0.178492,0.291813,-0.3503
DIA,RSI2<5,C>SMA5,close,0,OOS,0.0676708,84,4.48225,0.630952,0.0110135,-0.0126537,0.00227915,0.00430026,0.00204695,0.016269,0.125819,1.15315,-1.40942,9.12101,-0.0775272,0.038206,3.79762,3.52423,0.881058,0.881058,0.00357933,0.0229206,0.0492945,0.198974,-0.136194,0.0991525,0.188298,0.521511,-0.485569
DIA,RSI2<5,C>SMA5,close,1,IS,0.0535358,37,3.71986,0.756757,0.0106778,-0.00892434,0.00590974,0.00607528,0.0053572,0.0133548,0.401145,2.44007,-1.06399,8.79816,-0.0449444,0.0430739,3.62162,11.0133,2.75333,1,0.00962643,0.0558566,0.0369765,0.54831,-0.0588237,0.0734931,0.178492,0.291813,-0.3503
DIA,RSI2<5,C>SMA5,close,1,OOS,0.0676708,84,4.48225,0.630952,0.0108113,-0.0128512,0.00207872,0.00409942,0.00184651,0.0162658,0.113521,1.04044,-1.40942,9.12098,-0.0777116,0.0379984,3.79762,3.2172,0.8043,0.8043,0.0029438,0.0220023,0.0493027,0.180728,-0.136367,0.0991525,0.188298,0.521511,-0.485569
DIA,RSI2<5,C>SMA5,close,2,IS,0.0535358,37,3.71986,0.756757,0.0104757,-0.00912254,0.00570857,0.00587409,0.00515604,0.0133522,0.386158,2.34891,-1.06401,8.79821,-0.0451354,0.0428653,3.62162,10.7538,2.68845,1,0.00925333,0.0550703,0.0369659,0.528285,-0.0588237,0.0734931,0.178492,0.291813,-0.3503
DIA,RSI2<5,C>SMA5,close,2,OOS,0.0676708,84,4.48225,0.630952,0.0106091,-0.0130486,0.00187832,0.00389862,0.00164612,0.0162625,0.101222,0.927711,-1.40941,9.12095,-0.0778961,0.0377908,3.79762,2.90168,0.725421,0.725421,0.00236398,0.0210849,0.0493127,0.162484,-0.13654,0.0991525,0.188298,0.521511,-0.485569
DIA,RSI2<5,C>SMA5,close,5,IS,0.0535358,37,3.71986,0.756757,0.00986961,-0.00971688,0.00510533,0.00527074,0.0045528,0.0133443,0.34118,2.07532,-1.06407,8.79834,-0.0457082,0.0422398,3.62162,9.91872,2.47968,1,0.00813424,0.0527148,0.0369456,0.468005,-0.0590727,0.0734931,0.178492,0.291813,-0.3503
DIA,RSI2<5,C>SMA5,close,5,OOS,0.0676708,84,4.48225,0.630952,0.010003,-0.0136406,0.00127738,0.00329646,0.00104517,0.0162528,0.0643072,0.589385,-1.40941,9.12085,-0.0784492,0.0371683,3.79762,1.9049,0.476226,0.476226,0.000981763,0.0183375,0.0493532,0.107785,-0.137058,0.0991525,0.188298,0.521511,-0.485569
DIA,RSI2<5,C>SMA5,close,10,IS,0.0535358,37,3.71986,0.702703,0.00957187,-0.00883108,0.00410073,0.00426598,0.00354819,0.0133311,0.266159,1.61898,-1.06416,8.79857,-0.046662,0.0411981,3.62162,8.31367,2.07842,1,0.00626984,0.0488006,0.0369511,0.367045,-0.0600131,0.0734931,0.178492,0.291813,-0.3503
DIA,RSI2<5,C>SMA5,close,10,OOS,0.0676708,84,4.48225,0.583333,0.00976953,-0.0130135,0.000276599,0.00229367,4.43943e-05,0.0162366,0.00273421,0.0250595,-1.40941,9.12069,-0.0793703,0.0361317,3.79762,0.0850489,0.0212622,0.0212622,1.85144e-06,0.0137749,0.0494555,0.0168469,-0.144798,0.0991525,0.188298,0.521511,-0.485569
DIA,RSI2<10,C>SMA5,open,0,IS,0.0950859,64,6.43435,0.65625,0.0113549,-0.0139439,0.00265842,0.00575198,0.00213054,0.0174279,0.122249,0.977993,-0.933133,8.34143,-0.0687357,0.0619316,3.71875,3.30791,0.826978,0.826978,0.0050028,0.0477585,0.0501609,0.261994,-0.0777886,0.0734931,0.178492,0.291813,-0.3503
DIA,RSI2<10,C>SMA5,open,0,OOS,0.118583,159,8.48426,0.710692,0.01083,-0.0136616,0.00374441,0.00648562,0.00352341,0.0152949,0.230364,2.90478,-1.85481,9.77264,-0.084107,0.0358185,3.51572,5.92008,1.48002,1,0.0139313,0.0433617,0.0602905,0.501017,-0.130773,0.0991525,0.188298,0.521511,-0.485569
DIA,RSI2<10,C>SMA5,open,1,IS,0.0950859,64,6.43435,0.65625,0.0111526,-0.0141411,0.00245791,0.00555085,0.00193003,0.0174244,0.110766,0.886126,-0.933147,8.34143,-0.068922,0.0617193,3.71875,3.02254,0.755635,0.755635,0.00413716,0.0464092,0.0501646,0.236282,-0.077973,0.0734931,0.178492,0.291813,-0.3503
DIA,RSI2<10,C>SMA5,open,1,OOS,0.118583,159,8.48426,0.704403,0.0107237,-0.0135662,0.00354368,0.00628435,0.00332268,0.0152919,0.217284,2.73984,-1.85481,9.77261,-0.0842902,0.0356113,3.51572,5.67258,1.41815,1,0.0130814,0.0415896,0.0602866,0.472836,-0.130947,0.0991525,0.188298,0.521511,-0.485569
DIA,RSI2<10,C>SMA5,open,2,IS,0.0950859,64,6.43435,0.65625,0.0109504,-0.0143382,0.00225743,0.00534976,0.00172956,0.017421,0.09928,0.79424,-0.933161,8.34143,-0.0691082,0.0615069,3.71875,2.73143,0.682856,0.682856,0.0033473,0.0450615,0.0501709,0.210567,-0.0781574,0.0734931,0.178492,0.291813,-0.3503
DIA,RSI2<10,C>SMA5,open,2,OOS,0.118583,159,8.48426,0.704403,0.0105216,-0.0137635,0.00334299,0.00608311,0.00312199,0.0152888,0.2042,2.57487,-1.8548,9.77257,-0.0844733,0.0354042,3.51572,5.41492,1.35373,1,0.0122316,0.0398204,0.0602853,0.444635,-0.131151,0.0991525,0.188298,0.521511,-0.485569
DIA,RSI2<10,C>SMA5,open,5,IS,0.0950859,64,6.43435,0.65625,0.010344,-0.0149295,0.00165626,0.00474673,0.00112838,0.0174107,0.0648097,0.518477,-0.933202,8.34143,-0.0696665,0.0608702,3.71875,1.8248,0.456201,0.456201,0.00145517,0.041029,0.0502041,0.133436,-0.0787103,0.0734931,0.178492,0.291813,-0.3503
DIA,RSI2<10,C>SMA5,open,5,OOS,0.118583,159,8.48426,0.698113,0.0100092,-0.0140661,0.00274116,0.00547964,0.00252017,0.0152797,0.164935,2.07975,-1.8548,9.77247,-0.0850225,0.0347832,3.51572,4.57905,1.14476,1,0.00968279,0.034531,0.0602972,0.359948,-0.131932,0.0991525,0.188298,0.521511,-0.485569
DIA,RSI2<10,C>SMA5,open,10,IS,0.0950859,64,6.43435,0.640625,0.00957523,-0.015246,0.000655104,0.00374248,0.000127227,0.0173936,0.00731459,0.0585168,-0.933271,8.34143,-0.0705964,0.0598099,3.71875,0.212857,0.0532142,0.0532142,1.90665e-05,0.0343428,0.0503081,0.00515787,-0.0796312,0.0734931,0.178492,0.291813,-0.3503
DIA,RSI2<10,C>SMA5,open,10,OOS,0.118583,159,8.48426,0.654088,0.00963308,-0.0131882,0.00173892,0.00447466,0.00151792,0.0152645,0.0994412,1.25391,-1.8548,9.77229,-0.085937,0.0337489,3.51572,2.96919,0.742298,0.742298,0.00422998,0.0257749,0.0603695,0.218747,-0.133233,0.0991525,0.188298,0.521511,-0.485569
DIA,RSI2<10,C>SMA5,close,0,IS,0.0950859,64,6.43435,0.671875,0.0118365,-0.0113668,0.0042229,0.00535131,0.00369519,0.0150437,0.24563,1.96504,-1.09003,5.44419,-0.0477978,0.0432825,3.71875,7.11633,1.77908,1,0.0111549,0.0595353,0.0476597,0.507686,-0.0613032,0.0734931,0.178492,0.291813,-0.3503
DIA,RSI2<10,C>SMA5,close,0,OOS,0.118583,159,8.48426,0.616352,0.0115989,-0.0111312,0.00287854,0.00412038,0.00265755,0.0159819,0.166285,2.09677,-1.61627,9.48921,-0.0775272,0.0374825,3.51572,4.47759,1.1194,1,0.0101726,0.0361794,0.0597098,0.389586,-0.136194,0.0991525,0.188298,0.521511,-0.485569
DIA,RSI2<10,C>SMA5,close,1,IS,0.0950859,64,6.43435,0.671875,0.0116341,-0.0115645,0.00402208,0.00515026,0.00349436,0.0150408,0.232326,1.85861,-1.09004,5.44422,-0.0479882,0.0430739,3.71875,6.79249,1.69812,1,0.0105101,0.0581708,0.0476421,0.480801,-0.061491,0.0734931,0.178492,0.291813,-0.3503
DIA,RSI2<10,C>SMA5,close,1,OOS,0.118583,159,8.48426,0.610063,0.0115151,-0.0111479,0.00267798,0.00391957,0.002457,0.0159787,0.153767,1.93892,-1.61627,9.4892,-0.0777116,0.037275,3.51572,4.19555,1.04889,1,0.00932309,0.0344194,0.0597168,0.361067,-0.136367,0.0991525,0.188298,0.521511,-0.485569
DIA,RSI2<10,C>SMA5,close,2,IS,0.0950859,64,6.43435,0.671875,0.0114318,-0.0117622,0.0038213,0.00494925,0.00329358,0.0150378,0.21902,1.75216,-1.09006,5.44424,-0.0481786,0.0428653,3.71875,6.46181,1.61545,1,0.00986534,0.056808,0.0476272,0.453874,-0.0616786,0.0734931,0.178492,0.291813,-0.3503
DIA,RSI2<10,C>SMA5,close,2,OOS,0.118583,159,8.48426,0.591195,0.0116764,-0.0108256,0.00247747,0.00371881,0.00225648,0.0159755,0.141246,1.78104,-1.61627,9.48919,-0.0778961,0.0370676,3.51572,3.90456,0.97614,0.97614,0.00829752,0.0326625,0.0597265,0.332544,-0.13654,0.0991525,0.188298,0.521511,-0.485569
DIA,RSI2<10,C>SMA5,close,5,IS,0.0950859,64,6.43435,0.671875,0.0108252,-0.0123549,0.00321918,0.00434647,0.00269147,0.0150289,0.179086,1.43269,-1.0901,5.44432,-0.0487495,0.0422398,3.71875,5.42775,1.35694,1,0.00793156,0.0527302,0.0475977,0.372887,-0.0622415,0.0734931,0.178492,0.291813,-0.3503
DIA,RSI2<10,C>SMA5,close,5,OOS,0.118583,159,8.48426,0.591195,0.0110696,-0.0114189,0.00187616,0.00311676,0.00165517,0.015966,0.103669,1.30721,-1.61627,9.48917,-0.0784492,0.0364456,3.51572,2.97707,0.744268,0.744268,0.00462173,0.0274094,0.0597713,0.246982,-0.137058,0.0991525,0.188298,0.521511,-0.485569
DIA,RSI2<10,C>SMA5,close,10,IS,0.0950859,64,6.43435,0.65625,0.0100564,-0.0127506,0.00221647,0.00334262,0.00168875,0.0150142,0.112477,0.899816,-1.09016,5.44444,-0.0497003,0.0411981,3.71875,3.56081,0.890203,0.890203,0.00426405,0.0459688,0.0475999,0.237484,-0.0631788,0.0734931,0.178492,0.291813,-0.3503
DIA,RSI2<10,C>SMA5,close,10,OOS,0.118583,159,8.48426,0.54717,0.010912,-0.0112535,0.000874785,0.00211414,0.000653798,0.0159501,0.0409903,0.516868,-1.61628,9.48912,-0.0793703,0.0354096,3.51572,1.24899,0.312247,0.312247,0.000760861,0.0187137,0.0598989,0.104631,-0.13792,0.0991525,0.188298,0.521511,-0.485569
DIA,RSI2<10,RSI2>70,open,0,IS,0.131442,60,6.0322,0.65,0.0122717,-0.0146386,0.00285307,0.00701315,0.00211929,0.0180236,0.117584,0.910802,-0.84033,7.5593,-0.0687357,0.0619316,5.48333,3.11124,0.777811,0.777811,0.00438283,0.0468396,0.0563425,0.223536,-0.0777886,0.0734931,0.178492,0.291813,-0.3503
DIA,RSI2<10,RSI2>70,open,0,OOS,0.151888,146,7.79058,0.739726,0.0120583,-0.0163814,0.00465621,0.0077392,0.00433855,0.0167019,0.259763,3.13873,-1.58255,7.05344,-0.0723011,0.0374216,4.90411,6.26662,1.56666,1,0.0157872,0.0473884,0.0665484,0.517694,-0.130773,0.0991525,0.188298,0.521511,-0.485569
DIA,RSI2<10,RSI2>70,open,1,IS,0.131442,60,6.0322,0.65,0.0120693,-0.0148357,0.00265252,0.00681176,0.00191874,0.0180201,0.106478,0.824773,-0.840339,7.55928,-0.068922,0.0617193,5.48333,2.83818,0.709544,0.709544,0.00361688,0.0455756,0.0563519,0.20206,-0.0780221,0.0734931,0.178492,0.291813,-0.3503
DIA,RSI2<10,RSI2>70,open,1,OOS,0.151888,146,7.79058,0.739726,0.0118559,-0.0165781,0.0044553,0.00753767,0.00413763,0.0166986,0.247783,2.99397,-1.58255,7.05341,-0.0724866,0.0372141,4.90411,6.04357,1.51089,1,0.0150064,0.0457547,0.0665491,0.494226,-0.132222,0.0991525,0.188298,0.521511,-0.485569
DIA,RSI2<10,RSI2>70,open,2,IS,0.131442,60,6.0322,0.65,0.0118669,-0.0150327,0.00245201,0.00661042,0.00171823,0.0180166,0.0953694,0.738728,-0.840349,7.55925,-0.0691082,0.0615069,5.48333,2.56032,0.640079,0.640079,0.0029195,0.0443132,0.0563634,0.180588,-0.0783908,0.0734931,0.178492,0.291813,-0.3503
DIA,RSI2<10,RSI2>70,open,2,OOS,0.151888,146,7.79058,0.739726,0.0116536,-0.0167747,0.00425443,0.00733619,0.00393676,0.0166953,0.235801,2.84919,-1.58255,7.05339,-0.0726721,0.0370067,4.90411,5.81462,1.45366,1,0.0142258,0.0441236,0.0665521,0.470746,-0.133956,0.0991525,0.188298,0.521511,-0.485569
DIA,RSI2<10,RSI2>70,open,5,IS,0.131442,60,6.0322,0.65,0.0112599,-0.0156235,0.00185072,0.00600664,0.00111694,0.018006,0.0620315,0.480494,-0.840378,7.55918,-0.0696665,0.0608702,5.48333,1.69918,0.424795,0.424795,0.00125667,0.0405349,0.0564099,0.11621,-0.0794961,0.0734931,0.178492,0.291813,-0.3503
DIA,RSI2<10,RSI2>70,open,5,OOS,0.151888,146,7.79058,0.732877,0.011155,-0.0169329,0.00365206,0.00673197,0.00333439,0.0166854,0.199839,2.41466,-1.58255,7.05332,-0.0732283,0.0363847,4.90411,5.09139,1.27285,1,0.0118843,0.0392455,0.0665741,0.400251,-0.139136,0.0991525,0.188298,0.521511,-0.485569
DIA,RSI2<10,RSI2>70,open,10,IS,0.131442,60,6.0322,0.65,0.0102492,-0.0166074,0.00084937,0.00500113,0.000115587,0.0179883,0.00642567,0.0497731,-0.840426,7.55906,-0.0705964,0.0598099,5.48333,0.181132,0.045283,0.045283,1.38179e-05,0.0342683,0.056528,0.00918702,-0.0817441,0.0734931,0.178492,0.291813,-0.3503
DIA,RSI2<10,RSI2>70,open,10,OOS,0.151888,146,7.79058,0.712329,0.0104525,-0.0166743,0.0026489,0.00572574,0.00233124,0.0166689,0.139856,1.68989,-1.58255,7.0532,-0.0741546,0.0353488,4.90411,3.75938,0.939845,0.939845,0.0075661,0.0311659,0.0666546,0.282727,-0.147702,0.0991525,0.188298,0.521511,-0.485569
DIA,RSI2<10,RSI2>70,close,0,IS,0.131442,60,6.0322,0.666667,0.0125499,-0.0149973,0.00336748,0.00556095,0.00263336,0.0169043,0.15578,1.20667,-0.69762,3.76884,-0.0477978,0.0432825,5.48333,4.41088,1.10272,1,0.00708493,0.0510971,0.0547518,0.302546,-0.0711819,0.0734931,0.178492,0.291813,-0.3503
DIA,RSI2<10,RSI2>70,close,0,OOS,0.151888,146,7.79058,0.691781,0.0130906,-0.0148928,0.00446558,0.00692197,0.0041481,0.0175386,0.236512,2.85779,-1.27177,6.33615,-0.0670593,0.0416267,4.90411,5.71015,1.42754,1,0.0149375,0.0462163,0.0662086,0.503187,-0.136194,0.0991525,0.188298,0.521511,-0.485569
DIA,RSI2<10,RSI2>70,close,1,IS,0.131442,60,6.0322,0.666667,0.0123474,-0.0151943,0.00316683,0.00535985,0.0024327,0.016901,0.143938,1.11494,-0.697632,3.76884,-0.0479882,0.0430739,5.48333,4.09662,1.02416,1,0.00648067,0.049828,0.0547549,0.28046,-0.0719246,0.0734931,0.178492,0.291813,-0.3503
DIA,RSI2<10,RSI2>70,close,1,OOS,0.151888,146,7.79058,0.684932,0.0130179,-0.014764,0.00426471,0.0067206,0.00394723,0.0175351,0.225104,2.71994,-1.27178,6.33616,-0.0672459,0.0414184,4.90411,5.48567,1.37142,1,0.0141569,0.0445845,0.066211,0.479584,-0.136367,0.0991525,0.188298,0.521511,-0.485569
DIA,RSI2<10,RSI2>70,close,2,IS,0.131442,60,6.0322,0.666667,0.0121449,-0.0153912,0.00296622,0.0051588,0.00223209,0.0168977,0.132094,1.0232,-0.697643,3.76885,-0.0481786,0.0428653,5.48333,3.77873,0.944681,0.944681,0.00559638,0.0485604,0.0547601,0.25837,-0.072719,0.0734931,0.178492,0.291813,-0.3503
DIA,RSI2<10,RSI2>70,close,2,OOS,0.151888,146,7.79058,0.664384,0.0132146,-0.0140507,0.00406387,0.00651928,0.0037464,0.0175316,0.213693,2.58207,-1.27178,6.33616,-0.0674324,0.0412101,4.90411,5.25616,1.31404,1,0.0133763,0.0429552,0.0662157,0.455969,-0.13654,0.0991525,0.188298,0.521511,-0.485569
DIA,RSI2<10,RSI2>70,close,5,IS,0.131442,60,6.0322,0.65,0.0118438,-0.0152396,0.00236462,0.00455589,0.00163049,0.0168878,0.0965484,0.747861,-0.697678,3.76886,-0.0487495,0.0422398,5.48333,2.80352,0.700879,0.700879,0.00302834,0.0447669,0.0547882,0.192092,-0.0752192,0.0734931,0.178492,0.291813,-0.3503
DIA,RSI2<10,RSI2>70,close,5,OOS,0.151888,146,7.79058,0.664384,0.0126068,-0.0146421,0.00346162,0.00591555,0.00314414,0.0175212,0.179448,2.16828,-1.27179,6.33617,-0.0679918,0.0405856,4.90411,4.53678,1.1342,1,0.0110351,0.0380825,0.0662429,0.385083,-0.137897,0.0991525,0.188298,0.521511,-0.485569
DIA,RSI2<10,RSI2>70,close,10,IS,0.131442,60,6.0322,0.65,0.0108324,-0.0162238,0.00136275,0.00355183,0.000628626,0.0168713,0.0372601,0.288615,-0.697736,3.76889,-0.0497003,0.0411981,5.48333,1.10794,0.276986,0.276986,0.000460244,0.0384747,0.054877,0.081763,-0.0793711,0.0734931,0.178492,0.291813,-0.3503
DIA,RSI2<10,RSI2>70,close,10,OOS,0.151888,146,7.79058,0.636986,0.0121126,-0.0144812,0.00245866,0.00491014,0.00214118,0.0175037,0.122327,1.47808,-1.27181,6.33618,-0.0689234,0.0395455,4.90411,3.23286,0.808214,0.808214,0.00595538,0.030012,0.0663322,0.266939,-0.142197,0.0991525,0.188298,0.521511,-0.485569
DIA,down3,C>SMA5,open,0,IS,0.0938873,64,6.43435,0.59375,0.00722214,-0.0138917,-0.00135535,0.00289031,-0.00184677,0.014434,-0.127946,-1.02357,-1.53831,5.42879,-0.0532322,0.0230507,3.67188,5.44133e-05,1.36033e-05,1.36033e-05,-1.22095e-13,0.0215562,0.0491569,-0.249018,-0.0843847,0.0734931,0.178492,0.291813,-0.3503
DIA,down3,C>SMA5,open,0,OOS,0.114128,155,8.27082,0.709677,0.0100908,-0.0147738,0.00287201,0.00531693,0.00266274,0.0168272,0.15824,1.97007,-2.62306,14.2974,-0.0955216,0.0309114,3.47097,3.81154,0.952886,0.952886,0.0094009,0.0350282,0.0557926,0.392845,-0.147085,0.0991525,0.188298,0.521511,-0.485569
DIA,down3,C>SMA5,open,1,IS,0.0938873,64,6.43435,0.59375,0.00702072,-0.0140889,-0.00155506,0.00268976,-0.00204648,0.0144311,-0.14181,-1.13448,-1.53831,5.42881,-0.0534216,0.0228461,3.67188,5.44252e-05,1.36063e-05,1.36063e-05,-1.221e-13,0.0202405,0.0491842,-0.275062,-0.0851169,0.0734931,0.178492,0.291813,-0.3503
DIA,down3,C>SMA5,open,1,OOS,0.114128,155,8.27082,0.709677,0.00988877,-0.0149709,0.00267146,0.00511589,0.00246218,0.0168239,0.146351,1.82205,-2.62306,14.2973,-0.0957025,0.0307052,3.47097,3.58468,0.896169,0.896169,0.00816189,0.0333144,0.0557924,0.363137,-0.147341,0.0991525,0.188298,0.521511,-0.485569
DIA,down3,C>SMA5,open,2,IS,0.0938873,64,6.43435,0.59375,0.00681933,-0.0142861,-0.00175473,0.00248924,-0.00224614,0.0144283,-0.155676,-1.24541,-1.53832,5.42883,-0.0536109,0.0226416,3.67188,0,0,0,0,0.0189266,0.0492139,-0.301059,-0.0858485,0.0734931,0.178492,0.291813,-0.3503
DIA,down3,C>SMA5,open,2,OOS,0.114128,155,8.27082,0.709677,0.00968681,-0.0151679,0.00247094,0.00491489,0.00226167,0.0168205,0.134459,1.674,-2.62306,14.2973,-0.0958833,0.0304991,3.47097,3.34901,0.837252,0.837252,0.00699253,0.0316034,0.0557949,0.333416,-0.147597,0.0991525,0.188298,0.521511,-0.485569
DIA,down3,C>SMA5,open,5,IS,0.0938873,64,6.43435,0.546875,0.00676571,-0.0133594,-0.0023535,0.00188792,-0.00284491,0.0144198,-0.197292,-1.57834,-1.53833,5.42889,-0.0541785,0.0220281,3.67188,0,0,0,0,0.014995,0.0493178,-0.378736,-0.0880398,0.0734931,0.178492,0.291813,-0.3503
DIA,down3,C>SMA5,open,5,OOS,0.114128,155,8.27082,0.677419,0.00953411,-0.0142257,0.00186964,0.00431212,0.00166036,0.0168105,0.0987696,1.22967,-2.62305,14.2972,-0.0964256,0.029881,3.47097,2.58652,0.646631,0.646631,0.00394419,0.0264875,0.0558193,0.244215,-0.15237,0.0991525,0.188298,0.521511,-0.485569
DIA,down3,C>SMA5,open,10,IS,0.0938873,64,6.43435,0.546875,0.00575945,-0.0143456,-0.00335065,0.000886537,-0.00384206,0.0144057,-0.266705,-2.13364,-1.53836,5.42898,-0.0551239,0.0210066,3.67188,0,0,0,0,0.0084759,0.0495397,-0.506919,-0.103973,0.0734931,0.178492,0.291813,-0.3503
DIA,down3,C>SMA5,open,10,OOS,0.114128,155,8.27082,0.606452,0.00957609,-0.0125503,0.000868271,0.00330831,0.000658996,0.0167938,0.0392405,0.48854,-2.62303,14.2969,-0.0973288,0.0288516,3.47097,1.11593,0.278983,0.278983,0.00066933,0.0180172,0.0559151,0.0956862,-0.169984,0.0991525,0.188298,0.521511,-0.485569
DIA,down3,C>SMA5,close,0,IS,0.0938873,64,6.43435,0.5625,0.0109761,-0.0107746,0.00146016,0.00394811,0.000968536,0.0154916,0.0625202,0.500162,-1.28928,5.45106,-0.0533457,0.031964,3.67188,1.96662,0.491655,0.491655,0.00134694,0.0410746,0.0470434,0.140133,-0.0710532,0.0734931,0.178492,0.291813,-0.3503
DIA,down3,C>SMA5,close,0,OOS,0.114128,155,8.27082,0.625806,0.0113072,-0.0126893,0.00232785,0.00488063,0.00211848,0.0180121,0.117614,1.46429,-2.74145,17.1615,-0.115899,0.0374825,3.47097,2.76582,0.691454,0.691454,0.00540374,0.0307014,0.0561659,0.315999,-0.154787,0.0991525,0.188298,0.521511,-0.485569
DIA,down3,C>SMA5,close,1,IS,0.0938873,64,6.43435,0.5625,0.0107739,-0.0109725,0.00125989,0.00374734,0.000768264,0.0154885,0.0496022,0.396818,-1.28929,5.4511,-0.053535,0.0317577,3.67188,1.57422,0.393555,0.393555,0.000854396,0.0397338,0.0470344,0.112729,-0.0717961,0.0734931,0.178492,0.291813,-0.3503
DIA,down3,C>SMA5,close,1,OOS,0.114128,155,8.27082,0.625806,0.0111049,-0.0128867,0.0021274,0.00467968,0.00191803,0.0180085,0.106507,1.326,-2.74145,17.1615,-0.116076,0.037275,3.47097,2.54793,0.636982,0.636982,0.004499,0.0289947,0.0561725,0.286462,-0.155125,0.0991525,0.188298,0.521511,-0.485569
DIA,down3,C>SMA5,close,2,IS,0.0938873,64,6.43435,0.5625,0.0105718,-0.0111702,0.00105966,0.00354661,0.000568032,0.0154854,0.0366817,0.293454,-1.28931,5.45114,-0.0537243,0.0315513,3.67188,1.1745,0.293624,0.293624,0.000470844,0.0383948,0.0470279,0.0853127,-0.0725384,0.0734931,0.178492,0.291813,-0.3503
DIA,down3,C>SMA5,close,2,OOS,0.114128,155,8.27082,0.619355,0.0110167,-0.012863,0.001927,0.00447876,0.00171763,0.0180049,0.0953978,1.18769,-2.74145,17.1614,-0.116253,0.0370676,3.47097,2.32142,0.580354,0.580354,0.00366415,0.0272909,0.0561819,0.256922,-0.155463,0.0991525,0.188298,0.521511,-0.485569
DIA,down3,C>SMA5,close,5,IS,0.0938873,64,6.43435,0.5625,0.00996564,-0.0117634,0.0004592,0.00294467,-3.24236e-05,0.0154762,-0.00209506,-0.0167604,-1.28935,5.45126,-0.0542919,0.0309326,3.67188,0,0,0,0,0.034388,0.0470242,0.00303339,-0.0747616,0.0734931,0.178492,0.291813,-0.3503
DIA,down3,C>SMA5,close,5,OOS,0.114128,155,8.27082,0.606452,0.01064,-0.0130267,0.00132602,0.00387625,0.00111665,0.0179942,0.0620564,0.772596,-2.74145,17.1613,-0.116783,0.0364456,3.47097,1.58825,0.397063,0.397063,0.00162089,0.0221963,0.0562267,0.168331,-0.156476,0.0991525,0.188298,0.521511,-0.485569
DIA,down3,C>SMA5,close,10,IS,0.0938873,64,6.43435,0.53125,0.00950786,-0.0119292,-0.00054076,0.00194222,-0.00103238,0.0154609,-0.0667738,-0.53419,-1.28942,5.45146,-0.0552371,0.0299022,3.67188,5.41736e-05,1.35434e-05,1.35434e-05,-1.38855e-13,0.0277444,0.0470699,-0.133925,-0.0826533,0.0734931,0.178492,0.291813,-0.3503
DIA,down3,C>SMA5,close,10,OOS,0.114128,155,8.27082,0.580645,0.010076,-0.0131759,0.000325194,0.00287288,0.000115827,0.0179763,0.00644333,0.0802188,-2.74144,17.1612,-0.117666,0.0354096,3.47097,0.178786,0.0446964,0.0446964,1.87528e-05,0.0137614,0.056356,0.0210326,-0.158161,0.0991525,0.188298,0.521511,-0.485569
DIA,belowBB,C>SMA5,open,0,IS,0.0307631,20,2.01073,0.5,0.00907662,-0.00812179,0.000477413,0.000350349,-4.28846e-05,0.0125284,-0.00342299,-0.0153081,-1.07852,4.53528,-0.0337164,0.019768,3.85,3.35218e-05,8.38045e-06,8.38045e-06,-1.05287e-14,0.0348791,0.0279384,-0.00356856,-0.0408141,0.0734931,0.178492,0.291813,-0.3503
DIA,belowBB,C>SMA5,open,0,OOS,0.0547306,67,3.57513,0.716418,0.0111464,-0.0175914,0.00299686,0.00703941,0.00274531,0.0170536,0.160981,1.31769,-1.6919,7.39607,-0.0709445,0.0284016,3.85075,4.15146,1.03786,1,0.00438304,0.0234506,0.0494667,0.208898,-0.118279,0.0991525,0.188298,0.521511,-0.485569
DIA,belowBB,C>SMA5,open,1,IS,0.0307631,20,2.01073,0.5,0.00887482,-0.00832015,0.000277338,0.000150298,-0.00024296,0.0125259,-0.0193965,-0.086744,-1.07852,4.53528,-0.0339097,0.019564,3.85,0,0,0,0,0.0344624,0.0279569,-0.017959,-0.0410059,0.0734931,0.178492,0.291813,-0.3503
DIA,belowBB,C>SMA5,open,1,OOS,0.0547306,67,3.57513,0.701493,0.0111813,-0.0169085,0.00279629,0.00683802,0.00254473,0.0170502,0.149249,1.22166,-1.69189,7.39603,-0.0711303,0.0281959,3.85075,3.89141,0.972853,0.972853,0.00392988,0.0227177,0.0494724,0.1944,-0.118455,0.0991525,0.188298,0.521511,-0.485569
DIA,belowBB,C>SMA5,open,2,IS,0.0307631,20,2.01073,0.5,0.00867307,-0.00851847,7.73021e-05,-4.97116e-05,-0.000442996,0.0125235,-0.0353732,-0.158194,-1.07852,4.53528,-0.0341029,0.0193602,3.85,0,0,0,0,0.0340459,0.0279768,-0.0323274,-0.0411977,0.0734931,0.178492,0.291813,-0.3503
DIA,belowBB,C>SMA5,open,2,OOS,0.0547306,67,3.57513,0.701493,0.0109791,-0.0171051,0.00259575,0.00663667,0.00234419,0.0170468,0.137515,1.12561,-1.69188,7.39599,-0.071316,0.0279903,3.85075,3.62492,0.906231,0.906231,0.00336847,0.0219854,0.0494795,0.1799,-0.118662,0.0991525,0.188298,0.521511,-0.485569
DIA,belowBB,C>SMA5,open,5,IS,0.0307631,20,2.01073,0.5,0.00806805,-0.00911318,-0.000522564,-0.000649502,-0.00104286,0.0125161,-0.0833217,-0.372626,-1.07853,4.53529,-0.0346822,0.0187487,3.85,4.74114e-05,1.18528e-05,1.18528e-05,-2.10199e-14,0.0327974,0.028045,-0.07528,-0.0417728,0.0734931,0.178492,0.291813,-0.3503
DIA,belowBB,C>SMA5,open,5,OOS,0.0547306,67,3.57513,0.671642,0.0108497,-0.0161189,0.00199437,0.00603287,0.00174281,0.0170366,0.102298,0.837344,-1.69186,7.39585,-0.0718731,0.0273737,3.85075,2.78589,0.696472,0.696472,0.00191809,0.0197915,0.0495092,0.136413,-0.119454,0.0991525,0.188298,0.521511,-0.485569
DIA,belowBB,C>SMA5,open,10,IS,0.0307631,20,2.01073,0.45,0.00793953,-0.00926242,-0.00152154,-0.00164835,-0.00204184,0.0125038,-0.163298,-0.730291,-1.07853,4.5353,-0.0356471,0.0177305,3.85,4.70566e-05,1.17642e-05,1.17642e-05,-2.06658e-14,0.0307198,0.0281863,-0.146236,-0.0431155,0.0734931,0.178492,0.291813,-0.3503
DIA,belowBB,C>SMA5,open,10,OOS,0.0547306,67,3.57513,0.641791,0.0103108,-0.0157017,0.000992875,0.00502734,0.000741317,0.0170197,0.0435563,0.356524,-1.69183,7.39564,-0.0728007,0.0263468,3.85075,1.251,0.312749,0.312749,0.000364233,0.0161454,0.0495867,0.0640429,-0.120774,0.0991525,0.188298,0.521511,-0.485569
DIA,belowBB,C>SMA5,close,0,IS,0.0307631,20,2.01073,0.75,0.00812008,-0.00691917,0.00436027,0.00415308,0.00383977,0.00995527,0.385703,1.72491,-0.862131,5.2763,-0.0242238,0.0210559,3.85,16.2405,4.06013,1,0.00376184,0.0433067,0.0268403,0.297419,-0.0353131,0.0734931,0.178492,0.291813,-0.3503
DIA,belowBB,C>SMA5,close,0,OOS,0.0547306,67,3.57513,0.597015,0.0153045,-0.0122482,0.00420114,0.00707007,0.00394965,0.0181249,0.217913,1.78369,-0.971912,5.96504,-0.0687686,0.04556,3.85075,5.32858,1.33214,1,0.00646982,0.0279973,0.0478094,0.30717,-0.12799,0.0991525,0.188298,0.521511,-0.485569
DIA,belowBB,C>SMA5,close,1,IS,0.0307631,20,2.01073,0.75,0.00791848,-0.00711776,0.00415942,0.00395227,0.00363892,0.00995332,0.365599,1.63501,-0.862141,5.27632,-0.024419,0.0208517,3.85,15.6021,3.90053,1,0.0035603,0.0428866,0.0268302,0.282509,-0.035506,0.0734931,0.178492,0.291813,-0.3503
DIA,belowBB,C>SMA5,close,1,OOS,0.0547306,67,3.57513,0.597015,0.0151014,-0.0124458,0.00400032,0.00686868,0.00374883,0.0181213,0.206874,1.69334,-0.971907,5.96501,-0.0689549,0.0453509,3.85075,5.10095,1.27524,1,0.00611165,0.0272612,0.0478068,0.2922,-0.128164,0.0991525,0.188298,0.521511,-0.485569
DIA,belowBB,C>SMA5,close,2,IS,0.0307631,20,2.01073,0.75,0.00771692,-0.00731632,0.00395861,0.0037515,0.00343811,0.00995137,0.345491,1.54508,-0.862152,5.27634,-0.024614,0.0206476,3.85,14.9432,3.73581,1,0.00335879,0.0424667,0.0268216,0.267573,-0.0356988,0.0734931,0.178492,0.291813,-0.3503
DIA,belowBB,C>SMA5,close,2,OOS,0.0547306,67,3.57513,0.58209,0.0152814,-0.0121931,0.00379954,0.00666732,0.00354805,0.0181177,0.195833,1.60296,-0.971903,5.96499,-0.0691411,0.0451419,3.85075,4.86852,1.21713,1,0.00575351,0.0265256,0.0478057,0.277221,-0.128338,0.0991525,0.188298,0.521511,-0.485569
DIA,belowBB,C>SMA5,close,5,IS,0.0307631,20,2.01073,0.75,0.00711247,-0.00791175,0.00335641,0.00314943,0.00283592,0.00994551,0.285145,1.27521,-0.862183,5.27641,-0.0251991,0.0200354,3.85,12.8367,3.20918,1,0.00275437,0.041208,0.0268045,0.222643,-0.0362773,0.0734931,0.178492,0.291813,-0.3503
DIA,belowBB,C>SMA5,close,5,OOS,0.0547306,67,3.57513,0.58209,0.0146724,-0.0127856,0.00319744,0.0060635,0.00294595,0.0181069,0.162698,1.33174,-0.971891,5.96491,-0.0696994,0.044515,3.85075,4.14262,1.03565,1,0.00467931,0.024322,0.0478109,0.232246,-0.128861,0.0991525,0.188298,0.521511,-0.485569
DIA,belowBB,C>SMA5,close,10,IS,0.0307631,20,2.01073,0.65,0.00708304,-0.00642977,0.00235356,0.00214678,0.00183306,0.00993575,0.184491,0.82507,-0.862236,5.27652,-0.0261734,0.0190158,3.85,8.85772,2.21443,1,0.00174739,0.0391136,0.0268057,0.147497,-0.0372405,0.0734931,0.178492,0.291813,-0.3503
DIA,belowBB,C>SMA5,close,10,OOS,0.0547306,67,3.57513,0.567164,0.0140361,-0.0133215,0.00219474,0.00505794,0.00194326,0.0180889,0.107428,0.879336,-0.97187,5.96477,-0.0706292,0.043471,3.85075,2.83912,0.709779,0.709779,0.0021723,0.0206597,0.0478487,0.157244,-0.129732,0.0991525,0.188298,0.521511,-0.485569
DIA,RSI2<10,T5,open,0,IS,0.135837,68,6.8365,0.632353,0.0150302,-0.0143433,0.00423115,0.00470661,0.0035307,0.0179013,0.197232,1.62642,-0.32003,2.90171,-0.0387958,0.0467334,5,5.38054,1.34513,1,0.0109781,0.0595153,0.0522832,0.466851,-0.0783751,0.0734931,0.178492,0.291813,-0.3503
DIA,RSI2<10,T5,open,0,OOS,0.175011,165,8.80442,0.6,0.0138,-0.0140037,0.00267851,0.00378424,0.00236702,0.0181809,0.130193,1.67236,-0.92432,6.56286,-0.0919274,0.0422236,5,3.33924,0.834809,0.834809,0.00767842,0.0340246,0.0596656,0.354939,-0.170819,0.0991525,0.188298,0.521511,-0.485569
DIA,RSI2<10,T5,open,1,IS,0.135837,68,6.8365,0.632353,0.0148273,-0.0145404,0.00403033,0.00450569,0.00332988,0.0178977,0.18605,1.53421,-0.320032,2.90172,-0.038988,0.0465241,5,5.08917,1.27229,1,0.0102931,0.0580656,0.0522593,0.440835,-0.0787437,0.0734931,0.178492,0.291813,-0.3503
DIA,RSI2<10,T5,open,1,OOS,0.175011,165,8.80442,0.6,0.0135973,-0.0142009,0.002478,0.0035835,0.00216651,0.0181773,0.119188,1.531,-0.92432,6.56286,-0.092109,0.0420152,5,3.08125,0.770312,0.770312,0.00647936,0.0322021,0.0596453,0.325449,-0.173302,0.0991525,0.188298,0.521511,-0.485569
DIA,RSI2<10,T5,open,2,IS,0.135837,68,6.8365,0.632353,0.0146243,-0.0147375,0.00382954,0.00430481,0.00312909,0.0178941,0.174867,1.44199,-0.320034,2.90172,-0.0391802,0.0463148,5,4.79598,1.199,1,0.00960804,0.0566178,0.0522378,0.414779,-0.0791121,0.0734931,0.178492,0.291813,-0.3503
DIA,RSI2<10,T5,open,2,OOS,0.175011,165,8.80442,0.593939,0.0135313,-0.0141833,0.00227752,0.0033828,0.00196603,0.0181736,0.108181,1.3896,-0.92432,6.56286,-0.0922906,0.0418068,5,2.81818,0.704546,0.704546,0.00537327,0.0303828,0.0596279,0.295929,-0.175779,0.0991525,0.188298,0.521511,-0.485569
DIA,RSI2<10,T5,open,5,IS,0.135837,68,6.8365,0.617647,0.0143522,-0.0147434,0.00322742,0.00370241,0.00252698,0.0178834,0.141303,1.16521,-0.320038,2.90172,-0.0397565,0.0456872,5,3.90563,0.976408,0.976408,0.00740024,0.0522864,0.0521883,0.336402,-0.0802165,0.0734931,0.178492,0.291813,-0.3503
DIA,RSI2<10,T5,open,5,OOS,0.175011,165,8.80442,0.569697,0.013491,-0.0139656,0.00167634,0.00278095,0.00136485,0.0181627,0.0751455,0.965262,-0.92432,6.56286,-0.0928351,0.0411819,5,2.00011,0.500028,0.500028,0.00264107,0.0249441,0.0595919,0.207227,-0.183164,0.0991525,0.188298,0.521511,-0.485569
DIA,RSI2<10,T5,open,10,IS,0.135837,68,6.8365,0.602941,0.0136835,-0.0151757,0.0022247,0.00269921,0.00152425,0.0178656,0.0853176,0.703547,-0.320047,2.90174,-0.0407163,0.044642,5,2.38716,0.596789,0.596789,0.00272528,0.0451069,0.0521553,0.2053,-0.0820542,0.0734931,0.178492,0.291813,-0.3503
DIA,RSI2<10,T5,open,10,OOS,0.175011,165,8.80442,0.533333,0.0133583,-0.0138199,0.00067516,0.00177867,0.000363671,0.0181445,0.020043,0.257457,-0.92432,6.56286,-0.0937418,0.0401413,5,0.550365,0.137591,0.137591,0.000192962,0.0159433,0.0595871,0.0591591,-0.195325,0.0991525,0.188298,0.521511,-0.485569
DIA,RSI2<10,T5,close,0,IS,0.133839,67,6.73596,0.567164,0.0161073,-0.0135105,0.00328763,0.00348354,0.00257899,0.0186496,0.138286,1.13192,-0.26871,3.26023,-0.0479216,0.0482255,5,3.67331,0.918326,0.918326,0.00699759,0.0523061,0.0520515,0.337523,-0.0657001,0.0734931,0.178492,0.291813,-0.3503
DIA,RSI2<10,T5,close,0,OOS,0.167586,158,8.4309,0.588608,0.015169,-0.0142091,0.00308306,0.00559718,0.0027663,0.0183876,0.150444,1.89105,-0.57626,4.0052,-0.0700855,0.0468341,5,3.90634,0.976584,0.976584,0.0100233,0.0366306,0.0612621,0.3883,-0.103049,0.0991525,0.188298,0.521511,-0.485569
DIA,RSI2<10,T5,close,1,IS,0.133839,67,6.73596,0.567164,0.0159041,-0.0137078,0.003087,0.00328286,0.00237835,0.0186459,0.127553,1.04407,-0.268711,3.26023,-0.048112,0.0480159,5,3.39663,0.849158,0.849158,0.0059658,0.0508874,0.0520668,0.311522,-0.0666339,0.0734931,0.178492,0.291813,-0.3503
DIA,RSI2<10,T5,close,1,OOS,0.167586,158,8.4309,0.582278,0.0151288,-0.0141882,0.00288246,0.00539608,0.0025657,0.0183839,0.139562,1.75427,-0.57626,4.0052,-0.0702715,0.0466248,5,3.64063,0.910158,0.910158,0.00865999,0.034881,0.06126,0.360725,-0.104186,0.0991525,0.188298,0.521511,-0.485569
DIA,RSI2<10,T5,close,2,IS,0.133839,67,6.73596,0.567164,0.0157009,-0.0139051,0.0028864,0.00308223,0.00217775,0.0186422,0.116818,0.9562,-0.268713,3.26024,-0.0483023,0.0478063,5,3.1183,0.779575,0.779575,0.00501388,0.0494706,0.0520846,0.285526,-0.0675709,0.0734931,0.178492,0.291813,-0.3503
DIA,RSI2<10,T5,close,2,OOS,0.167586,158,8.4309,0.563291,0.0154336,-0.0137659,0.0026819,0.00519502,0.00236514,0.0183802,0.128679,1.61746,-0.57626,4.0052,-0.0704574,0.0464155,5,3.37197,0.842993,0.842993,0.00739051,0.0331343,0.0612605,0.333137,-0.105797,0.0991525,0.188298,0.521511,-0.485569
DIA,RSI2<10,T5,close,5,IS,0.133839,67,6.73596,0.537313,0.0159476,-0.0135815,0.00228485,0.00248056,0.0015762,0.018631,0.0846008,0.692487,-0.268716,3.26025,-0.0488732,0.0471778,5,2.27383,0.568457,0.568457,0.00264447,0.0452316,0.0521524,0.207601,-0.0708133,0.0734931,0.178492,0.291813,-0.3503
DIA,RSI2<10,T5,close,5,OOS,0.167586,158,8.4309,0.550633,0.0151686,-0.0139571,0.00208047,0.00459209,0.00176372,0.0183692,0.0960147,1.20689,-0.576258,4.00518,-0.071015,0.0457878,5,2.54892,0.63723,0.63723,0.00416036,0.0279118,0.0612774,0.25033,-0.110613,0.0991525,0.188298,0.521511,-0.485569
DIA,RSI2<10,T5,close,10,IS,0.133839,67,6.73596,0.537313,0.0149321,-0.0145675,0.00128306,0.00147858,0.000574415,0.0186124,0.0308619,0.252616,-0.268721,3.26028,-0.0498238,0.0461312,5,0.837898,0.209474,0.209474,0.000354779,0.0382048,0.052314,0.0781565,-0.0777425,0.0734931,0.178492,0.291813,-0.3503
DIA,RSI2<10,T5,close,10,OOS,0.167586,158,8.4309,0.550633,0.0141539,-0.0149427,0.00107889,0.003588,0.000762135,0.0183509,0.0415313,0.522041,-0.576256,4.00516,-0.0719435,0.0447426,5,1.12447,0.281117,0.281117,0.000791432,0.0192663,0.0613569,0.112385,-0.118581,0.0991525,0.188298,0.521511,-0.485569
EFA,RSI2<5,C>SMA5,open,0,IS,0.0414053,19,2.99385,0.684211,0.0122102,-0.0133643,0.00413407,0.00592029,0.00364401,0.0154865,0.235302,1.02566,-0.69166,3.46575,-0.034124,0.0296935,3.47368,7.30782,1.82696,1,0.00510848,0.0375976,0.0416744,0.265522,-0.0803131,0.120938,0.174379,0.588773,-0.312951
EFA,RSI2<5,C>SMA5,open,0,OOS,0.0456088,60,3.20161,0.666667,0.0115738,-0.0125468,0.0035336,0.00464403,0.00331365,0.0172584,0.192002,1.48724,-0.0390617,7.52909,-0.0587333,0.0682972,3.58333,5.3747,1.34367,1,0.00483208,0.0243164,0.0372001,0.286173,-0.119073,0.0463593,0.217426,0.252566,-0.583406
EFA,RSI2<5,C>SMA5,open,1,IS,0.0414053,19,2.99385,0.684211,0.0120078,-0.0135616,0.00393326,0.00571913,0.0034432,0.0154835,0.222379,0.969327,-0.69167,3.46576,-0.0343171,0.0294876,3.47368,6.94589,1.73647,1,0.00480849,0.0369745,0.0416706,0.251119,-0.0805889,0.120938,0.174379,0.588773,-0.312951
EFA,RSI2<5,C>SMA5,open,1,OOS,0.0456088,60,3.20161,0.666667,0.0113715,-0.0127443,0.00333291,0.00444312,0.00311296,0.0172549,0.18041,1.39745,-0.0390605,7.52908,-0.0589215,0.0680836,3.58333,5.07895,1.26974,1,0.00451143,0.0236595,0.0371878,0.269001,-0.120306,0.0463593,0.217426,0.252566,-0.583406
EFA,RSI2<5,C>SMA5,open,2,IS,0.0414053,19,2.99385,0.684211,0.0118054,-0.0137589,0.00373249,0.00551801,0.00324244,0.0154805,0.209453,0.912986,-0.69168,3.46577,-0.0345102,0.0292817,3.47368,6.57928,1.64482,1,0.00450852,0.0363517,0.0416682,0.236708,-0.0808647,0.120938,0.174379,0.588773,-0.312951
EFA,RSI2<5,C>SMA5,open,2,OOS,0.0456088,60,3.20161,0.666667,0.0111693,-0.0129417,0.00313227,0.00424225,0.00291231,0.0172515,0.168815,1.30764,-0.0390592,7.52907,-0.0591097,0.06787,3.58333,4.77833,1.19458,1,0.00419081,0.023003,0.0371773,0.251807,-0.121536,0.0463593,0.217426,0.252566,-0.583406
EFA,RSI2<5,C>SMA5,open,5,IS,0.0414053,19,2.99385,0.684211,0.0111985,-0.0143504,0.00313044,0.00491488,0.00264038,0.0154713,0.170663,0.743901,-0.69171,3.46579,-0.0350894,0.0286643,3.47368,5.45128,1.36282,1,0.00360881,0.0344856,0.0416693,0.193434,-0.0816914,0.120938,0.174379,0.588773,-0.312951
EFA,RSI2<5,C>SMA5,open,5,OOS,0.0456088,60,3.20161,0.65,0.0108407,-0.0129025,0.00253057,0.00363989,0.00231061,0.0172412,0.134017,1.03809,-0.0390554,7.52903,-0.0596741,0.0672295,3.58333,3.84901,0.962251,0.962251,0.00312431,0.0210362,0.0371557,0.200124,-0.125218,0.0463593,0.217426,0.252566,-0.583406
EFA,RSI2<5,C>SMA5,open,10,IS,0.0414053,19,2.99385,0.684211,0.0101878,-0.0153356,0.00212781,0.00391046,0.00163775,0.0154561,0.105961,0.461873,-0.691759,3.46583,-0.0360538,0.0276362,3.47368,3.47732,0.86933,0.86933,0.0018732,0.0313829,0.0416994,0.121268,-0.0830675,0.120938,0.174379,0.588773,-0.312951
EFA,RSI2<5,C>SMA5,open,10,OOS,0.0456088,60,3.20161,0.583333,0.0110172,-0.0117555,0.00152854,0.00263675,0.00130858,0.017224,0.0759743,0.588494,-0.0390492,7.52897,-0.0606139,0.0661628,3.58333,2.2219,0.555476,0.555476,0.00101932,0.0177665,0.0371534,0.113785,-0.13132,0.0463593,0.217426,0.252566,-0.583406
EFA,RSI2<5,C>SMA5,close,0,IS,0.0414053,19,2.99385,0.578947,0.0143405,-0.0103333,0.00395153,0.000322234,0.00346168,0.0163073,0.212279,0.925301,-0.178561,2.71049,-0.0310018,0.0343564,3.47368,6.68338,1.67084,1,0.00480075,0.0374032,0.0411108,0.263993,-0.0677755,0.120938,0.174379,0.588773,-0.312951
EFA,RSI2<5,C>SMA5,close,0,OOS,0.0456088,60,3.20161,0.65,0.0108824,-0.0172809,0.00102521,0.00350979,0.000805209,0.0180108,0.044707,0.346299,-1.16009,5.94692,-0.0695155,0.0401333,3.58333,1.2284,0.307101,0.307101,0.000347469,0.0162691,0.0370352,0.0743293,-0.142031,0.0463593,0.217426,0.252566,-0.583406
EFA,RSI2<5,C>SMA5,close,1,IS,0.0414053,19,2.99385,0.578947,0.0141377,-0.0105312,0.00375076,0.000122189,0.00326091,0.016304,0.200006,0.871808,-0.178568,2.7105,-0.0311956,0.0341495,3.47368,6.31112,1.57778,1,0.00450079,0.0367802,0.0411076,0.249392,-0.0679619,0.120938,0.174379,0.588773,-0.312951
EFA,RSI2<5,C>SMA5,close,1,OOS,0.0456088,60,3.20161,0.65,0.0106802,-0.0174775,0.000825024,0.00330911,0.000605024,0.0180072,0.033599,0.260257,-1.16009,5.94692,-0.0697015,0.0399253,3.58333,0.929777,0.232444,0.232444,0.000197456,0.0156174,0.0370437,0.0569948,-0.143403,0.0463593,0.217426,0.252566,-0.583406
EFA,RSI2<5,C>SMA5,close,2,IS,0.0414053,19,2.99385,0.473684,0.0170492,-0.00859919,0.00355003,-7.7815e-05,0.00306018,0.0163008,0.187732,0.818304,-0.178576,2.71052,-0.0313893,0.0339427,3.47368,5.93676,1.48419,1,0.00420086,0.0361575,0.0411057,0.234781,-0.0681605,0.120938,0.174379,0.588773,-0.312951
EFA,RSI2<5,C>SMA5,close,2,OOS,0.0456088,60,3.20161,0.65,0.0104781,-0.017674,0.000624879,0.00310846,0.000404879,0.0180036,0.0224888,0.174197,-1.16009,5.94691,-0.0698876,0.0397173,3.58333,0.626696,0.156674,0.156674,8.8993e-05,0.014966,0.0370539,0.0396682,-0.144772,0.0463593,0.217426,0.252566,-0.583406
EFA,RSI2<5,C>SMA5,close,5,IS,0.0414053,19,2.99385,0.473684,0.0164391,-0.00919385,0.00294808,-0.000677588,0.00245823,0.0162912,0.150894,0.65773,-0.178597,2.71056,-0.0319703,0.0333226,3.47368,4.80163,1.20041,1,0.00330124,0.0342918,0.0411088,0.190913,-0.0689987,0.120938,0.174379,0.588773,-0.312951
EFA,RSI2<5,C>SMA5,close,5,OOS,0.0456088,60,3.20161,0.65,0.00987199,-0.0182632,2.46845e-05,0.00250678,-0.000195316,0.0179928,-0.0108552,-0.0840839,-1.16008,5.94688,-0.0704455,0.0390937,3.58333,5.78928e-05,1.44732e-05,1.44732e-05,-1.0675e-13,0.0130146,0.0370945,-0.0122398,-0.148868,0.0463593,0.217426,0.252566,-0.583406
EFA,RSI2<5,C>SMA5,close,10,IS,0.0414053,19,2.99385,0.473684,0.0154232,-0.0101842,0.00194563,-0.00167641,0.00145578,0.0162751,0.0894487,0.389898,-0.178633,2.71063,-0.0329379,0.0322898,3.47368,2.8729,0.718225,0.718225,0.00137088,0.0311897,0.0411424,0.117767,-0.0703938,0.120938,0.174379,0.588773,-0.312951
EFA,RSI2<5,C>SMA5,close,10,OOS,0.0456088,60,3.20161,0.6,0.00966379,-0.0169328,-0.000974841,0.00150477,-0.00119484,0.0179749,-0.0664728,-0.514896,-1.16007,5.94683,-0.0713746,0.0380551,3.58333,5.79708e-05,1.44927e-05,1.44927e-05,-1.06824e-13,0.00977064,0.0371957,-0.0983752,-0.15565,0.0463593,0.217426,0.252566,-0.583406
EFA,RSI2<10,C>SMA5,open,0,IS,0.0947302,42,6.61799,0.833333,0.0101333,-0.015907,0.00579328,0.00695174,0.00538415,0.0129539,0.415641,2.69366,-0.792661,3.92291,-0.0285973,0.0274845,3.59524,13.5151,3.37878,1,0.0172492,0.0629412,0.0511423,0.696794,-0.0715935,0.120938,0.174379,0.588773,-0.312951
EFA,RSI2<10,C>SMA5,open,0,OOS,0.0937633,116,6.18977,0.655172,0.0108515,-0.0145376,0.00209662,0.00409456,0.00184947,0.0179604,0.102975,1.10908,-1.62748,9.2396,-0.0875363,0.050108,3.81034,2.63761,0.659402,0.659402,0.0033376,0.0244382,0.0595634,0.198828,-0.147933,0.0463593,0.217426,0.252566,-0.583406
EFA,RSI2<10,C>SMA5,open,1,IS,0.0947302,42,6.61799,0.833333,0.00993133,-0.0161038,0.00559214,0.00675037,0.00518301,0.0129513,0.400192,2.59354,-0.792669,3.92293,-0.0287916,0.0272791,3.59524,13.117,3.27926,1,0.0165855,0.0615306,0.0511137,0.671166,-0.0717792,0.120938,0.174379,0.588773,-0.312951
EFA,RSI2<10,C>SMA5,open,1,OOS,0.0937633,116,6.18977,0.655172,0.0106493,-0.0147347,0.00189622,0.00389377,0.00164907,0.0179568,0.0918356,0.989099,-1.62748,9.23959,-0.0877188,0.049898,3.81034,2.37786,0.594465,0.594465,0.00267973,0.0231684,0.0595785,0.177979,-0.14921,0.0463593,0.217426,0.252566,-0.583406
EFA,RSI2<10,C>SMA5,open,2,IS,0.0947302,42,6.61799,0.785714,0.0103249,-0.0126999,0.00539104,0.00654904,0.00498191,0.0129488,0.384741,2.4934,-0.792677,3.92295,-0.0289858,0.0270736,3.59524,12.7116,3.17789,1,0.0159219,0.0601218,0.0510876,0.645482,-0.0719648,0.120938,0.174379,0.588773,-0.312951
EFA,RSI2<10,C>SMA5,open,2,OOS,0.0937633,116,6.18977,0.655172,0.0104472,-0.0149317,0.00169586,0.00369301,0.00144871,0.0179532,0.0806938,0.869098,-1.62748,9.23958,-0.0879012,0.049688,3.81034,2.1118,0.527949,0.527949,0.00208829,0.0219003,0.0595956,0.157137,-0.150485,0.0463593,0.217426,0.252566,-0.583406
EFA,RSI2<10,C>SMA5,open,5,IS,0.0947302,42,6.61799,0.785714,0.00971892,-0.0132921,0.00478799,0.00594529,0.00437886,0.0129411,0.338368,2.19287,-0.792701,3.923,-0.0295683,0.0264576,3.59524,11.4497,2.86242,1,0.0139314,0.0559068,0.0510239,0.568123,-0.0725215,0.120938,0.174379,0.588773,-0.312951
EFA,RSI2<10,C>SMA5,open,5,OOS,0.0937633,116,6.18977,0.646552,0.00997601,-0.0151507,0.00109503,0.00309097,0.000847876,0.0179425,0.0472551,0.508953,-1.62747,9.23955,-0.0884483,0.0490584,3.81034,1.27573,0.318932,0.318932,0.000735765,0.0181052,0.0596586,0.0946786,-0.154299,0.0463593,0.217426,0.252566,-0.583406
EFA,RSI2<10,C>SMA5,open,10,IS,0.0947302,42,6.61799,0.642857,0.0107463,-0.00874897,0.0037837,0.00493985,0.00337457,0.0129284,0.26102,1.6916,-0.792741,3.9231,-0.0305382,0.0254316,3.59524,9.1872,2.2968,1,0.0106151,0.0489189,0.0509672,0.438397,-0.0734485,0.120938,0.174379,0.588773,-0.312951
EFA,RSI2<10,C>SMA5,open,10,OOS,0.0937633,116,6.18977,0.586207,0.00996829,-0.0138935,9.44309e-05,0.00208838,-0.000152719,0.0179247,-0.00852006,-0.0917639,-1.62747,9.23949,-0.0893594,0.0480099,3.81034,0,0,0,0,0.0118113,0.0598029,-0.00907632,-0.160618,0.0463593,0.217426,0.252566,-0.583406
EFA,RSI2<10,C>SMA5,close,0,IS,0.0947302,42,6.61799,0.595238,0.0117997,-0.00932016,0.00325117,0.00417649,0.00284169,0.0138572,0.20507,1.329,-0.660552,3.54465,-0.0324239,0.0294647,3.59524,7.01916,1.75479,1,0.00877401,0.0459631,0.0516328,0.378798,-0.0703702,0.120938,0.174379,0.588773,-0.312951
EFA,RSI2<10,C>SMA5,close,0,OOS,0.0937633,116,6.18977,0.62069,0.0121059,-0.0137754,0.00228884,0.00323395,0.00204211,0.0189969,0.107497,1.15778,-1.66983,9.19817,-0.0913176,0.0434616,3.81034,2.58754,0.646885,0.646885,0.00361766,0.0259324,0.0599117,0.222363,-0.128109,0.0463593,0.217426,0.252566,-0.583406
EFA,RSI2<10,C>SMA5,close,1,IS,0.0947302,42,6.61799,0.595238,0.0115973,-0.00951827,0.00305054,0.00397567,0.00264106,0.0138544,0.190629,1.23542,-0.66056,3.54467,-0.0326174,0.0292588,3.59524,6.5646,1.64115,1,0.00811116,0.044575,0.0516339,0.353067,-0.0705561,0.120938,0.174379,0.588773,-0.312951
EFA,RSI2<10,C>SMA5,close,1,OOS,0.0937633,116,6.18977,0.603448,0.0122452,-0.0133675,0.0020884,0.00303332,0.00184167,0.0189931,0.096965,1.04435,-1.66983,9.19816,-0.0914994,0.0432529,3.81034,2.35846,0.589616,0.589616,0.00297039,0.0246608,0.0599243,0.201635,-0.129155,0.0463593,0.217426,0.252566,-0.583406
EFA,RSI2<10,C>SMA5,close,2,IS,0.0947302,42,6.61799,0.595238,0.011395,-0.00971635,0.00284995,0.0037749,0.00244047,0.0138517,0.176186,1.14181,-0.660569,3.54469,-0.0328109,0.029053,3.59524,6.10381,1.52595,1,0.00744837,0.0431888,0.0516375,0.327324,-0.070753,0.120938,0.174379,0.588773,-0.312951
EFA,RSI2<10,C>SMA5,close,2,OOS,0.0937633,116,6.18977,0.603448,0.0120427,-0.0135648,0.00188801,0.00283273,0.00164127,0.0189894,0.0864312,0.930892,-1.66983,9.19815,-0.091681,0.0430443,3.81034,2.12401,0.531003,0.531003,0.00238135,0.0233908,0.0599389,0.180911,-0.130199,0.0463593,0.217426,0.252566,-0.583406
EFA,RSI2<10,C>SMA5,close,5,IS,0.0947302,42,6.61799,0.595238,0.0107884,-0.0103103,0.00224842,0.00317281,0.00183894,0.0138435,0.132838,0.860888,-0.660595,3.54476,-0.033391,0.0284357,3.59524,4.6841,1.17103,1,0.00546041,0.039041,0.0516627,0.250063,-0.0715889,0.120938,0.174379,0.588773,-0.312951
EFA,RSI2<10,C>SMA5,close,5,OOS,0.0937633,116,6.18977,0.586207,0.0117778,-0.0135748,0.00128705,0.00223121,0.00104032,0.018978,0.0548171,0.590398,-1.66983,9.19812,-0.0922259,0.0424187,3.81034,1.38834,0.347086,0.347086,0.000983326,0.0195902,0.0599943,0.118791,-0.133325,0.0463593,0.217426,0.252566,-0.583406
EFA,RSI2<10,C>SMA5,close,10,IS,0.0947302,42,6.61799,0.571429,0.0102272,-0.0107273,0.00124668,0.00217014,0.000837189,0.0138298,0.0605352,0.392313,-0.660638,3.54486,-0.0343571,0.0274078,3.59524,2.19528,0.54882,0.54882,0.00133356,0.0321647,0.0517533,0.121407,-0.0729801,0.120938,0.174379,0.588773,-0.312951
EFA,RSI2<10,C>SMA5,close,10,OOS,0.0937633,116,6.18977,0.551724,0.0114853,-0.0134972,0.000286266,0.00122948,3.95326e-05,0.0189591,0.00208515,0.0224577,-1.66982,9.19807,-0.0931332,0.0413768,3.81034,0.0553733,0.0138433,0.0138433,1.4823e-06,0.0132872,0.0601258,0.0155454,-0.138509,0.0463593,0.217426,0.252566,-0.583406
EFA,RSI2<10,RSI2>70,open,0,IS,0.125471,40,6.30285,0.875,0.0117948,-0.019668,0.00786197,0.00940127,0.00728368,0.0136869,0.532164,3.3657,-1.25177,4.90101,-0.031876,0.0261746,5,14.2702,3.56755,1,0.0223342,0.0738765,0.0625574,0.743682,-0.0715935,0.120938,0.174379,0.588773,-0.312951
EFA,RSI2<10,RSI2>70,open,0,OOS,0.121129,112,5.97633,0.678571,0.0124356,-0.0166371,0.00309084,0.00606157,0.0027631,0.0201576,0.137075,1.45066,-1.95079,9.37965,-0.0875363,0.050108,5.09821,2.98327,0.745817,0.745817,0.00547304,0.029415,0.0686486,0.251632,-0.157889,0.0463593,0.217426,0.252566,-0.583406
EFA,RSI2<10,RSI2>70,open,1,IS,0.125471,40,6.30285,0.875,0.0115925,-0.0198641,0.00766042,0.00919941,0.00708213,0.0136842,0.517539,3.27321,-1.25178,4.90102,-0.0320696,0.0259694,5,13.9972,3.4993,1,0.0217014,0.0725192,0.0625427,0.723613,-0.0717792,0.120938,0.174379,0.588773,-0.312951
EFA,RSI2<10,RSI2>70,open,1,OOS,0.121129,112,5.97633,0.678571,0.0122332,-0.0168337,0.00289024,0.00586038,0.0025625,0.0201536,0.127148,1.34561,-1.95079,9.37962,-0.0877188,0.049898,5.09821,2.79654,0.699135,0.699135,0.00475285,0.0281831,0.0686609,0.234158,-0.159236,0.0463593,0.217426,0.252566,-0.583406
EFA,RSI2<10,RSI2>70,open,2,IS,0.125471,40,6.30285,0.85,0.0117257,-0.0167198,0.00745891,0.00899759,0.00688062,0.0136816,0.502912,3.18069,-1.25178,4.90102,-0.0322631,0.0257642,5,13.7194,3.42985,1,0.0210686,0.0711636,0.0625298,0.703515,-0.0719648,0.120938,0.174379,0.588773,-0.312951
EFA,RSI2<10,RSI2>70,open,2,OOS,0.121129,112,5.97633,0.678571,0.0120308,-0.0170303,0.00268969,0.00565923,0.00236194,0.0201496,0.11722,1.24054,-1.95078,9.37959,-0.0879012,0.049688,5.09821,2.60547,0.651369,0.651369,0.00407707,0.0269526,0.068675,0.216686,-0.16058,0.0463593,0.217426,0.252566,-0.583406
EFA,RSI2<10,RSI2>70,open,5,IS,0.125471,40,6.30285,0.85,0.0111189,-0.0173096,0.00685462,0.00839238,0.00627632,0.0136735,0.459013,2.90306,-1.25178,4.90103,-0.0328436,0.025149,5,12.8555,3.21389,1,0.0191708,0.067107,0.0625027,0.643065,-0.0725215,0.120938,0.174379,0.588773,-0.312951
EFA,RSI2<10,RSI2>70,open,5,OOS,0.121129,112,5.97633,0.651786,0.0119079,-0.0162921,0.00208825,0.00505601,0.00176051,0.0201376,0.087424,0.925208,-1.95077,9.3795,-0.0884483,0.0490584,5.09821,2.00529,0.501322,0.501322,0.00233107,0.0232701,0.068727,0.1643,-0.164599,0.0463593,0.217426,0.252566,-0.583406
EFA,RSI2<10,RSI2>70,open,10,IS,0.125471,40,6.30285,0.775,0.0111198,-0.0123093,0.00584826,0.00738449,0.00526997,0.0136601,0.385793,2.43997,-1.25179,4.90104,-0.0338103,0.0241243,5,11.3044,2.8261,1,0.0160091,0.0603802,0.0624961,0.54191,-0.0734485,0.120938,0.174379,0.588773,-0.312951
EFA,RSI2<10,RSI2>70,open,10,OOS,0.121129,112,5.97633,0.633929,0.0112282,-0.0164754,0.00108667,0.00405146,0.000758919,0.0201176,0.0377242,0.399235,-1.95075,9.37936,-0.0893594,0.0480099,5.09821,0.911216,0.227804,0.227804,0.000454023,0.0171618,0.0688466,0.0771654,-0.171256,0.0463593,0.217426,0.252566,-0.583406
EFA,RSI2<10,RSI2>70,close,0,IS,0.125471,40,6.30285,0.75,0.0125514,-0.0105883,0.00676647,0.00730086,0.00618813,0.0135791,0.455709,2.88215,-0.884877,4.25653,-0.0324239,0.0311964,5,13.576,3.39399,1,0.0189036,0.0673291,0.0618132,0.652844,-0.0703702,0.120938,0.174379,0.588773,-0.312951
EFA,RSI2<10,RSI2>70,close,0,OOS,0.121129,112,5.97633,0.732143,0.0123538,-0.02079,0.00347599,0.00693152,0.00314869,0.0213466,0.147504,1.56103,-2.11459,10.1255,-0.0966762,0.0434616,5.09821,2.96586,0.741466,0.741466,0.00621467,0.0320221,0.0684687,0.289034,-0.121535,0.0463593,0.217426,0.252566,-0.583406
EFA,RSI2<10,RSI2>70,close,1,IS,0.125471,40,6.30285,0.75,0.0123489,-0.0107861,0.00656514,0.00709942,0.00598679,0.0135765,0.440968,2.78893,-0.88488,4.25653,-0.0326174,0.0309901,5,13.2453,3.31132,1,0.0182711,0.06598,0.0618079,0.632427,-0.0705561,0.120938,0.174379,0.588773,-0.312951
EFA,RSI2<10,RSI2>70,close,1,OOS,0.121129,112,5.97633,0.723214,0.0123017,-0.0203099,0.00327532,0.00673015,0.00294802,0.0213423,0.13813,1.46183,-2.11459,10.1254,-0.0968569,0.0432529,5.09821,2.80706,0.701765,0.701765,0.00550112,0.030787,0.0684777,0.271518,-0.122413,0.0463593,0.217426,0.252566,-0.583406
EFA,RSI2<10,RSI2>70,close,2,IS,0.125471,40,6.30285,0.75,0.0121464,-0.010984,0.00636384,0.00689802,0.0057855,0.0135738,0.426225,2.69568,-0.884883,4.25654,-0.0328109,0.030784,5,12.9083,3.22708,1,0.0176387,0.0646327,0.0618045,0.61199,-0.070753,0.120938,0.174379,0.588773,-0.312951
EFA,RSI2<10,RSI2>70,close,2,OOS,0.121129,112,5.97633,0.723214,0.0120993,-0.0205058,0.00307468,0.00652882,0.00274738,0.0213381,0.128755,1.36261,-2.11458,10.1254,-0.0970375,0.0430443,5.09821,2.64443,0.661108,0.661108,0.00482448,0.0295535,0.0684883,0.254001,-0.12329,0.0463593,0.217426,0.252566,-0.583406
EFA,RSI2<10,RSI2>70,close,5,IS,0.125471,40,6.30285,0.75,0.0115393,-0.0115772,0.00576021,0.00629407,0.00518186,0.0135658,0.381978,2.41584,-0.884892,4.25655,-0.033391,0.0301657,5,11.8584,2.96461,1,0.0157419,0.0606009,0.061806,0.550574,-0.0715889,0.120938,0.174379,0.588773,-0.312951
EFA,RSI2<10,RSI2>70,close,5,OOS,0.121129,112,5.97633,0.705357,0.0117881,-0.0198267,0.00247302,0.00592509,0.00214572,0.0213254,0.100618,1.06484,-2.11458,10.1253,-0.0975791,0.0424187,5.09821,2.13335,0.533337,0.533337,0.00302963,0.0258616,0.0685301,0.201466,-0.126171,0.0463593,0.217426,0.252566,-0.583406
EFA,RSI2<10,RSI2>70,close,10,IS,0.125471,40,6.30285,0.75,0.0105283,-0.0125651,0.00475495,0.00528828,0.0041766,0.0135526,0.308178,1.94909,-0.884908,4.25657,-0.0343571,0.029136,5,9.9704,2.4926,1,0.0125819,0.0539151,0.0618473,0.447984,-0.0729801,0.120938,0.174379,0.588773,-0.312951
EFA,RSI2<10,RSI2>70,close,10,OOS,0.121129,112,5.97633,0.669643,0.0113829,-0.0186206,0.00147105,0.00491966,0.00114375,0.0213042,0.0536865,0.568165,-2.11456,10.1252,-0.098481,0.0413768,5.09821,1.19982,0.299956,0.299956,0.000903069,0.0197378,0.0686328,0.114031,-0.130964,0.0463593,0.217426,0.252566,-0.583406
EFA,down3,C>SMA5,open,0,IS,0.0846926,45,7.0907,0.911111,0.00958794,-0.0202495,0.00693573,0.0074717,0.0065827,0.0119962,0.548731,3.681,-1.25305,5.73183,-0.0285973,0.0296935,3,16.1231,4.03078,1,0.022799,0.0747725,0.0451013,1.02942,-0.0715935,0.120938,0.174379,0.588773,-0.312951
EFA,down3,C>SMA5,open,0,OOS,0.0946118,126,6.72337,0.65873,0.00985275,-0.0134274,0.00190794,0.00413046,0.00168884,0.0167283,0.100957,1.13324,-2.14277,11.2112,-0.0875363,0.035115,3.53968,2.7152,0.678799,0.678799,0.0034159,0.0243756,0.0507207,0.22271,-0.105134,0.0463593,0.217426,0.252566,-0.583406
EFA,down3,C>SMA5,open,1,IS,0.0846926,45,7.0907,0.911111,0.00938605,-0.0204454,0.00673436,0.00727023,0.00638134,0.0119939,0.532049,3.5691,-1.25307,5.73187,-0.0287916,0.0294876,3,15.7998,3.94995,1,0.0220875,0.0732443,0.045061,0.998701,-0.0717792,0.120938,0.174379,0.588773,-0.312951
EFA,down3,C>SMA5,open,1,OOS,0.0946118,126,6.72337,0.65873,0.00965079,-0.0136247,0.00170758,0.00392965,0.00148848,0.0167249,0.0889976,0.998996,-2.14277,11.2112,-0.0877188,0.034908,3.53968,2.42748,0.60687,0.60687,0.00268755,0.0229966,0.0507226,0.196151,-0.107457,0.0463593,0.217426,0.252566,-0.583406
EFA,down3,C>SMA5,open,2,IS,0.0846926,45,7.0907,0.866667,0.00966018,-0.0137934,0.00653303,0.0070688,0.00618001,0.0119915,0.515365,3.45717,-1.25308,5.7319,-0.0289858,0.0292817,3,15.4694,3.86735,1,0.021376,0.0717184,0.0450236,0.967871,-0.0719648,0.120938,0.174379,0.588773,-0.312951
EFA,down3,C>SMA5,open,2,OOS,0.0946118,126,6.72337,0.650794,0.00956505,-0.0135096,0.00150725,0.00372889,0.00128816,0.0167216,0.0770355,0.864721,-2.14277,11.2112,-0.0879012,0.034701,3.53968,2.1308,0.5327,0.5327,0.00203849,0.0216194,0.050727,0.169587,-0.109775,0.0463593,0.217426,0.252566,-0.583406
EFA,down3,C>SMA5,open,5,IS,0.0846926,45,7.0907,0.844444,0.009304,-0.0123906,0.0059293,0.00646474,0.00557627,0.0119844,0.465292,3.12127,-1.25312,5.732,-0.0295683,0.0286643,3,14.4325,3.60813,1,0.0192421,0.0671535,0.0449293,0.874746,-0.0725215,0.120938,0.174379,0.588773,-0.312951
EFA,down3,C>SMA5,open,5,OOS,0.0946118,126,6.72337,0.626984,0.00930602,-0.0132118,0.000906531,0.00312683,0.000687433,0.0167116,0.041135,0.461739,-2.14276,11.2112,-0.0884483,0.0340804,3.53968,1.18579,0.296447,0.296447,0.000602611,0.0174989,0.0507554,0.0899152,-0.116692,0.0463593,0.217426,0.252566,-0.583406
EFA,down3,C>SMA5,open,10,IS,0.0846926,45,7.0907,0.733333,0.00962005,-0.00799063,0.00492387,0.00545877,0.00457084,0.0119727,0.381773,2.56101,-1.2532,5.73217,-0.0305382,0.0276362,3,12.533,3.13325,1,0.015687,0.0595885,0.0448317,0.717781,-0.0734485,0.120938,0.174379,0.588773,-0.312951
EFA,down3,C>SMA5,open,10,OOS,0.0946118,126,6.72337,0.555556,0.0094465,-0.0120194,-9.38763e-05,0.0021242,-0.000312974,0.016695,-0.0187466,-0.21043,-2.14274,11.2111,-0.0893594,0.0330468,3.53968,0,0,0,0,0.0106684,0.0508529,-0.0425764,-0.1281,0.0463593,0.217426,0.252566,-0.583406
EFA,down3,C>SMA5,close,0,IS,0.0846926,45,7.0907,0.733333,0.00970086,-0.0119588,0.00392496,0.00577317,0.00357183,0.0127404,0.280355,1.88068,-1.00106,4.32926,-0.0324239,0.0259401,3,9.65295,2.41324,1,0.0120865,0.0528657,0.0461335,0.561001,-0.0703702,0.120938,0.174379,0.588773,-0.312951
EFA,down3,C>SMA5,close,0,OOS,0.0946118,126,6.72337,0.595238,0.010321,-0.0137858,0.000563497,0.00226985,0.000344538,0.0180527,0.019085,0.214229,-1.99678,10.1285,-0.0913176,0.0388584,3.53968,0.522625,0.130656,0.130656,0.000132716,0.0154027,0.0527679,0.0494297,-0.120207,0.0463593,0.217426,0.252566,-0.583406
EFA,down3,C>SMA5,close,1,IS,0.0846926,45,7.0907,0.733333,0.00949894,-0.0121564,0.00372419,0.00557204,0.00337106,0.0127378,0.264649,1.77532,-1.00107,4.32929,-0.0326174,0.025735,3,9.19583,2.29896,1,0.0113761,0.0513688,0.046136,0.53011,-0.0705561,0.120938,0.174379,0.588773,-0.312951
EFA,down3,C>SMA5,close,1,OOS,0.0946118,126,6.72337,0.587302,0.0102563,-0.013715,0.000363404,0.00206941,0.000144445,0.0180491,0.00800286,0.0898319,-1.99678,10.1285,-0.0914994,0.0386507,3.53968,0.221679,0.0554198,0.0554198,2.35693e-05,0.0140357,0.052785,0.0239125,-0.122529,0.0463593,0.217426,0.252566,-0.583406
EFA,down3,C>SMA5,close,2,IS,0.0846926,45,7.0907,0.688889,0.00990347,-0.0106037,0.00352347,0.00537094,0.00317034,0.0127353,0.24894,1.66994,-1.00108,4.32933,-0.0328109,0.0255299,3,8.72929,2.18232,1,0.0106657,0.0498739,0.0461413,0.499195,-0.070753,0.120938,0.174379,0.588773,-0.312951
EFA,down3,C>SMA5,close,2,OOS,0.0946118,126,6.72337,0.587302,0.0100543,-0.0139122,0.000163352,0.00186902,-5.56079e-05,0.0180456,-0.00308153,-0.03459,-1.99677,10.1285,-0.091681,0.038443,3.53968,0,0,0,0,0.0126706,0.0528044,-0.00158545,-0.124895,0.0463593,0.217426,0.252566,-0.583406
EFA,down3,C>SMA5,close,5,IS,0.0846926,45,7.0907,0.688889,0.00929771,-0.0111972,0.00292153,0.0047679,0.0025684,0.0127278,0.201795,1.35368,-1.00112,4.32944,-0.033391,0.0249147,3,7.27161,1.8179,1,0.00853503,0.0454021,0.0461748,0.406361,-0.0715889,0.120938,0.174379,0.588773,-0.312951
EFA,down3,C>SMA5,close,5,OOS,0.0946118,126,6.72337,0.563492,0.00986191,-0.013731,-0.000436567,0.00126808,-0.000655526,0.0180348,-0.0363479,-0.408004,-1.99677,10.1284,-0.0922259,0.0378201,3.53968,6.34141e-05,1.58535e-05,1.58535e-05,-2.72627e-13,0.00858626,0.0528771,-0.0779297,-0.131954,0.0463593,0.217426,0.252566,-0.583406
EFA,down3,C>SMA5,close,10,IS,0.0846926,45,7.0907,0.622222,0.00925589,-0.010165,0.00191911,0.00376364,0.00156598,0.0127152,0.123159,0.826173,-1.00118,4.32961,-0.0343571,0.0238903,3,4.64081,1.1602,1,0.00498531,0.0379913,0.0462885,0.25169,-0.0729801,0.120938,0.174379,0.588773,-0.312951
EFA,down3,C>SMA5,close,10,OOS,0.0946118,126,6.72337,0.507937,0.00986319,-0.0130989,-0.00143563,0.000267309,-0.00165459,0.0180168,-0.0918359,-1.03086,-1.99675,10.1284,-0.0931332,0.0367828,3.53968,0,0,0,0,0.00181556,0.0530461,-0.204467,-0.143594,0.0463593,0.217426,0.252566,-0.583406
EFA,belowBB,C>SMA5,open,0,IS,0.0351317,15,2.36357,0.733333,0.014104,-0.00613322,0.00870742,0.0111152,0.00830414,0.0122962,0.675342,2.61559,-0.129633,2.07387,-0.0137591,0.0274845,3.73333,20,4.99999,1,0.00962779,0.0469549,0.0397043,0.502876,-0.0519892,0.120938,0.174379,0.588773,-0.312951
EFA,belowBB,C>SMA5,open,0,OOS,0.0432754,52,2.77473,0.576923,0.013212,-0.0126217,0.00228239,0.00286932,0.00200343,0.0168368,0.118992,0.85806,-0.0919175,2.80925,-0.0342575,0.0393334,3.92308,3.57334,0.893335,0.893335,0.00217425,0.0192549,0.0438257,0.135819,-0.100728,0.0463593,0.217426,0.252566,-0.583406
EFA,belowBB,C>SMA5,open,1,IS,0.0351317,15,2.36357,0.733333,0.0139012,-0.00633197,0.0085057,0.010913,0.00810242,0.0122938,0.659067,2.55255,-0.129632,2.07386,-0.0139563,0.0272791,3.73333,20,4.99999,1,0.00939041,0.0464585,0.0397041,0.490927,-0.0522736,0.120938,0.174379,0.588773,-0.312951
EFA,belowBB,C>SMA5,open,1,OOS,0.0432754,52,2.77473,0.576923,0.0130094,-0.0128191,0.00208195,0.00266877,0.001803,0.0168334,0.107108,0.772368,-0.0919219,2.80924,-0.0344506,0.0391255,3.92308,3.2205,0.805125,0.805125,0.00176338,0.0186884,0.0438264,0.123133,-0.101447,0.0463593,0.217426,0.252566,-0.583406
EFA,belowBB,C>SMA5,open,2,IS,0.0351317,15,2.36357,0.666667,0.0150798,-0.00524764,0.00830402,0.0107108,0.00790074,0.0122913,0.642788,2.48951,-0.129631,2.07386,-0.0141535,0.0270736,3.73333,20,4.99999,1,0.00915305,0.0459623,0.0397051,0.478964,-0.0525579,0.120938,0.174379,0.588773,-0.312951
EFA,belowBB,C>SMA5,open,2,OOS,0.0432754,52,2.77473,0.576923,0.0128068,-0.0130165,0.00188155,0.00246826,0.0016026,0.0168301,0.0952224,0.686658,-0.0919264,2.80924,-0.0346437,0.0389177,3.92308,2.86659,0.716648,0.716648,0.00139503,0.0181222,0.0438283,0.110445,-0.102166,0.0463593,0.217426,0.252566,-0.583406
EFA,belowBB,C>SMA5,open,5,IS,0.0351317,15,2.36357,0.666667,0.014471,-0.00584431,0.00769921,0.0101046,0.00729593,0.0122841,0.593934,2.3003,-0.129628,2.07384,-0.0147448,0.0264576,3.73333,20,4.99999,1,0.0084411,0.0444751,0.0397151,0.443011,-0.0534101,0.120938,0.174379,0.588773,-0.312951
EFA,belowBB,C>SMA5,open,5,OOS,0.0432754,52,2.77473,0.576923,0.0121993,-0.0136086,0.0012806,0.00186696,0.00100165,0.0168201,0.059551,0.429428,-0.0919397,2.80922,-0.0352228,0.0382945,3.92308,1.7987,0.449675,0.449675,0.000546975,0.0164255,0.0438415,0.0723843,-0.104318,0.0463593,0.217426,0.252566,-0.583406
EFA,belowBB,C>SMA5,open,10,IS,0.0351317,15,2.36357,0.666667,0.013457,-0.00683797,0.00669202,0.00909497,0.00628874,0.012272,0.512447,1.9847,-0.129622,2.0738,-0.0157296,0.0254316,3.73333,20,4.99999,1,0.007255,0.0420012,0.0397551,0.382928,-0.0548285,0.120938,0.174379,0.588773,-0.312951
EFA,belowBB,C>SMA5,open,10,OOS,0.0432754,52,2.77473,0.519231,0.0124744,-0.0128904,0.000279824,0.000865589,8.70592e-07,0.0168034,5.18106e-05,0.000373611,-0.0919621,2.80919,-0.0361871,0.0372568,3.92308,0.00157199,0.000392998,0.000392998,4.15336e-10,0.0136039,0.0438883,0.00902245,-0.107893,0.0463593,0.217426,0.252566,-0.583406
EFA,belowBB,C>SMA5,close,0,IS,0.0351317,15,2.36357,0.6,0.0175727,-0.00616911,0.00807598,0.00395827,0.0076728,0.0158478,0.484155,1.87512,0.159633,2.0968,-0.0204479,0.0343564,3.73333,16.7765,4.19414,1,0.00877572,0.0455673,0.0376334,0.493233,-0.0396941,0.120938,0.174379,0.588773,-0.312951
EFA,belowBB,C>SMA5,close,0,OOS,0.0432754,52,2.77473,0.576923,0.013016,-0.0161793,0.00066415,0.00269264,0.000385281,0.0177018,0.0217651,0.156951,-0.291115,2.50478,-0.0386664,0.0395831,3.92308,0.624801,0.1562,0.1562,7.30838e-05,0.014828,0.0442556,0.0365889,-0.100251,0.0463593,0.217426,0.252566,-0.583406
EFA,belowBB,C>SMA5,close,1,IS,0.0351317,15,2.36357,0.6,0.0173692,-0.00636786,0.00787438,0.0037575,0.00747121,0.0158447,0.471528,1.82622,0.159638,2.09679,-0.0206438,0.0341495,3.73333,16.3424,4.08561,1,0.00853843,0.0450715,0.0376373,0.480576,-0.0398862,0.120938,0.174379,0.588773,-0.312951
EFA,belowBB,C>SMA5,close,1,OOS,0.0432754,52,2.77473,0.557692,0.0132563,-0.0156654,0.000464038,0.00249212,0.000185169,0.0176983,0.0104625,0.0754464,-0.291116,2.50478,-0.0388586,0.0393752,3.92308,0.300916,0.075229,0.075229,1.69133e-05,0.0142639,0.0442658,0.0240308,-0.100611,0.0463593,0.217426,0.252566,-0.583406
EFA,belowBB,C>SMA5,close,2,IS,0.0351317,15,2.36357,0.533333,0.0193212,-0.0056396,0.00767283,0.00355677,0.00726965,0.0158415,0.458899,1.77731,0.159643,2.09679,-0.0208396,0.0339427,3.73333,15.9073,3.97683,1,0.00830116,0.0445759,0.0376425,0.467908,-0.0400782,0.120938,0.174379,0.588773,-0.312951
EFA,belowBB,C>SMA5,close,2,OOS,0.0432754,52,2.77473,0.557692,0.0130537,-0.0158622,0.000263965,0.00229164,-1.49042e-05,0.0176947,-0.000842297,-0.00607389,-0.291117,2.50478,-0.0390508,0.0391674,3.92308,6.3422e-05,1.58555e-05,1.58555e-05,-1.07104e-13,0.0137002,0.0442772,0.0114795,-0.100971,0.0463593,0.217426,0.252566,-0.583406
EFA,belowBB,C>SMA5,close,5,IS,0.0351317,15,2.36357,0.533333,0.0187098,-0.00623604,0.0070684,0.00295481,0.00666523,0.015832,0.420996,1.63051,0.159657,2.09678,-0.0214269,0.0333226,3.73333,14.5967,3.64917,1,0.00758951,0.0430907,0.0376653,0.429849,-0.040654,0.120938,0.174379,0.588773,-0.312951
EFA,belowBB,C>SMA5,close,5,OOS,0.0432754,52,2.77473,0.538462,0.0128907,-0.0157671,-0.000336014,0.00169045,-0.000614883,0.0176842,-0.0347702,-0.250732,-0.291119,2.50478,-0.0396272,0.038544,3.92308,6.32091e-05,1.58023e-05,1.58023e-05,-1.06259e-13,0.0120108,0.0443186,-0.0261236,-0.102073,0.0463593,0.217426,0.252566,-0.583406
EFA,belowBB,C>SMA5,close,10,IS,0.0351317,15,2.36357,0.533333,0.0176916,-0.0072293,0.00606184,0.00195236,0.00565866,0.0158163,0.357775,1.38566,0.159681,2.09676,-0.022405,0.0322898,3.73333,12.3986,3.09964,1,0.00640389,0.0406201,0.037728,0.366306,-0.0416128,0.120938,0.174379,0.588773,-0.312951
EFA,belowBB,C>SMA5,close,10,OOS,0.0432754,52,2.77473,0.538462,0.0118783,-0.0167509,-0.00133518,0.000689257,-0.00161405,0.0176666,-0.0913617,-0.658819,-0.291123,2.50477,-0.0405871,0.037506,3.92308,6.28558e-05,1.5714e-05,1.5714e-05,-1.04865e-13,0.00920156,0.0444121,-0.088564,-0.10521,0.0463593,0.217426,0.252566,-0.583406
EFA,RSI2<10,T5,open,0,IS,0.138018,44,6.93313,0.613636,0.0158822,-0.0140178,0.00432991,0.00788291,0.00373438,0.017844,0.209279,1.3882,-0.199632,2.40069,-0.028589,0.0396683,5,5.85635,1.46409,1,0.0118558,0.0529069,0.0574119,0.461393,-0.0737067,0.120938,0.174379,0.588773,-0.312951
EFA,RSI2<10,T5,open,0,OOS,0.12622,119,6.34985,0.529412,0.0153006,-0.0143178,0.00136253,0.00177768,0.00104662,0.0214671,0.0487547,0.531851,-0.910417,8.14234,-0.104793,0.0608732,5,1.11666,0.279164,0.279164,0.000814121,0.0194563,0.0601448,0.116643,-0.168193,0.0463593,0.217426,0.252566,-0.583406
EFA,RSI2<10,T5,open,1,IS,0.138018,44,6.93313,0.590909,0.0162898,-0.0134364,0.00412907,0.00768135,0.00353353,0.0178405,0.198063,1.3138,-0.199632,2.40069,-0.0287832,0.0394604,5,5.55154,1.38788,1,0.011161,0.0514431,0.057381,0.437362,-0.0742623,0.120938,0.174379,0.588773,-0.312951
EFA,RSI2<10,T5,open,1,OOS,0.12622,119,6.34985,0.529412,0.0150976,-0.0145149,0.00116228,0.00157734,0.000846369,0.0214628,0.0394342,0.430177,-0.910418,8.14235,-0.104972,0.0606611,5,0.908152,0.227038,0.227038,0.00053509,0.0181601,0.0601313,0.095498,-0.169689,0.0463593,0.217426,0.252566,-0.583406
EFA,RSI2<10,T5,open,2,IS,0.138018,44,6.93313,0.568182,0.0167308,-0.0129172,0.00392826,0.00747983,0.00333273,0.0178369,0.186844,1.23938,-0.199631,2.40069,-0.0289775,0.0392525,5,5.2456,1.3114,1,0.0104663,0.0499814,0.0573524,0.413292,-0.0748176,0.120938,0.174379,0.588773,-0.312951
EFA,RSI2<10,T5,open,2,OOS,0.12622,119,6.34985,0.529412,0.0148946,-0.014712,0.000962063,0.00137705,0.000646156,0.0214585,0.0301119,0.328482,-0.910419,8.14236,-0.105151,0.060449,5,0.697129,0.174282,0.174282,0.0003134,0.0168655,0.0601198,0.0743433,-0.171183,0.0463593,0.217426,0.252566,-0.583406
EFA,RSI2<10,T5,open,5,IS,0.138018,44,6.93313,0.568182,0.0161209,-0.0135092,0.00332609,0.00687553,0.00273055,0.0178262,0.153176,1.01605,-0.19963,2.4007,-0.0295599,0.0386291,5,4.32103,1.08026,1,0.00838264,0.0456082,0.0572803,0.340873,-0.0764814,0.120938,0.174379,0.588773,-0.312951
EFA,RSI2<10,T5,open,5,OOS,0.12622,119,6.34985,0.529412,0.0142858,-0.015303,0.000361666,0.000776403,4.57592e-05,0.0214457,0.00213373,0.0232762,-0.910422,8.14239,-0.105688,0.0598129,5,0.0501056,0.0125264,0.0125264,1.59263e-06,0.0129916,0.0600974,0.0108421,-0.175646,0.0463593,0.217426,0.252566,-0.583406
EFA,RSI2<10,T5,open,10,IS,0.138018,44,6.93313,0.568182,0.0151053,-0.0144952,0.00232326,0.00586915,0.00172772,0.0178085,0.0970169,0.643537,-0.199629,2.4007,-0.0305299,0.037591,5,2.75798,0.689495,0.689495,0.00361726,0.0383601,0.0572061,0.219646,-0.0792478,0.120938,0.174379,0.588773,-0.312951
EFA,RSI2<10,T5,open,10,OOS,0.12622,119,6.34985,0.487395,0.0144521,-0.0149864,-0.000638197,-0.000223873,-0.000954103,0.0214242,-0.0445338,-0.485806,-0.910428,8.14245,-0.106582,0.0587536,5,4.73856e-05,1.18464e-05,1.18464e-05,-2.02793e-13,0.00656795,0.0601001,-0.0949907,-0.183032,0.0463593,0.217426,0.252566,-0.583406
EFA,RSI2<10,T5,close,0,IS,0.134881,43,6.77556,0.651163,0.0152395,-0.0160544,0.00432304,0.00763879,0.00371762,0.0193276,0.192347,1.26131,-0.556164,3.91966,-0.0526705,0.0462397,5,4.76582,1.19145,1,0.0113417,0.0519933,0.0610096,0.423484,-0.0781591,0.120938,0.174379,0.588773,-0.312951
EFA,RSI2<10,T5,close,0,OOS,0.123038,116,6.18977,0.586207,0.0171163,-0.0175403,0.00277563,0.00500454,0.00245509,0.0241557,0.101636,1.09465,-0.888951,6.74223,-0.108613,0.0656794,5,2.00923,0.502309,0.502309,0.00336086,0.0278443,0.0628002,0.244798,-0.169655,0.0463593,0.217426,0.252566,-0.583406
EFA,RSI2<10,T5,close,1,IS,0.134881,43,6.77556,0.651163,0.0150365,-0.0162512,0.00412219,0.00743728,0.00351677,0.0193238,0.181992,1.1934,-0.556164,3.91966,-0.0528599,0.0460305,5,4.52898,1.13225,1,0.0106627,0.0505639,0.0609997,0.401249,-0.0785278,0.120938,0.174379,0.588773,-0.312951
EFA,RSI2<10,T5,close,1,OOS,0.123038,116,6.18977,0.577586,0.0171664,-0.0173763,0.0025751,0.00480356,0.00225455,0.0241509,0.0933528,1.00544,-0.88895,6.74224,-0.108792,0.0654662,5,1.85536,0.46384,0.46384,0.00284831,0.0265703,0.0627893,0.225075,-0.170319,0.0463593,0.217426,0.252566,-0.583406
EFA,RSI2<10,T5,close,2,IS,0.134881,43,6.77556,0.651163,0.0148335,-0.0164479,0.00392139,0.00723581,0.00331597,0.0193199,0.171635,1.12549,-0.556164,3.91967,-0.0530493,0.0458213,5,4.28968,1.07242,1,0.00998385,0.0491366,0.0609919,0.378996,-0.0789073,0.120938,0.174379,0.588773,-0.312951
EFA,RSI2<10,T5,close,2,OOS,0.123038,116,6.18977,0.577586,0.016963,-0.0175728,0.0023746,0.00460262,0.00205406,0.024146,0.0850681,0.916211,-0.88895,6.74225,-0.10897,0.0652532,5,1.69956,0.42489,0.42489,0.00237573,0.0252979,0.0627803,0.205341,-0.170982,0.0463593,0.217426,0.252566,-0.583406
EFA,RSI2<10,T5,close,5,IS,0.134881,43,6.77556,0.651163,0.0142248,-0.0170379,0.00331922,0.00663165,0.0027138,0.0193083,0.140551,0.921652,-0.556164,3.91969,-0.0536173,0.045194,5,3.55721,0.889302,0.889302,0.00719114,0.0448661,0.0609812,0.312152,-0.0802878,0.120938,0.174379,0.588773,-0.312951
EFA,RSI2<10,T5,close,5,OOS,0.123038,116,6.18977,0.560345,0.0168709,-0.0174686,0.00177336,0.00400004,0.00145281,0.0241316,0.0602038,0.648415,-0.888947,6.74228,-0.109504,0.0646142,5,1.22091,0.305227,0.305227,0.0012051,0.0214902,0.0627646,0.146092,-0.17297,0.0463593,0.217426,0.252566,-0.583406
EFA,RSI2<10,T5,close,10,IS,0.134881,43,6.77556,0.627907,0.0137374,-0.0169566,0.0023164,0.00562552,0.00171098,0.0192891,0.088702,0.581658,-0.556164,3.91972,-0.0545633,0.0441493,5,2.28955,0.572388,0.572388,0.0029123,0.0377872,0.0610055,0.200603,-0.0825838,0.120938,0.174379,0.588773,-0.312951
EFA,RSI2<10,T5,close,10,OOS,0.123038,116,6.18977,0.534483,0.0166516,-0.01746,0.000772083,0.00299654,0.00045154,0.0241075,0.0187303,0.201731,-0.888944,6.74234,-0.110394,0.0635501,5,0.38848,0.09712,0.09712,0.000118878,0.0151754,0.062776,0.0472906,-0.176271,0.0463593,0.217426,0.252566,-0.583406
