inst,signal,filt,H,period,n,per_yr,win,avg_win,avg_loss,mean_net,median_net,mean_ex,sd_ex,sr_trade,t,skew,kurt,worst,best,sessions,kelly_full,f_qk,f_used,dg_yr,u_mean,u_sd,u_sr
^N225,own1d<=-3%,all,5,IS (<2008),103,2.39607,0.61165,0.0321665,-0.0301419,0.00796908,0.00813793,0.00702391,0.0411934,0.170511,1.73049,0.0465035,3.86435,-0.114782,0.127937,5,2.06948,0.517371,0.517371,0.00381263,0.00032608,0.0259542,0.0125637
^N225,own1d<=-3%,all,5,OOS (2008-),81,4.32406,0.604938,0.0342113,-0.0441606,0.0032496,0.00918249,0.00301093,0.0524835,0.0573692,0.516323,-0.743703,5.27035,-0.191246,0.150608,5,0.54056,0.13514,0.13514,0.000771872,0.00188857,0.0321032,0.058828
^N225,own1d<=-3%,all,20,IS (<2008),78,1.8145,0.564103,0.045782,-0.0473432,0.00518894,0.00815838,0.00145522,0.0575121,0.0253028,0.223468,-0.442818,2.91889,-0.153099,0.124305,20,0.221566,0.0553916,0.0553916,6.4032e-05,0.00125507,0.0522578,0.024017
^N225,own1d<=-3%,all,20,OOS (2008-),51,2.72256,0.45098,0.0542866,-0.0466063,-0.00110556,-0.00237785,-0.00199559,0.0707221,-0.0282173,-0.201512,-0.825831,5.55308,-0.260827,0.137164,20,0,0,0,0,0.00765004,0.060537,0.12637
^N225,own1d<=-3%,all,60,IS (<2008),50,1.16314,0.56,0.0850951,-0.0821988,0.0114858,0.0182236,0.000268979,0.0999127,0.00269214,0.0190363,-0.0507844,2.23311,-0.17894,0.229821,60,0.0137476,0.0034369,0.0034369,4.70429e-07,0.00412785,0.0937661,0.0440229
^N225,own1d<=-3%,all,60,OOS (2008-),31,1.65489,0.451613,0.0952069,-0.0676702,0.00588719,-0.0169344,0.00315217,0.104354,0.0302066,0.168183,0.0542725,3.58326,-0.271523,0.259712,60,0.149625,0.0374062,0.0374062,8.53632e-05,0.0237195,0.103509,0.229155
^N225,own1d<=-3%,above200,5,IS (<2008),23,0.535046,0.565217,0.0287594,-0.032101,0.00229838,0.00787492,0.00142819,0.0401967,0.0355301,0.170396,-0.921054,4.42568,-0.114782,0.0731675,5,0.454208,0.113552,0.113552,3.80383e-05,0.00032608,0.0259542,0.0125637
^N225,own1d<=-3%,above200,5,OOS (2008-),26,1.38797,0.538462,0.0271367,-0.0251973,0.00298254,0.00628202,0.00264027,0.0349432,0.0755588,0.385276,-0.130417,2.81531,-0.0600734,0.078132,5,1.11753,0.279383,0.279383,0.000448209,0.00188857,0.0321032,0.058828
^N225,own1d<=-3%,above200,20,IS (<2008),20,0.465257,0.55,0.0474531,-0.0516124,0.00287362,0.00983892,-0.000683347,0.0629846,-0.0108494,-0.0485201,-0.855885,3.38374,-0.153099,0.083814,20,0,0,0,0,0.00125507,0.0522578,0.024017
^N225,own1d<=-3%,above200,20,OOS (2008-),20,1.06767,0.35,0.025645,-0.0458899,-0.0208527,-0.0142296,-0.0221636,0.050874,-0.435656,-1.94831,-1.19671,4.60732,-0.168564,0.042726,20,0,0,0,0,0.00765004,0.060537,0.12637
^N225,own1d<=-3%,above200,60,IS (<2008),17,0.395468,0.764706,0.0768667,-0.0759843,0.0409017,0.0562524,0.0295302,0.0823059,0.358785,1.47931,-0.334778,2.43025,-0.102786,0.183454,60,2.1685,0.542125,0.542125,0.00278394,0.00412785,0.0937661,0.0440229
^N225,own1d<=-3%,above200,60,OOS (2008-),15,0.800753,0.4,0.115519,-0.0621933,0.00889169,-0.0193579,0.00564021,0.108325,0.0520676,0.201657,1.04165,2.97914,-0.117823,0.259712,60,0.264942,0.0662355,0.0662355,0.000130421,0.0237195,0.103509,0.229155
^N225,own1d<=-3%,below200,5,IS (<2008),84,1.95408,0.607143,0.0328453,-0.0273418,0.00920032,0.00792054,0.00823439,0.0407059,0.20229,1.85402,0.307849,3.71268,-0.0932115,0.127937,5,2.55136,0.637839,0.637839,0.00448013,0.00032608,0.0259542,0.0125637
^N225,own1d<=-3%,below200,5,OOS (2008-),56,2.98948,0.625,0.0370412,-0.0566085,0.00192256,0.0131172,0.00173412,0.0597455,0.0290252,0.217204,-0.701944,4.44326,-0.191246,0.150608,5,0.244719,0.0611798,0.0611798,0.000138932,0.00188857,0.0321032,0.058828
^N225,own1d<=-3%,below200,20,IS (<2008),62,1.4423,0.564516,0.045551,-0.0498322,0.00401314,0.00602888,0.00021391,0.058347,0.00366617,0.0288675,-0.307871,2.51004,-0.121675,0.124305,20,0.0318983,0.00797457,0.00797457,1.07654e-06,0.00125507,0.0522578,0.024017
^N225,own1d<=-3%,below200,20,OOS (2008-),36,1.92181,0.611111,0.0703919,-0.0566788,0.0209755,0.0212473,0.0201746,0.0856171,0.235638,1.41383,-0.654913,5.0945,-0.260827,0.228531,20,1.26784,0.31696,0.31696,0.00544189,0.00765004,0.060537,0.12637
^N225,own1d<=-3%,below200,60,IS (<2008),39,0.907251,0.487179,0.0840538,-0.0808728,-0.000523943,-0.0110308,-0.0118184,0.100158,-0.117998,-0.736895,0.0942769,2.35063,-0.17894,0.229821,60,6.31425e-05,1.57856e-05,1.57856e-05,-1.10488e-12,0.00412785,0.0937661,0.0440229
^N225,own1d<=-3%,below200,60,OOS (2008-),23,1.22782,0.521739,0.0905035,-0.0604123,0.0183264,0.00277718,0.0157943,0.099861,0.158162,0.75852,-0.771435,4.31798,-0.271523,0.208441,60,0.771043,0.192761,0.192761,0.00164844,0.0237195,0.103509,0.229155
^N225,own1d<=-4%,all,5,IS (<2008),48,1.11662,0.625,0.0345283,-0.027885,0.0111233,0.0170949,0.01009,0.0402012,0.250988,1.73889,-0.0833281,4.83589,-0.114782,0.127937,5,3.01783,0.754457,0.754457,0.00374103,0.00032608,0.0259542,0.0125637
^N225,own1d<=-4%,all,5,OOS (2008-),36,1.92181,0.611111,0.0409474,-0.0650518,-0.000274487,0.00810172,-0.000546985,0.0667432,-0.00819537,-0.0491722,-0.555647,3.92099,-0.191246,0.150608,5,4.00778e-05,1.00194e-05,1.00194e-05,-4.17779e-13,0.00188857,0.0321032,0.058828
^N225,own1d<=-4%,all,20,IS (<2008),38,0.883988,0.578947,0.0627012,-0.0478838,0.0161391,0.00935154,0.0120937,0.0734794,0.164586,1.01458,0.652751,3.7658,-0.11219,0.235324,20,1.20514,0.301284,0.301284,0.00140066,0.00125507,0.0522578,0.024017
^N225,own1d<=-4%,all,20,OOS (2008-),25,1.33459,0.64,0.0748114,-0.0822201,0.0182801,0.0369366,0.0171893,0.0975197,0.176265,0.881325,-0.651384,4.25005,-0.260827,0.228531,20,0.87738,0.219345,0.219345,0.00221865,0.00765004,0.060537,0.12637
^N225,own1d<=-4%,all,60,IS (<2008),31,0.721148,0.548387,0.0707052,-0.0518654,0.0153507,0.00841971,0.00342783,0.0766936,0.0446951,0.248852,0.135943,2.56411,-0.139682,0.183454,60,0.301956,0.0754889,0.0754889,8.16097e-05,0.00412785,0.0937661,0.0440229
^N225,own1d<=-4%,all,60,OOS (2008-),17,0.90752,0.705882,0.112858,-0.0930864,0.0522864,0.0890403,0.048874,0.117419,0.416235,1.71618,-1.16201,4.33071,-0.271523,0.208441,59.9412,1.46471,0.366178,0.366178,0.0072811,0.0237195,0.103509,0.229155
^N225,own1d<=-4%,above200,5,IS (<2008),13,0.302417,0.461538,0.0255701,-0.030306,-0.00451702,-0.00113108,-0.00540158,0.0413825,-0.130528,-0.470625,-1.36527,4.97593,-0.114782,0.0479294,5,4.4908e-05,1.1227e-05,1.1227e-05,-3.01284e-14,0.00032608,0.0259542,0.0125637
^N225,own1d<=-4%,above200,5,OOS (2008-),8,0.427068,0.5,0.0152219,-0.0345078,-0.00964292,-0.00322388,-0.0100726,0.0344478,-0.292401,-0.827036,-0.314588,2.2189,-0.0593307,0.0418071,5,0,0,0,0,0.00188857,0.0321032,0.058828
^N225,own1d<=-4%,above200,20,IS (<2008),12,0.279154,0.416667,0.0432918,-0.0415533,-0.00620115,-0.015092,-0.0096666,0.0542792,-0.17809,-0.616922,-0.0672329,2.71251,-0.11219,0.083814,20,0,0,0,0,0.00125507,0.0522578,0.024017
^N225,own1d<=-4%,above200,20,OOS (2008-),6,0.320301,0.5,0.0282746,-0.0708166,-0.021271,0.000683743,-0.0230649,0.0629071,-0.36665,-0.898105,-0.485435,1.48535,-0.103148,0.0369366,20,0,0,0,0,0.00765004,0.060537,0.12637
^N225,own1d<=-4%,above200,60,IS (<2008),11,0.255891,0.636364,0.0816115,-0.053624,0.032435,0.0190084,0.0211645,0.0876181,0.241553,0.801142,0.26894,2.13152,-0.0971956,0.183454,60,1.56748,0.391871,0.391871,0.000923604,0.00412785,0.0937661,0.0440229
^N225,own1d<=-4%,above200,60,OOS (2008-),5,0.266918,0.6,0.0871946,-0.0525211,0.0313083,0.0226778,0.0248923,0.103577,0.240326,0.537384,0.984202,2.57674,-0.0594063,0.204667,59.8,1.68174,0.420436,0.420436,0.00119744,0.0237195,0.103509,0.229155
^N225,own1d<=-4%,below200,5,IS (<2008),36,0.837463,0.666667,0.0367678,-0.0248407,0.0162316,0.0191093,0.0151476,0.0384487,0.393968,2.36381,0.545593,3.90912,-0.0581457,0.127937,5,5.568,1.392,1,0.0057326,0.00032608,0.0259542,0.0125637
^N225,own1d<=-4%,below200,5,OOS (2008-),28,1.49474,0.642857,0.0466642,-0.0772694,0.00240221,0.0223971,0.00217461,0.0737044,0.0295045,0.156123,-0.618981,3.49556,-0.191246,0.150608,5,0.205594,0.0513985,0.0513985,7.3175e-05,0.00188857,0.0321032,0.058828
^N225,own1d<=-4%,below200,20,IS (<2008),28,0.65136,0.642857,0.0668179,-0.0504811,0.0249254,0.0215499,0.0206263,0.0775433,0.265997,1.40753,0.610679,3.49399,-0.10669,0.235324,20,1.89954,0.474885,0.474885,0.00276584,0.00125507,0.0522578,0.024017
^N225,own1d<=-4%,below200,20,OOS (2008-),20,1.06767,0.7,0.0805231,-0.0879218,0.0299896,0.0625733,0.0289852,0.101562,0.285394,1.27632,-0.919654,4.75938,-0.260827,0.228531,20,1.26321,0.315803,0.315803,0.00434729,0.00765004,0.060537,0.12637
^N225,own1d<=-4%,below200,60,IS (<2008),23,0.535046,0.521739,0.0625482,-0.0536921,0.00695501,0.00755728,-0.00550396,0.0699308,-0.0787058,-0.37746,-0.253491,2.26944,-0.139682,0.117882,60,3.48067e-05,8.70168e-06,8.70168e-06,-9.47543e-14,0.00412785,0.0937661,0.0440229
^N225,own1d<=-4%,below200,60,OOS (2008-),14,0.747369,0.785714,0.109736,-0.12013,0.060479,0.0924908,0.0575664,0.116545,0.493941,1.84816,-1.7429,5.74695,-0.271523,0.208441,60,1.55855,0.389637,0.389637,0.00759599,0.0237195,0.103509,0.229155
^N225,own1d<=-5%,all,5,IS (<2008),22,0.511783,0.727273,0.0328898,-0.0411009,0.0127105,0.0245777,0.0117025,0.0419344,0.279067,1.30894,-1.43862,5.21496,-0.114782,0.0739329,5,2.84664,0.711659,0.711659,0.00190444,0.00032608,0.0259542,0.0125637
^N225,own1d<=-5%,all,5,OOS (2008-),18,0.960903,0.666667,0.054235,-0.061021,0.0158163,0.0295909,0.0155893,0.0686395,0.227119,0.963583,-0.39165,3.23737,-0.14459,0.150608,5,1.65323,0.413307,0.413307,0.00272475,0.00188857,0.0321032,0.058828
^N225,own1d<=-5%,all,20,IS (<2008),21,0.48852,0.52381,0.0574282,-0.0492238,0.00664152,0.000965206,0.00256089,0.0662131,0.0386764,0.177238,0.28733,2.46591,-0.11219,0.152497,20,0.308372,0.0770931,0.0770931,4.21663e-05,0.00125507,0.0522578,0.024017
^N225,own1d<=-5%,all,20,OOS (2008-),13,0.693986,0.769231,0.0905612,-0.0438801,0.0595363,0.0659081,0.0583519,0.0794233,0.734695,2.64898,0.106413,3.2762,-0.0955038,0.228531,20,4.55751,1.13938,1,0.0180433,0.00765004,0.060537,0.12637
^N225,own1d<=-5%,all,60,IS (<2008),20,0.465257,0.6,0.0649656,-0.0571665,0.0161128,0.0144784,0.00398862,0.075727,0.0526711,0.235552,0.244059,2.47703,-0.0971956,0.183454,60,0.368394,0.0920985,0.0920985,7.47129e-05,0.00412785,0.0937661,0.0440229
^N225,own1d<=-5%,all,60,OOS (2008-),12,0.640602,0.833333,0.127354,-0.0707619,0.0943347,0.0946965,0.0907289,0.0925584,0.980234,3.39563,-0.585665,2.44814,-0.0821175,0.208441,60,4.60117,1.15029,1,0.0260205,0.0237195,0.103509,0.229155
^N225,own1d<=-5%,above200,5,IS (<2008),7,0.16284,0.571429,0.0338256,-0.0512096,-0.00261803,0.0206406,-0.00351809,0.0570662,-0.0616493,-0.163109,-1.18218,3.12042,-0.114782,0.0479294,5,4.6708e-05,1.1677e-05,1.1677e-05,-3.09888e-14,0.00032608,0.0259542,0.0125637
^N225,own1d<=-5%,above200,5,OOS (2008-),3,0.160151,0.333333,0.0418071,-0.0346877,-0.00918945,-0.0110911,-0.00943443,0.0500873,-0.18836,-0.326248,0.0868396,,-0.0582844,0.0418071,5,5.44862e-05,1.36215e-05,1.36215e-05,-2.48494e-14,0.00188857,0.0321032,0.058828
^N225,own1d<=-5%,above200,20,IS (<2008),7,0.16284,0.285714,0.0619732,-0.0521378,-0.0195346,-0.0321751,-0.0231793,0.0638373,-0.3631,-0.960672,0.316986,2.40801,-0.11219,0.083814,20,0,0,0,0,0.00125507,0.0522578,0.024017
^N225,own1d<=-5%,above200,20,OOS (2008-),2,0.106767,0.5,0.0369366,-0.0955038,-0.0292836,-0.0292836,-0.0307383,0.0916454,-0.335405,-0.474334,,,-0.0955038,0.0369366,20,0,0,0,0,0.00765004,0.060537,0.12637
^N225,own1d<=-5%,above200,60,IS (<2008),7,0.16284,0.571429,0.0853508,-0.074752,0.0167353,0.0190084,0.00564614,0.102021,0.0553431,0.146424,0.381736,2.01344,-0.0971956,0.183454,60,0.320132,0.0800331,0.0800331,3.21459e-05,0.00412785,0.0937661,0.0440229
^N225,own1d<=-5%,above200,60,OOS (2008-),2,0.106767,0.5,0.204667,-0.0594063,0.0726303,0.0726303,0.0682786,0.180723,0.377807,0.534299,,,-0.0594063,0.204667,60,0,0,0,0,0.0237195,0.103509,0.229155
^N225,own1d<=-5%,below200,5,IS (<2008),16,0.372206,0.75,0.0325778,-0.0253191,0.0181036,0.0237966,0.0170534,0.032401,0.526322,2.10529,-0.614772,3.56198,-0.0581457,0.0739329,5,7.05666,1.76417,1,0.00297753,0.00032608,0.0259542,0.0125637
^N225,own1d<=-5%,below200,5,OOS (2008-),15,0.800753,0.733333,0.0553648,-0.0741877,0.0208175,0.029734,0.0205941,0.0721218,0.285546,1.10591,-0.548261,3.30283,-0.14459,0.150608,5,1.92832,0.482079,0.482079,0.0035115,0.00188857,0.0321032,0.058828
^N225,own1d<=-5%,below200,20,IS (<2008),15,0.348943,0.666667,0.0547518,-0.0463098,0.0210646,0.0103309,0.0168071,0.0636245,0.264161,1.02309,0.215169,2.48898,-0.082215,0.152497,20,2.27514,0.568785,0.568785,0.00145342,0.00125507,0.0522578,0.024017
^N225,own1d<=-5%,below200,20,OOS (2008-),11,0.587219,0.818182,0.0965195,-0.0180682,0.0756854,0.0690731,0.0745502,0.0696688,1.07006,3.549,0.579452,3.19643,-0.0268394,0.228531,20,9.98384,2.49596,1,0.0203088,0.00765004,0.060537,0.12637
^N225,own1d<=-5%,below200,60,IS (<2008),14,0.32568,0.642857,0.053826,-0.0466152,0.0179541,0.0144784,0.00541558,0.0604199,0.0896323,0.335374,-0.27911,2.09751,-0.0941832,0.109479,60,0.788536,0.197134,0.197134,0.000152323,0.00412785,0.0937661,0.0440229
^N225,own1d<=-5%,below200,60,OOS (2008-),10,0.533835,0.9,0.118764,-0.0821175,0.0986755,0.0946965,0.0952189,0.081899,1.16264,3.67659,-0.742524,3.38723,-0.0821175,0.208441,60,5.16114,1.29029,1,0.0232918,0.0237195,0.103509,0.229155
^N225,ownDD<=-10%|first,all,5,IS (<2008),12,0.279154,0.75,0.0188503,-0.042034,0.00362921,0.0127012,0.00231261,0.0309063,0.0748265,0.259207,-0.607565,2.90693,-0.0581457,0.055597,5,1.28905,0.322263,0.322263,9.12696e-05,0.00032608,0.0259542,0.0125637
^N225,ownDD<=-10%|first,all,5,OOS (2008-),3,0.160151,0,,-0.0393462,-0.0393462,-0.0476168,-0.0401745,0.0252249,-1.59265,-2.75855,0.546766,,-0.0593307,-0.0110911,5,0,0,0,0,0.00188857,0.0321032,0.058828
^N225,ownDD<=-10%|first,all,20,IS (<2008),12,0.279154,0.333333,0.0357181,-0.0228503,-0.00332753,-0.0116385,-0.00861684,0.0389736,-0.221094,-0.765893,1.32823,4.93852,-0.0543381,0.0970887,20,0,0,0,0,0.00125507,0.0522578,0.024017
^N225,ownDD<=-10%|first,all,20,OOS (2008-),3,0.160151,0.666667,0.0238405,-0.0146614,0.0110066,0.0107445,0.00771779,0.0258608,0.298436,0.516907,0.0710365,,-0.0146614,0.0369366,20,8.91996,2.22999,1,0.000581411,0.00765004,0.060537,0.12637
^N225,ownDD<=-10%|first,all,60,IS (<2008),12,0.279154,0.5,0.0683633,-0.0369525,0.0157054,0.0029056,-2.86863e-05,0.0647422,-0.000443085,-0.00153489,0.676618,2.33139,-0.0578967,0.144007,60,6.43814e-05,1.60954e-05,1.60954e-05,-1.38932e-13,0.00412785,0.0937661,0.0440229
^N225,ownDD<=-10%|first,all,60,OOS (2008-),3,0.160151,1,0.0724268,,0.0724268,0.0116216,0.06354,0.114811,0.553434,0.958575,0.705073,,0.000991732,0.204667,54.6667,5.58938,1.39734,1,0.00437228,0.0237195,0.103509,0.229155
^N225,ownDD<=-10%|first,above200,5,IS (<2008),6,0.139577,0.833333,0.0193401,-0.0414954,0.00920082,0.00929359,0.0080079,0.0309742,0.258534,0.633277,-0.202273,2.90121,-0.0414954,0.055597,5,4.80002,1.2,1,0.000502118,0.00032608,0.0259542,0.0125637
^N225,ownDD<=-10%|first,above200,5,OOS (2008-),3,0.160151,0,,-0.0393462,-0.0393462,-0.0476168,-0.0401745,0.0252249,-1.59265,-2.75855,0.546766,,-0.0593307,-0.0110911,5,0,0,0,0,0.00188857,0.0321032,0.058828
^N225,ownDD<=-10%|first,above200,20,IS (<2008),6,0.139577,0.666667,0.0357181,-0.0202772,0.017053,0.0127392,0.0121987,0.0431478,0.282719,0.692517,1.10691,3.17258,-0.0272676,0.0970887,20,4.72518,1.18129,1,0.000744622,0.00125507,0.0522578,0.024017
^N225,ownDD<=-10%|first,above200,20,OOS (2008-),3,0.160151,0.666667,0.0238405,-0.0146614,0.0110066,0.0107445,0.00771779,0.0258608,0.298436,0.516907,0.0710365,,-0.0146614,0.0369366,20,8.91996,2.22999,1,0.000581411,0.00765004,0.060537,0.12637
^N225,ownDD<=-10%|first,above200,60,IS (<2008),6,0.139577,0.666667,0.0905593,-0.0294965,0.0505407,0.0631959,0.0354181,0.0722142,0.490459,1.20137,-0.22557,1.92991,-0.057247,0.144007,60,3.88728,0.971821,0.971821,0.00210116,0.00412785,0.0937661,0.0440229
^N225,ownDD<=-10%|first,above200,60,OOS (2008-),3,0.160151,1,0.0724268,,0.0724268,0.0116216,0.06354,0.114811,0.553434,0.958575,0.705073,,0.000991732,0.204667,54.6667,5.58938,1.39734,1,0.00437228,0.0237195,0.103509,0.229155
^N225,ownDD<=-10%|first,below200,5,IS (<2008),6,0.139577,0.666667,0.018238,-0.0423032,-0.0019424,0.0151398,-0.00338268,0.0326219,-0.103694,-0.253997,-0.962495,2.2858,-0.0581457,0.0235322,5,0,0,0,0,0.00032608,0.0259542,0.0125637
^N225,ownDD<=-10%|first,below200,5,OOS (2008-),0,0,,,,,,,,,,,,,,,,,,,0.00188857,0.0321032,0.058828
^N225,ownDD<=-10%|first,below200,20,IS (<2008),6,0.139577,0,,-0.023708,-0.023708,-0.0139523,-0.0294324,0.0209776,-1.40304,-3.43672,-0.51362,1.61876,-0.0543381,-0.00269018,20,0,0,0,0,0.00125507,0.0522578,0.024017
^N225,ownDD<=-10%|first,below200,20,OOS (2008-),0,0,,,,,,,,,,,,,,,,,,,0.00765004,0.060537,0.12637
^N225,ownDD<=-10%|first,below200,60,IS (<2008),6,0.139577,0.333333,0.0239712,-0.0406805,-0.0191299,-0.0295776,-0.0354755,0.0314798,-1.12693,-2.76041,0.531143,1.75008,-0.0578967,0.0403852,60,4.0347e-05,1.00867e-05,1.00867e-05,-5.86364e-15,0.00412785,0.0937661,0.0440229
^N225,ownDD<=-10%|first,below200,60,OOS (2008-),0,0,,,,,,,,,,,,,,,,,,,0.0237195,0.103509,0.229155
^N225,ownDD<=-15%|first,all,5,IS (<2008),8,0.186103,0.375,0.02432,-0.0370268,-0.0140217,-0.00594292,-0.0151187,0.0409119,-0.369543,-1.04523,-0.315015,1.93862,-0.0784684,0.0420448,5,0,0,0,0,0.00032608,0.0259542,0.0125637
^N225,ownDD<=-15%|first,all,5,OOS (2008-),2,0.106767,1,0.0552616,,0.0552616,0.0552616,0.0543874,0.00776185,7.00702,9.90942,,,0.0499069,0.0606163,5,0,0,0,0,0.00188857,0.0321032,0.058828
^N225,ownDD<=-15%|first,all,20,IS (<2008),8,0.186103,0.5,0.0371955,-0.0446841,-0.00374431,-0.00772396,-0.00816147,0.0524796,-0.155517,-0.439869,-0.144612,2.01292,-0.0852661,0.0713644,20,0,0,0,0,0.00125507,0.0522578,0.024017
^N225,ownDD<=-15%|first,all,20,OOS (2008-),2,0.106767,1,0.0698109,,0.0698109,0.0698109,0.0663403,0.00422489,15.7023,22.2064,,,0.0673421,0.0722797,20,0,0,0,0,0.00765004,0.060537,0.12637
^N225,ownDD<=-15%|first,all,60,IS (<2008),8,0.186103,0.75,0.0688341,-0.0237953,0.0456768,0.0269036,0.032216,0.0777805,0.414192,1.17151,1.03239,3.3691,-0.0456703,0.205962,60,3.82377,0.955943,0.955943,0.00242469,0.00412785,0.0937661,0.0440229
^N225,ownDD<=-15%|first,all,60,OOS (2008-),2,0.106767,1,0.0900371,,0.0900371,0.0900371,0.0816187,0.0220343,3.70417,5.23848,,,0.0716119,0.108462,48.5,0,0,0,0,0.0237195,0.103509,0.229155
^N225,ownDD<=-15%|first,above200,5,IS (<2008),0,0,,,,,,,,,,,,,,,,,,,0.00032608,0.0259542,0.0125637
^N225,ownDD<=-15%|first,above200,5,OOS (2008-),1,0.0533835,1,0.0606163,,0.0606163,0.0606163,0.0598759,,,,,,0.0606163,0.0606163,5,0,0,0,0,0.00188857,0.0321032,0.058828
^N225,ownDD<=-15%|first,above200,20,IS (<2008),0,0,,,,,,,,,,,,,,,,,,,0.00125507,0.0522578,0.024017
^N225,ownDD<=-15%|first,above200,20,OOS (2008-),1,0.0533835,1,0.0722797,,0.0722797,0.0722797,0.0693277,,,,,,0.0722797,0.0722797,20,0,0,0,0,0.00765004,0.060537,0.12637
^N225,ownDD<=-15%|first,above200,60,IS (<2008),0,0,,,,,,,,,,,,,,,,,,,0.00412785,0.0937661,0.0440229
^N225,ownDD<=-15%|first,above200,60,OOS (2008-),1,0.0533835,1,0.0716119,,0.0716119,0.0716119,0.0660381,,,,,,0.0716119,0.0716119,37,0,0,0,0,0.0237195,0.103509,0.229155
^N225,ownDD<=-15%|first,below200,5,IS (<2008),8,0.186103,0.375,0.02432,-0.0370268,-0.0140217,-0.00594292,-0.0151187,0.0409119,-0.369543,-1.04523,-0.315015,1.93862,-0.0784684,0.0420448,5,0,0,0,0,0.00032608,0.0259542,0.0125637
^N225,ownDD<=-15%|first,below200,5,OOS (2008-),1,0.0533835,1,0.0499069,,0.0499069,0.0499069,0.048899,,,,,,0.0499069,0.0499069,5,0,0,0,0,0.00188857,0.0321032,0.058828
^N225,ownDD<=-15%|first,below200,20,IS (<2008),8,0.186103,0.5,0.0371955,-0.0446841,-0.00374431,-0.00772396,-0.00816147,0.0524796,-0.155517,-0.439869,-0.144612,2.01292,-0.0852661,0.0713644,20,0,0,0,0,0.00125507,0.0522578,0.024017
^N225,ownDD<=-15%|first,below200,20,OOS (2008-),1,0.0533835,1,0.0673421,,0.0673421,0.0673421,0.0633528,,,,,,0.0673421,0.0673421,20,0,0,0,0,0.00765004,0.060537,0.12637
^N225,ownDD<=-15%|first,below200,60,IS (<2008),8,0.186103,0.75,0.0688341,-0.0237953,0.0456768,0.0269036,0.032216,0.0777805,0.414192,1.17151,1.03239,3.3691,-0.0456703,0.205962,60,3.82377,0.955943,0.955943,0.00242469,0.00412785,0.0937661,0.0440229
^N225,ownDD<=-15%|first,below200,60,OOS (2008-),1,0.0533835,1,0.108462,,0.108462,0.108462,0.0971993,,,,,,0.108462,0.108462,60,0,0,0,0,0.0237195,0.103509,0.229155
^N225,ownDD<=-20%|first,all,5,IS (<2008),7,0.16284,0.571429,0.0420113,-0.0308479,0.0107859,0.0174087,0.00961463,0.0438978,0.219023,0.57948,-0.370529,1.77969,-0.0568887,0.0610056,5,2.80202,0.700505,0.700505,0.000481393,0.00032608,0.0259542,0.0125637
^N225,ownDD<=-20%|first,all,5,OOS (2008-),1,0.0533835,1,0.0499069,,0.0499069,0.0499069,0.048899,,,,,,0.0499069,0.0499069,5,0,0,0,0,0.00188857,0.0321032,0.058828
^N225,ownDD<=-20%|first,all,20,IS (<2008),7,0.16284,0.857143,0.0497619,-0.00297821,0.0422276,0.0347379,0.0375461,0.0418122,0.897971,2.37581,0.1959,1.33806,-0.00297821,0.0917425,20,16.7744,4.1936,1,0.00291158,0.00125507,0.0522578,0.024017
^N225,ownDD<=-20%|first,all,20,OOS (2008-),1,0.0533835,1,0.0673421,,0.0673421,0.0673421,0.0633528,,,,,,0.0673421,0.0673421,20,0,0,0,0,0.00765004,0.060537,0.12637
^N225,ownDD<=-20%|first,all,60,IS (<2008),7,0.16284,1,0.0900646,,0.0900646,0.0725461,0.0761451,0.0477889,1.59336,4.21564,0.525834,2.06694,0.0358892,0.165706,60,20,4.99999,1,0.00593866,0.00412785,0.0937661,0.0440229
^N225,ownDD<=-20%|first,all,60,OOS (2008-),1,0.0533835,1,0.108462,,0.108462,0.108462,0.0971993,,,,,,0.108462,0.108462,60,0,0,0,0,0.0237195,0.103509,0.229155
^N225,ownDD<=-20%|first,above200,5,IS (<2008),0,0,,,,,,,,,,,,,,,,,,,0.00032608,0.0259542,0.0125637
^N225,ownDD<=-20%|first,above200,5,OOS (2008-),0,0,,,,,,,,,,,,,,,,,,,0.00188857,0.0321032,0.058828
^N225,ownDD<=-20%|first,above200,20,IS (<2008),0,0,,,,,,,,,,,,,,,,,,,0.00125507,0.0522578,0.024017
^N225,ownDD<=-20%|first,above200,20,OOS (2008-),0,0,,,,,,,,,,,,,,,,,,,0.00765004,0.060537,0.12637
^N225,ownDD<=-20%|first,above200,60,IS (<2008),0,0,,,,,,,,,,,,,,,,,,,0.00412785,0.0937661,0.0440229
^N225,ownDD<=-20%|first,above200,60,OOS (2008-),0,0,,,,,,,,,,,,,,,,,,,0.0237195,0.103509,0.229155
^N225,ownDD<=-20%|first,below200,5,IS (<2008),7,0.16284,0.571429,0.0420113,-0.0308479,0.0107859,0.0174087,0.00961463,0.0438978,0.219023,0.57948,-0.370529,1.77969,-0.0568887,0.0610056,5,2.80202,0.700505,0.700505,0.000481393,0.00032608,0.0259542,0.0125637
^N225,ownDD<=-20%|first,below200,5,OOS (2008-),1,0.0533835,1,0.0499069,,0.0499069,0.0499069,0.048899,,,,,,0.0499069,0.0499069,5,0,0,0,0,0.00188857,0.0321032,0.058828
^N225,ownDD<=-20%|first,below200,20,IS (<2008),7,0.16284,0.857143,0.0497619,-0.00297821,0.0422276,0.0347379,0.0375461,0.0418122,0.897971,2.37581,0.1959,1.33806,-0.00297821,0.0917425,20,16.7744,4.1936,1,0.00291158,0.00125507,0.0522578,0.024017
^N225,ownDD<=-20%|first,below200,20,OOS (2008-),1,0.0533835,1,0.0673421,,0.0673421,0.0673421,0.0633528,,,,,,0.0673421,0.0673421,20,0,0,0,0,0.00765004,0.060537,0.12637
^N225,ownDD<=-20%|first,below200,60,IS (<2008),7,0.16284,1,0.0900646,,0.0900646,0.0725461,0.0761451,0.0477889,1.59336,4.21564,0.525834,2.06694,0.0358892,0.165706,60,20,4.99999,1,0.00593866,0.00412785,0.0937661,0.0440229
^N225,ownDD<=-20%|first,below200,60,OOS (2008-),1,0.0533835,1,0.108462,,0.108462,0.108462,0.0971993,,,,,,0.108462,0.108462,60,0,0,0,0,0.0237195,0.103509,0.229155
^FTSE,own1d<=-3%,all,5,IS (<2008),35,1.45867,0.628571,0.0347485,-0.0326386,0.009719,0.0143523,0.00897504,0.040702,0.220506,1.30453,0.124097,2.66732,-0.0701814,0.104833,5,2.80651,0.701628,0.701628,0.00401205,0.000796609,0.0225997,0.0352487
^FTSE,own1d<=-3%,all,5,OOS (2008-),41,2.18776,0.707317,0.0311697,-0.0554346,0.00582213,0.0136073,0.00569304,0.0521405,0.109187,0.699136,-0.200302,4.36612,-0.137425,0.152172,5,1.0544,0.2636,0.2636,0.00143922,0.000554792,0.0236926,0.0234163
^FTSE,own1d<=-3%,all,20,IS (<2008),25,1.0419,0.68,0.053561,-0.0445263,0.022173,0.0248113,0.0189603,0.0598504,0.316795,1.58397,-0.21167,2.54847,-0.0963371,0.143686,20,2.63796,0.659489,0.659489,0.00571863,0.0029543,0.0449494,0.0657249
^FTSE,own1d<=-3%,all,20,OOS (2008-),28,1.49408,0.678571,0.0585515,-0.0507147,0.0234302,0.0242988,0.0227864,0.0726557,0.313622,1.65953,-1.53608,6.33991,-0.22476,0.120557,20,1.73761,0.434404,0.434404,0.00664106,0.00231902,0.0432338,0.053639
^FTSE,own1d<=-3%,all,60,IS (<2008),18,0.750171,0.722222,0.0758639,-0.0744765,0.0341026,0.0410768,0.0237336,0.0921007,0.257692,1.09329,-1.44287,5.0565,-0.226066,0.148786,60,1.22928,0.30732,0.30732,0.00244109,0.00843254,0.0746515,0.112959
^FTSE,own1d<=-3%,all,60,OOS (2008-),19,1.01384,0.736842,0.0618435,-0.0695316,0.0272711,0.0284312,0.0247413,0.0768142,0.322093,1.40397,-0.639022,3.20562,-0.146852,0.144374,60,1.96916,0.492289,0.492289,0.00546499,0.00680677,0.066836,0.101843
^FTSE,own1d<=-3%,above200,5,IS (<2008),7,0.291733,0.714286,0.0265202,-0.0140903,0.0149172,0.022639,0.0138413,0.0242562,0.570629,1.50974,-0.526032,2.25019,-0.0267072,0.0445578,5,11.9334,2.98336,1,0.00193887,0.000796609,0.0225997,0.0352487
^FTSE,own1d<=-3%,above200,5,OOS (2008-),2,0.10672,1,0.0148959,,0.0148959,0.0148959,0.0148846,0.00182255,8.16689,11.5497,,,0.0136073,0.0161844,5,0,0,0,0,0.000554792,0.0236926,0.0234163
^FTSE,own1d<=-3%,above200,20,IS (<2008),7,0.291733,0.857143,0.019157,-0.0366284,0.0111877,0.0103808,0.00682287,0.0263728,0.258708,0.684478,-0.499706,2.85636,-0.0366284,0.0475958,20,5.30079,1.3252,1,0.00090639,0.0029543,0.0449494,0.0657249
^FTSE,own1d<=-3%,above200,20,OOS (2008-),2,0.10672,1,0.0391011,,0.0391011,0.0391011,0.0390562,0.0050222,7.77672,10.9979,,,0.0355463,0.0426559,20,0,0,0,0,0.00231902,0.0432338,0.053639
^FTSE,own1d<=-3%,above200,60,IS (<2008),7,0.291733,0.714286,0.0652584,-0.115097,0.0137283,0.0389383,0.000653685,0.115055,0.00568148,0.0150318,-1.44954,3.95314,-0.226066,0.113426,60,0.028679,0.00716976,0.00716976,5.98498e-07,0.00843254,0.0746515,0.112959
^FTSE,own1d<=-3%,above200,60,OOS (2008-),2,0.10672,1,0.0150705,,0.0150705,0.0150705,0.014783,0.00361776,4.08623,5.7788,,,0.0126296,0.0175114,60,0,0,0,0,0.00680677,0.066836,0.101843
^FTSE,own1d<=-3%,below200,5,IS (<2008),28,1.16693,0.607143,0.0371686,-0.036011,0.00841945,0.0115358,0.00775847,0.0441331,0.175797,0.93023,0.202604,2.4285,-0.0701814,0.104833,5,2.09734,0.524334,0.524334,0.00207182,0.000796609,0.0225997,0.0352487
^FTSE,own1d<=-3%,below200,5,OOS (2008-),39,2.08104,0.692308,0.0323752,-0.0554346,0.00535681,0.0128993,0.00522168,0.0534505,0.097692,0.610087,-0.169329,4.16041,-0.137425,0.152172,5,0.925508,0.231377,0.231377,0.00110162,0.000554792,0.0236926,0.0234163
^FTSE,own1d<=-3%,below200,20,IS (<2008),18,0.750171,0.611111,0.0723268,-0.0456546,0.0264451,0.0354791,0.0236804,0.0687554,0.344415,1.46123,-0.370888,2.13723,-0.0963371,0.143686,20,2.49517,0.623792,0.623792,0.00487039,0.0029543,0.0449494,0.0657249
^FTSE,own1d<=-3%,below200,20,OOS (2008-),26,1.38736,0.653846,0.0608398,-0.0507147,0.0222247,0.0212137,0.0215349,0.0753481,0.285805,1.45733,-1.43965,5.83705,-0.22476,0.120557,20,1.58741,0.396853,0.396853,0.00530622,0.00231902,0.0432338,0.053639
^FTSE,own1d<=-3%,below200,60,IS (<2008),12,0.500114,0.666667,0.0807615,-0.0374052,0.0413726,0.0407255,0.0325853,0.074147,0.439469,1.52237,-0.620837,3.089,-0.127014,0.148786,60,2.75296,0.68824,0.68824,0.00497903,0.00843254,0.0746515,0.112959
^FTSE,own1d<=-3%,below200,60,OOS (2008-),17,0.907122,0.705882,0.069639,-0.0695316,0.0287065,0.0314775,0.0259129,0.0813836,0.318404,1.31281,-0.650701,2.91817,-0.146852,0.144374,60,1.86045,0.465112,0.465112,0.00483496,0.00680677,0.066836,0.101843
^FTSE,own1d<=-4%,all,5,IS (<2008),12,0.500114,0.666667,0.0458404,-0.0345867,0.0190313,0.0263664,0.0184131,0.0446541,0.41235,1.42842,-0.239855,1.87541,-0.0551748,0.078877,5,4.8383,1.20958,1,0.00413069,0.000796609,0.0225997,0.0352487
^FTSE,own1d<=-4%,all,5,OOS (2008-),17,0.907122,0.588235,0.059735,-0.0535146,0.0131028,0.0111657,0.0129845,0.0735499,0.17654,0.727894,0.0858547,2.47241,-0.112512,0.152172,5,1.28029,0.320073,0.320073,0.0016476,0.000554792,0.0236926,0.0234163
^FTSE,own1d<=-4%,all,20,IS (<2008),9,0.375086,0.888889,0.0589017,-0.0794623,0.0435279,0.0544539,0.0409887,0.0544982,0.752111,2.25633,-1.37243,4.08307,-0.0794623,0.0896495,20,5.11002,1.27751,1,0.00710937,0.0029543,0.0449494,0.0657249
^FTSE,own1d<=-4%,all,20,OOS (2008-),10,0.533601,0.6,0.0675053,-0.081514,0.00789761,0.0285663,0.00727983,0.0951769,0.0764874,0.241874,-0.943451,3.26827,-0.199903,0.116761,20,0.429868,0.107467,0.107467,0.00018343,0.00231902,0.0432338,0.053639
^FTSE,own1d<=-4%,all,60,IS (<2008),7,0.291733,0.714286,0.103299,-0.0566241,0.0576068,0.0440891,0.0504258,0.0994204,0.507197,1.34192,-0.212772,2.18098,-0.105816,0.189037,60,2.79467,0.698668,0.698668,0.00450387,0.00843254,0.0746515,0.112959
^FTSE,own1d<=-4%,all,60,OOS (2008-),7,0.373521,0.714286,0.079066,-0.083523,0.032612,0.040822,0.0303524,0.0902818,0.336197,0.889493,-0.768028,2.57696,-0.132739,0.144374,60,1.91281,0.478203,0.478203,0.00240028,0.00680677,0.066836,0.101843
^FTSE,own1d<=-4%,above200,5,IS (<2008),0,0,,,,,,,,,,,,,,,,,,,0.000796609,0.0225997,0.0352487
^FTSE,own1d<=-4%,above200,5,OOS (2008-),0,0,,,,,,,,,,,,,,,,,,,0.000554792,0.0236926,0.0234163
^FTSE,own1d<=-4%,above200,20,IS (<2008),0,0,,,,,,,,,,,,,,,,,,,0.0029543,0.0449494,0.0657249
^FTSE,own1d<=-4%,above200,20,OOS (2008-),0,0,,,,,,,,,,,,,,,,,,,0.00231902,0.0432338,0.053639
^FTSE,own1d<=-4%,above200,60,IS (<2008),0,0,,,,,,,,,,,,,,,,,,,0.00843254,0.0746515,0.112959
^FTSE,own1d<=-4%,above200,60,OOS (2008-),0,0,,,,,,,,,,,,,,,,,,,0.00680677,0.066836,0.101843
^FTSE,own1d<=-4%,below200,5,IS (<2008),12,0.500114,0.666667,0.0458404,-0.0345867,0.0190313,0.0263664,0.0184131,0.0446541,0.41235,1.42842,-0.239855,1.87541,-0.0551748,0.078877,5,4.8383,1.20958,1,0.00413069,0.000796609,0.0225997,0.0352487
^FTSE,own1d<=-4%,below200,5,OOS (2008-),17,0.907122,0.588235,0.059735,-0.0535146,0.0131028,0.0111657,0.0129845,0.0735499,0.17654,0.727894,0.0858547,2.47241,-0.112512,0.152172,5,1.28029,0.320073,0.320073,0.0016476,0.000554792,0.0236926,0.0234163
^FTSE,own1d<=-4%,below200,20,IS (<2008),9,0.375086,0.888889,0.0589017,-0.0794623,0.0435279,0.0544539,0.0409887,0.0544982,0.752111,2.25633,-1.37243,4.08307,-0.0794623,0.0896495,20,5.11002,1.27751,1,0.00710937,0.0029543,0.0449494,0.0657249
^FTSE,own1d<=-4%,below200,20,OOS (2008-),10,0.533601,0.6,0.0675053,-0.081514,0.00789761,0.0285663,0.00727983,0.0951769,0.0764874,0.241874,-0.943451,3.26827,-0.199903,0.116761,20,0.429868,0.107467,0.107467,0.00018343,0.00231902,0.0432338,0.053639
^FTSE,own1d<=-4%,below200,60,IS (<2008),7,0.291733,0.714286,0.103299,-0.0566241,0.0576068,0.0440891,0.0504258,0.0994204,0.507197,1.34192,-0.212772,2.18098,-0.105816,0.189037,60,2.79467,0.698668,0.698668,0.00450387,0.00843254,0.0746515,0.112959
^FTSE,own1d<=-4%,below200,60,OOS (2008-),7,0.373521,0.714286,0.079066,-0.083523,0.032612,0.040822,0.0303524,0.0902818,0.336197,0.889493,-0.768028,2.57696,-0.132739,0.144374,60,1.91281,0.478203,0.478203,0.00240028,0.00680677,0.066836,0.101843
^FTSE,own1d<=-5%,all,5,IS (<2008),3,0.125029,0,,-0.0435689,-0.0435689,-0.0417106,-0.0441973,0.0111181,-3.97525,-6.88533,-0.342397,,-0.0551748,-0.0338214,5,0,0,0,0,0.000796609,0.0225997,0.0352487
^FTSE,own1d<=-5%,all,5,OOS (2008-),10,0.533601,0.5,0.0594335,-0.0712459,-0.00590621,-0.0144258,-0.00601839,0.0823687,-0.0730665,-0.231057,0.435991,2.41995,-0.112512,0.152172,5,5.40835e-05,1.35209e-05,1.35209e-05,-2.97826e-13,0.000554792,0.0236926,0.0234163
^FTSE,own1d<=-5%,all,20,IS (<2008),3,0.125029,0.666667,0.0577512,-0.0794623,0.0120134,0.0544539,0.00950436,0.080931,0.117438,0.203408,-0.700964,,-0.0794623,0.0610484,20,1.04118,0.260294,0.260294,0.000135959,0.0029543,0.0449494,0.0657249
^FTSE,own1d<=-5%,all,20,OOS (2008-),5,0.266801,0.4,0.0776167,-0.105664,-0.0323514,-0.0438579,-0.0328731,0.119399,-0.27532,-0.615635,-0.180001,2.02006,-0.199903,0.116761,20,4.07078e-05,1.01769e-05,1.01769e-05,-1.57575e-13,0.00231902,0.0432338,0.053639
^FTSE,own1d<=-5%,all,60,IS (<2008),3,0.125029,0.333333,0.0913683,-0.0389282,0.00450398,-0.00743177,-0.00294562,0.0818657,-0.0359811,-0.0623212,0.384907,,-0.0704246,0.0913683,60,0,0,0,0,0.00843254,0.0746515,0.112959
^FTSE,own1d<=-5%,all,60,OOS (2008-),4,0.21344,0.75,0.135825,-0.132739,0.0686838,0.0628534,0.0673118,0.170649,0.394446,0.788892,0.130328,1.95259,-0.132739,0.281768,60,1.59347,0.398368,0.398368,0.00248314,0.00680677,0.066836,0.101843
^FTSE,own1d<=-5%,above200,5,IS (<2008),0,0,,,,,,,,,,,,,,,,,,,0.000796609,0.0225997,0.0352487
^FTSE,own1d<=-5%,above200,5,OOS (2008-),0,0,,,,,,,,,,,,,,,,,,,0.000554792,0.0236926,0.0234163
^FTSE,own1d<=-5%,above200,20,IS (<2008),0,0,,,,,,,,,,,,,,,,,,,0.0029543,0.0449494,0.0657249
^FTSE,own1d<=-5%,above200,20,OOS (2008-),0,0,,,,,,,,,,,,,,,,,,,0.00231902,0.0432338,0.053639
^FTSE,own1d<=-5%,above200,60,IS (<2008),0,0,,,,,,,,,,,,,,,,,,,0.00843254,0.0746515,0.112959
^FTSE,own1d<=-5%,above200,60,OOS (2008-),0,0,,,,,,,,,,,,,,,,,,,0.00680677,0.066836,0.101843
^FTSE,own1d<=-5%,below200,5,IS (<2008),3,0.125029,0,,-0.0435689,-0.0435689,-0.0417106,-0.0441973,0.0111181,-3.97525,-6.88533,-0.342397,,-0.0551748,-0.0338214,5,0,0,0,0,0.000796609,0.0225997,0.0352487
^FTSE,own1d<=-5%,below200,5,OOS (2008-),10,0.533601,0.5,0.0594335,-0.0712459,-0.00590621,-0.0144258,-0.00601839,0.0823687,-0.0730665,-0.231057,0.435991,2.41995,-0.112512,0.152172,5,5.40835e-05,1.35209e-05,1.35209e-05,-2.97826e-13,0.000554792,0.0236926,0.0234163
^FTSE,own1d<=-5%,below200,20,IS (<2008),3,0.125029,0.666667,0.0577512,-0.0794623,0.0120134,0.0544539,0.00950436,0.080931,0.117438,0.203408,-0.700964,,-0.0794623,0.0610484,20,1.04118,0.260294,0.260294,0.000135959,0.0029543,0.0449494,0.0657249
^FTSE,own1d<=-5%,below200,20,OOS (2008-),5,0.266801,0.4,0.0776167,-0.105664,-0.0323514,-0.0438579,-0.0328731,0.119399,-0.27532,-0.615635,-0.180001,2.02006,-0.199903,0.116761,20,4.07078e-05,1.01769e-05,1.01769e-05,-1.57575e-13,0.00231902,0.0432338,0.053639
^FTSE,own1d<=-5%,below200,60,IS (<2008),3,0.125029,0.333333,0.0913683,-0.0389282,0.00450398,-0.00743177,-0.00294562,0.0818657,-0.0359811,-0.0623212,0.384907,,-0.0704246,0.0913683,60,0,0,0,0,0.00843254,0.0746515,0.112959
^FTSE,own1d<=-5%,below200,60,OOS (2008-),4,0.21344,0.75,0.135825,-0.132739,0.0686838,0.0628534,0.0673118,0.170649,0.394446,0.788892,0.130328,1.95259,-0.132739,0.281768,60,1.59347,0.398368,0.398368,0.00248314,0.00680677,0.066836,0.101843
^FTSE,ownDD<=-10%|first,all,5,IS (<2008),11,0.458438,0.545455,0.0276376,-0.0104135,0.0103417,0.00648511,0.00924545,0.0231686,0.399051,1.3235,0.244826,1.87099,-0.0241489,0.0489016,5,10.0514,2.51285,1,0.00200387,0.000796609,0.0225997,0.0352487
^FTSE,ownDD<=-10%|first,all,5,OOS (2008-),4,0.21344,1,0.0179632,,0.0179632,0.0116969,0.0175526,0.0159435,1.10092,2.20184,1.00616,2.20706,0.0066973,0.0417615,5,20,4.99999,1,0.00184523,0.000554792,0.0236926,0.0234163
^FTSE,ownDD<=-10%|first,all,20,IS (<2008),11,0.458438,0.636364,0.0336217,-0.0198572,0.0141748,0.00712171,0.00979433,0.0373253,0.262405,0.870299,-0.182336,2.78069,-0.0605496,0.0723426,20,3.71666,0.929166,0.929166,0.00183154,0.0029543,0.0449494,0.0657249
^FTSE,ownDD<=-10%|first,all,20,OOS (2008-),4,0.21344,0.75,0.0555528,-0.013754,0.0382261,0.0431453,0.0365818,0.044247,0.826765,1.65353,-0.163501,1.24299,-0.013754,0.0803678,20,13.654,3.4135,1,0.00371687,0.00231902,0.0432338,0.053639
^FTSE,ownDD<=-10%|first,all,60,IS (<2008),11,0.458438,0.818182,0.055893,-0.142695,0.019786,0.0578055,0.00671428,0.0959543,0.0699737,0.232076,-1.78739,5.63127,-0.232772,0.120609,60,0.376226,0.0940566,0.0940566,0.000127594,0.00843254,0.0746515,0.112959
^FTSE,ownDD<=-10%|first,all,60,OOS (2008-),4,0.21344,0.5,0.101364,-0.0107094,0.0453275,0.0414535,0.0403045,0.0626816,0.643004,1.28601,0.0148597,1.06424,-0.0137513,0.112154,60,7.89972,1.97493,1,0.00395607,0.00680677,0.066836,0.101843
^FTSE,ownDD<=-10%|first,above200,5,IS (<2008),4,0.166705,0.5,0.0165715,-0.00793736,0.00431705,0.00145327,0.00329642,0.0165748,0.198881,0.397762,0.508411,1.85156,-0.0122962,0.0266578,5,8.5391,2.13477,1,0.0002575,0.000796609,0.0225997,0.0352487
^FTSE,ownDD<=-10%|first,above200,5,OOS (2008-),0,0,,,,,,,,,,,,,,,,,,,0.000554792,0.0236926,0.0234163
^FTSE,ownDD<=-10%|first,above200,20,IS (<2008),4,0.166705,0.75,0.036474,-0.00599174,0.0258575,0.0225248,0.0217581,0.0322798,0.674047,1.34809,0.189989,1.31693,-0.00599174,0.0643723,20,17.1057,4.27641,1,0.00174024,0.0029543,0.0449494,0.0657249
^FTSE,ownDD<=-10%|first,above200,20,OOS (2008-),0,0,,,,,,,,,,,,,,,,,,,0.00231902,0.0432338,0.053639
^FTSE,ownDD<=-10%|first,above200,60,IS (<2008),4,0.166705,0.5,0.0499402,-0.142695,-0.0463776,-0.0133334,-0.0586211,0.135809,-0.431644,-0.863287,-0.709919,1.97103,-0.232772,0.0739287,60,0,0,0,0,0.00843254,0.0746515,0.112959
^FTSE,ownDD<=-10%|first,above200,60,OOS (2008-),0,0,,,,,,,,,,,,,,,,,,,0.00680677,0.066836,0.101843
^FTSE,ownDD<=-10%|first,below200,5,IS (<2008),7,0.291733,0.571429,0.0331707,-0.0120643,0.0137843,0.0170247,0.0126449,0.0268366,0.471181,1.24663,-0.0538044,1.62231,-0.0241489,0.0489016,5,10.347,2.58675,1,0.00174962,0.000796609,0.0225997,0.0352487
^FTSE,ownDD<=-10%|first,below200,5,OOS (2008-),4,0.21344,1,0.0179632,,0.0179632,0.0116969,0.0175526,0.0159435,1.10092,2.20184,1.00616,2.20706,0.0066973,0.0417615,5,20,4.99999,1,0.00184523,0.000554792,0.0236926,0.0234163
^FTSE,ownDD<=-10%|first,below200,20,IS (<2008),7,0.291733,0.571429,0.0314825,-0.024479,0.00749898,0.00712171,0.00295788,0.0406327,0.0727956,0.192599,-0.0554025,2.77694,-0.0605496,0.0723426,20,1.04155,0.260388,0.260388,9.83324e-05,0.0029543,0.0449494,0.0657249
^FTSE,ownDD<=-10%|first,below200,20,OOS (2008-),4,0.21344,0.75,0.0555528,-0.013754,0.0382261,0.0431453,0.0365818,0.044247,0.826765,1.65353,-0.163501,1.24299,-0.013754,0.0803678,20,13.654,3.4135,1,0.00371687,0.00231902,0.0432338,0.053639
^FTSE,ownDD<=-10%|first,below200,60,IS (<2008),7,0.291733,1,0.0575938,,0.0575938,0.0660992,0.0440488,0.0406371,1.08395,2.86787,0.136254,2.11334,0.00221935,0.120609,60,18.2233,4.55583,1,0.00615822,0.00843254,0.0746515,0.112959
^FTSE,ownDD<=-10%|first,below200,60,OOS (2008-),4,0.21344,0.5,0.101364,-0.0107094,0.0453275,0.0414535,0.0403045,0.0626816,0.643004,1.28601,0.0148597,1.06424,-0.0137513,0.112154,60,7.89972,1.97493,1,0.00395607,0.00680677,0.066836,0.101843
^FTSE,ownDD<=-15%|first,all,5,IS (<2008),6,0.250057,0.666667,0.0248216,-0.0369128,0.00424349,0.014522,0.00327398,0.035224,0.0929474,0.227674,-0.806987,2.28679,-0.0551748,0.0374016,5,1.52222,0.380554,0.380554,0.000136904,0.000796609,0.0225997,0.0352487
^FTSE,ownDD<=-15%|first,all,5,OOS (2008-),2,0.10672,0.5,0.0373389,-0.000670952,0.018334,0.018334,0.0180941,0.0265513,0.681478,0.963755,,,-0.000670952,0.0373389,5,0,0,0,0,0.000554792,0.0236926,0.0234163
^FTSE,ownDD<=-15%|first,all,20,IS (<2008),6,0.250057,0.166667,0.00674297,-0.042903,-0.0346286,-0.034348,-0.0384818,0.031994,-1.20278,-2.9462,-0.075422,1.83872,-0.0794623,0.00674297,20,5.50399e-05,1.376e-05,1.376e-05,-2.0193e-14,0.0029543,0.0449494,0.0657249
^FTSE,ownDD<=-15%|first,all,20,OOS (2008-),2,0.10672,0.5,0.0330606,-0.0090653,0.0119977,0.0119977,0.0110421,0.0284732,0.387807,0.548442,,,-0.0090653,0.0330606,20,0,0,0,0,0.00231902,0.0432338,0.053639
^FTSE,ownDD<=-15%|first,all,60,IS (<2008),6,0.250057,0.666667,0.0890588,-0.0144645,0.0545511,0.0356791,0.043284,0.0781843,0.553615,1.35607,0.425324,1.58566,-0.0214972,0.164275,60,5.21465,1.30366,1,0.00475364,0.00843254,0.0746515,0.112959
^FTSE,ownDD<=-15%|first,all,60,OOS (2008-),2,0.10672,1,0.0624908,,0.0624908,0.0624908,0.0596011,0.0399074,1.49348,2.11211,,,0.0314775,0.093504,60,0,0,0,0,0.00680677,0.066836,0.101843
^FTSE,ownDD<=-15%|first,above200,5,IS (<2008),0,0,,,,,,,,,,,,,,,,,,,0.000796609,0.0225997,0.0352487
^FTSE,ownDD<=-15%|first,above200,5,OOS (2008-),0,0,,,,,,,,,,,,,,,,,,,0.000554792,0.0236926,0.0234163
^FTSE,ownDD<=-15%|first,above200,20,IS (<2008),0,0,,,,,,,,,,,,,,,,,,,0.0029543,0.0449494,0.0657249
^FTSE,ownDD<=-15%|first,above200,20,OOS (2008-),0,0,,,,,,,,,,,,,,,,,,,0.00231902,0.0432338,0.053639
^FTSE,ownDD<=-15%|first,above200,60,IS (<2008),0,0,,,,,,,,,,,,,,,,,,,0.00843254,0.0746515,0.112959
^FTSE,ownDD<=-15%|first,above200,60,OOS (2008-),0,0,,,,,,,,,,,,,,,,,,,0.00680677,0.066836,0.101843
^FTSE,ownDD<=-15%|first,below200,5,IS (<2008),6,0.250057,0.666667,0.0248216,-0.0369128,0.00424349,0.014522,0.00327398,0.035224,0.0929474,0.227674,-0.806987,2.28679,-0.0551748,0.0374016,5,1.52222,0.380554,0.380554,0.000136904,0.000796609,0.0225997,0.0352487
^FTSE,ownDD<=-15%|first,below200,5,OOS (2008-),2,0.10672,0.5,0.0373389,-0.000670952,0.018334,0.018334,0.0180941,0.0265513,0.681478,0.963755,,,-0.000670952,0.0373389,5,0,0,0,0,0.000554792,0.0236926,0.0234163
^FTSE,ownDD<=-15%|first,below200,20,IS (<2008),6,0.250057,0.166667,0.00674297,-0.042903,-0.0346286,-0.034348,-0.0384818,0.031994,-1.20278,-2.9462,-0.075422,1.83872,-0.0794623,0.00674297,20,5.50399e-05,1.376e-05,1.376e-05,-2.0193e-14,0.0029543,0.0449494,0.0657249
^FTSE,ownDD<=-15%|first,below200,20,OOS (2008-),2,0.10672,0.5,0.0330606,-0.0090653,0.0119977,0.0119977,0.0110421,0.0284732,0.387807,0.548442,,,-0.0090653,0.0330606,20,0,0,0,0,0.00231902,0.0432338,0.053639
^FTSE,ownDD<=-15%|first,below200,60,IS (<2008),6,0.250057,0.666667,0.0890588,-0.0144645,0.0545511,0.0356791,0.043284,0.0781843,0.553615,1.35607,0.425324,1.58566,-0.0214972,0.164275,60,5.21465,1.30366,1,0.00475364,0.00843254,0.0746515,0.112959
^FTSE,ownDD<=-15%|first,below200,60,OOS (2008-),2,0.10672,1,0.0624908,,0.0624908,0.0624908,0.0596011,0.0399074,1.49348,2.11211,,,0.0314775,0.093504,60,0,0,0,0,0.00680677,0.066836,0.101843
^FTSE,ownDD<=-20%|first,all,5,IS (<2008),3,0.125029,0.666667,0.0323901,-0.147679,-0.0276328,0.0143523,-0.0285197,0.105642,-0.269966,-0.467594,-0.615731,,-0.147679,0.050428,5,4.08796e-05,1.02199e-05,1.02199e-05,-4.85795e-14,0.000796609,0.0225997,0.0352487
^FTSE,ownDD<=-20%|first,all,5,OOS (2008-),2,0.10672,0.5,0.0263381,-0.112512,-0.0430868,-0.0430868,-0.0431467,0.0981778,-0.439475,-0.621512,,,-0.112512,0.0263381,5,0,0,0,0,0.000554792,0.0236926,0.0234163
^FTSE,ownDD<=-20%|first,all,20,IS (<2008),3,0.125029,0.666667,0.123645,-0.144955,0.0341115,0.103603,0.0305469,0.157087,0.194459,0.336813,-0.655554,,-0.144955,0.143686,20,0.871962,0.21799,0.21799,0.000366421,0.0029543,0.0449494,0.0657249
^FTSE,ownDD<=-20%|first,all,20,OOS (2008-),2,0.10672,0.5,0.0332937,-0.0438579,-0.0052821,-0.0052821,-0.00545095,0.0544458,-0.100117,-0.141587,,,-0.0438579,0.0332937,20,0,0,0,0,0.00231902,0.0432338,0.053639
^FTSE,ownDD<=-20%|first,all,60,IS (<2008),3,0.125029,0.666667,0.160408,-0.0913505,0.0764887,0.0713298,0.0656402,0.172162,0.381271,0.660381,0.0340138,,-0.0913505,0.249487,60,1.72218,0.430546,0.430546,0.00153142,0.00843254,0.0746515,0.112959
^FTSE,ownDD<=-20%|first,all,60,OOS (2008-),2,0.10672,1,0.0920934,,0.0920934,0.0920934,0.0915958,0.00992511,9.22869,13.0513,,,0.0848848,0.099302,60,0,0,0,0,0.00680677,0.066836,0.101843
^FTSE,ownDD<=-20%|first,above200,5,IS (<2008),0,0,,,,,,,,,,,,,,,,,,,0.000796609,0.0225997,0.0352487
^FTSE,ownDD<=-20%|first,above200,5,OOS (2008-),0,0,,,,,,,,,,,,,,,,,,,0.000554792,0.0236926,0.0234163
^FTSE,ownDD<=-20%|first,above200,20,IS (<2008),0,0,,,,,,,,,,,,,,,,,,,0.0029543,0.0449494,0.0657249
^FTSE,ownDD<=-20%|first,above200,20,OOS (2008-),0,0,,,,,,,,,,,,,,,,,,,0.00231902,0.0432338,0.053639
^FTSE,ownDD<=-20%|first,above200,60,IS (<2008),0,0,,,,,,,,,,,,,,,,,,,0.00843254,0.0746515,0.112959
^FTSE,ownDD<=-20%|first,above200,60,OOS (2008-),0,0,,,,,,,,,,,,,,,,,,,0.00680677,0.066836,0.101843
^FTSE,ownDD<=-20%|first,below200,5,IS (<2008),3,0.125029,0.666667,0.0323901,-0.147679,-0.0276328,0.0143523,-0.0285197,0.105642,-0.269966,-0.467594,-0.615731,,-0.147679,0.050428,5,4.08796e-05,1.02199e-05,1.02199e-05,-4.85795e-14,0.000796609,0.0225997,0.0352487
^FTSE,ownDD<=-20%|first,below200,5,OOS (2008-),2,0.10672,0.5,0.0263381,-0.112512,-0.0430868,-0.0430868,-0.0431467,0.0981778,-0.439475,-0.621512,,,-0.112512,0.0263381,5,0,0,0,0,0.000554792,0.0236926,0.0234163
^FTSE,ownDD<=-20%|first,below200,20,IS (<2008),3,0.125029,0.666667,0.123645,-0.144955,0.0341115,0.103603,0.0305469,0.157087,0.194459,0.336813,-0.655554,,-0.144955,0.143686,20,0.871962,0.21799,0.21799,0.000366421,0.0029543,0.0449494,0.0657249
^FTSE,ownDD<=-20%|first,below200,20,OOS (2008-),2,0.10672,0.5,0.0332937,-0.0438579,-0.0052821,-0.0052821,-0.00545095,0.0544458,-0.100117,-0.141587,,,-0.0438579,0.0332937,20,0,0,0,0,0.00231902,0.0432338,0.053639
^FTSE,ownDD<=-20%|first,below200,60,IS (<2008),3,0.125029,0.666667,0.160408,-0.0913505,0.0764887,0.0713298,0.0656402,0.172162,0.381271,0.660381,0.0340138,,-0.0913505,0.249487,60,1.72218,0.430546,0.430546,0.00153142,0.00843254,0.0746515,0.112959
^FTSE,ownDD<=-20%|first,below200,60,OOS (2008-),2,0.10672,1,0.0920934,,0.0920934,0.0920934,0.0915958,0.00992511,9.22869,13.0513,,,0.0848848,0.099302,60,0,0,0,0,0.00680677,0.066836,0.101843
^GDAXI,own1d<=-3%,all,5,IS (<2008),66,3.2991,0.590909,0.0358154,-0.0407903,0.00447673,0.0105896,0.00378059,0.0481744,0.078477,0.63755,-0.133876,3.02188,-0.0999638,0.123624,5,0.821477,0.205369,0.205369,0.00112143,0.00161904,0.030035,0.0539051
^GDAXI,own1d<=-3%,all,5,OOS (2008-),69,3.68346,0.608696,0.0336799,-0.0464992,0.00230547,0.00738396,0.00218296,0.0515345,0.0423592,0.351862,-0.401784,4.86853,-0.178024,0.158531,5,0.412979,0.103245,0.103245,0.000363617,0.00139548,0.0292486,0.047711
^GDAXI,own1d<=-3%,all,20,IS (<2008),42,2.09943,0.547619,0.0729199,-0.059268,0.0131206,0.0158696,0.0100886,0.0775268,0.13013,0.84334,-0.29858,2.25059,-0.175738,0.154109,20,0.842482,0.21062,0.21062,0.00195571,0.00625837,0.0584846,0.107009
^GDAXI,own1d<=-3%,all,20,OOS (2008-),48,2.56241,0.625,0.0638355,-0.0612338,0.0169345,0.0202837,0.0163377,0.0806615,0.202546,1.40328,-0.745499,4.19102,-0.242338,0.166454,20,1.1722,0.293051,0.293051,0.00542026,0.00583528,0.055868,0.104448
^GDAXI,own1d<=-3%,all,60,IS (<2008),24,1.19967,0.625,0.0930447,-0.10812,0.017608,0.020213,0.00809251,0.136132,0.0594463,0.291226,-0.0764463,3.45589,-0.273042,0.332535,60,0.227015,0.0567538,0.0567538,0.000241148,0.0181491,0.105526,0.171986
^GDAXI,own1d<=-3%,all,60,OOS (2008-),29,1.54812,0.62069,0.0712554,-0.0689464,0.0180754,0.0357749,0.0157139,0.0824968,0.190479,1.02576,-0.774143,3.31894,-0.206871,0.155976,60,1.1054,0.27635,0.27635,0.00296619,0.0178521,0.0905168,0.197224
^GDAXI,own1d<=-3%,above200,5,IS (<2008),18,0.899754,0.611111,0.0309014,-0.038341,0.00397382,0.0116377,0.00309408,0.0410356,0.0753998,0.319894,-0.506727,2.52621,-0.0850708,0.0697648,5,0.953621,0.238405,0.238405,0.000291017,0.00161904,0.030035,0.0539051
^GDAXI,own1d<=-3%,above200,5,OOS (2008-),24,1.2812,0.583333,0.0236647,-0.0320918,0.000432791,0.00177332,0.000249888,0.033843,0.00738374,0.0361728,-0.0672127,2.23993,-0.0638818,0.060145,5,0.113807,0.0284517,0.0284517,3.98529e-06,0.00139548,0.0292486,0.047711
^GDAXI,own1d<=-3%,above200,20,IS (<2008),16,0.799781,0.5,0.0678867,-0.0441722,0.0118573,0.0185207,0.00841584,0.0635535,0.132421,0.529685,-0.0942999,1.56439,-0.0794023,0.111794,20,1.10648,0.276621,0.276621,0.000814654,0.00625837,0.0584846,0.107009
^GDAXI,own1d<=-3%,above200,20,OOS (2008-),22,1.17444,0.727273,0.0514705,-0.0700329,0.0183332,0.0220994,0.0175637,0.0776378,0.226227,1.0611,-1.62047,6.83007,-0.242338,0.118747,20,1.25782,0.314455,0.314455,0.00289727,0.00583528,0.055868,0.104448
^GDAXI,own1d<=-3%,above200,60,IS (<2008),10,0.499863,0.6,0.0689775,-0.0433755,0.0240363,0.0175589,0.0140898,0.0835277,0.168684,0.533427,0.282119,2.69692,-0.115328,0.17197,60,1.14433,0.286082,0.286082,0.000878952,0.0181491,0.105526,0.171986
^GDAXI,own1d<=-3%,above200,60,OOS (2008-),17,0.90752,0.764706,0.0759194,-0.072013,0.0411118,0.0458769,0.038761,0.0782529,0.49533,2.0423,-0.728268,3.0438,-0.135076,0.155976,60,2.78805,0.697012,0.697012,0.0109034,0.0178521,0.0905168,0.197224
^GDAXI,own1d<=-3%,below200,5,IS (<2008),49,2.44933,0.591837,0.0367242,-0.0416475,0.00473572,0.00997852,0.00410062,0.0504607,0.0812636,0.568845,-0.0729598,3.03654,-0.0999638,0.123624,5,0.818195,0.204549,0.204549,0.000899219,0.00161904,0.030035,0.0539051
^GDAXI,own1d<=-3%,below200,5,OOS (2008-),50,2.66918,0.62,0.0397837,-0.0530976,0.00448883,0.0144074,0.00438596,0.0581767,0.0753903,0.53309,-0.431458,4.2142,-0.178024,0.158531,5,0.648619,0.162155,0.162155,0.000832351,0.00139548,0.0292486,0.047711
^GDAXI,own1d<=-3%,below200,20,IS (<2008),28,1.39962,0.571429,0.0786856,-0.0789472,0.0111287,0.0158696,0.00826943,0.0961283,0.086025,0.455201,-0.162317,2.46706,-0.175738,0.20926,20,0.460379,0.115095,0.115095,0.000583263,0.00625837,0.0584846,0.107009
^GDAXI,own1d<=-3%,below200,20,OOS (2008-),32,1.70827,0.5625,0.0848077,-0.0663353,0.0186827,0.0243378,0.018193,0.093181,0.195244,1.10447,-0.355968,2.58441,-0.190697,0.166454,20,1.03994,0.259984,0.259984,0.0035488,0.00583528,0.055868,0.104448
^GDAXI,own1d<=-3%,below200,60,IS (<2008),16,0.799781,0.6875,0.108371,-0.159915,0.0245315,0.0586663,0.0150752,0.159383,0.0945845,0.378338,-0.213741,2.81915,-0.273042,0.332535,60,0.312715,0.0781787,0.0781787,0.000412905,0.0181491,0.105526,0.171986
^GDAXI,own1d<=-3%,below200,60,OOS (2008-),20,1.06767,0.6,0.0968257,-0.0613631,0.0335502,0.0395439,0.0315206,0.0971348,0.324504,1.45123,-0.47711,3.05775,-0.206871,0.177674,60,1.59211,0.398028,0.398028,0.00591739,0.0178521,0.0905168,0.197224
^GDAXI,own1d<=-4%,all,5,IS (<2008),31,1.54958,0.483871,0.0459194,-0.0433879,-0.00017469,-0.0037741,-0.000776124,0.0574026,-0.0135207,-0.0752802,0.317148,2.86956,-0.0888394,0.136409,5,3.47884e-05,8.69711e-06,8.69711e-06,-1.86877e-13,0.00161904,0.030035,0.0539051
^GDAXI,own1d<=-4%,all,5,OOS (2008-),32,1.70827,0.625,0.0588518,-0.0553825,0.016014,0.0172911,0.0159257,0.0708473,0.224788,1.2716,-0.0701163,2.86239,-0.147518,0.160333,5,1.60686,0.401714,0.401714,0.0047881,0.00139548,0.0292486,0.047711
^GDAXI,own1d<=-4%,all,20,IS (<2008),22,1.0997,0.636364,0.0771946,-0.0847422,0.0183085,0.0365156,0.0155347,0.0951187,0.163319,0.766034,-0.476955,2.39324,-0.175738,0.165947,20,0.864152,0.216038,0.216038,0.00162139,0.00625837,0.0584846,0.107009
^GDAXI,own1d<=-4%,all,20,OOS (2008-),21,1.12105,0.666667,0.0826106,-0.111507,0.0179046,0.0333587,0.017485,0.114324,0.152943,0.700872,-0.576066,2.66046,-0.242338,0.178868,20,0.670765,0.167691,0.167691,0.00144519,0.00583528,0.055868,0.104448
^GDAXI,own1d<=-4%,all,60,IS (<2008),14,0.699808,0.714286,0.117135,-0.17407,0.0339338,0.0620639,0.0248494,0.157807,0.157467,0.589186,-0.826279,2.83184,-0.317594,0.221454,60,0.502959,0.12574,0.12574,0.000963504,0.0181491,0.105526,0.171986
^GDAXI,own1d<=-4%,all,60,OOS (2008-),14,0.747369,0.642857,0.0882024,-0.0867465,0.0257207,0.0472613,0.0242456,0.106877,0.226855,0.848814,-0.632706,2.97092,-0.206871,0.20822,60,1.05721,0.264303,0.264303,0.00211224,0.0178521,0.0905168,0.197224
^GDAXI,own1d<=-4%,above200,5,IS (<2008),1,0.0499863,0,,-0.0850708,-0.0850708,-0.0850708,-0.086035,,,,,,-0.0850708,-0.0850708,5,0,0,0,0,0.00161904,0.030035,0.0539051
^GDAXI,own1d<=-4%,above200,5,OOS (2008-),3,0.160151,0.666667,0.0375897,-0.0638818,0.00376585,0.0173578,0.00339799,0.0617476,0.0550303,0.0953153,-0.393595,,-0.0638818,0.0578216,5,0.660161,0.16504,0.16504,3.9347e-05,0.00139548,0.0292486,0.047711
^GDAXI,own1d<=-4%,above200,20,IS (<2008),1,0.0499863,0,,-0.15584,-0.15584,-0.15584,-0.159595,,,,,,-0.15584,-0.15584,20,0,0,0,0,0.00625837,0.0584846,0.107009
^GDAXI,own1d<=-4%,above200,20,OOS (2008-),3,0.160151,0.666667,0.0945883,-0.242338,-0.0177203,0.0103086,-0.018999,0.21066,-0.0901881,-0.15621,-0.249973,,-0.242338,0.178868,20,5.98788e-05,1.49697e-05,1.49697e-05,-5.30881e-13,0.00583528,0.055868,0.104448
^GDAXI,own1d<=-4%,above200,60,IS (<2008),1,0.0499863,0,,-0.0899237,-0.0899237,-0.0899237,-0.100297,,,,,,-0.0899237,-0.0899237,60,0,0,0,0,0.0181491,0.105526,0.171986
^GDAXI,own1d<=-4%,above200,60,OOS (2008-),3,0.160151,0.666667,0.134088,-0.135076,0.044367,0.0599572,0.0407331,0.167712,0.242875,0.420672,-0.205445,,-0.135076,0.20822,60,1.06703,0.266758,0.266758,0.000761404,0.0178521,0.0905168,0.197224
^GDAXI,own1d<=-4%,below200,5,IS (<2008),30,1.49959,0.5,0.0459194,-0.0406091,0.00265518,0.00217038,0.00206584,0.0561219,0.0368099,0.201616,0.319571,2.98075,-0.0888394,0.136409,5,0.341189,0.0852973,0.0852973,0.000115526,0.00161904,0.030035,0.0539051
^GDAXI,own1d<=-4%,below200,5,OOS (2008-),30,1.60151,0.633333,0.0604636,-0.0546098,0.01827,0.0198509,0.0181847,0.0715015,0.254326,1.393,-0.124207,2.90668,-0.147518,0.160333,5,1.78481,0.446202,0.446202,0.00569951,0.00139548,0.0292486,0.047711
^GDAXI,own1d<=-4%,below200,20,IS (<2008),21,1.04971,0.619048,0.0703675,-0.0859046,0.0108353,0.0305636,0.00809287,0.0922962,0.0876836,0.401817,-0.565297,2.42369,-0.175738,0.15649,20,0.486317,0.121579,0.121579,0.000453144,0.00625837,0.0584846,0.107009
^GDAXI,own1d<=-4%,below200,20,OOS (2008-),20,1.06767,0.65,0.086534,-0.0786488,0.02872,0.0385003,0.0282993,0.0989159,0.286094,1.27945,-0.371066,2.28824,-0.173622,0.166454,20,1.43955,0.359887,0.359887,0.00478056,0.00583528,0.055868,0.104448
^GDAXI,own1d<=-4%,below200,60,IS (<2008),14,0.699808,0.785714,0.110569,-0.202119,0.0435648,0.0620639,0.0344943,0.15378,0.224309,0.839286,-1.04555,3.35082,-0.317594,0.221454,60,0.698855,0.174714,0.174714,0.00186797,0.0181491,0.105526,0.171986
^GDAXI,own1d<=-4%,below200,60,OOS (2008-),14,0.747369,0.714286,0.109315,-0.0746641,0.0567499,0.0779166,0.0552961,0.110294,0.501354,1.8759,-0.737251,3.41689,-0.206871,0.222547,60,1.97296,0.493239,0.493239,0.00909328,0.0178521,0.0905168,0.197224
^GDAXI,own1d<=-5%,all,5,IS (<2008),15,0.749795,0.6,0.0488105,-0.0733864,-6.82751e-05,0.0200197,-0.000715021,0.0715704,-0.00999046,-0.0386929,-0.015878,2.17052,-0.117009,0.136409,5,0,0,0,0,0.00161904,0.030035,0.0539051
^GDAXI,own1d<=-5%,all,5,OOS (2008-),14,0.747369,0.642857,0.0586381,-0.0498353,0.0198976,0.0146818,0.019827,0.0728826,0.272041,1.01788,-0.350637,3.66526,-0.147518,0.160333,5,1.86393,0.465981,0.465981,0.00304417,0.00139548,0.0292486,0.047711
^GDAXI,own1d<=-5%,all,20,IS (<2008),12,0.599836,0.666667,0.0675795,-0.110656,0.00816757,0.0268816,0.00531962,0.0988378,0.0538217,0.186444,-0.356404,2.16802,-0.15584,0.165947,20,0.294075,0.0735186,0.0735186,0.000102749,0.00625837,0.0584846,0.107009
^GDAXI,own1d<=-5%,all,20,OOS (2008-),8,0.427068,0.5,0.104066,-0.0647995,0.019633,0.0116232,0.0192788,0.108209,0.178162,0.503919,0.11306,2.0663,-0.123085,0.194795,20,0.950853,0.237713,0.237713,0.000854558,0.00583528,0.055868,0.104448
^GDAXI,own1d<=-5%,all,60,IS (<2008),9,0.449877,0.555556,0.174231,-0.149212,0.0304783,0.058628,0.0211822,0.194432,0.108944,0.326832,-0.586845,2.27367,-0.34147,0.227473,60,0.304914,0.0762284,0.0762284,0.000318957,0.0181491,0.105526,0.171986
^GDAXI,own1d<=-5%,all,60,OOS (2008-),6,0.320301,0.666667,0.181273,-0.0356299,0.108972,0.0626601,0.107951,0.166716,0.647515,1.58608,0.63075,2.02179,-0.057324,0.377227,60,3.17546,0.793866,0.793866,0.0113676,0.0178521,0.0905168,0.197224
^GDAXI,own1d<=-5%,above200,5,IS (<2008),1,0.0499863,0,,-0.0850708,-0.0850708,-0.0850708,-0.086035,,,,,,-0.0850708,-0.0850708,5,0,0,0,0,0.00161904,0.030035,0.0539051
^GDAXI,own1d<=-5%,above200,5,OOS (2008-),0,0,,,,,,,,,,,,,,,,,,,0.00139548,0.0292486,0.047711
^GDAXI,own1d<=-5%,above200,20,IS (<2008),1,0.0499863,0,,-0.15584,-0.15584,-0.15584,-0.159595,,,,,,-0.15584,-0.15584,20,0,0,0,0,0.00625837,0.0584846,0.107009
^GDAXI,own1d<=-5%,above200,20,OOS (2008-),0,0,,,,,,,,,,,,,,,,,,,0.00583528,0.055868,0.104448
^GDAXI,own1d<=-5%,above200,60,IS (<2008),1,0.0499863,0,,-0.0899237,-0.0899237,-0.0899237,-0.100297,,,,,,-0.0899237,-0.0899237,60,0,0,0,0,0.0181491,0.105526,0.171986
^GDAXI,own1d<=-5%,above200,60,OOS (2008-),0,0,,,,,,,,,,,,,,,,,,,0.0178521,0.0905168,0.197224
^GDAXI,own1d<=-5%,below200,5,IS (<2008),14,0.699808,0.642857,0.0488105,-0.0710495,0.00600333,0.0238199,0.00537927,0.070117,0.0767184,0.287054,-0.145732,2.37251,-0.117009,0.136409,5,0.585478,0.146369,0.146369,0.000241214,0.00161904,0.030035,0.0539051
^GDAXI,own1d<=-5%,below200,5,OOS (2008-),14,0.747369,0.642857,0.0586381,-0.0498353,0.0198976,0.0146818,0.019827,0.0728826,0.272041,1.01788,-0.350637,3.66526,-0.147518,0.160333,5,1.86393,0.465981,0.465981,0.00304417,0.00139548,0.0292486,0.047711
^GDAXI,own1d<=-5%,below200,20,IS (<2008),11,0.549849,0.727273,0.0675795,-0.0955951,0.0230774,0.0305636,0.0203119,0.0881979,0.230299,0.763815,-0.408892,2.54771,-0.146556,0.165947,20,1.36297,0.340742,0.340742,0.00167334,0.00625837,0.0584846,0.107009
^GDAXI,own1d<=-5%,below200,20,OOS (2008-),8,0.427068,0.5,0.104066,-0.0647995,0.019633,0.0116232,0.0192788,0.108209,0.178162,0.503919,0.11306,2.0663,-0.123085,0.194795,20,0.950853,0.237713,0.237713,0.000854558,0.00583528,0.055868,0.104448
^GDAXI,own1d<=-5%,below200,60,IS (<2008),9,0.449877,0.666667,0.187979,-0.168975,0.0689943,0.150853,0.0597271,0.201593,0.296276,0.888828,-0.928849,2.67377,-0.34147,0.25672,60,0.724758,0.181189,0.181189,0.00215777,0.0181491,0.105526,0.171986
^GDAXI,own1d<=-5%,below200,60,OOS (2008-),6,0.320301,0.666667,0.181273,-0.0356299,0.108972,0.0626601,0.107951,0.166716,0.647515,1.58608,0.63075,2.02179,-0.057324,0.377227,60,3.17546,0.793866,0.793866,0.0113676,0.0178521,0.0905168,0.197224
^GDAXI,ownDD<=-10%|first,all,5,IS (<2008),8,0.399891,0.75,0.0238726,-0.0321158,0.00987552,0.0182813,0.00878688,0.0273693,0.321048,0.908062,-1.0212,2.59209,-0.0409978,0.0381211,5,5.77996,1.44499,1,0.00162077,0.00161904,0.030035,0.0539051
^GDAXI,ownDD<=-10%|first,all,5,OOS (2008-),8,0.427068,0.5,0.0185235,-0.0169124,0.000805559,-0.000832861,0.000411313,0.0268348,0.0153276,0.043353,1.0481,3.67072,-0.030278,0.0578216,5,0.329202,0.0823005,0.0823005,6.31834e-06,0.00139548,0.0292486,0.047711
^GDAXI,ownDD<=-10%|first,all,20,IS (<2008),8,0.399891,0.625,0.0489754,-0.0785057,0.00116997,0.0157504,-0.00325309,0.0831702,-0.0391137,-0.11063,-0.34827,2.33566,-0.131863,0.127509,20,0,0,0,0,0.00625837,0.0584846,0.107009
^GDAXI,ownDD<=-10%|first,all,20,OOS (2008-),8,0.427068,0.75,0.0703604,-0.110582,0.0251247,0.0382896,0.0235874,0.106305,0.221885,0.627585,-0.7873,3.4216,-0.190697,0.178868,20,1.08231,0.270578,0.270578,0.00120469,0.00583528,0.055868,0.104448
^GDAXI,ownDD<=-10%|first,all,60,IS (<2008),8,0.399891,0.625,0.102261,-0.125536,0.016837,0.0165152,0.00363442,0.148851,0.0244165,0.0690604,-0.101298,1.96546,-0.197629,0.221454,60,0.0936006,0.0234001,0.0234001,1.48813e-05,0.0181491,0.105526,0.171986
^GDAXI,ownDD<=-10%|first,all,60,OOS (2008-),8,0.427068,0.625,0.10129,-0.0378699,0.0491051,0.0334809,0.0444184,0.0904659,0.490996,1.38875,0.243052,2.29909,-0.0905103,0.20822,60,3.24834,0.812084,0.812084,0.00666648,0.0178521,0.0905168,0.197224
^GDAXI,ownDD<=-10%|first,above200,5,IS (<2008),5,0.249932,0.8,0.024531,-0.0232339,0.0149781,0.0165429,0.0140757,0.0232091,0.606471,1.35611,-0.932692,2.65351,-0.0232339,0.0381211,5,12.9387,3.23468,1,0.001699,0.00161904,0.030035,0.0539051
^GDAXI,ownDD<=-10%|first,above200,5,OOS (2008-),2,0.106767,1,0.0303507,,0.0303507,0.0303507,0.0299304,0.0382599,0.782293,1.10633,,,0.00287977,0.0578216,5,0,0,0,0,0.00139548,0.0292486,0.047711
^GDAXI,ownDD<=-10%|first,above200,20,IS (<2008),5,0.249932,0.6,0.0336804,-0.0668178,-0.00651887,0.0151737,-0.0101831,0.0729106,-0.139665,-0.312301,-1.23651,2.89243,-0.131863,0.0470973,20,6.1229e-05,1.53073e-05,1.53073e-05,-1.24525e-13,0.00625837,0.0584846,0.107009
^GDAXI,ownDD<=-10%|first,above200,20,OOS (2008-),2,0.106767,0.5,0.178868,-0.0304674,0.0742003,0.0742003,0.0725219,0.145664,0.497873,0.704098,,,-0.0304674,0.178868,20,0,0,0,0,0.00583528,0.055868,0.104448
^GDAXI,ownDD<=-10%|first,above200,60,IS (<2008),5,0.249932,0.6,0.0302694,-0.0894894,-0.0176341,0.000230649,-0.0285082,0.0865061,-0.329552,-0.7369,-1.0545,2.7055,-0.162909,0.0577778,60,0,0,0,0,0.0181491,0.105526,0.171986
^GDAXI,ownDD<=-10%|first,above200,60,OOS (2008-),2,0.106767,0.5,0.20822,-0.0905103,0.0588547,0.0588547,0.0537646,0.204173,0.263329,0.372403,,,-0.0905103,0.20822,60,0,0,0,0,0.0178521,0.0905168,0.197224
^GDAXI,ownDD<=-10%|first,below200,5,IS (<2008),3,0.149959,0.666667,0.0225558,-0.0409978,0.00137129,0.0200197,-2.77806e-05,0.0368507,-0.000753869,-0.00130574,-0.690463,,-0.0409978,0.025092,5,0,0,0,0,0.00161904,0.030035,0.0539051
^GDAXI,ownDD<=-10%|first,below200,5,OOS (2008-),6,0.320301,0.333333,0.00669643,-0.0169124,-0.00904281,-0.00561343,-0.00942839,0.0158319,-0.595531,-1.45875,-0.317406,1.54686,-0.030278,0.00736403,5,4.0347e-05,1.00867e-05,1.00867e-05,-3.40342e-15,0.00139548,0.0292486,0.047711
^GDAXI,ownDD<=-10%|first,below200,20,IS (<2008),3,0.149959,0.666667,0.0719179,-0.101882,0.0139847,0.0163271,0.00829689,0.115145,0.0720559,0.124804,-0.0308892,,-0.101882,0.127509,20,0.469169,0.117292,0.117292,6.38376e-05,0.00625837,0.0584846,0.107009
^GDAXI,ownDD<=-10%|first,below200,20,OOS (2008-),6,0.320301,0.833333,0.0486589,-0.190697,0.00876619,0.0382896,0.00727585,0.10149,0.0716902,0.175604,-1.46621,3.60998,-0.190697,0.0833961,20,0.401093,0.100273,0.100273,0.000102881,0.00583528,0.055868,0.104448
^GDAXI,ownDD<=-10%|first,below200,60,IS (<2008),3,0.149959,0.666667,0.210248,-0.197629,0.0742887,0.199042,0.0572055,0.235995,0.242401,0.419851,-0.701458,,-0.197629,0.221454,60,0.711825,0.177956,0.177956,0.000672618,0.0181491,0.105526,0.171986
^GDAXI,ownDD<=-10%|first,below200,60,OOS (2008-),6,0.320301,0.666667,0.0745577,-0.0115497,0.0458552,0.0334809,0.041303,0.0554418,0.744979,1.82482,0.194962,1.35735,-0.020547,0.118242,60,9.87071,2.46768,1,0.00615541,0.0178521,0.0905168,0.197224
^GDAXI,ownDD<=-15%|first,all,5,IS (<2008),6,0.299918,0.833333,0.0238818,-0.0850708,0.00572302,0.0215076,0.00452256,0.0456338,0.0991055,0.242758,-1.56877,3.82786,-0.0850708,0.0410698,5,1.20299,0.300748,0.300748,0.000180076,0.00161904,0.030035,0.0539051
^GDAXI,ownDD<=-15%|first,all,5,OOS (2008-),6,0.320301,0.666667,0.0300135,-0.0933747,-0.0111159,0.0166974,-0.0114308,0.0839717,-0.136127,-0.333442,-1.57698,3.81554,-0.178024,0.0469519,5,0,0,0,0,0.00139548,0.0292486,0.047711
^GDAXI,ownDD<=-15%|first,all,20,IS (<2008),6,0.299918,0.666667,0.0286036,-0.102087,-0.0149599,0.0130175,-0.0197623,0.0771295,-0.256222,-0.627613,-1.07112,2.83501,-0.15584,0.057816,20,0,0,0,0,0.00625837,0.0584846,0.107009
^GDAXI,ownDD<=-15%|first,all,20,OOS (2008-),6,0.320301,0.5,0.0976904,-0.0333636,0.0321634,0.00590007,0.030929,0.0817575,0.378302,0.926647,0.519895,1.74472,-0.0526982,0.157571,20,3.18766,0.796915,0.796915,0.00338007,0.00583528,0.055868,0.104448
^GDAXI,ownDD<=-15%|first,all,60,IS (<2008),6,0.299918,0.666667,0.126761,-0.103035,0.050162,0.067368,0.0359509,0.132489,0.271349,0.664666,-0.144709,1.60966,-0.116147,0.221454,60,1.21482,0.303705,0.303705,0.00143181,0.0181491,0.105526,0.171986
^GDAXI,ownDD<=-15%|first,all,60,OOS (2008-),6,0.320301,0.666667,0.133517,-0.0400784,0.0756516,0.0771599,0.0720138,0.105848,0.680349,1.66651,-0.0875511,1.71433,-0.0662209,0.207983,60,3.90767,0.976916,0.976916,0.0097247,0.0178521,0.0905168,0.197224
^GDAXI,ownDD<=-15%|first,above200,5,IS (<2008),2,0.0999726,0.5,0.0410698,-0.0850708,-0.0220005,-0.0220005,-0.0230372,0.0890924,-0.258577,-0.365682,,,-0.0850708,0.0410698,5,0,0,0,0,0.00161904,0.030035,0.0539051
^GDAXI,ownDD<=-15%|first,above200,5,OOS (2008-),0,0,,,,,,,,,,,,,,,,,,,0.00139548,0.0292486,0.047711
^GDAXI,ownDD<=-15%|first,above200,20,IS (<2008),2,0.0999726,0.5,0.00970783,-0.15584,-0.0730661,-0.0730661,-0.0771941,0.116533,-0.662424,-0.936809,,,-0.15584,0.00970783,20,0,0,0,0,0.00625837,0.0584846,0.107009
^GDAXI,ownDD<=-15%|first,above200,20,OOS (2008-),0,0,,,,,,,,,,,,,,,,,,,0.00583528,0.055868,0.104448
^GDAXI,ownDD<=-15%|first,above200,60,IS (<2008),2,0.0999726,0.5,0.0418815,-0.0899237,-0.0240211,-0.0240211,-0.0361787,0.0906772,-0.398983,-0.564247,,,-0.0899237,0.0418815,60,0,0,0,0,0.0181491,0.105526,0.171986
^GDAXI,ownDD<=-15%|first,above200,60,OOS (2008-),0,0,,,,,,,,,,,,,,,,,,,0.0178521,0.0905168,0.197224
^GDAXI,ownDD<=-15%|first,below200,5,IS (<2008),4,0.199945,1,0.0195848,,0.0195848,0.0215076,0.0183024,0.00808576,2.26354,4.52708,-0.656031,2.02568,0.00811486,0.027209,5,20,4.99999,1,0.00181659,0.00161904,0.030035,0.0539051
^GDAXI,ownDD<=-15%|first,below200,5,OOS (2008-),6,0.320301,0.666667,0.0300135,-0.0933747,-0.0111159,0.0166974,-0.0114308,0.0839717,-0.136127,-0.333442,-1.57698,3.81554,-0.178024,0.0469519,5,0,0,0,0,0.00139548,0.0292486,0.047711
^GDAXI,ownDD<=-15%|first,below200,20,IS (<2008),4,0.199945,0.75,0.0349022,-0.0483341,0.0140931,0.0234453,0.00895365,0.0457153,0.195857,0.391714,-0.642433,2.0256,-0.0483341,0.057816,20,2.67712,0.66928,0.66928,0.000527578,0.00625837,0.0584846,0.107009
^GDAXI,ownDD<=-15%|first,below200,20,OOS (2008-),6,0.320301,0.5,0.0976904,-0.0333636,0.0321634,0.00590007,0.030929,0.0817575,0.378302,0.926647,0.519895,1.74472,-0.0526982,0.157571,20,3.18766,0.796915,0.796915,0.00338007,0.00583528,0.055868,0.104448
^GDAXI,ownDD<=-15%|first,below200,60,IS (<2008),4,0.199945,0.75,0.155054,-0.116147,0.0872536,0.121854,0.0720156,0.145987,0.493301,0.986601,-0.75606,2.05275,-0.116147,0.221454,60,1.93604,0.48401,0.48401,0.00308063,0.0181491,0.105526,0.171986
^GDAXI,ownDD<=-15%|first,below200,60,OOS (2008-),6,0.320301,0.666667,0.133517,-0.0400784,0.0756516,0.0771599,0.0720138,0.105848,0.680349,1.66651,-0.0875511,1.71433,-0.0662209,0.207983,60,3.90767,0.976916,0.976916,0.0097247,0.0178521,0.0905168,0.197224
^GDAXI,ownDD<=-20%|first,all,5,IS (<2008),3,0.149959,1,0.0437777,,0.0437777,0.0269195,0.0425757,0.0294452,1.44593,2.50442,0.706521,,0.0263556,0.0780579,5,20,4.99999,1,0.00311769,0.00161904,0.030035,0.0539051
^GDAXI,ownDD<=-20%|first,all,5,OOS (2008-),5,0.266918,0.6,0.0310734,-0.0798096,-0.0132798,0.00349386,-0.0134903,0.083698,-0.161178,-0.360404,-0.709359,2.62203,-0.147518,0.0835326,5,0,0,0,0,0.00139548,0.0292486,0.047711
^GDAXI,ownDD<=-20%|first,all,20,IS (<2008),3,0.149959,0,,-0.0286964,-0.0286964,-0.0287647,-0.0334039,0.0163864,-2.03851,-3.53081,-0.106977,,-0.0443683,-0.0129561,20,0,0,0,0,0.00625837,0.0584846,0.107009
^GDAXI,ownDD<=-20%|first,all,20,OOS (2008-),5,0.266918,0.6,0.0474952,-0.0341566,0.0148344,0.00820239,0.0140098,0.0660995,0.211951,0.473936,0.88918,2.67935,-0.0559853,0.123012,20,2.239,0.559751,0.559751,0.000902151,0.00583528,0.055868,0.104448
^GDAXI,ownDD<=-20%|first,all,60,IS (<2008),3,0.149959,0.333333,0.043275,-0.0576454,-0.0240053,-0.0477321,-0.0373372,0.062141,-0.600846,-1.0407,0.584708,,-0.0675587,0.043275,60,5.20589e-05,1.30147e-05,1.30147e-05,-3.26947e-14,0.0181491,0.105526,0.171986
^GDAXI,ownDD<=-20%|first,all,60,OOS (2008-),5,0.266918,0.8,0.123364,-0.00605523,0.0974804,0.082143,0.0951155,0.0864624,1.10008,2.45985,0.371052,2.16142,-0.00605523,0.222547,60,10.1946,2.54865,1,0.0116832,0.0178521,0.0905168,0.197224
^GDAXI,ownDD<=-20%|first,above200,5,IS (<2008),0,0,,,,,,,,,,,,,,,,,,,0.00161904,0.030035,0.0539051
^GDAXI,ownDD<=-20%|first,above200,5,OOS (2008-),0,0,,,,,,,,,,,,,,,,,,,0.00139548,0.0292486,0.047711
^GDAXI,ownDD<=-20%|first,above200,20,IS (<2008),0,0,,,,,,,,,,,,,,,,,,,0.00625837,0.0584846,0.107009
^GDAXI,ownDD<=-20%|first,above200,20,OOS (2008-),0,0,,,,,,,,,,,,,,,,,,,0.00583528,0.055868,0.104448
^GDAXI,ownDD<=-20%|first,above200,60,IS (<2008),0,0,,,,,,,,,,,,,,,,,,,0.0181491,0.105526,0.171986
^GDAXI,ownDD<=-20%|first,above200,60,OOS (2008-),0,0,,,,,,,,,,,,,,,,,,,0.0178521,0.0905168,0.197224
^GDAXI,ownDD<=-20%|first,below200,5,IS (<2008),3,0.149959,1,0.0437777,,0.0437777,0.0269195,0.0425757,0.0294452,1.44593,2.50442,0.706521,,0.0263556,0.0780579,5,20,4.99999,1,0.00311769,0.00161904,0.030035,0.0539051
^GDAXI,ownDD<=-20%|first,below200,5,OOS (2008-),5,0.266918,0.6,0.0310734,-0.0798096,-0.0132798,0.00349386,-0.0134903,0.083698,-0.161178,-0.360404,-0.709359,2.62203,-0.147518,0.0835326,5,0,0,0,0,0.00139548,0.0292486,0.047711
^GDAXI,ownDD<=-20%|first,below200,20,IS (<2008),3,0.149959,0,,-0.0286964,-0.0286964,-0.0287647,-0.0334039,0.0163864,-2.03851,-3.53081,-0.106977,,-0.0443683,-0.0129561,20,0,0,0,0,0.00625837,0.0584846,0.107009
^GDAXI,ownDD<=-20%|first,below200,20,OOS (2008-),5,0.266918,0.6,0.0474952,-0.0341566,0.0148344,0.00820239,0.0140098,0.0660995,0.211951,0.473936,0.88918,2.67935,-0.0559853,0.123012,20,2.239,0.559751,0.559751,0.000902151,0.00583528,0.055868,0.104448
^GDAXI,ownDD<=-20%|first,below200,60,IS (<2008),3,0.149959,0.333333,0.043275,-0.0576454,-0.0240053,-0.0477321,-0.0373372,0.062141,-0.600846,-1.0407,0.584708,,-0.0675587,0.043275,60,5.20589e-05,1.30147e-05,1.30147e-05,-3.26947e-14,0.0181491,0.105526,0.171986
^GDAXI,ownDD<=-20%|first,below200,60,OOS (2008-),5,0.266918,0.8,0.123364,-0.00605523,0.0974804,0.082143,0.0951155,0.0864624,1.10008,2.45985,0.371052,2.16142,-0.00605523,0.222547,60,10.1946,2.54865,1,0.0116832,0.0178521,0.0905168,0.197224
^FCHI,own1d<=-3%,all,5,IS (<2008),54,3.0274,0.611111,0.0396132,-0.0319248,0.0117928,0.00790387,0.0110998,0.0446127,0.248805,1.82833,0.0712609,2.50804,-0.0849888,0.115546,5,2.84484,0.711211,0.711211,0.0104426,0.000795011,0.028674,0.0277259
^FCHI,own1d<=-3%,all,5,OOS (2008-),70,3.73685,0.6,0.0349026,-0.0419605,0.00415735,0.0119591,0.00402291,0.0486318,0.0827218,0.692101,-0.575629,5.1215,-0.176369,0.149019,5,0.838632,0.209658,0.209658,0.00138347,0.000549951,0.0287237,0.0191462
^FCHI,own1d<=-3%,all,20,IS (<2008),36,2.01827,0.694444,0.0652219,-0.0677921,0.0245788,0.0370738,0.021581,0.0768351,0.280874,1.68524,-0.376495,2.79115,-0.151906,0.176288,20,1.76503,0.441259,0.441259,0.00845875,0.00265438,0.0541518,0.0490173
^FCHI,own1d<=-3%,all,20,OOS (2008-),48,2.56241,0.625,0.0648692,-0.0511316,0.0213689,0.0296436,0.0207169,0.0753721,0.274861,1.90429,-0.828867,5.89265,-0.25375,0.216986,20,1.58466,0.396166,0.396166,0.00936329,0.00230091,0.0529645,0.0434426
^FCHI,own1d<=-3%,all,60,IS (<2008),22,1.23338,0.727273,0.0848789,-0.0758692,0.0410385,0.0359161,0.0311991,0.0955445,0.32654,1.53161,-0.0314387,2.84543,-0.162566,0.251322,60,1.74414,0.436036,0.436036,0.00734989,0.00679804,0.0952832,0.0713456
^FCHI,own1d<=-3%,all,60,OOS (2008-),29,1.54812,0.62069,0.0639393,-0.0761171,0.0108145,0.0203513,0.00808965,0.0857916,0.0942942,0.50779,-0.620121,3.05825,-0.218245,0.157546,60,0.551896,0.137974,0.137974,0.000758611,0.0073353,0.0846953,0.0866081
^FCHI,own1d<=-3%,above200,5,IS (<2008),14,0.784881,0.642857,0.0263711,-0.0243312,0.00826311,0.0122398,0.00728465,0.0311839,0.233603,0.874062,-0.057186,2.37231,-0.0446899,0.0614244,5,3.98662,0.996656,0.996656,0.00249385,0.000795011,0.028674,0.0277259
^FCHI,own1d<=-3%,above200,5,OOS (2008-),16,0.854136,0.625,0.024597,-0.0322065,0.00329572,0.0121526,0.00300643,0.0320653,0.0937598,0.375039,-0.433035,1.90423,-0.0513939,0.0497054,5,1.52853,0.382133,0.382133,0.000430242,0.000549951,0.0287237,0.0191462
^FCHI,own1d<=-3%,above200,20,IS (<2008),12,0.672755,0.75,0.0419336,-0.0711202,0.0136702,0.0212207,0.00968007,0.0639663,0.151331,0.524225,-1.42579,4.7605,-0.151906,0.0841681,20,1.1558,0.288949,0.288949,0.000833317,0.00265438,0.0541518,0.0490173
^FCHI,own1d<=-3%,above200,20,OOS (2008-),16,0.854136,0.625,0.0529874,-0.0816916,0.00248274,0.0327835,0.00134313,0.0866437,0.0155018,0.0620072,-1.7458,5.72541,-0.25375,0.09045,20,0.0940866,0.0235217,0.0235217,1.18254e-05,0.00230091,0.0529645,0.0434426
^FCHI,own1d<=-3%,above200,60,IS (<2008),9,0.504566,0.777778,0.0897276,-0.0652457,0.0552891,0.0884618,0.0437853,0.0821428,0.533039,1.59912,-0.318489,2.36966,-0.0862135,0.18601,60,3.3352,0.833801,0.833801,0.00809413,0.00679804,0.0952832,0.0713456
^FCHI,own1d<=-3%,above200,60,OOS (2008-),13,0.693986,0.538462,0.0570189,-0.0852291,-0.008634,0.000782866,-0.0125106,0.0947081,-0.132096,-0.47628,-0.650241,2.88178,-0.218245,0.123658,60,0,0,0,0,0.0073353,0.0846953,0.0866081
^FCHI,own1d<=-3%,below200,5,IS (<2008),41,2.29858,0.609756,0.0428182,-0.0342978,0.0127241,0.00593583,0.0121209,0.0481484,0.25174,1.61193,0.0484785,2.3213,-0.0849888,0.115546,5,2.68275,0.670686,0.670686,0.00816404,0.000795011,0.028674,0.0277259
^FCHI,own1d<=-3%,below200,5,OOS (2008-),56,2.98948,0.589286,0.0377522,-0.0434382,0.00440612,0.0116052,0.00431749,0.0519108,0.0831715,0.622398,-0.571654,4.89635,-0.176369,0.149019,5,0.79306,0.198265,0.198265,0.00112322,0.000549951,0.0287237,0.0191462
^FCHI,own1d<=-3%,below200,20,IS (<2008),25,1.40157,0.64,0.0764325,-0.0743197,0.0221617,0.0361978,0.0195884,0.0879885,0.222624,1.11312,-0.21535,2.12181,-0.136525,0.176288,20,1.28572,0.321429,0.321429,0.00386811,0.00265438,0.0541518,0.0490173
^FCHI,own1d<=-3%,below200,20,OOS (2008-),35,1.86842,0.6,0.0695832,-0.0463925,0.0231929,0.0260892,0.0228083,0.0753817,0.30257,1.79003,-0.211066,4.11362,-0.181314,0.216986,20,1.91488,0.47872,0.47872,0.00899479,0.00230091,0.0529645,0.0434426
^FCHI,own1d<=-3%,below200,60,IS (<2008),15,0.840944,0.733333,0.0768274,-0.081181,0.0346919,0.0357378,0.0256731,0.0982822,0.261218,1.01169,0.0642278,3.26654,-0.162566,0.251322,60,1.40632,0.35158,0.35158,0.00332217,0.00679804,0.0952832,0.0713456
^FCHI,own1d<=-3%,below200,60,OOS (2008-),20,1.06767,0.65,0.0629956,-0.0678833,0.017188,0.0139374,0.0156985,0.0786236,0.199666,0.892933,-0.223923,2.12055,-0.117864,0.157546,60,1.30636,0.32659,0.32659,0.00239931,0.0073353,0.0846953,0.0866081
^FCHI,own1d<=-4%,all,5,IS (<2008),23,1.28945,0.565217,0.0436516,-0.0428089,0.00606006,0.00393428,0.00541932,0.0522478,0.103723,0.49744,0.000655958,1.83738,-0.0849888,0.0949956,5,1.03824,0.259559,0.259559,0.000793298,0.000795011,0.028674,0.0277259
^FCHI,own1d<=-4%,all,5,OOS (2008-),29,1.54812,0.551724,0.0411272,-0.0479937,0.00117642,0.0121996,0.00109533,0.0565934,0.0193544,0.104227,-1.03956,4.42157,-0.176369,0.0894911,5,0.175285,0.0438213,0.0438213,3.25494e-05,0.000549951,0.0287237,0.0191462
^FCHI,own1d<=-4%,all,20,IS (<2008),15,0.840944,0.733333,0.0817262,-0.0841008,0.0375057,0.0488066,0.0348711,0.0861335,0.404849,1.56797,-0.476453,1.97408,-0.108302,0.149777,20,2.32028,0.58007,0.58007,0.00748547,0.00265438,0.0541518,0.0490173
^FCHI,own1d<=-4%,all,20,OOS (2008-),21,1.12105,0.666667,0.069907,-0.0912076,0.0162021,0.0260892,0.0158316,0.0937178,0.168929,0.774128,-0.941371,3.36767,-0.228242,0.124442,20,0.872135,0.218034,0.218034,0.00170812,0.00230091,0.0529645,0.0434426
^FCHI,own1d<=-4%,all,60,IS (<2008),11,0.616692,0.818182,0.111054,-0.162552,0.0613071,0.088257,0.0524387,0.121955,0.429985,1.4261,-1.43394,3.96469,-0.232034,0.18601,60,1.47956,0.36989,0.36989,0.00536756,0.00679804,0.0952832,0.0713456
^FCHI,own1d<=-4%,all,60,OOS (2008-),14,0.747369,0.785714,0.0554965,-0.0893531,0.0244573,0.0442476,0.0230248,0.0840342,0.273993,1.02519,-1.89303,6.55313,-0.224899,0.118329,60,1.36939,0.342348,0.342348,0.00264414,0.0073353,0.0846953,0.0866081
^FCHI,own1d<=-4%,above200,5,IS (<2008),2,0.112126,0.5,0.0177419,-0.005907,0.00591743,0.00591743,0.00492418,0.0166527,0.295699,0.418181,,,-0.005907,0.0177419,5,0,0,0,0,0.000795011,0.028674,0.0277259
^FCHI,own1d<=-4%,above200,5,OOS (2008-),1,0.0533835,1,0.0121996,,0.0121996,0.0121996,0.0121885,,,,,,0.0121996,0.0121996,5,0,0,0,0,0.000549951,0.0287237,0.0191462
^FCHI,own1d<=-4%,above200,20,IS (<2008),2,0.112126,0.5,0.0841681,-0.108302,-0.012067,-0.012067,-0.0160356,0.135714,-0.118157,-0.1671,,,-0.108302,0.0841681,20,0,0,0,0,0.00265438,0.0541518,0.0490173
^FCHI,own1d<=-4%,above200,20,OOS (2008-),1,0.0533835,1,0.0526845,,0.0526845,0.0526845,0.0526357,,,,,,0.0526845,0.0526845,20,0,0,0,0,0.00230091,0.0529645,0.0434426
^FCHI,own1d<=-4%,above200,60,IS (<2008),2,0.112126,1,0.110934,,0.110934,0.110934,0.0992045,0.104136,0.952647,1.34725,,,0.035858,0.18601,60,0,0,0,0,0.00679804,0.0952832,0.0713456
^FCHI,own1d<=-4%,above200,60,OOS (2008-),1,0.0533835,1,0.000782866,,0.000782866,0.000782866,0.000412628,,,,,,0.000782866,0.000782866,60,0,0,0,0,0.0073353,0.0846953,0.0866081
^FCHI,own1d<=-4%,below200,5,IS (<2008),21,1.17732,0.571429,0.0458107,-0.0469091,0.00607364,0.00393428,0.00546648,0.0546711,0.0999885,0.458205,-0.00189116,1.69301,-0.0849888,0.0949956,5,0.960857,0.240214,0.240214,0.000676153,0.000795011,0.028674,0.0277259
^FCHI,own1d<=-4%,below200,5,OOS (2008-),28,1.49474,0.535714,0.0430557,-0.0479937,0.000782736,0.0134875,0.000699147,0.0575909,0.0121399,0.0642382,-1.00292,4.25281,-0.176369,0.0894911,5,0.108623,0.0271558,0.0271558,1.2425e-05,0.000549951,0.0287237,0.0191462
^FCHI,own1d<=-4%,below200,20,IS (<2008),13,0.728818,0.692308,0.0743723,-0.0911565,0.0234404,0.0373234,0.0209859,0.0898034,0.233687,0.842572,-0.426547,2.0004,-0.136525,0.149777,20,1.34413,0.336034,0.336034,0.00225835,0.00265438,0.0541518,0.0490173
^FCHI,own1d<=-4%,below200,20,OOS (2008-),20,1.06767,0.65,0.0712318,-0.0912076,0.014378,0.0243653,0.0139914,0.0957624,0.146106,0.653404,-0.873866,3.18743,-0.228242,0.124442,20,0.751946,0.187987,0.187987,0.00123749,0.00230091,0.0529645,0.0434426
^FCHI,own1d<=-4%,below200,60,IS (<2008),9,0.504566,0.777778,0.10319,-0.162552,0.0441363,0.0819551,0.0359372,0.127038,0.282885,0.848655,-1.3054,3.355,-0.232034,0.141865,60,1.05568,0.26392,0.26392,0.00213015,0.00679804,0.0952832,0.0713456
^FCHI,own1d<=-4%,below200,60,OOS (2008-),13,0.693986,0.769231,0.0609678,-0.0893531,0.0262784,0.063523,0.0247642,0.0872028,0.283984,1.02392,-1.90149,6.31362,-0.224899,0.118329,60,1.36762,0.341906,0.341906,0.00263848,0.0073353,0.0846953,0.0866081
^FCHI,own1d<=-5%,all,5,IS (<2008),9,0.504566,0.333333,0.0496246,-0.0566454,-0.0212221,-0.0484427,-0.0218768,0.0556293,-0.393261,-1.17978,0.821138,1.96978,-0.0755675,0.0708456,5,3.47901e-05,8.69752e-06,8.69752e-06,-5.2497e-14,0.000795011,0.028674,0.0277259
^FCHI,own1d<=-5%,all,5,OOS (2008-),14,0.747369,0.428571,0.0623,-0.051267,-0.00259544,-0.00579469,-0.00266854,0.0765684,-0.0348517,-0.130403,0.494876,3.61551,-0.139934,0.177289,5,0,0,0,0,0.000549951,0.0287237,0.0191462
^FCHI,own1d<=-5%,all,20,IS (<2008),7,0.392441,0.714286,0.048325,-0.059793,0.0174341,0.0373234,0.0147622,0.0614884,0.240081,0.635194,-1.00575,2.9701,-0.09693,0.0874609,20,2.01933,0.504833,0.504833,0.00129545,0.00265438,0.0541518,0.0490173
^FCHI,own1d<=-5%,all,20,OOS (2008-),10,0.533835,0.5,0.0517594,-0.0889194,-0.01858,0.00284663,-0.0188588,0.103148,-0.182832,-0.578167,-0.701739,2.99356,-0.228242,0.127419,20,6.04795e-05,1.51199e-05,1.51199e-05,-5.84305e-13,0.00230091,0.0529645,0.0434426
^FCHI,own1d<=-5%,all,60,IS (<2008),6,0.336378,0.666667,0.103371,-0.140916,0.0219422,0.0689046,0.0134521,0.135044,0.0996124,0.244,-0.615992,1.78719,-0.188761,0.1399,60,0.428929,0.107232,0.107232,0.000213012,0.00679804,0.0952832,0.0713456
^FCHI,own1d<=-5%,all,60,OOS (2008-),6,0.320301,0.833333,0.0651754,-0.224899,0.0168296,0.0568612,0.0158448,0.125795,0.125958,0.308532,-1.35558,3.41527,-0.224899,0.119912,60,0.550536,0.137634,0.137634,0.000308558,0.0073353,0.0846953,0.0866081
^FCHI,own1d<=-5%,above200,5,IS (<2008),0,0,,,,,,,,,,,,,,,,,,,0.000795011,0.028674,0.0277259
^FCHI,own1d<=-5%,above200,5,OOS (2008-),0,0,,,,,,,,,,,,,,,,,,,0.000549951,0.0287237,0.0191462
^FCHI,own1d<=-5%,above200,20,IS (<2008),0,0,,,,,,,,,,,,,,,,,,,0.00265438,0.0541518,0.0490173
^FCHI,own1d<=-5%,above200,20,OOS (2008-),0,0,,,,,,,,,,,,,,,,,,,0.00230091,0.0529645,0.0434426
^FCHI,own1d<=-5%,above200,60,IS (<2008),0,0,,,,,,,,,,,,,,,,,,,0.00679804,0.0952832,0.0713456
^FCHI,own1d<=-5%,above200,60,OOS (2008-),0,0,,,,,,,,,,,,,,,,,,,0.0073353,0.0846953,0.0866081
^FCHI,own1d<=-5%,below200,5,IS (<2008),9,0.504566,0.333333,0.0496246,-0.0566454,-0.0212221,-0.0484427,-0.0218768,0.0556293,-0.393261,-1.17978,0.821138,1.96978,-0.0755675,0.0708456,5,3.47901e-05,8.69752e-06,8.69752e-06,-5.2497e-14,0.000795011,0.028674,0.0277259
^FCHI,own1d<=-5%,below200,5,OOS (2008-),14,0.747369,0.428571,0.0623,-0.051267,-0.00259544,-0.00579469,-0.00266854,0.0765684,-0.0348517,-0.130403,0.494876,3.61551,-0.139934,0.177289,5,0,0,0,0,0.000549951,0.0287237,0.0191462
^FCHI,own1d<=-5%,below200,20,IS (<2008),7,0.392441,0.714286,0.048325,-0.059793,0.0174341,0.0373234,0.0147622,0.0614884,0.240081,0.635194,-1.00575,2.9701,-0.09693,0.0874609,20,2.01933,0.504833,0.504833,0.00129545,0.00265438,0.0541518,0.0490173
^FCHI,own1d<=-5%,below200,20,OOS (2008-),10,0.533835,0.5,0.0517594,-0.0889194,-0.01858,0.00284663,-0.0188588,0.103148,-0.182832,-0.578167,-0.701739,2.99356,-0.228242,0.127419,20,6.04795e-05,1.51199e-05,1.51199e-05,-5.84305e-13,0.00230091,0.0529645,0.0434426
^FCHI,own1d<=-5%,below200,60,IS (<2008),6,0.336378,0.666667,0.103371,-0.140916,0.0219422,0.0689046,0.0134521,0.135044,0.0996124,0.244,-0.615992,1.78719,-0.188761,0.1399,60,0.428929,0.107232,0.107232,0.000213012,0.00679804,0.0952832,0.0713456
^FCHI,own1d<=-5%,below200,60,OOS (2008-),6,0.320301,0.833333,0.0651754,-0.224899,0.0168296,0.0568612,0.0158448,0.125795,0.125958,0.308532,-1.35558,3.41527,-0.224899,0.119912,60,0.550536,0.137634,0.137634,0.000308558,0.0073353,0.0846953,0.0866081
^FCHI,ownDD<=-10%|first,all,5,IS (<2008),6,0.336378,0.666667,0.0459032,-0.0315113,0.0200984,0.0335093,0.0190508,0.0440637,0.432347,1.05903,-0.583123,2.08772,-0.04964,0.0710219,5,5.26372,1.31593,1,0.00291736,0.000795011,0.028674,0.0277259
^FCHI,ownDD<=-10%|first,all,5,OOS (2008-),4,0.213534,0.5,0.00322421,-0.0539502,-0.025363,-0.00161792,-0.0260763,0.0516246,-0.505113,-1.01023,-1.13275,2.31597,-0.103197,0.00498064,5,0,0,0,0,0.000549951,0.0287237,0.0191462
^FCHI,ownDD<=-10%|first,all,20,IS (<2008),6,0.336378,0.666667,0.0599461,-0.0666179,0.0177581,0.0437639,0.0135208,0.076452,0.176854,0.433202,-1.14052,2.96529,-0.121264,0.0862993,20,1.25407,0.313517,0.313517,0.000630628,0.00265438,0.0541518,0.0490173
^FCHI,ownDD<=-10%|first,all,20,OOS (2008-),4,0.213534,0.75,0.0542258,-0.0304039,0.0330683,0.0529306,0.0302185,0.0407046,0.742386,1.48477,-1.14317,2.32403,-0.0304039,0.056816,20,9.29505,2.32376,1,0.00306986,0.00230091,0.0529645,0.0434426
^FCHI,ownDD<=-10%|first,all,60,IS (<2008),6,0.336378,0.333333,0.135256,-0.0833693,-0.0104942,-0.0663975,-0.0230349,0.116564,-0.197616,-0.484059,0.534532,1.55631,-0.129817,0.139934,60,0,0,0,0,0.00679804,0.0952832,0.0713456
^FCHI,ownDD<=-10%|first,all,60,OOS (2008-),4,0.213534,0.75,0.0690338,-0.0748679,0.0330584,0.0560942,0.0245283,0.0726241,0.337744,0.675487,-0.723557,1.94888,-0.0748679,0.094913,60,2.77577,0.693944,0.693944,0.0016051,0.0073353,0.0846953,0.0866081
^FCHI,ownDD<=-10%|first,above200,5,IS (<2008),3,0.168189,1,0.0513966,,0.0513966,0.0455725,0.0504259,0.0174459,2.89042,5.00635,0.547465,,0.0375955,0.0710219,5,20,4.99999,1,0.0041718,0.000795011,0.028674,0.0277259
^FCHI,ownDD<=-10%|first,above200,5,OOS (2008-),0,0,,,,,,,,,,,,,,,,,,,0.000549951,0.0287237,0.0191462
^FCHI,ownDD<=-10%|first,above200,20,IS (<2008),3,0.168189,0.666667,0.0761283,-0.0119714,0.0467617,0.0659572,0.0428649,0.0518615,0.826526,1.43158,-0.583186,,-0.0119714,0.0862993,20,11.2302,2.80756,1,0.00341956,0.00265438,0.0541518,0.0490173
^FCHI,ownDD<=-10%|first,above200,20,OOS (2008-),0,0,,,,,,,,,,,,,,,,,,,0.00230091,0.0529645,0.0434426
^FCHI,ownDD<=-10%|first,above200,60,IS (<2008),3,0.168189,0.666667,0.135256,-0.0691428,0.0671231,0.130578,0.0557732,0.117421,0.474984,0.822696,-0.701123,,-0.0691428,0.139934,60,2.70917,0.677293,0.677293,0.00279418,0.00679804,0.0952832,0.0713456
^FCHI,ownDD<=-10%|first,above200,60,OOS (2008-),0,0,,,,,,,,,,,,,,,,,,,0.0073353,0.0846953,0.0866081
^FCHI,ownDD<=-10%|first,below200,5,IS (<2008),3,0.168189,0.333333,0.0294231,-0.0315113,-0.0111999,-0.0133827,-0.0123242,0.0399561,-0.308444,-0.534241,0.103547,,-0.04964,0.0294231,5,0,0,0,0,0.000795011,0.028674,0.0277259
^FCHI,ownDD<=-10%|first,below200,5,OOS (2008-),4,0.213534,0.5,0.00322421,-0.0539502,-0.025363,-0.00161792,-0.0260763,0.0516246,-0.505113,-1.01023,-1.13275,2.31597,-0.103197,0.00498064,5,0,0,0,0,0.000549951,0.0287237,0.0191462
^FCHI,ownDD<=-10%|first,below200,20,IS (<2008),3,0.168189,0.666667,0.0437639,-0.121264,-0.0112455,0.0384789,-0.0158232,0.0966407,-0.163732,-0.283592,-0.693798,,-0.121264,0.0490489,20,0,0,0,0,0.00265438,0.0541518,0.0490173
^FCHI,ownDD<=-10%|first,below200,20,OOS (2008-),4,0.213534,0.75,0.0542258,-0.0304039,0.0330683,0.0529306,0.0302185,0.0407046,0.742386,1.48477,-1.14317,2.32403,-0.0304039,0.056816,20,9.29505,2.32376,1,0.00306986,0.00230091,0.0529645,0.0434426
^FCHI,ownDD<=-10%|first,below200,60,IS (<2008),3,0.168189,0,,-0.0881115,-0.0881115,-0.0708656,-0.101843,0.0393419,-2.58866,-4.4837,-0.703919,,-0.129817,-0.0636523,60,0,0,0,0,0.00679804,0.0952832,0.0713456
^FCHI,ownDD<=-10%|first,below200,60,OOS (2008-),4,0.213534,0.75,0.0690338,-0.0748679,0.0330584,0.0560942,0.0245283,0.0726241,0.337744,0.675487,-0.723557,1.94888,-0.0748679,0.094913,60,2.77577,0.693944,0.693944,0.0016051,0.0073353,0.0846953,0.0866081
^FCHI,ownDD<=-15%|first,all,5,IS (<2008),4,0.224252,0.5,0.00862277,-0.0378361,-0.0146067,-0.005873,-0.0157073,0.0309249,-0.507916,-1.01583,-0.625791,1.78862,-0.056132,0.00945134,5,0,0,0,0,0.000795011,0.028674,0.0277259
^FCHI,ownDD<=-15%|first,all,5,OOS (2008-),2,0.106767,1,0.0479001,,0.0479001,0.0479001,0.0474419,0.0229374,2.06832,2.92505,,,0.0320612,0.0637389,5,0,0,0,0,0.000549951,0.0287237,0.0191462
^FCHI,ownDD<=-15%|first,all,20,IS (<2008),4,0.224252,0,,-0.07757,-0.07757,-0.0776797,-0.0819143,0.0342697,-2.39028,-4.78056,0.0192192,1.27049,-0.114449,-0.040472,20,0,0,0,0,0.00265438,0.0541518,0.0490173
^FCHI,ownDD<=-15%|first,all,20,OOS (2008-),2,0.106767,1,0.106805,,0.106805,0.106805,0.104939,0.0265485,3.95275,5.59003,,,0.0895145,0.124095,20,0,0,0,0,0.00230091,0.0529645,0.0434426
^FCHI,ownDD<=-15%|first,all,60,IS (<2008),4,0.224252,0.5,0.0220253,-0.105607,-0.041791,-0.0371983,-0.05438,0.0768441,-0.707667,-1.41533,-0.0300237,1.0499,-0.118144,0.0253764,60,0,0,0,0,0.00679804,0.0952832,0.0713456
^FCHI,ownDD<=-15%|first,all,60,OOS (2008-),2,0.106767,1,0.0773737,,0.0773737,0.0773737,0.0714233,0.00187407,38.1114,53.8976,,,0.0719132,0.0828342,60,0,0,0,0,0.0073353,0.0846953,0.0866081
^FCHI,ownDD<=-15%|first,above200,5,IS (<2008),1,0.0560629,0,,-0.0195402,-0.0195402,-0.0195402,-0.0204831,,,,,,-0.0195402,-0.0195402,5,0,0,0,0,0.000795011,0.028674,0.0277259
^FCHI,ownDD<=-15%|first,above200,5,OOS (2008-),0,0,,,,,,,,,,,,,,,,,,,0.000549951,0.0287237,0.0191462
^FCHI,ownDD<=-15%|first,above200,20,IS (<2008),1,0.0560629,0,,-0.114449,-0.114449,-0.114449,-0.118131,,,,,,-0.114449,-0.114449,20,0,0,0,0,0.00265438,0.0541518,0.0490173
^FCHI,ownDD<=-15%|first,above200,20,OOS (2008-),0,0,,,,,,,,,,,,,,,,,,,0.00230091,0.0529645,0.0434426
^FCHI,ownDD<=-15%|first,above200,60,IS (<2008),1,0.0560629,1,0.0186741,,0.0186741,0.0186741,0.00839597,,,,,,0.0186741,0.0186741,60,0,0,0,0,0.00679804,0.0952832,0.0713456
^FCHI,ownDD<=-15%|first,above200,60,OOS (2008-),0,0,,,,,,,,,,,,,,,,,,,0.0073353,0.0846953,0.0866081
^FCHI,ownDD<=-15%|first,below200,5,IS (<2008),3,0.168189,0.666667,0.00862277,-0.056132,-0.0129621,0.0077942,-0.0141153,0.0376739,-0.374671,-0.64895,-0.704832,,-0.056132,0.00945134,5,5.7366e-05,1.43415e-05,1.43415e-05,-1.63661e-14,0.000795011,0.028674,0.0277259
^FCHI,ownDD<=-15%|first,below200,5,OOS (2008-),2,0.106767,1,0.0479001,,0.0479001,0.0479001,0.0474419,0.0229374,2.06832,2.92505,,,0.0320612,0.0637389,5,0,0,0,0,0.000549951,0.0287237,0.0191462
^FCHI,ownDD<=-15%|first,below200,20,IS (<2008),3,0.168189,0,,-0.0652771,-0.0652771,-0.0584294,-0.0698422,0.029786,-2.3448,-4.06131,-0.464131,,-0.09693,-0.040472,20,4.35718e-05,1.0893e-05,1.0893e-05,-5.90191e-15,0.00265438,0.0541518,0.0490173
^FCHI,ownDD<=-15%|first,below200,20,OOS (2008-),2,0.106767,1,0.106805,,0.106805,0.106805,0.104939,0.0265485,3.95275,5.59003,,,0.0895145,0.124095,20,0,0,0,0,0.00230091,0.0529645,0.0434426
^FCHI,ownDD<=-15%|first,below200,60,IS (<2008),3,0.168189,0.333333,0.0253764,-0.105607,-0.0619461,-0.0930707,-0.0753053,0.0789323,-0.954049,-1.65246,0.656152,,-0.118144,0.0253764,60,4.74262e-05,1.18565e-05,1.18565e-05,-4.91023e-14,0.00679804,0.0952832,0.0713456
^FCHI,ownDD<=-15%|first,below200,60,OOS (2008-),2,0.106767,1,0.0773737,,0.0773737,0.0773737,0.0714233,0.00187407,38.1114,53.8976,,,0.0719132,0.0828342,60,0,0,0,0,0.0073353,0.0846953,0.0866081
^FCHI,ownDD<=-20%|first,all,5,IS (<2008),4,0.224252,0.5,0.0489716,-0.0119297,0.018521,0.0206279,0.0174759,0.036074,0.484446,0.968893,-0.0975966,1.22002,-0.0213625,0.0541905,5,9.25322,2.31331,1,0.00184316,0.000795011,0.028674,0.0277259
^FCHI,ownDD<=-20%|first,all,5,OOS (2008-),1,0.0533835,1,0.0313855,,0.0313855,0.0313855,0.0310657,,,,,,0.0313855,0.0313855,5,0,0,0,0,0.000549951,0.0287237,0.0191462
^FCHI,ownDD<=-20%|first,all,20,IS (<2008),4,0.224252,0.5,0.0734685,-0.0606697,0.00639943,0.00470523,0.00234685,0.101845,0.0230432,0.0460865,0.0741937,1.96833,-0.115999,0.132186,20,0.151,0.03775,0.03775,8.69066e-06,0.00265438,0.0541518,0.0490173
^FCHI,ownDD<=-20%|first,all,20,OOS (2008-),1,0.0533835,1,0.0250426,,0.0250426,0.0250426,0.0235736,,,,,,0.0250426,0.0250426,20,0,0,0,0,0.00230091,0.0529645,0.0434426
^FCHI,ownDD<=-20%|first,all,60,IS (<2008),4,0.224252,0.75,0.0484886,-0.00161961,0.0359616,0.0237541,0.0240195,0.0480624,0.499757,0.999514,0.533479,1.73787,-0.00161961,0.0979577,60,8.62269,2.15567,1,0.00248999,0.00679804,0.0952832,0.0713456
^FCHI,ownDD<=-20%|first,all,60,OOS (2008-),1,0.0533835,1,0.0549873,,0.0549873,0.0549873,0.0493428,,,,,,0.0549873,0.0549873,60,0,0,0,0,0.0073353,0.0846953,0.0866081
^FCHI,ownDD<=-20%|first,above200,5,IS (<2008),0,0,,,,,,,,,,,,,,,,,,,0.000795011,0.028674,0.0277259
^FCHI,ownDD<=-20%|first,above200,5,OOS (2008-),0,0,,,,,,,,,,,,,,,,,,,0.000549951,0.0287237,0.0191462
^FCHI,ownDD<=-20%|first,above200,20,IS (<2008),0,0,,,,,,,,,,,,,,,,,,,0.00265438,0.0541518,0.0490173
^FCHI,ownDD<=-20%|first,above200,20,OOS (2008-),0,0,,,,,,,,,,,,,,,,,,,0.00230091,0.0529645,0.0434426
^FCHI,ownDD<=-20%|first,above200,60,IS (<2008),0,0,,,,,,,,,,,,,,,,,,,0.00679804,0.0952832,0.0713456
^FCHI,ownDD<=-20%|first,above200,60,OOS (2008-),0,0,,,,,,,,,,,,,,,,,,,0.0073353,0.0846953,0.0866081
^FCHI,ownDD<=-20%|first,below200,5,IS (<2008),4,0.224252,0.5,0.0489716,-0.0119297,0.018521,0.0206279,0.0174759,0.036074,0.484446,0.968893,-0.0975966,1.22002,-0.0213625,0.0541905,5,9.25322,2.31331,1,0.00184316,0.000795011,0.028674,0.0277259
^FCHI,ownDD<=-20%|first,below200,5,OOS (2008-),1,0.0533835,1,0.0313855,,0.0313855,0.0313855,0.0310657,,,,,,0.0313855,0.0313855,5,0,0,0,0,0.000549951,0.0287237,0.0191462
^FCHI,ownDD<=-20%|first,below200,20,IS (<2008),4,0.224252,0.5,0.0734685,-0.0606697,0.00639943,0.00470523,0.00234685,0.101845,0.0230432,0.0460865,0.0741937,1.96833,-0.115999,0.132186,20,0.151,0.03775,0.03775,8.69066e-06,0.00265438,0.0541518,0.0490173
^FCHI,ownDD<=-20%|first,below200,20,OOS (2008-),1,0.0533835,1,0.0250426,,0.0250426,0.0250426,0.0235736,,,,,,0.0250426,0.0250426,20,0,0,0,0,0.00230091,0.0529645,0.0434426
^FCHI,ownDD<=-20%|first,below200,60,IS (<2008),4,0.224252,0.75,0.0484886,-0.00161961,0.0359616,0.0237541,0.0240195,0.0480624,0.499757,0.999514,0.533479,1.73787,-0.00161961,0.0979577,60,8.62269,2.15567,1,0.00248999,0.00679804,0.0952832,0.0713456
^FCHI,ownDD<=-20%|first,below200,60,OOS (2008-),1,0.0533835,1,0.0549873,,0.0549873,0.0549873,0.0493428,,,,,,0.0549873,0.0549873,60,0,0,0,0,0.0073353,0.0846953,0.0866081
^HSI,own1d<=-3%,all,5,IS (<2008),93,4.42814,0.591398,0.0455434,-0.0362145,0.0121369,0.0130748,0.0112108,0.0566926,0.197747,1.907,-1.12794,8.87889,-0.270276,0.158386,5,1.50345,0.375863,0.375863,0.00831148,0.00215655,0.0385061,0.0560054
^HSI,own1d<=-3%,all,5,OOS (2008-),74,3.95038,0.581081,0.0442839,-0.035535,0.0108463,0.013374,0.0106297,0.0504855,0.21055,1.81122,0.100906,3.17739,-0.114091,0.145232,5,2.10897,0.527242,0.527242,0.0096824,0.000169821,0.0331296,0.00512596
^HSI,own1d<=-3%,all,20,IS (<2008),59,2.80925,0.627119,0.0666418,-0.0762196,0.0133714,0.0125005,0.00968099,0.0972271,0.0995709,0.764819,-0.103384,4.87839,-0.290636,0.318545,20,0.514538,0.128635,0.128635,0.00153267,0.00860211,0.0788181,0.109139
^HSI,own1d<=-3%,all,20,OOS (2008-),47,2.50903,0.531915,0.0679838,-0.0555099,0.0101782,0.00432766,0.0091088,0.0788912,0.11546,0.791556,-0.0434968,2.77591,-0.174165,0.176593,20,0.743795,0.185949,0.185949,0.00185999,0.000843412,0.0631661,0.0133523
^HSI,own1d<=-3%,all,60,IS (<2008),36,1.71412,0.611111,0.143366,-0.107439,0.0458307,0.0527621,0.0349276,0.1678,0.20815,1.2489,-0.0222631,3.55412,-0.354493,0.439966,60,0.626002,0.1565,0.1565,0.00410605,0.0243592,0.135728,0.179471
^HSI,own1d<=-3%,all,60,OOS (2008-),28,1.49474,0.428571,0.0835677,-0.0808072,-0.0103608,-0.0139616,-0.0141178,0.11309,-0.124838,-0.660578,1.09097,5.63667,-0.195874,0.363433,60,0,0,0,0,0.00308578,0.106645,0.028935
^HSI,own1d<=-3%,above200,5,IS (<2008),39,1.85696,0.615385,0.0416246,-0.027625,0.0149902,0.0133933,0.0141014,0.0437933,0.321999,2.01088,0.132448,2.88024,-0.0792278,0.123208,5,3.77335,0.943337,0.943337,0.0107883,0.00215655,0.0385061,0.0560054
^HSI,own1d<=-3%,above200,5,OOS (2008-),10,0.533835,0.6,0.0164464,-0.037529,-0.00514379,0.00508178,-0.00541212,0.0307464,-0.176025,-0.556639,-0.590958,2.20384,-0.0636767,0.0327497,5,4.3002e-05,1.07505e-05,1.07505e-05,-2.62461e-14,0.000169821,0.0331296,0.00512596
^HSI,own1d<=-3%,above200,20,IS (<2008),26,1.23797,0.576923,0.0422512,-0.0881779,-0.0129303,0.00683155,-0.0165673,0.0915595,-0.180945,-0.922645,-1.1492,4.94704,-0.290636,0.148716,20,3.57781e-05,8.94454e-06,8.94454e-06,-3.99182e-13,0.00860211,0.0788181,0.109139
^HSI,own1d<=-3%,above200,20,OOS (2008-),10,0.533835,0.5,0.0298014,-0.0284337,0.000683849,-0.0025081,-0.000370754,0.0425723,-0.00870881,-0.0275397,1.19005,4.37294,-0.0549265,0.100637,20,6.4435e-05,1.61088e-05,1.61088e-05,-1.12979e-13,0.000843412,0.0631661,0.0133523
^HSI,own1d<=-3%,above200,60,IS (<2008),20,0.952288,0.6,0.132883,-0.110716,0.0354432,0.0224171,0.0242231,0.166688,0.14532,0.649892,0.0637514,3.1133,-0.28062,0.40829,60,0.45833,0.114582,0.114582,0.00115613,0.0243592,0.135728,0.179471
^HSI,own1d<=-3%,above200,60,OOS (2008-),9,0.480452,0.444444,0.0844818,-0.0575153,0.00559454,-0.0121304,0.00265366,0.1098,0.0241681,0.0725043,1.25231,4.27655,-0.139767,0.253858,60,0.12583,0.0314575,0.0314575,1.75126e-05,0.00308578,0.106645,0.028935
^HSI,own1d<=-3%,below200,5,IS (<2008),58,2.76163,0.568966,0.0499245,-0.0439097,0.00947871,0.0127263,0.00851568,0.0632395,0.134658,1.02552,-0.791717,5.85348,-0.232281,0.158386,5,1.01327,0.253317,0.253317,0.00262637,0.00215655,0.0385061,0.0560054
^HSI,own1d<=-3%,below200,5,OOS (2008-),65,3.46993,0.584615,0.0508201,-0.0352396,0.0150722,0.0147803,0.0148665,0.0537644,0.276511,2.22931,0.0327862,2.9253,-0.114091,0.145232,5,2.57678,0.644195,0.644195,0.0145443,0.000169821,0.0331296,0.00512596
^HSI,own1d<=-3%,below200,20,IS (<2008),36,1.71412,0.638889,0.0835113,-0.0936145,0.0195492,0.0238032,0.015757,0.116158,0.135652,0.813911,-0.23545,3.8758,-0.284229,0.318545,20,0.586299,0.146575,0.146575,0.00173655,0.00860211,0.0788181,0.109139
^HSI,own1d<=-3%,below200,20,OOS (2008-),39,2.08196,0.538462,0.0778684,-0.0600426,0.0142172,0.00696534,0.0131535,0.0849168,0.154898,0.96734,-0.183306,2.50177,-0.174165,0.176593,20,0.920211,0.230053,0.230053,0.00276061,0.000843412,0.0631661,0.0133523
^HSI,own1d<=-3%,below200,60,IS (<2008),21,0.999902,0.571429,0.150805,-0.0957724,0.045129,0.0505458,0.034118,0.161123,0.211751,0.970366,0.24746,3.39749,-0.269033,0.439966,60,0.698347,0.174587,0.174587,0.00260024,0.0243592,0.135728,0.179471
^HSI,own1d<=-3%,below200,60,OOS (2008-),23,1.22782,0.478261,0.109002,-0.0926025,0.00381714,-0.00162958,-9.72811e-05,0.130811,-0.000743678,-0.00356655,0.779358,3.78339,-0.195874,0.363433,60,0,0,0,0,0.00308578,0.106645,0.028935
^HSI,own1d<=-4%,all,5,IS (<2008),45,2.14265,0.6,0.0496477,-0.0491772,0.0101178,0.0130748,0.00916334,0.0694978,0.131851,0.884482,-1.16555,7.51355,-0.270276,0.158386,5,0.884857,0.221214,0.221214,0.00192031,0.00215655,0.0385061,0.0560054
^HSI,own1d<=-4%,all,5,OOS (2008-),34,1.81504,0.617647,0.0590954,-0.0426199,0.0202042,0.0191702,0.020037,0.0658725,0.304179,1.77365,0.358608,3.13651,-0.115946,0.187472,5,2.4558,0.613951,0.613951,0.00971683,0.000169821,0.0331296,0.00512596
^HSI,own1d<=-4%,all,20,IS (<2008),33,1.57127,0.515152,0.0774764,-0.0726615,0.00468227,0.000368448,0.000880129,0.10846,0.00811477,0.0466158,0.745047,4.20877,-0.191111,0.318545,20,0.0386976,0.0096744,0.0096744,5.85113e-06,0.00860211,0.0788181,0.109139
^HSI,own1d<=-4%,all,20,OOS (2008-),21,1.12105,0.52381,0.102575,-0.0556141,0.0272466,0.00432766,0.026411,0.110025,0.240046,1.10003,0.542494,2.88225,-0.175625,0.275354,20,1.21309,0.303272,0.303272,0.00389711,0.000843412,0.0631661,0.0133523
^HSI,own1d<=-4%,all,60,IS (<2008),23,1.09513,0.608696,0.140053,-0.102305,0.045217,0.0505458,0.0339349,0.159021,0.213398,1.02342,0.447555,3.69958,-0.252043,0.471429,60,0.725014,0.181253,0.181253,0.00293336,0.0243592,0.135728,0.179471
^HSI,own1d<=-4%,all,60,OOS (2008-),16,0.854136,0.5,0.177898,-0.0908272,0.0435352,-0.00510582,0.0405876,0.17618,0.230375,0.9215,0.978159,3.08627,-0.16406,0.452144,60,0.786948,0.196737,0.196737,0.0029358,0.00308578,0.106645,0.028935
^HSI,own1d<=-4%,above200,5,IS (<2008),18,0.857059,0.666667,0.0384414,-0.0345215,0.0141205,0.0236244,0.01323,0.0423519,0.312384,1.32533,-0.122149,2.47825,-0.0592173,0.0941803,5,3.79681,0.949202,0.949202,0.00471546,0.00215655,0.0385061,0.0560054
^HSI,own1d<=-4%,above200,5,OOS (2008-),4,0.213534,0.5,0.0136942,-0.0458472,-0.0160765,-0.0113393,-0.0165038,0.0381884,-0.432168,-0.864336,-0.296863,1.58957,-0.0636767,0.0220492,5,0,0,0,0,0.000169821,0.0331296,0.00512596
^HSI,own1d<=-4%,above200,20,IS (<2008),16,0.76183,0.5,0.0498134,-0.062442,-0.00631434,0.00304482,-0.00989805,0.0797339,-0.124139,-0.496554,-0.675226,3.35603,-0.191111,0.118814,20,6.16789e-05,1.54197e-05,1.54197e-05,-5.39807e-13,0.00860211,0.0788181,0.109139
^HSI,own1d<=-4%,above200,20,OOS (2008-),4,0.213534,0.5,0.0177375,-0.0353351,-0.00879876,-0.000720735,-0.0104661,0.0343432,-0.304751,-0.609502,-0.584692,1.79755,-0.0549265,0.0211729,20,0,0,0,0,0.000843412,0.0631661,0.0133523
^HSI,own1d<=-4%,above200,60,IS (<2008),12,0.571373,0.5,0.115573,-0.117462,-0.000944198,0.00860947,-0.011855,0.145711,-0.0813599,-0.281839,-0.190814,2.02902,-0.252043,0.213953,60,6.53669e-05,1.63417e-05,1.63417e-05,-1.48484e-12,0.0243592,0.135728,0.179471
^HSI,own1d<=-4%,above200,60,OOS (2008-),3,0.160151,0.333333,0.0150125,-0.0575552,-0.0333659,-0.0565222,-0.0382567,0.0430471,-0.888716,-1.5393,0.642557,,-0.0585882,0.0150125,60,0,0,0,0,0.00308578,0.106645,0.028935
^HSI,own1d<=-4%,below200,5,IS (<2008),30,1.42843,0.566667,0.0600473,-0.0547444,0.0103042,0.011979,0.00929417,0.0813424,0.11426,0.625827,-1.09562,6.08667,-0.270276,0.158386,5,0.676888,0.169222,0.169222,0.000990888,0.00215655,0.0385061,0.0560054
^HSI,own1d<=-4%,below200,5,OOS (2008-),30,1.60151,0.633333,0.0688797,-0.0420332,0.0282116,0.0317488,0.0280781,0.0696143,0.403338,2.20917,0.155763,2.75475,-0.115946,0.187472,5,3.00057,0.750142,0.750142,0.0147142,0.000169821,0.0331296,0.00512596
^HSI,own1d<=-4%,below200,20,IS (<2008),20,0.952288,0.55,0.0939934,-0.0951747,0.00886774,0.00577757,0.00479608,0.131496,0.0364732,0.163113,0.639485,3.17708,-0.193525,0.318545,20,0.147713,0.0369283,0.0369283,7.36835e-05,0.00860211,0.0788181,0.109139
^HSI,own1d<=-4%,below200,20,OOS (2008-),18,0.960903,0.555556,0.117749,-0.0606839,0.0384457,0.0144369,0.0377451,0.117326,0.321711,1.3649,0.260609,2.46802,-0.175625,0.275354,20,1.49655,0.374137,0.374137,0.00590336,0.000843412,0.0631661,0.0133523
^HSI,own1d<=-4%,below200,60,IS (<2008),14,0.666601,0.571429,0.158412,-0.0888961,0.0524229,0.0482196,0.0403555,0.172873,0.23344,0.873451,0.767118,3.7337,-0.218062,0.471429,60,0.78667,0.196668,0.196668,0.00229037,0.0243592,0.135728,0.179471
^HSI,own1d<=-4%,below200,60,OOS (2008-),13,0.693986,0.538462,0.206594,-0.101918,0.0642038,0.0406387,0.0616786,0.192269,0.320793,1.15663,0.641024,2.38135,-0.16406,0.452144,60,1.01267,0.253168,0.253168,0.00466305,0.00308578,0.106645,0.028935
^HSI,own1d<=-5%,all,5,IS (<2008),25,1.19036,0.48,0.0559515,-0.033819,0.00927086,-0.00658682,0.00827642,0.0586227,0.141181,0.705906,0.667252,3.16062,-0.0863853,0.158386,5,1.31242,0.328104,0.328104,0.00140597,0.00215655,0.0385061,0.0560054
^HSI,own1d<=-5%,all,5,OOS (2008-),18,0.960903,0.611111,0.045573,-0.037522,0.0132583,0.0213009,0.0130078,0.0479399,0.271335,1.15118,0.0273293,1.9409,-0.0636767,0.101777,5,3.01421,0.753553,0.753553,0.00411117,0.000169821,0.0331296,0.00512596
^HSI,own1d<=-5%,all,20,IS (<2008),21,0.999902,0.571429,0.0697754,-0.0826884,0.0044338,0.0150405,0.000587442,0.102977,0.00570462,0.0261418,-0.701878,4.05296,-0.273211,0.19779,20,0.0290392,0.00725979,0.00725979,1.86594e-06,0.00860211,0.0788181,0.109139
^HSI,own1d<=-5%,all,20,OOS (2008-),15,0.800753,0.533333,0.0789851,-0.0708135,0.00907905,0.0123482,0.0080313,0.0983218,0.0816838,0.31636,-0.122603,2.31651,-0.175625,0.168834,20,0.442529,0.110632,0.110632,0.000311445,0.000843412,0.0631661,0.0133523
^HSI,own1d<=-5%,all,60,IS (<2008),17,0.809445,0.647059,0.15502,-0.149249,0.0476307,0.0549784,0.0359119,0.181861,0.197469,0.814185,0.385573,2.8819,-0.218062,0.471429,60,0.596462,0.149116,0.149116,0.00188738,0.0243592,0.135728,0.179471
^HSI,own1d<=-5%,all,60,OOS (2008-),12,0.640602,0.583333,0.142253,-0.0959751,0.0429913,0.0258534,0.0394549,0.166775,0.236575,0.81952,1.01867,3.88355,-0.16406,0.452144,60,0.871475,0.217869,0.217869,0.00237127,0.00308578,0.106645,0.028935
^HSI,own1d<=-5%,above200,5,IS (<2008),9,0.42853,0.444444,0.0270241,-0.0469412,-0.0140677,-0.010996,-0.0150375,0.0447089,-0.336343,-1.00903,-0.401048,1.674,-0.0863853,0.0306933,5,0,0,0,0,0.00215655,0.0385061,0.0560054
^HSI,own1d<=-5%,above200,5,OOS (2008-),3,0.160151,0.333333,0.00533915,-0.0458472,-0.0287851,-0.0280178,-0.0293512,0.0346004,-0.848291,-1.46928,-0.0230952,,-0.0636767,0.00533915,5,5.26456e-05,1.31614e-05,1.31614e-05,-1.10707e-14,0.000169821,0.0331296,0.00512596
^HSI,own1d<=-5%,above200,20,IS (<2008),9,0.42853,0.555556,0.0620641,-0.107438,-0.0132703,0.0125005,-0.017134,0.121294,-0.14126,-0.42378,-1.09833,3.51295,-0.273211,0.118814,20,0,0,0,0,0.00860211,0.0788181,0.109139
^HSI,own1d<=-5%,above200,20,OOS (2008-),3,0.160151,0.666667,0.0177375,-0.0549265,-0.00648381,0.0143021,-0.00869254,0.0418367,-0.207773,-0.359873,-0.669212,,-0.0549265,0.0211729,20,0,0,0,0,0.000843412,0.0631661,0.0133523
^HSI,own1d<=-5%,above200,60,IS (<2008),8,0.380915,0.5,0.12288,-0.131122,-0.00412091,0.00764148,-0.016057,0.149009,-0.107758,-0.304786,0.115328,1.55869,-0.181352,0.213953,60,6.09471e-05,1.52368e-05,1.52368e-05,-8.59049e-13,0.0243592,0.135728,0.179471
^HSI,own1d<=-5%,above200,60,OOS (2008-),2,0.106767,0.5,0.0150125,-0.0585882,-0.0217878,-0.0217878,-0.0290366,0.0565337,-0.513617,-0.726364,,,-0.0585882,0.0150125,60,0,0,0,0,0.00308578,0.106645,0.028935
^HSI,own1d<=-5%,below200,5,IS (<2008),17,0.809445,0.470588,0.0704152,-0.0265064,0.0191038,-0.00658682,0.0180551,0.0621843,0.290349,1.19714,0.736815,2.63283,-0.0739181,0.158386,5,2.77622,0.694056,0.694056,0.00436793,0.00215655,0.0385061,0.0560054
^HSI,own1d<=-5%,below200,5,OOS (2008-),16,0.854136,0.6875,0.0555746,-0.0341919,0.0275226,0.0317488,0.027319,0.0505963,0.53994,2.15976,-0.0285894,2.05164,-0.0501498,0.115357,5,5.68157,1.42039,1,0.0105873,0.000169821,0.0331296,0.00512596
^HSI,own1d<=-5%,below200,20,IS (<2008),13,0.618987,0.538462,0.0752835,-0.0846612,0.00146289,0.0150405,-0.00257859,0.104758,-0.0246148,-0.08875,-0.0525187,2.7042,-0.193525,0.19779,20,4.88547e-05,1.22137e-05,1.22137e-05,-4.67686e-13,0.00860211,0.0788181,0.109139
^HSI,own1d<=-5%,below200,20,OOS (2008-),13,0.693986,0.538462,0.0972935,-0.0734614,0.0184835,0.0123482,0.017651,0.106225,0.166166,0.599119,-0.347761,2.09327,-0.175625,0.168834,20,0.822829,0.205707,0.205707,0.00110557,0.000843412,0.0631661,0.0133523
^HSI,own1d<=-5%,below200,60,IS (<2008),11,0.523758,0.636364,0.173385,-0.117587,0.0675772,0.0523448,0.0555633,0.192474,0.288679,0.95744,0.502293,3.00743,-0.218062,0.471429,60,0.877107,0.219277,0.219277,0.00276668,0.0243592,0.135728,0.179471
^HSI,own1d<=-5%,below200,60,OOS (2008-),10,0.533835,0.6,0.169791,-0.105322,0.0597459,0.0635302,0.0569183,0.181527,0.313553,0.991543,0.710042,3.08903,-0.16406,0.452144,60,1.06846,0.267116,0.267116,0.00349682,0.00308578,0.106645,0.028935
^HSI,ownDD<=-10%|first,all,5,IS (<2008),13,0.618987,0.615385,0.0450834,-0.0156576,0.0217215,0.0133933,0.0208635,0.0462152,0.451443,1.6277,1.16048,3.42198,-0.0342027,0.123208,5,7.06853,1.76713,1,0.0058445,0.00215655,0.0385061,0.0560054
^HSI,ownDD<=-10%|first,all,5,OOS (2008-),1,0.0533835,1,0.0658815,,0.0658815,0.0658815,0.065566,,,,,,0.0658815,0.0658815,5,0,0,0,0,0.000169821,0.0331296,0.00512596
^HSI,ownDD<=-10%|first,all,20,IS (<2008),13,0.618987,0.769231,0.0684154,-0.0508284,0.0408976,0.0484898,0.0374462,0.0781098,0.479404,1.72852,0.430125,3.89928,-0.104858,0.220045,20,3.34713,0.836783,0.836783,0.00845195,0.00860211,0.0788181,0.109139
^HSI,ownDD<=-10%|first,all,20,OOS (2008-),1,0.0533835,1,0.0659872,,0.0659872,0.0659872,0.0646908,,,,,,0.0659872,0.0659872,20,0,0,0,0,0.000843412,0.0631661,0.0133523
^HSI,ownDD<=-10%|first,all,60,IS (<2008),12,0.571373,0.75,0.164216,-0.103562,0.0972717,0.10556,0.0866311,0.163935,0.528448,1.8306,-0.175041,3.89819,-0.252043,0.429179,60,1.52171,0.380428,0.380428,0.00833925,0.0243592,0.135728,0.179471
^HSI,ownDD<=-10%|first,all,60,OOS (2008-),1,0.0533835,1,0.0563911,,0.0563911,0.0563911,0.0522776,,,,,,0.0563911,0.0563911,60,0,0,0,0,0.00308578,0.106645,0.028935
^HSI,ownDD<=-10%|first,above200,5,IS (<2008),10,0.476144,0.7,0.0460346,-0.0152555,0.0276476,0.017004,0.0268114,0.0495688,0.540894,1.71046,0.990469,2.85064,-0.0342027,0.123208,5,8.17486,2.04372,1,0.00584224,0.00215655,0.0385061,0.0560054
^HSI,ownDD<=-10%|first,above200,5,OOS (2008-),1,0.0533835,1,0.0658815,,0.0658815,0.0658815,0.065566,,,,,,0.0658815,0.0658815,5,0,0,0,0,0.000169821,0.0331296,0.00512596
^HSI,ownDD<=-10%|first,above200,20,IS (<2008),10,0.476144,0.9,0.0740627,-0.104858,0.0561706,0.0503422,0.0528302,0.0821662,0.642968,2.03324,0.0607898,3.90229,-0.104858,0.220045,20,3.79571,0.948927,0.948927,0.0105391,0.00860211,0.0788181,0.109139
^HSI,ownDD<=-10%|first,above200,20,OOS (2008-),1,0.0533835,1,0.0659872,,0.0659872,0.0659872,0.0646908,,,,,,0.0659872,0.0659872,20,0,0,0,0,0.000843412,0.0631661,0.0133523
^HSI,ownDD<=-10%|first,above200,60,IS (<2008),9,0.42853,0.666667,0.172329,-0.103562,0.0803651,0.0924917,0.0699869,0.188016,0.37224,1.11672,0.105645,3.17537,-0.252043,0.429179,60,1.09025,0.272562,0.272562,0.003577,0.0243592,0.135728,0.179471
^HSI,ownDD<=-10%|first,above200,60,OOS (2008-),1,0.0533835,1,0.0563911,,0.0563911,0.0563911,0.0522776,,,,,,0.0563911,0.0563911,60,0,0,0,0,0.00308578,0.106645,0.028935
^HSI,ownDD<=-10%|first,below200,5,IS (<2008),3,0.142843,0.333333,0.0384251,-0.0162607,0.00196789,-0.0143646,0.0010372,0.0314925,0.0329348,0.0570447,0.693068,,-0.0181568,0.0384251,5,0.795791,0.198948,0.198948,1.28726e-05,0.00215655,0.0385061,0.0560054
^HSI,ownDD<=-10%|first,below200,5,OOS (2008-),0,0,,,,,,,,,,,,,,,,,,,0.000169821,0.0331296,0.00512596
^HSI,ownDD<=-10%|first,below200,20,IS (<2008),3,0.142843,0.333333,0.0175897,-0.0238135,-0.0100124,-0.00206301,-0.0138341,0.0331398,-0.417446,-0.723038,-0.38512,,-0.0455639,0.0175897,20,0,0,0,0,0.00860211,0.0788181,0.109139
^HSI,ownDD<=-10%|first,below200,20,OOS (2008-),0,0,,,,,,,,,,,,,,,,,,,0.000843412,0.0631661,0.0133523
^HSI,ownDD<=-10%|first,below200,60,IS (<2008),3,0.142843,1,0.147992,,0.147992,0.165721,0.136564,0.0377429,3.61827,6.26702,-0.632804,,0.107114,0.17114,60,20,4.99999,1,0.00937484,0.0243592,0.135728,0.179471
^HSI,ownDD<=-10%|first,below200,60,OOS (2008-),0,0,,,,,,,,,,,,,,,,,,,0.00308578,0.106645,0.028935
^HSI,ownDD<=-15%|first,all,5,IS (<2008),6,0.285686,0.666667,0.0791922,-0.0486621,0.0365741,0.0604217,0.0357403,0.0733361,0.487349,1.19376,-0.921896,2.47153,-0.0907373,0.101745,5,3.28825,0.822062,0.822062,0.00373046,0.00215655,0.0385061,0.0560054
^HSI,ownDD<=-15%|first,all,5,OOS (2008-),1,0.0533835,1,0.0264724,,0.0264724,0.0264724,0.0260831,,,,,,0.0264724,0.0264724,5,0,0,0,0,0.000169821,0.0331296,0.00512596
^HSI,ownDD<=-15%|first,all,20,IS (<2008),6,0.285686,0.666667,0.0674986,-0.0925885,0.0141362,0.0294759,0.010753,0.0912837,0.117798,0.288545,-0.302326,1.62964,-0.109794,0.119812,20,0.760933,0.190233,0.190233,0.000256105,0.00860211,0.0788181,0.109139
^HSI,ownDD<=-15%|first,all,20,OOS (2008-),1,0.0533835,0,,-0.0334829,-0.0334829,-0.0334829,-0.0350674,,,,,,-0.0334829,-0.0334829,20,0,0,0,0,0.000843412,0.0631661,0.0133523
^HSI,ownDD<=-15%|first,all,60,IS (<2008),6,0.285686,0.5,0.145996,-0.141669,0.00216344,-0.0432901,-0.00799939,0.186564,-0.0428775,-0.105028,0.485945,2.0328,-0.216698,0.291665,60,5.82332e-05,1.45583e-05,1.45583e-05,-8.78121e-13,0.0243592,0.135728,0.179471
^HSI,ownDD<=-15%|first,all,60,OOS (2008-),1,0.0533835,0,,-0.0925081,-0.0925081,-0.0925081,-0.0974656,,,,,,-0.0925081,-0.0925081,60,0,0,0,0,0.00308578,0.106645,0.028935
^HSI,ownDD<=-15%|first,above200,5,IS (<2008),3,0.142843,1,0.0861497,,0.0861497,0.0941803,0.0854204,0.0206515,4.13628,7.16425,-0.612427,,0.0625235,0.101745,5,20,4.99999,1,0.00595537,0.00215655,0.0385061,0.0560054
^HSI,ownDD<=-15%|first,above200,5,OOS (2008-),0,0,,,,,,,,,,,,,,,,,,,0.000169821,0.0331296,0.00512596
^HSI,ownDD<=-15%|first,above200,20,IS (<2008),3,0.142843,1,0.0595879,,0.0595879,0.0378838,0.0566857,0.051956,1.09103,1.88972,0.623994,,0.021068,0.119812,20,20,4.99999,1,0.00387266,0.00860211,0.0788181,0.109139
^HSI,ownDD<=-15%|first,above200,20,OOS (2008-),0,0,,,,,,,,,,,,,,,,,,,0.000843412,0.0631661,0.0133523
^HSI,ownDD<=-15%|first,above200,60,IS (<2008),3,0.142843,0,,-0.141669,-0.141669,-0.115806,-0.150471,0.0688343,-2.18598,-3.78623,-0.605753,,-0.216698,-0.0925029,60,0,0,0,0,0.0243592,0.135728,0.179471
^HSI,ownDD<=-15%|first,above200,60,OOS (2008-),0,0,,,,,,,,,,,,,,,,,,,0.00308578,0.106645,0.028935
^HSI,ownDD<=-15%|first,below200,5,IS (<2008),3,0.142843,0.333333,0.05832,-0.0486621,-0.0130014,-0.00658682,-0.0139399,0.0749308,-0.186037,-0.322225,-0.151889,,-0.0907373,0.05832,5,0,0,0,0,0.00215655,0.0385061,0.0560054
^HSI,ownDD<=-15%|first,below200,5,OOS (2008-),1,0.0533835,1,0.0264724,,0.0264724,0.0264724,0.0260831,,,,,,0.0264724,0.0264724,5,0,0,0,0,0.000169821,0.0331296,0.00512596
^HSI,ownDD<=-15%|first,below200,20,IS (<2008),3,0.142843,0.333333,0.0912307,-0.0925885,-0.0313154,-0.0753829,-0.0351796,0.108641,-0.323814,-0.560862,0.62864,,-0.109794,0.0912307,20,0,0,0,0,0.00860211,0.0788181,0.109139
^HSI,ownDD<=-15%|first,below200,20,OOS (2008-),1,0.0533835,0,,-0.0334829,-0.0334829,-0.0334829,-0.0350674,,,,,,-0.0334829,-0.0334829,20,0,0,0,0,0.000843412,0.0631661,0.0133523
^HSI,ownDD<=-15%|first,below200,60,IS (<2008),3,0.142843,1,0.145996,,0.145996,0.1404,0.134472,0.146229,0.919601,1.5928,0.0973731,,0.0059227,0.291665,60,6.06538,1.51634,1,0.00839933,0.0243592,0.135728,0.179471
^HSI,ownDD<=-15%|first,below200,60,OOS (2008-),1,0.0533835,0,,-0.0925081,-0.0925081,-0.0925081,-0.0974656,,,,,,-0.0925081,-0.0925081,60,0,0,0,0,0.00308578,0.106645,0.028935
^HSI,ownDD<=-20%|first,all,5,IS (<2008),5,0.238072,0,,-0.0857843,-0.0857843,-0.04289,-0.0866944,0.108252,-0.800855,-1.79077,-1.186,2.79294,-0.270276,-0.003825,5,4.92856e-05,1.23214e-05,1.23214e-05,-1.6942e-13,0.00215655,0.0385061,0.0560054
^HSI,ownDD<=-20%|first,all,5,OOS (2008-),2,0.106767,0.5,0.0392839,-0.0636767,-0.0121964,-0.0121964,-0.0126521,0.0728532,-0.173666,-0.245601,,,-0.0636767,0.0392839,5,0,0,0,0,0.000169821,0.0331296,0.00512596
^HSI,ownDD<=-20%|first,all,20,IS (<2008),5,0.238072,0.4,0.0567124,-0.102523,-0.0388287,-0.0229682,-0.0425114,0.102904,-0.413115,-0.923753,-0.29238,1.50852,-0.174806,0.0613463,20,5.47135e-05,1.36784e-05,1.36784e-05,-1.88671e-13,0.00860211,0.0788181,0.109139
^HSI,ownDD<=-20%|first,all,20,OOS (2008-),2,0.106767,0,,-0.0382686,-0.0382686,-0.0382686,-0.0400206,0.0236043,-1.69548,-2.39777,,,-0.0549265,-0.0216108,20,0,0,0,0,0.000843412,0.0631661,0.0133523
^HSI,ownDD<=-20%|first,all,60,IS (<2008),5,0.238072,0.6,0.134772,-0.167816,0.0137366,0.0059227,0.00250354,0.202561,0.0123595,0.0276366,-0.428337,1.98232,-0.283155,0.226502,60,0.0380258,0.00950644,0.00950644,2.47973e-06,0.0243592,0.135728,0.179471
^HSI,ownDD<=-20%|first,all,60,OOS (2008-),2,0.106767,0,,-0.0292612,-0.0292612,-0.0292612,-0.0339999,0.00724998,-4.68966,-6.63218,,,-0.0350495,-0.023473,60,0,0,0,0,0.00308578,0.106645,0.028935
^HSI,ownDD<=-20%|first,above200,5,IS (<2008),1,0.0476144,0,,-0.0211935,-0.0211935,-0.0211935,-0.0218852,,,,,,-0.0211935,-0.0211935,5,0,0,0,0,0.00215655,0.0385061,0.0560054
^HSI,ownDD<=-20%|first,above200,5,OOS (2008-),1,0.0533835,0,,-0.0636767,-0.0636767,-0.0636767,-0.0641672,,,,,,-0.0636767,-0.0636767,5,0,0,0,0,0.000169821,0.0331296,0.00512596
^HSI,ownDD<=-20%|first,above200,20,IS (<2008),1,0.0476144,0,,-0.0229682,-0.0229682,-0.0229682,-0.0257793,,,,,,-0.0229682,-0.0229682,20,0,0,0,0,0.00860211,0.0788181,0.109139
^HSI,ownDD<=-20%|first,above200,20,OOS (2008-),1,0.0533835,0,,-0.0549265,-0.0549265,-0.0549265,-0.0567114,,,,,,-0.0549265,-0.0549265,20,0,0,0,0,0.000843412,0.0631661,0.0133523
^HSI,ownDD<=-20%|first,above200,60,IS (<2008),1,0.0476144,0,,-0.0524769,-0.0524769,-0.0524769,-0.0617542,,,,,,-0.0524769,-0.0524769,60,0,0,0,0,0.0243592,0.135728,0.179471
^HSI,ownDD<=-20%|first,above200,60,OOS (2008-),1,0.0533835,0,,-0.0350495,-0.0350495,-0.0350495,-0.0391264,,,,,,-0.0350495,-0.0350495,60,0,0,0,0,0.00308578,0.106645,0.028935
^HSI,ownDD<=-20%|first,below200,5,IS (<2008),4,0.190458,0,,-0.101932,-0.101932,-0.0668137,-0.102897,0.117791,-0.873555,-1.74711,-0.851306,2.09998,-0.270276,-0.003825,5,5.4309e-05,1.35773e-05,1.35773e-05,-1.82674e-13,0.00215655,0.0385061,0.0560054
^HSI,ownDD<=-20%|first,below200,5,OOS (2008-),1,0.0533835,1,0.0392839,,0.0392839,0.0392839,0.0388629,,,,,,0.0392839,0.0392839,5,0,0,0,0,0.000169821,0.0331296,0.00512596
^HSI,ownDD<=-20%|first,below200,20,IS (<2008),4,0.190458,0.5,0.0567124,-0.1423,-0.0427939,-0.0288578,-0.0466944,0.118332,-0.394605,-0.78921,-0.143352,1.19343,-0.174806,0.0613463,20,0,0,0,0,0.00860211,0.0788181,0.109139
^HSI,ownDD<=-20%|first,below200,20,OOS (2008-),1,0.0533835,0,,-0.0216108,-0.0216108,-0.0216108,-0.0233298,,,,,,-0.0216108,-0.0216108,20,0,0,0,0,0.000843412,0.0631661,0.0133523
^HSI,ownDD<=-20%|first,below200,60,IS (<2008),4,0.190458,0.75,0.134772,-0.283155,0.03029,0.0889063,0.018568,0.23019,0.0806638,0.161328,-0.635829,1.85376,-0.283155,0.226502,60,0.227167,0.0567918,0.0567918,8.81401e-05,0.0243592,0.135728,0.179471
^HSI,ownDD<=-20%|first,below200,60,OOS (2008-),1,0.0533835,0,,-0.023473,-0.023473,-0.023473,-0.0288734,,,,,,-0.023473,-0.023473,60,0,0,0,0,0.00308578,0.106645,0.028935
^STOXX50E,own1d<=-3%,all,5,IS (<2008),0,0,,,,,,,,,,,,,,,,,,,-0.000518858,0.0200705,-0.0258517
^STOXX50E,own1d<=-3%,all,5,OOS (2008-),75,4.00376,0.586667,0.0350469,-0.0450249,0.00195057,0.0110472,0.00182266,0.0520731,0.035002,0.303126,-0.492018,4.57187,-0.17274,0.155641,5,0.337464,0.0843661,0.0843661,0.000269647,0.000568864,0.0292003,0.0194814
^STOXX50E,own1d<=-3%,all,20,IS (<2008),0,0,,,,,,,,,,,,,,,,,,,-0.0111159,0.0446505,-0.248954
^STOXX50E,own1d<=-3%,all,20,OOS (2008-),48,2.56241,0.604167,0.0649296,-0.0494707,0.0196461,0.0170275,0.0189712,0.0770085,0.246352,1.70678,-0.588926,4.60372,-0.240759,0.184931,20,1.4707,0.367675,0.367675,0.00790957,0.00240507,0.0544433,0.0441757
^STOXX50E,own1d<=-3%,all,60,IS (<2008),0,0,,,,,,,,,,,,,,,,,,,-0.0539563,0.0720802,-0.748559
^STOXX50E,own1d<=-3%,all,60,OOS (2008-),30,1.60151,0.566667,0.068705,-0.0798439,0.00433384,0.0218473,0.00137894,0.0884063,0.0155978,0.0854328,-0.540186,2.42256,-0.192766,0.132804,60,0.090864,0.022716,0.022716,2.19587e-05,0.00746334,0.0878044,0.0849996
^STOXX50E,own1d<=-3%,above200,5,IS (<2008),0,0,,,,,,,,,,,,,,,,,,,-0.000518858,0.0200705,-0.0258517
^STOXX50E,own1d<=-3%,above200,5,OOS (2008-),16,0.854136,0.4375,0.0197213,-0.026038,-0.00601831,-0.00119333,-0.00631498,0.0292224,-0.2161,-0.864402,-0.138059,2.13002,-0.0570776,0.0452893,5,0,0,0,0,0.000568864,0.0292003,0.0194814
^STOXX50E,own1d<=-3%,above200,20,IS (<2008),0,0,,,,,,,,,,,,,,,,,,,-0.0111159,0.0446505,-0.248954
^STOXX50E,own1d<=-3%,above200,20,OOS (2008-),15,0.800753,0.6,0.0517692,-0.0737735,0.0015521,0.01493,0.000311493,0.0848906,0.00366935,0.0142113,-1.54291,5.38245,-0.240759,0.0962502,20,0.0230781,0.00576952,0.00576952,6.29858e-07,0.00240507,0.0544433,0.0441757
^STOXX50E,own1d<=-3%,above200,60,IS (<2008),0,0,,,,,,,,,,,,,,,,,,,-0.0539563,0.0720802,-0.748559
^STOXX50E,own1d<=-3%,above200,60,OOS (2008-),13,0.693986,0.461538,0.0576407,-0.0800738,-0.0165132,-0.0258658,-0.0208371,0.0807147,-0.258158,-0.930801,-0.414421,2.03807,-0.169105,0.0976001,60,3.928e-05,9.82e-06,9.82e-06,-2.01227e-13,0.00746334,0.0878044,0.0849996
^STOXX50E,own1d<=-3%,below200,5,IS (<2008),0,0,,,,,,,,,,,,,,,,,,,-0.000518858,0.0200705,-0.0258517
^STOXX50E,own1d<=-3%,below200,5,OOS (2008-),62,3.30978,0.629032,0.0381646,-0.0532762,0.004243,0.0144163,0.00414841,0.0563562,0.0736105,0.57961,-0.56781,4.12397,-0.17274,0.155641,5,0.648552,0.162138,0.162138,0.000976574,0.000568864,0.0292003,0.0194814
^STOXX50E,own1d<=-3%,below200,20,IS (<2008),0,0,,,,,,,,,,,,,,,,,,,-0.0111159,0.0446505,-0.248954
^STOXX50E,own1d<=-3%,below200,20,OOS (2008-),37,1.97519,0.594595,0.0737223,-0.0484302,0.024201,0.019125,0.0237271,0.0801197,0.296146,1.80139,-0.227671,3.10368,-0.181279,0.184931,20,1.79266,0.448166,0.448166,0.00923914,0.00240507,0.0544433,0.0441757
^STOXX50E,own1d<=-3%,below200,60,IS (<2008),0,0,,,,,,,,,,,,,,,,,,,-0.0539563,0.0720802,-0.748559
^STOXX50E,own1d<=-3%,below200,60,OOS (2008-),20,1.06767,0.65,0.0792577,-0.0779154,0.0242471,0.027639,0.0221193,0.0928447,0.23824,1.06544,-0.720283,2.71641,-0.192766,0.14599,60,1.23803,0.309507,0.309507,0.00322648,0.00746334,0.0878044,0.0849996
^STOXX50E,own1d<=-4%,all,5,IS (<2008),0,0,,,,,,,,,,,,,,,,,,,-0.000518858,0.0200705,-0.0258517
^STOXX50E,own1d<=-4%,all,5,OOS (2008-),33,1.76166,0.515152,0.0495295,-0.0528807,-0.000123884,0.00570994,-0.000234707,0.0668629,-0.00351027,-0.020165,0.234219,3.41691,-0.138605,0.159267,5,0,0,0,0,0.000568864,0.0292003,0.0194814
^STOXX50E,own1d<=-4%,all,20,IS (<2008),0,0,,,,,,,,,,,,,,,,,,,-0.0111159,0.0446505,-0.248954
^STOXX50E,own1d<=-4%,all,20,OOS (2008-),23,1.22782,0.608696,0.0591883,-0.0932516,-0.000462098,0.0127306,-0.000986857,0.095028,-0.0103849,-0.0498043,-0.763153,3.284,-0.240759,0.145735,20,4.05887e-05,1.01472e-05,1.01472e-05,-5.46e-13,0.00240507,0.0544433,0.0441757
^STOXX50E,own1d<=-4%,all,60,IS (<2008),0,0,,,,,,,,,,,,,,,,,,,-0.0539563,0.0720802,-0.748559
^STOXX50E,own1d<=-4%,all,60,OOS (2008-),14,0.747369,0.642857,0.051156,-0.117721,-0.00915736,0.0109491,-0.0113699,0.0992085,-0.114607,-0.428818,-0.669625,2.73125,-0.216721,0.14599,60,5.76202e-05,1.44051e-05,1.44051e-05,-7.08677e-13,0.00746334,0.0878044,0.0849996
^STOXX50E,own1d<=-4%,above200,5,IS (<2008),0,0,,,,,,,,,,,,,,,,,,,-0.000518858,0.0200705,-0.0258517
^STOXX50E,own1d<=-4%,above200,5,OOS (2008-),3,0.160151,0.333333,0.00570994,-0.0480176,-0.0301084,-0.0389576,-0.0301951,0.0324127,-0.931582,-1.61355,0.460478,,-0.0570776,0.00570994,5,0,0,0,0,0.000568864,0.0292003,0.0194814
^STOXX50E,own1d<=-4%,above200,20,IS (<2008),0,0,,,,,,,,,,,,,,,,,,,-0.0111159,0.0446505,-0.248954
^STOXX50E,own1d<=-4%,above200,20,OOS (2008-),3,0.160151,0.666667,0.0425395,-0.240759,-0.0518933,0.0368711,-0.0520523,0.163876,-0.317632,-0.550154,-0.70332,,-0.240759,0.0482079,20,0,0,0,0,0.00240507,0.0544433,0.0441757
^STOXX50E,own1d<=-4%,above200,60,IS (<2008),0,0,,,,,,,,,,,,,,,,,,,-0.0539563,0.0720802,-0.748559
^STOXX50E,own1d<=-4%,above200,60,OOS (2008-),3,0.160151,0,,-0.101929,-0.101929,-0.102597,-0.102294,0.0676108,-1.51299,-2.62057,0.0111521,,-0.169105,-0.0340847,60,0,0,0,0,0.00746334,0.0878044,0.0849996
^STOXX50E,own1d<=-4%,below200,5,IS (<2008),0,0,,,,,,,,,,,,,,,,,,,-0.000518858,0.0200705,-0.0258517
^STOXX50E,own1d<=-4%,below200,5,OOS (2008-),30,1.60151,0.533333,0.0522683,-0.0535754,0.00287457,0.0117394,0.00276133,0.0689821,0.0400297,0.219252,0.129175,3.28359,-0.138605,0.159267,5,0.300785,0.0751963,0.0751963,0.000145446,0.000568864,0.0292003,0.0194814
^STOXX50E,own1d<=-4%,below200,20,IS (<2008),0,0,,,,,,,,,,,,,,,,,,,-0.0111159,0.0446505,-0.248954
^STOXX50E,own1d<=-4%,below200,20,OOS (2008-),21,1.12105,0.571429,0.0570982,-0.0686085,0.00322391,0.00856826,0.00266803,0.0808956,0.0329811,0.151139,-0.233214,2.79168,-0.172956,0.145735,20,0.213165,0.0532913,0.0532913,6.97677e-05,0.00240507,0.0544433,0.0441757
^STOXX50E,own1d<=-4%,below200,60,IS (<2008),0,0,,,,,,,,,,,,,,,,,,,-0.0539563,0.0720802,-0.748559
^STOXX50E,own1d<=-4%,below200,60,OOS (2008-),13,0.693986,0.769231,0.0667515,-0.106873,0.0266843,0.0328471,0.0244054,0.0946979,0.257718,0.929216,-1.18478,4.35138,-0.216721,0.14599,60,1.25698,0.314246,0.314246,0.00236776,0.00746334,0.0878044,0.0849996
^STOXX50E,own1d<=-5%,all,5,IS (<2008),0,0,,,,,,,,,,,,,,,,,,,-0.000518858,0.0200705,-0.0258517
^STOXX50E,own1d<=-5%,all,5,OOS (2008-),14,0.747369,0.5,0.050676,-0.0410992,0.00478839,0.00282512,0.00472028,0.0663407,0.0711522,0.266227,0.310965,4.06613,-0.131288,0.159267,5,0.582625,0.145656,0.145656,0.000224558,0.000568864,0.0292003,0.0194814
^STOXX50E,own1d<=-5%,all,20,IS (<2008),0,0,,,,,,,,,,,,,,,,,,,-0.0111159,0.0446505,-0.248954
^STOXX50E,own1d<=-5%,all,20,OOS (2008-),9,0.480452,0.444444,0.0670425,-0.0567192,-0.001714,-0.0189711,-0.00202525,0.0840623,-0.0240922,-0.0722767,0.36534,2.59322,-0.135522,0.145735,20,0,0,0,0,0.00240507,0.0544433,0.0441757
^STOXX50E,own1d<=-5%,all,60,IS (<2008),0,0,,,,,,,,,,,,,,,,,,,-0.0539563,0.0720802,-0.748559
^STOXX50E,own1d<=-5%,all,60,OOS (2008-),7,0.373685,0.857143,0.0900755,-0.105436,0.0621453,0.0716218,0.0612589,0.0890625,0.687819,1.8198,-0.862663,2.83736,-0.105436,0.158445,60,3.47363,0.868409,0.868409,0.00885732,0.00746334,0.0878044,0.0849996
^STOXX50E,own1d<=-5%,above200,5,IS (<2008),0,0,,,,,,,,,,,,,,,,,,,-0.000518858,0.0200705,-0.0258517
^STOXX50E,own1d<=-5%,above200,5,OOS (2008-),0,0,,,,,,,,,,,,,,,,,,,0.000568864,0.0292003,0.0194814
^STOXX50E,own1d<=-5%,above200,20,IS (<2008),0,0,,,,,,,,,,,,,,,,,,,-0.0111159,0.0446505,-0.248954
^STOXX50E,own1d<=-5%,above200,20,OOS (2008-),0,0,,,,,,,,,,,,,,,,,,,0.00240507,0.0544433,0.0441757
^STOXX50E,own1d<=-5%,above200,60,IS (<2008),0,0,,,,,,,,,,,,,,,,,,,-0.0539563,0.0720802,-0.748559
^STOXX50E,own1d<=-5%,above200,60,OOS (2008-),0,0,,,,,,,,,,,,,,,,,,,0.00746334,0.0878044,0.0849996
^STOXX50E,own1d<=-5%,below200,5,IS (<2008),0,0,,,,,,,,,,,,,,,,,,,-0.000518858,0.0200705,-0.0258517
^STOXX50E,own1d<=-5%,below200,5,OOS (2008-),14,0.747369,0.5,0.050676,-0.0410992,0.00478839,0.00282512,0.00472028,0.0663407,0.0711522,0.266227,0.310965,4.06613,-0.131288,0.159267,5,0.582625,0.145656,0.145656,0.000224558,0.000568864,0.0292003,0.0194814
^STOXX50E,own1d<=-5%,below200,20,IS (<2008),0,0,,,,,,,,,,,,,,,,,,,-0.0111159,0.0446505,-0.248954
^STOXX50E,own1d<=-5%,below200,20,OOS (2008-),9,0.480452,0.444444,0.0670425,-0.0567192,-0.001714,-0.0189711,-0.00202525,0.0840623,-0.0240922,-0.0722767,0.36534,2.59322,-0.135522,0.145735,20,0,0,0,0,0.00240507,0.0544433,0.0441757
^STOXX50E,own1d<=-5%,below200,60,IS (<2008),0,0,,,,,,,,,,,,,,,,,,,-0.0539563,0.0720802,-0.748559
^STOXX50E,own1d<=-5%,below200,60,OOS (2008-),7,0.373685,0.857143,0.0900755,-0.105436,0.0621453,0.0716218,0.0612589,0.0890625,0.687819,1.8198,-0.862663,2.83736,-0.105436,0.158445,60,3.47363,0.868409,0.868409,0.00885732,0.00746334,0.0878044,0.0849996
^STOXX50E,ownDD<=-10%|first,all,5,IS (<2008),1,1.31859,1,0.0185685,,0.0185685,0.0185685,0.0178507,,,,,,0.0185685,0.0185685,5,0,0,0,0,-0.000518858,0.0200705,-0.0258517
^STOXX50E,ownDD<=-10%|first,all,5,OOS (2008-),3,0.160151,0.666667,0.0394208,-0.00682932,0.0240041,0.025137,0.0231492,0.03022,0.766023,1.32679,-0.0595014,,-0.00682932,0.0537047,5,20,4.99999,1,0.00179532,0.000568864,0.0292003,0.0194814
^STOXX50E,ownDD<=-10%|first,all,20,IS (<2008),1,1.31859,1,0.0144136,,0.0144136,0.0144136,0.0112906,,,,,,0.0144136,0.0144136,20,0,0,0,0,-0.0111159,0.0446505,-0.248954
^STOXX50E,ownDD<=-10%|first,all,20,OOS (2008-),3,0.160151,1,0.0886124,,0.0886124,0.07265,0.0852094,0.0404953,2.10418,3.64455,0.625474,,0.058482,0.134705,20,20,4.99999,1,0.00660229,0.00240507,0.0544433,0.0441757
^STOXX50E,ownDD<=-10%|first,all,60,IS (<2008),1,1.31859,1,0.0327947,,0.0327947,0.0327947,0.0236542,,,,,,0.0327947,0.0327947,60,0,0,0,0,-0.0539563,0.0720802,-0.748559
^STOXX50E,ownDD<=-10%|first,all,60,OOS (2008-),3,0.160151,1,0.119303,,0.119303,0.131082,0.109302,0.0350926,3.11467,5.39477,-0.592271,,0.0808381,0.14599,60,20,4.99999,1,0.00846183,0.00746334,0.0878044,0.0849996
^STOXX50E,ownDD<=-10%|first,above200,5,IS (<2008),0,0,,,,,,,,,,,,,,,,,,,-0.000518858,0.0200705,-0.0258517
^STOXX50E,ownDD<=-10%|first,above200,5,OOS (2008-),0,0,,,,,,,,,,,,,,,,,,,0.000568864,0.0292003,0.0194814
^STOXX50E,ownDD<=-10%|first,above200,20,IS (<2008),0,0,,,,,,,,,,,,,,,,,,,-0.0111159,0.0446505,-0.248954
^STOXX50E,ownDD<=-10%|first,above200,20,OOS (2008-),0,0,,,,,,,,,,,,,,,,,,,0.00240507,0.0544433,0.0441757
^STOXX50E,ownDD<=-10%|first,above200,60,IS (<2008),0,0,,,,,,,,,,,,,,,,,,,-0.0539563,0.0720802,-0.748559
^STOXX50E,ownDD<=-10%|first,above200,60,OOS (2008-),0,0,,,,,,,,,,,,,,,,,,,0.00746334,0.0878044,0.0849996
^STOXX50E,ownDD<=-10%|first,below200,5,IS (<2008),1,1.31859,1,0.0185685,,0.0185685,0.0185685,0.0178507,,,,,,0.0185685,0.0185685,5,0,0,0,0,-0.000518858,0.0200705,-0.0258517
^STOXX50E,ownDD<=-10%|first,below200,5,OOS (2008-),3,0.160151,0.666667,0.0394208,-0.00682932,0.0240041,0.025137,0.0231492,0.03022,0.766023,1.32679,-0.0595014,,-0.00682932,0.0537047,5,20,4.99999,1,0.00179532,0.000568864,0.0292003,0.0194814
^STOXX50E,ownDD<=-10%|first,below200,20,IS (<2008),1,1.31859,1,0.0144136,,0.0144136,0.0144136,0.0112906,,,,,,0.0144136,0.0144136,20,0,0,0,0,-0.0111159,0.0446505,-0.248954
^STOXX50E,ownDD<=-10%|first,below200,20,OOS (2008-),3,0.160151,1,0.0886124,,0.0886124,0.07265,0.0852094,0.0404953,2.10418,3.64455,0.625474,,0.058482,0.134705,20,20,4.99999,1,0.00660229,0.00240507,0.0544433,0.0441757
^STOXX50E,ownDD<=-10%|first,below200,60,IS (<2008),1,1.31859,1,0.0327947,,0.0327947,0.0327947,0.0236542,,,,,,0.0327947,0.0327947,60,0,0,0,0,-0.0539563,0.0720802,-0.748559
^STOXX50E,ownDD<=-10%|first,below200,60,OOS (2008-),3,0.160151,1,0.119303,,0.119303,0.131082,0.109302,0.0350926,3.11467,5.39477,-0.592271,,0.0808381,0.14599,60,20,4.99999,1,0.00846183,0.00746334,0.0878044,0.0849996
^STOXX50E,ownDD<=-15%|first,all,5,IS (<2008),0,0,,,,,,,,,,,,,,,,,,,-0.000518858,0.0200705,-0.0258517
^STOXX50E,ownDD<=-15%|first,all,5,OOS (2008-),2,0.106767,1,0.0270868,,0.0270868,0.0270868,0.0264443,0.0182414,1.44969,2.05016,,,0.0139921,0.0401815,5,0,0,0,0,0.000568864,0.0292003,0.0194814
^STOXX50E,ownDD<=-15%|first,all,20,IS (<2008),0,0,,,,,,,,,,,,,,,,,,,-0.0111159,0.0446505,-0.248954
^STOXX50E,ownDD<=-15%|first,all,20,OOS (2008-),2,0.106767,1,0.0619604,,0.0619604,0.0619604,0.0594209,0.0684786,0.86773,1.22716,,,0.0127306,0.11119,20,0,0,0,0,0.00240507,0.0544433,0.0441757
^STOXX50E,ownDD<=-15%|first,all,60,IS (<2008),0,0,,,,,,,,,,,,,,,,,,,-0.0539563,0.0720802,-0.748559
^STOXX50E,ownDD<=-15%|first,all,60,OOS (2008-),2,0.106767,1,0.0689117,,0.0689117,0.0689117,0.0618607,0.0739096,0.836978,1.18367,,,0.0136142,0.124209,60,0,0,0,0,0.00746334,0.0878044,0.0849996
^STOXX50E,ownDD<=-15%|first,above200,5,IS (<2008),0,0,,,,,,,,,,,,,,,,,,,-0.000518858,0.0200705,-0.0258517
^STOXX50E,ownDD<=-15%|first,above200,5,OOS (2008-),0,0,,,,,,,,,,,,,,,,,,,0.000568864,0.0292003,0.0194814
^STOXX50E,ownDD<=-15%|first,above200,20,IS (<2008),0,0,,,,,,,,,,,,,,,,,,,-0.0111159,0.0446505,-0.248954
^STOXX50E,ownDD<=-15%|first,above200,20,OOS (2008-),0,0,,,,,,,,,,,,,,,,,,,0.00240507,0.0544433,0.0441757
^STOXX50E,ownDD<=-15%|first,above200,60,IS (<2008),0,0,,,,,,,,,,,,,,,,,,,-0.0539563,0.0720802,-0.748559
^STOXX50E,ownDD<=-15%|first,above200,60,OOS (2008-),0,0,,,,,,,,,,,,,,,,,,,0.00746334,0.0878044,0.0849996
^STOXX50E,ownDD<=-15%|first,below200,5,IS (<2008),0,0,,,,,,,,,,,,,,,,,,,-0.000518858,0.0200705,-0.0258517
^STOXX50E,ownDD<=-15%|first,below200,5,OOS (2008-),2,0.106767,1,0.0270868,,0.0270868,0.0270868,0.0264443,0.0182414,1.44969,2.05016,,,0.0139921,0.0401815,5,0,0,0,0,0.000568864,0.0292003,0.0194814
^STOXX50E,ownDD<=-15%|first,below200,20,IS (<2008),0,0,,,,,,,,,,,,,,,,,,,-0.0111159,0.0446505,-0.248954
^STOXX50E,ownDD<=-15%|first,below200,20,OOS (2008-),2,0.106767,1,0.0619604,,0.0619604,0.0619604,0.0594209,0.0684786,0.86773,1.22716,,,0.0127306,0.11119,20,0,0,0,0,0.00240507,0.0544433,0.0441757
^STOXX50E,ownDD<=-15%|first,below200,60,IS (<2008),0,0,,,,,,,,,,,,,,,,,,,-0.0539563,0.0720802,-0.748559
^STOXX50E,ownDD<=-15%|first,below200,60,OOS (2008-),2,0.106767,1,0.0689117,,0.0689117,0.0689117,0.0618607,0.0739096,0.836978,1.18367,,,0.0136142,0.124209,60,0,0,0,0,0.00746334,0.0878044,0.0849996
^STOXX50E,ownDD<=-20%|first,all,5,IS (<2008),0,0,,,,,,,,,,,,,,,,,,,-0.000518858,0.0200705,-0.0258517
^STOXX50E,ownDD<=-20%|first,all,5,OOS (2008-),1,0.0533835,0,,-0.00526662,-0.00526662,-0.00526662,-0.00569718,,,,,,-0.00526662,-0.00526662,5,0,0,0,0,0.000568864,0.0292003,0.0194814
^STOXX50E,ownDD<=-20%|first,all,20,IS (<2008),0,0,,,,,,,,,,,,,,,,,,,-0.0111159,0.0446505,-0.248954
^STOXX50E,ownDD<=-20%|first,all,20,OOS (2008-),1,0.0533835,0,,-0.00909315,-0.00909315,-0.00909315,-0.0108193,,,,,,-0.00909315,-0.00909315,20,0,0,0,0,0.00240507,0.0544433,0.0441757
^STOXX50E,ownDD<=-20%|first,all,60,IS (<2008),0,0,,,,,,,,,,,,,,,,,,,-0.0539563,0.0720802,-0.748559
^STOXX50E,ownDD<=-20%|first,all,60,OOS (2008-),1,0.0533835,0,,-0.020132,-0.020132,-0.020132,-0.0240725,,,,,,-0.020132,-0.020132,60,0,0,0,0,0.00746334,0.0878044,0.0849996
^STOXX50E,ownDD<=-20%|first,above200,5,IS (<2008),0,0,,,,,,,,,,,,,,,,,,,-0.000518858,0.0200705,-0.0258517
^STOXX50E,ownDD<=-20%|first,above200,5,OOS (2008-),0,0,,,,,,,,,,,,,,,,,,,0.000568864,0.0292003,0.0194814
^STOXX50E,ownDD<=-20%|first,above200,20,IS (<2008),0,0,,,,,,,,,,,,,,,,,,,-0.0111159,0.0446505,-0.248954
^STOXX50E,ownDD<=-20%|first,above200,20,OOS (2008-),0,0,,,,,,,,,,,,,,,,,,,0.00240507,0.0544433,0.0441757
^STOXX50E,ownDD<=-20%|first,above200,60,IS (<2008),0,0,,,,,,,,,,,,,,,,,,,-0.0539563,0.0720802,-0.748559
^STOXX50E,ownDD<=-20%|first,above200,60,OOS (2008-),0,0,,,,,,,,,,,,,,,,,,,0.00746334,0.0878044,0.0849996
^STOXX50E,ownDD<=-20%|first,below200,5,IS (<2008),0,0,,,,,,,,,,,,,,,,,,,-0.000518858,0.0200705,-0.0258517
^STOXX50E,ownDD<=-20%|first,below200,5,OOS (2008-),1,0.0533835,0,,-0.00526662,-0.00526662,-0.00526662,-0.00569718,,,,,,-0.00526662,-0.00526662,5,0,0,0,0,0.000568864,0.0292003,0.0194814
^STOXX50E,ownDD<=-20%|first,below200,20,IS (<2008),0,0,,,,,,,,,,,,,,,,,,,-0.0111159,0.0446505,-0.248954
^STOXX50E,ownDD<=-20%|first,below200,20,OOS (2008-),1,0.0533835,0,,-0.00909315,-0.00909315,-0.00909315,-0.0108193,,,,,,-0.00909315,-0.00909315,20,0,0,0,0,0.00240507,0.0544433,0.0441757
^STOXX50E,ownDD<=-20%|first,below200,60,IS (<2008),0,0,,,,,,,,,,,,,,,,,,,-0.0539563,0.0720802,-0.748559
^STOXX50E,ownDD<=-20%|first,below200,60,OOS (2008-),1,0.0533835,0,,-0.020132,-0.020132,-0.020132,-0.0240725,,,,,,-0.020132,-0.020132,60,0,0,0,0,0.00746334,0.0878044,0.0849996
^AXJO,own1d<=-3%,all,5,IS (<2008),8,0.529636,0.75,0.0337212,-0.0304744,0.0176723,0.0155574,0.0168335,0.0429257,0.392155,1.10918,0.70125,3.61027,-0.0468211,0.104782,5,5.74114,1.43529,1,0.00402596,0.00129184,0.017955,0.0719487
^AXJO,own1d<=-3%,all,5,OOS (2008-),34,1.81504,0.529412,0.0319534,-0.0409677,-0.00236239,0.00878658,-0.00251475,0.0473088,-0.053156,-0.30995,-0.582962,2.84235,-0.109686,0.0799077,5,6.11664e-05,1.52916e-05,1.52916e-05,-4.6098e-13,0.000334272,0.0223101,0.014983
^AXJO,own1d<=-3%,all,20,IS (<2008),7,0.463431,0.714286,0.0285214,-0.041538,0.00850442,0.0194731,0.00513237,0.0446791,0.114872,0.303922,-0.929485,3.31552,-0.0794216,0.0656772,20,1.41617,0.354042,0.354042,0.000370779,0.00474749,0.0346369,0.137065
^AXJO,own1d<=-3%,all,20,OOS (2008-),22,1.17444,0.727273,0.0459129,-0.0913269,0.00848387,0.0242087,0.0077527,0.0819043,0.0946555,0.443974,-1.54621,4.45496,-0.198733,0.0949365,20,0.56318,0.140795,0.140795,0.000565455,0.00159168,0.0425842,0.0373773
^AXJO,own1d<=-3%,all,60,IS (<2008),7,0.463431,0.714286,0.0891078,-0.0953557,0.036404,0.0774149,0.0266513,0.106529,0.250179,0.661912,-1.32334,3.56271,-0.185186,0.136728,60,1.16759,0.291898,0.291898,0.00160345,0.0130423,0.0572042,0.227996
^AXJO,own1d<=-3%,all,60,OOS (2008-),16,0.854136,0.6875,0.0629345,-0.080813,0.0180134,0.0240327,0.0154367,0.0860042,0.179488,0.717951,-0.580386,2.69304,-0.15927,0.142572,60,1.05373,0.263433,0.263433,0.00152837,0.00528514,0.0696007,0.0759353
^AXJO,own1d<=-3%,above200,5,IS (<2008),3,0.198613,0.666667,0.0184993,-0.0141276,0.00762367,0.0124406,0.00672684,0.0196787,0.341834,0.592074,-0.415331,,-0.0141276,0.024558,5,12.3463,3.08657,1,0.000641316,0.00129184,0.017955,0.0719487
^AXJO,own1d<=-3%,above200,5,OOS (2008-),1,0.0533835,1,0.0180164,,0.0180164,0.0180164,0.0170085,,,,,,0.0180164,0.0180164,5,0,0,0,0,0.000334272,0.0223101,0.014983
^AXJO,own1d<=-3%,above200,20,IS (<2008),2,0.132409,1,0.01053,,0.01053,0.01053,0.00689688,0.0131146,0.525894,0.743726,,,0.00158695,0.0194731,20,0,0,0,0,0.00474749,0.0346369,0.137065
^AXJO,own1d<=-3%,above200,20,OOS (2008-),1,0.0533835,1,0.0539673,,0.0539673,0.0539673,0.0499736,,,,,,0.0539673,0.0539673,20,0,0,0,0,0.00159168,0.0425842,0.0373773
^AXJO,own1d<=-3%,above200,60,IS (<2008),2,0.132409,0.5,0.100782,-0.00552574,0.0476279,0.0476279,0.0369349,0.0768686,0.480494,0.679521,,,-0.00552574,0.100782,60,0,0,0,0,0.0130423,0.0572042,0.227996
^AXJO,own1d<=-3%,above200,60,OOS (2008-),1,0.0533835,1,0.0729572,,0.0729572,0.0729572,0.0616493,,,,,,0.0729572,0.0729572,60,0,0,0,0,0.00528514,0.0696007,0.0759353
^AXJO,own1d<=-3%,below200,5,IS (<2008),5,0.331022,0.8,0.0413321,-0.0468211,0.0237015,0.0172605,0.0228975,0.0539294,0.424584,0.949398,0.324654,2.4779,-0.0468211,0.104782,5,5.19569,1.29892,1,0.00339468,0.00129184,0.017955,0.0719487
^AXJO,own1d<=-3%,below200,5,OOS (2008-),33,1.76166,0.515152,0.0327733,-0.0409677,-0.00297993,0.00704004,-0.00310636,0.0479144,-0.0648314,-0.372428,-0.543465,2.75924,-0.109686,0.0799077,5,6.10127e-05,1.52532e-05,1.52532e-05,-4.56227e-13,0.000334272,0.0223101,0.014983
^AXJO,own1d<=-3%,below200,20,IS (<2008),5,0.331022,0.6,0.0405156,-0.041538,0.00769418,0.0222628,0.00442656,0.0543061,0.0815114,0.182265,-0.761691,2.39516,-0.0794216,0.0656772,20,0.907037,0.226759,0.226759,0.000145918,0.00474749,0.0346369,0.137065
^AXJO,own1d<=-3%,below200,20,OOS (2008-),21,1.12105,0.714286,0.0453759,-0.0913269,0.00631799,0.0178354,0.00574218,0.0833688,0.0688768,0.315633,-1.47371,4.2147,-0.198733,0.0949365,20,0.412302,0.103076,0.103076,0.000291987,0.00159168,0.0425842,0.0373773
^AXJO,own1d<=-3%,below200,60,IS (<2008),5,0.331022,0.8,0.0861894,-0.185186,0.0319144,0.0774149,0.0225378,0.124384,0.181196,0.405166,-1.2066,2.86631,-0.185186,0.136728,60,0.816107,0.204027,0.204027,0.000673704,0.0130423,0.0572042,0.227996
^AXJO,own1d<=-3%,below200,60,OOS (2008-),15,0.800753,0.666667,0.0619322,-0.080813,0.0143505,0.0184175,0.0123559,0.0881042,0.140242,0.543153,-0.481754,2.54828,-0.15927,0.142572,60,0.822777,0.205694,0.205694,0.000893771,0.00528514,0.0696007,0.0759353
^AXJO,own1d<=-4%,all,5,IS (<2008),3,0.198613,0.666667,0.035706,-0.0468211,0.00819699,0.0294321,0.00733059,0.0477267,0.153595,0.266035,-0.651586,,-0.0468211,0.0419799,5,2.29211,0.573028,0.573028,0.000366907,0.00129184,0.017955,0.0719487
^AXJO,own1d<=-4%,all,5,OOS (2008-),16,0.854136,0.5625,0.0447775,-0.0626114,-0.00220512,0.0185451,-0.00232459,0.0624636,-0.0372151,-0.14886,-0.247737,1.85758,-0.109686,0.0943244,5,0,0,0,0,0.000334272,0.0223101,0.014983
^AXJO,own1d<=-4%,all,20,IS (<2008),3,0.198613,0.666667,0.0163483,-0.00365439,0.00968075,0.0104338,0.00618498,0.0143544,0.430877,0.746302,-0.0216361,,-0.00365439,0.0222628,20,20,4.99999,1,0.000599701,0.00474749,0.0346369,0.137065
^AXJO,own1d<=-4%,all,20,OOS (2008-),9,0.480452,0.444444,0.0640871,-0.0945766,-0.0240594,-0.00755275,-0.0247379,0.104109,-0.237614,-0.712843,-0.470381,1.87924,-0.198733,0.0949365,20,6.63764e-05,1.65941e-05,1.65941e-05,-6.37313e-13,0.00159168,0.0425842,0.0373773
^AXJO,own1d<=-4%,all,60,IS (<2008),3,0.198613,1,0.0790335,,0.0790335,0.0774149,0.0687741,0.0150822,4.55994,7.89805,-0.429752,,0.0643459,0.0953397,60,20,4.99999,1,0.0067008,0.0130423,0.0572042,0.227996
^AXJO,own1d<=-4%,all,60,OOS (2008-),7,0.373685,0.714286,0.0567811,-0.129164,0.00365392,0.0337015,0.0014088,0.121215,0.0116223,0.0307497,-1.43783,4.13028,-0.253615,0.142572,60,0.0554313,0.0138578,0.0138578,3.19512e-06,0.00528514,0.0696007,0.0759353
^AXJO,own1d<=-4%,above200,5,IS (<2008),0,0,,,,,,,,,,,,,,,,,,,0.00129184,0.017955,0.0719487
^AXJO,own1d<=-4%,above200,5,OOS (2008-),0,0,,,,,,,,,,,,,,,,,,,0.000334272,0.0223101,0.014983
^AXJO,own1d<=-4%,above200,20,IS (<2008),0,0,,,,,,,,,,,,,,,,,,,0.00474749,0.0346369,0.137065
^AXJO,own1d<=-4%,above200,20,OOS (2008-),0,0,,,,,,,,,,,,,,,,,,,0.00159168,0.0425842,0.0373773
^AXJO,own1d<=-4%,above200,60,IS (<2008),0,0,,,,,,,,,,,,,,,,,,,0.0130423,0.0572042,0.227996
^AXJO,own1d<=-4%,above200,60,OOS (2008-),0,0,,,,,,,,,,,,,,,,,,,0.00528514,0.0696007,0.0759353
^AXJO,own1d<=-4%,below200,5,IS (<2008),3,0.198613,0.666667,0.035706,-0.0468211,0.00819699,0.0294321,0.00733059,0.0477267,0.153595,0.266035,-0.651586,,-0.0468211,0.0419799,5,2.29211,0.573028,0.573028,0.000366907,0.00129184,0.017955,0.0719487
^AXJO,own1d<=-4%,below200,5,OOS (2008-),16,0.854136,0.5625,0.0447775,-0.0626114,-0.00220512,0.0185451,-0.00232459,0.0624636,-0.0372151,-0.14886,-0.247737,1.85758,-0.109686,0.0943244,5,0,0,0,0,0.000334272,0.0223101,0.014983
^AXJO,own1d<=-4%,below200,20,IS (<2008),3,0.198613,0.666667,0.0163483,-0.00365439,0.00968075,0.0104338,0.00618498,0.0143544,0.430877,0.746302,-0.0216361,,-0.00365439,0.0222628,20,20,4.99999,1,0.000599701,0.00474749,0.0346369,0.137065
^AXJO,own1d<=-4%,below200,20,OOS (2008-),9,0.480452,0.444444,0.0640871,-0.0945766,-0.0240594,-0.00755275,-0.0247379,0.104109,-0.237614,-0.712843,-0.470381,1.87924,-0.198733,0.0949365,20,6.63764e-05,1.65941e-05,1.65941e-05,-6.37313e-13,0.00159168,0.0425842,0.0373773
^AXJO,own1d<=-4%,below200,60,IS (<2008),3,0.198613,1,0.0790335,,0.0790335,0.0774149,0.0687741,0.0150822,4.55994,7.89805,-0.429752,,0.0643459,0.0953397,60,20,4.99999,1,0.0067008,0.0130423,0.0572042,0.227996
^AXJO,own1d<=-4%,below200,60,OOS (2008-),7,0.373685,0.714286,0.0567811,-0.129164,0.00365392,0.0337015,0.0014088,0.121215,0.0116223,0.0307497,-1.43783,4.13028,-0.253615,0.142572,60,0.0554313,0.0138578,0.0138578,3.19512e-06,0.00528514,0.0696007,0.0759353
^AXJO,own1d<=-5%,all,5,IS (<2008),2,0.132409,1,0.035706,,0.035706,0.035706,0.0346423,0.00894868,3.87122,5.47473,,,0.0294321,0.0419799,5,0,0,0,0,0.00129184,0.017955,0.0719487
^AXJO,own1d<=-5%,all,5,OOS (2008-),7,0.373685,0.571429,0.0389544,-0.069748,-0.00763238,0.0193221,-0.00772796,0.0673044,-0.114821,-0.303788,-0.583791,1.83664,-0.109686,0.0680109,5,0,0,0,0,0.000334272,0.0223101,0.014983
^AXJO,own1d<=-5%,all,20,IS (<2008),2,0.132409,0.5,0.0104338,-0.00365439,0.00338972,0.00338972,-0.000949568,0.0103289,-0.0919332,-0.130013,,,-0.00365439,0.0104338,20,0,0,0,0,0.00474749,0.0346369,0.137065
^AXJO,own1d<=-5%,all,20,OOS (2008-),5,0.266918,0.4,0.0616823,-0.0664577,-0.0152017,-0.0184194,-0.0156913,0.081105,-0.193469,-0.432611,0.112816,1.81675,-0.116599,0.0927825,20,0,0,0,0,0.00159168,0.0425842,0.0373773
^AXJO,own1d<=-5%,all,60,IS (<2008),2,0.132409,1,0.0798428,,0.0798428,0.0798428,0.066893,0.0208258,3.21202,4.54248,,,0.0643459,0.0953397,60,0,0,0,0,0.0130423,0.0572042,0.227996
^AXJO,own1d<=-5%,all,60,OOS (2008-),3,0.160151,0.666667,0.0207408,-0.117227,-0.0252486,0.00778014,-0.0268552,0.0795696,-0.337506,-0.584577,-0.645089,,-0.117227,0.0337015,60,6.08934e-05,1.52234e-05,1.52234e-05,-7.8329e-14,0.00528514,0.0696007,0.0759353
^AXJO,own1d<=-5%,above200,5,IS (<2008),0,0,,,,,,,,,,,,,,,,,,,0.00129184,0.017955,0.0719487
^AXJO,own1d<=-5%,above200,5,OOS (2008-),0,0,,,,,,,,,,,,,,,,,,,0.000334272,0.0223101,0.014983
^AXJO,own1d<=-5%,above200,20,IS (<2008),0,0,,,,,,,,,,,,,,,,,,,0.00474749,0.0346369,0.137065
^AXJO,own1d<=-5%,above200,20,OOS (2008-),0,0,,,,,,,,,,,,,,,,,,,0.00159168,0.0425842,0.0373773
^AXJO,own1d<=-5%,above200,60,IS (<2008),0,0,,,,,,,,,,,,,,,,,,,0.0130423,0.0572042,0.227996
^AXJO,own1d<=-5%,above200,60,OOS (2008-),0,0,,,,,,,,,,,,,,,,,,,0.00528514,0.0696007,0.0759353
^AXJO,own1d<=-5%,below200,5,IS (<2008),2,0.132409,1,0.035706,,0.035706,0.035706,0.0346423,0.00894868,3.87122,5.47473,,,0.0294321,0.0419799,5,0,0,0,0,0.00129184,0.017955,0.0719487
^AXJO,own1d<=-5%,below200,5,OOS (2008-),7,0.373685,0.571429,0.0389544,-0.069748,-0.00763238,0.0193221,-0.00772796,0.0673044,-0.114821,-0.303788,-0.583791,1.83664,-0.109686,0.0680109,5,0,0,0,0,0.000334272,0.0223101,0.014983
^AXJO,own1d<=-5%,below200,20,IS (<2008),2,0.132409,0.5,0.0104338,-0.00365439,0.00338972,0.00338972,-0.000949568,0.0103289,-0.0919332,-0.130013,,,-0.00365439,0.0104338,20,0,0,0,0,0.00474749,0.0346369,0.137065
^AXJO,own1d<=-5%,below200,20,OOS (2008-),5,0.266918,0.4,0.0616823,-0.0664577,-0.0152017,-0.0184194,-0.0156913,0.081105,-0.193469,-0.432611,0.112816,1.81675,-0.116599,0.0927825,20,0,0,0,0,0.00159168,0.0425842,0.0373773
^AXJO,own1d<=-5%,below200,60,IS (<2008),2,0.132409,1,0.0798428,,0.0798428,0.0798428,0.066893,0.0208258,3.21202,4.54248,,,0.0643459,0.0953397,60,0,0,0,0,0.0130423,0.0572042,0.227996
^AXJO,own1d<=-5%,below200,60,OOS (2008-),3,0.160151,0.666667,0.0207408,-0.117227,-0.0252486,0.00778014,-0.0268552,0.0795696,-0.337506,-0.584577,-0.645089,,-0.117227,0.0337015,60,6.08934e-05,1.52234e-05,1.52234e-05,-7.8329e-14,0.00528514,0.0696007,0.0759353
^AXJO,ownDD<=-10%|first,all,5,IS (<2008),8,0.529636,0.625,0.0497417,-0.0297386,0.0199366,0.0209738,0.019145,0.0510924,0.374713,1.05985,0.312026,2.11648,-0.0468211,0.104782,5,4.46558,1.11639,1,0.00445683,0.00129184,0.017955,0.0719487
^AXJO,ownDD<=-10%|first,all,5,OOS (2008-),4,0.213534,0.5,0.0360119,-0.0731149,-0.0185515,-0.0143673,-0.0189547,0.0680666,-0.278472,-0.556945,-0.149604,1.49702,-0.09961,0.0541385,5,0,0,0,0,0.000334272,0.0223101,0.014983
^AXJO,ownDD<=-10%|first,all,20,IS (<2008),8,0.529636,0.625,0.0751889,-0.008327,0.0438704,0.04397,0.0406541,0.0498588,0.815385,2.30626,0.071934,1.35428,-0.0126261,0.111003,20,11.1394,2.78486,1,0.0101051,0.00474749,0.0346369,0.137065
^AXJO,ownDD<=-10%|first,all,20,OOS (2008-),4,0.213534,0.5,0.0574031,-0.135857,-0.0392268,-0.0405931,-0.0406729,0.127713,-0.318472,-0.636944,0.0241328,1.73442,-0.19014,0.114419,20,0,0,0,0,0.00159168,0.0425842,0.0373773
^AXJO,ownDD<=-10%|first,all,60,IS (<2008),8,0.529636,0.625,0.121613,-0.0547088,0.0554923,0.0863773,0.0458391,0.094658,0.48426,1.36969,-0.402638,1.47425,-0.0820338,0.153087,60,2.76752,0.69188,0.69188,0.00735148,0.0130423,0.0572042,0.227996
^AXJO,ownDD<=-10%|first,all,60,OOS (2008-),4,0.213534,0.5,0.104208,-0.0871443,0.00853169,-0.0194436,0.00448308,0.119962,0.0373709,0.0747417,0.470876,1.61889,-0.0973593,0.170373,60,0.209883,0.0524707,0.0524707,2.19468e-05,0.00528514,0.0696007,0.0759353
^AXJO,ownDD<=-10%|first,above200,5,IS (<2008),1,0.0662045,0,,-0.0065665,-0.0065665,-0.0065665,-0.00727086,,,,,,-0.0065665,-0.0065665,5,0,0,0,0,0.00129184,0.017955,0.0719487
^AXJO,ownDD<=-10%|first,above200,5,OOS (2008-),0,0,,,,,,,,,,,,,,,,,,,0.000334272,0.0223101,0.014983
^AXJO,ownDD<=-10%|first,above200,20,IS (<2008),1,0.0662045,0,,-0.0126261,-0.0126261,-0.0126261,-0.0155361,,,,,,-0.0126261,-0.0126261,20,0,0,0,0,0.00474749,0.0346369,0.137065
^AXJO,ownDD<=-10%|first,above200,20,OOS (2008-),0,0,,,,,,,,,,,,,,,,,,,0.00159168,0.0425842,0.0373773
^AXJO,ownDD<=-10%|first,above200,60,IS (<2008),1,0.0662045,0,,-0.06332,-0.06332,-0.06332,-0.0728026,,,,,,-0.06332,-0.06332,60,0,0,0,0,0.0130423,0.0572042,0.227996
^AXJO,ownDD<=-10%|first,above200,60,OOS (2008-),0,0,,,,,,,,,,,,,,,,,,,0.00528514,0.0696007,0.0759353
^AXJO,ownDD<=-10%|first,below200,5,IS (<2008),7,0.463431,0.714286,0.0497417,-0.0413246,0.0237228,0.0272775,0.0229187,0.0539685,0.424668,1.12357,0.106179,1.9473,-0.0468211,0.104782,5,4.73318,1.18329,1,0.00471562,0.00129184,0.017955,0.0719487
^AXJO,ownDD<=-10%|first,below200,5,OOS (2008-),4,0.213534,0.5,0.0360119,-0.0731149,-0.0185515,-0.0143673,-0.0189547,0.0680666,-0.278472,-0.556945,-0.149604,1.49702,-0.09961,0.0541385,5,0,0,0,0,0.000334272,0.0223101,0.014983
^AXJO,ownDD<=-10%|first,below200,20,IS (<2008),7,0.463431,0.714286,0.0751889,-0.00617743,0.0519414,0.0656772,0.0486813,0.047946,1.01534,2.68633,-0.163303,1.44017,-0.00870047,0.111003,20,13.8337,3.45843,1,0.0107073,0.00474749,0.0346369,0.137065
^AXJO,ownDD<=-10%|first,below200,20,OOS (2008-),4,0.213534,0.5,0.0574031,-0.135857,-0.0392268,-0.0405931,-0.0406729,0.127713,-0.318472,-0.636944,0.0241328,1.73442,-0.19014,0.114419,20,0,0,0,0,0.00159168,0.0425842,0.0373773
^AXJO,ownDD<=-10%|first,below200,60,IS (<2008),7,0.463431,0.714286,0.121613,-0.0504031,0.0724655,0.0953397,0.0627879,0.0881611,0.712195,1.88429,-0.780635,2.08352,-0.0820338,0.153087,60,3.88771,0.971927,0.971927,0.0124916,0.0130423,0.0572042,0.227996
^AXJO,ownDD<=-10%|first,below200,60,OOS (2008-),4,0.213534,0.5,0.104208,-0.0871443,0.00853169,-0.0194436,0.00448308,0.119962,0.0373709,0.0747417,0.470876,1.61889,-0.0973593,0.170373,60,0.209883,0.0524707,0.0524707,2.19468e-05,0.00528514,0.0696007,0.0759353
^AXJO,ownDD<=-15%|first,all,5,IS (<2008),5,0.331022,0.6,0.026928,-0.0157543,0.00985508,0.00590092,0.00915333,0.0266262,0.343772,0.768697,0.172847,1.3224,-0.0167308,0.0419799,5,8.57624,2.14406,1,0.00141872,0.00129184,0.017955,0.0719487
^AXJO,ownDD<=-15%|first,all,5,OOS (2008-),3,0.160151,0.666667,0.0299865,-0.109686,-0.016571,0.0186423,-0.0168552,0.0812492,-0.207451,-0.359316,-0.644813,,-0.109686,0.0413308,5,0,0,0,0,0.000334272,0.0223101,0.014983
^AXJO,ownDD<=-15%|first,all,20,IS (<2008),5,0.331022,0.8,0.0298152,-0.0133712,0.0211779,0.0104338,0.018411,0.0308743,0.596319,1.33341,0.467564,2.0189,-0.0133712,0.0655761,20,14.4468,3.61171,1,0.00291032,0.00474749,0.0346369,0.137065
^AXJO,ownDD<=-15%|first,all,20,OOS (2008-),3,0.160151,0.333333,0.0383959,-0.0752165,-0.0373457,-0.0338342,-0.0384621,0.0768321,-0.500599,-0.867063,-0.0686206,,-0.116599,0.0383959,20,0,0,0,0,0.00159168,0.0425842,0.0373773
^AXJO,ownDD<=-15%|first,all,60,IS (<2008),5,0.331022,1,0.0613237,,0.0613237,0.0643459,0.0532533,0.0344923,1.54392,3.4523,0.0762255,1.67777,0.0142504,0.102548,60,20,4.99999,1,0.00854936,0.0130423,0.0572042,0.227996
^AXJO,ownDD<=-15%|first,all,60,OOS (2008-),3,0.160151,0.666667,0.0446258,-0.0491479,0.0133679,0.00778014,0.0100149,0.0645204,0.155221,0.26885,0.0721744,,-0.0491479,0.0814716,60,1.8251,0.456275,0.456275,0.000319469,0.00528514,0.0696007,0.0759353
^AXJO,ownDD<=-15%|first,above200,5,IS (<2008),0,0,,,,,,,,,,,,,,,,,,,0.00129184,0.017955,0.0719487
^AXJO,ownDD<=-15%|first,above200,5,OOS (2008-),0,0,,,,,,,,,,,,,,,,,,,0.000334272,0.0223101,0.014983
^AXJO,ownDD<=-15%|first,above200,20,IS (<2008),0,0,,,,,,,,,,,,,,,,,,,0.00474749,0.0346369,0.137065
^AXJO,ownDD<=-15%|first,above200,20,OOS (2008-),0,0,,,,,,,,,,,,,,,,,,,0.00159168,0.0425842,0.0373773
^AXJO,ownDD<=-15%|first,above200,60,IS (<2008),0,0,,,,,,,,,,,,,,,,,,,0.0130423,0.0572042,0.227996
^AXJO,ownDD<=-15%|first,above200,60,OOS (2008-),0,0,,,,,,,,,,,,,,,,,,,0.00528514,0.0696007,0.0759353
^AXJO,ownDD<=-15%|first,below200,5,IS (<2008),5,0.331022,0.6,0.026928,-0.0157543,0.00985508,0.00590092,0.00915333,0.0266262,0.343772,0.768697,0.172847,1.3224,-0.0167308,0.0419799,5,8.57624,2.14406,1,0.00141872,0.00129184,0.017955,0.0719487
^AXJO,ownDD<=-15%|first,below200,5,OOS (2008-),3,0.160151,0.666667,0.0299865,-0.109686,-0.016571,0.0186423,-0.0168552,0.0812492,-0.207451,-0.359316,-0.644813,,-0.109686,0.0413308,5,0,0,0,0,0.000334272,0.0223101,0.014983
^AXJO,ownDD<=-15%|first,below200,20,IS (<2008),5,0.331022,0.8,0.0298152,-0.0133712,0.0211779,0.0104338,0.018411,0.0308743,0.596319,1.33341,0.467564,2.0189,-0.0133712,0.0655761,20,14.4468,3.61171,1,0.00291032,0.00474749,0.0346369,0.137065
^AXJO,ownDD<=-15%|first,below200,20,OOS (2008-),3,0.160151,0.333333,0.0383959,-0.0752165,-0.0373457,-0.0338342,-0.0384621,0.0768321,-0.500599,-0.867063,-0.0686206,,-0.116599,0.0383959,20,0,0,0,0,0.00159168,0.0425842,0.0373773
^AXJO,ownDD<=-15%|first,below200,60,IS (<2008),5,0.331022,1,0.0613237,,0.0613237,0.0643459,0.0532533,0.0344923,1.54392,3.4523,0.0762255,1.67777,0.0142504,0.102548,60,20,4.99999,1,0.00854936,0.0130423,0.0572042,0.227996
^AXJO,ownDD<=-15%|first,below200,60,OOS (2008-),3,0.160151,0.666667,0.0446258,-0.0491479,0.0133679,0.00778014,0.0100149,0.0645204,0.155221,0.26885,0.0721744,,-0.0491479,0.0814716,60,1.8251,0.456275,0.456275,0.000319469,0.00528514,0.0696007,0.0759353
^AXJO,ownDD<=-20%|first,all,5,IS (<2008),2,0.132409,0.5,0.0173639,-0.0212941,-0.00196507,-0.00196507,-0.00261646,0.0267379,-0.0978557,-0.138389,,,-0.0212941,0.0173639,5,0,0,0,0,0.00129184,0.017955,0.0719487
^AXJO,ownDD<=-20%|first,all,5,OOS (2008-),2,0.106767,0.5,0.0429305,-0.0992498,-0.0281597,-0.0281597,-0.0283906,0.100253,-0.283191,-0.400492,,,-0.0992498,0.0429305,5,0,0,0,0,0.000334272,0.0223101,0.014983
^AXJO,ownDD<=-20%|first,all,20,IS (<2008),2,0.132409,1,0.0307433,,0.0307433,0.0307433,0.0280822,0.00642915,4.36795,6.17721,,,0.0279603,0.0335263,20,0,0,0,0,0.00474749,0.0346369,0.137065
^AXJO,ownDD<=-20%|first,all,20,OOS (2008-),2,0.106767,1,0.0225786,,0.0225786,0.0225786,0.0216742,0.0101547,2.1344,3.01849,,,0.0145751,0.0305821,20,0,0,0,0,0.00159168,0.0425842,0.0373773
^AXJO,ownDD<=-20%|first,all,60,IS (<2008),2,0.132409,1,0.0406911,,0.0406911,0.0406911,0.032629,0.0535225,0.609632,0.86215,,,0.00826544,0.0731168,60,0,0,0,0,0.0130423,0.0572042,0.227996
^AXJO,ownDD<=-20%|first,all,60,OOS (2008-),2,0.106767,1,0.0954766,,0.0954766,0.0954766,0.0933745,0.0899288,1.03832,1.4684,,,0.0337015,0.157252,60,0,0,0,0,0.00528514,0.0696007,0.0759353
^AXJO,ownDD<=-20%|first,above200,5,IS (<2008),0,0,,,,,,,,,,,,,,,,,,,0.00129184,0.017955,0.0719487
^AXJO,ownDD<=-20%|first,above200,5,OOS (2008-),0,0,,,,,,,,,,,,,,,,,,,0.000334272,0.0223101,0.014983
^AXJO,ownDD<=-20%|first,above200,20,IS (<2008),0,0,,,,,,,,,,,,,,,,,,,0.00474749,0.0346369,0.137065
^AXJO,ownDD<=-20%|first,above200,20,OOS (2008-),0,0,,,,,,,,,,,,,,,,,,,0.00159168,0.0425842,0.0373773
^AXJO,ownDD<=-20%|first,above200,60,IS (<2008),0,0,,,,,,,,,,,,,,,,,,,0.0130423,0.0572042,0.227996
^AXJO,ownDD<=-20%|first,above200,60,OOS (2008-),0,0,,,,,,,,,,,,,,,,,,,0.00528514,0.0696007,0.0759353
^AXJO,ownDD<=-20%|first,below200,5,IS (<2008),2,0.132409,0.5,0.0173639,-0.0212941,-0.00196507,-0.00196507,-0.00261646,0.0267379,-0.0978557,-0.138389,,,-0.0212941,0.0173639,5,0,0,0,0,0.00129184,0.017955,0.0719487
^AXJO,ownDD<=-20%|first,below200,5,OOS (2008-),2,0.106767,0.5,0.0429305,-0.0992498,-0.0281597,-0.0281597,-0.0283906,0.100253,-0.283191,-0.400492,,,-0.0992498,0.0429305,5,0,0,0,0,0.000334272,0.0223101,0.014983
^AXJO,ownDD<=-20%|first,below200,20,IS (<2008),2,0.132409,1,0.0307433,,0.0307433,0.0307433,0.0280822,0.00642915,4.36795,6.17721,,,0.0279603,0.0335263,20,0,0,0,0,0.00474749,0.0346369,0.137065
^AXJO,ownDD<=-20%|first,below200,20,OOS (2008-),2,0.106767,1,0.0225786,,0.0225786,0.0225786,0.0216742,0.0101547,2.1344,3.01849,,,0.0145751,0.0305821,20,0,0,0,0,0.00159168,0.0425842,0.0373773
^AXJO,ownDD<=-20%|first,below200,60,IS (<2008),2,0.132409,1,0.0406911,,0.0406911,0.0406911,0.032629,0.0535225,0.609632,0.86215,,,0.00826544,0.0731168,60,0,0,0,0,0.0130423,0.0572042,0.227996
^AXJO,ownDD<=-20%|first,below200,60,OOS (2008-),2,0.106767,1,0.0954766,,0.0954766,0.0954766,0.0933745,0.0899288,1.03832,1.4684,,,0.0337015,0.157252,60,0,0,0,0,0.00528514,0.0696007,0.0759353
^GSPTSE,own1d<=-3%,all,5,IS (<2008),34,1.1926,0.411765,0.0266378,-0.0242551,-0.0032992,-0.0021197,-0.00475223,0.0314442,-0.151132,-0.881244,-0.366333,2.44118,-0.0826519,0.047136,5,0,0,0,0,0.000578835,0.0216757,0.0267043
^GSPTSE,own1d<=-3%,all,5,OOS (2008-),33,1.76088,0.757576,0.0327346,-0.064575,0.0091444,0.015984,0.00901651,0.0518167,0.174008,0.999599,-0.954221,4.64221,-0.152799,0.104341,5,1.57816,0.394541,0.394541,0.00276883,0.00101922,0.0232139,0.0439054
^GSPTSE,own1d<=-3%,all,20,IS (<2008),26,0.911985,0.576923,0.0497201,-0.0603271,0.00316167,0.00769714,-0.00207157,0.0697827,-0.029686,-0.151369,-0.466052,2.69836,-0.156616,0.114051,20,0,0,0,0,0.00238664,0.0459501,0.0519398
^GSPTSE,own1d<=-3%,all,20,OOS (2008-),20,1.0672,0.7,0.0596491,-0.0982018,0.0122938,0.0379395,0.0116001,0.0825259,0.140564,0.62862,-0.673732,2.2691,-0.15499,0.124853,20,0.855897,0.213974,0.213974,0.0011647,0.00417993,0.0435172,0.0960524
^GSPTSE,own1d<=-3%,all,60,IS (<2008),19,0.666451,0.578947,0.090763,-0.0534157,0.0300562,0.00903665,0.0140916,0.0964182,0.146151,0.637058,0.175633,2.56093,-0.16098,0.21359,60,0.808075,0.202019,0.202019,0.00082872,0.00732787,0.0843511,0.0868735
^GSPTSE,own1d<=-3%,all,60,OOS (2008-),12,0.640321,0.666667,0.119533,-0.107898,0.0437228,0.0356357,0.0412097,0.16362,0.251863,0.872479,-0.438338,4.30197,-0.334355,0.360398,60,0.770428,0.192607,0.192607,0.00224389,0.0126149,0.074293,0.1698
^GSPTSE,own1d<=-3%,above200,5,IS (<2008),12,0.420916,0.5,0.0286882,-0.0111245,0.00878184,0.00503684,0.00755423,0.02494,0.302896,1.04926,-0.438414,2.56679,-0.0427637,0.0424308,5,6.13573,1.53393,1,0.00146684,0.000578835,0.0216757,0.0267043
^GSPTSE,own1d<=-3%,above200,5,OOS (2008-),3,0.16008,1,0.0294371,,0.0294371,0.0250558,0.0289081,0.0165227,1.7496,3.0304,0.468926,,0.015984,0.0472714,5,20,4.99999,1,0.00228315,0.00101922,0.0232139,0.0439054
^GSPTSE,own1d<=-3%,above200,20,IS (<2008),11,0.38584,0.727273,0.0484775,-0.0318743,0.0265634,0.0129808,0.0215266,0.0555022,0.387851,1.28636,0.0790512,2.54402,-0.0754405,0.114051,20,3.79735,0.949337,0.949337,0.00344512,0.00238664,0.0459501,0.0519398
^GSPTSE,own1d<=-3%,above200,20,OOS (2008-),3,0.16008,1,0.0588599,,0.0588599,0.0530756,0.0567437,0.0132327,4.28815,7.42729,0.485579,,0.0486961,0.074808,20,20,4.99999,1,0.00446974,0.00417993,0.0435172,0.0960524
^GSPTSE,own1d<=-3%,above200,60,IS (<2008),9,0.315687,0.666667,0.0941308,-0.0461478,0.0473713,0.00903665,0.031725,0.0997799,0.31795,0.95385,0.331543,2.0403,-0.0948487,0.21359,60,1.90002,0.475005,0.475005,0.00206166,0.00732787,0.0843511,0.0868735
^GSPTSE,own1d<=-3%,above200,60,OOS (2008-),3,0.16008,1,0.11565,,0.11565,0.155391,0.109294,0.0725634,1.50619,2.6088,-0.698106,,0.0342158,0.157343,60,19.5117,4.87793,1,0.00825744,0.0126149,0.074293,0.1698
^GSPTSE,own1d<=-3%,below200,5,IS (<2008),22,0.77168,0.363636,0.0251,-0.0298825,-0.00988886,-0.00625711,-0.0114648,0.0330783,-0.346597,-1.62568,-0.140385,2.26689,-0.0826519,0.047136,5,3.95068e-05,9.87669e-06,9.87669e-06,-3.9311e-14,0.000578835,0.0216757,0.0267043
^GSPTSE,own1d<=-3%,below200,5,OOS (2008-),31,1.65416,0.741935,0.0336114,-0.064575,0.00827297,0.0159168,0.00816102,0.0533112,0.153083,0.852328,-0.891803,4.3643,-0.152799,0.104341,5,1.37557,0.343892,0.343892,0.00204825,0.00101922,0.0232139,0.0439054
^GSPTSE,own1d<=-3%,below200,20,IS (<2008),16,0.561222,0.4375,0.0511402,-0.0691528,-0.0165246,-0.0170867,-0.0218729,0.0738527,-0.29617,-1.18468,-0.263227,2.13706,-0.156616,0.0961629,20,0,0,0,0,0.00238664,0.0459501,0.0519398
^GSPTSE,own1d<=-3%,below200,20,OOS (2008-),18,0.960482,0.666667,0.0624955,-0.0982018,0.00892973,0.0296124,0.00832583,0.0869733,0.0957286,0.406142,-0.517648,1.99726,-0.15499,0.124853,20,0.568623,0.142156,0.142156,0.000498681,0.00417993,0.0435172,0.0960524
^GSPTSE,own1d<=-3%,below200,60,IS (<2008),11,0.38584,0.454545,0.124947,-0.0327009,0.0389573,-0.00409887,0.0227774,0.0979682,0.232498,0.771109,0.807775,2.47947,-0.0785775,0.224064,60,1.45081,0.362703,0.362703,0.00137458,0.00732787,0.0843511,0.0868735
^GSPTSE,own1d<=-3%,below200,60,OOS (2008-),10,0.533601,0.6,0.131794,-0.107898,0.035917,0.0302925,0.0338001,0.1784,0.189462,0.599132,-0.295129,3.72512,-0.334355,0.360398,60,0.564762,0.141191,0.141191,0.00111923,0.0126149,0.074293,0.1698
^GSPTSE,own1d<=-4%,all,5,IS (<2008),10,0.350763,0.4,0.0329117,-0.0333734,-0.00685937,-0.00426155,-0.00841874,0.0407511,-0.206589,-0.653292,-0.341859,2.11449,-0.0826519,0.047136,5,0,0,0,0,0.000578835,0.0216757,0.0267043
^GSPTSE,own1d<=-4%,all,5,OOS (2008-),16,0.853762,0.8125,0.0510179,-0.164057,0.0106914,0.031308,0.0105624,0.0946287,0.111619,0.446476,-0.948482,2.96659,-0.174891,0.135608,5,0.596514,0.149128,0.149128,0.000591856,0.00101922,0.0232139,0.0439054
^GSPTSE,own1d<=-4%,all,20,IS (<2008),9,0.315687,0.333333,0.0375382,-0.0345223,-0.0105022,-0.0166897,-0.0160221,0.0467036,-0.34306,-1.02918,1.1072,3.72266,-0.0657833,0.0915462,20,0,0,0,0,0.00238664,0.0459501,0.0519398
^GSPTSE,own1d<=-4%,all,20,OOS (2008-),10,0.533601,0.8,0.0607533,-0.164478,0.015707,0.0485071,0.0150446,0.107311,0.140197,0.443342,-1.40561,4.25229,-0.238196,0.141528,20,0.656981,0.164245,0.164245,0.000583241,0.00417993,0.0435172,0.0960524
^GSPTSE,own1d<=-4%,all,60,IS (<2008),9,0.315687,0.666667,0.103806,-0.0352267,0.0574617,0.0613772,0.042733,0.0859029,0.497457,1.49237,0.511083,2.39365,-0.0503608,0.216547,60,3.73679,0.934198,0.934198,0.00538724,0.00732787,0.0843511,0.0868735
^GSPTSE,own1d<=-4%,all,60,OOS (2008-),8,0.426881,0.875,0.135893,-0.294564,0.0820858,0.0941666,0.0800179,0.184777,0.433051,1.22485,-0.727644,3.66404,-0.294564,0.360398,60,1.11183,0.277958,0.277958,0.00422597,0.0126149,0.074293,0.1698
^GSPTSE,own1d<=-4%,above200,5,IS (<2008),2,0.0701527,1,0.0324459,,0.0324459,0.0324459,0.0313836,0.00720396,4.35644,6.16093,,,0.0272964,0.0375954,5,0,0,0,0,0.000578835,0.0216757,0.0267043
^GSPTSE,own1d<=-4%,above200,5,OOS (2008-),1,0.0533601,1,0.0472714,,0.0472714,0.0472714,0.0472337,,,,,,0.0472714,0.0472714,5,0,0,0,0,0.00101922,0.0232139,0.0439054
^GSPTSE,own1d<=-4%,above200,20,IS (<2008),2,0.0701527,0.5,0.0915462,-0.0166897,0.0374282,0.0374282,0.0331008,0.0761802,0.434507,0.614486,,,-0.0166897,0.0915462,20,0,0,0,0,0.00238664,0.0459501,0.0519398
^GSPTSE,own1d<=-4%,above200,20,OOS (2008-),1,0.0533601,1,0.0530756,,0.0530756,0.0530756,0.0529291,,,,,,0.0530756,0.0530756,20,0,0,0,0,0.00417993,0.0435172,0.0960524
^GSPTSE,own1d<=-4%,above200,60,IS (<2008),2,0.0701527,0.5,0.216547,-0.0373777,0.0895844,0.0895844,0.0766594,0.178494,0.42948,0.607376,,,-0.0373777,0.216547,60,0,0,0,0,0.00732787,0.0843511,0.0868735
^GSPTSE,own1d<=-4%,above200,60,OOS (2008-),1,0.0533601,1,0.155391,,0.155391,0.155391,0.154991,,,,,,0.155391,0.155391,60,0,0,0,0,0.0126149,0.074293,0.1698
^GSPTSE,own1d<=-4%,below200,5,IS (<2008),8,0.280611,0.25,0.0333775,-0.0333734,-0.0166857,-0.0200394,-0.0183693,0.0395211,-0.464798,-1.31465,0.0109525,2.36383,-0.0826519,0.047136,5,6.30097e-05,1.57524e-05,1.57524e-05,-4.75812e-14,0.000578835,0.0216757,0.0267043
^GSPTSE,own1d<=-4%,below200,5,OOS (2008-),15,0.800402,0.8,0.0513301,-0.164057,0.0082527,0.0310468,0.00811762,0.0974256,0.0833212,0.322702,-0.859276,2.74668,-0.174891,0.135608,5,0.441828,0.110457,0.110457,0.000315278,0.00101922,0.0232139,0.0439054
^GSPTSE,own1d<=-4%,below200,20,IS (<2008),7,0.245534,0.285714,0.0105342,-0.0380888,-0.0241965,-0.023145,-0.0300573,0.0301146,-0.998095,-2.64071,0.0453005,1.68361,-0.0657833,0.0168451,20,0,0,0,0,0.00238664,0.0459501,0.0519398
^GSPTSE,own1d<=-4%,below200,20,OOS (2008-),9,0.480241,0.777778,0.0618501,-0.164478,0.0115549,0.0475823,0.0108353,0.112941,0.0959371,0.287811,-1.25121,3.7386,-0.238196,0.141528,20,0.449094,0.112274,0.112274,0.000257392,0.00417993,0.0435172,0.0960524
^GSPTSE,own1d<=-4%,below200,60,IS (<2008),7,0.245534,0.714286,0.0812577,-0.0341511,0.0482837,0.0613772,0.0330398,0.0635279,0.520083,1.37601,-0.117014,2.10727,-0.0503608,0.138292,60,4.64668,1.16167,1,0.00360876,0.00732787,0.0843511,0.0868735
^GSPTSE,own1d<=-4%,below200,60,OOS (2008-),7,0.373521,0.857143,0.132643,-0.294564,0.0716137,0.0727963,0.0693075,0.196882,0.352026,0.931373,-0.542503,3.23326,-0.294564,0.360398,60,0.92592,0.23148,0.23148,0.00265117,0.0126149,0.074293,0.1698
^GSPTSE,own1d<=-5%,all,5,IS (<2008),7,0.245534,0.428571,0.0281703,-0.0205343,0.000339071,-0.00340033,-0.000979807,0.0297116,-0.0329772,-0.0872496,-0.143226,1.59668,-0.0386582,0.0375954,5,0,0,0,0,0.000578835,0.0216757,0.0267043
^GSPTSE,own1d<=-5%,all,5,OOS (2008-),10,0.533601,0.6,0.0614594,-0.127304,-0.0140459,0.0194714,-0.0141039,0.112082,-0.125836,-0.397927,-0.406351,1.75786,-0.174891,0.135608,5,4.58337e-05,1.14584e-05,1.14584e-05,-3.9605e-13,0.00101922,0.0232139,0.0439054
^GSPTSE,own1d<=-5%,all,20,IS (<2008),7,0.245534,0.428571,0.047169,-0.0400045,-0.00264442,-0.0166897,-0.00779617,0.0537686,-0.144995,-0.38362,0.586583,2.40459,-0.0657833,0.0915462,20,0,0,0,0,0.00238664,0.0459501,0.0519398
^GSPTSE,own1d<=-5%,all,20,OOS (2008-),4,0.21344,0.25,0.141528,-0.128919,-0.0613074,-0.0971984,-0.0615214,0.14267,-0.431214,-0.862428,0.792924,2.14144,-0.192361,0.141528,20,0,0,0,0,0.00417993,0.0435172,0.0960524
^GSPTSE,own1d<=-5%,all,60,IS (<2008),7,0.245534,0.571429,0.140739,-0.0352267,0.0653251,0.0613772,0.051512,0.102932,0.500445,1.32405,0.211616,1.54867,-0.0503608,0.216547,60,3.14026,0.785064,0.785064,0.00425919,0.00732787,0.0843511,0.0868735
^GSPTSE,own1d<=-5%,all,60,OOS (2008-),3,0.16008,0.666667,0.198727,-0.293596,0.0346191,0.0370556,0.0341203,0.327168,0.10429,0.180635,-0.0147454,,-0.293596,0.360398,60,0.239341,0.0598352,0.0598352,0.000142912,0.0126149,0.074293,0.1698
^GSPTSE,own1d<=-5%,above200,5,IS (<2008),2,0.0701527,1,0.0324459,,0.0324459,0.0324459,0.0313836,0.00720396,4.35644,6.16093,,,0.0272964,0.0375954,5,0,0,0,0,0.000578835,0.0216757,0.0267043
^GSPTSE,own1d<=-5%,above200,5,OOS (2008-),0,0,,,,,,,,,,,,,,,,,,,0.00101922,0.0232139,0.0439054
^GSPTSE,own1d<=-5%,above200,20,IS (<2008),2,0.0701527,0.5,0.0915462,-0.0166897,0.0374282,0.0374282,0.0331008,0.0761802,0.434507,0.614486,,,-0.0166897,0.0915462,20,0,0,0,0,0.00238664,0.0459501,0.0519398
^GSPTSE,own1d<=-5%,above200,20,OOS (2008-),0,0,,,,,,,,,,,,,,,,,,,0.00417993,0.0435172,0.0960524
^GSPTSE,own1d<=-5%,above200,60,IS (<2008),2,0.0701527,0.5,0.216547,-0.0373777,0.0895844,0.0895844,0.0766594,0.178494,0.42948,0.607376,,,-0.0373777,0.216547,60,0,0,0,0,0.00732787,0.0843511,0.0868735
^GSPTSE,own1d<=-5%,above200,60,OOS (2008-),0,0,,,,,,,,,,,,,,,,,,,0.0126149,0.074293,0.1698
^GSPTSE,own1d<=-5%,below200,5,IS (<2008),5,0.175382,0.2,0.0196189,-0.0205343,-0.0125037,-0.00512277,-0.0139252,0.0240421,-0.5792,-1.29513,0.139557,1.65718,-0.0386582,0.0196189,5,0,0,0,0,0.000578835,0.0216757,0.0267043
^GSPTSE,own1d<=-5%,below200,5,OOS (2008-),10,0.533601,0.6,0.0614594,-0.127304,-0.0140459,0.0194714,-0.0141039,0.112082,-0.125836,-0.397927,-0.406351,1.75786,-0.174891,0.135608,5,4.58337e-05,1.14584e-05,1.14584e-05,-3.9605e-13,0.00101922,0.0232139,0.0439054
^GSPTSE,own1d<=-5%,below200,20,IS (<2008),5,0.175382,0.4,0.0249804,-0.0477761,-0.0186735,-0.023145,-0.024155,0.0414119,-0.583287,-1.30427,0.0638517,1.31505,-0.0657833,0.0331158,20,0,0,0,0,0.00238664,0.0459501,0.0519398
^GSPTSE,own1d<=-5%,below200,20,OOS (2008-),4,0.21344,0.25,0.141528,-0.128919,-0.0613074,-0.0971984,-0.0615214,0.14267,-0.431214,-0.862428,0.792924,2.14144,-0.192361,0.141528,20,0,0,0,0,0.00417993,0.0435172,0.0960524
^GSPTSE,own1d<=-5%,below200,60,IS (<2008),5,0.175382,0.6,0.11547,-0.0341511,0.0556214,0.0613772,0.0414531,0.0865156,0.47914,1.07139,-0.105678,1.32071,-0.0503608,0.14674,60,3.53603,0.884008,0.884008,0.00278555,0.00732787,0.0843511,0.0868735
^GSPTSE,own1d<=-5%,below200,60,OOS (2008-),3,0.16008,0.666667,0.198727,-0.293596,0.0346191,0.0370556,0.0341203,0.327168,0.10429,0.180635,-0.0147454,,-0.293596,0.360398,60,0.239341,0.0598352,0.0598352,0.000142912,0.0126149,0.074293,0.1698
^GSPTSE,ownDD<=-10%|first,all,5,IS (<2008),13,0.455993,0.692308,0.0248599,-0.0716162,-0.00482508,0.0120487,-0.00628912,0.054477,-0.115445,-0.416245,-1.39038,4.2763,-0.145134,0.0458377,5,6.04053e-05,1.51013e-05,1.51013e-05,-1.42437e-13,0.000578835,0.0216757,0.0267043
^GSPTSE,ownDD<=-10%|first,all,5,OOS (2008-),6,0.320161,0.666667,0.0278697,-0.0765699,-0.00694348,0.0188101,-0.00725214,0.072813,-0.0995995,-0.243968,-1.63048,3.91565,-0.152799,0.0430082,5,0,0,0,0,0.00101922,0.0232139,0.0439054
^GSPTSE,ownDD<=-10%|first,all,20,IS (<2008),13,0.455993,0.692308,0.0547596,-0.117412,0.00178355,0.0263654,-0.00407582,0.0962018,-0.0423675,-0.152758,-0.90559,2.65516,-0.182439,0.103363,20,0,0,0,0,0.00238664,0.0459501,0.0519398
^GSPTSE,ownDD<=-10%|first,all,20,OOS (2008-),6,0.320161,0.666667,0.0499719,-0.0512399,0.0162346,0.0192044,0.0149865,0.0641187,0.233731,0.572522,-0.53905,2.32679,-0.0907607,0.0914384,20,2.04643,0.511608,0.511608,0.00108089,0.00417993,0.0435172,0.0960524
^GSPTSE,ownDD<=-10%|first,all,60,IS (<2008),13,0.455993,0.692308,0.105687,-0.117615,0.0369784,0.0578036,0.0201224,0.124237,0.161969,0.583986,-0.109389,2.0982,-0.149758,0.246514,60,0.699565,0.174891,0.174891,0.000702463,0.00732787,0.0843511,0.0868735
^GSPTSE,ownDD<=-10%|first,all,60,OOS (2008-),6,0.320161,0.666667,0.066423,-0.168245,-0.0117996,0.0235948,-0.0157015,0.167875,-0.0935305,-0.229102,-1.15837,3.4195,-0.329364,0.181447,60,0,0,0,0,0.0126149,0.074293,0.1698
^GSPTSE,ownDD<=-10%|first,above200,5,IS (<2008),3,0.105229,1,0.0264563,,0.0264563,0.0198274,0.0253397,0.0118584,2.13686,3.70114,0.704944,,0.0193951,0.0401466,5,20,4.99999,1,0.00132007,0.000578835,0.0216757,0.0267043
^GSPTSE,ownDD<=-10%|first,above200,5,OOS (2008-),0,0,,,,,,,,,,,,,,,,,,,0.00101922,0.0232139,0.0439054
^GSPTSE,ownDD<=-10%|first,above200,20,IS (<2008),3,0.105229,0.666667,0.0988359,-0.0623131,0.0451196,0.0943085,0.0406094,0.0934934,0.434356,0.752326,-0.698826,,-0.0623131,0.103363,20,3.12298,0.780745,0.780745,0.00146854,0.00238664,0.0459501,0.0519398
^GSPTSE,ownDD<=-10%|first,above200,20,OOS (2008-),0,0,,,,,,,,,,,,,,,,,,,0.00417993,0.0435172,0.0960524
^GSPTSE,ownDD<=-10%|first,above200,60,IS (<2008),3,0.105229,0.666667,0.2015,-0.145954,0.0856817,0.156486,0.0724175,0.206171,0.35125,0.608383,-0.563898,,-0.145954,0.246514,60,1.18118,0.295296,0.295296,0.000989299,0.00732787,0.0843511,0.0868735
^GSPTSE,ownDD<=-10%|first,above200,60,OOS (2008-),0,0,,,,,,,,,,,,,,,,,,,0.0126149,0.074293,0.1698
^GSPTSE,ownDD<=-10%|first,below200,5,IS (<2008),10,0.350763,0.6,0.0240616,-0.0716162,-0.0142095,0.00589574,-0.0157778,0.0590952,-0.266989,-0.844293,-1.02831,3.30405,-0.145134,0.0458377,5,0,0,0,0,0.000578835,0.0216757,0.0267043
^GSPTSE,ownDD<=-10%|first,below200,5,OOS (2008-),6,0.320161,0.666667,0.0278697,-0.0765699,-0.00694348,0.0188101,-0.00725214,0.072813,-0.0995995,-0.243968,-1.63048,3.91565,-0.152799,0.0430082,5,0,0,0,0,0.00101922,0.0232139,0.0439054
^GSPTSE,ownDD<=-10%|first,below200,20,IS (<2008),10,0.350763,0.7,0.0421663,-0.135779,-0.0112173,0.0145379,-0.0174814,0.0976319,-0.179054,-0.566218,-0.943906,2.46829,-0.182439,0.0784126,20,0,0,0,0,0.00238664,0.0459501,0.0519398
^GSPTSE,ownDD<=-10%|first,below200,20,OOS (2008-),6,0.320161,0.666667,0.0499719,-0.0512399,0.0162346,0.0192044,0.0149865,0.0641187,0.233731,0.572522,-0.53905,2.32679,-0.0907607,0.0914384,20,2.04643,0.511608,0.511608,0.00108089,0.00417993,0.0435172,0.0960524
^GSPTSE,ownDD<=-10%|first,below200,60,IS (<2008),10,0.350763,0.7,0.0783116,-0.108169,0.0223674,0.0522318,0.00443391,0.0997433,0.0444532,0.140574,-0.455828,2.2686,-0.149758,0.185065,60,0.244979,0.0612447,0.0612447,4.17231e-05,0.00732787,0.0843511,0.0868735
^GSPTSE,ownDD<=-10%|first,below200,60,OOS (2008-),6,0.320161,0.666667,0.066423,-0.168245,-0.0117996,0.0235948,-0.0157015,0.167875,-0.0935305,-0.229102,-1.15837,3.4195,-0.329364,0.181447,60,0,0,0,0,0.0126149,0.074293,0.1698
^GSPTSE,ownDD<=-15%|first,all,5,IS (<2008),8,0.280611,0.5,0.0284803,-0.0243827,0.0020488,0.0060159,0.00023198,0.0301524,0.00769359,0.0217608,-0.144252,1.38261,-0.0357346,0.0375954,5,0.145727,0.0364318,0.0364318,1.03762e-06,0.000578835,0.0216757,0.0267043
^GSPTSE,ownDD<=-15%|first,all,5,OOS (2008-),6,0.320161,0.666667,0.0227875,-0.07779,-0.0107383,0.0148706,-0.0110022,0.0708367,-0.155318,-0.38045,-1.64315,3.93004,-0.152799,0.0310468,5,6.1983e-05,1.54957e-05,1.54957e-05,-1.60731e-13,0.00101922,0.0232139,0.0439054
^GSPTSE,ownDD<=-15%|first,all,20,IS (<2008),8,0.280611,0.5,0.0444323,-0.0517761,-0.0036719,-0.00908046,-0.0108534,0.0589305,-0.184174,-0.520921,0.342269,2.00965,-0.0847026,0.0915462,20,5.66874e-05,1.41718e-05,1.41718e-05,-8.5628e-14,0.00238664,0.0459501,0.0519398
^GSPTSE,ownDD<=-15%|first,all,20,OOS (2008-),6,0.320161,0.666667,0.0491582,-0.141168,-0.0142838,0.00893277,-0.0152982,0.109636,-0.139536,-0.341793,-0.590516,2.12807,-0.191575,0.107787,20,0,0,0,0,0.00417993,0.0435172,0.0960524
^GSPTSE,ownDD<=-15%|first,all,60,IS (<2008),8,0.280611,0.625,0.149204,-0.0212228,0.0852937,0.06939,0.0655885,0.112039,0.58541,1.65579,0.614458,2.03127,-0.0251794,0.281349,60,3.82282,0.955705,0.955705,0.00737743,0.00732787,0.0843511,0.0868735
^GSPTSE,ownDD<=-15%|first,all,60,OOS (2008-),6,0.320161,0.833333,0.0695789,-0.317622,0.00504537,0.0302925,0.00214643,0.16844,0.012743,0.0312137,-1.27201,3.39976,-0.317622,0.166399,60,0.0449913,0.0112478,0.0112478,3.38521e-06,0.0126149,0.074293,0.1698
^GSPTSE,ownDD<=-15%|first,above200,5,IS (<2008),1,0.0350763,1,0.0375954,,0.0375954,0.0375954,0.0364776,,,,,,0.0375954,0.0375954,5,0,0,0,0,0.000578835,0.0216757,0.0267043
^GSPTSE,ownDD<=-15%|first,above200,5,OOS (2008-),0,0,,,,,,,,,,,,,,,,,,,0.00101922,0.0232139,0.0439054
^GSPTSE,ownDD<=-15%|first,above200,20,IS (<2008),1,0.0350763,1,0.0915462,,0.0915462,0.0915462,0.0869684,,,,,,0.0915462,0.0915462,20,0,0,0,0,0.00238664,0.0459501,0.0519398
^GSPTSE,ownDD<=-15%|first,above200,20,OOS (2008-),0,0,,,,,,,,,,,,,,,,,,,0.00417993,0.0435172,0.0960524
^GSPTSE,ownDD<=-15%|first,above200,60,IS (<2008),1,0.0350763,1,0.216547,,0.216547,0.216547,0.202873,,,,,,0.216547,0.216547,60,0,0,0,0,0.00732787,0.0843511,0.0868735
^GSPTSE,ownDD<=-15%|first,above200,60,OOS (2008-),0,0,,,,,,,,,,,,,,,,,,,0.0126149,0.074293,0.1698
^GSPTSE,ownDD<=-15%|first,below200,5,IS (<2008),7,0.245534,0.428571,0.0254419,-0.0243827,-0.0030293,-0.00758715,-0.00494596,0.0284686,-0.173734,-0.459657,0.0233922,1.34657,-0.0357346,0.0311468,5,4.32255e-05,1.08064e-05,1.08064e-05,-9.95924e-15,0.000578835,0.0216757,0.0267043
^GSPTSE,ownDD<=-15%|first,below200,5,OOS (2008-),6,0.320161,0.666667,0.0227875,-0.07779,-0.0107383,0.0148706,-0.0110022,0.0708367,-0.155318,-0.38045,-1.64315,3.93004,-0.152799,0.0310468,5,6.1983e-05,1.54957e-05,1.54957e-05,-1.60731e-13,0.00101922,0.0232139,0.0439054
^GSPTSE,ownDD<=-15%|first,below200,20,IS (<2008),7,0.245534,0.428571,0.0287277,-0.0517761,-0.0172745,-0.023145,-0.024828,0.0472115,-0.525889,-1.39137,0.175116,1.82658,-0.0847026,0.0548469,20,5.70141e-05,1.42535e-05,1.42535e-05,-4.76513e-14,0.00238664,0.0459501,0.0519398
^GSPTSE,ownDD<=-15%|first,below200,20,OOS (2008-),6,0.320161,0.666667,0.0491582,-0.141168,-0.0142838,0.00893277,-0.0152982,0.109636,-0.139536,-0.341793,-0.590516,2.12807,-0.191575,0.107787,20,0,0,0,0,0.00417993,0.0435172,0.0960524
^GSPTSE,ownDD<=-15%|first,below200,60,IS (<2008),7,0.245534,0.571429,0.132368,-0.0212228,0.0665432,0.0613772,0.0459764,0.105142,0.437279,1.15693,1.08824,3.18579,-0.0251794,0.281349,60,3.23063,0.807659,0.807659,0.00382024,0.00732787,0.0843511,0.0868735
^GSPTSE,ownDD<=-15%|first,below200,60,OOS (2008-),6,0.320161,0.833333,0.0695789,-0.317622,0.00504537,0.0302925,0.00214643,0.16844,0.012743,0.0312137,-1.27201,3.39976,-0.317622,0.166399,60,0.0449913,0.0112478,0.0112478,3.38521e-06,0.0126149,0.074293,0.1698
^GSPTSE,ownDD<=-20%|first,all,5,IS (<2008),5,0.175382,0.4,0.0372118,-0.0513316,-0.0159142,-0.00340033,-0.0177166,0.0662743,-0.267323,-0.597752,-0.384666,2.29937,-0.115639,0.0674561,5,5.00279e-05,1.2507e-05,1.2507e-05,-4.81991e-14,0.000578835,0.0216757,0.0267043
^GSPTSE,ownDD<=-20%|first,all,5,OOS (2008-),3,0.16008,0.333333,0.0389039,-0.029427,-0.00665005,-0.0279941,-0.00673206,0.0393998,-0.170865,-0.295948,0.702858,,-0.0308599,0.0389039,5,0,0,0,0,0.00101922,0.0232139,0.0439054
^GSPTSE,ownDD<=-20%|first,all,20,IS (<2008),5,0.175382,0.6,0.0204888,-0.0313065,-0.000229297,0.00647655,-0.00713676,0.0273628,-0.26082,-0.583211,-0.314476,1.5269,-0.039468,0.0331158,20,3.37821e-05,8.44551e-06,8.44551e-06,-3.74642e-15,0.00238664,0.0459501,0.0519398
^GSPTSE,ownDD<=-20%|first,all,20,OOS (2008-),3,0.16008,0.666667,0.0779962,-0.208184,-0.0173972,0.0245665,-0.0176796,0.173886,-0.101674,-0.176104,-0.418037,,-0.208184,0.131426,20,0,0,0,0,0.00417993,0.0435172,0.0960524
^GSPTSE,ownDD<=-20%|first,all,60,IS (<2008),5,0.175382,0.8,0.0750361,-0.00563019,0.0589029,0.0613772,0.0411654,0.0523346,0.786582,1.75885,0.643379,2.44983,-0.00563019,0.14674,60,12.2755,3.06887,1,0.00339188,0.00732787,0.0843511,0.0868735
^GSPTSE,ownDD<=-20%|first,all,60,OOS (2008-),3,0.16008,0.666667,0.171908,-0.29488,0.0163118,0.0679685,0.0156403,0.28921,0.0540792,0.093668,-0.317542,,-0.29488,0.275847,60,0.138876,0.0347189,0.0347189,3.80704e-05,0.0126149,0.074293,0.1698
^GSPTSE,ownDD<=-20%|first,above200,5,IS (<2008),0,0,,,,,,,,,,,,,,,,,,,0.000578835,0.0216757,0.0267043
^GSPTSE,ownDD<=-20%|first,above200,5,OOS (2008-),0,0,,,,,,,,,,,,,,,,,,,0.00101922,0.0232139,0.0439054
^GSPTSE,ownDD<=-20%|first,above200,20,IS (<2008),0,0,,,,,,,,,,,,,,,,,,,0.00238664,0.0459501,0.0519398
^GSPTSE,ownDD<=-20%|first,above200,20,OOS (2008-),0,0,,,,,,,,,,,,,,,,,,,0.00417993,0.0435172,0.0960524
^GSPTSE,ownDD<=-20%|first,above200,60,IS (<2008),0,0,,,,,,,,,,,,,,,,,,,0.00732787,0.0843511,0.0868735
^GSPTSE,ownDD<=-20%|first,above200,60,OOS (2008-),0,0,,,,,,,,,,,,,,,,,,,0.0126149,0.074293,0.1698
^GSPTSE,ownDD<=-20%|first,below200,5,IS (<2008),5,0.175382,0.4,0.0372118,-0.0513316,-0.0159142,-0.00340033,-0.0177166,0.0662743,-0.267323,-0.597752,-0.384666,2.29937,-0.115639,0.0674561,5,5.00279e-05,1.2507e-05,1.2507e-05,-4.81991e-14,0.000578835,0.0216757,0.0267043
^GSPTSE,ownDD<=-20%|first,below200,5,OOS (2008-),3,0.16008,0.333333,0.0389039,-0.029427,-0.00665005,-0.0279941,-0.00673206,0.0393998,-0.170865,-0.295948,0.702858,,-0.0308599,0.0389039,5,0,0,0,0,0.00101922,0.0232139,0.0439054
^GSPTSE,ownDD<=-20%|first,below200,20,IS (<2008),5,0.175382,0.6,0.0204888,-0.0313065,-0.000229297,0.00647655,-0.00713676,0.0273628,-0.26082,-0.583211,-0.314476,1.5269,-0.039468,0.0331158,20,3.37821e-05,8.44551e-06,8.44551e-06,-3.74642e-15,0.00238664,0.0459501,0.0519398
^GSPTSE,ownDD<=-20%|first,below200,20,OOS (2008-),3,0.16008,0.666667,0.0779962,-0.208184,-0.0173972,0.0245665,-0.0176796,0.173886,-0.101674,-0.176104,-0.418037,,-0.208184,0.131426,20,0,0,0,0,0.00417993,0.0435172,0.0960524
^GSPTSE,ownDD<=-20%|first,below200,60,IS (<2008),5,0.175382,0.8,0.0750361,-0.00563019,0.0589029,0.0613772,0.0411654,0.0523346,0.786582,1.75885,0.643379,2.44983,-0.00563019,0.14674,60,12.2755,3.06887,1,0.00339188,0.00732787,0.0843511,0.0868735
^GSPTSE,ownDD<=-20%|first,below200,60,OOS (2008-),3,0.16008,0.666667,0.171908,-0.29488,0.0163118,0.0679685,0.0156403,0.28921,0.0540792,0.093668,-0.317542,,-0.29488,0.275847,60,0.138876,0.0347189,0.0347189,3.80704e-05,0.0126149,0.074293,0.1698
^SSMI,own1d<=-3%,all,5,IS (<2008),33,1.92482,0.636364,0.0449846,-0.0469328,0.0115601,0.0213545,0.0109238,0.0577272,0.189231,1.08705,0.641205,3.74331,-0.0869736,0.175725,5,1.77894,0.444734,0.444734,0.00406364,0.00159594,0.025349,0.0629586
^SSMI,own1d<=-3%,all,5,OOS (2008-),34,1.81504,0.676471,0.0395643,-0.0464228,0.011745,0.0289969,0.0115815,0.0504946,0.229361,1.33739,-0.743054,4.18482,-0.126931,0.132106,5,2.11784,0.52946,0.52946,0.00492155,0.000559312,0.0233908,0.0239116
^SSMI,own1d<=-3%,all,20,IS (<2008),23,1.34154,0.608696,0.0832724,-0.0653728,0.0251069,0.0411951,0.0223129,0.0951875,0.234409,1.12419,-0.205693,3.16775,-0.186686,0.225808,20,1.23828,0.30957,0.30957,0.00406911,0.00616413,0.0495645,0.124366
^SSMI,own1d<=-3%,all,20,OOS (2008-),22,1.17444,0.727273,0.0521601,-0.0530177,0.0234753,0.0195055,0.0226706,0.0662403,0.342249,1.60529,-0.908766,4.28267,-0.167382,0.129533,20,2.25129,0.562823,0.562823,0.00668044,0.00228668,0.0421584,0.0542401
^SSMI,own1d<=-3%,all,60,IS (<2008),16,0.933248,0.75,0.0952279,-0.0977961,0.0469719,0.0488796,0.0383287,0.11225,0.341458,1.36583,0.222655,2.63301,-0.144564,0.254042,60,1.65797,0.414492,0.414492,0.00645558,0.0184669,0.088178,0.209427
^SSMI,own1d<=-3%,all,60,OOS (2008-),16,0.854136,0.75,0.078381,-0.0653911,0.042438,0.036989,0.0396393,0.091356,0.433899,1.7356,0.440969,3.47341,-0.132663,0.245248,60,2.61607,0.654017,0.654017,0.00962329,0.00715536,0.0647954,0.11043
^SSMI,own1d<=-3%,above200,5,IS (<2008),9,0.524952,0.666667,0.0259326,-0.0447744,0.00236357,0.0213545,0.00145123,0.0397865,0.0364754,0.109426,-1.11887,3.01046,-0.0806008,0.0359532,5,0.504797,0.126199,0.126199,4.21669e-05,0.00159594,0.025349,0.0629586
^SSMI,own1d<=-3%,above200,5,OOS (2008-),4,0.213534,0.5,0.0309337,-0.0400566,-0.00456149,-0.00534361,-0.00505653,0.0411208,-0.122968,-0.245936,0.0125814,1.0293,-0.0418262,0.0342674,5,0,0,0,0,0.000559312,0.0233908,0.0239116
^SSMI,own1d<=-3%,above200,20,IS (<2008),8,0.466624,0.625,0.05933,-0.04261,0.0211025,0.0246952,0.0174724,0.0677849,0.257762,0.729061,-0.539862,2.76354,-0.106724,0.110976,20,2.00814,0.502034,0.502034,0.00180471,0.00616413,0.0495645,0.124366
^SSMI,own1d<=-3%,above200,20,OOS (2008-),4,0.213534,0.5,0.0724309,-0.103397,-0.0154829,0.0139241,-0.0173103,0.113548,-0.152449,-0.304898,-0.543583,1.69117,-0.167382,0.0776025,20,0,0,0,0,0.00228668,0.0421584,0.0542401
^SSMI,own1d<=-3%,above200,60,IS (<2008),7,0.408296,0.714286,0.123325,-0.0757491,0.0664468,0.0296329,0.0558483,0.138021,0.404637,1.07057,0.384002,1.86637,-0.114209,0.254042,60,1.87914,0.469784,0.469784,0.00461315,0.0184669,0.088178,0.209427
^SSMI,own1d<=-3%,above200,60,OOS (2008-),4,0.213534,0.5,0.0700075,-0.0429845,0.0135115,0.0182515,0.00836001,0.0673208,0.124182,0.248364,0.00195403,1.29259,-0.0633477,0.0808907,60,1.23441,0.308603,0.308603,0.000240794,0.00715536,0.0647954,0.11043
^SSMI,own1d<=-3%,below200,5,IS (<2008),25,1.4582,0.6,0.0526054,-0.0432413,0.0142667,0.010793,0.0137179,0.0622029,0.220535,1.10267,0.712642,3.35758,-0.0869736,0.175725,5,1.98422,0.496055,0.496055,0.0042996,0.00159594,0.025349,0.0629586
^SSMI,own1d<=-3%,below200,5,OOS (2008-),31,1.65489,0.677419,0.0403863,-0.0478299,0.0119294,0.0301088,0.0118105,0.0515693,0.229022,1.27514,-0.654819,3.84165,-0.126931,0.132106,5,2.101,0.525251,0.525251,0.00453361,0.000559312,0.0233908,0.0239116
^SSMI,own1d<=-3%,below200,20,IS (<2008),15,0.87492,0.6,0.0904449,-0.0630234,0.0290576,0.0425605,0.0267017,0.0923903,0.28901,1.11933,-0.132507,2.2961,-0.141632,0.176515,20,1.63411,0.408528,0.408528,0.00418093,0.00616413,0.0495645,0.124366
^SSMI,own1d<=-3%,below200,20,OOS (2008-),19,1.01429,0.736842,0.0492643,-0.0380524,0.0262862,0.0172642,0.0257286,0.0564012,0.456172,1.98841,-0.0121396,2.39416,-0.0789492,0.129533,20,4.15428,1.03857,1,0.0114691,0.00228668,0.0421584,0.0542401
^SSMI,own1d<=-3%,below200,60,IS (<2008),10,0.58328,0.8,0.0720988,-0.119843,0.0337104,0.056363,0.0262716,0.0888854,0.295567,0.934665,-0.74888,2.99109,-0.144564,0.167686,60,1.64728,0.41182,0.41182,0.00279224,0.0184669,0.088178,0.209427
^SSMI,own1d<=-3%,below200,60,OOS (2008-),13,0.693986,0.769231,0.0800557,-0.0628586,0.0470755,0.0353776,0.0451846,0.0957823,0.471743,1.70089,0.424141,3.38013,-0.132663,0.245248,60,2.72663,0.681658,0.681658,0.00929656,0.00715536,0.0647954,0.11043
^SSMI,own1d<=-4%,all,5,IS (<2008),16,0.933248,0.5,0.0605988,-0.0446305,0.00798414,-0.00582645,0.00730477,0.072084,0.101337,0.405348,0.658118,3.3608,-0.113008,0.175725,5,0.774378,0.193595,0.193595,0.000575056,0.00159594,0.025349,0.0629586
^SSMI,own1d<=-4%,all,5,OOS (2008-),16,0.854136,0.5625,0.0404629,-0.046461,0.00243371,0.0296453,0.00230881,0.0551548,0.0418605,0.167442,-1.18586,3.48648,-0.126931,0.0651862,5,0.394658,0.0986644,0.0986644,8.53757e-05,0.000559312,0.0233908,0.0239116
^SSMI,own1d<=-4%,all,20,IS (<2008),12,0.699936,0.666667,0.0758855,-0.0572048,0.031522,0.0444199,0.028787,0.0770277,0.373723,1.29462,-0.0639519,2.44624,-0.104301,0.170648,20,2.58023,0.645058,0.645058,0.00568749,0.00616413,0.0495645,0.124366
^SSMI,own1d<=-4%,all,20,OOS (2008-),10,0.533835,0.7,0.0549528,-0.0844359,0.0131362,0.0175685,0.0124394,0.0870686,0.142868,0.45179,-0.749525,3.05956,-0.168581,0.129533,20,0.860872,0.215218,0.215218,0.000629192,0.00228668,0.0421584,0.0542401
^SSMI,own1d<=-4%,all,60,IS (<2008),9,0.524952,0.888889,0.0964217,-0.166356,0.0672242,0.0621043,0.0591699,0.100238,0.590292,1.77088,-1.28109,4.17969,-0.166356,0.171305,60,2.34954,0.587384,0.587384,0.0082209,0.0184669,0.088178,0.209427
^SSMI,own1d<=-4%,all,60,OOS (2008-),7,0.373685,0.714286,0.131692,-0.116186,0.0608697,0.081024,0.0586293,0.145856,0.401967,1.06351,-0.449556,2.34915,-0.189441,0.245248,60,1.46118,0.365295,0.365295,0.00352746,0.00715536,0.0647954,0.11043
^SSMI,own1d<=-4%,above200,5,IS (<2008),1,0.058328,1,0.0213545,,0.0213545,0.0213545,0.0203446,,,,,,0.0213545,0.0213545,5,0,0,0,0,0.00159594,0.025349,0.0629586
^SSMI,own1d<=-4%,above200,5,OOS (2008-),0,0,,,,,,,,,,,,,,,,,,,0.000559312,0.0233908,0.0239116
^SSMI,own1d<=-4%,above200,20,IS (<2008),1,0.058328,1,0.0462793,,0.0462793,0.0462793,0.0421996,,,,,,0.0462793,0.0462793,20,0,0,0,0,0.00616413,0.0495645,0.124366
^SSMI,own1d<=-4%,above200,20,OOS (2008-),0,0,,,,,,,,,,,,,,,,,,,0.00228668,0.0421584,0.0542401
^SSMI,own1d<=-4%,above200,60,IS (<2008),1,0.058328,1,0.171305,,0.171305,0.171305,0.159133,,,,,,0.171305,0.171305,60,0,0,0,0,0.0184669,0.088178,0.209427
^SSMI,own1d<=-4%,above200,60,OOS (2008-),0,0,,,,,,,,,,,,,,,,,,,0.00715536,0.0647954,0.11043
^SSMI,own1d<=-4%,below200,5,IS (<2008),15,0.87492,0.466667,0.0662051,-0.0446305,0.00709278,-0.0159246,0.00643545,0.0745271,0.0863505,0.334434,0.675278,3.19713,-0.113008,0.175725,5,0.638993,0.159748,0.159748,0.00039209,0.00159594,0.025349,0.0629586
^SSMI,own1d<=-4%,below200,5,OOS (2008-),16,0.854136,0.5625,0.0404629,-0.046461,0.00243371,0.0296453,0.00230881,0.0551548,0.0418605,0.167442,-1.18586,3.48648,-0.126931,0.0651862,5,0.394658,0.0986644,0.0986644,8.53757e-05,0.000559312,0.0233908,0.0239116
^SSMI,own1d<=-4%,below200,20,IS (<2008),11,0.641608,0.636364,0.0801149,-0.0572048,0.0301805,0.0425605,0.0275677,0.0806658,0.341752,1.13346,-0.0144242,2.25343,-0.104301,0.170648,20,2.30968,0.577419,0.577419,0.004462,0.00616413,0.0495645,0.124366
^SSMI,own1d<=-4%,below200,20,OOS (2008-),10,0.533835,0.7,0.0549528,-0.0844359,0.0131362,0.0175685,0.0124394,0.0870686,0.142868,0.45179,-0.749525,3.05956,-0.168581,0.129533,20,0.860872,0.215218,0.215218,0.000629192,0.00228668,0.0421584,0.0542401
^SSMI,own1d<=-4%,below200,60,IS (<2008),8,0.466624,0.875,0.0857241,-0.166356,0.0542141,0.0620747,0.0466746,0.099384,0.469639,1.32834,-1.26382,4.06635,-0.166356,0.167686,60,2.04376,0.510941,0.510941,0.0049942,0.0184669,0.088178,0.209427
^SSMI,own1d<=-4%,below200,60,OOS (2008-),7,0.373685,0.714286,0.131692,-0.116186,0.0608697,0.081024,0.0586293,0.145856,0.401967,1.06351,-0.449556,2.34915,-0.189441,0.245248,60,1.46118,0.365295,0.365295,0.00352746,0.00715536,0.0647954,0.11043
^SSMI,own1d<=-5%,all,5,IS (<2008),6,0.349968,0.666667,0.0799883,-0.0167565,0.04774,0.0573565,0.046987,0.0554405,0.847521,2.07599,-0.116911,1.67549,-0.0175884,0.120716,5,9.74141,2.43535,1,0.00769649,0.00159594,0.025349,0.0629586
^SSMI,own1d<=-5%,all,5,OOS (2008-),9,0.480452,0.777778,0.037689,-0.0521982,0.0177141,0.0320793,0.0175048,0.0429623,0.407446,1.22234,-1.35462,3.74648,-0.077358,0.0651862,5,4.16812,1.04203,1,0.00378419,0.000559312,0.0233908,0.0239116
^SSMI,own1d<=-5%,all,20,IS (<2008),5,0.29164,0.8,0.10722,-0.104301,0.0649157,0.0781215,0.0620952,0.108465,0.572489,1.28012,-0.69494,2.30826,-0.104301,0.176515,20,2.78181,0.695452,0.695452,0.00557119,0.00616413,0.0495645,0.124366
^SSMI,own1d<=-5%,all,20,OOS (2008-),7,0.373685,0.714286,0.073953,-0.00483928,0.0514409,0.0336192,0.0504671,0.0532751,0.947292,2.5063,0.279076,1.57808,-0.00531703,0.129533,20,14.2516,3.56289,1,0.00888303,0.00228668,0.0421584,0.0542401
^SSMI,own1d<=-5%,all,60,IS (<2008),5,0.29164,1,0.0667045,,0.0667045,0.0620452,0.0587514,0.0551318,1.06565,2.38287,0.915516,2.72745,0.00414456,0.154548,60,20,4.99999,1,0.00811787,0.0184669,0.088178,0.209427
^SSMI,own1d<=-5%,all,60,OOS (2008-),6,0.320301,0.666667,0.155855,-0.0741611,0.0791833,0.0937264,0.0765972,0.134779,0.568316,1.39208,-0.152704,1.68469,-0.10539,0.245248,60,2.50598,0.626496,0.626496,0.00667566,0.00715536,0.0647954,0.11043
^SSMI,own1d<=-5%,above200,5,IS (<2008),0,0,,,,,,,,,,,,,,,,,,,0.00159594,0.025349,0.0629586
^SSMI,own1d<=-5%,above200,5,OOS (2008-),0,0,,,,,,,,,,,,,,,,,,,0.000559312,0.0233908,0.0239116
^SSMI,own1d<=-5%,above200,20,IS (<2008),0,0,,,,,,,,,,,,,,,,,,,0.00616413,0.0495645,0.124366
^SSMI,own1d<=-5%,above200,20,OOS (2008-),0,0,,,,,,,,,,,,,,,,,,,0.00228668,0.0421584,0.0542401
^SSMI,own1d<=-5%,above200,60,IS (<2008),0,0,,,,,,,,,,,,,,,,,,,0.0184669,0.088178,0.209427
^SSMI,own1d<=-5%,above200,60,OOS (2008-),0,0,,,,,,,,,,,,,,,,,,,0.00715536,0.0647954,0.11043
^SSMI,own1d<=-5%,below200,5,IS (<2008),6,0.349968,0.666667,0.0799883,-0.0167565,0.04774,0.0573565,0.046987,0.0554405,0.847521,2.07599,-0.116911,1.67549,-0.0175884,0.120716,5,9.74141,2.43535,1,0.00769649,0.00159594,0.025349,0.0629586
^SSMI,own1d<=-5%,below200,5,OOS (2008-),9,0.480452,0.777778,0.037689,-0.0521982,0.0177141,0.0320793,0.0175048,0.0429623,0.407446,1.22234,-1.35462,3.74648,-0.077358,0.0651862,5,4.16812,1.04203,1,0.00378419,0.000559312,0.0233908,0.0239116
^SSMI,own1d<=-5%,below200,20,IS (<2008),5,0.29164,0.8,0.10722,-0.104301,0.0649157,0.0781215,0.0620952,0.108465,0.572489,1.28012,-0.69494,2.30826,-0.104301,0.176515,20,2.78181,0.695452,0.695452,0.00557119,0.00616413,0.0495645,0.124366
^SSMI,own1d<=-5%,below200,20,OOS (2008-),7,0.373685,0.714286,0.073953,-0.00483928,0.0514409,0.0336192,0.0504671,0.0532751,0.947292,2.5063,0.279076,1.57808,-0.00531703,0.129533,20,14.2516,3.56289,1,0.00888303,0.00228668,0.0421584,0.0542401
^SSMI,own1d<=-5%,below200,60,IS (<2008),5,0.29164,1,0.0667045,,0.0667045,0.0620452,0.0587514,0.0551318,1.06565,2.38287,0.915516,2.72745,0.00414456,0.154548,60,20,4.99999,1,0.00811787,0.0184669,0.088178,0.209427
^SSMI,own1d<=-5%,below200,60,OOS (2008-),6,0.320301,0.666667,0.155855,-0.0741611,0.0791833,0.0937264,0.0765972,0.134779,0.568316,1.39208,-0.152704,1.68469,-0.10539,0.245248,60,2.50598,0.626496,0.626496,0.00667566,0.00715536,0.0647954,0.11043
^SSMI,ownDD<=-10%|first,all,5,IS (<2008),6,0.349968,0.5,0.0280073,-0.0188347,0.00458627,0.00883832,0.00370591,0.0283261,0.13083,0.320467,-0.502628,1.87932,-0.0398131,0.0314766,5,2.67979,0.669947,0.669947,0.000381473,0.00159594,0.025349,0.0629586
^SSMI,ownDD<=-10%|first,all,5,OOS (2008-),5,0.266918,0.6,0.0254994,-0.0674936,-0.0116978,0.0174146,-0.0121124,0.0517963,-0.233847,-0.522898,-0.367238,1.32704,-0.0767195,0.0398721,5,3.90277e-05,9.75693e-06,9.75693e-06,-2.72685e-14,0.000559312,0.0233908,0.0239116
^SSMI,ownDD<=-10%|first,all,20,IS (<2008),6,0.349968,0.5,0.061385,-0.0488012,0.0062919,-0.00416411,0.00277993,0.0895093,0.0310575,0.076075,0.78267,3.05473,-0.106724,0.16726,20,0.210972,0.052743,0.052743,2.24133e-05,0.00616413,0.0495645,0.124366
^SSMI,ownDD<=-10%|first,all,20,OOS (2008-),5,0.266918,0.6,0.0552818,-0.0544171,0.0114022,0.0101978,0.00978129,0.0677216,0.144434,0.322964,-0.146171,1.62084,-0.0789492,0.090716,20,1.32081,0.330204,0.330204,0.000377362,0.00228668,0.0421584,0.0542401
^SSMI,ownDD<=-10%|first,all,60,IS (<2008),6,0.349968,0.5,0.116125,-0.0499616,0.0330818,-0.00805963,0.0227567,0.135966,0.16737,0.409971,1.09935,3.19684,-0.114209,0.289371,60,0.820405,0.205101,0.205101,0.000704889,0.0184669,0.088178,0.209427
^SSMI,ownDD<=-10%|first,all,60,OOS (2008-),5,0.266918,0.4,0.0989189,-0.0255636,0.0242294,-0.0129805,0.0192319,0.0664934,0.28923,0.646738,0.438396,1.46094,-0.0429811,0.116814,60,2.98623,0.746558,0.746558,0.00165294,0.00715536,0.0647954,0.11043
^SSMI,ownDD<=-10%|first,above200,5,IS (<2008),3,0.174984,0.666667,0.0270637,-0.0398131,0.00477146,0.0226509,0.00387384,0.0389818,0.0993756,0.172124,-0.66397,,-0.0398131,0.0314766,5,1.84391,0.460979,0.460979,0.000137243,0.00159594,0.025349,0.0629586
^SSMI,ownDD<=-10%|first,above200,5,OOS (2008-),0,0,,,,,,,,,,,,,,,,,,,0.000559312,0.0233908,0.0239116
^SSMI,ownDD<=-10%|first,above200,20,IS (<2008),3,0.174984,0.333333,0.0155994,-0.0683897,-0.0403934,-0.030056,-0.0439406,0.0622822,-0.705508,-1.22198,-0.28384,,-0.106724,0.0155994,20,0,0,0,0,0.00616413,0.0495645,0.124366
^SSMI,ownDD<=-10%|first,above200,20,OOS (2008-),0,0,,,,,,,,,,,,,,,,,,,0.00228668,0.0421584,0.0542401
^SSMI,ownDD<=-10%|first,above200,60,IS (<2008),3,0.174984,0,,-0.0499616,-0.0499616,-0.0182221,-0.0604443,0.0557073,-1.08503,-1.87933,-0.703594,,-0.114209,-0.0174541,60,0,0,0,0,0.0184669,0.088178,0.209427
^SSMI,ownDD<=-10%|first,above200,60,OOS (2008-),0,0,,,,,,,,,,,,,,,,,,,0.00715536,0.0647954,0.11043
^SSMI,ownDD<=-10%|first,below200,5,IS (<2008),3,0.174984,0.333333,0.0298943,-0.00834554,0.00440108,-0.00497422,0.00353799,0.0220513,0.160444,0.277897,0.630723,,-0.0117169,0.0298943,5,5.87085,1.46771,1,0.000281217,0.00159594,0.025349,0.0629586
^SSMI,ownDD<=-10%|first,below200,5,OOS (2008-),5,0.266918,0.6,0.0254994,-0.0674936,-0.0116978,0.0174146,-0.0121124,0.0517963,-0.233847,-0.522898,-0.367238,1.32704,-0.0767195,0.0398721,5,3.90277e-05,9.75693e-06,9.75693e-06,-2.72685e-14,0.000559312,0.0233908,0.0239116
^SSMI,ownDD<=-10%|first,below200,20,IS (<2008),3,0.174984,0.666667,0.0842777,-0.00962396,0.0529772,0.00129575,0.0495005,0.0979912,0.505152,0.874949,0.696065,,-0.00962396,0.16726,20,5.59057,1.39764,1,0.00376186,0.00616413,0.0495645,0.124366
^SSMI,ownDD<=-10%|first,below200,20,OOS (2008-),5,0.266918,0.6,0.0552818,-0.0544171,0.0114022,0.0101978,0.00978129,0.0677216,0.144434,0.322964,-0.146171,1.62084,-0.0789492,0.090716,20,1.32081,0.330204,0.330204,0.000377362,0.00228668,0.0421584,0.0542401
^SSMI,ownDD<=-10%|first,below200,60,IS (<2008),3,0.174984,1,0.116125,,0.116125,0.0576698,0.105958,0.149488,0.708804,1.22769,0.587516,,0.00133483,0.289371,60,5.82746,1.45687,1,0.00790009,0.0184669,0.088178,0.209427
^SSMI,ownDD<=-10%|first,below200,60,OOS (2008-),5,0.266918,0.4,0.0989189,-0.0255636,0.0242294,-0.0129805,0.0192319,0.0664934,0.28923,0.646738,0.438396,1.46094,-0.0429811,0.116814,60,2.98623,0.746558,0.746558,0.00165294,0.00715536,0.0647954,0.11043
^SSMI,ownDD<=-15%|first,all,5,IS (<2008),2,0.116656,0.5,0.0245674,-0.0175884,0.00348953,0.00348953,0.00260124,0.0298875,0.0870343,0.123085,,,-0.0175884,0.0245674,5,0,0,0,0,0.00159594,0.025349,0.0629586
^SSMI,ownDD<=-15%|first,all,5,OOS (2008-),4,0.213534,0.25,0.0210505,-0.0541277,-0.0353332,-0.0425126,-0.0357663,0.0442148,-0.808922,-1.61784,0.370558,1.57092,-0.077358,0.0210505,5,0,0,0,0,0.000559312,0.0233908,0.0239116
^SSMI,ownDD<=-15%|first,all,20,IS (<2008),2,0.116656,0.5,0.0507017,-0.104301,-0.0267998,-0.0267998,-0.0303029,0.109879,-0.275784,-0.390018,,,-0.104301,0.0507017,20,0,0,0,0,0.00616413,0.0495645,0.124366
^SSMI,ownDD<=-15%|first,all,20,OOS (2008-),4,0.213534,0.75,0.0434274,-0.0405903,0.0224229,0.0336193,0.0207636,0.043971,0.472211,0.944422,-0.857699,2.17124,-0.0405903,0.0630435,20,6.05411,1.51353,1,0.00205027,0.00228668,0.0421584,0.0542401
^SSMI,ownDD<=-15%|first,all,60,IS (<2008),2,0.116656,0.5,0.0506808,-0.0088284,0.0209262,0.0209262,0.0107589,0.0419107,0.256711,0.363044,,,-0.0088284,0.0506808,60,0,0,0,0,0.0184669,0.088178,0.209427
^SSMI,ownDD<=-15%|first,all,60,OOS (2008-),4,0.213534,0.75,0.0560393,-0.0759166,0.0230503,0.0308446,0.0180158,0.077938,0.231155,0.462311,-0.203592,1.84973,-0.0759166,0.106429,60,1.93265,0.483163,0.483163,0.00081417,0.00715536,0.0647954,0.11043
^SSMI,ownDD<=-15%|first,above200,5,IS (<2008),0,0,,,,,,,,,,,,,,,,,,,0.00159594,0.025349,0.0629586
^SSMI,ownDD<=-15%|first,above200,5,OOS (2008-),0,0,,,,,,,,,,,,,,,,,,,0.000559312,0.0233908,0.0239116
^SSMI,ownDD<=-15%|first,above200,20,IS (<2008),0,0,,,,,,,,,,,,,,,,,,,0.00616413,0.0495645,0.124366
^SSMI,ownDD<=-15%|first,above200,20,OOS (2008-),0,0,,,,,,,,,,,,,,,,,,,0.00228668,0.0421584,0.0542401
^SSMI,ownDD<=-15%|first,above200,60,IS (<2008),0,0,,,,,,,,,,,,,,,,,,,0.0184669,0.088178,0.209427
^SSMI,ownDD<=-15%|first,above200,60,OOS (2008-),0,0,,,,,,,,,,,,,,,,,,,0.00715536,0.0647954,0.11043
^SSMI,ownDD<=-15%|first,below200,5,IS (<2008),2,0.116656,0.5,0.0245674,-0.0175884,0.00348953,0.00348953,0.00260124,0.0298875,0.0870343,0.123085,,,-0.0175884,0.0245674,5,0,0,0,0,0.00159594,0.025349,0.0629586
^SSMI,ownDD<=-15%|first,below200,5,OOS (2008-),4,0.213534,0.25,0.0210505,-0.0541277,-0.0353332,-0.0425126,-0.0357663,0.0442148,-0.808922,-1.61784,0.370558,1.57092,-0.077358,0.0210505,5,0,0,0,0,0.000559312,0.0233908,0.0239116
^SSMI,ownDD<=-15%|first,below200,20,IS (<2008),2,0.116656,0.5,0.0507017,-0.104301,-0.0267998,-0.0267998,-0.0303029,0.109879,-0.275784,-0.390018,,,-0.104301,0.0507017,20,0,0,0,0,0.00616413,0.0495645,0.124366
^SSMI,ownDD<=-15%|first,below200,20,OOS (2008-),4,0.213534,0.75,0.0434274,-0.0405903,0.0224229,0.0336193,0.0207636,0.043971,0.472211,0.944422,-0.857699,2.17124,-0.0405903,0.0630435,20,6.05411,1.51353,1,0.00205027,0.00228668,0.0421584,0.0542401
^SSMI,ownDD<=-15%|first,below200,60,IS (<2008),2,0.116656,0.5,0.0506808,-0.0088284,0.0209262,0.0209262,0.0107589,0.0419107,0.256711,0.363044,,,-0.0088284,0.0506808,60,0,0,0,0,0.0184669,0.088178,0.209427
^SSMI,ownDD<=-15%|first,below200,60,OOS (2008-),4,0.213534,0.75,0.0560393,-0.0759166,0.0230503,0.0308446,0.0180158,0.077938,0.231155,0.462311,-0.203592,1.84973,-0.0759166,0.106429,60,1.93265,0.483163,0.483163,0.00081417,0.00715536,0.0647954,0.11043
^SSMI,ownDD<=-20%|first,all,5,IS (<2008),2,0.116656,1,0.0508076,,0.0508076,0.0508076,0.0499134,0.0230715,2.16342,3.05954,,,0.034447,0.0671683,5,0,0,0,0,0.00159594,0.025349,0.0629586
^SSMI,ownDD<=-20%|first,all,5,OOS (2008-),3,0.160151,1,0.0230911,,0.0230911,0.0278849,0.0227192,0.0100846,2.25287,3.90208,-0.671444,,0.0117883,0.0296002,5,20,4.99999,1,0.00180366,0.000559312,0.0233908,0.0239116
^SSMI,ownDD<=-20%|first,all,20,IS (<2008),2,0.116656,0.5,0.0451455,-0.0866758,-0.0207652,-0.0207652,-0.0243269,0.0933613,-0.260567,-0.368497,,,-0.0866758,0.0451455,20,0,0,0,0,0.00616413,0.0495645,0.124366
^SSMI,ownDD<=-20%|first,all,20,OOS (2008-),3,0.160151,0.666667,0.0827425,-0.00436153,0.0537078,0.0266731,0.0521777,0.0764441,0.68256,1.18223,0.58669,,-0.00436153,0.138812,20,10.6496,2.66239,1,0.00383454,0.00228668,0.0421584,0.0542401
^SSMI,ownDD<=-20%|first,all,60,IS (<2008),2,0.116656,1,0.0455184,,0.0455184,0.0455184,0.0349889,0.0602813,0.580427,0.820848,,,0.00315882,0.0878781,60,0,0,0,0,0.0184669,0.088178,0.209427
^SSMI,ownDD<=-20%|first,all,60,OOS (2008-),3,0.160151,0.666667,0.115462,-0.0429319,0.0626641,0.0613383,0.0581162,0.108239,0.536924,0.929979,0.10396,,-0.0429319,0.169586,60,4.08214,1.02054,1,0.003997,0.00715536,0.0647954,0.11043
^SSMI,ownDD<=-20%|first,above200,5,IS (<2008),0,0,,,,,,,,,,,,,,,,,,,0.00159594,0.025349,0.0629586
^SSMI,ownDD<=-20%|first,above200,5,OOS (2008-),0,0,,,,,,,,,,,,,,,,,,,0.000559312,0.0233908,0.0239116
^SSMI,ownDD<=-20%|first,above200,20,IS (<2008),0,0,,,,,,,,,,,,,,,,,,,0.00616413,0.0495645,0.124366
^SSMI,ownDD<=-20%|first,above200,20,OOS (2008-),0,0,,,,,,,,,,,,,,,,,,,0.00228668,0.0421584,0.0542401
^SSMI,ownDD<=-20%|first,above200,60,IS (<2008),0,0,,,,,,,,,,,,,,,,,,,0.0184669,0.088178,0.209427
^SSMI,ownDD<=-20%|first,above200,60,OOS (2008-),0,0,,,,,,,,,,,,,,,,,,,0.00715536,0.0647954,0.11043
^SSMI,ownDD<=-20%|first,below200,5,IS (<2008),2,0.116656,1,0.0508076,,0.0508076,0.0508076,0.0499134,0.0230715,2.16342,3.05954,,,0.034447,0.0671683,5,0,0,0,0,0.00159594,0.025349,0.0629586
^SSMI,ownDD<=-20%|first,below200,5,OOS (2008-),3,0.160151,1,0.0230911,,0.0230911,0.0278849,0.0227192,0.0100846,2.25287,3.90208,-0.671444,,0.0117883,0.0296002,5,20,4.99999,1,0.00180366,0.000559312,0.0233908,0.0239116
^SSMI,ownDD<=-20%|first,below200,20,IS (<2008),2,0.116656,0.5,0.0451455,-0.0866758,-0.0207652,-0.0207652,-0.0243269,0.0933613,-0.260567,-0.368497,,,-0.0866758,0.0451455,20,0,0,0,0,0.00616413,0.0495645,0.124366
^SSMI,ownDD<=-20%|first,below200,20,OOS (2008-),3,0.160151,0.666667,0.0827425,-0.00436153,0.0537078,0.0266731,0.0521777,0.0764441,0.68256,1.18223,0.58669,,-0.00436153,0.138812,20,10.6496,2.66239,1,0.00383454,0.00228668,0.0421584,0.0542401
^SSMI,ownDD<=-20%|first,below200,60,IS (<2008),2,0.116656,1,0.0455184,,0.0455184,0.0455184,0.0349889,0.0602813,0.580427,0.820848,,,0.00315882,0.0878781,60,0,0,0,0,0.0184669,0.088178,0.209427
^SSMI,ownDD<=-20%|first,below200,60,OOS (2008-),3,0.160151,0.666667,0.115462,-0.0429319,0.0626641,0.0613383,0.0581162,0.108239,0.536924,0.929979,0.10396,,-0.0429319,0.169586,60,4.08214,1.02054,1,0.003997,0.00715536,0.0647954,0.11043
^AEX,own1d<=-3%,all,5,IS (<2008),50,3.28521,0.56,0.0375399,-0.0469688,0.000356091,0.0046926,-0.000205623,0.0539207,-0.00381344,-0.0269651,-0.106546,3.43454,-0.139267,0.144326,5,5.51386e-05,1.37847e-05,1.37847e-05,-8.8933e-13,0.00144156,0.0287763,0.0500954
^AEX,own1d<=-3%,all,5,OOS (2008-),55,2.93609,0.6,0.0375881,-0.0401496,0.00649302,0.00685467,0.00635561,0.0497513,0.127748,0.947402,-0.148596,4.3975,-0.151442,0.150304,5,1.2826,0.320649,0.320649,0.0026234,0.000935416,0.0274618,0.0340624
^AEX,own1d<=-3%,all,20,IS (<2008),27,1.77402,0.518519,0.0725177,-0.0803756,-0.00109757,0.0283812,-0.00349256,0.0893402,-0.0390928,-0.203132,-0.386946,2.02732,-0.186317,0.130123,20,3.43026e-05,8.57565e-06,8.57565e-06,-5.01378e-13,0.00533795,0.0561933,0.0949926
^AEX,own1d<=-3%,all,20,OOS (2008-),36,1.92181,0.666667,0.0659736,-0.0731388,0.0196028,0.034202,0.0189052,0.0844712,0.223806,1.34284,-1.3143,4.5949,-0.234306,0.124477,20,1.1753,0.293824,0.293824,0.00474486,0.00399081,0.0525169,0.0759909
^AEX,own1d<=-3%,all,60,IS (<2008),17,1.11697,0.705882,0.102858,-0.122851,0.0364733,0.0498999,0.0284909,0.127431,0.223578,0.921838,-0.604494,3.08757,-0.251812,0.265635,60,0.864977,0.216244,0.216244,0.00303414,0.0156769,0.0985661,0.159049
^AEX,own1d<=-3%,all,60,OOS (2008-),24,1.2812,0.666667,0.0677753,-0.089936,0.0152049,0.0401364,0.0124241,0.089699,0.138509,0.678552,-1.14722,4.13297,-0.248349,0.141172,60,0.742389,0.185597,0.185597,0.00130434,0.0121497,0.086044,0.141203
^AEX,own1d<=-3%,above200,5,IS (<2008),14,0.91986,0.642857,0.0327354,-0.0336571,0.00902383,0.0116595,0.00803336,0.0388877,0.206578,0.772945,-0.153661,2.10066,-0.0558376,0.0771324,5,2.81354,0.703386,0.703386,0.00227637,0.00144156,0.0287763,0.0500954
^AEX,own1d<=-3%,above200,5,OOS (2008-),10,0.533835,0.5,0.0167913,-0.0364751,-0.00984189,-0.00568869,-0.0101009,0.031764,-0.317999,-1.0056,0.0260641,1.69236,-0.0567006,0.0364728,5,0,0,0,0,0.000935416,0.0274618,0.0340624
^AEX,own1d<=-3%,above200,20,IS (<2008),9,0.591338,0.333333,0.0446731,-0.0497861,-0.0182997,-0.0315569,-0.0222341,0.0526953,-0.421938,-1.26581,0.259068,1.58178,-0.0859624,0.0536236,20,6.19764e-05,1.54941e-05,1.54941e-05,-1.75198e-13,0.00533795,0.0561933,0.0949926
^AEX,own1d<=-3%,above200,20,OOS (2008-),9,0.480452,0.666667,0.0490646,-0.106881,-0.00291711,0.0268832,-0.00399612,0.0929209,-0.0430057,-0.129017,-1.27806,3.61376,-0.208408,0.0848218,20,3.62097e-05,9.05242e-06,9.05242e-06,-1.51086e-13,0.00399081,0.0525169,0.0759909
^AEX,own1d<=-3%,above200,60,IS (<2008),8,0.525634,0.625,0.137287,-0.0638981,0.0618427,0.0553432,0.0501365,0.12487,0.40151,1.13564,0.339903,1.84971,-0.0787865,0.265635,60,2.01119,0.502797,0.502797,0.00570871,0.0156769,0.0985661,0.159049
^AEX,own1d<=-3%,above200,60,OOS (2008-),8,0.427068,0.625,0.0409813,-0.0956338,-0.0102494,0.0239285,-0.0137705,0.0710696,-0.193761,-0.548038,-0.381876,1.52332,-0.112192,0.0779321,60,0,0,0,0,0.0121497,0.086044,0.141203
^AEX,own1d<=-3%,below200,5,IS (<2008),37,2.43106,0.540541,0.0406586,-0.050884,-0.0014015,0.00196714,-0.00180878,0.0589018,-0.0307084,-0.186792,-0.057057,3.17137,-0.139267,0.144326,5,5.05833e-05,1.26458e-05,1.26458e-05,-6.56172e-13,0.00144156,0.0287763,0.0500954
^AEX,own1d<=-3%,below200,5,OOS (2008-),47,2.50903,0.595745,0.0413018,-0.0391439,0.00878119,0.00792833,0.00867163,0.051758,0.167542,1.14861,-0.221589,4.36369,-0.151442,0.150304,5,1.59701,0.399252,0.399252,0.00381502,0.000935416,0.0274618,0.0340624
^AEX,own1d<=-3%,below200,20,IS (<2008),19,1.24838,0.631579,0.0739937,-0.106595,0.00746098,0.0391453,0.00573949,0.100159,0.0573036,0.249781,-0.626768,2.0018,-0.186317,0.130123,20,0.296583,0.0741459,0.0741459,0.000232903,0.00533795,0.0561933,0.0949926
^AEX,own1d<=-3%,below200,20,OOS (2008-),30,1.60151,0.633333,0.0694321,-0.0681508,0.018985,0.0324852,0.0184583,0.0843509,0.218827,1.19856,-1.09892,4.04069,-0.234306,0.124477,20,1.18451,0.296127,0.296127,0.00388138,0.00399081,0.0525169,0.0759909
^AEX,own1d<=-3%,below200,60,IS (<2008),11,0.722747,0.727273,0.0650134,-0.154839,0.00505365,0.0497034,-0.000649521,0.117029,-0.00555009,-0.0184076,-1.29863,3.3957,-0.251812,0.1262,60,0,0,0,0,0.0156769,0.0985661,0.159049
^AEX,own1d<=-3%,below200,60,OOS (2008-),19,1.01429,0.631579,0.0771708,-0.0669258,0.0240826,0.0551616,0.0220452,0.0906972,0.243064,1.05949,-1.4446,5.27214,-0.248349,0.141172,60,1.18207,0.295518,0.295518,0.0029464,0.0121497,0.086044,0.141203
^AEX,own1d<=-4%,all,5,IS (<2008),27,1.77402,0.666667,0.0491161,-0.0500212,0.0160704,0.0146968,0.0155114,0.0635826,0.243957,1.26764,0.317838,3.58164,-0.10899,0.177128,5,2.02941,0.507351,0.507351,0.00608927,0.00144156,0.0287763,0.0500954
^AEX,own1d<=-4%,all,5,OOS (2008-),24,1.2812,0.541667,0.0579594,-0.0477344,0.00951642,0.0073915,0.0094209,0.0696255,0.135308,0.662872,0.0927996,2.92326,-0.125571,0.150304,5,1.01598,0.253996,0.253996,0.00134054,0.000935416,0.0274618,0.0340624
^AEX,own1d<=-4%,all,20,IS (<2008),17,1.11697,0.647059,0.0994409,-0.0916834,0.0319853,0.0520145,0.0295879,0.113288,0.261175,1.07685,0.016413,2.35411,-0.158509,0.251223,20,1.22167,0.305418,0.305418,0.00441129,0.00533795,0.0561933,0.0949926
^AEX,own1d<=-4%,all,20,OOS (2008-),15,0.800753,0.666667,0.0830746,-0.100283,0.0219553,0.0347392,0.0214815,0.111366,0.192891,0.747065,-1.3065,4.69734,-0.282781,0.153651,20,0.814414,0.203604,0.203604,0.00155406,0.00399081,0.0525169,0.0759909
^AEX,own1d<=-4%,all,60,IS (<2008),12,0.788451,0.75,0.0983582,-0.116201,0.0447185,0.0639321,0.0367689,0.120387,0.305423,1.05802,-1.25803,4.51243,-0.262091,0.214719,60,1.13714,0.284286,0.284286,0.00367866,0.0156769,0.0985661,0.159049
^AEX,own1d<=-4%,all,60,OOS (2008-),11,0.587219,0.818182,0.081657,-0.154098,0.0387925,0.0664891,0.0370554,0.116632,0.317712,1.05373,-1.55718,5.21633,-0.26307,0.180581,60,1.17845,0.294612,0.294612,0.0028734,0.0121497,0.086044,0.141203
^AEX,own1d<=-4%,above200,5,IS (<2008),5,0.328521,1,0.0243176,,0.0243176,0.0268583,0.0233326,0.0129782,1.79783,4.02006,0.0545315,1.73722,0.00862227,0.0414956,5,20,4.99999,1,0.00378882,0.00144156,0.0287763,0.0500954
^AEX,own1d<=-4%,above200,5,OOS (2008-),0,0,,,,,,,,,,,,,,,,,,,0.000935416,0.0274618,0.0340624
^AEX,own1d<=-4%,above200,20,IS (<2008),5,0.328521,0.6,0.0487093,-0.0459772,0.0108347,0.00461011,0.00686883,0.0662799,0.103634,0.231732,-0.345317,2.08958,-0.0859624,0.0895034,20,0.958216,0.239554,0.239554,0.000236984,0.00533795,0.0561933,0.0949926
^AEX,own1d<=-4%,above200,20,OOS (2008-),0,0,,,,,,,,,,,,,,,,,,,0.00399081,0.0525169,0.0759909
^AEX,own1d<=-4%,above200,60,IS (<2008),5,0.328521,0.8,0.11874,-0.0709495,0.0808019,0.0786601,0.068919,0.104331,0.660582,1.47711,-0.252002,2.25704,-0.0709495,0.214719,60,3.63171,0.907928,0.907928,0.00898811,0.0156769,0.0985661,0.159049
^AEX,own1d<=-4%,above200,60,OOS (2008-),0,0,,,,,,,,,,,,,,,,,,,0.0121497,0.086044,0.141203
^AEX,own1d<=-4%,below200,5,IS (<2008),22,1.44549,0.590909,0.058654,-0.0500212,0.014196,0.0109604,0.0137339,0.0703942,0.195099,0.915098,0.366203,3.01048,-0.10899,0.177128,5,1.49392,0.373481,0.373481,0.00323055,0.00144156,0.0287763,0.0500954
^AEX,own1d<=-4%,below200,5,OOS (2008-),24,1.2812,0.541667,0.0579594,-0.0477344,0.00951642,0.0073915,0.0094209,0.0696255,0.135308,0.662872,0.0927996,2.92326,-0.125571,0.150304,5,1.01598,0.253996,0.253996,0.00134054,0.000935416,0.0274618,0.0340624
^AEX,own1d<=-4%,below200,20,IS (<2008),13,0.854155,0.692308,0.105815,-0.114536,0.0380143,0.0655766,0.0361358,0.124313,0.290683,1.04807,-0.0759918,2.12394,-0.158509,0.251223,20,1.25131,0.312828,0.312828,0.00422273,0.00533795,0.0561933,0.0949926
^AEX,own1d<=-4%,below200,20,OOS (2008-),15,0.800753,0.666667,0.0830746,-0.100283,0.0219553,0.0347392,0.0214815,0.111366,0.192891,0.747065,-1.3065,4.69734,-0.282781,0.153651,20,0.814414,0.203604,0.203604,0.00155406,0.00399081,0.0525169,0.0759909
^AEX,own1d<=-4%,below200,60,IS (<2008),8,0.525634,0.75,0.0776712,-0.138826,0.0235468,0.0527523,0.0177417,0.124149,0.142906,0.4042,-1.61571,4.66065,-0.262091,0.146076,60,0.585727,0.146432,0.146432,0.000605098,0.0156769,0.0985661,0.159049
^AEX,own1d<=-4%,below200,60,OOS (2008-),11,0.587219,0.818182,0.081657,-0.154098,0.0387925,0.0664891,0.0370554,0.116632,0.317712,1.05373,-1.55718,5.21633,-0.26307,0.180581,60,1.17845,0.294612,0.294612,0.0028734,0.0121497,0.086044,0.141203
^AEX,own1d<=-5%,all,5,IS (<2008),12,0.788451,0.5,0.0671664,-0.0589202,0.00412309,0.00592388,0.00355996,0.0770966,0.0461754,0.159956,0.197489,2.06479,-0.10899,0.144326,5,0.328247,0.0820617,0.0820617,0.00010071,0.00144156,0.0287763,0.0500954
^AEX,own1d<=-5%,all,5,OOS (2008-),11,0.587219,0.363636,0.0484361,-0.061947,-0.0218077,-0.0261072,-0.0219058,0.066509,-0.329365,-1.09238,-0.252638,1.86642,-0.125571,0.0602926,5,0,0,0,0,0.000935416,0.0274618,0.0340624
^AEX,own1d<=-5%,all,20,IS (<2008),8,0.525634,0.75,0.0497215,-0.088554,0.0151526,0.038429,0.0130216,0.0796008,0.163587,0.462694,-1.35895,4.11829,-0.158509,0.104845,20,1.04873,0.262182,0.262182,0.000794841,0.00533795,0.0561933,0.0949926
^AEX,own1d<=-5%,all,20,OOS (2008-),8,0.427068,0.625,0.0675388,-0.153128,-0.0152112,0.0241889,-0.0155912,0.138868,-0.112274,-0.317558,-0.81394,2.80789,-0.282781,0.155536,20,0,0,0,0,0.00399081,0.0525169,0.0759909
^AEX,own1d<=-5%,all,60,IS (<2008),6,0.394226,0.833333,0.0747806,-0.196873,0.0295049,0.0528505,0.0221832,0.113822,0.194895,0.477392,-1.46807,3.67587,-0.196873,0.125818,60,0.893156,0.223289,0.223289,0.00086707,0.0156769,0.0985661,0.159049
^AEX,own1d<=-5%,all,60,OOS (2008-),6,0.320301,0.666667,0.0984168,-0.154098,0.0142452,0.0669004,0.0131765,0.15346,0.0858624,0.210319,-0.98435,2.90489,-0.26307,0.180581,60,0.32093,0.0802325,0.0802325,0.0001489,0.0121497,0.086044,0.141203
^AEX,own1d<=-5%,above200,5,IS (<2008),1,0.0657043,1,0.029915,,0.029915,0.029915,0.0289348,,,,,,0.029915,0.029915,5,0,0,0,0,0.00144156,0.0287763,0.0500954
^AEX,own1d<=-5%,above200,5,OOS (2008-),0,0,,,,,,,,,,,,,,,,,,,0.000935416,0.0274618,0.0340624
^AEX,own1d<=-5%,above200,20,IS (<2008),1,0.0657043,1,0.0520145,,0.0520145,0.0520145,0.0480462,,,,,,0.0520145,0.0520145,20,0,0,0,0,0.00533795,0.0561933,0.0949926
^AEX,own1d<=-5%,above200,20,OOS (2008-),0,0,,,,,,,,,,,,,,,,,,,0.00399081,0.0525169,0.0759909
^AEX,own1d<=-5%,above200,60,IS (<2008),1,0.0657043,1,0.125818,,0.125818,0.125818,0.113958,,,,,,0.125818,0.125818,60,0,0,0,0,0.0156769,0.0985661,0.159049
^AEX,own1d<=-5%,above200,60,OOS (2008-),0,0,,,,,,,,,,,,,,,,,,,0.0121497,0.086044,0.141203
^AEX,own1d<=-5%,below200,5,IS (<2008),11,0.722747,0.454545,0.0746167,-0.0589202,0.00177838,-0.00197012,0.00125316,0.080424,0.0155819,0.0516793,0.279152,1.96113,-0.10899,0.144326,5,0.106805,0.0267011,0.0267011,1.05774e-05,0.00144156,0.0287763,0.0500954
^AEX,own1d<=-5%,below200,5,OOS (2008-),11,0.587219,0.363636,0.0484361,-0.061947,-0.0218077,-0.0261072,-0.0219058,0.066509,-0.329365,-1.09238,-0.252638,1.86642,-0.125571,0.0602926,5,0,0,0,0,0.000935416,0.0274618,0.0340624
^AEX,own1d<=-5%,below200,20,IS (<2008),7,0.45993,0.714286,0.0492629,-0.088554,0.00988662,0.0377127,0.00801814,0.0846089,0.094767,0.25073,-1.15481,3.51732,-0.158509,0.104845,20,0.616741,0.154185,0.154185,0.000250389,0.00533795,0.0561933,0.0949926
^AEX,own1d<=-5%,below200,20,OOS (2008-),8,0.427068,0.625,0.0675388,-0.153128,-0.0152112,0.0241889,-0.0155912,0.138868,-0.112274,-0.317558,-0.81394,2.80789,-0.282781,0.155536,20,0,0,0,0,0.00399081,0.0525169,0.0759909
^AEX,own1d<=-5%,below200,60,IS (<2008),5,0.328521,0.8,0.0620212,-0.196873,0.0102423,0.0498999,0.00382837,0.116908,0.0327469,0.0732243,-1.33169,3.06101,-0.196873,0.100517,60,0.170943,0.0427357,0.0427357,2.35806e-05,0.0156769,0.0985661,0.159049
^AEX,own1d<=-5%,below200,60,OOS (2008-),6,0.320301,0.666667,0.0984168,-0.154098,0.0142452,0.0669004,0.0131765,0.15346,0.0858624,0.210319,-0.98435,2.90489,-0.26307,0.180581,60,0.32093,0.0802325,0.0802325,0.0001489,0.0121497,0.086044,0.141203
^AEX,ownDD<=-10%|first,all,5,IS (<2008),5,0.328521,0.6,0.0130285,-0.0189158,0.000250766,0.00412903,-0.000734472,0.0205273,-0.0357803,-0.0800072,0.404219,1.98472,-0.0218538,0.0304047,5,4.0347e-05,1.00867e-05,1.00867e-05,-5.63362e-15,0.00144156,0.0287763,0.0500954
^AEX,ownDD<=-10%|first,all,5,OOS (2008-),2,0.106767,1,0.0398294,,0.0398294,0.0398294,0.0393905,0.00875113,4.50119,6.36564,,,0.033243,0.0464158,5,0,0,0,0,0.000935416,0.0274618,0.0340624
^AEX,ownDD<=-10%|first,all,20,IS (<2008),5,0.328521,0.6,0.0359299,-0.0723111,-0.00736651,0.00281205,-0.0112678,0.0665856,-0.169222,-0.378393,-0.0273343,1.72021,-0.0913796,0.0778735,20,5.00794e-05,1.25198e-05,1.25198e-05,-9.13234e-14,0.00533795,0.0561933,0.0949926
^AEX,ownDD<=-10%|first,all,20,OOS (2008-),2,0.106767,0.5,0.124477,-0.0116665,0.0564053,0.0564053,0.0546137,0.0940693,0.580568,0.821048,,,-0.0116665,0.124477,20,0,0,0,0,0.00399081,0.0525169,0.0759909
^AEX,ownDD<=-10%|first,all,60,IS (<2008),5,0.328521,0.4,0.0998834,-0.108257,-0.0250007,-0.0668098,-0.0363847,0.119911,-0.303432,-0.678494,0.2456,1.43396,-0.158745,0.125171,60,0,0,0,0,0.0156769,0.0985661,0.159049
^AEX,ownDD<=-10%|first,all,60,OOS (2008-),2,0.106767,0.5,0.141172,-0.0155958,0.0627879,0.0627879,0.0572117,0.104478,0.547597,0.774419,,,-0.0155958,0.141172,60,0,0,0,0,0.0121497,0.086044,0.141203
^AEX,ownDD<=-10%|first,above200,5,IS (<2008),2,0.131409,0.5,0.00412903,-0.0218538,-0.0088624,-0.0088624,-0.00985585,0.0183404,-0.537385,-0.759977,,,-0.0218538,0.00412903,5,0,0,0,0,0.00144156,0.0287763,0.0500954
^AEX,ownDD<=-10%|first,above200,5,OOS (2008-),0,0,,,,,,,,,,,,,,,,,,,0.000935416,0.0274618,0.0340624
^AEX,ownDD<=-10%|first,above200,20,IS (<2008),2,0.131409,0,,-0.0723111,-0.0723111,-0.0723111,-0.0762518,0.026855,-2.83939,-4.01551,,,-0.0913796,-0.0532426,20,0,0,0,0,0.00533795,0.0561933,0.0949926
^AEX,ownDD<=-10%|first,above200,20,OOS (2008-),0,0,,,,,,,,,,,,,,,,,,,0.00399081,0.0525169,0.0759909
^AEX,ownDD<=-10%|first,above200,60,IS (<2008),2,0.131409,0,,-0.112778,-0.112778,-0.112778,-0.124032,0.064061,-1.93616,-2.73814,,,-0.158745,-0.0668098,60,0,0,0,0,0.0156769,0.0985661,0.159049
^AEX,ownDD<=-10%|first,above200,60,OOS (2008-),0,0,,,,,,,,,,,,,,,,,,,0.0121497,0.086044,0.141203
^AEX,ownDD<=-10%|first,below200,5,IS (<2008),3,0.197113,0.666667,0.0174782,-0.0159778,0.00632621,0.00455174,0.00534645,0.0231492,0.230956,0.400027,0.148307,,-0.0159778,0.0304047,5,7.7228,1.9307,1,0.000491257,0.00144156,0.0287763,0.0500954
^AEX,ownDD<=-10%|first,below200,5,OOS (2008-),2,0.106767,1,0.0398294,,0.0398294,0.0398294,0.0393905,0.00875113,4.50119,6.36564,,,0.033243,0.0464158,5,0,0,0,0,0.000935416,0.0274618,0.0340624
^AEX,ownDD<=-10%|first,below200,20,IS (<2008),3,0.197113,1,0.0359299,,0.0359299,0.0271042,0.0320549,0.0383208,0.836487,1.44884,0.380086,,0.00281205,0.0778735,20,20,4.99999,1,0.00304136,0.00533795,0.0561933,0.0949926
^AEX,ownDD<=-10%|first,below200,20,OOS (2008-),2,0.106767,0.5,0.124477,-0.0116665,0.0564053,0.0564053,0.0546137,0.0940693,0.580568,0.821048,,,-0.0116665,0.124477,20,0,0,0,0,0.00399081,0.0525169,0.0759909
^AEX,ownDD<=-10%|first,below200,60,IS (<2008),3,0.197113,0.666667,0.0998834,-0.0992152,0.0335172,0.0745962,0.0220471,0.117906,0.186989,0.323875,-0.572226,,-0.0992152,0.125171,60,1.12806,0.282014,0.282014,0.000538851,0.0156769,0.0985661,0.159049
^AEX,ownDD<=-10%|first,below200,60,OOS (2008-),2,0.106767,0.5,0.141172,-0.0155958,0.0627879,0.0627879,0.0572117,0.104478,0.547597,0.774419,,,-0.0155958,0.141172,60,0,0,0,0,0.0121497,0.086044,0.141203
^AEX,ownDD<=-15%|first,all,5,IS (<2008),3,0.197113,0.666667,0.0230982,-0.0199215,0.00875832,0.00750067,0.0078033,0.0293076,0.266255,0.461167,0.0774857,,-0.0199215,0.0386958,5,6.99499,1.74875,1,0.000711616,0.00144156,0.0287763,0.0500954
^AEX,ownDD<=-15%|first,all,5,OOS (2008-),2,0.106767,1,0.0230739,,0.0230739,0.0230739,0.0226158,0.0223996,1.00965,1.42786,,,0.00685467,0.0392932,5,0,0,0,0,0.000935416,0.0274618,0.0340624
^AEX,ownDD<=-15%|first,all,20,IS (<2008),3,0.197113,0.333333,0.0487467,-0.115186,-0.0605417,-0.096361,-0.0642727,0.0963613,-0.666997,-1.15527,0.586925,,-0.134011,0.0487467,20,0,0,0,0,0.00533795,0.0561933,0.0949926
^AEX,ownDD<=-15%|first,all,20,OOS (2008-),2,0.106767,1,0.0999594,,0.0999594,0.0999594,0.098094,0.00451788,21.7124,30.706,,,0.098247,0.101672,20,0,0,0,0,0.00399081,0.0525169,0.0759909
^AEX,ownDD<=-15%|first,all,60,IS (<2008),3,0.197113,1,0.0325985,,0.0325985,0.0203532,0.0219668,0.0257738,0.852294,1.47622,0.648929,,0.014012,0.0634301,60,20,4.99999,1,0.00211084,0.0156769,0.0985661,0.159049
^AEX,ownDD<=-15%|first,all,60,OOS (2008-),2,0.106767,1,0.0742636,,0.0742636,0.0742636,0.0683132,0.0326993,2.08914,2.95448,,,0.0470064,0.101521,60,0,0,0,0,0.0121497,0.086044,0.141203
^AEX,ownDD<=-15%|first,above200,5,IS (<2008),2,0.131409,0.5,0.0386958,-0.0199215,0.00938715,0.00938715,0.00842247,0.0414195,0.203346,0.287574,,,-0.0199215,0.0386958,5,0,0,0,0,0.00144156,0.0287763,0.0500954
^AEX,ownDD<=-15%|first,above200,5,OOS (2008-),0,0,,,,,,,,,,,,,,,,,,,0.000935416,0.0274618,0.0340624
^AEX,ownDD<=-15%|first,above200,20,IS (<2008),2,0.131409,0.5,0.0487467,-0.134011,-0.042632,-0.042632,-0.0464348,0.129081,-0.359734,-0.508741,,,-0.134011,0.0487467,20,0,0,0,0,0.00533795,0.0561933,0.0949926
^AEX,ownDD<=-15%|first,above200,20,OOS (2008-),0,0,,,,,,,,,,,,,,,,,,,0.00399081,0.0525169,0.0759909
^AEX,ownDD<=-15%|first,above200,60,IS (<2008),2,0.131409,1,0.0387211,,0.0387211,0.0387211,0.0275889,0.033748,0.817499,1.15612,,,0.014012,0.0634301,60,0,0,0,0,0.0156769,0.0985661,0.159049
^AEX,ownDD<=-15%|first,above200,60,OOS (2008-),0,0,,,,,,,,,,,,,,,,,,,0.0121497,0.086044,0.141203
^AEX,ownDD<=-15%|first,below200,5,IS (<2008),1,0.0657043,1,0.00750067,,0.00750067,0.00750067,0.00656495,,,,,,0.00750067,0.00750067,5,0,0,0,0,0.00144156,0.0287763,0.0500954
^AEX,ownDD<=-15%|first,below200,5,OOS (2008-),2,0.106767,1,0.0230739,,0.0230739,0.0230739,0.0226158,0.0223996,1.00965,1.42786,,,0.00685467,0.0392932,5,0,0,0,0,0.000935416,0.0274618,0.0340624
^AEX,ownDD<=-15%|first,below200,20,IS (<2008),1,0.0657043,0,,-0.096361,-0.096361,-0.096361,-0.0999483,,,,,,-0.096361,-0.096361,20,0,0,0,0,0.00533795,0.0561933,0.0949926
^AEX,ownDD<=-15%|first,below200,20,OOS (2008-),2,0.106767,1,0.0999594,,0.0999594,0.0999594,0.098094,0.00451788,21.7124,30.706,,,0.098247,0.101672,20,0,0,0,0,0.00399081,0.0525169,0.0759909
^AEX,ownDD<=-15%|first,below200,60,IS (<2008),1,0.0657043,1,0.0203532,,0.0203532,0.0203532,0.0107226,,,,,,0.0203532,0.0203532,60,0,0,0,0,0.0156769,0.0985661,0.159049
^AEX,ownDD<=-15%|first,below200,60,OOS (2008-),2,0.106767,1,0.0742636,,0.0742636,0.0742636,0.0683132,0.0326993,2.08914,2.95448,,,0.0470064,0.101521,60,0,0,0,0,0.0121497,0.086044,0.141203
^AEX,ownDD<=-20%|first,all,5,IS (<2008),2,0.131409,0.5,0.00252131,-0.0512748,-0.0243768,-0.0243768,-0.0252543,0.0380949,-0.662933,-0.937528,,,-0.0512748,0.00252131,5,0,0,0,0,0.00144156,0.0287763,0.0500954
^AEX,ownDD<=-20%|first,all,5,OOS (2008-),1,0.0533835,1,0.0210463,,0.0210463,0.0210463,0.0209626,,,,,,0.0210463,0.0210463,5,0,0,0,0,0.000935416,0.0274618,0.0340624
^AEX,ownDD<=-20%|first,all,20,IS (<2008),2,0.131409,0.5,0.0666987,-0.158509,-0.0459052,-0.0459052,-0.0492446,0.159396,-0.308945,-0.436914,,,-0.158509,0.0666987,20,0,0,0,0,0.00533795,0.0561933,0.0949926
^AEX,ownDD<=-20%|first,all,20,OOS (2008-),1,0.0533835,1,0.0444854,,0.0444854,0.0444854,0.0440791,,,,,,0.0444854,0.0444854,20,0,0,0,0,0.00399081,0.0525169,0.0759909
^AEX,ownDD<=-20%|first,all,60,IS (<2008),2,0.131409,1,0.0366133,,0.0366133,0.0366133,0.0270502,0.0262928,1.02881,1.45495,,,0.0174255,0.0558012,60,0,0,0,0,0.0156769,0.0985661,0.159049
^AEX,ownDD<=-20%|first,all,60,OOS (2008-),1,0.0533835,1,0.016939,,0.016939,0.016939,0.015062,,,,,,0.016939,0.016939,60,0,0,0,0,0.0121497,0.086044,0.141203
^AEX,ownDD<=-20%|first,above200,5,IS (<2008),0,0,,,,,,,,,,,,,,,,,,,0.00144156,0.0287763,0.0500954
^AEX,ownDD<=-20%|first,above200,5,OOS (2008-),0,0,,,,,,,,,,,,,,,,,,,0.000935416,0.0274618,0.0340624
^AEX,ownDD<=-20%|first,above200,20,IS (<2008),0,0,,,,,,,,,,,,,,,,,,,0.00533795,0.0561933,0.0949926
^AEX,ownDD<=-20%|first,above200,20,OOS (2008-),0,0,,,,,,,,,,,,,,,,,,,0.00399081,0.0525169,0.0759909
^AEX,ownDD<=-20%|first,above200,60,IS (<2008),0,0,,,,,,,,,,,,,,,,,,,0.0156769,0.0985661,0.159049
^AEX,ownDD<=-20%|first,above200,60,OOS (2008-),0,0,,,,,,,,,,,,,,,,,,,0.0121497,0.086044,0.141203
^AEX,ownDD<=-20%|first,below200,5,IS (<2008),2,0.131409,0.5,0.00252131,-0.0512748,-0.0243768,-0.0243768,-0.0252543,0.0380949,-0.662933,-0.937528,,,-0.0512748,0.00252131,5,0,0,0,0,0.00144156,0.0287763,0.0500954
^AEX,ownDD<=-20%|first,below200,5,OOS (2008-),1,0.0533835,1,0.0210463,,0.0210463,0.0210463,0.0209626,,,,,,0.0210463,0.0210463,5,0,0,0,0,0.000935416,0.0274618,0.0340624
^AEX,ownDD<=-20%|first,below200,20,IS (<2008),2,0.131409,0.5,0.0666987,-0.158509,-0.0459052,-0.0459052,-0.0492446,0.159396,-0.308945,-0.436914,,,-0.158509,0.0666987,20,0,0,0,0,0.00533795,0.0561933,0.0949926
^AEX,ownDD<=-20%|first,below200,20,OOS (2008-),1,0.0533835,1,0.0444854,,0.0444854,0.0444854,0.0440791,,,,,,0.0444854,0.0444854,20,0,0,0,0,0.00399081,0.0525169,0.0759909
^AEX,ownDD<=-20%|first,below200,60,IS (<2008),2,0.131409,1,0.0366133,,0.0366133,0.0366133,0.0270502,0.0262928,1.02881,1.45495,,,0.0174255,0.0558012,60,0,0,0,0,0.0156769,0.0985661,0.159049
^AEX,ownDD<=-20%|first,below200,60,OOS (2008-),1,0.0533835,1,0.016939,,0.016939,0.016939,0.015062,,,,,,0.016939,0.016939,60,0,0,0,0,0.0121497,0.086044,0.141203
^IBEX,own1d<=-3%,all,5,IS (<2008),42,2.9021,0.547619,0.0367983,-0.0356277,0.00403413,0.00496323,0.00332958,0.0466436,0.0713835,0.462618,0.0810229,3.21965,-0.108645,0.124383,5,0.784917,0.196229,0.196229,0.000829358,0.00190991,0.0286446,0.0666762
^IBEX,own1d<=-3%,all,5,OOS (2008-),77,4.11053,0.584416,0.0352125,-0.044706,0.00199963,0.00832227,0.00190758,0.0546759,0.0348889,0.306149,-0.699888,5.50668,-0.208544,0.151397,5,0.319037,0.0797591,0.0797591,0.000274039,0.000523547,0.0313054,0.0167238
^IBEX,own1d<=-3%,all,20,IS (<2008),28,1.93473,0.607143,0.0493892,-0.066108,0.00401531,0.0169442,0.00111182,0.0668103,0.0166414,0.0880582,-0.222339,2.32073,-0.140675,0.130271,20,0.128915,0.0322288,0.0322288,3.03369e-05,0.0072975,0.0593382,0.122982
^IBEX,own1d<=-3%,all,20,OOS (2008-),48,2.56241,0.625,0.0531784,-0.0688661,0.00741171,0.0198619,0.00700079,0.0804,0.0870745,0.60327,-0.514577,5.36189,-0.274594,0.22123,20,0.537596,0.134399,0.134399,0.00105828,0.00218069,0.0584074,0.0373358
^IBEX,own1d<=-3%,all,60,IS (<2008),20,1.38195,0.75,0.0889382,-0.0913505,0.043866,0.0744497,0.0348795,0.0870202,0.400821,1.79253,-1.02346,2.78762,-0.151116,0.143062,60,2.02692,0.506729,0.506729,0.010865,0.0206286,0.105026,0.196414
^IBEX,own1d<=-3%,all,60,OOS (2008-),33,1.76166,0.606061,0.095223,-0.080716,0.0259137,0.0239266,0.0243119,0.115737,0.210062,1.20671,-0.431908,3.45575,-0.276732,0.233112,60,0.882206,0.220551,0.220551,0.00415853,0.00646414,0.0950465,0.0680102
^IBEX,own1d<=-3%,above200,5,IS (<2008),13,0.898269,0.692308,0.0244944,-0.0410781,0.00431825,0.00968105,0.00345986,0.0420071,0.0823637,0.296966,-1.3934,5.24353,-0.108645,0.0652329,5,1.00012,0.25003,0.25003,0.000342313,0.00190991,0.0286446,0.0666762
^IBEX,own1d<=-3%,above200,5,OOS (2008-),10,0.533835,0.4,0.0345673,-0.01992,0.00187495,-0.00456761,0.0015965,0.0342975,0.0465485,0.147199,0.351158,2.6594,-0.048429,0.0688453,5,0.760301,0.190075,0.190075,7.07994e-05,0.000523547,0.0313054,0.0167238
^IBEX,own1d<=-3%,above200,20,IS (<2008),11,0.760074,0.818182,0.0485281,-0.108061,0.0200573,0.047278,0.0167019,0.0710456,0.235087,0.779697,-1.1999,3.60673,-0.140675,0.106703,20,1.58477,0.396193,0.396193,0.00223251,0.0072975,0.0593382,0.122982
^IBEX,own1d<=-3%,above200,20,OOS (2008-),9,0.480452,0.777778,0.0446885,-0.141816,0.0032431,0.0226591,0.00206113,0.112528,0.0183166,0.0549499,-1.71566,5.49301,-0.274594,0.143361,20,0.090056,0.022514,0.022514,9.77316e-06,0.00218069,0.0584074,0.0373358
^IBEX,own1d<=-3%,above200,60,IS (<2008),10,0.690976,0.9,0.0752429,-0.0796279,0.0597558,0.0754054,0.0499283,0.0597149,0.836111,2.64402,-1.27863,4.10263,-0.0796279,0.125817,60,4.99709,1.24927,1,0.0159254,0.0206286,0.105026,0.196414
^IBEX,own1d<=-3%,above200,60,OOS (2008-),9,0.480452,0.777778,0.0738631,-0.195418,0.0140228,0.0527447,0.0104815,0.134343,0.0780205,0.234062,-1.03962,3.5576,-0.276732,0.202186,60,0.312992,0.0782481,0.0782481,0.00017324,0.00646414,0.0950465,0.0680102
^IBEX,own1d<=-3%,below200,5,IS (<2008),31,2.14203,0.483871,0.0429433,-0.0324412,0.00403517,-0.00513193,0.00337756,0.047726,0.0707697,0.394029,0.469799,2.85124,-0.0845003,0.124383,5,0.778649,0.194662,0.194662,0.000614902,0.00190991,0.0286446,0.0666762
^IBEX,own1d<=-3%,below200,5,OOS (2008-),69,3.68346,0.608696,0.0360159,-0.0500696,0.00233025,0.00860486,0.00225355,0.0572004,0.0393974,0.32726,-0.696601,5.14866,-0.208544,0.151397,5,0.344328,0.0860821,0.0860821,0.000313161,0.000523547,0.0313054,0.0167238
^IBEX,own1d<=-3%,below200,20,IS (<2008),20,1.38195,0.55,0.0588685,-0.0575568,0.00647712,0.0109952,0.0037095,0.0698855,0.0530797,0.23738,0.358728,2.18611,-0.0917024,0.14521,20,0.403676,0.100919,0.100919,0.000226062,0.0072975,0.0593382,0.122982
^IBEX,own1d<=-3%,below200,20,OOS (2008-),41,2.18872,0.585366,0.0585324,-0.0693964,0.00548875,0.0170646,0.00517961,0.0818613,0.063273,0.405145,-0.0904791,3.79705,-0.22378,0.22123,20,0.394261,0.0985652,0.0985652,0.000489117,0.00218069,0.0584074,0.0373358
^IBEX,own1d<=-3%,below200,60,IS (<2008),13,0.898269,0.692308,0.115277,-0.0942812,0.0507975,0.0845506,0.0419976,0.113567,0.369805,1.33335,-0.41159,2.29441,-0.151116,0.243062,60,1.63655,0.409137,0.409137,0.00679182,0.0206286,0.105026,0.196414
^IBEX,own1d<=-3%,below200,60,OOS (2008-),26,1.38797,0.538462,0.110282,-0.069736,0.027197,0.00925917,0.0259902,0.116401,0.223281,1.13852,-0.111695,2.65867,-0.236288,0.233112,60,0.975804,0.243951,0.243951,0.00385681,0.00646414,0.0950465,0.0680102
^IBEX,own1d<=-4%,all,5,IS (<2008),14,0.967367,0.428571,0.046937,-0.0464197,-0.00640971,-0.0088499,-0.00711447,0.0574578,-0.123821,-0.463295,-0.134011,2.0279,-0.108645,0.0734604,5,0,0,0,0,0.00190991,0.0286446,0.0666762
^IBEX,own1d<=-4%,all,5,OOS (2008-),33,1.76166,0.545455,0.0455465,-0.0381784,0.00748973,0.0072716,0.0073481,0.0558253,0.131627,0.756137,0.185324,3.46575,-0.129933,0.151397,5,1.22286,0.305715,0.305715,0.00172977,0.000523547,0.0313054,0.0167238
^IBEX,own1d<=-4%,all,20,IS (<2008),11,0.760074,0.818182,0.0771738,-0.123275,0.0407285,0.0629129,0.0379516,0.0980697,0.386986,1.28349,-1.88356,5.95687,-0.222245,0.13034,20,1.56834,0.392085,0.392085,0.00510566,0.0072975,0.0593382,0.122982
^IBEX,own1d<=-4%,all,20,OOS (2008-),23,1.22782,0.695652,0.082552,-0.0904087,0.0299118,0.0324569,0.0292763,0.106322,0.275355,1.32056,-0.807733,4.10304,-0.274594,0.207973,20,1.18468,0.29617,0.29617,0.00472359,0.00218069,0.0584074,0.0373358
^IBEX,own1d<=-4%,all,60,IS (<2008),10,0.690976,0.8,0.115915,-0.0982176,0.0730889,0.0611939,0.0651693,0.126985,0.513206,1.6229,-0.0213031,2.9291,-0.165399,0.308564,60,2.10796,0.52699,0.52699,0.0104098,0.0206286,0.105026,0.196414
^IBEX,own1d<=-4%,all,60,OOS (2008-),16,0.854136,0.625,0.0989732,-0.10525,0.0223894,0.0438537,0.0198989,0.130993,0.151908,0.607633,-0.529798,3.15223,-0.276732,0.241756,60,0.590946,0.147736,0.147736,0.00110399,0.00646414,0.0950465,0.0680102
^IBEX,own1d<=-4%,above200,5,IS (<2008),4,0.27639,0.5,0.0377916,-0.057534,-0.00987118,0.00196386,-0.0106539,0.0726103,-0.146727,-0.293455,-0.543983,2.03842,-0.108645,0.0652329,5,0,0,0,0,0.00190991,0.0286446,0.0666762
^IBEX,own1d<=-4%,above200,5,OOS (2008-),5,0.266918,0.4,0.0384065,-0.0324769,-0.00412357,-0.0087175,-0.00466476,0.0464957,-0.100327,-0.224337,0.708708,2.22484,-0.048429,0.0688453,5,0,0,0,0,0.000523547,0.0313054,0.0167238
^IBEX,own1d<=-4%,above200,20,IS (<2008),4,0.27639,0.75,0.0790639,-0.222245,0.0037368,0.0620113,0.000606249,0.152871,0.00396576,0.00793153,-1.0715,2.27863,-0.222245,0.113169,20,0.0172537,0.00431344,0.00431344,3.16298e-07,0.0072975,0.0593382,0.122982
^IBEX,own1d<=-4%,above200,20,OOS (2008-),5,0.266918,0.8,0.0613408,-0.274594,-0.00584613,0.0437953,-0.00792613,0.157596,-0.0502939,-0.112461,-1.10529,2.82961,-0.274594,0.143361,20,5.67731e-05,1.41933e-05,1.41933e-05,-5.34189e-13,0.00218069,0.0584074,0.0373358
^IBEX,own1d<=-4%,above200,60,IS (<2008),4,0.27639,0.75,0.156696,-0.0310359,0.109763,0.0807627,0.100558,0.145159,0.692741,1.38548,0.546978,1.89974,-0.0310359,0.308564,60,4.29599,1.074,1,0.0116401,0.0206286,0.105026,0.196414
^IBEX,own1d<=-4%,above200,60,OOS (2008-),5,0.266918,0.6,0.0966311,-0.195418,-0.0201886,0.0388703,-0.0264376,0.177233,-0.149168,-0.333551,-0.280832,2.00449,-0.276732,0.202186,60,4.83808e-05,1.20952e-05,1.20952e-05,-4.90629e-13,0.00646414,0.0950465,0.0680102
^IBEX,own1d<=-4%,below200,5,IS (<2008),12,0.829171,0.416667,0.0448556,-0.0375336,-0.00320477,-0.0088614,-0.00392891,0.0500202,-0.0785464,-0.272093,0.107536,2.01734,-0.0845003,0.0734604,5,5.49001e-05,1.3725e-05,1.3725e-05,-1.7912e-13,0.00190991,0.0286446,0.0666762
^IBEX,own1d<=-4%,below200,5,OOS (2008-),29,1.54812,0.586207,0.0476116,-0.0396038,0.0115225,0.0110241,0.0114257,0.0577128,0.197975,1.06613,0.0256434,3.38696,-0.129933,0.151397,5,1.75582,0.438955,0.438955,0.0033998,0.000523547,0.0313054,0.0167238
^IBEX,own1d<=-4%,below200,20,IS (<2008),9,0.621879,0.777778,0.077689,-0.0373026,0.0521353,0.0647599,0.0492783,0.0628035,0.784642,2.35393,-0.186077,2.23263,-0.0503001,0.14521,20,6.50839,1.6271,1,0.0140871,0.0072975,0.0593382,0.122982
^IBEX,own1d<=-4%,below200,20,OOS (2008-),20,1.06767,0.65,0.0921317,-0.0601125,0.0388463,0.0295348,0.0384635,0.0909648,0.422839,1.89099,0.109771,1.8692,-0.111482,0.207973,20,2.52549,0.631373,0.631373,0.0112551,0.00218069,0.0584074,0.0373358
^IBEX,own1d<=-4%,below200,60,IS (<2008),8,0.552781,0.875,0.117927,-0.165399,0.0825108,0.105935,0.0744037,0.123147,0.604187,1.7089,-0.807985,3.0141,-0.165399,0.243062,60,2.20782,0.551955,0.551955,0.01012,0.0206286,0.105026,0.196414
^IBEX,own1d<=-4%,below200,60,OOS (2008-),14,0.747369,0.714286,0.0934341,-0.0601663,0.0495482,0.0545677,0.0481848,0.0988691,0.48736,1.82353,-0.227493,3.46615,-0.170229,0.241756,60,2.33335,0.583338,0.583338,0.0092926,0.00646414,0.0950465,0.0680102
^IBEX,own1d<=-5%,all,5,IS (<2008),8,0.552781,0.5,0.0569295,-0.0441395,0.00639502,-0.000463456,0.00562875,0.0645164,0.0872453,0.246767,-0.419318,2.24856,-0.108645,0.0787019,5,0.757779,0.189445,0.189445,0.000258438,0.00190991,0.0286446,0.0666762
^IBEX,own1d<=-5%,all,5,OOS (2008-),18,0.960903,0.666667,0.0537959,-0.0522475,0.0184481,0.0161115,0.0183106,0.0667786,0.274198,1.16332,-0.221657,3.03639,-0.129933,0.151397,5,2.07031,0.517576,0.517576,0.004002,0.000523547,0.0313054,0.0167238
^IBEX,own1d<=-5%,all,20,IS (<2008),6,0.414586,0.833333,0.0653314,-0.222245,0.017402,0.0507939,0.0144939,0.123659,0.117209,0.287102,-1.41073,3.61552,-0.222245,0.13034,20,0.522349,0.130587,0.130587,0.00034656,0.0072975,0.0593382,0.122982
^IBEX,own1d<=-5%,all,20,OOS (2008-),13,0.693986,0.615385,0.093396,-0.0711889,0.0300941,0.0028909,0.0295881,0.102115,0.289753,1.04472,0.288231,1.77991,-0.105406,0.207973,20,1.6183,0.404575,0.404575,0.0036045,0.00218069,0.0584074,0.0373358
^IBEX,own1d<=-5%,all,60,IS (<2008),5,0.345488,0.6,0.137979,-0.0316118,0.0701425,0.0866795,0.0618651,0.101657,0.608569,1.3608,0.146787,1.58901,-0.0321878,0.201439,60,4.20484,1.05121,1,0.00918467,0.0206286,0.105026,0.196414
^IBEX,own1d<=-5%,all,60,OOS (2008-),11,0.587219,0.727273,0.109341,-0.0577719,0.0637648,0.0550939,0.0622086,0.102625,0.606172,2.01044,0.172982,2.32445,-0.105664,0.241756,60,3.32218,0.830545,0.830545,0.0131381,0.00646414,0.0950465,0.0680102
^IBEX,own1d<=-5%,above200,5,IS (<2008),2,0.138195,0.5,0.0103503,-0.108645,-0.0491475,-0.0491475,-0.0501178,0.0841342,-0.595688,-0.84243,,,-0.108645,0.0103503,5,0,0,0,0,0.00190991,0.0286446,0.0666762
^IBEX,own1d<=-5%,above200,5,OOS (2008-),1,0.0533835,1,0.0688453,,0.0688453,0.0688453,0.068008,,,,,,0.0688453,0.0688453,5,0,0,0,0,0.000523547,0.0313054,0.0167238
^IBEX,own1d<=-5%,above200,20,IS (<2008),2,0.138195,0.5,0.0611098,-0.222245,-0.0805674,-0.0805674,-0.0844216,0.200222,-0.42164,-0.596289,,,-0.222245,0.0611098,20,0,0,0,0,0.0072975,0.0593382,0.122982
^IBEX,own1d<=-5%,above200,20,OOS (2008-),1,0.0533835,1,0.143361,,0.143361,0.143361,0.140014,,,,,,0.143361,0.143361,20,0,0,0,0,0.00218069,0.0584074,0.0373358
^IBEX,own1d<=-5%,above200,60,IS (<2008),2,0.138195,0.5,0.125817,-0.0310359,0.0473907,0.0473907,0.0362595,0.109869,0.330024,0.466724,,,-0.0310359,0.125817,60,0,0,0,0,0.0206286,0.105026,0.196414
^IBEX,own1d<=-5%,above200,60,OOS (2008-),1,0.0533835,1,0.202186,,0.202186,0.202186,0.192103,,,,,,0.202186,0.202186,60,0,0,0,0,0.00646414,0.0950465,0.0680102
^IBEX,own1d<=-5%,below200,5,IS (<2008),7,0.483683,0.428571,0.0724559,-0.0185895,0.0204299,-0.00644559,0.0196966,0.0493741,0.398925,1.05546,0.230304,1.17713,-0.0304422,0.0787019,5,5.17488,1.29372,1,0.00424747,0.00190991,0.0286446,0.0666762
^IBEX,own1d<=-5%,below200,5,OOS (2008-),18,0.960903,0.666667,0.0535898,-0.0522475,0.0183107,0.0161115,0.0181731,0.0666728,0.272572,1.15643,-0.219911,3.05027,-0.129933,0.151397,5,2.06208,0.51552,0.51552,0.00395608,0.000523547,0.0313054,0.0167238
^IBEX,own1d<=-5%,below200,20,IS (<2008),5,0.345488,0.8,0.0963686,-0.0503001,0.0670349,0.0404779,0.0643608,0.112344,0.572893,1.28103,0.851724,2.58399,-0.0503001,0.250268,20,4.27803,1.06951,1,0.00937793,0.0072975,0.0593382,0.122982
^IBEX,own1d<=-5%,below200,20,OOS (2008-),13,0.693986,0.615385,0.0907565,-0.0711889,0.0284698,0.0028909,0.0279637,0.100365,0.278621,1.00458,0.299705,1.85014,-0.105406,0.207973,20,1.58048,0.395119,0.395119,0.0033283,0.00218069,0.0584074,0.0373358
^IBEX,own1d<=-5%,below200,60,IS (<2008),4,0.27639,0.75,0.137769,-0.0321878,0.0952802,0.105935,0.0879205,0.0966926,0.909279,1.81856,-0.256169,1.91345,-0.0321878,0.201439,60,6.0782,1.51955,1,0.0109837,0.0206286,0.105026,0.196414
^IBEX,own1d<=-5%,below200,60,OOS (2008-),11,0.587219,0.727273,0.103684,-0.0577719,0.0596504,0.0550939,0.058094,0.0976852,0.594707,1.97242,0.154808,2.56527,-0.105664,0.241756,60,3.35852,0.839631,0.839631,0.0124394,0.00646414,0.0950465,0.0680102
^IBEX,ownDD<=-10%|first,all,5,IS (<2008),6,0.414586,0.833333,0.0241604,-0.00313919,0.0196105,0.0110279,0.0186809,0.0254649,0.733595,1.79693,1.00764,2.69428,-0.00313919,0.0652329,5,20,4.99999,1,0.00374612,0.00190991,0.0286446,0.0666762
^IBEX,ownDD<=-10%|first,all,5,OOS (2008-),1,0.0533835,0,,-0.113971,-0.113971,-0.113971,-0.114488,,,,,,-0.113971,-0.113971,5,0,0,0,0,0.000523547,0.0313054,0.0167238
^IBEX,ownDD<=-10%|first,all,20,IS (<2008),6,0.414586,0.5,0.0663155,-0.0754686,-0.00457654,-0.0153032,-0.00828296,0.0920456,-0.0899876,-0.220424,-0.1278,1.96139,-0.140675,0.113169,20,0,0,0,0,0.0072975,0.0593382,0.122982
^IBEX,ownDD<=-10%|first,all,20,OOS (2008-),1,0.0533835,0,,-0.0407944,-0.0407944,-0.0407944,-0.0426079,,,,,,-0.0407944,-0.0407944,20,0,0,0,0,0.00218069,0.0584074,0.0373358
^IBEX,ownDD<=-10%|first,all,60,IS (<2008),6,0.414586,0.5,0.174822,-0.0593525,0.0577347,0.0192995,0.0467562,0.150371,0.310939,0.761642,0.708982,2.1676,-0.0796279,0.308564,60,1.42599,0.356497,0.356497,0.00296271,0.0206286,0.105026,0.196414
^IBEX,ownDD<=-10%|first,all,60,OOS (2008-),1,0.0533835,0,,-0.0399557,-0.0399557,-0.0399557,-0.0441974,,,,,,-0.0399557,-0.0399557,60,0,0,0,0,0.00646414,0.0950465,0.0680102
^IBEX,ownDD<=-10%|first,above200,5,IS (<2008),4,0.27639,1,0.0259245,,0.0259245,0.0180412,0.0249019,0.0292758,0.850599,1.7012,0.591583,1.75261,0.00238273,0.0652329,5,20,4.99999,1,0.00333423,0.00190991,0.0286446,0.0666762
^IBEX,ownDD<=-10%|first,above200,5,OOS (2008-),0,0,,,,,,,,,,,,,,,,,,,0.000523547,0.0313054,0.0167238
^IBEX,ownDD<=-10%|first,above200,20,IS (<2008),4,0.27639,0.5,0.0605735,-0.0939107,-0.0166686,-0.0195841,-0.0207733,0.106061,-0.195861,-0.391723,0.0906253,1.82717,-0.140675,0.113169,20,0,0,0,0,0.0072975,0.0593382,0.122982
^IBEX,ownDD<=-10%|first,above200,20,OOS (2008-),0,0,,,,,,,,,,,,,,,,,,,0.00218069,0.0584074,0.0373358
^IBEX,ownDD<=-10%|first,above200,60,IS (<2008),4,0.27639,0.5,0.189636,-0.0729742,0.0583308,0.00219361,0.0462802,0.180062,0.257024,0.514047,0.731603,1.90848,-0.0796279,0.308564,60,1.08335,0.270838,0.270838,0.00148794,0.0206286,0.105026,0.196414
^IBEX,ownDD<=-10%|first,above200,60,OOS (2008-),0,0,,,,,,,,,,,,,,,,,,,0.00646414,0.0950465,0.0680102
^IBEX,ownDD<=-10%|first,below200,5,IS (<2008),2,0.138195,0.5,0.017104,-0.00313919,0.00698242,0.00698242,0.00623897,0.0143767,0.433964,0.613718,,,-0.00313919,0.017104,5,0,0,0,0,0.00190991,0.0286446,0.0666762
^IBEX,ownDD<=-10%|first,below200,5,OOS (2008-),1,0.0533835,0,,-0.113971,-0.113971,-0.113971,-0.114488,,,,,,-0.113971,-0.113971,5,0,0,0,0,0.000523547,0.0313054,0.0167238
^IBEX,ownDD<=-10%|first,below200,20,IS (<2008),2,0.138195,0.5,0.0777995,-0.0385842,0.0196076,0.0196076,0.0166977,0.0821156,0.203344,0.287572,,,-0.0385842,0.0777995,20,0,0,0,0,0.0072975,0.0593382,0.122982
^IBEX,ownDD<=-10%|first,below200,20,OOS (2008-),1,0.0533835,0,,-0.0407944,-0.0407944,-0.0407944,-0.0426079,,,,,,-0.0407944,-0.0407944,20,0,0,0,0,0.00218069,0.0584074,0.0373358
^IBEX,ownDD<=-10%|first,below200,60,IS (<2008),2,0.138195,0.5,0.145194,-0.0321089,0.0565424,0.0565424,0.0477083,0.125648,0.379698,0.536974,,,-0.0321089,0.145194,60,0,0,0,0,0.0206286,0.105026,0.196414
^IBEX,ownDD<=-10%|first,below200,60,OOS (2008-),1,0.0533835,0,,-0.0399557,-0.0399557,-0.0399557,-0.0441974,,,,,,-0.0399557,-0.0399557,60,0,0,0,0,0.00646414,0.0950465,0.0680102
^IBEX,ownDD<=-15%|first,all,5,IS (<2008),4,0.27639,0.5,0.0238505,-0.0717906,-0.02397,0.00198046,-0.0249423,0.0726618,-0.343265,-0.68653,-0.940937,2.14424,-0.129302,0.0294614,5,5.43657e-05,1.35914e-05,1.35914e-05,-1.01088e-13,0.00190991,0.0286446,0.0666762
^IBEX,ownDD<=-15%|first,all,5,OOS (2008-),1,0.0533835,1,0.0306595,,0.0306595,0.0306595,0.0302131,,,,,,0.0306595,0.0306595,5,0,0,0,0,0.000523547,0.0313054,0.0167238
^IBEX,ownDD<=-15%|first,all,20,IS (<2008),4,0.27639,0.5,0.0723149,-0.114574,-0.0211294,0.0245778,-0.025022,0.131602,-0.190135,-0.380269,-0.798951,1.98105,-0.206722,0.0730485,20,4.53608e-05,1.13402e-05,1.13402e-05,-2.30845e-13,0.0072975,0.0593382,0.122982
^IBEX,ownDD<=-15%|first,all,20,OOS (2008-),1,0.0533835,1,0.0324569,,0.0324569,0.0324569,0.0307255,,,,,,0.0324569,0.0324569,20,0,0,0,0,0.00218069,0.0584074,0.0373358
^IBEX,ownDD<=-15%|first,all,60,IS (<2008),4,0.27639,0.25,0.243062,-0.0529038,0.0210876,-0.0524559,0.0095362,0.14759,0.0646129,0.129226,1.15377,2.33263,-0.0537996,0.243062,60,0.305432,0.0763579,0.0763579,8.75537e-05,0.0206286,0.105026,0.196414
^IBEX,ownDD<=-15%|first,all,60,OOS (2008-),1,0.0533835,1,0.0557208,,0.0557208,0.0557208,0.0517331,,,,,,0.0557208,0.0557208,60,0,0,0,0,0.00646414,0.0950465,0.0680102
^IBEX,ownDD<=-15%|first,above200,5,IS (<2008),1,0.0690976,0,,-0.129302,-0.129302,-0.129302,-0.13026,,,,,,-0.129302,-0.129302,5,0,0,0,0,0.00190991,0.0286446,0.0666762
^IBEX,ownDD<=-15%|first,above200,5,OOS (2008-),0,0,,,,,,,,,,,,,,,,,,,0.000523547,0.0313054,0.0167238
^IBEX,ownDD<=-15%|first,above200,20,IS (<2008),1,0.0690976,0,,-0.206722,-0.206722,-0.206722,-0.210466,,,,,,-0.206722,-0.206722,20,0,0,0,0,0.0072975,0.0593382,0.122982
^IBEX,ownDD<=-15%|first,above200,20,OOS (2008-),0,0,,,,,,,,,,,,,,,,,,,0.00218069,0.0584074,0.0373358
^IBEX,ownDD<=-15%|first,above200,60,IS (<2008),1,0.0690976,0,,-0.0518197,-0.0518197,-0.0518197,-0.0621887,,,,,,-0.0518197,-0.0518197,60,0,0,0,0,0.0206286,0.105026,0.196414
^IBEX,ownDD<=-15%|first,above200,60,OOS (2008-),0,0,,,,,,,,,,,,,,,,,,,0.00646414,0.0950465,0.0680102
^IBEX,ownDD<=-15%|first,below200,5,IS (<2008),3,0.207293,0.666667,0.0238505,-0.0142787,0.0111408,0.0182397,0.0101636,0.0229142,0.443552,0.768255,-0.512643,,-0.0142787,0.0294614,5,13.4548,3.36369,1,0.00101461,0.00190991,0.0286446,0.0666762
^IBEX,ownDD<=-15%|first,below200,5,OOS (2008-),1,0.0533835,1,0.0306595,,0.0306595,0.0306595,0.0302131,,,,,,0.0306595,0.0306595,5,0,0,0,0,0.000523547,0.0313054,0.0167238
^IBEX,ownDD<=-15%|first,below200,20,IS (<2008),3,0.207293,0.666667,0.0723149,-0.0224255,0.0407347,0.0715812,0.0367927,0.0552464,0.665974,1.1535,-0.705654,,-0.0224255,0.0730485,20,8.0602,2.01505,1,0.00357088,0.0072975,0.0593382,0.122982
^IBEX,ownDD<=-15%|first,below200,20,OOS (2008-),1,0.0533835,1,0.0324569,,0.0324569,0.0324569,0.0307255,,,,,,0.0324569,0.0324569,20,0,0,0,0,0.00218069,0.0584074,0.0373358
^IBEX,ownDD<=-15%|first,below200,60,IS (<2008),3,0.207293,0.333333,0.243062,-0.0534458,0.04539,-0.0530921,0.0334445,0.17101,0.19557,0.338738,0.706501,,-0.0537996,0.243062,60,0.951904,0.237976,0.237976,0.00071143,0.0206286,0.105026,0.196414
^IBEX,ownDD<=-15%|first,below200,60,OOS (2008-),1,0.0533835,1,0.0557208,,0.0557208,0.0557208,0.0517331,,,,,,0.0557208,0.0557208,60,0,0,0,0,0.00646414,0.0950465,0.0680102
^IBEX,ownDD<=-20%|first,all,5,IS (<2008),3,0.207293,0.333333,0.00630201,-0.00577501,-0.00174934,-0.00510443,-0.00274696,0.00714191,-0.384625,-0.666191,0.689578,,-0.00644559,0.00630201,5,0,0,0,0,0.00190991,0.0286446,0.0666762
^IBEX,ownDD<=-20%|first,all,5,OOS (2008-),1,0.0533835,1,0.0306595,,0.0306595,0.0306595,0.0302131,,,,,,0.0306595,0.0306595,5,0,0,0,0,0.000523547,0.0313054,0.0167238
^IBEX,ownDD<=-20%|first,all,20,IS (<2008),3,0.207293,0.333333,0.0109003,-0.050771,-0.0302139,-0.0503001,-0.0342094,0.0361577,-0.946117,-1.63872,0.704281,,-0.0512419,0.0109003,20,0,0,0,0,0.0072975,0.0593382,0.122982
^IBEX,ownDD<=-20%|first,all,20,OOS (2008-),1,0.0533835,1,0.0324569,,0.0324569,0.0324569,0.0307255,,,,,,0.0324569,0.0324569,20,0,0,0,0,0.00218069,0.0584074,0.0373358
^IBEX,ownDD<=-20%|first,all,60,IS (<2008),3,0.207293,0.333333,0.125189,-0.0218965,0.0271321,-0.00311229,0.0155682,0.0884077,0.176096,0.305007,0.540207,,-0.0406808,0.125189,60,1.60144,0.400359,0.400359,0.000559824,0.0206286,0.105026,0.196414
^IBEX,ownDD<=-20%|first,all,60,OOS (2008-),1,0.0533835,1,0.0557208,,0.0557208,0.0557208,0.0517331,,,,,,0.0557208,0.0557208,60,0,0,0,0,0.00646414,0.0950465,0.0680102
^IBEX,ownDD<=-20%|first,above200,5,IS (<2008),0,0,,,,,,,,,,,,,,,,,,,0.00190991,0.0286446,0.0666762
^IBEX,ownDD<=-20%|first,above200,5,OOS (2008-),0,0,,,,,,,,,,,,,,,,,,,0.000523547,0.0313054,0.0167238
^IBEX,ownDD<=-20%|first,above200,20,IS (<2008),0,0,,,,,,,,,,,,,,,,,,,0.0072975,0.0593382,0.122982
^IBEX,ownDD<=-20%|first,above200,20,OOS (2008-),0,0,,,,,,,,,,,,,,,,,,,0.00218069,0.0584074,0.0373358
^IBEX,ownDD<=-20%|first,above200,60,IS (<2008),0,0,,,,,,,,,,,,,,,,,,,0.0206286,0.105026,0.196414
^IBEX,ownDD<=-20%|first,above200,60,OOS (2008-),0,0,,,,,,,,,,,,,,,,,,,0.00646414,0.0950465,0.0680102
^IBEX,ownDD<=-20%|first,below200,5,IS (<2008),3,0.207293,0.333333,0.00630201,-0.00577501,-0.00174934,-0.00510443,-0.00274696,0.00714191,-0.384625,-0.666191,0.689578,,-0.00644559,0.00630201,5,0,0,0,0,0.00190991,0.0286446,0.0666762
^IBEX,ownDD<=-20%|first,below200,5,OOS (2008-),1,0.0533835,1,0.0306595,,0.0306595,0.0306595,0.0302131,,,,,,0.0306595,0.0306595,5,0,0,0,0,0.000523547,0.0313054,0.0167238
^IBEX,ownDD<=-20%|first,below200,20,IS (<2008),3,0.207293,0.333333,0.0109003,-0.050771,-0.0302139,-0.0503001,-0.0342094,0.0361577,-0.946117,-1.63872,0.704281,,-0.0512419,0.0109003,20,0,0,0,0,0.0072975,0.0593382,0.122982
^IBEX,ownDD<=-20%|first,below200,20,OOS (2008-),1,0.0533835,1,0.0324569,,0.0324569,0.0324569,0.0307255,,,,,,0.0324569,0.0324569,20,0,0,0,0,0.00218069,0.0584074,0.0373358
^IBEX,ownDD<=-20%|first,below200,60,IS (<2008),3,0.207293,0.333333,0.125189,-0.0218965,0.0271321,-0.00311229,0.0155682,0.0884077,0.176096,0.305007,0.540207,,-0.0406808,0.125189,60,1.60144,0.400359,0.400359,0.000559824,0.0206286,0.105026,0.196414
^IBEX,ownDD<=-20%|first,below200,60,OOS (2008-),1,0.0533835,1,0.0557208,,0.0557208,0.0557208,0.0517331,,,,,,0.0557208,0.0557208,60,0,0,0,0,0.00646414,0.0950465,0.0680102
^KS11,own1d<=-3%,all,5,IS (<2008),117,10.583,0.495726,0.0514327,-0.0413309,0.00465448,-0.000724011,0.00385071,0.0580328,0.0663539,0.717728,0.662155,3.4231,-0.112217,0.20913,5,0.588989,0.147247,0.147247,0.00261842,0.00230521,0.0485805,0.0474514
^KS11,own1d<=-3%,all,5,OOS (2008-),62,3.31075,0.612903,0.0505988,-0.0447362,0.013695,0.00753256,0.0133576,0.0659968,0.202398,1.59368,-0.296328,4.7167,-0.205695,0.191771,5,1.4725,0.368125,0.368125,0.00716744,0.00164054,0.0307811,0.0532971
^KS11,own1d<=-3%,all,20,IS (<2008),55,4.97493,0.4,0.109929,-0.0670057,0.00376805,-0.0299435,0.000670347,0.110428,0.00607042,0.0450194,0.911702,3.58955,-0.211118,0.302769,20,0.0280773,0.00701932,0.00701932,1.02378e-05,0.0088346,0.0974657,0.0906432
^KS11,own1d<=-3%,all,20,OOS (2008-),42,2.24276,0.595238,0.0563572,-0.0502586,0.0132032,0.0172341,0.0119105,0.0718228,0.165832,1.07471,-0.469929,3.64858,-0.163053,0.178198,19.8571,1.1276,0.281901,0.281901,0.00331159,0.00682166,0.0618466,0.1103
^KS11,own1d<=-3%,all,60,IS (<2008),27,2.44224,0.592593,0.182713,-0.198213,0.027521,0.0336629,0.0188293,0.239938,0.0784757,0.407772,0.144264,2.66702,-0.429764,0.551579,60,0.170614,0.0426536,0.0426536,0.000857569,0.0281623,0.185922,0.151474
^KS11,own1d<=-3%,all,60,OOS (2008-),25,1.33498,0.72,0.130946,-0.0855892,0.070316,0.04621,0.0663894,0.179176,0.370527,1.85263,2.03126,8.08646,-0.146051,0.723673,58.16,1.54109,0.385272,0.385272,0.0142115,0.0210456,0.110271,0.190854
^KS11,own1d<=-3%,above200,5,IS (<2008),46,4.16085,0.5,0.0425284,-0.0422892,0.000119595,-0.00248913,-0.000586366,0.0508921,-0.0115218,-0.0781443,0.0418454,2.31639,-0.105017,0.0984153,5,0,0,0,0,0.00230521,0.0485805,0.0474514
^KS11,own1d<=-3%,above200,5,OOS (2008-),23,1.22818,0.652174,0.0525608,-0.0433004,0.0192178,0.0177317,0.0186413,0.0595317,0.313133,1.50173,-0.138116,2.47977,-0.0911986,0.140696,5,2.66623,0.666556,0.666556,0.00668832,0.00164054,0.0307811,0.0532971
^KS11,own1d<=-3%,above200,20,IS (<2008),24,2.17088,0.458333,0.114989,-0.0594119,0.020522,-0.0176257,0.0178486,0.112306,0.158928,0.778584,1.03854,3.65121,-0.123889,0.312687,20,0.80275,0.200687,0.200687,0.00336561,0.0088346,0.0974657,0.0906432
^KS11,own1d<=-3%,above200,20,OOS (2008-),15,0.800987,0.533333,0.0847818,-0.0340259,0.0293382,0.00680783,0.0274384,0.0820788,0.334293,1.29471,-0.385244,3.54464,-0.163053,0.178198,19.6,1.97049,0.492623,0.492623,0.00478455,0.00682166,0.0618466,0.1103
^KS11,own1d<=-3%,above200,60,IS (<2008),13,1.17589,0.538462,0.209548,-0.169343,0.0346749,0.0808451,0.0272688,0.215117,0.126763,0.45705,0.113339,1.52826,-0.264177,0.328848,60,0.322286,0.0805715,0.0805715,0.00112855,0.0281623,0.185922,0.151474
^KS11,own1d<=-3%,above200,60,OOS (2008-),11,0.58739,0.818182,0.202533,-0.124353,0.143099,0.075137,0.138427,0.24123,0.573839,1.90321,1.20822,4.01616,-0.124681,0.723673,55.8182,1.84428,0.461069,0.461069,0.0155507,0.0210456,0.110271,0.190854
^KS11,own1d<=-3%,below200,5,IS (<2008),74,6.69354,0.5,0.0573502,-0.0413187,0.00801576,-0.000197279,0.00714958,0.0628697,0.113721,0.978261,0.792925,3.29352,-0.112217,0.20913,5,0.958266,0.239566,0.239566,0.00498786,0.00230521,0.0485805,0.0474514
^KS11,own1d<=-3%,below200,5,OOS (2008-),41,2.18936,0.609756,0.0518888,-0.0454541,0.0139013,0.00456878,0.0136719,0.0706831,0.193425,1.23853,-0.329293,4.99923,-0.205695,0.191771,5,1.32297,0.330742,0.330742,0.00435965,0.00164054,0.0307811,0.0532971
^KS11,own1d<=-3%,below200,20,IS (<2008),36,3.25632,0.388889,0.100547,-0.0716717,-0.00469785,-0.0276129,-0.00805346,0.109818,-0.0733346,-0.440008,0.910047,3.90049,-0.211118,0.302769,20,0,0,0,0,0.0088346,0.0974657,0.0906432
^KS11,own1d<=-3%,below200,20,OOS (2008-),29,1.54857,0.655172,0.05081,-0.070827,0.00886618,0.0220952,0.00773019,0.0822355,0.0940006,0.506209,-0.651872,5.13334,-0.235428,0.212483,20,0.570778,0.142694,0.142694,0.000750466,0.00682166,0.0618466,0.1103
^KS11,own1d<=-3%,below200,60,IS (<2008),18,1.62816,0.555556,0.168958,-0.197271,0.00618962,0.0304573,-0.00314688,0.245236,-0.0128321,-0.0544418,0.226809,3.11859,-0.429764,0.551579,60,5.62265e-05,1.40566e-05,1.40566e-05,-9.13636e-12,0.0281623,0.185922,0.151474
^KS11,own1d<=-3%,below200,60,OOS (2008-),19,1.01458,0.684211,0.0781187,-0.0671978,0.0322293,0.0255326,0.0286281,0.0947912,0.302012,1.31644,0.520695,3.43104,-0.146051,0.26464,58.8421,1.77403,0.443507,0.443507,0.00559143,0.0210456,0.110271,0.190854
^KS11,own1d<=-4%,all,5,IS (<2008),62,5.6081,0.403226,0.0668783,-0.0454609,-0.000162822,-0.0223209,-0.00103467,0.065274,-0.0158512,-0.124813,0.556851,2.58501,-0.122091,0.145463,5,4.5649e-05,1.14123e-05,1.14123e-05,-1.5309e-12,0.00230521,0.0485805,0.0474514
^KS11,own1d<=-4%,all,5,OOS (2008-),36,1.92237,0.583333,0.0601309,-0.0532895,0.0128724,0.00525804,0.0125211,0.0783233,0.159865,0.959188,-0.308453,3.95501,-0.205695,0.191771,5,1.01204,0.25301,0.25301,0.00267504,0.00164054,0.0307811,0.0532971
^KS11,own1d<=-4%,all,20,IS (<2008),37,3.34677,0.513514,0.112647,-0.0761215,0.0208136,0.00115024,0.0175522,0.124962,0.14046,0.854386,0.920369,4.2186,-0.183569,0.408302,20,0.613689,0.153422,0.153422,0.00391286,0.0088346,0.0974657,0.0906432
^KS11,own1d<=-4%,all,20,OOS (2008-),21,1.12138,0.52381,0.0682987,-0.0590256,0.00766812,0.00505849,0.00635416,0.0862984,0.07363,0.337415,-0.159044,2.90569,-0.163053,0.178198,20,0.444721,0.11118,0.11118,0.000346856,0.00682166,0.0618466,0.1103
^KS11,own1d<=-4%,all,60,IS (<2008),19,1.71861,0.631579,0.153333,-0.132901,0.0478783,0.0808451,0.0386372,0.165152,0.233949,1.01976,-0.0896247,2.30539,-0.261828,0.340832,60,0.736873,0.184218,0.184218,0.00535513,0.0281623,0.185922,0.151474
^KS11,own1d<=-4%,all,60,OOS (2008-),13,0.694189,0.692308,0.132522,-0.103625,0.0598615,0.0322889,0.0556627,0.165413,0.336508,1.2133,0.422769,3.16877,-0.244981,0.395058,57.2308,1.14583,0.286456,0.286456,0.0048112,0.0210456,0.110271,0.190854
^KS11,own1d<=-4%,above200,5,IS (<2008),21,1.89952,0.285714,0.0753337,-0.0493004,-0.0136907,-0.0306288,-0.0144665,0.0642787,-0.225059,-1.03135,0.391347,2.18152,-0.122091,0.0984153,5,5.65304e-05,1.41326e-05,1.41326e-05,-7.46453e-13,0.00230521,0.0485805,0.0474514
^KS11,own1d<=-4%,above200,5,OOS (2008-),13,0.694189,0.538462,0.0627386,-0.0460016,0.0125508,0.00157161,0.0118787,0.0709696,0.167378,0.603489,0.160062,2.10464,-0.0911986,0.140696,5,1.29488,0.323721,0.323721,0.00116528,0.00164054,0.0307811,0.0532971
^KS11,own1d<=-4%,above200,20,IS (<2008),14,1.26634,0.428571,0.135517,-0.055551,0.0263355,-0.0174923,0.023329,0.117477,0.198584,0.743034,0.996829,3.45392,-0.116035,0.312687,20,1.00879,0.252196,0.252196,0.00321576,0.0088346,0.0974657,0.0906432
^KS11,own1d<=-4%,above200,20,OOS (2008-),6,0.320395,0.333333,0.126129,-0.0454107,0.0117692,-0.00537502,0.00934379,0.112707,0.0829032,0.20307,-0.0869098,2.56153,-0.163053,0.178198,20,0.439119,0.10978,0.10978,0.000143849,0.00682166,0.0618466,0.1103
^KS11,own1d<=-4%,above200,60,IS (<2008),8,0.723626,0.75,0.174628,-0.159131,0.0911881,0.096381,0.0829087,0.183948,0.450719,1.27483,-0.237379,2.01898,-0.198364,0.325217,60,1.33308,0.333271,0.333271,0.00875704,0.0281623,0.185922,0.151474
^KS11,own1d<=-4%,above200,60,OOS (2008-),4,0.213596,0.75,0.15046,-0.0943995,0.0892452,0.0281611,0.0839423,0.210718,0.398363,0.796725,0.853564,2.16965,-0.0943995,0.395058,51,1.60855,0.402137,0.402137,0.00303873,0.0210456,0.110271,0.190854
^KS11,own1d<=-4%,below200,5,IS (<2008),42,3.79903,0.452381,0.0644234,-0.0421295,0.00607299,-0.00962864,0.00516601,0.0650706,0.0793909,0.514512,0.683554,2.67621,-0.112217,0.145463,5,0.642292,0.160573,0.160573,0.00137402,0.00230521,0.0485805,0.0474514
^KS11,own1d<=-4%,below200,5,OOS (2008-),24,1.28158,0.625,0.0632068,-0.0581482,0.0176987,0.0124123,0.017505,0.0849671,0.206021,1.00929,-0.48989,4.12436,-0.205695,0.191771,5,1.18086,0.295215,0.295215,0.00291921,0.00164054,0.0307811,0.0532971
^KS11,own1d<=-4%,below200,20,IS (<2008),24,2.17088,0.541667,0.104856,-0.0855411,0.0175906,0.00490824,0.0141268,0.129056,0.109463,0.536258,0.915853,4.60693,-0.183569,0.408302,20,0.463801,0.11595,0.11595,0.00154665,0.0088346,0.0974657,0.0906432
^KS11,own1d<=-4%,below200,20,OOS (2008-),16,0.854386,0.625,0.0711511,-0.0681021,0.0189311,0.0211918,0.0179315,0.0911102,0.196811,0.787246,0.18578,2.95147,-0.156579,0.212483,20,1.16292,0.290729,0.290729,0.00194523,0.00682166,0.0618466,0.1103
^KS11,own1d<=-4%,below200,60,IS (<2008),14,1.26634,0.428571,0.158461,-0.122802,-0.00226115,-0.0767954,-0.0114954,0.168903,-0.0680593,-0.254655,0.439267,2.57101,-0.265056,0.340832,60,0,0,0,0,0.0281623,0.185922,0.151474
^KS11,own1d<=-4%,below200,60,OOS (2008-),10,0.533991,0.7,0.143709,-0.1067,0.068586,0.0853049,0.0646757,0.160703,0.402455,1.27268,-0.225086,2.87747,-0.244981,0.333132,57.8,1.28567,0.321417,0.321417,0.00488688,0.0210456,0.110271,0.190854
^KS11,own1d<=-5%,all,5,IS (<2008),34,3.07541,0.5,0.0693008,-0.0428728,0.013214,0.00678254,0.012323,0.0688619,0.178953,1.04346,0.215603,2.55381,-0.143535,0.145463,5,1.35834,0.339586,0.339586,0.00561754,0.00230521,0.0485805,0.0474514
^KS11,own1d<=-5%,all,5,OOS (2008-),24,1.28158,0.583333,0.0690122,-0.0624773,0.0142249,0.00753256,0.0137889,0.0852645,0.161719,0.792256,-0.320467,3.46501,-0.205695,0.191771,5,0.955239,0.23881,0.23881,0.0018533,0.00164054,0.0307811,0.0532971
^KS11,own1d<=-5%,all,20,IS (<2008),25,2.26133,0.48,0.0963463,-0.0903329,-0.000726918,-0.0119899,-0.0041919,0.116345,-0.0360299,-0.180149,-0.396188,2.27206,-0.246634,0.165936,20,0,0,0,0,0.0088346,0.0974657,0.0906432
^KS11,own1d<=-5%,all,20,OOS (2008-),14,0.747588,0.5,0.131092,-0.0597304,0.0356808,0.00965399,0.0340276,0.119145,0.285599,1.06861,-0.144598,2.00318,-0.163053,0.210907,20,1.26377,0.315942,0.315942,0.00351889,0.00682166,0.0618466,0.1103
^KS11,own1d<=-5%,all,60,IS (<2008),15,1.3568,0.6,0.178011,-0.13638,0.0522546,0.0238781,0.0427,0.233056,0.183218,0.7096,1.1803,4.54348,-0.261828,0.67386,60,0.468261,0.117065,0.117065,0.00292692,0.0281623,0.185922,0.151474
^KS11,own1d<=-5%,all,60,OOS (2008-),9,0.480592,0.777778,0.198965,-0.142615,0.123058,0.0740234,0.118138,0.20756,0.569175,1.70753,-0.00708261,1.68853,-0.190831,0.395058,56,1.57314,0.393286,0.393286,0.00967041,0.0210456,0.110271,0.190854
^KS11,own1d<=-5%,above200,5,IS (<2008),8,0.723626,0.625,0.0734911,-0.0267132,0.0359145,0.0429152,0.0351648,0.0566801,0.620408,1.75478,-0.183711,1.42828,-0.0402391,0.0984153,5,6.30061,1.57515,1,0.0116221,0.00230521,0.0485805,0.0474514
^KS11,own1d<=-5%,above200,5,OOS (2008-),11,0.58739,0.454545,0.0639821,-0.0460016,0.00399099,-0.00310787,0.00326299,0.0740943,0.0440384,0.146059,0.474348,2.25201,-0.0911986,0.140696,5,0.330513,0.0826282,0.0826282,6.91926e-05,0.00164054,0.0307811,0.0532971
^KS11,own1d<=-5%,above200,20,IS (<2008),7,0.633172,0.714286,0.111576,-0.0538156,0.0643213,0.0993935,0.0610332,0.0919295,0.663913,1.75655,-0.692049,2.27859,-0.0956413,0.165936,20,3.49032,0.872581,0.872581,0.0149169,0.0088346,0.0974657,0.0906432
^KS11,own1d<=-5%,above200,20,OOS (2008-),5,0.266996,0.2,0.178198,-0.0454107,-0.000689053,-0.00782673,-0.00359088,0.120929,-0.0296941,-0.0663979,0.227948,2.51411,-0.163053,0.178198,20,3.78342e-05,9.45855e-06,9.45855e-06,-1.39725e-13,0.00682166,0.0618466,0.1103
^KS11,own1d<=-5%,above200,60,IS (<2008),5,0.452266,0.8,0.179288,-0.119897,0.119451,0.155002,0.109888,0.169413,0.648642,1.45041,-0.28243,2.09811,-0.119897,0.325217,60,2.21209,0.553023,0.553023,0.0120082,0.0281623,0.185922,0.151474
^KS11,own1d<=-5%,above200,60,OOS (2008-),3,0.160197,0.666667,0.213674,-0.0943995,0.110983,0.0322889,0.103971,0.25337,0.410351,0.710748,0.497985,,-0.0943995,0.395058,48,1.45928,0.36482,0.36482,0.00257939,0.0210456,0.110271,0.190854
^KS11,own1d<=-5%,below200,5,IS (<2008),26,2.35178,0.461538,0.0675548,-0.0463355,0.00622925,-0.00841877,0.00529478,0.0717044,0.0738418,0.376521,0.397308,2.76844,-0.143535,0.145463,5,0.543101,0.135775,0.135775,0.000738363,0.00230521,0.0485805,0.0474514
^KS11,own1d<=-5%,below200,5,OOS (2008-),14,0.747588,0.714286,0.0770783,-0.0871909,0.0301442,0.0544242,0.0299159,0.0958965,0.31196,1.16725,-0.821728,3.92304,-0.205695,0.191771,5,1.51003,0.377508,0.377508,0.0037501,0.00164054,0.0307811,0.0532971
^KS11,own1d<=-5%,below200,20,IS (<2008),18,1.62816,0.388889,0.0854679,-0.0969724,-0.0260234,-0.0215032,-0.0295572,0.117022,-0.252578,-1.0716,-0.209284,2.20685,-0.246634,0.149065,20,0,0,0,0,0.0088346,0.0974657,0.0906432
^KS11,own1d<=-5%,below200,20,OOS (2008-),10,0.533991,0.7,0.13599,-0.0788233,0.0715459,0.0929318,0.0703871,0.123176,0.571435,1.80704,-0.476788,2.04717,-0.149231,0.212483,20,2.29216,0.573039,0.573039,0.00948226,0.00682166,0.0618466,0.1103
^KS11,own1d<=-5%,below200,60,IS (<2008),12,1.08544,0.5,0.203179,-0.11127,0.0459545,-0.00529216,0.036495,0.247686,0.147344,0.510414,1.4387,4.57925,-0.231388,0.67386,60,0.363325,0.0908312,0.0908312,0.00155151,0.0281623,0.185922,0.151474
^KS11,own1d<=-5%,below200,60,OOS (2008-),7,0.373794,0.857143,0.205008,-0.190831,0.14846,0.181543,0.14432,0.196075,0.736045,1.94739,-0.565836,2.17854,-0.190831,0.360883,56.8571,1.84259,0.460648,0.460648,0.0109519,0.0210456,0.110271,0.190854
^KS11,ownDD<=-10%|first,all,5,IS (<2008),9,0.814079,0.555556,0.0756213,-0.0321964,0.0277023,0.0221084,0.0267988,0.0660951,0.405459,1.21638,0.104284,1.65592,-0.0641326,0.1225,5,3.58365,0.895913,0.895913,0.00847745,0.00230521,0.0485805,0.0474514
^KS11,ownDD<=-10%|first,all,5,OOS (2008-),6,0.320395,0.5,0.0359506,-0.030643,0.00265376,0.00172651,0.00222618,0.0503408,0.0442221,0.108322,-0.160966,2.62164,-0.0766377,0.0766892,5,0.524847,0.131212,0.131212,4.09635e-05,0.00164054,0.0307811,0.0532971
^KS11,ownDD<=-10%|first,all,20,IS (<2008),9,0.814079,0.666667,0.0900039,-0.0508683,0.0430465,0.0500869,0.0393963,0.0790744,0.498218,1.49465,-0.203498,1.66729,-0.067702,0.140459,20,3.46334,0.865836,0.865836,0.012108,0.0088346,0.0974657,0.0906432
^KS11,ownDD<=-10%|first,all,20,OOS (2008-),5,0.266996,0.2,0.024732,-0.0511716,-0.0359909,-0.0553633,-0.0374679,0.0371317,-1.00905,-2.25631,1.09577,2.6201,-0.0635902,0.024732,20,4.0347e-05,1.00867e-05,1.00867e-05,-1.49815e-14,0.00682166,0.0618466,0.1103
^KS11,ownDD<=-10%|first,all,60,IS (<2008),7,0.633172,0.428571,0.208205,-0.159963,-0.0021766,-0.00606092,-0.0129383,0.241748,-0.05352,-0.141601,-0.313165,2.21871,-0.396807,0.326896,60,4.6351e-05,1.15878e-05,1.15878e-05,-2.12946e-12,0.0281623,0.185922,0.151474
^KS11,ownDD<=-10%|first,all,60,OOS (2008-),5,0.266996,0.6,0.207667,-0.106098,0.0821611,0.0228186,0.0776826,0.287697,0.270016,0.603773,1.10603,2.86149,-0.188223,0.574651,60,0.707503,0.176876,0.176876,0.00156356,0.0210456,0.110271,0.190854
^KS11,ownDD<=-10%|first,above200,5,IS (<2008),6,0.542719,0.5,0.0778325,-0.021551,0.0281408,0.0187986,0.0272899,0.0591421,0.46143,1.13027,0.137553,1.42192,-0.0429161,0.0984153,5,5.03327,1.25832,1,0.00658772,0.00230521,0.0485805,0.0474514
^KS11,ownDD<=-10%|first,above200,5,OOS (2008-),3,0.160197,0.333333,0.0766892,-0.0388768,-0.000354768,-0.00111577,-0.0010795,0.0766746,-0.014079,-0.0243856,0.017991,,-0.0766377,0.0766892,5,0,0,0,0,0.00164054,0.0307811,0.0532971
^KS11,ownDD<=-10%|first,above200,20,IS (<2008),6,0.542719,0.666667,0.0836345,-0.0424515,0.0416059,0.0465614,0.0381352,0.0750819,0.507914,1.24413,-0.0721983,1.74309,-0.0575735,0.140459,20,4.07914,1.01979,1,0.00901454,0.0088346,0.0974657,0.0906432
^KS11,ownDD<=-10%|first,above200,20,OOS (2008-),2,0.106798,0,,-0.0594768,-0.0594768,-0.0594768,-0.0623732,0.00577862,-10.7938,-15.2647,,,-0.0635902,-0.0553633,20,0,0,0,0,0.00682166,0.0618466,0.1103
^KS11,ownDD<=-10%|first,above200,60,IS (<2008),5,0.452266,0.4,0.257377,-0.0810149,0.0543416,-0.00606092,0.0440813,0.203378,0.216746,0.484659,0.227818,1.72206,-0.186068,0.326896,60,0.688104,0.172026,0.172026,0.00149265,0.0281623,0.185922,0.151474
^KS11,ownDD<=-10%|first,above200,60,OOS (2008-),2,0.106798,0.5,0.574651,-0.188223,0.193214,0.193214,0.184493,0.539614,0.341898,0.483517,,,-0.188223,0.574651,60,0,0,0,0,0.0210456,0.110271,0.190854
^KS11,ownDD<=-10%|first,below200,5,IS (<2008),3,0.27136,0.666667,0.0723043,-0.0641326,0.0268254,0.0221084,0.0258166,0.0934216,0.276345,0.478644,0.092305,,-0.0641326,0.1225,5,2.28701,0.571752,0.571752,0.0017414,0.00230521,0.0485805,0.0474514
^KS11,ownDD<=-10%|first,below200,5,OOS (2008-),3,0.160197,0.666667,0.0155812,-0.0141756,0.00566228,0.00456878,0.00553186,0.0205845,0.268739,0.46547,0.0862216,,-0.0141756,0.0265937,5,10.0709,2.51772,1,0.000419998,0.00164054,0.0307811,0.0532971
^KS11,ownDD<=-10%|first,below200,20,IS (<2008),3,0.27136,0.666667,0.102743,-0.067702,0.0459278,0.0676827,0.0419185,0.10442,0.401442,0.695317,-0.364569,,-0.067702,0.137803,20,2.75206,0.688016,0.688016,0.0034239,0.0088346,0.0974657,0.0906432
^KS11,ownDD<=-10%|first,below200,20,OOS (2008-),3,0.160197,0.333333,0.024732,-0.0428664,-0.0203336,-0.0298309,-0.0208643,0.0413163,-0.50499,-0.874668,0.436795,,-0.0559019,0.024732,20,4.0347e-05,1.00867e-05,1.00867e-05,-9.27425e-15,0.00682166,0.0618466,0.1103
^KS11,ownDD<=-10%|first,below200,60,IS (<2008),2,0.180906,0.5,0.109862,-0.396807,-0.143472,-0.143472,-0.155488,0.358197,-0.434084,-0.613888,,,-0.396807,0.109862,60,0,0,0,0,0.0281623,0.185922,0.151474
^KS11,ownDD<=-10%|first,below200,60,OOS (2008-),3,0.160197,0.666667,0.0241756,-0.0239739,0.00812577,0.0228186,0.00647563,0.0305404,0.212035,0.367255,-0.700386,,-0.0239739,0.0255326,60,4.84732,1.21183,1,0.000467769,0.0210456,0.110271,0.190854
^KS11,ownDD<=-15%|first,all,5,IS (<2008),5,0.452266,0.8,0.0560635,-0.0120831,0.0424342,0.0468399,0.0415074,0.0402584,1.03102,2.30544,-0.15245,1.86701,-0.0120831,0.0924683,5,16.2192,4.05481,1,0.00900737,0.00230521,0.0485805,0.0474514
^KS11,ownDD<=-15%|first,all,5,OOS (2008-),6,0.320395,0.333333,0.0298074,-0.0317972,-0.0112624,-0.00234924,-0.0116731,0.0445018,-0.262307,-0.642519,-0.207364,2.10798,-0.0766377,0.0496452,5,0,0,0,0,0.00164054,0.0307811,0.0532971
^KS11,ownDD<=-15%|first,all,20,IS (<2008),5,0.452266,0.6,0.0577457,-0.0517432,0.0139502,0.00282936,0.0101544,0.0822748,0.12342,0.275976,0.565528,2.37693,-0.0819888,0.140459,20,0.975101,0.243775,0.243775,0.00048729,0.0088346,0.0974657,0.0906432
^KS11,ownDD<=-15%|first,all,20,OOS (2008-),6,0.320395,0.166667,0.0168082,-0.069974,-0.0555103,-0.0265151,-0.0571335,0.0892768,-0.639959,-1.56757,-1.41076,3.52656,-0.227135,0.0168082,20,4.01171e-05,1.00293e-05,1.00293e-05,-1.07027e-13,0.00682166,0.0618466,0.1103
^KS11,ownDD<=-15%|first,all,60,IS (<2008),5,0.452266,0.4,0.144197,-0.216376,-0.0721463,-0.119673,-0.0836377,0.220389,-0.379501,-0.848589,-0.0550972,1.6888,-0.361108,0.187857,60,6.39723e-05,1.59931e-05,1.59931e-05,-2.24748e-12,0.0281623,0.185922,0.151474
^KS11,ownDD<=-15%|first,all,60,OOS (2008-),6,0.320395,0.5,0.216967,-0.0638134,0.0765766,0.000336341,0.0719315,0.250494,0.287158,0.703391,1.52036,3.76246,-0.125427,0.574651,59.3333,0.914874,0.228719,0.228719,0.00221437,0.0210456,0.110271,0.190854
^KS11,ownDD<=-15%|first,above200,5,IS (<2008),2,0.180906,1,0.0696541,,0.0696541,0.0696541,0.068836,0.0324059,2.12418,3.00405,,,0.0468399,0.0924683,5,0,0,0,0,0.00230521,0.0485805,0.0474514
^KS11,ownDD<=-15%|first,above200,5,OOS (2008-),2,0.106798,0,,-0.0388768,-0.0388768,-0.0388768,-0.0396031,0.0534187,-0.741373,-1.04846,,,-0.0766377,-0.00111577,5,0,0,0,0,0.00164054,0.0307811,0.0532971
^KS11,ownDD<=-15%|first,above200,20,IS (<2008),2,0.180906,1,0.071644,,0.071644,0.071644,0.0682263,0.0977352,0.698073,0.987224,,,0.00282936,0.140459,20,0,0,0,0,0.0088346,0.0974657,0.0906432
^KS11,ownDD<=-15%|first,above200,20,OOS (2008-),2,0.106798,0,,-0.145363,-0.145363,-0.145363,-0.14828,0.115712,-1.28146,-1.81226,,,-0.227135,-0.0635902,20,0,0,0,0,0.00682166,0.0618466,0.1103
^KS11,ownDD<=-15%|first,above200,60,IS (<2008),2,0.180906,0.5,0.187857,-0.119673,0.0340922,0.0340922,0.0239335,0.218998,0.109286,0.154554,,,-0.119673,0.187857,60,0,0,0,0,0.0281623,0.185922,0.151474
^KS11,ownDD<=-15%|first,above200,60,OOS (2008-),2,0.106798,0.5,0.574651,-0.125427,0.224612,0.224612,0.216115,0.494894,0.436691,0.617574,,,-0.125427,0.574651,58,0,0,0,0,0.0210456,0.110271,0.190854
^KS11,ownDD<=-15%|first,below200,5,IS (<2008),3,0.27136,0.666667,0.0424729,-0.0120831,0.0242876,0.0204575,0.0232882,0.038362,0.607065,1.05147,0.179074,,-0.0120831,0.0644883,5,13.7315,3.43288,1,0.00301181,0.00230521,0.0485805,0.0474514
^KS11,ownDD<=-15%|first,below200,5,OOS (2008-),4,0.213596,0.5,0.0298074,-0.0247177,0.00254484,0.00319345,0.00229186,0.0396158,0.0578522,0.115704,-0.0550126,1.91968,-0.0458527,0.0496452,5,0.971853,0.242963,0.242963,5.20418e-05,0.00164054,0.0307811,0.0532971
^KS11,ownDD<=-15%|first,below200,20,IS (<2008),3,0.27136,0.333333,0.0299492,-0.0517432,-0.0245124,-0.0214975,-0.0285603,0.0560502,-0.509548,-0.882563,-0.0874391,,-0.0819888,0.0299492,20,0,0,0,0,0.0088346,0.0974657,0.0906432
^KS11,ownDD<=-15%|first,below200,20,OOS (2008-),4,0.213596,0.25,0.0168082,-0.0197149,-0.0105842,-0.0115681,-0.0115603,0.0226537,-0.510306,-1.02061,0.150309,1.89595,-0.0360085,0.0168082,20,0,0,0,0,0.00682166,0.0618466,0.1103
^KS11,ownDD<=-15%|first,below200,60,IS (<2008),3,0.27136,0.333333,0.100538,-0.264727,-0.142972,-0.168346,-0.155352,0.232113,-0.669294,-1.15925,0.206236,,-0.361108,0.100538,60,5.10617e-05,1.27654e-05,1.27654e-05,-7.94132e-13,0.0281623,0.185922,0.151474
^KS11,ownDD<=-15%|first,below200,60,OOS (2008-),4,0.213596,0.5,0.0381245,-0.0330065,0.00255899,0.000336341,-0.000160555,0.0463694,-0.00346251,-0.00692502,0.123798,1.60921,-0.0458884,0.0554517,60,0,0,0,0,0.0210456,0.110271,0.190854
^KS11,ownDD<=-20%|first,all,5,IS (<2008),3,0.27136,0.333333,0.0806572,-0.0420212,-0.00112843,-0.0264323,-0.00213742,0.0725746,-0.0294514,-0.0510114,0.564392,,-0.0576102,0.0806572,5,0,0,0,0,0.00230521,0.0485805,0.0474514
^KS11,ownDD<=-20%|first,all,5,OOS (2008-),5,0.266996,0.6,0.0466278,-0.0453578,0.00983358,0.0329305,0.00949556,0.0543478,0.174718,0.390682,-0.414489,1.70283,-0.0655695,0.0683764,5,1.93976,0.48494,0.48494,0.000539663,0.00164054,0.0307811,0.0532971
^KS11,ownDD<=-20%|first,all,20,IS (<2008),3,0.27136,0.666667,0.0802852,-0.217855,-0.019095,0.0370909,-0.0232034,0.177407,-0.130792,-0.226538,-0.520601,,-0.217855,0.12348,20,0,0,0,0,0.0088346,0.0974657,0.0906432
^KS11,ownDD<=-20%|first,all,20,OOS (2008-),5,0.266996,0.8,0.0439299,-0.142541,0.00663576,0.0304108,0.00527036,0.0882308,0.0597338,0.133569,-1.16954,2.86915,-0.142541,0.0828472,20,0.407446,0.101862,0.101862,6.29818e-05,0.00682166,0.0618466,0.1103
^KS11,ownDD<=-20%|first,all,60,IS (<2008),3,0.27136,0.333333,0.297508,-0.313801,-0.110031,-0.206754,-0.122619,0.369045,-0.33226,-0.575492,0.452427,,-0.420848,0.297508,60,4.68827e-05,1.17207e-05,1.17207e-05,-1.69234e-12,0.0281623,0.185922,0.151474
^KS11,ownDD<=-20%|first,all,60,OOS (2008-),5,0.266996,0.8,0.0575241,-0.0299054,0.0400382,0.048592,0.0363325,0.052062,0.69787,1.56048,-0.37966,1.81721,-0.0299054,0.0965865,58.4,7.70355,1.92589,1,0.00452377,0.0210456,0.110271,0.190854
^KS11,ownDD<=-20%|first,above200,5,IS (<2008),1,0.0904532,1,0.0806572,,0.0806572,0.0806572,0.0797258,,,,,,0.0806572,0.0806572,5,0,0,0,0,0.00230521,0.0485805,0.0474514
^KS11,ownDD<=-20%|first,above200,5,OOS (2008-),1,0.0533991,0,,-0.0655695,-0.0655695,-0.0655695,-0.0663068,,,,,,-0.0655695,-0.0655695,5,0,0,0,0,0.00164054,0.0307811,0.0532971
^KS11,ownDD<=-20%|first,above200,20,IS (<2008),1,0.0904532,1,0.12348,,0.12348,0.12348,0.119602,,,,,,0.12348,0.12348,20,0,0,0,0,0.0088346,0.0974657,0.0906432
^KS11,ownDD<=-20%|first,above200,20,OOS (2008-),1,0.0533991,0,,-0.142541,-0.142541,-0.142541,-0.145508,,,,,,-0.142541,-0.142541,20,0,0,0,0,0.00682166,0.0618466,0.1103
^KS11,ownDD<=-20%|first,above200,60,IS (<2008),1,0.0904532,1,0.297508,,0.297508,0.297508,0.285458,,,,,,0.297508,0.297508,60,0,0,0,0,0.0281623,0.185922,0.151474
^KS11,ownDD<=-20%|first,above200,60,OOS (2008-),1,0.0533991,0,,-0.0299054,-0.0299054,-0.0299054,-0.0377145,,,,,,-0.0299054,-0.0299054,52,0,0,0,0,0.0210456,0.110271,0.190854
^KS11,ownDD<=-20%|first,below200,5,IS (<2008),2,0.180906,0,,-0.0420212,-0.0420212,-0.0420212,-0.0430691,0.0219487,-1.96226,-2.77505,,,-0.0576102,-0.0264323,5,0,0,0,0,0.00230521,0.0485805,0.0474514
^KS11,ownDD<=-20%|first,below200,5,OOS (2008-),4,0.213596,0.75,0.0466278,-0.025146,0.0286844,0.0357535,0.0284462,0.0392947,0.723918,1.44784,-0.590346,2.06537,-0.025146,0.0683764,5,10.6203,2.65506,1,0.00289463,0.00164054,0.0307811,0.0532971
^KS11,ownDD<=-20%|first,below200,20,IS (<2008),2,0.180906,0.5,0.0370909,-0.217855,-0.0903822,-0.0903822,-0.094606,0.179879,-0.525942,-0.743795,,,-0.217855,0.0370909,20,0,0,0,0,0.0088346,0.0974657,0.0906432
^KS11,ownDD<=-20%|first,below200,20,OOS (2008-),4,0.213596,1,0.0439299,,0.0439299,0.0394626,0.0429651,0.0301158,1.42666,2.85333,0.450166,1.86999,0.0139474,0.0828472,20,20,4.99999,1,0.00447087,0.00682166,0.0618466,0.1103
^KS11,ownDD<=-20%|first,below200,60,IS (<2008),2,0.180906,0,,-0.313801,-0.313801,-0.313801,-0.326658,0.150328,-2.17297,-3.07305,,,-0.420848,-0.206754,60,0,0,0,0,0.0281623,0.185922,0.151474
^KS11,ownDD<=-20%|first,below200,60,OOS (2008-),4,0.213596,1,0.0575241,,0.0575241,0.0613077,0.0548443,0.0364605,1.50421,3.00842,-0.25834,1.60881,0.0108947,0.0965865,60,20,4.99999,1,0.00567692,0.0210456,0.110271,0.190854
^TWII,own1d<=-3%,all,5,IS (<2008),64,6.09544,0.484375,0.045569,-0.041936,0.000449229,-0.00419359,-0.000285871,0.0548794,-0.00520908,-0.0416727,0.198121,2.72196,-0.116866,0.13811,5,0,0,0,0,-0.0002459,0.0379616,-0.00647761
^TWII,own1d<=-3%,all,5,OOS (2008-),56,2.98991,0.589286,0.038658,-0.0421799,0.00545672,0.00936245,0.00516782,0.0536137,0.09639,0.721316,-0.398109,3.9317,-0.142985,0.14271,5,0.894377,0.223594,0.223594,0.00151544,0.00204939,0.0274963,0.0745331
^TWII,own1d<=-3%,all,20,IS (<2008),42,4.00013,0.47619,0.0732775,-0.0524917,0.00739839,-0.001796,0.00443565,0.084639,0.0524068,0.339635,0.244182,3.13343,-0.173939,0.217501,20,0.318959,0.0797399,0.0797399,0.000618545,-0.00134352,0.0763076,-0.0176066
^TWII,own1d<=-3%,all,20,OOS (2008-),39,2.08226,0.641026,0.053983,-0.055932,0.0145263,0.0202185,0.0133164,0.0650387,0.204746,1.27864,-0.534865,2.72928,-0.140537,0.134435,20,1.52451,0.381127,0.381127,0.00465123,0.00826557,0.055354,0.149322
^TWII,own1d<=-3%,all,60,IS (<2008),24,2.28579,0.458333,0.131018,-0.114056,-0.00173073,-0.0310098,-0.0105962,0.160615,-0.0659726,-0.323198,0.945803,4.88785,-0.287336,0.484856,60,0,0,0,0,-0.00274918,0.137728,-0.019961
^TWII,own1d<=-3%,all,60,OOS (2008-),25,1.33478,0.64,0.12442,-0.0898012,0.0473002,0.052364,0.0434252,0.147196,0.295016,1.47508,-0.250461,3.92104,-0.346417,0.351583,60,0.965693,0.241423,0.241423,0.00617131,0.0252594,0.104935,0.240715
^TWII,own1d<=-3%,above200,5,IS (<2008),20,1.90482,0.6,0.031349,-0.0325242,0.00579976,0.0106948,0.00505986,0.0388292,0.130311,0.582767,-0.205953,2.41551,-0.0694687,0.0737623,5,1.73962,0.434906,0.434906,0.00183657,-0.0002459,0.0379616,-0.00647761
^TWII,own1d<=-3%,above200,5,OOS (2008-),23,1.228,0.73913,0.0341639,-0.0292936,0.0176098,0.0244861,0.0171827,0.0403653,0.425679,2.04149,-0.822378,6.11953,-0.10618,0.113085,5,4.23524,1.05881,1,0.00953954,0.00204939,0.0274963,0.0745331
^TWII,own1d<=-3%,above200,20,IS (<2008),14,1.33338,0.428571,0.0761221,-0.0387777,0.0104651,-0.00260946,0.00741076,0.0705368,0.105062,0.393107,0.0782161,2.02922,-0.111193,0.122672,20,0.80533,0.201332,0.201332,0.000869744,-0.00134352,0.0763076,-0.0176066
^TWII,own1d<=-3%,above200,20,OOS (2008-),19,1.01444,0.842105,0.0493149,-0.0345694,0.03607,0.0370903,0.0345474,0.0469297,0.736152,3.20881,0.375703,3.26984,-0.0408461,0.150005,20,8.65357,2.16339,1,0.016359,0.00826557,0.055354,0.149322
^TWII,own1d<=-3%,above200,60,IS (<2008),11,1.04765,0.545455,0.108554,-0.110896,0.00880392,0.0125525,-0.000171301,0.131651,-0.00130118,-0.00431552,-0.0168364,1.89153,-0.186897,0.196149,60,0,0,0,0,-0.00274918,0.137728,-0.019961
^TWII,own1d<=-3%,above200,60,OOS (2008-),13,0.694087,0.692308,0.15184,-0.0477642,0.0904235,0.0595595,0.0855893,0.138586,0.617589,2.22675,0.592419,2.36101,-0.100092,0.351583,60,2.90879,0.727197,0.727197,0.0182944,0.0252594,0.104935,0.240715
^TWII,own1d<=-3%,below200,5,IS (<2008),46,4.3811,0.478261,0.0512368,-0.0444548,0.00131078,-0.00524791,0.000584637,0.0601254,0.00972363,0.0659489,0.19961,2.50264,-0.116866,0.13811,5,0.0827381,0.0206845,0.0206845,2.31762e-05,-0.0002459,0.0379616,-0.00647761
^TWII,own1d<=-3%,below200,5,OOS (2008-),33,1.76191,0.484848,0.043433,-0.046728,-0.00301361,-0.00386541,-0.00320617,0.0603669,-0.0531114,-0.305102,-0.0812653,3.32266,-0.142985,0.14271,5,4.97361e-05,1.2434e-05,1.2434e-05,-4.81295e-13,0.00204939,0.0274963,0.0745331
^TWII,own1d<=-3%,below200,20,IS (<2008),30,2.85724,0.5,0.0694199,-0.059059,0.00518043,0.00129378,0.00230196,0.0893513,0.0257631,0.14111,0.318179,3.28859,-0.173939,0.217501,20,0.149732,0.0374329,0.0374329,0.000107663,-0.00134352,0.0763076,-0.0176066
^TWII,own1d<=-3%,below200,20,OOS (2008-),22,1.17461,0.545455,0.0666402,-0.0672655,0.00577395,0.0182661,0.00493288,0.0794899,0.0620566,0.291071,-0.265716,1.98644,-0.140537,0.134435,20,0.405555,0.101389,0.101389,0.000257249,0.00826557,0.055354,0.149322
^TWII,own1d<=-3%,below200,60,IS (<2008),17,1.6191,0.529412,0.128967,-0.141362,0.00175324,0.00654034,-0.00641123,0.17824,-0.0359696,-0.148306,0.965526,4.43234,-0.287336,0.484856,60,4.6665e-05,1.16663e-05,1.16663e-05,-3.2945e-12,-0.00274918,0.137728,-0.019961
^TWII,own1d<=-3%,below200,60,OOS (2008-),16,0.854261,0.6875,0.0835299,-0.123431,0.0188547,0.0435076,0.0160307,0.133011,0.120522,0.482088,-1.27679,4.85932,-0.346417,0.225285,60,0.445936,0.111484,0.111484,0.000674003,0.0252594,0.104935,0.240715
^TWII,own1d<=-4%,all,5,IS (<2008),24,2.28579,0.625,0.0469348,-0.0520011,0.0098338,0.0181708,0.00901994,0.0600642,0.150172,0.735688,-0.258785,2.87058,-0.116866,0.13811,5,1.27372,0.31843,0.31843,0.00287928,-0.0002459,0.0379616,-0.00647761
^TWII,own1d<=-4%,all,5,OOS (2008-),25,1.33478,0.64,0.0535648,-0.0428014,0.0188729,0.0209507,0.0185262,0.0601581,0.307958,1.53979,-0.180675,2.66468,-0.108041,0.133562,5,2.55563,0.638907,0.638907,0.00693492,0.00204939,0.0274963,0.0745331
^TWII,own1d<=-4%,all,20,IS (<2008),18,1.71434,0.555556,0.0680041,-0.0454461,0.0175818,0.00634212,0.0144704,0.0727926,0.198789,0.843392,0.180441,2.63134,-0.114526,0.17506,20,1.46396,0.36599,0.36599,0.00396332,-0.00134352,0.0763076,-0.0176066
^TWII,own1d<=-4%,all,20,OOS (2008-),20,1.06783,0.55,0.0800108,-0.0352433,0.0281465,0.0303546,0.0267002,0.0684898,0.389842,1.74343,-0.149804,2.32206,-0.119115,0.150005,20,2.86335,0.715838,0.715838,0.00895115,0.00826557,0.055354,0.149322
^TWII,own1d<=-4%,all,60,IS (<2008),13,1.23814,0.769231,0.116411,-0.149784,0.0549815,0.0310618,0.0463562,0.175846,0.263617,0.950486,0.697119,3.88644,-0.245939,0.466048,60,0.87023,0.217557,0.217557,0.0054117,-0.00274918,0.137728,-0.019961
^TWII,own1d<=-4%,all,60,OOS (2008-),16,0.854261,0.75,0.115889,-0.0995439,0.0620305,0.0839752,0.0578273,0.13029,0.443835,1.77534,-0.280919,4.2022,-0.252616,0.351583,59.25,1.57112,0.39278,0.39278,0.0086069,0.0252594,0.104935,0.240715
^TWII,own1d<=-4%,above200,5,IS (<2008),10,0.952412,0.7,0.0331782,-0.0309154,0.0139501,0.0177051,0.0131841,0.0362137,0.364065,1.15128,-0.132514,2.22015,-0.0424225,0.0730647,5,5.43162,1.3579,1,0.00570065,-0.0002459,0.0379616,-0.00647761
^TWII,own1d<=-4%,above200,5,OOS (2008-),8,0.427131,0.75,0.0482874,-0.00896926,0.0339733,0.0218418,0.0334089,0.0459486,0.727094,2.05653,0.872249,2.25764,-0.0142368,0.113085,5,14.2876,3.57191,1,0.00670302,0.00204939,0.0274963,0.0745331
^TWII,own1d<=-4%,above200,20,IS (<2008),8,0.76193,0.5,0.0852532,-0.0248456,0.0302038,0.0270006,0.0273268,0.0601764,0.454112,1.28442,0.0313075,1.19493,-0.0400079,0.100485,20,4.5621,1.14053,1,0.00916449,-0.00134352,0.0763076,-0.0176066
^TWII,own1d<=-4%,above200,20,OOS (2008-),7,0.373739,0.714286,0.101875,-0.031431,0.0637876,0.0791934,0.0616645,0.0708491,0.870363,2.30276,-0.426473,1.81566,-0.0336492,0.150005,20,6.6767,1.66918,1,0.0105759,0.00826557,0.055354,0.149322
^TWII,own1d<=-4%,above200,60,IS (<2008),6,0.571447,0.666667,0.0591637,-0.101706,0.00554046,0.0350018,-0.00319175,0.0850751,-0.0375168,-0.0918971,-0.375414,1.62058,-0.117222,0.106105,60,0,0,0,0,-0.00274918,0.137728,-0.019961
^TWII,own1d<=-4%,above200,60,OOS (2008-),6,0.320348,0.833333,0.185515,-0.0638226,0.143959,0.143552,0.139099,0.130518,1.06574,2.61052,-0.00490331,2.8752,-0.0638226,0.351583,58,4.41544,1.10386,1,0.0195146,0.0252594,0.104935,0.240715
^TWII,own1d<=-4%,below200,5,IS (<2008),15,1.42862,0.6,0.0524641,-0.062544,0.00646088,0.0182444,0.00565572,0.0711684,0.0794696,0.307784,-0.131582,2.3234,-0.116866,0.13811,5,0.59471,0.148677,0.148677,0.000525865,-0.0002459,0.0379616,-0.00647761
^TWII,own1d<=-4%,below200,5,OOS (2008-),17,0.907652,0.588235,0.0567311,-0.0524677,0.0117669,0.0172184,0.0115225,0.0658935,0.174866,0.72099,-0.157568,2.28725,-0.108041,0.133562,5,1.38763,0.346908,0.346908,0.0015893,0.00204939,0.0274963,0.0745331
^TWII,own1d<=-4%,below200,20,IS (<2008),11,1.04765,0.545455,0.0565047,-0.0610951,0.00305024,0.00243294,-2.46839e-05,0.0801873,-0.000307828,-0.00102095,0.561182,3.06288,-0.114526,0.17506,20,3.59793e-05,8.99482e-06,8.99482e-06,-2.47737e-13,-0.00134352,0.0763076,-0.0176066
^TWII,own1d<=-4%,below200,20,OOS (2008-),13,0.694087,0.461538,0.0617906,-0.0363325,0.00895508,-0.00116219,0.00787328,0.0618083,0.127382,0.459283,-0.305287,2.54685,-0.119115,0.0906184,20,1.09189,0.272973,0.272973,0.000654136,0.00826557,0.055354,0.149322
^TWII,own1d<=-4%,below200,60,IS (<2008),8,0.76193,0.75,0.154576,-0.164819,0.0747274,0.0262449,0.066896,0.218583,0.306044,0.865623,0.407083,2.66113,-0.245939,0.466048,60,0.843241,0.21081,0.21081,0.00466217,-0.00274918,0.137728,-0.019961
^TWII,own1d<=-4%,below200,60,OOS (2008-),11,0.587304,0.727273,0.0773796,-0.111451,0.0258803,0.0448119,0.0223902,0.112063,0.1998,0.66266,-1.35529,4.52069,-0.252616,0.155948,60,0.854376,0.213594,0.213594,0.00124715,0.0252594,0.104935,0.240715
^TWII,own1d<=-5%,all,5,IS (<2008),13,1.23814,0.769231,0.0565452,-0.0504108,0.031863,0.0497551,0.0310885,0.0587632,0.529046,1.9075,-0.252628,2.54219,-0.0686894,0.13811,5,4.49014,1.12254,1,0.0171589,-0.0002459,0.0379616,-0.00647761
^TWII,own1d<=-5%,all,5,OOS (2008-),11,0.587304,0.636364,0.0390927,-0.0359557,0.0118023,0.0172184,0.0114432,0.0433262,0.264117,0.875977,-0.217721,1.93053,-0.0620119,0.0746412,5,3.26259,0.815647,0.815647,0.00240219,0.00204939,0.0274963,0.0745331
^TWII,own1d<=-5%,all,20,IS (<2008),10,0.952412,0.6,0.0591905,-0.0446652,0.0176482,0.00634212,0.0145895,0.0692217,0.210765,0.666498,-0.501321,2.53961,-0.117824,0.100485,20,1.59657,0.399142,0.399142,0.00244065,-0.00134352,0.0763076,-0.0176066
^TWII,own1d<=-5%,all,20,OOS (2008-),10,0.533913,0.5,0.10303,-0.0265773,0.0382263,0.037688,0.0366458,0.0724833,0.505575,1.59877,-0.094391,1.59289,-0.0766208,0.134435,20,3.87276,0.968191,0.968191,0.00823755,0.00826557,0.055354,0.149322
^TWII,own1d<=-5%,all,60,IS (<2008),7,0.666688,0.714286,0.111593,-0.153057,0.0359784,0.0125525,0.02707,0.213159,0.126995,0.335996,1.16005,3.80405,-0.219925,0.466048,60,0.376397,0.0940993,0.0940993,0.000735487,-0.00274918,0.137728,-0.019961
^TWII,own1d<=-5%,all,60,OOS (2008-),9,0.480522,0.666667,0.169706,-0.0641101,0.091767,0.125978,0.0872613,0.142263,0.613381,1.84014,0.143421,1.5667,-0.0795552,0.303499,58.6667,2.69521,0.673803,0.673803,0.0120757,0.0252594,0.104935,0.240715
^TWII,own1d<=-5%,above200,5,IS (<2008),3,0.285724,1,0.0321404,,0.0321404,0.0272412,0.0314023,0.0175234,1.79202,3.10388,0.485931,,0.0180973,0.0510828,5,20,4.99999,1,0.00442312,-0.0002459,0.0379616,-0.00647761
^TWII,own1d<=-5%,above200,5,OOS (2008-),3,0.160174,1,0.032746,,0.032746,0.026876,0.0320579,0.0266003,1.20517,2.08742,0.389376,,0.00923028,0.0621318,5,20,4.99999,1,0.00251066,0.00204939,0.0274963,0.0745331
^TWII,own1d<=-5%,above200,20,IS (<2008),3,0.285724,1,0.0924694,,0.0924694,0.092508,0.0894902,0.00958903,9.33256,16.1645,0.282893,,0.0844151,0.100485,20,20,4.99999,1,0.0124989,-0.00134352,0.0763076,-0.0176066
^TWII,own1d<=-5%,above200,20,OOS (2008-),3,0.160174,0.666667,0.0778658,-0.0292128,0.0421729,0.0765382,0.0394528,0.0605317,0.651771,1.1289,-0.704167,,-0.0292128,0.0791934,20,7.19636,1.79909,1,0.00293613,0.00826557,0.055354,0.149322
^TWII,own1d<=-5%,above200,60,IS (<2008),3,0.285724,0.666667,0.0350018,-0.0861902,-0.00539552,0.0125525,-0.0144728,0.0684493,-0.211438,-0.366221,-0.345774,,-0.0861902,0.0574511,60,0,0,0,0,-0.00274918,0.137728,-0.019961
^TWII,own1d<=-5%,above200,60,OOS (2008-),3,0.160174,0.666667,0.128088,-0.0638226,0.064118,0.125978,0.0574381,0.10641,0.539781,0.934927,-0.702298,,-0.0638226,0.130199,56,3.38663,0.846657,0.846657,0.00341943,0.0252594,0.104935,0.240715
^TWII,own1d<=-5%,below200,5,IS (<2008),10,0.952412,0.7,0.0670043,-0.0504108,0.0317798,0.0512059,0.0309943,0.0673489,0.460205,1.4553,-0.224029,2.01235,-0.0686894,0.13811,5,3.63662,0.909156,0.909156,0.0117441,-0.0002459,0.0379616,-0.00647761
^TWII,own1d<=-5%,below200,5,OOS (2008-),8,0.427131,0.5,0.0438526,-0.0359557,0.00394845,0.00181709,0.00371263,0.0472129,0.078636,0.222416,0.102979,1.71769,-0.0620119,0.0746412,5,0.956381,0.239095,0.239095,0.000165758,0.00204939,0.0274963,0.0745331
^TWII,own1d<=-5%,below200,20,IS (<2008),7,0.666688,0.428571,0.0259116,-0.0446652,-0.014418,-0.00626443,-0.0175108,0.0561212,-0.312017,-0.825519,-0.683048,3.15919,-0.117824,0.0650505,20,0,0,0,0,-0.00134352,0.0763076,-0.0176066
^TWII,own1d<=-5%,below200,20,OOS (2008-),7,0.373739,0.428571,0.119806,-0.0259185,0.0365349,-0.00116219,0.0354427,0.0815706,0.434504,1.14959,0.0100993,1.45642,-0.0766208,0.134435,20,3.19455,0.798638,0.798638,0.00459004,0.00826557,0.055354,0.149322
^TWII,own1d<=-5%,below200,60,IS (<2008),5,0.476206,0.6,0.162653,-0.151811,0.0368674,0.000484044,0.0292592,0.260274,0.112417,0.251371,0.962668,2.71271,-0.219925,0.466048,60,0.287501,0.0718754,0.0718754,0.000434638,-0.00274918,0.137728,-0.019961
^TWII,own1d<=-5%,below200,60,OOS (2008-),7,0.373739,0.714286,0.201988,-0.0642539,0.125919,0.224357,0.122944,0.159886,0.768948,2.03445,-0.264938,1.29575,-0.0795552,0.303499,60,2.88234,0.720584,0.720584,0.0142003,0.0252594,0.104935,0.240715
^TWII,ownDD<=-10%|first,all,5,IS (<2008),2,0.190482,0.5,0.0180973,-0.00142003,0.00833864,0.00833864,0.00727713,0.0136976,0.531271,0.751331,,,-0.00142003,0.0180973,5,0,0,0,0,-0.0002459,0.0379616,-0.00647761
^TWII,ownDD<=-10%|first,all,5,OOS (2008-),7,0.373739,0.571429,0.0548127,-0.0623996,0.00457889,0.026876,0.00413218,0.0849959,0.0486162,0.128626,-1.19226,3.5839,-0.167876,0.0968498,5,0.323515,0.0808787,0.0808787,5.4842e-05,0.00204939,0.0274963,0.0745331
^TWII,ownDD<=-10%|first,all,20,IS (<2008),2,0.190482,0.5,0.092508,-0.075502,0.00850297,0.00850297,0.00428035,0.118363,0.0361628,0.051142,,,-0.075502,0.092508,20,0,0,0,0,-0.00134352,0.0763076,-0.0176066
^TWII,ownDD<=-10%|first,all,20,OOS (2008-),7,0.373739,0.571429,0.127896,-0.0292947,0.0605284,0.0791934,0.0587416,0.0958234,0.613019,1.6219,0.51465,2.13984,-0.0334552,0.225763,20,4.63798,1.1595,1,0.00946171,0.00826557,0.055354,0.149322
^TWII,ownDD<=-10%|first,all,60,IS (<2008),2,0.190482,0.5,0.0125525,-0.0710899,-0.0292687,-0.0292687,-0.0420782,0.0579853,-0.725671,-1.02625,,,-0.0710899,0.0125525,60,0,0,0,0,-0.00274918,0.137728,-0.019961
^TWII,ownDD<=-10%|first,all,60,OOS (2008-),7,0.373739,0.714286,0.17904,-0.0762048,0.106113,0.115441,0.100887,0.157127,0.642072,1.69876,0.427357,2.72843,-0.103457,0.388999,58.2857,2.64541,0.661353,0.661353,0.0106699,0.0252594,0.104935,0.240715
^TWII,ownDD<=-10%|first,above200,5,IS (<2008),1,0.0952412,1,0.0180973,,0.0180973,0.0180973,0.0169628,,,,,,0.0180973,0.0180973,5,0,0,0,0,-0.0002459,0.0379616,-0.00647761
^TWII,ownDD<=-10%|first,above200,5,OOS (2008-),4,0.213565,1,0.0548127,,0.0548127,0.0477626,0.054193,0.0331338,1.63558,3.27116,0.377425,1.49411,0.026876,0.0968498,5,20,4.99999,1,0.00562705,0.00204939,0.0274963,0.0745331
^TWII,ownDD<=-10%|first,above200,20,IS (<2008),1,0.0952412,1,0.092508,,0.092508,0.092508,0.0879758,,,,,,0.092508,0.092508,20,0,0,0,0,-0.00134352,0.0763076,-0.0176066
^TWII,ownDD<=-10%|first,above200,20,OOS (2008-),4,0.213565,1,0.127896,,0.127896,0.103313,0.125434,0.0671417,1.8682,3.73641,0.949744,2.15222,0.0791934,0.225763,20,20,4.99999,1,0.0126814,0.00826557,0.055354,0.149322
^TWII,ownDD<=-10%|first,above200,60,IS (<2008),1,0.0952412,1,0.0125525,,0.0125525,0.0125525,-0.00107643,,,,,,0.0125525,0.0125525,60,0,0,0,0,-0.00274918,0.137728,-0.019961
^TWII,ownDD<=-10%|first,above200,60,OOS (2008-),4,0.213565,1,0.19494,,0.19494,0.143552,0.188122,0.129312,1.4548,2.90959,1.09425,2.28644,0.103657,0.388999,57,20,4.99999,1,0.0181516,0.0252594,0.104935,0.240715
^TWII,ownDD<=-10%|first,below200,5,IS (<2008),1,0.0952412,0,,-0.00142003,-0.00142003,-0.00142003,-0.00240852,,,,,,-0.00142003,-0.00142003,5,0,0,0,0,-0.0002459,0.0379616,-0.00647761
^TWII,ownDD<=-10%|first,below200,5,OOS (2008-),3,0.160174,0,,-0.0623996,-0.0623996,-0.0135842,-0.0626156,0.0912748,-0.686011,-1.18821,-0.700805,,-0.167876,-0.00573852,5,0,0,0,0,0.00204939,0.0274963,0.0745331
^TWII,ownDD<=-10%|first,below200,20,IS (<2008),1,0.0952412,0,,-0.075502,-0.075502,-0.075502,-0.0794151,,,,,,-0.075502,-0.075502,20,0,0,0,0,-0.00134352,0.0763076,-0.0176066
^TWII,ownDD<=-10%|first,below200,20,OOS (2008-),3,0.160174,0,,-0.0292947,-0.0292947,-0.0319693,-0.0301823,0.00522625,-5.77514,-10.0028,0.575577,,-0.0334552,-0.0224596,20,0,0,0,0,0.00826557,0.055354,0.149322
^TWII,ownDD<=-10%|first,below200,60,IS (<2008),1,0.0952412,0,,-0.0710899,-0.0710899,-0.0710899,-0.08308,,,,,,-0.0710899,-0.0710899,60,0,0,0,0,-0.00274918,0.137728,-0.019961
^TWII,ownDD<=-10%|first,below200,60,OOS (2008-),3,0.160174,0.333333,0.115441,-0.0762048,-0.012323,-0.0489526,-0.0154266,0.116067,-0.132911,-0.230209,0.548503,,-0.103457,0.115441,60,0,0,0,0,0.0252594,0.104935,0.240715
^TWII,ownDD<=-15%|first,all,5,IS (<2008),2,0.190482,0.5,0.0969257,-0.00966113,0.0436323,0.0436323,0.0425721,0.0752585,0.565679,0.79999,,,-0.00966113,0.0969257,5,0,0,0,0,-0.0002459,0.0379616,-0.00647761
^TWII,ownDD<=-15%|first,all,5,OOS (2008-),5,0.266957,0.8,0.0586108,-0.0860923,0.0296702,0.0429445,0.0291859,0.0726656,0.401647,0.898111,-0.708444,2.46855,-0.0860923,0.11066,5,3.00971,0.752427,0.752427,0.00259484,0.00204939,0.0274963,0.0745331
^TWII,ownDD<=-15%|first,all,20,IS (<2008),2,0.190482,0.5,0.0347736,-0.0889803,-0.0271033,-0.0271033,-0.0313466,0.0871037,-0.359876,-0.508942,,,-0.0889803,0.0347736,20,0,0,0,0,-0.00134352,0.0763076,-0.0176066
^TWII,ownDD<=-15%|first,all,20,OOS (2008-),5,0.266957,1,0.0664948,,0.0664948,0.073988,0.0645382,0.0547517,1.17874,2.63575,0.536973,2.061,0.0140456,0.15015,20,20,4.99999,1,0.0081824,0.00826557,0.055354,0.149322
^TWII,ownDD<=-15%|first,all,60,IS (<2008),2,0.190482,0.5,0.0280487,-0.0605088,-0.01623,-0.01623,-0.0291144,0.0615671,-0.472889,-0.668765,,,-0.0605088,0.0280487,60,0,0,0,0,-0.00274918,0.137728,-0.019961
^TWII,ownDD<=-15%|first,all,60,OOS (2008-),5,0.266957,0.8,0.138745,-0.0522432,0.100547,0.125978,0.0950636,0.106154,0.895523,2.00245,-0.449382,1.74108,-0.0522432,0.201418,56,4.81081,1.2027,1,0.0112617,0.0252594,0.104935,0.240715
^TWII,ownDD<=-15%|first,above200,5,IS (<2008),1,0.0952412,1,0.0969257,,0.0969257,0.0969257,0.095788,,,,,,0.0969257,0.0969257,5,0,0,0,0,-0.0002459,0.0379616,-0.00647761
^TWII,ownDD<=-15%|first,above200,5,OOS (2008-),2,0.106783,1,0.086396,,0.086396,0.086396,0.0855218,0.0345038,2.47862,3.50529,,,0.0621318,0.11066,5,0,0,0,0,0.00204939,0.0274963,0.0745331
^TWII,ownDD<=-15%|first,above200,20,IS (<2008),1,0.0952412,1,0.0347736,,0.0347736,0.0347736,0.0302451,,,,,,0.0347736,0.0347736,20,0,0,0,0,-0.00134352,0.0763076,-0.0176066
^TWII,ownDD<=-15%|first,above200,20,OOS (2008-),2,0.106783,1,0.113344,,0.113344,0.113344,0.109871,0.0527877,2.08138,2.94351,,,0.0765382,0.15015,20,0,0,0,0,0.00826557,0.055354,0.149322
^TWII,ownDD<=-15%|first,above200,60,IS (<2008),1,0.0952412,1,0.0280487,,0.0280487,0.0280487,0.0144201,,,,,,0.0280487,0.0280487,60,0,0,0,0,-0.00274918,0.137728,-0.019961
^TWII,ownDD<=-15%|first,above200,60,OOS (2008-),2,0.106783,1,0.163698,,0.163698,0.163698,0.155034,0.057056,2.71723,3.84275,,,0.125978,0.201418,50,0,0,0,0,0.0252594,0.104935,0.240715
^TWII,ownDD<=-15%|first,below200,5,IS (<2008),1,0.0952412,0,,-0.00966113,-0.00966113,-0.00966113,-0.0106437,,,,,,-0.00966113,-0.00966113,5,0,0,0,0,-0.0002459,0.0379616,-0.00647761
^TWII,ownDD<=-15%|first,below200,5,OOS (2008-),3,0.160174,0.666667,0.0308256,-0.0860923,-0.00814705,0.0187066,-0.00837125,0.0683797,-0.122423,-0.212043,-0.610452,,-0.0860923,0.0429445,5,0,0,0,0,0.00204939,0.0274963,0.0745331
^TWII,ownDD<=-15%|first,below200,20,IS (<2008),1,0.0952412,0,,-0.0889803,-0.0889803,-0.0889803,-0.0929382,,,,,,-0.0889803,-0.0889803,20,0,0,0,0,-0.00134352,0.0763076,-0.0176066
^TWII,ownDD<=-15%|first,below200,20,OOS (2008-),3,0.160174,1,0.0352621,,0.0352621,0.0177526,0.0343163,0.0343092,1.00021,1.73241,0.701896,,0.0140456,0.073988,20,20,4.99999,1,0.00266498,0.00826557,0.055354,0.149322
^TWII,ownDD<=-15%|first,below200,60,IS (<2008),1,0.0952412,0,,-0.0605088,-0.0605088,-0.0605088,-0.0726489,,,,,,-0.0605088,-0.0605088,60,0,0,0,0,-0.00274918,0.137728,-0.019961
^TWII,ownDD<=-15%|first,below200,60,OOS (2008-),3,0.160174,0.666667,0.113791,-0.0522432,0.0584463,0.0416886,0.0550831,0.12213,0.451022,0.781192,0.278827,,-0.0522432,0.185893,60,3.13599,0.783998,0.783998,0.00295739,0.0252594,0.104935,0.240715
^TWII,ownDD<=-20%|first,all,5,IS (<2008),2,0.190482,0,,-0.0137736,-0.0137736,-0.0137736,-0.0148433,0.00222088,-6.68349,-9.45189,,,-0.0154267,-0.0121205,5,0,0,0,0,-0.0002459,0.0379616,-0.00647761
^TWII,ownDD<=-20%|first,all,5,OOS (2008-),3,0.160174,0.666667,0.0411589,-0.0172984,0.0216731,0.00767651,0.0212642,0.0471326,0.451157,0.781428,0.496688,,-0.0172984,0.0746412,5,8.83922,2.20981,1,0.00157921,0.00204939,0.0274963,0.0745331
^TWII,ownDD<=-20%|first,all,20,IS (<2008),2,0.190482,0,,-0.0215779,-0.0215779,-0.0215779,-0.0259541,0.00418285,-6.20487,-8.77501,,,-0.0248745,-0.0182813,20,0,0,0,0,-0.00134352,0.0763076,-0.0176066
^TWII,ownDD<=-20%|first,all,20,OOS (2008-),3,0.160174,1,0.0875632,,0.0875632,0.098042,0.0858174,0.0306802,2.79716,4.84482,-0.613094,,0.0527294,0.111918,20,20,4.99999,1,0.00668281,0.00826557,0.055354,0.149322
^TWII,ownDD<=-20%|first,all,60,IS (<2008),2,0.190482,0,,-0.0947302,-0.0947302,-0.0947302,-0.107972,0.128119,-0.84275,-1.19183,,,-0.184245,-0.005215,60,0,0,0,0,-0.00274918,0.137728,-0.019961
^TWII,ownDD<=-20%|first,all,60,OOS (2008-),3,0.160174,0.666667,0.219399,-0.0284369,0.136787,0.209636,0.131221,0.143823,0.912376,1.58028,-0.703462,,-0.0284369,0.229162,60,4.39815,1.09954,1,0.00914593,0.0252594,0.104935,0.240715
^TWII,ownDD<=-20%|first,above200,5,IS (<2008),0,0,,,,,,,,,,,,,,,,,,,-0.0002459,0.0379616,-0.00647761
^TWII,ownDD<=-20%|first,above200,5,OOS (2008-),0,0,,,,,,,,,,,,,,,,,,,0.00204939,0.0274963,0.0745331
^TWII,ownDD<=-20%|first,above200,20,IS (<2008),0,0,,,,,,,,,,,,,,,,,,,-0.00134352,0.0763076,-0.0176066
^TWII,ownDD<=-20%|first,above200,20,OOS (2008-),0,0,,,,,,,,,,,,,,,,,,,0.00826557,0.055354,0.149322
^TWII,ownDD<=-20%|first,above200,60,IS (<2008),0,0,,,,,,,,,,,,,,,,,,,-0.00274918,0.137728,-0.019961
^TWII,ownDD<=-20%|first,above200,60,OOS (2008-),0,0,,,,,,,,,,,,,,,,,,,0.0252594,0.104935,0.240715
^TWII,ownDD<=-20%|first,below200,5,IS (<2008),2,0.190482,0,,-0.0137736,-0.0137736,-0.0137736,-0.0148433,0.00222088,-6.68349,-9.45189,,,-0.0154267,-0.0121205,5,0,0,0,0,-0.0002459,0.0379616,-0.00647761
^TWII,ownDD<=-20%|first,below200,5,OOS (2008-),3,0.160174,0.666667,0.0411589,-0.0172984,0.0216731,0.00767651,0.0212642,0.0471326,0.451157,0.781428,0.496688,,-0.0172984,0.0746412,5,8.83922,2.20981,1,0.00157921,0.00204939,0.0274963,0.0745331
^TWII,ownDD<=-20%|first,below200,20,IS (<2008),2,0.190482,0,,-0.0215779,-0.0215779,-0.0215779,-0.0259541,0.00418285,-6.20487,-8.77501,,,-0.0248745,-0.0182813,20,0,0,0,0,-0.00134352,0.0763076,-0.0176066
^TWII,ownDD<=-20%|first,below200,20,OOS (2008-),3,0.160174,1,0.0875632,,0.0875632,0.098042,0.0858174,0.0306802,2.79716,4.84482,-0.613094,,0.0527294,0.111918,20,20,4.99999,1,0.00668281,0.00826557,0.055354,0.149322
^TWII,ownDD<=-20%|first,below200,60,IS (<2008),2,0.190482,0,,-0.0947302,-0.0947302,-0.0947302,-0.107972,0.128119,-0.84275,-1.19183,,,-0.184245,-0.005215,60,0,0,0,0,-0.00274918,0.137728,-0.019961
^TWII,ownDD<=-20%|first,below200,60,OOS (2008-),3,0.160174,0.666667,0.219399,-0.0284369,0.136787,0.209636,0.131221,0.143823,0.912376,1.58028,-0.703462,,-0.0284369,0.229162,60,4.39815,1.09954,1,0.00914593,0.0252594,0.104935,0.240715
^BVSP,own1d<=-3%,all,5,IS (<2008),157,10.6946,0.624204,0.0671199,-0.0492135,0.0234022,0.0223386,0.0226055,0.0805667,0.280582,3.51568,0.47403,5.02143,-0.222432,0.340205,5,1.77386,0.443465,0.443465,0.0468111,0.011934,0.0615923,0.193758
^BVSP,own1d<=-3%,all,5,OOS (2008-),82,4.37553,0.573171,0.0337583,-0.0365505,0.00374845,0.00688637,0.00359064,0.0492496,0.0729069,0.6602,-0.961233,6.80814,-0.20088,0.137273,5,0.720137,0.180034,0.180034,0.00124323,0.00148816,0.0341369,0.0435937
^BVSP,own1d<=-3%,all,20,IS (<2008),86,5.85817,0.593023,0.141731,-0.065893,0.0572329,0.0168859,0.0541012,0.156946,0.344712,3.19673,1.04912,4.43884,-0.308283,0.538397,20,1.27742,0.319356,0.319356,0.0434521,0.0509766,0.162108,0.31446
^BVSP,own1d<=-3%,all,20,OOS (2008-),49,2.61465,0.55102,0.0598529,-0.0641727,0.00416794,0.00912295,0.00349272,0.0852895,0.0409514,0.28666,-0.592597,5.26994,-0.291116,0.238625,20,0.241813,0.0604533,0.0604533,0.000241913,0.00617692,0.0675025,0.0915065
^BVSP,own1d<=-3%,all,60,IS (<2008),45,3.06532,0.666667,0.332488,-0.100381,0.188198,0.0826359,0.17899,0.508699,0.351858,2.36034,3.02596,11.9226,-0.283684,2.38145,60,0.689597,0.172399,0.172399,0.037296,0.188197,0.528134,0.356343
^BVSP,own1d<=-3%,all,60,OOS (2008-),29,1.54744,0.724138,0.11524,-0.146293,0.0430928,0.0637989,0.0411298,0.149462,0.275185,1.48192,-0.485132,3.3219,-0.328971,0.318744,60,0.877221,0.219305,0.219305,0.0061582,0.0181362,0.120137,0.150962
^BVSP,own1d<=-3%,above200,5,IS (<2008),83,5.65381,0.626506,0.0615682,-0.0386635,0.0241323,0.0223386,0.0232963,0.0736563,0.316284,2.88148,0.792408,7.50739,-0.222432,0.340205,5,2.16699,0.541749,0.541749,0.0312413,0.011934,0.0615923,0.193758
^BVSP,own1d<=-3%,above200,5,OOS (2008-),30,1.6008,0.633333,0.026946,-0.0345358,0.00440266,0.0113158,0.00418993,0.0369757,0.113316,0.620657,-0.64885,2.75157,-0.0781974,0.0602889,5,1.52653,0.381632,0.381632,0.00112456,0.00148816,0.0341369,0.0435937
^BVSP,own1d<=-3%,above200,20,IS (<2008),51,3.47403,0.588235,0.12541,-0.046877,0.0544685,0.0212972,0.0512212,0.135326,0.378503,2.70305,1.71646,7.3659,-0.184705,0.603746,20,1.8666,0.466651,0.466651,0.0350297,0.0509766,0.162108,0.31446
^BVSP,own1d<=-3%,above200,20,OOS (2008-),21,1.12056,0.571429,0.0592279,-0.0560916,0.00980523,0.0231164,0.00885664,0.0717093,0.123508,0.565983,-0.764607,2.96261,-0.160526,0.107443,20,0.861319,0.21533,0.21533,0.000940001,0.00617692,0.0675025,0.0915065
^BVSP,own1d<=-3%,above200,60,IS (<2008),30,2.04355,0.633333,0.211683,-0.0872537,0.102073,0.0474931,0.0920431,0.282318,0.326027,1.78572,2.34545,8.88452,-0.255554,1.16077,60,0.896793,0.224198,0.224198,0.017418,0.188197,0.528134,0.356343
^BVSP,own1d<=-3%,above200,60,OOS (2008-),14,0.747042,0.642857,0.0775323,-0.122424,0.0061194,0.0231298,0.00348754,0.131349,0.0265518,0.0993478,-0.987625,4.1381,-0.328971,0.189262,60,0.107367,0.0268418,0.0268418,3.06446e-05,0.0181362,0.120137,0.150962
^BVSP,own1d<=-3%,below200,5,IS (<2008),81,5.51758,0.604938,0.0782382,-0.0582664,0.0243104,0.0219738,0.0235399,0.091273,0.257906,2.32116,0.450678,3.59298,-0.183266,0.286114,5,1.48298,0.370745,0.370745,0.0209565,0.011934,0.0615923,0.193758
^BVSP,own1d<=-3%,below200,5,OOS (2008-),52,2.77473,0.538462,0.0388013,-0.0374738,0.00359738,0.006073,0.00347088,0.0557138,0.0622984,0.44924,-0.936448,6.37241,-0.20088,0.137273,5,0.551908,0.137977,0.137977,0.000583565,0.00148816,0.0341369,0.0435937
^BVSP,own1d<=-3%,below200,20,IS (<2008),43,2.92908,0.627907,0.169818,-0.0925029,0.0722101,0.0281403,0.0692364,0.182751,0.378856,2.48432,0.750684,3.56341,-0.308283,0.538397,20,1.17772,0.294431,0.294431,0.0257336,0.0509766,0.162108,0.31446
^BVSP,own1d<=-3%,below200,20,OOS (2008-),33,1.76088,0.545455,0.0641109,-0.0695276,0.00336612,0.00272189,0.00276403,0.0941834,0.0293473,0.168587,-0.390874,5.00931,-0.291116,0.238625,20,0.159641,0.0399102,0.0399102,8.50476e-05,0.00617692,0.0675025,0.0915065
^BVSP,own1d<=-3%,below200,60,IS (<2008),22,1.4986,0.636364,0.485447,-0.0832333,0.278654,0.11402,0.269624,0.604632,0.44593,2.0916,2.47832,8.54199,-0.2599,2.38145,60,0.787882,0.196971,0.196971,0.0310437,0.188197,0.528134,0.356343
^BVSP,own1d<=-3%,below200,60,OOS (2008-),19,1.01384,0.578947,0.126116,-0.0983467,0.0316051,0.0507693,0.0295777,0.138852,0.213015,0.928512,-0.0739641,2.81883,-0.256633,0.318744,60,0.795959,0.19899,0.19899,0.00261385,0.0181362,0.120137,0.150962
^BVSP,own1d<=-4%,all,5,IS (<2008),79,5.38134,0.594937,0.0697242,-0.0654141,0.0149846,0.021877,0.0141555,0.0885988,0.159771,1.42007,0.0714382,3.48004,-0.222432,0.241811,5,0.909755,0.227439,0.227439,0.00758068,0.011934,0.0615923,0.193758
^BVSP,own1d<=-4%,all,5,OOS (2008-),34,1.81424,0.558824,0.0534153,-0.0542961,0.00589557,0.0073229,0.00579239,0.0806692,0.0718043,0.418687,0.76497,7.20373,-0.190572,0.298141,5,0.468759,0.11719,0.11719,0.000537375,0.00148816,0.0341369,0.0435937
^BVSP,own1d<=-4%,all,20,IS (<2008),50,3.40591,0.58,0.156024,-0.0862454,0.054271,0.0192475,0.051155,0.178652,0.286339,2.02472,0.972783,4.4715,-0.308283,0.603746,20,0.914078,0.22852,0.22852,0.0171624,0.0509766,0.162108,0.31446
^BVSP,own1d<=-4%,all,20,OOS (2008-),23,1.22728,0.652174,0.0918594,-0.0873306,0.0295325,0.0410129,0.0290825,0.114736,0.253473,1.21561,-0.704124,3.5742,-0.246171,0.238625,20,1.04327,0.260817,0.260817,0.00411616,0.00617692,0.0675025,0.0915065
^BVSP,own1d<=-4%,all,60,IS (<2008),28,1.90731,0.607143,0.430338,-0.102963,0.220827,0.0501784,0.211283,0.577292,0.365989,1.93663,2.56202,9.15608,-0.283684,2.38145,60,0.586993,0.146748,0.146748,0.023677,0.188197,0.528134,0.356343
^BVSP,own1d<=-4%,all,60,OOS (2008-),16,0.853762,0.6875,0.132561,-0.140023,0.0473785,0.0726623,0.0459074,0.158916,0.288879,1.15552,-0.491971,2.73407,-0.292952,0.318744,60,0.895809,0.223952,0.223952,0.00386935,0.0181362,0.120137,0.150962
^BVSP,own1d<=-4%,above200,5,IS (<2008),36,2.45226,0.638889,0.0672104,-0.0551271,0.0230329,0.022787,0.0221826,0.0833985,0.265984,1.5959,-0.222915,4.06826,-0.222432,0.210206,5,1.53228,0.383071,0.383071,0.00918247,0.011934,0.0615923,0.193758
^BVSP,own1d<=-4%,above200,5,OOS (2008-),7,0.373521,0.714286,0.0338243,-0.0206249,0.0182674,0.0238117,0.0180974,0.0319845,0.56582,1.49702,-0.272088,2.09873,-0.0329652,0.0602889,5,9.57151,2.39288,1,0.00320284,0.00148816,0.0341369,0.0435937
^BVSP,own1d<=-4%,above200,20,IS (<2008),26,1.77107,0.5,0.132576,-0.0683401,0.0321182,0.00109695,0.0286865,0.162906,0.176092,0.897897,1.90332,7.38351,-0.184705,0.603746,20,0.665166,0.166291,0.166291,0.00361676,0.0509766,0.162108,0.31446
^BVSP,own1d<=-4%,above200,20,OOS (2008-),7,0.373521,0.571429,0.0724515,-0.0993921,-0.0011958,0.0317328,-0.00181082,0.120327,-0.0150491,-0.0398162,-1.25995,3.55767,-0.246171,0.107443,20,0,0,0,0,0.00617692,0.0675025,0.0915065
^BVSP,own1d<=-4%,above200,60,IS (<2008),17,1.15801,0.529412,0.243037,-0.0808721,0.0906094,0.00247803,0.0800449,0.312823,0.255879,1.05502,2.58848,9.35613,-0.15987,1.16077,60,0.641053,0.160263,0.160263,0.00615136,0.188197,0.528134,0.356343
^BVSP,own1d<=-4%,above200,60,OOS (2008-),7,0.373521,0.714286,0.0823234,-0.122605,0.0237724,0.0436977,0.0218633,0.113765,0.19218,0.508461,-0.558757,2.20952,-0.170904,0.158525,60,0.932693,0.233173,0.233173,0.000837711,0.0181362,0.120137,0.150962
^BVSP,own1d<=-4%,below200,5,IS (<2008),45,3.06532,0.555556,0.0806925,-0.0698027,0.0138058,0.0100686,0.0129833,0.100116,0.129683,0.869939,0.545364,3.5531,-0.183266,0.286114,5,0.683155,0.170789,0.170789,0.00296194,0.011934,0.0615923,0.193758
^BVSP,own1d<=-4%,below200,5,OOS (2008-),27,1.44072,0.518519,0.0604121,-0.0594763,0.00268806,0.00452681,0.00260219,0.0892868,0.0291442,0.151438,0.817693,6.24249,-0.190572,0.298141,5,0.17143,0.0428576,0.0428576,7.01991e-05,0.00148816,0.0341369,0.0435937
^BVSP,own1d<=-4%,below200,20,IS (<2008),28,1.90731,0.642857,0.167655,-0.0972317,0.0730523,0.063681,0.0700781,0.179279,0.390889,2.06839,0.487513,3.61736,-0.308283,0.538397,20,1.17549,0.293873,0.293873,0.0170686,0.0509766,0.162108,0.31446
^BVSP,own1d<=-4%,below200,20,OOS (2008-),17,0.907122,0.647059,0.0969292,-0.115264,0.0220375,0.0410129,0.0216763,0.135678,0.159763,0.658721,-0.750517,3.27667,-0.291116,0.238625,20,0.586775,0.146694,0.146694,0.00127078,0.00617692,0.0675025,0.0915065
^BVSP,own1d<=-4%,below200,60,IS (<2008),16,1.08989,0.625,0.570935,-0.0956185,0.320978,0.11402,0.311911,0.690555,0.451681,1.80672,2.15858,6.56491,-0.2599,2.38145,60,0.673677,0.168419,0.168419,0.0225247,0.188197,0.528134,0.356343
^BVSP,own1d<=-4%,below200,60,OOS (2008-),12,0.640321,0.583333,0.173066,-0.105994,0.056791,0.0852858,0.0555877,0.171531,0.324069,1.12261,-0.518644,2.64437,-0.292952,0.318744,60,0.939721,0.23493,0.23493,0.00368986,0.0181362,0.120137,0.150962
^BVSP,own1d<=-5%,all,5,IS (<2008),43,2.92908,0.488372,0.071007,-0.0633696,0.00225619,-0.00079188,0.00138873,0.0878792,0.0158027,0.103625,-0.158876,2.84582,-0.222432,0.173802,5,0.0919319,0.022983,0.022983,4.09071e-05,0.011934,0.0615923,0.193758
^BVSP,own1d<=-5%,all,5,OOS (2008-),19,1.01384,0.578947,0.0677581,-0.0718142,0.00899083,0.00888692,0.00889173,0.107231,0.0829216,0.361447,0.467875,4.69415,-0.191637,0.298141,5,0.414545,0.103636,0.103636,0.000407953,0.00148816,0.0341369,0.0435937
^BVSP,own1d<=-5%,all,20,IS (<2008),30,2.04355,0.6,0.192619,-0.113118,0.0703239,0.0413264,0.0670567,0.235529,0.284706,1.5594,1.57595,7.00203,-0.308283,0.923984,20,0.757255,0.189314,0.189314,0.0110683,0.0509766,0.162108,0.31446
^BVSP,own1d<=-5%,all,20,OOS (2008-),12,0.640321,0.583333,0.0987517,-0.0889851,0.020528,0.0538073,0.0200889,0.119244,0.168469,0.583595,-1.09541,3.22255,-0.246171,0.150586,20,0.703035,0.175759,0.175759,0.000999008,0.00617692,0.0675025,0.0915065
^BVSP,own1d<=-5%,all,60,IS (<2008),19,1.29425,0.684211,0.418913,-0.152967,0.238319,0.111585,0.229143,0.608256,0.376722,1.64209,2.58972,9.4658,-0.283684,2.38145,60,0.590311,0.147578,0.147578,0.0174972,0.188197,0.528134,0.356343
^BVSP,own1d<=-5%,all,60,OOS (2008-),7,0.373521,0.714286,0.109945,-0.1897,0.0243325,0.0815257,0.0231247,0.150642,0.153508,0.406143,-0.777925,1.89284,-0.208495,0.164904,60,0.561076,0.140269,0.140269,0.000533308,0.0181362,0.120137,0.150962
^BVSP,own1d<=-5%,above200,5,IS (<2008),17,1.15801,0.588235,0.0880419,-0.0514151,0.0306184,0.021877,0.0297194,0.0952335,0.312069,1.28669,-0.819906,3.96699,-0.222432,0.154745,5,1.4943,0.373575,0.373575,0.00571394,0.011934,0.0615923,0.193758
^BVSP,own1d<=-5%,above200,5,OOS (2008-),3,0.16008,0.333333,0.0238117,-0.0206249,-0.00581273,-0.00828461,-0.00596034,0.0283495,-0.210245,-0.364156,0.161177,,-0.0329652,0.0238117,5,4.0347e-05,1.00867e-05,1.00867e-05,-4.36323e-15,0.00148816,0.0341369,0.0435937
^BVSP,own1d<=-5%,above200,20,IS (<2008),15,1.02177,0.6,0.20527,-0.0817405,0.0904659,0.0260203,0.086838,0.267082,0.325136,1.25925,2.15692,7.51998,-0.184705,0.923984,20,0.963151,0.240788,0.240788,0.00884241,0.0509766,0.162108,0.31446
^BVSP,own1d<=-5%,above200,20,OOS (2008-),3,0.16008,0.333333,0.0995323,-0.132103,-0.0548915,-0.0180358,-0.0553347,0.175484,-0.315327,-0.546162,-0.37259,,-0.246171,0.0995323,20,0,0,0,0,0.00617692,0.0675025,0.0915065
^BVSP,own1d<=-5%,above200,60,IS (<2008),11,0.749301,0.636364,0.312828,-0.144661,0.146468,0.0604964,0.135369,0.38971,0.347359,1.15206,1.69917,5.33433,-0.255554,1.16077,60,0.683377,0.170844,0.170844,0.00723051,0.188197,0.528134,0.356343
^BVSP,own1d<=-5%,above200,60,OOS (2008-),3,0.16008,0.666667,0.100016,-0.170904,0.00970897,0.0637989,0.00827484,0.159353,0.0519278,0.0899416,-0.561965,,-0.170904,0.136232,60,0.240313,0.0600783,0.0600783,3.48833e-05,0.0181362,0.120137,0.150962
^BVSP,own1d<=-5%,below200,5,IS (<2008),28,1.90731,0.428571,0.0747368,-0.0658551,-0.00560139,-0.00512992,-0.00646335,0.0952168,-0.0678804,-0.359189,0.977772,4.51741,-0.144425,0.286114,5,0,0,0,0,0.011934,0.0615923,0.193758
^BVSP,own1d<=-5%,below200,5,OOS (2008-),16,0.853762,0.625,0.0721527,-0.0888773,0.0117665,0.0118092,0.0116765,0.116784,0.0999836,0.399934,0.366272,4.00505,-0.191637,0.298141,5,0.463097,0.115774,0.115774,0.000504026,0.00148816,0.0341369,0.0435937
^BVSP,own1d<=-5%,below200,20,IS (<2008),16,1.08989,0.5,0.15145,-0.101467,0.0249911,0.0190109,0.02201,0.174595,0.126064,0.504255,0.423537,3.49499,-0.308283,0.420763,20,0.393679,0.0984198,0.0984198,0.00102994,0.0509766,0.162108,0.31446
^BVSP,own1d<=-5%,below200,20,OOS (2008-),10,0.533601,0.6,0.0949776,-0.0883736,0.0216371,0.0538073,0.0212356,0.111249,0.190882,0.603623,-0.770756,2.30482,-0.172775,0.150586,20,0.887484,0.221871,0.221871,0.00110812,0.00617692,0.0675025,0.0915065
^BVSP,own1d<=-5%,below200,60,IS (<2008),11,0.749301,0.636364,0.479402,-0.0882615,0.272979,0.0997498,0.264829,0.716253,0.369742,1.2263,2.61276,8.30863,-0.15863,2.38145,60,0.577632,0.144408,0.144408,0.0111652,0.188197,0.528134,0.356343
^BVSP,own1d<=-5%,below200,60,OOS (2008-),6,0.320161,0.833333,0.102236,-0.208495,0.0504472,0.0852858,0.0490784,0.136111,0.360578,0.883231,-1.28555,3.31274,-0.208495,0.164904,60,1.28708,0.321769,0.321769,0.00225691,0.0181362,0.120137,0.150962
^BVSP,ownDD<=-10%|first,all,5,IS (<2008),16,1.08989,0.75,0.0655883,-0.0198408,0.044231,0.0308464,0.0434373,0.0646361,0.672028,2.68811,0.835722,2.53525,-0.0253189,0.179791,5,7.88145,1.97036,1,0.0214337,0.011934,0.0615923,0.193758
^BVSP,ownDD<=-10%|first,all,5,OOS (2008-),10,0.533601,0.5,0.0200427,-0.0116242,0.00420925,0.00221694,0.00376195,0.0220662,0.170485,0.539121,0.465755,2.7348,-0.0300006,0.0459114,5,4.45772,1.11443,1,0.000886955,0.00148816,0.0341369,0.0435937
^BVSP,ownDD<=-10%|first,all,20,IS (<2008),15,1.02177,0.6,0.251868,-0.0537093,0.129637,0.0339864,0.126401,0.287457,0.43972,1.70303,1.86476,5.35013,-0.0904158,0.923984,20,1.40305,0.350762,0.350762,0.0182195,0.0509766,0.162108,0.31446
^BVSP,ownDD<=-10%|first,all,20,OOS (2008-),10,0.533601,0.4,0.0601956,-0.0844457,-0.0265892,-0.0298872,-0.0283016,0.0969129,-0.292031,-0.923485,-0.981784,3.60529,-0.246171,0.0911292,20,0,0,0,0,0.00617692,0.0675025,0.0915065
^BVSP,ownDD<=-10%|first,all,60,IS (<2008),12,0.817419,0.75,0.560892,-0.0742893,0.402097,0.0749716,0.392404,0.94382,0.415762,1.44024,2.61848,8.48839,-0.100959,3.26719,60,0.550455,0.137614,0.137614,0.0167657,0.188197,0.528134,0.356343
^BVSP,ownDD<=-10%|first,all,60,OOS (2008-),10,0.533601,0.5,0.101549,-0.114571,-0.00651117,0.0274089,-0.0114535,0.130215,-0.0879585,-0.278149,-0.57763,1.94476,-0.239174,0.123619,60,4.84668e-05,1.21167e-05,1.21167e-05,-5.97752e-13,0.0181362,0.120137,0.150962
^BVSP,ownDD<=-10%|first,above200,5,IS (<2008),15,1.02177,0.733333,0.0552062,-0.0198408,0.0351937,0.0175831,0.0343875,0.055428,0.620399,2.4028,0.848855,2.69394,-0.0253189,0.153538,5,8.17718,2.04429,1,0.0160402,0.011934,0.0615923,0.193758
^BVSP,ownDD<=-10%|first,above200,5,OOS (2008-),6,0.320161,0.666667,0.0219801,-0.00664716,0.0124377,0.00565215,0.0120706,0.0214844,0.561829,1.37619,0.657708,1.9173,-0.00828461,0.0459114,5,20,4.99999,1,0.00186611,0.00148816,0.0341369,0.0435937
^BVSP,ownDD<=-10%|first,above200,20,IS (<2008),14,0.953655,0.571429,0.202802,-0.0537093,0.0928686,0.0265267,0.0895757,0.259002,0.345849,1.29405,2.56878,8.87166,-0.0904158,0.923984,20,1.26555,0.316387,0.316387,0.0108489,0.0509766,0.162108,0.31446
^BVSP,ownDD<=-10%|first,above200,20,OOS (2008-),6,0.320161,0.5,0.0646333,-0.121949,-0.0286578,0.00028935,-0.0300033,0.123973,-0.242015,-0.592814,-0.861153,2.53357,-0.246171,0.0911292,20,0,0,0,0,0.00617692,0.0675025,0.0915065
^BVSP,ownDD<=-10%|first,above200,60,IS (<2008),11,0.749301,0.727273,0.222605,-0.0742893,0.141634,0.0214144,0.131723,0.287874,0.45757,1.51759,1.97941,6.22753,-0.100959,0.926231,60,1.5219,0.380474,0.380474,0.0150765,0.188197,0.528134,0.356343
^BVSP,ownDD<=-10%|first,above200,60,OOS (2008-),6,0.320161,0.5,0.109843,-0.147953,-0.0190549,0.0277649,-0.0227828,0.156299,-0.145764,-0.357047,-0.411354,1.5132,-0.239174,0.123619,60,0,0,0,0,0.0181362,0.120137,0.150962
^BVSP,ownDD<=-10%|first,below200,5,IS (<2008),1,0.0681182,1,0.179791,,0.179791,0.179791,0.179184,,,,,,0.179791,0.179791,5,0,0,0,0,0.011934,0.0615923,0.193758
^BVSP,ownDD<=-10%|first,below200,5,OOS (2008-),4,0.21344,0.25,0.0122932,-0.0149423,-0.00813341,-0.00741311,-0.00870096,0.0186087,-0.467576,-0.935151,-0.0852073,1.63155,-0.0300006,0.0122932,5,0,0,0,0,0.00148816,0.0341369,0.0435937
^BVSP,ownDD<=-10%|first,below200,20,IS (<2008),1,0.0681182,1,0.644396,,0.644396,0.644396,0.641948,,,,,,0.644396,0.644396,20,0,0,0,0,0.0509766,0.162108,0.31446
^BVSP,ownDD<=-10%|first,below200,20,OOS (2008-),4,0.21344,0.25,0.0468824,-0.0469424,-0.0234862,-0.0340429,-0.0257491,0.0504623,-0.510264,-1.02053,0.578149,1.90917,-0.0727413,0.0468824,20,0,0,0,0,0.00617692,0.0675025,0.0915065
^BVSP,ownDD<=-10%|first,below200,60,IS (<2008),1,0.0681182,1,3.26719,,3.26719,3.26719,3.2599,,,,,,3.26719,3.26719,60,0,0,0,0,0.188197,0.528134,0.356343
^BVSP,ownDD<=-10%|first,below200,60,OOS (2008-),4,0.21344,0.5,0.0891073,-0.0644985,0.0123044,0.0274089,0.00554041,0.0975209,0.0568125,0.113625,-0.429136,1.80635,-0.122245,0.116645,60,0.383149,0.0957871,0.0957871,4.96318e-05,0.0181362,0.120137,0.150962
^BVSP,ownDD<=-15%|first,all,5,IS (<2008),10,0.681182,0.7,0.0990765,-0.0220778,0.0627302,0.0638671,0.0619583,0.0752215,0.823678,2.6047,0.213731,1.97038,-0.0349449,0.191733,5,6.96704,1.74176,1,0.019159,0.011934,0.0615923,0.193758
^BVSP,ownDD<=-15%|first,all,5,OOS (2008-),6,0.320161,0.333333,0.0437007,-0.0522381,-0.0202585,-0.00205276,-0.0205852,0.0827823,-0.248666,-0.609105,-1.05653,3.23466,-0.173936,0.0736535,5,0,0,0,0,0.00148816,0.0341369,0.0435937
^BVSP,ownDD<=-15%|first,all,20,IS (<2008),9,0.613064,0.777778,0.154572,-0.00990514,0.118021,0.0177187,0.114863,0.194813,0.589606,1.76882,1.43762,3.60958,-0.0122229,0.546685,20,3.30258,0.825646,0.825646,0.0226734,0.0509766,0.162108,0.31446
^BVSP,ownDD<=-15%|first,all,20,OOS (2008-),6,0.320161,0.666667,0.0484392,-0.0844539,0.00414151,0.00792368,0.00287947,0.0932305,0.0308856,0.0756539,0.0408856,2.78301,-0.140217,0.150586,20,0.198859,0.0497146,0.0497146,2.00499e-05,0.00617692,0.0675025,0.0915065
^BVSP,ownDD<=-15%|first,all,60,IS (<2008),9,0.613064,0.888889,0.739739,-0.123963,0.643772,0.140818,0.634173,1.13742,0.557556,1.67267,1.50255,3.59426,-0.123963,3.12828,60,0.547733,0.136933,0.136933,0.0206678,0.188197,0.528134,0.356343
^BVSP,ownDD<=-15%|first,all,60,OOS (2008-),6,0.320161,0.666667,0.0887065,-0.0863595,0.0303512,0.050413,0.0267774,0.105827,0.25303,0.619795,-0.519465,2.44056,-0.144092,0.164904,60,1.33654,0.334134,0.334134,0.00126171,0.0181362,0.120137,0.150962
^BVSP,ownDD<=-15%|first,above200,5,IS (<2008),9,0.613064,0.666667,0.0982978,-0.0220778,0.0581726,0.0490067,0.0573823,0.0782942,0.732906,2.19872,0.381478,1.97301,-0.0349449,0.191733,5,6.39926,1.59982,1,0.0157847,0.011934,0.0615923,0.193758
^BVSP,ownDD<=-15%|first,above200,5,OOS (2008-),1,0.0533601,0,,-0.0019643,-0.0019643,-0.0019643,-0.00268573,,,,,,-0.0019643,-0.0019643,5,0,0,0,0,0.00148816,0.0341369,0.0435937
^BVSP,ownDD<=-15%|first,above200,20,IS (<2008),8,0.544946,0.75,0.0892196,-0.00990514,0.0644384,0.0139823,0.0611917,0.117238,0.521945,1.47628,1.68129,4.37494,-0.0122229,0.3296,20,4.97801,1.2445,1,0.013642,0.0509766,0.162108,0.31446
^BVSP,ownDD<=-15%|first,above200,20,OOS (2008-),1,0.0533601,1,0.01199,,0.01199,0.01199,0.00906623,,,,,,0.01199,0.01199,20,0,0,0,0,0.00617692,0.0675025,0.0915065
^BVSP,ownDD<=-15%|first,above200,60,IS (<2008),8,0.544946,0.875,0.398519,-0.123963,0.333208,0.106444,0.323319,0.69615,0.46444,1.31363,2.128,5.79504,-0.123963,2.029,60,0.849297,0.212324,0.212324,0.0142474,0.188197,0.528134,0.356343
^BVSP,ownDD<=-15%|first,above200,60,OOS (2008-),1,0.0533601,1,0.0573005,,0.0573005,0.0573005,0.0484552,,,,,,0.0573005,0.0573005,60,0,0,0,0,0.0181362,0.120137,0.150962
^BVSP,ownDD<=-15%|first,below200,5,IS (<2008),1,0.0681182,1,0.103749,,0.103749,0.103749,0.103142,,,,,,0.103749,0.103749,5,0,0,0,0,0.011934,0.0615923,0.193758
^BVSP,ownDD<=-15%|first,below200,5,OOS (2008-),5,0.266801,0.4,0.0437007,-0.0689961,-0.0239173,-0.00214122,-0.024165,0.0920327,-0.26257,-0.587124,-0.852448,2.59699,-0.173936,0.0736535,5,0,0,0,0,0.00148816,0.0341369,0.0435937
^BVSP,ownDD<=-15%|first,below200,20,IS (<2008),1,0.0681182,1,0.546685,,0.546685,0.546685,0.544234,,,,,,0.546685,0.546685,20,0,0,0,0,0.0509766,0.162108,0.31446
^BVSP,ownDD<=-15%|first,below200,20,OOS (2008-),5,0.266801,0.6,0.0605889,-0.0844539,0.00257181,0.00385732,0.00164212,0.10418,0.0157624,0.0352458,0.0771633,2.32712,-0.140217,0.150586,20,0.0946348,0.0236587,0.0236587,4.53438e-06,0.00617692,0.0675025,0.0915065
^BVSP,ownDD<=-15%|first,below200,60,IS (<2008),1,0.0681182,1,3.12828,,3.12828,3.12828,3.121,,,,,,3.12828,3.12828,60,0,0,0,0,0.188197,0.528134,0.356343
^BVSP,ownDD<=-15%|first,below200,60,OOS (2008-),5,0.266801,0.6,0.0991752,-0.0863595,0.0249613,0.0435256,0.0224418,0.117721,0.190636,0.426276,-0.359606,2.00562,-0.144092,0.164904,60,0.976482,0.244121,0.244121,0.000641582,0.0181362,0.120137,0.150962
^BVSP,ownDD<=-20%|first,all,5,IS (<2008),7,0.476828,0.857143,0.0724857,-0.00148237,0.0619189,0.0384454,0.0611111,0.070492,0.866923,2.29366,1.20736,3.23378,-0.00148237,0.201642,5,15.4087,3.85219,1,0.0134385,0.011934,0.0615923,0.193758
^BVSP,ownDD<=-20%|first,all,5,OOS (2008-),4,0.21344,0.25,0.00652807,-0.0645444,-0.0467763,-0.000998257,-0.0469698,0.0965455,-0.486505,-0.973009,-1.15016,2.32996,-0.191637,0.00652807,5,0,0,0,0,0.00148816,0.0341369,0.0435937
^BVSP,ownDD<=-20%|first,all,20,IS (<2008),7,0.476828,1,0.170848,,0.170848,0.0633293,0.167548,0.222239,0.753909,1.99466,0.947793,2.11673,0.00270899,0.546685,20,3.93365,0.983412,0.983412,0.030148,0.0509766,0.162108,0.31446
^BVSP,ownDD<=-20%|first,all,20,OOS (2008-),4,0.21344,0.25,0.0825234,-0.0811794,-0.0402537,-0.0353814,-0.041011,0.104126,-0.39386,-0.78772,-0.161292,1.98079,-0.172775,0.0825234,20,0,0,0,0,0.00617692,0.0675025,0.0915065
^BVSP,ownDD<=-20%|first,all,60,IS (<2008),7,0.476828,0.714286,1.05585,-0.185251,0.701246,0.116455,0.691178,1.25691,0.549904,1.45491,1.22169,2.92327,-0.219743,3.12828,60,0.42989,0.107473,0.107473,0.0142005,0.188197,0.528134,0.356343
^BVSP,ownDD<=-20%|first,all,60,OOS (2008-),4,0.21344,0.75,0.0418087,-0.364279,-0.0597132,0.0351644,-0.0617769,0.204025,-0.302791,-0.605582,-1.14228,2.32376,-0.364279,0.0550973,60,0,0,0,0,0.0181362,0.120137,0.150962
^BVSP,ownDD<=-20%|first,above200,5,IS (<2008),4,0.272473,1,0.0701234,,0.0701234,0.0360384,0.0691492,0.0889133,0.777715,1.55543,1.06785,2.276,0.00677448,0.201642,5,14.4789,3.61972,1,0.00854239,0.011934,0.0615923,0.193758
^BVSP,ownDD<=-20%|first,above200,5,OOS (2008-),0,0,,,,,,,,,,,,,,,,,,,0.00148816,0.0341369,0.0435937
^BVSP,ownDD<=-20%|first,above200,20,IS (<2008),4,0.272473,1,0.121016,,0.121016,0.0261568,0.11703,0.206855,0.565762,1.13152,1.12228,2.30619,0.00270899,0.429043,20,3.39626,0.849065,0.849065,0.0106028,0.0509766,0.162108,0.31446
^BVSP,ownDD<=-20%|first,above200,20,OOS (2008-),0,0,,,,,,,,,,,,,,,,,,,0.00617692,0.0675025,0.0915065
^BVSP,ownDD<=-20%|first,above200,60,IS (<2008),4,0.272473,0.5,0.917065,-0.185251,0.365907,-0.0209938,0.353775,0.918654,0.385102,0.770203,1.07649,2.26642,-0.219743,1.72536,60,0.388662,0.0971654,0.0971654,0.00389468,0.188197,0.528134,0.356343
^BVSP,ownDD<=-20%|first,above200,60,OOS (2008-),0,0,,,,,,,,,,,,,,,,,,,0.0181362,0.120137,0.150962
^BVSP,ownDD<=-20%|first,below200,5,IS (<2008),3,0.204355,0.666667,0.0772104,-0.00148237,0.0509795,0.0506719,0.0503936,0.0524163,0.961412,1.66521,0.0235119,,-0.00148237,0.103749,5,17.3412,4.3353,1,0.0049071,0.011934,0.0615923,0.193758
^BVSP,ownDD<=-20%|first,below200,5,OOS (2008-),4,0.21344,0.25,0.00652807,-0.0645444,-0.0467763,-0.000998257,-0.0469698,0.0965455,-0.486505,-0.973009,-1.15016,2.32996,-0.191637,0.00652807,5,0,0,0,0,0.00148816,0.0341369,0.0435937
^BVSP,ownDD<=-20%|first,below200,20,IS (<2008),3,0.204355,1,0.23729,,0.23729,0.101857,0.234905,0.268474,0.874966,1.51548,0.69322,,0.0633293,0.546685,20,6.75928,1.68982,1,0.0190212,0.0509766,0.162108,0.31446
^BVSP,ownDD<=-20%|first,below200,20,OOS (2008-),4,0.21344,0.25,0.0825234,-0.0811794,-0.0402537,-0.0353814,-0.041011,0.104126,-0.39386,-0.78772,-0.161292,1.98079,-0.172775,0.0825234,20,0,0,0,0,0.00617692,0.0675025,0.0915065
^BVSP,ownDD<=-20%|first,below200,60,IS (<2008),3,0.204355,1,1.14837,,1.14837,0.200357,1.14105,1.71531,0.665212,1.15218,0.704785,,0.116455,3.12828,60,0.530531,0.132633,0.132633,0.0120473,0.188197,0.528134,0.356343
^BVSP,ownDD<=-20%|first,below200,60,OOS (2008-),4,0.21344,0.75,0.0418087,-0.364279,-0.0597132,0.0351644,-0.0617769,0.204025,-0.302791,-0.605582,-1.14228,2.32376,-0.364279,0.0550973,60,0,0,0,0,0.0181362,0.120137,0.150962
^MXX,own1d<=-3%,all,5,IS (<2008),82,5.07808,0.512195,0.0483061,-0.038309,0.00605483,0.000907523,0.00517436,0.0579943,0.0892219,0.807939,0.919304,4.49895,-0.101607,0.196426,5,0.809472,0.202368,0.202368,0.00231526,0.00369802,0.0389826,0.0948633
^MXX,own1d<=-3%,all,5,OOS (2008-),38,2.02768,0.657895,0.0486295,-0.0568143,0.0125567,0.0241232,0.012385,0.0662848,0.186845,1.15179,-0.228719,4.45272,-0.16172,0.202961,5,1.39092,0.347731,0.347731,0.00383696,0.000916629,0.0253178,0.0362049
^MXX,own1d<=-3%,all,20,IS (<2008),50,3.09639,0.42,0.0931272,-0.0694848,-0.00118777,-0.0144491,-0.00466949,0.100241,-0.0465826,-0.329389,0.608384,2.87062,-0.18711,0.242139,20,0,0,0,0,0.0151076,0.0795133,0.190001
^MXX,own1d<=-3%,all,20,OOS (2008-),23,1.22728,0.565217,0.077389,-0.0581048,0.0184787,0.041023,0.0177136,0.0787974,0.224799,1.0781,-0.0188453,2.15735,-0.127187,0.172983,20,1.48554,0.371386,0.371386,0.00353027,0.00366188,0.0482341,0.075919
^MXX,own1d<=-3%,all,60,IS (<2008),31,1.91976,0.612903,0.140243,-0.107445,0.0443636,0.0235866,0.0341536,0.151324,0.225699,1.25664,0.0545013,2.29354,-0.236221,0.342101,60,0.772651,0.193163,0.193163,0.00553372,0.0458263,0.142343,0.321943
^MXX,own1d<=-3%,all,60,OOS (2008-),16,0.853762,0.625,0.0835884,-0.0376421,0.0381269,0.0254889,0.0353321,0.0799247,0.442067,1.76827,0.481254,2.61335,-0.0882424,0.212321,60,3.24885,0.812213,0.812213,0.0105489,0.010634,0.0807668,0.131663
^MXX,own1d<=-3%,above200,5,IS (<2008),31,1.91976,0.451613,0.0388707,-0.0294746,0.00139102,-0.00873428,0.000516567,0.0464081,0.011131,0.0619747,1.11744,4.8263,-0.0668945,0.15174,5,0.124691,0.0311727,0.0311727,1.35147e-05,0.00369802,0.0389826,0.0948633
^MXX,own1d<=-3%,above200,5,OOS (2008-),4,0.21344,0.5,0.0360823,-0.044896,-0.00440686,-0.00280485,-0.00460478,0.0470121,-0.0979488,-0.195898,-0.00743988,1.00991,-0.0481073,0.0360895,5,0,0,0,0,0.000916629,0.0253178,0.0362049
^MXX,own1d<=-3%,above200,20,IS (<2008),24,1.48627,0.416667,0.0670262,-0.0707883,-0.0133656,-0.0192148,-0.016848,0.0852433,-0.197646,-0.968262,-0.0614834,2.25389,-0.18711,0.140576,20,0,0,0,0,0.0151076,0.0795133,0.190001
^MXX,own1d<=-3%,above200,20,OOS (2008-),4,0.21344,0.5,0.0889743,-0.0248146,0.0320799,0.0254427,0.0312841,0.0678924,0.46079,0.921579,0.115304,1.15657,-0.0281839,0.105618,20,4.98839,1.2471,1,0.00295605,0.00366188,0.0482341,0.075919
^MXX,own1d<=-3%,above200,60,IS (<2008),19,1.17663,0.473684,0.132193,-0.0835602,0.0186386,-0.00031682,0.0083862,0.125289,0.0669349,0.291763,0.221209,1.71365,-0.15964,0.242585,60,0.284236,0.071059,0.071059,0.000306436,0.0458263,0.142343,0.321943
^MXX,own1d<=-3%,above200,60,OOS (2008-),4,0.21344,0.5,0.163793,-0.0154236,0.0741849,0.0299891,0.0718151,0.13191,0.544424,1.08885,0.831801,2.0358,-0.0228114,0.259573,60,4.01332,1.00333,1,0.00629684,0.010634,0.0807668,0.131663
^MXX,own1d<=-3%,below200,5,IS (<2008),53,3.28217,0.566038,0.0506746,-0.0448388,0.00922537,0.00726484,0.0083368,0.063076,0.132171,0.962217,0.780151,4.12975,-0.101607,0.196426,5,1.11874,0.279685,0.279685,0.00332855,0.00369802,0.0389826,0.0948633
^MXX,own1d<=-3%,below200,5,OOS (2008-),34,1.81424,0.676471,0.0497206,-0.0589812,0.0145524,0.0241232,0.0143838,0.068456,0.210118,1.22519,-0.287642,4.39864,-0.16172,0.202961,5,1.50109,0.375272,0.375272,0.00430836,0.000916629,0.0253178,0.0362049
^MXX,own1d<=-3%,below200,20,IS (<2008),34,2.10554,0.470588,0.0970665,-0.0622903,0.0127011,-0.0066015,0.00921251,0.103485,0.089023,0.519089,0.761706,2.75794,-0.140261,0.242139,20,0.458747,0.114687,0.114687,0.000969065,0.0151076,0.0795133,0.190001
^MXX,own1d<=-3%,below200,20,OOS (2008-),19,1.01384,0.578947,0.0752826,-0.0664273,0.0156153,0.041023,0.0148566,0.0822863,0.180548,0.78699,0.0184352,2.13668,-0.127187,0.172983,20,1.15898,0.289744,0.289744,0.00190786,0.00366188,0.0482341,0.075919
^MXX,own1d<=-3%,below200,60,IS (<2008),20,1.23856,0.7,0.190274,-0.145377,0.0895786,0.100573,0.0792085,0.201355,0.393376,1.75923,-0.051016,2.09664,-0.236221,0.460412,60,1.01635,0.254088,0.254088,0.0108854,0.0458263,0.142343,0.321943
^MXX,own1d<=-3%,below200,60,OOS (2008-),14,0.747042,0.714286,0.0799989,-0.0487513,0.0432132,0.0546312,0.0406566,0.0807575,0.503441,1.8837,0.333148,2.69071,-0.0882424,0.212321,60,3.55603,0.889008,0.889008,0.0116709,0.010634,0.0807668,0.131663
^MXX,own1d<=-4%,all,5,IS (<2008),36,2.2294,0.611111,0.0560484,-0.0374834,0.0196749,0.0117167,0.0187494,0.0619226,0.302787,1.81672,0.620198,3.42724,-0.0988467,0.196426,5,2.70855,0.677138,0.677138,0.0122528,0.00369802,0.0389826,0.0948633
^MXX,own1d<=-4%,all,5,OOS (2008-),21,1.12056,0.666667,0.0519894,-0.0725875,0.0104638,0.0270453,0.0102086,0.0790077,0.12921,0.592115,-0.169655,3.89448,-0.16172,0.202961,5,0.842879,0.21072,0.21072,0.00105667,0.000916629,0.0253178,0.0362049
^MXX,own1d<=-4%,all,20,IS (<2008),27,1.67205,0.666667,0.0840945,-0.0501268,0.039354,0.0134464,0.0358086,0.0923649,0.387686,2.01448,0.536557,2.54391,-0.117088,0.242139,20,2.40094,0.600234,0.600234,0.0154892,0.0151076,0.0795133,0.190001
^MXX,own1d<=-4%,all,20,OOS (2008-),14,0.747042,0.642857,0.0911127,-0.0812774,0.0295448,0.0517541,0.0285574,0.10102,0.28269,1.05773,-0.452576,2.40332,-0.168461,0.172983,20,1.40881,0.352202,0.352202,0.00330766,0.00366188,0.0482341,0.075919
^MXX,own1d<=-4%,all,60,IS (<2008),18,1.1147,0.722222,0.170505,-0.162203,0.078086,0.114848,0.06746,0.181945,0.370772,1.57305,-0.071483,2.65696,-0.236221,0.460412,60,1.04878,0.262195,0.262195,0.00863201,0.0458263,0.142343,0.321943
^MXX,own1d<=-4%,all,60,OOS (2008-),9,0.480241,0.777778,0.0868179,-0.082131,0.0492737,0.0421662,0.0453744,0.102084,0.444481,1.33344,-0.407049,2.46471,-0.144373,0.192253,60,2.2057,0.551426,0.551426,0.00529923,0.010634,0.0807668,0.131663
^MXX,own1d<=-4%,above200,5,IS (<2008),10,0.619278,0.3,0.0514625,-0.0267775,-0.00330551,-0.0108873,-0.00426488,0.0443039,-0.0962642,-0.304414,0.307669,2.17969,-0.0668945,0.0691256,5,5.49319e-05,1.3733e-05,1.3733e-05,-1.0316e-13,0.00369802,0.0389826,0.0948633
^MXX,own1d<=-4%,above200,5,OOS (2008-),0,0,,,,,,,,,,,,,,,,,,,0.000916629,0.0253178,0.0362049
^MXX,own1d<=-4%,above200,20,IS (<2008),10,0.619278,0.4,0.0566416,-0.036587,0.000704443,-0.00135459,-0.00318028,0.0628861,-0.0505721,-0.159923,0.787897,2.81307,-0.0714048,0.126994,20,0,0,0,0,0.0151076,0.0795133,0.190001
^MXX,own1d<=-4%,above200,20,OOS (2008-),0,0,,,,,,,,,,,,,,,,,,,0.00366188,0.0482341,0.075919
^MXX,own1d<=-4%,above200,60,IS (<2008),8,0.495422,0.625,0.16246,-0.121962,0.0558019,0.0992442,0.0436842,0.159677,0.273579,0.773797,-0.122269,1.66561,-0.150676,0.286248,60,0.970255,0.242564,0.242564,0.00229484,0.0458263,0.142343,0.321943
^MXX,own1d<=-4%,above200,60,OOS (2008-),0,0,,,,,,,,,,,,,,,,,,,0.010634,0.0807668,0.131663
^MXX,own1d<=-4%,below200,5,IS (<2008),27,1.67205,0.740741,0.0548404,-0.0481892,0.028129,0.0181318,0.027213,0.0648403,0.419693,2.18079,0.489298,3.26828,-0.0988467,0.196426,5,3.56555,0.891387,0.891387,0.0175675,0.00369802,0.0389826,0.0948633
^MXX,own1d<=-4%,below200,5,OOS (2008-),21,1.12056,0.666667,0.0519894,-0.0725875,0.0104638,0.0270453,0.0102086,0.0790077,0.12921,0.592115,-0.169655,3.89448,-0.16172,0.202961,5,0.842879,0.21072,0.21072,0.00105667,0.000916629,0.0253178,0.0362049
^MXX,own1d<=-4%,below200,20,IS (<2008),20,1.23856,0.85,0.0976245,-0.0772065,0.0713999,0.0443872,0.0679987,0.0989363,0.687298,3.07369,-0.00134864,2.10997,-0.117088,0.242139,20,3.54598,0.886494,0.886494,0.0324821,0.0151076,0.0795133,0.190001
^MXX,own1d<=-4%,below200,20,OOS (2008-),14,0.747042,0.642857,0.0911127,-0.0812774,0.0295448,0.0517541,0.0285574,0.10102,0.28269,1.05773,-0.452576,2.40332,-0.168461,0.172983,20,1.40881,0.352202,0.352202,0.00330766,0.00366188,0.0482341,0.075919
^MXX,own1d<=-4%,below200,60,IS (<2008),14,0.866989,0.785714,0.177415,-0.16519,0.104,0.122248,0.0936216,0.18227,0.513643,1.92187,-0.256454,3.0952,-0.236221,0.460412,60,1.36317,0.340793,0.340793,0.0121936,0.0458263,0.142343,0.321943
^MXX,own1d<=-4%,below200,60,OOS (2008-),9,0.480241,0.777778,0.0868179,-0.082131,0.0492737,0.0421662,0.0453744,0.102084,0.444481,1.33344,-0.407049,2.46471,-0.144373,0.192253,60,2.2057,0.551426,0.551426,0.00529923,0.010634,0.0807668,0.131663
^MXX,own1d<=-5%,all,5,IS (<2008),18,1.1147,0.611111,0.0573362,-0.0336815,0.0219404,0.00408198,0.0210713,0.0706278,0.298343,1.26576,0.869678,3.55275,-0.0988467,0.196426,5,2.51101,0.627752,0.627752,0.00634909,0.00369802,0.0389826,0.0948633
^MXX,own1d<=-5%,all,5,OOS (2008-),10,0.533601,0.6,0.0449935,-0.0792483,-0.00470323,0.00315848,-0.00494025,0.0832489,-0.0593432,-0.18766,-0.371279,2.80649,-0.16172,0.134155,5,4.18505e-05,1.04626e-05,1.04626e-05,-1.82166e-13,0.000916629,0.0253178,0.0362049
^MXX,own1d<=-5%,all,20,IS (<2008),15,0.928917,0.733333,0.0640843,-0.0478006,0.0342483,0.0272569,0.0308301,0.0763183,0.403968,1.56456,-0.00600302,2.83309,-0.117088,0.165526,20,2.72655,0.681637,0.681637,0.00855646,0.0151076,0.0795133,0.190001
^MXX,own1d<=-5%,all,20,OOS (2008-),8,0.426881,0.375,0.0563376,-0.103678,-0.0436725,-0.0362305,-0.0447584,0.108934,-0.410876,-1.16213,-0.698959,2.71253,-0.25212,0.0856175,20,0,0,0,0,0.00366188,0.0482341,0.075919
^MXX,own1d<=-5%,all,60,IS (<2008),12,0.743133,0.666667,0.148526,-0.107171,0.0632937,0.115105,0.0534239,0.141353,0.377947,1.30925,-0.579643,2.36407,-0.208906,0.275034,60,1.31266,0.328165,0.328165,0.00575168,0.0458263,0.142343,0.321943
^MXX,own1d<=-5%,all,60,OOS (2008-),7,0.373521,0.571429,0.104171,-0.0472026,0.0392968,0.00881164,0.0359313,0.101568,0.353768,0.935981,0.252383,1.77826,-0.0962704,0.192253,60,2.1548,0.538701,0.538701,0.00313044,0.010634,0.0807668,0.131663
^MXX,own1d<=-5%,above200,5,IS (<2008),5,0.309639,0.4,0.0643234,-0.00873825,0.0204864,-0.000139189,0.0195983,0.0405084,0.483809,1.08183,0.350822,1.25579,-0.0180461,0.0691256,5,8.83957,2.20989,1,0.00282163,0.00369802,0.0389826,0.0948633
^MXX,own1d<=-5%,above200,5,OOS (2008-),0,0,,,,,,,,,,,,,,,,,,,0.000916629,0.0253178,0.0362049
^MXX,own1d<=-5%,above200,20,IS (<2008),5,0.309639,0.4,0.101723,-0.0247047,0.0258664,-0.000187222,0.0222485,0.0776799,0.286413,0.640438,0.125868,1.8058,-0.0714048,0.126994,20,2.36261,0.590652,0.590652,0.001771,0.0151076,0.0795133,0.190001
^MXX,own1d<=-5%,above200,20,OOS (2008-),0,0,,,,,,,,,,,,,,,,,,,0.00366188,0.0482341,0.075919
^MXX,own1d<=-5%,above200,60,IS (<2008),4,0.247711,0.75,0.150217,-0.139043,0.0779016,0.136529,0.0663363,0.143859,0.46112,0.92224,-1.0743,2.2713,-0.139043,0.177592,60,1.7502,0.437549,0.437549,0.00319651,0.0458263,0.142343,0.321943
^MXX,own1d<=-5%,above200,60,OOS (2008-),0,0,,,,,,,,,,,,,,,,,,,0.010634,0.0807668,0.131663
^MXX,own1d<=-5%,below200,5,IS (<2008),13,0.805061,0.692308,0.0557835,-0.0523889,0.0224997,0.00703383,0.0216378,0.0807373,0.268003,0.966298,0.803379,2.9697,-0.0988467,0.196426,5,2.00303,0.500758,0.500758,0.0037601,0.00369802,0.0389826,0.0948633
^MXX,own1d<=-5%,below200,5,OOS (2008-),10,0.533601,0.6,0.0449935,-0.0792483,-0.00470323,0.00315848,-0.00494025,0.0832489,-0.0593432,-0.18766,-0.371279,2.80649,-0.16172,0.134155,5,4.18505e-05,1.04626e-05,1.04626e-05,-1.82166e-13,0.000916629,0.0253178,0.0362049
^MXX,own1d<=-5%,below200,20,IS (<2008),11,0.681205,0.909091,0.0672716,-0.117088,0.0505116,0.0308286,0.0472028,0.0853877,0.552806,1.83345,-0.112866,2.73568,-0.117088,0.171235,20,3.22716,0.80679,0.80679,0.0114188,0.0151076,0.0795133,0.190001
^MXX,own1d<=-5%,below200,20,OOS (2008-),8,0.426881,0.375,0.0563376,-0.103678,-0.0436725,-0.0362305,-0.0447584,0.108934,-0.410876,-1.16213,-0.698959,2.71253,-0.25212,0.0856175,20,0,0,0,0,0.00366188,0.0482341,0.075919
^MXX,own1d<=-5%,below200,60,IS (<2008),8,0.495422,0.625,0.147512,-0.0965473,0.0559898,0.0858252,0.0469677,0.149619,0.313916,0.887889,-0.378827,2.42428,-0.208906,0.275034,60,1.12132,0.28033,0.28033,0.00287005,0.0458263,0.142343,0.321943
^MXX,own1d<=-5%,below200,60,OOS (2008-),7,0.373521,0.571429,0.104171,-0.0472026,0.0392968,0.00881164,0.0359313,0.101568,0.353768,0.935981,0.252383,1.77826,-0.0962704,0.192253,60,2.1548,0.538701,0.538701,0.00313044,0.010634,0.0807668,0.131663
^MXX,ownDD<=-10%|first,all,5,IS (<2008),16,0.990844,0.75,0.0338796,-0.0165703,0.0212671,0.0166638,0.0204322,0.0412691,0.495098,1.98039,1.86555,7.47932,-0.0397888,0.15174,5,9.06369,2.26592,1,0.00933008,0.00369802,0.0389826,0.0948633
^MXX,ownDD<=-10%|first,all,5,OOS (2008-),8,0.426881,0.75,0.0179191,-0.00389869,0.0124647,0.00804156,0.0121712,0.0163054,0.746452,2.11129,0.53791,2.17656,-0.00756596,0.041162,5,20,4.99999,1,0.00254116,0.000916629,0.0253178,0.0362049
^MXX,ownDD<=-10%|first,all,20,IS (<2008),16,0.990844,0.8125,0.0842541,-0.0815239,0.0531707,0.0634222,0.0498352,0.0863477,0.577145,2.30858,-0.141895,3.17808,-0.119382,0.236667,20,3.21699,0.804248,0.804248,0.0174789,0.0151076,0.0795133,0.190001
^MXX,ownDD<=-10%|first,all,20,OOS (2008-),8,0.426881,0.5,0.0463262,-0.0195812,0.0133725,0.00991861,0.0121917,0.0401469,0.303678,0.858931,0.363494,1.72068,-0.0297211,0.0702818,20,4.64386,1.16097,1,0.00229927,0.00366188,0.0482341,0.075919
^MXX,ownDD<=-10%|first,all,60,IS (<2008),14,0.866989,0.714286,0.127928,-0.0861435,0.0667644,0.0482585,0.0571267,0.140456,0.406723,1.52182,0.430018,3.50083,-0.193802,0.387161,60,1.61189,0.402973,0.402973,0.00867521,0.0458263,0.142343,0.321943
^MXX,ownDD<=-10%|first,all,60,OOS (2008-),8,0.426881,0.5,0.051316,-0.0371176,0.00709918,0.0171154,0.00338504,0.0534645,0.0633138,0.179079,-0.520149,1.95016,-0.089842,0.0594356,60,0.665225,0.166306,0.166306,0.00010534,0.010634,0.0807668,0.131663
^MXX,ownDD<=-10%|first,above200,5,IS (<2008),12,0.743133,0.666667,0.0405307,-0.0165703,0.021497,0.0138308,0.0206502,0.0472627,0.436924,1.51355,1.69043,6.02169,-0.0397888,0.15174,5,7.11024,1.77756,1,0.00692174,0.00369802,0.0389826,0.0948633
^MXX,ownDD<=-10%|first,above200,5,OOS (2008-),1,0.0533601,1,0.041162,,0.041162,0.041162,0.0404426,,,,,,0.041162,0.041162,5,0,0,0,0,0.000916629,0.0253178,0.0362049
^MXX,ownDD<=-10%|first,above200,20,IS (<2008),12,0.743133,0.75,0.0814683,-0.0815239,0.0407203,0.0689777,0.0372972,0.0827138,0.450919,1.56203,-0.781236,2.20142,-0.119382,0.119001,20,2.56297,0.640744,0.640744,0.00786566,0.0151076,0.0795133,0.190001
^MXX,ownDD<=-10%|first,above200,20,OOS (2008-),1,0.0533601,1,0.0683099,,0.0683099,0.0683099,0.0654396,,,,,,0.0683099,0.0683099,20,0,0,0,0,0.00366188,0.0482341,0.075919
^MXX,ownDD<=-10%|first,above200,60,IS (<2008),11,0.681205,0.818182,0.099124,-0.0685598,0.068636,0.0567273,0.0585232,0.0898161,0.651589,2.16108,-0.0964144,2.29204,-0.0811261,0.216595,60,3.78994,0.947485,0.947485,0.01648,0.0458263,0.142343,0.321943
^MXX,ownDD<=-10%|first,above200,60,OOS (2008-),1,0.0533601,1,0.0594356,,0.0594356,0.0594356,0.0508293,,,,,,0.0594356,0.0594356,60,0,0,0,0,0.010634,0.0807668,0.131663
^MXX,ownDD<=-10%|first,below200,5,IS (<2008),4,0.247711,1,0.0205774,,0.0205774,0.0166638,0.0197782,0.0180126,1.09802,2.19605,0.704896,2.10283,0.00313869,0.0458434,5,20,4.99999,1,0.00240827,0.00369802,0.0389826,0.0948633
^MXX,ownDD<=-10%|first,below200,5,OOS (2008-),7,0.373521,0.714286,0.0132706,-0.00389869,0.00836507,0.00431222,0.00813247,0.0125673,0.647114,1.7121,0.418603,2.20966,-0.00756596,0.0289551,5,20,4.99999,1,0.00149074,0.000916629,0.0253178,0.0362049
^MXX,ownDD<=-10%|first,below200,20,IS (<2008),4,0.247711,1,0.090522,,0.090522,0.0490819,0.087449,0.0983803,0.888887,1.77777,1.08909,2.28113,0.0272569,0.236667,20,20,4.99999,1,0.00981884,0.0151076,0.0795133,0.190001
^MXX,ownDD<=-10%|first,below200,20,OOS (2008-),7,0.373521,0.428571,0.0389983,-0.0195812,0.0055243,-0.00229718,0.0045849,0.0366107,0.125234,0.331338,0.695717,2.41303,-0.0297211,0.0702818,20,2.09455,0.523636,0.523636,0.000389879,0.00366188,0.0482341,0.075919
^MXX,ownDD<=-10%|first,below200,60,IS (<2008),4,0.247711,0.25,0.387161,-0.0859658,0.0323158,-0.0320476,0.0233495,0.248696,0.0938878,0.187776,0.813096,2.13947,-0.193802,0.387161,60,0.263676,0.065919,0.065919,0.000165822,0.0458263,0.142343,0.321943
^MXX,ownDD<=-10%|first,below200,60,OOS (2008-),7,0.373521,0.428571,0.0486094,-0.0371176,-0.000377458,-0.00956038,-0.00339271,0.0539084,-0.0629347,-0.16651,-0.310919,1.85049,-0.089842,0.0550716,60,0,0,0,0,0.010634,0.0807668,0.131663
^MXX,ownDD<=-15%|first,all,5,IS (<2008),8,0.495422,0.625,0.058732,-0.0338971,0.0239961,0.0321112,0.0231776,0.0539068,0.429957,1.2161,-0.31026,1.72914,-0.0615969,0.0882708,5,4.32895,1.08224,1,0.00508512,0.00369802,0.0389826,0.0948633
^MXX,ownDD<=-15%|first,all,5,OOS (2008-),5,0.266801,0.8,0.0547896,-0.0067154,0.0424886,0.0473417,0.0421565,0.0332686,1.26716,2.83345,-0.514748,1.93987,-0.0067154,0.0765394,5,20,4.99999,1,0.00545072,0.000916629,0.0253178,0.0362049
^MXX,ownDD<=-15%|first,all,20,IS (<2008),8,0.495422,0.75,0.0561354,-0.0974705,0.0177339,0.0309242,0.0144546,0.0771414,0.187378,0.529985,-0.655671,2.06111,-0.0987362,0.101667,20,1.30776,0.326941,0.326941,0.00103054,0.0151076,0.0795133,0.190001
^MXX,ownDD<=-15%|first,all,20,OOS (2008-),5,0.266801,0.4,0.0551057,-0.023273,0.00807846,-0.0109767,0.00672481,0.0454241,0.148045,0.331039,0.31605,1.33404,-0.0382783,0.0624852,20,2.10281,0.525703,0.525703,0.000410801,0.00366188,0.0482341,0.075919
^MXX,ownDD<=-15%|first,all,60,IS (<2008),8,0.495422,0.5,0.114513,-0.0936332,0.01044,0.0170562,0.000584361,0.127045,0.00459963,0.0130097,-0.341141,2.07076,-0.208906,0.162026,60,0.0206716,0.00516789,0.00516789,6.5462e-07,0.0458263,0.142343,0.321943
^MXX,ownDD<=-15%|first,all,60,OOS (2008-),5,0.266801,0.8,0.0689326,-0.0212492,0.0508963,0.0644632,0.0466016,0.0626995,0.743253,1.66196,0.0769743,1.64428,-0.0212492,0.128498,60,8.29142,2.07286,1,0.00574484,0.010634,0.0807668,0.131663
^MXX,ownDD<=-15%|first,above200,5,IS (<2008),4,0.247711,0.5,0.0819335,-0.0401982,0.0208677,0.0283984,0.0199524,0.0729711,0.273428,0.546857,-0.15375,1.23774,-0.0615969,0.0882708,5,2.48532,0.621331,0.621331,0.00134116,0.00369802,0.0389826,0.0948633
^MXX,ownDD<=-15%|first,above200,5,OOS (2008-),0,0,,,,,,,,,,,,,,,,,,,0.000916629,0.0253178,0.0362049
^MXX,ownDD<=-15%|first,above200,20,IS (<2008),4,0.247711,0.5,0.0993048,-0.0974705,0.000917113,0.000368798,-0.00280094,0.113617,-0.0246525,-0.0493049,0.000224921,1.00221,-0.0987362,0.101667,20,0,0,0,0,0.0151076,0.0795133,0.190001
^MXX,ownDD<=-15%|first,above200,20,OOS (2008-),0,0,,,,,,,,,,,,,,,,,,,0.00366188,0.0482341,0.075919
^MXX,ownDD<=-15%|first,above200,60,IS (<2008),4,0.247711,0.5,0.115866,-0.0575922,0.0291368,0.0248974,0.0177157,0.105731,0.167554,0.335108,0.0932159,1.44993,-0.0850015,0.151754,60,1.07174,0.267935,0.267935,0.000513087,0.0458263,0.142343,0.321943
^MXX,ownDD<=-15%|first,above200,60,OOS (2008-),0,0,,,,,,,,,,,,,,,,,,,0.010634,0.0807668,0.131663
^MXX,ownDD<=-15%|first,below200,5,IS (<2008),4,0.247711,0.75,0.0432644,-0.0212949,0.0271246,0.0321112,0.0264028,0.0377892,0.698687,1.39737,-0.356071,1.71113,-0.0212949,0.0655708,5,11.6132,2.90331,1,0.00311841,0.00369802,0.0389826,0.0948633
^MXX,ownDD<=-15%|first,below200,5,OOS (2008-),5,0.266801,0.8,0.0547896,-0.0067154,0.0424886,0.0473417,0.0421565,0.0332686,1.26716,2.83345,-0.514748,1.93987,-0.0067154,0.0765394,5,20,4.99999,1,0.00545072,0.000916629,0.0253178,0.0362049
^MXX,ownDD<=-15%|first,below200,20,IS (<2008),4,0.247711,1,0.0345507,,0.0345507,0.0309242,0.0317102,0.0135021,2.34853,4.69707,0.741642,1.94026,0.0234528,0.0529017,20,20,4.99999,1,0.00388035,0.0151076,0.0795133,0.190001
^MXX,ownDD<=-15%|first,below200,20,OOS (2008-),5,0.266801,0.4,0.0551057,-0.023273,0.00807846,-0.0109767,0.00672481,0.0454241,0.148045,0.331039,0.31605,1.33404,-0.0382783,0.0624852,20,2.10281,0.525703,0.525703,0.000410801,0.00366188,0.0482341,0.075919
^MXX,ownDD<=-15%|first,below200,60,IS (<2008),4,0.247711,0.5,0.11316,-0.129674,-0.00825689,0.00692621,-0.016547,0.16031,-0.103219,-0.206437,-0.245519,1.68322,-0.208906,0.162026,60,0,0,0,0,0.0458263,0.142343,0.321943
^MXX,ownDD<=-15%|first,below200,60,OOS (2008-),5,0.266801,0.8,0.0689326,-0.0212492,0.0508963,0.0644632,0.0466016,0.0626995,0.743253,1.66196,0.0769743,1.64428,-0.0212492,0.128498,60,8.29142,2.07286,1,0.00574484,0.010634,0.0807668,0.131663
^MXX,ownDD<=-20%|first,all,5,IS (<2008),6,0.371567,0.833333,0.0477952,-0.00802944,0.0384911,0.0425216,0.0376039,0.031572,1.19105,2.91748,-0.343184,1.58437,-0.00802944,0.0691256,5,20,4.99999,1,0.00677158,0.00369802,0.0389826,0.0948633
^MXX,ownDD<=-20%|first,all,5,OOS (2008-),3,0.16008,1,0.0273421,,0.0273421,0.0188003,0.026845,0.019797,1.35602,2.34869,0.648441,,0.0132884,0.0499376,5,20,4.99999,1,0.00211416,0.000916629,0.0253178,0.0362049
^MXX,ownDD<=-20%|first,all,20,IS (<2008),6,0.371567,0.5,0.0980599,-0.0476356,0.0252122,0.0123675,0.021602,0.0954536,0.226309,0.554342,0.461195,1.94833,-0.0714048,0.173991,20,1.51505,0.378763,0.378763,0.00131809,0.0151076,0.0795133,0.190001
^MXX,ownDD<=-20%|first,all,20,OOS (2008-),3,0.16008,0.666667,0.0451714,-0.0176639,0.0242263,0.00472536,0.0221985,0.0546474,0.406214,0.703584,0.56883,,-0.0176639,0.0856175,20,6.86971,1.71743,1,0.0016135,0.00366188,0.0482341,0.075919
^MXX,ownDD<=-20%|first,all,60,IS (<2008),6,0.371567,0.833333,0.173107,-0.0504429,0.135849,0.123445,0.124863,0.149283,0.836419,2.0488,0.086403,1.55249,-0.0504429,0.32934,60,3.84249,0.960622,0.960622,0.018794,0.0458263,0.142343,0.321943
^MXX,ownDD<=-20%|first,all,60,OOS (2008-),3,0.16008,1,0.11826,,0.11826,0.104444,0.112153,0.0693839,1.61642,2.79972,0.409947,,0.0580823,0.192253,60,20,4.99999,1,0.00850667,0.010634,0.0807668,0.131663
^MXX,ownDD<=-20%|first,above200,5,IS (<2008),2,0.123856,0.5,0.0691256,-0.00802944,0.0305481,0.0305481,0.0296372,0.0542664,0.546142,0.772361,,,-0.00802944,0.0691256,5,0,0,0,0,0.00369802,0.0389826,0.0948633
^MXX,ownDD<=-20%|first,above200,5,OOS (2008-),0,0,,,,,,,,,,,,,,,,,,,0.000916629,0.0253178,0.0362049
^MXX,ownDD<=-20%|first,above200,20,IS (<2008),2,0.123856,0,,-0.0369634,-0.0369634,-0.0369634,-0.0407334,0.0498639,-0.816892,-1.15526,,,-0.0714048,-0.00252195,20,0,0,0,0,0.0151076,0.0795133,0.190001
^MXX,ownDD<=-20%|first,above200,20,OOS (2008-),0,0,,,,,,,,,,,,,,,,,,,0.00366188,0.0482341,0.075919
^MXX,ownDD<=-20%|first,above200,60,IS (<2008),2,0.123856,1,0.0958859,,0.0958859,0.0958859,0.0842702,0.112621,0.748267,1.05821,,,0.0141796,0.177592,60,0,0,0,0,0.0458263,0.142343,0.321943
^MXX,ownDD<=-20%|first,above200,60,OOS (2008-),0,0,,,,,,,,,,,,,,,,,,,0.010634,0.0807668,0.131663
^MXX,ownDD<=-20%|first,below200,5,IS (<2008),4,0.247711,1,0.0424626,,0.0424626,0.0425216,0.0415873,0.024824,1.67529,3.35058,-0.00621494,1.07745,0.0181318,0.0666755,5,20,4.99999,1,0.00504305,0.00369802,0.0389826,0.0948633
^MXX,ownDD<=-20%|first,below200,5,OOS (2008-),3,0.16008,1,0.0273421,,0.0273421,0.0188003,0.026845,0.019797,1.35602,2.34869,0.648441,,0.0132884,0.0499376,5,20,4.99999,1,0.00211416,0.000916629,0.0253178,0.0362049
^MXX,ownDD<=-20%|first,below200,20,IS (<2008),4,0.247711,0.75,0.0980599,-0.06898,0.0562999,0.0600943,0.0527698,0.102329,0.515689,1.03138,-0.099918,1.74498,-0.06898,0.173991,20,3.35412,0.83853,0.83853,0.00475986,0.0151076,0.0795133,0.190001
^MXX,ownDD<=-20%|first,below200,20,OOS (2008-),3,0.16008,0.666667,0.0451714,-0.0176639,0.0242263,0.00472536,0.0221985,0.0546474,0.406214,0.703584,0.56883,,-0.0176639,0.0856175,20,6.86971,1.71743,1,0.0016135,0.00366188,0.0482341,0.075919
^MXX,ownDD<=-20%|first,below200,60,IS (<2008),4,0.247711,0.75,0.224588,-0.0504429,0.15583,0.172211,0.145159,0.176824,0.820926,1.64185,-0.191763,1.36044,-0.0504429,0.32934,60,3.27495,0.818737,0.818737,0.0125207,0.0458263,0.142343,0.321943
^MXX,ownDD<=-20%|first,below200,60,OOS (2008-),3,0.16008,1,0.11826,,0.11826,0.104444,0.112153,0.0693839,1.61642,2.79972,0.409947,,0.0580823,0.192253,60,20,4.99999,1,0.00850667,0.010634,0.0807668,0.131663
^BSESN,own1d<=-3%,all,5,IS (<2008),60,5.71298,0.483333,0.0420092,-0.0374886,0.000935363,-0.0042328,7.79887e-05,0.0508202,0.0015346,0.0118869,0.459616,3.11901,-0.0894216,0.139653,5,0.0153618,0.00384044,0.00384044,7.4856e-07,0.00301668,0.0374559,0.0805396
^BSESN,own1d<=-3%,all,5,OOS (2008-),47,2.50903,0.595745,0.0436387,-0.0378311,0.0107041,0.0152614,0.0105591,0.0579902,0.182084,1.24831,0.0499301,7.73481,-0.19208,0.220596,5,1.53897,0.384743,0.384743,0.00448192,0.00152866,0.0288169,0.0530475
^BSESN,own1d<=-3%,all,20,IS (<2008),38,3.61822,0.421053,0.0661402,-0.0662249,-0.0104922,-0.00987866,-0.013856,0.0872973,-0.158722,-0.978426,-0.0377963,3.67647,-0.237511,0.222827,20,3.58555e-05,8.96388e-06,8.96388e-06,-1.07864e-12,0.0118055,0.0764861,0.154349
^BSESN,own1d<=-3%,all,20,OOS (2008-),28,1.49474,0.678571,0.0852044,-0.0928742,0.0279649,0.0580754,0.0273792,0.107038,0.255789,1.35351,-0.881442,3.60291,-0.228214,0.229933,20,1.10131,0.275327,0.275327,0.00499054,0.00658014,0.0581813,0.113097
^BSESN,own1d<=-3%,all,60,IS (<2008),22,2.09476,0.454545,0.147243,-0.129327,-0.00361308,-0.0221341,-0.0133762,0.15706,-0.0851664,-0.399466,-0.161751,1.83978,-0.312407,0.211881,60,0,0,0,0,0.0346969,0.138471,0.250571
^BSESN,own1d<=-3%,all,60,OOS (2008-),17,0.90752,0.588235,0.119336,-0.068799,0.0418684,0.0333283,0.0398888,0.132489,0.301073,1.24135,0.107537,3.89211,-0.255381,0.347299,60,1.1745,0.293625,0.293625,0.00466025,0.0216361,0.105088,0.205886
^BSESN,own1d<=-3%,above200,5,IS (<2008),28,2.66606,0.464286,0.0440545,-0.0375948,0.000313828,-0.00453027,-0.000488709,0.0496661,-0.00983989,-0.0520678,0.068963,2.29621,-0.0894216,0.0949828,5,0,0,0,0,0.00301668,0.0374559,0.0805396
^BSESN,own1d<=-3%,above200,5,OOS (2008-),10,0.533835,0.7,0.0316442,-0.0164406,0.0172188,0.022068,0.017008,0.0267235,0.636443,2.01261,-0.16649,1.86701,-0.02333,0.057857,5,12.9314,3.23284,1,0.00435128,0.00152866,0.0288169,0.0530475
^BSESN,own1d<=-3%,above200,20,IS (<2008),18,1.71389,0.5,0.0515363,-0.0867482,-0.017606,0.00679073,-0.020758,0.0890201,-0.233184,-0.989315,-0.815454,3.19454,-0.237511,0.116957,20,0,0,0,0,0.0118055,0.0764861,0.154349
^BSESN,own1d<=-3%,above200,20,OOS (2008-),9,0.480452,0.777778,0.0682867,-0.0157998,0.0496008,0.0711036,0.0488721,0.047878,1.02076,3.06229,-0.214821,1.74149,-0.0237726,0.116066,20,11.9289,2.98223,1,0.011129,0.00658014,0.0581813,0.113097
^BSESN,own1d<=-3%,above200,60,IS (<2008),13,1.23781,0.538462,0.15349,-0.121558,0.0265448,0.0949114,0.0171948,0.160096,0.107403,0.387248,-0.659601,2.48338,-0.312407,0.211881,60,0.350403,0.0876006,0.0876006,0.000819004,0.0346969,0.138471,0.250571
^BSESN,own1d<=-3%,above200,60,OOS (2008-),6,0.320301,0.833333,0.0872871,-0.0666965,0.0616232,0.0524301,0.0592261,0.0917346,0.645624,1.58145,0.327188,2.55557,-0.0666965,0.207966,60,4.49216,1.12304,1,0.00829803,0.0216361,0.105088,0.205886
^BSESN,own1d<=-3%,below200,5,IS (<2008),34,3.23736,0.5,0.0459773,-0.0367231,0.00462711,-0.00166354,0.0037362,0.0562707,0.0663969,0.387157,0.820499,3.44431,-0.0830805,0.139653,5,0.624546,0.156137,0.156137,0.000823485,0.00301668,0.0374559,0.0805396
^BSESN,own1d<=-3%,below200,5,OOS (2008-),38,2.02857,0.578947,0.049439,-0.0418418,0.0110049,0.015979,0.0108695,0.0644445,0.168665,1.03972,0.0659091,6.37675,-0.19208,0.220596,5,1.31029,0.327573,0.327573,0.00316948,0.00152866,0.0288169,0.0530475
^BSESN,own1d<=-3%,below200,20,IS (<2008),21,1.99954,0.333333,0.0550761,-0.0578241,-0.0201907,-0.0131014,-0.0237874,0.0707787,-0.336081,-1.54012,-0.207518,2.38975,-0.158126,0.102638,20,3.81065e-05,9.52663e-06,9.52663e-06,-4.32908e-13,0.0118055,0.0764861,0.154349
^BSESN,own1d<=-3%,below200,20,OOS (2008-),20,1.06767,0.65,0.0864548,-0.110314,0.0175856,0.0386296,0.0170565,0.120769,0.141232,0.631608,-0.63694,2.89399,-0.228214,0.229933,20,0.587192,0.146798,0.146798,0.00117557,0.00658014,0.0581813,0.113097
^BSESN,own1d<=-3%,below200,60,IS (<2008),13,1.23781,0.538462,0.135493,-0.137095,0.00968287,0.017464,-0.000536146,0.157551,-0.00340299,-0.0122697,-0.0580265,1.45813,-0.206444,0.213226,60,0,0,0,0,0.0346969,0.138471,0.250571
^BSESN,own1d<=-3%,below200,60,OOS (2008-),13,0.693986,0.538462,0.124497,-0.0662423,0.0364633,0.0183999,0.0348191,0.145715,0.238954,0.86156,0.234912,3.59494,-0.255381,0.347299,60,0.892276,0.223069,0.223069,0.00235515,0.0216361,0.105088,0.205886
^BSESN,own1d<=-4%,all,5,IS (<2008),25,2.38041,0.44,0.0504788,-0.0348939,0.00267009,-0.00936529,0.00176809,0.0570258,0.0310051,0.155025,0.461102,3.30204,-0.115306,0.139653,5,0.285181,0.0712952,0.0712952,0.000131166,0.00301668,0.0374559,0.0805396
^BSESN,own1d<=-4%,all,5,OOS (2008-),23,1.22782,0.521739,0.0740278,-0.0415721,0.0187409,0.003779,0.0185629,0.0820084,0.226354,1.08555,-0.000409979,4.03902,-0.19208,0.188063,5,1.40156,0.350389,0.350389,0.00350404,0.00152866,0.0288169,0.0530475
^BSESN,own1d<=-4%,all,20,IS (<2008),18,1.71389,0.5,0.0621447,-0.085869,-0.0118622,-0.00287988,-0.0155125,0.0896954,-0.172947,-0.733752,-0.103235,1.78287,-0.158126,0.115066,20,0,0,0,0,0.0118055,0.0764861,0.154349
^BSESN,own1d<=-4%,all,20,OOS (2008-),15,0.800753,0.733333,0.0793805,-0.0970293,0.0323379,0.0470416,0.0316803,0.10063,0.314821,1.21929,-0.447798,3.34045,-0.176009,0.229933,20,1.531,0.38275,0.38275,0.00428515,0.00658014,0.0581813,0.113097
^BSESN,own1d<=-4%,all,60,IS (<2008),12,1.1426,0.583333,0.137727,-0.110704,0.0342141,0.019145,0.0239383,0.16348,0.146429,0.507245,0.403101,2.39788,-0.206444,0.344725,60,0.503324,0.125831,0.125831,0.00149968,0.0346969,0.138471,0.250571
^BSESN,own1d<=-4%,all,60,OOS (2008-),10,0.533835,0.5,0.168434,-0.0600488,0.0541924,-0.000804429,0.0518408,0.191054,0.271341,0.858055,1.32008,4.43876,-0.203753,0.507013,60,0.947878,0.236969,0.236969,0.002799,0.0216361,0.105088,0.205886
^BSESN,own1d<=-4%,above200,5,IS (<2008),9,0.856947,0.222222,0.057,-0.0348574,-0.0144446,-0.0128046,-0.0153162,0.0509163,-0.30081,-0.902431,0.975954,3.44053,-0.0719673,0.0949828,5,4.47524e-05,1.11881e-05,1.11881e-05,-1.23595e-13,0.00301668,0.0374559,0.0805396
^BSESN,own1d<=-4%,above200,5,OOS (2008-),4,0.213534,0.75,0.0505357,-0.02333,0.0320692,0.0356385,0.0316797,0.0427501,0.741043,1.48209,-0.264151,1.94192,-0.02333,0.0803301,5,10.9655,2.74138,1,0.00321292,0.00152866,0.0288169,0.0530475
^BSESN,own1d<=-4%,above200,20,IS (<2008),8,0.761731,0.375,0.0504157,-0.0855886,-0.034587,-0.0411031,-0.0381456,0.0831744,-0.458622,-1.29718,0.31377,1.8457,-0.133323,0.1023,20,0,0,0,0,0.0118055,0.0764861,0.154349
^BSESN,own1d<=-4%,above200,20,OOS (2008-),4,0.213534,1,0.0909596,,0.0909596,0.0863274,0.0894205,0.0199691,4.47796,8.95591,0.518486,1.75759,0.0751177,0.116066,20,20,4.99999,1,0.0093108,0.00658014,0.0581813,0.113097
^BSESN,own1d<=-4%,above200,60,IS (<2008),7,0.666515,0.714286,0.127398,-0.0433862,0.0786024,0.0221841,0.0682064,0.138374,0.492913,1.30413,1.06275,2.98166,-0.0504838,0.344725,60,2.89635,0.724088,0.724088,0.0136733,0.0346969,0.138471,0.250571
^BSESN,own1d<=-4%,above200,60,OOS (2008-),3,0.160151,1,0.106339,,0.106339,0.108831,0.100784,0.104756,0.962076,1.66636,0.0739522,,0.00222082,0.207966,60,8.95319,2.2383,1,0.00734205,0.0216361,0.105088,0.205886
^BSESN,own1d<=-4%,below200,5,IS (<2008),18,1.71389,0.555556,0.0577322,-0.0338226,0.0170412,0.00416113,0.0161509,0.0640646,0.252102,1.06958,0.33819,3.03726,-0.115306,0.139653,5,2.13592,0.533979,0.533979,0.00644104,0.00301668,0.0374559,0.0805396
^BSESN,own1d<=-4%,below200,5,OOS (2008-),19,1.01429,0.473684,0.0818585,-0.0433963,0.0159349,-0.00349275,0.0158015,0.0887076,0.17813,0.77645,0.0815874,3.62844,-0.19208,0.188063,5,1.05219,0.263047,0.263047,0.00184533,0.00152866,0.0288169,0.0530475
^BSESN,own1d<=-4%,below200,20,IS (<2008),13,1.23781,0.615385,0.0663313,-0.0956403,0.00403451,0.0240181,0.000452242,0.0944744,0.00478693,0.0172595,-0.53477,1.9545,-0.158126,0.115066,20,0.0274108,0.00685271,0.00685271,1.67854e-06,0.0118055,0.0764861,0.154349
^BSESN,own1d<=-4%,below200,20,OOS (2008-),12,0.640602,0.666667,0.0673757,-0.0890127,0.0152463,0.0298368,0.0148152,0.103947,0.142528,0.49373,-0.041597,3.48542,-0.176009,0.229933,20,0.740027,0.185007,0.185007,0.000768913,0.00658014,0.0581813,0.113097
^BSESN,own1d<=-4%,below200,60,IS (<2008),9,0.856947,0.666667,0.146258,-0.155582,0.0456444,0.0774633,0.0356282,0.169304,0.210439,0.631316,-0.30412,1.60587,-0.206444,0.249636,60,0.68033,0.170082,0.170082,0.00227669,0.0346969,0.138471,0.250571
^BSESN,own1d<=-4%,below200,60,OOS (2008-),8,0.427068,0.375,0.181476,-0.0600488,0.0305228,-0.00832715,0.0292127,0.205793,0.141952,0.401501,1.66585,5.00621,-0.203753,0.507013,60,0.44981,0.112452,0.112452,0.000603439,0.0216361,0.105088,0.205886
^BSESN,own1d<=-5%,all,5,IS (<2008),12,1.1426,0.333333,0.0799471,-0.0220121,0.0119743,-0.0123424,0.0110461,0.0618731,0.178528,0.618438,1.45207,3.54163,-0.0401052,0.139653,5,1.82948,0.45737,0.45737,0.00247576,0.00301668,0.0374559,0.0805396
^BSESN,own1d<=-5%,all,5,OOS (2008-),14,0.747369,0.357143,0.0866904,-0.0583903,-0.00657573,-0.0118465,-0.00675558,0.0937887,-0.0720298,-0.269511,0.0605902,3.13802,-0.19208,0.188063,5,0,0,0,0,0.00152866,0.0288169,0.0530475
^BSESN,own1d<=-5%,all,20,IS (<2008),10,0.952164,0.4,0.0642479,-0.0932487,-0.0302501,-0.0378853,-0.0338026,0.0923554,-0.366005,-1.15741,0.209748,1.61699,-0.146158,0.115066,20,4.53514e-05,1.13378e-05,1.13378e-05,-4.69796e-13,0.0118055,0.0764861,0.154349
^BSESN,own1d<=-5%,all,20,OOS (2008-),10,0.533835,0.6,0.0669598,-0.090241,0.00407946,0.023929,0.00328526,0.093585,0.0351045,0.11101,-0.597606,2.01484,-0.148856,0.116066,20,0.206145,0.0515361,0.0515361,3.95924e-05,0.00658014,0.0581813,0.113097
^BSESN,own1d<=-5%,all,60,IS (<2008),8,0.761731,0.5,0.127431,-0.111071,0.00818018,0.0004856,-0.00161734,0.157704,-0.0102555,-0.029007,0.118934,2.0369,-0.21498,0.249636,60,3.8172e-05,9.543e-06,9.543e-06,-7.54801e-13,0.0346969,0.138471,0.250571
^BSESN,own1d<=-5%,all,60,OOS (2008-),6,0.320301,0.5,0.106339,-0.0956917,0.00532381,-0.000804429,0.00237705,0.145383,0.0163502,0.0400497,-0.153009,2.37588,-0.221825,0.207966,60,0.0673841,0.016846,0.016846,5.6123e-06,0.0216361,0.105088,0.205886
^BSESN,own1d<=-5%,above200,5,IS (<2008),2,0.190433,0,,-0.018473,-0.018473,-0.018473,-0.0195004,0.00814766,-2.39337,-3.38474,,,-0.0241414,-0.0128046,5,0,0,0,0,0.00301668,0.0374559,0.0805396
^BSESN,own1d<=-5%,above200,5,OOS (2008-),3,0.160151,0.666667,0.0546023,-0.02333,0.0286249,0.0288746,0.0281167,0.0516255,0.544628,0.943324,0.0101104,,-0.02333,0.0803301,5,8.43037,2.10759,1,0.00209727,0.00152866,0.0288169,0.0530475
^BSESN,own1d<=-5%,above200,20,IS (<2008),2,0.190433,0,,-0.105868,-0.105868,-0.105868,-0.110006,0.0127023,-8.66031,-12.2475,,,-0.114467,-0.0972683,20,0,0,0,0,0.0118055,0.0764861,0.154349
^BSESN,own1d<=-5%,above200,20,OOS (2008-),3,0.160151,1,0.0901805,,0.0901805,0.079358,0.088168,0.0242638,3.63373,6.2938,0.647488,,0.0751177,0.116066,20,20,4.99999,1,0.00688028,0.00658014,0.0581813,0.113097
^BSESN,own1d<=-5%,above200,60,IS (<2008),2,0.190433,0.5,0.0221841,-0.21498,-0.0963979,-0.0963979,-0.108994,0.169144,-0.644385,-0.911298,,,-0.21498,0.0221841,60,0,0,0,0,0.0346969,0.138471,0.250571
^BSESN,own1d<=-5%,above200,60,OOS (2008-),3,0.160151,1,0.106339,,0.106339,0.108831,0.100784,0.104756,0.962076,1.66636,0.0739522,,0.00222082,0.207966,60,8.95319,2.2383,1,0.00734205,0.0216361,0.105088,0.205886
^BSESN,own1d<=-5%,below200,5,IS (<2008),10,0.952164,0.4,0.0799471,-0.0231918,0.0180638,-0.0109795,0.0171554,0.0665042,0.257959,0.815738,1.1761,2.77795,-0.0401052,0.139653,5,2.59505,0.648764,0.648764,0.00451864,0.00301668,0.0374559,0.0805396
^BSESN,own1d<=-5%,below200,5,OOS (2008-),11,0.587219,0.272727,0.108082,-0.0627728,-0.0161759,-0.0138914,-0.0162662,0.102166,-0.159214,-0.528052,0.287837,2.956,-0.19208,0.188063,5,0,0,0,0,0.00152866,0.0288169,0.0530475
^BSESN,own1d<=-5%,below200,20,IS (<2008),8,0.761731,0.5,0.0642479,-0.0869391,-0.0113456,0.00545833,-0.0147517,0.0941783,-0.156635,-0.443032,-0.232392,1.74416,-0.146158,0.115066,20,0,0,0,0,0.0118055,0.0764861,0.154349
^BSESN,own1d<=-5%,below200,20,OOS (2008-),7,0.373685,0.428571,0.0437391,-0.090241,-0.032821,-0.00903493,-0.0330931,0.0882865,-0.374837,-0.991725,-0.233064,1.6839,-0.148856,0.0833591,20,0,0,0,0,0.00658014,0.0581813,0.113097
^BSESN,own1d<=-5%,below200,60,IS (<2008),7,0.666515,0.571429,0.126251,-0.0764347,0.0393859,0.017464,0.029843,0.13876,0.21507,0.569022,0.244279,2.05259,-0.149242,0.249636,60,0.930109,0.232527,0.232527,0.00201442,0.0346969,0.138471,0.250571
^BSESN,own1d<=-5%,below200,60,OOS (2008-),4,0.213534,0,,-0.0807335,-0.0807335,-0.0486397,-0.0818631,0.0966756,-0.846781,-1.69356,-0.945171,2.19076,-0.221825,-0.00382968,60,0,0,0,0,0.0216361,0.105088,0.205886
^BSESN,ownDD<=-10%|first,all,5,IS (<2008),9,0.856947,0.666667,0.0503101,-0.02712,0.0245001,0.0324023,0.0236832,0.0440268,0.537926,1.61378,-0.19789,1.8338,-0.0392376,0.0811569,5,6.65995,1.66499,1,0.00936191,0.00301668,0.0374559,0.0805396
^BSESN,ownDD<=-10%|first,all,5,OOS (2008-),9,0.480452,0.555556,0.0251204,-0.0555405,-0.0107289,0.0070576,-0.011021,0.0610203,-0.180612,-0.541836,-0.917693,3.80232,-0.142737,0.0803301,5,0,0,0,0,0.00152866,0.0288169,0.0530475
^BSESN,ownDD<=-10%|first,all,20,IS (<2008),9,0.856947,0.555556,0.0861596,-0.0357456,0.0319795,0.0441779,0.0287074,0.0745501,0.385075,1.15523,0.265606,2.15977,-0.0702761,0.162667,20,3.06617,0.766543,0.766543,0.00816826,0.0118055,0.0764861,0.154349
^BSESN,ownDD<=-10%|first,all,20,OOS (2008-),9,0.480452,0.555556,0.0396879,-0.0483009,0.000581776,0.0139975,-0.000559582,0.0589522,-0.00949212,-0.0284764,-0.936387,3.45706,-0.126462,0.079358,20,0,0,0,0,0.00658014,0.0581813,0.113097
^BSESN,ownDD<=-10%|first,all,60,IS (<2008),9,0.856947,0.666667,0.211652,-0.129807,0.097832,0.0940325,0.0879447,0.194436,0.452307,1.35692,-0.0812596,1.68015,-0.172274,0.379939,60,1.31198,0.327995,0.327995,0.0107566,0.0346969,0.138471,0.250571
^BSESN,ownDD<=-10%|first,all,60,OOS (2008-),9,0.480452,0.666667,0.0484651,-0.0329077,0.0213408,0.0361946,0.0179898,0.0488429,0.36832,1.10496,-0.0423282,1.76271,-0.0403985,0.0953648,60,4.25362,1.06341,1,0.00380037,0.0216361,0.105088,0.205886
^BSESN,ownDD<=-10%|first,above200,5,IS (<2008),8,0.761731,0.75,0.0503101,-0.0210611,0.0324673,0.0333987,0.0316748,0.0394761,0.802381,2.26947,-0.326871,2.17048,-0.032757,0.0811569,5,10.3555,2.58888,1,0.0114613,0.00301668,0.0374559,0.0805396
^BSESN,ownDD<=-10%|first,above200,5,OOS (2008-),1,0.0533835,1,0.0803301,,0.0803301,0.0803301,0.0798836,,,,,,0.0803301,0.0803301,5,0,0,0,0,0.00152866,0.0288169,0.0530475
^BSESN,ownDD<=-10%|first,above200,20,IS (<2008),8,0.761731,0.625,0.0861596,-0.0242354,0.0447615,0.0485506,0.0415772,0.0681764,0.609848,1.72491,0.312392,2.23767,-0.0471221,0.162667,20,5.64429,1.41107,1,0.0141995,0.0118055,0.0764861,0.154349
^BSESN,ownDD<=-10%|first,above200,20,OOS (2008-),1,0.0533835,1,0.079358,,0.079358,0.079358,0.0776266,,,,,,0.079358,0.079358,20,0,0,0,0,0.00658014,0.0581813,0.113097
^BSESN,ownDD<=-10%|first,above200,60,IS (<2008),8,0.761731,0.75,0.211652,-0.108574,0.131595,0.141704,0.121966,0.176921,0.689379,1.94986,-0.193653,1.83507,-0.108808,0.379939,60,2.17068,0.542671,0.542671,0.0218691,0.0346969,0.138471,0.250571
^BSESN,ownDD<=-10%|first,above200,60,OOS (2008-),1,0.0533835,1,0.00222082,,0.00222082,0.00222082,-0.00179704,,,,,,0.00222082,0.00222082,60,0,0,0,0,0.0216361,0.105088,0.205886
^BSESN,ownDD<=-10%|first,below200,5,IS (<2008),1,0.0952164,0,,-0.0392376,-0.0392376,-0.0392376,-0.0402499,,,,,,-0.0392376,-0.0392376,5,0,0,0,0,0.00301668,0.0374559,0.0805396
^BSESN,ownDD<=-10%|first,below200,5,OOS (2008-),8,0.427068,0.5,0.011318,-0.0555405,-0.0221112,0.00231394,-0.0223841,0.0541047,-0.413718,-1.17017,-1.55592,4.13889,-0.142737,0.0202329,5,0,0,0,0,0.00152866,0.0288169,0.0530475
^BSESN,ownDD<=-10%|first,below200,20,IS (<2008),1,0.0952164,0,,-0.0702761,-0.0702761,-0.0702761,-0.0742515,,,,,,-0.0702761,-0.0702761,20,0,0,0,0,0.0118055,0.0764861,0.154349
^BSESN,ownDD<=-10%|first,below200,20,OOS (2008-),8,0.427068,0.5,0.0297704,-0.0483009,-0.00926525,0.000290598,-0.0103329,0.0546753,-0.188986,-0.534533,-1.21839,3.59022,-0.126462,0.0423504,20,0,0,0,0,0.00658014,0.0581813,0.113097
^BSESN,ownDD<=-10%|first,below200,60,IS (<2008),1,0.0952164,0,,-0.172274,-0.172274,-0.172274,-0.184223,,,,,,-0.172274,-0.172274,60,0,0,0,0,0.0346969,0.138471,0.250571
^BSESN,ownDD<=-10%|first,below200,60,OOS (2008-),8,0.427068,0.625,0.0577139,-0.0329077,0.0237308,0.0375313,0.0204632,0.0516093,0.396502,1.12148,-0.186558,1.66071,-0.0403985,0.0953648,60,4.30646,1.07661,1,0.00385592,0.0216361,0.105088,0.205886
^BSESN,ownDD<=-15%|first,all,5,IS (<2008),6,0.571298,0.833333,0.0537058,-0.00433637,0.0440321,0.0342251,0.0431643,0.0482928,0.893803,2.18936,1.3008,3.51212,-0.00433637,0.136055,5,20,4.99999,1,0.011685,0.00301668,0.0374559,0.0805396
^BSESN,ownDD<=-15%|first,all,5,OOS (2008-),6,0.320301,0.666667,0.045696,-0.10159,-0.00339937,0.0316211,-0.00365922,0.0968941,-0.0377652,-0.0925054,-1.4301,3.58659,-0.19208,0.0803301,5,3.52805e-05,8.82011e-06,8.82011e-06,-9.74743e-14,0.00152866,0.0288169,0.0530475
^BSESN,ownDD<=-15%|first,all,20,IS (<2008),6,0.571298,0.666667,0.0494081,-0.11368,-0.00495446,0.0272813,-0.0084567,0.089833,-0.0941381,-0.23059,-0.50431,1.66182,-0.13403,0.090662,20,5.97542e-05,1.49386e-05,1.49386e-05,-4.28687e-13,0.0118055,0.0764861,0.154349
^BSESN,ownDD<=-15%|first,all,20,OOS (2008-),6,0.320301,0.833333,0.0571534,-0.141132,0.0241058,0.0441622,0.0230608,0.0823999,0.279864,0.685525,-1.60259,3.88577,-0.141132,0.079358,20,1.65967,0.414919,0.414919,0.00136877,0.00658014,0.0581813,0.113097
^BSESN,ownDD<=-15%|first,all,60,IS (<2008),6,0.571298,0.666667,0.128862,-0.0673979,0.0634422,0.0986299,0.0527492,0.110305,0.478212,1.17138,-0.383113,1.39462,-0.0726534,0.160443,60,2.48418,0.621045,0.621045,0.0081806,0.0346969,0.138471,0.250571
^BSESN,ownDD<=-15%|first,all,60,OOS (2008-),6,0.320301,0.833333,0.0540778,-0.0614204,0.0348281,0.021565,0.0316583,0.0769038,0.411661,1.00836,0.807069,2.91293,-0.0614204,0.173796,60,3.80535,0.951337,0.951337,0.00411454,0.0216361,0.105088,0.205886
^BSESN,ownDD<=-15%|first,above200,5,IS (<2008),4,0.380865,0.75,0.0319659,-0.00433637,0.0228904,0.026684,0.0218799,0.0200089,1.09351,2.18702,-0.5695,1.92756,-0.00433637,0.0425299,5,20,4.99999,1,0.0040877,0.00301668,0.0374559,0.0805396
^BSESN,ownDD<=-15%|first,above200,5,OOS (2008-),1,0.0533835,1,0.0803301,,0.0803301,0.0803301,0.0798836,,,,,,0.0803301,0.0803301,5,0,0,0,0,0.00152866,0.0288169,0.0530475
^BSESN,ownDD<=-15%|first,above200,20,IS (<2008),4,0.380865,0.5,0.0272813,-0.11368,-0.0431991,-0.0436362,-0.0472511,0.084987,-0.55598,-1.11196,0.00492738,1.2976,-0.13403,0.0485062,20,0,0,0,0,0.0118055,0.0764861,0.154349
^BSESN,ownDD<=-15%|first,above200,20,OOS (2008-),1,0.0533835,1,0.079358,,0.079358,0.079358,0.0776266,,,,,,0.079358,0.079358,20,0,0,0,0,0.00658014,0.0581813,0.113097
^BSESN,ownDD<=-15%|first,above200,60,IS (<2008),4,0.380865,0.75,0.118335,-0.0726534,0.0705882,0.0986299,0.058312,0.105908,0.550591,1.10118,-0.651708,1.83447,-0.0726534,0.157746,60,3.03802,0.759504,0.759504,0.00742717,0.0346969,0.138471,0.250571
^BSESN,ownDD<=-15%|first,above200,60,OOS (2008-),1,0.0533835,1,0.00222082,,0.00222082,0.00222082,-0.00179704,,,,,,0.00222082,0.00222082,60,0,0,0,0,0.0216361,0.105088,0.205886
^BSESN,ownDD<=-15%|first,below200,5,IS (<2008),2,0.190433,1,0.0863157,,0.0863157,0.0863157,0.0857329,0.0708776,1.20959,1.71062,,,0.0365764,0.136055,5,0,0,0,0,0.00301668,0.0374559,0.0805396
^BSESN,ownDD<=-15%|first,below200,5,OOS (2008-),5,0.266918,0.6,0.0341513,-0.10159,-0.0201453,0.0256006,-0.0203678,0.0981924,-0.207427,-0.463822,-1.34758,3.02018,-0.19208,0.0392115,5,0,0,0,0,0.00152866,0.0288169,0.0530475
^BSESN,ownDD<=-15%|first,below200,20,IS (<2008),2,0.190433,1,0.0715349,,0.0715349,0.0715349,0.0691321,0.0249267,2.77342,3.92221,,,0.0524079,0.090662,20,0,0,0,0,0.0118055,0.0764861,0.154349
^BSESN,ownDD<=-15%|first,below200,20,OOS (2008-),5,0.266918,0.8,0.0516022,-0.141132,0.0130553,0.0426351,0.0121476,0.0871433,0.139398,0.311704,-1.37436,3.10894,-0.141132,0.0773352,20,0.907093,0.226773,0.226773,0.00032512,0.00658014,0.0581813,0.113097
^BSESN,ownDD<=-15%|first,below200,60,IS (<2008),2,0.190433,0.5,0.160443,-0.0621424,0.04915,0.04915,0.0416235,0.163753,0.254184,0.359471,,,-0.0621424,0.160443,60,0,0,0,0,0.0346969,0.138471,0.250571
^BSESN,ownDD<=-15%|first,below200,60,OOS (2008-),5,0.266918,0.8,0.0670421,-0.0614204,0.0413496,0.0384214,0.0383494,0.0840058,0.456509,1.02078,0.539748,2.41618,-0.0614204,0.173796,60,3.85967,0.964918,0.964918,0.00423048,0.0216361,0.105088,0.205886
^BSESN,ownDD<=-20%|first,all,5,IS (<2008),4,0.380865,0.5,0.0923913,-0.0438895,0.0242509,0.00980443,0.0234264,0.0889007,0.263512,0.527025,0.416238,1.69515,-0.0622577,0.139653,5,2.13365,0.533411,0.533411,0.00205819,0.00301668,0.0374559,0.0805396
^BSESN,ownDD<=-20%|first,all,5,OOS (2008-),4,0.213534,0.5,0.0588532,-0.0788181,-0.00998248,-0.00177336,-0.0101127,0.0903836,-0.111887,-0.223774,-0.261061,1.71668,-0.123665,0.0872822,5,0,0,0,0,0.00152866,0.0288169,0.0530475
^BSESN,ownDD<=-20%|first,all,20,IS (<2008),4,0.380865,0.25,0.0140954,-0.0468786,-0.0316351,-0.0382018,-0.0349614,0.0391992,-0.891891,-1.78378,0.194928,1.25652,-0.0642322,0.0140954,20,0,0,0,0,0.0118055,0.0764861,0.154349
^BSESN,ownDD<=-20%|first,all,20,OOS (2008-),4,0.213534,0.5,0.0412693,-0.0667127,-0.0127217,-0.0126775,-0.0131822,0.0754943,-0.174612,-0.349224,0.0106707,1.85509,-0.103551,0.0780196,20,0,0,0,0,0.00658014,0.0581813,0.113097
^BSESN,ownDD<=-20%|first,all,60,IS (<2008),4,0.380865,0.75,0.0679827,-0.0674478,0.0341251,0.0466425,0.0240026,0.0798784,0.30049,0.600979,-0.44004,1.66658,-0.0674478,0.110663,60,2.36647,0.591618,0.591618,0.00237598,0.0346969,0.138471,0.250571
^BSESN,ownDD<=-20%|first,all,60,OOS (2008-),4,0.213534,0.5,0.0680965,-0.0277298,0.0201833,-0.0026723,0.0190338,0.067033,0.283947,0.567895,0.839672,2.02565,-0.028838,0.114916,60,3.34035,0.835086,0.835086,0.00144946,0.0216361,0.105088,0.205886
^BSESN,ownDD<=-20%|first,above200,5,IS (<2008),1,0.0952164,0,,-0.0622577,-0.0622577,-0.0622577,-0.0631982,,,,,,-0.0622577,-0.0622577,5,0,0,0,0,0.00301668,0.0374559,0.0805396
^BSESN,ownDD<=-20%|first,above200,5,OOS (2008-),0,0,,,,,,,,,,,,,,,,,,,0.00152866,0.0288169,0.0530475
^BSESN,ownDD<=-20%|first,above200,20,IS (<2008),1,0.0952164,1,0.0140954,,0.0140954,0.0140954,0.0102855,,,,,,0.0140954,0.0140954,20,0,0,0,0,0.0118055,0.0764861,0.154349
^BSESN,ownDD<=-20%|first,above200,20,OOS (2008-),0,0,,,,,,,,,,,,,,,,,,,0.00658014,0.0581813,0.113097
^BSESN,ownDD<=-20%|first,above200,60,IS (<2008),1,0.0952164,1,0.110663,,0.110663,0.110663,0.0989868,,,,,,0.110663,0.110663,60,0,0,0,0,0.0346969,0.138471,0.250571
^BSESN,ownDD<=-20%|first,above200,60,OOS (2008-),0,0,,,,,,,,,,,,,,,,,,,0.0216361,0.105088,0.205886
^BSESN,ownDD<=-20%|first,below200,5,IS (<2008),3,0.285649,0.666667,0.0923913,-0.0255213,0.0530871,0.0451301,0.0523013,0.0827796,0.631814,1.09433,0.162394,,-0.0255213,0.139653,5,6.63941,1.65985,1,0.0067567,0.00301668,0.0374559,0.0805396
^BSESN,ownDD<=-20%|first,below200,5,OOS (2008-),4,0.213534,0.5,0.0588532,-0.0788181,-0.00998248,-0.00177336,-0.0101127,0.0903836,-0.111887,-0.223774,-0.261061,1.71668,-0.123665,0.0872822,5,0,0,0,0,0.00152866,0.0288169,0.0530475
^BSESN,ownDD<=-20%|first,below200,20,IS (<2008),3,0.285649,0,,-0.0468786,-0.0468786,-0.0626692,-0.0500437,0.0306596,-1.63224,-2.82712,0.706039,,-0.0642322,-0.0137343,20,0,0,0,0,0.0118055,0.0764861,0.154349
^BSESN,ownDD<=-20%|first,below200,20,OOS (2008-),4,0.213534,0.5,0.0412693,-0.0667127,-0.0127217,-0.0126775,-0.0131822,0.0754943,-0.174612,-0.349224,0.0106707,1.85509,-0.103551,0.0780196,20,0,0,0,0,0.00658014,0.0581813,0.113097
^BSESN,ownDD<=-20%|first,below200,60,IS (<2008),3,0.285649,0.666667,0.0466425,-0.0674478,0.0086124,0.017464,-0.000992101,0.0763047,-0.0130018,-0.0225198,-0.11615,,-0.0674478,0.075821,60,0,0,0,0,0.0346969,0.138471,0.250571
^BSESN,ownDD<=-20%|first,below200,60,OOS (2008-),4,0.213534,0.5,0.0680965,-0.0277298,0.0201833,-0.0026723,0.0190338,0.067033,0.283947,0.567895,0.839672,2.02565,-0.028838,0.114916,60,3.34035,0.835086,0.835086,0.00144946,0.0216361,0.105088,0.205886
