,Mkt-RF,SMB,HML,RF,UMD,RMW,CMA,STREV,LTREV
1926-02,,,,,,,,-0.0184,
1926-03,,,,,,,,-0.057699999999999994,
1926-04,,,,,,,,-0.0103,
1926-05,,,,,,,,-0.013000000000000001,
1926-06,,,,,,,,0.04,
1926-07,0.028900000000000002,-0.0242,-0.0275,0.0022,,,,-0.0182,
1926-08,0.0264,-0.0144,0.041299999999999996,0.0025,,,,0.0143,
1926-09,0.0038,-0.013600000000000001,0.0005,0.0023,,,,-0.0007000000000000001,
1926-10,-0.0327,-0.0018,0.0078000000000000005,0.0032,,,,-0.0204,
1926-11,0.0254,-0.0017000000000000001,-0.0048,0.0031,,,,0.009899999999999999,
1926-12,0.0262,-0.0006,0.001,0.0028000000000000004,,,,0.0194,
1927-01,-0.0005,-0.004699999999999999,0.047599999999999996,0.0025,0.005699999999999999,,,-0.02,
1927-02,0.0417,-0.0023,0.0304,0.0026,-0.0151,,,-0.0124,
1927-03,0.0014000000000000002,-0.020099999999999996,-0.0232,0.003,0.0352,,,-0.0346,
1927-04,0.004699999999999999,0.0054,0.0062,0.0025,0.0435,,,-0.0355,
1927-05,0.0545,0.0149,0.0504,0.003,0.0278,,,-0.0103,
1927-06,-0.023799999999999998,0.0042,-0.015300000000000001,0.0026,0.0054,,,-0.0067,
1927-07,0.0726,-0.0327,-0.0113,0.003,0.0417,,,-0.0097,
1927-08,0.0199,-0.0077,-0.0385,0.0028000000000000004,0.013600000000000001,,,-0.011399999999999999,
1927-09,0.04769999999999999,-0.036000000000000004,-0.005699999999999999,0.0021,0.0194,,,-0.0104,
1927-10,-0.0429,0.0203,-0.0447,0.0025,-0.009000000000000001,,,-0.028399999999999998,
1927-11,0.0652,0.0278,-0.0008,0.0021,-0.0023,,,0.0471,
1927-12,0.0209,0.0098,-0.011200000000000002,0.0022,0.0311,,,-0.004,
1928-01,-0.005699999999999999,0.042,-0.0070999999999999995,0.0025,-0.0045000000000000005,,,0.0069,
1928-02,-0.0169,-0.0206,-0.0064,0.0033,-0.010700000000000001,,,0.001,
1928-03,0.08789999999999999,-0.0038,-0.0111,0.0029,0.0475,,,-0.0466,
1928-04,0.0425,0.0414,0.0325,0.0022,-0.058499999999999996,,,-0.004699999999999999,
1928-05,0.0152,0.027000000000000003,-0.03,0.0032,0.0264,,,0.033,
1928-06,-0.049,-0.037599999999999995,0.0028000000000000004,0.0031,0.0169,,,0.011699999999999999,
1928-07,0.0063,-0.013600000000000001,-0.0054,0.0032,0.0254,,,-0.0165,
1928-08,0.0669,-0.0204,-0.0213,0.0032,0.0368,,,0.0019,
1928-09,0.0287,0.024,0.0084,0.0027,0.0349,,,-0.005,
1928-10,0.0131,0.022400000000000003,-0.021400000000000002,0.0040999999999999995,0.051699999999999996,,,-0.0233,
1928-11,0.1182,-0.0182,0.0265,0.0038,0.0187,,,-0.0168,
1928-12,0.004,-0.009300000000000001,-0.0052,0.0006,0.0144,,,-0.012199999999999999,
1929-01,0.0466,-0.0335,-0.012199999999999999,0.0034000000000000002,0.024300000000000002,,,-0.0667,
1929-02,-0.0034000000000000002,-0.0033,0.0166,0.0036,0.030699999999999998,,,0.0008,
1929-03,-0.0085,-0.049100000000000005,0.015700000000000002,0.0034000000000000002,-0.0062,,,-0.0278,
1929-04,0.0147,-0.011200000000000002,0.009300000000000001,0.0036,0.0207,,,0.0076,
1929-05,-0.0638,-0.054400000000000004,-0.0152,0.0044,-0.0219,,,-0.0242,
1929-06,0.09699999999999999,-0.021400000000000002,-0.0274,0.0052,0.08310000000000001,,,0.0147,
1929-07,0.044800000000000006,-0.0387,0.026699999999999998,0.0033,0.0296,,,-0.013600000000000001,
1929-08,0.0814,-0.0975,0.0032,0.004,0.044000000000000004,,,-0.0174,
1929-09,-0.0545,0.0134,-0.0079,0.0034999999999999996,0.0296,,,0.0152,
1929-10,-0.2007,-0.0495,0.0754,0.0046,0.024399999999999998,,,-0.0208,
1929-11,-0.12869999999999998,-0.0088,0.050499999999999996,0.0037,-0.0204,,,-0.08199999999999999,
1929-12,0.0128,-0.040999999999999995,-0.0014000000000000002,0.0037,0.0542,,,0.0154,
1930-01,0.056100000000000004,0.0349,-0.0103,0.0014000000000000002,-0.0546,,,0.053099999999999994,
1930-02,0.025,0.0028000000000000004,0.0028000000000000004,0.003,0.011200000000000002,,,0.0029,
1930-03,0.0709,0.0339,0.003,0.0034999999999999996,-0.042300000000000004,,,0.0189,
1930-04,-0.020499999999999997,-0.0034999999999999996,-0.0037,0.0021,0.041299999999999996,,,-0.0019,
1930-05,-0.0166,-0.021,-0.0074,0.0026,-0.0076,,,0.0337,
1930-06,-0.16079999999999997,-0.0359,0.024,0.0027,0.0584,,,-0.068,
1930-07,0.0412,-0.0027,-0.017,0.002,-0.021400000000000002,,,0.061399999999999996,
1930-08,0.003,-0.0216,-0.0059,0.0009,0.0387,,,0.022400000000000003,
1930-09,-0.1281,-0.0241,-0.0509,0.0022,0.1159,,,-0.0359,
1930-10,-0.08779999999999999,-0.002,-0.0109,0.0009,0.06280000000000001,,,-0.0444,
1930-11,-0.0304,0.0246,-0.0381,0.0013,-0.0134,,,0.0191,
1930-12,-0.0786,-0.0467,-0.056900000000000006,0.0014000000000000002,0.1251,,,-0.023700000000000002,
1931-01,0.0625,0.0347,0.0824,0.0015,-0.111,,,0.1666,0.0083
1931-02,0.10880000000000001,0.0345,0.0163,0.0004,-0.1358,,,-0.0233,0.0167
1931-03,-0.0635,0.028300000000000002,-0.032,0.0013,0.0971,,,0.050499999999999996,0.0433
1931-04,-0.1,-0.042199999999999994,-0.0433,0.0008,0.1097,,,-0.0574,-0.0118
1931-05,-0.1329,0.052199999999999996,-0.06309999999999999,0.0009,0.0922,,,-0.0363,-0.023
1931-06,0.1393,-0.0501,0.11699999999999999,0.0008,-0.1754,,,0.1773,0.0395
1931-07,-0.0663,0.015600000000000001,-0.023,0.0006,0.0837,,,0.0818,0.037000000000000005
1931-08,0.004,-0.020499999999999997,-0.0176,0.0003,-0.0332,,,0.012,-0.0368
1931-09,-0.2874,-0.0108,-0.0713,0.0003,0.09300000000000001,,,0.0492,-0.07150000000000001
1931-10,0.0799,-0.0014000000000000002,0.0288,0.001,0.028999999999999998,,,0.18719999999999998,0.0475
1931-11,-0.09140000000000001,0.0441,-0.0521,0.0017000000000000001,0.0803,,,0.0126,0.01
1931-12,-0.1352,-0.0075,-0.09390000000000001,0.0012,0.1292,,,-0.055099999999999996,-0.0653
1932-01,-0.015700000000000002,0.0433,0.0986,0.0023,-0.09939999999999999,,,0.16469999999999999,0.0636
1932-02,0.0545,-0.026000000000000002,-0.0132,0.0023,0.0148,,,0.09369999999999999,0.0226
1932-03,-0.113,0.022099999999999998,-0.0233,0.0016,0.10039999999999999,,,-0.0078000000000000005,0.0079
1932-04,-0.1794,0.0098,0.019799999999999998,0.0011,0.0765,,,-0.028999999999999998,0.0134
1932-05,-0.2051,0.0441,-0.044199999999999996,0.0006,0.12539999999999998,,,-0.012,0.09880000000000001
1932-06,-0.0077,0.0027,0.060700000000000004,0.0002,0.0192,,,0.1583,-0.0338
1932-07,0.3361,-0.0429,0.3552,0.0002,-0.45630000000000004,,,-0.02,0.1962
1932-08,0.3712,0.1346,0.342,0.0003,-0.5261,,,-0.19690000000000002,0.2289
1932-09,-0.0294,-0.0215,-0.0737,0.0003,0.0246,,,0.0947,-0.0848
1932-10,-0.1315,-0.0259,-0.1047,0.0002,0.0462,,,-0.013500000000000002,-0.08039999999999999
1932-11,-0.0588,0.0183,-0.1319,0.0002,-0.0096,,,-0.0109,-0.078
1932-12,0.044199999999999996,-0.083,-0.0754,0.0001,0.0464,,,-0.012199999999999999,-0.08
1933-01,0.0124,0.0073,0.0646,0.0001,-0.024399999999999998,,,0.0754,0.0276
1933-02,-0.15289999999999998,-0.0263,-0.0292,-0.0003,0.046,,,0.0291,-0.0341
1933-03,0.030600000000000002,0.036000000000000004,0.0709,0.0004,0.0424,,,0.0998,0.0689
1933-04,0.3881,0.0302,0.201,0.001,-0.1705,,,-0.1258,0.3716
1933-05,0.2143,0.35960000000000003,0.1866,0.0004,-0.0554,,,-0.0013,0.3281
1933-06,0.131,0.08650000000000001,-0.016399999999999998,0.0002,0.0425,,,-0.0017000000000000001,0.095
1933-07,-0.0964,-0.0106,0.033,0.0002,-0.0034999999999999996,,,0.0833,0.0155
1933-08,0.1204,-0.0516,0.0305,0.0003,0.0754,,,0.085,0.037200000000000004
1933-09,-0.1065,-0.0058,-0.11710000000000001,0.0002,0.016399999999999998,,,-0.0022,-0.1197
1933-10,-0.0836,-0.0007000000000000001,-0.0849,0.0001,-0.0213,,,-0.0129,-0.059000000000000004
1933-11,0.09970000000000001,-0.0637,0.0227,0.0002,0.0646,,,0.0616,0.022000000000000002
1933-12,0.0182,0.0036,-0.0199,0.0002,0.0401,,,-0.0076,0.008
1934-01,0.126,0.1321,0.162,0.0005,-0.0348,,,0.0943,0.2625
1934-02,-0.025099999999999997,0.050499999999999996,0.018600000000000002,0.0002,0.0009,,,0.0236,0.0181
1934-03,0.0009,0.0245,-0.0259,0.0002,-0.0067,,,0.0134,-0.0182
1934-04,-0.0179,0.0273,-0.0383,0.0001,-0.0481,,,0.0022,-0.0321
1934-05,-0.0726,-0.0031,-0.059000000000000004,0.0001,-0.0239,,,-0.0588,-0.0728
1934-06,0.0271,-0.0218,-0.0285,0.0001,-0.0079,,,-0.0078000000000000005,-0.0379
1934-07,-0.1094,-0.0712,-0.1076,0.0001,0.08800000000000001,,,-0.0489,-0.1304
1934-08,0.0558,0.0555,0.0017000000000000001,0.0001,0.0256,,,0.1335,0.0478
1934-09,-0.0024,-0.015,-0.0121,0.0001,-0.0006,,,0.0223,-0.0013
1934-10,-0.0166,0.0123,-0.05,0.0001,0.0688,,,-0.0016,-0.041100000000000005
1934-11,0.0833,0.066,-0.021400000000000002,0.0001,0.0377,,,0.0202,0.0191
1934-12,0.0036,0.032799999999999996,-0.0316,0.0001,0.0453,,,-0.025,-0.0271
1935-01,-0.0346,0.0096,-0.0177,0.0001,0.031,,,0.021099999999999997,-0.015600000000000001
1935-02,-0.0196,0.0032,-0.0748,0.0002,0.1446,,,-0.0366,-0.0866
1935-03,-0.0371,-0.034300000000000004,-0.050300000000000004,0.0001,0.023700000000000002,,,-0.0191,-0.0087
1935-04,0.0906,-0.0158,0.0437,0.0001,-0.0475,,,0.0276,0.0533
1935-05,0.0346,-0.032,0.0245,0.0001,-0.0359,,,0.037000000000000005,0.0115
1935-06,0.0593,-0.0253,-0.0152,0.0001,0.026600000000000002,,,0.0258,0.0079
1935-07,0.0754,0.0202,0.0658,0.0001,-0.0479,,,-0.0084,0.08900000000000001
1935-08,0.0265,0.0601,0.0629,0.0001,-0.0646,,,-0.0361,0.1
1935-09,0.0262,0.0155,-0.0412,0.0001,0.08310000000000001,,,-0.0063,-0.0048
1935-10,0.0703,0.026699999999999998,-0.0233,0.0001,0.0182,,,0.0175,0.0625
1935-11,0.0487,0.04650000000000001,0.122,0.0002,-0.07139999999999999,,,0.055,0.07519999999999999
1935-12,0.0455,0.0009,0.0083,0.0001,0.037000000000000005,,,-0.0302,0.01
1936-01,0.0689,0.055999999999999994,0.10949999999999999,0.0001,-0.029500000000000002,,,-0.0147,0.1234
1936-02,0.024900000000000002,0.0084,0.0433,0.0001,0.0253,,,0.019299999999999998,0.0175
1936-03,0.0096,0.0069,-0.0159,0.0002,0.0163,,,0.016399999999999998,-0.015300000000000001
1936-04,-0.0814,-0.0599,-0.022799999999999997,0.0002,-0.0767,,,-0.0069,-0.0721
1936-05,0.0519,0.0089,0.0255,0.0002,0.025,,,0.0297,0.0333
1936-06,0.024,-0.0322,-0.011899999999999999,0.0003,0.005600000000000001,,,0.0124,-0.0245
1936-07,0.0668,0.010700000000000001,0.0253,0.0001,0.024900000000000002,,,0.0274,0.0415
1936-08,0.009899999999999999,0.0060999999999999995,0.0379,0.0002,0.006,,,-0.0040999999999999995,0.0229
1936-09,0.0097,0.031200000000000002,0.009399999999999999,0.0001,0.0141,,,0.013500000000000002,-0.0102
1936-10,0.071,-0.0235,0.025099999999999997,0.0002,0.011200000000000002,,,0.0039000000000000003,0.016
1936-11,0.0326,0.087,-0.0125,0.0001,0.0204,,,-0.023399999999999997,-0.0254
1936-12,0.002,0.0387,0.0414,0.0,0.0213,,,-0.0344,0.022400000000000003
1937-01,0.0335,0.0449,0.0278,0.0001,-0.0194,,,-0.023,0.0104
1937-02,0.0108,0.0064,0.042800000000000005,0.0002,0.027200000000000002,,,0.0225,-0.0054
1937-03,-0.0026,-0.0125,0.0704,0.0001,0.0333,,,-0.0297,-0.0182
1937-04,-0.0736,-0.037200000000000004,-0.0346,0.0003,-0.0354,,,0.0151,-0.0012
1937-05,-0.0083,-0.0069,-0.0346,0.0006,0.005699999999999999,,,0.0002,-0.0288
1937-06,-0.042300000000000004,-0.0391,-0.031200000000000002,0.0003,0.0078000000000000005,,,-0.021400000000000002,0.0103
1937-07,0.0891,0.0088,0.008100000000000001,0.0003,-0.0045000000000000005,,,0.0669,-0.0141
1937-08,-0.048799999999999996,0.0045000000000000005,-0.0225,0.0002,-0.018600000000000002,,,0.041100000000000005,-0.0213
1937-09,-0.1362,-0.07,-0.0455,0.0004,-0.0681,,,-0.063,-0.032
1937-10,-0.0959,0.0045000000000000005,-0.0152,0.0002,-0.0146,,,-0.0366,0.0245
1937-11,-0.0833,-0.0356,0.0022,0.0002,-0.0132,,,-0.0161,0.030899999999999997
1937-12,-0.0429,-0.07919999999999999,-0.004699999999999999,0.0,0.048499999999999995,,,-0.0316,0.011200000000000002
1938-01,0.0048,0.0484,-0.015300000000000001,0.0,-0.0174,,,0.0647,-0.0017000000000000001
1938-02,0.058499999999999996,0.0040999999999999995,-0.0197,0.0,-0.028399999999999998,,,0.044800000000000006,-0.037200000000000004
1938-03,-0.2391,-0.043,-0.0363,-0.0001,0.1578,,,0.0825,0.08349999999999999
1938-04,0.1448,0.064,0.0045000000000000005,0.0001,-0.09849999999999999,,,0.1418,-0.0416
1938-05,-0.038599999999999995,-0.024700000000000003,-0.0024,0.0,0.0698,,,0.0699,0.0418
1938-06,0.2389,0.042199999999999994,0.0037,0.0,-0.2487,,,0.23800000000000002,-0.1285
1938-07,0.0733,0.0669,0.022799999999999997,-0.0001,-0.0677,,,-0.0418,-0.030600000000000002
1938-08,-0.0268,-0.0248,-0.0478,0.0,0.0349,,,-0.0115,-0.0349
1938-09,0.0083,-0.0268,-0.017,0.0002,0.0242,,,0.0104,-0.0058
1938-10,0.078,0.0581,0.0504,0.0001,-0.0753,,,0.0347,0.051399999999999994
1938-11,-0.0174,-0.0255,-0.012,-0.0006,0.0332,,,0.015300000000000001,-0.0296
1938-12,0.0416,-0.0181,0.0054,0.0,0.0231,,,0.0245,-0.0124
1939-01,-0.059699999999999996,-0.0154,-0.0392,-0.0001,-0.029900000000000003,,,0.0425,-0.016200000000000003
1939-02,0.0351,0.0060999999999999995,0.0292,0.0001,0.031200000000000002,,,0.038599999999999995,0.0248
1939-03,-0.12029999999999999,-0.0475,-0.0827,-0.0001,-0.018600000000000002,,,0.049400000000000006,-0.0716
1939-04,-0.0018,0.0167,-0.003,0.0,0.0273,,,0.034,0.0115
1939-05,0.0681,0.027999999999999997,0.004699999999999999,0.0001,0.0352,,,0.0347,-0.0016
1939-06,-0.0533,-0.0109,-0.0528,0.0001,0.022400000000000003,,,0.0356,-0.0507
1939-07,0.10220000000000001,0.041299999999999996,0.0031,0.0,-0.006999999999999999,,,0.13949999999999999,0.0118
1939-08,-0.0668,-0.046900000000000004,-0.023399999999999997,-0.0001,0.059000000000000004,,,0.0704,-0.0036
1939-09,0.1689,0.2061,0.2191,0.0001,-0.3145,,,0.2002,0.1446
1939-10,-0.0053,-0.0015,-0.0471,0.0,0.0658,,,0.12960000000000002,-0.0429
1939-11,-0.0365,-0.0518,-0.0626,0.0,-0.0029,,,-0.08990000000000001,-0.0354
1939-12,0.029300000000000003,0.009300000000000001,-0.042199999999999994,0.0,0.0542,,,-0.0064,-0.019299999999999998
1940-01,-0.0241,0.004,-0.011000000000000001,0.0,0.0174,,,0.0302,0.0352
1940-02,0.0144,0.0222,0.0018,0.0,0.0167,,,0.0274,-0.0106
1940-03,0.020499999999999997,0.0127,-0.013000000000000001,0.0,-0.0055000000000000005,,,0.0183,-0.010700000000000001
1940-04,0.0022,0.04019999999999999,-0.0026,0.0,0.0336,,,0.0206,0.0129
1940-05,-0.22,-0.066,-0.038,-0.0002,0.028900000000000002,,,-0.0048,-0.0302
1940-06,0.0669,-0.0173,0.0387,0.0,-0.0246,,,0.0571,0.015300000000000001
1940-07,0.0317,0.009899999999999999,-0.0075,0.0001,0.0106,,,0.024900000000000002,-0.011200000000000002
1940-08,0.022099999999999998,-0.0018,0.0055000000000000005,-0.0001,-0.0178,,,0.012199999999999999,-0.011699999999999999
1940-09,0.0239,0.032,-0.011399999999999999,0.0,-0.0006,,,-0.005600000000000001,-0.0178
1940-10,0.030299999999999997,0.0033,0.04650000000000001,0.0,-0.0576,,,0.0029,0.003
1940-11,-0.0165,0.019799999999999998,0.0016,0.0,0.0131,,,0.01,-0.053200000000000004
1940-12,0.0069,-0.0212,-0.0089,0.0,0.0354,,,0.0226,-0.027200000000000002
1941-01,-0.0418,0.0098,0.0383,-0.0001,-0.0475,,,0.0409,0.029900000000000003
1941-02,-0.0143,-0.015600000000000001,0.0089,-0.0001,0.010700000000000001,,,0.0055000000000000005,-0.016200000000000003
1941-03,0.0084,0.0009,0.0305,0.0001,0.0246,,,0.0183,0.0058
1941-04,-0.0546,-0.0167,0.0341,-0.0001,0.030299999999999997,,,-0.0195,-0.006999999999999999
1941-05,0.0137,-0.0064,0.0060999999999999995,0.0,0.026099999999999998,,,0.0101,-0.006500000000000001
1941-06,0.0583,0.0131,0.0060999999999999995,0.0,-0.0068000000000000005,,,0.011200000000000002,-0.0031
1941-07,0.0587,0.0574,0.0724,0.0003,-0.0151,,,0.0096,0.0889
1941-08,-0.0017000000000000001,-0.0043,-0.011000000000000001,0.0001,0.0018,,,0.0084,-0.0173
1941-09,-0.0088,-0.0098,-0.0027,0.0001,-0.0167,,,-0.0040999999999999995,-0.0362
1941-10,-0.0526,-0.0207,0.0163,0.0,0.0482,,,-0.02,-0.0318
1941-11,-0.0195,-0.0108,-0.006,0.0,0.0441,,,-0.0204,-0.0176
1941-12,-0.048799999999999996,-0.0286,-0.0594,0.0001,0.004,,,-0.0191,-0.058899999999999994
1942-01,0.0079,0.0745,0.10099999999999999,0.0002,-0.0363,,,0.09570000000000001,0.1479
1942-02,-0.0246,0.0174,-0.0115,0.0001,-0.0072,,,0.0089,0.0128
1942-03,-0.066,0.0187,-0.0060999999999999995,0.0001,-0.0026,,,-0.019,-0.0012
1942-04,-0.0437,-0.0044,0.0209,0.0001,-0.0083,,,0.006500000000000001,-0.0008
1942-05,0.0596,-0.032,-0.026699999999999998,0.0003,-0.04769999999999999,,,-0.0036,-0.035
1942-06,0.0268,-0.0128,0.0043,0.0002,-0.0138,,,0.0072,0.0012
1942-07,0.0351,-0.0015,0.0241,0.0003,0.008,,,0.0231,0.0356
1942-08,0.018000000000000002,-0.0008,0.013300000000000001,0.0003,-0.0008,,,0.002,0.0005
1942-09,0.0262,0.0064,0.0239,0.0003,-0.0092,,,0.0115,0.031400000000000004
1942-10,0.0682,0.0175,0.0647,0.0003,-0.0441,,,-0.013999999999999999,0.0889
1942-11,0.0013,-0.0149,-0.042300000000000004,0.0003,-0.010700000000000001,,,0.06480000000000001,-0.0321
1942-12,0.051399999999999994,-0.0255,0.0055000000000000005,0.0003,0.0318,,,0.02,0.016399999999999998
1943-01,0.0713,0.08810000000000001,0.0823,0.0003,-0.003,,,0.0579,0.1242
1943-02,0.0616,0.0484,0.0652,0.0003,-0.0163,,,-0.056299999999999996,0.096
1943-03,0.0603,0.0507,0.054900000000000004,0.0003,0.0472,,,-0.0208,0.050199999999999995
1943-04,0.008100000000000001,0.0207,0.058600000000000006,0.0003,0.058600000000000006,,,0.0089,0.0424
1943-05,0.0575,0.044000000000000004,0.032799999999999996,0.0002,0.059000000000000004,,,-0.0058,0.0557
1943-06,0.0182,-0.0103,-0.0075,0.0003,-0.0132,,,0.0208,-0.0129
1943-07,-0.0478,-0.0231,-0.0223,0.0003,-0.0451,,,0.0037,-0.020499999999999997
1943-08,0.013000000000000001,-0.0064,-0.004699999999999999,0.0003,0.009000000000000001,,,0.0232,-0.0059
1943-09,0.024,0.013000000000000001,0.014199999999999999,0.0003,0.0173,,,0.0052,0.028999999999999998
1943-10,-0.0115,0.006,0.0168,0.0003,-0.0069,,,0.030600000000000002,-0.0169
1943-11,-0.0593,-0.015700000000000002,-0.039900000000000005,0.0003,-0.0447,,,-0.0037,-0.0418
1943-12,0.0637,0.031,0.028999999999999998,0.0003,0.0592,,,0.086,0.032799999999999996
1944-01,0.0174,0.026099999999999998,0.0229,0.0003,0.0089,,,0.011399999999999999,0.0254
1944-02,0.0037,-0.0008,0.0085,0.0003,0.0034000000000000002,,,0.0025,-0.0038
1944-03,0.0246,0.0165,0.0335,0.0002,0.0262,,,-0.0022,0.0144
1944-04,-0.0169,-0.0131,-0.0106,0.0003,0.0051,,,0.019299999999999998,-0.0052
1944-05,0.0508,0.0168,0.0103,0.0003,0.019,,,0.0252,-0.0022
1944-06,0.055099999999999996,0.041100000000000005,0.0189,0.0003,-0.0579,,,-0.013300000000000001,0.0048
1944-07,-0.0149,0.0058,-0.0042,0.0003,0.0014000000000000002,,,0.030699999999999998,0.011899999999999999
1944-08,0.015600000000000001,0.023700000000000002,-0.0144,0.0003,0.047400000000000005,,,0.0231,0.005600000000000001
1944-09,0.0002,0.0048,-0.012,0.0002,-0.011699999999999999,,,0.0123,0.0006
1944-10,0.0016,-0.0016,-0.0036,0.0003,-0.0132,,,0.0054,-0.0077
1944-11,0.0171,0.0034999999999999996,0.023799999999999998,0.0003,0.013600000000000001,,,0.0068000000000000005,-0.023399999999999997
1944-12,0.0404,0.0223,0.0587,0.0002,0.0335,,,-0.017,-0.0034000000000000002
1945-01,0.020099999999999996,0.0245,0.0068000000000000005,0.0003,0.0003,,,0.0336,0.0062
1945-02,0.0623,0.016200000000000003,0.0443,0.0002,0.032,,,0.0089,-0.0017000000000000001
1945-03,-0.0391,-0.0166,-0.015700000000000002,0.0002,-0.030699999999999998,,,0.0365,0.0012
1945-04,0.078,0.0048,0.0311,0.0003,0.0471,,,0.0408,-0.0183
1945-05,0.0174,0.015300000000000001,0.0034000000000000002,0.0003,0.0015,,,0.0215,-0.0087
1945-06,0.0039000000000000003,0.031400000000000004,0.042699999999999995,0.0002,0.0415,,,-0.0005,0.0097
1945-07,-0.0217,-0.014499999999999999,-0.0273,0.0003,-0.0268,,,0.0344,0.0173
1945-08,0.0622,0.016,-0.044000000000000004,0.0003,-0.013000000000000001,,,0.019299999999999998,-0.005
1945-09,0.04769999999999999,0.0174,0.0046,0.0003,0.0139,,,0.0012,-0.018600000000000002
1945-10,0.038900000000000004,0.0236,0.021400000000000002,0.0003,0.0017000000000000001,,,-0.012199999999999999,-0.0363
1945-11,0.054000000000000006,0.0418,0.0435,0.0002,0.0431,,,-0.0187,-0.0418
1945-12,0.011899999999999999,0.0216,-0.024,0.0003,0.0125,,,0.0232,-0.0144
1946-01,0.062400000000000004,0.0398,0.022799999999999997,0.0003,0.0379,,,0.018600000000000002,0.0126
1946-02,-0.0584,-0.0068000000000000005,-0.0127,0.0003,-0.0143,,,0.0288,0.020499999999999997
1946-03,0.0588,0.003,-0.0037,0.0003,0.027000000000000003,,,-0.0116,-0.0292
1946-04,0.042300000000000004,0.023700000000000002,0.0046,0.0003,0.0304,,,-0.045,-0.0058
1946-05,0.0394,0.0148,0.011000000000000001,0.0003,-0.0058,,,0.0219,-0.0209
1946-06,-0.038900000000000004,-0.0155,-0.0053,0.0003,-0.025099999999999997,,,0.015300000000000001,0.015700000000000002
1946-07,-0.0269,-0.0191,0.0005,0.0003,0.0022,,,-0.0059,0.018600000000000002
1946-08,-0.0646,-0.018000000000000002,0.006,0.0003,-0.0005,,,-0.0111,0.0229
1946-09,-0.1018,-0.0443,-0.0197,0.0003,0.006999999999999999,,,-0.029500000000000002,0.0575
1946-10,-0.0144,0.0017000000000000001,0.0345,0.0003,0.0091,,,0.0109,0.0121
1946-11,-0.0002,-0.0037,0.015300000000000001,0.0003,0.0028000000000000004,,,-0.0002,0.0353
1946-12,0.049699999999999994,0.0,-0.0141,0.0003,0.0009,,,0.0,0.004
1947-01,0.0125,0.022000000000000002,-0.0074,0.0003,-0.0632,,,0.0466,-0.0036
1947-02,-0.0109,0.006999999999999999,0.0014000000000000002,0.0003,-0.0049,,,0.0083,0.0064
1947-03,-0.0168,-0.016,0.0060999999999999995,0.0003,0.040999999999999995,,,0.0032,0.0297
1947-04,-0.048,-0.0397,0.0085,0.0003,0.0541,,,-0.028300000000000002,0.0516
1947-05,-0.0096,-0.0327,0.0032,0.0003,0.0337,,,-0.020499999999999997,0.0316
1947-06,0.053,-0.0033,-0.0064,0.0003,-0.0184,,,0.0040999999999999995,-0.022400000000000003
1947-07,0.041299999999999996,0.0147,0.0276,0.0003,-0.0338,,,0.022000000000000002,-0.0369
1947-08,-0.0174,0.0033,0.0014000000000000002,0.0003,0.034,,,0.0165,0.023700000000000002
1947-09,-0.0054,0.016200000000000003,0.013600000000000001,0.0006,0.001,,,-0.0040999999999999995,-0.0054
1947-10,0.024700000000000003,0.0052,0.0011,0.0006,0.015600000000000001,,,0.0225,-0.0105
1947-11,-0.0199,-0.0169,0.010700000000000001,0.0006,0.0426,,,0.0005,0.018500000000000003
1947-12,0.0301,-0.024700000000000003,0.0374,0.0008,0.0362,,,-0.0062,-0.0013
1948-01,-0.0393,0.0252,0.0138,0.0007000000000000001,-0.04190000000000001,,,0.039900000000000005,0.011899999999999999
1948-02,-0.0438,-0.017,0.0005,0.0007000000000000001,0.0141,,,0.0072,0.0258
1948-03,0.08109999999999999,0.0012,0.0452,0.0009,-0.0034000000000000002,,,0.0605,-0.0154
1948-04,0.0365,-0.016399999999999998,0.0412,0.0008,0.040999999999999995,,,-0.0033,0.0029
1948-05,0.0732,0.0087,-0.0127,0.0008,0.0233,,,0.0106,-0.0088
1948-06,-0.0011,-0.0178,0.028399999999999998,0.0009,0.0398,,,0.0109,0.016
1948-07,-0.0508,-0.0038,0.0011,0.0008,-0.0161,,,0.0146,0.015700000000000002
1948-08,0.0024,-0.0113,0.0029,0.0009,0.002,,,0.0058,-0.0091
1948-09,-0.029900000000000003,-0.0127,-0.0177,0.0004,-0.013600000000000001,,,0.0037,0.0124
1948-10,0.0596,-0.0148,0.0058,0.0004,0.0273,,,0.0252,0.0037
1948-11,-0.0934,-0.0060999999999999995,-0.0415,0.0004,0.0058,,,0.039599999999999996,0.008199999999999999
1948-12,0.0326,-0.0285,-0.0195,0.0004,0.0466,,,0.001,0.0067
1949-01,0.0023,0.0171,0.0125,0.001,-0.0292,,,0.0433,0.0078000000000000005
1949-02,-0.029300000000000003,-0.0187,-0.0089,0.0009,-0.0043,,,-0.0111,0.0103
1949-03,0.0405,0.0248,0.0131,0.001,-0.008100000000000001,,,0.0263,-0.0052
1949-04,-0.0187,-0.0092,-0.011200000000000002,0.0009,0.0313,,,0.0055000000000000005,0.0009
1949-05,-0.0298,-0.0078000000000000005,-0.0239,0.001,0.030600000000000002,,,-0.0172,0.0129
1949-06,0.001,-0.0086,-0.0165,0.001,-0.0129,,,-0.0027,-0.0076
1949-07,0.0554,0.0055000000000000005,0.0039000000000000003,0.0009,-0.0147,,,0.0263,-0.0038
1949-08,0.0259,0.0014000000000000002,-0.0059,0.0009,0.0158,,,0.011399999999999999,-0.0148
1949-09,0.030899999999999997,0.0105,0.0023,0.0009,-0.0132,,,0.0046,-0.005699999999999999
1949-10,0.031400000000000004,0.0103,-0.0049,0.0009,0.0002,,,0.0053,-0.0023
1949-11,0.0181,-0.009399999999999999,-0.009000000000000001,0.0008,0.012199999999999999,,,0.0037,-0.0183
1949-12,0.051399999999999994,0.0208,0.0173,0.0009,-0.008199999999999999,,,0.0068000000000000005,0.0341
1950-01,0.017,0.0334,0.0015,0.0009,-0.0227,,,0.0072,0.022000000000000002
1950-02,0.0148,0.0002,-0.0079,0.0009,0.0138,,,0.011200000000000002,-0.0001
1950-03,0.0126,-0.0143,-0.0278,0.001,0.0146,,,0.0092,-0.006500000000000001
1950-04,0.0394,0.02,0.013300000000000001,0.0009,0.0027,,,0.020499999999999997,0.028900000000000002
1950-05,0.0432,-0.0213,0.004699999999999999,0.001,0.0029,,,-0.0111,-0.0285
1950-06,-0.0596,-0.0241,-0.0079,0.001,-0.0158,,,0.0104,-0.031400000000000004
1950-07,0.0137,0.0054,0.1369,0.001,-0.0052,,,0.0060999999999999995,0.0759
1950-08,0.048600000000000004,0.0074,-0.0137,0.001,0.032,,,0.0528,-0.0321
1950-09,0.0482,0.0059,-0.011000000000000001,0.001,-0.002,,,0.0034999999999999996,0.0034000000000000002
1950-10,-0.0019,-0.0066,0.013600000000000001,0.0012,0.0151,,,0.027200000000000002,-0.0045000000000000005
1950-11,0.0274,-0.0089,0.0319,0.0011,0.0352,,,0.010700000000000001,0.0078000000000000005
1950-12,0.0557,0.015300000000000001,0.0727,0.0011,0.0495,,,-0.056900000000000006,0.0738
1951-01,0.057,0.0167,0.0379,0.0013,0.0232,,,0.029900000000000003,0.0273
1951-02,0.013999999999999999,0.0014000000000000002,-0.0279,0.001,-0.0195,,,0.0254,-0.031400000000000004
1951-03,-0.0216,-0.0066,-0.0426,0.0011,-0.029300000000000003,,,-0.0034000000000000002,-0.028900000000000002
1951-04,0.048600000000000004,-0.0148,0.0326,0.0013,0.059800000000000006,,,0.0176,-0.0029
1951-05,-0.0236,-0.0008,-0.014199999999999999,0.0012,-0.0096,,,0.018600000000000002,-0.0167
1951-06,-0.0263,-0.0196,-0.0398,0.0012,-0.0245,,,-0.019799999999999998,-0.045700000000000005
1951-07,0.0695,-0.020499999999999997,0.02,0.0013,0.0718,,,0.039900000000000005,0.0108
1951-08,0.0429,0.0095,-0.0017000000000000001,0.0013,0.0064,,,0.0017000000000000001,-0.0040999999999999995
1951-09,0.006999999999999999,0.018600000000000002,0.0062,0.0012,0.006,,,0.0126,0.0124
1951-10,-0.0253,-0.0023,0.0018,0.0016,-0.0021,,,0.024,-0.0062
1951-11,0.0058,-0.0033,-0.0008,0.0011,0.0051,,,0.010700000000000001,-0.0033
1951-12,0.0333,-0.022400000000000003,-0.0155,0.0012,0.0175,,,0.014199999999999999,-0.0213
1952-01,0.014499999999999999,-0.006500000000000001,0.0148,0.0015,0.0137,,,0.0179,-0.0101
1952-02,-0.0264,0.0085,-0.0062,0.0012,-0.0068000000000000005,,,0.010700000000000001,0.0089
1952-03,0.0444,-0.0297,0.0223,0.0011,0.0165,,,0.0069,-0.0235
1952-04,-0.049699999999999994,0.0049,-0.0003,0.0012,-0.020099999999999996,,,0.0039000000000000003,0.0182
1952-05,0.032,-0.01,0.0002,0.0013,0.005600000000000001,,,0.0165,-0.019
1952-06,0.0384,-0.0163,0.0124,0.0015,0.0149,,,0.0074,-0.0183
1952-07,0.0091,-0.0040999999999999995,-0.0032,0.0015,-0.0055000000000000005,,,0.011000000000000001,-0.0059
1952-08,-0.0077,0.0115,0.0009,0.0015,0.0034000000000000002,,,0.0036,0.0043
1952-09,-0.0204,0.0109,-0.014199999999999999,0.0016,0.0173,,,-0.012,0.0089
1952-10,-0.0066,-0.0103,-0.0055000000000000005,0.0014000000000000002,0.0273,,,0.0077,0.0054
1952-11,0.0596,-0.0072,0.0102,0.001,0.004,,,0.0175,-0.008
1952-12,0.029300000000000003,-0.0151,0.0019,0.0016,0.0149,,,0.0207,-0.0073
1953-01,-0.0034000000000000002,0.0354,0.0128,0.0016,0.0074,,,0.0213,0.0151
1953-02,-0.0027,0.0222,-0.0005,0.0014000000000000002,0.008,,,-0.0058,0.0095
1953-03,-0.0144,-0.0021,-0.0084,0.0018,0.0014000000000000002,,,0.0048,0.01
1953-04,-0.028300000000000002,0.0026,0.0155,0.0016,0.0184,,,0.0067,0.018500000000000003
1953-05,0.0051,-0.0005,0.0025,0.0017000000000000001,0.009000000000000001,,,0.0033,-0.0125
1953-06,-0.0189,-0.0189,-0.005,0.0018,0.0,,,-0.0009,-0.009399999999999999
1953-07,0.024,-0.0104,-0.0025,0.0015,-0.0037,,,0.0085,-0.006
1953-08,-0.045599999999999995,0.0037,-0.0352,0.0017000000000000001,0.021400000000000002,,,0.0036,0.0076
1953-09,0.0021,-0.0085,-0.024399999999999998,0.0016,0.028999999999999998,,,-0.0078000000000000005,-0.0039000000000000003
1953-10,0.046,-0.013600000000000001,-0.0019,0.0013,0.0023,,,0.0022,-0.034
1953-11,0.028399999999999998,-0.013000000000000001,-0.0015,0.0008,0.0196,,,-0.0018,-0.0069
1953-12,0.0002,-0.0085,-0.028300000000000002,0.0013,0.0521,,,-0.0138,-0.0124
1954-01,0.0513,0.005,0.0345,0.0011,-0.0584,,,0.05,-0.0040999999999999995
1954-02,0.0167,-0.0018,-0.0027,0.0007000000000000001,0.0104,,,0.0123,-0.009399999999999999
1954-03,0.0366,-0.005,-0.014499999999999999,0.0008,0.0213,,,0.001,-0.0219
1954-04,0.042699999999999995,-0.0347,-0.0037,0.0009,0.0508,,,-0.014199999999999999,-0.0308
1954-05,0.031,0.0039000000000000003,0.0245,0.0005,-0.0203,,,0.026000000000000002,-0.011899999999999999
1954-06,0.0108,0.0038,0.0002,0.0006,0.0355,,,0.0192,-0.0113
1954-07,0.05,0.0105,0.0414,0.0005,0.0043,,,0.0126,0.0070999999999999995
1954-08,-0.0235,0.0268,-0.014199999999999999,0.0005,-0.0067,,,0.0208,0.0014000000000000002
1954-09,0.064,-0.0256,0.0068000000000000005,0.0009,0.0166,,,-0.0034000000000000002,-0.0335
1954-10,-0.0167,0.0060999999999999995,0.0064,0.0007000000000000001,0.0092,,,0.0033,-0.0098
1954-11,0.0941,-0.0265,0.044500000000000005,0.0006,0.0187,,,-0.0051,-0.0166
1954-12,0.054900000000000004,0.0218,0.056799999999999996,0.0008,-0.013999999999999999,,,-0.0026,-0.0004
1955-01,0.006,0.0024,0.021,0.0008,0.0147,,,0.0173,-0.0106
1955-02,0.0302,0.0155,0.0060999999999999995,0.0009,0.0104,,,0.0161,-0.018000000000000002
1955-03,-0.0015,-0.006500000000000001,0.019299999999999998,0.001,0.009899999999999999,,,0.0124,0.0003
1955-04,0.0311,-0.0175,0.0075,0.001,0.0001,,,0.013300000000000001,-0.0004
1955-05,0.009399999999999999,-0.0025,-0.0096,0.0014000000000000002,0.0060999999999999995,,,0.0007000000000000001,-0.0005
1955-06,0.0655,-0.0461,0.018500000000000003,0.001,0.0472,,,-0.008100000000000001,-0.0326
1955-07,0.0189,-0.012,0.0043,0.001,-0.0121,,,-0.0144,-0.0034999999999999996
1955-08,0.0022,-0.004699999999999999,0.0075,0.0016,0.0175,,,0.025699999999999997,0.0
1955-09,-0.0037,0.003,-0.01,0.0016,0.018000000000000002,,,0.0255,0.0006
1955-10,-0.026699999999999998,0.0147,-0.0007000000000000001,0.0018,-0.0051,,,-0.0006,-0.0009
1955-11,0.0704,-0.022000000000000002,0.0033,0.0017000000000000001,0.025699999999999997,,,0.0358,-0.031400000000000004
1955-12,0.0149,0.019799999999999998,-0.0213,0.0018,-0.0121,,,-0.0004,-0.0039000000000000003
1956-01,-0.030299999999999997,0.005,0.008,0.0022,-0.015,,,0.009399999999999999,0.0132
1956-02,0.0378,-0.0097,-0.0040999999999999995,0.0019,0.020099999999999996,,,0.029300000000000003,-0.0178
1956-03,0.0664,-0.0212,-0.0048,0.0015,0.0352,,,-0.023799999999999998,-0.0285
1956-04,0.0028000000000000004,-0.0003,-0.0014000000000000002,0.0019,0.026699999999999998,,,-0.015,-0.0115
1956-05,-0.052199999999999996,0.0149,-0.0134,0.0023,-0.0161,,,0.0197,0.0006
1956-06,0.0347,-0.015300000000000001,-0.010700000000000001,0.002,0.026699999999999998,,,0.0089,-0.0141
1956-07,0.0484,-0.0168,-0.0006,0.0022,0.0254,,,-0.0116,-0.019299999999999998
1956-08,-0.0319,0.0189,-0.0073,0.0017000000000000001,-0.0070999999999999995,,,0.0208,0.0060999999999999995
1956-09,-0.051399999999999994,0.0158,0.0176,0.0018,-0.0077,,,-0.013600000000000001,0.0104
1956-10,0.0052,-0.001,-0.0006,0.0025,0.024900000000000002,,,0.004699999999999999,-0.0039000000000000003
1956-11,0.0034999999999999996,-0.0021,0.0176,0.002,0.0342,,,-0.0144,0.024
1956-12,0.0316,-0.0004,-0.0215,0.0024,0.0379,,,0.0003,-0.0127
1957-01,-0.035699999999999996,0.0338,0.028300000000000002,0.0027,-0.030699999999999998,,,0.0359,0.0496
1957-02,-0.0207,-0.0076,-0.0066,0.0024,0.0036,,,-0.0009,0.0111
1957-03,0.0213,0.0032,-0.0054,0.0023,-0.0024,,,0.0113,-0.0062
1957-04,0.0426,-0.016,-0.0148,0.0025,0.01,,,-0.005600000000000001,-0.0183
1957-05,0.0346,-0.0109,-0.020099999999999996,0.0026,0.005600000000000001,,,0.0008,-0.021
1957-06,-0.0075,0.005699999999999999,-0.0002,0.0024,0.0072,,,-0.0084,-0.0149
1957-07,0.0066,-0.008,0.0048,0.003,-0.0007000000000000001,,,0.0052,-0.0048
1957-08,-0.0512,0.0006,-0.0045000000000000005,0.0025,0.0044,,,0.0034999999999999996,0.0215
1957-09,-0.0599,0.0006,0.0095,0.0026,0.006,,,-0.0398,0.024399999999999998
1957-10,-0.0432,-0.0246,-0.018799999999999997,0.0029,0.0203,,,-0.0345,-0.0008
1957-11,0.0231,0.004,-0.0291,0.0028000000000000004,0.0127,,,-0.0011,-0.0085
1957-12,-0.039,-0.0091,-0.0176,0.0024,0.0781,,,-0.0121,0.0178
1958-01,0.04650000000000001,0.0429,0.0434,0.0028000000000000004,-0.0757,,,0.0548,0.0256
1958-02,-0.015300000000000001,0.0075,0.0023,0.0012,0.037200000000000004,,,0.0179,0.0073
1958-03,0.0327,0.0069,-0.0103,0.0009,-0.0179,,,0.0116,-0.0069
1958-04,0.030899999999999997,-0.0069,0.016399999999999998,0.0008,0.019,,,-0.0042,0.0111
1958-05,0.0232,0.0216,-0.002,0.0011,-0.0174,,,0.0137,0.0019
1958-06,0.029300000000000003,-0.0014000000000000002,0.0031,0.0003,-0.0089,,,0.0197,-0.0069
1958-07,0.043899999999999995,0.0051,0.030699999999999998,0.0007000000000000001,-0.0358,,,0.027000000000000003,-0.0208
1958-08,0.019,0.0115,0.0033,0.0004,0.0014000000000000002,,,0.0171,0.0062
1958-09,0.0466,0.0011,0.027999999999999997,0.0019,-0.011200000000000002,,,0.0252,-0.0060999999999999995
1958-10,0.0253,0.0108,-0.0113,0.0018,0.0313,,,0.013600000000000001,-0.011699999999999999
1958-11,0.0301,0.02,-0.011699999999999999,0.0011,0.015300000000000001,,,0.0070999999999999995,-0.0031
1958-12,0.0516,-0.0207,0.0006,0.0022,-0.0070999999999999995,,,0.0174,-0.0033
1959-01,0.0070999999999999995,0.030299999999999997,0.0292,0.0021,-0.0029,,,0.0111,0.0191
1959-02,0.0095,0.0148,0.0115,0.0019,0.0344,,,0.0060999999999999995,0.0032
1959-03,0.0028000000000000004,0.0147,-0.0034000000000000002,0.0022,0.0022,,,0.0040999999999999995,-0.0039000000000000003
1959-04,0.0366,-0.0060999999999999995,-0.0124,0.002,0.0317,,,0.0077,-0.0044
1959-05,0.0173,-0.0216,0.018000000000000002,0.0022,0.015,,,-0.0078000000000000005,0.0092
1959-06,-0.0024,0.0069,0.0132,0.0024,0.031400000000000004,,,0.0088,-0.0012
1959-07,0.0318,-0.0034999999999999996,0.0027,0.0025,-0.0034999999999999996,,,-0.0011,-0.004
1959-08,-0.0138,-0.0078000000000000005,0.0044,0.0019,-0.01,,,-0.0049,-0.0111
1959-09,-0.0481,-0.0015,0.0053,0.0031,0.0078000000000000005,,,-0.0009,-0.0024
1959-10,0.0128,0.0152,-0.021,0.003,0.034300000000000004,,,0.0109,-0.0011
1959-11,0.016,0.0126,-0.0322,0.0026,0.023,,,-0.016399999999999998,-0.003
1959-12,0.0246,-0.0063,-0.0001,0.0034000000000000002,0.0103,,,0.0146,-0.0051
1960-01,-0.0698,0.0212,0.0265,0.0033,-0.0351,,,0.0368,0.009399999999999999
1960-02,0.0116,0.006,-0.0197,0.0029,0.04,,,-0.0052,-0.0083
1960-03,-0.0163,-0.0055000000000000005,-0.0275,0.0034999999999999996,0.0141,,,-0.008199999999999999,-0.015300000000000001
1960-04,-0.0171,0.0022,-0.021400000000000002,0.0019,0.028399999999999998,,,-0.023,-0.0118
1960-05,0.031200000000000002,0.0129,-0.0373,0.0027,0.0479,,,-0.0355,-0.0337
1960-06,0.0208,-0.0028000000000000004,-0.0027,0.0024,0.0089,,,0.0116,0.0006
1960-07,-0.023700000000000002,-0.0052,0.0208,0.0013,-0.0070999999999999995,,,0.011000000000000001,0.0022
1960-08,0.03,0.006999999999999999,-0.0022,0.0017000000000000001,0.0151,,,-0.0165,0.009399999999999999
1960-09,-0.06,-0.0113,0.0166,0.0016,0.0034999999999999996,,,-0.0003,0.0124
1960-10,-0.0070999999999999995,-0.0403,0.0275,0.0022,0.0126,,,-0.0219,0.0129
1960-11,0.046900000000000004,0.0036,-0.023700000000000002,0.0013,0.0363,,,0.0115,-0.0252
1960-12,0.0473,-0.0159,-0.0076,0.0016,0.013600000000000001,,,0.008,-0.005699999999999999
1961-01,0.062,0.0063,0.0362,0.0019,-0.04,,,0.0128,0.036699999999999997
1961-02,0.035699999999999996,0.0388,-0.0059,0.0014000000000000002,0.01,,,0.013300000000000001,-0.027999999999999997
1961-03,0.028900000000000002,0.0323,-0.0083,0.002,0.0432,,,0.0147,-0.030899999999999997
1961-04,0.0029,0.0009,0.0209,0.0017000000000000001,0.036699999999999997,,,0.0194,0.0086
1961-05,0.024,0.0196,0.0044,0.0018,-0.015700000000000002,,,0.035699999999999996,0.0075
1961-06,-0.0308,-0.025,-0.0012,0.002,0.003,,,0.013600000000000001,-0.0168
1961-07,0.028300000000000002,-0.019299999999999998,-0.0008,0.0018,0.0022,,,0.0134,-0.0022
1961-08,0.025699999999999997,-0.0171,-0.0029,0.0014000000000000002,0.016399999999999998,,,0.01,-0.0166
1961-09,-0.0215,-0.010700000000000001,-0.0060999999999999995,0.0017000000000000001,0.0079,,,-0.016200000000000003,-0.0274
1961-10,0.0258,-0.0165,0.0014000000000000002,0.0019,0.030699999999999998,,,-0.0141,-0.0040999999999999995
1961-11,0.044500000000000005,0.0126,-0.012,0.0015,0.013500000000000002,,,-0.0044,-0.025099999999999997
1961-12,-0.0017000000000000001,-0.0086,0.018000000000000002,0.0019,-0.0218,,,0.011699999999999999,0.0332
1962-01,-0.0387,0.0177,0.051100000000000007,0.0024,-0.0204,,,0.0092,0.0677
1962-02,0.0181,-0.011699999999999999,0.0086,0.002,-0.01,,,0.0086,0.0113
1962-03,-0.0068000000000000005,0.0066,-0.0159,0.002,0.0189,,,0.0083,-0.011200000000000002
1962-04,-0.0659,-0.008,0.0016,0.0022,0.028900000000000002,,,-0.0084,0.0053
1962-05,-0.0866,-0.0313,0.0276,0.0024,0.0040999999999999995,,,-0.0027,0.0335
1962-06,-0.085,-0.0044,0.0242,0.002,0.064,,,-0.0291,0.0171
1962-07,0.06269999999999999,0.0152,-0.0337,0.0027,0.005,,,0.0352,-0.0187
1962-08,0.0213,0.012199999999999999,-0.011200000000000002,0.0023,-0.005600000000000001,,,-0.0014000000000000002,-0.0109
1962-09,-0.052199999999999996,-0.024,0.013300000000000001,0.0021,0.039599999999999996,,,0.0241,0.0176
1962-10,-0.0005,-0.0395,0.013000000000000001,0.0026,0.0079,,,-0.0204,0.008199999999999999
1962-11,0.10890000000000001,0.025,0.0085,0.002,-0.0723,,,0.0526,0.0075
1962-12,0.0101,-0.037599999999999995,0.0032,0.0023,0.059000000000000004,,,0.050499999999999996,-0.004699999999999999
1963-01,0.049400000000000006,0.0301,0.022400000000000003,0.0025,-0.021400000000000002,,,0.0461,0.016200000000000003
1963-02,-0.024,0.0046,0.0215,0.0023,0.0252,,,0.0139,0.006999999999999999
1963-03,0.0308,-0.0258,0.021,0.0023,0.0158,,,0.0151,0.0129
1963-04,0.0451,-0.0126,0.01,0.0025,-0.0006,,,-0.0096,0.0098
1963-05,0.0176,0.0108,0.0255,0.0024,0.0029,,,0.0009,0.0241
1963-06,-0.02,-0.0032,0.006500000000000001,0.0023,0.0116,,,0.018000000000000002,-0.0022
1963-07,-0.0039000000000000003,-0.005699999999999999,-0.0084,0.0027,0.0101,0.0064,-0.0115,-0.0007000000000000001,-0.0106
1963-08,0.0508,-0.0095,0.0172,0.0025,0.01,0.004,-0.0038,0.0141,0.015300000000000001
1963-09,-0.015700000000000002,-0.0025,-0.0002,0.0027,0.0012,-0.0078000000000000005,0.0015,0.011899999999999999,-0.0012
1963-10,0.0254,-0.005699999999999999,-0.0003,0.0029,0.0313,0.0279,-0.0225,-0.015700000000000002,-0.0028000000000000004
1963-11,-0.0086,-0.0116,0.0178,0.0027,-0.0077,-0.0043,0.0227,0.0105,0.0
1963-12,0.0183,-0.0196,-0.0021,0.0029,0.0184,0.0012,-0.0025,0.0024,0.0001
1964-01,0.022400000000000003,-0.0024,0.0158,0.003,0.008100000000000001,0.0021,0.0148,-0.0019,0.001
1964-02,0.0155,0.0011,0.0277,0.0026,0.0033,0.0011,0.008100000000000001,0.0022,0.013600000000000001
1964-03,0.0141,0.0095,0.033,0.0031,0.0073,-0.0203,0.0298,0.0028000000000000004,0.0388
1964-04,0.001,-0.013500000000000002,-0.005600000000000001,0.0029,-0.0064,-0.0132,-0.0113,0.0352,-0.024900000000000002
1964-05,0.0141,-0.0084,0.0182,0.0026,0.0253,-0.0015,0.0013,-0.0128,-0.0012
1964-06,0.0127,-0.0023,0.0069,0.003,0.004699999999999999,-0.0033,0.001,0.0051,-0.0048
1964-07,0.0174,0.002,0.0079,0.003,-0.0037,0.0013,0.0183,0.0181,-0.0001
1964-08,-0.0144,0.0003,0.0007000000000000001,0.0028000000000000004,-0.0024,0.0012,0.0027,-0.011399999999999999,-0.008
1964-09,0.0269,-0.0062,0.0172,0.0028000000000000004,-0.0039000000000000003,-0.0052,0.0054,0.0126,0.0373
1964-10,0.006,0.005,0.0108,0.0029,0.0019,-0.0023,0.0049,0.0102,-0.0072
1964-11,-0.0001,0.0068000000000000005,-0.0204,0.0029,0.011000000000000001,0.0060999999999999995,-0.0025,-0.006500000000000001,-0.0163
1964-12,0.0004,-0.0027,-0.024300000000000002,0.0031,-0.006999999999999999,0.0101,-0.0149,0.0086,-0.0163
1965-01,0.0354,0.0253,0.0036,0.0028000000000000004,-0.0139,0.0101,0.0005,0.0305,0.024
1965-02,0.0044,0.0332,0.0022,0.003,0.0024,0.0026,-0.0062,-0.0053,0.0287
1965-03,-0.0134,0.0181,0.0115,0.0036,0.0017000000000000001,-0.0032,0.0062,0.0144,0.0060999999999999995
1965-04,0.0311,0.0111,0.0073,0.0031,0.0253,0.0034999999999999996,-0.022000000000000002,0.004,0.0018
1965-05,-0.0078000000000000005,0.0005,-0.0155,0.0031,0.005600000000000001,-0.004699999999999999,0.0055000000000000005,0.002,-0.0004
1965-06,-0.055099999999999996,-0.0407,0.0023,0.0034999999999999996,-0.0318,0.0023,0.0042,0.0022,-0.0184
1965-07,0.0144,0.0086,0.0219,0.0031,0.0409,-0.0141,-0.0008,0.0264,0.0152
1965-08,0.0273,0.0285,-0.0098,0.0033,0.025699999999999997,0.0203,-0.008100000000000001,-0.0144,0.0161
1965-09,0.0286,0.0063,-0.0014000000000000002,0.0031,0.032799999999999996,-0.0085,0.0073,-0.013500000000000002,0.0199
1965-10,0.026000000000000002,0.0252,0.0155,0.0031,0.0344,0.011899999999999999,-0.0076,-0.0123,0.009000000000000001
1965-11,-0.0003,0.046900000000000004,0.0016,0.0034999999999999996,0.0441,-0.0108,-0.0087,-0.0241,0.0102
1965-12,0.0101,0.0207,0.0215,0.0033,-0.001,-0.013000000000000001,-0.0055000000000000005,0.026600000000000002,-0.003
1966-01,0.0072,0.04019999999999999,0.0327,0.0038,0.0525,-0.0265,-0.0026,0.0045000000000000005,0.0151
1966-02,-0.0121,0.0444,0.0038,0.0034999999999999996,0.045899999999999996,-0.0016,-0.014499999999999999,-0.027200000000000002,0.0138
1966-03,-0.025099999999999997,0.0086,-0.0213,0.0038,0.0146,0.0129,-0.0005,-0.0037,0.0055000000000000005
1966-04,0.0213,0.0344,-0.0036,0.0034000000000000002,0.0593,0.0042,-0.0092,-0.006500000000000001,0.015
1966-05,-0.0567,-0.046,-0.016,0.0040999999999999995,-0.0473,0.016399999999999998,-0.0148,0.0345,-0.009399999999999999
1966-06,-0.0144,0.0102,0.0049,0.0038,0.032400000000000005,0.0008,0.0079,0.025,0.0141
1966-07,-0.0163,-0.0034000000000000002,0.0091,0.0034999999999999996,-0.013000000000000001,-0.0034999999999999996,0.0172,0.013000000000000001,-0.0040999999999999995
1966-08,-0.0794,-0.0327,0.0051,0.0040999999999999995,-0.022099999999999998,-0.0068000000000000005,0.008,0.0024,0.022000000000000002
1966-09,-0.0106,-0.009899999999999999,0.004699999999999999,0.004,-0.0187,-0.0118,0.023399999999999997,0.0101,-0.015700000000000002
1966-10,0.038599999999999995,-0.06559999999999999,0.0268,0.0045000000000000005,-0.052000000000000005,-0.0388,0.042,-0.014499999999999999,0.0009
1966-11,0.0138,0.0416,-0.047400000000000005,0.004,0.0576,0.0479,-0.0663,0.0897,-0.0014000000000000002
1966-12,0.0013,0.0199,-0.010700000000000001,0.004,0.009899999999999999,0.0026,-0.0024,0.0022,0.0034000000000000002
1967-01,0.0815,0.0823,0.0222,0.0043,-0.0694,0.0148,-0.0323,0.0355,0.0053
1967-02,0.0077,0.0333,-0.0225,0.0036,0.0351,0.017,-0.0096,0.0125,0.022099999999999998
1967-03,0.039900000000000005,0.0154,0.0040999999999999995,0.0039000000000000003,0.0139,0.0092,-0.0158,0.018799999999999997,-0.0072
1967-04,0.038900000000000004,0.0043,-0.0227,0.0032,0.0052,0.0304,-0.0369,0.0055000000000000005,-0.0369
1967-05,-0.0432,0.0209,0.0084,0.0033,0.006500000000000001,-0.0121,0.016399999999999998,0.018000000000000002,-0.0029
1967-06,0.0242,0.0588,0.0078000000000000005,0.0027,0.0601,-0.008,-0.025099999999999997,-0.0109,-0.0046
1967-07,0.0458,0.0319,0.0278,0.0032,-0.0108,0.0045000000000000005,0.026600000000000002,0.0001,-0.0158
1967-08,-0.009000000000000001,0.0043,0.0143,0.0031,-0.013300000000000001,0.003,0.013500000000000002,0.0063,0.0033
1967-09,0.031,0.0302,-0.0242,0.0032,0.0239,0.0022,-0.009300000000000001,-0.0058,-0.0087
1967-10,-0.0308,0.0147,-0.0329,0.0039000000000000003,0.0364,0.0097,-0.0274,-0.0241,0.0027
1967-11,0.0037,0.0017000000000000001,-0.017,0.0036,0.012199999999999999,0.0131,-0.022799999999999997,0.0022,-0.0213
1967-12,0.0305,0.0565,-0.0059,0.0033,0.0321,-0.0074,-0.0003,-0.0002,0.0177
1968-01,-0.0403,0.039900000000000005,0.048499999999999995,0.004,-0.0449,-0.0489,0.0646,0.0374,0.061
1968-02,-0.0374,-0.029500000000000002,0.0125,0.0039000000000000003,-0.0336,-0.0008,0.0246,-0.0079,0.0254
1968-03,0.0021,-0.0128,-0.0066,0.0038,0.0319,0.010700000000000001,-0.0115,0.0148,-0.024
1968-04,0.0902,0.0567,-0.0111,0.0043,0.0513,0.0279,-0.0373,-0.0068000000000000005,-0.0472
1968-05,0.022799999999999997,0.06309999999999999,0.0079,0.0045000000000000005,0.0377,0.0049,-0.0192,-0.021,-0.019299999999999998
1968-06,0.006999999999999999,-0.0018,0.006500000000000001,0.0043,-0.021,-0.015600000000000001,0.027999999999999997,0.036699999999999997,0.0275
1968-07,-0.0269,-0.0127,0.0533,0.0048,-0.0088,-0.0318,0.0377,-0.013600000000000001,0.0625
1968-08,0.013500000000000002,0.0239,0.0098,0.0042,0.019299999999999998,-0.0066,0.005,0.006500000000000001,0.008100000000000001
1968-09,0.0405,0.0274,0.003,0.0043,-0.0068000000000000005,-0.0194,0.0087,-0.0031,-0.0011
1968-10,0.0043,-0.0052,0.0282,0.0044,-0.0144,-0.013600000000000001,0.0286,0.0134,0.026600000000000002
1968-11,0.054299999999999994,0.0233,-0.0095,0.0042,0.0179,0.0044,-0.025099999999999997,0.0337,-0.023799999999999998
1968-12,-0.0393,0.0338,0.0004,0.0043,0.0032,-0.0191,0.0191,0.0239,-0.009000000000000001
1969-01,-0.0125,-0.0062,0.0167,0.0053,-0.0013,-0.0152,0.0129,0.0242,0.0255
1969-02,-0.058600000000000006,-0.039599999999999996,0.0088,0.0046,-0.025,0.0199,0.0075,0.0233,0.023799999999999998
1969-03,0.026600000000000002,-0.0026,-0.0043,0.0046,0.0406,-0.0134,-0.0048,0.0017000000000000001,0.0001
1969-04,0.0146,-0.008199999999999999,0.0003,0.0053,0.011000000000000001,0.0028000000000000004,-0.0015,-0.0104,0.001
1969-05,-0.0009,-0.0031,0.0062,0.0048,0.0177,-0.0087,0.0104,0.0137,0.0149
1969-06,-0.0719,-0.0535,-0.0109,0.0051,-0.023,0.042699999999999995,-0.016200000000000003,0.002,0.0152
1969-07,-0.07,-0.032400000000000005,0.0118,0.0053,0.0181,0.0151,0.0184,-0.016399999999999998,0.0304
1969-08,0.046900000000000004,0.008100000000000001,-0.0375,0.005,0.021,0.0106,-0.0398,0.032,-0.0461
1969-09,-0.0297,0.0123,-0.0322,0.0062,0.0241,0.0336,-0.0062,0.0054,-0.0104
1969-10,0.0506,0.0392,-0.031200000000000002,0.006,-0.0436,0.0008,-0.0208,-0.0034000000000000002,-0.0167
1969-11,-0.038,-0.0255,-0.0125,0.0052,0.0368,0.013999999999999999,0.0021,0.0098,-0.0053
1969-12,-0.0263,-0.0368,-0.0288,0.0064,0.0527,0.0255,-0.0192,-0.028300000000000002,0.0018
1970-01,-0.081,0.0291,0.0317,0.006,0.005600000000000001,-0.0175,0.039599999999999996,-0.0027,0.0417
1970-02,0.051399999999999994,-0.0239,0.0369,0.0062,0.0027,-0.0241,0.0287,0.0286,0.023799999999999998
1970-03,-0.0106,-0.0231,0.0408,0.005699999999999999,-0.0037,-0.0106,0.044199999999999996,0.0066,0.0519
1970-04,-0.1099,-0.061399999999999996,0.061399999999999996,0.005,-0.0083,-0.0063,0.059000000000000004,-0.0455,0.06849999999999999
1970-05,-0.069,-0.0461,0.0332,0.0053,-0.026600000000000002,-0.0129,0.0379,-0.032400000000000005,0.0409
1970-06,-0.057999999999999996,-0.0208,0.0044,0.0058,0.056299999999999996,0.0014000000000000002,0.0271,-0.0006,0.0323
1970-07,0.0692,-0.0054,0.0088,0.0052,-0.0311,-0.0032,0.0172,0.0398,0.016
1970-08,0.045,0.0148,0.0139,0.0053,-0.0673,0.0058,-0.0014000000000000002,0.0147,-0.006
1970-09,0.0418,0.0863,-0.054400000000000004,0.0054,-0.0864,0.0024,-0.0601,0.0055000000000000005,-0.0755
1970-10,-0.0227,-0.0417,0.0023,0.0046,0.0946,0.0181,0.0226,0.0676,0.009300000000000001
1970-11,0.0462,-0.0397,0.015600000000000001,0.0046,0.026000000000000002,0.0155,0.013999999999999999,-0.0048,0.0203
1970-12,0.0574,0.0282,0.010700000000000001,0.0042,-0.0229,0.0029,0.0028000000000000004,0.024900000000000002,0.0108
1971-01,0.0483,0.0727,0.015700000000000002,0.0038,-0.06849999999999999,-0.0203,-0.0005,0.019299999999999998,0.0127
1971-02,0.0141,0.018600000000000002,-0.0125,0.0033,0.0083,0.006500000000000001,-0.0078000000000000005,0.0166,-0.0036
1971-03,0.0412,0.026000000000000002,-0.04,0.003,-0.013600000000000001,0.0178,-0.026699999999999998,0.0008,-0.018799999999999997
1971-04,0.0315,-0.0049,0.0089,0.0028000000000000004,0.0134,-0.014499999999999999,0.0084,0.0078000000000000005,0.0154
1971-05,-0.039900000000000005,-0.0103,-0.013300000000000001,0.0029,0.009300000000000001,0.0151,0.0021,0.005,-0.0066
1971-06,-0.0009,-0.015300000000000001,-0.019799999999999998,0.0037,0.0269,0.0159,-0.0169,-0.0098,-0.01
1971-07,-0.0449,-0.0151,-0.0002,0.004,-0.0232,0.0058,0.0139,0.0134,-0.028999999999999998
1971-08,0.0379,-0.0022,0.0264,0.004699999999999999,0.0345,-0.0043,0.0259,0.056299999999999996,0.018799999999999997
1971-09,-0.0086,0.005,-0.028999999999999998,0.0037,0.021,0.0254,-0.0158,0.0031,-0.017
1971-10,-0.044199999999999996,-0.0175,-0.0051,0.0037,0.005,0.015600000000000001,-0.0139,-0.0124,-0.0002
1971-11,-0.0046,-0.0277,-0.0167,0.0037,0.0151,0.0241,-0.0044,-0.008,-0.0088
1971-12,0.08710000000000001,0.0329,-0.0038,0.0037,-0.0060999999999999995,-0.0043,-0.0168,0.0368,0.0075
1972-01,0.024700000000000003,0.0584,0.0212,0.0029,0.0007000000000000001,-0.0169,0.0054,-0.0059,0.0296
1972-02,0.0287,0.0132,-0.028300000000000002,0.0025,0.0253,0.0169,-0.005,-0.0015,-0.014199999999999999
1972-03,0.0062,-0.0029,-0.0161,0.0027,0.0294,0.0158,-0.002,0.014499999999999999,-0.0155
1972-04,0.0029,0.0016,0.0003,0.0029,0.0279,-0.0040999999999999995,-0.0106,0.0013,-0.0034999999999999996
1972-05,0.0129,-0.0271,-0.027200000000000002,0.003,0.0333,0.024,-0.0197,-0.0089,-0.012
1972-06,-0.024300000000000002,0.0028000000000000004,-0.0246,0.0029,0.019,0.0178,-0.0034999999999999996,-0.0173,-0.011399999999999999
1972-07,-0.008,-0.028999999999999998,0.006,0.0031,0.0268,0.012,-0.0070999999999999995,-0.0235,-0.0024
1972-08,0.0327,-0.039900000000000005,0.045599999999999995,0.0029,-0.0536,-0.0204,0.028999999999999998,0.0076,0.030600000000000002
1972-09,-0.011399999999999999,-0.026600000000000002,0.0049,0.0034000000000000002,0.0182,0.0165,-0.0197,0.0148,-0.0125
1972-10,0.0052,-0.0273,0.012199999999999999,0.004,0.006999999999999999,-0.0011,0.0003,-0.0091,0.002
1972-11,0.046,-0.0118,0.048799999999999996,0.0037,-0.0508,-0.019799999999999998,0.0334,0.032799999999999996,0.0139
1972-12,0.0062,-0.0195,-0.0218,0.0037,0.0495,0.0258,-0.021400000000000002,0.038599999999999995,-0.0233
1973-01,-0.0327,-0.0349,0.027000000000000003,0.0044,0.0382,0.004,0.009000000000000001,-0.014199999999999999,-0.0012
1973-02,-0.048499999999999995,-0.038900000000000004,0.016399999999999998,0.0042,0.0218,-0.0029,0.0005,-0.0217,-0.0017000000000000001
1973-03,-0.013000000000000001,-0.0278,0.025699999999999997,0.0046,0.0355,-0.0096,0.005,0.0040999999999999995,0.0088
1973-04,-0.056799999999999996,-0.0384,0.053899999999999997,0.0052,0.0635,-0.0155,0.0252,-0.0066,0.0248
1973-05,-0.0297,-0.06269999999999999,0.0038,0.0051,0.0718,0.0197,-0.017,-0.011000000000000001,-0.0253
1973-06,-0.015700000000000002,-0.028399999999999998,0.011399999999999999,0.0051,0.0431,-0.002,0.0009,0.0004,-0.0036
1973-07,0.0504,0.07919999999999999,-0.0526,0.0064,-0.1166,-0.0009,-0.0323,0.09519999999999999,0.0051
1973-08,-0.0382,-0.02,0.0103,0.006999999999999999,0.0359,-0.0132,0.0125,0.0166,0.003
1973-09,0.047400000000000005,0.029300000000000003,0.0222,0.0068000000000000005,-0.0698,-0.0222,0.0175,0.0165,0.057
1973-10,-0.0083,-0.0021,0.0166,0.006500000000000001,0.0678,-0.0199,0.0273,0.0191,0.0222
1973-11,-0.1278,-0.07719999999999999,0.0409,0.005600000000000001,0.08779999999999999,-0.0277,0.016399999999999998,-0.0471,-0.024
1973-12,0.0059,-0.054000000000000006,0.0401,0.0064,0.1016,-0.028900000000000002,0.0242,0.0054,0.0256
1974-01,-0.0016,0.0968,0.059500000000000004,0.0063,-0.0891,-0.0292,0.0449,0.0926,0.0764
1974-02,-0.0046,0.0,0.024700000000000003,0.0058,0.0037,-0.018500000000000003,0.026699999999999998,0.0078000000000000005,0.0436
1974-03,-0.0282,0.025,-0.0014000000000000002,0.005600000000000001,-0.01,0.028999999999999998,0.0045000000000000005,0.0417,-0.0028000000000000004
1974-04,-0.0528,-0.0068000000000000005,0.0092,0.0075,0.0206,0.0271,0.0213,-0.013300000000000001,0.012199999999999999
1974-05,-0.047,-0.029300000000000003,-0.0208,0.0075,-0.0029,0.0501,-0.0033,-0.0262,-0.028900000000000002
1974-06,-0.028399999999999998,-0.0024,0.0083,0.006,0.0232,0.005,0.0298,-0.0096,-0.019299999999999998
1974-07,-0.0806,0.0078000000000000005,0.0516,0.006999999999999999,0.03,-0.032,0.045,0.0087,0.0319
1974-08,-0.09390000000000001,-0.0069,0.026099999999999998,0.006,0.030299999999999997,-0.0029,0.0259,0.02,0.020499999999999997
1974-09,-0.11789999999999999,0.0027,0.054299999999999994,0.008100000000000001,0.0424,-0.0433,0.0582,0.0321,0.009399999999999999
1974-10,0.1611,-0.034300000000000004,-0.09910000000000001,0.0051,-0.0052,-0.0029,-0.0291,0.0877,-0.052300000000000006
1974-11,-0.0453,-0.011699999999999999,-0.0025,0.0054,0.022000000000000002,-0.0342,0.028999999999999998,-0.0040999999999999995,0.0005
1974-12,-0.0344,-0.047400000000000005,0.0012,0.006999999999999999,0.0298,-0.0076,0.0338,-0.0055000000000000005,-0.04019999999999999
1975-01,0.1367,0.1106,0.08259999999999999,0.0058,-0.1379,-0.0054,-0.0105,0.1465,0.146
1975-02,0.0556,0.0012,-0.0447,0.0043,-0.0058,0.011699999999999999,-0.021099999999999997,0.0452,0.0017000000000000001
1975-03,0.026600000000000002,0.0375,0.0242,0.0040999999999999995,-0.0207,0.0125,-0.0134,0.0351,0.0496
1975-04,0.042199999999999994,-0.0064,-0.0113,0.0044,0.0152,0.0139,-0.0137,-0.0046,-0.0192
1975-05,0.052000000000000005,0.0393,-0.0405,0.0044,-0.0058,-0.0113,-0.005600000000000001,0.0381,0.020499999999999997
1975-06,0.0487,0.008100000000000001,0.013500000000000002,0.0040999999999999995,-0.0005,-0.027000000000000003,0.010700000000000001,0.0325,0.024700000000000003
1975-07,-0.066,0.026600000000000002,0.0176,0.0048,0.0034999999999999996,0.0046,0.0124,0.0125,0.009000000000000001
1975-08,-0.028399999999999998,-0.0317,-0.0091,0.0048,-0.0016,0.011000000000000001,-0.009899999999999999,0.0062,-0.0236
1975-09,-0.0426,-0.0016,0.0033,0.0053,0.004,0.005699999999999999,0.005699999999999999,-0.0038,-0.0144
1975-10,0.053200000000000004,-0.0408,0.0034999999999999996,0.005600000000000001,-0.0022,-0.005,0.022799999999999997,0.0155,0.008
1975-11,0.0265,-0.012199999999999999,0.0203,0.0040999999999999995,-0.005,-0.0066,0.0174,-0.025699999999999997,0.0204
1975-12,-0.016,-0.0087,0.017,0.0048,-0.001,-0.0011,0.0077,0.0349,-0.0033
1976-01,0.1215,0.0487,0.0863,0.004699999999999999,0.043899999999999995,-0.0175,0.0233,0.0291,0.0924
1976-02,0.0031,0.0697,0.0571,0.0034000000000000002,0.0038,-0.0253,0.037000000000000005,-0.024300000000000002,0.0501
1976-03,0.0232,-0.011699999999999999,-0.0011,0.004,0.0023,-0.0038,0.009899999999999999,0.0444,0.0023
1976-04,-0.0149,-0.0008,-0.0016,0.0042,0.0053,0.0045000000000000005,-0.0105,0.0212,-0.0177
1976-05,-0.0134,-0.011899999999999999,-0.0129,0.0037,-0.0106,0.024300000000000002,-0.0139,-0.0088,-0.0342
1976-06,0.0406,-0.0132,0.0073,0.0043,-0.0044,-0.0066,0.0102,0.0064,0.0192
1976-07,-0.0106,0.0028000000000000004,0.0174,0.004699999999999999,-0.0015,-0.0103,0.003,0.0169,0.0032
1976-08,-0.005699999999999999,-0.020499999999999997,0.0079,0.0042,-0.0078000000000000005,-0.004,-0.005699999999999999,-0.02,0.0039000000000000003
1976-09,0.0206,0.0008,-0.0031,0.0044,0.002,0.0098,-0.011399999999999999,-0.0028000000000000004,-0.0038
1976-10,-0.0242,0.0014000000000000002,-0.0017000000000000001,0.0040999999999999995,-0.0042,-0.0019,-0.0037,0.011399999999999999,-0.0161
1976-11,0.0036,0.023399999999999997,0.015300000000000001,0.004,0.0281,-0.0131,0.0007000000000000001,0.0058,0.0132
1976-12,0.0565,0.030299999999999997,0.0223,0.004,0.0075,-0.0072,0.0241,0.036000000000000004,0.028399999999999998
1977-01,-0.0403,0.0475,0.0432,0.0036,0.0405,-0.0054,0.019299999999999998,0.005600000000000001,0.0087
1977-02,-0.0194,0.0103,0.0045000000000000005,0.0034999999999999996,0.0034999999999999996,-0.0021,-0.0019,0.0138,-0.0148
1977-03,-0.013500000000000002,0.009899999999999999,0.0109,0.0038,0.0068000000000000005,-0.0032,-0.0011,0.0108,-0.0072
1977-04,0.0015,-0.0013,0.0338,0.0038,0.04190000000000001,-0.019799999999999998,0.0104,-0.0113,0.0025
1977-05,-0.0147,0.0125,0.008100000000000001,0.0037,0.020099999999999996,0.0043,0.0022,-0.0034000000000000002,0.0025
1977-06,0.0472,0.0207,-0.0062,0.004,0.016,0.0091,-0.0127,0.0014000000000000002,0.0323
1977-07,-0.0169,0.0209,-0.006,0.0042,0.004,0.0076,0.0012,0.0102,0.013999999999999999
1977-08,-0.0176,0.0155,-0.0277,0.0044,-0.0163,0.0103,-0.0067,-0.0072,0.0347
1977-09,-0.0027,0.015,-0.0026,0.0043,0.0209,0.0091,-0.006500000000000001,0.0073,0.0044
1977-10,-0.043899999999999995,0.011899999999999999,0.016200000000000003,0.0049,-0.0011,-0.0008,-0.0046,0.015700000000000002,-0.0129
1977-11,0.04,0.0368,0.0023,0.005,0.021400000000000002,-0.0008,0.0068000000000000005,0.0219,0.0321
1977-12,0.0027,0.013600000000000001,-0.0029,0.0049,0.016,0.009300000000000001,-0.0066,-0.0011,-0.0166
1978-01,-0.06,0.022799999999999997,0.0338,0.0049,-0.005699999999999999,-0.0179,0.015600000000000001,0.0103,0.014499999999999999
1978-02,-0.0139,0.0359,0.008100000000000001,0.0046,0.0196,0.003,0.0105,0.0115,-0.006999999999999999
1978-03,0.0285,0.0344,0.0115,0.0053,0.014499999999999999,-0.0055000000000000005,0.02,-0.003,0.008100000000000001
1978-04,0.0787,0.0036,-0.0354,0.0054,0.0049,0.0288,-0.0127,0.0015,0.0178
1978-05,0.0176,0.0453,-0.0055000000000000005,0.0051,0.0276,0.002,0.0029,0.0003,-0.0003
1978-06,-0.0169,0.0174,0.006,0.0054,0.0279,-0.0141,-0.0012,0.0129,0.0005
1978-07,0.0512,0.0029,-0.01,0.005600000000000001,0.04190000000000001,0.0147,-0.0073,0.0087,0.0067
1978-08,0.0378,0.0506,-0.0066,0.005600000000000001,0.03,0.015700000000000002,0.005,0.008,-0.006500000000000001
1978-09,-0.0144,-0.0049,0.018799999999999997,0.0062,-0.0319,-0.0069,0.015700000000000002,0.0374,-0.0064
1978-10,-0.11900000000000001,-0.0989,0.0126,0.0068000000000000005,-0.08470000000000001,0.0017000000000000001,0.011399999999999999,-0.018600000000000002,-0.0027
1978-11,0.0271,0.030600000000000002,-0.0208,0.006999999999999999,0.0545,0.0109,-0.011899999999999999,0.0901,-0.009000000000000001
1978-12,0.0087,0.011899999999999999,-0.021400000000000002,0.0078000000000000005,0.0302,0.020099999999999996,-0.0147,-0.0043,0.0021
1979-01,0.042199999999999994,0.0355,0.0219,0.0077,-0.014199999999999999,-0.024,0.0158,0.0565,-0.0063
1979-02,-0.0356,0.0044,0.011699999999999999,0.0073,-0.009899999999999999,-0.0111,0.0096,0.0125,0.0089
1979-03,0.0567,0.032,-0.0068000000000000005,0.008100000000000001,0.0291,0.0054,0.0029,0.0152,-0.0029
1979-04,-0.0007000000000000001,0.0217,0.011200000000000002,0.008,0.0088,0.011399999999999999,0.0024,-0.0042,-0.0043
1979-05,-0.022000000000000002,0.0021,0.0132,0.008199999999999999,-0.0058,-0.015600000000000001,-0.0031,0.011399999999999999,0.0069
1979-06,0.0384,0.0113,0.014199999999999999,0.008100000000000001,0.0076,-0.0158,-0.005600000000000001,0.0123,-0.0258
1979-07,0.0083,0.0129,0.0178,0.0077,-0.010700000000000001,-0.0031,0.0052,0.0064,-0.0199
1979-08,0.0554,0.019799999999999998,-0.0158,0.0077,-0.0029,0.0165,-0.0144,0.0083,-0.0168
1979-09,-0.0083,-0.0026,-0.009399999999999999,0.0083,0.0528,0.0097,0.0052,-0.016399999999999998,0.0017000000000000001
1979-10,-0.081,-0.0338,-0.0183,0.0087,0.0206,0.0105,0.0013,-0.0194,0.0148
1979-11,0.052199999999999996,0.0281,-0.0321,0.009899999999999999,0.0806,-0.0007000000000000001,-0.0181,0.0138,-0.021400000000000002
1979-12,0.0178,0.041299999999999996,-0.0213,0.0095,0.0473,-0.0074,-0.0104,-0.0196,-0.0042
1980-01,0.055,0.016200000000000003,0.018500000000000003,0.008,0.0746,-0.017,0.019299999999999998,-0.0341,-0.0054
1980-02,-0.0123,-0.018600000000000002,0.0059,0.0089,0.0791,0.0007000000000000001,0.0294,-0.0495,-0.0007000000000000001
1980-03,-0.129,-0.067,-0.0096,0.0121,-0.0959,0.015700000000000002,-0.010700000000000001,0.085,0.0265
1980-04,0.0395,0.0105,0.0103,0.0126,-0.005,-0.0212,0.0033,0.0138,-0.0002
1980-05,0.0526,0.020499999999999997,0.0038,0.008100000000000001,-0.0118,0.0038,-0.0062,0.0286,0.0087
1980-06,0.0298,0.0166,-0.008,0.0060999999999999995,0.0158,-0.0015,-0.008199999999999999,0.0223,-0.0271
1980-07,0.06509999999999999,0.040999999999999995,-0.0629,0.0053,0.0032,0.0406,-0.024399999999999998,0.0294,-0.016399999999999998
1980-08,0.0175,0.039,-0.0246,0.0064,0.0308,0.020499999999999997,-0.0073,-0.0078000000000000005,-0.0154
1980-09,0.0219,0.0096,-0.0461,0.0075,0.054400000000000004,0.019,-0.0286,-0.0147,-0.0177
1980-10,0.0104,0.0239,-0.029300000000000003,0.0095,0.07139999999999999,0.0177,-0.0143,-0.0203,-0.0256
1980-11,0.096,-0.0327,-0.08109999999999999,0.0096,0.1519,0.0426,-0.0552,-0.09759999999999999,-0.0782
1980-12,-0.0446,-0.0028000000000000004,0.027999999999999997,0.0131,-0.0669,-0.0127,0.0127,0.0643,0.0344
1981-01,-0.0506,0.0291,0.0674,0.0104,-0.079,-0.0338,0.042699999999999995,-0.0226,0.07429999999999999
1981-02,0.0060999999999999995,-0.004699999999999999,0.0097,0.010700000000000001,-0.0138,0.0026,0.0206,-0.023700000000000002,0.0253
1981-03,0.036699999999999997,0.0334,0.0060999999999999995,0.0121,0.0083,-0.0227,-0.005600000000000001,0.016399999999999998,0.0139
1981-04,-0.0216,0.045,0.022799999999999997,0.0108,-0.0108,0.008100000000000001,0.0154,-0.014499999999999999,0.0277
1981-05,0.0013,0.0194,-0.0043,0.0115,0.0355,0.004699999999999999,-0.0178,-0.0379,0.0165
1981-06,-0.023399999999999997,-0.0083,0.051399999999999994,0.013500000000000002,-0.056900000000000006,-0.0129,0.0269,0.047599999999999996,0.0109
1981-07,-0.0155,-0.0207,-0.0060999999999999995,0.0124,-0.0245,0.0108,-0.026600000000000002,-0.005699999999999999,-0.0356
1981-08,-0.0702,-0.0195,0.0471,0.0128,-0.0109,-0.0031,0.0138,-0.0060999999999999995,0.0128
1981-09,-0.0719,-0.0268,0.051100000000000007,0.0124,0.0213,0.0008,0.0253,-0.0126,0.052000000000000005
1981-10,0.0492,0.0213,-0.0409,0.0121,0.0393,0.031200000000000002,-0.0279,0.045899999999999996,-0.0487
1981-11,0.034,-0.0109,0.0191,0.010700000000000001,-0.002,0.0014000000000000002,0.01,0.0277,0.006500000000000001
1981-12,-0.0363,0.0118,0.0079,0.0087,0.0127,0.0021,0.0245,0.016399999999999998,0.013000000000000001
1982-01,-0.0323,-0.0125,0.0319,0.008,0.0176,-0.0143,0.0195,-0.0137,0.0634
1982-02,-0.058600000000000006,0.0046,0.060899999999999996,0.0092,0.0487,-0.0355,0.045700000000000005,-0.0434,0.059699999999999996
1982-03,-0.0182,-0.0019,0.037599999999999995,0.0098,0.0291,-0.0128,0.023700000000000002,-0.0184,0.0391
1982-04,0.032400000000000005,0.016399999999999998,-0.0308,0.0113,-0.0046,0.015,-0.0005,0.015600000000000001,-0.0171
1982-05,-0.0393,0.0017000000000000001,0.0178,0.0106,0.025099999999999997,0.0096,-0.0012,0.0209,0.015300000000000001
1982-06,-0.0308,-0.0043,0.015600000000000001,0.0096,0.048799999999999996,0.0009,0.0253,0.0016,0.0192
1982-07,-0.032,0.0091,0.0007000000000000001,0.0105,0.044000000000000004,0.01,0.0144,-0.0287,0.022000000000000002
1982-08,0.11230000000000001,-0.042800000000000005,0.0109,0.0076,-0.0356,-0.018500000000000003,0.0017000000000000001,0.0132,-0.009300000000000001
1982-09,0.0131,0.0287,0.0023,0.0051,0.0414,0.0216,-0.0002,0.0436,-0.0069
1982-10,0.113,0.023799999999999998,-0.0362,0.0059,0.0,0.002,-0.003,0.030600000000000002,-0.005699999999999999
1982-11,0.046799999999999994,0.0463,-0.018000000000000002,0.0063,0.0591,-0.0102,0.0029,-0.0451,0.010700000000000001
1982-12,0.005600000000000001,-0.0031,-0.0006,0.0067,0.0,0.0,0.01,0.0384,0.0096
1983-01,0.0359,0.0282,-0.0072,0.0069,-0.016399999999999998,-0.0152,-0.005600000000000001,0.0319,0.0009
1983-02,0.0259,0.0318,0.0066,0.0062,0.0371,-0.0036,0.0101,0.0264,-0.004
1983-03,0.0281,0.0175,0.0206,0.0063,0.0088,-0.0019,0.027999999999999997,0.0034000000000000002,0.0103
1983-04,0.0666,0.0046,0.0043,0.0070999999999999995,0.016399999999999998,-0.0007000000000000001,0.0151,-0.005699999999999999,0.0305
1983-05,0.0051,0.062,-0.013999999999999999,0.0069,-0.015600000000000001,-0.0181,-0.0143,0.0274,-0.0202
1983-06,0.030699999999999998,0.009300000000000001,-0.038900000000000004,0.0067,0.018600000000000002,0.0255,-0.0078000000000000005,0.0023,-0.0085
1983-07,-0.0406,0.015,0.0555,0.0074,-0.0308,-0.0007000000000000001,0.0288,0.019799999999999998,0.0147
1983-08,-0.005,-0.0429,0.0559,0.0076,-0.0536,0.0052,0.018500000000000003,-0.0067,0.0009
1983-09,0.0092,0.0060999999999999995,0.009899999999999999,0.0076,-0.0001,0.0121,0.005,0.023700000000000002,0.0075
1983-10,-0.034300000000000004,-0.0355,0.0496,0.0076,-0.044800000000000006,-0.008199999999999999,0.03,-0.016399999999999998,0.0106
1983-11,0.0217,0.0202,-0.0073,0.006999999999999999,-0.0013,-0.0068000000000000005,0.0064,0.0493,-0.0129
1983-12,-0.0177,-0.0025,0.0175,0.0073,0.008199999999999999,0.0155,0.013300000000000001,0.020099999999999996,0.0131
1984-01,-0.0192,-0.0034999999999999996,0.0748,0.0076,-0.025699999999999997,-0.0088,0.0288,0.0070999999999999995,0.041299999999999996
1984-02,-0.04769999999999999,-0.0168,0.0341,0.0070999999999999995,0.0045000000000000005,0.0104,0.0151,-0.021099999999999997,0.0025
1984-03,0.006500000000000001,0.001,0.0053,0.0073,0.011200000000000002,-0.0097,0.0115,0.025099999999999997,0.0085
1984-04,-0.0051,-0.0116,0.011899999999999999,0.008100000000000001,0.021400000000000002,0.033,0.0077,0.0159,-0.0168
1984-05,-0.059800000000000006,0.0007000000000000001,0.0026,0.0078000000000000005,0.0152,0.0241,-0.0051,0.0088,-0.0022
1984-06,0.0181,-0.0024,-0.0275,0.0075,-0.0055000000000000005,0.0308,-0.015700000000000002,0.0109,-0.036000000000000004
1984-07,-0.027200000000000002,-0.022099999999999998,0.0031,0.008199999999999999,0.0278,0.0351,-0.0219,-0.0148,-0.0155
1984-08,0.1027,-0.0028000000000000004,-0.018000000000000002,0.0083,-0.055999999999999994,-0.006999999999999999,-0.009300000000000001,0.0726,-0.0178
1984-09,-0.008,0.0012,0.052000000000000005,0.0086,0.0364,0.0138,0.023799999999999998,0.042800000000000005,0.0174
1984-10,-0.0084,-0.011200000000000002,0.0062,0.01,0.0329,0.011399999999999999,-0.0103,-0.0116,-0.0154
1984-11,-0.0177,-0.0072,0.038599999999999995,0.0073,0.015700000000000002,0.0079,0.0195,-0.006,0.0091
1984-12,0.0184,-0.0067,-0.0033,0.0064,0.013999999999999999,0.0127,-0.0127,0.0077,-0.03
1985-01,0.0797,0.0331,-0.051399999999999994,0.006500000000000001,-0.0677,-0.0098,-0.0347,0.0218,-0.0175
1985-02,0.012199999999999999,0.0068000000000000005,-0.0028000000000000004,0.0058,0.018600000000000002,0.014199999999999999,0.011000000000000001,0.0246,-0.0013
1985-03,-0.0083,-0.011200000000000002,0.0395,0.0062,0.0179,0.0123,0.0287,-0.013300000000000001,-0.0106
1985-04,-0.0096,0.0013,0.0361,0.0072,0.029500000000000002,0.0163,0.006999999999999999,-0.0241,-0.0006
1985-05,0.0507,-0.023,-0.0097,0.0066,0.0406,0.0128,-0.0141,-0.0064,-0.0385
1985-06,0.0127,0.0045000000000000005,0.0033,0.0055000000000000005,0.0339,0.0169,-0.0103,-0.008100000000000001,-0.023
1985-07,-0.0072,0.028300000000000002,-0.016200000000000003,0.0062,-0.0385,-0.0037,-0.0037,0.0362,0.015
1985-08,-0.0101,-0.003,0.023399999999999997,0.0055000000000000005,0.0178,-0.0018,0.019299999999999998,0.0181,0.0002
1985-09,-0.0451,-0.016200000000000003,0.0121,0.006,0.0159,0.0111,0.0158,-0.0184,-0.0079
1985-10,0.04,-0.015,0.0077,0.006500000000000001,0.048600000000000004,0.0086,-0.0106,0.0069,-0.025
1985-11,0.0646,0.0019,-0.0291,0.0060999999999999995,-0.0058,0.0034999999999999996,-0.0235,0.024700000000000003,-0.022000000000000002
1985-12,0.0388,-0.0053,-0.0146,0.006500000000000001,-0.0023,0.0096,-0.0177,-0.0036,-0.030299999999999997
1986-01,0.006500000000000001,0.0115,0.0046,0.005600000000000001,0.0296,-0.020099999999999996,-0.0199,0.0077,-0.0274
1986-02,0.07139999999999999,-0.005699999999999999,-0.0063,0.0053,0.0259,0.0115,-0.0123,-0.0171,-0.035
1986-03,0.049100000000000005,-0.0054,-0.0039000000000000003,0.006,0.024,0.0103,0.008100000000000001,-0.0015,-0.0256
1986-04,-0.0128,0.0276,-0.0281,0.0052,-0.0034000000000000002,0.028900000000000002,-0.001,0.027999999999999997,-0.012
1986-05,0.0462,-0.013600000000000001,-0.0014000000000000002,0.0049,0.0209,0.0207,0.011000000000000001,0.0103,-0.014199999999999999
1986-06,0.0106,-0.009300000000000001,0.012,0.0052,0.0495,0.018500000000000003,0.0083,-0.0246,-0.0635
1986-07,-0.0643,-0.034300000000000004,0.0466,0.0052,0.019,-0.005600000000000001,0.008100000000000001,-0.029300000000000003,-0.038599999999999995
1986-08,0.060700000000000004,-0.0416,0.0354,0.0046,-0.0516,-0.0171,0.0332,0.0121,0.04650000000000001
1986-09,-0.0859,0.024,0.0323,0.0045000000000000005,-0.056900000000000006,-0.0017000000000000001,0.0371,-0.0029,0.0388
1986-10,0.0464,-0.0253,-0.014199999999999999,0.0046,0.0446,-0.0001,0.0101,0.036000000000000004,0.0079
1986-11,0.011699999999999999,-0.0187,-0.0002,0.0039000000000000003,-0.0025,0.0098,0.006999999999999999,0.006999999999999999,0.0012
1986-12,-0.0326,0.0019,0.0036,0.0049,0.0046,0.0087,0.0009,0.0044,0.005
1987-01,0.1245,-0.0189,-0.0318,0.0042,0.0206,0.0017000000000000001,-0.0103,0.0045000000000000005,0.032400000000000005
1987-02,0.0438,0.0345,-0.058600000000000006,0.0043,-0.0223,-0.0079,-0.0255,-0.0113,-0.0003
1987-03,0.0163,0.005,0.0166,0.004699999999999999,0.0166,0.013000000000000001,0.0417,0.018600000000000002,0.039
1987-04,-0.0209,-0.0172,-0.0036,0.0044,0.0021,-0.0052,0.0116,-0.019,0.0365
1987-05,0.0011,-0.0053,0.0022,0.0038,-0.008,0.0049,0.0113,-0.0024,0.0208
1987-06,0.0391,-0.0203,0.0113,0.0048,-0.0022,0.015600000000000001,0.010700000000000001,0.0011,-0.0155
1987-07,0.0384,-0.005699999999999999,0.009399999999999999,0.0046,0.0258,-0.006500000000000001,0.0158,-0.0023,0.0222
1987-08,0.0352,-0.0085,-0.0098,0.004699999999999999,-0.0095,0.021099999999999997,-0.0155,0.0255,-0.0287
1987-09,-0.0258,0.0058,0.0026,0.0045000000000000005,0.008,-0.0088,0.0182,-0.0043,0.029300000000000003
1987-10,-0.23190000000000002,-0.0827,0.0418,0.006,-0.07719999999999999,0.0229,0.022400000000000003,-0.0027,-0.056900000000000006
1987-11,-0.0776,0.0268,0.031400000000000004,0.0034999999999999996,-0.0123,-0.019299999999999998,0.006,-0.0075,-0.0029
1987-12,0.0682,0.0003,-0.044199999999999996,0.0039000000000000003,0.0587,0.0313,-0.0246,0.057699999999999994,0.0264
1988-01,0.0421,-0.0075,0.0493,0.0029,-0.0736,-0.011899999999999999,0.021,0.0782,-0.016
1988-02,0.04769999999999999,0.0333,-0.015300000000000001,0.0046,-0.0147,0.0151,0.0006,0.0437,0.013000000000000001
1988-03,-0.0226,0.0601,0.0086,0.0044,0.005600000000000001,-0.0023,0.0178,-0.0092,0.0123
1988-04,0.005699999999999999,0.0091,0.0151,0.0046,0.022099999999999998,-0.0009,0.019,0.0031,0.004
1988-05,-0.0027,-0.0254,0.024399999999999998,0.0051,0.0066,-0.0077,0.003,0.0063,-0.0006
1988-06,0.0478,0.0202,-0.013500000000000002,0.0049,-0.0302,0.0152,-0.0352,0.0189,0.0173
1988-07,-0.0125,-0.0024,0.0218,0.0051,0.006500000000000001,-0.005,0.0154,0.0337,-0.0147
1988-08,-0.0331,0.0008,0.0216,0.0059,0.0036,-0.0087,0.0166,-0.0195,-0.0194
1988-09,0.0331,-0.0137,-0.0079,0.0062,0.0029,0.0178,-0.0058,-0.0014000000000000002,-0.0199
1988-10,0.0116,-0.0294,0.02,0.0060999999999999995,0.0131,0.013999999999999999,0.0098,-0.0096,-0.0022
1988-11,-0.0227,-0.0166,0.0144,0.005699999999999999,0.002,-0.0034999999999999996,0.0163,-0.0067,-0.008
1988-12,0.0148,0.0191,-0.0183,0.0063,0.0032,0.0068000000000000005,-0.0037,0.0231,0.0074
1989-01,0.060700000000000004,-0.022000000000000002,0.0059,0.0055000000000000005,-0.002,-0.0097,0.0011,0.0111,0.028900000000000002
1989-02,-0.0223,0.028300000000000002,0.0101,0.0060999999999999995,0.0101,-0.0085,0.0189,0.010700000000000001,0.0089
1989-03,0.015700000000000002,0.006999999999999999,0.0052,0.0067,0.035,-0.0002,0.0067,-0.0089,0.005
1989-04,0.0435,-0.006500000000000001,-0.0144,0.0067,0.018000000000000002,0.0072,-0.0046,-0.0062,-0.0111
1989-05,0.032799999999999996,-0.0008,-0.009000000000000001,0.0079,0.0146,0.0045000000000000005,-0.0025,-0.027200000000000002,-0.0178
1989-06,-0.013300000000000001,-0.0095,0.0223,0.0070999999999999995,0.0044,0.0012,0.015300000000000001,0.0233,-0.0077
1989-07,0.0718,-0.041100000000000005,-0.027999999999999997,0.006999999999999999,0.053200000000000004,0.020499999999999997,-0.0055000000000000005,0.0147,-0.0181
1989-08,0.0143,0.005699999999999999,0.0062,0.0074,-0.004699999999999999,0.0036,-0.0060999999999999995,0.021099999999999997,-0.0028000000000000004
1989-09,-0.0076,0.003,-0.0127,0.006500000000000001,0.0349,0.0139,0.0058,0.0105,-0.0265
1989-10,-0.0365,-0.032400000000000005,-0.0116,0.0068000000000000005,0.013600000000000001,0.0008,-0.0011,-0.044500000000000005,-0.035699999999999996
1989-11,0.0104,-0.011899999999999999,-0.0113,0.0069,0.0268,-0.0074,0.0138,-0.0172,-0.0121
1989-12,0.0118,-0.023700000000000002,0.0015,0.0060999999999999995,0.0277,-0.0007000000000000001,0.0131,-0.024399999999999998,-0.0078000000000000005
1990-01,-0.078,-0.011399999999999999,0.0083,0.005699999999999999,-0.03,-0.011200000000000002,0.013999999999999999,0.0102,0.0338
1990-02,0.011200000000000002,0.0097,0.006500000000000001,0.005699999999999999,-0.0051,-0.0004,-0.0060999999999999995,0.004699999999999999,0.0196
1990-03,0.0183,0.0147,-0.028999999999999998,0.0064,0.0173,0.0199,-0.009399999999999999,0.002,-0.0021
1990-04,-0.0336,-0.004699999999999999,-0.025699999999999997,0.0069,0.0231,0.0178,-0.01,-0.0183,-0.0129
1990-05,0.0843,-0.0256,-0.038900000000000004,0.0068000000000000005,0.031200000000000002,0.0168,-0.0163,-0.0033,0.008
1990-06,-0.0109,0.013500000000000002,-0.02,0.0063,0.025099999999999997,-0.009899999999999999,-0.0039000000000000003,-0.0009,-0.0152
1990-07,-0.019,-0.030899999999999997,-0.0006,0.0068000000000000005,0.0604,-0.001,0.0322,-0.0069,-0.0181
1990-08,-0.1012,-0.035,0.015600000000000001,0.0066,0.0196,-0.0048,0.029900000000000003,-0.036699999999999997,0.016200000000000003
1990-09,-0.0611,-0.0364,0.0059,0.006,0.0576,0.0003,0.0362,-0.0602,0.006
1990-10,-0.0192,-0.0552,0.0008,0.0068000000000000005,0.06709999999999999,0.0317,-0.0025,-0.0277,-0.0347
1990-11,0.0635,0.0042,-0.0297,0.005699999999999999,-0.0546,0.0058,-0.0471,0.057999999999999996,-0.0074
1990-12,0.0246,0.0079,-0.015700000000000002,0.006,0.0024,0.026600000000000002,-0.019799999999999998,-0.0292,-0.0216
1991-01,0.046900000000000004,0.0378,-0.0148,0.0052,-0.0645,0.0134,-0.0407,-0.0192,0.060899999999999996
1991-02,0.0719,0.0401,-0.0062,0.0048,-0.049,-0.0006,-0.0034000000000000002,0.02,0.0111
1991-03,0.026600000000000002,0.0388,-0.013000000000000001,0.0044,0.0274,-0.0052,-0.009899999999999999,0.0052,-0.0036
1991-04,-0.0028000000000000004,0.005,0.0149,0.0053,-0.0233,0.0067,0.008100000000000001,0.0169,-0.0129
1991-05,0.0366,-0.0039000000000000003,-0.0052,0.004699999999999999,-0.001,0.0207,-0.0236,0.0007000000000000001,0.0138
1991-06,-0.049400000000000006,0.0018,0.0108,0.0042,0.0042,0.0175,0.0068000000000000005,0.0209,-0.018000000000000002
1991-07,0.0424,-0.0096,-0.013000000000000001,0.0049,0.0426,0.016,-0.0144,0.022000000000000002,0.0077
1991-08,0.0232,0.0158,-0.0079,0.0046,0.0158,0.0085,-0.0032,-0.0288,-0.0051
1991-09,-0.0159,0.0168,-0.0123,0.0046,0.0174,-0.0177,-0.0004,-0.0070999999999999995,-0.0092
1991-10,0.0129,0.0077,-0.0043,0.0042,0.0318,-0.0165,-0.003,-0.0113,0.022799999999999997
1991-11,-0.042,-0.0051,-0.0177,0.0039000000000000003,0.0118,0.011000000000000001,-0.0012,-0.0042,-0.0265
1991-12,0.1085,-0.0226,-0.042300000000000004,0.0038,0.0827,0.036699999999999997,-0.031400000000000004,0.0083,-0.0095
1992-01,-0.0059,0.0848,0.0467,0.0034000000000000002,-0.024900000000000002,-0.011699999999999999,0.0325,0.052199999999999996,0.09380000000000001
1992-02,0.0108,0.0083,0.06509999999999999,0.0028000000000000004,-0.0069,0.0007000000000000001,0.0225,-0.0292,0.0529
1992-03,-0.0265,-0.0097,0.0349,0.0034000000000000002,-0.0024,-0.0006,0.0182,-0.0106,0.0141
1992-04,0.0109,-0.061200000000000004,0.0436,0.0032,-0.025099999999999997,0.0165,0.024,-0.0341,0.0062
1992-05,0.003,0.0040999999999999995,0.0111,0.0028000000000000004,0.0007000000000000001,-0.0091,0.0049,-0.0016,-0.0046
1992-06,-0.0233,-0.031,0.032400000000000005,0.0032,-0.005699999999999999,-0.0006,0.0095,0.0095,0.013000000000000001
1992-07,0.0378,-0.0045000000000000005,-0.0051,0.0031,0.015300000000000001,0.0124,-0.0097,0.0207,-0.013600000000000001
1992-08,-0.023799999999999998,-0.001,-0.0109,0.0026,-0.0049,0.0366,-0.016399999999999998,-0.0151,-0.0414
1992-09,0.011899999999999999,0.0055000000000000005,-0.0019,0.0026,0.0141,0.0161,-0.0068000000000000005,-0.0105,0.0011
1992-10,0.0102,0.021099999999999997,-0.019799999999999998,0.0023,0.0259,0.011899999999999999,-0.0091,-0.0012,-0.0102
1992-11,0.0414,0.0368,-0.0152,0.0023,-0.0023,-0.0054,-0.0158,-0.0101,0.0026
1992-12,0.015300000000000001,0.0165,0.0264,0.0028000000000000004,0.0446,-0.0052,0.0083,0.012199999999999999,0.009300000000000001
1993-01,0.009300000000000001,0.0189,0.059000000000000004,0.0023,0.0484,-0.019,0.0294,-0.0046,0.055
1993-02,0.0012,-0.0339,0.06480000000000001,0.0022,0.031200000000000002,-0.004699999999999999,0.0415,-0.0144,0.042300000000000004
1993-03,0.0232,0.0029,0.0126,0.0025,0.037200000000000004,-0.0022,0.008199999999999999,-0.0096,0.0209
1993-04,-0.0305,-0.0062,0.0255,0.0024,0.0036,-0.0369,0.0138,-0.017,0.023700000000000002
1993-05,0.028900000000000002,0.0206,-0.0346,0.0022,0.002,-0.0014000000000000002,-0.0103,0.014499999999999999,0.012199999999999999
1993-06,0.003,-0.003,0.0264,0.0025,0.0455,-0.0091,0.0116,0.0222,0.0172
1993-07,-0.0034000000000000002,0.0096,0.0287,0.0024,0.0323,-0.0184,0.0207,-0.026600000000000002,0.0113
1993-08,0.037200000000000004,0.0012,0.0018,0.0025,0.0259,-0.0148,0.0003,0.0129,0.009899999999999999
1993-09,-0.0012,0.030699999999999998,-0.0024,0.0026,0.0344,0.002,-0.0016,0.0074,0.006999999999999999
1993-10,0.014199999999999999,0.0199,-0.0278,0.0022,-0.0269,0.0063,0.005600000000000001,0.0191,0.019
1993-11,-0.0187,-0.0126,-0.0078000000000000005,0.0025,-0.048,0.0225,-0.0105,-0.013600000000000001,0.0146
1993-12,0.0165,0.0118,0.0025,0.0023,0.0236,0.0115,-0.0034000000000000002,0.0109,0.0058
1994-01,0.0287,0.0034000000000000002,0.011000000000000001,0.0025,0.001,-0.015700000000000002,0.0137,0.0167,0.0382
1994-02,-0.0255,0.0276,-0.0152,0.0021,-0.0038,0.0208,-0.009399999999999999,0.0042,-0.0016
1994-03,-0.0479,-0.0108,0.0167,0.0027,-0.0131,0.0068000000000000005,0.0141,0.0006,0.0052
1994-04,0.0068000000000000005,-0.009300000000000001,0.0166,0.0027,0.0034000000000000002,0.0104,0.011200000000000002,-0.0039000000000000003,0.0048
1994-05,0.0058,-0.0208,0.006,0.0032,-0.0207,0.0066,0.006,0.0005,0.0163
1994-06,-0.0304,-0.0042,0.0177,0.0031,-0.0088,0.0109,0.0149,0.0009,0.0048
1994-07,0.0282,-0.0177,0.0059,0.0028000000000000004,0.0012,-0.0063,0.0011,0.0146,0.0037
1994-08,0.04019999999999999,0.015300000000000001,-0.026000000000000002,0.0037,0.0154,0.01,-0.0152,0.0141,0.022799999999999997
1994-09,-0.022799999999999997,0.030299999999999997,-0.0179,0.0037,0.0131,0.0054,0.0104,-0.0072,0.0161
1994-10,0.013500000000000002,-0.0216,-0.0167,0.0038,0.0143,0.0023,-0.0079,-0.002,0.0064
1994-11,-0.0403,0.0033,-0.0074,0.0037,-0.0015,0.0046,-0.004699999999999999,-0.0203,-0.0167
1994-12,0.0086,0.0015,-0.001,0.0044,0.0346,0.004,0.0034000000000000002,0.008,0.0025
1995-01,0.018000000000000002,-0.0349,0.0258,0.0042,-0.0181,0.0018,-0.0066,0.0404,-0.0051
1995-02,0.0363,-0.005699999999999999,0.0098,0.004,-0.0043,0.0058,-0.0034000000000000002,0.0236,-0.009300000000000001
1995-03,0.0219,-0.0018,-0.0216,0.0046,0.0043,-0.001,0.0022,-0.0002,0.0116
1995-04,0.021099999999999997,-0.0052,0.0167,0.0044,0.0179,0.0044,0.008199999999999999,-0.0053,0.0048
1995-05,0.028999999999999998,-0.0253,0.022799999999999997,0.0054,-0.0054,0.0038,0.0002,-0.0046,-0.011200000000000002
1995-06,0.027200000000000002,0.031400000000000004,-0.0252,0.004699999999999999,0.0302,-0.0025,-0.024,0.011200000000000002,-0.0178
1995-07,0.0371,0.021099999999999997,-0.015700000000000002,0.0045000000000000005,0.0254,0.0024,-0.015600000000000001,-0.0217,-0.0086
1995-08,0.0055000000000000005,0.0131,0.0268,0.004699999999999999,0.0014000000000000002,-0.0116,0.0149,0.0128,-0.0111
1995-09,0.0336,-0.0217,-0.0011,0.0043,0.0287,0.0098,0.004,-0.0086,-0.0091
1995-10,-0.0151,-0.0381,-0.0048,0.004699999999999999,0.0418,0.0191,-0.0009,-0.0102,0.006
1995-11,0.039599999999999996,-0.011200000000000002,0.0052,0.0042,-0.0072,-0.0054,0.01,0.0053,0.0067
1995-12,0.0104,0.0066,0.0024,0.0049,0.025,-0.0144,0.0302,-0.009899999999999999,0.039599999999999996
1996-01,0.0226,-0.0282,0.0045000000000000005,0.0043,0.0055000000000000005,0.0028000000000000004,0.0229,0.0106,0.0125
1996-02,0.013300000000000001,0.0178,-0.0105,0.0039000000000000003,0.005699999999999999,0.0017000000000000001,-0.018799999999999997,0.0223,-0.0128
1996-03,0.0074,0.0144,0.0042,0.0039000000000000003,-0.018500000000000003,0.0147,-0.0095,-0.0012,-0.0026
1996-04,0.0206,0.052000000000000005,-0.039599999999999996,0.0046,-0.0096,-0.002,-0.0202,0.0064,-0.0066
1996-05,0.0236,0.0321,-0.0091,0.0042,0.016,0.0006,-0.0034000000000000002,-0.0101,0.014499999999999999
1996-06,-0.0113,-0.04,0.0233,0.004,0.01,0.0349,0.012,-0.0022,-0.0008
1996-07,-0.0596,-0.0431,0.0519,0.0045000000000000005,-0.0015,0.0292,0.026600000000000002,-0.0245,-0.0003
1996-08,0.0277,0.0245,-0.008,0.0040999999999999995,-0.0001,-0.0039000000000000003,-0.0248,0.024900000000000002,-0.0149
1996-09,0.0501,-0.0102,-0.0275,0.0044,0.026600000000000002,0.0131,-0.0212,0.005,-0.0215
1996-10,0.0087,-0.043899999999999995,0.0487,0.0042,0.0379,0.0138,0.029500000000000002,-0.011200000000000002,0.0007000000000000001
1996-11,0.0625,-0.04019999999999999,0.0138,0.0040999999999999995,-0.023399999999999997,0.0209,-0.0070999999999999995,0.0017000000000000001,-0.024399999999999998
1996-12,-0.017,0.0313,0.0127,0.0046,0.0058,0.0024,0.0148,0.0067,-0.0059
1997-01,0.0496,-0.0194,-0.0143,0.0045000000000000005,0.0192,0.0123,-0.0006,0.0263,-0.015600000000000001
1997-02,-0.0048,-0.0317,0.0562,0.0039000000000000003,-0.0208,0.0070999999999999995,0.0347,0.0124,0.009399999999999999
1997-03,-0.050199999999999995,-0.0033,0.0337,0.0043,0.009000000000000001,0.004,0.0155,0.0087,0.0208
1997-04,0.0404,-0.0576,0.0003,0.0043,0.0484,0.0333,-0.0101,0.0239,-0.038900000000000004
1997-05,0.0673,0.0513,-0.041299999999999996,0.0049,-0.052000000000000005,-0.0102,-0.0277,0.0291,-0.0207
1997-06,0.040999999999999995,0.011899999999999999,0.0147,0.0037,0.026000000000000002,0.0053,0.0045000000000000005,0.0067,0.0017000000000000001
1997-07,0.0731,-0.0273,0.0013,0.0043,0.0369,0.0018,-0.0256,0.039,-0.0111
1997-08,-0.040999999999999995,0.07150000000000001,0.0113,0.0040999999999999995,-0.0264,-0.0102,-0.0017000000000000001,-0.0001,0.0318
1997-09,0.053399999999999996,0.0254,0.0024,0.0044,0.0148,-0.0158,-0.009300000000000001,0.0173,-0.0042
1997-10,-0.038,-0.0070999999999999995,0.0233,0.0042,-0.0054,0.0075,0.020099999999999996,-0.0092,0.0036
1997-11,0.029900000000000003,-0.051100000000000007,0.012199999999999999,0.0039000000000000003,0.0042,0.0308,0.0173,-0.0197,0.0104
1997-12,0.013300000000000001,-0.0248,0.0374,0.0048,0.0393,0.0064,0.0195,-0.028900000000000002,0.0012
1998-01,0.0015,-0.0101,-0.0168,0.0043,0.0008,0.0091,-0.0062,0.050199999999999995,-0.0085
1998-02,0.0703,0.0013,-0.009300000000000001,0.0039000000000000003,-0.011899999999999999,-0.0037,-0.0258,0.0191,-0.011899999999999999
1998-03,0.047599999999999996,-0.011899999999999999,0.0138,0.0039000000000000003,0.021400000000000002,-0.0055000000000000005,-0.0023,0.018000000000000002,0.0222
1998-04,0.0074,0.0006,0.0103,0.0043,0.0068000000000000005,-0.0168,-0.0036,0.0174,-0.0097
1998-05,-0.030699999999999998,-0.034,0.0341,0.004,0.0197,0.0103,0.024700000000000003,0.0064,0.014499999999999999
1998-06,0.0319,-0.0317,-0.0203,0.0040999999999999995,0.0805,-0.0026,-0.030299999999999997,-0.0137,-0.0088
1998-07,-0.0242,-0.0482,-0.0181,0.004,0.0379,0.016399999999999998,0.0077,-0.0212,0.004699999999999999
1998-08,-0.1605,-0.0546,0.0359,0.0043,0.0187,0.0341,0.057699999999999994,-0.0279,0.0418
1998-09,0.061900000000000004,0.0,-0.0351,0.0046,-0.0069,-0.0182,-0.028300000000000002,0.0296,0.0027
1998-10,0.0698,-0.0297,-0.023700000000000002,0.0032,-0.053399999999999996,0.0092,0.0016,0.09390000000000001,-0.0406
1998-11,0.060700000000000004,0.012199999999999999,-0.0317,0.0031,0.011399999999999999,-0.0102,-0.009300000000000001,0.0138,-0.0034999999999999996
1998-12,0.061500000000000006,-0.004699999999999999,-0.0425,0.0038,0.0888,-0.0073,-0.0325,-0.0165,-0.0105
1999-01,0.0348,0.0066,-0.044199999999999996,0.0034999999999999996,0.0285,-0.0285,-0.0642,-0.0232,0.0121
1999-02,-0.0408,-0.0599,0.0189,0.0034999999999999996,-0.0008,-0.011899999999999999,0.0404,0.0246,0.0040999999999999995
1999-03,0.0348,-0.0387,-0.0256,0.0043,-0.0121,-0.041100000000000005,-0.0104,0.0016,-0.0111
1999-04,0.0434,0.0388,0.023799999999999998,0.0037,-0.0892,-0.025,0.008199999999999999,0.0212,0.0526
1999-05,-0.0246,0.0334,0.025,0.0034000000000000002,-0.0528,0.0098,0.031400000000000004,0.0113,0.0347
1999-06,0.04769999999999999,0.0321,-0.0322,0.004,0.0466,0.0088,-0.028900000000000002,0.013500000000000002,-0.0014000000000000002
1999-07,-0.0349,0.024900000000000002,-0.0018,0.0038,0.017,0.0031,0.0329,0.0155,0.0197
1999-08,-0.0137,-0.009399999999999999,-0.0192,0.0039000000000000003,0.029300000000000003,-0.0016,0.0066,-0.034300000000000004,-0.0172
1999-09,-0.0277,0.0313,-0.028999999999999998,0.0039000000000000003,0.064,-0.0096,-0.009899999999999999,-0.0045000000000000005,0.0037
1999-10,0.060899999999999996,-0.0693,-0.0288,0.0039000000000000003,0.0541,-0.0169,-0.0089,-0.014199999999999999,-0.0291
1999-11,0.0341,0.0684,-0.0565,0.0036,0.055,-0.0418,-0.018500000000000003,0.0059,0.052199999999999996
1999-12,0.0766,0.0652,-0.0767,0.0044,0.1315,-0.08070000000000001,-0.058600000000000006,-0.1426,0.056100000000000004
2000-01,-0.047400000000000005,0.0512,-0.011000000000000001,0.0040999999999999995,0.0184,-0.0608,0.044800000000000006,0.026699999999999998,0.016200000000000003
2000-02,0.0246,0.2134,-0.0973,0.0043,0.1805,-0.1893,-0.0106,-0.1329,0.0736
2000-03,0.0521,-0.1739,0.0848,0.004699999999999999,-0.06860000000000001,0.1162,-0.012,0.1007,-0.048499999999999995
2000-04,-0.0639,-0.0603,0.0645,0.0046,-0.0859,0.0806,0.055999999999999994,-0.023399999999999997,0.0023
2000-05,-0.043899999999999995,-0.060700000000000004,0.0458,0.005,-0.08929999999999999,0.0406,0.014499999999999999,-0.0877,-0.0182
2000-06,0.046799999999999994,0.12689999999999999,-0.0803,0.004,0.1664,-0.08289999999999999,-0.0318,0.1234,0.0235
2000-07,-0.0248,-0.0282,0.081,0.0048,-0.0018,0.057,0.029900000000000003,0.065,-0.030299999999999997
2000-08,0.0703,-0.005,-0.013999999999999999,0.005,0.056100000000000004,-0.030600000000000002,0.0123,0.0037,0.013000000000000001
2000-09,-0.054400000000000004,-0.0172,0.0722,0.0051,0.0189,0.0271,0.0555,0.0231,-0.0262
2000-10,-0.0278,-0.0383,0.0564,0.005600000000000001,-0.0451,0.09539999999999998,0.037000000000000005,-0.0481,-0.0096
2000-11,-0.107,-0.030699999999999998,0.1225,0.0051,-0.0218,0.1304,0.0834,-0.1463,0.005600000000000001
2000-12,0.0118,0.0085,0.0754,0.005,0.0662,0.0192,0.048499999999999995,-0.0704,0.0304
2001-01,0.0325,0.0639,-0.0506,0.0054,-0.2536,-0.052000000000000005,-0.052199999999999996,0.16579999999999998,-0.027000000000000003
2001-02,-0.1003,-0.0064,0.1222,0.0038,0.1268,0.0911,0.09,0.1247,0.1107
2001-03,-0.0725,0.0027,0.0649,0.0042,0.0858,0.0335,0.037200000000000004,-0.0756,0.039599999999999996
2001-04,0.0793,0.004699999999999999,-0.0467,0.0039000000000000003,-0.0796,-0.0318,-0.032400000000000005,0.0983,-0.038599999999999995
2001-05,0.0068000000000000005,0.024900000000000002,0.0339,0.0032,0.024300000000000002,0.003,0.019799999999999998,0.0379,0.0391
2001-06,-0.0194,0.0632,-0.012,0.0028000000000000004,0.0060999999999999995,0.015600000000000001,-0.017,0.0073,0.0195
2001-07,-0.0213,-0.0406,0.0495,0.003,0.0547,0.0729,0.028999999999999998,0.011200000000000002,0.0277
2001-08,-0.064,0.0219,0.0286,0.0031,0.054900000000000004,0.0381,0.0653,-0.037599999999999995,0.057800000000000004
2001-09,-0.0924,-0.0623,0.0152,0.0028000000000000004,0.114,0.050300000000000004,0.0335,-0.0501,0.0019
2001-10,0.0248,0.07490000000000001,-0.0731,0.0022,-0.084,-0.0298,-0.0436,0.149,-0.016
2001-11,0.0753,-0.005699999999999999,0.0217,0.0017000000000000001,-0.0862,-0.0349,-0.0168,-0.031400000000000004,0.0025
2001-12,0.0161,0.0472,0.0083,0.0015,0.0005,0.0026,-0.0028000000000000004,0.016200000000000003,0.011699999999999999
2002-01,-0.0144,0.011699999999999999,0.0342,0.0014000000000000002,0.0366,0.0473,0.028300000000000002,0.0191,0.0317
2002-02,-0.023,-0.0108,0.023399999999999997,0.0013,0.0688,0.0803,0.051,0.0007000000000000001,0.0388
2002-03,0.0424,0.0409,0.0108,0.0013,-0.0166,-0.0183,0.0066,0.0277,0.0206
2002-04,-0.0521,0.0582,0.0401,0.0015,0.07690000000000001,0.045899999999999996,0.0535,0.0215,0.0593
2002-05,-0.013600000000000001,-0.0327,0.0152,0.0014000000000000002,0.031200000000000002,0.0231,0.0253,-0.0259,0.0225
2002-06,-0.0723,0.0408,0.0037,0.0013,0.0622,0.0392,0.026600000000000002,-0.0368,0.0212
2002-07,-0.0819,-0.0524,-0.0358,0.0015,0.0365,0.0382,-0.011200000000000002,0.0128,-0.0281
2002-08,0.005,-0.0279,0.0296,0.0014000000000000002,0.0184,0.0137,-0.0139,0.014199999999999999,-0.0073
2002-09,-0.10339999999999999,0.0242,0.0127,0.0014000000000000002,0.09,0.032799999999999996,-0.023,-0.0177,-0.0072
2002-10,0.0784,-0.034,-0.0374,0.0014000000000000002,-0.0547,-0.0316,0.0074,0.0742,-0.0018
2002-11,0.0596,0.0325,-0.0123,0.0012,-0.16449999999999998,-0.0924,0.051699999999999996,0.001,0.042699999999999995
2002-12,-0.0576,-0.0003,0.0216,0.0011,0.0971,0.0632,-0.0179,0.1079,0.019299999999999998
2003-01,-0.025699999999999997,0.0134,-0.0084,0.001,0.015300000000000001,-0.009300000000000001,0.006999999999999999,0.003,0.0034999999999999996
2003-02,-0.018799999999999997,-0.0040999999999999995,-0.014199999999999999,0.0009,0.0121,0.008,-0.0068000000000000005,-0.006999999999999999,-0.0176
2003-03,0.0109,0.0116,-0.0206,0.001,0.014199999999999999,0.0168,-0.008,0.0001,-0.0273
2003-04,0.0818,0.0075,0.012,0.001,-0.0932,-0.046799999999999994,0.0096,0.030699999999999998,-0.0085
2003-05,0.0605,0.0461,0.0063,0.0009,-0.1072,-0.0695,0.030899999999999997,-0.0146,0.0349
2003-06,0.014199999999999999,0.0169,0.002,0.001,-0.0124,0.0044,-0.0039000000000000003,-0.0011,0.011899999999999999
2003-07,0.0233,0.0493,-0.0154,0.0007000000000000001,-0.0028000000000000004,-0.039,0.015300000000000001,0.025699999999999997,0.0079
2003-08,0.0233,0.024399999999999998,0.016399999999999998,0.0007000000000000001,-0.0058,-0.0229,0.0215,-0.0154,-0.0051
2003-09,-0.0124,0.0085,0.0014000000000000002,0.0008,-0.0007000000000000001,0.009000000000000001,0.0040999999999999995,0.045899999999999996,0.0109
2003-10,0.0608,0.0259,0.022099999999999998,0.0007000000000000001,0.04,-0.0138,0.0165,0.0218,0.0199
2003-11,0.013500000000000002,0.0206,0.0172,0.0007000000000000001,0.0137,0.0021,0.0168,-0.0149,0.0196
2003-12,0.0429,-0.0268,0.0151,0.0008,-0.0553,0.005699999999999999,0.0085,0.0187,0.0187
2004-01,0.0215,0.0254,0.0242,0.0007000000000000001,0.0256,-0.036000000000000004,0.0333,0.0232,0.0204
2004-02,0.013999999999999999,-0.015700000000000002,0.0095,0.0006,-0.0118,0.0213,-0.011699999999999999,0.0152,-0.0286
2004-03,-0.0132,0.0173,0.0023,0.0009,0.002,0.0165,-0.0098,-0.0218,-0.0178
2004-04,-0.0181,-0.0173,-0.0323,0.0008,-0.0537,0.0346,-0.028300000000000002,-0.0018,-0.0218
2004-05,0.0118,-0.0023,-0.0018,0.0006,0.0149,-0.011699999999999999,0.0001,0.0226,0.0086
2004-06,0.018500000000000003,0.0225,0.0121,0.0008,0.0206,0.011200000000000002,-0.0031,0.003,0.018000000000000002
2004-07,-0.0404,-0.0375,0.0322,0.001,-0.022400000000000003,0.0526,-0.016399999999999998,-0.013600000000000001,-0.025
2004-08,0.0007000000000000001,-0.0151,0.010700000000000001,0.0011,-0.015600000000000001,0.0124,-0.013500000000000002,-0.0232,-0.0296
2004-09,0.016,0.029900000000000003,-0.0005,0.0011,0.055,-0.015,-0.0171,0.030899999999999997,-0.014199999999999999
2004-10,0.014199999999999999,0.0014000000000000002,-0.0026,0.0011,-0.0149,-0.0054,0.0038,0.0025,0.009399999999999999
2004-11,0.0453,0.0373,0.015700000000000002,0.0015,0.0311,-0.0052,-0.0019,0.0148,-0.0106
2004-12,0.0342,-0.0004,-0.0022,0.0016,-0.0285,-0.0111,0.004,0.009399999999999999,0.008100000000000001
2005-01,-0.0275,-0.0169,0.021,0.0016,0.031200000000000002,0.0282,-0.0138,0.014499999999999999,-0.0296
2005-02,0.018799999999999997,-0.0059,0.0144,0.0016,0.034300000000000004,0.013600000000000001,-0.0017000000000000001,-0.0246,-0.015300000000000001
2005-03,-0.0194,-0.014199999999999999,0.0208,0.0021,0.0043,0.0046,0.0134,0.0008,-0.0076
2005-04,-0.026099999999999998,-0.0395,0.0009,0.0021,-0.006999999999999999,0.0103,-0.0079,-0.018600000000000002,-0.0139
2005-05,0.0365,0.0287,-0.0060999999999999995,0.0024,0.0037,-0.0104,0.0026,0.0317,0.0073
2005-06,0.0058,0.0252,0.0286,0.0023,0.0208,0.009000000000000001,-0.0045000000000000005,0.0007000000000000001,-0.0149
2005-07,0.0392,0.0287,-0.0078000000000000005,0.0024,0.0005,-0.011899999999999999,-0.0079,-0.0012,0.009300000000000001
2005-08,-0.012,-0.010700000000000001,0.0134,0.003,0.020499999999999997,-0.0196,0.0038,-0.0137,0.0044
2005-09,0.0048,-0.0062,0.0078000000000000005,0.0029,0.0346,0.0026,-0.0060999999999999995,-0.0371,-0.001
2005-10,-0.0204,-0.013000000000000001,0.0043,0.0027,-0.0127,-0.006999999999999999,-0.0126,0.0139,-0.010700000000000001
2005-11,0.0361,0.0105,-0.011899999999999999,0.0031,0.0029,-0.0079,-0.0109,0.0005,0.0029
2005-12,-0.0024,-0.0044,0.0015,0.0032,0.008,0.0018,0.002,0.0215,-0.0101
2006-01,0.030299999999999997,0.0546,0.009899999999999999,0.0034999999999999996,0.0253,-0.0066,-0.0034999999999999996,-0.0104,0.011899999999999999
2006-02,-0.003,-0.0040999999999999995,-0.0031,0.0034000000000000002,-0.0182,-0.0054,0.019799999999999998,0.0332,0.013500000000000002
2006-03,0.0147,0.0339,0.0060999999999999995,0.0037,0.0127,0.0003,-0.0044,-0.0007000000000000001,0.0051
2006-04,0.0073,-0.0138,0.0226,0.0036,0.0060999999999999995,0.0174,-0.0013,-0.0026,-0.0032
2006-05,-0.0356,-0.0301,0.023799999999999998,0.0043,-0.036699999999999997,0.0087,0.015300000000000001,-0.0005,-0.002
2006-06,-0.0034999999999999996,-0.0034999999999999996,0.0085,0.004,0.0155,0.0132,-0.0013,-0.0062,-0.0111
2006-07,-0.0077,-0.039599999999999996,0.0262,0.004,-0.020499999999999997,0.016200000000000003,0.0084,0.0022,0.0143
2006-08,0.0203,0.009899999999999999,-0.0195,0.0042,-0.0337,-0.0181,0.021,0.016399999999999998,0.0294
2006-09,0.0184,-0.013000000000000001,0.0007000000000000001,0.0040999999999999995,-0.0098,0.0078000000000000005,0.0046,0.0078000000000000005,0.0174
2006-10,0.0322,0.0177,-0.0033,0.0040999999999999995,-0.0024,-0.0012,0.0032,-0.0027,-0.0048
2006-11,0.017,0.0063,0.0003,0.0042,-0.0101,0.002,-0.008100000000000001,-0.009399999999999999,-0.018799999999999997
2006-12,0.0085,-0.0116,0.0275,0.004,0.0079,-0.006500000000000001,0.018799999999999997,0.0241,0.0191
2007-01,0.0138,0.0009,-0.0068000000000000005,0.0044,0.0025,0.0019,0.0036,0.0111,-0.0063
2007-02,-0.0196,0.0123,-0.0009,0.0038,-0.0131,-0.0052,-0.0064,0.0021,-0.0067
2007-03,0.0070999999999999995,0.0009,-0.0089,0.0043,0.0259,0.0055000000000000005,-0.0067,-0.0207,-0.011200000000000002
2007-04,0.0349,-0.022099999999999998,-0.0144,0.0044,-0.0021,0.0118,0.0101,-0.0031,0.0033
2007-05,0.0323,0.0016,-0.0058,0.0040999999999999995,-0.0034000000000000002,0.0147,-0.0124,-0.0096,-0.0245
2007-06,-0.0196,0.0072,-0.0104,0.004,0.004699999999999999,0.0049,0.0006,-0.008100000000000001,-0.0014000000000000002
2007-07,-0.037200000000000004,-0.0269,-0.0371,0.004,0.0294,0.0027,-0.0116,-0.0363,-0.0204
2007-08,0.009399999999999999,-0.0013,-0.0189,0.0042,-0.0002,-0.0126,-0.005699999999999999,-0.0262,-0.0011
2007-09,0.0322,-0.022799999999999997,-0.0213,0.0032,0.0444,-0.0049,-0.029500000000000002,0.0033,-0.0273
2007-10,0.0179,0.0014000000000000002,-0.0282,0.0032,0.049800000000000004,-0.0032,0.0006,-0.0397,-0.0161
2007-11,-0.048,-0.0281,-0.0109,0.0034000000000000002,0.0109,0.0176,-0.0036,-0.0171,0.0058
2007-12,-0.0087,0.0012,-0.0048,0.0027,0.06570000000000001,0.0089,-0.010700000000000001,-0.0208,-0.0181
2008-01,-0.0633,-0.0096,0.04019999999999999,0.0021,-0.07780000000000001,0.021,0.0207,0.0692,0.018600000000000002
2008-02,-0.030899999999999997,-0.0046,-0.0070999999999999995,0.0013,0.0613,0.010700000000000001,-0.0098,0.049100000000000005,-0.0199
2008-03,-0.009399999999999999,0.0077,0.0034000000000000002,0.0017000000000000001,0.0425,0.0087,0.004699999999999999,-0.004,0.0296
2008-04,0.0461,-0.0174,-0.009899999999999999,0.0018,-0.0031,0.0184,-0.025699999999999997,0.031400000000000004,-0.0461
2008-05,0.0187,0.029300000000000003,-0.015700000000000002,0.0018,0.0338,0.009399999999999999,0.0014000000000000002,-0.021400000000000002,-0.0436
2008-06,-0.0843,0.0116,-0.024900000000000002,0.0017000000000000001,0.1273,0.049699999999999994,-0.0069,-0.07139999999999999,-0.0305
2008-07,-0.0075,0.026099999999999998,0.0521,0.0015,-0.050199999999999995,-0.013999999999999999,0.009899999999999999,0.0795,0.0747
2008-08,0.015300000000000001,0.0339,0.0151,0.0013,-0.045,0.0182,0.0067,-0.0039000000000000003,0.013500000000000002
2008-09,-0.0935,-0.0106,0.0565,0.0015,0.0078000000000000005,0.0223,0.0172,-0.039599999999999996,0.0562
2008-10,-0.172,-0.0229,-0.0192,0.0008,0.0784,0.0273,0.0146,-0.0953,0.021
2008-11,-0.0774,-0.029900000000000003,-0.0621,0.0003,0.0726,0.04650000000000001,0.024399999999999998,-0.1011,-0.023
2008-12,0.0177,0.0349,0.0002,0.0,-0.0508,0.0011,-0.015600000000000001,0.0529,0.0011
2009-01,-0.0809,-0.0001,-0.1101,0.0,-0.0216,0.0032,-0.0124,0.0031,-0.0675
2009-02,-0.1014,0.0014000000000000002,-0.0659,0.0001,0.0434,0.0105,-0.006,-0.0682,0.0124
2009-03,0.0901,-0.0009,0.0347,0.0002,-0.11800000000000001,-0.025699999999999997,-0.0204,0.031,0.0349
2009-04,0.1017,0.0537,0.0537,0.0001,-0.3436,0.0132,0.0033,-0.063,-0.0028000000000000004
2009-05,0.0521,-0.0242,0.0043,0.0,-0.12539999999999998,-0.009399999999999999,-0.02,-0.027200000000000002,-0.0143
2009-06,0.0042,0.0259,-0.0278,0.0001,0.054000000000000006,-0.0139,-0.0036,0.0475,0.0137
2009-07,0.0774,0.0175,0.0489,0.0001,-0.056100000000000004,-0.0026,0.0308,0.0441,0.0499
2009-08,0.0333,-0.011200000000000002,0.076,0.0001,-0.0911,-0.0285,0.032799999999999996,-0.0208,0.0562
2009-09,0.0408,0.024300000000000002,0.0115,0.0001,-0.0483,0.0115,0.0034000000000000002,0.0111,-0.0167
2009-10,-0.0253,-0.0426,-0.0417,0.0,0.0258,0.042199999999999994,-0.0148,0.0226,-0.0484
2009-11,0.056299999999999996,-0.025,-0.0033,0.0,0.0039000000000000003,0.009000000000000001,0.0,0.0048,0.0139
2009-12,0.027999999999999997,0.0601,-0.0011,0.0001,0.0297,0.0070999999999999995,-0.0006,0.015300000000000001,0.008199999999999999
2010-01,-0.0335,0.0043,0.0033,0.0,-0.053099999999999994,-0.0108,0.005,0.0369,0.0163
2010-02,0.0339,0.0118,0.0318,0.0,0.037000000000000005,-0.0029,0.014199999999999999,0.0169,0.0259
2010-03,0.063,0.0146,0.0219,0.0001,0.0358,-0.0060999999999999995,0.0174,0.0078000000000000005,0.0433
2010-04,0.0199,0.0484,0.0296,0.0001,0.0319,0.0060999999999999995,0.0174,-0.0184,0.047599999999999996
2010-05,-0.079,0.0013,-0.0248,0.0001,-0.0018,0.013000000000000001,-0.0023,0.005,-0.030600000000000002
2010-06,-0.0556,-0.0179,-0.0473,0.0001,-0.027000000000000003,-0.001,-0.0158,-0.0481,-0.0528
2010-07,0.0692,0.0023,-0.0049,0.0001,0.0177,0.0016,0.0204,0.0406,0.0078000000000000005
2010-08,-0.0478,-0.0301,-0.0173,0.0001,-0.0006,0.006,-0.016,0.0104,-0.038
2010-09,0.0955,0.0382,-0.0302,0.0001,0.013500000000000002,-0.0019,0.0038,0.0332,0.018600000000000002
2010-10,0.0387,0.0108,-0.0246,0.0001,0.015,0.0128,-0.0038,-0.011899999999999999,-0.021400000000000002
2010-11,0.0059,0.036699999999999997,-0.009000000000000001,0.0001,0.0271,0.0032,0.0179,-0.0085,-0.0087
2010-12,0.0682,0.0072,0.0356,0.0001,-0.03,-0.0342,0.0317,0.0209,0.045899999999999996
2011-01,0.019799999999999998,-0.0229,0.0060999999999999995,0.0001,-0.003,-0.0064,0.008100000000000001,-0.0008,0.0084
2011-02,0.0348,0.015,0.0118,0.0001,0.0189,-0.0183,0.0084,-0.0070999999999999995,0.010700000000000001
2011-03,0.0045000000000000005,0.024900000000000002,-0.0184,0.0001,0.0342,0.0173,-0.0007000000000000001,-0.0083,-0.019799999999999998
2011-04,0.028999999999999998,-0.0042,-0.024399999999999998,0.0,0.0006,0.011200000000000002,-0.0086,-0.0104,-0.0218
2011-05,-0.0127,-0.0073,-0.018500000000000003,0.0,-0.0058,0.0192,-0.0143,-0.0125,-0.0239
2011-06,-0.0174,-0.0027,-0.002,0.0,0.0182,0.0227,-0.014199999999999999,-0.0096,-0.02
2011-07,-0.0235,-0.0118,-0.009000000000000001,0.0,0.0017000000000000001,0.0269,-0.0173,-0.011200000000000002,-0.024700000000000003
2011-08,-0.0596,-0.0296,-0.024300000000000002,0.0001,-0.0026,0.0341,-0.0027,-0.0139,-0.0623
2011-09,-0.0758,-0.031200000000000002,-0.015300000000000001,0.0,-0.0236,0.0199,0.0015,-0.09539999999999998,-0.0516
2011-10,0.1133,0.0305,0.0006,0.0,-0.014499999999999999,-0.0225,-0.0072,0.1217,0.0382
2011-11,-0.0027,-0.0018,-0.0052,0.0,0.0385,0.0194,0.0144,0.0125,-0.0346
2011-12,0.0075,-0.005600000000000001,0.0154,0.0,0.0183,0.0106,0.024700000000000003,-0.0152,0.0207
2012-01,0.050499999999999996,0.020099999999999996,-0.009300000000000001,0.0,-0.0801,-0.0206,-0.0148,0.0659,0.0158
2012-02,0.044199999999999996,-0.0184,0.0042,0.0,-0.0026,-0.0036,-0.0007000000000000001,-0.0037,0.017
2012-03,0.031200000000000002,-0.0063,0.011899999999999999,0.0,0.0132,-0.0060999999999999995,0.0069,-0.0077,0.027000000000000003
2012-04,-0.0085,-0.0037,-0.0077,0.0,0.0378,0.013000000000000001,0.006500000000000001,-0.0048,-0.0196
2012-05,-0.0617,0.0012,-0.0095,0.0001,0.0645,0.0203,0.0235,-0.0353,-0.0192
2012-06,0.038900000000000004,0.0072,0.0055000000000000005,0.0,-0.0111,-0.0106,0.0044,-0.0075,0.016399999999999998
2012-07,0.0079,-0.0276,-0.0006,0.0,0.03,0.0103,0.0001,0.013999999999999999,-0.020499999999999997
2012-08,0.0254,0.0048,0.0125,0.0001,-0.023399999999999997,-0.015,-0.0085,0.0304,0.0216
2012-09,0.0273,0.0045000000000000005,0.0163,0.0001,-0.011399999999999999,-0.013000000000000001,0.015700000000000002,-0.0019,0.0178
2012-10,-0.0176,-0.011000000000000001,0.0352,0.0001,0.0007000000000000001,-0.013999999999999999,0.0252,0.0028000000000000004,0.0104
2012-11,0.0078000000000000005,0.006,-0.0087,0.0001,0.0053,0.0038,0.008100000000000001,0.0089,-0.0062
2012-12,0.0118,0.0149,0.0352,0.0001,-0.029300000000000003,-0.0172,0.008,0.0018,0.0377
2013-01,0.0557,0.0028000000000000004,0.0101,0.0,-0.0177,-0.020099999999999996,0.0152,-0.0155,0.0334
2013-02,0.0128,-0.0029,0.0018,0.0,0.0124,-0.0059,0.006,-0.011699999999999999,-0.0016
2013-03,0.0404,0.0083,-0.0021,0.0,0.0191,0.0027,0.0141,-0.0189,0.0147
2013-04,0.015600000000000001,-0.023700000000000002,0.0046,0.0,0.0019,0.0039000000000000003,0.0042,-0.0121,-0.0037
2013-05,0.027999999999999997,0.0167,0.0271,0.0,-0.020099999999999996,-0.02,-0.009399999999999999,0.0161,0.0308
2013-06,-0.012,0.0131,-0.0004,0.0,0.0058,-0.0028000000000000004,-0.0006,0.0048,-0.0091
2013-07,0.0565,0.0182,0.005699999999999999,0.0,0.0175,-0.0134,0.0058,0.0192,0.017
2013-08,-0.0271,0.0032,-0.0273,0.0,0.0005,0.0070999999999999995,-0.0217,-0.008100000000000001,-0.0138
2013-09,0.0377,0.028900000000000002,-0.0118,0.0,0.0304,-0.0054,-0.0132,-0.004699999999999999,-0.001
2013-10,0.0417,-0.015600000000000001,0.012199999999999999,0.0,0.0007000000000000001,0.0275,0.0089,-0.0012,0.0025
2013-11,0.0311,0.0131,0.0019,0.0,0.0036,0.0026,0.0006,0.0042,0.0033
2013-12,0.0281,-0.0044,0.0,0.0,0.0002,-0.0058,0.0008,0.013300000000000001,-0.009000000000000001
2014-01,-0.0332,0.009300000000000001,-0.0199,0.0,0.016399999999999998,-0.0391,-0.0154,0.003,0.0125
2014-02,0.0466,0.0036,-0.0034999999999999996,0.0,0.0216,-0.0025,-0.0054,-0.0015,-0.0109
2014-03,0.0043,-0.018600000000000002,0.049,0.0,-0.0327,0.0202,0.0192,0.0256,0.0286
2014-04,-0.0018,-0.0418,0.012199999999999999,0.0,-0.038900000000000004,0.034,0.009300000000000001,-0.0208,0.0019
2014-05,0.020499999999999997,-0.018500000000000003,-0.001,0.0,0.0088,-0.0009,-0.0096,0.0055000000000000005,-0.0068000000000000005
2014-06,0.026000000000000002,0.0305,-0.0070999999999999995,0.0,0.006500000000000001,-0.0183,-0.0191,-0.005699999999999999,0.0046
2014-07,-0.0203,-0.0417,-0.0008,0.0,-0.002,0.009399999999999999,0.0051,0.0263,0.0027
2014-08,0.0424,0.004,-0.0058,0.0,0.0084,-0.0064,-0.0069,0.016399999999999998,-0.0121
2014-09,-0.0196,-0.036000000000000004,-0.0147,0.0,0.0064,0.012,-0.0059,-0.003,-0.0087
2014-10,0.025099999999999997,0.04019999999999999,-0.0167,0.0,-0.0027,-0.0039000000000000003,0.0021,-0.027200000000000002,-0.032400000000000005
2014-11,0.0256,-0.020499999999999997,-0.0313,0.0,0.0069,0.015700000000000002,0.0014000000000000002,-0.0331,-0.0159
2014-12,-0.0005,0.0252,0.021099999999999997,0.0,0.0105,-0.0121,0.009000000000000001,-0.01,0.0043
2015-01,-0.031,-0.0060999999999999995,-0.0348,0.0,0.037200000000000004,0.0158,-0.016399999999999998,-0.004699999999999999,-0.0339
2015-02,0.0613,0.0064,-0.0175,0.0,-0.0287,-0.011000000000000001,-0.0175,0.0373,-0.0202
2015-03,-0.0111,0.030600000000000002,-0.0038,0.0,0.027200000000000002,0.0007000000000000001,-0.0062,-0.0015,-0.0248
2015-04,0.0059,-0.0298,0.0181,0.0,-0.0726,0.0005,-0.0062,0.0426,0.011699999999999999
2015-05,0.0137,0.0096,-0.011000000000000001,0.0,0.0576,-0.0175,-0.0083,0.0233,-0.009000000000000001
2015-06,-0.0152,0.029500000000000002,-0.008,0.0,0.0301,0.0034999999999999996,-0.0154,-0.035699999999999996,-0.0097
2015-07,0.015700000000000002,-0.0417,-0.0416,0.0,0.10039999999999999,0.0031,-0.0245,-0.0499,-0.0159
2015-08,-0.0602,0.0037,0.0275,0.0,-0.0215,0.0066,0.0128,0.0152,0.0137
2015-09,-0.030600000000000002,-0.0263,0.0055000000000000005,0.0,0.0526,0.018000000000000002,-0.0058,-0.0318,0.0003
2015-10,0.0775,-0.0191,-0.0046,0.0,-0.0329,0.0095,0.0062,0.0097,-0.0060999999999999995
2015-11,0.005699999999999999,0.0358,-0.0043,0.0,0.023,-0.0265,-0.011000000000000001,0.001,-0.0017000000000000001
2015-12,-0.0215,-0.027999999999999997,-0.025699999999999997,0.0001,0.0333,0.0034000000000000002,0.0013,0.011699999999999999,-0.0241
2016-01,-0.0574,-0.034,0.0208,0.0001,0.0148,0.0278,0.0305,-0.029500000000000002,-0.0109
2016-02,-0.0006,0.0073,-0.0060999999999999995,0.0002,-0.0436,0.033,0.0197,-0.0089,0.0025
2016-03,0.0695,0.0075,0.0123,0.0002,-0.0504,0.0068000000000000005,0.0006,0.015700000000000002,0.0398
2016-04,0.0092,0.0077,0.0322,0.0001,-0.0599,-0.0285,0.0174,0.0042,0.0484
2016-05,0.0178,-0.0018,-0.016200000000000003,0.0001,0.0139,-0.011000000000000001,-0.0254,0.0015,-0.0223
2016-06,-0.0003,0.006,-0.0149,0.0002,0.0414,0.014499999999999999,0.019,0.0146,0.0121
2016-07,0.0394,0.024700000000000003,-0.0127,0.0002,-0.0338,0.0134,-0.0118,0.0454,-0.002
2016-08,0.0049,0.011899999999999999,0.0317,0.0002,-0.0346,-0.0184,-0.0039000000000000003,-0.0034000000000000002,0.006500000000000001
2016-09,0.0027,0.0209,-0.012199999999999999,0.0002,0.0023,-0.0222,0.0002,0.0002,0.0159
2016-10,-0.020099999999999996,-0.0441,0.040999999999999995,0.0002,0.0062,0.0096,0.0028000000000000004,0.0252,-0.01
2016-11,0.048600000000000004,0.055999999999999994,0.0832,0.0001,-0.047400000000000005,-0.0017000000000000001,0.037000000000000005,0.0024,0.019
2016-12,0.0181,0.0013,0.035,0.0003,-0.0026,0.0126,-0.0032,-0.0121,-0.0258
2017-01,0.0194,-0.0116,-0.0274,0.0004,-0.0092,-0.005,-0.010700000000000001,0.0333,-0.0129
2017-02,0.0355,-0.0213,-0.0152,0.0004,-0.015300000000000001,0.0042,-0.0181,-0.0096,-0.0329
2017-03,0.0017000000000000001,0.0113,-0.0333,0.0003,-0.0096,0.0064,-0.0096,-0.0092,-0.0123
2017-04,0.0108,0.0068000000000000005,-0.0208,0.0005,0.0051,0.0178,-0.0161,-0.0209,-0.035
2017-05,0.010700000000000001,-0.025099999999999997,-0.0382,0.0006,0.0149,0.009899999999999999,-0.0167,-0.032799999999999996,-0.0263
2017-06,0.0079,0.0222,0.0151,0.0006,-0.0011,-0.0227,0.0001,0.0412,-0.0067
2017-07,0.018799999999999997,-0.014499999999999999,-0.0023,0.0007000000000000001,0.016399999999999998,-0.0075,-0.0015,0.020099999999999996,0.0058
2017-08,0.0018,-0.0167,-0.0213,0.0009,0.0336,0.002,-0.023799999999999998,-0.004,-0.0206
2017-09,0.024900000000000002,0.044500000000000005,0.0315,0.0009,-0.0134,-0.0154,0.016399999999999998,0.028999999999999998,0.0053
2017-10,0.0226,-0.019299999999999998,0.0013,0.0009,0.0424,0.0092,-0.031400000000000004,-0.0060999999999999995,-0.0195
2017-11,0.031200000000000002,-0.006,-0.0009,0.0008,-0.0091,0.0319,-0.001,0.0040999999999999995,0.0073
2017-12,0.0106,-0.0132,0.0005,0.0009,-0.015700000000000002,0.0073,0.0179,-0.0078000000000000005,0.0195
2018-01,0.0558,-0.0316,-0.0132,0.0011,0.0406,-0.0075,-0.0105,0.0067,-0.019
2018-02,-0.0364,0.0027,-0.011000000000000001,0.0011,0.036000000000000004,0.0053,-0.0236,-0.0109,-0.034300000000000004
2018-03,-0.0235,0.0405,-0.0021,0.0012,-0.0121,-0.0042,0.0008,0.0029,0.0195
2018-04,0.0027,0.0109,0.0053,0.0014000000000000002,0.0045000000000000005,-0.0241,0.0124,-0.0072,0.0281
2018-05,0.026600000000000002,0.0524,-0.031400000000000004,0.0014000000000000002,0.0391,-0.019799999999999998,-0.0149,-0.0014000000000000002,-0.0022
2018-06,0.0049,0.0111,-0.0233,0.0014000000000000002,-0.0229,0.0083,0.002,0.0064,0.0095
2018-07,0.032,-0.0222,0.004699999999999999,0.0016,-0.0143,0.0154,0.0032,0.0161,-0.0154
2018-08,0.0345,0.011699999999999999,-0.0393,0.0016,0.0533,-0.0034000000000000002,-0.0254,0.0171,-0.0268
2018-09,0.0006,-0.0229,-0.0168,0.0015,-0.001,0.0064,0.0137,0.001,0.0184
2018-10,-0.0765,-0.0467,0.034300000000000004,0.0019,-0.02,0.009399999999999999,0.0356,0.0126,-0.0161
2018-11,0.0171,-0.0072,0.0034000000000000002,0.0018,-0.014199999999999999,-0.0062,0.0039000000000000003,0.011699999999999999,-0.0388
2018-12,-0.0955,-0.0233,-0.018799999999999997,0.0019,0.0175,-0.0004,0.0022,-0.016200000000000003,-0.0282
2019-01,0.0837,0.0273,-0.004,0.0021,-0.0864,-0.0067,-0.0161,0.0819,0.0226
2019-02,0.0342,0.020499999999999997,-0.026600000000000002,0.0018,0.0076,0.0015,-0.015,-0.0025,-0.0058
2019-03,0.011000000000000001,-0.030600000000000002,-0.0416,0.0019,0.0227,0.009399999999999999,-0.0091,0.0004,-0.009000000000000001
2019-04,0.0397,-0.0169,0.0213,0.0021,-0.0291,0.015700000000000002,-0.0219,0.0086,-0.03
2019-05,-0.0692,-0.012199999999999999,-0.0236,0.0021,0.0756,-0.0051,0.0175,0.0070999999999999995,-0.04190000000000001
2019-06,0.0699,0.001,-0.0072,0.0018,-0.0226,0.0049,-0.0051,0.0415,-0.0036
2019-07,0.0123,-0.0196,0.005,0.0019,0.029300000000000003,-0.0013,0.0037,-0.0014000000000000002,-0.0315
2019-08,-0.0255,-0.0239,-0.04769999999999999,0.0016,0.0747,0.0053,-0.0062,-0.023799999999999998,-0.0507
2019-09,0.0141,-0.0097,0.0676,0.0018,-0.0674,0.0182,0.0338,0.051399999999999994,0.0269
2019-10,0.0207,0.0027,-0.0192,0.0015,0.0013,0.0043,-0.0103,-0.004,-0.0339
2019-11,0.0387,0.0072,-0.02,0.0012,-0.026099999999999998,-0.016399999999999998,-0.011399999999999999,-0.0018,-0.0002
2019-12,0.0277,0.0076,0.0173,0.0014000000000000002,-0.022400000000000003,0.0005,0.011899999999999999,0.0062,0.0096
2020-01,-0.0011,-0.031,-0.0622,0.0013,0.0602,-0.011899999999999999,-0.0219,0.0256,-0.050199999999999995
2020-02,-0.0815,0.0108,-0.0382,0.0012,-0.0025,-0.0143,-0.0253,-0.024,-0.016200000000000003
2020-03,-0.13369999999999999,-0.046900000000000004,-0.1383,0.0012,0.08199999999999999,-0.0161,0.011899999999999999,-0.1157,-0.08650000000000001
2020-04,0.136,0.025,-0.0134,0.0,-0.056100000000000004,0.0276,-0.0102,0.1572,0.030699999999999998
2020-05,0.0557,0.024,-0.05,0.0001,0.0015,0.0096,-0.0316,-0.033,-0.0191
2020-06,0.0245,0.026699999999999998,-0.0217,0.0001,-0.0087,0.0014000000000000002,0.0055000000000000005,-0.020099999999999996,0.0219
2020-07,0.0583,-0.0235,-0.0144,0.0001,0.077,0.0038,0.0097,-0.0317,-0.0007000000000000001
2020-08,0.0762,-0.002,-0.0302,0.0001,0.0043,0.042699999999999995,-0.0151,-0.024399999999999998,0.0207
2020-09,-0.0364,0.0006,-0.027200000000000002,0.0001,0.0318,-0.0138,-0.019299999999999998,0.0049,-0.0298
2020-10,-0.0208,0.0434,0.0425,0.0001,-0.031,-0.0077,-0.005699999999999999,0.0060999999999999995,-0.0068000000000000005
2020-11,0.1245,0.0581,0.0209,0.0001,-0.126,-0.0225,0.0128,0.0313,0.0637
2020-12,0.0463,0.0501,-0.0168,0.0001,-0.0226,-0.0197,-0.0006,-0.0313,-0.008199999999999999
2021-01,-0.0007000000000000001,0.07139999999999999,0.0322,0.0,0.0434,-0.0365,0.049699999999999994,0.0083,0.0944
2021-02,0.0281,0.0202,0.07200000000000001,0.0,-0.0799,0.0033,-0.0199,0.044800000000000006,0.0407
2021-03,0.0317,-0.0233,0.0735,0.0,-0.061,0.0635,0.0352,-0.0084,0.0326
2021-04,0.0495,-0.0319,-0.0102,0.0,0.012199999999999999,0.024300000000000002,-0.027200000000000002,0.0143,-0.0191
2021-05,0.003,-0.002,0.0704,0.0,0.005600000000000001,0.023399999999999997,0.0301,0.0139,0.0533
2021-06,0.0274,0.017,-0.0786,0.0,0.0207,-0.021400000000000002,-0.009300000000000001,0.0291,-0.0172
2021-07,0.0134,-0.0393,-0.018000000000000002,0.0,-0.0218,0.055,-0.0058,-0.0064,-0.07519999999999999
2021-08,0.0294,-0.0032,-0.0023,0.0,0.0263,-0.0026,-0.0172,-0.0154,-0.0103
2021-09,-0.044000000000000004,0.0066,0.0512,0.0,0.0143,-0.0192,0.02,0.0077,0.0483
2021-10,0.0663,-0.0226,-0.0053,0.0,0.0331,0.0171,-0.0154,-0.0167,-0.0308
2021-11,-0.0158,-0.0131,-0.0037,0.0,0.0096,0.0719,0.017,-0.026699999999999998,-0.039599999999999996
2021-12,0.0323,-0.0163,0.0325,0.0001,-0.024,0.048799999999999996,0.0429,-0.0025,-0.0043
2022-01,-0.0616,-0.0593,0.1286,0.0,-0.024300000000000002,0.0077,0.07730000000000001,-0.0487,0.11900000000000001
2022-02,-0.022799999999999997,0.0216,0.030600000000000002,0.0,0.016200000000000003,-0.0203,0.030299999999999997,-0.0318,0.052000000000000005
2022-03,0.0308,-0.0155,-0.019,0.0,0.0292,-0.015,0.0321,-0.0001,0.015300000000000001
2022-04,-0.0941,-0.013500000000000002,0.061799999999999994,0.0,0.049800000000000004,0.0341,0.0592,-0.018799999999999997,0.0709
2022-05,-0.0034000000000000002,-0.0184,0.08439999999999999,0.0003,0.0252,0.0155,0.0395,-0.0209,0.0567
2022-06,-0.084,0.0207,-0.06,0.0006,0.0106,0.0176,-0.0458,0.0183,-0.0209
2022-07,0.09570000000000001,0.0286,-0.041299999999999996,0.0008,-0.0441,0.008,-0.06849999999999999,0.065,-0.06309999999999999
2022-08,-0.0377,0.0141,0.0018,0.0019,0.0189,-0.047400000000000005,0.0134,0.0166,0.0429
2022-09,-0.0934,-0.0076,0.0003,0.0019,0.0371,-0.0134,-0.0076,-0.017,-0.014199999999999999
2022-10,0.0785,0.0001,0.0797,0.0023,0.0394,0.032799999999999996,0.0642,0.0045000000000000005,0.0902
2022-11,0.04650000000000001,-0.035699999999999996,0.0148,0.0029,-0.0171,0.0629,0.0316,0.0048,-0.006999999999999999
2022-12,-0.0638,-0.0076,0.0134,0.0033,0.049400000000000006,0.0034999999999999996,0.0429,-0.0337,0.0222
2023-01,0.0661,0.0501,-0.0394,0.0034999999999999996,-0.16210000000000002,-0.024399999999999998,-0.0441,0.096,-0.011899999999999999
2023-02,-0.025699999999999997,0.0105,-0.008,0.0034000000000000002,0.0052,0.009899999999999999,-0.015,-0.0141,-0.0233
2023-03,0.0248,-0.0548,-0.09050000000000001,0.0036,-0.023799999999999998,0.0227,-0.021,-0.0161,-0.054299999999999994
2023-04,0.0062,-0.0337,-0.0012,0.0034999999999999996,0.0175,0.0241,0.0285,-0.0079,-0.0034999999999999996
2023-05,0.0034000000000000002,0.016,-0.0779,0.0036,-0.0088,-0.0178,-0.0706,0.0404,-0.0408
2023-06,0.0646,0.0149,-0.0013,0.004,-0.0271,0.0231,-0.0155,0.0089,-0.0011
2023-07,0.0321,0.020499999999999997,0.0406,0.0045000000000000005,-0.039900000000000005,-0.0060999999999999995,0.005,-0.0183,0.0333
2023-08,-0.0236,-0.0313,-0.0115,0.0045000000000000005,0.039,0.0333,-0.0222,0.023700000000000002,-0.025
2023-09,-0.052300000000000006,-0.025,0.015,0.0043,0.0025,0.018600000000000002,-0.0086,-0.027000000000000003,0.0021
2023-10,-0.0315,-0.0387,0.0022,0.004699999999999999,0.0169,0.0242,-0.0072,-0.0252,-0.019
2023-11,0.0888,-0.0011,0.0166,0.0044,0.0259,-0.037200000000000004,-0.012199999999999999,0.0348,0.0078000000000000005
2023-12,0.048499999999999995,0.06280000000000001,0.0487,0.0043,-0.055,-0.0296,0.011899999999999999,-0.041100000000000005,0.0019
2024-01,0.0073,-0.0504,-0.023700000000000002,0.004699999999999999,0.0546,0.0066,-0.0101,0.0223,0.008199999999999999
2024-02,0.0507,-0.0026,-0.034300000000000004,0.0042,0.0501,-0.0202,-0.022799999999999997,-0.016,0.0051
2024-03,0.028399999999999998,-0.025,0.0416,0.0043,-0.0032,0.013300000000000001,0.0104,0.0015,0.0009
2024-04,-0.04650000000000001,-0.023799999999999998,-0.0045000000000000005,0.004699999999999999,-0.0043,0.0116,-0.0038,-0.038,-0.0231
2024-05,0.0433,0.0053,-0.013300000000000001,0.0044,0.014499999999999999,0.032,-0.0298,-0.0171,-0.0236
2024-06,0.027999999999999997,-0.03,-0.0336,0.0040999999999999995,0.0086,0.0055000000000000005,-0.0169,-0.0187,-0.0227
2024-07,0.012199999999999999,0.0681,0.0557,0.0045000000000000005,-0.0236,0.0026,0.0027,0.0351,0.0173
2024-08,0.016,-0.0349,-0.0113,0.0048,0.048600000000000004,0.0075,0.0079,0.0012,0.006500000000000001
2024-09,0.0172,-0.0013,-0.0273,0.004,-0.006,0.0019,-0.0025,0.005699999999999999,-0.0018
2024-10,-0.01,-0.0095,0.0091,0.0039000000000000003,0.0298,-0.0149,0.0102,-0.0149,0.019
2024-11,0.0649,0.0449,0.0038,0.004,0.008100000000000001,-0.0227,-0.019299999999999998,-0.048,0.0074
2024-12,-0.0317,-0.027000000000000003,-0.0297,0.0037,-0.003,0.018799999999999997,-0.012,0.0034999999999999996,-0.0195
2025-01,0.027999999999999997,-0.02,0.0176,0.0037,0.0101,-0.0235,-0.0322,0.0263,0.0128
2025-02,-0.024399999999999998,-0.057699999999999994,0.0484,0.0033,-0.0086,0.010700000000000001,0.030899999999999997,0.032799999999999996,0.024900000000000002
2025-03,-0.0639,-0.027200000000000002,0.0287,0.0034000000000000002,-0.0264,0.0209,-0.0046,-0.035,0.0183
2025-04,-0.0084,-0.005699999999999999,-0.0329,0.0034999999999999996,0.0501,-0.028300000000000002,-0.0259,0.0235,-0.0128
2025-05,0.060599999999999994,0.0060999999999999995,-0.0281,0.0038,0.0225,0.0129,0.0248,-0.050499999999999996,-0.0361
2025-06,0.048600000000000004,0.0070999999999999995,-0.0143,0.0034000000000000002,-0.0265,-0.0319,0.0138,-0.055999999999999994,-0.039599999999999996
2025-07,0.019799999999999998,0.003,-0.0134,0.0034000000000000002,-0.009399999999999999,-0.0025,-0.02,-0.052000000000000005,-0.042
2025-08,0.0184,0.038,0.0437,0.0038,-0.0361,-0.0069,0.0197,0.011699999999999999,0.0235
2025-09,0.0339,-0.0183,-0.0105,0.0033,0.0462,-0.020099999999999996,-0.0227,-0.023700000000000002,-0.0356
2025-10,0.0196,-0.005699999999999999,-0.0318,0.0037,0.0016,-0.0525,-0.0407,-0.078,0.0009
2025-11,-0.0013,0.004,0.037599999999999995,0.003,-0.0172,0.0143,0.0064,-0.0018,0.018000000000000002
2025-12,-0.0036,-0.0104,0.024,0.0034000000000000002,-0.024,0.0032,0.004,0.013500000000000002,-0.0031
2026-01,0.0103,0.0218,0.038,0.003,0.050300000000000004,0.0189,0.0184,-0.003,-0.0060999999999999995
2026-02,-0.011699999999999999,0.0016,0.027999999999999997,0.0028000000000000004,0.0131,0.0167,0.0504,-0.0673,0.0111
2026-03,-0.0518,0.0044,0.0329,0.0029,0.015600000000000001,-0.0203,-0.0012,0.0032,-0.0319
2026-04,0.09949999999999999,0.0019,-0.0137,0.0029,0.0951,-0.0415,-0.038,-0.013600000000000001,0.0666
2026-05,0.049100000000000005,-0.0159,-0.0231,0.0031,0.0139,-0.0816,-0.0146,-0.0634,0.043
2026-06,-0.010700000000000001,0.0339,0.0358,0.0029,0.0462,-0.0507,0.0345,0.0003,0.043899999999999995
2026-07,-0.0060999999999999995,-0.0192,0.021099999999999997,0.0033,-0.122,0.1107,0.0226,0.095,-0.053200000000000004
2026-08,0.0256,0.0034000000000000002,-0.0354,0.0029,-0.057,-0.0408,-0.020099999999999996,-0.019799999999999998,-0.001
