belief,book,governor,exp_log_growth_10y,median_cagr_10y,p10_cagr_10y,p90_cagr_10y,spy_median_cagr_10y,p_beat_spy,p_beat_spy_5pts,p_dd_gt_30,p_dd_gt_40,p_dd_gt_50,median_maxdd_10y,p_below_start_10y,p_dd_gt_40_20y,p_dd_gt_50_20y,median_cagr_20y,t2x_median,t2x_p10,t2x_share,t10x_median,t10x_p10,t10x_share,veh,we,wb,wg,equity_exposure_when_in
forward-central,2x 40% + BTC 10%,none,0.0619,0.0650,0.0232,0.1034,0.0523,0.5930,0.2120,0.0470,0.0020,0.0000,0.1830,0.0190,0.0130,0.0000,0.0624,10.0595,5.8806,0.9290,,,0.0150,2x,0.4000,0.1000,0.0000,0.8000
forward-central,2x 40% + BTC 10%,wide 20-50,0.0618,0.0648,0.0227,0.1033,0.0523,0.5930,0.2110,0.0340,0.0000,0.0000,0.1830,0.0200,0.0000,0.0000,0.0623,10.0833,5.8806,0.9280,,,0.0140,2x,0.4000,0.1000,0.0000,0.8000
forward-central,2x 40% + BTC 10%,D40 15-35,0.0614,0.0645,0.0221,0.1030,0.0523,0.5880,0.2090,0.0070,0.0000,0.0000,0.1826,0.0190,0.0000,0.0000,0.0618,10.1131,5.8806,0.9230,,,0.0140,2x,0.4000,0.1000,0.0000,0.8000
forward-central,2x 40% + BTC 10%,D30 10-25,0.0605,0.0633,0.0224,0.1018,0.0523,0.5770,0.2020,0.0000,0.0000,0.0000,0.1743,0.0150,0.0000,0.0000,0.0607,10.3849,5.8960,0.9110,,,0.0100,2x,0.4000,0.1000,0.0000,0.8000
forward-central,2x 40% + BTC 10%,floor 60%,0.0587,0.0608,0.0241,0.0965,0.0523,0.5670,0.1840,0.0000,0.0000,0.0000,0.1500,0.0110,0.0000,0.0000,0.0592,10.8849,6.3548,0.9150,,,0.0050,2x,0.4000,0.1000,0.0000,0.8000
forward-central,2x 40% + BTC 10% + gems 15%,none,0.0734,0.0771,0.0356,0.1165,0.0523,0.6770,0.2950,0.0220,0.0010,0.0000,0.1737,0.0060,0.0080,0.0000,0.0754,8.4940,5.1937,0.9740,,,0.0370,2x,0.4000,0.1000,0.1500,0.8000
forward-central,2x 40% + BTC 10% + gems 15%,wide 20-50,0.0733,0.0771,0.0354,0.1165,0.0523,0.6760,0.2930,0.0160,0.0000,0.0000,0.1737,0.0060,0.0000,0.0000,0.0754,8.4940,5.1937,0.9740,,,0.0370,2x,0.4000,0.1000,0.1500,0.8000
forward-central,2x 40% + BTC 10% + gems 15%,D40 15-35,0.0730,0.0769,0.0351,0.1164,0.0523,0.6750,0.2900,0.0030,0.0000,0.0000,0.1737,0.0050,0.0000,0.0000,0.0750,8.5258,5.1937,0.9730,,,0.0370,2x,0.4000,0.1000,0.1500,0.8000
forward-central,2x 40% + BTC 10% + gems 15%,D30 10-25,0.0718,0.0748,0.0330,0.1148,0.0523,0.6680,0.2850,0.0000,0.0000,0.0000,0.1675,0.0050,0.0000,0.0000,0.0736,8.6786,5.2016,0.9700,,,0.0340,2x,0.4000,0.1000,0.1500,0.8000
forward-central,2x 40% + BTC 10% + gems 15%,floor 60%,0.0692,0.0717,0.0334,0.1096,0.0523,0.6490,0.2550,0.0000,0.0000,0.0000,0.1450,0.0030,0.0000,0.0000,0.0702,9.2579,5.5897,0.9660,,,0.0240,2x,0.4000,0.1000,0.1500,0.8000
forward-central,2x 40% + BTC 20%,none,0.0766,0.0803,0.0235,0.1385,0.0523,0.6910,0.3480,0.1900,0.0300,0.0020,0.2338,0.0320,0.0870,0.0140,0.0780,7.9226,3.7563,0.9460,,19.2794,0.1240,2x,0.4000,0.2000,0.0000,0.8000
forward-central,2x 40% + BTC 20%,wide 20-50,0.0762,0.0798,0.0234,0.1385,0.0523,0.6890,0.3440,0.1630,0.0050,0.0000,0.2331,0.0320,0.0210,0.0000,0.0773,7.9345,3.7563,0.9440,,19.3976,0.1220,2x,0.4000,0.2000,0.0000,0.8000
forward-central,2x 40% + BTC 20%,D40 15-35,0.0755,0.0791,0.0223,0.1379,0.0523,0.6820,0.3340,0.0620,0.0000,0.0000,0.2271,0.0270,0.0000,0.0000,0.0762,8.0198,3.7563,0.9400,,19.4516,0.1170,2x,0.4000,0.2000,0.0000,0.8000
forward-central,2x 40% + BTC 20%,D30 10-25,0.0739,0.0762,0.0225,0.1342,0.0523,0.6630,0.3250,0.0000,0.0000,0.0000,0.2054,0.0190,0.0000,0.0000,0.0737,8.2222,3.8290,0.9390,,,0.1000,2x,0.4000,0.2000,0.0000,0.8000
forward-central,2x 40% + BTC 20%,floor 60%,0.0721,0.0741,0.0253,0.1283,0.0523,0.6530,0.3050,0.0000,0.0000,0.0000,0.1804,0.0160,0.0000,0.0000,0.0719,8.6290,4.1496,0.9440,,,0.0680,2x,0.4000,0.2000,0.0000,0.8000
forward-central,2x 40% + BTC 20% + gems 15%,none,0.0882,0.0931,0.0358,0.1512,0.0523,0.7600,0.4200,0.1320,0.0170,0.0010,0.2175,0.0160,0.0510,0.0060,0.0906,7.0615,3.4921,0.9760,,17.3480,0.2100,2x,0.4000,0.2000,0.1500,0.8000
forward-central,2x 40% + BTC 20% + gems 15%,wide 20-50,0.0878,0.0926,0.0344,0.1504,0.0523,0.7600,0.4180,0.1190,0.0020,0.0000,0.2174,0.0170,0.0110,0.0000,0.0905,7.0734,3.4921,0.9740,,17.3742,0.2070,2x,0.4000,0.2000,0.1500,0.8000
forward-central,2x 40% + BTC 20% + gems 15%,D40 15-35,0.0870,0.0915,0.0344,0.1499,0.0523,0.7530,0.4080,0.0360,0.0000,0.0000,0.2146,0.0160,0.0000,0.0000,0.0894,7.0992,3.4921,0.9760,,17.5417,0.1990,2x,0.4000,0.2000,0.1500,0.8000
forward-central,2x 40% + BTC 20% + gems 15%,D30 10-25,0.0850,0.0885,0.0331,0.1480,0.0523,0.7370,0.3940,0.0000,0.0000,0.0000,0.1976,0.0130,0.0000,0.0000,0.0860,7.3393,3.5147,0.9710,,18.0857,0.1730,2x,0.4000,0.2000,0.1500,0.8000
forward-central,2x 40% + BTC 20% + gems 15%,floor 60%,0.0822,0.0851,0.0358,0.1397,0.0523,0.7260,0.3730,0.0000,0.0000,0.0000,0.1722,0.0100,0.0000,0.0000,0.0836,7.7044,3.7893,0.9740,,19.2599,0.1230,2x,0.4000,0.2000,0.1500,0.8000
forward-central,2x 40% + BTC 30%,none,0.0895,0.0929,0.0213,0.1743,0.0523,0.7330,0.4460,0.4850,0.1440,0.0330,0.2980,0.0540,0.3090,0.0930,0.0897,6.5675,2.6190,0.9540,,14.4345,0.3140,2x,0.4000,0.3000,0.0000,0.8000
forward-central,2x 40% + BTC 30%,wide 20-50,0.0886,0.0909,0.0197,0.1727,0.0523,0.7280,0.4400,0.4560,0.0450,0.0000,0.2919,0.0530,0.1420,0.0000,0.0878,6.6032,2.6226,0.9500,,14.4913,0.2990,2x,0.4000,0.3000,0.0000,0.8000
forward-central,2x 40% + BTC 30%,D40 15-35,0.0872,0.0884,0.0200,0.1706,0.0523,0.7240,0.4260,0.2740,0.0000,0.0000,0.2727,0.0430,0.0000,0.0000,0.0864,6.7520,2.6266,0.9480,,15.1147,0.2740,2x,0.4000,0.3000,0.0000,0.8000
forward-central,2x 40% + BTC 30%,D30 10-25,0.0846,0.0866,0.0209,0.1644,0.0523,0.7090,0.4130,0.0000,0.0000,0.0000,0.2333,0.0280,0.0000,0.0000,0.0820,7.1151,2.6766,0.9440,,15.8246,0.2430,2x,0.4000,0.3000,0.0000,0.8000
forward-central,2x 40% + BTC 30%,floor 60%,0.0831,0.0837,0.0242,0.1562,0.0523,0.7000,0.3980,0.0050,0.0000,0.0000,0.2142,0.0200,0.0000,0.0000,0.0809,7.4345,2.9937,0.9490,,16.8996,0.2000,2x,0.4000,0.3000,0.0000,0.8000
forward-central,2x 40% + BTC 30% + gems 15%,none,0.1011,0.1056,0.0335,0.1885,0.0523,0.7840,0.5080,0.4100,0.1090,0.0170,0.2815,0.0310,0.2410,0.0530,0.1023,5.9583,2.4163,0.9720,,13.6548,0.3960,2x,0.4000,0.3000,0.1500,0.8000
forward-central,2x 40% + BTC 30% + gems 15%,wide 20-50,0.1001,0.1043,0.0315,0.1878,0.0523,0.7800,0.5050,0.3790,0.0310,0.0000,0.2774,0.0280,0.0930,0.0000,0.1013,6.0099,2.4524,0.9720,,13.6802,0.3860,2x,0.4000,0.3000,0.1500,0.8000
forward-central,2x 40% + BTC 30% + gems 15%,D40 15-35,0.0984,0.1018,0.0305,0.1855,0.0523,0.7730,0.4950,0.2090,0.0000,0.0000,0.2626,0.0300,0.0000,0.0000,0.0986,6.2024,2.4639,0.9700,,13.7921,0.3680,2x,0.4000,0.3000,0.1500,0.8000
forward-central,2x 40% + BTC 30% + gems 15%,D30 10-25,0.0950,0.0978,0.0280,0.1792,0.0523,0.7650,0.4750,0.0000,0.0000,0.0000,0.2288,0.0200,0.0000,0.0000,0.0939,6.3929,2.5393,0.9690,,14.1714,0.3370,2x,0.4000,0.3000,0.1500,0.8000
forward-central,2x 40% + BTC 30% + gems 15%,floor 60%,0.0927,0.0945,0.0322,0.1696,0.0523,0.7580,0.4600,0.0020,0.0000,0.0000,0.2079,0.0160,0.0000,0.0000,0.0920,6.7817,2.8762,0.9720,,15.4266,0.2910,2x,0.4000,0.3000,0.1500,0.8000
forward-central,2x 50% + BTC 10%,none,0.0615,0.0646,0.0163,0.1101,0.0523,0.5940,0.2100,0.1880,0.0270,0.0020,0.2292,0.0380,0.0870,0.0150,0.0618,9.6052,5.0885,0.9050,,,0.0320,2x,0.5000,0.1000,0.0000,1.0000
forward-central,2x 50% + BTC 10%,wide 20-50,0.0610,0.0640,0.0147,0.1100,0.0523,0.5920,0.2070,0.1730,0.0030,0.0000,0.2294,0.0400,0.0240,0.0000,0.0614,9.6687,5.0885,0.8960,,,0.0320,2x,0.5000,0.1000,0.0000,1.0000
forward-central,2x 50% + BTC 10%,D40 15-35,0.0603,0.0633,0.0139,0.1083,0.0523,0.5830,0.1960,0.0680,0.0000,0.0000,0.2240,0.0390,0.0000,0.0000,0.0604,9.8135,5.0893,0.8830,,,0.0310,2x,0.5000,0.1000,0.0000,1.0000
forward-central,2x 50% + BTC 10%,D30 10-25,0.0586,0.0605,0.0142,0.1056,0.0523,0.5700,0.1800,0.0000,0.0000,0.0000,0.2048,0.0290,0.0000,0.0000,0.0584,10.3433,5.1464,0.8760,,,0.0270,2x,0.5000,0.1000,0.0000,1.0000
forward-central,2x 50% + BTC 10%,floor 60%,0.0571,0.0589,0.0184,0.0993,0.0523,0.5590,0.1750,0.0000,0.0000,0.0000,0.1800,0.0230,0.0000,0.0000,0.0567,10.9008,5.8647,0.8810,,,0.0100,2x,0.5000,0.1000,0.0000,1.0000
forward-central,2x 50% + BTC 10% + gems 15%,none,0.0730,0.0771,0.0275,0.1236,0.0523,0.6840,0.2880,0.1350,0.0110,0.0000,0.2173,0.0200,0.0510,0.0070,0.0749,8.2956,4.5591,0.9520,,,0.0590,2x,0.5000,0.1000,0.1500,1.0000
forward-central,2x 50% + BTC 10% + gems 15%,wide 20-50,0.0726,0.0765,0.0268,0.1235,0.0523,0.6820,0.2860,0.1180,0.0010,0.0000,0.2174,0.0220,0.0110,0.0000,0.0744,8.3036,4.5591,0.9490,,,0.0580,2x,0.5000,0.1000,0.1500,1.0000
forward-central,2x 50% + BTC 10% + gems 15%,D40 15-35,0.0717,0.0756,0.0253,0.1229,0.0523,0.6740,0.2810,0.0420,0.0000,0.0000,0.2150,0.0210,0.0000,0.0000,0.0732,8.4167,4.5591,0.9420,,,0.0570,2x,0.5000,0.1000,0.1500,1.0000
forward-central,2x 50% + BTC 10% + gems 15%,D30 10-25,0.0696,0.0723,0.0240,0.1199,0.0523,0.6480,0.2650,0.0000,0.0000,0.0000,0.1999,0.0160,0.0000,0.0000,0.0703,8.6806,4.6107,0.9340,,,0.0450,2x,0.5000,0.1000,0.1500,1.0000
forward-central,2x 50% + BTC 10% + gems 15%,floor 60%,0.0672,0.0695,0.0262,0.1129,0.0523,0.6330,0.2440,0.0000,0.0000,0.0000,0.1741,0.0060,0.0000,0.0000,0.0671,9.1706,5.1413,0.9420,,,0.0300,2x,0.5000,0.1000,0.1500,1.0000
forward-central,2x 50% + BTC 20%,none,0.0762,0.0801,0.0179,0.1430,0.0523,0.6920,0.3510,0.3560,0.0890,0.0130,0.2697,0.0420,0.2110,0.0490,0.0775,7.6746,3.4952,0.9390,,18.7536,0.1420,2x,0.5000,0.2000,0.0000,1.0000
forward-central,2x 50% + BTC 20%,wide 20-50,0.0754,0.0795,0.0163,0.1426,0.0523,0.6900,0.3460,0.3280,0.0250,0.0000,0.2681,0.0470,0.0850,0.0000,0.0764,7.7302,3.4952,0.9360,,18.8976,0.1350,2x,0.5000,0.2000,0.0000,1.0000
forward-central,2x 50% + BTC 20%,D40 15-35,0.0742,0.0775,0.0161,0.1408,0.0523,0.6750,0.3310,0.1920,0.0000,0.0000,0.2551,0.0410,0.0000,0.0000,0.0752,7.8710,3.4952,0.9250,,19.2298,0.1230,2x,0.5000,0.2000,0.0000,1.0000
forward-central,2x 50% + BTC 20%,D30 10-25,0.0717,0.0735,0.0167,0.1364,0.0523,0.6600,0.3050,0.0000,0.0000,0.0000,0.2250,0.0330,0.0000,0.0000,0.0714,8.1925,3.5385,0.9200,,19.9044,0.1030,2x,0.5000,0.2000,0.0000,1.0000
forward-central,2x 50% + BTC 20%,floor 60%,0.0704,0.0709,0.0199,0.1292,0.0523,0.6490,0.2910,0.0010,0.0000,0.0000,0.2022,0.0220,0.0000,0.0000,0.0700,8.6667,3.9405,0.9290,,,0.0760,2x,0.5000,0.2000,0.0000,1.0000
forward-central,2x 50% + BTC 20% + gems 15%,none,0.0877,0.0934,0.0287,0.1554,0.0523,0.7470,0.4190,0.2870,0.0580,0.0050,0.2555,0.0270,0.1430,0.0270,0.0904,6.9067,3.3210,0.9690,,16.4726,0.2410,2x,0.5000,0.2000,0.1500,1.0000
forward-central,2x 50% + BTC 20% + gems 15%,wide 20-50,0.0869,0.0924,0.0284,0.1553,0.0523,0.7450,0.4130,0.2660,0.0130,0.0000,0.2543,0.0240,0.0490,0.0000,0.0894,6.9484,3.3210,0.9640,,16.6397,0.2320,2x,0.5000,0.2000,0.1500,1.0000
forward-central,2x 50% + BTC 20% + gems 15%,D40 15-35,0.0855,0.0906,0.0272,0.1534,0.0523,0.7400,0.4060,0.1410,0.0000,0.0000,0.2454,0.0230,0.0000,0.0000,0.0878,7.0575,3.3210,0.9610,,17.0996,0.2150,2x,0.5000,0.2000,0.1500,1.0000
forward-central,2x 50% + BTC 20% + gems 15%,D30 10-25,0.0823,0.0859,0.0265,0.1472,0.0523,0.7210,0.3860,0.0000,0.0000,0.0000,0.2198,0.0190,0.0000,0.0000,0.0834,7.3512,3.3845,0.9600,,17.9726,0.1750,2x,0.5000,0.2000,0.1500,1.0000
forward-central,2x 50% + BTC 20% + gems 15%,floor 60%,0.0801,0.0832,0.0295,0.1394,0.0523,0.7110,0.3700,0.0010,0.0000,0.0000,0.1957,0.0140,0.0000,0.0000,0.0815,7.7659,3.7528,0.9610,,19.2885,0.1310,2x,0.5000,0.2000,0.1500,1.0000
forward-central,2x 50% + BTC 30%,none,0.0890,0.0929,0.0149,0.1785,0.0523,0.7280,0.4420,0.6190,0.2260,0.0560,0.3262,0.0640,0.4360,0.1680,0.0900,6.4425,2.4365,0.9440,,14.1103,0.3230,2x,0.5000,0.3000,0.0000,1.0000
forward-central,2x 50% + BTC 30%,wide 20-50,0.0876,0.0908,0.0133,0.1769,0.0523,0.7220,0.4340,0.5850,0.1080,0.0000,0.3175,0.0640,0.2570,0.0000,0.0871,6.4940,2.4365,0.9370,,14.2687,0.3070,2x,0.5000,0.3000,0.0000,1.0000
forward-central,2x 50% + BTC 30%,D40 15-35,0.0856,0.0875,0.0136,0.1718,0.0523,0.7070,0.4200,0.4190,0.0000,0.0000,0.2908,0.0530,0.0000,0.0000,0.0838,6.6905,2.4873,0.9330,,14.6627,0.2770,2x,0.5000,0.3000,0.0000,1.0000
forward-central,2x 50% + BTC 30%,D30 10-25,0.0822,0.0835,0.0149,0.1647,0.0523,0.6910,0.4020,0.0020,0.0000,0.0000,0.2451,0.0420,0.0000,0.0000,0.0794,7.2440,2.5786,0.9310,,15.7472,0.2360,2x,0.5000,0.3000,0.0000,1.0000
forward-central,2x 50% + BTC 30%,floor 60%,0.0814,0.0827,0.0200,0.1565,0.0523,0.6920,0.3890,0.0190,0.0000,0.0000,0.2306,0.0280,0.0000,0.0000,0.0796,7.5575,2.9242,0.9410,,16.9155,0.1930,2x,0.5000,0.3000,0.0000,1.0000
forward-central,2x 50% + BTC 30% + gems 15%,none,0.1005,0.1055,0.0272,0.1937,0.0523,0.7810,0.5170,0.5450,0.1840,0.0380,0.3101,0.0440,0.3660,0.1180,0.1026,5.8274,2.3373,0.9680,,13.2238,0.4050,2x,0.5000,0.3000,0.1500,1.0000
forward-central,2x 50% + BTC 30% + gems 15%,wide 20-50,0.0990,0.1035,0.0249,0.1908,0.0523,0.7710,0.5090,0.5220,0.0810,0.0000,0.3028,0.0430,0.2050,0.0000,0.1007,5.9940,2.3373,0.9640,,13.4020,0.3890,2x,0.5000,0.3000,0.1500,1.0000
forward-central,2x 50% + BTC 30% + gems 15%,D40 15-35,0.0966,0.1009,0.0246,0.1858,0.0523,0.7670,0.4870,0.3550,0.0000,0.0000,0.2822,0.0360,0.0000,0.0000,0.0967,6.1468,2.3532,0.9620,,13.7222,0.3670,2x,0.5000,0.3000,0.1500,1.0000
forward-central,2x 50% + BTC 30% + gems 15%,D30 10-25,0.0922,0.0943,0.0236,0.1786,0.0523,0.7520,0.4490,0.0010,0.0000,0.0000,0.2411,0.0260,0.0000,0.0000,0.0911,6.4940,2.4127,0.9600,,14.2337,0.3100,2x,0.5000,0.3000,0.1500,1.0000
forward-central,2x 50% + BTC 30% + gems 15%,floor 60%,0.0907,0.0925,0.0285,0.1690,0.0523,0.7470,0.4470,0.0130,0.0000,0.0000,0.2241,0.0200,0.0000,0.0000,0.0905,6.7917,2.6786,0.9640,,15.3921,0.2800,2x,0.5000,0.3000,0.1500,1.0000
forward-central,2x 60% + BTC 10%,none,0.0606,0.0633,0.0085,0.1152,0.0523,0.5840,0.2030,0.3790,0.0970,0.0140,0.2732,0.0640,0.2290,0.0670,0.0603,9.2917,4.5873,0.8730,,,0.0420,2x,0.6000,0.1000,0.0000,1.2000
forward-central,2x 60% + BTC 10%,wide 20-50,0.0596,0.0623,0.0059,0.1140,0.0523,0.5800,0.1920,0.3600,0.0340,0.0000,0.2719,0.0680,0.1020,0.0000,0.0590,9.4365,4.5873,0.8660,,,0.0390,2x,0.6000,0.1000,0.0000,1.2000
forward-central,2x 60% + BTC 10%,D40 15-35,0.0583,0.0607,0.0061,0.1134,0.0523,0.5730,0.1810,0.2250,0.0000,0.0000,0.2606,0.0700,0.0000,0.0000,0.0577,9.6111,4.6111,0.8620,,,0.0390,2x,0.6000,0.1000,0.0000,1.2000
forward-central,2x 60% + BTC 10%,D30 10-25,0.0557,0.0568,0.0075,0.1094,0.0523,0.5500,0.1620,0.0000,0.0000,0.0000,0.2298,0.0580,0.0000,0.0000,0.0545,10.5060,4.7302,0.8380,,,0.0320,2x,0.6000,0.1000,0.0000,1.2000
forward-central,2x 60% + BTC 10%,floor 60%,0.0551,0.0564,0.0129,0.1013,0.0523,0.5450,0.1550,0.0030,0.0000,0.0000,0.2072,0.0350,0.0000,0.0000,0.0540,10.9365,5.3119,0.8580,,,0.0190,2x,0.6000,0.1000,0.0000,1.2000
forward-central,2x 60% + BTC 10% + gems 15%,none,0.0721,0.0762,0.0190,0.1299,0.0523,0.6700,0.3040,0.3200,0.0610,0.0060,0.2609,0.0340,0.1610,0.0360,0.0728,8.0853,4.1460,0.9370,,,0.0880,2x,0.6000,0.1000,0.1500,1.2000
forward-central,2x 60% + BTC 10% + gems 15%,wide 20-50,0.0711,0.0751,0.0170,0.1295,0.0523,0.6680,0.3000,0.2940,0.0190,0.0000,0.2607,0.0380,0.0690,0.0000,0.0715,8.1270,4.1460,0.9270,,,0.0820,2x,0.6000,0.1000,0.1500,1.2000
forward-central,2x 60% + BTC 10% + gems 15%,D40 15-35,0.0695,0.0728,0.0154,0.1275,0.0523,0.6570,0.2700,0.1740,0.0000,0.0000,0.2511,0.0350,0.0000,0.0000,0.0693,8.3313,4.1468,0.9140,,,0.0720,2x,0.6000,0.1000,0.1500,1.2000
forward-central,2x 60% + BTC 10% + gems 15%,D30 10-25,0.0661,0.0674,0.0154,0.1220,0.0523,0.6210,0.2320,0.0000,0.0000,0.0000,0.2253,0.0320,0.0000,0.0000,0.0660,8.8353,4.3079,0.9030,,,0.0530,2x,0.6000,0.1000,0.1500,1.2000
forward-central,2x 60% + BTC 10% + gems 15%,floor 60%,0.0647,0.0664,0.0197,0.1156,0.0523,0.6110,0.2170,0.0010,0.0000,0.0000,0.2018,0.0230,0.0000,0.0000,0.0637,9.3591,4.7250,0.9130,,,0.0370,2x,0.6000,0.1000,0.1500,1.2000
forward-central,2x 60% + BTC 20%,none,0.0752,0.0794,0.0108,0.1463,0.0523,0.6900,0.3450,0.5300,0.1890,0.0400,0.3075,0.0680,0.3730,0.1220,0.0765,7.4583,3.3123,0.9280,,17.8778,0.1670,2x,0.6000,0.2000,0.0000,1.2000
forward-central,2x 60% + BTC 20%,wide 20-50,0.0738,0.0781,0.0096,0.1455,0.0523,0.6740,0.3320,0.5100,0.0800,0.0000,0.3017,0.0770,0.2000,0.0000,0.0741,7.5615,3.3123,0.9100,,18.1456,0.1550,2x,0.6000,0.2000,0.0000,1.2000
forward-central,2x 60% + BTC 20%,D40 15-35,0.0720,0.0755,0.0088,0.1418,0.0523,0.6590,0.3110,0.3460,0.0000,0.0000,0.2819,0.0620,0.0000,0.0000,0.0722,7.7619,3.3365,0.9040,,18.6690,0.1330,2x,0.6000,0.2000,0.0000,1.2000
forward-central,2x 60% + BTC 20%,D30 10-25,0.0686,0.0710,0.0104,0.1349,0.0523,0.6330,0.2790,0.0010,0.0000,0.0000,0.2418,0.0570,0.0000,0.0000,0.0683,8.4008,3.4008,0.8930,,19.9909,0.1020,2x,0.6000,0.2000,0.0000,1.2000
forward-central,2x 60% + BTC 20%,floor 60%,0.0682,0.0687,0.0159,0.1283,0.0523,0.6400,0.2790,0.0110,0.0000,0.0000,0.2239,0.0360,0.0000,0.0000,0.0678,8.8194,3.7976,0.9110,,,0.0790,2x,0.6000,0.2000,0.0000,1.2000
forward-central,2x 60% + BTC 20% + gems 15%,none,0.0867,0.0924,0.0211,0.1601,0.0523,0.7470,0.4170,0.4660,0.1430,0.0220,0.2931,0.0400,0.2910,0.0870,0.0891,6.7500,3.0548,0.9540,,15.9714,0.2660,2x,0.6000,0.2000,0.1500,1.2000
forward-central,2x 60% + BTC 20% + gems 15%,wide 20-50,0.0852,0.0905,0.0189,0.1584,0.0523,0.7430,0.4020,0.4460,0.0540,0.0000,0.2903,0.0400,0.1560,0.0000,0.0870,6.7837,3.0734,0.9490,,16.1560,0.2520,2x,0.6000,0.2000,0.1500,1.2000
forward-central,2x 60% + BTC 20% + gems 15%,D40 15-35,0.0830,0.0871,0.0183,0.1552,0.0523,0.7280,0.3890,0.2990,0.0000,0.0000,0.2729,0.0370,0.0000,0.0000,0.0847,7.0119,3.0905,0.9400,,16.5623,0.2180,2x,0.6000,0.2000,0.1500,1.2000
forward-central,2x 60% + BTC 20% + gems 15%,D30 10-25,0.0788,0.0820,0.0193,0.1465,0.0523,0.7020,0.3640,0.0010,0.0000,0.0000,0.2378,0.0360,0.0000,0.0000,0.0791,7.4940,3.1603,0.9410,,17.7425,0.1690,2x,0.6000,0.2000,0.1500,1.2000
forward-central,2x 60% + BTC 20% + gems 15%,floor 60%,0.0775,0.0797,0.0237,0.1405,0.0523,0.6940,0.3560,0.0090,0.0000,0.0000,0.2184,0.0220,0.0000,0.0000,0.0784,7.7798,3.4829,0.9470,,18.9909,0.1270,2x,0.6000,0.2000,0.1500,1.2000
forward-central,2x 60% + BTC 30%,none,0.0879,0.0931,0.0081,0.1819,0.0523,0.7240,0.4450,0.7550,0.3440,0.1090,0.3604,0.0800,0.5920,0.2570,0.0894,6.2103,2.3254,0.9350,,13.7444,0.3290,2x,0.6000,0.3000,0.0000,1.2000
forward-central,2x 60% + BTC 30%,wide 20-50,0.0858,0.0896,0.0072,0.1787,0.0523,0.7080,0.4280,0.7240,0.2060,0.0010,0.3425,0.0800,0.3990,0.0040,0.0856,6.4583,2.3290,0.9250,,13.9258,0.3080,2x,0.6000,0.3000,0.0000,1.2000
forward-central,2x 60% + BTC 30%,D40 15-35,0.0831,0.0845,0.0082,0.1736,0.0523,0.6930,0.4110,0.5770,0.0000,0.0000,0.3087,0.0700,0.0040,0.0000,0.0815,6.7560,2.3488,0.9180,,14.4040,0.2740,2x,0.6000,0.3000,0.0000,1.2000
forward-central,2x 60% + BTC 30%,D30 10-25,0.0791,0.0795,0.0114,0.1624,0.0523,0.6750,0.3800,0.0210,0.0000,0.0000,0.2557,0.0560,0.0000,0.0000,0.0756,7.3373,2.3964,0.9130,,15.8762,0.2150,2x,0.6000,0.3000,0.0000,1.2000
forward-central,2x 60% + BTC 30%,floor 60%,0.0792,0.0798,0.0163,0.1557,0.0523,0.6790,0.3740,0.0580,0.0000,0.0000,0.2475,0.0420,0.0000,0.0000,0.0779,7.5992,2.8103,0.9270,,17.0429,0.1860,2x,0.6000,0.3000,0.0000,1.2000
forward-central,2x 70% + BTC 10%,none,0.0590,0.0623,-0.0013,0.1209,0.0523,0.5750,0.2030,0.5780,0.2270,0.0530,0.3183,0.1050,0.4260,0.1650,0.0582,9.0119,4.2179,0.8620,,,0.0580,2x,0.7000,0.1000,0.0000,1.4000
forward-central,2x 70% + BTC 10%,wide 20-50,0.0575,0.0601,-0.0024,0.1200,0.0523,0.5560,0.1870,0.5610,0.1120,0.0000,0.3120,0.1100,0.2530,0.0010,0.0561,9.2996,4.2179,0.8480,,,0.0560,2x,0.7000,0.1000,0.0000,1.4000
forward-central,2x 70% + BTC 10%,D40 15-35,0.0555,0.0563,-0.0008,0.1175,0.0523,0.5460,0.1740,0.4230,0.0000,0.0000,0.2905,0.1030,0.0010,0.0000,0.0536,9.7044,4.2532,0.8270,,,0.0480,2x,0.7000,0.1000,0.0000,1.4000
forward-central,2x 70% + BTC 10%,D30 10-25,0.0523,0.0517,0.0016,0.1099,0.0523,0.5120,0.1470,0.0100,0.0000,0.0000,0.2482,0.0930,0.0000,0.0000,0.0511,10.9504,4.4048,0.8000,,,0.0330,2x,0.7000,0.1000,0.0000,1.4000
forward-central,2x 70% + BTC 10%,floor 60%,0.0528,0.0536,0.0082,0.1032,0.0523,0.5190,0.1470,0.0310,0.0000,0.0000,0.2319,0.0650,0.0000,0.0000,0.0512,11.0476,4.8274,0.8240,,,0.0240,2x,0.7000,0.1000,0.0000,1.4000
forward-central,2x 70% + BTC 10% + gems 15%,none,0.0706,0.0748,0.0099,0.1363,0.0523,0.6700,0.2910,0.5280,0.1770,0.0400,0.3074,0.0570,0.3460,0.1160,0.0707,7.9087,3.8175,0.9130,,19.4694,0.1110,2x,0.7000,0.1000,0.1500,1.4000
forward-central,2x 70% + BTC 10% + gems 15%,wide 20-50,0.0688,0.0723,0.0060,0.1340,0.0523,0.6530,0.2750,0.5080,0.0820,0.0000,0.3007,0.0710,0.2050,0.0000,0.0683,8.0020,3.8210,0.9000,,19.6794,0.1070,2x,0.7000,0.1000,0.1500,1.4000
forward-central,2x 70% + BTC 10% + gems 15%,D40 15-35,0.0663,0.0683,0.0073,0.1303,0.0523,0.6310,0.2450,0.3650,0.0000,0.0000,0.2835,0.0660,0.0010,0.0000,0.0651,8.4365,3.8254,0.8860,,,0.0880,2x,0.7000,0.1000,0.1500,1.4000
forward-central,2x 70% + BTC 10% + gems 15%,D30 10-25,0.0621,0.0620,0.0089,0.1216,0.0523,0.5930,0.2130,0.0060,0.0000,0.0000,0.2454,0.0580,0.0000,0.0000,0.0612,9.2917,4.0742,0.8760,,,0.0530,2x,0.7000,0.1000,0.1500,1.4000
forward-central,2x 70% + BTC 10% + gems 15%,floor 60%,0.0619,0.0628,0.0139,0.1157,0.0523,0.5920,0.1920,0.0170,0.0000,0.0000,0.2267,0.0320,0.0000,0.0000,0.0610,9.4484,4.4639,0.8860,,,0.0390,2x,0.7000,0.1000,0.1500,1.4000
forward-central,2x 70% + BTC 20%,none,0.0736,0.0781,0.0032,0.1504,0.0523,0.6670,0.3310,0.7120,0.3210,0.0990,0.3453,0.0940,0.5600,0.2310,0.0741,7.2857,3.0194,0.9080,,17.2083,0.1840,2x,0.7000,0.2000,0.0000,1.4000
forward-central,2x 70% + BTC 20%,wide 20-50,0.0715,0.0743,0.0011,0.1481,0.0523,0.6490,0.3110,0.7040,0.1880,0.0000,0.3343,0.0980,0.3700,0.0040,0.0710,7.5099,3.0194,0.8850,,17.6738,0.1600,2x,0.7000,0.2000,0.0000,1.4000
forward-central,2x 70% + BTC 20%,D40 15-35,0.0689,0.0711,0.0027,0.1426,0.0523,0.6400,0.2910,0.5490,0.0000,0.0000,0.3049,0.0880,0.0040,0.0000,0.0685,7.9464,3.0782,0.8690,,18.4730,0.1380,2x,0.7000,0.2000,0.0000,1.4000
forward-central,2x 70% + BTC 20%,D30 10-25,0.0650,0.0660,0.0057,0.1318,0.0523,0.6120,0.2620,0.0210,0.0000,0.0000,0.2559,0.0730,0.0000,0.0000,0.0637,8.7639,3.3405,0.8580,,,0.0970,2x,0.7000,0.2000,0.0000,1.4000
forward-central,2x 70% + BTC 20%,floor 60%,0.0656,0.0665,0.0105,0.1284,0.0523,0.6250,0.2550,0.0550,0.0000,0.0000,0.2438,0.0530,0.0000,0.0000,0.0642,8.9067,3.6734,0.8830,,,0.0820,2x,0.7000,0.2000,0.0000,1.4000
forward-central,2x 70% + BTC 30%,none,0.0863,0.0914,0.0010,0.1858,0.0523,0.7180,0.4310,0.8500,0.4730,0.1950,0.3925,0.0950,0.7360,0.3790,0.0878,6.1091,2.1464,0.9270,,13.5250,0.3400,2x,0.7000,0.3000,0.0000,1.4000
forward-central,2x 70% + BTC 30%,wide 20-50,0.0834,0.0870,0.0013,0.1805,0.0523,0.6940,0.4100,0.8410,0.3050,0.0050,0.3650,0.0990,0.5470,0.0240,0.0827,6.3413,2.1813,0.9100,,13.7060,0.3090,2x,0.7000,0.3000,0.0000,1.4000
forward-central,2x 70% + BTC 30%,D40 15-35,0.0799,0.0819,0.0036,0.1738,0.0523,0.6720,0.3930,0.7220,0.0060,0.0000,0.3249,0.0880,0.0180,0.0000,0.0785,6.7401,2.2210,0.8980,,14.3008,0.2610,2x,0.7000,0.3000,0.0000,1.4000
forward-central,2x 70% + BTC 30%,D30 10-25,0.0755,0.0750,0.0070,0.1587,0.0523,0.6550,0.3540,0.0680,0.0000,0.0000,0.2663,0.0710,0.0000,0.0000,0.0725,7.5437,2.3409,0.8910,,16.5333,0.1970,2x,0.7000,0.3000,0.0000,1.4000
forward-central,2x 70% + BTC 30%,floor 60%,0.0766,0.0761,0.0117,0.1554,0.0523,0.6660,0.3560,0.1510,0.0000,0.0000,0.2625,0.0570,0.0000,0.0000,0.0753,7.6290,2.6984,0.9120,,17.0968,0.1790,2x,0.7000,0.3000,0.0000,1.4000
forward-central,2x 80% + BTC 10%,none,0.0570,0.0606,-0.0097,0.1268,0.0523,0.5600,0.2040,0.7440,0.3710,0.1280,0.3615,0.1310,0.6240,0.2870,0.0559,8.8214,3.8286,0.8440,,,0.0840,2x,0.8000,0.1000,0.0000,1.6000
forward-central,2x 80% + BTC 10%,wide 20-50,0.0547,0.0563,-0.0113,0.1244,0.0523,0.5310,0.1870,0.7360,0.2410,0.0010,0.3464,0.1370,0.4620,0.0130,0.0525,9.3095,3.8365,0.8190,,,0.0660,2x,0.8000,0.1000,0.0000,1.6000
forward-central,2x 80% + BTC 10%,D40 15-35,0.0522,0.0509,-0.0058,0.1178,0.0523,0.5140,0.1650,0.6360,0.0000,0.0000,0.3155,0.1390,0.0080,0.0000,0.0493,10.1091,3.9194,0.7830,,,0.0510,2x,0.8000,0.1000,0.0000,1.6000
forward-central,2x 80% + BTC 10%,D30 10-25,0.0488,0.0460,-0.0025,0.1066,0.0523,0.4800,0.1390,0.0450,0.0000,0.0000,0.2631,0.1140,0.0000,0.0000,0.0470,11.5258,4.2337,0.7610,,,0.0340,2x,0.8000,0.1000,0.0000,1.6000
forward-central,2x 80% + BTC 10%,floor 60%,0.0503,0.0498,0.0032,0.1029,0.0523,0.4910,0.1370,0.0920,0.0000,0.0000,0.2534,0.0820,0.0000,0.0000,0.0487,11.2123,4.6484,0.7930,,,0.0260,2x,0.8000,0.1000,0.0000,1.6000
forward-central,2x 80% + BTC 20%,none,0.0715,0.0762,-0.0066,0.1557,0.0523,0.6460,0.3230,0.8320,0.4410,0.1950,0.3857,0.1170,0.7170,0.3790,0.0714,7.0357,2.7333,0.8890,,16.1544,0.2010,2x,0.8000,0.2000,0.0000,1.6000
forward-central,2x 80% + BTC 20%,wide 20-50,0.0686,0.0700,-0.0067,0.1503,0.0523,0.6260,0.2900,0.8220,0.3110,0.0030,0.3636,0.1250,0.5650,0.0270,0.0677,7.4107,2.7337,0.8620,,17.0790,0.1690,2x,0.8000,0.2000,0.0000,1.6000
forward-central,2x 80% + BTC 20%,D40 15-35,0.0651,0.0652,-0.0034,0.1428,0.0523,0.6090,0.2630,0.7290,0.0040,0.0000,0.3253,0.1160,0.0200,0.0000,0.0637,8.1270,2.8131,0.8480,,18.5278,0.1310,2x,0.8000,0.2000,0.0000,1.6000
forward-central,2x 80% + BTC 20%,D30 10-25,0.0612,0.0614,0.0012,0.1317,0.0523,0.5810,0.2440,0.0820,0.0000,0.0000,0.2680,0.0970,0.0000,0.0000,0.0586,9.3353,3.0155,0.8370,,,0.0900,2x,0.8000,0.2000,0.0000,1.6000
forward-central,2x 80% + BTC 20%,floor 60%,0.0627,0.0638,0.0061,0.1280,0.0523,0.5980,0.2380,0.1550,0.0000,0.0000,0.2629,0.0740,0.0000,0.0000,0.0608,9.1587,3.5131,0.8610,,,0.0830,2x,0.8000,0.2000,0.0000,1.6000
forward-central,2xS 60% + BTC 10%,none,0.0529,0.0554,0.0022,0.1089,0.0523,0.5080,0.1710,0.3860,0.1080,0.0150,0.2736,0.0840,0.2500,0.0590,0.0536,10.7262,5.1258,0.8220,,,0.0240,2xS,0.6000,0.1000,0.0000,1.2000
forward-central,2xS 60% + BTC 10%,wide 20-50,0.0523,0.0545,0.0030,0.1086,0.0523,0.5050,0.1680,0.3640,0.0310,0.0000,0.2720,0.0840,0.1070,0.0000,0.0526,10.8353,5.1448,0.8120,,,0.0230,2xS,0.6000,0.1000,0.0000,1.2000
forward-central,2xS 60% + BTC 10%,D40 15-35,0.0517,0.0530,0.0038,0.1077,0.0523,0.5000,0.1590,0.2180,0.0000,0.0000,0.2601,0.0800,0.0000,0.0000,0.0508,11.1468,5.1583,0.8060,,,0.0210,2xS,0.6000,0.1000,0.0000,1.2000
forward-central,2xS 60% + BTC 10%,D30 10-25,0.0505,0.0501,0.0055,0.1030,0.0523,0.4880,0.1450,0.0000,0.0000,0.0000,0.2282,0.0640,0.0000,0.0000,0.0504,11.8512,5.3643,0.7900,,,0.0170,2xS,0.6000,0.1000,0.0000,1.2000
forward-central,2xS 60% + BTC 10%,floor 60%,0.0503,0.0506,0.0103,0.0976,0.0523,0.4930,0.1450,0.0040,0.0000,0.0000,0.2055,0.0440,0.0000,0.0000,0.0499,12.2778,6.0893,0.8030,,,0.0110,2xS,0.6000,0.1000,0.0000,1.2000
forward-central,2xS 60% + BTC 10% + gems 15%,none,0.0644,0.0669,0.0145,0.1210,0.0523,0.6000,0.2420,0.3150,0.0630,0.0070,0.2552,0.0440,0.1620,0.0300,0.0655,9.1190,4.6508,0.9040,,,0.0410,2xS,0.6000,0.1000,0.1500,1.2000
forward-central,2xS 60% + BTC 10% + gems 15%,wide 20-50,0.0637,0.0663,0.0133,0.1210,0.0523,0.5930,0.2390,0.2870,0.0170,0.0000,0.2545,0.0460,0.0580,0.0000,0.0646,9.2381,4.6508,0.8960,,,0.0390,2xS,0.6000,0.1000,0.1500,1.2000
forward-central,2xS 60% + BTC 10% + gems 15%,D40 15-35,0.0627,0.0649,0.0129,0.1201,0.0523,0.5830,0.2270,0.1610,0.0000,0.0000,0.2467,0.0420,0.0000,0.0000,0.0632,9.4028,4.6857,0.8860,,,0.0360,2xS,0.6000,0.1000,0.1500,1.2000
forward-central,2xS 60% + BTC 10% + gems 15%,D30 10-25,0.0605,0.0622,0.0146,0.1149,0.0523,0.5620,0.2070,0.0000,0.0000,0.0000,0.2210,0.0350,0.0000,0.0000,0.0609,9.8532,4.8563,0.8750,,,0.0310,2xS,0.6000,0.1000,0.1500,1.2000
forward-central,2xS 60% + BTC 10% + gems 15%,floor 60%,0.0595,0.0609,0.0189,0.1081,0.0523,0.5620,0.2030,0.0010,0.0000,0.0000,0.1977,0.0220,0.0000,0.0000,0.0597,10.3254,5.3603,0.8910,,,0.0200,2xS,0.6000,0.1000,0.1500,1.2000
forward-central,2xS 60% + BTC 20%,none,0.0675,0.0701,0.0030,0.1415,0.0523,0.6150,0.3040,0.5550,0.2090,0.0460,0.3139,0.0910,0.4120,0.1500,0.0679,8.1647,3.4500,0.8830,,19.0321,0.1240,2xS,0.6000,0.2000,0.0000,1.2000
forward-central,2xS 60% + BTC 20%,wide 20-50,0.0668,0.0680,0.0024,0.1406,0.0523,0.6130,0.2950,0.5320,0.0940,0.0000,0.3065,0.0880,0.2240,0.0000,0.0659,8.3175,3.4508,0.8720,,19.2226,0.1170,2xS,0.6000,0.2000,0.0000,1.2000
forward-central,2xS 60% + BTC 20%,D40 15-35,0.0657,0.0666,0.0056,0.1381,0.0523,0.5990,0.2940,0.3760,0.0000,0.0000,0.2840,0.0820,0.0000,0.0000,0.0643,8.5615,3.4599,0.8660,,19.8048,0.1070,2xS,0.6000,0.2000,0.0000,1.2000
forward-central,2xS 60% + BTC 20%,D30 10-25,0.0641,0.0641,0.0071,0.1331,0.0523,0.5920,0.2640,0.0030,0.0000,0.0000,0.2421,0.0710,0.0000,0.0000,0.0621,9.0655,3.6151,0.8630,,,0.0870,2xS,0.6000,0.2000,0.0000,1.2000
forward-central,2xS 60% + BTC 20%,floor 60%,0.0638,0.0641,0.0123,0.1269,0.0523,0.5970,0.2540,0.0200,0.0000,0.0000,0.2255,0.0470,0.0000,0.0000,0.0622,9.4127,3.9913,0.8780,,,0.0640,2xS,0.6000,0.2000,0.0000,1.2000
forward-central,2xS 60% + BTC 20% + gems 15%,none,0.0791,0.0835,0.0147,0.1533,0.0523,0.6970,0.3730,0.4780,0.1500,0.0250,0.2940,0.0540,0.3180,0.0920,0.0801,7.2381,3.3639,0.9340,,17.2353,0.1980,2xS,0.6000,0.2000,0.1500,1.2000
forward-central,2xS 60% + BTC 20% + gems 15%,wide 20-50,0.0780,0.0816,0.0135,0.1523,0.0523,0.6850,0.3630,0.4590,0.0610,0.0000,0.2904,0.0540,0.1700,0.0000,0.0782,7.3353,3.3639,0.9240,,17.3246,0.1830,2xS,0.6000,0.2000,0.1500,1.2000
forward-central,2xS 60% + BTC 20% + gems 15%,D40 15-35,0.0765,0.0791,0.0152,0.1500,0.0523,0.6740,0.3490,0.3000,0.0000,0.0000,0.2726,0.0480,0.0000,0.0000,0.0763,7.5972,3.3794,0.9170,,17.8532,0.1620,2xS,0.6000,0.2000,0.1500,1.2000
forward-central,2xS 60% + BTC 20% + gems 15%,D30 10-25,0.0737,0.0747,0.0153,0.1444,0.0523,0.6510,0.3280,0.0010,0.0000,0.0000,0.2371,0.0400,0.0000,0.0000,0.0725,8.1250,3.4337,0.9190,,19.0710,0.1230,2xS,0.6000,0.2000,0.1500,1.2000
forward-central,2xS 60% + BTC 20% + gems 15%,floor 60%,0.0729,0.0749,0.0209,0.1376,0.0523,0.6510,0.3250,0.0100,0.0000,0.0000,0.2174,0.0310,0.0000,0.0000,0.0715,8.2937,3.6587,0.9280,,19.7841,0.1070,2xS,0.6000,0.2000,0.1500,1.2000
forward-central,2xS 60% + BTC 30%,none,0.0803,0.0843,-0.0004,0.1760,0.0523,0.6770,0.3910,0.7740,0.3930,0.1350,0.3668,0.1010,0.6510,0.3150,0.0792,6.7004,2.4127,0.9130,,14.3690,0.2750,2xS,0.6000,0.3000,0.0000,1.2000
forward-central,2xS 60% + BTC 30%,wide 20-50,0.0792,0.0806,0.0000,0.1722,0.0523,0.6640,0.3830,0.7470,0.2230,0.0020,0.3458,0.1000,0.4290,0.0070,0.0776,6.8631,2.4127,0.9030,,14.7718,0.2530,2xS,0.6000,0.3000,0.0000,1.2000
forward-central,2xS 60% + BTC 30%,D40 15-35,0.0777,0.0769,0.0019,0.1694,0.0523,0.6540,0.3630,0.5960,0.0010,0.0000,0.3108,0.0920,0.0020,0.0000,0.0759,7.2718,2.4349,0.9010,,15.6996,0.2330,2xS,0.6000,0.3000,0.0000,1.2000
forward-central,2xS 60% + BTC 30%,D30 10-25,0.0756,0.0746,0.0072,0.1603,0.0523,0.6490,0.3500,0.0240,0.0000,0.0000,0.2562,0.0720,0.0000,0.0000,0.0729,7.6885,2.6218,0.9050,,16.5476,0.1830,2xS,0.6000,0.3000,0.0000,1.2000
forward-central,2xS 60% + BTC 30%,floor 60%,0.0754,0.0742,0.0114,0.1541,0.0523,0.6490,0.3410,0.0760,0.0000,0.0000,0.2481,0.0510,0.0000,0.0000,0.0735,7.8274,2.9663,0.9080,,17.3377,0.1640,2xS,0.6000,0.3000,0.0000,1.2000
forward-central,2xS 80% + BTC 10%,none,0.0476,0.0500,-0.0135,0.1192,0.0523,0.4760,0.1630,0.7330,0.3790,0.1370,0.3643,0.1780,0.6380,0.3090,0.0478,10.4206,4.2056,0.7680,,,0.0430,2xS,0.8000,0.1000,0.0000,1.6000
forward-central,2xS 80% + BTC 10%,wide 20-50,0.0467,0.0466,-0.0113,0.1163,0.0523,0.4640,0.1500,0.7200,0.2350,0.0010,0.3479,0.1810,0.4680,0.0120,0.0453,11.0298,4.2056,0.7390,,,0.0350,2xS,0.8000,0.1000,0.0000,1.6000
forward-central,2xS 80% + BTC 10%,D40 15-35,0.0457,0.0427,-0.0085,0.1118,0.0523,0.4580,0.1370,0.6160,0.0020,0.0000,0.3135,0.1610,0.0120,0.0000,0.0444,11.6448,4.2885,0.7280,,,0.0290,2xS,0.8000,0.1000,0.0000,1.6000
forward-central,2xS 80% + BTC 10%,D30 10-25,0.0444,0.0414,-0.0042,0.1040,0.0523,0.4470,0.1270,0.0360,0.0000,0.0000,0.2600,0.1200,0.0000,0.0000,0.0429,12.9722,4.6032,0.7160,,,0.0190,2xS,0.8000,0.1000,0.0000,1.6000
forward-central,2xS 80% + BTC 10%,floor 60%,0.0454,0.0439,0.0009,0.0996,0.0523,0.4480,0.1250,0.0870,0.0000,0.0000,0.2511,0.0960,0.0000,0.0000,0.0448,12.8194,5.2286,0.7330,,,0.0160,2xS,0.8000,0.1000,0.0000,1.6000
forward-central,2xS 80% + BTC 20%,none,0.0622,0.0646,-0.0135,0.1501,0.0523,0.5710,0.2870,0.8220,0.4650,0.1920,0.3911,0.1570,0.7390,0.3990,0.0628,7.9861,3.0893,0.8470,,17.8881,0.1440,2xS,0.8000,0.2000,0.0000,1.6000
forward-central,2xS 80% + BTC 20%,wide 20-50,0.0608,0.0601,-0.0107,0.1475,0.0523,0.5670,0.2680,0.8090,0.3280,0.0060,0.3669,0.1500,0.5910,0.0260,0.0587,8.4067,3.0893,0.8250,,18.6313,0.1270,2xS,0.8000,0.2000,0.0000,1.6000
forward-central,2xS 80% + BTC 20%,D40 15-35,0.0595,0.0583,-0.0062,0.1394,0.0523,0.5530,0.2490,0.7110,0.0070,0.0000,0.3266,0.1260,0.0230,0.0000,0.0567,9.1071,3.1444,0.8130,,19.7829,0.1070,2xS,0.8000,0.2000,0.0000,1.6000
forward-central,2xS 80% + BTC 20%,D30 10-25,0.0576,0.0548,-0.0004,0.1302,0.0523,0.5430,0.2260,0.0780,0.0000,0.0000,0.2665,0.1020,0.0000,0.0000,0.0544,9.8849,3.3500,0.8080,,,0.0770,2xS,0.8000,0.2000,0.0000,1.6000
forward-central,2xS 80% + BTC 20%,floor 60%,0.0583,0.0571,0.0034,0.1260,0.0523,0.5490,0.2200,0.1480,0.0000,0.0000,0.2620,0.0850,0.0000,0.0000,0.0562,9.7599,3.8230,0.8320,,,0.0630,2xS,0.8000,0.2000,0.0000,1.6000
forward-central,3x 40% + BTC 10%,none,0.0617,0.0646,0.0097,0.1165,0.0523,0.5970,0.2100,0.3730,0.0930,0.0130,0.2718,0.0570,0.2200,0.0640,0.0616,9.2639,4.5528,0.8840,,,0.0480,3x,0.4000,0.1000,0.0000,1.2000
forward-central,3x 40% + BTC 10%,wide 20-50,0.0608,0.0636,0.0072,0.1154,0.0523,0.5910,0.2060,0.3520,0.0330,0.0000,0.2705,0.0640,0.1000,0.0000,0.0603,9.3214,4.5528,0.8720,,,0.0470,3x,0.4000,0.1000,0.0000,1.2000
forward-central,3x 40% + BTC 10%,D40 15-35,0.0595,0.0620,0.0072,0.1148,0.0523,0.5870,0.1850,0.2190,0.0000,0.0000,0.2592,0.0670,0.0000,0.0000,0.0588,9.4861,4.5909,0.8640,,,0.0400,3x,0.4000,0.1000,0.0000,1.2000
forward-central,3x 40% + BTC 10%,D30 10-25,0.0567,0.0580,0.0082,0.1110,0.0523,0.5610,0.1670,0.0000,0.0000,0.0000,0.2291,0.0530,0.0000,0.0000,0.0556,10.2659,4.7155,0.8430,,,0.0340,3x,0.4000,0.1000,0.0000,1.2000
forward-central,3x 40% + BTC 10%,floor 60%,0.0561,0.0574,0.0137,0.1024,0.0523,0.5520,0.1660,0.0020,0.0000,0.0000,0.2067,0.0310,0.0000,0.0000,0.0549,10.8492,5.2369,0.8650,,,0.0200,3x,0.4000,0.1000,0.0000,1.2000
forward-central,3x 40% + BTC 10% + gems 15%,none,0.0733,0.0774,0.0203,0.1313,0.0523,0.6810,0.3110,0.3170,0.0590,0.0060,0.2592,0.0320,0.1570,0.0340,0.0741,8.0377,4.1460,0.9400,,,0.0950,3x,0.4000,0.1000,0.1500,1.2000
forward-central,3x 40% + BTC 10% + gems 15%,wide 20-50,0.0723,0.0764,0.0181,0.1306,0.0523,0.6740,0.3050,0.2910,0.0170,0.0000,0.2596,0.0340,0.0650,0.0000,0.0728,8.0992,4.1460,0.9340,,,0.0900,3x,0.4000,0.1000,0.1500,1.2000
forward-central,3x 40% + BTC 10% + gems 15%,D40 15-35,0.0707,0.0741,0.0164,0.1288,0.0523,0.6640,0.2860,0.1730,0.0000,0.0000,0.2501,0.0340,0.0000,0.0000,0.0705,8.2123,4.1468,0.9210,,,0.0780,3x,0.4000,0.1000,0.1500,1.2000
forward-central,3x 40% + BTC 10% + gems 15%,D30 10-25,0.0672,0.0687,0.0163,0.1231,0.0523,0.6290,0.2410,0.0000,0.0000,0.0000,0.2249,0.0290,0.0000,0.0000,0.0671,8.7341,4.2607,0.9080,,,0.0570,3x,0.4000,0.1000,0.1500,1.2000
forward-central,3x 40% + BTC 10% + gems 15%,floor 60%,0.0657,0.0675,0.0205,0.1168,0.0523,0.6200,0.2260,0.0010,0.0000,0.0000,0.2011,0.0210,0.0000,0.0000,0.0648,9.1111,4.7012,0.9210,,,0.0390,3x,0.4000,0.1000,0.1500,1.2000
forward-central,3x 40% + BTC 20%,none,0.0763,0.0807,0.0120,0.1478,0.0523,0.6960,0.3510,0.5220,0.1860,0.0380,0.3062,0.0590,0.3650,0.1160,0.0778,7.3313,3.2532,0.9300,,17.5520,0.1740,3x,0.4000,0.2000,0.0000,1.2000
forward-central,3x 40% + BTC 20%,wide 20-50,0.0749,0.0793,0.0110,0.1470,0.0523,0.6830,0.3380,0.5030,0.0750,0.0000,0.3004,0.0710,0.1920,0.0000,0.0752,7.4722,3.2567,0.9200,,17.9433,0.1620,3x,0.4000,0.2000,0.0000,1.2000
forward-central,3x 40% + BTC 20%,D40 15-35,0.0731,0.0769,0.0102,0.1433,0.0523,0.6620,0.3270,0.3370,0.0000,0.0000,0.2808,0.0590,0.0000,0.0000,0.0733,7.6984,3.3131,0.9120,,18.3313,0.1440,3x,0.4000,0.2000,0.0000,1.2000
forward-central,3x 40% + BTC 20%,D30 10-25,0.0696,0.0722,0.0115,0.1362,0.0523,0.6480,0.2830,0.0010,0.0000,0.0000,0.2414,0.0560,0.0000,0.0000,0.0694,8.2996,3.3925,0.8960,,19.7433,0.1080,3x,0.4000,0.2000,0.0000,1.2000
forward-central,3x 40% + BTC 20%,floor 60%,0.0691,0.0699,0.0170,0.1293,0.0523,0.6440,0.2810,0.0110,0.0000,0.0000,0.2233,0.0340,0.0000,0.0000,0.0688,8.6984,3.7758,0.9150,,,0.0870,3x,0.4000,0.2000,0.0000,1.2000
forward-central,3x 40% + BTC 20% + gems 15%,none,0.0879,0.0938,0.0224,0.1616,0.0523,0.7530,0.4270,0.4620,0.1380,0.0220,0.2914,0.0380,0.2840,0.0850,0.0903,6.7321,3.0262,0.9560,,15.8036,0.2710,3x,0.4000,0.2000,0.1500,1.2000
forward-central,3x 40% + BTC 20% + gems 15%,wide 20-50,0.0864,0.0918,0.0200,0.1598,0.0523,0.7520,0.4160,0.4400,0.0510,0.0000,0.2891,0.0380,0.1530,0.0000,0.0884,6.7401,3.0262,0.9510,,15.9714,0.2620,3x,0.4000,0.2000,0.1500,1.2000
forward-central,3x 40% + BTC 20% + gems 15%,D40 15-35,0.0841,0.0884,0.0190,0.1567,0.0523,0.7390,0.3970,0.2930,0.0000,0.0000,0.2718,0.0320,0.0000,0.0000,0.0860,6.9821,3.0746,0.9470,,16.4087,0.2280,3x,0.4000,0.2000,0.1500,1.2000
forward-central,3x 40% + BTC 20% + gems 15%,D30 10-25,0.0798,0.0834,0.0201,0.1479,0.0523,0.7120,0.3720,0.0010,0.0000,0.0000,0.2373,0.0340,0.0000,0.0000,0.0804,7.4405,3.1365,0.9460,,17.5099,0.1810,3x,0.4000,0.2000,0.1500,1.2000
forward-central,3x 40% + BTC 20% + gems 15%,floor 60%,0.0785,0.0809,0.0246,0.1417,0.0523,0.7050,0.3630,0.0080,0.0000,0.0000,0.2180,0.0200,0.0000,0.0000,0.0794,7.7321,3.4556,0.9520,,18.6901,0.1390,3x,0.4000,0.2000,0.1500,1.2000
forward-central,3x 40% + BTC 30%,none,0.0891,0.0944,0.0094,0.1832,0.0523,0.7310,0.4510,0.7390,0.3420,0.1060,0.3587,0.0740,0.5870,0.2510,0.0907,6.1171,2.2968,0.9360,,13.7214,0.3380,3x,0.4000,0.3000,0.0000,1.2000
forward-central,3x 40% + BTC 30%,wide 20-50,0.0870,0.0908,0.0079,0.1799,0.0523,0.7110,0.4370,0.7180,0.2020,0.0000,0.3415,0.0760,0.3890,0.0030,0.0869,6.3869,2.3048,0.9290,,13.8095,0.3190,3x,0.4000,0.3000,0.0000,1.2000
forward-central,3x 40% + BTC 30%,D40 15-35,0.0842,0.0858,0.0090,0.1749,0.0523,0.7000,0.4180,0.5720,0.0000,0.0000,0.3081,0.0670,0.0030,0.0000,0.0828,6.7024,2.3373,0.9230,,14.3067,0.2860,3x,0.4000,0.3000,0.0000,1.2000
forward-central,3x 40% + BTC 30%,D30 10-25,0.0800,0.0803,0.0121,0.1638,0.0523,0.6820,0.3840,0.0200,0.0000,0.0000,0.2555,0.0540,0.0000,0.0000,0.0766,7.2758,2.3722,0.9200,,15.7536,0.2250,3x,0.4000,0.3000,0.0000,1.2000
forward-central,3x 40% + BTC 30%,floor 60%,0.0801,0.0807,0.0168,0.1568,0.0523,0.6830,0.3800,0.0580,0.0000,0.0000,0.2470,0.0380,0.0000,0.0000,0.0788,7.5060,2.7679,0.9310,,16.9016,0.1960,3x,0.4000,0.3000,0.0000,1.2000
forward-central,3x 40% + BTC 30% + gems 15%,none,0.1007,0.1070,0.0216,0.1956,0.0523,0.7810,0.5210,0.6940,0.2870,0.0830,0.3410,0.0530,0.5140,0.2070,0.1041,5.6230,2.1587,0.9640,,12.7996,0.4260,3x,0.4000,0.3000,0.1500,1.2000
forward-central,3x 40% + BTC 30% + gems 15%,wide 20-50,0.0983,0.1028,0.0202,0.1940,0.0523,0.7690,0.5030,0.6590,0.1590,0.0000,0.3284,0.0560,0.3160,0.0010,0.1003,5.7222,2.1659,0.9550,,13.0290,0.4010,3x,0.4000,0.3000,0.1500,1.2000
forward-central,3x 40% + BTC 30% + gems 15%,D40 15-35,0.0949,0.0988,0.0191,0.1888,0.0523,0.7590,0.4760,0.5100,0.0000,0.0000,0.3013,0.0430,0.0010,0.0000,0.0946,5.9782,2.1742,0.9560,,13.5373,0.3580,3x,0.4000,0.3000,0.1500,1.2000
forward-central,3x 40% + BTC 30% + gems 15%,D30 10-25,0.0896,0.0916,0.0200,0.1776,0.0523,0.7340,0.4400,0.0120,0.0000,0.0000,0.2528,0.0360,0.0000,0.0000,0.0884,6.5020,2.2687,0.9500,,14.0821,0.2980,3x,0.4000,0.3000,0.1500,1.2000
forward-central,3x 40% + BTC 30% + gems 15%,floor 60%,0.0891,0.0907,0.0251,0.1696,0.0523,0.7310,0.4320,0.0380,0.0000,0.0000,0.2408,0.0280,0.0000,0.0000,0.0889,6.8175,2.5504,0.9570,,15.1988,0.2780,3x,0.4000,0.3000,0.1500,1.2000
forward-central,3x 50% + BTC 10%,none,0.0595,0.0629,-0.0042,0.1252,0.0523,0.5820,0.2170,0.6630,0.2920,0.0870,0.3386,0.1180,0.5220,0.2180,0.0586,8.7202,3.9992,0.8620,,,0.0790,3x,0.5000,0.1000,0.0000,1.5000
forward-central,3x 50% + BTC 10%,wide 20-50,0.0576,0.0603,-0.0052,0.1238,0.0523,0.5580,0.1960,0.6450,0.1610,0.0000,0.3279,0.1210,0.3370,0.0040,0.0561,9.1607,4.0036,0.8420,,,0.0650,3x,0.5000,0.1000,0.0000,1.5000
forward-central,3x 50% + BTC 10%,D40 15-35,0.0552,0.0554,-0.0020,0.1193,0.0523,0.5370,0.1780,0.5200,0.0000,0.0000,0.3028,0.1140,0.0040,0.0000,0.0531,9.6468,4.0615,0.8170,,,0.0530,3x,0.5000,0.1000,0.0000,1.5000
forward-central,3x 50% + BTC 10%,D30 10-25,0.0517,0.0502,-0.0003,0.1103,0.0523,0.5040,0.1500,0.0180,0.0000,0.0000,0.2558,0.1010,0.0000,0.0000,0.0507,11.0476,4.2619,0.7880,,,0.0360,3x,0.5000,0.1000,0.0000,1.5000
forward-central,3x 50% + BTC 10%,floor 60%,0.0527,0.0528,0.0064,0.1047,0.0523,0.5170,0.1490,0.0580,0.0000,0.0000,0.2422,0.0710,0.0000,0.0000,0.0511,10.9702,4.7127,0.8190,,,0.0260,3x,0.5000,0.1000,0.0000,1.5000
forward-central,3x 50% + BTC 10% + gems 15%,none,0.0711,0.0760,0.0064,0.1399,0.0523,0.6670,0.2940,0.6190,0.2410,0.0560,0.3268,0.0690,0.4490,0.1600,0.0709,7.6746,3.6329,0.9080,,18.8202,0.1350,3x,0.5000,0.1000,0.1500,1.5000
forward-central,3x 50% + BTC 10% + gems 15%,wide 20-50,0.0688,0.0728,0.0034,0.1375,0.0523,0.6470,0.2750,0.6020,0.1300,0.0000,0.3189,0.0870,0.2760,0.0020,0.0678,7.8770,3.6329,0.8920,,19.1718,0.1240,3x,0.5000,0.1000,0.1500,1.5000
forward-central,3x 50% + BTC 10% + gems 15%,D40 15-35,0.0658,0.0670,0.0051,0.1334,0.0523,0.6240,0.2490,0.4700,0.0000,0.0000,0.2968,0.0810,0.0020,0.0000,0.0645,8.3631,3.7083,0.8770,,,0.1000,3x,0.5000,0.1000,0.1500,1.5000
forward-central,3x 50% + BTC 10% + gems 15%,D30 10-25,0.0612,0.0602,0.0075,0.1236,0.0523,0.5860,0.2090,0.0140,0.0000,0.0000,0.2527,0.0700,0.0000,0.0000,0.0601,9.3512,3.9405,0.8660,,,0.0610,3x,0.5000,0.1000,0.1500,1.5000
forward-central,3x 50% + BTC 10% + gems 15%,floor 60%,0.0615,0.0624,0.0130,0.1166,0.0523,0.5870,0.1950,0.0390,0.0000,0.0000,0.2369,0.0450,0.0000,0.0000,0.0602,9.4742,4.2655,0.8810,,,0.0440,3x,0.5000,0.1000,0.1500,1.5000
forward-central,3x 50% + BTC 20%,none,0.0741,0.0788,-0.0001,0.1549,0.0523,0.6680,0.3380,0.7750,0.3780,0.1310,0.3638,0.1020,0.6340,0.2880,0.0742,7.0437,2.8683,0.9060,,16.3746,0.2050,3x,0.5000,0.2000,0.0000,1.5000
forward-central,3x 50% + BTC 20%,wide 20-50,0.0715,0.0738,-0.0018,0.1513,0.0523,0.6420,0.3090,0.7540,0.2480,0.0000,0.3489,0.1100,0.4580,0.0090,0.0707,7.3056,2.8683,0.8820,,17.0738,0.1780,3x,0.5000,0.2000,0.0000,1.5000
forward-central,3x 50% + BTC 20%,D40 15-35,0.0684,0.0703,0.0003,0.1445,0.0523,0.6340,0.2870,0.6330,0.0010,0.0000,0.3145,0.0990,0.0100,0.0000,0.0677,7.9167,2.9060,0.8650,,18.2270,0.1460,3x,0.5000,0.2000,0.0000,1.5000
forward-central,3x 50% + BTC 20%,D30 10-25,0.0642,0.0647,0.0041,0.1342,0.0523,0.6010,0.2590,0.0410,0.0000,0.0000,0.2616,0.0840,0.0000,0.0000,0.0620,8.9187,3.1111,0.8540,,19.9897,0.1020,3x,0.5000,0.2000,0.0000,1.5000
forward-central,3x 50% + BTC 20%,floor 60%,0.0653,0.0666,0.0087,0.1301,0.0523,0.6180,0.2540,0.0970,0.0000,0.0000,0.2530,0.0580,0.0000,0.0000,0.0638,8.9167,3.5988,0.8770,,,0.0870,3x,0.5000,0.2000,0.0000,1.5000
forward-central,3x 50% + BTC 20% + gems 15%,none,0.0856,0.0910,0.0114,0.1671,0.0523,0.7420,0.4210,0.7350,0.3320,0.1020,0.3505,0.0670,0.5690,0.2330,0.0877,6.5218,2.6643,0.9370,,14.8607,0.3000,3x,0.5000,0.2000,0.1500,1.5000
forward-central,3x 50% + BTC 20% + gems 15%,wide 20-50,0.0827,0.0859,0.0078,0.1653,0.0523,0.7290,0.4000,0.7200,0.2030,0.0000,0.3379,0.0770,0.3850,0.0070,0.0836,6.6310,2.6643,0.9200,,15.3579,0.2660,3x,0.5000,0.2000,0.1500,1.5000
forward-central,3x 50% + BTC 20% + gems 15%,D40 15-35,0.0789,0.0814,0.0077,0.1595,0.0523,0.6970,0.3640,0.5800,0.0000,0.0000,0.3094,0.0710,0.0040,0.0000,0.0793,6.9008,2.6738,0.9100,,15.7972,0.2260,3x,0.5000,0.2000,0.1500,1.5000
forward-central,3x 50% + BTC 20% + gems 15%,D30 10-25,0.0734,0.0748,0.0111,0.1465,0.0523,0.6690,0.3220,0.0310,0.0000,0.0000,0.2591,0.0660,0.0000,0.0000,0.0718,7.8095,2.9032,0.9040,,18.1389,0.1600,3x,0.5000,0.2000,0.1500,1.5000
forward-central,3x 50% + BTC 20% + gems 15%,floor 60%,0.0740,0.0758,0.0155,0.1423,0.0523,0.6740,0.3260,0.0740,0.0000,0.0000,0.2490,0.0420,0.0000,0.0000,0.0738,7.9167,3.2139,0.9170,,18.8782,0.1300,3x,0.5000,0.2000,0.1500,1.5000
forward-central,3x 50% + BTC 30%,none,0.0868,0.0927,-0.0002,0.1893,0.0523,0.7130,0.4420,0.8870,0.5220,0.2290,0.4067,0.1010,0.7780,0.4380,0.0881,5.8631,2.0786,0.9250,,13.0552,0.3550,3x,0.5000,0.3000,0.0000,1.5000
forward-central,3x 50% + BTC 30%,wide 20-50,0.0833,0.0859,-0.0008,0.1832,0.0523,0.6940,0.4090,0.8720,0.3560,0.0090,0.3760,0.1010,0.6210,0.0390,0.0827,6.2321,2.0786,0.9030,,13.5893,0.3170,3x,0.5000,0.3000,0.0000,1.5000
forward-central,3x 50% + BTC 30%,D40 15-35,0.0794,0.0810,0.0014,0.1735,0.0523,0.6670,0.3930,0.7880,0.0080,0.0000,0.3319,0.0920,0.0350,0.0000,0.0776,6.6905,2.1421,0.8960,,14.0079,0.2630,3x,0.5000,0.3000,0.0000,1.5000
forward-central,3x 50% + BTC 30%,D30 10-25,0.0748,0.0741,0.0050,0.1599,0.0523,0.6500,0.3490,0.1110,0.0000,0.0000,0.2710,0.0770,0.0000,0.0000,0.0716,7.6687,2.2893,0.8850,,16.4313,0.1900,3x,0.5000,0.3000,0.0000,1.5000
forward-central,3x 50% + BTC 30%,floor 60%,0.0762,0.0760,0.0105,0.1572,0.0523,0.6610,0.3520,0.2010,0.0000,0.0000,0.2694,0.0590,0.0000,0.0000,0.0748,7.6071,2.5659,0.9060,,16.9548,0.1810,3x,0.5000,0.3000,0.0000,1.5000
forward-central,3x 50% + BTC 30% + gems 15%,none,0.0983,0.1064,0.0086,0.2002,0.0523,0.7680,0.5010,0.8670,0.4740,0.1850,0.3903,0.0730,0.7340,0.3710,0.1012,5.3869,1.9758,0.9450,,12.3623,0.4320,3x,0.5000,0.3000,0.1500,1.5000
forward-central,3x 50% + BTC 30% + gems 15%,wide 20-50,0.0943,0.0992,0.0075,0.1957,0.0523,0.7530,0.4820,0.8510,0.3120,0.0060,0.3666,0.0790,0.5570,0.0280,0.0956,5.6349,1.9758,0.9370,,12.6702,0.3850,3x,0.5000,0.3000,0.1500,1.5000
forward-central,3x 50% + BTC 30% + gems 15%,D40 15-35,0.0896,0.0932,0.0107,0.1851,0.0523,0.7310,0.4560,0.7450,0.0060,0.0000,0.3267,0.0720,0.0220,0.0000,0.0889,6.0813,1.9837,0.9250,,13.2643,0.3360,3x,0.5000,0.3000,0.1500,1.5000
forward-central,3x 50% + BTC 30% + gems 15%,D30 10-25,0.0834,0.0847,0.0123,0.1724,0.0523,0.7030,0.4040,0.0950,0.0000,0.0000,0.2685,0.0600,0.0000,0.0000,0.0815,6.8869,2.1433,0.9190,,14.5258,0.2610,3x,0.5000,0.3000,0.1500,1.5000
forward-central,3x 50% + BTC 30% + gems 15%,floor 60%,0.0846,0.0860,0.0180,0.1687,0.0523,0.7120,0.4100,0.1730,0.0000,0.0000,0.2649,0.0450,0.0000,0.0000,0.0839,6.9762,2.3964,0.9380,,15.2599,0.2550,3x,0.5000,0.3000,0.1500,1.5000
forward-central,3x 60% + BTC 10%,none,0.0561,0.0600,-0.0182,0.1320,0.0523,0.5510,0.2110,0.8660,0.5060,0.2310,0.4026,0.1540,0.7750,0.4390,0.0552,8.5377,3.3357,0.8340,,19.4115,0.1130,3x,0.6000,0.1000,0.0000,1.8000
forward-central,3x 60% + BTC 10%,wide 20-50,0.0531,0.0534,-0.0157,0.1285,0.0523,0.5080,0.1900,0.8520,0.3880,0.0080,0.3773,0.1660,0.6630,0.0400,0.0508,9.2440,3.3413,0.7960,,,0.0890,3x,0.6000,0.1000,0.0000,1.8000
forward-central,3x 60% + BTC 10%,D40 15-35,0.0500,0.0468,-0.0123,0.1196,0.0523,0.4880,0.1700,0.7800,0.0120,0.0000,0.3344,0.1530,0.0430,0.0000,0.0471,10.2956,3.4718,0.7630,,,0.0630,3x,0.6000,0.1000,0.0000,1.8000
forward-central,3x 60% + BTC 10%,D30 10-25,0.0466,0.0426,-0.0064,0.1060,0.0523,0.4630,0.1440,0.1360,0.0000,0.0000,0.2747,0.1340,0.0000,0.0000,0.0435,11.6667,3.9714,0.7380,,,0.0310,3x,0.6000,0.1000,0.0000,1.8000
forward-central,3x 60% + BTC 10%,floor 60%,0.0489,0.0478,-0.0007,0.1029,0.0523,0.4810,0.1370,0.2150,0.0000,0.0000,0.2719,0.1060,0.0000,0.0000,0.0471,11.3492,4.3710,0.7760,,,0.0280,3x,0.6000,0.1000,0.0000,1.8000
forward-central,3x 60% + BTC 10% + gems 15%,none,0.0676,0.0730,-0.0088,0.1466,0.0523,0.6310,0.2850,0.8440,0.4690,0.1850,0.3888,0.1230,0.7420,0.3720,0.0675,7.3869,3.0476,0.8860,,17.7008,0.1700,3x,0.6000,0.1000,0.1500,1.8000
forward-central,3x 60% + BTC 10% + gems 15%,wide 20-50,0.0638,0.0654,-0.0087,0.1417,0.0523,0.6010,0.2540,0.8250,0.3210,0.0040,0.3691,0.1260,0.5840,0.0300,0.0622,7.7579,3.0476,0.8550,,18.1877,0.1430,3x,0.6000,0.1000,0.1500,1.8000
forward-central,3x 60% + BTC 10% + gems 15%,D40 15-35,0.0597,0.0584,-0.0050,0.1322,0.0523,0.5690,0.2170,0.7530,0.0120,0.0000,0.3309,0.1240,0.0380,0.0000,0.0578,8.7579,3.0988,0.8260,,19.8325,0.1060,3x,0.6000,0.1000,0.1500,1.8000
forward-central,3x 60% + BTC 10% + gems 15%,D30 10-25,0.0548,0.0516,-0.0008,0.1201,0.0523,0.5240,0.1840,0.1110,0.0000,0.0000,0.2722,0.1020,0.0000,0.0000,0.0527,10.4107,3.4575,0.8110,,,0.0590,3x,0.6000,0.1000,0.1500,1.8000
forward-central,3x 60% + BTC 10% + gems 15%,floor 60%,0.0570,0.0561,0.0054,0.1157,0.0523,0.5500,0.1820,0.1800,0.0000,0.0000,0.2679,0.0780,0.0000,0.0000,0.0549,10.0079,4.0389,0.8420,,,0.0450,3x,0.6000,0.1000,0.1500,1.8000
forward-central,3x 60% + BTC 20%,none,0.0705,0.0749,-0.0127,0.1615,0.0523,0.6390,0.3260,0.9080,0.5780,0.2810,0.4227,0.1440,0.8400,0.5170,0.0697,6.8571,2.4040,0.8820,,15.4643,0.2290,3x,0.6000,0.2000,0.0000,1.8000
forward-central,3x 60% + BTC 20%,wide 20-50,0.0667,0.0680,-0.0116,0.1544,0.0523,0.6050,0.2820,0.9040,0.4310,0.0170,0.3899,0.1520,0.7180,0.0670,0.0652,7.3413,2.4202,0.8480,,16.6111,0.1790,3x,0.6000,0.2000,0.0000,1.8000
forward-central,3x 60% + BTC 20%,D40 15-35,0.0626,0.0623,-0.0082,0.1444,0.0523,0.5810,0.2550,0.8430,0.0270,0.0000,0.3423,0.1380,0.0790,0.0000,0.0601,8.1429,2.4675,0.8280,,18.4766,0.1360,3x,0.6000,0.2000,0.0000,1.8000
forward-central,3x 60% + BTC 20%,D30 10-25,0.0587,0.0570,-0.0024,0.1308,0.0523,0.5620,0.2340,0.2000,0.0000,0.0000,0.2795,0.1120,0.0000,0.0000,0.0559,9.7679,2.9087,0.8170,,,0.0900,3x,0.6000,0.2000,0.0000,1.8000
forward-central,3x 60% + BTC 20%,floor 60%,0.0609,0.0618,0.0024,0.1286,0.0523,0.5790,0.2280,0.2920,0.0000,0.0000,0.2785,0.0850,0.0000,0.0000,0.0584,9.2183,3.2306,0.8440,,,0.0820,3x,0.6000,0.2000,0.0000,1.8000
forward-central,3x 60% + BTC 20% + gems 15%,none,0.0821,0.0869,-0.0019,0.1747,0.0523,0.7200,0.4070,0.8890,0.5320,0.2460,0.4072,0.1070,0.7950,0.4560,0.0833,6.2500,2.3298,0.9160,,14.0647,0.3110,3x,0.6000,0.2000,0.1500,1.8000
forward-central,3x 60% + BTC 20% + gems 15%,wide 20-50,0.0774,0.0790,-0.0038,0.1681,0.0523,0.6880,0.3590,0.8830,0.3910,0.0120,0.3824,0.1210,0.6740,0.0520,0.0766,6.6012,2.3484,0.8930,,14.8056,0.2630,3x,0.6000,0.2000,0.1500,1.8000
forward-central,3x 60% + BTC 20% + gems 15%,D40 15-35,0.0723,0.0730,-0.0011,0.1597,0.0523,0.6540,0.3230,0.8160,0.0200,0.0000,0.3379,0.1050,0.0620,0.0000,0.0704,7.3274,2.3651,0.8680,,16.1214,0.1980,3x,0.6000,0.2000,0.1500,1.8000
forward-central,3x 60% + BTC 20% + gems 15%,D30 10-25,0.0668,0.0653,0.0027,0.1433,0.0523,0.6150,0.2870,0.1690,0.0000,0.0000,0.2772,0.0880,0.0000,0.0000,0.0650,8.4742,2.6286,0.8600,,18.7417,0.1310,3x,0.6000,0.2000,0.1500,1.8000
forward-central,3x 60% + BTC 20% + gems 15%,floor 60%,0.0690,0.0705,0.0079,0.1411,0.0523,0.6340,0.2820,0.2530,0.0000,0.0000,0.2746,0.0680,0.0000,0.0000,0.0671,8.2103,2.9750,0.8870,,19.1548,0.1240,3x,0.6000,0.2000,0.1500,1.8000
forward-central,3x 60% + BTC 30%,none,0.0831,0.0888,-0.0131,0.1921,0.0523,0.6980,0.4290,0.9550,0.7070,0.3710,0.4543,0.1350,0.9240,0.6300,0.0841,5.7282,1.9111,0.9060,,12.6290,0.3620,3x,0.6000,0.3000,0.0000,1.8000
forward-central,3x 60% + BTC 30%,wide 20-50,0.0783,0.0809,-0.0108,0.1820,0.0523,0.6610,0.3810,0.9540,0.5510,0.0360,0.4085,0.1410,0.8230,0.1290,0.0766,6.1429,1.9163,0.8740,,13.2536,0.3050,3x,0.6000,0.3000,0.0000,1.8000
forward-central,3x 60% + BTC 30%,D40 15-35,0.0737,0.0747,-0.0065,0.1700,0.0523,0.6370,0.3430,0.9180,0.0490,0.0000,0.3518,0.1270,0.1380,0.0000,0.0708,7.0952,1.9671,0.8640,,14.7706,0.2280,3x,0.6000,0.3000,0.0000,1.8000
forward-central,3x 60% + BTC 30%,D30 10-25,0.0693,0.0668,-0.0012,0.1544,0.0523,0.6170,0.3140,0.2790,0.0000,0.0000,0.2876,0.1050,0.0020,0.0000,0.0660,8.0694,2.0766,0.8590,,17.1254,0.1690,3x,0.6000,0.3000,0.0000,1.8000
forward-central,3x 60% + BTC 30%,floor 60%,0.0717,0.0710,0.0043,0.1535,0.0523,0.6280,0.3180,0.3850,0.0000,0.0000,0.2903,0.0820,0.0000,0.0000,0.0698,7.7063,2.3607,0.8830,,17.1171,0.1570,3x,0.6000,0.3000,0.0000,1.8000
forward-central,3xS 50% + BTC 10%,none,0.0505,0.0532,-0.0073,0.1179,0.0523,0.4950,0.1720,0.6450,0.2930,0.0870,0.3407,0.1380,0.5350,0.2300,0.0514,10.3393,4.4056,0.7890,,,0.0370,3xS,0.5000,0.1000,0.0000,1.5000
forward-central,3xS 50% + BTC 10%,wide 20-50,0.0496,0.0504,-0.0068,0.1172,0.0523,0.4870,0.1610,0.6270,0.1600,0.0000,0.3302,0.1510,0.3440,0.0050,0.0486,10.6627,4.4056,0.7710,,,0.0330,3xS,0.5000,0.1000,0.0000,1.5000
forward-central,3xS 50% + BTC 10%,D40 15-35,0.0485,0.0468,-0.0042,0.1125,0.0523,0.4790,0.1520,0.5100,0.0000,0.0000,0.3010,0.1350,0.0070,0.0000,0.0476,11.2480,4.4770,0.7520,,,0.0310,3xS,0.5000,0.1000,0.0000,1.5000
forward-central,3xS 50% + BTC 10%,D30 10-25,0.0470,0.0446,-0.0010,0.1062,0.0523,0.4610,0.1360,0.0200,0.0000,0.0000,0.2532,0.1070,0.0000,0.0000,0.0459,12.5536,4.6575,0.7450,,,0.0190,3xS,0.5000,0.1000,0.0000,1.5000
forward-central,3xS 50% + BTC 10%,floor 60%,0.0477,0.0473,0.0034,0.1006,0.0523,0.4680,0.1370,0.0480,0.0000,0.0000,0.2402,0.0790,0.0000,0.0000,0.0473,12.4980,5.4056,0.7570,,,0.0160,3xS,0.5000,0.1000,0.0000,1.5000
forward-central,3xS 50% + BTC 10% + gems 15%,none,0.0621,0.0648,0.0030,0.1288,0.0523,0.5830,0.2480,0.5830,0.2280,0.0490,0.3186,0.0910,0.4430,0.1510,0.0632,8.8373,4.0234,0.8740,,,0.0760,3xS,0.5000,0.1000,0.1500,1.5000
forward-central,3xS 50% + BTC 10% + gems 15%,wide 20-50,0.0606,0.0625,0.0020,0.1278,0.0523,0.5750,0.2300,0.5690,0.1130,0.0000,0.3118,0.0940,0.2660,0.0030,0.0605,9.0496,4.0234,0.8550,,,0.0700,3xS,0.5000,0.1000,0.1500,1.5000
forward-central,3xS 50% + BTC 10% + gems 15%,D40 15-35,0.0588,0.0584,0.0034,0.1236,0.0523,0.5540,0.2150,0.4330,0.0000,0.0000,0.2909,0.0880,0.0000,0.0000,0.0587,9.4365,4.0540,0.8460,,,0.0540,3xS,0.5000,0.1000,0.1500,1.5000
forward-central,3xS 50% + BTC 10% + gems 15%,D30 10-25,0.0558,0.0538,0.0055,0.1153,0.0523,0.5220,0.1840,0.0130,0.0000,0.0000,0.2492,0.0750,0.0000,0.0000,0.0546,10.4782,4.2595,0.8220,,,0.0360,3xS,0.5000,0.1000,0.1500,1.5000
forward-central,3xS 50% + BTC 10% + gems 15%,floor 60%,0.0561,0.0564,0.0113,0.1090,0.0523,0.5290,0.1750,0.0280,0.0000,0.0000,0.2325,0.0500,0.0000,0.0000,0.0560,10.7758,4.8524,0.8480,,,0.0250,3xS,0.5000,0.1000,0.1500,1.5000
forward-central,3xS 50% + BTC 20%,none,0.0651,0.0679,-0.0076,0.1501,0.0523,0.5940,0.3020,0.7590,0.3970,0.1460,0.3702,0.1300,0.6600,0.3180,0.0658,7.9266,3.1258,0.8650,,18.1413,0.1480,3xS,0.5000,0.2000,0.0000,1.5000
forward-central,3xS 50% + BTC 20%,wide 20-50,0.0638,0.0642,-0.0058,0.1477,0.0523,0.5890,0.2840,0.7480,0.2410,0.0020,0.3503,0.1290,0.4770,0.0100,0.0619,8.2659,3.1556,0.8490,,18.5206,0.1300,3xS,0.5000,0.2000,0.0000,1.5000
forward-central,3xS 50% + BTC 20%,D40 15-35,0.0623,0.0624,-0.0025,0.1413,0.0523,0.5750,0.2700,0.6190,0.0010,0.0000,0.3158,0.1060,0.0090,0.0000,0.0596,8.7222,3.2262,0.8370,,19.3504,0.1170,3xS,0.5000,0.2000,0.0000,1.5000
forward-central,3xS 50% + BTC 20%,D30 10-25,0.0604,0.0588,0.0017,0.1332,0.0523,0.5600,0.2390,0.0460,0.0000,0.0000,0.2607,0.0930,0.0000,0.0000,0.0574,9.5099,3.4167,0.8280,,,0.0830,3xS,0.5000,0.2000,0.0000,1.5000
forward-central,3xS 50% + BTC 20%,floor 60%,0.0608,0.0600,0.0061,0.1284,0.0523,0.5730,0.2390,0.0900,0.0000,0.0000,0.2524,0.0720,0.0000,0.0000,0.0588,9.5575,3.7687,0.8530,,,0.0670,3xS,0.5000,0.2000,0.0000,1.5000
forward-central,3xS 50% + BTC 20% + gems 15%,none,0.0767,0.0806,0.0047,0.1610,0.0523,0.6700,0.3730,0.7160,0.3380,0.1050,0.3513,0.0880,0.5920,0.2380,0.0779,7.1052,2.9718,0.9130,,16.5437,0.2270,3xS,0.5000,0.2000,0.1500,1.5000
forward-central,3xS 50% + BTC 20% + gems 15%,wide 20-50,0.0747,0.0774,0.0043,0.1584,0.0523,0.6620,0.3550,0.6970,0.1920,0.0010,0.3383,0.0880,0.3880,0.0060,0.0743,7.3135,2.9722,0.8980,,16.9437,0.2020,3xS,0.5000,0.2000,0.1500,1.5000
forward-central,3xS 50% + BTC 20% + gems 15%,D40 15-35,0.0723,0.0733,0.0057,0.1528,0.0523,0.6430,0.3320,0.5620,0.0000,0.0000,0.3081,0.0850,0.0050,0.0000,0.0713,7.7917,2.9829,0.8860,,17.5036,0.1700,3xS,0.5000,0.2000,0.1500,1.5000
forward-central,3xS 50% + BTC 20% + gems 15%,D30 10-25,0.0690,0.0680,0.0077,0.1430,0.0523,0.6150,0.3000,0.0290,0.0000,0.0000,0.2571,0.0700,0.0000,0.0000,0.0666,8.3790,3.0988,0.8870,,18.8825,0.1270,3xS,0.5000,0.2000,0.1500,1.5000
forward-central,3xS 50% + BTC 20% + gems 15%,floor 60%,0.0692,0.0699,0.0130,0.1390,0.0523,0.6270,0.2990,0.0640,0.0000,0.0000,0.2458,0.0470,0.0000,0.0000,0.0679,8.4821,3.5000,0.8980,,19.8012,0.1100,3xS,0.5000,0.2000,0.1500,1.5000
forward-central,3xS 50% + BTC 30%,none,0.0779,0.0819,-0.0118,0.1817,0.0523,0.6540,0.3920,0.8950,0.5490,0.2530,0.4139,0.1350,0.8170,0.4750,0.0782,6.4325,2.2286,0.8910,,13.9631,0.2940,3xS,0.5000,0.3000,0.0000,1.5000
forward-central,3xS 50% + BTC 30%,wide 20-50,0.0761,0.0766,-0.0077,0.1765,0.0523,0.6440,0.3710,0.8870,0.3940,0.0090,0.3792,0.1280,0.6780,0.0400,0.0731,6.7877,2.2337,0.8660,,14.3746,0.2540,3xS,0.5000,0.3000,0.0000,1.5000
forward-central,3xS 50% + BTC 30%,D40 15-35,0.0743,0.0735,-0.0032,0.1718,0.0523,0.6350,0.3470,0.7960,0.0130,0.0000,0.3326,0.1110,0.0470,0.0000,0.0712,7.3214,2.2575,0.8710,,14.9079,0.2120,3xS,0.5000,0.3000,0.0000,1.5000
forward-central,3xS 50% + BTC 30%,D30 10-25,0.0719,0.0699,0.0023,0.1606,0.0523,0.6230,0.3300,0.1030,0.0000,0.0000,0.2704,0.0920,0.0000,0.0000,0.0689,7.8512,2.4127,0.8730,,16.5278,0.1730,3xS,0.5000,0.3000,0.0000,1.5000
forward-central,3xS 50% + BTC 30%,floor 60%,0.0723,0.0706,0.0064,0.1559,0.0523,0.6340,0.3320,0.2050,0.0000,0.0000,0.2706,0.0770,0.0000,0.0000,0.0694,7.9821,2.8099,0.8900,,17.6508,0.1530,3xS,0.5000,0.3000,0.0000,1.5000
forward-central,3xS 50% + BTC 30% + gems 15%,none,0.0894,0.0942,-0.0000,0.1948,0.0523,0.7120,0.4520,0.8720,0.4880,0.2050,0.3941,0.1000,0.7490,0.3990,0.0908,5.8532,2.1262,0.9300,,12.9083,0.3650,3xS,0.5000,0.3000,0.1500,1.5000
forward-central,3xS 50% + BTC 30% + gems 15%,wide 20-50,0.0868,0.0891,0.0034,0.1885,0.0523,0.7000,0.4300,0.8590,0.3400,0.0080,0.3690,0.0920,0.5920,0.0260,0.0862,6.1349,2.1556,0.9120,,13.4270,0.3300,3xS,0.5000,0.3000,0.1500,1.5000
forward-central,3xS 50% + BTC 30% + gems 15%,D40 15-35,0.0838,0.0839,0.0027,0.1839,0.0523,0.6880,0.4010,0.7450,0.0080,0.0000,0.3262,0.0860,0.0260,0.0000,0.0819,6.5397,2.1667,0.9170,,13.8452,0.2860,3xS,0.5000,0.3000,0.1500,1.5000
forward-central,3xS 50% + BTC 30% + gems 15%,D30 10-25,0.0800,0.0791,0.0072,0.1731,0.0523,0.6740,0.3930,0.0730,0.0000,0.0000,0.2677,0.0700,0.0000,0.0000,0.0772,7.1925,2.3254,0.9160,,15.1643,0.2310,3xS,0.5000,0.3000,0.1500,1.5000
forward-central,3xS 50% + BTC 30% + gems 15%,floor 60%,0.0805,0.0797,0.0125,0.1641,0.0523,0.6700,0.3730,0.1600,0.0000,0.0000,0.2646,0.0520,0.0000,0.0000,0.0775,7.3194,2.5468,0.9210,,16.0302,0.2130,3xS,0.5000,0.3000,0.1500,1.5000
forward-central,3xS 60% + BTC 10%,none,0.0461,0.0484,-0.0221,0.1244,0.0523,0.4720,0.1690,0.8480,0.5140,0.2310,0.4039,0.2140,0.7790,0.4530,0.0454,9.9742,3.7758,0.7610,,,0.0570,3xS,0.6000,0.1000,0.0000,1.8000
forward-central,3xS 60% + BTC 10%,wide 20-50,0.0449,0.0426,-0.0177,0.1209,0.0523,0.4560,0.1530,0.8360,0.3840,0.0080,0.3770,0.2210,0.6520,0.0400,0.0425,10.9663,3.7758,0.7210,,,0.0490,3xS,0.6000,0.1000,0.0000,1.8000
forward-central,3xS 60% + BTC 10%,D40 15-35,0.0439,0.0396,-0.0128,0.1144,0.0523,0.4490,0.1360,0.7780,0.0140,0.0000,0.3333,0.1890,0.0370,0.0000,0.0414,11.7778,3.8841,0.7130,,,0.0390,3xS,0.6000,0.1000,0.0000,1.8000
forward-central,3xS 60% + BTC 10%,D30 10-25,0.0427,0.0379,-0.0061,0.1043,0.0523,0.4340,0.1230,0.1200,0.0000,0.0000,0.2717,0.1390,0.0010,0.0000,0.0403,13.3929,4.3127,0.6930,,,0.0210,3xS,0.6000,0.1000,0.0000,1.8000
forward-central,3xS 60% + BTC 10%,floor 60%,0.0440,0.0412,-0.0025,0.1023,0.0523,0.4420,0.1230,0.1840,0.0000,0.0000,0.2690,0.1200,0.0000,0.0000,0.0430,13.0020,4.8738,0.7180,,,0.0190,3xS,0.6000,0.1000,0.0000,1.8000
forward-central,3xS 60% + BTC 10% + gems 15%,none,0.0576,0.0601,-0.0116,0.1347,0.0523,0.5590,0.2320,0.8100,0.4460,0.1800,0.3834,0.1450,0.7170,0.3790,0.0583,8.7500,3.4956,0.8330,,19.6968,0.1090,3xS,0.6000,0.1000,0.1500,1.8000
forward-central,3xS 60% + BTC 10% + gems 15%,wide 20-50,0.0554,0.0543,-0.0090,0.1318,0.0523,0.5310,0.2120,0.8010,0.3040,0.0040,0.3642,0.1580,0.5710,0.0230,0.0535,9.2698,3.5040,0.8060,,,0.0880,3xS,0.6000,0.1000,0.1500,1.8000
forward-central,3xS 60% + BTC 10% + gems 15%,D40 15-35,0.0530,0.0499,-0.0065,0.1257,0.0523,0.5120,0.1850,0.7270,0.0060,0.0000,0.3256,0.1350,0.0220,0.0000,0.0509,10.0159,3.6421,0.7820,,,0.0590,3xS,0.6000,0.1000,0.1500,1.8000
forward-central,3xS 60% + BTC 10% + gems 15%,D30 10-25,0.0504,0.0462,-0.0019,0.1140,0.0523,0.4850,0.1620,0.0850,0.0000,0.0000,0.2686,0.1070,0.0000,0.0000,0.0482,11.2718,3.8540,0.7760,,,0.0320,3xS,0.6000,0.1000,0.1500,1.8000
forward-central,3xS 60% + BTC 10% + gems 15%,floor 60%,0.0517,0.0499,0.0028,0.1102,0.0523,0.5000,0.1560,0.1460,0.0000,0.0000,0.2636,0.0830,0.0000,0.0000,0.0512,11.1865,4.2933,0.7860,,,0.0250,3xS,0.6000,0.1000,0.1500,1.8000
forward-central,3xS 60% + BTC 20%,none,0.0606,0.0630,-0.0215,0.1558,0.0523,0.5640,0.2790,0.9040,0.5810,0.3010,0.4295,0.1830,0.8330,0.5560,0.0613,7.7778,2.8603,0.8380,,17.2623,0.1680,3xS,0.6000,0.2000,0.0000,1.8000
forward-central,3xS 60% + BTC 20%,wide 20-50,0.0589,0.0575,-0.0163,0.1494,0.0523,0.5540,0.2640,0.9000,0.4520,0.0200,0.3914,0.1790,0.7220,0.0790,0.0565,8.3552,2.8603,0.8100,,17.9238,0.1380,3xS,0.6000,0.2000,0.0000,1.8000
forward-central,3xS 60% + BTC 20%,D40 15-35,0.0573,0.0545,-0.0097,0.1409,0.0523,0.5340,0.2430,0.8260,0.0260,0.0000,0.3412,0.1520,0.0740,0.0000,0.0544,9.1329,2.9361,0.7990,,19.2806,0.1120,3xS,0.6000,0.2000,0.0000,1.8000
forward-central,3xS 60% + BTC 20%,D30 10-25,0.0554,0.0518,-0.0036,0.1315,0.0523,0.5290,0.2150,0.1740,0.0000,0.0000,0.2771,0.1170,0.0010,0.0000,0.0529,10.1270,3.2016,0.7920,,,0.0740,3xS,0.6000,0.2000,0.0000,1.8000
forward-central,3xS 60% + BTC 20%,floor 60%,0.0565,0.0550,0.0002,0.1265,0.0523,0.5410,0.2150,0.2760,0.0000,0.0000,0.2778,0.0990,0.0000,0.0000,0.0544,10.0218,3.6024,0.8140,,,0.0660,3xS,0.6000,0.2000,0.0000,1.8000
forward-central,3xS 60% + BTC 20% + gems 15%,none,0.0721,0.0763,-0.0074,0.1648,0.0523,0.6370,0.3540,0.8860,0.5240,0.2380,0.4083,0.1280,0.7820,0.4600,0.0732,6.9802,2.6325,0.8910,,15.7048,0.2390,3xS,0.6000,0.2000,0.1500,1.8000
forward-central,3xS 60% + BTC 20% + gems 15%,wide 20-50,0.0693,0.0700,-0.0076,0.1599,0.0523,0.6160,0.3230,0.8780,0.4010,0.0130,0.3809,0.1350,0.6800,0.0480,0.0677,7.2857,2.6325,0.8670,,16.2393,0.2000,3xS,0.6000,0.2000,0.1500,1.8000
forward-central,3xS 60% + BTC 20% + gems 15%,D40 15-35,0.0664,0.0639,-0.0038,0.1517,0.0523,0.5960,0.2990,0.7960,0.0140,0.0000,0.3360,0.1190,0.0490,0.0000,0.0643,8.0694,2.6901,0.8500,,17.4940,0.1580,3xS,0.6000,0.2000,0.1500,1.8000
forward-central,3xS 60% + BTC 20% + gems 15%,D30 10-25,0.0630,0.0597,0.0007,0.1414,0.0523,0.5730,0.2680,0.1320,0.0000,0.0000,0.2739,0.0980,0.0000,0.0000,0.0610,9.1131,2.9623,0.8470,,19.6548,0.1090,3xS,0.6000,0.2000,0.1500,1.8000
forward-central,3xS 60% + BTC 20% + gems 15%,floor 60%,0.0643,0.0628,0.0058,0.1358,0.0523,0.5940,0.2610,0.2250,0.0000,0.0000,0.2725,0.0760,0.0000,0.0000,0.0627,8.9583,3.3333,0.8660,,,0.1000,3xS,0.6000,0.2000,0.1500,1.8000
forward-central,3xS 60% + BTC 30%,none,0.0733,0.0762,-0.0229,0.1856,0.0523,0.6260,0.3770,0.9550,0.6930,0.3960,0.4638,0.1740,0.9160,0.6660,0.0731,6.2520,2.0071,0.8730,,13.5139,0.2980,3xS,0.6000,0.3000,0.0000,1.8000
forward-central,3xS 60% + BTC 30%,wide 20-50,0.0712,0.0704,-0.0156,0.1788,0.0523,0.6100,0.3440,0.9520,0.5770,0.0410,0.4124,0.1600,0.8380,0.1370,0.0676,6.9802,2.0187,0.8470,,14.3944,0.2430,3xS,0.6000,0.3000,0.0000,1.8000
forward-central,3xS 60% + BTC 30%,D40 15-35,0.0691,0.0663,-0.0097,0.1698,0.0523,0.6000,0.3280,0.9200,0.0550,0.0000,0.3519,0.1350,0.1400,0.0000,0.0654,7.4881,2.0516,0.8460,,15.3032,0.1930,3xS,0.6000,0.3000,0.0000,1.8000
forward-central,3xS 60% + BTC 30%,D30 10-25,0.0669,0.0621,-0.0031,0.1575,0.0523,0.5920,0.2980,0.2810,0.0010,0.0000,0.2861,0.1120,0.0020,0.0000,0.0644,8.2718,2.3444,0.8420,,17.4246,0.1480,3xS,0.6000,0.3000,0.0000,1.8000
forward-central,3xS 60% + BTC 30%,floor 60%,0.0679,0.0660,0.0005,0.1536,0.0523,0.6010,0.3020,0.3900,0.0000,0.0000,0.2910,0.0990,0.0000,0.0000,0.0646,8.2560,2.6893,0.8570,,17.8139,0.1450,3xS,0.6000,0.3000,0.0000,1.8000
forward-central,SPY 80% + BTC 10%,none,0.0675,0.0722,0.0112,0.1303,0.0523,0.8270,0.0660,0.5910,0.2290,0.0700,0.3200,0.0660,0.4160,0.1590,0.0713,8.6806,4.1571,0.8980,,,0.0840,SPY,0.8000,0.1000,0.0000,0.8000
forward-central,SPY 80% + BTC 10%,wide 20-50,0.0660,0.0699,0.0089,0.1293,0.0523,0.7940,0.0670,0.5660,0.1310,0.0020,0.3123,0.0680,0.2720,0.0060,0.0691,8.8532,4.1571,0.8880,,,0.0800,SPY,0.8000,0.1000,0.0000,0.8000
forward-central,SPY 80% + BTC 10%,D40 15-35,0.0642,0.0662,0.0102,0.1263,0.0523,0.7460,0.0750,0.4410,0.0030,0.0000,0.2919,0.0610,0.0070,0.0000,0.0661,9.3393,4.1694,0.8820,,,0.0670,SPY,0.8000,0.1000,0.0000,0.8000
forward-central,SPY 80% + BTC 10%,D30 10-25,0.0620,0.0614,0.0133,0.1215,0.0523,0.6810,0.0770,0.0300,0.0000,0.0000,0.2515,0.0480,0.0000,0.0000,0.0630,9.8651,4.2857,0.8790,,,0.0460,SPY,0.8000,0.1000,0.0000,0.8000
forward-central,SPY 80% + BTC 10%,floor 60%,0.0625,0.0634,0.0166,0.1157,0.0523,0.6950,0.0730,0.0640,0.0000,0.0000,0.2347,0.0310,0.0000,0.0000,0.0635,9.9385,4.7659,0.8900,,,0.0260,SPY,0.8000,0.1000,0.0000,0.8000
forward-central,SPY 80% + BTC 20%,none,0.0823,0.0891,0.0129,0.1589,0.0523,0.8280,0.3340,0.6870,0.2860,0.0990,0.3449,0.0620,0.5070,0.2040,0.0862,7.0258,3.1425,0.9330,,16.4317,0.2260,SPY,0.8000,0.2000,0.0000,0.8000
forward-central,SPY 80% + BTC 20%,wide 20-50,0.0802,0.0855,0.0120,0.1572,0.0523,0.8110,0.3050,0.6650,0.1760,0.0040,0.3313,0.0620,0.3450,0.0080,0.0832,7.2956,3.1536,0.9240,,16.7206,0.2080,SPY,0.8000,0.2000,0.0000,0.8000
forward-central,SPY 80% + BTC 20%,D40 15-35,0.0779,0.0831,0.0125,0.1543,0.0523,0.7910,0.2810,0.5340,0.0040,0.0000,0.3037,0.0560,0.0100,0.0000,0.0796,7.5536,3.1702,0.9160,,17.0980,0.1920,SPY,0.8000,0.2000,0.0000,0.8000
forward-central,SPY 80% + BTC 20%,D30 10-25,0.0751,0.0777,0.0149,0.1454,0.0523,0.7500,0.2590,0.0550,0.0000,0.0000,0.2564,0.0440,0.0000,0.0000,0.0763,8.0040,3.2758,0.9200,,18.2774,0.1460,SPY,0.8000,0.2000,0.0000,0.8000
forward-central,SPY 80% + BTC 20%,floor 60%,0.0754,0.0783,0.0188,0.1407,0.0523,0.7710,0.2530,0.0940,0.0000,0.0000,0.2445,0.0340,0.0000,0.0000,0.0769,8.1885,3.5071,0.9290,,18.8544,0.1280,SPY,0.8000,0.2000,0.0000,0.8000
forward-central,1x 80% + BTC 10%,none,0.0636,0.0669,0.0245,0.1053,0.0523,0.6090,0.2210,0.0430,0.0020,0.0000,0.1821,0.0190,0.0120,0.0000,0.0642,9.8075,5.6587,0.9350,,,0.0210,1x,0.8000,0.1000,0.0000,0.8000
forward-central,1x 80% + BTC 10%,wide 20-50,0.0635,0.0667,0.0243,0.1053,0.0523,0.6080,0.2210,0.0310,0.0000,0.0000,0.1821,0.0180,0.0000,0.0000,0.0640,9.8194,5.6587,0.9350,,,0.0210,1x,0.8000,0.1000,0.0000,0.8000
forward-central,1x 80% + BTC 10%,D40 15-35,0.0631,0.0663,0.0236,0.1051,0.0523,0.6060,0.2200,0.0060,0.0000,0.0000,0.1814,0.0180,0.0000,0.0000,0.0635,9.8631,5.6587,0.9310,,,0.0210,1x,0.8000,0.1000,0.0000,0.8000
forward-central,1x 80% + BTC 10%,D30 10-25,0.0622,0.0649,0.0238,0.1038,0.0523,0.5980,0.2090,0.0000,0.0000,0.0000,0.1732,0.0140,0.0000,0.0000,0.0625,10.1012,5.7548,0.9200,,,0.0170,1x,0.8000,0.1000,0.0000,0.8000
forward-central,1x 80% + BTC 10%,floor 60%,0.0603,0.0623,0.0254,0.0984,0.0523,0.5810,0.2020,0.0000,0.0000,0.0000,0.1494,0.0080,0.0000,0.0000,0.0608,10.6032,6.2115,0.9250,,,0.0070,1x,0.8000,0.1000,0.0000,0.8000
forward-central,1x 80% + BTC 20%,none,0.0784,0.0822,0.0247,0.1401,0.0523,0.7030,0.3570,0.1820,0.0290,0.0020,0.2317,0.0290,0.0810,0.0120,0.0797,7.7242,3.7198,0.9510,,19.0353,0.1290,1x,0.8000,0.2000,0.0000,0.8000
forward-central,1x 80% + BTC 20%,wide 20-50,0.0780,0.0817,0.0249,0.1401,0.0523,0.7020,0.3550,0.1570,0.0040,0.0000,0.2316,0.0310,0.0190,0.0000,0.0790,7.7579,3.7198,0.9500,,19.0972,0.1290,1x,0.8000,0.2000,0.0000,0.8000
forward-central,1x 80% + BTC 20%,D40 15-35,0.0773,0.0810,0.0240,0.1396,0.0523,0.6960,0.3480,0.0560,0.0000,0.0000,0.2253,0.0250,0.0000,0.0000,0.0780,7.8631,3.7198,0.9480,,19.2405,0.1250,1x,0.8000,0.2000,0.0000,0.8000
forward-central,1x 80% + BTC 20%,D30 10-25,0.0756,0.0782,0.0237,0.1364,0.0523,0.6770,0.3350,0.0000,0.0000,0.0000,0.2041,0.0190,0.0000,0.0000,0.0753,8.1052,3.7802,0.9440,,19.7365,0.1070,1x,0.8000,0.2000,0.0000,0.8000
forward-central,1x 80% + BTC 20%,floor 60%,0.0736,0.0757,0.0263,0.1300,0.0523,0.6600,0.3210,0.0000,0.0000,0.0000,0.1794,0.0140,0.0000,0.0000,0.0736,8.4702,4.0397,0.9510,,,0.0790,1x,0.8000,0.2000,0.0000,0.8000
historical-repeat,2x 40% + BTC 10%,none,0.1449,0.1570,0.0999,0.2081,0.1213,0.7920,0.3560,0.0100,0.0010,0.0000,0.1690,0.0000,0.0050,0.0000,0.1553,4.5317,2.8845,1.0000,15.6389,12.0948,0.8830,2x,0.4000,0.1000,0.0000,0.8000
historical-repeat,2x 40% + BTC 10%,wide 20-50,0.1448,0.1570,0.0999,0.2080,0.1213,0.7900,0.3560,0.0080,0.0000,0.0000,0.1690,0.0000,0.0010,0.0000,0.1552,4.5317,2.8845,1.0000,15.6488,12.0948,0.8800,2x,0.4000,0.1000,0.0000,0.8000
historical-repeat,2x 40% + BTC 10%,D40 15-35,0.1442,0.1565,0.0991,0.2076,0.1213,0.7860,0.3500,0.0020,0.0000,0.0000,0.1686,0.0000,0.0000,0.0000,0.1545,4.5476,2.8845,1.0000,15.6647,12.1238,0.8780,2x,0.4000,0.1000,0.0000,0.8000
historical-repeat,2x 40% + BTC 10%,D30 10-25,0.1418,0.1544,0.0943,0.2060,0.1213,0.7610,0.3320,0.0000,0.0000,0.0000,0.1643,0.0000,0.0000,0.0000,0.1518,4.6151,2.9000,1.0000,15.9048,12.1972,0.8420,2x,0.4000,0.1000,0.0000,0.8000
historical-repeat,2x 40% + BTC 10%,floor 60%,0.1331,0.1438,0.0886,0.1941,0.1213,0.6740,0.2600,0.0000,0.0000,0.0000,0.1468,0.0000,0.0000,0.0000,0.1412,4.9484,3.0631,1.0000,16.9980,13.0540,0.7690,2x,0.4000,0.1000,0.0000,0.8000
historical-repeat,2x 40% + BTC 10% + gems 15%,none,0.1837,0.2029,0.1420,0.2603,0.1213,0.9640,0.7320,0.0010,0.0000,0.0000,0.1589,0.0000,0.0010,0.0000,0.2003,3.6607,2.3369,1.0000,12.2976,9.8448,0.9930,2x,0.4000,0.1000,0.1500,0.8000
historical-repeat,2x 40% + BTC 10% + gems 15%,wide 20-50,0.1837,0.2029,0.1420,0.2603,0.1213,0.9640,0.7320,0.0010,0.0000,0.0000,0.1589,0.0000,0.0000,0.0000,0.2003,3.6607,2.3369,1.0000,12.2976,9.8484,0.9930,2x,0.4000,0.1000,0.1500,0.8000
historical-repeat,2x 40% + BTC 10% + gems 15%,D40 15-35,0.1834,0.2026,0.1415,0.2603,0.1213,0.9640,0.7290,0.0010,0.0000,0.0000,0.1589,0.0000,0.0000,0.0000,0.1998,3.6627,2.3369,1.0000,12.3333,9.8484,0.9930,2x,0.4000,0.1000,0.1500,0.8000
historical-repeat,2x 40% + BTC 10% + gems 15%,D30 10-25,0.1815,0.2009,0.1376,0.2588,0.1213,0.9620,0.7130,0.0000,0.0000,0.0000,0.1561,0.0000,0.0000,0.0000,0.1981,3.6706,2.3409,1.0000,12.4147,9.8690,0.9900,2x,0.4000,0.1000,0.1500,0.8000
historical-repeat,2x 40% + BTC 10% + gems 15%,floor 60%,0.1713,0.1885,0.1289,0.2448,0.1213,0.9270,0.6120,0.0000,0.0000,0.0000,0.1388,0.0000,0.0000,0.0000,0.1857,3.8294,2.4794,1.0000,13.3472,10.4667,0.9830,2x,0.4000,0.1000,0.1500,0.8000
historical-repeat,2x 40% + BTC 20%,none,0.2000,0.2226,0.1444,0.3008,0.1213,0.9590,0.8020,0.0320,0.0010,0.0000,0.1898,0.0000,0.0070,0.0000,0.2196,3.3393,1.8845,1.0000,11.2004,8.4472,0.9950,2x,0.4000,0.2000,0.0000,0.8000
historical-repeat,2x 40% + BTC 20%,wide 20-50,0.1998,0.2223,0.1440,0.3008,0.1213,0.9590,0.8020,0.0220,0.0000,0.0000,0.1898,0.0000,0.0010,0.0000,0.2193,3.3413,1.8845,1.0000,11.2024,8.4591,0.9940,2x,0.4000,0.2000,0.0000,0.8000
historical-repeat,2x 40% + BTC 20%,D40 15-35,0.1987,0.2210,0.1424,0.3007,0.1213,0.9590,0.7970,0.0070,0.0000,0.0000,0.1897,0.0000,0.0000,0.0000,0.2182,3.3413,1.8845,1.0000,11.2183,8.4837,0.9900,2x,0.4000,0.2000,0.0000,0.8000
historical-repeat,2x 40% + BTC 20%,D30 10-25,0.1946,0.2173,0.1368,0.2969,0.1213,0.9460,0.7700,0.0000,0.0000,0.0000,0.1821,0.0000,0.0000,0.0000,0.2133,3.3889,1.9008,1.0000,11.4246,8.5952,0.9830,2x,0.4000,0.2000,0.0000,0.8000
historical-repeat,2x 40% + BTC 20%,floor 60%,0.1825,0.2015,0.1264,0.2774,0.1213,0.9250,0.6850,0.0000,0.0000,0.0000,0.1609,0.0000,0.0000,0.0000,0.1983,3.6091,2.0345,1.0000,12.2897,9.1337,0.9690,2x,0.4000,0.2000,0.0000,0.8000
historical-repeat,2x 40% + BTC 20% + gems 15%,none,0.2388,0.2719,0.1867,0.3511,0.1213,0.9900,0.9540,0.0080,0.0010,0.0000,0.1742,0.0000,0.0030,0.0000,0.2688,2.8373,1.6627,1.0000,9.4087,7.2595,1.0000,2x,0.4000,0.2000,0.1500,0.8000
historical-repeat,2x 40% + BTC 20% + gems 15%,wide 20-50,0.2387,0.2715,0.1867,0.3504,0.1213,0.9900,0.9540,0.0080,0.0000,0.0000,0.1742,0.0000,0.0000,0.0000,0.2687,2.8393,1.6627,1.0000,9.4087,7.2595,1.0000,2x,0.4000,0.2000,0.1500,0.8000
historical-repeat,2x 40% + BTC 20% + gems 15%,D40 15-35,0.2380,0.2709,0.1852,0.3493,0.1213,0.9900,0.9540,0.0010,0.0000,0.0000,0.1743,0.0000,0.0000,0.0000,0.2676,2.8433,1.6627,1.0000,9.4206,7.2595,1.0000,2x,0.4000,0.2000,0.1500,0.8000
historical-repeat,2x 40% + BTC 20% + gems 15%,D30 10-25,0.2348,0.2660,0.1798,0.3471,0.1213,0.9880,0.9420,0.0000,0.0000,0.0000,0.1705,0.0000,0.0000,0.0000,0.2636,2.8512,1.6663,1.0000,9.5377,7.3286,0.9990,2x,0.4000,0.2000,0.1500,0.8000
historical-repeat,2x 40% + BTC 20% + gems 15%,floor 60%,0.2208,0.2499,0.1672,0.3275,0.1213,0.9840,0.8940,0.0000,0.0000,0.0000,0.1537,0.0000,0.0000,0.0000,0.2452,3.1012,1.7298,1.0000,10.1706,7.7571,0.9980,2x,0.4000,0.2000,0.1500,0.8000
historical-repeat,2x 40% + BTC 30%,none,0.2530,0.2877,0.1819,0.3999,0.1213,0.9830,0.9360,0.1090,0.0070,0.0000,0.2227,0.0000,0.0200,0.0010,0.2847,2.6230,1.3353,1.0000,8.8274,6.2179,1.0000,2x,0.4000,0.3000,0.0000,0.8000
historical-repeat,2x 40% + BTC 30%,wide 20-50,0.2523,0.2869,0.1800,0.3983,0.1213,0.9820,0.9330,0.0980,0.0010,0.0000,0.2228,0.0000,0.0080,0.0000,0.2832,2.6349,1.3353,1.0000,8.8512,6.2218,1.0000,2x,0.4000,0.3000,0.0000,0.8000
historical-repeat,2x 40% + BTC 30%,D40 15-35,0.2499,0.2847,0.1768,0.3955,0.1213,0.9790,0.9250,0.0420,0.0000,0.0000,0.2200,0.0000,0.0000,0.0000,0.2804,2.6389,1.3353,1.0000,8.9206,6.2254,0.9990,2x,0.4000,0.3000,0.0000,0.8000
historical-repeat,2x 40% + BTC 30%,D30 10-25,0.2421,0.2750,0.1644,0.3873,0.1213,0.9760,0.9000,0.0000,0.0000,0.0000,0.2050,0.0000,0.0000,0.0000,0.2701,2.6726,1.3373,1.0000,9.1865,6.3159,0.9980,2x,0.4000,0.3000,0.0000,0.8000
historical-repeat,2x 40% + BTC 30%,floor 60%,0.2268,0.2544,0.1536,0.3585,0.1213,0.9680,0.8640,0.0000,0.0000,0.0000,0.1833,0.0000,0.0000,0.0000,0.2509,2.9425,1.4401,1.0000,9.8929,6.9837,0.9960,2x,0.4000,0.3000,0.0000,0.8000
historical-repeat,2x 40% + BTC 30% + gems 15%,none,0.2918,0.3388,0.2273,0.4528,0.1213,0.9970,0.9800,0.0590,0.0020,0.0000,0.2071,0.0000,0.0090,0.0000,0.3363,2.2857,1.1940,1.0000,7.7321,5.4960,1.0000,2x,0.4000,0.3000,0.1500,0.8000
historical-repeat,2x 40% + BTC 30% + gems 15%,wide 20-50,0.2914,0.3386,0.2272,0.4528,0.1213,0.9970,0.9790,0.0460,0.0000,0.0000,0.2071,0.0000,0.0020,0.0000,0.3355,2.2857,1.1940,1.0000,7.7401,5.4960,1.0000,2x,0.4000,0.3000,0.1500,0.8000
historical-repeat,2x 40% + BTC 30% + gems 15%,D40 15-35,0.2897,0.3368,0.2249,0.4517,0.1213,0.9970,0.9780,0.0140,0.0000,0.0000,0.2063,0.0000,0.0000,0.0000,0.3327,2.3036,1.1940,1.0000,7.7857,5.4996,1.0000,2x,0.4000,0.3000,0.1500,0.8000
historical-repeat,2x 40% + BTC 30% + gems 15%,D30 10-25,0.2828,0.3275,0.2136,0.4455,0.1213,0.9950,0.9710,0.0000,0.0000,0.0000,0.1947,0.0000,0.0000,0.0000,0.3233,2.3214,1.2024,1.0000,7.9187,5.5591,1.0000,2x,0.4000,0.3000,0.1500,0.8000
historical-repeat,2x 40% + BTC 30% + gems 15%,floor 60%,0.2651,0.3034,0.1968,0.4124,0.1213,0.9930,0.9610,0.0000,0.0000,0.0000,0.1732,0.0000,0.0000,0.0000,0.3000,2.5179,1.2972,1.0000,8.4504,6.0262,1.0000,2x,0.4000,0.3000,0.1500,0.8000
historical-repeat,2x 50% + BTC 10%,none,0.1615,0.1769,0.1081,0.2397,0.1213,0.9000,0.5370,0.0830,0.0030,0.0000,0.2063,0.0000,0.0180,0.0040,0.1745,3.9802,2.4048,1.0000,13.9702,10.5591,0.9280,2x,0.5000,0.1000,0.0000,1.0000
historical-repeat,2x 50% + BTC 10%,wide 20-50,0.1610,0.1766,0.1069,0.2395,0.1213,0.8980,0.5280,0.0750,0.0010,0.0000,0.2063,0.0000,0.0070,0.0000,0.1743,3.9802,2.4048,1.0000,13.9702,10.5631,0.9230,2x,0.5000,0.1000,0.0000,1.0000
historical-repeat,2x 50% + BTC 10%,D40 15-35,0.1593,0.1748,0.1040,0.2388,0.1213,0.8880,0.5160,0.0400,0.0000,0.0000,0.2051,0.0000,0.0000,0.0000,0.1723,4.0000,2.4048,1.0000,14.0972,10.5631,0.9140,2x,0.5000,0.1000,0.0000,1.0000
historical-repeat,2x 50% + BTC 10%,D30 10-25,0.1544,0.1693,0.0964,0.2345,0.1213,0.8530,0.4660,0.0000,0.0000,0.0000,0.1940,0.0000,0.0000,0.0000,0.1656,4.0675,2.4083,0.9990,14.6429,10.7587,0.8870,2x,0.5000,0.1000,0.0000,1.0000
historical-repeat,2x 50% + BTC 10%,floor 60%,0.1444,0.1570,0.0909,0.2167,0.1213,0.7830,0.3560,0.0000,0.0000,0.0000,0.1745,0.0000,0.0000,0.0000,0.1535,4.4583,2.6147,1.0000,15.6429,11.6250,0.8380,2x,0.5000,0.1000,0.0000,1.0000
historical-repeat,2x 50% + BTC 10% + gems 15%,none,0.2003,0.2235,0.1518,0.2913,0.1213,0.9810,0.8680,0.0330,0.0010,0.0000,0.1929,0.0000,0.0060,0.0010,0.2203,3.3155,2.0468,1.0000,11.1429,8.7774,0.9950,2x,0.5000,0.1000,0.1500,1.0000
historical-repeat,2x 50% + BTC 10% + gems 15%,wide 20-50,0.2000,0.2234,0.1513,0.2912,0.1213,0.9810,0.8660,0.0250,0.0010,0.0000,0.1929,0.0000,0.0030,0.0000,0.2201,3.3155,2.0468,1.0000,11.1548,8.7774,0.9940,2x,0.5000,0.1000,0.1500,1.0000
historical-repeat,2x 50% + BTC 10% + gems 15%,D40 15-35,0.1989,0.2228,0.1483,0.2906,0.1213,0.9800,0.8610,0.0090,0.0000,0.0000,0.1929,0.0000,0.0000,0.0000,0.2190,3.3234,2.0468,1.0000,11.2103,8.7925,0.9930,2x,0.5000,0.1000,0.1500,1.0000
historical-repeat,2x 50% + BTC 10% + gems 15%,D30 10-25,0.1945,0.2176,0.1402,0.2879,0.1213,0.9730,0.8170,0.0000,0.0000,0.0000,0.1847,0.0000,0.0000,0.0000,0.2138,3.3552,2.0468,1.0000,11.4603,8.8889,0.9900,2x,0.5000,0.1000,0.1500,1.0000
historical-repeat,2x 50% + BTC 10% + gems 15%,floor 60%,0.1823,0.2021,0.1306,0.2684,0.1213,0.9550,0.7050,0.0000,0.0000,0.0000,0.1666,0.0000,0.0000,0.0000,0.1984,3.6012,2.1940,1.0000,12.3433,9.5512,0.9860,2x,0.5000,0.1000,0.1500,1.0000
historical-repeat,2x 50% + BTC 20%,none,0.2166,0.2439,0.1538,0.3300,0.1213,0.9790,0.8850,0.1240,0.0060,0.0010,0.2227,0.0000,0.0250,0.0050,0.2399,3.0615,1.6508,1.0000,10.3175,7.5829,0.9980,2x,0.5000,0.2000,0.0000,1.0000
historical-repeat,2x 50% + BTC 20%,wide 20-50,0.2158,0.2435,0.1523,0.3300,0.1213,0.9770,0.8800,0.1120,0.0010,0.0000,0.2228,0.0000,0.0090,0.0000,0.2395,3.0655,1.6508,1.0000,10.3373,7.5829,0.9970,2x,0.5000,0.2000,0.0000,1.0000
historical-repeat,2x 50% + BTC 20%,D40 15-35,0.2134,0.2413,0.1482,0.3283,0.1213,0.9740,0.8690,0.0510,0.0000,0.0000,0.2208,0.0000,0.0000,0.0000,0.2371,3.0933,1.6508,1.0000,10.4187,7.6742,0.9930,2x,0.5000,0.2000,0.0000,1.0000
historical-repeat,2x 50% + BTC 20%,D30 10-25,0.2063,0.2313,0.1380,0.3214,0.1213,0.9600,0.8300,0.0010,0.0000,0.0000,0.2048,0.0000,0.0000,0.0000,0.2278,3.1488,1.6623,1.0000,10.7282,7.8548,0.9860,2x,0.5000,0.2000,0.0000,1.0000
historical-repeat,2x 50% + BTC 20%,floor 60%,0.1934,0.2152,0.1295,0.2965,0.1213,0.9490,0.7660,0.0010,0.0000,0.0000,0.1840,0.0000,0.0000,0.0000,0.2114,3.3671,1.8016,1.0000,11.4663,8.5508,0.9760,2x,0.5000,0.2000,0.0000,1.0000
historical-repeat,2x 50% + BTC 20% + gems 15%,none,0.2554,0.2935,0.1981,0.3810,0.1213,0.9950,0.9700,0.0650,0.0010,0.0000,0.2064,0.0000,0.0100,0.0010,0.2891,2.6052,1.4960,1.0000,8.7500,6.5238,1.0000,2x,0.5000,0.2000,0.1500,1.0000
historical-repeat,2x 50% + BTC 20% + gems 15%,wide 20-50,0.2549,0.2931,0.1976,0.3810,0.1213,0.9950,0.9700,0.0520,0.0010,0.0000,0.2064,0.0000,0.0050,0.0000,0.2885,2.6052,1.4960,1.0000,8.7679,6.5238,1.0000,2x,0.5000,0.2000,0.1500,1.0000
historical-repeat,2x 50% + BTC 20% + gems 15%,D40 15-35,0.2531,0.2912,0.1936,0.3798,0.1213,0.9950,0.9670,0.0190,0.0000,0.0000,0.2062,0.0000,0.0000,0.0000,0.2861,2.6151,1.4996,1.0000,8.8413,6.5476,0.9990,2x,0.5000,0.2000,0.1500,1.0000
historical-repeat,2x 50% + BTC 20% + gems 15%,D30 10-25,0.2468,0.2841,0.1848,0.3737,0.1213,0.9940,0.9550,0.0010,0.0000,0.0000,0.1952,0.0000,0.0000,0.0000,0.2783,2.6429,1.5079,1.0000,8.9960,6.5794,0.9990,2x,0.5000,0.2000,0.1500,1.0000
historical-repeat,2x 50% + BTC 20% + gems 15%,floor 60%,0.2315,0.2635,0.1700,0.3482,0.1213,0.9880,0.9310,0.0010,0.0000,0.0000,0.1770,0.0000,0.0000,0.0000,0.2587,2.8889,1.6187,1.0000,9.6865,7.2770,0.9990,2x,0.5000,0.2000,0.1500,1.0000
historical-repeat,2x 50% + BTC 30%,none,0.2695,0.3099,0.1945,0.4285,0.1213,0.9920,0.9640,0.2330,0.0220,0.0010,0.2496,0.0000,0.0570,0.0090,0.3067,2.4167,1.2099,1.0000,8.2222,5.7456,1.0000,2x,0.5000,0.3000,0.0000,1.0000
historical-repeat,2x 50% + BTC 30%,wide 20-50,0.2680,0.3075,0.1928,0.4259,0.1213,0.9910,0.9600,0.2180,0.0060,0.0000,0.2486,0.0000,0.0190,0.0000,0.3051,2.4226,1.2099,1.0000,8.2659,5.7567,1.0000,2x,0.5000,0.3000,0.0000,1.0000
historical-repeat,2x 50% + BTC 30%,D40 15-35,0.2640,0.3036,0.1866,0.4225,0.1213,0.9890,0.9490,0.1250,0.0000,0.0000,0.2432,0.0000,0.0000,0.0000,0.2995,2.4365,1.2099,1.0000,8.3611,5.7722,0.9980,2x,0.5000,0.3000,0.0000,1.0000
historical-repeat,2x 50% + BTC 30%,D30 10-25,0.2527,0.2887,0.1719,0.4105,0.1213,0.9840,0.9270,0.0010,0.0000,0.0000,0.2209,0.0000,0.0000,0.0000,0.2846,2.4881,1.2210,1.0000,8.7401,5.8889,0.9980,2x,0.5000,0.3000,0.0000,1.0000
historical-repeat,2x 50% + BTC 30%,floor 60%,0.2375,0.2682,0.1614,0.3784,0.1213,0.9760,0.8980,0.0020,0.0000,0.0000,0.2012,0.0000,0.0000,0.0000,0.2640,2.7540,1.3083,1.0000,9.3214,6.4401,0.9980,2x,0.5000,0.3000,0.0000,1.0000
historical-repeat,2x 50% + BTC 30% + gems 15%,none,0.3082,0.3607,0.2421,0.4847,0.1213,1.0000,0.9890,0.1460,0.0090,0.0010,0.2341,0.0000,0.0270,0.0040,0.3576,2.1508,1.1028,1.0000,7.2917,5.1548,1.0000,2x,0.5000,0.3000,0.1500,1.0000
historical-repeat,2x 50% + BTC 30% + gems 15%,wide 20-50,0.3073,0.3597,0.2399,0.4837,0.1213,0.9990,0.9890,0.1350,0.0010,0.0000,0.2340,0.0000,0.0060,0.0000,0.3567,2.1508,1.1028,1.0000,7.3016,5.1548,1.0000,2x,0.5000,0.3000,0.1500,1.0000
historical-repeat,2x 50% + BTC 30% + gems 15%,D40 15-35,0.3041,0.3564,0.2343,0.4799,0.1213,0.9980,0.9850,0.0620,0.0000,0.0000,0.2297,0.0000,0.0000,0.0000,0.3527,2.1567,1.1028,1.0000,7.3730,5.1583,1.0000,2x,0.5000,0.3000,0.1500,1.0000
historical-repeat,2x 50% + BTC 30% + gems 15%,D30 10-25,0.2936,0.3436,0.2185,0.4704,0.1213,0.9960,0.9760,0.0010,0.0000,0.0000,0.2127,0.0000,0.0000,0.0000,0.3376,2.2083,1.1139,1.0000,7.5516,5.3135,1.0000,2x,0.5000,0.3000,0.1500,1.0000
historical-repeat,2x 50% + BTC 30% + gems 15%,floor 60%,0.2755,0.3191,0.2046,0.4349,0.1213,0.9940,0.9680,0.0010,0.0000,0.0000,0.1914,0.0000,0.0000,0.0000,0.3145,2.3948,1.2099,1.0000,8.0238,5.6861,1.0000,2x,0.5000,0.3000,0.1500,1.0000
historical-repeat,2x 60% + BTC 10%,none,0.1774,0.1955,0.1175,0.2694,0.1213,0.9410,0.6950,0.2050,0.0250,0.0020,0.2439,0.0000,0.0690,0.0100,0.1935,3.5933,2.0512,1.0000,12.5159,9.3278,0.9610,2x,0.6000,0.1000,0.0000,1.2000
historical-repeat,2x 60% + BTC 10%,wide 20-50,0.1760,0.1944,0.1130,0.2689,0.1213,0.9340,0.6770,0.1880,0.0090,0.0000,0.2437,0.0000,0.0300,0.0000,0.1920,3.5933,2.0512,1.0000,12.5556,9.3448,0.9540,2x,0.6000,0.1000,0.0000,1.2000
historical-repeat,2x 60% + BTC 10%,D40 15-35,0.1727,0.1910,0.1076,0.2665,0.1213,0.9230,0.6460,0.1160,0.0000,0.0000,0.2384,0.0010,0.0010,0.0000,0.1878,3.6032,2.0512,0.9990,12.8730,9.3869,0.9350,2x,0.6000,0.1000,0.0000,1.2000
historical-repeat,2x 60% + BTC 10%,D30 10-25,0.1642,0.1804,0.0932,0.2597,0.1213,0.8860,0.5610,0.0020,0.0000,0.0000,0.2183,0.0010,0.0000,0.0000,0.1764,3.7361,2.0671,0.9990,13.5774,9.7254,0.9020,2x,0.6000,0.1000,0.0000,1.2000
historical-repeat,2x 60% + BTC 10%,floor 60%,0.1541,0.1679,0.0927,0.2388,0.1213,0.8480,0.4570,0.0050,0.0000,0.0000,0.2001,0.0000,0.0000,0.0000,0.1641,4.0615,2.2540,0.9990,14.6746,10.4361,0.8780,2x,0.6000,0.1000,0.0000,1.2000
historical-repeat,2x 60% + BTC 10% + gems 15%,none,0.2162,0.2431,0.1591,0.3225,0.1213,0.9910,0.9220,0.1370,0.0050,0.0010,0.2294,0.0000,0.0280,0.0040,0.2401,3.0357,1.8171,1.0000,10.3472,7.8925,0.9970,2x,0.6000,0.1000,0.1500,1.2000
historical-repeat,2x 60% + BTC 10% + gems 15%,wide 20-50,0.2153,0.2427,0.1567,0.3212,0.1213,0.9910,0.9150,0.1250,0.0010,0.0000,0.2293,0.0000,0.0120,0.0000,0.2394,3.0437,1.8171,1.0000,10.3571,7.8964,0.9950,2x,0.6000,0.1000,0.1500,1.2000
historical-repeat,2x 60% + BTC 10% + gems 15%,D40 15-35,0.2126,0.2400,0.1513,0.3209,0.1213,0.9850,0.9060,0.0670,0.0000,0.0000,0.2267,0.0000,0.0010,0.0000,0.2353,3.0595,1.8171,1.0000,10.4187,7.9083,0.9920,2x,0.6000,0.1000,0.1500,1.2000
historical-repeat,2x 60% + BTC 10% + gems 15%,D30 10-25,0.2046,0.2299,0.1368,0.3130,0.1213,0.9780,0.8580,0.0010,0.0000,0.0000,0.2107,0.0000,0.0000,0.0000,0.2256,3.1329,1.8286,1.0000,10.7778,8.1377,0.9900,2x,0.6000,0.1000,0.1500,1.2000
historical-repeat,2x 60% + BTC 10% + gems 15%,floor 60%,0.1917,0.2135,0.1314,0.2902,0.1213,0.9680,0.7820,0.0010,0.0000,0.0000,0.1923,0.0000,0.0000,0.0000,0.2089,3.3532,1.9603,1.0000,11.6052,8.7964,0.9880,2x,0.6000,0.1000,0.1500,1.2000
historical-repeat,2x 60% + BTC 20%,none,0.2324,0.2652,0.1634,0.3586,0.1213,0.9880,0.9300,0.2620,0.0340,0.0010,0.2563,0.0000,0.0860,0.0110,0.2604,2.7738,1.5040,1.0000,9.5238,6.9548,0.9980,2x,0.6000,0.2000,0.0000,1.2000
historical-repeat,2x 60% + BTC 20%,wide 20-50,0.2306,0.2628,0.1599,0.3578,0.1213,0.9850,0.9220,0.2370,0.0070,0.0000,0.2553,0.0000,0.0290,0.0000,0.2582,2.7778,1.5040,1.0000,9.5615,6.9643,0.9970,2x,0.6000,0.2000,0.0000,1.2000
historical-repeat,2x 60% + BTC 20%,D40 15-35,0.2264,0.2576,0.1541,0.3561,0.1213,0.9830,0.9090,0.1460,0.0000,0.0000,0.2487,0.0000,0.0010,0.0000,0.2528,2.7937,1.5040,1.0000,9.7222,6.9917,0.9930,2x,0.6000,0.2000,0.0000,1.2000
historical-repeat,2x 60% + BTC 20%,D30 10-25,0.2153,0.2432,0.1355,0.3461,0.1213,0.9650,0.8580,0.0030,0.0000,0.0000,0.2260,0.0000,0.0000,0.0000,0.2383,2.8988,1.5159,1.0000,10.1885,7.2401,0.9860,2x,0.6000,0.2000,0.0000,1.2000
historical-repeat,2x 60% + BTC 20%,floor 60%,0.2027,0.2256,0.1328,0.3173,0.1213,0.9590,0.8160,0.0040,0.0000,0.0000,0.2066,0.0000,0.0000,0.0000,0.2224,3.2282,1.6310,1.0000,10.8968,7.8119,0.9840,2x,0.6000,0.2000,0.0000,1.2000
historical-repeat,2x 60% + BTC 20% + gems 15%,none,0.2712,0.3143,0.2063,0.4135,0.1213,0.9970,0.9850,0.1830,0.0090,0.0010,0.2415,0.0000,0.0350,0.0050,0.3096,2.4266,1.3409,1.0000,8.1468,6.0187,1.0000,2x,0.6000,0.2000,0.1500,1.2000
historical-repeat,2x 60% + BTC 20% + gems 15%,wide 20-50,0.2700,0.3127,0.2045,0.4133,0.1213,0.9970,0.9830,0.1630,0.0010,0.0000,0.2416,0.0000,0.0140,0.0000,0.3085,2.4266,1.3409,1.0000,8.1865,6.0190,0.9990,2x,0.6000,0.2000,0.1500,1.2000
historical-repeat,2x 60% + BTC 20% + gems 15%,D40 15-35,0.2664,0.3085,0.1982,0.4106,0.1213,0.9970,0.9770,0.0950,0.0000,0.0000,0.2373,0.0000,0.0010,0.0000,0.3043,2.4325,1.3409,1.0000,8.3254,6.0278,0.9990,2x,0.6000,0.2000,0.1500,1.2000
historical-repeat,2x 60% + BTC 20% + gems 15%,D30 10-25,0.2560,0.2976,0.1819,0.4006,0.1213,0.9940,0.9560,0.0020,0.0000,0.0000,0.2180,0.0000,0.0000,0.0000,0.2905,2.4841,1.3532,1.0000,8.6012,6.1782,0.9990,2x,0.6000,0.2000,0.1500,1.2000
historical-repeat,2x 60% + BTC 20% + gems 15%,floor 60%,0.2405,0.2750,0.1725,0.3705,0.1213,0.9940,0.9430,0.0020,0.0000,0.0000,0.2000,0.0000,0.0000,0.0000,0.2698,2.6984,1.4837,1.0000,9.2976,6.6845,0.9990,2x,0.6000,0.2000,0.1500,1.2000
historical-repeat,2x 60% + BTC 30%,none,0.2852,0.3319,0.2070,0.4619,0.1213,0.9960,0.9720,0.3840,0.0680,0.0040,0.2782,0.0000,0.1430,0.0170,0.3269,2.2718,1.1067,1.0000,7.7917,5.3282,1.0000,2x,0.6000,0.3000,0.0000,1.2000
historical-repeat,2x 60% + BTC 30%,wide 20-50,0.2825,0.3295,0.2028,0.4607,0.1213,0.9960,0.9710,0.3660,0.0210,0.0000,0.2769,0.0000,0.0570,0.0000,0.3245,2.2718,1.1067,1.0000,7.8393,5.3329,0.9990,2x,0.6000,0.3000,0.0000,1.2000
historical-repeat,2x 60% + BTC 30%,D40 15-35,0.2763,0.3219,0.1932,0.4520,0.1213,0.9950,0.9610,0.2300,0.0000,0.0000,0.2660,0.0000,0.0010,0.0000,0.3154,2.2877,1.1067,1.0000,7.9345,5.4123,0.9980,2x,0.6000,0.3000,0.0000,1.2000
historical-repeat,2x 60% + BTC 30%,D30 10-25,0.2608,0.3025,0.1705,0.4343,0.1213,0.9830,0.9300,0.0070,0.0000,0.0000,0.2379,0.0000,0.0000,0.0000,0.2949,2.3988,1.1151,1.0000,8.3611,5.5413,0.9970,2x,0.6000,0.3000,0.0000,1.2000
historical-repeat,2x 60% + BTC 30%,floor 60%,0.2466,0.2816,0.1642,0.4004,0.1213,0.9810,0.9240,0.0080,0.0000,0.0000,0.2199,0.0000,0.0000,0.0000,0.2770,2.5774,1.2139,1.0000,8.9444,6.0468,0.9980,2x,0.6000,0.3000,0.0000,1.2000
historical-repeat,2x 70% + BTC 10%,none,0.1926,0.2135,0.1255,0.2996,0.1213,0.9620,0.8020,0.4010,0.0860,0.0110,0.2805,0.0000,0.1850,0.0370,0.2111,3.2758,1.8488,1.0000,11.4167,8.3099,0.9720,2x,0.7000,0.1000,0.0000,1.4000
historical-repeat,2x 70% + BTC 10%,wide 20-50,0.1898,0.2104,0.1181,0.2975,0.1213,0.9510,0.7800,0.3860,0.0430,0.0000,0.2800,0.0010,0.1030,0.0020,0.2077,3.2817,1.8488,0.9990,11.5020,8.3675,0.9650,2x,0.7000,0.1000,0.0000,1.4000
historical-repeat,2x 70% + BTC 10%,D40 15-35,0.1841,0.2050,0.1082,0.2929,0.1213,0.9380,0.7260,0.2610,0.0000,0.0000,0.2677,0.0010,0.0040,0.0000,0.2005,3.3353,1.8532,0.9990,11.8512,8.5472,0.9420,2x,0.7000,0.1000,0.0000,1.4000
historical-repeat,2x 70% + BTC 10%,D30 10-25,0.1713,0.1890,0.0916,0.2798,0.1213,0.8990,0.6270,0.0190,0.0000,0.0000,0.2387,0.0020,0.0000,0.0000,0.1833,3.5119,1.8683,0.9990,12.9603,8.9008,0.9030,2x,0.7000,0.1000,0.0000,1.4000
historical-repeat,2x 70% + BTC 10%,floor 60%,0.1624,0.1779,0.0945,0.2597,0.1213,0.8770,0.5450,0.0300,0.0000,0.0000,0.2232,0.0000,0.0000,0.0000,0.1732,3.7857,1.9841,0.9990,13.7262,9.6159,0.8900,2x,0.7000,0.1000,0.0000,1.4000
historical-repeat,2x 70% + BTC 10% + gems 15%,none,0.2314,0.2629,0.1665,0.3549,0.1213,0.9950,0.9500,0.3020,0.0480,0.0010,0.2661,0.0000,0.1080,0.0140,0.2592,2.7619,1.5952,1.0000,9.6250,7.2190,0.9970,2x,0.7000,0.1000,0.1500,1.4000
historical-repeat,2x 70% + BTC 10% + gems 15%,wide 20-50,0.2293,0.2608,0.1619,0.3546,0.1213,0.9930,0.9420,0.2800,0.0140,0.0000,0.2646,0.0000,0.0450,0.0010,0.2569,2.7698,1.5952,1.0000,9.7163,7.2222,0.9950,2x,0.7000,0.1000,0.1500,1.4000
historical-repeat,2x 70% + BTC 10% + gems 15%,D40 15-35,0.2243,0.2552,0.1521,0.3502,0.1213,0.9890,0.9240,0.1770,0.0000,0.0000,0.2560,0.0000,0.0020,0.0000,0.2495,2.8234,1.5988,1.0000,9.8750,7.2893,0.9920,2x,0.7000,0.1000,0.1500,1.4000
historical-repeat,2x 70% + BTC 10% + gems 15%,D30 10-25,0.2116,0.2378,0.1318,0.3350,0.1213,0.9800,0.8730,0.0060,0.0000,0.0000,0.2319,0.0000,0.0000,0.0000,0.2329,2.9246,1.6067,1.0000,10.4187,7.4952,0.9880,2x,0.7000,0.1000,0.1500,1.4000
historical-repeat,2x 70% + BTC 10% + gems 15%,floor 60%,0.1995,0.2228,0.1305,0.3090,0.1213,0.9740,0.8210,0.0090,0.0000,0.0000,0.2159,0.0000,0.0000,0.0000,0.2176,3.1885,1.7421,1.0000,11.0893,8.0786,0.9870,2x,0.7000,0.1000,0.1500,1.4000
historical-repeat,2x 70% + BTC 20%,none,0.2475,0.2830,0.1708,0.3911,0.1213,0.9940,0.9490,0.4340,0.1000,0.0060,0.2903,0.0000,0.2040,0.0290,0.2792,2.5595,1.3409,1.0000,8.8869,6.2933,0.9980,2x,0.7000,0.2000,0.0000,1.4000
historical-repeat,2x 70% + BTC 20%,wide 20-50,0.2442,0.2794,0.1658,0.3889,0.1213,0.9910,0.9420,0.4150,0.0450,0.0000,0.2876,0.0000,0.1000,0.0010,0.2756,2.5655,1.3413,1.0000,8.9901,6.3012,0.9960,2x,0.7000,0.2000,0.0000,1.4000
historical-repeat,2x 70% + BTC 20%,D40 15-35,0.2373,0.2721,0.1530,0.3831,0.1213,0.9820,0.9210,0.2940,0.0010,0.0000,0.2741,0.0000,0.0050,0.0000,0.2670,2.5774,1.3413,1.0000,9.2222,6.4040,0.9920,2x,0.7000,0.2000,0.0000,1.4000
historical-repeat,2x 70% + BTC 20%,D30 10-25,0.2216,0.2520,0.1320,0.3678,0.1213,0.9680,0.8690,0.0260,0.0000,0.0000,0.2436,0.0000,0.0000,0.0000,0.2453,2.7341,1.3488,1.0000,9.8869,6.6548,0.9840,2x,0.7000,0.2000,0.0000,1.4000
historical-repeat,2x 70% + BTC 20%,floor 60%,0.2105,0.2362,0.1327,0.3384,0.1213,0.9640,0.8440,0.0300,0.0000,0.0000,0.2280,0.0000,0.0000,0.0000,0.2313,3.0179,1.5071,1.0000,10.4702,7.3317,0.9840,2x,0.7000,0.2000,0.0000,1.4000
historical-repeat,2x 70% + BTC 30%,none,0.3002,0.3526,0.2150,0.4928,0.1213,0.9970,0.9810,0.5470,0.1460,0.0140,0.3083,0.0000,0.2880,0.0420,0.3473,2.0913,1.0198,1.0000,7.3492,4.9718,1.0000,2x,0.7000,0.3000,0.0000,1.4000
historical-repeat,2x 70% + BTC 30%,wide 20-50,0.2957,0.3474,0.2070,0.4900,0.1213,0.9960,0.9760,0.5250,0.0710,0.0000,0.3043,0.0000,0.1480,0.0010,0.3427,2.0913,1.0198,1.0000,7.4246,4.9718,0.9990,2x,0.7000,0.3000,0.0000,1.4000
historical-repeat,2x 70% + BTC 30%,D40 15-35,0.2865,0.3354,0.1910,0.4794,0.1213,0.9930,0.9640,0.3930,0.0010,0.0000,0.2875,0.0000,0.0080,0.0000,0.3297,2.1131,1.0234,1.0000,7.5873,5.0786,0.9980,2x,0.7000,0.3000,0.0000,1.4000
historical-repeat,2x 70% + BTC 30%,D30 10-25,0.2664,0.3106,0.1626,0.4546,0.1213,0.9840,0.9330,0.0420,0.0000,0.0000,0.2524,0.0000,0.0000,0.0000,0.3007,2.2302,1.0278,1.0000,8.1786,5.2222,0.9960,2x,0.7000,0.3000,0.0000,1.4000
historical-repeat,2x 70% + BTC 30%,floor 60%,0.2540,0.2925,0.1649,0.4188,0.1213,0.9840,0.9330,0.0450,0.0000,0.0000,0.2377,0.0000,0.0000,0.0000,0.2859,2.4702,1.1302,1.0000,8.6151,5.6984,0.9980,2x,0.7000,0.3000,0.0000,1.4000
historical-repeat,2x 80% + BTC 10%,none,0.2071,0.2317,0.1323,0.3287,0.1213,0.9710,0.8660,0.5950,0.1800,0.0280,0.3166,0.0000,0.3440,0.0840,0.2289,2.9881,1.6183,1.0000,10.6250,7.5075,0.9800,2x,0.8000,0.1000,0.0000,1.6000
historical-repeat,2x 80% + BTC 10%,wide 20-50,0.2021,0.2270,0.1205,0.3260,0.1213,0.9580,0.8310,0.5690,0.1010,0.0010,0.3125,0.0010,0.2110,0.0050,0.2235,3.0258,1.6298,0.9990,10.7956,7.5437,0.9690,2x,0.8000,0.1000,0.0000,1.6000
historical-repeat,2x 80% + BTC 10%,D40 15-35,0.1934,0.2175,0.1040,0.3197,0.1213,0.9390,0.7620,0.4400,0.0030,0.0000,0.2932,0.0010,0.0150,0.0000,0.2112,3.0992,1.6369,0.9990,11.1468,7.7758,0.9420,2x,0.8000,0.1000,0.0000,1.6000
historical-repeat,2x 80% + BTC 10%,D30 10-25,0.1763,0.1935,0.0906,0.2978,0.1213,0.8930,0.6460,0.0810,0.0000,0.0000,0.2565,0.0020,0.0010,0.0000,0.1887,3.3155,1.6389,0.9990,12.5496,8.2397,0.8970,2x,0.8000,0.1000,0.0000,1.6000
historical-repeat,2x 80% + BTC 10%,floor 60%,0.1693,0.1854,0.0922,0.2800,0.1213,0.8920,0.5950,0.0800,0.0000,0.0000,0.2438,0.0010,0.0000,0.0000,0.1810,3.5952,1.8290,0.9990,13.1528,8.9389,0.8940,2x,0.8000,0.1000,0.0000,1.6000
historical-repeat,2x 80% + BTC 20%,none,0.2619,0.3010,0.1782,0.4211,0.1213,0.9930,0.9590,0.6660,0.1900,0.0360,0.3225,0.0000,0.3660,0.0840,0.2976,2.4008,1.2377,1.0000,8.3810,5.8012,0.9980,2x,0.8000,0.2000,0.0000,1.6000
historical-repeat,2x 80% + BTC 20%,wide 20-50,0.2564,0.2956,0.1664,0.4186,0.1213,0.9920,0.9480,0.6270,0.1080,0.0010,0.3164,0.0000,0.2140,0.0050,0.2917,2.4167,1.2377,1.0000,8.5179,5.8175,0.9940,2x,0.8000,0.2000,0.0000,1.6000
historical-repeat,2x 80% + BTC 20%,D40 15-35,0.2462,0.2831,0.1506,0.4087,0.1213,0.9800,0.9250,0.4700,0.0030,0.0000,0.2973,0.0000,0.0150,0.0000,0.2770,2.4603,1.2417,1.0000,8.8175,5.8885,0.9910,2x,0.8000,0.2000,0.0000,1.6000
historical-repeat,2x 80% + BTC 20%,D30 10-25,0.2258,0.2548,0.1275,0.3860,0.1213,0.9650,0.8700,0.0930,0.0000,0.0000,0.2584,0.0000,0.0010,0.0000,0.2490,2.5853,1.2615,1.0000,9.6270,6.2615,0.9790,2x,0.8000,0.2000,0.0000,1.6000
historical-repeat,2x 80% + BTC 20%,floor 60%,0.2168,0.2445,0.1325,0.3549,0.1213,0.9700,0.8640,0.0900,0.0000,0.0000,0.2474,0.0000,0.0000,0.0000,0.2373,2.8472,1.3567,1.0000,10.1488,6.9313,0.9850,2x,0.8000,0.2000,0.0000,1.6000
historical-repeat,2xS 60% + BTC 10%,none,0.1540,0.1672,0.1001,0.2349,0.1213,0.8250,0.4730,0.1170,0.0090,0.0000,0.2183,0.0000,0.0300,0.0020,0.1649,4.1548,2.4524,1.0000,14.6687,10.6349,0.8950,2xS,0.6000,0.1000,0.0000,1.2000
historical-repeat,2xS 60% + BTC 10%,wide 20-50,0.1533,0.1669,0.0982,0.2347,0.1213,0.8200,0.4660,0.1010,0.0000,0.0000,0.2185,0.0000,0.0080,0.0000,0.1640,4.1548,2.4524,1.0000,14.7242,10.6671,0.8910,2xS,0.6000,0.1000,0.0000,1.2000
historical-repeat,2xS 60% + BTC 10%,D40 15-35,0.1511,0.1646,0.0943,0.2332,0.1213,0.8100,0.4470,0.0500,0.0000,0.0000,0.2164,0.0000,0.0000,0.0000,0.1618,4.1905,2.4524,0.9990,14.9067,10.7302,0.8710,2xS,0.6000,0.1000,0.0000,1.2000
historical-repeat,2xS 60% + BTC 10%,D30 10-25,0.1448,0.1569,0.0826,0.2276,0.1213,0.7620,0.3980,0.0000,0.0000,0.0000,0.2022,0.0000,0.0000,0.0000,0.1536,4.2976,2.4595,0.9990,15.5099,11.0381,0.8130,2xS,0.6000,0.1000,0.0000,1.2000
historical-repeat,2xS 60% + BTC 10%,floor 60%,0.1350,0.1447,0.0804,0.2094,0.1213,0.7010,0.2870,0.0000,0.0000,0.0000,0.1818,0.0000,0.0000,0.0000,0.1428,4.7480,2.7020,0.9990,16.7004,12.2024,0.7500,2xS,0.6000,0.1000,0.0000,1.2000
historical-repeat,2xS 60% + BTC 10% + gems 15%,none,0.1928,0.2141,0.1425,0.2863,0.1213,0.9710,0.7990,0.0430,0.0010,0.0000,0.1981,0.0000,0.0060,0.0010,0.2107,3.3929,2.1071,1.0000,11.7381,8.9639,0.9950,2xS,0.6000,0.1000,0.1500,1.2000
historical-repeat,2xS 60% + BTC 10% + gems 15%,wide 20-50,0.1925,0.2138,0.1416,0.2863,0.1213,0.9710,0.7970,0.0370,0.0000,0.0000,0.1981,0.0000,0.0020,0.0000,0.2104,3.3968,2.1071,1.0000,11.7401,8.9639,0.9930,2xS,0.6000,0.1000,0.1500,1.2000
historical-repeat,2xS 60% + BTC 10% + gems 15%,D40 15-35,0.1910,0.2122,0.1396,0.2848,0.1213,0.9670,0.7840,0.0150,0.0000,0.0000,0.1976,0.0000,0.0000,0.0000,0.2085,3.4028,2.1071,1.0000,11.7857,8.9833,0.9920,2xS,0.6000,0.1000,0.1500,1.2000
historical-repeat,2xS 60% + BTC 10% + gems 15%,D30 10-25,0.1852,0.2049,0.1300,0.2803,0.1213,0.9510,0.7350,0.0000,0.0000,0.0000,0.1885,0.0000,0.0000,0.0000,0.2016,3.4603,2.1226,1.0000,12.0853,9.0790,0.9840,2xS,0.6000,0.1000,0.1500,1.2000
historical-repeat,2xS 60% + BTC 10% + gems 15%,floor 60%,0.1727,0.1899,0.1211,0.2596,0.1213,0.9130,0.6320,0.0000,0.0000,0.0000,0.1694,0.0000,0.0000,0.0000,0.1863,3.7262,2.2540,1.0000,13.1389,9.8512,0.9670,2xS,0.6000,0.1000,0.1500,1.2000
historical-repeat,2xS 60% + BTC 20%,none,0.2091,0.2343,0.1428,0.3253,0.1213,0.9680,0.8340,0.1390,0.0080,0.0000,0.2316,0.0000,0.0310,0.0020,0.2298,3.1746,1.6905,1.0000,10.6131,7.7889,0.9950,2xS,0.6000,0.2000,0.0000,1.2000
historical-repeat,2xS 60% + BTC 20%,wide 20-50,0.2081,0.2334,0.1410,0.3248,0.1213,0.9620,0.8290,0.1270,0.0030,0.0000,0.2314,0.0000,0.0100,0.0000,0.2292,3.1806,1.6905,1.0000,10.6429,7.7889,0.9920,2xS,0.6000,0.2000,0.0000,1.2000
historical-repeat,2xS 60% + BTC 20%,D40 15-35,0.2051,0.2308,0.1374,0.3231,0.1213,0.9540,0.8170,0.0760,0.0000,0.0000,0.2275,0.0000,0.0000,0.0000,0.2253,3.1865,1.6905,1.0000,10.8036,7.8433,0.9850,2xS,0.6000,0.2000,0.0000,1.2000
historical-repeat,2xS 60% + BTC 20%,D30 10-25,0.1963,0.2209,0.1237,0.3148,0.1213,0.9270,0.7540,0.0010,0.0000,0.0000,0.2129,0.0000,0.0000,0.0000,0.2127,3.2262,1.7048,1.0000,11.3353,7.9790,0.9730,2xS,0.6000,0.2000,0.0000,1.2000
historical-repeat,2xS 60% + BTC 20%,floor 60%,0.1837,0.2035,0.1160,0.2908,0.1213,0.9120,0.6900,0.0000,0.0000,0.0000,0.1910,0.0000,0.0000,0.0000,0.1986,3.4702,1.8167,1.0000,12.1706,8.7615,0.9590,2xS,0.6000,0.2000,0.0000,1.2000
historical-repeat,2xS 60% + BTC 20% + gems 15%,none,0.2479,0.2839,0.1869,0.3790,0.1213,0.9950,0.9570,0.0670,0.0020,0.0000,0.2132,0.0000,0.0100,0.0010,0.2782,2.6865,1.5159,1.0000,8.9782,6.8016,0.9990,2xS,0.6000,0.2000,0.1500,1.2000
historical-repeat,2xS 60% + BTC 20% + gems 15%,wide 20-50,0.2473,0.2831,0.1849,0.3787,0.1213,0.9940,0.9540,0.0550,0.0000,0.0000,0.2132,0.0000,0.0030,0.0000,0.2776,2.6865,1.5159,1.0000,9.0020,6.8052,0.9990,2xS,0.6000,0.2000,0.1500,1.2000
historical-repeat,2xS 60% + BTC 20% + gems 15%,D40 15-35,0.2452,0.2808,0.1807,0.3775,0.1213,0.9920,0.9500,0.0320,0.0000,0.0000,0.2118,0.0000,0.0000,0.0000,0.2747,2.7063,1.5159,1.0000,9.0635,6.8210,0.9990,2xS,0.6000,0.2000,0.1500,1.2000
historical-repeat,2xS 60% + BTC 20% + gems 15%,D30 10-25,0.2371,0.2701,0.1691,0.3691,0.1213,0.9850,0.9250,0.0000,0.0000,0.0000,0.2012,0.0000,0.0000,0.0000,0.2652,2.7540,1.5270,1.0000,9.3532,6.9206,0.9990,2xS,0.6000,0.2000,0.1500,1.2000
historical-repeat,2xS 60% + BTC 20% + gems 15%,floor 60%,0.2217,0.2499,0.1582,0.3436,0.1213,0.9820,0.8890,0.0000,0.0000,0.0000,0.1798,0.0000,0.0000,0.0000,0.2462,3.0218,1.6381,1.0000,10.0516,7.4960,0.9990,2xS,0.6000,0.2000,0.1500,1.2000
historical-repeat,2xS 60% + BTC 30%,none,0.2619,0.3026,0.1820,0.4242,0.1213,0.9890,0.9400,0.2630,0.0250,0.0000,0.2577,0.0000,0.0680,0.0050,0.2963,2.4683,1.2171,1.0000,8.4345,5.8579,1.0000,2xS,0.6000,0.3000,0.0000,1.2000
historical-repeat,2xS 60% + BTC 30%,wide 20-50,0.2602,0.3012,0.1791,0.4217,0.1213,0.9860,0.9370,0.2410,0.0060,0.0000,0.2574,0.0000,0.0220,0.0000,0.2941,2.4683,1.2171,1.0000,8.4861,5.8579,1.0000,2xS,0.6000,0.3000,0.0000,1.2000
historical-repeat,2xS 60% + BTC 30%,D40 15-35,0.2554,0.2939,0.1708,0.4168,0.1213,0.9800,0.9270,0.1330,0.0000,0.0000,0.2500,0.0000,0.0010,0.0000,0.2867,2.4861,1.2171,1.0000,8.6746,5.8837,0.9980,2xS,0.6000,0.3000,0.0000,1.2000
historical-repeat,2xS 60% + BTC 30%,D30 10-25,0.2420,0.2768,0.1509,0.4018,0.1213,0.9710,0.8820,0.0030,0.0000,0.0000,0.2285,0.0000,0.0000,0.0000,0.2699,2.5913,1.2183,1.0000,9.0913,6.1353,0.9930,2xS,0.6000,0.3000,0.0000,1.2000
historical-repeat,2xS 60% + BTC 30%,floor 60%,0.2276,0.2566,0.1452,0.3718,0.1213,0.9650,0.8550,0.0040,0.0000,0.0000,0.2085,0.0000,0.0000,0.0000,0.2516,2.8790,1.3448,1.0000,9.7778,6.6508,0.9930,2xS,0.6000,0.3000,0.0000,1.2000
historical-repeat,2xS 80% + BTC 10%,none,0.1772,0.1944,0.1064,0.2837,0.1213,0.9150,0.6840,0.4220,0.0880,0.0110,0.2835,0.0000,0.1940,0.0360,0.1923,3.5159,1.9044,1.0000,12.5556,8.8040,0.9450,2xS,0.8000,0.1000,0.0000,1.6000
historical-repeat,2xS 80% + BTC 10%,wide 20-50,0.1741,0.1920,0.0983,0.2808,0.1213,0.8940,0.6500,0.4000,0.0400,0.0000,0.2817,0.0000,0.1040,0.0010,0.1875,3.5397,1.9044,0.9990,12.7004,8.8452,0.9300,2xS,0.8000,0.1000,0.0000,1.6000
historical-repeat,2xS 80% + BTC 10%,D40 15-35,0.1678,0.1847,0.0873,0.2773,0.1213,0.8590,0.5890,0.2840,0.0000,0.0000,0.2696,0.0020,0.0060,0.0000,0.1797,3.5873,1.9048,0.9990,13.1667,9.0512,0.9060,2xS,0.8000,0.1000,0.0000,1.6000
historical-repeat,2xS 80% + BTC 10%,D30 10-25,0.1540,0.1669,0.0755,0.2619,0.1213,0.7960,0.4870,0.0250,0.0000,0.0000,0.2412,0.0040,0.0000,0.0000,0.1621,3.8313,1.9437,0.9990,14.4484,9.4869,0.8230,2xS,0.8000,0.1000,0.0000,1.6000
historical-repeat,2xS 80% + BTC 10%,floor 60%,0.1464,0.1569,0.0788,0.2394,0.1213,0.7650,0.4090,0.0310,0.0000,0.0000,0.2240,0.0010,0.0000,0.0000,0.1547,4.2044,2.1504,0.9990,15.3512,10.3528,0.8060,2xS,0.8000,0.1000,0.0000,1.6000
historical-repeat,2xS 80% + BTC 20%,none,0.2321,0.2634,0.1549,0.3735,0.1213,0.9820,0.9030,0.4350,0.0950,0.0070,0.2898,0.0000,0.2030,0.0300,0.2590,2.7460,1.4083,1.0000,9.5218,6.7337,0.9960,2xS,0.8000,0.2000,0.0000,1.6000
historical-repeat,2xS 80% + BTC 20%,wide 20-50,0.2286,0.2598,0.1488,0.3721,0.1213,0.9740,0.8850,0.4290,0.0480,0.0000,0.2878,0.0000,0.1060,0.0010,0.2546,2.7520,1.4083,1.0000,9.5833,6.7714,0.9910,2xS,0.8000,0.2000,0.0000,1.6000
historical-repeat,2xS 80% + BTC 20%,D40 15-35,0.2210,0.2517,0.1370,0.3682,0.1213,0.9670,0.8590,0.3000,0.0000,0.0000,0.2764,0.0000,0.0040,0.0000,0.2446,2.8175,1.4127,1.0000,9.8452,6.8286,0.9840,2xS,0.8000,0.2000,0.0000,1.6000
historical-repeat,2xS 80% + BTC 20%,D30 10-25,0.2040,0.2300,0.1123,0.3458,0.1213,0.9360,0.7730,0.0260,0.0000,0.0000,0.2463,0.0000,0.0000,0.0000,0.2213,2.9802,1.4325,1.0000,10.6786,7.2056,0.9590,2xS,0.8000,0.2000,0.0000,1.6000
historical-repeat,2xS 80% + BTC 20%,floor 60%,0.1942,0.2166,0.1156,0.3196,0.1213,0.9270,0.7420,0.0330,0.0000,0.0000,0.2292,0.0000,0.0000,0.0000,0.2103,3.1944,1.5750,1.0000,11.4325,7.7738,0.9610,2xS,0.8000,0.2000,0.0000,1.6000
historical-repeat,3x 40% + BTC 10%,none,0.1785,0.1969,0.1187,0.2708,0.1213,0.9460,0.6990,0.2030,0.0240,0.0010,0.2429,0.0000,0.0670,0.0090,0.1948,3.5714,2.0512,1.0000,12.4286,9.2683,0.9620,3x,0.4000,0.1000,0.0000,1.2000
historical-repeat,3x 40% + BTC 10%,wide 20-50,0.1771,0.1957,0.1143,0.2702,0.1213,0.9380,0.6870,0.1850,0.0080,0.0000,0.2430,0.0000,0.0290,0.0000,0.1933,3.5714,2.0512,1.0000,12.5020,9.2718,0.9550,3x,0.4000,0.1000,0.0000,1.2000
historical-repeat,3x 40% + BTC 10%,D40 15-35,0.1738,0.1924,0.1094,0.2679,0.1213,0.9240,0.6550,0.1150,0.0000,0.0000,0.2379,0.0000,0.0010,0.0000,0.1892,3.5873,2.0512,0.9990,12.7282,9.3516,0.9350,3x,0.4000,0.1000,0.0000,1.2000
historical-repeat,3x 40% + BTC 10%,D30 10-25,0.1653,0.1820,0.0945,0.2611,0.1213,0.8920,0.5720,0.0020,0.0000,0.0000,0.2180,0.0010,0.0000,0.0000,0.1778,3.7143,2.0631,0.9990,13.5139,9.6563,0.9050,3x,0.4000,0.1000,0.0000,1.2000
historical-repeat,3x 40% + BTC 10%,floor 60%,0.1552,0.1691,0.0938,0.2402,0.1213,0.8560,0.4750,0.0050,0.0000,0.0000,0.1996,0.0000,0.0000,0.0000,0.1654,4.0337,2.2337,0.9990,14.4940,10.3992,0.8830,3x,0.4000,0.1000,0.0000,1.2000
historical-repeat,3x 40% + BTC 10% + gems 15%,none,0.2173,0.2445,0.1604,0.3240,0.1213,0.9920,0.9250,0.1370,0.0050,0.0010,0.2289,0.0000,0.0280,0.0040,0.2414,3.0119,1.8131,1.0000,10.3175,7.8643,0.9970,3x,0.4000,0.1000,0.1500,1.2000
historical-repeat,3x 40% + BTC 10% + gems 15%,wide 20-50,0.2164,0.2441,0.1580,0.3227,0.1213,0.9910,0.9190,0.1230,0.0010,0.0000,0.2289,0.0000,0.0120,0.0000,0.2408,3.0159,1.8131,1.0000,10.3294,7.8643,0.9960,3x,0.4000,0.1000,0.1500,1.2000
historical-repeat,3x 40% + BTC 10% + gems 15%,D40 15-35,0.2137,0.2414,0.1525,0.3225,0.1213,0.9860,0.9110,0.0670,0.0000,0.0000,0.2264,0.0000,0.0010,0.0000,0.2368,3.0437,1.8131,1.0000,10.3948,7.9044,0.9930,3x,0.4000,0.1000,0.1500,1.2000
historical-repeat,3x 40% + BTC 10% + gems 15%,D30 10-25,0.2057,0.2312,0.1384,0.3145,0.1213,0.9790,0.8680,0.0010,0.0000,0.0000,0.2105,0.0000,0.0000,0.0000,0.2271,3.1250,1.8286,1.0000,10.7202,8.0750,0.9910,3x,0.4000,0.1000,0.1500,1.2000
historical-repeat,3x 40% + BTC 10% + gems 15%,floor 60%,0.1928,0.2148,0.1326,0.2916,0.1213,0.9700,0.7910,0.0010,0.0000,0.0000,0.1918,0.0000,0.0000,0.0000,0.2102,3.3333,1.9563,1.0000,11.5575,8.7528,0.9880,3x,0.4000,0.1000,0.1500,1.2000
historical-repeat,3x 40% + BTC 20%,none,0.2335,0.2666,0.1646,0.3600,0.1213,0.9900,0.9310,0.2580,0.0330,0.0010,0.2556,0.0000,0.0830,0.0110,0.2619,2.7679,1.5040,1.0000,9.5000,6.9206,0.9980,3x,0.4000,0.2000,0.0000,1.2000
historical-repeat,3x 40% + BTC 20%,wide 20-50,0.2317,0.2642,0.1610,0.3593,0.1213,0.9860,0.9230,0.2360,0.0070,0.0000,0.2548,0.0000,0.0290,0.0000,0.2596,2.7698,1.5040,1.0000,9.5198,6.9246,0.9970,3x,0.4000,0.2000,0.0000,1.2000
historical-repeat,3x 40% + BTC 20%,D40 15-35,0.2275,0.2592,0.1555,0.3574,0.1213,0.9850,0.9130,0.1450,0.0000,0.0000,0.2484,0.0000,0.0010,0.0000,0.2542,2.7877,1.5040,1.0000,9.6647,6.9758,0.9940,3x,0.4000,0.2000,0.0000,1.2000
historical-repeat,3x 40% + BTC 20%,D30 10-25,0.2165,0.2446,0.1368,0.3477,0.1213,0.9660,0.8620,0.0030,0.0000,0.0000,0.2257,0.0000,0.0000,0.0000,0.2397,2.8889,1.5159,1.0000,10.1369,7.2397,0.9860,3x,0.4000,0.2000,0.0000,1.2000
historical-repeat,3x 40% + BTC 20%,floor 60%,0.2038,0.2269,0.1340,0.3187,0.1213,0.9590,0.8240,0.0040,0.0000,0.0000,0.2062,0.0000,0.0000,0.0000,0.2237,3.2183,1.6310,1.0000,10.8433,7.7853,0.9850,3x,0.4000,0.2000,0.0000,1.2000
historical-repeat,3x 40% + BTC 20% + gems 15%,none,0.2723,0.3157,0.2077,0.4153,0.1213,0.9980,0.9850,0.1810,0.0090,0.0010,0.2412,0.0000,0.0350,0.0050,0.3111,2.4167,1.3373,1.0000,8.1230,5.9675,1.0000,3x,0.4000,0.2000,0.1500,1.2000
historical-repeat,3x 40% + BTC 20% + gems 15%,wide 20-50,0.2711,0.3141,0.2060,0.4149,0.1213,0.9970,0.9830,0.1610,0.0010,0.0000,0.2411,0.0000,0.0140,0.0000,0.3099,2.4167,1.3373,1.0000,8.1567,5.9790,0.9990,3x,0.4000,0.2000,0.1500,1.2000
historical-repeat,3x 40% + BTC 20% + gems 15%,D40 15-35,0.2676,0.3099,0.1996,0.4122,0.1213,0.9970,0.9770,0.0910,0.0000,0.0000,0.2373,0.0000,0.0010,0.0000,0.3058,2.4266,1.3373,1.0000,8.2817,6.0270,0.9990,3x,0.4000,0.2000,0.1500,1.2000
historical-repeat,3x 40% + BTC 20% + gems 15%,D30 10-25,0.2571,0.2992,0.1835,0.4023,0.1213,0.9950,0.9570,0.0020,0.0000,0.0000,0.2180,0.0000,0.0000,0.0000,0.2920,2.4742,1.3524,1.0000,8.5655,6.1107,0.9990,3x,0.4000,0.2000,0.1500,1.2000
historical-repeat,3x 40% + BTC 20% + gems 15%,floor 60%,0.2416,0.2764,0.1737,0.3722,0.1213,0.9940,0.9450,0.0020,0.0000,0.0000,0.1998,0.0000,0.0000,0.0000,0.2712,2.6865,1.4782,1.0000,9.2698,6.6702,0.9990,3x,0.4000,0.2000,0.1500,1.2000
historical-repeat,3x 40% + BTC 30%,none,0.2863,0.3335,0.2084,0.4634,0.1213,0.9970,0.9740,0.3820,0.0680,0.0030,0.2771,0.0000,0.1420,0.0150,0.3284,2.2599,1.1067,1.0000,7.7798,5.3171,1.0000,3x,0.4000,0.3000,0.0000,1.2000
historical-repeat,3x 40% + BTC 30%,wide 20-50,0.2836,0.3309,0.2041,0.4625,0.1213,0.9960,0.9710,0.3650,0.0200,0.0000,0.2760,0.0000,0.0550,0.0000,0.3259,2.2599,1.1067,1.0000,7.8155,5.3282,0.9990,3x,0.4000,0.3000,0.0000,1.2000
historical-repeat,3x 40% + BTC 30%,D40 15-35,0.2775,0.3234,0.1947,0.4538,0.1213,0.9950,0.9620,0.2270,0.0000,0.0000,0.2658,0.0000,0.0010,0.0000,0.3171,2.2738,1.1067,1.0000,7.9167,5.3909,0.9980,3x,0.4000,0.3000,0.0000,1.2000
historical-repeat,3x 40% + BTC 30%,D30 10-25,0.2620,0.3039,0.1720,0.4360,0.1213,0.9840,0.9380,0.0070,0.0000,0.0000,0.2377,0.0000,0.0000,0.0000,0.2965,2.3929,1.1151,1.0000,8.3353,5.5075,0.9970,3x,0.4000,0.3000,0.0000,1.2000
historical-repeat,3x 40% + BTC 30%,floor 60%,0.2476,0.2830,0.1654,0.4018,0.1213,0.9820,0.9260,0.0080,0.0000,0.0000,0.2196,0.0000,0.0000,0.0000,0.2784,2.5754,1.2099,1.0000,8.9286,6.0468,0.9980,3x,0.4000,0.3000,0.0000,1.2000
historical-repeat,3x 40% + BTC 30% + gems 15%,none,0.3251,0.3848,0.2547,0.5186,0.1213,1.0000,0.9950,0.2940,0.0280,0.0010,0.2604,0.0000,0.0730,0.0060,0.3822,2.0079,1.0111,1.0000,6.9246,4.7734,1.0000,3x,0.4000,0.3000,0.1500,1.2000
historical-repeat,3x 40% + BTC 30% + gems 15%,wide 20-50,0.3231,0.3830,0.2497,0.5167,0.1213,1.0000,0.9940,0.2750,0.0080,0.0000,0.2603,0.0000,0.0250,0.0000,0.3791,2.0079,1.0111,1.0000,6.9742,4.7734,1.0000,3x,0.4000,0.3000,0.1500,1.2000
historical-repeat,3x 40% + BTC 30% + gems 15%,D40 15-35,0.3178,0.3763,0.2402,0.5120,0.1213,0.9990,0.9880,0.1600,0.0000,0.0000,0.2534,0.0000,0.0010,0.0000,0.3713,2.0119,1.0111,1.0000,7.0734,4.7742,1.0000,3x,0.4000,0.3000,0.1500,1.2000
historical-repeat,3x 40% + BTC 30% + gems 15%,D30 10-25,0.3030,0.3560,0.2176,0.4946,0.1213,0.9960,0.9790,0.0030,0.0000,0.0000,0.2303,0.0000,0.0000,0.0000,0.3522,2.0556,1.0190,1.0000,7.3234,4.8837,0.9990,3x,0.4000,0.3000,0.1500,1.2000
historical-repeat,3x 40% + BTC 30% + gems 15%,floor 60%,0.2854,0.3333,0.2077,0.4591,0.1213,0.9960,0.9740,0.0040,0.0000,0.0000,0.2118,0.0000,0.0000,0.0000,0.3266,2.2817,1.1067,1.0000,7.7540,5.4071,1.0000,3x,0.4000,0.3000,0.1500,1.2000
historical-repeat,3x 50% + BTC 10%,none,0.2013,0.2247,0.1302,0.3160,0.1213,0.9670,0.8460,0.4900,0.1210,0.0150,0.2984,0.0000,0.2430,0.0470,0.2217,3.0873,1.7060,1.0000,10.8929,7.8925,0.9800,3x,0.5000,0.1000,0.0000,1.5000
historical-repeat,3x 50% + BTC 10%,wide 20-50,0.1975,0.2203,0.1207,0.3140,0.1213,0.9580,0.8130,0.4730,0.0640,0.0000,0.2953,0.0010,0.1390,0.0040,0.2173,3.1071,1.7135,0.9990,10.9901,7.9310,0.9700,3x,0.5000,0.1000,0.0000,1.5000
historical-repeat,3x 50% + BTC 10%,D40 15-35,0.1904,0.2134,0.1085,0.3084,0.1213,0.9380,0.7610,0.3490,0.0010,0.0000,0.2804,0.0010,0.0080,0.0000,0.2078,3.1786,1.7135,0.9990,11.3849,8.0750,0.9420,3x,0.5000,0.1000,0.0000,1.5000
historical-repeat,3x 50% + BTC 10%,D30 10-25,0.1755,0.1938,0.0923,0.2918,0.1213,0.9000,0.6530,0.0420,0.0000,0.0000,0.2476,0.0020,0.0000,0.0000,0.1878,3.3730,1.7298,0.9990,12.6091,8.6131,0.9070,3x,0.5000,0.1000,0.0000,1.5000
historical-repeat,3x 50% + BTC 10%,floor 60%,0.1673,0.1839,0.0943,0.2717,0.1213,0.8900,0.5850,0.0470,0.0000,0.0000,0.2333,0.0010,0.0000,0.0000,0.1791,3.6587,1.9075,0.9990,13.3155,9.2099,0.8960,3x,0.5000,0.1000,0.0000,1.5000
historical-repeat,3x 50% + BTC 10% + gems 15%,none,0.2401,0.2741,0.1719,0.3739,0.1213,0.9950,0.9580,0.4030,0.0760,0.0050,0.2830,0.0000,0.1660,0.0250,0.2698,2.6270,1.4956,1.0000,9.2044,6.7655,0.9970,3x,0.5000,0.1000,0.1500,1.5000
historical-repeat,3x 50% + BTC 10% + gems 15%,wide 20-50,0.2371,0.2710,0.1648,0.3727,0.1213,0.9920,0.9500,0.3790,0.0340,0.0000,0.2814,0.0000,0.0810,0.0010,0.2662,2.6310,1.4956,1.0000,9.2460,6.8210,0.9950,3x,0.5000,0.1000,0.1500,1.5000
historical-repeat,3x 50% + BTC 10% + gems 15%,D40 15-35,0.2308,0.2633,0.1543,0.3660,0.1213,0.9920,0.9290,0.2590,0.0010,0.0000,0.2695,0.0000,0.0040,0.0000,0.2575,2.6687,1.5067,1.0000,9.5575,6.8730,0.9920,3x,0.5000,0.1000,0.1500,1.5000
historical-repeat,3x 50% + BTC 10% + gems 15%,D30 10-25,0.2154,0.2418,0.1308,0.3473,0.1213,0.9770,0.8770,0.0200,0.0000,0.0000,0.2413,0.0000,0.0000,0.0000,0.2375,2.8333,1.5270,1.0000,10.2659,7.1778,0.9870,3x,0.5000,0.1000,0.1500,1.5000
historical-repeat,3x 50% + BTC 10% + gems 15%,floor 60%,0.2041,0.2286,0.1308,0.3218,0.1213,0.9750,0.8420,0.0260,0.0000,0.0000,0.2272,0.0000,0.0000,0.0000,0.2228,3.0833,1.6540,1.0000,10.8254,7.8663,0.9870,3x,0.5000,0.1000,0.1500,1.5000
historical-repeat,3x 50% + BTC 20%,none,0.2562,0.2935,0.1762,0.4069,0.1213,0.9940,0.9580,0.5350,0.1370,0.0150,0.3063,0.0000,0.2690,0.0470,0.2904,2.4722,1.2813,1.0000,8.6091,5.9937,0.9980,3x,0.5000,0.2000,0.0000,1.5000
historical-repeat,3x 50% + BTC 20%,wide 20-50,0.2519,0.2901,0.1678,0.4038,0.1213,0.9910,0.9480,0.5140,0.0690,0.0000,0.3011,0.0000,0.1530,0.0040,0.2853,2.4802,1.2813,1.0000,8.7143,6.0313,0.9960,3x,0.5000,0.2000,0.0000,1.5000
historical-repeat,3x 50% + BTC 20%,D40 15-35,0.2435,0.2797,0.1532,0.3988,0.1213,0.9830,0.9300,0.3780,0.0010,0.0000,0.2851,0.0000,0.0080,0.0000,0.2745,2.5159,1.2813,1.0000,8.9425,6.0794,0.9910,3x,0.5000,0.2000,0.0000,1.5000
historical-repeat,3x 50% + BTC 20%,D30 10-25,0.2254,0.2562,0.1305,0.3786,0.1213,0.9680,0.8780,0.0530,0.0000,0.0000,0.2510,0.0000,0.0000,0.0000,0.2505,2.6190,1.2976,1.0000,9.6647,6.3829,0.9820,3x,0.5000,0.2000,0.0000,1.5000
historical-repeat,3x 50% + BTC 20%,floor 60%,0.2151,0.2422,0.1340,0.3480,0.1213,0.9690,0.8630,0.0540,0.0000,0.0000,0.2375,0.0000,0.0000,0.0000,0.2359,2.9028,1.4167,1.0000,10.2520,7.0905,0.9850,3x,0.5000,0.2000,0.0000,1.5000
historical-repeat,3x 50% + BTC 20% + gems 15%,none,0.2950,0.3448,0.2223,0.4654,0.1213,0.9990,0.9890,0.4430,0.0940,0.0030,0.2903,0.0000,0.1880,0.0220,0.3417,2.1627,1.1905,1.0000,7.4921,5.3607,0.9990,3x,0.5000,0.2000,0.1500,1.5000
historical-repeat,3x 50% + BTC 20% + gems 15%,wide 20-50,0.2915,0.3416,0.2140,0.4631,0.1213,0.9980,0.9880,0.4250,0.0340,0.0000,0.2888,0.0000,0.0840,0.0010,0.3376,2.1667,1.1905,1.0000,7.5556,5.3825,0.9990,3x,0.5000,0.2000,0.1500,1.5000
historical-repeat,3x 50% + BTC 20% + gems 15%,D40 15-35,0.2839,0.3323,0.1999,0.4568,0.1213,0.9960,0.9780,0.2950,0.0010,0.0000,0.2753,0.0000,0.0030,0.0000,0.3280,2.1806,1.1905,1.0000,7.7024,5.4456,0.9990,3x,0.5000,0.2000,0.1500,1.5000
historical-repeat,3x 50% + BTC 20% + gems 15%,D30 10-25,0.2658,0.3076,0.1751,0.4347,0.1213,0.9920,0.9560,0.0280,0.0000,0.0000,0.2458,0.0000,0.0000,0.0000,0.3020,2.3016,1.1944,1.0000,8.2163,5.6226,0.9960,3x,0.5000,0.2000,0.1500,1.5000
historical-repeat,3x 50% + BTC 20% + gems 15%,floor 60%,0.2523,0.2899,0.1750,0.4033,0.1213,0.9940,0.9530,0.0290,0.0000,0.0000,0.2310,0.0000,0.0000,0.0000,0.2838,2.4901,1.2738,1.0000,8.7659,6.0786,0.9980,3x,0.5000,0.2000,0.1500,1.5000
historical-repeat,3x 50% + BTC 30%,none,0.3089,0.3649,0.2211,0.5084,0.1213,0.9970,0.9820,0.6310,0.1810,0.0260,0.3226,0.0000,0.3530,0.0650,0.3591,2.0119,0.9833,1.0000,7.1687,4.7575,1.0000,3x,0.5000,0.3000,0.0000,1.5000
historical-repeat,3x 50% + BTC 30%,wide 20-50,0.3033,0.3578,0.2108,0.5027,0.1213,0.9960,0.9790,0.6060,0.1010,0.0010,0.3166,0.0000,0.2020,0.0050,0.3523,2.0198,0.9841,1.0000,7.2480,4.7794,0.9990,3x,0.5000,0.3000,0.0000,1.5000
historical-repeat,3x 50% + BTC 30%,D40 15-35,0.2923,0.3431,0.1923,0.4950,0.1213,0.9930,0.9650,0.4710,0.0020,0.0000,0.2962,0.0000,0.0120,0.0000,0.3366,2.0655,0.9841,1.0000,7.4702,4.8766,0.9980,3x,0.5000,0.3000,0.0000,1.5000
historical-repeat,3x 50% + BTC 30%,D30 10-25,0.2698,0.3159,0.1630,0.4633,0.1213,0.9840,0.9360,0.0800,0.0000,0.0000,0.2583,0.0000,0.0000,0.0000,0.3034,2.1786,0.9992,1.0000,8.0198,5.0460,0.9950,3x,0.5000,0.3000,0.0000,1.5000
historical-repeat,3x 50% + BTC 30%,floor 60%,0.2585,0.2976,0.1664,0.4289,0.1213,0.9850,0.9400,0.0810,0.0000,0.0000,0.2459,0.0000,0.0000,0.0000,0.2916,2.4028,1.0984,1.0000,8.4563,5.5579,0.9970,3x,0.5000,0.3000,0.0000,1.5000
historical-repeat,3x 50% + BTC 30% + gems 15%,none,0.3477,0.4190,0.2689,0.5669,0.1213,1.0000,0.9970,0.5510,0.1290,0.0090,0.3069,0.0000,0.2680,0.0350,0.4129,1.8274,0.8849,1.0000,6.4325,4.2734,1.0000,3x,0.5000,0.3000,0.1500,1.5000
historical-repeat,3x 50% + BTC 30% + gems 15%,wide 20-50,0.3430,0.4147,0.2607,0.5636,0.1213,1.0000,0.9950,0.5190,0.0580,0.0000,0.3036,0.0000,0.1310,0.0020,0.4064,1.8393,0.8849,1.0000,6.4940,4.3091,1.0000,3x,0.5000,0.3000,0.1500,1.5000
historical-repeat,3x 50% + BTC 30% + gems 15%,D40 15-35,0.3330,0.4014,0.2422,0.5536,0.1213,0.9970,0.9890,0.3950,0.0010,0.0000,0.2870,0.0000,0.0040,0.0000,0.3920,1.8651,0.8849,1.0000,6.6488,4.3706,0.9990,3x,0.5000,0.3000,0.1500,1.5000
historical-repeat,3x 50% + BTC 30% + gems 15%,D30 10-25,0.3103,0.3697,0.2076,0.5262,0.1213,0.9950,0.9750,0.0470,0.0000,0.0000,0.2530,0.0000,0.0000,0.0000,0.3600,1.9345,0.8929,1.0000,7.1032,4.4786,0.9990,3x,0.5000,0.3000,0.1500,1.5000
historical-repeat,3x 50% + BTC 30% + gems 15%,floor 60%,0.2957,0.3496,0.2060,0.4884,0.1213,0.9970,0.9750,0.0430,0.0000,0.0000,0.2403,0.0000,0.0000,0.0000,0.3409,2.0913,1.0036,1.0000,7.4742,4.9349,0.9990,3x,0.5000,0.3000,0.1500,1.5000
historical-repeat,3x 60% + BTC 10%,none,0.2226,0.2519,0.1400,0.3609,0.1213,0.9800,0.9010,0.7620,0.3020,0.0760,0.3506,0.0000,0.5330,0.1660,0.2488,2.7103,1.4048,1.0000,9.8194,6.8679,0.9850,3x,0.6000,0.1000,0.0000,1.8000
historical-repeat,3x 60% + BTC 10%,wide 20-50,0.2148,0.2444,0.1220,0.3548,0.1213,0.9670,0.8570,0.7600,0.1930,0.0040,0.3400,0.0010,0.3690,0.0160,0.2388,2.7540,1.4048,0.9990,10.1091,6.9496,0.9690,3x,0.6000,0.1000,0.0000,1.8000
historical-repeat,3x 60% + BTC 10%,D40 15-35,0.2025,0.2273,0.1029,0.3448,0.1213,0.9410,0.7810,0.6360,0.0150,0.0000,0.3144,0.0020,0.0450,0.0000,0.2214,2.8611,1.4048,0.9990,10.6984,7.0579,0.9430,3x,0.6000,0.1000,0.0000,1.8000
historical-repeat,3x 60% + BTC 10%,D30 10-25,0.1812,0.1990,0.0888,0.3152,0.1213,0.8940,0.6670,0.1740,0.0000,0.0000,0.2706,0.0030,0.0040,0.0000,0.1936,3.1766,1.4325,0.9990,12.0437,7.7202,0.8940,3x,0.6000,0.1000,0.0000,1.8000
historical-repeat,3x 60% + BTC 10%,floor 60%,0.1764,0.1936,0.0922,0.2989,0.1213,0.9090,0.6550,0.1680,0.0000,0.0000,0.2625,0.0010,0.0000,0.0000,0.1889,3.3591,1.6306,0.9990,12.4901,8.3643,0.8960,3x,0.6000,0.1000,0.0000,1.8000
historical-repeat,3x 60% + BTC 10% + gems 15%,none,0.2614,0.3008,0.1810,0.4219,0.1213,0.9960,0.9740,0.7190,0.2290,0.0430,0.3361,0.0000,0.4290,0.1050,0.2966,2.3413,1.2738,1.0000,8.4127,5.8480,0.9970,3x,0.6000,0.1000,0.1500,1.8000
historical-repeat,3x 60% + BTC 10% + gems 15%,wide 20-50,0.2547,0.2941,0.1691,0.4156,0.1213,0.9920,0.9590,0.7040,0.1460,0.0020,0.3278,0.0000,0.2740,0.0060,0.2882,2.3552,1.2738,1.0000,8.5734,5.8968,0.9940,3x,0.6000,0.1000,0.1500,1.8000
historical-repeat,3x 60% + BTC 10% + gems 15%,D40 15-35,0.2427,0.2786,0.1462,0.4016,0.1213,0.9860,0.9220,0.5530,0.0070,0.0000,0.3059,0.0010,0.0250,0.0000,0.2718,2.4286,1.2738,0.9990,8.9444,6.0075,0.9920,3x,0.6000,0.1000,0.1500,1.8000
historical-repeat,3x 60% + BTC 10% + gems 15%,D30 10-25,0.2198,0.2475,0.1227,0.3688,0.1213,0.9700,0.8550,0.1360,0.0000,0.0000,0.2651,0.0000,0.0010,0.0000,0.2402,2.6270,1.3052,0.9990,9.9663,6.4714,0.9750,3x,0.6000,0.1000,0.1500,1.8000
historical-repeat,3x 60% + BTC 10% + gems 15%,floor 60%,0.2123,0.2383,0.1284,0.3466,0.1213,0.9770,0.8590,0.1160,0.0000,0.0000,0.2573,0.0000,0.0000,0.0000,0.2320,2.8611,1.4282,0.9990,10.4048,7.0294,0.9820,3x,0.6000,0.1000,0.1500,1.8000
historical-repeat,3x 60% + BTC 20%,none,0.2773,0.3211,0.1864,0.4540,0.1213,0.9940,0.9730,0.7920,0.3010,0.0790,0.3555,0.0000,0.5360,0.1650,0.3185,2.1964,1.0948,1.0000,7.9306,5.4317,0.9980,3x,0.6000,0.2000,0.0000,1.8000
historical-repeat,3x 60% + BTC 20%,wide 20-50,0.2688,0.3126,0.1686,0.4489,0.1213,0.9920,0.9560,0.7730,0.1900,0.0020,0.3437,0.0000,0.3750,0.0160,0.3069,2.1984,1.0948,1.0000,8.0893,5.4397,0.9930,3x,0.6000,0.2000,0.0000,1.8000
historical-repeat,3x 60% + BTC 20%,D40 15-35,0.2548,0.2934,0.1475,0.4353,0.1213,0.9780,0.9240,0.6590,0.0130,0.0000,0.3181,0.0000,0.0360,0.0000,0.2860,2.2639,1.1060,1.0000,8.5079,5.5433,0.9900,3x,0.6000,0.2000,0.0000,1.8000
historical-repeat,3x 60% + BTC 20%,D30 10-25,0.2300,0.2588,0.1245,0.4010,0.1213,0.9610,0.8640,0.1830,0.0000,0.0000,0.2713,0.0000,0.0040,0.0000,0.2519,2.4881,1.1230,1.0000,9.4425,5.8790,0.9730,3x,0.6000,0.2000,0.0000,1.8000
historical-repeat,3x 60% + BTC 20%,floor 60%,0.2233,0.2524,0.1321,0.3759,0.1213,0.9700,0.8700,0.1710,0.0000,0.0000,0.2649,0.0000,0.0000,0.0000,0.2449,2.6429,1.2575,1.0000,9.7480,6.4690,0.9820,3x,0.6000,0.2000,0.0000,1.8000
historical-repeat,3x 60% + BTC 20% + gems 15%,none,0.3161,0.3727,0.2294,0.5155,0.1213,0.9990,0.9930,0.7430,0.2370,0.0420,0.3409,0.0000,0.4380,0.1000,0.3700,1.9683,1.0115,1.0000,6.9861,4.8048,0.9990,3x,0.6000,0.2000,0.1500,1.8000
historical-repeat,3x 60% + BTC 20% + gems 15%,wide 20-50,0.3088,0.3649,0.2149,0.5082,0.1213,0.9970,0.9880,0.7260,0.1430,0.0010,0.3310,0.0000,0.2830,0.0070,0.3601,1.9762,1.0115,1.0000,7.1508,4.8056,0.9990,3x,0.6000,0.2000,0.1500,1.8000
historical-repeat,3x 60% + BTC 20% + gems 15%,D40 15-35,0.2953,0.3479,0.1919,0.4957,0.1213,0.9950,0.9720,0.5920,0.0050,0.0000,0.3092,0.0000,0.0240,0.0000,0.3401,2.0000,1.0115,1.0000,7.3909,4.8821,0.9980,3x,0.6000,0.2000,0.1500,1.8000
historical-repeat,3x 60% + BTC 20% + gems 15%,D30 10-25,0.2693,0.3115,0.1629,0.4593,0.1213,0.9870,0.9450,0.1470,0.0000,0.0000,0.2684,0.0000,0.0010,0.0000,0.3027,2.1607,1.0357,1.0000,8.1091,5.1706,0.9940,3x,0.6000,0.2000,0.1500,1.8000
historical-repeat,3x 60% + BTC 20% + gems 15%,floor 60%,0.2598,0.2987,0.1702,0.4288,0.1213,0.9910,0.9540,0.1360,0.0000,0.0000,0.2597,0.0000,0.0000,0.0000,0.2919,2.3413,1.1698,1.0000,8.4246,5.6560,0.9950,3x,0.6000,0.2000,0.1500,1.8000
historical-repeat,3x 60% + BTC 30%,none,0.3299,0.3963,0.2325,0.5550,0.1213,0.9990,0.9890,0.8400,0.3650,0.0970,0.3684,0.0000,0.6050,0.1920,0.3885,1.8532,0.8488,1.0000,6.6627,4.3329,1.0000,3x,0.6000,0.3000,0.0000,1.8000
historical-repeat,3x 60% + BTC 30%,wide 20-50,0.3197,0.3830,0.2137,0.5493,0.1213,0.9950,0.9820,0.8330,0.2300,0.0030,0.3539,0.0000,0.4390,0.0160,0.3740,1.8631,0.8488,1.0000,6.8532,4.3734,0.9990,3x,0.6000,0.3000,0.0000,1.8000
historical-repeat,3x 60% + BTC 30%,D40 15-35,0.3028,0.3602,0.1856,0.5314,0.1213,0.9910,0.9610,0.7280,0.0160,0.0000,0.3236,0.0000,0.0430,0.0000,0.3493,1.9206,0.8488,1.0000,7.1845,4.4385,0.9970,3x,0.6000,0.3000,0.0000,1.8000
historical-repeat,3x 60% + BTC 30%,D30 10-25,0.2733,0.3184,0.1554,0.4879,0.1213,0.9810,0.9240,0.2200,0.0010,0.0000,0.2759,0.0000,0.0050,0.0000,0.3074,2.0516,0.8647,1.0000,7.8611,4.7976,0.9940,3x,0.6000,0.3000,0.0000,1.8000
historical-repeat,3x 60% + BTC 30%,floor 60%,0.2661,0.3080,0.1636,0.4559,0.1213,0.9860,0.9390,0.2090,0.0000,0.0000,0.2714,0.0000,0.0000,0.0000,0.3000,2.2341,0.9639,1.0000,8.2083,5.2258,0.9960,3x,0.6000,0.3000,0.0000,1.8000
historical-repeat,3xS 50% + BTC 10%,none,0.1730,0.1889,0.1070,0.2721,0.1213,0.9080,0.6460,0.3260,0.0520,0.0040,0.2667,0.0000,0.1300,0.0190,0.1870,3.6071,2.0159,1.0000,12.8988,9.2893,0.9420,3xS,0.5000,0.1000,0.0000,1.5000
historical-repeat,3xS 50% + BTC 10%,wide 20-50,0.1707,0.1878,0.1016,0.2704,0.1213,0.8920,0.6240,0.3010,0.0250,0.0000,0.2658,0.0000,0.0710,0.0010,0.1841,3.6071,2.0159,0.9990,12.9881,9.3075,0.9310,3xS,0.5000,0.1000,0.0000,1.5000
historical-repeat,3xS 50% + BTC 10%,D40 15-35,0.1657,0.1825,0.0908,0.2677,0.1213,0.8590,0.5690,0.2020,0.0000,0.0000,0.2568,0.0000,0.0010,0.0000,0.1773,3.6667,2.0159,0.9990,13.3968,9.3413,0.9070,3xS,0.5000,0.1000,0.0000,1.5000
historical-repeat,3xS 50% + BTC 10%,D30 10-25,0.1538,0.1660,0.0790,0.2575,0.1213,0.7970,0.4860,0.0130,0.0000,0.0000,0.2323,0.0030,0.0000,0.0000,0.1631,3.8710,2.0198,0.9990,14.5556,9.8766,0.8310,3xS,0.5000,0.1000,0.0000,1.5000
historical-repeat,3xS 50% + BTC 10%,floor 60%,0.1452,0.1556,0.0804,0.2341,0.1213,0.7650,0.3970,0.0170,0.0000,0.0000,0.2136,0.0000,0.0000,0.0000,0.1537,4.3135,2.2329,0.9990,15.5079,10.5790,0.8070,3xS,0.5000,0.1000,0.0000,1.5000
historical-repeat,3xS 50% + BTC 10% + gems 15%,none,0.2118,0.2372,0.1517,0.3242,0.1213,0.9860,0.8830,0.2010,0.0220,0.0010,0.2456,0.0000,0.0620,0.0040,0.2335,3.0675,1.7655,1.0000,10.5357,7.7972,0.9950,3xS,0.5000,0.1000,0.1500,1.5000
historical-repeat,3xS 50% + BTC 10% + gems 15%,wide 20-50,0.2103,0.2354,0.1488,0.3237,0.1213,0.9830,0.8750,0.1910,0.0090,0.0000,0.2454,0.0000,0.0250,0.0010,0.2323,3.0714,1.7655,1.0000,10.5675,7.8012,0.9930,3xS,0.5000,0.1000,0.1500,1.5000
historical-repeat,3xS 50% + BTC 10% + gems 15%,D40 15-35,0.2061,0.2304,0.1406,0.3197,0.1213,0.9800,0.8450,0.1090,0.0000,0.0000,0.2403,0.0000,0.0010,0.0000,0.2266,3.0972,1.7655,1.0000,10.7778,7.8794,0.9920,3xS,0.5000,0.1000,0.1500,1.5000
historical-repeat,3xS 50% + BTC 10% + gems 15%,D30 10-25,0.1943,0.2163,0.1209,0.3068,0.1213,0.9530,0.7750,0.0040,0.0000,0.0000,0.2220,0.0000,0.0000,0.0000,0.2110,3.1825,1.7734,1.0000,11.4008,8.0512,0.9720,3xS,0.5000,0.1000,0.1500,1.5000
historical-repeat,3xS 50% + BTC 10% + gems 15%,floor 60%,0.1823,0.2005,0.1189,0.2834,0.1213,0.9400,0.7080,0.0050,0.0000,0.0000,0.2025,0.0000,0.0000,0.0000,0.1968,3.4663,1.9560,1.0000,12.2976,8.9167,0.9670,3xS,0.5000,0.1000,0.1500,1.5000
historical-repeat,3xS 50% + BTC 20%,none,0.2279,0.2582,0.1528,0.3627,0.1213,0.9810,0.8980,0.3700,0.0590,0.0050,0.2749,0.0000,0.1370,0.0170,0.2528,2.8472,1.4754,1.0000,9.6409,6.8861,0.9970,3xS,0.5000,0.2000,0.0000,1.5000
historical-repeat,3xS 50% + BTC 20%,wide 20-50,0.2252,0.2560,0.1487,0.3614,0.1213,0.9740,0.8840,0.3440,0.0230,0.0000,0.2732,0.0000,0.0680,0.0010,0.2504,2.8472,1.4754,1.0000,9.7143,6.9083,0.9920,3xS,0.5000,0.2000,0.0000,1.5000
historical-repeat,3xS 50% + BTC 20%,D40 15-35,0.2191,0.2496,0.1402,0.3566,0.1213,0.9690,0.8580,0.2130,0.0000,0.0000,0.2640,0.0000,0.0010,0.0000,0.2423,2.8591,1.4754,1.0000,9.9583,7.0397,0.9840,3xS,0.5000,0.2000,0.0000,1.5000
historical-repeat,3xS 50% + BTC 20%,D30 10-25,0.2043,0.2315,0.1189,0.3417,0.1213,0.9380,0.7870,0.0120,0.0000,0.0000,0.2385,0.0000,0.0000,0.0000,0.2218,3.0060,1.4798,1.0000,10.6667,7.2849,0.9670,3xS,0.5000,0.2000,0.0000,1.5000
historical-repeat,3xS 50% + BTC 20%,floor 60%,0.1933,0.2148,0.1185,0.3141,0.1213,0.9330,0.7380,0.0160,0.0000,0.0000,0.2202,0.0000,0.0000,0.0000,0.2095,3.2262,1.6429,1.0000,11.4683,7.9198,0.9610,3xS,0.5000,0.2000,0.0000,1.5000
historical-repeat,3xS 50% + BTC 20% + gems 15%,none,0.2667,0.3081,0.1978,0.4194,0.1213,0.9970,0.9740,0.2400,0.0280,0.0010,0.2569,0.0000,0.0700,0.0050,0.3031,2.4266,1.3095,1.0000,8.3274,6.1333,0.9990,3xS,0.5000,0.2000,0.1500,1.5000
historical-repeat,3xS 50% + BTC 20% + gems 15%,wide 20-50,0.2649,0.3062,0.1943,0.4177,0.1213,0.9960,0.9700,0.2250,0.0060,0.0000,0.2564,0.0000,0.0240,0.0010,0.3016,2.4286,1.3095,1.0000,8.3472,6.1464,0.9990,3xS,0.5000,0.2000,0.1500,1.5000
historical-repeat,3xS 50% + BTC 20% + gems 15%,D40 15-35,0.2596,0.3007,0.1852,0.4146,0.1213,0.9930,0.9580,0.1390,0.0000,0.0000,0.2498,0.0000,0.0010,0.0000,0.2940,2.4444,1.3095,1.0000,8.4603,6.1706,0.9990,3xS,0.5000,0.2000,0.1500,1.5000
historical-repeat,3xS 50% + BTC 20% + gems 15%,D30 10-25,0.2450,0.2847,0.1642,0.3983,0.1213,0.9890,0.9260,0.0040,0.0000,0.0000,0.2295,0.0000,0.0000,0.0000,0.2743,2.5437,1.3214,1.0000,8.9266,6.3333,0.9980,3xS,0.5000,0.2000,0.1500,1.5000
historical-repeat,3xS 50% + BTC 20% + gems 15%,floor 60%,0.2307,0.2629,0.1577,0.3670,0.1213,0.9830,0.9060,0.0060,0.0000,0.0000,0.2091,0.0000,0.0000,0.0000,0.2555,2.8115,1.4675,1.0000,9.5853,6.9163,0.9990,3xS,0.5000,0.2000,0.1500,1.5000
historical-repeat,3xS 50% + BTC 30%,none,0.2807,0.3273,0.1928,0.4639,0.1213,0.9960,0.9610,0.4840,0.1000,0.0070,0.2968,0.0000,0.2020,0.0250,0.3209,2.2758,1.1012,1.0000,7.9167,5.4397,1.0000,3xS,0.5000,0.3000,0.0000,1.5000
historical-repeat,3xS 50% + BTC 30%,wide 20-50,0.2769,0.3236,0.1882,0.4626,0.1213,0.9910,0.9540,0.4570,0.0490,0.0000,0.2931,0.0000,0.1050,0.0010,0.3157,2.2798,1.1012,1.0000,7.9683,5.4512,0.9990,3xS,0.5000,0.3000,0.0000,1.5000
historical-repeat,3xS 50% + BTC 30%,D40 15-35,0.2683,0.3118,0.1739,0.4532,0.1213,0.9840,0.9370,0.3320,0.0000,0.0000,0.2800,0.0000,0.0020,0.0000,0.3046,2.3075,1.1067,1.0000,8.1567,5.5230,0.9980,3xS,0.5000,0.3000,0.0000,1.5000
historical-repeat,3xS 50% + BTC 30%,D30 10-25,0.2487,0.2862,0.1438,0.4303,0.1213,0.9710,0.8940,0.0240,0.0000,0.0000,0.2477,0.0000,0.0000,0.0000,0.2769,2.4444,1.1107,1.0000,8.7242,5.7290,0.9920,3xS,0.5000,0.3000,0.0000,1.5000
historical-repeat,3xS 50% + BTC 30%,floor 60%,0.2368,0.2696,0.1474,0.3972,0.1213,0.9700,0.8760,0.0300,0.0000,0.0000,0.2307,0.0000,0.0000,0.0000,0.2632,2.7103,1.1940,1.0000,9.3651,6.2329,0.9940,3xS,0.5000,0.3000,0.0000,1.5000
historical-repeat,3xS 50% + BTC 30% + gems 15%,none,0.3195,0.3786,0.2409,0.5220,0.1213,0.9990,0.9920,0.3660,0.0500,0.0020,0.2761,0.0000,0.1180,0.0080,0.3729,2.0337,1.0032,1.0000,7.0298,4.8409,1.0000,3xS,0.5000,0.3000,0.1500,1.5000
historical-repeat,3xS 50% + BTC 30% + gems 15%,wide 20-50,0.3167,0.3753,0.2356,0.5190,0.1213,0.9990,0.9900,0.3470,0.0160,0.0000,0.2750,0.0000,0.0460,0.0010,0.3699,2.0337,1.0032,1.0000,7.0714,4.8409,1.0000,3xS,0.5000,0.3000,0.1500,1.5000
historical-repeat,3xS 50% + BTC 30% + gems 15%,D40 15-35,0.3091,0.3662,0.2239,0.5128,0.1213,0.9980,0.9830,0.2250,0.0000,0.0000,0.2661,0.0000,0.0010,0.0000,0.3596,2.0615,1.0032,1.0000,7.2163,4.8492,1.0000,3xS,0.5000,0.3000,0.1500,1.5000
historical-repeat,3xS 50% + BTC 30% + gems 15%,D30 10-25,0.2898,0.3394,0.1942,0.4882,0.1213,0.9940,0.9610,0.0070,0.0000,0.0000,0.2408,0.0000,0.0000,0.0000,0.3333,2.1528,1.0270,1.0000,7.5992,4.9996,0.9990,3xS,0.5000,0.3000,0.1500,1.5000
historical-repeat,3xS 50% + BTC 30% + gems 15%,floor 60%,0.2742,0.3168,0.1905,0.4513,0.1213,0.9930,0.9520,0.0080,0.0000,0.0000,0.2205,0.0000,0.0000,0.0000,0.3114,2.3373,1.1151,1.0000,8.0794,5.5552,0.9990,3xS,0.5000,0.3000,0.1500,1.5000
historical-repeat,3xS 60% + BTC 10%,none,0.1896,0.2093,0.1108,0.3081,0.1213,0.9400,0.7500,0.5800,0.1700,0.0310,0.3132,0.0000,0.3380,0.0840,0.2067,3.2282,1.7421,1.0000,11.6131,7.9599,0.9620,3xS,0.6000,0.1000,0.0000,1.8000
historical-repeat,3xS 60% + BTC 10%,wide 20-50,0.1846,0.2039,0.0993,0.3051,0.1213,0.9190,0.7090,0.5500,0.0980,0.0000,0.3090,0.0010,0.2080,0.0040,0.1997,3.2698,1.7421,0.9990,11.7758,8.0075,0.9410,3xS,0.6000,0.1000,0.0000,1.8000
historical-repeat,3xS 60% + BTC 10%,D40 15-35,0.1754,0.1925,0.0870,0.2984,0.1213,0.8800,0.6330,0.4380,0.0050,0.0000,0.2920,0.0040,0.0160,0.0000,0.1880,3.3710,1.7456,0.9990,12.5238,8.2365,0.9120,3xS,0.6000,0.1000,0.0000,1.8000
historical-repeat,3xS 60% + BTC 10%,D30 10-25,0.1575,0.1693,0.0731,0.2777,0.1213,0.7990,0.5090,0.0660,0.0000,0.0000,0.2562,0.0050,0.0010,0.0000,0.1662,3.6647,1.7575,0.9980,13.9861,8.8702,0.8300,3xS,0.6000,0.1000,0.0000,1.8000
historical-repeat,3xS 60% + BTC 10%,floor 60%,0.1521,0.1626,0.0785,0.2565,0.1213,0.7860,0.4580,0.0690,0.0000,0.0000,0.2423,0.0020,0.0000,0.0000,0.1610,3.9940,1.9083,0.9990,14.6885,9.6972,0.8250,3xS,0.6000,0.1000,0.0000,1.8000
historical-repeat,3xS 60% + BTC 10% + gems 15%,none,0.2284,0.2584,0.1578,0.3637,0.1213,0.9900,0.9200,0.4600,0.0980,0.0100,0.2937,0.0000,0.2090,0.0360,0.2546,2.7242,1.5433,1.0000,9.6845,6.9639,0.9960,3xS,0.6000,0.1000,0.1500,1.8000
historical-repeat,3xS 60% + BTC 10% + gems 15%,wide 20-50,0.2245,0.2545,0.1502,0.3615,0.1213,0.9830,0.9010,0.4410,0.0450,0.0000,0.2908,0.0000,0.1100,0.0010,0.2496,2.7599,1.5508,1.0000,9.8036,7.0425,0.9930,3xS,0.6000,0.1000,0.1500,1.8000
historical-repeat,3xS 60% + BTC 10% + gems 15%,D40 15-35,0.2159,0.2432,0.1334,0.3526,0.1213,0.9720,0.8650,0.3400,0.0000,0.0000,0.2785,0.0000,0.0030,0.0000,0.2380,2.8016,1.5552,1.0000,10.1944,7.1381,0.9810,3xS,0.6000,0.1000,0.1500,1.8000
historical-repeat,3xS 60% + BTC 10% + gems 15%,D30 10-25,0.1970,0.2196,0.1109,0.3280,0.1213,0.9410,0.7610,0.0360,0.0000,0.0000,0.2491,0.0000,0.0010,0.0000,0.2128,2.9921,1.5671,1.0000,11.0694,7.5476,0.9570,3xS,0.6000,0.1000,0.1500,1.8000
historical-repeat,3xS 60% + BTC 10% + gems 15%,floor 60%,0.1883,0.2068,0.1136,0.3053,0.1213,0.9420,0.7330,0.0350,0.0000,0.0000,0.2331,0.0000,0.0000,0.0000,0.2029,3.2778,1.7060,1.0000,11.8036,8.1020,0.9580,3xS,0.6000,0.1000,0.1500,1.8000
historical-repeat,3xS 60% + BTC 20%,none,0.2445,0.2800,0.1618,0.4018,0.1213,0.9850,0.9290,0.6170,0.1690,0.0300,0.3177,0.0000,0.3360,0.0790,0.2746,2.5337,1.2964,1.0000,9.0337,6.2492,0.9970,3xS,0.6000,0.2000,0.0000,1.8000
historical-repeat,3xS 60% + BTC 20%,wide 20-50,0.2388,0.2736,0.1489,0.3980,0.1213,0.9770,0.9030,0.5900,0.0990,0.0000,0.3133,0.0000,0.2060,0.0030,0.2671,2.5536,1.2964,1.0000,9.1944,6.3190,0.9890,3xS,0.6000,0.2000,0.0000,1.8000
historical-repeat,3xS 60% + BTC 20%,D40 15-35,0.2282,0.2604,0.1328,0.3878,0.1213,0.9640,0.8680,0.4760,0.0040,0.0000,0.2968,0.0000,0.0130,0.0000,0.2522,2.5913,1.2964,1.0000,9.5198,6.4278,0.9810,3xS,0.6000,0.2000,0.0000,1.8000
historical-repeat,3xS 60% + BTC 20%,D30 10-25,0.2067,0.2320,0.1103,0.3594,0.1213,0.9360,0.7690,0.0740,0.0000,0.0000,0.2587,0.0000,0.0010,0.0000,0.2225,2.8571,1.3016,1.0000,10.5377,6.8635,0.9550,3xS,0.6000,0.2000,0.0000,1.8000
historical-repeat,3xS 60% + BTC 20%,floor 60%,0.1992,0.2217,0.1142,0.3350,0.1213,0.9340,0.7600,0.0710,0.0000,0.0000,0.2464,0.0000,0.0000,0.0000,0.2161,3.0655,1.4599,1.0000,10.9960,7.3806,0.9590,3xS,0.6000,0.2000,0.0000,1.8000
historical-repeat,3xS 60% + BTC 20% + gems 15%,none,0.2833,0.3311,0.2062,0.4573,0.1213,0.9990,0.9810,0.5030,0.0990,0.0080,0.3011,0.0000,0.2130,0.0320,0.3253,2.2341,1.1897,1.0000,7.7718,5.6067,0.9990,3xS,0.6000,0.2000,0.1500,1.8000
historical-repeat,3xS 60% + BTC 20% + gems 15%,wide 20-50,0.2788,0.3273,0.1982,0.4546,0.1213,0.9960,0.9750,0.4820,0.0540,0.0000,0.2971,0.0000,0.1200,0.0010,0.3190,2.2361,1.1897,1.0000,7.8829,5.6190,0.9990,3xS,0.6000,0.2000,0.1500,1.8000
historical-repeat,3xS 60% + BTC 20% + gems 15%,D40 15-35,0.2689,0.3148,0.1806,0.4450,0.1213,0.9900,0.9600,0.3680,0.0010,0.0000,0.2841,0.0000,0.0040,0.0000,0.3060,2.2698,1.1897,1.0000,8.1111,5.6940,0.9990,3xS,0.6000,0.2000,0.1500,1.8000
historical-repeat,3xS 60% + BTC 20% + gems 15%,D30 10-25,0.2470,0.2849,0.1524,0.4186,0.1213,0.9810,0.9120,0.0420,0.0000,0.0000,0.2531,0.0000,0.0000,0.0000,0.2739,2.4306,1.1940,1.0000,8.8095,5.9242,0.9920,3xS,0.6000,0.2000,0.1500,1.8000
historical-repeat,3xS 60% + BTC 20% + gems 15%,floor 60%,0.2359,0.2674,0.1539,0.3889,0.1213,0.9840,0.9110,0.0420,0.0000,0.0000,0.2366,0.0000,0.0000,0.0000,0.2613,2.6349,1.3016,1.0000,9.3194,6.4893,0.9950,3xS,0.6000,0.2000,0.1500,1.8000
historical-repeat,3xS 60% + BTC 30%,none,0.2971,0.3493,0.2034,0.5005,0.1213,0.9960,0.9710,0.6940,0.2090,0.0420,0.3348,0.0000,0.3910,0.0940,0.3417,2.0952,0.9714,1.0000,7.3849,4.8996,1.0000,3xS,0.6000,0.3000,0.0000,1.8000
historical-repeat,3xS 60% + BTC 30%,wide 20-50,0.2900,0.3406,0.1918,0.4966,0.1213,0.9900,0.9590,0.6710,0.1240,0.0000,0.3280,0.0000,0.2620,0.0040,0.3322,2.0952,0.9714,1.0000,7.6032,4.9004,0.9990,3xS,0.6000,0.3000,0.0000,1.8000
historical-repeat,3xS 60% + BTC 30%,D40 15-35,0.2766,0.3241,0.1680,0.4830,0.1213,0.9830,0.9370,0.5500,0.0040,0.0000,0.3066,0.0000,0.0150,0.0000,0.3115,2.1528,0.9798,1.0000,7.9385,4.9913,0.9960,3xS,0.6000,0.3000,0.0000,1.8000
historical-repeat,3xS 60% + BTC 30%,D30 10-25,0.2503,0.2870,0.1386,0.4472,0.1213,0.9700,0.8860,0.1150,0.0000,0.0000,0.2645,0.0000,0.0010,0.0000,0.2785,2.3294,1.0234,1.0000,8.6508,5.4603,0.9890,3xS,0.6000,0.3000,0.0000,1.8000
historical-repeat,3xS 60% + BTC 30%,floor 60%,0.2422,0.2765,0.1431,0.4136,0.1213,0.9720,0.8860,0.0980,0.0000,0.0000,0.2542,0.0000,0.0000,0.0000,0.2698,2.5615,1.1151,1.0000,9.0476,5.9103,0.9930,3xS,0.6000,0.3000,0.0000,1.8000
historical-repeat,SPY 80% + BTC 10%,none,0.1536,0.1682,0.0988,0.2343,0.1213,0.9780,0.4400,0.3930,0.0840,0.0150,0.2879,0.0020,0.1650,0.0320,0.1677,4.1329,2.5389,0.9980,14.5317,10.8440,0.8800,SPY,0.8000,0.1000,0.0000,0.8000
historical-repeat,SPY 80% + BTC 10%,wide 20-50,0.1513,0.1655,0.0934,0.2338,0.1213,0.9730,0.3890,0.3710,0.0480,0.0010,0.2845,0.0030,0.0970,0.0020,0.1657,4.1488,2.5389,0.9980,14.6746,10.9302,0.8540,SPY,0.8000,0.1000,0.0000,0.8000
historical-repeat,SPY 80% + BTC 10%,D40 15-35,0.1473,0.1619,0.0857,0.2306,0.1213,0.9520,0.3110,0.2620,0.0010,0.0000,0.2705,0.0030,0.0030,0.0000,0.1604,4.2044,2.5468,0.9970,14.9722,10.9710,0.8370,SPY,0.8000,0.1000,0.0000,0.8000
historical-repeat,SPY 80% + BTC 10%,D30 10-25,0.1393,0.1512,0.0765,0.2254,0.1213,0.8950,0.2010,0.0200,0.0000,0.0000,0.2411,0.0030,0.0000,0.0000,0.1504,4.4048,2.5710,0.9970,15.8452,11.3448,0.7820,SPY,0.8000,0.1000,0.0000,0.8000
historical-repeat,SPY 80% + BTC 10%,floor 60%,0.1344,0.1453,0.0788,0.2118,0.1213,0.8380,0.1330,0.0260,0.0000,0.0000,0.2228,0.0020,0.0000,0.0000,0.1446,4.8095,2.7452,0.9970,16.4901,12.1385,0.7540,SPY,0.8000,0.1000,0.0000,0.8000
historical-repeat,SPY 80% + BTC 20%,none,0.2087,0.2353,0.1432,0.3230,0.1213,0.9970,0.9210,0.4530,0.0930,0.0170,0.2996,0.0000,0.1850,0.0340,0.2330,3.0278,1.7258,1.0000,10.6667,7.8087,0.9910,SPY,0.8000,0.2000,0.0000,0.8000
historical-repeat,SPY 80% + BTC 20%,wide 20-50,0.2060,0.2324,0.1378,0.3214,0.1213,0.9960,0.9010,0.4310,0.0590,0.0000,0.2937,0.0000,0.1060,0.0010,0.2301,3.0556,1.7258,1.0000,10.7937,7.8357,0.9840,SPY,0.8000,0.2000,0.0000,0.8000
historical-repeat,SPY 80% + BTC 20%,D40 15-35,0.2012,0.2264,0.1290,0.3178,0.1213,0.9920,0.8800,0.3000,0.0000,0.0000,0.2776,0.0010,0.0030,0.0000,0.2238,3.0873,1.7302,1.0000,11.0198,7.9008,0.9720,SPY,0.8000,0.2000,0.0000,0.8000
historical-repeat,SPY 80% + BTC 20%,D30 10-25,0.1914,0.2137,0.1180,0.3068,0.1213,0.9850,0.8080,0.0240,0.0000,0.0000,0.2436,0.0000,0.0000,0.0000,0.2110,3.1984,1.7492,1.0000,11.4802,8.1901,0.9540,SPY,0.8000,0.2000,0.0000,0.8000
historical-repeat,SPY 80% + BTC 20%,floor 60%,0.1836,0.2033,0.1168,0.2901,0.1213,0.9750,0.7520,0.0310,0.0000,0.0000,0.2272,0.0000,0.0000,0.0000,0.2021,3.4762,1.8837,1.0000,12.1349,8.7810,0.9520,SPY,0.8000,0.2000,0.0000,0.8000
historical-repeat,1x 80% + BTC 10%,none,0.1474,0.1599,0.1023,0.2115,0.1213,0.8100,0.3870,0.0080,0.0010,0.0000,0.1683,0.0000,0.0050,0.0000,0.1580,4.4722,2.8571,1.0000,15.4127,11.9087,0.8980,1x,0.8000,0.1000,0.0000,0.8000
historical-repeat,1x 80% + BTC 10%,wide 20-50,0.1473,0.1598,0.1022,0.2114,0.1213,0.8100,0.3870,0.0070,0.0000,0.0000,0.1683,0.0000,0.0010,0.0000,0.1580,4.4722,2.8571,1.0000,15.4147,11.9087,0.8980,1x,0.8000,0.1000,0.0000,0.8000
historical-repeat,1x 80% + BTC 10%,D40 15-35,0.1467,0.1593,0.1015,0.2108,0.1213,0.8050,0.3800,0.0020,0.0000,0.0000,0.1683,0.0000,0.0000,0.0000,0.1576,4.4762,2.8571,1.0000,15.4444,11.9123,0.8900,1x,0.8000,0.1000,0.0000,0.8000
historical-repeat,1x 80% + BTC 10%,D30 10-25,0.1444,0.1575,0.0970,0.2095,0.1213,0.7870,0.3530,0.0000,0.0000,0.0000,0.1638,0.0000,0.0000,0.0000,0.1549,4.5397,2.8607,1.0000,15.6131,12.0063,0.8670,1x,0.8000,0.1000,0.0000,0.8000
historical-repeat,1x 80% + BTC 10%,floor 60%,0.1356,0.1467,0.0912,0.1974,0.1213,0.6930,0.2810,0.0000,0.0000,0.0000,0.1459,0.0000,0.0000,0.0000,0.1441,4.8948,3.0353,1.0000,16.7500,12.8004,0.7950,1x,0.8000,0.1000,0.0000,0.8000
historical-repeat,1x 80% + BTC 20%,none,0.2025,0.2259,0.1472,0.3044,0.1213,0.9610,0.8160,0.0290,0.0010,0.0000,0.1892,0.0000,0.0070,0.0000,0.2226,3.3056,1.8766,1.0000,11.0536,8.3056,0.9970,1x,0.8000,0.2000,0.0000,0.8000
historical-repeat,1x 80% + BTC 20%,wide 20-50,0.2023,0.2257,0.1467,0.3044,0.1213,0.9610,0.8150,0.0210,0.0000,0.0000,0.1892,0.0000,0.0010,0.0000,0.2221,3.3056,1.8766,1.0000,11.0556,8.3198,0.9970,1x,0.8000,0.2000,0.0000,0.8000
historical-repeat,1x 80% + BTC 20%,D40 15-35,0.2012,0.2243,0.1453,0.3042,0.1213,0.9610,0.8120,0.0070,0.0000,0.0000,0.1888,0.0000,0.0000,0.0000,0.2211,3.3095,1.8766,1.0000,11.1071,8.3877,0.9940,1x,0.8000,0.2000,0.0000,0.8000
historical-repeat,1x 80% + BTC 20%,D30 10-25,0.1972,0.2204,0.1393,0.3005,0.1213,0.9540,0.7920,0.0000,0.0000,0.0000,0.1808,0.0000,0.0000,0.0000,0.2164,3.3313,1.8885,1.0000,11.2619,8.4798,0.9880,1x,0.8000,0.2000,0.0000,0.8000
historical-repeat,1x 80% + BTC 20%,floor 60%,0.1850,0.2044,0.1292,0.2808,0.1213,0.9300,0.6990,0.0000,0.0000,0.0000,0.1605,0.0000,0.0000,0.0000,0.2014,3.5754,2.0119,1.0000,12.0893,9.0425,0.9770,1x,0.8000,0.2000,0.0000,0.8000
blend,2xS 60% + BTC 20% + gems 15%,D40 15-35,0.1608,0.1647,0.0331,0.3423,0.0861,0.8330,0.6495,0.1660,0.0000,0.0000,0.2422,0.0240,0.0000,0.0000,0.1682,4.0794,1.8056,0.9585,14.4167,7.4758,0.5805,2xS,0.6000,0.2000,0.1500,1.2000
blend,3x 60% + BTC 10% + gems 15%,D40 15-35,0.1512,0.1393,0.0175,0.3633,0.0861,0.7775,0.5695,0.6530,0.0095,0.0000,0.3184,0.0625,0.0315,0.0000,0.1417,4.1964,1.5429,0.9125,16.5357,6.8607,0.5490,3x,0.6000,0.1000,0.1500,1.8000
blend,3xS 50% + BTC 20% + gems 15%,none,0.1717,0.1790,0.0269,0.3792,0.0861,0.8335,0.6735,0.4780,0.1830,0.0530,0.2950,0.0440,0.3310,0.1215,0.1844,3.7738,1.5829,0.9565,13.2996,6.7813,0.6130,3xS,0.5000,0.2000,0.1500,1.5000
blend,1x 80% + BTC 20%,floor 60%,0.1293,0.1295,0.0416,0.2541,0.0861,0.7950,0.5100,0.0000,0.0000,0.0000,0.1696,0.0070,0.0000,0.0000,0.1276,5.1806,2.3806,0.9755,18.4405,10.0429,0.5280,1x,0.8000,0.2000,0.0000,0.8000
blend,3xS 60% + BTC 20% + gems 15%,wide 20-50,0.1740,0.1763,0.0144,0.4103,0.0861,0.8060,0.6490,0.6800,0.2275,0.0065,0.3366,0.0675,0.4000,0.0245,0.1837,3.6270,1.4087,0.9335,13.1190,6.2222,0.5995,3xS,0.6000,0.2000,0.1500,1.8000
blend,2x 50% + BTC 10%,floor 60%,0.1008,0.0962,0.0317,0.1968,0.0861,0.6710,0.2655,0.0000,0.0000,0.0000,0.1772,0.0115,0.0000,0.0000,0.0965,6.8968,3.1571,0.9405,,12.8163,0.4240,2x,0.5000,0.1000,0.0000,1.0000
blend,2x 60% + BTC 20%,D30 10-25,0.1419,0.1351,0.0290,0.3102,0.0861,0.7990,0.5685,0.0020,0.0000,0.0000,0.2348,0.0285,0.0000,0.0000,0.1354,4.6726,1.8452,0.9465,17.1806,8.0940,0.5440,2x,0.6000,0.2000,0.0000,1.2000
blend,2x 60% + BTC 20%,D40 15-35,0.1492,0.1469,0.0286,0.3217,0.0861,0.8210,0.6100,0.2460,0.0000,0.0000,0.2659,0.0310,0.0005,0.0000,0.1476,4.3552,1.8210,0.9520,15.7659,7.8008,0.5630,2x,0.6000,0.2000,0.0000,1.2000
blend,2x 60% + BTC 10%,wide 20-50,0.1178,0.1137,0.0265,0.2459,0.0861,0.7570,0.4345,0.2740,0.0215,0.0000,0.2569,0.0340,0.0660,0.0000,0.1165,5.5774,2.4401,0.9330,,10.2520,0.4965,2x,0.6000,0.1000,0.0000,1.2000
blend,3x 50% + BTC 10% + gems 15%,D30 10-25,0.1383,0.1262,0.0267,0.3153,0.0861,0.7815,0.5430,0.0170,0.0000,0.0000,0.2470,0.0350,0.0000,0.0000,0.1292,4.8710,1.8250,0.9330,18.1190,8.0194,0.5240,3x,0.5000,0.1000,0.1500,1.5000
blend,2x 40% + BTC 10% + gems 15%,D30 10-25,0.1267,0.1246,0.0484,0.2384,0.0861,0.8150,0.4990,0.0000,0.0000,0.0000,0.1601,0.0025,0.0000,0.0000,0.1285,5.4345,2.7615,0.9850,18.5476,10.6333,0.5120,2x,0.4000,0.1000,0.1500,0.8000
blend,2xS 80% + BTC 10%,floor 60%,0.0959,0.0908,0.0129,0.2109,0.0861,0.6065,0.2670,0.0590,0.0000,0.0000,0.2372,0.0485,0.0000,0.0000,0.0899,6.8631,2.6429,0.8660,,11.6865,0.4110,2xS,0.8000,0.1000,0.0000,1.6000
blend,1x 80% + BTC 20%,none,0.1405,0.1433,0.0430,0.2783,0.0861,0.8320,0.5865,0.1055,0.0150,0.0010,0.2087,0.0145,0.0440,0.0060,0.1422,4.7460,2.2063,0.9755,16.7202,9.2016,0.5630,1x,0.8000,0.2000,0.0000,0.8000
blend,3x 40% + BTC 30% + gems 15%,wide 20-50,0.2107,0.2158,0.0455,0.4730,0.0861,0.8845,0.7485,0.4670,0.0835,0.0000,0.2948,0.0280,0.1705,0.0005,0.2234,3.0258,1.2460,0.9775,11.1964,5.4603,0.7005,3x,0.4000,0.3000,0.1500,1.2000
blend,2x 50% + BTC 10%,none,0.1115,0.1099,0.0330,0.2197,0.0861,0.7470,0.3735,0.1355,0.0150,0.0010,0.2166,0.0190,0.0525,0.0095,0.1110,6.0139,2.8214,0.9525,,11.4274,0.4800,2x,0.5000,0.1000,0.0000,1.0000
blend,2x 40% + BTC 10% + gems 15%,D40 15-35,0.1282,0.1262,0.0496,0.2397,0.0861,0.8195,0.5095,0.0020,0.0000,0.0000,0.1628,0.0025,0.0000,0.0000,0.1301,5.4067,2.7575,0.9865,18.3790,10.5790,0.5150,2x,0.4000,0.1000,0.1500,0.8000
blend,2x 40% + BTC 20%,D40 15-35,0.1371,0.1395,0.0397,0.2737,0.0861,0.8205,0.5655,0.0345,0.0000,0.0000,0.2080,0.0135,0.0000,0.0000,0.1381,4.8532,2.2179,0.9700,17.1964,9.3409,0.5535,2x,0.4000,0.2000,0.0000,0.8000
blend,2x 60% + BTC 30%,wide 20-50,0.1842,0.1883,0.0312,0.4141,0.0861,0.8520,0.6995,0.5450,0.1135,0.0005,0.3085,0.0400,0.2280,0.0020,0.1886,3.4365,1.3690,0.9625,12.5833,6.1504,0.6535,2x,0.6000,0.3000,0.0000,1.2000
blend,3x 50% + BTC 30%,floor 60%,0.1673,0.1605,0.0294,0.3813,0.0861,0.8230,0.6460,0.1410,0.0000,0.0000,0.2578,0.0295,0.0000,0.0000,0.1598,3.8929,1.3690,0.9530,14.5655,6.5341,0.5890,3x,0.5000,0.3000,0.0000,1.5000
blend,2x 70% + BTC 20%,wide 20-50,0.1578,0.1548,0.0251,0.3508,0.0861,0.8200,0.6265,0.5595,0.1165,0.0000,0.3109,0.0490,0.2350,0.0025,0.1578,4.0833,1.6508,0.9425,14.9167,7.2095,0.5780,2x,0.7000,0.2000,0.0000,1.4000
blend,3xS 60% + BTC 10%,D40 15-35,0.1096,0.1038,0.0010,0.2640,0.0861,0.6645,0.3845,0.6080,0.0095,0.0000,0.3134,0.0965,0.0265,0.0000,0.1019,5.6369,2.0829,0.8560,,9.3849,0.4755,3xS,0.6000,0.1000,0.0000,1.8000
blend,3xS 50% + BTC 20%,none,0.1465,0.1516,0.0151,0.3281,0.0861,0.7875,0.6000,0.5645,0.2280,0.0755,0.3132,0.0650,0.3985,0.1675,0.1542,4.3155,1.7893,0.9325,15.3790,7.7258,0.5725,3xS,0.5000,0.2000,0.0000,1.5000
blend,3xS 50% + BTC 10%,D30 10-25,0.1004,0.0952,0.0120,0.2262,0.0861,0.6290,0.3110,0.0165,0.0000,0.0000,0.2444,0.0550,0.0000,0.0000,0.0932,6.5179,2.4837,0.8720,,11.1063,0.4250,3xS,0.5000,0.1000,0.0000,1.5000
blend,3xS 50% + BTC 10% + gems 15%,floor 60%,0.1192,0.1142,0.0232,0.2563,0.0861,0.7345,0.4415,0.0165,0.0000,0.0000,0.2171,0.0250,0.0000,0.0000,0.1158,5.7044,2.3806,0.9240,,9.8810,0.4960,3xS,0.5000,0.1000,0.1500,1.5000
blend,3xS 50% + BTC 10%,D40 15-35,0.1071,0.1056,0.0076,0.2410,0.0861,0.6690,0.3605,0.3560,0.0000,0.0000,0.2788,0.0675,0.0040,0.0000,0.1038,5.9385,2.4278,0.8755,,10.5230,0.4690,3xS,0.5000,0.1000,0.0000,1.5000
blend,1x 80% + BTC 10%,D30 10-25,0.1033,0.1013,0.0372,0.1933,0.0861,0.6925,0.2810,0.0000,0.0000,0.0000,0.1690,0.0070,0.0000,0.0000,0.1011,6.6607,3.3286,0.9600,,13.0746,0.4420,1x,0.8000,0.1000,0.0000,0.8000
blend,2x 50% + BTC 30% + gems 15%,wide 20-50,0.2031,0.2087,0.0475,0.4446,0.0861,0.8850,0.7490,0.3285,0.0410,0.0000,0.2682,0.0215,0.1055,0.0000,0.2166,3.1944,1.3571,0.9820,11.5218,5.8175,0.6945,2x,0.5000,0.3000,0.1500,1.0000
blend,2x 50% + BTC 20%,D30 10-25,0.1390,0.1374,0.0332,0.2895,0.0861,0.8100,0.5675,0.0005,0.0000,0.0000,0.2160,0.0165,0.0000,0.0000,0.1364,4.7976,1.9798,0.9600,17.3512,8.7413,0.5445,2x,0.5000,0.2000,0.0000,1.0000
blend,1x 80% + BTC 10%,D40 15-35,0.1049,0.1037,0.0384,0.1950,0.0861,0.7055,0.3000,0.0040,0.0000,0.0000,0.1740,0.0090,0.0000,0.0000,0.1045,6.5496,3.3214,0.9655,,12.9996,0.4555,1x,0.8000,0.1000,0.0000,0.8000
blend,2x 40% + BTC 30%,floor 60%,0.1549,0.1554,0.0402,0.3251,0.0861,0.8340,0.6310,0.0025,0.0000,0.0000,0.1985,0.0100,0.0000,0.0000,0.1534,4.2817,1.7337,0.9745,15.2183,7.8286,0.5980,2x,0.4000,0.3000,0.0000,0.8000
blend,SPY 80% + BTC 20%,D30 10-25,0.1333,0.1337,0.0331,0.2785,0.0861,0.8675,0.5335,0.0395,0.0000,0.0000,0.2505,0.0220,0.0000,0.0000,0.1312,4.7202,2.0516,0.9600,17.7877,9.0472,0.5500,SPY,0.8000,0.2000,0.0000,0.8000
blend,3xS 50% + BTC 10% + gems 15%,none,0.1369,0.1378,0.0203,0.2939,0.0861,0.7845,0.5655,0.3920,0.1250,0.0250,0.2780,0.0455,0.2525,0.0775,0.1397,4.7103,2.0873,0.9370,16.8492,8.6294,0.5355,3xS,0.5000,0.1000,0.1500,1.5000
blend,3xS 50% + BTC 30% + gems 15%,D30 10-25,0.1849,0.1816,0.0299,0.4393,0.0861,0.8340,0.6770,0.0400,0.0000,0.0000,0.2560,0.0350,0.0000,0.0000,0.1850,3.5060,1.2460,0.9580,13.0020,5.8091,0.6150,3xS,0.5000,0.3000,0.1500,1.5000
blend,3xS 50% + BTC 30% + gems 15%,D40 15-35,0.1965,0.1994,0.0276,0.4624,0.0861,0.8430,0.6920,0.4850,0.0040,0.0000,0.2980,0.0430,0.0135,0.0000,0.2067,3.2044,1.2262,0.9585,11.7202,5.5706,0.6430,3xS,0.5000,0.3000,0.1500,1.5000
blend,2xS 60% + BTC 30%,floor 60%,0.1515,0.1500,0.0311,0.3344,0.0861,0.8070,0.5980,0.0400,0.0000,0.0000,0.2271,0.0255,0.0000,0.0000,0.1485,4.3472,1.6587,0.9540,15.4563,7.6266,0.5785,2xS,0.6000,0.3000,0.0000,1.2000
blend,3x 50% + BTC 10% + gems 15%,floor 60%,0.1328,0.1217,0.0299,0.2898,0.0861,0.7810,0.5185,0.0325,0.0000,0.0000,0.2311,0.0225,0.0000,0.0000,0.1266,5.1607,1.9956,0.9405,18.5813,8.7615,0.5155,3x,0.5000,0.1000,0.1500,1.5000
blend,3xS 50% + BTC 20% + gems 15%,wide 20-50,0.1698,0.1753,0.0254,0.3776,0.0861,0.8290,0.6625,0.4610,0.0990,0.0005,0.2927,0.0440,0.2060,0.0035,0.1796,3.8095,1.5829,0.9490,13.5456,6.7817,0.6005,3xS,0.5000,0.2000,0.1500,1.5000
blend,2x 80% + BTC 10%,floor 60%,0.1098,0.0988,0.0180,0.2478,0.0861,0.6915,0.3660,0.0860,0.0000,0.0000,0.2484,0.0415,0.0000,0.0000,0.0989,6.1647,2.2143,0.8960,,10.0790,0.4600,2x,0.8000,0.1000,0.0000,1.6000
blend,2x 40% + BTC 20% + gems 15%,none,0.1635,0.1658,0.0540,0.3241,0.0861,0.8750,0.6870,0.0700,0.0090,0.0005,0.1963,0.0080,0.0270,0.0030,0.1712,4.1091,1.9544,0.9880,14.4762,7.9282,0.6050,2x,0.4000,0.2000,0.1500,0.8000
blend,3xS 60% + BTC 20% + gems 15%,D40 15-35,0.1676,0.1646,0.0152,0.4003,0.0861,0.7930,0.6295,0.5820,0.0075,0.0000,0.3105,0.0595,0.0265,0.0000,0.1692,3.7718,1.4087,0.9250,14.2480,6.3683,0.5785,3xS,0.6000,0.2000,0.1500,1.8000
blend,2xS 60% + BTC 30%,none,0.1711,0.1789,0.0261,0.3839,0.0861,0.8330,0.6655,0.5185,0.2090,0.0675,0.3039,0.0505,0.3595,0.1600,0.1776,3.6766,1.4877,0.9565,13.0575,6.7052,0.6375,2xS,0.6000,0.3000,0.0000,1.2000
blend,3xS 50% + BTC 10%,floor 60%,0.0964,0.0926,0.0152,0.2072,0.0861,0.6165,0.2670,0.0325,0.0000,0.0000,0.2261,0.0395,0.0000,0.0000,0.0917,6.8710,2.7659,0.8780,,12.0294,0.4115,3xS,0.5000,0.1000,0.0000,1.5000
blend,1x 80% + BTC 20%,wide 20-50,0.1401,0.1434,0.0423,0.2783,0.0861,0.8315,0.5850,0.0890,0.0020,0.0000,0.2087,0.0155,0.0100,0.0000,0.1419,4.7560,2.2099,0.9750,16.7738,9.2016,0.5630,1x,0.8000,0.2000,0.0000,0.8000
blend,2x 80% + BTC 10%,none,0.1320,0.1279,0.0157,0.2987,0.0861,0.7655,0.5350,0.6695,0.2755,0.0780,0.3378,0.0655,0.4840,0.1855,0.1298,4.7440,1.9202,0.9220,17.6964,8.3996,0.5320,2x,0.8000,0.1000,0.0000,1.6000
blend,2x 60% + BTC 10%,D30 10-25,0.1099,0.1027,0.0257,0.2331,0.0861,0.7180,0.3615,0.0010,0.0000,0.0000,0.2247,0.0295,0.0000,0.0000,0.1033,6.1071,2.4877,0.9185,,10.7933,0.4670,2x,0.6000,0.1000,0.0000,1.2000
blend,2x 50% + BTC 10%,wide 20-50,0.1110,0.1084,0.0322,0.2195,0.0861,0.7450,0.3675,0.1240,0.0020,0.0000,0.2165,0.0200,0.0155,0.0000,0.1101,6.0357,2.8214,0.9480,,11.4321,0.4775,2x,0.5000,0.1000,0.0000,1.0000
blend,3x 40% + BTC 20%,none,0.1549,0.1558,0.0350,0.3281,0.0861,0.8430,0.6410,0.3900,0.1095,0.0195,0.2805,0.0295,0.2240,0.0635,0.1579,4.2004,1.8127,0.9650,15.1349,7.7012,0.5860,3x,0.4000,0.2000,0.0000,1.2000
blend,3xS 60% + BTC 10% + gems 15%,D30 10-25,0.1237,0.1122,0.0132,0.2938,0.0861,0.7130,0.4615,0.0605,0.0000,0.0000,0.2595,0.0535,0.0005,0.0000,0.1124,5.3313,1.9048,0.8880,,8.5552,0.4945,3xS,0.6000,0.1000,0.1500,1.8000
blend,1x 80% + BTC 10%,floor 60%,0.0979,0.0955,0.0375,0.1802,0.0861,0.6370,0.2415,0.0000,0.0000,0.0000,0.1482,0.0040,0.0000,0.0000,0.0954,7.0992,3.5115,0.9625,,13.9948,0.4010,1x,0.8000,0.1000,0.0000,0.8000
blend,3x 40% + BTC 30% + gems 15%,D30 10-25,0.1963,0.1913,0.0409,0.4482,0.0861,0.8650,0.7095,0.0075,0.0000,0.0000,0.2425,0.0180,0.0000,0.0000,0.1999,3.3095,1.2575,0.9750,12.4087,5.6536,0.6485,3x,0.4000,0.3000,0.1500,1.2000
blend,2x 60% + BTC 10%,D40 15-35,0.1155,0.1109,0.0257,0.2430,0.0861,0.7480,0.4135,0.1705,0.0000,0.0000,0.2494,0.0355,0.0005,0.0000,0.1110,5.7798,2.4440,0.9305,,10.3861,0.4870,2x,0.6000,0.1000,0.0000,1.2000
blend,2x 50% + BTC 20%,floor 60%,0.1319,0.1294,0.0362,0.2684,0.0861,0.7990,0.5285,0.0010,0.0000,0.0000,0.1936,0.0110,0.0000,0.0000,0.1289,5.0754,2.1540,0.9645,18.2639,9.4004,0.5260,2x,0.5000,0.2000,0.0000,1.0000
blend,3x 40% + BTC 30% + gems 15%,D40 15-35,0.2063,0.2084,0.0415,0.4660,0.0861,0.8790,0.7320,0.3350,0.0000,0.0000,0.2782,0.0215,0.0010,0.0000,0.2154,3.1349,1.2496,0.9780,11.5357,5.4802,0.6790,3x,0.4000,0.3000,0.1500,1.2000
blend,2xS 60% + BTC 10% + gems 15%,none,0.1286,0.1301,0.0300,0.2599,0.0861,0.7855,0.5205,0.1790,0.0320,0.0035,0.2220,0.0220,0.0840,0.0155,0.1329,5.1627,2.4758,0.9520,17.9921,9.7778,0.5180,2xS,0.6000,0.1000,0.1500,1.2000
blend,2x 60% + BTC 30%,D40 15-35,0.1797,0.1796,0.0298,0.4073,0.0861,0.8440,0.6860,0.4035,0.0000,0.0000,0.2884,0.0350,0.0025,0.0000,0.1789,3.5417,1.3690,0.9590,13.0536,6.2103,0.6360,2x,0.6000,0.3000,0.0000,1.2000
blend,SPY 80% + BTC 20%,floor 60%,0.1295,0.1301,0.0373,0.2620,0.0861,0.8730,0.5025,0.0625,0.0000,0.0000,0.2344,0.0170,0.0000,0.0000,0.1292,4.9841,2.2381,0.9645,18.4167,9.6821,0.5400,SPY,0.8000,0.2000,0.0000,0.8000
blend,2x 70% + BTC 20%,D40 15-35,0.1531,0.1458,0.0231,0.3458,0.0861,0.8110,0.6060,0.4215,0.0005,0.0000,0.2900,0.0440,0.0045,0.0000,0.1497,4.2540,1.6508,0.9345,15.6091,7.3333,0.5650,2x,0.7000,0.2000,0.0000,1.4000
blend,2x 50% + BTC 30% + gems 15%,D30 10-25,0.1929,0.1918,0.0440,0.4277,0.0861,0.8740,0.7125,0.0010,0.0000,0.0000,0.2283,0.0130,0.0000,0.0000,0.1984,3.3710,1.3726,0.9800,12.4067,6.0079,0.6550,2x,0.5000,0.3000,0.1500,1.0000
blend,2x 60% + BTC 10% + gems 15%,floor 60%,0.1282,0.1208,0.0365,0.2637,0.0861,0.7895,0.4995,0.0010,0.0000,0.0000,0.1963,0.0115,0.0000,0.0000,0.1263,5.3988,2.3052,0.9565,18.7798,9.5790,0.5125,2x,0.6000,0.1000,0.1500,1.2000
blend,2x 40% + BTC 30% + gems 15%,none,0.1964,0.2039,0.0531,0.4177,0.0861,0.8905,0.7440,0.2345,0.0555,0.0085,0.2420,0.0155,0.1250,0.0265,0.2072,3.3036,1.4762,0.9860,11.9940,6.2488,0.6980,2x,0.4000,0.3000,0.1500,0.8000
blend,2x 70% + BTC 30%,D30 10-25,0.1710,0.1621,0.0266,0.4007,0.0861,0.8195,0.6435,0.0550,0.0000,0.0000,0.2598,0.0355,0.0000,0.0000,0.1598,3.7897,1.2893,0.9455,14.4147,6.1810,0.5965,2x,0.7000,0.3000,0.0000,1.4000
blend,2x 50% + BTC 30% + gems 15%,D40 15-35,0.2003,0.2032,0.0458,0.4412,0.0861,0.8825,0.7360,0.2085,0.0000,0.0000,0.2567,0.0180,0.0000,0.0000,0.2109,3.2361,1.3647,0.9810,11.8175,5.8567,0.6835,2x,0.5000,0.3000,0.1500,1.0000
blend,3xS 50% + BTC 10% + gems 15%,wide 20-50,0.1355,0.1355,0.0183,0.2934,0.0861,0.7790,0.5525,0.3800,0.0610,0.0000,0.2764,0.0470,0.1455,0.0020,0.1366,4.7480,2.0873,0.9275,17.0417,8.6345,0.5315,3xS,0.5000,0.1000,0.1500,1.5000
blend,2xS 60% + BTC 10%,D30 10-25,0.0976,0.0962,0.0179,0.2053,0.0861,0.6250,0.2715,0.0000,0.0000,0.0000,0.2159,0.0320,0.0000,0.0000,0.0942,6.7639,2.9718,0.8945,,12.2821,0.4150,2xS,0.6000,0.1000,0.0000,1.2000
blend,2x 70% + BTC 10%,none,0.1258,0.1220,0.0224,0.2720,0.0861,0.7685,0.5025,0.4895,0.1565,0.0320,0.2980,0.0525,0.3055,0.1010,0.1233,5.1667,2.1734,0.9310,18.8690,9.2484,0.5150,2x,0.7000,0.1000,0.0000,1.4000
blend,2x 50% + BTC 30%,floor 60%,0.1595,0.1591,0.0380,0.3425,0.0861,0.8340,0.6435,0.0105,0.0000,0.0000,0.2158,0.0140,0.0000,0.0000,0.1564,4.1766,1.6587,0.9705,14.9325,7.4266,0.5955,2x,0.5000,0.3000,0.0000,1.0000
blend,3xS 60% + BTC 10% + gems 15%,floor 60%,0.1200,0.1119,0.0167,0.2714,0.0861,0.7210,0.4445,0.0905,0.0000,0.0000,0.2473,0.0415,0.0000,0.0000,0.1125,5.5556,2.1032,0.8930,,9.2143,0.4915,3xS,0.6000,0.1000,0.1500,1.8000
blend,3xS 50% + BTC 20% + gems 15%,D30 10-25,0.1570,0.1518,0.0265,0.3572,0.0861,0.8020,0.6130,0.0165,0.0000,0.0000,0.2449,0.0350,0.0000,0.0000,0.1560,4.2222,1.6230,0.9435,15.3948,7.0984,0.5625,3xS,0.5000,0.2000,0.1500,1.5000
blend,3x 40% + BTC 30% + gems 15%,floor 60%,0.1872,0.1831,0.0433,0.4148,0.0861,0.8635,0.7030,0.0210,0.0000,0.0000,0.2256,0.0140,0.0000,0.0000,0.1915,3.5813,1.4044,0.9785,12.9147,6.2063,0.6390,3x,0.4000,0.3000,0.1500,1.2000
blend,3x 50% + BTC 30% + gems 15%,none,0.2230,0.2296,0.0410,0.5154,0.0861,0.8840,0.7490,0.7090,0.3015,0.0970,0.3463,0.0365,0.5010,0.2030,0.2418,2.8393,1.1107,0.9725,10.5357,4.9516,0.7160,3x,0.5000,0.3000,0.1500,1.5000
blend,3x 40% + BTC 20% + gems 15%,floor 60%,0.1600,0.1554,0.0427,0.3393,0.0861,0.8495,0.6540,0.0050,0.0000,0.0000,0.2081,0.0100,0.0000,0.0000,0.1611,4.2401,1.7734,0.9760,15.2341,7.5075,0.5690,3x,0.4000,0.2000,0.1500,1.2000
blend,3xS 50% + BTC 20% + gems 15%,D40 15-35,0.1659,0.1676,0.0246,0.3735,0.0861,0.8180,0.6450,0.3505,0.0000,0.0000,0.2790,0.0425,0.0030,0.0000,0.1719,3.8849,1.5829,0.9430,14.1052,6.8333,0.5845,3xS,0.5000,0.2000,0.1500,1.5000
blend,2x 50% + BTC 30%,none,0.1792,0.1857,0.0381,0.3895,0.0861,0.8600,0.7030,0.4260,0.1240,0.0285,0.2836,0.0320,0.2465,0.0885,0.1846,3.6052,1.5000,0.9720,12.9107,6.6218,0.6615,2x,0.5000,0.3000,0.0000,1.0000
blend,2xS 60% + BTC 30%,wide 20-50,0.1697,0.1759,0.0252,0.3826,0.0861,0.8250,0.6600,0.4940,0.1145,0.0010,0.2991,0.0500,0.2255,0.0035,0.1733,3.6984,1.4877,0.9515,13.4742,6.7214,0.6265,2xS,0.6000,0.3000,0.0000,1.2000
blend,SPY 80% + BTC 10%,floor 60%,0.0984,0.0991,0.0303,0.1882,0.0861,0.7665,0.1030,0.0450,0.0000,0.0000,0.2279,0.0165,0.0000,0.0000,0.0961,6.7103,3.1774,0.9435,,13.3385,0.3900,SPY,0.8000,0.1000,0.0000,0.8000
blend,3x 50% + BTC 10% + gems 15%,wide 20-50,0.1530,0.1491,0.0293,0.3353,0.0861,0.8195,0.6125,0.4905,0.0820,0.0000,0.2978,0.0435,0.1785,0.0015,0.1541,4.2937,1.7889,0.9460,15.6171,7.5591,0.5595,3x,0.5000,0.1000,0.1500,1.5000
blend,2x 80% + BTC 10%,wide 20-50,0.1284,0.1228,0.0127,0.2951,0.0861,0.7445,0.5090,0.6525,0.1710,0.0010,0.3286,0.0690,0.3365,0.0090,0.1226,4.9286,1.9206,0.9090,18.6389,8.5413,0.5175,2x,0.8000,0.1000,0.0000,1.6000
blend,1x 80% + BTC 20%,D30 10-25,0.1364,0.1377,0.0403,0.2725,0.0861,0.8155,0.5635,0.0000,0.0000,0.0000,0.1935,0.0095,0.0000,0.0000,0.1361,4.9008,2.2218,0.9720,17.5476,9.3762,0.5475,1x,0.8000,0.2000,0.0000,0.8000
blend,2x 50% + BTC 10%,D30 10-25,0.1065,0.1017,0.0307,0.2144,0.0861,0.7115,0.3230,0.0000,0.0000,0.0000,0.1997,0.0145,0.0000,0.0000,0.1017,6.3452,2.8476,0.9375,,11.8440,0.4570,2x,0.5000,0.1000,0.0000,1.0000
blend,3x 40% + BTC 30%,floor 60%,0.1638,0.1614,0.0350,0.3606,0.0861,0.8325,0.6530,0.0330,0.0000,0.0000,0.2324,0.0190,0.0000,0.0000,0.1596,4.0675,1.5357,0.9655,14.6766,7.0151,0.5970,3x,0.4000,0.3000,0.0000,1.2000
blend,3x 40% + BTC 20% + gems 15%,none,0.1801,0.1814,0.0480,0.3816,0.0861,0.8755,0.7060,0.3215,0.0735,0.0115,0.2661,0.0190,0.1595,0.0450,0.1893,3.6567,1.6270,0.9780,13.2381,6.7377,0.6355,3x,0.4000,0.2000,0.1500,1.2000
blend,1x 80% + BTC 20%,D40 15-35,0.1392,0.1419,0.0415,0.2770,0.0861,0.8285,0.5800,0.0315,0.0000,0.0000,0.2066,0.0125,0.0000,0.0000,0.1409,4.7857,2.2099,0.9740,16.9940,9.2417,0.5595,1x,0.8000,0.2000,0.0000,0.8000
blend,2x 50% + BTC 30% + gems 15%,floor 60%,0.1831,0.1814,0.0472,0.3979,0.0861,0.8705,0.7075,0.0070,0.0000,0.0000,0.2084,0.0100,0.0000,0.0000,0.1867,3.6270,1.5079,0.9820,13.1766,6.5151,0.6400,2x,0.5000,0.3000,0.1500,1.0000
blend,2x 50% + BTC 10%,D40 15-35,0.1098,0.1067,0.0311,0.2189,0.0861,0.7355,0.3560,0.0540,0.0000,0.0000,0.2143,0.0195,0.0000,0.0000,0.1083,6.1091,2.8214,0.9415,,11.4468,0.4725,2x,0.5000,0.1000,0.0000,1.0000
blend,SPY 80% + BTC 10%,none,0.1105,0.1157,0.0304,0.2123,0.0861,0.9025,0.2530,0.4920,0.1565,0.0425,0.2980,0.0340,0.2905,0.0955,0.1135,5.7679,2.8968,0.9480,,11.9754,0.4820,SPY,0.8000,0.1000,0.0000,0.8000
blend,2xS 60% + BTC 10% + gems 15%,wide 20-50,0.1281,0.1299,0.0295,0.2599,0.0861,0.7820,0.5180,0.1620,0.0085,0.0000,0.2221,0.0230,0.0300,0.0000,0.1320,5.1667,2.4758,0.9480,18.0536,9.7778,0.5160,2xS,0.6000,0.1000,0.1500,1.2000
blend,2x 70% + BTC 30%,floor 60%,0.1653,0.1597,0.0306,0.3736,0.0861,0.8250,0.6445,0.0980,0.0000,0.0000,0.2501,0.0285,0.0000,0.0000,0.1588,3.9980,1.4167,0.9560,14.7540,6.7179,0.5885,2x,0.7000,0.3000,0.0000,1.4000
blend,3xS 50% + BTC 20%,D30 10-25,0.1323,0.1264,0.0199,0.3034,0.0861,0.7490,0.5130,0.0290,0.0000,0.0000,0.2510,0.0465,0.0000,0.0000,0.1266,4.8631,1.8333,0.9140,18.2222,8.2456,0.5250,3xS,0.5000,0.2000,0.0000,1.5000
blend,3xS 60% + BTC 30%,none,0.1852,0.1955,0.0066,0.4501,0.0861,0.8110,0.6740,0.8245,0.4510,0.2190,0.3862,0.0870,0.6535,0.3800,0.1954,3.2857,1.2103,0.9365,12.0913,5.7091,0.6490,3xS,0.6000,0.3000,0.0000,1.8000
blend,3x 40% + BTC 30%,none,0.1877,0.1933,0.0349,0.4192,0.0861,0.8640,0.7125,0.5605,0.2050,0.0545,0.3146,0.0370,0.3645,0.1330,0.1957,3.3810,1.3683,0.9680,12.3175,6.0829,0.6690,3x,0.4000,0.3000,0.0000,1.2000
blend,2xS 60% + BTC 10%,floor 60%,0.0926,0.0903,0.0207,0.1887,0.0861,0.5970,0.2160,0.0020,0.0000,0.0000,0.1928,0.0220,0.0000,0.0000,0.0896,7.2738,3.2536,0.9010,,13.5111,0.3805,2xS,0.6000,0.1000,0.0000,1.2000
blend,2x 50% + BTC 20%,wide 20-50,0.1456,0.1471,0.0373,0.2990,0.0861,0.8335,0.6130,0.2200,0.0130,0.0000,0.2439,0.0235,0.0470,0.0000,0.1478,4.5099,1.9754,0.9680,16.2024,8.4556,0.5660,2x,0.5000,0.2000,0.0000,1.0000
blend,2x 40% + BTC 10%,none,0.1034,0.1018,0.0380,0.1921,0.0861,0.6925,0.2840,0.0285,0.0015,0.0000,0.1752,0.0095,0.0090,0.0000,0.1031,6.6567,3.3448,0.9645,,13.1782,0.4490,2x,0.4000,0.1000,0.0000,0.8000
blend,2x 40% + BTC 30% + gems 15%,wide 20-50,0.1957,0.2030,0.0516,0.4176,0.0861,0.8885,0.7420,0.2125,0.0155,0.0000,0.2416,0.0140,0.0475,0.0000,0.2062,3.3095,1.4762,0.9860,12.0020,6.2488,0.6930,2x,0.4000,0.3000,0.1500,0.8000
blend,2x 60% + BTC 20% + gems 15%,none,0.1789,0.1800,0.0468,0.3802,0.0861,0.8720,0.7010,0.3245,0.0760,0.0115,0.2668,0.0200,0.1630,0.0460,0.1880,3.6885,1.6306,0.9770,13.3611,6.7774,0.6330,2x,0.6000,0.2000,0.1500,1.2000
blend,SPY 80% + BTC 20%,wide 20-50,0.1431,0.1478,0.0337,0.2928,0.0861,0.9035,0.6030,0.5480,0.1175,0.0020,0.3080,0.0310,0.2255,0.0045,0.1469,4.3690,2.0274,0.9620,16.0218,8.6861,0.5960,SPY,0.8000,0.2000,0.0000,0.8000
blend,3xS 50% + BTC 10% + gems 15%,D30 10-25,0.1251,0.1174,0.0198,0.2782,0.0861,0.7375,0.4795,0.0085,0.0000,0.0000,0.2371,0.0375,0.0000,0.0000,0.1203,5.2837,2.1349,0.9110,19.6429,9.0583,0.5040,3xS,0.5000,0.1000,0.1500,1.5000
blend,2x 60% + BTC 10% + gems 15%,wide 20-50,0.1432,0.1406,0.0384,0.2945,0.0861,0.8295,0.6075,0.2095,0.0100,0.0000,0.2437,0.0190,0.0405,0.0000,0.1453,4.6806,2.0992,0.9635,16.8413,8.6746,0.5385,2x,0.6000,0.1000,0.1500,1.2000
blend,3xS 50% + BTC 10% + gems 15%,D40 15-35,0.1324,0.1308,0.0182,0.2898,0.0861,0.7670,0.5300,0.2710,0.0000,0.0000,0.2659,0.0440,0.0005,0.0000,0.1322,4.8353,2.0909,0.9230,17.9187,8.7341,0.5230,3xS,0.5000,0.1000,0.1500,1.5000
blend,3xS 60% + BTC 20%,none,0.1525,0.1585,0.0040,0.3606,0.0861,0.7745,0.6040,0.7605,0.3750,0.1655,0.3639,0.0915,0.5845,0.3175,0.1606,3.9782,1.5357,0.9190,14.7917,7.0194,0.5825,3xS,0.6000,0.2000,0.0000,1.8000
blend,3x 60% + BTC 30%,none,0.2065,0.2106,0.0209,0.5001,0.0861,0.8485,0.7090,0.8975,0.5360,0.2340,0.4091,0.0675,0.7645,0.4110,0.2167,2.9702,1.0913,0.9530,11.2222,5.0429,0.6810,3x,0.6000,0.3000,0.0000,1.8000
blend,3x 60% + BTC 10%,floor 60%,0.1126,0.1001,0.0148,0.2624,0.0861,0.6950,0.3960,0.1915,0.0000,0.0000,0.2670,0.0535,0.0000,0.0000,0.0999,5.9683,2.0270,0.8875,,9.4599,0.4620,3x,0.6000,0.1000,0.0000,1.8000
blend,3x 60% + BTC 10%,none,0.1393,0.1346,0.0100,0.3268,0.0861,0.7655,0.5560,0.8140,0.4040,0.1535,0.3746,0.0770,0.6540,0.3025,0.1369,4.4286,1.7250,0.9170,16.7024,7.6425,0.5490,3x,0.6000,0.1000,0.0000,1.8000
blend,2x 50% + BTC 30%,wide 20-50,0.1778,0.1838,0.0356,0.3883,0.0861,0.8565,0.6970,0.4015,0.0570,0.0000,0.2803,0.0320,0.1380,0.0000,0.1815,3.6111,1.5000,0.9685,12.9702,6.6310,0.6535,2x,0.5000,0.3000,0.0000,1.0000
blend,3x 40% + BTC 10% + gems 15%,none,0.1453,0.1427,0.0414,0.2962,0.0861,0.8365,0.6180,0.2270,0.0320,0.0035,0.2426,0.0160,0.0925,0.0190,0.1476,4.6389,2.0913,0.9700,16.5060,8.6377,0.5460,3x,0.4000,0.1000,0.1500,1.2000
blend,2x 40% + BTC 20% + gems 15%,D30 10-25,0.1599,0.1599,0.0497,0.3205,0.0861,0.8625,0.6680,0.0000,0.0000,0.0000,0.1846,0.0065,0.0000,0.0000,0.1657,4.2004,1.9599,0.9855,14.9464,7.9984,0.5860,2x,0.4000,0.2000,0.1500,0.8000
blend,2xS 80% + BTC 20%,none,0.1472,0.1528,0.0101,0.3374,0.0861,0.7765,0.5950,0.6285,0.2800,0.0995,0.3320,0.0785,0.4710,0.2145,0.1549,4.2758,1.7218,0.9235,15.3075,7.5472,0.5700,2xS,0.8000,0.2000,0.0000,1.6000
blend,3xS 50% + BTC 20%,floor 60%,0.1270,0.1232,0.0213,0.2817,0.0861,0.7530,0.4885,0.0530,0.0000,0.0000,0.2349,0.0360,0.0000,0.0000,0.1221,5.1131,2.0159,0.9265,18.7956,9.0278,0.5140,3xS,0.5000,0.2000,0.0000,1.5000
blend,2xS 60% + BTC 30%,D30 10-25,0.1588,0.1559,0.0283,0.3622,0.0861,0.8100,0.6160,0.0135,0.0000,0.0000,0.2439,0.0360,0.0000,0.0000,0.1548,4.0734,1.5115,0.9525,14.8155,7.0262,0.5880,2xS,0.6000,0.3000,0.0000,1.2000
blend,3xS 60% + BTC 10% + gems 15%,wide 20-50,0.1400,0.1376,0.0083,0.3237,0.0861,0.7570,0.5565,0.6210,0.1745,0.0020,0.3259,0.0790,0.3405,0.0120,0.1404,4.4861,1.8567,0.9030,16.6409,7.8448,0.5405,3xS,0.6000,0.1000,0.1500,1.8000
blend,2x 80% + BTC 10%,D30 10-25,0.1125,0.1000,0.0145,0.2647,0.0861,0.6865,0.3925,0.0630,0.0000,0.0000,0.2599,0.0580,0.0005,0.0000,0.1001,5.9067,2.0115,0.8800,,9.4159,0.4655,2x,0.8000,0.1000,0.0000,1.6000
blend,2xS 60% + BTC 30%,D40 15-35,0.1665,0.1701,0.0261,0.3787,0.0861,0.8170,0.6450,0.3645,0.0005,0.0000,0.2819,0.0460,0.0015,0.0000,0.1663,3.8115,1.4952,0.9505,13.7242,6.7833,0.6155,2xS,0.6000,0.3000,0.0000,1.2000
blend,3x 40% + BTC 20% + gems 15%,wide 20-50,0.1787,0.1793,0.0454,0.3812,0.0861,0.8745,0.6995,0.3005,0.0260,0.0000,0.2649,0.0190,0.0835,0.0000,0.1856,3.6746,1.6270,0.9755,13.3770,6.7381,0.6305,3x,0.4000,0.2000,0.1500,1.2000
blend,3x 50% + BTC 10% + gems 15%,D40 15-35,0.1483,0.1408,0.0271,0.3308,0.0861,0.8080,0.5890,0.3645,0.0005,0.0000,0.2816,0.0405,0.0030,0.0000,0.1461,4.4147,1.7933,0.9385,16.3948,7.6786,0.5460,3x,0.5000,0.1000,0.1500,1.5000
blend,2x 80% + BTC 10%,D40 15-35,0.1228,0.1122,0.0127,0.2872,0.0861,0.7265,0.4635,0.5380,0.0015,0.0000,0.3045,0.0700,0.0115,0.0000,0.1135,5.1687,1.9405,0.8910,,8.7492,0.4965,2x,0.8000,0.1000,0.0000,1.6000
blend,SPY 80% + BTC 10%,wide 20-50,0.1086,0.1136,0.0262,0.2106,0.0861,0.8835,0.2280,0.4685,0.0895,0.0015,0.2955,0.0355,0.1845,0.0040,0.1103,5.8631,2.8968,0.9430,,12.0270,0.4670,SPY,0.8000,0.1000,0.0000,0.8000
blend,2xS 60% + BTC 10% + gems 15%,D30 10-25,0.1229,0.1190,0.0277,0.2546,0.0861,0.7565,0.4710,0.0000,0.0000,0.0000,0.2048,0.0175,0.0000,0.0000,0.1235,5.4226,2.5036,0.9375,19.2599,10.0040,0.5075,2xS,0.6000,0.1000,0.1500,1.2000
blend,3x 40% + BTC 30%,wide 20-50,0.1853,0.1896,0.0328,0.4157,0.0861,0.8535,0.7040,0.5415,0.1110,0.0000,0.3078,0.0380,0.2220,0.0015,0.1900,3.3968,1.3683,0.9645,12.4881,6.1409,0.6590,3x,0.4000,0.3000,0.0000,1.2000
blend,2xS 60% + BTC 10% + gems 15%,D40 15-35,0.1268,0.1267,0.0280,0.2594,0.0861,0.7750,0.5055,0.0880,0.0000,0.0000,0.2201,0.0210,0.0000,0.0000,0.1298,5.2321,2.4762,0.9430,18.3472,9.8492,0.5140,2xS,0.6000,0.1000,0.1500,1.2000
blend,2x 70% + BTC 30%,wide 20-50,0.1896,0.1908,0.0252,0.4375,0.0861,0.8450,0.6930,0.6830,0.1880,0.0025,0.3347,0.0495,0.3475,0.0125,0.1935,3.2937,1.2659,0.9550,12.2996,5.7298,0.6540,2x,0.7000,0.3000,0.0000,1.4000
blend,2x 40% + BTC 30% + gems 15%,D30 10-25,0.1889,0.1909,0.0487,0.4067,0.0861,0.8800,0.7230,0.0000,0.0000,0.0000,0.2129,0.0100,0.0000,0.0000,0.1964,3.4683,1.4841,0.9845,12.5615,6.3810,0.6685,2x,0.4000,0.3000,0.1500,0.8000
blend,2x 50% + BTC 20%,D40 15-35,0.1438,0.1440,0.0348,0.2954,0.0861,0.8245,0.6000,0.1215,0.0000,0.0000,0.2381,0.0205,0.0000,0.0000,0.1443,4.5714,1.9754,0.9625,16.5119,8.4683,0.5580,2x,0.5000,0.2000,0.0000,1.0000
blend,3x 60% + BTC 20%,floor 60%,0.1421,0.1304,0.0211,0.3319,0.0861,0.7745,0.5490,0.2315,0.0000,0.0000,0.2721,0.0425,0.0000,0.0000,0.1316,4.6944,1.5468,0.9220,17.5119,7.4401,0.5320,3x,0.6000,0.2000,0.0000,1.8000
blend,2x 70% + BTC 10% + gems 15%,none,0.1510,0.1491,0.0338,0.3219,0.0861,0.8325,0.6205,0.4150,0.1125,0.0205,0.2832,0.0285,0.2270,0.0650,0.1532,4.3790,1.9008,0.9565,15.8036,7.8651,0.5540,2x,0.7000,0.1000,0.1500,1.4000
blend,2xS 60% + BTC 10%,wide 20-50,0.1028,0.1040,0.0161,0.2135,0.0861,0.6625,0.3170,0.2325,0.0155,0.0000,0.2411,0.0420,0.0575,0.0000,0.1037,6.3036,2.9440,0.9060,,11.8563,0.4570,2xS,0.6000,0.1000,0.0000,1.2000
blend,2x 40% + BTC 30% + gems 15%,D40 15-35,0.1941,0.2003,0.0500,0.4152,0.0861,0.8850,0.7365,0.1115,0.0000,0.0000,0.2343,0.0150,0.0000,0.0000,0.2044,3.3333,1.4762,0.9850,12.1746,6.2659,0.6840,2x,0.4000,0.3000,0.1500,0.8000
blend,SPY 80% + BTC 20%,D40 15-35,0.1395,0.1428,0.0313,0.2895,0.0861,0.8915,0.5805,0.4170,0.0020,0.0000,0.2891,0.0285,0.0065,0.0000,0.1410,4.4722,2.0389,0.9580,16.6329,8.7429,0.5820,SPY,0.8000,0.2000,0.0000,0.8000
blend,2x 60% + BTC 10% + gems 15%,D30 10-25,0.1354,0.1290,0.0352,0.2850,0.0861,0.7995,0.5450,0.0005,0.0000,0.0000,0.2171,0.0160,0.0000,0.0000,0.1339,5.0556,2.1345,0.9515,17.8294,8.9198,0.5215,2x,0.6000,0.1000,0.1500,1.2000
blend,3xS 50% + BTC 30%,none,0.1793,0.1878,0.0175,0.4196,0.0861,0.8250,0.6765,0.6895,0.3245,0.1300,0.3440,0.0675,0.5095,0.2500,0.1874,3.4444,1.3409,0.9455,12.5734,6.1583,0.6470,3xS,0.5000,0.3000,0.0000,1.5000
blend,3x 60% + BTC 30%,wide 20-50,0.1990,0.1954,0.0147,0.4873,0.0861,0.8280,0.6815,0.8935,0.3905,0.0195,0.3817,0.0705,0.6310,0.0725,0.2007,3.0198,1.0913,0.9370,11.9048,5.0909,0.6520,3x,0.6000,0.3000,0.0000,1.8000
blend,3x 60% + BTC 20%,none,0.1739,0.1720,0.0166,0.4123,0.0861,0.8165,0.6495,0.8500,0.4395,0.1800,0.3880,0.0720,0.6880,0.3410,0.1786,3.5774,1.3488,0.9410,13.4702,6.1667,0.6135,3x,0.6000,0.2000,0.0000,1.8000
blend,2x 60% + BTC 10% + gems 15%,D40 15-35,0.1410,0.1376,0.0369,0.2922,0.0861,0.8210,0.5880,0.1205,0.0000,0.0000,0.2384,0.0175,0.0005,0.0000,0.1423,4.7758,2.0992,0.9570,17.0556,8.7103,0.5320,2x,0.6000,0.1000,0.1500,1.2000
blend,2x 40% + BTC 20% + gems 15%,floor 60%,0.1515,0.1499,0.0502,0.3006,0.0861,0.8550,0.6335,0.0000,0.0000,0.0000,0.1627,0.0050,0.0000,0.0000,0.1553,4.5040,2.0675,0.9870,15.8988,8.5254,0.5605,2x,0.4000,0.2000,0.1500,0.8000
blend,3x 40% + BTC 20%,floor 60%,0.1364,0.1316,0.0331,0.2870,0.0861,0.8015,0.5525,0.0075,0.0000,0.0000,0.2150,0.0170,0.0000,0.0000,0.1315,4.9603,1.9917,0.9575,17.7817,8.7937,0.5360,3x,0.4000,0.2000,0.0000,1.2000
blend,3x 60% + BTC 10%,wide 20-50,0.1339,0.1257,0.0063,0.3213,0.0861,0.7375,0.5235,0.8060,0.2905,0.0060,0.3582,0.0835,0.5160,0.0280,0.1262,4.5893,1.7250,0.8975,17.9325,7.7655,0.5290,3x,0.6000,0.1000,0.0000,1.8000
blend,3x 40% + BTC 10% + gems 15%,wide 20-50,0.1443,0.1419,0.0398,0.2960,0.0861,0.8325,0.6120,0.2070,0.0090,0.0000,0.2427,0.0170,0.0385,0.0000,0.1467,4.6726,2.0913,0.9670,16.6448,8.6425,0.5430,3x,0.4000,0.1000,0.1500,1.2000
blend,3x 50% + BTC 30% + gems 15%,D30 10-25,0.1969,0.1861,0.0317,0.4689,0.0861,0.8490,0.6895,0.0710,0.0000,0.0000,0.2614,0.0300,0.0000,0.0000,0.1946,3.3194,1.1349,0.9595,12.6349,5.3008,0.6300,3x,0.5000,0.3000,0.1500,1.5000
blend,2x 50% + BTC 30%,D30 10-25,0.1675,0.1679,0.0332,0.3707,0.0861,0.8375,0.6645,0.0015,0.0000,0.0000,0.2344,0.0210,0.0000,0.0000,0.1637,3.9306,1.5274,0.9655,14.1508,6.8571,0.6170,2x,0.5000,0.3000,0.0000,1.0000
blend,2xS 60% + BTC 10% + gems 15%,floor 60%,0.1161,0.1141,0.0302,0.2349,0.0861,0.7375,0.4175,0.0005,0.0000,0.0000,0.1821,0.0110,0.0000,0.0000,0.1162,5.9187,2.6861,0.9455,,10.7750,0.4935,2xS,0.6000,0.1000,0.1500,1.2000
blend,2x 50% + BTC 30%,D40 15-35,0.1748,0.1787,0.0357,0.3846,0.0861,0.8480,0.6845,0.2720,0.0000,0.0000,0.2674,0.0265,0.0000,0.0000,0.1755,3.6984,1.5075,0.9665,13.3631,6.7060,0.6375,2x,0.5000,0.3000,0.0000,1.0000
blend,2x 80% + BTC 20%,none,0.1667,0.1656,0.0227,0.3810,0.0861,0.8195,0.6410,0.7490,0.3155,0.1155,0.3515,0.0585,0.5415,0.2315,0.1697,3.7877,1.4833,0.9445,14.0536,6.5829,0.5995,2x,0.8000,0.2000,0.0000,1.6000
blend,3x 40% + BTC 20% + gems 15%,D30 10-25,0.1685,0.1643,0.0394,0.3666,0.0861,0.8535,0.6645,0.0015,0.0000,0.0000,0.2285,0.0170,0.0000,0.0000,0.1724,3.9762,1.6500,0.9730,14.5714,6.9881,0.5900,3x,0.4000,0.2000,0.1500,1.2000
blend,3xS 60% + BTC 10% + gems 15%,D40 15-35,0.1344,0.1291,0.0091,0.3157,0.0861,0.7420,0.5250,0.5335,0.0030,0.0000,0.3039,0.0675,0.0125,0.0000,0.1296,4.7083,1.8611,0.8910,18.0853,7.9635,0.5200,3xS,0.6000,0.1000,0.1500,1.8000
blend,3xS 50% + BTC 20%,wide 20-50,0.1445,0.1480,0.0135,0.3267,0.0861,0.7815,0.5840,0.5460,0.1320,0.0010,0.3093,0.0645,0.2725,0.0055,0.1488,4.3710,1.7893,0.9245,15.6825,7.7889,0.5610,3xS,0.5000,0.2000,0.0000,1.5000
blend,SPY 80% + BTC 10%,D30 10-25,0.1007,0.1021,0.0270,0.2004,0.0861,0.7880,0.1390,0.0250,0.0000,0.0000,0.2467,0.0255,0.0000,0.0000,0.0976,6.4246,2.9520,0.9380,,12.6345,0.4140,SPY,0.8000,0.1000,0.0000,0.8000
blend,3x 40% + BTC 20% + gems 15%,D40 15-35,0.1759,0.1740,0.0426,0.3776,0.0861,0.8680,0.6870,0.1920,0.0000,0.0000,0.2548,0.0160,0.0005,0.0000,0.1816,3.7659,1.6270,0.9735,13.6706,6.8091,0.6135,3x,0.4000,0.2000,0.1500,1.2000
blend,2x 40% + BTC 30% + gems 15%,floor 60%,0.1789,0.1804,0.0500,0.3767,0.0861,0.8755,0.7105,0.0010,0.0000,0.0000,0.1910,0.0080,0.0000,0.0000,0.1835,3.7460,1.6032,0.9860,13.4306,6.8567,0.6455,2x,0.4000,0.3000,0.1500,0.8000
blend,3x 60% + BTC 10% + gems 15%,none,0.1645,0.1605,0.0219,0.3781,0.0861,0.8135,0.6295,0.7815,0.3490,0.1140,0.3594,0.0615,0.5855,0.2385,0.1659,3.8591,1.5357,0.9430,14.2321,6.6298,0.5835,3x,0.6000,0.1000,0.1500,1.8000
blend,SPY 80% + BTC 10%,D40 15-35,0.1057,0.1098,0.0251,0.2077,0.0861,0.8490,0.1930,0.3515,0.0020,0.0000,0.2789,0.0320,0.0050,0.0000,0.1055,6.0218,2.9127,0.9395,,12.1579,0.4520,SPY,0.8000,0.1000,0.0000,0.8000
blend,2xS 60% + BTC 20%,floor 60%,0.1238,0.1221,0.0270,0.2615,0.0861,0.7545,0.4720,0.0100,0.0000,0.0000,0.2069,0.0235,0.0000,0.0000,0.1214,5.3155,2.2262,0.9390,19.2540,9.6389,0.5115,2xS,0.6000,0.2000,0.0000,1.2000
blend,3xS 60% + BTC 30%,D30 10-25,0.1586,0.1474,0.0172,0.3904,0.0861,0.7810,0.5920,0.1980,0.0005,0.0000,0.2759,0.0560,0.0015,0.0000,0.1491,4.0615,1.2615,0.9210,15.3155,6.3714,0.5685,3xS,0.6000,0.3000,0.0000,1.8000
blend,3x 40% + BTC 30%,D30 10-25,0.1710,0.1681,0.0300,0.3903,0.0861,0.8330,0.6610,0.0135,0.0000,0.0000,0.2476,0.0270,0.0000,0.0000,0.1650,3.8056,1.3929,0.9600,14.1389,6.4560,0.6110,3x,0.4000,0.3000,0.0000,1.2000
blend,2x 40% + BTC 10%,D30 10-25,0.1011,0.0990,0.0358,0.1902,0.0861,0.6690,0.2670,0.0000,0.0000,0.0000,0.1698,0.0075,0.0000,0.0000,0.0990,6.8234,3.3492,0.9555,,13.3294,0.4260,2x,0.4000,0.1000,0.0000,0.8000
blend,2x 70% + BTC 10%,floor 60%,0.1076,0.0997,0.0227,0.2315,0.0861,0.6980,0.3460,0.0305,0.0000,0.0000,0.2272,0.0325,0.0000,0.0000,0.0987,6.3274,2.4401,0.9115,,10.7889,0.4570,2x,0.7000,0.1000,0.0000,1.4000
blend,3xS 60% + BTC 30%,D40 15-35,0.1728,0.1694,0.0131,0.4296,0.0861,0.7915,0.6325,0.7350,0.0295,0.0000,0.3308,0.0675,0.0775,0.0000,0.1683,3.5079,1.2179,0.9230,13.5675,5.8524,0.5945,3xS,0.6000,0.3000,0.0000,1.8000
blend,3x 40% + BTC 30%,D40 15-35,0.1808,0.1809,0.0305,0.4089,0.0861,0.8475,0.6900,0.3995,0.0000,0.0000,0.2878,0.0335,0.0020,0.0000,0.1804,3.5337,1.3690,0.9615,12.9821,6.2020,0.6420,3x,0.4000,0.3000,0.0000,1.2000
blend,2x 60% + BTC 20% + gems 15%,D30 10-25,0.1674,0.1627,0.0385,0.3650,0.0861,0.8480,0.6600,0.0015,0.0000,0.0000,0.2288,0.0180,0.0000,0.0000,0.1710,3.9881,1.6504,0.9705,14.7103,7.0313,0.5840,2x,0.6000,0.2000,0.1500,1.2000
blend,2x 70% + BTC 30%,D40 15-35,0.1832,0.1792,0.0244,0.4269,0.0861,0.8325,0.6785,0.5575,0.0035,0.0000,0.3072,0.0440,0.0130,0.0000,0.1803,3.4107,1.2659,0.9490,12.9087,5.8325,0.6295,2x,0.7000,0.3000,0.0000,1.4000
blend,2xS 60% + BTC 20%,none,0.1383,0.1424,0.0227,0.2955,0.0861,0.7915,0.5690,0.3470,0.1085,0.0230,0.2646,0.0455,0.2215,0.0760,0.1434,4.6488,2.0274,0.9415,16.4008,8.6151,0.5595,2xS,0.6000,0.2000,0.0000,1.2000
blend,2x 40% + BTC 20%,none,0.1383,0.1413,0.0409,0.2748,0.0861,0.8250,0.5750,0.1110,0.0155,0.0010,0.2098,0.0160,0.0470,0.0070,0.1398,4.8413,2.2179,0.9730,17.0615,9.3210,0.5595,2x,0.4000,0.2000,0.0000,0.8000
blend,3xS 60% + BTC 10%,none,0.1179,0.1191,-0.0028,0.2748,0.0861,0.7060,0.4595,0.7140,0.3420,0.1310,0.3518,0.1070,0.5585,0.2685,0.1189,5.1270,2.0627,0.8805,19.2976,9.0298,0.5095,3xS,0.6000,0.1000,0.0000,1.8000
blend,2xS 60% + BTC 10%,D40 15-35,0.1014,0.1015,0.0156,0.2118,0.0861,0.6550,0.3030,0.1340,0.0000,0.0000,0.2353,0.0400,0.0000,0.0000,0.1003,6.4087,2.9444,0.9025,,11.9508,0.4460,2xS,0.6000,0.1000,0.0000,1.2000
blend,3x 60% + BTC 20%,wide 20-50,0.1677,0.1600,0.0143,0.4054,0.0861,0.7985,0.6190,0.8385,0.3105,0.0095,0.3666,0.0760,0.5465,0.0415,0.1664,3.6865,1.3488,0.9240,14.3988,6.2016,0.5860,3x,0.6000,0.2000,0.0000,1.8000
blend,3xS 60% + BTC 20%,D30 10-25,0.1311,0.1222,0.0135,0.3146,0.0861,0.7325,0.4920,0.1240,0.0000,0.0000,0.2691,0.0585,0.0010,0.0000,0.1211,4.9306,1.6032,0.8960,18.6567,7.8913,0.5145,3xS,0.6000,0.2000,0.0000,1.8000
blend,3x 60% + BTC 30%,D30 10-25,0.1713,0.1551,0.0189,0.4221,0.0861,0.7990,0.6190,0.2495,0.0005,0.0000,0.2818,0.0525,0.0035,0.0000,0.1550,3.7857,1.1306,0.9295,14.9008,5.7218,0.5815,3x,0.6000,0.3000,0.0000,1.8000
blend,3x 50% + BTC 30% + gems 15%,floor 60%,0.1902,0.1835,0.0371,0.4373,0.0861,0.8545,0.6925,0.1080,0.0000,0.0000,0.2516,0.0225,0.0000,0.0000,0.1903,3.4861,1.2421,0.9690,13.0417,5.7778,0.6270,3x,0.5000,0.3000,0.1500,1.5000
blend,3x 60% + BTC 30%,D40 15-35,0.1882,0.1763,0.0165,0.4702,0.0861,0.8140,0.6520,0.8230,0.0325,0.0000,0.3394,0.0635,0.0905,0.0000,0.1811,3.2520,1.0992,0.9320,12.9603,5.2103,0.6125,3x,0.6000,0.3000,0.0000,1.8000
blend,3x 40% + BTC 10%,floor 60%,0.1056,0.1001,0.0282,0.2159,0.0861,0.7040,0.3205,0.0035,0.0000,0.0000,0.2028,0.0155,0.0000,0.0000,0.0996,6.5317,2.6944,0.9320,,11.4643,0.4515,3x,0.4000,0.1000,0.0000,1.2000
blend,2x 40% + BTC 20% + gems 15%,wide 20-50,0.1633,0.1654,0.0532,0.3241,0.0861,0.8750,0.6860,0.0635,0.0010,0.0000,0.1963,0.0085,0.0055,0.0000,0.1712,4.1111,1.9544,0.9870,14.4881,7.9282,0.6035,2x,0.4000,0.2000,0.1500,0.8000
blend,3x 60% + BTC 10%,D30 10-25,0.1139,0.0988,0.0095,0.2794,0.0861,0.6785,0.4055,0.1550,0.0000,0.0000,0.2728,0.0685,0.0020,0.0000,0.0998,5.7500,1.7897,0.8685,,8.8921,0.4625,3x,0.6000,0.1000,0.0000,1.8000
blend,3x 40% + BTC 10% + gems 15%,D30 10-25,0.1365,0.1303,0.0364,0.2865,0.0861,0.8040,0.5545,0.0005,0.0000,0.0000,0.2166,0.0145,0.0000,0.0000,0.1352,4.9722,2.1266,0.9540,17.7123,8.8393,0.5240,3x,0.4000,0.1000,0.1500,1.2000
blend,3x 50% + BTC 20% + gems 15%,floor 60%,0.1632,0.1540,0.0355,0.3623,0.0861,0.8340,0.6395,0.0515,0.0000,0.0000,0.2397,0.0210,0.0000,0.0000,0.1609,4.1488,1.5671,0.9585,15.2421,6.9881,0.5640,3x,0.5000,0.2000,0.1500,1.5000
blend,3x 40% + BTC 10%,none,0.1201,0.1169,0.0293,0.2473,0.0861,0.7715,0.4545,0.2880,0.0585,0.0070,0.2568,0.0285,0.1435,0.0365,0.1197,5.4901,2.4325,0.9420,19.7619,10.1905,0.5050,3x,0.4000,0.1000,0.0000,1.2000
blend,3x 60% + BTC 10%,D40 15-35,0.1262,0.1137,0.0078,0.3084,0.0861,0.7145,0.4755,0.7080,0.0135,0.0000,0.3257,0.0775,0.0440,0.0000,0.1136,4.9306,1.7262,0.8810,19.8631,8.0079,0.5030,3x,0.6000,0.1000,0.0000,1.8000
blend,2xS 80% + BTC 20%,D30 10-25,0.1308,0.1235,0.0168,0.3062,0.0861,0.7395,0.4995,0.0520,0.0000,0.0000,0.2579,0.0510,0.0000,0.0000,0.1226,4.9167,1.7500,0.9040,18.5873,8.1266,0.5180,2xS,0.8000,0.2000,0.0000,1.6000
blend,3x 40% + BTC 10% + gems 15%,D40 15-35,0.1422,0.1390,0.0381,0.2937,0.0861,0.8250,0.5985,0.1200,0.0000,0.0000,0.2377,0.0170,0.0005,0.0000,0.1436,4.7421,2.0948,0.9605,16.9921,8.6742,0.5355,3x,0.4000,0.1000,0.1500,1.2000
blend,3x 40% + BTC 20%,wide 20-50,0.1533,0.1540,0.0332,0.3259,0.0861,0.8345,0.6305,0.3695,0.0410,0.0000,0.2776,0.0355,0.1105,0.0000,0.1539,4.2341,1.8171,0.9600,15.2480,7.7175,0.5795,3x,0.4000,0.2000,0.0000,1.2000
blend,3xS 50% + BTC 30% + gems 15%,none,0.2044,0.2159,0.0310,0.4721,0.0861,0.8555,0.7220,0.6190,0.2690,0.1035,0.3263,0.0500,0.4335,0.2035,0.2245,3.0992,1.2262,0.9650,11.2500,5.5353,0.6825,3xS,0.5000,0.3000,0.1500,1.5000
blend,3xS 60% + BTC 30%,floor 60%,0.1551,0.1478,0.0195,0.3662,0.0861,0.7865,0.5940,0.2440,0.0000,0.0000,0.2717,0.0495,0.0000,0.0000,0.1481,4.2123,1.3651,0.9285,15.5635,6.9321,0.5690,3xS,0.6000,0.3000,0.0000,1.8000
blend,2x 40% + BTC 10%,floor 60%,0.0959,0.0935,0.0362,0.1771,0.0861,0.6205,0.2220,0.0000,0.0000,0.0000,0.1486,0.0055,0.0000,0.0000,0.0933,7.2302,3.5556,0.9575,,14.2655,0.3870,2x,0.4000,0.1000,0.0000,0.8000
blend,3x 50% + BTC 20% + gems 15%,none,0.1903,0.1911,0.0403,0.4249,0.0861,0.8705,0.7050,0.5890,0.2130,0.0525,0.3193,0.0335,0.3785,0.1275,0.1988,3.4286,1.4127,0.9685,12.4901,6.0429,0.6495,3x,0.5000,0.2000,0.1500,1.5000
blend,2x 60% + BTC 20% + gems 15%,floor 60%,0.1590,0.1540,0.0418,0.3378,0.0861,0.8440,0.6495,0.0055,0.0000,0.0000,0.2087,0.0110,0.0000,0.0000,0.1600,4.2540,1.7778,0.9735,15.5536,7.5278,0.5630,2x,0.6000,0.2000,0.1500,1.2000
blend,3xS 50% + BTC 20%,D40 15-35,0.1407,0.1410,0.0155,0.3208,0.0861,0.7720,0.5640,0.4160,0.0005,0.0000,0.2889,0.0530,0.0050,0.0000,0.1394,4.4802,1.7897,0.9185,16.4286,7.9040,0.5505,3xS,0.5000,0.2000,0.0000,1.5000
blend,3x 60% + BTC 20% + gems 15%,none,0.1991,0.1989,0.0294,0.4664,0.0861,0.8595,0.7000,0.8160,0.3845,0.1440,0.3721,0.0535,0.6165,0.2780,0.2100,3.2083,1.2460,0.9580,11.8889,5.4246,0.6550,3x,0.6000,0.2000,0.1500,1.8000
blend,3xS 60% + BTC 20% + gems 15%,none,0.1777,0.1852,0.0164,0.4123,0.0861,0.8180,0.6675,0.6945,0.3115,0.1230,0.3438,0.0640,0.4975,0.2460,0.1908,3.5853,1.4087,0.9455,12.8135,6.1940,0.6190,3xS,0.6000,0.2000,0.1500,1.8000
blend,3xS 60% + BTC 20%,floor 60%,0.1279,0.1214,0.0151,0.2951,0.0861,0.7375,0.4875,0.1735,0.0000,0.0000,0.2614,0.0495,0.0000,0.0000,0.1210,5.0258,1.8329,0.9070,18.8234,8.4524,0.5125,3xS,0.6000,0.2000,0.0000,1.8000
blend,3x 60% + BTC 30%,floor 60%,0.1689,0.1574,0.0233,0.3993,0.0861,0.8070,0.6285,0.2970,0.0000,0.0000,0.2813,0.0410,0.0000,0.0000,0.1581,3.8175,1.2337,0.9415,14.7063,6.2179,0.5765,3x,0.6000,0.3000,0.0000,1.8000
blend,2xS 60% + BTC 20%,wide 20-50,0.1374,0.1407,0.0224,0.2953,0.0861,0.7875,0.5620,0.3295,0.0485,0.0000,0.2634,0.0440,0.1170,0.0000,0.1407,4.6687,2.0274,0.9360,16.4702,8.6306,0.5545,2xS,0.6000,0.2000,0.0000,1.2000
blend,2x 70% + BTC 10% + gems 15%,D30 10-25,0.1368,0.1258,0.0289,0.3050,0.0861,0.7865,0.5430,0.0060,0.0000,0.0000,0.2388,0.0290,0.0000,0.0000,0.1303,4.9306,1.9286,0.9380,18.1627,8.3083,0.5205,2x,0.7000,0.1000,0.1500,1.4000
blend,2x 70% + BTC 10%,wide 20-50,0.1236,0.1200,0.0194,0.2697,0.0861,0.7535,0.4835,0.4735,0.0775,0.0000,0.2950,0.0555,0.1780,0.0015,0.1194,5.2837,2.1734,0.9235,19.4067,9.3290,0.5105,2x,0.7000,0.1000,0.0000,1.4000
blend,3xS 50% + BTC 30%,D30 10-25,0.1603,0.1548,0.0221,0.3795,0.0861,0.7970,0.6120,0.0635,0.0000,0.0000,0.2604,0.0460,0.0000,0.0000,0.1519,4.0675,1.3571,0.9365,14.8552,6.5869,0.5825,3xS,0.5000,0.3000,0.0000,1.5000
blend,2x 60% + BTC 30%,none,0.1866,0.1920,0.0337,0.4176,0.0861,0.8600,0.7085,0.5695,0.2060,0.0565,0.3155,0.0400,0.3675,0.1370,0.1944,3.4048,1.3690,0.9675,12.3452,6.0992,0.6645,2x,0.6000,0.3000,0.0000,1.2000
blend,2x 70% + BTC 20%,none,0.1606,0.1605,0.0284,0.3533,0.0861,0.8305,0.6400,0.5730,0.2105,0.0525,0.3176,0.0470,0.3820,0.1300,0.1631,4.0258,1.6508,0.9540,14.6190,7.1742,0.5910,2x,0.7000,0.2000,0.0000,1.4000
blend,3x 60% + BTC 20%,D30 10-25,0.1443,0.1281,0.0158,0.3513,0.0861,0.7615,0.5490,0.1915,0.0000,0.0000,0.2762,0.0560,0.0020,0.0000,0.1303,4.5317,1.3766,0.9085,17.4663,6.9552,0.5315,3x,0.6000,0.2000,0.0000,1.8000
blend,3x 40% + BTC 10% + gems 15%,floor 60%,0.1292,0.1220,0.0374,0.2651,0.0861,0.7950,0.5085,0.0010,0.0000,0.0000,0.1959,0.0105,0.0000,0.0000,0.1276,5.3849,2.3012,0.9605,18.6587,9.5504,0.5135,3x,0.4000,0.1000,0.1500,1.2000
blend,3x 50% + BTC 10%,floor 60%,0.1100,0.1010,0.0215,0.2416,0.0861,0.7035,0.3670,0.0525,0.0000,0.0000,0.2376,0.0360,0.0000,0.0000,0.1002,6.1329,2.3052,0.9090,,10.3651,0.4610,3x,0.5000,0.1000,0.0000,1.5000
blend,3x 60% + BTC 20%,D40 15-35,0.1587,0.1451,0.0140,0.3871,0.0861,0.7795,0.5895,0.7510,0.0200,0.0000,0.3312,0.0690,0.0575,0.0000,0.1475,3.9206,1.3571,0.9140,15.5377,6.3968,0.5630,3x,0.6000,0.2000,0.0000,1.8000
blend,2xS 80% + BTC 20%,floor 60%,0.1262,0.1216,0.0187,0.2844,0.0861,0.7380,0.4810,0.0905,0.0000,0.0000,0.2448,0.0425,0.0000,0.0000,0.1203,5.1151,1.9603,0.9160,18.9742,8.8647,0.5120,2xS,0.8000,0.2000,0.0000,1.6000
blend,3x 50% + BTC 30% + gems 15%,wide 20-50,0.2187,0.2207,0.0372,0.5128,0.0861,0.8765,0.7385,0.6850,0.1850,0.0030,0.3347,0.0395,0.3440,0.0150,0.2305,2.8750,1.1107,0.9685,10.8571,5.0000,0.6925,3x,0.5000,0.3000,0.1500,1.5000
blend,3x 50% + BTC 20%,floor 60%,0.1402,0.1318,0.0281,0.3109,0.0861,0.7935,0.5585,0.0755,0.0000,0.0000,0.2453,0.0290,0.0000,0.0000,0.1322,4.7778,1.7540,0.9385,17.5893,8.0437,0.5360,3x,0.5000,0.2000,0.0000,1.5000
blend,3x 40% + BTC 10%,wide 20-50,0.1190,0.1150,0.0275,0.2473,0.0861,0.7645,0.4465,0.2685,0.0205,0.0000,0.2562,0.0320,0.0645,0.0000,0.1177,5.5298,2.4325,0.9360,19.9425,10.2052,0.5010,3x,0.4000,0.1000,0.0000,1.2000
blend,3x 50% + BTC 10%,none,0.1304,0.1265,0.0203,0.2869,0.0861,0.7745,0.5315,0.5765,0.2065,0.0510,0.3166,0.0590,0.3825,0.1325,0.1279,4.9464,2.0397,0.9310,17.9365,8.7615,0.5295,3x,0.5000,0.1000,0.0000,1.5000
blend,2x 40% + BTC 20% + gems 15%,D40 15-35,0.1625,0.1640,0.0520,0.3236,0.0861,0.8715,0.6810,0.0185,0.0000,0.0000,0.1955,0.0080,0.0000,0.0000,0.1697,4.1131,1.9544,0.9880,14.5575,7.9325,0.5995,2x,0.4000,0.2000,0.1500,0.8000
blend,3x 40% + BTC 20%,D30 10-25,0.1430,0.1365,0.0300,0.3119,0.0861,0.8070,0.5725,0.0020,0.0000,0.0000,0.2344,0.0280,0.0000,0.0000,0.1368,4.6190,1.8405,0.9480,17.0833,8.0433,0.5470,3x,0.4000,0.2000,0.0000,1.2000
blend,2x 50% + BTC 10% + gems 15%,none,0.1367,0.1347,0.0459,0.2673,0.0861,0.8325,0.5780,0.0840,0.0060,0.0000,0.2024,0.0100,0.0285,0.0040,0.1395,4.9881,2.3762,0.9760,17.2817,9.5016,0.5270,2x,0.5000,0.1000,0.1500,1.0000
blend,3x 50% + BTC 20%,none,0.1651,0.1645,0.0271,0.3691,0.0861,0.8310,0.6480,0.6550,0.2575,0.0730,0.3334,0.0510,0.4515,0.1675,0.1686,3.8671,1.5397,0.9530,14.1329,6.7972,0.6015,3x,0.5000,0.2000,0.0000,1.5000
blend,3x 50% + BTC 20% + gems 15%,wide 20-50,0.1871,0.1851,0.0352,0.4213,0.0861,0.8635,0.6940,0.5725,0.1185,0.0000,0.3139,0.0385,0.2345,0.0040,0.1956,3.4841,1.4127,0.9600,12.7321,6.0587,0.6325,3x,0.5000,0.2000,0.1500,1.5000
blend,3x 40% + BTC 20%,D40 15-35,0.1503,0.1482,0.0296,0.3232,0.0861,0.8235,0.6200,0.2410,0.0000,0.0000,0.2652,0.0295,0.0005,0.0000,0.1489,4.3214,1.8210,0.9560,15.6667,7.7778,0.5690,3x,0.4000,0.2000,0.0000,1.2000
blend,2x 80% + BTC 20%,D30 10-25,0.1435,0.1299,0.0186,0.3388,0.0861,0.7730,0.5570,0.0875,0.0000,0.0000,0.2639,0.0485,0.0005,0.0000,0.1320,4.5714,1.5155,0.9185,17.4940,7.2619,0.5345,2x,0.8000,0.2000,0.0000,1.6000
blend,2x 50% + BTC 20% + gems 15%,floor 60%,0.1558,0.1523,0.0466,0.3194,0.0861,0.8495,0.6505,0.0010,0.0000,0.0000,0.1859,0.0070,0.0000,0.0000,0.1586,4.3790,1.9119,0.9805,15.6250,7.9802,0.5650,2x,0.5000,0.2000,0.1500,1.0000
blend,3x 60% + BTC 10% + gems 15%,D30 10-25,0.1373,0.1208,0.0170,0.3346,0.0861,0.7470,0.5195,0.1235,0.0000,0.0000,0.2689,0.0510,0.0005,0.0000,0.1210,4.8036,1.5988,0.9050,18.8690,7.5151,0.5170,3x,0.6000,0.1000,0.1500,1.8000
blend,3xS 60% + BTC 30%,wide 20-50,0.1806,0.1843,0.0076,0.4449,0.0861,0.8000,0.6515,0.8115,0.3505,0.0205,0.3671,0.0800,0.5500,0.0705,0.1850,3.3373,1.2103,0.9235,12.7758,5.7452,0.6210,3xS,0.6000,0.3000,0.0000,1.8000
blend,2x 70% + BTC 10% + gems 15%,floor 60%,0.1307,0.1206,0.0317,0.2801,0.0861,0.7830,0.5065,0.0130,0.0000,0.0000,0.2206,0.0160,0.0000,0.0000,0.1260,5.3333,2.1067,0.9430,18.7520,8.9877,0.5130,2x,0.7000,0.1000,0.1500,1.4000
blend,2x 40% + BTC 10%,wide 20-50,0.1033,0.1017,0.0373,0.1921,0.0861,0.6915,0.2835,0.0210,0.0000,0.0000,0.1752,0.0100,0.0005,0.0000,0.1029,6.6567,3.3448,0.9640,,13.1782,0.4470,2x,0.4000,0.1000,0.0000,0.8000
blend,3x 60% + BTC 20% + gems 15%,wide 20-50,0.1931,0.1901,0.0237,0.4598,0.0861,0.8425,0.6735,0.8045,0.2670,0.0065,0.3568,0.0605,0.4785,0.0295,0.2007,3.2698,1.2496,0.9465,12.3849,5.4683,0.6310,3x,0.6000,0.2000,0.1500,1.8000
blend,2x 60% + BTC 20% + gems 15%,wide 20-50,0.1776,0.1780,0.0441,0.3797,0.0861,0.8700,0.6925,0.3045,0.0275,0.0000,0.2658,0.0200,0.0850,0.0000,0.1842,3.7083,1.6306,0.9745,13.4563,6.7956,0.6255,2x,0.6000,0.2000,0.1500,1.2000
blend,3xS 50% + BTC 30%,floor 60%,0.1545,0.1506,0.0244,0.3528,0.0861,0.8020,0.6040,0.1175,0.0000,0.0000,0.2498,0.0385,0.0000,0.0000,0.1499,4.2440,1.4917,0.9450,15.4623,7.2290,0.5735,3xS,0.5000,0.3000,0.0000,1.5000
blend,2x 50% + BTC 20% + gems 15%,none,0.1715,0.1738,0.0504,0.3519,0.0861,0.8710,0.6945,0.1760,0.0295,0.0025,0.2309,0.0135,0.0765,0.0140,0.1809,3.8671,1.7734,0.9845,13.9464,7.3563,0.6205,2x,0.5000,0.2000,0.1500,1.0000
blend,2xS 60% + BTC 20%,D30 10-25,0.1302,0.1282,0.0240,0.2852,0.0861,0.7595,0.5090,0.0020,0.0000,0.0000,0.2281,0.0355,0.0000,0.0000,0.1263,4.9246,2.0472,0.9315,18.0536,8.9516,0.5300,2xS,0.6000,0.2000,0.0000,1.2000
blend,2x 40% + BTC 20%,D30 10-25,0.1343,0.1354,0.0388,0.2692,0.0861,0.8045,0.5475,0.0000,0.0000,0.0000,0.1941,0.0095,0.0000,0.0000,0.1335,4.9702,2.2302,0.9695,17.7063,9.4425,0.5415,2x,0.4000,0.2000,0.0000,0.8000
blend,3xS 60% + BTC 10%,D30 10-25,0.1001,0.0916,0.0063,0.2393,0.0861,0.6165,0.3160,0.0930,0.0000,0.0000,0.2650,0.0720,0.0010,0.0000,0.0897,6.5813,2.1544,0.8455,,10.3210,0.4255,3xS,0.6000,0.1000,0.0000,1.8000
blend,2x 70% + BTC 10%,D30 10-25,0.1118,0.1021,0.0193,0.2507,0.0861,0.7055,0.3870,0.0145,0.0000,0.0000,0.2445,0.0475,0.0000,0.0000,0.1020,6.0040,2.2337,0.8995,,9.9885,0.4680,2x,0.7000,0.1000,0.0000,1.4000
blend,2xS 60% + BTC 20%,D40 15-35,0.1354,0.1377,0.0223,0.2932,0.0861,0.7765,0.5555,0.2260,0.0000,0.0000,0.2548,0.0410,0.0000,0.0000,0.1368,4.7123,2.0274,0.9330,16.8988,8.7214,0.5460,2xS,0.6000,0.2000,0.0000,1.2000
blend,3xS 60% + BTC 20%,wide 20-50,0.1489,0.1493,0.0051,0.3559,0.0861,0.7655,0.5835,0.7450,0.2755,0.0100,0.3494,0.0895,0.4640,0.0410,0.1508,4.1091,1.5500,0.9050,15.4226,7.0952,0.5635,3xS,0.6000,0.2000,0.0000,1.8000
blend,2x 70% + BTC 10%,D40 15-35,0.1198,0.1132,0.0194,0.2650,0.0861,0.7420,0.4500,0.3420,0.0000,0.0000,0.2791,0.0520,0.0025,0.0000,0.1132,5.4385,2.1865,0.9130,,9.4718,0.4950,2x,0.7000,0.1000,0.0000,1.4000
blend,2xS 80% + BTC 10%,none,0.1124,0.1140,0.0030,0.2533,0.0861,0.6955,0.4235,0.5775,0.2335,0.0740,0.3171,0.0890,0.4160,0.1725,0.1135,5.5992,2.3091,0.8840,,9.9202,0.4940,2xS,0.8000,0.1000,0.0000,1.6000
blend,3x 50% + BTC 30%,none,0.1978,0.2020,0.0278,0.4564,0.0861,0.8550,0.7120,0.7590,0.3515,0.1275,0.3599,0.0505,0.5655,0.2515,0.2069,3.1806,1.2222,0.9625,11.6607,5.5393,0.6775,3x,0.5000,0.3000,0.0000,1.5000
blend,2x 80% + BTC 20%,floor 60%,0.1398,0.1304,0.0250,0.3171,0.0861,0.7840,0.5510,0.1225,0.0000,0.0000,0.2550,0.0370,0.0000,0.0000,0.1310,4.8016,1.6897,0.9305,17.6329,7.8607,0.5340,2x,0.8000,0.2000,0.0000,1.6000
blend,3x 50% + BTC 10%,wide 20-50,0.1276,0.1237,0.0174,0.2843,0.0861,0.7580,0.5045,0.5590,0.1125,0.0000,0.3107,0.0610,0.2380,0.0040,0.1232,5.0694,2.0433,0.9205,18.6925,8.8012,0.5175,3x,0.5000,0.1000,0.0000,1.5000
blend,2xS 80% + BTC 20%,wide 20-50,0.1447,0.1484,0.0096,0.3347,0.0861,0.7705,0.5765,0.6190,0.1880,0.0030,0.3239,0.0750,0.3485,0.0135,0.1478,4.3214,1.7218,0.9125,15.6627,7.5821,0.5590,2xS,0.8000,0.2000,0.0000,1.6000
blend,3x 50% + BTC 30% + gems 15%,D40 15-35,0.2113,0.2067,0.0326,0.5004,0.0861,0.8640,0.7225,0.5700,0.0035,0.0000,0.3079,0.0360,0.0130,0.0000,0.2200,3.0060,1.1147,0.9625,11.4425,5.0476,0.6675,3x,0.5000,0.3000,0.1500,1.5000
blend,3x 40% + BTC 10%,D30 10-25,0.1110,0.1041,0.0267,0.2347,0.0861,0.7265,0.3695,0.0010,0.0000,0.0000,0.2245,0.0270,0.0000,0.0000,0.1047,6.0476,2.4520,0.9210,,10.7048,0.4695,3x,0.4000,0.1000,0.0000,1.2000
blend,2xS 60% + BTC 20% + gems 15%,floor 60%,0.1473,0.1468,0.0348,0.3090,0.0861,0.8165,0.6070,0.0050,0.0000,0.0000,0.1972,0.0155,0.0000,0.0000,0.1502,4.5218,1.9484,0.9640,15.9266,8.2052,0.5530,2xS,0.6000,0.2000,0.1500,1.2000
blend,3x 60% + BTC 10% + gems 15%,floor 60%,0.1347,0.1199,0.0223,0.3120,0.0861,0.7635,0.5205,0.1480,0.0000,0.0000,0.2617,0.0390,0.0000,0.0000,0.1226,5.0337,1.7730,0.9205,18.6369,8.0190,0.5135,3x,0.6000,0.1000,0.1500,1.8000
blend,2x 50% + BTC 10% + gems 15%,wide 20-50,0.1363,0.1343,0.0449,0.2670,0.0861,0.8315,0.5760,0.0715,0.0010,0.0000,0.2024,0.0110,0.0070,0.0000,0.1391,4.9980,2.3798,0.9745,17.3115,9.5016,0.5260,2x,0.5000,0.1000,0.1500,1.0000
blend,3x 40% + BTC 10%,D40 15-35,0.1166,0.1123,0.0268,0.2445,0.0861,0.7555,0.4200,0.1670,0.0000,0.0000,0.2484,0.0335,0.0005,0.0000,0.1123,5.6845,2.4325,0.9315,,10.2933,0.4875,3x,0.4000,0.1000,0.0000,1.2000
blend,3x 50% + BTC 20%,wide 20-50,0.1617,0.1569,0.0234,0.3662,0.0861,0.8165,0.6285,0.6340,0.1585,0.0000,0.3249,0.0550,0.3055,0.0065,0.1627,3.9306,1.5397,0.9410,14.7163,6.9008,0.5870,3x,0.5000,0.2000,0.0000,1.5000
blend,2x 40% + BTC 30%,none,0.1713,0.1778,0.0416,0.3615,0.0861,0.8580,0.6910,0.2970,0.0755,0.0165,0.2572,0.0270,0.1645,0.0470,0.1771,3.8214,1.6028,0.9770,13.4325,7.0512,0.6570,2x,0.4000,0.3000,0.0000,0.8000
blend,2x 60% + BTC 20%,floor 60%,0.1354,0.1305,0.0321,0.2857,0.0861,0.7995,0.5475,0.0075,0.0000,0.0000,0.2156,0.0180,0.0000,0.0000,0.1303,4.9881,2.0067,0.9555,17.9603,8.8210,0.5315,2x,0.6000,0.2000,0.0000,1.2000
blend,3x 50% + BTC 20% + gems 15%,D30 10-25,0.1696,0.1571,0.0313,0.3917,0.0861,0.8305,0.6390,0.0295,0.0000,0.0000,0.2533,0.0330,0.0000,0.0000,0.1665,3.9107,1.4484,0.9520,14.7976,6.4206,0.5780,3x,0.5000,0.2000,0.1500,1.5000
blend,2xS 60% + BTC 20% + gems 15%,none,0.1635,0.1695,0.0370,0.3453,0.0861,0.8460,0.6650,0.2725,0.0760,0.0125,0.2481,0.0270,0.1640,0.0465,0.1732,4.0159,1.8052,0.9670,14.0099,7.4246,0.5985,2xS,0.6000,0.2000,0.1500,1.2000
blend,3x 50% + BTC 20% + gems 15%,D40 15-35,0.1814,0.1766,0.0312,0.4131,0.0861,0.8465,0.6710,0.4375,0.0005,0.0000,0.2931,0.0355,0.0035,0.0000,0.1865,3.6052,1.4167,0.9550,13.5357,6.1345,0.6125,3x,0.5000,0.2000,0.1500,1.5000
blend,2x 40% + BTC 10% + gems 15%,floor 60%,0.1202,0.1165,0.0469,0.2246,0.0861,0.7880,0.4335,0.0000,0.0000,0.0000,0.1418,0.0015,0.0000,0.0000,0.1207,5.8849,2.9083,0.9830,19.7599,11.3171,0.5035,2x,0.4000,0.1000,0.1500,0.8000
blend,2x 40% + BTC 20%,floor 60%,0.1273,0.1271,0.0399,0.2508,0.0861,0.7890,0.4950,0.0000,0.0000,0.0000,0.1704,0.0080,0.0000,0.0000,0.1253,5.3115,2.4044,0.9720,18.6647,10.1532,0.5185,2x,0.4000,0.2000,0.0000,0.8000
blend,3xS 60% + BTC 10%,floor 60%,0.0980,0.0911,0.0094,0.2243,0.0861,0.6140,0.2905,0.1265,0.0000,0.0000,0.2556,0.0610,0.0000,0.0000,0.0907,6.7500,2.4123,0.8585,,11.0790,0.4220,3xS,0.6000,0.1000,0.0000,1.8000
blend,2x 60% + BTC 20%,none,0.1538,0.1547,0.0336,0.3266,0.0861,0.8390,0.6375,0.3960,0.1115,0.0205,0.2811,0.0340,0.2295,0.0665,0.1566,4.2321,1.8171,0.9640,15.2321,7.7218,0.5825,2x,0.6000,0.2000,0.0000,1.2000
blend,2x 50% + BTC 20% + gems 15%,wide 20-50,0.1709,0.1730,0.0494,0.3516,0.0861,0.8700,0.6915,0.1590,0.0070,0.0000,0.2308,0.0120,0.0270,0.0000,0.1798,3.8750,1.7734,0.9820,13.9921,7.3563,0.6160,2x,0.5000,0.2000,0.1500,1.0000
blend,3x 60% + BTC 20% + gems 15%,D30 10-25,0.1681,0.1494,0.0236,0.4101,0.0861,0.8010,0.6160,0.1580,0.0000,0.0000,0.2725,0.0440,0.0005,0.0000,0.1568,3.8750,1.2734,0.9300,15.3175,5.9480,0.5625,3x,0.6000,0.2000,0.1500,1.8000
blend,3xS 60% + BTC 20% + gems 15%,D30 10-25,0.1550,0.1450,0.0193,0.3723,0.0861,0.7770,0.5900,0.0870,0.0000,0.0000,0.2644,0.0490,0.0000,0.0000,0.1482,4.2083,1.4365,0.9235,15.7937,6.7774,0.5505,3xS,0.6000,0.2000,0.1500,1.8000
blend,2x 40% + BTC 10%,D40 15-35,0.1028,0.1012,0.0367,0.1919,0.0861,0.6870,0.2795,0.0045,0.0000,0.0000,0.1752,0.0095,0.0000,0.0000,0.1022,6.6647,3.3448,0.9615,,13.2020,0.4460,2x,0.4000,0.1000,0.0000,0.8000
blend,2x 70% + BTC 10% + gems 15%,wide 20-50,0.1490,0.1461,0.0315,0.3208,0.0861,0.8230,0.6085,0.3940,0.0480,0.0000,0.2815,0.0355,0.1250,0.0005,0.1510,4.4087,1.9008,0.9500,16.1587,7.8849,0.5510,2x,0.7000,0.1000,0.1500,1.4000
blend,3x 60% + BTC 20% + gems 15%,D40 15-35,0.1838,0.1729,0.0211,0.4471,0.0861,0.8245,0.6475,0.7040,0.0125,0.0000,0.3238,0.0525,0.0430,0.0000,0.1821,3.4365,1.2500,0.9340,13.5595,5.6067,0.5980,3x,0.6000,0.2000,0.1500,1.8000
blend,3x 50% + BTC 10% + gems 15%,none,0.1556,0.1535,0.0324,0.3372,0.0861,0.8310,0.6260,0.5110,0.1585,0.0305,0.3012,0.0345,0.3075,0.0925,0.1586,4.2540,1.7889,0.9540,15.1111,7.5298,0.5660,3x,0.5000,0.1000,0.1500,1.5000
blend,2x 60% + BTC 20% + gems 15%,D40 15-35,0.1747,0.1726,0.0412,0.3760,0.0861,0.8625,0.6830,0.1970,0.0000,0.0000,0.2556,0.0185,0.0005,0.0000,0.1801,3.7798,1.6306,0.9700,13.8294,6.8290,0.6085,2x,0.6000,0.2000,0.1500,1.2000
blend,2x 40% + BTC 10% + gems 15%,none,0.1286,0.1268,0.0505,0.2397,0.0861,0.8205,0.5135,0.0115,0.0005,0.0000,0.1628,0.0030,0.0045,0.0000,0.1306,5.4028,2.7575,0.9870,18.3254,10.5746,0.5150,2x,0.4000,0.1000,0.1500,0.8000
blend,3xS 50% + BTC 30%,wide 20-50,0.1765,0.1812,0.0166,0.4143,0.0861,0.8175,0.6625,0.6720,0.2215,0.0045,0.3327,0.0640,0.3915,0.0205,0.1797,3.4702,1.3409,0.9330,12.9226,6.1663,0.6265,3xS,0.5000,0.3000,0.0000,1.5000
blend,2x 60% + BTC 30%,D30 10-25,0.1699,0.1667,0.0293,0.3885,0.0861,0.8290,0.6550,0.0140,0.0000,0.0000,0.2479,0.0280,0.0000,0.0000,0.1637,3.8214,1.3964,0.9565,14.3056,6.4837,0.6060,2x,0.6000,0.3000,0.0000,1.2000
blend,2x 70% + BTC 20%,D30 10-25,0.1433,0.1320,0.0239,0.3265,0.0861,0.7900,0.5655,0.0235,0.0000,0.0000,0.2513,0.0365,0.0000,0.0000,0.1334,4.6369,1.6734,0.9290,17.4345,7.6456,0.5405,2x,0.7000,0.2000,0.0000,1.4000
blend,2xS 80% + BTC 10%,wide 20-50,0.1104,0.1097,0.0032,0.2524,0.0861,0.6790,0.4000,0.5600,0.1375,0.0005,0.3119,0.0905,0.2860,0.0065,0.1094,5.6905,2.3131,0.8690,,9.9560,0.4825,2xS,0.8000,0.1000,0.0000,1.6000
blend,3xS 50% + BTC 10%,none,0.1118,0.1139,0.0077,0.2452,0.0861,0.7015,0.4090,0.4855,0.1725,0.0455,0.2963,0.0690,0.3325,0.1245,0.1129,5.6845,2.4206,0.8945,,10.2373,0.4895,3xS,0.5000,0.1000,0.0000,1.5000
blend,3xS 60% + BTC 20%,D40 15-35,0.1428,0.1395,0.0087,0.3448,0.0861,0.7490,0.5555,0.6510,0.0150,0.0000,0.3195,0.0760,0.0435,0.0000,0.1373,4.3056,1.5595,0.8995,16.5298,7.3056,0.5465,3xS,0.6000,0.2000,0.0000,1.8000
blend,3x 50% + BTC 30%,wide 20-50,0.1933,0.1932,0.0232,0.4503,0.0861,0.8450,0.6940,0.7390,0.2285,0.0050,0.3471,0.0505,0.4115,0.0220,0.1958,3.2262,1.2258,0.9515,12.0179,5.5579,0.6580,3x,0.5000,0.3000,0.0000,1.5000
blend,1x 80% + BTC 10%,none,0.1055,0.1042,0.0398,0.1954,0.0861,0.7095,0.3040,0.0255,0.0015,0.0000,0.1742,0.0095,0.0085,0.0000,0.1055,6.5476,3.3214,0.9675,,12.9952,0.4595,1x,0.8000,0.1000,0.0000,0.8000
blend,3xS 50% + BTC 30% + gems 15%,floor 60%,0.1774,0.1764,0.0317,0.4035,0.0861,0.8315,0.6625,0.0840,0.0000,0.0000,0.2424,0.0260,0.0000,0.0000,0.1778,3.7480,1.3690,0.9605,13.4663,6.2929,0.6060,3xS,0.5000,0.3000,0.1500,1.5000
blend,2x 50% + BTC 20%,none,0.1464,0.1477,0.0376,0.2993,0.0861,0.8355,0.6180,0.2400,0.0475,0.0070,0.2447,0.0210,0.1180,0.0270,0.1492,4.5000,1.9754,0.9695,15.8829,8.4480,0.5700,2x,0.5000,0.2000,0.0000,1.0000
blend,SPY 80% + BTC 20%,none,0.1455,0.1515,0.0389,0.2947,0.0861,0.9125,0.6275,0.5700,0.1895,0.0580,0.3138,0.0310,0.3460,0.1190,0.1504,4.3135,2.0274,0.9665,15.6627,8.6611,0.6085,SPY,0.8000,0.2000,0.0000,0.8000
blend,3x 50% + BTC 10%,D30 10-25,0.1136,0.1027,0.0181,0.2596,0.0861,0.7020,0.4015,0.0300,0.0000,0.0000,0.2521,0.0515,0.0000,0.0000,0.1027,5.8968,2.0988,0.8935,,9.5829,0.4715,3x,0.5000,0.1000,0.0000,1.5000
blend,3x 50% + BTC 10%,D40 15-35,0.1228,0.1141,0.0173,0.2785,0.0861,0.7375,0.4695,0.4345,0.0005,0.0000,0.2916,0.0575,0.0060,0.0000,0.1149,5.2500,2.0663,0.9080,,9.0472,0.4975,3x,0.5000,0.1000,0.0000,1.5000
blend,2xS 80% + BTC 20%,D40 15-35,0.1403,0.1385,0.0124,0.3267,0.0861,0.7600,0.5540,0.5055,0.0035,0.0000,0.3006,0.0630,0.0135,0.0000,0.1370,4.4663,1.7262,0.9065,16.5317,7.7099,0.5455,2xS,0.8000,0.2000,0.0000,1.6000
blend,2x 60% + BTC 10% + gems 15%,none,0.1441,0.1416,0.0401,0.2948,0.0861,0.8305,0.6130,0.2285,0.0330,0.0035,0.2436,0.0170,0.0945,0.0200,0.1462,4.6508,2.0992,0.9685,16.6925,8.6663,0.5425,2x,0.6000,0.1000,0.1500,1.2000
blend,2x 50% + BTC 10% + gems 15%,D30 10-25,0.1321,0.1279,0.0418,0.2635,0.0861,0.8105,0.5410,0.0000,0.0000,0.0000,0.1915,0.0080,0.0000,0.0000,0.1327,5.2004,2.3968,0.9670,18.0179,9.6587,0.5175,2x,0.5000,0.1000,0.1500,1.0000
blend,2x 80% + BTC 20%,wide 20-50,0.1625,0.1563,0.0197,0.3788,0.0861,0.8090,0.6190,0.7245,0.2095,0.0020,0.3402,0.0625,0.3895,0.0160,0.1634,3.8472,1.4833,0.9310,14.6984,6.6385,0.5815,2x,0.8000,0.2000,0.0000,1.6000
blend,2x 40% + BTC 30%,wide 20-50,0.1705,0.1768,0.0393,0.3613,0.0861,0.8550,0.6865,0.2770,0.0230,0.0000,0.2559,0.0265,0.0750,0.0000,0.1756,3.8254,1.6028,0.9750,13.4940,7.0516,0.6495,2x,0.4000,0.3000,0.0000,0.8000
blend,3x 50% + BTC 20%,D30 10-25,0.1448,0.1325,0.0224,0.3354,0.0861,0.7845,0.5685,0.0470,0.0000,0.0000,0.2574,0.0420,0.0000,0.0000,0.1349,4.5357,1.5671,0.9270,17.2282,7.4437,0.5420,3x,0.5000,0.2000,0.0000,1.5000
blend,3x 60% + BTC 20% + gems 15%,floor 60%,0.1644,0.1501,0.0279,0.3837,0.0861,0.8125,0.6180,0.1945,0.0000,0.0000,0.2669,0.0340,0.0000,0.0000,0.1577,4.0813,1.4206,0.9435,15.2579,6.5115,0.5595,3x,0.6000,0.2000,0.1500,1.8000
blend,3xS 60% + BTC 20% + gems 15%,floor 60%,0.1501,0.1430,0.0221,0.3444,0.0861,0.7890,0.5860,0.1335,0.0000,0.0000,0.2539,0.0380,0.0000,0.0000,0.1457,4.4683,1.6190,0.9330,16.2063,7.3214,0.5475,3xS,0.6000,0.2000,0.1500,1.8000
blend,2x 50% + BTC 10% + gems 15%,D40 15-35,0.1353,0.1325,0.0437,0.2667,0.0861,0.8270,0.5710,0.0255,0.0000,0.0000,0.2024,0.0105,0.0000,0.0000,0.1381,5.0139,2.3798,0.9710,17.4980,9.5079,0.5250,2x,0.5000,0.1000,0.1500,1.0000
blend,2xS 60% + BTC 20% + gems 15%,wide 20-50,0.1627,0.1686,0.0358,0.3448,0.0861,0.8395,0.6585,0.2570,0.0305,0.0000,0.2477,0.0270,0.0865,0.0000,0.1723,4.0357,1.8052,0.9620,14.0397,7.4246,0.5910,2xS,0.6000,0.2000,0.1500,1.2000
blend,3x 50% + BTC 20%,D40 15-35,0.1559,0.1467,0.0224,0.3585,0.0861,0.8085,0.6085,0.5055,0.0010,0.0000,0.3006,0.0495,0.0090,0.0000,0.1514,4.0972,1.5397,0.9325,15.4385,7.0234,0.5685,3x,0.5000,0.2000,0.0000,1.5000
blend,3x 60% + BTC 10% + gems 15%,wide 20-50,0.1593,0.1517,0.0170,0.3740,0.0861,0.7965,0.6065,0.7645,0.2335,0.0030,0.3465,0.0630,0.4290,0.0180,0.1556,3.9683,1.5357,0.9275,15.2103,6.7183,0.5685,3x,0.6000,0.1000,0.1500,1.8000
blend,2x 60% + BTC 10%,floor 60%,0.1046,0.0989,0.0275,0.2146,0.0861,0.6965,0.3060,0.0040,0.0000,0.0000,0.2035,0.0175,0.0000,0.0000,0.0984,6.5794,2.7063,0.9285,,11.5758,0.4485,2x,0.6000,0.1000,0.0000,1.2000
blend,2x 60% + BTC 20%,wide 20-50,0.1522,0.1527,0.0320,0.3246,0.0861,0.8295,0.6270,0.3735,0.0435,0.0000,0.2789,0.0385,0.1145,0.0000,0.1524,4.2520,1.8210,0.9550,15.2976,7.7520,0.5760,2x,0.6000,0.2000,0.0000,1.2000
blend,2x 50% + BTC 20% + gems 15%,D30 10-25,0.1646,0.1615,0.0442,0.3435,0.0861,0.8575,0.6705,0.0005,0.0000,0.0000,0.2084,0.0095,0.0000,0.0000,0.1691,4.0794,1.7853,0.9800,14.6210,7.4508,0.5870,2x,0.5000,0.2000,0.1500,1.0000
blend,2x 60% + BTC 30%,floor 60%,0.1629,0.1603,0.0341,0.3591,0.0861,0.8300,0.6490,0.0330,0.0000,0.0000,0.2328,0.0210,0.0000,0.0000,0.1584,4.0813,1.5357,0.9635,14.7599,7.0397,0.5920,2x,0.6000,0.3000,0.0000,1.2000
blend,2x 70% + BTC 20%,floor 60%,0.1380,0.1303,0.0283,0.3019,0.0861,0.7945,0.5495,0.0425,0.0000,0.0000,0.2363,0.0265,0.0000,0.0000,0.1308,4.8790,1.8488,0.9415,17.7421,8.2778,0.5330,2x,0.7000,0.2000,0.0000,1.4000
blend,2x 40% + BTC 10% + gems 15%,wide 20-50,0.1285,0.1268,0.0502,0.2397,0.0861,0.8200,0.5125,0.0085,0.0000,0.0000,0.1628,0.0030,0.0000,0.0000,0.1305,5.4028,2.7575,0.9870,18.3254,10.5746,0.5150,2x,0.4000,0.1000,0.1500,0.8000
blend,2x 40% + BTC 20%,wide 20-50,0.1380,0.1411,0.0404,0.2747,0.0861,0.8240,0.5730,0.0925,0.0025,0.0000,0.2097,0.0160,0.0110,0.0000,0.1396,4.8452,2.2179,0.9720,17.1091,9.3210,0.5580,2x,0.4000,0.2000,0.0000,0.8000
blend,2x 50% + BTC 20% + gems 15%,D40 15-35,0.1693,0.1700,0.0479,0.3498,0.0861,0.8675,0.6865,0.0800,0.0000,0.0000,0.2267,0.0115,0.0000,0.0000,0.1755,3.9206,1.7778,0.9805,14.2044,7.3762,0.6070,2x,0.5000,0.2000,0.1500,1.0000
blend,2x 60% + BTC 10%,none,0.1190,0.1155,0.0282,0.2459,0.0861,0.7625,0.4490,0.2920,0.0610,0.0080,0.2577,0.0320,0.1490,0.0385,0.1185,5.5397,2.4401,0.9365,19.9127,10.2222,0.5015,2x,0.6000,0.1000,0.0000,1.2000
blend,3xS 60% + BTC 10%,wide 20-50,0.1148,0.1135,-0.0029,0.2722,0.0861,0.6875,0.4310,0.6930,0.2410,0.0040,0.3409,0.1110,0.4300,0.0220,0.1115,5.2599,2.0627,0.8600,,9.1508,0.4950,3xS,0.6000,0.1000,0.0000,1.8000
blend,3xS 60% + BTC 10% + gems 15%,none,0.1430,0.1441,0.0102,0.3260,0.0861,0.7745,0.5760,0.6350,0.2720,0.0950,0.3333,0.0725,0.4630,0.2075,0.1452,4.4127,1.8567,0.9165,16.2500,7.7758,0.5525,3xS,0.6000,0.1000,0.1500,1.8000
blend,3x 40% + BTC 30% + gems 15%,none,0.2129,0.2188,0.0484,0.4733,0.0861,0.8905,0.7580,0.4940,0.1575,0.0420,0.2988,0.0265,0.2935,0.1065,0.2275,3.0218,1.2460,0.9820,11.0675,5.4599,0.7130,3x,0.4000,0.3000,0.1500,1.2000
blend,2x 70% + BTC 10% + gems 15%,D40 15-35,0.1453,0.1390,0.0300,0.3166,0.0861,0.8100,0.5845,0.2710,0.0000,0.0000,0.2687,0.0330,0.0015,0.0000,0.1450,4.5258,1.9008,0.9430,16.7163,7.9643,0.5400,2x,0.7000,0.1000,0.1500,1.4000
blend,3xS 50% + BTC 10%,wide 20-50,0.1102,0.1100,0.0078,0.2443,0.0861,0.6895,0.3925,0.4640,0.0925,0.0000,0.2939,0.0755,0.2075,0.0030,0.1098,5.7619,2.4206,0.8850,,10.2730,0.4820,3xS,0.5000,0.1000,0.0000,1.5000
blend,3xS 50% + BTC 30%,D40 15-35,0.1713,0.1723,0.0188,0.4057,0.0861,0.8095,0.6420,0.5640,0.0065,0.0000,0.3073,0.0555,0.0245,0.0000,0.1700,3.5813,1.3413,0.9355,13.3671,6.2139,0.6050,3xS,0.5000,0.3000,0.0000,1.5000
blend,2xS 80% + BTC 10%,D30 10-25,0.0992,0.0919,0.0096,0.2292,0.0861,0.6215,0.3070,0.0305,0.0000,0.0000,0.2525,0.0620,0.0000,0.0000,0.0907,6.5873,2.3849,0.8575,,10.9556,0.4210,2xS,0.8000,0.1000,0.0000,1.6000
blend,1x 80% + BTC 10%,wide 20-50,0.1054,0.1041,0.0394,0.1954,0.0861,0.7090,0.3040,0.0190,0.0000,0.0000,0.1742,0.0090,0.0005,0.0000,0.1052,6.5476,3.3214,0.9675,,12.9952,0.4595,1x,0.8000,0.1000,0.0000,0.8000
blend,2xS 80% + BTC 10%,D40 15-35,0.1068,0.1043,0.0043,0.2467,0.0861,0.6585,0.3630,0.4500,0.0010,0.0000,0.2918,0.0815,0.0090,0.0000,0.1019,5.8988,2.3171,0.8635,,10.1306,0.4675,2xS,0.8000,0.1000,0.0000,1.6000
blend,3x 50% + BTC 30%,D30 10-25,0.1723,0.1602,0.0256,0.4089,0.0861,0.8170,0.6425,0.0955,0.0000,0.0000,0.2654,0.0385,0.0000,0.0000,0.1595,3.7698,1.2341,0.9425,14.4266,6.0028,0.5925,3x,0.5000,0.3000,0.0000,1.5000
blend,2x 50% + BTC 30% + gems 15%,none,0.2044,0.2111,0.0501,0.4449,0.0861,0.8905,0.7530,0.3455,0.0965,0.0195,0.2703,0.0220,0.1965,0.0610,0.2187,3.1865,1.3571,0.9840,11.4345,5.8175,0.7025,2x,0.5000,0.3000,0.1500,1.0000
blend,2x 50% + BTC 10% + gems 15%,floor 60%,0.1248,0.1192,0.0423,0.2456,0.0861,0.7940,0.4745,0.0000,0.0000,0.0000,0.1697,0.0030,0.0000,0.0000,0.1239,5.5595,2.5627,0.9710,19.0536,10.3524,0.5080,2x,0.5000,0.1000,0.1500,1.0000
blend,3x 50% + BTC 30%,D40 15-35,0.1859,0.1804,0.0232,0.4381,0.0861,0.8300,0.6790,0.6295,0.0050,0.0000,0.3151,0.0460,0.0235,0.0000,0.1838,3.3413,1.2258,0.9480,12.7619,5.6766,0.6305,3x,0.5000,0.3000,0.0000,1.5000
blend,2x 70% + BTC 30%,none,0.1933,0.1972,0.0287,0.4428,0.0861,0.8575,0.7060,0.6985,0.3095,0.1045,0.3454,0.0475,0.5120,0.2105,0.2009,3.2758,1.2655,0.9635,11.8175,5.7183,0.6700,2x,0.7000,0.3000,0.0000,1.4000
blend,3xS 50% + BTC 30% + gems 15%,wide 20-50,0.2017,0.2107,0.0275,0.4698,0.0861,0.8495,0.7100,0.6030,0.1780,0.0040,0.3195,0.0460,0.3190,0.0135,0.2186,3.1131,1.2262,0.9560,11.3433,5.5548,0.6650,3xS,0.5000,0.3000,0.1500,1.5000
blend,2xS 60% + BTC 10%,none,0.1034,0.1052,0.0173,0.2139,0.0861,0.6665,0.3220,0.2515,0.0585,0.0075,0.2412,0.0420,0.1400,0.0305,0.1045,6.2817,2.9440,0.9110,,11.8119,0.4595,2xS,0.6000,0.1000,0.0000,1.2000
blend,3xS 50% + BTC 20% + gems 15%,floor 60%,0.1499,0.1474,0.0288,0.3294,0.0861,0.8050,0.6025,0.0350,0.0000,0.0000,0.2267,0.0235,0.0000,0.0000,0.1502,4.4762,1.8008,0.9490,15.9286,7.6980,0.5545,3xS,0.5000,0.2000,0.1500,1.5000
blend,2x 40% + BTC 30%,D30 10-25,0.1633,0.1644,0.0368,0.3498,0.0861,0.8425,0.6565,0.0000,0.0000,0.0000,0.2202,0.0140,0.0000,0.0000,0.1634,3.9881,1.6143,0.9720,14.4544,7.3052,0.6205,2x,0.4000,0.3000,0.0000,0.8000
blend,2x 80% + BTC 20%,D40 15-35,0.1557,0.1451,0.0185,0.3666,0.0861,0.7945,0.5940,0.5995,0.0035,0.0000,0.3123,0.0580,0.0175,0.0000,0.1491,4.0615,1.4881,0.9240,15.5913,6.8210,0.5610,2x,0.8000,0.2000,0.0000,1.6000
blend,2xS 60% + BTC 20% + gems 15%,D30 10-25,0.1554,0.1554,0.0332,0.3355,0.0861,0.8180,0.6265,0.0005,0.0000,0.0000,0.2201,0.0200,0.0000,0.0000,0.1601,4.2718,1.8254,0.9595,15.2143,7.5952,0.5610,2xS,0.6000,0.2000,0.1500,1.2000
blend,2x 40% + BTC 30%,D40 15-35,0.1686,0.1735,0.0388,0.3596,0.0861,0.8515,0.6755,0.1580,0.0000,0.0000,0.2466,0.0215,0.0000,0.0000,0.1720,3.8611,1.6028,0.9740,13.6687,7.1060,0.6365,2x,0.4000,0.3000,0.0000,0.8000
