belief,book,governor,exp_log_growth_10y,median_cagr_10y,p10_cagr_10y,p90_cagr_10y,spy_median_cagr_10y,p_beat_spy,p_beat_spy_5pts,p_dd_gt_30,p_dd_gt_40,p_dd_gt_50,median_maxdd_10y,p_below_start_10y,t2x_median,t2x_p10,t2x_share,t10x_median,t10x_p10,t10x_share,veh,we,wb,wg,equity_exposure_when_in
forward-central,gems 15%,none,0.0524,0.0532,0.0482,0.0605,0.0486,0.5405,0.2055,0.0000,0.0000,0.0000,0.0000,0.0000,,,0.0020,,,0.0000,-,0.0000,0.0000,0.1500,0.0000
forward-central,BTC 10%,none,0.0575,0.0583,0.0369,0.0828,0.0486,0.5820,0.2435,0.0000,0.0000,0.0000,0.0525,0.0000,,8.4004,0.2535,,,0.0000,-,0.0000,0.1000,0.0000,0.0000
forward-central,BTC 10% + gems 15%,none,0.0687,0.0704,0.0485,0.0950,0.0486,0.6690,0.3125,0.0000,0.0000,0.0000,0.0496,0.0000,,7.2056,0.4970,,,0.0000,-,0.0000,0.1000,0.1500,0.0000
forward-central,BTC 20%,none,0.0720,0.0729,0.0303,0.1226,0.0486,0.6670,0.3660,0.0030,0.0000,0.0000,0.1370,0.0085,9.1468,4.9841,0.5790,,,0.0000,-,0.0000,0.2000,0.0000,0.0000
forward-central,BTC 20% + gems 15%,none,0.0832,0.0851,0.0425,0.1355,0.0486,0.7410,0.4425,0.0010,0.0000,0.0000,0.1267,0.0015,8.0357,4.5103,0.7115,,,0.0000,-,0.0000,0.2000,0.1500,0.0000
forward-central,BTC 30%,none,0.0846,0.0859,0.0217,0.1618,0.0486,0.7150,0.4505,0.1630,0.0235,0.0015,0.2284,0.0360,7.3849,3.1627,0.7000,,,0.0035,-,0.0000,0.3000,0.0000,0.0000
forward-central,BTC 30% + gems 15%,none,0.0958,0.0987,0.0345,0.1742,0.0486,0.7695,0.5165,0.1070,0.0115,0.0005,0.2114,0.0175,6.6151,2.9480,0.7705,,,0.0085,-,0.0000,0.3000,0.1500,0.0000
forward-central,BTC 40%,none,0.0954,0.0970,0.0118,0.1997,0.0486,0.7360,0.5100,0.5655,0.1860,0.0445,0.3141,0.0645,6.1012,2.0476,0.7625,,,0.0410,-,0.0000,0.4000,0.0000,0.0000
forward-central,BTC 40% + gems 15%,none,0.1066,0.1096,0.0247,0.2121,0.0486,0.7805,0.5675,0.4890,0.1395,0.0230,0.2981,0.0435,5.5992,1.9841,0.8065,,,0.0535,-,0.0000,0.4000,0.1500,0.0000
forward-central,BTC 50%,none,0.1044,0.1059,0.0006,0.2363,0.0486,0.7420,0.5490,0.8630,0.4765,0.1830,0.3937,0.0995,5.1250,1.5115,0.7865,,,0.0955,-,0.0000,0.5000,0.0000,0.0000
forward-central,BTC 50% + gems 15%,none,0.1156,0.1186,0.0132,0.2483,0.0486,0.7815,0.6005,0.8275,0.4155,0.1390,0.3783,0.0715,4.7837,1.4833,0.8275,,9.5980,0.1130,-,0.0000,0.5000,0.1500,0.0000
forward-central,SPY 20%,none,0.0451,0.0467,0.0327,0.0590,0.0486,0.4765,0.1150,0.0000,0.0000,0.0000,0.0727,0.0005,,,0.0060,,,0.0000,SPY,0.2000,0.0000,0.0000,0.2000
forward-central,SPY 20% + gems 15%,none,0.0564,0.0579,0.0436,0.0723,0.0486,0.5870,0.1815,0.0000,0.0000,0.0000,0.0694,0.0000,,9.8008,0.1210,,,0.0000,SPY,0.2000,0.0000,0.1500,0.2000
forward-central,SPY 20% + BTC 10%,none,0.0614,0.0628,0.0369,0.0919,0.0486,0.6405,0.2275,0.0005,0.0005,0.0000,0.0918,0.0005,,7.3714,0.3820,,,0.0000,SPY,0.2000,0.1000,0.0000,0.2000
forward-central,SPY 20% + BTC 10% + gems 15%,none,0.0727,0.0752,0.0480,0.1041,0.0486,0.7370,0.3095,0.0000,0.0000,0.0000,0.0852,0.0005,9.3234,6.4222,0.5985,,,0.0000,SPY,0.2000,0.1000,0.1500,0.2000
forward-central,SPY 20% + BTC 20%,none,0.0758,0.0777,0.0320,0.1307,0.0486,0.7270,0.3770,0.0095,0.0010,0.0005,0.1580,0.0100,8.5992,4.5698,0.6235,,,0.0000,SPY,0.2000,0.2000,0.0000,0.2000
forward-central,SPY 20% + BTC 20% + gems 15%,none,0.0871,0.0899,0.0434,0.1426,0.0486,0.7970,0.4580,0.0055,0.0005,0.0000,0.1463,0.0050,7.5813,4.1544,0.7400,,,0.0010,SPY,0.2000,0.2000,0.1500,0.2000
forward-central,SPY 20% + BTC 30%,none,0.0884,0.0902,0.0251,0.1681,0.0486,0.7530,0.4650,0.2130,0.0335,0.0025,0.2391,0.0305,7.1012,3.0147,0.7230,,,0.0060,SPY,0.2000,0.3000,0.0000,0.2000
forward-central,SPY 20% + BTC 30% + gems 15%,none,0.0997,0.1027,0.0363,0.1811,0.0486,0.8060,0.5405,0.1530,0.0170,0.0015,0.2237,0.0170,6.3512,2.8885,0.7955,,,0.0105,SPY,0.2000,0.3000,0.1500,0.2000
forward-central,SPY 20% + BTC 40%,none,0.0992,0.1015,0.0150,0.2057,0.0486,0.7740,0.5325,0.6065,0.2090,0.0515,0.3221,0.0630,5.8036,1.9952,0.7765,,,0.0435,SPY,0.2000,0.4000,0.0000,0.2000
forward-central,SPY 20% + BTC 40% + gems 15%,none,0.1104,0.1144,0.0260,0.2182,0.0486,0.8120,0.5960,0.5255,0.1575,0.0300,0.3052,0.0385,5.3413,1.9560,0.8175,,,0.0605,SPY,0.2000,0.4000,0.1500,0.2000
forward-central,SPY 20% + BTC 50%,none,0.1081,0.1100,0.0036,0.2419,0.0486,0.7695,0.5660,0.8795,0.4955,0.1930,0.3986,0.0895,4.8869,1.4917,0.8060,,9.8956,0.1040,SPY,0.2000,0.5000,0.0000,0.2000
forward-central,SPY 20% + BTC 50% + gems 15%,none,0.1194,0.1230,0.0151,0.2546,0.0486,0.8040,0.6235,0.8455,0.4370,0.1495,0.3823,0.0670,4.6151,1.4310,0.8290,,9.3294,0.1250,SPY,0.2000,0.5000,0.1500,0.2000
forward-central,SPY 40%,none,0.0475,0.0497,0.0217,0.0747,0.0486,0.5135,0.0695,0.0140,0.0005,0.0005,0.1511,0.0110,,9.1187,0.1705,,,0.0000,SPY,0.4000,0.0000,0.0000,0.4000
forward-central,SPY 40% + gems 15%,none,0.0588,0.0610,0.0332,0.0876,0.0486,0.6505,0.1350,0.0070,0.0005,0.0000,0.1450,0.0020,,7.6817,0.3650,,,0.0000,SPY,0.4000,0.0000,0.1500,0.4000
forward-central,SPY 40% + BTC 10%,none,0.0638,0.0655,0.0302,0.1027,0.0486,0.7030,0.1875,0.0215,0.0025,0.0005,0.1656,0.0100,,6.1587,0.4805,,,0.0000,SPY,0.4000,0.1000,0.0000,0.4000
forward-central,SPY 40% + BTC 10% + gems 15%,none,0.0750,0.0778,0.0418,0.1154,0.0486,0.8025,0.2980,0.0140,0.0010,0.0005,0.1585,0.0025,8.7579,5.5159,0.6355,,,0.0000,SPY,0.4000,0.1000,0.1500,0.4000
forward-central,SPY 40% + BTC 20%,none,0.0781,0.0803,0.0281,0.1401,0.0486,0.7750,0.3650,0.1065,0.0120,0.0015,0.2125,0.0220,8.0278,4.0980,0.6580,,,0.0010,SPY,0.4000,0.2000,0.0000,0.4000
forward-central,SPY 40% + BTC 20% + gems 15%,none,0.0894,0.0927,0.0399,0.1529,0.0486,0.8415,0.4690,0.0725,0.0065,0.0010,0.2015,0.0095,7.1052,3.6984,0.7495,,,0.0015,SPY,0.4000,0.2000,0.1500,0.4000
forward-central,SPY 40% + BTC 30%,none,0.0907,0.0932,0.0222,0.1771,0.0486,0.7905,0.4780,0.3940,0.0875,0.0115,0.2779,0.0415,6.7143,2.8452,0.7455,,,0.0095,SPY,0.4000,0.3000,0.0000,0.4000
forward-central,SPY 40% + BTC 30% + gems 15%,none,0.1019,0.1050,0.0342,0.1900,0.0486,0.8430,0.5720,0.3105,0.0610,0.0075,0.2644,0.0225,6.0317,2.7012,0.7955,,,0.0190,SPY,0.4000,0.3000,0.1500,0.4000
forward-central,SPY 40% + BTC 40%,none,0.1014,0.1043,0.0140,0.2137,0.0486,0.7930,0.5420,0.7240,0.3010,0.0825,0.3474,0.0660,5.5714,1.9639,0.7865,,,0.0545,SPY,0.4000,0.4000,0.0000,0.4000
forward-central,SPY 40% + BTC 40% + gems 15%,none,0.1127,0.1164,0.0267,0.2261,0.0486,0.8360,0.6140,0.6655,0.2425,0.0585,0.3329,0.0420,5.1766,1.9048,0.8220,,,0.0720,SPY,0.4000,0.4000,0.1500,0.4000
forward-central,SPY 40% + BTC 50%,none,0.1103,0.1133,0.0035,0.2480,0.0486,0.7890,0.5735,0.9210,0.5785,0.2400,0.4170,0.0920,4.7302,1.4083,0.8015,,9.4349,0.1190,SPY,0.4000,0.5000,0.0000,0.4000
forward-central,SPY 50%,none,0.0481,0.0506,0.0156,0.0821,0.0486,0.5265,0.0400,0.0765,0.0095,0.0005,0.1936,0.0325,,7.9718,0.2495,,,0.0000,SPY,0.5000,0.0000,0.0000,0.5000
forward-central,SPY 50% + gems 15%,none,0.0594,0.0622,0.0275,0.0953,0.0486,0.6890,0.0985,0.0575,0.0055,0.0005,0.1852,0.0100,,6.7738,0.4245,,,0.0000,SPY,0.5000,0.0000,0.1500,0.5000
forward-central,SPY 50% + BTC 10%,none,0.0643,0.0666,0.0253,0.1085,0.0486,0.7400,0.1595,0.0995,0.0115,0.0020,0.2057,0.0240,9.8135,5.6698,0.5125,,,0.0000,SPY,0.5000,0.1000,0.0000,0.5000
forward-central,SPY 50% + BTC 10% + gems 15%,none,0.0756,0.0784,0.0370,0.1212,0.0486,0.8450,0.2815,0.0690,0.0065,0.0010,0.1978,0.0075,8.4960,5.0516,0.6500,,,0.0000,SPY,0.5000,0.1000,0.1500,0.5000
forward-central,SPY 50% + BTC 20%,none,0.0787,0.0812,0.0253,0.1452,0.0486,0.7970,0.3570,0.2330,0.0385,0.0055,0.2458,0.0295,7.8234,3.7917,0.6730,,,0.0015,SPY,0.5000,0.2000,0.0000,0.5000
forward-central,SPY 50% + BTC 20% + gems 15%,none,0.0900,0.0934,0.0371,0.1577,0.0486,0.8665,0.4660,0.1815,0.0265,0.0040,0.2338,0.0160,6.9167,3.5222,0.7525,,,0.0015,SPY,0.5000,0.2000,0.1500,0.5000
forward-central,SPY 50% + BTC 30%,none,0.0912,0.0937,0.0191,0.1821,0.0486,0.8050,0.4790,0.5220,0.1475,0.0265,0.3039,0.0465,6.4980,2.7452,0.7480,,,0.0130,SPY,0.5000,0.3000,0.0000,0.5000
forward-central,SPY 50% + BTC 30% + gems 15%,none,0.1025,0.1059,0.0313,0.1950,0.0486,0.8555,0.5730,0.4510,0.1100,0.0145,0.2893,0.0285,5.8929,2.5591,0.7955,,,0.0220,SPY,0.5000,0.3000,0.1500,0.5000
forward-central,SPY 50% + BTC 40%,none,0.1019,0.1053,0.0119,0.2171,0.0486,0.8055,0.5455,0.7940,0.3790,0.1150,0.3690,0.0675,5.4762,1.9087,0.7875,,,0.0610,SPY,0.5000,0.4000,0.0000,0.5000
forward-central,SPY 50% + BTC 50%,none,0.1108,0.1138,0.0021,0.2528,0.0486,0.7920,0.5785,0.9385,0.6285,0.2900,0.4323,0.0955,4.6429,1.3607,0.8050,,9.2619,0.1270,SPY,0.5000,0.5000,0.0000,0.5000
forward-central,SPY 60%,none,0.0483,0.0510,0.0090,0.0888,0.0486,0.5445,0.0125,0.2165,0.0425,0.0065,0.2360,0.0615,,7.0472,0.3125,,,0.0000,SPY,0.6000,0.0000,0.0000,0.6000
forward-central,SPY 60% + gems 15%,none,0.0596,0.0628,0.0209,0.1022,0.0486,0.7360,0.0545,0.1685,0.0290,0.0035,0.2260,0.0260,,6.1206,0.4655,,,0.0000,SPY,0.6000,0.0000,0.1500,0.6000
forward-central,SPY 60% + BTC 10%,none,0.0645,0.0669,0.0192,0.1149,0.0486,0.7705,0.1220,0.2465,0.0520,0.0065,0.2446,0.0415,9.4702,5.1024,0.5390,,,0.0000,SPY,0.6000,0.1000,0.0000,0.6000
forward-central,SPY 60% + BTC 10% + gems 15%,none,0.0758,0.0790,0.0310,0.1278,0.0486,0.8855,0.2580,0.2040,0.0365,0.0040,0.2355,0.0205,8.2401,4.6456,0.6550,,,0.0000,SPY,0.6000,0.1000,0.1500,0.6000
forward-central,SPY 60% + BTC 20%,none,0.0789,0.0812,0.0206,0.1502,0.0486,0.8125,0.3455,0.3910,0.1030,0.0155,0.2797,0.0435,7.5913,3.5472,0.6770,,,0.0015,SPY,0.6000,0.2000,0.0000,0.6000
forward-central,SPY 60% + BTC 20% + gems 15%,none,0.0901,0.0935,0.0330,0.1623,0.0486,0.8835,0.4565,0.3295,0.0700,0.0125,0.2676,0.0265,6.8393,3.3651,0.7525,,,0.0015,SPY,0.6000,0.2000,0.1500,0.6000
forward-central,SPY 60% + BTC 30%,none,0.0914,0.0942,0.0155,0.1863,0.0486,0.8160,0.4785,0.6425,0.2345,0.0580,0.3316,0.0570,6.3373,2.5508,0.7460,,,0.0175,SPY,0.6000,0.3000,0.0000,0.6000
forward-central,SPY 60% + BTC 40%,none,0.1020,0.1051,0.0087,0.2210,0.0486,0.8110,0.5420,0.8555,0.4570,0.1615,0.3893,0.0785,5.3671,1.8492,0.7825,,,0.0690,SPY,0.6000,0.4000,0.0000,0.6000
forward-central,SPY 70%,none,0.0481,0.0510,0.0022,0.0957,0.0486,0.5570,0.0005,0.3940,0.1085,0.0215,0.2789,0.0920,,6.2052,0.3680,,,0.0000,SPY,0.7000,0.0000,0.0000,0.7000
forward-central,SPY 70% + gems 15%,none,0.0594,0.0630,0.0142,0.1088,0.0486,0.8015,0.0195,0.3405,0.0840,0.0160,0.2675,0.0535,,5.5730,0.4985,,,0.0000,SPY,0.7000,0.0000,0.1500,0.7000
forward-central,SPY 70% + BTC 10%,none,0.0643,0.0667,0.0120,0.1210,0.0486,0.8065,0.0885,0.4290,0.1190,0.0265,0.2838,0.0605,9.1706,4.6218,0.5620,,,0.0000,SPY,0.7000,0.1000,0.0000,0.7000
forward-central,SPY 70% + BTC 10% + gems 15%,none,0.0755,0.0791,0.0237,0.1332,0.0486,0.9215,0.2140,0.3780,0.0870,0.0180,0.2743,0.0350,8.0238,4.2099,0.6590,,,0.0000,SPY,0.7000,0.1000,0.1500,0.7000
forward-central,SPY 70% + BTC 20%,none,0.0786,0.0815,0.0153,0.1538,0.0486,0.8305,0.3350,0.5670,0.1970,0.0485,0.3139,0.0600,7.3988,3.3925,0.6800,,,0.0015,SPY,0.7000,0.2000,0.0000,0.7000
forward-central,SPY 70% + BTC 30%,none,0.0911,0.0948,0.0128,0.1906,0.0486,0.8225,0.4755,0.7425,0.3380,0.1070,0.3602,0.0730,6.1885,2.4599,0.7445,,,0.0200,SPY,0.7000,0.3000,0.0000,0.7000
forward-central,SPY 80%,none,0.0475,0.0506,-0.0050,0.1023,0.0486,0.5695,0.0005,0.5855,0.2270,0.0600,0.3208,0.1215,,5.6012,0.4120,,,0.0000,SPY,0.8000,0.0000,0.0000,0.8000
forward-central,SPY 80% + gems 15%,none,0.0588,0.0627,0.0068,0.1153,0.0486,0.8755,0.0020,0.5380,0.1815,0.0440,0.3088,0.0800,9.7440,4.9956,0.5185,,,0.0000,SPY,0.8000,0.0000,0.1500,0.8000
forward-central,SPY 80% + BTC 10%,none,0.0637,0.0664,0.0053,0.1273,0.0486,0.8365,0.0625,0.6145,0.2375,0.0625,0.3240,0.0820,8.9603,4.1901,0.5735,,,0.0000,SPY,0.8000,0.1000,0.0000,0.8000
forward-central,SPY 80% + BTC 20%,none,0.0780,0.0811,0.0097,0.1576,0.0486,0.8350,0.3260,0.7005,0.3100,0.0965,0.3473,0.0765,7.1964,3.1667,0.6785,,,0.0025,SPY,0.8000,0.2000,0.0000,0.8000
forward-central,SPY 100%,none,0.0451,0.0486,-0.0207,0.1145,0.0486,0.0000,0.0000,0.8125,0.4990,0.2135,0.3990,0.1855,,4.4984,0.4615,,,0.0000,SPY,1.0000,0.0000,0.0000,1.0000
forward-central,1x 20%,none,0.0433,0.0443,0.0364,0.0521,0.0486,0.4610,0.1400,0.0000,0.0000,0.0000,0.0292,0.0000,,,0.0000,,,0.0000,1x,0.2000,0.0000,0.0000,0.2000
forward-central,1x 20% + gems 15%,none,0.0545,0.0559,0.0461,0.0670,0.0486,0.5585,0.2015,0.0000,0.0000,0.0000,0.0271,0.0000,,,0.0310,,,0.0000,1x,0.2000,0.0000,0.1500,0.2000
forward-central,1x 20% + BTC 10%,none,0.0595,0.0608,0.0371,0.0875,0.0486,0.6040,0.2410,0.0000,0.0000,0.0000,0.0667,0.0000,,7.8476,0.3165,,,0.0000,1x,0.2000,0.1000,0.0000,0.2000
forward-central,1x 20% + BTC 10% + gems 15%,none,0.0708,0.0730,0.0483,0.1001,0.0486,0.6890,0.3195,0.0000,0.0000,0.0000,0.0621,0.0000,9.6806,6.8079,0.5590,,,0.0000,1x,0.2000,0.1000,0.1500,0.2000
forward-central,1x 20% + BTC 20%,none,0.0740,0.0748,0.0315,0.1263,0.0486,0.6900,0.3760,0.0055,0.0005,0.0000,0.1448,0.0090,8.8810,4.7179,0.6110,,,0.0000,1x,0.2000,0.2000,0.0000,0.2000
forward-central,1x 20% + BTC 20% + gems 15%,none,0.0852,0.0871,0.0423,0.1387,0.0486,0.7600,0.4480,0.0025,0.0000,0.0000,0.1342,0.0020,7.7937,4.2857,0.7270,,,0.0005,1x,0.2000,0.2000,0.1500,0.2000
forward-central,1x 20% + BTC 30%,none,0.0865,0.0872,0.0236,0.1649,0.0486,0.7290,0.4585,0.1825,0.0250,0.0020,0.2333,0.0315,7.2619,3.0500,0.7115,,,0.0065,1x,0.2000,0.3000,0.0000,0.2000
forward-central,1x 20% + BTC 30% + gems 15%,none,0.0978,0.0995,0.0349,0.1781,0.0486,0.7825,0.5270,0.1260,0.0135,0.0015,0.2184,0.0180,6.4425,2.8798,0.7835,,,0.0105,1x,0.2000,0.3000,0.1500,0.2000
forward-central,1x 20% + BTC 40%,none,0.0973,0.0984,0.0136,0.2019,0.0486,0.7465,0.5215,0.5840,0.1970,0.0455,0.3173,0.0655,5.9683,1.9996,0.7685,,,0.0455,1x,0.2000,0.4000,0.0000,0.2000
forward-central,1x 20% + BTC 40% + gems 15%,none,0.1085,0.1106,0.0250,0.2159,0.0486,0.7895,0.5795,0.5060,0.1460,0.0275,0.3015,0.0415,5.4980,1.9563,0.8130,,,0.0570,1x,0.2000,0.4000,0.1500,0.2000
forward-central,1x 20% + BTC 50%,none,0.1062,0.1070,0.0020,0.2387,0.0486,0.7540,0.5540,0.8715,0.4875,0.1850,0.3974,0.0910,5.0833,1.4877,0.7995,,,0.0980,1x,0.2000,0.5000,0.0000,0.2000
forward-central,1x 20% + BTC 50% + gems 15%,none,0.1174,0.1193,0.0139,0.2518,0.0486,0.7870,0.6085,0.8420,0.4235,0.1415,0.3820,0.0700,4.6984,1.4560,0.8270,,9.5071,0.1180,1x,0.2000,0.5000,0.1500,0.2000
forward-central,1x 40%,none,0.0448,0.0460,0.0303,0.0617,0.0486,0.4810,0.1290,0.0000,0.0000,0.0000,0.0683,0.0000,,,0.0275,,,0.0000,1x,0.4000,0.0000,0.0000,0.4000
forward-central,1x 40% + gems 15%,none,0.0561,0.0576,0.0401,0.0759,0.0486,0.5760,0.2010,0.0000,0.0000,0.0000,0.0638,0.0000,,9.3210,0.1750,,,0.0000,1x,0.4000,0.0000,0.1500,0.4000
forward-central,1x 40% + BTC 10%,none,0.0610,0.0627,0.0344,0.0933,0.0486,0.6230,0.2395,0.0005,0.0000,0.0000,0.0994,0.0015,,7.1694,0.3790,,,0.0000,1x,0.4000,0.1000,0.0000,0.4000
forward-central,1x 40% + BTC 10% + gems 15%,none,0.0723,0.0744,0.0458,0.1066,0.0486,0.7100,0.3255,0.0000,0.0000,0.0000,0.0925,0.0005,9.3869,6.2452,0.5995,,,0.0000,1x,0.4000,0.1000,0.1500,0.4000
forward-central,1x 40% + BTC 20%,none,0.0754,0.0771,0.0299,0.1321,0.0486,0.7015,0.3830,0.0175,0.0015,0.0005,0.1691,0.0130,8.5774,4.3996,0.6380,,,0.0005,1x,0.4000,0.2000,0.0000,0.4000
forward-central,1x 40% + BTC 20% + gems 15%,none,0.0867,0.0897,0.0410,0.1436,0.0486,0.7730,0.4550,0.0115,0.0010,0.0000,0.1554,0.0045,7.5397,4.0782,0.7400,,,0.0010,1x,0.4000,0.2000,0.1500,0.4000
forward-central,1x 40% + BTC 30%,none,0.0879,0.0897,0.0229,0.1697,0.0486,0.7400,0.4630,0.2560,0.0375,0.0045,0.2481,0.0330,6.9841,2.9948,0.7230,,,0.0075,1x,0.4000,0.3000,0.0000,0.4000
forward-central,1x 40% + BTC 30% + gems 15%,none,0.0992,0.1016,0.0340,0.1828,0.0486,0.7885,0.5320,0.1815,0.0215,0.0020,0.2330,0.0200,6.3333,2.7694,0.7875,,,0.0120,1x,0.4000,0.3000,0.1500,0.4000
forward-central,1x 40% + BTC 40%,none,0.0986,0.0995,0.0144,0.2060,0.0486,0.7545,0.5245,0.6405,0.2375,0.0535,0.3278,0.0660,5.7917,1.9917,0.7745,,,0.0495,1x,0.4000,0.4000,0.0000,0.4000
forward-central,1x 40% + BTC 40% + gems 15%,none,0.1099,0.1125,0.0250,0.2191,0.0486,0.7930,0.5875,0.5570,0.1765,0.0335,0.3127,0.0410,5.3730,1.9123,0.8160,,,0.0615,1x,0.4000,0.4000,0.1500,0.4000
forward-central,1x 40% + BTC 50%,none,0.1075,0.1084,0.0032,0.2414,0.0486,0.7585,0.5550,0.8880,0.5170,0.2055,0.4038,0.0925,4.9663,1.4365,0.7990,,9.9520,0.1030,1x,0.4000,0.5000,0.0000,0.4000
forward-central,1x 50%,none,0.0454,0.0466,0.0270,0.0663,0.0486,0.4860,0.1275,0.0000,0.0000,0.0000,0.0911,0.0005,,,0.0625,,,0.0000,1x,0.5000,0.0000,0.0000,0.5000
forward-central,1x 50% + gems 15%,none,0.0566,0.0581,0.0370,0.0803,0.0486,0.5830,0.1970,0.0000,0.0000,0.0000,0.0854,0.0000,,8.6821,0.2505,,,0.0000,1x,0.5000,0.0000,0.1500,0.5000
forward-central,1x 50% + BTC 10%,none,0.0616,0.0631,0.0323,0.0970,0.0486,0.6325,0.2390,0.0020,0.0000,0.0000,0.1183,0.0035,,6.8885,0.4185,,,0.0000,1x,0.5000,0.1000,0.0000,0.5000
forward-central,1x 50% + BTC 10% + gems 15%,none,0.0728,0.0754,0.0438,0.1097,0.0486,0.7125,0.3265,0.0015,0.0000,0.0000,0.1108,0.0005,9.2341,6.0115,0.6095,,,0.0000,1x,0.5000,0.1000,0.1500,0.5000
forward-central,1x 50% + BTC 20%,none,0.0759,0.0779,0.0286,0.1347,0.0486,0.7080,0.3805,0.0375,0.0030,0.0005,0.1832,0.0155,8.4643,4.2738,0.6480,,,0.0010,1x,0.5000,0.2000,0.0000,0.5000
forward-central,1x 50% + BTC 20% + gems 15%,none,0.0872,0.0902,0.0405,0.1475,0.0486,0.7835,0.4545,0.0220,0.0015,0.0005,0.1703,0.0055,7.4127,3.9603,0.7380,,,0.0010,1x,0.5000,0.2000,0.1500,0.5000
forward-central,1x 50% + BTC 30%,none,0.0884,0.0902,0.0218,0.1716,0.0486,0.7470,0.4665,0.2895,0.0490,0.0055,0.2598,0.0360,6.8611,2.9262,0.7275,,,0.0090,1x,0.5000,0.3000,0.0000,0.5000
forward-central,1x 50% + BTC 30% + gems 15%,none,0.0997,0.1026,0.0335,0.1845,0.0486,0.7940,0.5350,0.2215,0.0285,0.0030,0.2432,0.0225,6.2619,2.7258,0.7870,,,0.0140,1x,0.5000,0.3000,0.1500,0.5000
forward-central,1x 50% + BTC 40%,none,0.0991,0.1005,0.0133,0.2089,0.0486,0.7565,0.5265,0.6730,0.2600,0.0590,0.3356,0.0695,5.7341,1.9599,0.7740,,,0.0510,1x,0.5000,0.4000,0.0000,0.5000
forward-central,1x 50% + BTC 50%,none,0.1079,0.1088,0.0035,0.2429,0.0486,0.7580,0.5585,0.9050,0.5405,0.2265,0.4106,0.0965,4.9563,1.4282,0.7970,,9.8917,0.1055,1x,0.5000,0.5000,0.0000,0.5000
forward-central,1x 60%,none,0.0458,0.0472,0.0235,0.0709,0.0486,0.4845,0.1240,0.0005,0.0000,0.0000,0.1149,0.0070,,9.7802,0.1155,,,0.0000,1x,0.6000,0.0000,0.0000,0.6000
forward-central,1x 60% + gems 15%,none,0.0571,0.0587,0.0334,0.0847,0.0486,0.5880,0.1970,0.0005,0.0000,0.0000,0.1081,0.0000,,8.0750,0.2975,,,0.0000,1x,0.6000,0.0000,0.1500,0.6000
forward-central,1x 60% + BTC 10%,none,0.0620,0.0637,0.0298,0.1007,0.0486,0.6325,0.2390,0.0050,0.0005,0.0000,0.1397,0.0075,,6.4798,0.4475,,,0.0000,1x,0.6000,0.1000,0.0000,0.6000
forward-central,1x 60% + BTC 10% + gems 15%,none,0.0732,0.0753,0.0410,0.1132,0.0486,0.7180,0.3265,0.0030,0.0000,0.0000,0.1305,0.0020,9.0278,5.7099,0.6215,,,0.0000,1x,0.6000,0.1000,0.1500,0.6000
forward-central,1x 60% + BTC 20%,none,0.0763,0.0783,0.0275,0.1366,0.0486,0.7115,0.3820,0.0680,0.0055,0.0015,0.1996,0.0190,8.3929,4.1500,0.6545,,,0.0010,1x,0.6000,0.2000,0.0000,0.6000
forward-central,1x 60% + BTC 20% + gems 15%,none,0.0876,0.0906,0.0393,0.1506,0.0486,0.7845,0.4575,0.0405,0.0025,0.0010,0.1859,0.0080,7.2877,3.8571,0.7395,,,0.0010,1x,0.6000,0.2000,0.1500,0.6000
forward-central,1x 60% + BTC 30%,none,0.0888,0.0912,0.0198,0.1751,0.0486,0.7490,0.4705,0.3480,0.0715,0.0095,0.2720,0.0405,6.7421,2.8091,0.7335,,,0.0090,1x,0.6000,0.3000,0.0000,0.6000
forward-central,1x 60% + BTC 40%,none,0.0994,0.1009,0.0118,0.2104,0.0486,0.7570,0.5295,0.7160,0.2850,0.0755,0.3447,0.0715,5.6806,1.9440,0.7740,,,0.0535,1x,0.6000,0.4000,0.0000,0.6000
forward-central,1x 70%,none,0.0461,0.0476,0.0199,0.0753,0.0486,0.4835,0.1180,0.0090,0.0005,0.0000,0.1395,0.0160,,8.9794,0.1675,,,0.0000,1x,0.7000,0.0000,0.0000,0.7000
forward-central,1x 70% + gems 15%,none,0.0574,0.0588,0.0300,0.0891,0.0486,0.5905,0.1960,0.0040,0.0005,0.0000,0.1311,0.0035,,7.4595,0.3405,,,0.0000,1x,0.7000,0.0000,0.1500,0.7000
forward-central,1x 70% + BTC 10%,none,0.0623,0.0640,0.0272,0.1042,0.0486,0.6340,0.2405,0.0185,0.0020,0.0000,0.1606,0.0145,,6.1071,0.4710,,,0.0000,1x,0.7000,0.1000,0.0000,0.7000
forward-central,1x 70% + BTC 10% + gems 15%,none,0.0735,0.0759,0.0385,0.1170,0.0486,0.7150,0.3285,0.0085,0.0015,0.0000,0.1509,0.0040,8.8810,5.3885,0.6245,,,0.0000,1x,0.7000,0.1000,0.1500,0.7000
forward-central,1x 70% + BTC 20%,none,0.0765,0.0785,0.0250,0.1395,0.0486,0.7155,0.3820,0.1205,0.0125,0.0020,0.2163,0.0270,8.2738,3.9996,0.6580,,,0.0015,1x,0.7000,0.2000,0.0000,0.7000
forward-central,1x 70% + BTC 30%,none,0.0890,0.0912,0.0189,0.1769,0.0486,0.7515,0.4725,0.4195,0.1040,0.0140,0.2861,0.0460,6.6885,2.6861,0.7330,,,0.0090,1x,0.7000,0.3000,0.0000,0.7000
forward-central,1x 80%,none,0.0463,0.0478,0.0162,0.0796,0.0486,0.4915,0.1175,0.0320,0.0010,0.0000,0.1647,0.0285,,8.2575,0.2140,,,0.0000,1x,0.8000,0.0000,0.0000,0.8000
forward-central,1x 80% + gems 15%,none,0.0575,0.0588,0.0262,0.0931,0.0486,0.5950,0.1900,0.0155,0.0005,0.0000,0.1541,0.0115,,6.9996,0.3820,,,0.0000,1x,0.8000,0.0000,0.1500,0.8000
forward-central,1x 80% + BTC 10%,none,0.0624,0.0642,0.0245,0.1078,0.0486,0.6315,0.2435,0.0500,0.0040,0.0005,0.1827,0.0210,,5.7813,0.4915,,,0.0000,1x,0.8000,0.1000,0.0000,0.8000
forward-central,1x 80% + BTC 20%,none,0.0766,0.0789,0.0228,0.1423,0.0486,0.7160,0.3805,0.1820,0.0260,0.0025,0.2329,0.0330,8.1329,3.8996,0.6580,,,0.0015,1x,0.8000,0.2000,0.0000,0.8000
forward-central,1x 100%,none,0.0462,0.0478,0.0085,0.0876,0.0486,0.4925,0.1165,0.1345,0.0265,0.0015,0.2135,0.0650,,7.0587,0.2940,,,0.0000,1x,1.0000,0.0000,0.0000,1.0000
forward-central,2xS 20%,none,0.0409,0.0419,0.0269,0.0564,0.0486,0.4435,0.1205,0.0000,0.0000,0.0000,0.0652,0.0000,,,0.0060,,,0.0000,2xS,0.2000,0.0000,0.0000,0.4000
forward-central,2xS 20% + gems 15%,none,0.0522,0.0535,0.0375,0.0691,0.0486,0.5380,0.1825,0.0000,0.0000,0.0000,0.0595,0.0000,,,0.0755,,,0.0000,2xS,0.2000,0.0000,0.1500,0.4000
forward-central,2xS 20% + BTC 10%,none,0.0572,0.0580,0.0309,0.0893,0.0486,0.5870,0.2215,0.0000,0.0000,0.0000,0.1019,0.0015,,7.4968,0.3195,,,0.0000,2xS,0.2000,0.1000,0.0000,0.4000
forward-central,2xS 20% + BTC 10% + gems 15%,none,0.0684,0.0704,0.0414,0.1017,0.0486,0.6740,0.3035,0.0000,0.0000,0.0000,0.0915,0.0005,9.9325,6.5913,0.5120,,,0.0000,2xS,0.2000,0.1000,0.1500,0.4000
forward-central,2xS 20% + BTC 20%,none,0.0716,0.0722,0.0257,0.1272,0.0486,0.6750,0.3520,0.0255,0.0010,0.0000,0.1734,0.0180,9.0437,4.5623,0.5890,,,0.0005,2xS,0.2000,0.2000,0.0000,0.4000
forward-central,2xS 20% + BTC 20% + gems 15%,none,0.0828,0.0850,0.0372,0.1407,0.0486,0.7430,0.4295,0.0105,0.0005,0.0000,0.1593,0.0070,7.8849,4.1980,0.7020,,,0.0010,2xS,0.2000,0.2000,0.1500,0.4000
forward-central,2xS 20% + BTC 30%,none,0.0841,0.0849,0.0181,0.1652,0.0486,0.7150,0.4380,0.2890,0.0505,0.0060,0.2545,0.0455,7.2738,3.0040,0.6945,,,0.0075,2xS,0.2000,0.3000,0.0000,0.4000
forward-central,2xS 20% + BTC 30% + gems 15%,none,0.0954,0.0972,0.0303,0.1783,0.0486,0.7670,0.5095,0.2120,0.0260,0.0040,0.2394,0.0235,6.5198,2.8052,0.7680,,,0.0120,2xS,0.2000,0.3000,0.1500,0.4000
forward-central,2xS 20% + BTC 40%,none,0.0948,0.0954,0.0081,0.2020,0.0486,0.7340,0.5055,0.6695,0.2590,0.0650,0.3351,0.0770,5.9921,1.9917,0.7595,,,0.0455,2xS,0.2000,0.4000,0.0000,0.4000
forward-central,2xS 20% + BTC 40% + gems 15%,none,0.1061,0.1076,0.0199,0.2164,0.0486,0.7830,0.5655,0.5930,0.2040,0.0420,0.3195,0.0505,5.5754,1.9405,0.7980,,,0.0555,2xS,0.2000,0.4000,0.1500,0.4000
forward-central,2xS 20% + BTC 50%,none,0.1037,0.1050,-0.0028,0.2374,0.0486,0.7395,0.5385,0.9080,0.5485,0.2260,0.4119,0.1050,5.1171,1.4754,0.7865,,,0.1000,2xS,0.2000,0.5000,0.0000,0.4000
forward-central,2xS 20% + BTC 50% + gems 15%,none,0.1149,0.1166,0.0097,0.2513,0.0486,0.7815,0.5915,0.8745,0.4885,0.1865,0.3971,0.0790,4.7401,1.4242,0.8165,,9.4813,0.1180,2xS,0.2000,0.5000,0.1500,0.4000
forward-central,2xS 40%,none,0.0390,0.0400,0.0100,0.0691,0.0486,0.4240,0.1030,0.0275,0.0010,0.0005,0.1616,0.0425,,9.7988,0.1135,,,0.0000,2xS,0.4000,0.0000,0.0000,0.8000
forward-central,2xS 40% + gems 15%,none,0.0503,0.0518,0.0219,0.0814,0.0486,0.5215,0.1600,0.0110,0.0010,0.0000,0.1484,0.0150,,8.1341,0.2465,,,0.0000,2xS,0.4000,0.0000,0.1500,0.8000
forward-central,2xS 40% + BTC 10%,none,0.0552,0.0562,0.0164,0.0978,0.0486,0.5750,0.2025,0.0545,0.0040,0.0005,0.1836,0.0295,,6.2810,0.3840,,,0.0000,2xS,0.4000,0.1000,0.0000,0.8000
forward-central,2xS 40% + BTC 10% + gems 15%,none,0.0664,0.0685,0.0276,0.1107,0.0486,0.6585,0.2730,0.0305,0.0020,0.0000,0.1696,0.0105,9.6607,5.5671,0.5330,,,0.0000,2xS,0.4000,0.1000,0.1500,0.8000
forward-central,2xS 40% + BTC 20%,none,0.0694,0.0703,0.0162,0.1340,0.0486,0.6650,0.3320,0.2145,0.0355,0.0030,0.2403,0.0490,8.8373,4.0615,0.5805,,,0.0015,2xS,0.4000,0.2000,0.0000,0.8000
forward-central,2xS 40% + BTC 20% + gems 15%,none,0.0807,0.0827,0.0268,0.1465,0.0486,0.7310,0.4095,0.1405,0.0185,0.0015,0.2256,0.0240,7.7143,3.7933,0.6860,,,0.0020,2xS,0.4000,0.2000,0.1500,0.8000
forward-central,2xS 40% + BTC 30%,none,0.0819,0.0826,0.0099,0.1707,0.0486,0.7055,0.4270,0.5425,0.1705,0.0315,0.3105,0.0655,7.0516,2.7730,0.6945,,,0.0105,2xS,0.4000,0.3000,0.0000,0.8000
forward-central,2xS 40% + BTC 30% + gems 15%,none,0.0931,0.0954,0.0212,0.1841,0.0486,0.7615,0.4935,0.4600,0.1105,0.0170,0.2907,0.0475,6.4325,2.5631,0.7535,,,0.0180,2xS,0.4000,0.3000,0.1500,0.8000
forward-central,2xS 40% + BTC 40%,none,0.0925,0.0927,0.0013,0.2078,0.0486,0.7210,0.4820,0.8185,0.4150,0.1435,0.3785,0.0975,5.8671,1.9202,0.7460,,,0.0495,2xS,0.4000,0.4000,0.0000,0.8000
forward-central,2xS 40% + BTC 40% + gems 15%,none,0.1037,0.1061,0.0129,0.2196,0.0486,0.7720,0.5525,0.7675,0.3495,0.1040,0.3601,0.0660,5.4484,1.8131,0.7835,,,0.0650,2xS,0.4000,0.4000,0.1500,0.8000
forward-central,2xS 40% + BTC 50%,none,0.1013,0.1021,-0.0092,0.2435,0.0486,0.7280,0.5240,0.9510,0.6720,0.3280,0.4456,0.1260,5.0933,1.3925,0.7735,,9.8091,0.1055,2xS,0.4000,0.5000,0.0000,0.8000
forward-central,2xS 50%,none,0.0374,0.0384,0.0013,0.0747,0.0486,0.4070,0.0955,0.1350,0.0200,0.0010,0.2109,0.0915,,8.5512,0.1730,,,0.0000,2xS,0.5000,0.0000,0.0000,1.0000
forward-central,2xS 50% + gems 15%,none,0.0486,0.0502,0.0131,0.0876,0.0486,0.5080,0.1505,0.0870,0.0095,0.0010,0.1961,0.0435,,7.2575,0.3040,,,0.0000,2xS,0.5000,0.0000,0.1500,1.0000
forward-central,2xS 50% + BTC 10%,none,0.0535,0.0551,0.0087,0.1022,0.0486,0.5660,0.1935,0.1970,0.0325,0.0025,0.2304,0.0605,,5.6857,0.4170,,,0.0000,2xS,0.5000,0.1000,0.0000,1.0000
forward-central,2xS 50% + BTC 10% + gems 15%,none,0.0647,0.0666,0.0199,0.1159,0.0486,0.6425,0.2650,0.1330,0.0185,0.0015,0.2126,0.0295,9.5873,5.2016,0.5390,,,0.0000,2xS,0.5000,0.1000,0.1500,1.0000
forward-central,2xS 50% + BTC 20%,none,0.0677,0.0685,0.0093,0.1360,0.0486,0.6465,0.3200,0.3930,0.1000,0.0180,0.2772,0.0705,8.6071,3.8726,0.5850,,,0.0015,2xS,0.5000,0.2000,0.0000,1.0000
forward-central,2xS 50% + BTC 20% + gems 15%,none,0.0790,0.0813,0.0195,0.1486,0.0486,0.7155,0.3975,0.3120,0.0615,0.0095,0.2610,0.0425,7.5774,3.4802,0.6780,,,0.0025,2xS,0.5000,0.2000,0.1500,1.0000
forward-central,2xS 50% + BTC 30%,none,0.0801,0.0804,0.0047,0.1737,0.0486,0.6925,0.4190,0.6715,0.2780,0.0730,0.3401,0.0890,6.9583,2.6024,0.6865,,,0.0125,2xS,0.5000,0.3000,0.0000,1.0000
forward-central,2xS 50% + BTC 30% + gems 15%,none,0.0914,0.0936,0.0145,0.1853,0.0486,0.7500,0.4800,0.6080,0.2010,0.0430,0.3226,0.0600,6.3512,2.4683,0.7485,,,0.0195,2xS,0.5000,0.3000,0.1500,1.0000
forward-central,2xS 50% + BTC 40%,none,0.0907,0.0909,-0.0032,0.2086,0.0486,0.7110,0.4685,0.8760,0.5210,0.2095,0.4058,0.1140,5.8294,1.8714,0.7395,,,0.0535,2xS,0.5000,0.4000,0.0000,1.0000
forward-central,2xS 50% + BTC 50%,none,0.0994,0.0994,-0.0140,0.2443,0.0486,0.7145,0.5120,0.9710,0.7450,0.3910,0.4689,0.1385,4.9821,1.3492,0.7670,,9.5389,0.1115,2xS,0.5000,0.5000,0.0000,1.0000
forward-central,2xS 60%,none,0.0353,0.0363,-0.0081,0.0799,0.0486,0.3905,0.0920,0.3190,0.0915,0.0150,0.2620,0.1415,,7.4440,0.2240,,,0.0000,2xS,0.6000,0.0000,0.0000,1.2000
forward-central,2xS 60% + gems 15%,none,0.0466,0.0481,0.0039,0.0931,0.0486,0.4845,0.1440,0.2395,0.0560,0.0080,0.2432,0.0840,,6.3750,0.3425,,,0.0000,2xS,0.6000,0.0000,0.1500,1.2000
forward-central,2xS 60% + BTC 10%,none,0.0514,0.0528,-0.0006,0.1073,0.0486,0.5425,0.1810,0.3870,0.1060,0.0230,0.2761,0.1030,,5.2611,0.4335,,,0.0000,2xS,0.6000,0.1000,0.0000,1.2000
forward-central,2xS 60% + BTC 10% + gems 15%,none,0.0626,0.0646,0.0111,0.1203,0.0486,0.6275,0.2540,0.3065,0.0730,0.0100,0.2581,0.0550,9.4603,4.7687,0.5400,,,0.0000,2xS,0.6000,0.1000,0.1500,1.2000
forward-central,2xS 60% + BTC 20%,none,0.0656,0.0662,0.0011,0.1403,0.0486,0.6305,0.3095,0.5750,0.2110,0.0515,0.3153,0.0970,8.5357,3.5071,0.5825,,,0.0020,2xS,0.6000,0.2000,0.0000,1.2000
forward-central,2xS 60% + BTC 20% + gems 15%,none,0.0768,0.0791,0.0115,0.1514,0.0486,0.7005,0.3805,0.4915,0.1505,0.0315,0.2983,0.0645,7.5298,3.3175,0.6665,,,0.0040,2xS,0.6000,0.2000,0.1500,1.2000
forward-central,2xS 60% + BTC 30%,none,0.0779,0.0787,-0.0020,0.1754,0.0486,0.6705,0.4050,0.7805,0.4040,0.1280,0.3718,0.1045,6.9742,2.4520,0.6765,,,0.0165,2xS,0.6000,0.3000,0.0000,1.2000
forward-central,2xS 60% + BTC 40%,none,0.0884,0.0880,-0.0095,0.2120,0.0486,0.6960,0.4565,0.9200,0.6080,0.2895,0.4331,0.1280,5.7500,1.7409,0.7345,,,0.0605,2xS,0.6000,0.4000,0.0000,1.2000
forward-central,2xS 70%,none,0.0328,0.0337,-0.0176,0.0848,0.0486,0.3740,0.0930,0.5395,0.2020,0.0585,0.3093,0.2000,,6.3524,0.2710,,,0.0000,2xS,0.7000,0.0000,0.0000,1.4000
forward-central,2xS 70% + gems 15%,none,0.0441,0.0455,-0.0058,0.0980,0.0486,0.4610,0.1375,0.4610,0.1465,0.0380,0.2906,0.1270,,5.6802,0.3670,,,0.0000,2xS,0.7000,0.0000,0.1500,1.4000
forward-central,2xS 70% + BTC 10%,none,0.0488,0.0499,-0.0098,0.1119,0.0486,0.5215,0.1730,0.5810,0.2305,0.0705,0.3202,0.1420,,4.7774,0.4500,,,0.0000,2xS,0.7000,0.1000,0.0000,1.4000
forward-central,2xS 70% + BTC 10% + gems 15%,none,0.0601,0.0621,0.0019,0.1246,0.0486,0.6020,0.2415,0.5130,0.1715,0.0415,0.3030,0.0920,9.3631,4.3250,0.5345,,,0.0000,2xS,0.7000,0.1000,0.1500,1.4000
forward-central,2xS 70% + BTC 20%,none,0.0630,0.0643,-0.0084,0.1440,0.0486,0.6095,0.2970,0.7265,0.3410,0.1090,0.3548,0.1285,8.5000,3.2968,0.5825,,,0.0035,2xS,0.7000,0.2000,0.0000,1.4000
forward-central,2xS 70% + BTC 30%,none,0.0753,0.0758,-0.0093,0.1765,0.0486,0.6515,0.3900,0.8620,0.5175,0.2170,0.4043,0.1325,6.9306,2.3369,0.6675,,,0.0215,2xS,0.7000,0.3000,0.0000,1.4000
forward-central,2xS 80%,none,0.0299,0.0307,-0.0275,0.0893,0.0486,0.3565,0.0870,0.7105,0.3520,0.1345,0.3573,0.2460,,5.6476,0.3010,,,0.0000,2xS,0.8000,0.0000,0.0000,1.6000
forward-central,2xS 80% + gems 15%,none,0.0411,0.0424,-0.0152,0.1021,0.0486,0.4400,0.1325,0.6515,0.2810,0.0940,0.3361,0.1780,,5.0794,0.3865,,,0.0000,2xS,0.8000,0.0000,0.1500,1.6000
forward-central,2xS 80% + BTC 10%,none,0.0458,0.0472,-0.0194,0.1167,0.0486,0.4940,0.1715,0.7360,0.3745,0.1400,0.3644,0.1825,,4.3286,0.4575,,,0.0000,2xS,0.8000,0.1000,0.0000,1.6000
forward-central,2xS 80% + BTC 20%,none,0.0599,0.0611,-0.0176,0.1457,0.0486,0.5885,0.2865,0.8250,0.4830,0.1995,0.3943,0.1600,8.3810,3.0429,0.5810,,,0.0060,2xS,0.8000,0.2000,0.0000,1.6000
forward-central,2xS 100%,none,0.0226,0.0232,-0.0488,0.0967,0.0486,0.3275,0.0865,0.9160,0.6400,0.3505,0.4463,0.3490,,4.5032,0.3430,,,0.0000,2xS,1.0000,0.0000,0.0000,2.0000
forward-central,2x 20%,none,0.0439,0.0451,0.0294,0.0607,0.0486,0.4725,0.1250,0.0000,0.0000,0.0000,0.0685,0.0000,,,0.0245,,,0.0000,2x,0.2000,0.0000,0.0000,0.4000
forward-central,2x 20% + gems 15%,none,0.0552,0.0567,0.0392,0.0748,0.0486,0.5675,0.1925,0.0000,0.0000,0.0000,0.0640,0.0000,,9.4639,0.1575,,,0.0000,2x,0.2000,0.0000,0.1500,0.4000
forward-central,2x 20% + BTC 10%,none,0.0602,0.0617,0.0336,0.0922,0.0486,0.6170,0.2335,0.0005,0.0000,0.0000,0.0999,0.0015,,7.2357,0.3625,,,0.0000,2x,0.2000,0.1000,0.0000,0.4000
forward-central,2x 20% + BTC 10% + gems 15%,none,0.0714,0.0735,0.0449,0.1055,0.0486,0.7030,0.3205,0.0000,0.0000,0.0000,0.0929,0.0005,9.4563,6.3131,0.5860,,,0.0000,2x,0.2000,0.1000,0.1500,0.4000
forward-central,2x 20% + BTC 20%,none,0.0745,0.0762,0.0290,0.1310,0.0486,0.6960,0.3760,0.0180,0.0015,0.0005,0.1699,0.0135,8.6865,4.4313,0.6290,,,0.0005,2x,0.2000,0.2000,0.0000,0.4000
forward-central,2x 20% + BTC 20% + gems 15%,none,0.0858,0.0888,0.0401,0.1426,0.0486,0.7680,0.4495,0.0125,0.0010,0.0000,0.1563,0.0050,7.5972,4.1107,0.7285,,,0.0010,2x,0.2000,0.2000,0.1500,0.4000
forward-central,2x 20% + BTC 30%,none,0.0871,0.0887,0.0221,0.1686,0.0486,0.7365,0.4580,0.2590,0.0390,0.0045,0.2493,0.0350,7.0615,3.0075,0.7160,,,0.0075,2x,0.2000,0.3000,0.0000,0.4000
forward-central,2x 20% + BTC 30% + gems 15%,none,0.0983,0.1008,0.0330,0.1816,0.0486,0.7830,0.5265,0.1875,0.0215,0.0025,0.2337,0.0215,6.3512,2.7778,0.7840,,,0.0115,2x,0.2000,0.3000,0.1500,0.4000
forward-central,2x 20% + BTC 40%,none,0.0978,0.0987,0.0136,0.2049,0.0486,0.7530,0.5190,0.6445,0.2410,0.0540,0.3292,0.0710,5.8254,1.9921,0.7725,,,0.0490,2x,0.2000,0.4000,0.0000,0.4000
forward-central,2x 20% + BTC 40% + gems 15%,none,0.1090,0.1115,0.0240,0.2179,0.0486,0.7905,0.5835,0.5660,0.1790,0.0340,0.3137,0.0415,5.4782,1.9389,0.8150,,,0.0610,2x,0.2000,0.4000,0.1500,0.4000
forward-central,2x 20% + BTC 50%,none,0.1066,0.1075,0.0026,0.2401,0.0486,0.7565,0.5510,0.8900,0.5205,0.2105,0.4049,0.0945,4.9980,1.4365,0.7965,,9.9758,0.1010,2x,0.2000,0.5000,0.0000,0.4000
forward-central,2x 20% + BTC 50% + gems 15%,none,0.1179,0.1194,0.0128,0.2549,0.0486,0.7915,0.6120,0.8620,0.4665,0.1605,0.3922,0.0725,4.6667,1.4119,0.8260,,9.4111,0.1235,2x,0.2000,0.5000,0.1500,0.4000
forward-central,2x 40%,none,0.0445,0.0458,0.0146,0.0775,0.0486,0.4725,0.1105,0.0345,0.0015,0.0000,0.1658,0.0350,,8.6071,0.1915,,,0.0000,2x,0.4000,0.0000,0.0000,0.8000
forward-central,2x 40% + gems 15%,none,0.0558,0.0571,0.0244,0.0913,0.0486,0.5755,0.1820,0.0180,0.0005,0.0000,0.1553,0.0130,,7.1774,0.3545,,,0.0000,2x,0.4000,0.0000,0.1500,0.8000
forward-central,2x 40% + BTC 10%,none,0.0607,0.0624,0.0226,0.1058,0.0486,0.6145,0.2295,0.0525,0.0040,0.0010,0.1838,0.0225,,5.9516,0.4650,,,0.0000,2x,0.4000,0.1000,0.0000,0.8000
forward-central,2x 40% + BTC 10% + gems 15%,none,0.0719,0.0744,0.0341,0.1191,0.0486,0.7035,0.3170,0.0335,0.0030,0.0005,0.1737,0.0115,8.9782,5.2202,0.6085,,,0.0000,2x,0.4000,0.1000,0.1500,0.8000
forward-central,2x 40% + BTC 20%,none,0.0749,0.0773,0.0213,0.1400,0.0486,0.7050,0.3660,0.1900,0.0285,0.0025,0.2348,0.0355,8.2956,3.9361,0.6395,,,0.0015,2x,0.4000,0.2000,0.0000,0.8000
forward-central,2x 40% + BTC 20% + gems 15%,none,0.0862,0.0893,0.0334,0.1539,0.0486,0.7780,0.4405,0.1385,0.0170,0.0020,0.2221,0.0215,7.2202,3.5512,0.7340,,,0.0015,2x,0.4000,0.2000,0.1500,0.8000
forward-central,2x 40% + BTC 30%,none,0.0873,0.0898,0.0152,0.1769,0.0486,0.7410,0.4645,0.5085,0.1405,0.0220,0.3028,0.0550,6.6587,2.6583,0.7280,,,0.0105,2x,0.4000,0.3000,0.0000,0.8000
forward-central,2x 40% + BTC 30% + gems 15%,none,0.0986,0.1022,0.0279,0.1902,0.0486,0.8005,0.5325,0.4265,0.1030,0.0145,0.2856,0.0350,6.0714,2.4397,0.7805,,,0.0175,2x,0.4000,0.3000,0.1500,0.8000
forward-central,2x 40% + BTC 40%,none,0.0979,0.1005,0.0066,0.2145,0.0486,0.7530,0.5190,0.7950,0.3720,0.1190,0.3695,0.0805,5.6171,1.9075,0.7715,,,0.0555,2x,0.4000,0.4000,0.0000,0.8000
forward-central,2x 40% + BTC 40% + gems 15%,none,0.1092,0.1129,0.0189,0.2258,0.0486,0.7970,0.5725,0.7395,0.3115,0.0860,0.3540,0.0555,5.2183,1.7933,0.8040,,,0.0715,2x,0.4000,0.4000,0.1500,0.8000
forward-central,2x 40% + BTC 50%,none,0.1067,0.1083,-0.0030,0.2477,0.0486,0.7530,0.5515,0.9410,0.6410,0.2880,0.4372,0.1070,4.8790,1.3806,0.7935,,9.5909,0.1140,2x,0.4000,0.5000,0.0000,0.8000
forward-central,2x 50%,none,0.0440,0.0454,0.0064,0.0852,0.0486,0.4700,0.1080,0.1400,0.0275,0.0020,0.2148,0.0730,,7.2492,0.2665,,,0.0000,2x,0.5000,0.0000,0.0000,1.0000
forward-central,2x 50% + gems 15%,none,0.0553,0.0566,0.0165,0.0986,0.0486,0.5760,0.1780,0.1060,0.0145,0.0005,0.2034,0.0395,,6.2214,0.4070,,,0.0000,2x,0.5000,0.0000,0.1500,1.0000
forward-central,2x 50% + BTC 10%,none,0.0601,0.0623,0.0146,0.1132,0.0486,0.6130,0.2200,0.1850,0.0315,0.0040,0.2279,0.0465,,5.2897,0.4950,,,0.0000,2x,0.5000,0.1000,0.0000,1.0000
forward-central,2x 50% + BTC 10% + gems 15%,none,0.0713,0.0742,0.0263,0.1254,0.0486,0.7010,0.3105,0.1450,0.0210,0.0025,0.2171,0.0250,8.7063,4.7171,0.6065,,,0.0000,2x,0.5000,0.1000,0.1500,1.0000
forward-central,2x 50% + BTC 20%,none,0.0743,0.0763,0.0151,0.1453,0.0486,0.6975,0.3545,0.3575,0.0890,0.0130,0.2725,0.0515,8.0278,3.5948,0.6390,,,0.0015,2x,0.5000,0.2000,0.0000,1.0000
forward-central,2x 50% + BTC 20% + gems 15%,none,0.0855,0.0890,0.0269,0.1590,0.0486,0.7720,0.4385,0.2925,0.0635,0.0070,0.2589,0.0320,7.0159,3.3810,0.7280,,,0.0040,2x,0.5000,0.2000,0.1500,1.0000
forward-central,2x 50% + BTC 30%,none,0.0866,0.0888,0.0105,0.1804,0.0486,0.7330,0.4580,0.6395,0.2305,0.0575,0.3311,0.0685,6.4802,2.4317,0.7275,,,0.0150,2x,0.5000,0.3000,0.0000,1.0000
forward-central,2x 50% + BTC 30% + gems 15%,none,0.0979,0.1015,0.0224,0.1945,0.0486,0.7940,0.5220,0.5810,0.1825,0.0365,0.3152,0.0470,5.9444,2.3286,0.7785,,,0.0230,2x,0.5000,0.3000,0.1500,1.0000
forward-central,2x 50% + BTC 40%,none,0.0972,0.0997,0.0031,0.2167,0.0486,0.7465,0.5105,0.8610,0.4795,0.1755,0.3940,0.0910,5.5456,1.8004,0.7665,,,0.0620,2x,0.5000,0.4000,0.0000,1.0000
forward-central,2x 50% + BTC 50%,none,0.1059,0.1087,-0.0074,0.2532,0.0486,0.7495,0.5430,0.9620,0.7110,0.3495,0.4572,0.1180,4.7758,1.3329,0.7930,,9.3599,0.1215,2x,0.5000,0.5000,0.0000,1.0000
forward-central,2x 60%,none,0.0429,0.0443,-0.0023,0.0923,0.0486,0.4575,0.1120,0.3390,0.0925,0.0215,0.2652,0.1140,,6.2698,0.3225,,,0.0000,2x,0.6000,0.0000,0.0000,1.2000
forward-central,2x 60% + gems 15%,none,0.0542,0.0556,0.0078,0.1061,0.0486,0.5615,0.1690,0.2755,0.0655,0.0110,0.2529,0.0710,,5.5909,0.4475,,,0.0000,2x,0.6000,0.0000,0.1500,1.2000
forward-central,2x 60% + BTC 10%,none,0.0589,0.0610,0.0063,0.1185,0.0486,0.6010,0.2150,0.3805,0.1100,0.0205,0.2727,0.0755,9.8790,4.7671,0.5105,,,0.0000,2x,0.6000,0.1000,0.0000,1.2000
forward-central,2x 60% + BTC 10% + gems 15%,none,0.0702,0.0730,0.0177,0.1315,0.0486,0.6905,0.2990,0.3230,0.0840,0.0130,0.2610,0.0470,8.4147,4.2460,0.6160,,,0.0000,2x,0.6000,0.1000,0.1500,1.2000
forward-central,2x 60% + BTC 20%,none,0.0731,0.0753,0.0084,0.1508,0.0486,0.6815,0.3475,0.5590,0.1820,0.0475,0.3114,0.0790,7.8135,3.2849,0.6430,,,0.0030,2x,0.6000,0.2000,0.0000,1.2000
forward-central,2x 60% + BTC 20% + gems 15%,none,0.0843,0.0875,0.0201,0.1644,0.0486,0.7620,0.4320,0.4850,0.1480,0.0330,0.2974,0.0495,6.8274,3.1147,0.7225,,,0.0060,2x,0.6000,0.2000,0.1500,1.2000
forward-central,2x 60% + BTC 30%,none,0.0854,0.0881,0.0051,0.1842,0.0486,0.7200,0.4505,0.7605,0.3470,0.1155,0.3624,0.0890,6.3770,2.2976,0.7285,,,0.0190,2x,0.6000,0.3000,0.0000,1.2000
forward-central,2x 60% + BTC 40%,none,0.0959,0.0986,-0.0007,0.2188,0.0486,0.7370,0.5080,0.9080,0.5770,0.2415,0.4208,0.1025,5.4365,1.7298,0.7640,,,0.0670,2x,0.6000,0.4000,0.0000,1.2000
forward-central,2x 70%,none,0.0413,0.0429,-0.0116,0.0988,0.0486,0.4450,0.1150,0.5600,0.2095,0.0635,0.3131,0.1680,,5.5857,0.3670,,,0.0000,2x,0.7000,0.0000,0.0000,1.4000
forward-central,2x 70% + gems 15%,none,0.0525,0.0542,-0.0018,0.1127,0.0486,0.5490,0.1670,0.5005,0.1565,0.0465,0.3004,0.1060,,4.8806,0.4740,,,0.0000,2x,0.7000,0.0000,0.1500,1.4000
forward-central,2x 70% + BTC 10%,none,0.0572,0.0590,-0.0017,0.1247,0.0486,0.5900,0.2100,0.5925,0.2165,0.0675,0.3189,0.1075,9.5615,4.2234,0.5285,,,0.0000,2x,0.7000,0.1000,0.0000,1.4000
forward-central,2x 70% + BTC 10% + gems 15%,none,0.0685,0.0712,0.0089,0.1367,0.0486,0.6775,0.2870,0.5290,0.1785,0.0485,0.3055,0.0740,8.2917,3.8365,0.6150,,,0.0005,2x,0.7000,0.1000,0.1500,1.4000
forward-central,2x 70% + BTC 20%,none,0.0713,0.0734,0.0006,0.1562,0.0486,0.6690,0.3415,0.7160,0.3110,0.1025,0.3526,0.1000,7.5754,3.1087,0.6440,,,0.0055,2x,0.7000,0.2000,0.0000,1.4000
forward-central,2x 70% + BTC 30%,none,0.0836,0.0859,-0.0015,0.1881,0.0486,0.7040,0.4405,0.8595,0.4855,0.1905,0.3966,0.1060,6.2778,2.2294,0.7225,,,0.0265,2x,0.7000,0.3000,0.0000,1.4000
forward-central,2x 80%,none,0.0391,0.0409,-0.0212,0.1049,0.0486,0.4305,0.1135,0.7235,0.3670,0.1290,0.3605,0.2095,,4.8452,0.4000,,,0.0000,2x,0.8000,0.0000,0.0000,1.6000
forward-central,2x 80% + gems 15%,none,0.0503,0.0522,-0.0110,0.1189,0.0486,0.5325,0.1720,0.6790,0.3075,0.1060,0.3466,0.1495,,4.3361,0.4885,,,0.0000,2x,0.8000,0.0000,0.1500,1.6000
forward-central,2x 80% + BTC 10%,none,0.0550,0.0565,-0.0110,0.1297,0.0486,0.5650,0.2095,0.7450,0.3725,0.1380,0.3641,0.1435,9.3036,3.7258,0.5390,,,0.0005,2x,0.8000,0.1000,0.0000,1.6000
forward-central,2x 80% + BTC 20%,none,0.0690,0.0714,-0.0074,0.1606,0.0486,0.6495,0.3280,0.8390,0.4590,0.1760,0.3904,0.1250,7.4107,2.7929,0.6450,,,0.0075,2x,0.8000,0.2000,0.0000,1.6000
forward-central,2x 100%,none,0.0330,0.0347,-0.0422,0.1151,0.0486,0.3965,0.1220,0.9280,0.6530,0.3635,0.4503,0.2900,,3.7575,0.4420,,,0.0000,2x,1.0000,0.0000,0.0000,2.0000
forward-central,3xS 20%,none,0.0408,0.0418,0.0193,0.0635,0.0486,0.4435,0.1160,0.0010,0.0000,0.0000,0.1113,0.0075,,,0.0515,,,0.0000,3xS,0.2000,0.0000,0.0000,0.6000
forward-central,3xS 20% + gems 15%,none,0.0520,0.0536,0.0308,0.0758,0.0486,0.5390,0.1700,0.0005,0.0000,0.0000,0.1016,0.0005,,9.0679,0.1800,,,0.0000,3xS,0.2000,0.0000,0.1500,0.6000
forward-central,3xS 20% + BTC 10%,none,0.0570,0.0577,0.0249,0.0942,0.0486,0.5855,0.2140,0.0055,0.0000,0.0000,0.1399,0.0110,,6.9254,0.3600,,,0.0000,3xS,0.2000,0.1000,0.0000,0.6000
forward-central,3xS 20% + BTC 10% + gems 15%,none,0.0682,0.0707,0.0358,0.1060,0.0486,0.6750,0.3020,0.0020,0.0000,0.0000,0.1278,0.0025,9.7083,6.0754,0.5380,,,0.0000,3xS,0.2000,0.1000,0.1500,0.6000
forward-central,3xS 20% + BTC 20%,none,0.0713,0.0717,0.0218,0.1316,0.0486,0.6710,0.3465,0.0850,0.0080,0.0005,0.2054,0.0325,8.8611,4.2857,0.5890,,,0.0010,3xS,0.2000,0.2000,0.0000,0.6000
forward-central,3xS 20% + BTC 20% + gems 15%,none,0.0825,0.0846,0.0327,0.1444,0.0486,0.7400,0.4280,0.0465,0.0030,0.0005,0.1895,0.0130,7.7659,3.9524,0.6995,,,0.0015,3xS,0.2000,0.2000,0.1500,0.6000
forward-central,3xS 20% + BTC 30%,none,0.0838,0.0843,0.0152,0.1689,0.0486,0.7160,0.4325,0.3940,0.0905,0.0125,0.2796,0.0545,7.1091,2.8766,0.7005,,,0.0080,3xS,0.2000,0.3000,0.0000,0.6000
forward-central,3xS 20% + BTC 30% + gems 15%,none,0.0950,0.0972,0.0265,0.1819,0.0486,0.7670,0.5075,0.3125,0.0555,0.0065,0.2624,0.0315,6.4921,2.7087,0.7580,,,0.0140,3xS,0.2000,0.3000,0.1500,0.6000
forward-central,3xS 20% + BTC 40%,none,0.0944,0.0955,0.0059,0.2054,0.0486,0.7330,0.4985,0.7495,0.3320,0.0970,0.3526,0.0790,5.8810,1.9556,0.7560,,,0.0495,3xS,0.2000,0.4000,0.0000,0.6000
forward-central,3xS 20% + BTC 40% + gems 15%,none,0.1057,0.1076,0.0175,0.2193,0.0486,0.7825,0.5625,0.6800,0.2695,0.0625,0.3361,0.0550,5.5000,1.8952,0.7940,,,0.0595,3xS,0.2000,0.4000,0.1500,0.6000
forward-central,3xS 20% + BTC 50%,none,0.1033,0.1038,-0.0050,0.2399,0.0486,0.7375,0.5410,0.9325,0.6010,0.2740,0.4253,0.1135,5.0694,1.4202,0.7810,,9.9310,0.1040,3xS,0.2000,0.5000,0.0000,0.6000
forward-central,3xS 20% + BTC 50% + gems 15%,none,0.1145,0.1162,0.0061,0.2553,0.0486,0.7775,0.5850,0.9110,0.5420,0.2225,0.4111,0.0825,4.7321,1.3889,0.8120,,9.3095,0.1260,3xS,0.2000,0.5000,0.1500,0.6000
forward-central,3xS 40%,none,0.0365,0.0374,-0.0068,0.0811,0.0486,0.4015,0.0965,0.3100,0.0875,0.0140,0.2593,0.1370,,7.2278,0.2335,,,0.0000,3xS,0.4000,0.0000,0.0000,1.2000
forward-central,3xS 40% + gems 15%,none,0.0477,0.0492,0.0052,0.0944,0.0486,0.4940,0.1495,0.2345,0.0525,0.0080,0.2418,0.0785,,6.2643,0.3560,,,0.0000,3xS,0.4000,0.0000,0.1500,1.2000
forward-central,3xS 40% + BTC 10%,none,0.0525,0.0540,0.0006,0.1084,0.0486,0.5515,0.1880,0.3775,0.1025,0.0210,0.2749,0.0945,,5.2365,0.4395,,,0.0000,3xS,0.4000,0.1000,0.0000,1.2000
forward-central,3xS 40% + BTC 10% + gems 15%,none,0.0638,0.0659,0.0124,0.1216,0.0486,0.6390,0.2605,0.3005,0.0715,0.0090,0.2567,0.0500,9.2897,4.7298,0.5515,,,0.0000,3xS,0.4000,0.1000,0.1500,1.2000
forward-central,3xS 40% + BTC 20%,none,0.0667,0.0674,0.0022,0.1415,0.0486,0.6345,0.3190,0.5665,0.2055,0.0485,0.3133,0.0945,8.4286,3.4909,0.5940,,,0.0020,3xS,0.4000,0.2000,0.0000,1.2000
forward-central,3xS 40% + BTC 20% + gems 15%,none,0.0780,0.0804,0.0127,0.1527,0.0486,0.7085,0.3890,0.4815,0.1440,0.0290,0.2970,0.0630,7.4425,3.2972,0.6760,,,0.0040,3xS,0.4000,0.2000,0.1500,1.2000
forward-central,3xS 40% + BTC 30%,none,0.0791,0.0800,-0.0009,0.1766,0.0486,0.6765,0.4095,0.7735,0.3985,0.1250,0.3701,0.1015,6.8552,2.4444,0.6830,,,0.0180,3xS,0.4000,0.3000,0.0000,1.2000
forward-central,3xS 40% + BTC 30% + gems 15%,none,0.0903,0.0926,0.0101,0.1900,0.0486,0.7400,0.4730,0.7260,0.3240,0.0895,0.3524,0.0760,6.2738,2.3052,0.7410,,,0.0265,3xS,0.4000,0.3000,0.1500,1.2000
forward-central,3xS 40% + BTC 40%,none,0.0896,0.0893,-0.0084,0.2133,0.0486,0.6970,0.4600,0.9180,0.6015,0.2830,0.4313,0.1240,5.6944,1.7218,0.7390,,,0.0615,3xS,0.4000,0.4000,0.0000,1.2000
forward-central,3xS 40% + BTC 40% + gems 15%,none,0.1008,0.1027,0.0020,0.2253,0.0486,0.7550,0.5330,0.8930,0.5500,0.2215,0.4136,0.0945,5.2659,1.6623,0.7760,,,0.0780,3xS,0.4000,0.4000,0.1500,1.2000
forward-central,3xS 40% + BTC 50%,none,0.0982,0.0983,-0.0184,0.2462,0.0486,0.7035,0.5070,0.9795,0.7960,0.4660,0.4894,0.1465,4.9127,1.2972,0.7665,,9.3246,0.1185,3xS,0.4000,0.5000,0.0000,1.2000
forward-central,3xS 50%,none,0.0328,0.0336,-0.0211,0.0888,0.0486,0.3765,0.0930,0.6190,0.2655,0.0880,0.3307,0.2090,,5.9671,0.2980,,,0.0000,3xS,0.5000,0.0000,0.0000,1.5000
forward-central,3xS 50% + gems 15%,none,0.0441,0.0456,-0.0090,0.1014,0.0486,0.4575,0.1445,0.5455,0.2000,0.0560,0.3109,0.1410,,5.3710,0.3870,,,0.0000,3xS,0.5000,0.0000,0.1500,1.5000
forward-central,3xS 50% + BTC 10%,none,0.0488,0.0502,-0.0131,0.1158,0.0486,0.5205,0.1785,0.6650,0.2885,0.0940,0.3405,0.1540,,4.4905,0.4650,,,0.0000,3xS,0.5000,0.1000,0.0000,1.5000
forward-central,3xS 50% + BTC 10% + gems 15%,none,0.0601,0.0622,-0.0017,0.1280,0.0486,0.6020,0.2460,0.5965,0.2290,0.0690,0.3230,0.1075,9.0972,4.0306,0.5485,,,0.0000,3xS,0.5000,0.1000,0.1500,1.5000
forward-central,3xS 50% + BTC 20%,none,0.0629,0.0638,-0.0113,0.1467,0.0486,0.6075,0.2970,0.7670,0.3980,0.1455,0.3724,0.1400,8.3175,3.1742,0.5920,,,0.0055,3xS,0.5000,0.2000,0.0000,1.5000
forward-central,3xS 50% + BTC 20% + gems 15%,none,0.0742,0.0760,-0.0002,0.1591,0.0486,0.6745,0.3655,0.7295,0.3375,0.1080,0.3548,0.1010,7.2817,2.9480,0.6620,,,0.0075,3xS,0.5000,0.2000,0.1500,1.5000
forward-central,3xS 50% + BTC 30%,none,0.0752,0.0760,-0.0122,0.1787,0.0486,0.6495,0.3955,0.8865,0.5655,0.2585,0.4187,0.1420,6.7976,2.2536,0.6765,,,0.0255,3xS,0.5000,0.3000,0.0000,1.5000
forward-central,3xS 50% + BTC 30% + gems 15%,none,0.0865,0.0888,-0.0017,0.1924,0.0486,0.7135,0.4500,0.8530,0.5040,0.2005,0.4012,0.1040,6.1230,2.1567,0.7305,,,0.0340,3xS,0.5000,0.3000,0.1500,1.5000
forward-central,3xS 50% + BTC 40%,none,0.0856,0.0865,-0.0177,0.2154,0.0486,0.6765,0.4500,0.9600,0.7365,0.4175,0.4715,0.1515,5.6230,1.6270,0.7305,,,0.0675,3xS,0.5000,0.4000,0.0000,1.5000
forward-central,3xS 50% + BTC 50%,none,0.0942,0.0933,-0.0274,0.2502,0.0486,0.6845,0.4870,0.9910,0.8635,0.5710,0.5266,0.1685,4.7837,1.2175,0.7620,,9.1079,0.1270,3xS,0.5000,0.5000,0.0000,1.5000
forward-central,3xS 60%,none,0.0282,0.0289,-0.0362,0.0951,0.0486,0.3540,0.0900,0.8325,0.4980,0.2175,0.3987,0.2780,,5.0111,0.3370,,,0.0000,3xS,0.6000,0.0000,0.0000,1.8000
forward-central,3xS 60% + gems 15%,none,0.0395,0.0409,-0.0240,0.1077,0.0486,0.4325,0.1340,0.7935,0.4340,0.1685,0.3803,0.2090,,4.4798,0.4155,,,0.0000,3xS,0.6000,0.0000,0.1500,1.8000
forward-central,3xS 60% + BTC 10%,none,0.0441,0.0455,-0.0278,0.1223,0.0486,0.4850,0.1745,0.8490,0.5180,0.2300,0.4046,0.2110,,3.7730,0.4840,,,0.0010,3xS,0.6000,0.1000,0.0000,1.8000
forward-central,3xS 60% + BTC 10% + gems 15%,none,0.0554,0.0574,-0.0160,0.1342,0.0486,0.5715,0.2335,0.8125,0.4510,0.1835,0.3866,0.1585,8.9246,3.4877,0.5505,,,0.0010,3xS,0.6000,0.1000,0.1500,1.8000
forward-central,3xS 60% + BTC 20%,none,0.0581,0.0593,-0.0253,0.1500,0.0486,0.5810,0.2825,0.8995,0.6055,0.2915,0.4302,0.1860,8.0595,2.8175,0.5830,,,0.0080,3xS,0.6000,0.2000,0.0000,1.8000
forward-central,3xS 60% + BTC 20% + gems 15%,none,0.0694,0.0713,-0.0147,0.1638,0.0486,0.6430,0.3395,0.8740,0.5465,0.2440,0.4134,0.1430,7.2063,2.7254,0.6480,,,0.0115,3xS,0.6000,0.2000,0.1500,1.8000
forward-central,3xS 60% + BTC 30%,none,0.0703,0.0705,-0.0263,0.1828,0.0486,0.6275,0.3725,0.9495,0.7230,0.4080,0.4694,0.1820,6.6369,2.0317,0.6650,,,0.0310,3xS,0.6000,0.3000,0.0000,1.8000
forward-central,3xS 60% + BTC 40%,none,0.0807,0.0803,-0.0296,0.2154,0.0486,0.6485,0.4260,0.9800,0.8340,0.5425,0.5133,0.1880,5.4921,1.5000,0.7195,,,0.0745,3xS,0.6000,0.4000,0.0000,1.8000
forward-central,3xS 70%,none,0.0226,0.0231,-0.0519,0.1004,0.0486,0.3320,0.0890,0.9400,0.6970,0.4020,0.4642,0.3545,,4.1052,0.3620,,,0.0000,3xS,0.7000,0.0000,0.0000,2.1000
forward-central,3xS 70% + gems 15%,none,0.0338,0.0350,-0.0400,0.1133,0.0486,0.4010,0.1325,0.9180,0.6425,0.3420,0.4439,0.2760,,3.8024,0.4355,,,0.0000,3xS,0.7000,0.0000,0.1500,2.1000
forward-central,3xS 70% + BTC 10%,none,0.0384,0.0385,-0.0432,0.1285,0.0486,0.4395,0.1745,0.9445,0.7035,0.4005,0.4661,0.2700,,3.2063,0.4940,,,0.0025,3xS,0.7000,0.1000,0.0000,2.1000
forward-central,3xS 70% + BTC 10% + gems 15%,none,0.0496,0.0510,-0.0324,0.1402,0.0486,0.5240,0.2210,0.9315,0.6550,0.3430,0.4483,0.2155,8.8016,3.0159,0.5485,,,0.0050,3xS,0.7000,0.1000,0.1500,2.1000
forward-central,3xS 70% + BTC 20%,none,0.0524,0.0534,-0.0403,0.1547,0.0486,0.5365,0.2645,0.9645,0.7575,0.4575,0.4871,0.2350,7.8532,2.5548,0.5845,,,0.0140,3xS,0.7000,0.2000,0.0000,2.1000
forward-central,3xS 70% + BTC 30%,none,0.0645,0.0656,-0.0417,0.1863,0.0486,0.5860,0.3490,0.9820,0.8310,0.5580,0.5174,0.2250,6.4563,1.8766,0.6585,,,0.0390,3xS,0.7000,0.3000,0.0000,2.1000
forward-central,3xS 80%,none,0.0159,0.0163,-0.0685,0.1049,0.0486,0.3150,0.0930,0.9800,0.8350,0.5675,0.5213,0.4125,,3.5706,0.3825,,,0.0005,3xS,0.8000,0.0000,0.0000,2.4000
forward-central,3xS 80% + gems 15%,none,0.0272,0.0282,-0.0568,0.1174,0.0486,0.3745,0.1355,0.9765,0.8035,0.5095,0.5032,0.3435,,3.3091,0.4450,,,0.0020,3xS,0.8000,0.0000,0.1500,2.4000
forward-central,3xS 80% + BTC 10%,none,0.0317,0.0317,-0.0592,0.1327,0.0486,0.4080,0.1700,0.9805,0.8370,0.5730,0.5249,0.3270,9.9206,2.8452,0.5040,,,0.0065,3xS,0.8000,0.1000,0.0000,2.4000
forward-central,3xS 80% + BTC 20%,none,0.0456,0.0462,-0.0565,0.1583,0.0486,0.4950,0.2480,0.9845,0.8705,0.6185,0.5419,0.2835,7.6944,2.2417,0.5805,,,0.0210,3xS,0.8000,0.2000,0.0000,2.4000
forward-central,3xS 100%,none,-0.0004,0.0001,-0.1037,0.1110,0.0486,0.2700,0.0955,0.9985,0.9620,0.8190,0.6287,0.4995,,2.6250,0.4115,,,0.0060,3xS,1.0000,0.0000,0.0000,3.0000
forward-central,3x 20%,none,0.0451,0.0464,0.0229,0.0699,0.0486,0.4765,0.1200,0.0005,0.0000,0.0000,0.1147,0.0075,,9.9226,0.1080,,,0.0000,3x,0.2000,0.0000,0.0000,0.6000
forward-central,3x 20% + gems 15%,none,0.0564,0.0580,0.0330,0.0839,0.0486,0.5820,0.1915,0.0005,0.0000,0.0000,0.1081,0.0000,,8.1742,0.2845,,,0.0000,3x,0.2000,0.0000,0.1500,0.6000
forward-central,3x 20% + BTC 10%,none,0.0613,0.0629,0.0292,0.0998,0.0486,0.6290,0.2360,0.0050,0.0005,0.0000,0.1398,0.0085,,6.5464,0.4365,,,0.0000,3x,0.2000,0.1000,0.0000,0.6000
forward-central,3x 20% + BTC 10% + gems 15%,none,0.0725,0.0747,0.0404,0.1122,0.0486,0.7120,0.3195,0.0030,0.0000,0.0000,0.1305,0.0020,9.1290,5.7571,0.6065,,,0.0000,3x,0.2000,0.1000,0.1500,0.6000
forward-central,3x 20% + BTC 20%,none,0.0756,0.0775,0.0268,0.1356,0.0486,0.7070,0.3750,0.0685,0.0055,0.0015,0.2002,0.0215,8.4444,4.1944,0.6430,,,0.0010,3x,0.2000,0.2000,0.0000,0.6000
forward-central,3x 20% + BTC 20% + gems 15%,none,0.0868,0.0897,0.0386,0.1496,0.0486,0.7795,0.4540,0.0410,0.0025,0.0010,0.1862,0.0080,7.3651,3.8754,0.7370,,,0.0010,3x,0.2000,0.2000,0.1500,0.6000
forward-central,3x 20% + BTC 30%,none,0.0881,0.0904,0.0193,0.1741,0.0486,0.7455,0.4630,0.3490,0.0725,0.0095,0.2731,0.0435,6.8194,2.8250,0.7280,,,0.0090,3x,0.2000,0.3000,0.0000,0.6000
forward-central,3x 20% + BTC 30% + gems 15%,none,0.0993,0.1030,0.0316,0.1859,0.0486,0.7965,0.5290,0.2730,0.0445,0.0055,0.2560,0.0270,6.1587,2.6504,0.7845,,,0.0145,3x,0.2000,0.3000,0.1500,0.6000
forward-central,3x 20% + BTC 40%,none,0.0987,0.1002,0.0112,0.2094,0.0486,0.7540,0.5260,0.7185,0.2875,0.0765,0.3453,0.0735,5.7083,1.9556,0.7710,,,0.0530,3x,0.2000,0.4000,0.0000,0.6000
forward-central,3x 20% + BTC 40% + gems 15%,none,0.1100,0.1128,0.0228,0.2240,0.0486,0.8020,0.5855,0.6445,0.2335,0.0485,0.3308,0.0455,5.3115,1.8488,0.8120,,,0.0655,3x,0.2000,0.4000,0.1500,0.6000
forward-central,3x 20% + BTC 50%,none,0.1075,0.1089,0.0009,0.2449,0.0486,0.7560,0.5545,0.9180,0.5740,0.2495,0.4187,0.0970,4.9226,1.3964,0.7965,,9.7944,0.1095,3x,0.2000,0.5000,0.0000,0.6000
forward-central,3x 20% + BTC 50% + gems 15%,none,0.1188,0.1217,0.0120,0.2591,0.0486,0.7910,0.6125,0.8985,0.5145,0.1990,0.4030,0.0745,4.6448,1.3849,0.8305,,9.2694,0.1285,3x,0.2000,0.5000,0.1500,0.6000
forward-central,3x 40%,none,0.0441,0.0456,-0.0012,0.0935,0.0486,0.4655,0.1155,0.3310,0.0885,0.0210,0.2634,0.1045,,6.2052,0.3350,,,0.0000,3x,0.4000,0.0000,0.0000,1.2000
forward-central,3x 40% + gems 15%,none,0.0554,0.0569,0.0089,0.1074,0.0486,0.5760,0.1755,0.2700,0.0615,0.0110,0.2512,0.0680,,5.5194,0.4580,,,0.0000,3x,0.4000,0.0000,0.1500,1.2000
forward-central,3x 40% + BTC 10%,none,0.0601,0.0622,0.0076,0.1197,0.0486,0.6130,0.2220,0.3725,0.1070,0.0200,0.2709,0.0715,9.7202,4.6980,0.5210,,,0.0000,3x,0.4000,0.1000,0.0000,1.2000
forward-central,3x 40% + BTC 10% + gems 15%,none,0.0714,0.0741,0.0191,0.1328,0.0486,0.7025,0.3070,0.3150,0.0805,0.0120,0.2597,0.0445,8.3294,4.2298,0.6230,,,0.0000,3x,0.4000,0.1000,0.1500,1.2000
forward-central,3x 40% + BTC 20%,none,0.0743,0.0765,0.0096,0.1520,0.0486,0.6920,0.3600,0.5525,0.1765,0.0445,0.3097,0.0745,7.6845,3.2734,0.6505,,,0.0040,3x,0.4000,0.2000,0.0000,1.2000
forward-central,3x 40% + BTC 20% + gems 15%,none,0.0855,0.0888,0.0214,0.1656,0.0486,0.7705,0.4385,0.4790,0.1445,0.0295,0.2956,0.0465,6.7679,3.1067,0.7295,,,0.0060,3x,0.4000,0.2000,0.1500,1.2000
forward-central,3x 40% + BTC 30%,none,0.0866,0.0894,0.0064,0.1855,0.0486,0.7290,0.4580,0.7530,0.3420,0.1115,0.3609,0.0865,6.3373,2.2976,0.7360,,,0.0195,3x,0.4000,0.3000,0.0000,1.2000
forward-central,3x 40% + BTC 30% + gems 15%,none,0.0978,0.1016,0.0177,0.2001,0.0486,0.7830,0.5200,0.7080,0.2865,0.0825,0.3455,0.0585,5.7440,2.2143,0.7785,,,0.0290,3x,0.4000,0.3000,0.1500,1.2000
forward-central,3x 40% + BTC 40%,none,0.0970,0.0999,0.0005,0.2201,0.0486,0.7420,0.5125,0.9050,0.5715,0.2345,0.4195,0.0990,5.3988,1.7262,0.7695,,,0.0695,3x,0.4000,0.4000,0.0000,1.2000
forward-central,3x 40% + BTC 40% + gems 15%,none,0.1083,0.1128,0.0118,0.2363,0.0486,0.7880,0.5690,0.8770,0.5140,0.1905,0.4041,0.0735,5.0159,1.6500,0.8035,,,0.0875,3x,0.4000,0.4000,0.1500,1.2000
forward-central,3x 40% + BTC 50%,none,0.1057,0.1087,-0.0108,0.2566,0.0486,0.7450,0.5435,0.9795,0.7650,0.4225,0.4787,0.1270,4.6706,1.2845,0.7940,,9.1492,0.1320,3x,0.4000,0.5000,0.0000,1.2000
forward-central,3x 50%,none,0.0417,0.0435,-0.0150,0.1035,0.0486,0.4520,0.1185,0.6350,0.2740,0.0920,0.3347,0.1810,,5.1230,0.3975,,,0.0000,3x,0.5000,0.0000,0.0000,1.5000
forward-central,3x 50% + gems 15%,none,0.0530,0.0548,-0.0049,0.1173,0.0486,0.5565,0.1755,0.5840,0.2285,0.0680,0.3214,0.1200,,4.5734,0.4900,,,0.0000,3x,0.5000,0.0000,0.1500,1.5000
forward-central,3x 50% + BTC 10%,none,0.0577,0.0593,-0.0044,0.1289,0.0486,0.5895,0.2150,0.6730,0.2915,0.0910,0.3395,0.1195,9.2381,3.9393,0.5445,,,0.0000,3x,0.5000,0.1000,0.0000,1.5000
forward-central,3x 50% + BTC 10% + gems 15%,none,0.0689,0.0714,0.0054,0.1409,0.0486,0.6835,0.2960,0.6250,0.2395,0.0740,0.3260,0.0820,7.9702,3.5238,0.6270,,,0.0010,3x,0.5000,0.1000,0.1500,1.5000
forward-central,3x 50% + BTC 20%,none,0.0717,0.0736,-0.0022,0.1598,0.0486,0.6700,0.3425,0.7735,0.3855,0.1365,0.3696,0.1060,7.3750,2.9036,0.6545,,,0.0060,3x,0.5000,0.2000,0.0000,1.5000
forward-central,3x 50% + BTC 20% + gems 15%,none,0.0830,0.0866,0.0096,0.1733,0.0486,0.7430,0.4190,0.7320,0.3260,0.1105,0.3558,0.0790,6.6052,2.7337,0.7150,,,0.0095,3x,0.5000,0.2000,0.1500,1.5000
forward-central,3x 50% + BTC 30%,none,0.0839,0.0862,-0.0047,0.1924,0.0486,0.7075,0.4445,0.8835,0.5460,0.2215,0.4113,0.1140,6.1488,2.1111,0.7235,,,0.0310,3x,0.5000,0.3000,0.0000,1.5000
forward-central,3x 50% + BTC 30% + gems 15%,none,0.0952,0.0992,0.0073,0.2056,0.0486,0.7640,0.5030,0.8590,0.4885,0.1850,0.3976,0.0865,5.5417,2.0226,0.7650,,,0.0445,3x,0.5000,0.3000,0.1500,1.5000
forward-central,3x 50% + BTC 40%,none,0.0943,0.0977,-0.0097,0.2257,0.0486,0.7265,0.4975,0.9600,0.7095,0.3635,0.4606,0.1245,5.1667,1.6262,0.7635,,,0.0800,3x,0.5000,0.4000,0.0000,1.5000
forward-central,3x 50% + BTC 50%,none,0.1029,0.1056,-0.0165,0.2585,0.0486,0.7290,0.5305,0.9915,0.8505,0.5430,0.5125,0.1460,4.5060,1.1940,0.7870,,8.8885,0.1410,3x,0.5000,0.5000,0.0000,1.5000
forward-central,3x 60%,none,0.0381,0.0398,-0.0298,0.1123,0.0486,0.4320,0.1235,0.8505,0.5145,0.2240,0.4032,0.2385,,4.2143,0.4335,,,0.0000,3x,0.6000,0.0000,0.0000,1.8000
forward-central,3x 60% + gems 15%,none,0.0493,0.0516,-0.0193,0.1262,0.0486,0.5180,0.1845,0.8220,0.4595,0.1810,0.3880,0.1850,9.7083,3.8048,0.5115,,,0.0000,3x,0.6000,0.0000,0.1500,1.8000
forward-central,3x 60% + BTC 10%,none,0.0539,0.0554,-0.0195,0.1362,0.0486,0.5540,0.2190,0.8560,0.5145,0.2190,0.4043,0.1735,8.8353,3.2933,0.5610,,,0.0015,3x,0.6000,0.1000,0.0000,1.8000
forward-central,3x 60% + BTC 10% + gems 15%,none,0.0652,0.0674,-0.0092,0.1496,0.0486,0.6460,0.2810,0.8295,0.4660,0.1855,0.3904,0.1290,7.6984,2.9996,0.6315,,,0.0045,3x,0.6000,0.1000,0.1500,1.8000
forward-central,3x 60% + BTC 20%,none,0.0679,0.0701,-0.0161,0.1675,0.0486,0.6350,0.3260,0.9115,0.5955,0.2765,0.4266,0.1500,7.1746,2.5036,0.6495,,,0.0145,3x,0.6000,0.2000,0.0000,1.8000
forward-central,3x 60% + BTC 20% + gems 15%,none,0.0792,0.0826,-0.0040,0.1812,0.0486,0.7075,0.3990,0.8900,0.5530,0.2390,0.4136,0.1105,6.3710,2.4008,0.7095,,,0.0190,3x,0.6000,0.2000,0.1500,1.8000
forward-central,3x 60% + BTC 30%,none,0.0800,0.0820,-0.0166,0.1977,0.0486,0.6755,0.4250,0.9565,0.7155,0.3755,0.4636,0.1465,5.9861,1.9437,0.7145,,,0.0390,3x,0.6000,0.3000,0.0000,1.8000
forward-central,3x 60% + BTC 40%,none,0.0903,0.0932,-0.0213,0.2289,0.0486,0.7005,0.4775,0.9855,0.8240,0.5185,0.5048,0.1505,5.0060,1.4560,0.7560,,,0.0915,3x,0.6000,0.4000,0.0000,1.8000
forward-central,3x 70%,none,0.0332,0.0350,-0.0457,0.1195,0.0486,0.4050,0.1295,0.9490,0.7040,0.4100,0.4680,0.2990,,3.5024,0.4590,,,0.0010,3x,0.7000,0.0000,0.0000,2.1000
forward-central,3x 70% + gems 15%,none,0.0444,0.0464,-0.0349,0.1327,0.0486,0.4885,0.1845,0.9395,0.6625,0.3675,0.4534,0.2390,9.3413,3.2183,0.5255,,,0.0025,3x,0.7000,0.0000,0.1500,2.1000
forward-central,3x 70% + BTC 10%,none,0.0489,0.0497,-0.0358,0.1436,0.0486,0.5205,0.2175,0.9570,0.7145,0.4010,0.4671,0.2315,8.5238,2.8091,0.5620,,,0.0070,3x,0.7000,0.1000,0.0000,2.1000
forward-central,3x 70% + BTC 10% + gems 15%,none,0.0602,0.0624,-0.0250,0.1569,0.0486,0.6015,0.2720,0.9480,0.6815,0.3550,0.4535,0.1815,7.4464,2.6960,0.6265,,,0.0105,3x,0.7000,0.1000,0.1500,2.1000
forward-central,3x 70% + BTC 20%,none,0.0628,0.0646,-0.0321,0.1728,0.0486,0.6010,0.3105,0.9685,0.7630,0.4510,0.4824,0.1945,6.8571,2.2456,0.6485,,,0.0200,3x,0.7000,0.2000,0.0000,2.1000
forward-central,3x 70% + BTC 30%,none,0.0749,0.0768,-0.0311,0.2029,0.0486,0.6435,0.3975,0.9875,0.8370,0.5455,0.5125,0.1850,5.7004,1.7500,0.7035,,,0.0485,3x,0.7000,0.3000,0.0000,2.1000
forward-central,3x 80%,none,0.0270,0.0290,-0.0628,0.1251,0.0486,0.3800,0.1380,0.9845,0.8500,0.5835,0.5300,0.3495,,2.9246,0.4790,,,0.0050,3x,0.8000,0.0000,0.0000,2.4000
forward-central,3x 80% + gems 15%,none,0.0383,0.0403,-0.0519,0.1384,0.0486,0.4435,0.1820,0.9805,0.8220,0.5420,0.5158,0.2955,9.1369,2.6901,0.5330,,,0.0065,3x,0.8000,0.0000,0.1500,2.4000
forward-central,3x 80% + BTC 10%,none,0.0427,0.0433,-0.0520,0.1479,0.0486,0.4795,0.2105,0.9860,0.8475,0.5780,0.5263,0.2920,8.2500,2.4679,0.5705,,,0.0140,3x,0.8000,0.1000,0.0000,2.4000
forward-central,3x 80% + BTC 20%,none,0.0565,0.0582,-0.0484,0.1788,0.0486,0.5580,0.2880,0.9895,0.8765,0.6185,0.5373,0.2505,6.7123,1.9877,0.6435,,,0.0285,3x,0.8000,0.2000,0.0000,2.4000
forward-central,3x 100%,none,0.0108,0.0129,-0.0995,0.1318,0.0486,0.3210,0.1355,0.9995,0.9705,0.8265,0.6385,0.4480,,2.1690,0.4985,,,0.0160,3x,1.0000,0.0000,0.0000,3.0000
forward-central,T-bills,none,0.0411,0.0420,0.0420,0.0420,0.0486,0.4500,0.1500,0.0000,0.0000,0.0000,0.0000,0.0000,,,0.0000,,,0.0000,-,0.0000,0.0000,0.0000,0.0000
historical-repeat,gems 15%,none,0.0520,0.0522,0.0425,0.0659,0.1173,0.1445,0.0315,0.0000,0.0000,0.0000,0.0041,0.0000,,,0.0395,,,0.0000,-,0.0000,0.0000,0.1500,0.0000
historical-repeat,BTC 10%,none,0.0713,0.0735,0.0474,0.1010,0.1173,0.2395,0.0580,0.0000,0.0000,0.0000,0.0563,0.0000,9.6071,6.6532,0.5535,,,0.0000,-,0.0000,0.1000,0.0000,0.0000
historical-repeat,BTC 10% + gems 15%,none,0.1094,0.1151,0.0876,0.1466,0.1173,0.4960,0.1925,0.0000,0.0000,0.0000,0.0454,0.0000,6.3294,4.6230,0.9775,,,0.0000,-,0.0000,0.1000,0.1500,0.0000
historical-repeat,BTC 20%,none,0.1265,0.1337,0.0798,0.1930,0.1173,0.6130,0.3345,0.0010,0.0000,0.0000,0.1186,0.0000,5.2937,3.0595,0.9520,,,0.0040,-,0.0000,0.2000,0.0000,0.0000
historical-repeat,BTC 20% + gems 15%,none,0.1647,0.1775,0.1229,0.2396,0.1173,0.8240,0.5680,0.0010,0.0000,0.0000,0.1018,0.0000,4.1687,2.5234,0.9970,,,0.0600,-,0.0000,0.2000,0.1500,0.0000
historical-repeat,BTC 30%,none,0.1796,0.1947,0.1104,0.2895,0.1173,0.8415,0.6505,0.0260,0.0015,0.0000,0.1795,0.0000,3.7143,1.7968,0.9845,,8.7341,0.2020,-,0.0000,0.3000,0.0000,0.0000
historical-repeat,BTC 30% + gems 15%,none,0.2178,0.2397,0.1566,0.3376,0.1173,0.9415,0.8235,0.0080,0.0010,0.0000,0.1600,0.0000,3.1091,1.6028,0.9990,,7.4401,0.4325,-,0.0000,0.3000,0.1500,0.0000
historical-repeat,BTC 40%,none,0.2305,0.2563,0.1398,0.3904,0.1173,0.9205,0.8185,0.1880,0.0205,0.0015,0.2377,0.0000,2.8512,1.2262,0.9935,9.7460,6.3095,0.5295,-,0.0000,0.4000,0.0000,0.0000
historical-repeat,BTC 40% + gems 15%,none,0.2686,0.3033,0.1883,0.4431,0.1173,0.9700,0.9145,0.1035,0.0065,0.0010,0.2169,0.0000,2.4603,1.1266,0.9990,8.4563,5.6937,0.7170,-,0.0000,0.4000,0.1500,0.0000
historical-repeat,BTC 50%,none,0.2792,0.3177,0.1688,0.4949,0.1173,0.9575,0.8925,0.4655,0.1125,0.0100,0.2934,0.0000,2.3016,0.9163,0.9965,8.0317,4.9476,0.7365,-,0.0000,0.5000,0.0000,0.0000
historical-repeat,BTC 50% + gems 15%,none,0.3174,0.3676,0.2177,0.5517,0.1173,0.9825,0.9530,0.3515,0.0555,0.0045,0.2723,0.0000,2.0595,0.8413,0.9990,7.0754,4.4996,0.8535,-,0.0000,0.5000,0.1500,0.0000
historical-repeat,SPY 20%,none,0.0360,0.0369,0.0230,0.0498,0.1173,0.0470,0.0020,0.0005,0.0000,0.0000,0.0740,0.0005,,,0.0000,,,0.0000,SPY,0.2000,0.0000,0.0000,0.2000
historical-repeat,SPY 20% + gems 15%,none,0.0741,0.0762,0.0596,0.0956,0.1173,0.2005,0.0355,0.0000,0.0000,0.0000,0.0673,0.0000,9.3631,7.2897,0.6555,,,0.0000,SPY,0.2000,0.0000,0.1500,0.2000
historical-repeat,SPY 20% + BTC 10%,none,0.0933,0.0976,0.0664,0.1312,0.1173,0.3530,0.0770,0.0000,0.0000,0.0000,0.0886,0.0005,7.2718,5.1044,0.8740,,,0.0000,SPY,0.2000,0.1000,0.0000,0.2000
historical-repeat,SPY 20% + BTC 10% + gems 15%,none,0.1315,0.1401,0.1066,0.1770,0.1173,0.6810,0.3035,0.0000,0.0000,0.0000,0.0770,0.0000,5.2262,3.7536,0.9965,,,0.0000,SPY,0.2000,0.1000,0.1500,0.2000
historical-repeat,SPY 20% + BTC 20%,none,0.1485,0.1587,0.1026,0.2255,0.1173,0.7720,0.4555,0.0010,0.0000,0.0000,0.1292,0.0000,4.5258,2.6782,0.9845,,,0.0285,SPY,0.2000,0.2000,0.0000,0.2000
historical-repeat,SPY 20% + BTC 20% + gems 15%,none,0.1867,0.2042,0.1445,0.2729,0.1173,0.9355,0.7390,0.0000,0.0000,0.0000,0.1123,0.0000,3.6587,2.2687,0.9995,,9.3956,0.1575,SPY,0.2000,0.2000,0.1500,0.2000
historical-repeat,SPY 20% + BTC 30%,none,0.2015,0.2207,0.1348,0.3230,0.1173,0.9175,0.7730,0.0230,0.0015,0.0000,0.1824,0.0000,3.2996,1.6532,0.9935,,7.7921,0.3385,SPY,0.2000,0.3000,0.0000,0.2000
historical-repeat,SPY 20% + BTC 30% + gems 15%,none,0.2397,0.2681,0.1803,0.3744,0.1173,0.9760,0.9090,0.0070,0.0010,0.0000,0.1647,0.0000,2.8313,1.4563,0.9995,9.5516,6.7532,0.5695,SPY,0.2000,0.3000,0.1500,0.2000
historical-repeat,SPY 20% + BTC 40%,none,0.2523,0.2832,0.1647,0.4266,0.1173,0.9670,0.8885,0.1765,0.0145,0.0010,0.2378,0.0000,2.5992,1.1587,0.9975,8.9226,5.9127,0.6380,SPY,0.2000,0.4000,0.0000,0.2000
historical-repeat,SPY 20% + BTC 40% + gems 15%,none,0.2905,0.3324,0.2119,0.4817,0.1173,0.9875,0.9615,0.0935,0.0045,0.0010,0.2188,0.0000,2.2718,1.0556,0.9995,7.8115,5.3127,0.8035,SPY,0.2000,0.4000,0.1500,0.2000
historical-repeat,SPY 20% + BTC 50%,none,0.3010,0.3472,0.1952,0.5345,0.1173,0.9795,0.9380,0.4570,0.0945,0.0095,0.2919,0.0000,2.1528,0.8687,0.9985,7.4425,4.6187,0.8050,SPY,0.2000,0.5000,0.0000,0.2000
historical-repeat,SPY 20% + BTC 50% + gems 15%,none,0.3391,0.3985,0.2433,0.5925,0.1173,0.9920,0.9770,0.3375,0.0490,0.0030,0.2718,0.0000,1.9405,0.8091,0.9995,6.6389,4.2460,0.8975,SPY,0.2000,0.5000,0.1500,0.2000
historical-repeat,SPY 40%,none,0.0565,0.0592,0.0306,0.0847,0.1173,0.0555,0.0005,0.0100,0.0005,0.0005,0.1480,0.0025,,8.0075,0.3110,,,0.0000,SPY,0.4000,0.0000,0.0000,0.4000
historical-repeat,SPY 40% + gems 15%,none,0.0947,0.0992,0.0694,0.1292,0.1173,0.3230,0.0390,0.0010,0.0000,0.0000,0.1399,0.0005,7.1706,5.1187,0.8975,,,0.0000,SPY,0.4000,0.0000,0.1500,0.4000
historical-repeat,SPY 40% + BTC 10%,none,0.1138,0.1210,0.0792,0.1636,0.1173,0.5570,0.1135,0.0050,0.0005,0.0005,0.1568,0.0005,5.8373,3.8175,0.9515,,,0.0000,SPY,0.4000,0.1000,0.0000,0.4000
historical-repeat,SPY 40% + BTC 10% + gems 15%,none,0.1520,0.1642,0.1197,0.2099,0.1173,0.8940,0.4850,0.0010,0.0000,0.0000,0.1436,0.0000,4.4444,3.0675,0.9980,,,0.0065,SPY,0.4000,0.1000,0.1500,0.4000
historical-repeat,SPY 40% + BTC 20%,none,0.1689,0.1836,0.1179,0.2575,0.1173,0.9035,0.6430,0.0180,0.0015,0.0000,0.1729,0.0005,3.9226,2.2972,0.9915,,9.8905,0.1110,SPY,0.4000,0.2000,0.0000,0.4000
historical-repeat,SPY 40% + BTC 20% + gems 15%,none,0.2071,0.2299,0.1604,0.3065,0.1173,0.9800,0.8870,0.0050,0.0000,0.0000,0.1642,0.0000,3.2560,1.9718,0.9990,,8.3647,0.3150,SPY,0.4000,0.2000,0.1500,0.4000
historical-repeat,SPY 40% + BTC 30%,none,0.2219,0.2464,0.1531,0.3585,0.1173,0.9715,0.8705,0.0695,0.0035,0.0000,0.2100,0.0005,2.9365,1.4921,0.9970,,7.0631,0.4710,SPY,0.4000,0.3000,0.0000,0.4000
historical-repeat,SPY 40% + BTC 30% + gems 15%,none,0.2600,0.2962,0.1984,0.4109,0.1173,0.9935,0.9635,0.0315,0.0015,0.0000,0.1919,0.0000,2.5794,1.3413,0.9990,8.7897,6.2417,0.6980,SPY,0.4000,0.3000,0.1500,0.4000
historical-repeat,SPY 40% + BTC 40%,none,0.2726,0.3100,0.1861,0.4634,0.1173,0.9860,0.9390,0.2480,0.0300,0.0015,0.2553,0.0000,2.3690,1.0631,0.9980,8.2381,5.4909,0.7315,SPY,0.4000,0.4000,0.0000,0.4000
historical-repeat,SPY 40% + BTC 40% + gems 15%,none,0.3107,0.3622,0.2342,0.5187,0.1173,0.9955,0.9830,0.1540,0.0095,0.0015,0.2367,0.0000,2.1230,0.9921,0.9995,7.2917,4.9274,0.8645,SPY,0.4000,0.4000,0.1500,0.4000
historical-repeat,SPY 40% + BTC 50%,none,0.3212,0.3741,0.2177,0.5724,0.1173,0.9910,0.9665,0.5090,0.1185,0.0110,0.3017,0.0000,2.0099,0.8016,0.9985,6.9187,4.3016,0.8505,SPY,0.4000,0.5000,0.0000,0.4000
historical-repeat,SPY 50%,none,0.0662,0.0696,0.0339,0.1020,0.1173,0.0605,0.0005,0.0480,0.0035,0.0005,0.1836,0.0045,9.6131,6.4123,0.5380,,,0.0000,SPY,0.5000,0.0000,0.0000,0.5000
historical-repeat,SPY 50% + gems 15%,none,0.1044,0.1104,0.0728,0.1469,0.1173,0.4205,0.0395,0.0190,0.0010,0.0000,0.1744,0.0005,6.3988,4.4202,0.9295,,,0.0000,SPY,0.5000,0.0000,0.1500,0.5000
historical-repeat,SPY 50% + BTC 10%,none,0.1235,0.1317,0.0847,0.1816,0.1173,0.6720,0.1490,0.0335,0.0030,0.0005,0.1914,0.0005,5.3413,3.4167,0.9600,,,0.0005,SPY,0.5000,0.1000,0.0000,0.5000
historical-repeat,SPY 50% + BTC 10% + gems 15%,none,0.1616,0.1755,0.1248,0.2274,0.1173,0.9580,0.5990,0.0150,0.0005,0.0000,0.1775,0.0005,4.1389,2.8210,0.9980,,,0.0215,SPY,0.5000,0.1000,0.1500,0.5000
historical-repeat,SPY 50% + BTC 20%,none,0.1785,0.1956,0.1250,0.2729,0.1173,0.9500,0.7295,0.0610,0.0035,0.0005,0.2053,0.0005,3.6310,2.1421,0.9920,,9.3333,0.1580,SPY,0.5000,0.2000,0.0000,0.5000
historical-repeat,SPY 50% + BTC 20% + gems 15%,none,0.2167,0.2419,0.1664,0.3238,0.1173,0.9915,0.9355,0.0285,0.0010,0.0000,0.1940,0.0000,3.0516,1.8532,0.9990,,7.8889,0.4135,SPY,0.5000,0.2000,0.1500,0.5000
historical-repeat,SPY 50% + BTC 30%,none,0.2314,0.2589,0.1601,0.3751,0.1173,0.9835,0.9055,0.1400,0.0125,0.0015,0.2315,0.0005,2.8095,1.4167,0.9970,9.7877,6.7540,0.5355,SPY,0.5000,0.3000,0.0000,0.5000
historical-repeat,SPY 50% + BTC 30% + gems 15%,none,0.2696,0.3085,0.2055,0.4281,0.1173,0.9965,0.9810,0.0735,0.0035,0.0000,0.2133,0.0000,2.4643,1.2857,0.9990,8.4246,6.0111,0.7495,SPY,0.5000,0.3000,0.1500,0.5000
historical-repeat,SPY 50% + BTC 40%,none,0.2821,0.3228,0.1941,0.4834,0.1173,0.9910,0.9575,0.3300,0.0475,0.0035,0.2697,0.0005,2.2738,1.0313,0.9985,7.9702,5.2103,0.7655,SPY,0.5000,0.4000,0.0000,0.5000
historical-repeat,SPY 50% + BTC 50%,none,0.3307,0.3876,0.2258,0.5919,0.1173,0.9935,0.9755,0.5730,0.1480,0.0165,0.3137,0.0005,1.9365,0.7738,0.9990,6.7222,4.2214,0.8635,SPY,0.5000,0.5000,0.0000,0.5000
historical-repeat,SPY 60%,none,0.0755,0.0798,0.0367,0.1189,0.1173,0.0660,0.0005,0.1310,0.0185,0.0015,0.2191,0.0065,8.4286,5.1944,0.6660,,,0.0000,SPY,0.6000,0.0000,0.0000,0.6000
historical-repeat,SPY 60% + gems 15%,none,0.1136,0.1211,0.0763,0.1645,0.1173,0.5705,0.0450,0.0710,0.0045,0.0005,0.2081,0.0005,5.7639,3.8643,0.9400,,,0.0000,SPY,0.6000,0.0000,0.1500,0.6000
historical-repeat,SPY 60% + BTC 10%,none,0.1327,0.1420,0.0890,0.1993,0.1173,0.8165,0.2215,0.1050,0.0090,0.0010,0.2248,0.0005,4.8968,3.0397,0.9665,,,0.0055,SPY,0.6000,0.1000,0.0000,0.6000
historical-repeat,SPY 60% + BTC 10% + gems 15%,none,0.1709,0.1863,0.1290,0.2444,0.1173,0.9855,0.7480,0.0555,0.0040,0.0005,0.2110,0.0005,3.8472,2.5635,0.9980,,,0.0610,SPY,0.6000,0.1000,0.1500,0.6000
historical-repeat,SPY 60% + BTC 20%,none,0.1877,0.2067,0.1313,0.2902,0.1173,0.9765,0.8085,0.1495,0.0135,0.0015,0.2376,0.0005,3.4425,1.9563,0.9935,,8.7730,0.2280,SPY,0.6000,0.2000,0.0000,0.6000
historical-repeat,SPY 60% + BTC 20% + gems 15%,none,0.2259,0.2532,0.1734,0.3408,0.1173,0.9985,0.9665,0.0785,0.0070,0.0005,0.2252,0.0005,2.9127,1.7099,0.9990,,7.5036,0.4940,SPY,0.6000,0.2000,0.1500,0.6000
historical-repeat,SPY 60% + BTC 30%,none,0.2406,0.2711,0.1670,0.3924,0.1173,0.9905,0.9360,0.2515,0.0325,0.0030,0.2552,0.0005,2.6786,1.3250,0.9975,9.3591,6.4282,0.5925,SPY,0.6000,0.3000,0.0000,0.6000
historical-repeat,SPY 60% + BTC 40%,none,0.2913,0.3359,0.2011,0.4995,0.1173,0.9945,0.9705,0.4255,0.0785,0.0085,0.2882,0.0005,2.2024,0.9877,0.9990,7.7024,4.9921,0.7955,SPY,0.6000,0.4000,0.0000,0.6000
historical-repeat,SPY 70%,none,0.0844,0.0897,0.0391,0.1363,0.1173,0.0725,0.0005,0.2705,0.0530,0.0075,0.2538,0.0100,7.3512,4.3845,0.7560,,,0.0000,SPY,0.7000,0.0000,0.0000,0.7000
historical-repeat,SPY 70% + gems 15%,none,0.1225,0.1314,0.0790,0.1820,0.1173,0.7565,0.0460,0.1715,0.0250,0.0015,0.2408,0.0005,5.2381,3.4202,0.9485,,,0.0015,SPY,0.7000,0.0000,0.1500,0.7000
historical-repeat,SPY 70% + BTC 10%,none,0.1416,0.1525,0.0915,0.2158,0.1173,0.9180,0.3065,0.2325,0.0400,0.0035,0.2568,0.0005,4.5238,2.7694,0.9695,,,0.0160,SPY,0.7000,0.1000,0.0000,0.7000
historical-repeat,SPY 70% + BTC 10% + gems 15%,none,0.1797,0.1971,0.1333,0.2633,0.1173,0.9990,0.8775,0.1555,0.0190,0.0015,0.2455,0.0005,3.5873,2.3135,0.9980,,9.6540,0.1375,SPY,0.7000,0.1000,0.1500,0.7000
historical-repeat,SPY 70% + BTC 20%,none,0.1966,0.2179,0.1354,0.3077,0.1173,0.9895,0.8685,0.2850,0.0440,0.0045,0.2690,0.0005,3.2401,1.8286,0.9940,,8.2575,0.3020,SPY,0.7000,0.2000,0.0000,0.7000
historical-repeat,SPY 70% + BTC 30%,none,0.2494,0.2829,0.1734,0.4075,0.1173,0.9950,0.9575,0.3870,0.0720,0.0080,0.2812,0.0005,2.5714,1.2857,0.9980,9.0020,6.1504,0.6385,SPY,0.7000,0.3000,0.0000,0.7000
historical-repeat,SPY 80%,none,0.0928,0.0994,0.0410,0.1535,0.1173,0.0765,0.0000,0.4315,0.1125,0.0215,0.2874,0.0155,6.6071,3.7798,0.7995,,,0.0000,SPY,0.8000,0.0000,0.0000,0.8000
historical-repeat,SPY 80% + gems 15%,none,0.1310,0.1417,0.0812,0.2003,0.1173,0.9530,0.0570,0.3350,0.0655,0.0085,0.2727,0.0005,4.8333,2.9996,0.9535,,,0.0080,SPY,0.8000,0.0000,0.1500,0.8000
historical-repeat,SPY 80% + BTC 10%,none,0.1500,0.1630,0.0948,0.2320,0.1173,0.9795,0.4370,0.3995,0.0875,0.0125,0.2879,0.0010,4.1905,2.4710,0.9710,,,0.0435,SPY,0.8000,0.1000,0.0000,0.8000
historical-repeat,SPY 80% + BTC 20%,none,0.2050,0.2284,0.1377,0.3243,0.1173,0.9960,0.9105,0.4545,0.0955,0.0120,0.2996,0.0005,3.0635,1.6821,0.9950,,7.8095,0.3745,SPY,0.8000,0.2000,0.0000,0.8000
historical-repeat,SPY 100%,none,0.1086,0.1173,0.0435,0.1876,0.1173,0.0000,0.0000,0.7200,0.3125,0.0925,0.3516,0.0210,5.3274,2.8532,0.8530,,,0.0085,SPY,1.0000,0.0000,0.0000,1.0000
historical-repeat,1x 20%,none,0.0336,0.0341,0.0236,0.0449,0.1173,0.0605,0.0040,0.0000,0.0000,0.0000,0.0400,0.0000,,,0.0000,,,0.0000,1x,0.2000,0.0000,0.0000,0.2000
historical-repeat,1x 20% + gems 15%,none,0.0718,0.0735,0.0590,0.0919,0.1173,0.2110,0.0455,0.0000,0.0000,0.0000,0.0313,0.0000,9.7321,7.6980,0.5690,,,0.0000,1x,0.2000,0.0000,0.1500,0.2000
historical-repeat,1x 20% + BTC 10%,none,0.0910,0.0953,0.0654,0.1261,0.1173,0.3500,0.0915,0.0000,0.0000,0.0000,0.0657,0.0000,7.4643,5.3294,0.8585,,,0.0000,1x,0.2000,0.1000,0.0000,0.2000
historical-repeat,1x 20% + BTC 10% + gems 15%,none,0.1292,0.1372,0.1049,0.1721,0.1173,0.6505,0.3060,0.0000,0.0000,0.0000,0.0541,0.0000,5.3135,3.8849,0.9970,,,0.0000,1x,0.2000,0.1000,0.1500,0.2000
historical-repeat,1x 20% + BTC 20%,none,0.1462,0.1565,0.0994,0.2191,0.1173,0.7395,0.4460,0.0010,0.0000,0.0000,0.1193,0.0000,4.6190,2.7417,0.9835,,,0.0245,1x,0.2000,0.2000,0.0000,0.2000
historical-repeat,1x 20% + BTC 20% + gems 15%,none,0.1843,0.2008,0.1432,0.2677,0.1173,0.9170,0.7045,0.0000,0.0000,0.0000,0.1038,0.0000,3.7222,2.2857,0.9995,,9.5238,0.1370,1x,0.2000,0.2000,0.1500,0.2000
historical-repeat,1x 20% + BTC 30%,none,0.1992,0.2190,0.1326,0.3178,0.1173,0.9055,0.7530,0.0200,0.0010,0.0000,0.1764,0.0000,3.3135,1.6425,0.9935,,7.9083,0.3195,1x,0.2000,0.3000,0.0000,0.2000
historical-repeat,1x 20% + BTC 30% + gems 15%,none,0.2373,0.2649,0.1786,0.3695,0.1173,0.9700,0.8975,0.0065,0.0010,0.0000,0.1592,0.0000,2.8532,1.4869,0.9995,9.6468,6.8175,0.5610,1x,0.2000,0.3000,0.1500,0.2000
historical-repeat,1x 20% + BTC 40%,none,0.2500,0.2805,0.1640,0.4195,0.1173,0.9575,0.8770,0.1640,0.0145,0.0010,0.2329,0.0000,2.6468,1.1746,0.9975,9.0298,5.9437,0.6255,1x,0.2000,0.4000,0.0000,0.2000
historical-repeat,1x 20% + BTC 40% + gems 15%,none,0.2881,0.3300,0.2110,0.4751,0.1173,0.9840,0.9530,0.0870,0.0050,0.0010,0.2134,0.0000,2.3194,1.0750,0.9995,7.8968,5.3528,0.7965,1x,0.2000,0.4000,0.1500,0.2000
historical-repeat,1x 20% + BTC 50%,none,0.2986,0.3440,0.1932,0.5264,0.1173,0.9760,0.9290,0.4320,0.0870,0.0095,0.2866,0.0000,2.1746,0.8770,0.9985,7.4722,4.6817,0.7965,1x,0.2000,0.5000,0.0000,0.2000
historical-repeat,1x 20% + BTC 50% + gems 15%,none,0.3368,0.3960,0.2413,0.5863,0.1173,0.9900,0.9730,0.3180,0.0435,0.0025,0.2675,0.0000,1.9742,0.8131,1.0000,6.6647,4.2734,0.8915,1x,0.2000,0.5000,0.1500,0.2000
historical-repeat,1x 40%,none,0.0527,0.0543,0.0334,0.0750,0.1173,0.0955,0.0085,0.0000,0.0000,0.0000,0.0839,0.0005,,9.3012,0.1680,,,0.0000,1x,0.4000,0.0000,0.0000,0.4000
historical-repeat,1x 40% + gems 15%,none,0.0909,0.0945,0.0714,0.1215,0.1173,0.3275,0.0740,0.0000,0.0000,0.0000,0.0744,0.0000,7.5278,5.6460,0.9085,,,0.0000,1x,0.4000,0.0000,0.1500,0.4000
historical-repeat,1x 40% + BTC 10%,none,0.1100,0.1163,0.0800,0.1535,0.1173,0.5075,0.1565,0.0000,0.0000,0.0000,0.0950,0.0000,6.1270,4.2341,0.9515,,,0.0000,1x,0.4000,0.1000,0.0000,0.4000
historical-repeat,1x 40% + BTC 10% + gems 15%,none,0.1482,0.1596,0.1202,0.2007,0.1173,0.7945,0.4450,0.0000,0.0000,0.0000,0.0874,0.0000,4.6012,3.2817,0.9985,,,0.0010,1x,0.4000,0.1000,0.1500,0.4000
historical-repeat,1x 40% + BTC 20%,none,0.1651,0.1793,0.1157,0.2469,0.1173,0.8505,0.5815,0.0010,0.0000,0.0000,0.1350,0.0000,4.0913,2.4087,0.9935,,,0.0790,1x,0.4000,0.2000,0.0000,0.4000
historical-repeat,1x 40% + BTC 20% + gems 15%,none,0.2033,0.2248,0.1599,0.2963,0.1173,0.9650,0.8290,0.0000,0.0000,0.0000,0.1195,0.0000,3.3492,2.0234,1.0000,,8.6012,0.2765,1x,0.4000,0.2000,0.1500,0.4000
historical-repeat,1x 40% + BTC 30%,none,0.2180,0.2431,0.1498,0.3461,0.1173,0.9520,0.8355,0.0260,0.0010,0.0000,0.1847,0.0000,3.0556,1.5397,0.9975,,7.2377,0.4515,1x,0.4000,0.3000,0.0000,0.4000
historical-repeat,1x 40% + BTC 30% + gems 15%,none,0.2562,0.2901,0.1949,0.4003,0.1173,0.9855,0.9455,0.0100,0.0005,0.0000,0.1678,0.0000,2.6389,1.3849,1.0000,8.9127,6.3766,0.6810,1x,0.4000,0.3000,0.1500,0.4000
historical-repeat,1x 40% + BTC 40%,none,0.2688,0.3071,0.1830,0.4507,0.1173,0.9780,0.9235,0.1700,0.0125,0.0010,0.2376,0.0000,2.4286,1.0948,0.9990,8.3968,5.6016,0.7205,1x,0.4000,0.4000,0.0000,0.4000
historical-repeat,1x 40% + BTC 40% + gems 15%,none,0.3069,0.3554,0.2294,0.5086,0.1173,0.9930,0.9740,0.0990,0.0065,0.0010,0.2192,0.0000,2.1925,1.0075,1.0000,7.3690,5.0000,0.8565,1x,0.4000,0.4000,0.1500,0.4000
historical-repeat,1x 40% + BTC 50%,none,0.3173,0.3708,0.2136,0.5602,0.1173,0.9860,0.9530,0.4290,0.0845,0.0075,0.2884,0.0000,2.0675,0.8171,0.9995,7.0020,4.4040,0.8455,1x,0.4000,0.5000,0.0000,0.4000
historical-repeat,1x 50%,none,0.0620,0.0641,0.0383,0.0901,0.1173,0.1280,0.0120,0.0010,0.0000,0.0000,0.1059,0.0015,,7.5714,0.4050,,,0.0000,1x,0.5000,0.0000,0.0000,0.5000
historical-repeat,1x 50% + gems 15%,none,0.1002,0.1049,0.0767,0.1369,0.1173,0.3990,0.1020,0.0000,0.0000,0.0000,0.0941,0.0000,6.7242,4.9560,0.9455,,,0.0000,1x,0.5000,0.0000,0.1500,0.5000
historical-repeat,1x 50% + BTC 10%,none,0.1193,0.1264,0.0868,0.1686,0.1173,0.5875,0.2140,0.0005,0.0000,0.0000,0.1128,0.0000,5.5774,3.7853,0.9620,,,0.0000,1x,0.5000,0.1000,0.0000,0.5000
historical-repeat,1x 50% + BTC 10% + gems 15%,none,0.1574,0.1702,0.1259,0.2157,0.1173,0.8745,0.5255,0.0000,0.0000,0.0000,0.1053,0.0000,4.3333,3.0345,0.9990,,,0.0090,1x,0.5000,0.1000,0.1500,0.5000
historical-repeat,1x 50% + BTC 20%,none,0.1743,0.1903,0.1234,0.2611,0.1173,0.8950,0.6540,0.0035,0.0000,0.0000,0.1465,0.0000,3.8393,2.2341,0.9950,,9.7175,0.1240,1x,0.5000,0.2000,0.0000,0.5000
historical-repeat,1x 50% + BTC 20% + gems 15%,none,0.2125,0.2368,0.1662,0.3112,0.1173,0.9785,0.8750,0.0000,0.0000,0.0000,0.1314,0.0000,3.1984,1.9401,1.0000,,8.1853,0.3660,1x,0.5000,0.2000,0.1500,0.5000
historical-repeat,1x 50% + BTC 30%,none,0.2272,0.2551,0.1582,0.3607,0.1173,0.9645,0.8665,0.0355,0.0015,0.0000,0.1926,0.0000,2.9087,1.4762,0.9975,9.9980,6.9202,0.5010,1x,0.5000,0.3000,0.0000,0.5000
historical-repeat,1x 50% + BTC 30% + gems 15%,none,0.2653,0.3024,0.2035,0.4157,0.1173,0.9925,0.9595,0.0140,0.0005,0.0000,0.1752,0.0000,2.5397,1.3254,1.0000,8.6210,6.1460,0.7335,1x,0.5000,0.3000,0.1500,0.5000
historical-repeat,1x 50% + BTC 40%,none,0.2779,0.3190,0.1913,0.4661,0.1173,0.9850,0.9380,0.1890,0.0160,0.0010,0.2410,0.0000,2.3492,1.0635,0.9995,8.1270,5.4202,0.7590,1x,0.5000,0.4000,0.0000,0.5000
historical-repeat,1x 50% + BTC 50%,none,0.3264,0.3846,0.2229,0.5764,0.1173,0.9910,0.9630,0.4515,0.0920,0.0085,0.2916,0.0000,2.0040,0.8048,0.9995,6.8016,4.2853,0.8635,1x,0.5000,0.5000,0.0000,0.5000
historical-repeat,1x 60%,none,0.0711,0.0738,0.0426,0.1055,0.1173,0.1620,0.0215,0.0045,0.0000,0.0000,0.1277,0.0015,9.2996,6.3052,0.5870,,,0.0000,1x,0.6000,0.0000,0.0000,0.6000
historical-repeat,1x 60% + gems 15%,none,0.1093,0.1153,0.0820,0.1522,0.1173,0.4880,0.1350,0.0000,0.0000,0.0000,0.1127,0.0000,6.1012,4.4202,0.9630,,,0.0000,1x,0.6000,0.0000,0.1500,0.6000
historical-repeat,1x 60% + BTC 10%,none,0.1283,0.1361,0.0923,0.1840,0.1173,0.6600,0.2750,0.0010,0.0000,0.0000,0.1308,0.0000,5.1548,3.4520,0.9735,,,0.0010,1x,0.6000,0.1000,0.0000,0.6000
historical-repeat,1x 60% + BTC 10% + gems 15%,none,0.1665,0.1806,0.1328,0.2311,0.1173,0.9215,0.6100,0.0000,0.0000,0.0000,0.1237,0.0000,4.0595,2.8016,0.9990,,,0.0275,1x,0.6000,0.1000,0.1500,0.6000
historical-repeat,1x 60% + BTC 20%,none,0.1834,0.2013,0.1308,0.2757,0.1173,0.9305,0.7185,0.0090,0.0000,0.0000,0.1603,0.0000,3.5833,2.1028,0.9950,,9.2163,0.1795,1x,0.6000,0.2000,0.0000,0.6000
historical-repeat,1x 60% + BTC 20% + gems 15%,none,0.2215,0.2473,0.1735,0.3274,0.1173,0.9860,0.9155,0.0005,0.0000,0.0000,0.1445,0.0000,3.0337,1.8484,1.0000,,7.8405,0.4440,1x,0.6000,0.2000,0.1500,0.6000
historical-repeat,1x 60% + BTC 30%,none,0.2362,0.2660,0.1656,0.3761,0.1173,0.9785,0.9010,0.0535,0.0025,0.0000,0.2016,0.0000,2.8016,1.4123,0.9980,9.6012,6.6706,0.5700,1x,0.6000,0.3000,0.0000,0.6000
historical-repeat,1x 60% + BTC 40%,none,0.2869,0.3320,0.2002,0.4810,0.1173,0.9900,0.9510,0.2080,0.0220,0.0010,0.2485,0.0000,2.2817,1.0198,0.9995,7.8214,5.1980,0.7850,1x,0.6000,0.4000,0.0000,0.6000
historical-repeat,1x 70%,none,0.0801,0.0836,0.0472,0.1211,0.1173,0.2215,0.0260,0.0120,0.0010,0.0000,0.1493,0.0025,8.0893,5.3802,0.7195,,,0.0000,1x,0.7000,0.0000,0.0000,0.7000
historical-repeat,1x 70% + gems 15%,none,0.1182,0.1255,0.0874,0.1679,0.1173,0.5740,0.1845,0.0020,0.0000,0.0000,0.1313,0.0000,5.5933,3.8841,0.9710,,,0.0000,1x,0.7000,0.0000,0.1500,0.7000
historical-repeat,1x 70% + BTC 10%,none,0.1373,0.1455,0.0986,0.1995,0.1173,0.7420,0.3430,0.0110,0.0005,0.0000,0.1494,0.0000,4.7996,3.1425,0.9810,,,0.0050,1x,0.7000,0.1000,0.0000,0.7000
historical-repeat,1x 70% + BTC 10% + gems 15%,none,0.1754,0.1912,0.1402,0.2467,0.1173,0.9610,0.6875,0.0010,0.0000,0.0000,0.1414,0.0000,3.8115,2.5671,0.9995,,,0.0665,1x,0.7000,0.1000,0.1500,0.7000
historical-repeat,1x 70% + BTC 20%,none,0.1922,0.2116,0.1371,0.2903,0.1173,0.9550,0.7735,0.0190,0.0005,0.0000,0.1753,0.0000,3.4147,1.9679,0.9960,,8.7377,0.2390,1x,0.7000,0.2000,0.0000,0.7000
historical-repeat,1x 70% + BTC 30%,none,0.2450,0.2771,0.1733,0.3909,0.1173,0.9860,0.9255,0.0835,0.0050,0.0000,0.2114,0.0000,2.6964,1.3571,0.9985,9.2480,6.4536,0.6265,1x,0.7000,0.3000,0.0000,0.7000
historical-repeat,1x 80%,none,0.0888,0.0932,0.0513,0.1366,0.1173,0.2850,0.0400,0.0310,0.0030,0.0000,0.1703,0.0045,7.3036,4.6071,0.8020,,,0.0000,1x,0.8000,0.0000,0.0000,0.8000
historical-repeat,1x 80% + gems 15%,none,0.1270,0.1356,0.0921,0.1836,0.1173,0.6630,0.2455,0.0080,0.0000,0.0000,0.1517,0.0000,5.1448,3.4841,0.9755,,,0.0015,1x,0.8000,0.0000,0.1500,0.8000
historical-repeat,1x 80% + BTC 10%,none,0.1460,0.1560,0.1035,0.2146,0.1173,0.8155,0.4175,0.0215,0.0005,0.0000,0.1683,0.0000,4.4802,2.8766,0.9850,,,0.0175,1x,0.8000,0.1000,0.0000,0.8000
historical-repeat,1x 80% + BTC 20%,none,0.2009,0.2222,0.1444,0.3043,0.1173,0.9675,0.8270,0.0460,0.0010,0.0000,0.1905,0.0000,3.2579,1.8373,0.9965,,8.2258,0.3090,1x,0.8000,0.2000,0.0000,0.8000
historical-repeat,1x 100%,none,0.1059,0.1119,0.0589,0.1677,0.1173,0.4695,0.1005,0.1110,0.0140,0.0025,0.2122,0.0055,5.8591,3.5786,0.8860,,,0.0010,1x,1.0000,0.0000,0.0000,1.0000
historical-repeat,2xS 20%,none,0.0431,0.0438,0.0270,0.0612,0.1173,0.0770,0.0075,0.0000,0.0000,0.0000,0.0740,0.0020,,,0.0285,,,0.0000,2xS,0.2000,0.0000,0.0000,0.4000
historical-repeat,2xS 20% + gems 15%,none,0.0813,0.0844,0.0640,0.1067,0.1173,0.2660,0.0555,0.0000,0.0000,0.0000,0.0583,0.0000,8.4504,6.4512,0.8105,,,0.0000,2xS,0.2000,0.0000,0.1500,0.4000
historical-repeat,2xS 20% + BTC 10%,none,0.1004,0.1058,0.0716,0.1415,0.1173,0.4170,0.1195,0.0000,0.0000,0.0000,0.0862,0.0000,6.7698,4.6901,0.9150,,,0.0000,2xS,0.2000,0.1000,0.0000,0.4000
historical-repeat,2xS 20% + BTC 10% + gems 15%,none,0.1386,0.1483,0.1118,0.1869,0.1173,0.7265,0.3735,0.0000,0.0000,0.0000,0.0730,0.0000,4.9464,3.5552,0.9970,,,0.0005,2xS,0.2000,0.1000,0.1500,0.4000
historical-repeat,2xS 20% + BTC 20%,none,0.1556,0.1681,0.1070,0.2343,0.1173,0.7980,0.5075,0.0005,0.0000,0.0000,0.1296,0.0000,4.3591,2.5433,0.9905,,,0.0490,2xS,0.2000,0.2000,0.0000,0.4000
historical-repeat,2xS 20% + BTC 20% + gems 15%,none,0.1937,0.2121,0.1507,0.2833,0.1173,0.9480,0.7680,0.0000,0.0000,0.0000,0.1132,0.0000,3.5278,2.1349,0.9995,,9.0349,0.2030,2xS,0.2000,0.2000,0.1500,0.4000
historical-repeat,2xS 20% + BTC 30%,none,0.2085,0.2303,0.1404,0.3327,0.1173,0.9305,0.7940,0.0235,0.0010,0.0000,0.1822,0.0000,3.1905,1.5714,0.9950,,7.5675,0.3810,2xS,0.2000,0.3000,0.0000,0.4000
historical-repeat,2xS 20% + BTC 30% + gems 15%,none,0.2466,0.2770,0.1873,0.3854,0.1173,0.9775,0.9225,0.0070,0.0005,0.0000,0.1640,0.0000,2.7619,1.4206,0.9995,9.2520,6.5929,0.6230,2xS,0.2000,0.3000,0.1500,0.4000
historical-repeat,2xS 20% + BTC 40%,none,0.2593,0.2939,0.1718,0.4362,0.1173,0.9690,0.9010,0.1790,0.0150,0.0010,0.2353,0.0000,2.5119,1.1111,0.9980,8.6865,5.7813,0.6715,2xS,0.2000,0.4000,0.0000,0.4000
historical-repeat,2xS 20% + BTC 40% + gems 15%,none,0.2974,0.3418,0.2204,0.4923,0.1173,0.9885,0.9645,0.0930,0.0045,0.0010,0.2169,0.0000,2.2460,1.0393,1.0000,7.6349,5.1468,0.8280,2xS,0.2000,0.4000,0.1500,0.4000
historical-repeat,2xS 20% + BTC 50%,none,0.3079,0.3570,0.2025,0.5447,0.1173,0.9800,0.9425,0.4295,0.0910,0.0080,0.2897,0.0000,2.1329,0.8444,0.9990,7.2143,4.5159,0.8205,2xS,0.2000,0.5000,0.0000,0.4000
historical-repeat,2xS 20% + BTC 50% + gems 15%,none,0.3460,0.4079,0.2509,0.6040,0.1173,0.9925,0.9805,0.3265,0.0465,0.0030,0.2687,0.0000,1.9087,0.7897,1.0000,6.5198,4.1619,0.9070,2xS,0.2000,0.5000,0.1500,0.4000
historical-repeat,2xS 40%,none,0.0703,0.0726,0.0386,0.1082,0.1173,0.1655,0.0200,0.0145,0.0020,0.0000,0.1520,0.0040,9.2401,5.8885,0.5845,,,0.0000,2xS,0.4000,0.0000,0.0000,0.8000
historical-repeat,2xS 40% + gems 15%,none,0.1085,0.1145,0.0777,0.1538,0.1173,0.4750,0.1310,0.0020,0.0000,0.0000,0.1311,0.0000,6.0893,4.2655,0.9485,,,0.0000,2xS,0.4000,0.0000,0.1500,0.8000
historical-repeat,2xS 40% + BTC 10%,none,0.1275,0.1348,0.0874,0.1865,0.1173,0.6455,0.2795,0.0095,0.0005,0.0000,0.1493,0.0000,5.1270,3.3294,0.9710,,,0.0035,2xS,0.4000,0.1000,0.0000,0.8000
historical-repeat,2xS 40% + BTC 10% + gems 15%,none,0.1657,0.1790,0.1304,0.2338,0.1173,0.9140,0.5970,0.0010,0.0000,0.0000,0.1327,0.0000,4.0020,2.7381,0.9980,,,0.0360,2xS,0.4000,0.1000,0.1500,0.8000
historical-repeat,2xS 40% + BTC 20%,none,0.1825,0.2003,0.1265,0.2789,0.1173,0.9220,0.7095,0.0220,0.0005,0.0000,0.1734,0.0000,3.5635,2.0317,0.9950,,9.1349,0.1805,2xS,0.4000,0.2000,0.0000,0.8000
historical-repeat,2xS 40% + BTC 20% + gems 15%,none,0.2206,0.2457,0.1701,0.3278,0.1173,0.9850,0.9115,0.0060,0.0000,0.0000,0.1577,0.0000,3.0317,1.7770,1.0000,,7.7421,0.4400,2xS,0.4000,0.2000,0.1500,0.8000
historical-repeat,2xS 40% + BTC 30%,none,0.2353,0.2649,0.1625,0.3784,0.1173,0.9725,0.8985,0.0840,0.0045,0.0000,0.2117,0.0000,2.7937,1.3889,0.9970,9.6488,6.6071,0.5595,2xS,0.4000,0.3000,0.0000,0.8000
historical-repeat,2xS 40% + BTC 30% + gems 15%,none,0.2734,0.3127,0.2082,0.4330,0.1173,0.9945,0.9670,0.0440,0.0010,0.0000,0.1945,0.0000,2.4524,1.2500,1.0000,8.3571,5.8802,0.7695,2xS,0.4000,0.3000,0.1500,0.8000
historical-repeat,2xS 40% + BTC 40%,none,0.2859,0.3300,0.1974,0.4843,0.1173,0.9885,0.9485,0.2495,0.0360,0.0010,0.2552,0.0000,2.2738,0.9956,0.9995,7.8631,5.1706,0.7790,2xS,0.4000,0.4000,0.0000,0.8000
historical-repeat,2xS 40% + BTC 40% + gems 15%,none,0.3240,0.3803,0.2460,0.5431,0.1173,0.9975,0.9825,0.1575,0.0125,0.0005,0.2381,0.0000,2.0655,0.9313,1.0000,6.9246,4.6861,0.8940,2xS,0.4000,0.4000,0.1500,0.8000
historical-repeat,2xS 40% + BTC 50%,none,0.3344,0.3949,0.2302,0.5944,0.1173,0.9930,0.9690,0.5105,0.1240,0.0140,0.3016,0.0000,1.9385,0.7698,0.9995,6.6369,4.1381,0.8745,2xS,0.4000,0.5000,0.0000,0.8000
historical-repeat,2xS 50%,none,0.0831,0.0863,0.0436,0.1317,0.1173,0.2460,0.0370,0.0635,0.0065,0.0010,0.1894,0.0070,7.6488,4.6187,0.7375,,,0.0000,2xS,0.5000,0.0000,0.0000,1.0000
historical-repeat,2xS 50% + gems 15%,none,0.1213,0.1289,0.0828,0.1779,0.1173,0.6095,0.2055,0.0195,0.0020,0.0000,0.1674,0.0000,5.3810,3.5313,0.9645,,,0.0000,2xS,0.5000,0.0000,0.1500,1.0000
historical-repeat,2xS 50% + BTC 10%,none,0.1402,0.1494,0.0940,0.2096,0.1173,0.7620,0.3735,0.0365,0.0040,0.0005,0.1829,0.0000,4.6270,2.8770,0.9755,,,0.0150,2xS,0.5000,0.1000,0.0000,1.0000
historical-repeat,2xS 50% + BTC 10% + gems 15%,none,0.1784,0.1937,0.1379,0.2567,0.1173,0.9580,0.7160,0.0135,0.0005,0.0000,0.1657,0.0000,3.6468,2.3917,0.9980,,9.9556,0.1045,2xS,0.5000,0.1000,0.1500,1.0000
historical-repeat,2xS 50% + BTC 20%,none,0.1951,0.2148,0.1354,0.3020,0.1173,0.9535,0.7850,0.0655,0.0040,0.0005,0.2014,0.0000,3.3135,1.8329,0.9960,,8.3595,0.2815,2xS,0.5000,0.2000,0.0000,1.0000
historical-repeat,2xS 50% + BTC 20% + gems 15%,none,0.2333,0.2626,0.1792,0.3511,0.1173,0.9915,0.9425,0.0275,0.0010,0.0000,0.1841,0.0000,2.8294,1.6151,1.0000,9.7758,7.2183,0.5545,2xS,0.5000,0.2000,0.1500,1.0000
historical-repeat,2xS 50% + BTC 30%,none,0.2479,0.2827,0.1718,0.4023,0.1173,0.9855,0.9275,0.1600,0.0170,0.0010,0.2325,0.0000,2.6488,1.3016,0.9970,9.1468,6.2254,0.6305,2xS,0.5000,0.3000,0.0000,1.0000
historical-repeat,2xS 50% + BTC 30% + gems 15%,none,0.2860,0.3303,0.2167,0.4578,0.1173,0.9975,0.9770,0.0855,0.0040,0.0000,0.2159,0.0000,2.3175,1.1984,1.0000,7.9127,5.5833,0.8180,2xS,0.5000,0.3000,0.1500,1.0000
historical-repeat,2xS 50% + BTC 40%,none,0.2984,0.3476,0.2065,0.5079,0.1173,0.9925,0.9630,0.3360,0.0595,0.0040,0.2715,0.0000,2.1885,0.9524,1.0000,7.4782,4.9004,0.8130,2xS,0.5000,0.4000,0.0000,1.0000
historical-repeat,2xS 50% + BTC 50%,none,0.3468,0.4137,0.2402,0.6206,0.1173,0.9955,0.9770,0.5820,0.1530,0.0225,0.3139,0.0000,1.8611,0.7421,1.0000,6.3849,3.9758,0.8965,2xS,0.5000,0.5000,0.0000,1.0000
historical-repeat,2xS 60%,none,0.0953,0.0998,0.0479,0.1547,0.1173,0.3480,0.0725,0.1655,0.0260,0.0045,0.2252,0.0100,6.5575,3.8210,0.8210,,,0.0005,2xS,0.6000,0.0000,0.0000,1.2000
historical-repeat,2xS 60% + gems 15%,none,0.1335,0.1427,0.0879,0.2020,0.1173,0.7235,0.2990,0.0775,0.0075,0.0015,0.2032,0.0005,4.7202,2.9802,0.9685,,,0.0060,2xS,0.6000,0.0000,0.1500,1.2000
historical-repeat,2xS 60% + BTC 10%,none,0.1524,0.1631,0.1003,0.2336,0.1173,0.8405,0.4865,0.1155,0.0140,0.0020,0.2158,0.0010,4.1508,2.4683,0.9795,,,0.0480,2xS,0.6000,0.1000,0.0000,1.2000
historical-repeat,2xS 60% + BTC 10% + gems 15%,none,0.1906,0.2086,0.1442,0.2812,0.1173,0.9755,0.8030,0.0555,0.0035,0.0005,0.1985,0.0000,3.3710,2.1349,0.9980,,9.0317,0.2225,2xS,0.6000,0.1000,0.1500,1.2000
historical-repeat,2xS 60% + BTC 20%,none,0.2072,0.2281,0.1431,0.3257,0.1173,0.9670,0.8495,0.1590,0.0185,0.0005,0.2300,0.0000,3.0754,1.6548,0.9960,,7.6532,0.3775,2xS,0.6000,0.2000,0.0000,1.2000
historical-repeat,2xS 60% + BTC 20% + gems 15%,none,0.2454,0.2765,0.1872,0.3749,0.1173,0.9950,0.9625,0.0795,0.0070,0.0005,0.2129,0.0000,2.6548,1.5000,1.0000,9.3056,6.6702,0.6330,2xS,0.6000,0.2000,0.1500,1.2000
historical-repeat,2xS 60% + BTC 30%,none,0.2599,0.2976,0.1791,0.4246,0.1173,0.9890,0.9415,0.2675,0.0365,0.0025,0.2558,0.0000,2.4921,1.2183,0.9975,8.7063,5.9044,0.7020,2xS,0.6000,0.3000,0.0000,1.2000
historical-repeat,2xS 60% + BTC 40%,none,0.3104,0.3644,0.2147,0.5351,0.1173,0.9950,0.9730,0.4455,0.0910,0.0090,0.2905,0.0000,2.0873,0.9008,1.0000,7.1865,4.7222,0.8385,2xS,0.6000,0.4000,0.0000,1.2000
historical-repeat,2xS 70%,none,0.1071,0.1130,0.0515,0.1779,0.1173,0.4810,0.1245,0.3090,0.0670,0.0110,0.2609,0.0125,5.6944,3.1345,0.8730,,,0.0055,2xS,0.7000,0.0000,0.0000,1.4000
historical-repeat,2xS 70% + gems 15%,none,0.1452,0.1568,0.0929,0.2259,0.1173,0.8075,0.4185,0.1900,0.0320,0.0025,0.2377,0.0010,4.2897,2.5111,0.9735,,,0.0340,2xS,0.7000,0.0000,0.1500,1.4000
historical-repeat,2xS 70% + BTC 10%,none,0.1640,0.1763,0.1050,0.2566,0.1173,0.8950,0.5965,0.2415,0.0395,0.0075,0.2499,0.0015,3.7778,2.1742,0.9810,,9.8492,0.1110,2xS,0.7000,0.1000,0.0000,1.4000
historical-repeat,2xS 70% + BTC 10% + gems 15%,none,0.2022,0.2229,0.1493,0.3043,0.1173,0.9850,0.8655,0.1530,0.0215,0.0015,0.2309,0.0000,3.1409,1.8889,0.9975,,8.2726,0.3260,2xS,0.7000,0.1000,0.1500,1.4000
historical-repeat,2xS 70% + BTC 20%,none,0.2188,0.2422,0.1498,0.3502,0.1173,0.9765,0.8925,0.2900,0.0485,0.0070,0.2591,0.0000,2.8591,1.5317,0.9955,,7.0714,0.4600,2xS,0.7000,0.2000,0.0000,1.4000
historical-repeat,2xS 70% + BTC 30%,none,0.2714,0.3119,0.1870,0.4491,0.1173,0.9950,0.9540,0.3985,0.0780,0.0105,0.2816,0.0000,2.3393,1.1190,0.9985,8.2738,5.5540,0.7460,2xS,0.7000,0.3000,0.0000,1.4000
historical-repeat,2xS 80%,none,0.1182,0.1255,0.0545,0.2007,0.1173,0.5875,0.2030,0.4865,0.1435,0.0305,0.2962,0.0130,5.0833,2.6306,0.8965,,,0.0185,2xS,0.8000,0.0000,0.0000,1.6000
historical-repeat,2xS 80% + gems 15%,none,0.1564,0.1698,0.0970,0.2496,0.1173,0.8525,0.5280,0.3485,0.0755,0.0125,0.2714,0.0020,3.8869,2.1786,0.9760,,,0.0900,2xS,0.8000,0.0000,0.1500,1.6000
historical-repeat,2xS 80% + BTC 10%,none,0.1751,0.1897,0.1095,0.2803,0.1173,0.9190,0.6810,0.4090,0.0960,0.0175,0.2836,0.0020,3.4147,1.9365,0.9810,,8.9179,0.2125,2xS,0.8000,0.1000,0.0000,1.6000
historical-repeat,2xS 80% + BTC 20%,none,0.2299,0.2559,0.1535,0.3729,0.1173,0.9830,0.9115,0.4425,0.1005,0.0180,0.2888,0.0015,2.6865,1.3889,0.9955,9.7798,6.5671,0.5300,2xS,0.8000,0.2000,0.0000,1.6000
historical-repeat,2xS 100%,none,0.1390,0.1490,0.0590,0.2462,0.1173,0.7245,0.4055,0.7850,0.3575,0.1080,0.3632,0.0145,4.0278,1.9560,0.9310,,,0.0980,2xS,1.0000,0.0000,0.0000,2.0000
historical-repeat,2x 20%,none,0.0515,0.0529,0.0323,0.0736,0.1173,0.0905,0.0080,0.0000,0.0000,0.0000,0.0842,0.0010,,9.4639,0.1435,,,0.0000,2x,0.2000,0.0000,0.0000,0.4000
historical-repeat,2x 20% + gems 15%,none,0.0896,0.0932,0.0701,0.1201,0.1173,0.3150,0.0700,0.0000,0.0000,0.0000,0.0748,0.0000,7.6230,5.7298,0.8985,,,0.0000,2x,0.2000,0.0000,0.1500,0.4000
historical-repeat,2x 20% + BTC 10%,none,0.1088,0.1149,0.0786,0.1519,0.1173,0.4925,0.1470,0.0000,0.0000,0.0000,0.0956,0.0000,6.1845,4.2694,0.9485,,,0.0000,2x,0.2000,0.1000,0.0000,0.4000
historical-repeat,2x 20% + BTC 10% + gems 15%,none,0.1469,0.1582,0.1189,0.1993,0.1173,0.7840,0.4345,0.0000,0.0000,0.0000,0.0877,0.0000,4.6349,3.3095,0.9985,,,0.0005,2x,0.2000,0.1000,0.1500,0.4000
historical-repeat,2x 20% + BTC 20%,none,0.1639,0.1779,0.1145,0.2453,0.1173,0.8455,0.5700,0.0010,0.0000,0.0000,0.1358,0.0000,4.1151,2.4123,0.9930,,,0.0725,2x,0.2000,0.2000,0.0000,0.4000
historical-repeat,2x 20% + BTC 20% + gems 15%,none,0.2020,0.2233,0.1585,0.2947,0.1173,0.9620,0.8180,0.0000,0.0000,0.0000,0.1199,0.0000,3.3690,2.0357,1.0000,,8.6504,0.2675,2x,0.2000,0.2000,0.1500,0.4000
historical-repeat,2x 20% + BTC 30%,none,0.2168,0.2417,0.1484,0.3442,0.1173,0.9495,0.8320,0.0260,0.0010,0.0000,0.1853,0.0000,3.0675,1.5397,0.9970,,7.2734,0.4395,2x,0.2000,0.3000,0.0000,0.4000
historical-repeat,2x 20% + BTC 30% + gems 15%,none,0.2549,0.2884,0.1935,0.3985,0.1173,0.9850,0.9450,0.0100,0.0005,0.0000,0.1685,0.0000,2.6488,1.3849,1.0000,8.9802,6.4044,0.6725,2x,0.2000,0.3000,0.1500,0.4000
historical-repeat,2x 20% + BTC 40%,none,0.2675,0.3055,0.1815,0.4489,0.1173,0.9760,0.9230,0.1740,0.0130,0.0010,0.2381,0.0000,2.4385,1.0952,0.9990,8.4286,5.6302,0.7135,2x,0.2000,0.4000,0.0000,0.4000
historical-repeat,2x 20% + BTC 40% + gems 15%,none,0.3057,0.3537,0.2280,0.5068,0.1173,0.9925,0.9740,0.1005,0.0065,0.0010,0.2199,0.0000,2.1984,1.0075,1.0000,7.3869,5.0230,0.8530,2x,0.2000,0.4000,0.1500,0.4000
historical-repeat,2x 20% + BTC 50%,none,0.3161,0.3689,0.2123,0.5584,0.1173,0.9860,0.9510,0.4330,0.0855,0.0080,0.2891,0.0000,2.0714,0.8171,0.9990,7.0357,4.4190,0.8430,2x,0.2000,0.5000,0.0000,0.4000
historical-repeat,2x 20% + BTC 50% + gems 15%,none,0.3542,0.4200,0.2603,0.6197,0.1173,0.9960,0.9845,0.3310,0.0475,0.0040,0.2715,0.0000,1.8810,0.7813,1.0000,6.3333,4.0429,0.9230,2x,0.2000,0.5000,0.1500,0.4000
historical-repeat,2x 40%,none,0.0863,0.0903,0.0487,0.1335,0.1173,0.2655,0.0335,0.0325,0.0040,0.0000,0.1715,0.0050,7.4782,4.7563,0.7775,,,0.0000,2x,0.4000,0.0000,0.0000,0.8000
historical-repeat,2x 40% + gems 15%,none,0.1245,0.1327,0.0892,0.1805,0.1173,0.6390,0.2230,0.0080,0.0000,0.0000,0.1521,0.0000,5.2460,3.5357,0.9725,,,0.0015,2x,0.4000,0.0000,0.1500,0.8000
historical-repeat,2x 40% + BTC 10%,none,0.1435,0.1531,0.1011,0.2112,0.1173,0.7940,0.3965,0.0235,0.0005,0.0000,0.1689,0.0000,4.5476,2.8968,0.9795,,,0.0155,2x,0.4000,0.1000,0.0000,0.8000
historical-repeat,2x 40% + BTC 10% + gems 15%,none,0.1816,0.1987,0.1421,0.2596,0.1173,0.9695,0.7415,0.0065,0.0000,0.0000,0.1589,0.0000,3.6190,2.3849,0.9985,,9.9044,0.1140,2x,0.4000,0.1000,0.1500,0.8000
historical-repeat,2x 40% + BTC 20%,none,0.1984,0.2193,0.1414,0.3010,0.1173,0.9650,0.8155,0.0470,0.0025,0.0000,0.1915,0.0000,3.2976,1.8560,0.9960,,8.3532,0.2935,2x,0.4000,0.2000,0.0000,0.8000
historical-repeat,2x 40% + BTC 20% + gems 15%,none,0.2366,0.2659,0.1848,0.3542,0.1173,0.9945,0.9525,0.0180,0.0000,0.0000,0.1754,0.0000,2.8095,1.6425,1.0000,9.6091,7.1623,0.5805,2x,0.4000,0.2000,0.1500,0.8000
historical-repeat,2x 40% + BTC 30%,none,0.2512,0.2844,0.1786,0.4033,0.1173,0.9900,0.9340,0.1195,0.0105,0.0000,0.2249,0.0000,2.6329,1.3008,0.9985,9.0298,6.2302,0.6605,2x,0.4000,0.3000,0.0000,0.8000
historical-repeat,2x 40% + BTC 30% + gems 15%,none,0.2893,0.3355,0.2227,0.4586,0.1173,0.9995,0.9850,0.0650,0.0030,0.0000,0.2082,0.0000,2.2937,1.1865,1.0000,7.8234,5.5833,0.8320,2x,0.4000,0.3000,0.1500,0.8000
historical-repeat,2x 40% + BTC 40%,none,0.3018,0.3519,0.2117,0.5094,0.1173,0.9950,0.9705,0.3035,0.0420,0.0030,0.2663,0.0000,2.1746,0.9599,1.0000,7.4087,4.9361,0.8265,2x,0.4000,0.4000,0.0000,0.8000
historical-repeat,2x 40% + BTC 40% + gems 15%,none,0.3399,0.4037,0.2606,0.5687,0.1173,0.9995,0.9925,0.1970,0.0210,0.0005,0.2486,0.0000,1.9563,0.8810,1.0000,6.5952,4.4802,0.9195,2x,0.4000,0.4000,0.1500,0.8000
historical-repeat,2x 40% + BTC 50%,none,0.3502,0.4188,0.2445,0.6210,0.1173,0.9960,0.9825,0.5560,0.1330,0.0205,0.3104,0.0000,1.8373,0.7536,1.0000,6.3651,3.9956,0.9015,2x,0.4000,0.5000,0.0000,0.8000
historical-repeat,2x 50%,none,0.1027,0.1083,0.0556,0.1635,0.1173,0.4280,0.0855,0.1195,0.0145,0.0025,0.2137,0.0060,6.0357,3.6944,0.8650,,,0.0010,2x,0.5000,0.0000,0.0000,1.0000
historical-repeat,2x 50% + gems 15%,none,0.1409,0.1517,0.0968,0.2114,0.1173,0.7870,0.3735,0.0520,0.0040,0.0000,0.1923,0.0000,4.5675,2.8651,0.9785,,,0.0110,2x,0.5000,0.0000,0.1500,1.0000
historical-repeat,2x 50% + BTC 10%,none,0.1598,0.1716,0.1096,0.2409,0.1173,0.8985,0.5560,0.0950,0.0120,0.0005,0.2072,0.0000,3.9861,2.4167,0.9865,,,0.0625,2x,0.5000,0.1000,0.0000,1.0000
historical-repeat,2x 50% + BTC 10% + gems 15%,none,0.1980,0.2187,0.1519,0.2914,0.1173,0.9880,0.8585,0.0465,0.0025,0.0000,0.1929,0.0000,3.2837,2.1032,0.9975,,8.7694,0.2695,2x,0.5000,0.1000,0.1500,1.0000
historical-repeat,2x 50% + BTC 20%,none,0.2147,0.2382,0.1522,0.3330,0.1173,0.9815,0.8890,0.1335,0.0140,0.0005,0.2237,0.0000,2.9802,1.6349,0.9970,,7.5143,0.4195,2x,0.5000,0.2000,0.0000,1.0000
historical-repeat,2x 50% + BTC 20% + gems 15%,none,0.2528,0.2876,0.1964,0.3843,0.1173,0.9995,0.9740,0.0725,0.0050,0.0000,0.2077,0.0000,2.5853,1.4837,1.0000,8.9960,6.5183,0.6910,2x,0.5000,0.2000,0.1500,1.0000
historical-repeat,2x 50% + BTC 30%,none,0.2673,0.3063,0.1905,0.4329,0.1173,0.9965,0.9585,0.2380,0.0315,0.0025,0.2517,0.0000,2.4365,1.1984,0.9990,8.4266,5.7778,0.7355,2x,0.5000,0.3000,0.0000,1.0000
historical-repeat,2x 50% + BTC 30% + gems 15%,none,0.3055,0.3571,0.2363,0.4898,0.1173,0.9995,0.9935,0.1495,0.0145,0.0000,0.2355,0.0000,2.1508,1.1067,1.0000,7.3413,5.1825,0.8735,2x,0.5000,0.3000,0.1500,1.0000
historical-repeat,2x 50% + BTC 40%,none,0.3179,0.3734,0.2255,0.5405,0.1173,0.9980,0.9840,0.4185,0.0785,0.0085,0.2848,0.0000,2.0496,0.8964,0.9995,6.9881,4.6746,0.8650,2x,0.5000,0.4000,0.0000,1.0000
historical-repeat,2x 50% + BTC 50%,none,0.3662,0.4422,0.2588,0.6534,0.1173,0.9985,0.9900,0.6355,0.1775,0.0295,0.3265,0.0000,1.7520,0.7183,1.0000,6.0595,3.8175,0.9225,2x,0.5000,0.5000,0.0000,1.0000
historical-repeat,2x 60%,none,0.1184,0.1260,0.0621,0.1936,0.1173,0.6005,0.1765,0.2775,0.0495,0.0075,0.2536,0.0075,5.2302,2.9563,0.9100,,,0.0075,2x,0.6000,0.0000,0.0000,1.2000
historical-repeat,2x 60% + gems 15%,none,0.1566,0.1698,0.1039,0.2419,0.1173,0.8825,0.5280,0.1715,0.0245,0.0025,0.2321,0.0005,4.0595,2.3925,0.9830,,,0.0735,2x,0.6000,0.0000,0.1500,1.2000
historical-repeat,2x 60% + BTC 10%,none,0.1754,0.1903,0.1179,0.2721,0.1173,0.9430,0.7035,0.2235,0.0340,0.0055,0.2452,0.0010,3.5496,2.0909,0.9870,,9.2893,0.1730,2x,0.6000,0.1000,0.0000,1.2000
historical-repeat,2x 60% + BTC 10% + gems 15%,none,0.2136,0.2371,0.1614,0.3238,0.1173,0.9965,0.9230,0.1405,0.0180,0.0005,0.2286,0.0000,3.0238,1.8056,0.9975,,7.8214,0.4060,2x,0.6000,0.1000,0.1500,1.2000
historical-repeat,2x 60% + BTC 20%,none,0.2302,0.2570,0.1617,0.3649,0.1173,0.9930,0.9275,0.2720,0.0445,0.0070,0.2568,0.0000,2.7480,1.5079,0.9965,9.8135,6.8599,0.5350,2x,0.6000,0.2000,0.0000,1.2000
historical-repeat,2x 60% + BTC 20% + gems 15%,none,0.2684,0.3062,0.2079,0.4167,0.1173,0.9995,0.9880,0.1890,0.0200,0.0010,0.2420,0.0000,2.3889,1.3290,1.0000,8.3929,6.0671,0.7750,2x,0.6000,0.2000,0.1500,1.2000
historical-repeat,2x 60% + BTC 30%,none,0.2828,0.3268,0.2025,0.4620,0.1173,0.9995,0.9735,0.3850,0.0710,0.0095,0.2798,0.0000,2.2540,1.0988,0.9995,7.8571,5.3929,0.7830,2x,0.6000,0.3000,0.0000,1.2000
historical-repeat,2x 60% + BTC 40%,none,0.3332,0.3956,0.2380,0.5729,0.1173,0.9995,0.9895,0.5570,0.1355,0.0210,0.3097,0.0000,1.9067,0.8452,0.9995,6.6548,4.3373,0.8900,2x,0.6000,0.4000,0.0000,1.2000
historical-repeat,2x 70%,none,0.1334,0.1432,0.0679,0.2233,0.1173,0.7340,0.3095,0.4620,0.1300,0.0270,0.2923,0.0075,4.4881,2.4083,0.9340,,,0.0405,2x,0.7000,0.0000,0.0000,1.4000
historical-repeat,2x 70% + gems 15%,none,0.1716,0.1876,0.1096,0.2726,0.1173,0.9265,0.6785,0.3485,0.0690,0.0110,0.2708,0.0015,3.5933,2.0556,0.9840,,9.3012,0.1675,2x,0.7000,0.0000,0.1500,1.4000
historical-repeat,2x 70% + BTC 10%,none,0.1904,0.2088,0.1248,0.3032,0.1173,0.9570,0.7985,0.4075,0.0950,0.0165,0.2822,0.0020,3.2123,1.8095,0.9875,,8.2246,0.2925,2x,0.7000,0.1000,0.0000,1.4000
historical-repeat,2x 70% + BTC 10% + gems 15%,none,0.2285,0.2560,0.1693,0.3562,0.1173,0.9975,0.9460,0.3220,0.0540,0.0075,0.2655,0.0000,2.7440,1.5552,0.9975,9.8690,7.0825,0.5215,2x,0.7000,0.1000,0.1500,1.4000
historical-repeat,2x 70% + BTC 20%,none,0.2451,0.2754,0.1714,0.3950,0.1173,0.9965,0.9455,0.4485,0.1060,0.0180,0.2902,0.0000,2.5417,1.3329,0.9975,9.1845,6.2853,0.6335,2x,0.7000,0.2000,0.0000,1.4000
historical-repeat,2x 70% + BTC 30%,none,0.2976,0.3456,0.2124,0.4944,0.1173,0.9995,0.9825,0.5480,0.1435,0.0230,0.3098,0.0000,2.1091,1.0079,0.9990,7.4504,5.0794,0.8315,2x,0.7000,0.3000,0.0000,1.4000
historical-repeat,2x 80%,none,0.1478,0.1596,0.0730,0.2536,0.1173,0.8075,0.4500,0.6440,0.2425,0.0545,0.3298,0.0090,3.9901,2.0397,0.9515,,9.8849,0.1070,2x,0.8000,0.0000,0.0000,1.6000
historical-repeat,2x 80% + gems 15%,none,0.1859,0.2044,0.1152,0.3024,0.1173,0.9490,0.7590,0.5490,0.1610,0.0325,0.3090,0.0020,3.2778,1.7849,0.9830,,8.3333,0.2765,2x,0.8000,0.0000,0.1500,1.6000
historical-repeat,2x 80% + BTC 10%,none,0.2046,0.2269,0.1299,0.3345,0.1173,0.9755,0.8530,0.5970,0.1970,0.0400,0.3182,0.0025,2.9365,1.5595,0.9890,,7.4282,0.3960,2x,0.8000,0.1000,0.0000,1.6000
historical-repeat,2x 80% + BTC 20%,none,0.2592,0.2931,0.1781,0.4265,0.1173,0.9965,0.9595,0.6575,0.1970,0.0365,0.3237,0.0005,2.3532,1.2020,0.9970,8.5079,5.7929,0.7080,2x,0.8000,0.2000,0.0000,1.6000
historical-repeat,2x 100%,none,0.1743,0.1906,0.0803,0.3112,0.1173,0.8760,0.6615,0.8890,0.5045,0.1955,0.4015,0.0145,3.1984,1.5194,0.9640,,7.8889,0.2890,2x,1.0000,0.0000,0.0000,2.0000
historical-repeat,3xS 20%,none,0.0575,0.0589,0.0337,0.0853,0.1173,0.1070,0.0125,0.0030,0.0000,0.0000,0.1129,0.0020,,7.9952,0.3215,,,0.0000,3xS,0.2000,0.0000,0.0000,0.6000
historical-repeat,3xS 20% + gems 15%,none,0.0957,0.1001,0.0716,0.1300,0.1173,0.3545,0.0850,0.0000,0.0000,0.0000,0.0938,0.0000,7.0317,5.1504,0.9220,,,0.0000,3xS,0.2000,0.0000,0.1500,0.6000
historical-repeat,3xS 20% + BTC 10%,none,0.1148,0.1207,0.0813,0.1646,0.1173,0.5440,0.1875,0.0005,0.0000,0.0000,0.1156,0.0000,5.7738,3.9036,0.9545,,,0.0005,3xS,0.2000,0.1000,0.0000,0.6000
historical-repeat,3xS 20% + BTC 10% + gems 15%,none,0.1529,0.1650,0.1219,0.2111,0.1173,0.8340,0.4850,0.0000,0.0000,0.0000,0.1015,0.0000,4.4425,3.1107,0.9980,,,0.0060,3xS,0.2000,0.1000,0.1500,0.6000
historical-repeat,3xS 20% + BTC 20%,none,0.1698,0.1851,0.1178,0.2571,0.1173,0.8715,0.6105,0.0035,0.0000,0.0000,0.1486,0.0000,3.9345,2.2659,0.9945,,9.8845,0.1070,3xS,0.2000,0.2000,0.0000,0.6000
historical-repeat,3xS 20% + BTC 20% + gems 15%,none,0.2080,0.2301,0.1612,0.3057,0.1173,0.9725,0.8485,0.0000,0.0000,0.0000,0.1331,0.0000,3.2758,1.9683,1.0000,,8.3599,0.3275,3xS,0.2000,0.2000,0.1500,0.6000
historical-repeat,3xS 20% + BTC 30%,none,0.2227,0.2489,0.1537,0.3562,0.1173,0.9595,0.8480,0.0475,0.0010,0.0000,0.1936,0.0000,2.9762,1.4643,0.9960,,7.0036,0.4805,3xS,0.2000,0.3000,0.0000,0.6000
historical-repeat,3xS 20% + BTC 30% + gems 15%,none,0.2608,0.2960,0.2001,0.4111,0.1173,0.9880,0.9545,0.0145,0.0005,0.0000,0.1766,0.0000,2.5933,1.3448,1.0000,8.7738,6.2337,0.7095,3xS,0.2000,0.3000,0.1500,0.6000
historical-repeat,3xS 20% + BTC 40%,none,0.2734,0.3126,0.1865,0.4601,0.1173,0.9790,0.9305,0.2030,0.0180,0.0010,0.2430,0.0000,2.3810,1.0754,0.9990,8.2956,5.4286,0.7345,3xS,0.2000,0.4000,0.0000,0.6000
historical-repeat,3xS 20% + BTC 40% + gems 15%,none,0.3115,0.3619,0.2345,0.5186,0.1173,0.9945,0.9760,0.1190,0.0070,0.0005,0.2244,0.0000,2.1468,0.9841,1.0000,7.2143,4.8647,0.8660,3xS,0.2000,0.4000,0.1500,0.6000
historical-repeat,3xS 20% + BTC 50%,none,0.3219,0.3770,0.2160,0.5701,0.1173,0.9875,0.9590,0.4615,0.0985,0.0080,0.2926,0.0000,2.0298,0.8012,0.9995,6.9107,4.2968,0.8510,3xS,0.2000,0.5000,0.0000,0.6000
historical-repeat,3xS 20% + BTC 50% + gems 15%,none,0.3601,0.4278,0.2659,0.6303,0.1173,0.9965,0.9840,0.3505,0.0545,0.0035,0.2742,0.0000,1.8214,0.7579,1.0000,6.2202,3.9718,0.9275,3xS,0.2000,0.5000,0.1500,0.6000
historical-repeat,3xS 40%,none,0.0964,0.1010,0.0491,0.1560,0.1173,0.3570,0.0765,0.1640,0.0250,0.0045,0.2244,0.0095,6.4861,3.7972,0.8290,,,0.0005,3xS,0.4000,0.0000,0.0000,1.2000
historical-repeat,3xS 40% + gems 15%,none,0.1346,0.1439,0.0892,0.2031,0.1173,0.7350,0.3080,0.0760,0.0070,0.0015,0.2025,0.0000,4.6825,2.9563,0.9710,,,0.0070,3xS,0.4000,0.0000,0.1500,1.2000
historical-repeat,3xS 40% + BTC 10%,none,0.1535,0.1644,0.1014,0.2349,0.1173,0.8495,0.4960,0.1145,0.0135,0.0020,0.2153,0.0010,4.1369,2.4516,0.9795,,,0.0515,3xS,0.4000,0.1000,0.0000,1.2000
historical-repeat,3xS 40% + BTC 10% + gems 15%,none,0.1916,0.2100,0.1455,0.2825,0.1173,0.9790,0.8125,0.0520,0.0035,0.0005,0.1979,0.0000,3.3492,2.1266,0.9980,,8.9960,0.2295,3xS,0.4000,0.1000,0.1500,1.2000
historical-repeat,3xS 40% + BTC 20%,none,0.2083,0.2294,0.1443,0.3271,0.1173,0.9685,0.8545,0.1580,0.0185,0.0005,0.2296,0.0000,3.0575,1.6429,0.9965,,7.6222,0.3835,3xS,0.4000,0.2000,0.0000,1.2000
historical-repeat,3xS 40% + BTC 20% + gems 15%,none,0.2465,0.2779,0.1884,0.3764,0.1173,0.9950,0.9640,0.0790,0.0065,0.0005,0.2124,0.0000,2.6429,1.4996,1.0000,9.2480,6.6583,0.6440,3xS,0.4000,0.2000,0.1500,1.2000
historical-repeat,3xS 40% + BTC 30%,none,0.2610,0.2989,0.1803,0.4262,0.1173,0.9890,0.9415,0.2640,0.0360,0.0025,0.2552,0.0000,2.4881,1.2103,0.9985,8.6647,5.8647,0.7040,3xS,0.4000,0.3000,0.0000,1.2000
historical-repeat,3xS 40% + BTC 30% + gems 15%,none,0.2991,0.3482,0.2275,0.4817,0.1173,0.9990,0.9880,0.1735,0.0175,0.0005,0.2386,0.0000,2.1944,1.1071,1.0000,7.5119,5.2456,0.8555,3xS,0.4000,0.3000,0.1500,1.2000
historical-repeat,3xS 40% + BTC 40%,none,0.3115,0.3658,0.2160,0.5366,0.1173,0.9950,0.9730,0.4390,0.0895,0.0090,0.2900,0.0000,2.0833,0.9008,1.0000,7.1647,4.7060,0.8435,3xS,0.4000,0.4000,0.0000,1.2000
historical-repeat,3xS 40% + BTC 40% + gems 15%,none,0.3496,0.4167,0.2664,0.5938,0.1173,0.9995,0.9945,0.3255,0.0505,0.0035,0.2722,0.0000,1.8690,0.8492,1.0000,6.4107,4.2500,0.9270,3xS,0.4000,0.4000,0.1500,1.2000
historical-repeat,3xS 40% + BTC 50%,none,0.3598,0.4326,0.2503,0.6468,0.1173,0.9960,0.9840,0.6595,0.1990,0.0345,0.3282,0.0000,1.7619,0.7179,1.0000,6.1369,3.8448,0.9140,3xS,0.4000,0.5000,0.0000,1.2000
historical-repeat,3xS 50%,none,0.1141,0.1208,0.0545,0.1907,0.1173,0.5465,0.1675,0.3920,0.0940,0.0215,0.2769,0.0125,5.3175,2.8091,0.8935,,,0.0120,3xS,0.5000,0.0000,0.0000,1.5000
historical-repeat,3xS 50% + gems 15%,none,0.1522,0.1649,0.0964,0.2397,0.1173,0.8425,0.4885,0.2615,0.0500,0.0070,0.2537,0.0010,4.0575,2.3409,0.9765,,,0.0635,3xS,0.5000,0.0000,0.1500,1.5000
historical-repeat,3xS 50% + BTC 10%,none,0.1710,0.1846,0.1086,0.2698,0.1173,0.9130,0.6540,0.3205,0.0545,0.0105,0.2656,0.0015,3.5516,2.0512,0.9820,,9.2734,0.1635,3xS,0.5000,0.1000,0.0000,1.5000
historical-repeat,3xS 50% + BTC 10% + gems 15%,none,0.2092,0.2311,0.1528,0.3184,0.1173,0.9870,0.8880,0.2170,0.0320,0.0030,0.2465,0.0000,3.0179,1.7698,0.9975,,7.9044,0.3840,3xS,0.5000,0.1000,0.1500,1.5000
historical-repeat,3xS 50% + BTC 20%,none,0.2258,0.2509,0.1534,0.3631,0.1173,0.9805,0.9075,0.3595,0.0660,0.0120,0.2732,0.0000,2.7698,1.4603,0.9960,9.9683,6.7738,0.5060,3xS,0.5000,0.2000,0.0000,1.5000
historical-repeat,3xS 50% + BTC 20% + gems 15%,none,0.2639,0.2999,0.1997,0.4166,0.1173,0.9980,0.9730,0.2575,0.0345,0.0035,0.2564,0.0000,2.3929,1.3056,1.0000,8.5198,6.0710,0.7430,3xS,0.5000,0.2000,0.1500,1.5000
historical-repeat,3xS 50% + BTC 30%,none,0.2783,0.3200,0.1926,0.4632,0.1173,0.9955,0.9610,0.4705,0.1060,0.0155,0.2939,0.0000,2.2619,1.0794,0.9990,8.0536,5.4048,0.7665,3xS,0.5000,0.3000,0.0000,1.5000
historical-repeat,3xS 50% + BTC 30% + gems 15%,none,0.3165,0.3714,0.2397,0.5176,0.1173,0.9995,0.9930,0.3640,0.0575,0.0060,0.2768,0.0000,2.0198,0.9956,1.0000,7.0794,4.8968,0.8855,3xS,0.5000,0.3000,0.1500,1.5000
historical-repeat,3xS 50% + BTC 40%,none,0.3287,0.3900,0.2285,0.5707,0.1173,0.9970,0.9835,0.6240,0.1820,0.0280,0.3208,0.0000,1.9246,0.8532,1.0000,6.7698,4.3095,0.8815,3xS,0.5000,0.4000,0.0000,1.5000
historical-repeat,3xS 50% + BTC 50%,none,0.3769,0.4583,0.2614,0.6883,0.1173,0.9975,0.9910,0.7845,0.2910,0.0670,0.3551,0.0000,1.6587,0.6706,1.0000,5.8274,3.5913,0.9265,3xS,0.5000,0.5000,0.0000,1.5000
historical-repeat,3xS 60%,none,0.1305,0.1392,0.0587,0.2255,0.1173,0.6805,0.3165,0.6435,0.2320,0.0580,0.3289,0.0145,4.4742,2.2298,0.9235,,,0.0535,3xS,0.6000,0.0000,0.0000,1.8000
historical-repeat,3xS 60% + gems 15%,none,0.1687,0.1838,0.1010,0.2745,0.1173,0.8955,0.6345,0.5255,0.1430,0.0330,0.3039,0.0030,3.5218,1.9286,0.9785,,9.1028,0.1770,3xS,0.6000,0.0000,0.1500,1.8000
historical-repeat,3xS 60% + BTC 10%,none,0.1873,0.2044,0.1145,0.3064,0.1173,0.9395,0.7440,0.5710,0.1755,0.0370,0.3150,0.0025,3.2063,1.6742,0.9835,,8.1183,0.2940,3xS,0.6000,0.1000,0.0000,1.8000
historical-repeat,3xS 60% + BTC 10% + gems 15%,none,0.2255,0.2510,0.1579,0.3557,0.1173,0.9905,0.9205,0.4685,0.1130,0.0215,0.2949,0.0005,2.7321,1.5115,0.9980,9.9365,6.9603,0.5100,3xS,0.6000,0.1000,0.1500,1.8000
historical-repeat,3xS 60% + BTC 20%,none,0.2420,0.2713,0.1597,0.3992,0.1173,0.9885,0.9320,0.6030,0.1835,0.0330,0.3180,0.0015,2.5198,1.2694,0.9955,9.2401,6.1746,0.6060,3xS,0.6000,0.2000,0.0000,1.8000
historical-repeat,3xS 60% + BTC 20% + gems 15%,none,0.2801,0.3203,0.2076,0.4520,0.1173,0.9985,0.9820,0.5040,0.1180,0.0205,0.3006,0.0000,2.2282,1.1627,1.0000,7.8671,5.5353,0.7940,3xS,0.6000,0.2000,0.1500,1.8000
historical-repeat,3xS 60% + BTC 30%,none,0.2944,0.3391,0.2036,0.5008,0.1173,0.9970,0.9695,0.6820,0.2325,0.0445,0.3336,0.0000,2.0873,0.9762,0.9990,7.5079,4.9802,0.8120,3xS,0.6000,0.3000,0.0000,1.8000
historical-repeat,3xS 60% + BTC 40%,none,0.3447,0.4118,0.2383,0.6085,0.1173,0.9980,0.9880,0.7920,0.3045,0.0690,0.3557,0.0000,1.7937,0.7937,0.9995,6.3889,4.0913,0.9000,3xS,0.6000,0.4000,0.0000,1.8000
historical-repeat,3xS 70%,none,0.1457,0.1568,0.0618,0.2597,0.1173,0.7590,0.4540,0.8305,0.4120,0.1405,0.3775,0.0145,3.8234,1.8175,0.9385,,9.3925,0.1320,3xS,0.7000,0.0000,0.0000,2.1000
historical-repeat,3xS 70% + gems 15%,none,0.1839,0.2022,0.1053,0.3095,0.1173,0.9200,0.7160,0.7580,0.3060,0.0825,0.3521,0.0050,3.1706,1.6107,0.9800,,8.0000,0.2885,3xS,0.7000,0.0000,0.1500,2.1000
historical-repeat,3xS 70% + BTC 10%,none,0.2024,0.2225,0.1189,0.3421,0.1173,0.9550,0.8035,0.7910,0.3355,0.0975,0.3620,0.0030,2.8849,1.4365,0.9835,,7.1349,0.4085,3xS,0.7000,0.1000,0.0000,2.1000
historical-repeat,3xS 70% + BTC 10% + gems 15%,none,0.2406,0.2697,0.1623,0.3927,0.1173,0.9905,0.9355,0.7230,0.2505,0.0565,0.3406,0.0005,2.4841,1.3052,0.9965,9.1706,6.2460,0.6050,3xS,0.7000,0.1000,0.1500,2.1000
historical-repeat,3xS 70% + BTC 20%,none,0.2570,0.2894,0.1657,0.4349,0.1173,0.9885,0.9425,0.8055,0.3405,0.0870,0.3624,0.0015,2.3214,1.1143,0.9950,8.5675,5.6460,0.6860,3xS,0.7000,0.2000,0.0000,2.1000
historical-repeat,3xS 70% + BTC 30%,none,0.3093,0.3582,0.2104,0.5380,0.1173,0.9965,0.9765,0.8495,0.3875,0.1035,0.3727,0.0015,1.9425,0.8964,0.9990,7.1111,4.5829,0.8415,3xS,0.7000,0.3000,0.0000,2.1000
historical-repeat,3xS 80%,none,0.1597,0.1729,0.0634,0.2935,0.1173,0.8045,0.5465,0.9280,0.5870,0.2480,0.4239,0.0190,3.3591,1.5516,0.9440,,8.3056,0.2255,3xS,0.8000,0.0000,0.0000,2.4000
historical-repeat,3xS 80% + gems 15%,none,0.1979,0.2192,0.1067,0.3457,0.1173,0.9335,0.7780,0.8990,0.4955,0.1725,0.3989,0.0080,2.8492,1.3770,0.9805,,7.0750,0.4010,3xS,0.8000,0.0000,0.1500,2.4000
historical-repeat,3xS 80% + BTC 10%,none,0.2163,0.2394,0.1211,0.3777,0.1173,0.9550,0.8355,0.9125,0.5255,0.1940,0.4072,0.0070,2.5992,1.2575,0.9810,,6.3802,0.4970,3xS,0.8000,0.1000,0.0000,2.4000
historical-repeat,3xS 80% + BTC 20%,none,0.2708,0.3076,0.1704,0.4720,0.1173,0.9885,0.9495,0.9225,0.5165,0.1910,0.4044,0.0015,2.1508,0.9960,0.9930,7.9663,5.2175,0.7405,3xS,0.8000,0.2000,0.0000,2.4000
historical-repeat,3xS 100%,none,0.1840,0.2020,0.0631,0.3589,0.1173,0.8385,0.6580,0.9935,0.8585,0.5220,0.5088,0.0245,2.7103,1.1151,0.9530,,6.4877,0.3955,3xS,1.0000,0.0000,0.0000,3.0000
historical-repeat,3x 20%,none,0.0698,0.0725,0.0414,0.1040,0.1173,0.1545,0.0200,0.0045,0.0000,0.0000,0.1282,0.0020,9.4345,6.3718,0.5640,,,0.0000,3x,0.2000,0.0000,0.0000,0.6000
historical-repeat,3x 20% + gems 15%,none,0.1080,0.1137,0.0806,0.1507,0.1173,0.4730,0.1275,0.0000,0.0000,0.0000,0.1127,0.0000,6.1706,4.4560,0.9580,,,0.0000,3x,0.2000,0.0000,0.1500,0.6000
historical-repeat,3x 20% + BTC 10%,none,0.1270,0.1346,0.0909,0.1823,0.1173,0.6505,0.2665,0.0010,0.0000,0.0000,0.1310,0.0000,5.2004,3.4837,0.9715,,,0.0010,3x,0.2000,0.1000,0.0000,0.6000
historical-repeat,3x 20% + BTC 10% + gems 15%,none,0.1652,0.1790,0.1313,0.2294,0.1173,0.9150,0.5975,0.0000,0.0000,0.0000,0.1237,0.0000,4.0873,2.8210,0.9990,,,0.0245,3x,0.2000,0.1000,0.1500,0.6000
historical-repeat,3x 20% + BTC 20%,none,0.1820,0.1997,0.1293,0.2739,0.1173,0.9240,0.7075,0.0095,0.0000,0.0000,0.1607,0.0000,3.5972,2.1187,0.9950,,9.2813,0.1745,3x,0.2000,0.2000,0.0000,0.6000
historical-repeat,3x 20% + BTC 20% + gems 15%,none,0.2202,0.2456,0.1719,0.3256,0.1173,0.9845,0.9100,0.0005,0.0000,0.0000,0.1448,0.0000,3.0595,1.8647,1.0000,,7.8806,0.4320,3x,0.2000,0.2000,0.1500,0.6000
historical-repeat,3x 20% + BTC 30%,none,0.2349,0.2645,0.1642,0.3742,0.1173,0.9755,0.8985,0.0540,0.0025,0.0000,0.2024,0.0000,2.8175,1.4167,0.9980,9.6409,6.6933,0.5580,3x,0.2000,0.3000,0.0000,0.6000
historical-repeat,3x 20% + BTC 30% + gems 15%,none,0.2730,0.3127,0.2099,0.4279,0.1173,0.9965,0.9695,0.0220,0.0005,0.0000,0.1859,0.0000,2.4603,1.2813,1.0000,8.3849,5.9635,0.7710,3x,0.2000,0.3000,0.1500,0.6000
historical-repeat,3x 20% + BTC 40%,none,0.2855,0.3302,0.1985,0.4789,0.1173,0.9895,0.9500,0.2105,0.0220,0.0010,0.2490,0.0000,2.2877,1.0270,0.9995,7.8690,5.2298,0.7810,3x,0.2000,0.4000,0.0000,0.6000
historical-repeat,3x 20% + BTC 40% + gems 15%,none,0.3237,0.3805,0.2440,0.5387,0.1173,0.9980,0.9865,0.1305,0.0095,0.0005,0.2314,0.0000,2.0734,0.9444,1.0000,6.9345,4.7452,0.8950,3x,0.2000,0.4000,0.1500,0.6000
historical-repeat,3x 20% + BTC 50%,none,0.3340,0.3951,0.2300,0.5907,0.1173,0.9935,0.9745,0.4745,0.0995,0.0100,0.2960,0.0000,1.9504,0.7857,1.0000,6.6468,4.1980,0.8730,3x,0.2000,0.5000,0.0000,0.6000
historical-repeat,3x 20% + BTC 50% + gems 15%,none,0.3722,0.4476,0.2768,0.6527,0.1173,0.9990,0.9900,0.3740,0.0620,0.0045,0.2789,0.0000,1.7659,0.7460,1.0000,6.0516,3.8726,0.9415,3x,0.2000,0.5000,0.1500,0.6000
historical-repeat,3x 40%,none,0.1195,0.1272,0.0633,0.1949,0.1173,0.6105,0.1865,0.2725,0.0495,0.0070,0.2528,0.0060,5.1627,2.9119,0.9130,,,0.0080,3x,0.4000,0.0000,0.0000,1.2000
historical-repeat,3x 40% + gems 15%,none,0.1577,0.1711,0.1051,0.2431,0.1173,0.8860,0.5410,0.1695,0.0240,0.0020,0.2316,0.0005,4.0119,2.3647,0.9840,,,0.0745,3x,0.4000,0.0000,0.1500,1.2000
historical-repeat,3x 40% + BTC 10%,none,0.1765,0.1917,0.1192,0.2735,0.1173,0.9455,0.7145,0.2215,0.0335,0.0055,0.2446,0.0010,3.5317,2.0833,0.9890,,9.2298,0.1775,3x,0.4000,0.1000,0.0000,1.2000
historical-repeat,3x 40% + BTC 10% + gems 15%,none,0.2147,0.2385,0.1626,0.3253,0.1173,0.9970,0.9280,0.1355,0.0175,0.0005,0.2282,0.0000,3.0179,1.7972,0.9980,,7.7575,0.4135,3x,0.4000,0.1000,0.1500,1.2000
historical-repeat,3x 40% + BTC 20%,none,0.2313,0.2585,0.1631,0.3663,0.1173,0.9940,0.9310,0.2680,0.0440,0.0065,0.2563,0.0000,2.7440,1.4960,0.9970,9.7679,6.8317,0.5425,3x,0.4000,0.2000,0.0000,1.2000
historical-repeat,3x 40% + BTC 20% + gems 15%,none,0.2695,0.3077,0.2092,0.4181,0.1173,0.9995,0.9885,0.1880,0.0200,0.0010,0.2415,0.0000,2.3770,1.3254,1.0000,8.3532,6.0222,0.7785,3x,0.4000,0.2000,0.1500,1.2000
historical-repeat,3x 40% + BTC 30%,none,0.2839,0.3282,0.2038,0.4637,0.1173,0.9995,0.9760,0.3825,0.0700,0.0095,0.2792,0.0000,2.2460,1.0913,0.9995,7.8373,5.3885,0.7870,3x,0.4000,0.3000,0.0000,1.2000
historical-repeat,3x 40% + BTC 30% + gems 15%,none,0.3221,0.3792,0.2488,0.5225,0.1173,0.9995,0.9980,0.2830,0.0405,0.0035,0.2631,0.0000,2.0000,1.0151,1.0000,6.9484,4.8647,0.9030,3x,0.4000,0.3000,0.1500,1.2000
historical-repeat,3x 40% + BTC 40%,none,0.3343,0.3971,0.2393,0.5749,0.1173,0.9995,0.9895,0.5530,0.1340,0.0205,0.3092,0.0000,1.9048,0.8452,0.9995,6.6429,4.3373,0.8930,3x,0.4000,0.4000,0.0000,1.2000
historical-repeat,3x 40% + BTC 40% + gems 15%,none,0.3725,0.4515,0.2880,0.6363,0.1173,1.0000,0.9995,0.4610,0.0870,0.0095,0.2939,0.0000,1.7421,0.7937,1.0000,5.9821,4.0155,0.9490,3x,0.4000,0.4000,0.1500,1.2000
historical-repeat,3x 40% + BTC 50%,none,0.3826,0.4651,0.2731,0.6887,0.1173,0.9995,0.9915,0.7320,0.2565,0.0485,0.3434,0.0000,1.6667,0.6825,1.0000,5.7937,3.5992,0.9405,3x,0.4000,0.5000,0.0000,1.2000
historical-repeat,3x 50%,none,0.1421,0.1530,0.0721,0.2401,0.1173,0.7835,0.3960,0.5530,0.1775,0.0390,0.3102,0.0075,4.1944,2.2099,0.9495,,,0.0710,3x,0.5000,0.0000,0.0000,1.5000
historical-repeat,3x 50% + gems 15%,none,0.1802,0.1977,0.1140,0.2892,0.1173,0.9420,0.7325,0.4455,0.1045,0.0185,0.2890,0.0015,3.3909,1.8968,0.9840,,8.6544,0.2225,3x,0.5000,0.0000,0.1500,1.5000
historical-repeat,3x 50% + BTC 10%,none,0.1989,0.2195,0.1292,0.3206,0.1173,0.9695,0.8365,0.4980,0.1340,0.0245,0.2996,0.0020,3.0655,1.6389,0.9895,,7.7694,0.3535,3x,0.5000,0.1000,0.0000,1.5000
historical-repeat,3x 50% + BTC 10% + gems 15%,none,0.2371,0.2663,0.1741,0.3735,0.1173,0.9975,0.9555,0.4090,0.0860,0.0155,0.2831,0.0000,2.6210,1.4877,0.9975,9.4821,6.7611,0.5850,3x,0.5000,0.1000,0.1500,1.5000
historical-repeat,3x 50% + BTC 20%,none,0.2536,0.2860,0.1763,0.4124,0.1173,0.9965,0.9540,0.5380,0.1440,0.0245,0.3060,0.0005,2.4345,1.2619,0.9975,8.7817,6.0278,0.6825,3x,0.5000,0.2000,0.0000,1.5000
historical-repeat,3x 50% + BTC 20% + gems 15%,none,0.2918,0.3367,0.2199,0.4692,0.1173,1.0000,0.9960,0.4485,0.0960,0.0140,0.2913,0.0000,2.1627,1.1587,0.9995,7.5774,5.4599,0.8355,3x,0.5000,0.2000,0.1500,1.5000
historical-repeat,3x 50% + BTC 30%,none,0.3061,0.3559,0.2176,0.5140,0.1173,0.9995,0.9875,0.6230,0.1890,0.0370,0.3238,0.0000,2.0079,0.9921,0.9990,7.1885,4.8647,0.8540,3x,0.5000,0.3000,0.0000,1.5000
historical-repeat,3x 50% + BTC 30% + gems 15%,none,0.3442,0.4101,0.2648,0.5714,0.1173,1.0000,0.9980,0.5505,0.1305,0.0190,0.3074,0.0000,1.8393,0.9167,1.0000,6.4226,4.4159,0.9270,3x,0.5000,0.3000,0.1500,1.5000
historical-repeat,3x 50% + BTC 40%,none,0.3564,0.4283,0.2572,0.6195,0.1173,1.0000,0.9940,0.7605,0.2685,0.0595,0.3474,0.0000,1.7698,0.7857,0.9995,6.1865,4.0079,0.9185,3x,0.5000,0.4000,0.0000,1.5000
historical-repeat,3x 50% + BTC 50%,none,0.4045,0.4984,0.2922,0.7395,0.1173,1.0000,0.9955,0.8690,0.3905,0.0985,0.3767,0.0000,1.5238,0.6385,1.0000,5.4405,3.3810,0.9525,3x,0.5000,0.5000,0.0000,1.5000
historical-repeat,3x 60%,none,0.1630,0.1773,0.0787,0.2849,0.1173,0.8555,0.5900,0.7980,0.3605,0.1145,0.3646,0.0120,3.4683,1.7222,0.9620,,8.6690,0.1970,3x,0.6000,0.0000,0.0000,1.8000
historical-repeat,3x 60% + gems 15%,none,0.2012,0.2224,0.1216,0.3354,0.1173,0.9625,0.8235,0.7425,0.2775,0.0660,0.3447,0.0030,2.9742,1.5198,0.9845,,7.3214,0.3965,3x,0.6000,0.0000,0.1500,1.8000
historical-repeat,3x 60% + BTC 10%,none,0.2198,0.2466,0.1365,0.3677,0.1173,0.9790,0.8915,0.7640,0.3065,0.0800,0.3525,0.0035,2.6726,1.3762,0.9885,,6.7373,0.4910,3x,0.6000,0.1000,0.0000,1.8000
historical-repeat,3x 60% + BTC 10% + gems 15%,none,0.2579,0.2937,0.1825,0.4219,0.1173,0.9980,0.9720,0.7080,0.2415,0.0490,0.3356,0.0005,2.3492,1.2460,0.9975,8.5655,5.9444,0.6935,3x,0.6000,0.1000,0.1500,1.8000
historical-repeat,3x 60% + BTC 20%,none,0.2743,0.3128,0.1864,0.4603,0.1173,0.9970,0.9690,0.7760,0.3175,0.0835,0.3553,0.0010,2.1984,1.0913,0.9970,7.9167,5.4155,0.7685,3x,0.6000,0.2000,0.0000,1.8000
historical-repeat,3x 60% + BTC 20% + gems 15%,none,0.3125,0.3647,0.2310,0.5206,0.1173,0.9995,0.9960,0.7170,0.2525,0.0525,0.3403,0.0000,1.9643,1.0040,0.9990,7.0060,4.9159,0.8790,3x,0.6000,0.2000,0.1500,1.8000
historical-repeat,3x 60% + BTC 30%,none,0.3267,0.3831,0.2283,0.5644,0.1173,0.9995,0.9910,0.8230,0.3610,0.1010,0.3679,0.0000,1.8571,0.8726,0.9990,6.6766,4.3885,0.8830,3x,0.6000,0.3000,0.0000,1.8000
historical-repeat,3x 60% + BTC 40%,none,0.3769,0.4568,0.2695,0.6696,0.1173,1.0000,0.9955,0.8925,0.4460,0.1310,0.3887,0.0000,1.6032,0.7302,0.9990,5.7619,3.6825,0.9385,3x,0.6000,0.4000,0.0000,1.8000
historical-repeat,3x 70%,none,0.1824,0.2005,0.0837,0.3282,0.1173,0.8910,0.7085,0.9215,0.5695,0.2420,0.4170,0.0155,3.0159,1.4163,0.9690,,7.3635,0.3380,3x,0.7000,0.0000,0.0000,2.1000
historical-repeat,3x 70% + gems 15%,none,0.2205,0.2465,0.1271,0.3816,0.1173,0.9715,0.8695,0.8885,0.4890,0.1790,0.3980,0.0060,2.6052,1.2738,0.9845,9.8194,6.4163,0.5220,3x,0.7000,0.0000,0.1500,2.1000
historical-repeat,3x 70% + BTC 10%,none,0.2390,0.2710,0.1425,0.4152,0.1173,0.9810,0.9150,0.9050,0.5165,0.1960,0.4037,0.0040,2.3909,1.1623,0.9870,9.1131,5.9198,0.6090,3x,0.7000,0.1000,0.0000,2.1000
historical-repeat,3x 70% + BTC 10% + gems 15%,none,0.2772,0.3182,0.1885,0.4698,0.1173,0.9960,0.9750,0.8685,0.4455,0.1365,0.3864,0.0010,2.1171,1.0671,0.9965,7.8591,5.2972,0.7695,3x,0.7000,0.1000,0.1500,2.1000
historical-repeat,3x 70% + BTC 20%,none,0.2935,0.3368,0.1939,0.5072,0.1173,0.9955,0.9720,0.9040,0.5155,0.1870,0.4044,0.0020,1.9821,0.9560,0.9970,7.3671,4.8528,0.8175,3x,0.7000,0.2000,0.0000,2.1000
historical-repeat,3x 70% + BTC 30%,none,0.3457,0.4093,0.2398,0.6107,0.1173,0.9975,0.9905,0.9255,0.5620,0.2010,0.4119,0.0010,1.7143,0.7853,0.9990,6.2520,3.9841,0.9025,3x,0.7000,0.3000,0.0000,2.1000
historical-repeat,3x 80%,none,0.2002,0.2225,0.0870,0.3718,0.1173,0.9090,0.7595,0.9730,0.7650,0.3730,0.4670,0.0185,2.6706,1.1706,0.9730,,6.3647,0.4530,3x,0.8000,0.0000,0.0000,2.4000
historical-repeat,3x 80% + gems 15%,none,0.2383,0.2688,0.1315,0.4273,0.1173,0.9695,0.8920,0.9645,0.7175,0.3150,0.4471,0.0070,2.3274,1.0675,0.9850,8.9762,5.6583,0.6065,3x,0.8000,0.0000,0.1500,2.4000
historical-repeat,3x 80% + BTC 10%,none,0.2567,0.2926,0.1460,0.4581,0.1173,0.9810,0.9245,0.9675,0.7305,0.3275,0.4519,0.0070,2.1448,0.9960,0.9885,8.2956,5.3056,0.6830,3x,0.8000,0.1000,0.0000,2.4000
historical-repeat,3x 80% + BTC 20%,none,0.3110,0.3619,0.2009,0.5562,0.1173,0.9950,0.9700,0.9670,0.7210,0.3235,0.4499,0.0035,1.8056,0.8254,0.9965,6.8056,4.3329,0.8505,3x,0.8000,0.2000,0.0000,2.4000
historical-repeat,3x 100%,none,0.2310,0.2609,0.0884,0.4570,0.1173,0.9185,0.8125,0.9995,0.9365,0.6830,0.5554,0.0260,2.1310,0.8651,0.9750,8.7996,5.0706,0.5960,3x,1.0000,0.0000,0.0000,3.0000
historical-repeat,T-bills,none,0.0138,0.0138,0.0108,0.0171,0.1173,0.0385,0.0025,0.0000,0.0000,0.0000,0.0000,0.0000,,,0.0000,,,0.0000,-,0.0000,0.0000,0.0000,0.0000
blend,1x 20% + BTC 50%,none,0.2024,0.2158,0.0373,0.4574,0.0805,0.8650,0.7415,0.6518,0.2873,0.0973,0.3374,0.0455,3.0754,1.0433,0.8990,,5.4242,0.4472,1x,0.2000,0.5000,0.0000,0.2000
blend,3xS 50% + BTC 20% + gems 15%,none,0.1690,0.1756,0.0265,0.3768,0.0805,0.8363,0.6693,0.4935,0.1860,0.0558,0.2979,0.0505,3.7579,1.5675,0.8310,,6.7738,0.3752,3xS,0.5000,0.2000,0.1500,1.5000
blend,2xS 20% + BTC 50%,none,0.2058,0.2209,0.0314,0.4750,0.0805,0.8598,0.7405,0.6687,0.3197,0.1170,0.3456,0.0525,3.0159,1.0194,0.8928,,5.2849,0.4602,2xS,0.2000,0.5000,0.0000,0.4000
blend,3x 80%,none,0.1136,0.1082,-0.0357,0.3180,0.0805,0.6445,0.4487,0.9788,0.8075,0.4783,0.4925,0.1840,4.6825,1.4877,0.7260,,7.5159,0.2290,3x,0.8000,0.0000,0.0000,2.4000
blend,2x 20%,none,0.0477,0.0483,0.0306,0.0686,0.0805,0.2815,0.0665,0.0000,0.0000,0.0000,0.0774,0.0005,,,0.0840,,,0.0000,2x,0.2000,0.0000,0.0000,0.4000
blend,1x 40%,none,0.0488,0.0494,0.0316,0.0699,0.0805,0.2883,0.0688,0.0000,0.0000,0.0000,0.0771,0.0003,,,0.0978,,,0.0000,1x,0.4000,0.0000,0.0000,0.4000
blend,2x 20% + BTC 10% + gems 15%,none,0.1092,0.1111,0.0541,0.1847,0.0805,0.7435,0.3775,0.0000,0.0000,0.0000,0.0877,0.0003,6.4325,3.7099,0.7923,,,0.0003,2x,0.2000,0.1000,0.1500,0.4000
blend,3xS 50% + BTC 50%,none,0.2356,0.2547,0.0106,0.6008,0.0805,0.8410,0.7390,0.8878,0.5773,0.3190,0.4281,0.0843,2.4921,0.8171,0.8810,9.2460,4.2381,0.5268,3xS,0.5000,0.5000,0.0000,1.5000
blend,1x 40% + BTC 40%,none,0.1837,0.1948,0.0418,0.3962,0.0805,0.8662,0.7240,0.4052,0.1250,0.0272,0.2786,0.0330,3.4683,1.3056,0.8868,,6.3532,0.3850,1x,0.4000,0.4000,0.0000,0.4000
blend,3x 50% + BTC 40%,none,0.2254,0.2407,0.0248,0.5547,0.0805,0.8632,0.7458,0.8602,0.4890,0.2115,0.3966,0.0622,2.7718,0.9603,0.8815,,4.6151,0.4993,3x,0.5000,0.4000,0.0000,1.5000
blend,1x 80% + BTC 20%,none,0.1388,0.1432,0.0410,0.2770,0.0805,0.8417,0.6038,0.1140,0.0135,0.0013,0.2096,0.0165,4.8472,2.2302,0.8273,,9.2020,0.1552,1x,0.8000,0.2000,0.0000,0.8000
blend,2x 20% + BTC 30% + gems 15%,none,0.1766,0.1870,0.0551,0.3560,0.0805,0.8840,0.7358,0.0988,0.0110,0.0013,0.1969,0.0107,3.7817,1.7012,0.8920,,7.1734,0.3420,2x,0.2000,0.3000,0.1500,0.4000
blend,2x 50% + BTC 10%,none,0.1099,0.1112,0.0304,0.2177,0.0805,0.7558,0.3880,0.1400,0.0217,0.0022,0.2173,0.0232,6.1012,2.8730,0.7408,,,0.0312,2x,0.5000,0.1000,0.0000,1.0000
blend,2x 20% + BTC 40% + gems 15%,none,0.2073,0.2229,0.0529,0.4470,0.0805,0.8915,0.7788,0.3332,0.0927,0.0175,0.2603,0.0208,3.1667,1.2024,0.9075,,5.7460,0.4570,2x,0.2000,0.4000,0.1500,0.4000
blend,3x 20% + BTC 40%,none,0.1921,0.2041,0.0402,0.4237,0.0805,0.8718,0.7380,0.4645,0.1547,0.0387,0.2915,0.0367,3.3353,1.2377,0.8852,,5.9881,0.4170,3x,0.2000,0.4000,0.0000,0.6000
blend,2x 70%,none,0.0874,0.0854,0.0042,0.1944,0.0805,0.5895,0.2122,0.5110,0.1698,0.0452,0.3017,0.0877,7.1528,2.9202,0.6505,,,0.0203,2x,0.7000,0.0000,0.0000,1.4000
blend,3xS 50% + BTC 20%,none,0.1443,0.1496,0.0136,0.3255,0.0805,0.7940,0.6022,0.5633,0.2320,0.0788,0.3174,0.0700,4.3671,1.7222,0.7940,,7.7857,0.2557,3xS,0.5000,0.2000,0.0000,1.5000
blend,SPY 50% + BTC 30% + gems 15%,none,0.1860,0.2004,0.0548,0.3798,0.0805,0.9260,0.7770,0.2622,0.0568,0.0073,0.2465,0.0143,3.5397,1.5433,0.8972,,6.7179,0.3857,SPY,0.5000,0.3000,0.1500,0.5000
blend,SPY 60% + BTC 40%,none,0.1967,0.2118,0.0393,0.4344,0.0805,0.9028,0.7562,0.6405,0.2677,0.0850,0.3324,0.0395,3.1944,1.1944,0.8908,,5.8171,0.4323,SPY,0.6000,0.4000,0.0000,0.6000
blend,2x 50% + gems 15%,none,0.0981,0.0981,0.0296,0.1895,0.0805,0.6815,0.2757,0.0790,0.0092,0.0003,0.1976,0.0198,6.9147,3.3643,0.6927,,,0.0055,2x,0.5000,0.0000,0.1500,1.0000
blend,2xS 50%,none,0.0602,0.0607,0.0126,0.1171,0.0805,0.3265,0.0663,0.0993,0.0132,0.0010,0.1996,0.0493,,5.4004,0.4552,,,0.0000,2xS,0.5000,0.0000,0.0000,1.0000
blend,3x 20% + BTC 30% + gems 15%,none,0.1862,0.1971,0.0541,0.3855,0.0805,0.8965,0.7492,0.1475,0.0225,0.0027,0.2154,0.0135,3.5714,1.5512,0.8922,,6.6940,0.3927,3x,0.2000,0.3000,0.1500,0.6000
blend,3x 20% + BTC 30%,none,0.1615,0.1685,0.0424,0.3345,0.0805,0.8605,0.6807,0.2015,0.0375,0.0047,0.2333,0.0217,4.1032,1.7222,0.8630,,7.6504,0.2835,3x,0.2000,0.3000,0.0000,0.6000
blend,3xS 40% + BTC 20%,none,0.1375,0.1433,0.0232,0.2944,0.0805,0.8015,0.5867,0.3623,0.1120,0.0245,0.2669,0.0473,4.7341,2.0119,0.7953,,8.6270,0.1928,3xS,0.4000,0.2000,0.0000,1.2000
blend,2xS 20% + BTC 20%,none,0.1136,0.1175,0.0407,0.2107,0.0805,0.7365,0.4298,0.0130,0.0005,0.0000,0.1493,0.0090,5.9583,2.9996,0.7897,,,0.0248,2xS,0.2000,0.2000,0.0000,0.4000
blend,2x 40% + BTC 50%,none,0.2284,0.2453,0.0325,0.5447,0.0805,0.8745,0.7670,0.7485,0.3870,0.1542,0.3661,0.0535,2.7083,0.9048,0.8968,9.8274,4.6702,0.5078,2x,0.4000,0.5000,0.0000,0.8000
blend,3xS 20% + BTC 20%,none,0.1206,0.1247,0.0378,0.2310,0.0805,0.7712,0.4785,0.0442,0.0040,0.0003,0.1739,0.0163,5.5675,2.6865,0.7917,,,0.0540,3xS,0.2000,0.2000,0.0000,0.6000
blend,3xS 50% + BTC 10% + gems 15%,none,0.1346,0.1381,0.0205,0.2918,0.0805,0.7945,0.5670,0.4068,0.1305,0.0360,0.2780,0.0537,4.7857,2.0833,0.7730,,8.7540,0.1920,3xS,0.5000,0.1000,0.1500,1.5000
blend,1x 70% + BTC 10%,none,0.0998,0.1011,0.0387,0.1808,0.0805,0.6880,0.2918,0.0147,0.0013,0.0000,0.1549,0.0073,6.8651,3.5790,0.7260,,,0.0025,1x,0.7000,0.1000,0.0000,0.7000
blend,3x 20% + BTC 10% + gems 15%,none,0.1189,0.1203,0.0523,0.2126,0.0805,0.8135,0.4585,0.0015,0.0000,0.0000,0.1237,0.0010,5.8730,3.2024,0.8027,,,0.0123,3x,0.2000,0.1000,0.1500,0.6000
blend,SPY 20% + BTC 30% + gems 15%,none,0.1697,0.1806,0.0576,0.3333,0.0805,0.8910,0.7248,0.0800,0.0090,0.0008,0.1923,0.0085,3.9524,1.7817,0.8975,,7.6468,0.2900,SPY,0.2000,0.3000,0.1500,0.2000
blend,3xS 20% + BTC 10%,none,0.0859,0.0880,0.0355,0.1498,0.0805,0.5647,0.2008,0.0030,0.0000,0.0000,0.1274,0.0055,7.8611,4.4206,0.6573,,,0.0003,3xS,0.2000,0.1000,0.0000,0.6000
blend,3x 20% + BTC 20%,none,0.1288,0.1334,0.0432,0.2478,0.0805,0.8155,0.5413,0.0390,0.0027,0.0008,0.1776,0.0107,5.2778,2.5317,0.8190,,,0.0877,3x,0.2000,0.2000,0.0000,0.6000
blend,SPY 20% + BTC 50% + gems 15%,none,0.2293,0.2503,0.0502,0.5150,0.0805,0.8980,0.8003,0.5915,0.2430,0.0762,0.3230,0.0335,2.7698,0.9722,0.9143,9.7659,4.8929,0.5112,SPY,0.2000,0.5000,0.1500,0.2000
blend,2xS 20% + BTC 20% + gems 15%,none,0.1383,0.1453,0.0527,0.2560,0.0805,0.8455,0.5988,0.0053,0.0003,0.0000,0.1331,0.0035,4.9266,2.5000,0.8508,,9.9837,0.1020,2xS,0.2000,0.2000,0.1500,0.4000
blend,3xS 40% + gems 15%,none,0.0912,0.0916,0.0197,0.1821,0.0805,0.6145,0.2288,0.1552,0.0297,0.0047,0.2188,0.0393,7.1429,3.4722,0.6635,,,0.0035,3xS,0.4000,0.0000,0.1500,1.2000
blend,1x 50% + BTC 30% + gems 15%,none,0.1825,0.1930,0.0552,0.3732,0.0805,0.8932,0.7472,0.1177,0.0145,0.0015,0.2047,0.0112,3.6488,1.6107,0.8935,,6.8889,0.3738,1x,0.5000,0.3000,0.1500,0.5000
blend,1x 100%,none,0.0760,0.0754,0.0190,0.1478,0.0805,0.4810,0.1085,0.1227,0.0203,0.0020,0.2128,0.0352,8.5774,4.1901,0.5900,,,0.0005,1x,1.0000,0.0000,0.0000,1.0000
blend,2x 40% + BTC 20% + gems 15%,none,0.1614,0.1672,0.0512,0.3244,0.0805,0.8862,0.6965,0.0783,0.0085,0.0010,0.1966,0.0107,4.2401,1.9563,0.8670,,7.8964,0.2910,2x,0.4000,0.2000,0.1500,0.8000
blend,2xS 80%,none,0.0740,0.0738,-0.0091,0.1760,0.0805,0.4720,0.1450,0.5985,0.2477,0.0825,0.3236,0.1295,7.9325,3.2290,0.5988,,,0.0092,2xS,0.8000,0.0000,0.0000,1.6000
blend,2x 20% + BTC 40%,none,0.1826,0.1934,0.0409,0.3943,0.0805,0.8645,0.7210,0.4093,0.1270,0.0275,0.2795,0.0355,3.4802,1.3095,0.8858,,6.3651,0.3812,2x,0.2000,0.4000,0.0000,0.4000
blend,2xS 60% + BTC 30%,none,0.1689,0.1778,0.0227,0.3803,0.0805,0.8297,0.6733,0.5240,0.2203,0.0653,0.3062,0.0522,3.7222,1.4599,0.8370,,6.6817,0.3593,2xS,0.6000,0.3000,0.0000,1.2000
blend,3x 80% + BTC 20%,none,0.1838,0.1882,-0.0123,0.4897,0.0805,0.7765,0.6290,0.9782,0.7987,0.4710,0.4908,0.1270,3.1806,1.0353,0.8200,,5.1230,0.4395,3x,0.8000,0.2000,0.0000,2.4000
blend,BTC 10% + gems 15%,none,0.0891,0.0913,0.0558,0.1347,0.0805,0.5825,0.2525,0.0000,0.0000,0.0000,0.0479,0.0000,7.8433,5.1226,0.7372,,,0.0000,-,0.0000,0.1000,0.1500,0.0000
blend,2x 80% + BTC 10%,none,0.1298,0.1299,0.0121,0.2966,0.0805,0.7702,0.5312,0.6710,0.2848,0.0890,0.3395,0.0730,4.9127,1.8968,0.7640,,8.4087,0.1983,2x,0.8000,0.1000,0.0000,1.6000
blend,3x 40% + BTC 20%,none,0.1528,0.1575,0.0314,0.3284,0.0805,0.8430,0.6455,0.4103,0.1103,0.0255,0.2805,0.0372,4.3135,1.7857,0.8237,,7.7099,0.2732,3x,0.4000,0.2000,0.0000,1.2000
blend,1x 60% + BTC 30%,none,0.1625,0.1699,0.0431,0.3365,0.0805,0.8638,0.6857,0.2008,0.0370,0.0047,0.2326,0.0203,4.0794,1.7183,0.8658,,7.6187,0.2895,1x,0.6000,0.3000,0.0000,0.6000
blend,3xS 20% + BTC 30%,none,0.1532,0.1610,0.0373,0.3173,0.0805,0.8377,0.6402,0.2208,0.0457,0.0063,0.2310,0.0272,4.2679,1.7897,0.8482,,7.9913,0.2442,3xS,0.2000,0.3000,0.0000,0.6000
blend,3x 70% + BTC 10% + gems 15%,none,0.1687,0.1702,0.0047,0.4197,0.0805,0.7987,0.6235,0.9083,0.5635,0.2457,0.4166,0.0912,3.5873,1.3254,0.8115,,5.9877,0.3900,3x,0.7000,0.1000,0.1500,2.1000
blend,3xS 80%,none,0.0878,0.0870,-0.0411,0.2524,0.0805,0.5597,0.3197,0.9540,0.7110,0.4078,0.4687,0.2157,5.8512,1.9079,0.6633,,9.7020,0.1130,3xS,0.8000,0.0000,0.0000,2.4000
blend,2xS 60% + BTC 10% + gems 15%,none,0.1266,0.1284,0.0298,0.2586,0.0805,0.8015,0.5285,0.1810,0.0382,0.0053,0.2235,0.0275,5.2440,2.4563,0.7690,,9.8373,0.1113,2xS,0.6000,0.1000,0.1500,1.2000
blend,SPY 60% + BTC 30%,none,0.1660,0.1768,0.0410,0.3453,0.0805,0.9032,0.7073,0.4470,0.1335,0.0305,0.2876,0.0288,3.8532,1.5909,0.8718,,7.3087,0.3050,SPY,0.6000,0.3000,0.0000,0.6000
blend,1x 20% + BTC 40% + gems 15%,none,0.1983,0.2131,0.0536,0.4192,0.0805,0.8868,0.7662,0.2965,0.0755,0.0143,0.2532,0.0208,3.2718,1.2778,0.9062,,6.0631,0.4268,1x,0.2000,0.4000,0.1500,0.2000
blend,SPY 50% + BTC 10%,none,0.0939,0.0985,0.0390,0.1635,0.0805,0.7060,0.1542,0.0665,0.0073,0.0013,0.1937,0.0123,7.0159,3.8770,0.7362,,,0.0003,SPY,0.5000,0.1000,0.0000,0.5000
blend,3x 70% + gems 15%,none,0.1325,0.1305,-0.0099,0.3330,0.0805,0.7300,0.5270,0.9140,0.5757,0.2732,0.4224,0.1225,4.4603,1.5675,0.7550,,7.3452,0.2622,3x,0.7000,0.0000,0.1500,2.1000
blend,2x 40% + BTC 30% + gems 15%,none,0.1940,0.2060,0.0511,0.4126,0.0805,0.9000,0.7588,0.2457,0.0530,0.0073,0.2413,0.0175,3.4127,1.4083,0.8902,,6.2690,0.4248,2x,0.4000,0.3000,0.1500,0.8000
blend,2xS 70% + BTC 10% + gems 15%,none,0.1311,0.1334,0.0228,0.2795,0.0805,0.7935,0.5535,0.3330,0.0965,0.0215,0.2604,0.0460,4.9802,2.2143,0.7660,,9.0952,0.1630,2xS,0.7000,0.1000,0.1500,1.4000
blend,3x 80% + BTC 10%,none,0.1497,0.1476,-0.0211,0.4018,0.0805,0.7302,0.5675,0.9768,0.7890,0.4527,0.4863,0.1495,3.7381,1.2575,0.7795,,6.0825,0.3485,3x,0.8000,0.1000,0.0000,2.4000
blend,1x 40% + BTC 50%,none,0.2124,0.2267,0.0372,0.4874,0.0805,0.8722,0.7540,0.6585,0.3008,0.1065,0.3428,0.0462,2.9286,0.9881,0.8992,,5.1901,0.4743,1x,0.4000,0.5000,0.0000,0.4000
blend,3xS 60% + BTC 40%,none,0.2127,0.2286,0.0046,0.5379,0.0805,0.8233,0.7070,0.8860,0.5693,0.3058,0.4248,0.0940,2.7996,0.9683,0.8595,,4.7341,0.4873,3xS,0.6000,0.4000,0.0000,1.8000
blend,2xS 70% + BTC 20%,none,0.1409,0.1465,0.0156,0.3128,0.0805,0.7930,0.5948,0.5082,0.1948,0.0580,0.3024,0.0643,4.4960,1.8294,0.7890,,8.0587,0.2318,2xS,0.7000,0.2000,0.0000,1.4000
blend,2x 70% + BTC 10%,none,0.1238,0.1247,0.0188,0.2707,0.0805,0.7735,0.5042,0.5000,0.1557,0.0420,0.3000,0.0548,5.2401,2.1742,0.7580,,9.2218,0.1462,2x,0.7000,0.1000,0.0000,1.4000
blend,2xS 40% + BTC 30%,none,0.1586,0.1673,0.0329,0.3366,0.0805,0.8390,0.6627,0.3132,0.0875,0.0158,0.2546,0.0328,4.0873,1.6786,0.8458,,7.5631,0.2850,2xS,0.4000,0.3000,0.0000,0.8000
blend,SPY 20%,none,0.0405,0.0416,0.0266,0.0560,0.0805,0.2617,0.0585,0.0003,0.0000,0.0000,0.0729,0.0005,,,0.0030,,,0.0000,SPY,0.2000,0.0000,0.0000,0.2000
blend,2xS 40% + BTC 20% + gems 15%,none,0.1507,0.1581,0.0447,0.2993,0.0805,0.8580,0.6605,0.0732,0.0092,0.0008,0.1855,0.0120,4.4643,2.1468,0.8430,,8.5631,0.2210,2xS,0.4000,0.2000,0.1500,0.8000
blend,1x 50% + BTC 30%,none,0.1578,0.1659,0.0441,0.3228,0.0805,0.8558,0.6665,0.1625,0.0253,0.0027,0.2215,0.0180,4.1944,1.8012,0.8625,,7.8651,0.2550,1x,0.5000,0.3000,0.0000,0.5000
blend,SPY 40% + BTC 20%,none,0.1235,0.1291,0.0447,0.2293,0.0805,0.8393,0.5040,0.0622,0.0067,0.0008,0.1911,0.0112,5.4206,2.6825,0.8247,,,0.0560,SPY,0.4000,0.2000,0.0000,0.4000
blend,SPY 50% + BTC 30%,none,0.1613,0.1718,0.0434,0.3296,0.0805,0.8942,0.6923,0.3310,0.0800,0.0140,0.2626,0.0235,4.0060,1.7063,0.8725,,7.6976,0.2742,SPY,0.5000,0.3000,0.0000,0.5000
blend,2x 20% + gems 15%,none,0.0724,0.0725,0.0454,0.1103,0.0805,0.4412,0.1313,0.0000,0.0000,0.0000,0.0682,0.0000,9.7381,6.3452,0.5280,,,0.0000,2x,0.2000,0.0000,0.1500,0.4000
blend,3x 50% + BTC 30% + gems 15%,none,0.2197,0.2295,0.0379,0.5167,0.0805,0.8820,0.7505,0.7047,0.3095,0.1020,0.3473,0.0432,2.9266,1.1147,0.8825,,5.0278,0.4858,3x,0.5000,0.3000,0.1500,1.5000
blend,2x 40% + BTC 40% + gems 15%,none,0.2245,0.2421,0.0483,0.5078,0.0805,0.8982,0.7825,0.4682,0.1663,0.0432,0.2935,0.0278,2.9048,1.0913,0.9020,,5.0833,0.4955,2x,0.4000,0.4000,0.1500,0.8000
blend,1x 20% + BTC 20%,none,0.1101,0.1135,0.0450,0.1966,0.0805,0.7147,0.4110,0.0032,0.0003,0.0000,0.1316,0.0045,6.2183,3.1825,0.7973,,,0.0123,1x,0.2000,0.2000,0.0000,0.2000
blend,2x 50% + BTC 30%,none,0.1770,0.1862,0.0362,0.3889,0.0805,0.8648,0.7083,0.4387,0.1310,0.0300,0.2867,0.0343,3.6230,1.4476,0.8632,,6.5476,0.3752,2x,0.5000,0.3000,0.0000,1.0000
blend,1x 40% + BTC 10% + gems 15%,none,0.1102,0.1123,0.0550,0.1862,0.0805,0.7522,0.3852,0.0000,0.0000,0.0000,0.0876,0.0003,6.3829,3.6821,0.7990,,,0.0005,1x,0.4000,0.1000,0.1500,0.4000
blend,2xS 50% + BTC 20% + gems 15%,none,0.1561,0.1643,0.0396,0.3211,0.0805,0.8535,0.6700,0.1698,0.0312,0.0047,0.2164,0.0213,4.2698,1.9563,0.8390,,7.9802,0.2785,2xS,0.5000,0.2000,0.1500,1.0000
blend,3xS 40% + BTC 40% + gems 15%,none,0.2252,0.2446,0.0344,0.5301,0.0805,0.8772,0.7638,0.6092,0.3003,0.1125,0.3310,0.0473,2.8075,1.0476,0.8880,9.9524,4.8964,0.5025,3xS,0.4000,0.4000,0.1500,1.2000
blend,1x 50% + BTC 40%,none,0.1885,0.2000,0.0410,0.4112,0.0805,0.8708,0.7322,0.4310,0.1380,0.0300,0.2837,0.0348,3.3929,1.2659,0.8868,,6.1381,0.4050,1x,0.5000,0.4000,0.0000,0.5000
blend,3x 40% + BTC 20% + gems 15%,none,0.1775,0.1818,0.0434,0.3814,0.0805,0.8850,0.7135,0.3335,0.0823,0.0152,0.2662,0.0232,3.7917,1.5833,0.8648,,6.7532,0.3922,3x,0.4000,0.2000,0.1500,1.2000
blend,SPY 80% + BTC 10%,none,0.1068,0.1131,0.0264,0.2104,0.0805,0.9080,0.2497,0.5070,0.1625,0.0375,0.3011,0.0415,5.7817,2.8532,0.7722,,,0.0217,SPY,0.8000,0.1000,0.0000,0.8000
blend,3x 70% + BTC 20%,none,0.1782,0.1821,0.0010,0.4503,0.0805,0.7983,0.6412,0.9363,0.6392,0.3190,0.4405,0.0983,3.3611,1.1742,0.8227,,5.5790,0.4188,3x,0.7000,0.2000,0.0000,2.1000
blend,3x 70% + BTC 10%,none,0.1440,0.1430,-0.0072,0.3641,0.0805,0.7508,0.5663,0.9310,0.6155,0.2985,0.4326,0.1177,4.1230,1.4444,0.7745,,6.7421,0.3080,3x,0.7000,0.1000,0.0000,2.1000
blend,SPY 40% + BTC 10% + gems 15%,none,0.1135,0.1176,0.0538,0.1942,0.0805,0.8482,0.3915,0.0075,0.0005,0.0003,0.1516,0.0013,6.0337,3.4361,0.8167,,,0.0032,SPY,0.4000,0.1000,0.1500,0.4000
blend,SPY 20% + BTC 10% + gems 15%,none,0.1021,0.1056,0.0566,0.1635,0.0805,0.7090,0.3065,0.0000,0.0000,0.0000,0.0817,0.0003,6.8552,4.1825,0.7975,,,0.0000,SPY,0.2000,0.1000,0.1500,0.2000
blend,BTC 40%,none,0.1629,0.1712,0.0406,0.3398,0.0805,0.8283,0.6643,0.3767,0.1032,0.0230,0.2723,0.0323,3.8770,1.4643,0.8780,,7.2933,0.2853,-,0.0000,0.4000,0.0000,0.0000
blend,1x 60% + gems 15%,none,0.0832,0.0836,0.0421,0.1389,0.0805,0.5380,0.1660,0.0003,0.0000,0.0000,0.1121,0.0000,8.4067,4.9405,0.6302,,,0.0000,1x,0.6000,0.0000,0.1500,0.6000
blend,3xS 60% + BTC 30%,none,0.1824,0.1912,0.0049,0.4443,0.0805,0.8123,0.6710,0.8157,0.4778,0.2263,0.3926,0.0910,3.3016,1.1984,0.8320,,5.7619,0.4215,3xS,0.6000,0.3000,0.0000,1.8000
blend,3x 40% + BTC 30%,none,0.1852,0.1945,0.0326,0.4174,0.0805,0.8642,0.7170,0.5677,0.2060,0.0605,0.3153,0.0432,3.4365,1.3175,0.8678,,6.1254,0.4032,3x,0.4000,0.3000,0.0000,1.2000
blend,2x 40% + BTC 10%,none,0.1021,0.1033,0.0352,0.1916,0.0805,0.7043,0.3130,0.0380,0.0022,0.0005,0.1764,0.0112,6.6905,3.3488,0.7222,,,0.0077,2x,0.4000,0.1000,0.0000,0.8000
blend,2x 60% + BTC 20% + gems 15%,none,0.1763,0.1805,0.0421,0.3797,0.0805,0.8808,0.7100,0.3370,0.0840,0.0170,0.2672,0.0248,3.8194,1.5992,0.8612,,6.7615,0.3905,2x,0.6000,0.2000,0.1500,1.2000
blend,2xS 80% + gems 15%,none,0.0988,0.0992,0.0036,0.2203,0.0805,0.6462,0.3302,0.5000,0.1782,0.0532,0.3000,0.0900,6.2679,2.6504,0.6813,,,0.0450,2xS,0.8000,0.0000,0.1500,1.6000
blend,2x 70% + gems 15%,none,0.1121,0.1120,0.0163,0.2416,0.0805,0.7378,0.4228,0.4245,0.1128,0.0288,0.2841,0.0537,5.7560,2.4437,0.7290,,,0.0838,2x,0.7000,0.0000,0.1500,1.4000
blend,2xS 40%,none,0.0547,0.0550,0.0189,0.0972,0.0805,0.2948,0.0615,0.0210,0.0015,0.0003,0.1563,0.0232,,6.7262,0.3490,,,0.0000,2xS,0.4000,0.0000,0.0000,0.8000
blend,2xS 20% + BTC 10%,none,0.0788,0.0808,0.0388,0.1291,0.0805,0.5020,0.1705,0.0000,0.0000,0.0000,0.0932,0.0008,8.6111,5.2536,0.6172,,,0.0000,2xS,0.2000,0.1000,0.0000,0.4000
blend,3xS 60% + BTC 20%,none,0.1501,0.1550,0.0033,0.3562,0.0805,0.7847,0.6072,0.7512,0.3945,0.1623,0.3673,0.0938,4.0258,1.5238,0.7893,,7.0833,0.3070,3xS,0.6000,0.2000,0.0000,1.8000
blend,3x 20%,none,0.0575,0.0576,0.0280,0.0940,0.0805,0.3155,0.0700,0.0025,0.0000,0.0000,0.1216,0.0047,,7.1385,0.3360,,,0.0000,3x,0.2000,0.0000,0.0000,0.6000
blend,1x 40% + gems 15%,none,0.0735,0.0736,0.0462,0.1116,0.0805,0.4517,0.1375,0.0000,0.0000,0.0000,0.0679,0.0000,9.6389,6.2774,0.5417,,,0.0000,1x,0.4000,0.0000,0.1500,0.4000
blend,3x 20% + gems 15%,none,0.0822,0.0825,0.0414,0.1373,0.0805,0.5275,0.1595,0.0003,0.0000,0.0000,0.1122,0.0000,8.5516,4.9718,0.6212,,,0.0000,3x,0.2000,0.0000,0.1500,0.6000
blend,3x 60% + BTC 30%,none,0.2034,0.2112,0.0160,0.5007,0.0805,0.8375,0.7080,0.8898,0.5383,0.2382,0.4106,0.0732,3.0119,1.0754,0.8568,,5.1349,0.4610,3x,0.6000,0.3000,0.0000,1.8000
blend,1x 50% + BTC 10%,none,0.0904,0.0923,0.0422,0.1540,0.0805,0.6100,0.2265,0.0013,0.0000,0.0000,0.1154,0.0018,7.6151,4.3214,0.6903,,,0.0000,1x,0.5000,0.1000,0.0000,0.5000
blend,BTC 50%,none,0.1918,0.2027,0.0367,0.4282,0.0805,0.8498,0.7208,0.6643,0.2945,0.0965,0.3396,0.0498,3.2262,1.0873,0.8915,,5.7813,0.4160,-,0.0000,0.5000,0.0000,0.0000
blend,3x 50%,none,0.0919,0.0901,0.0020,0.2086,0.0805,0.6178,0.2572,0.5940,0.2258,0.0655,0.3212,0.0943,6.6905,2.6623,0.6735,,,0.0355,3x,0.5000,0.0000,0.0000,1.5000
blend,BTC 20%,none,0.0992,0.1021,0.0439,0.1718,0.0805,0.6400,0.3503,0.0020,0.0000,0.0000,0.1282,0.0043,6.8790,3.5437,0.7655,,,0.0020,-,0.0000,0.2000,0.0000,0.0000
blend,2xS 20% + BTC 30% + gems 15%,none,0.1710,0.1819,0.0518,0.3429,0.0805,0.8722,0.7160,0.1095,0.0132,0.0020,0.1959,0.0118,3.8889,1.7421,0.8838,,7.3968,0.3175,2xS,0.2000,0.3000,0.1500,0.4000
blend,2xS 40% + BTC 50%,none,0.2178,0.2355,0.0264,0.5210,0.0805,0.8605,0.7465,0.7308,0.3980,0.1710,0.3671,0.0630,2.8115,0.9365,0.8865,,4.8369,0.4900,2xS,0.4000,0.5000,0.0000,0.8000
blend,2xS 50% + BTC 50%,none,0.2231,0.2417,0.0230,0.5435,0.0805,0.8550,0.7445,0.7765,0.4490,0.2067,0.3817,0.0693,2.7063,0.8929,0.8835,9.9464,4.7060,0.5040,2xS,0.5000,0.5000,0.0000,1.0000
blend,1x 20% + BTC 30% + gems 15%,none,0.1675,0.1783,0.0567,0.3296,0.0805,0.8762,0.7123,0.0663,0.0073,0.0008,0.1854,0.0090,3.9960,1.8095,0.8915,,7.7063,0.2858,1x,0.2000,0.3000,0.1500,0.2000
blend,3xS 70% + BTC 20%,none,0.1547,0.1592,-0.0084,0.3870,0.0805,0.7625,0.6035,0.8850,0.5490,0.2722,0.4160,0.1182,3.7679,1.3690,0.7897,,6.4718,0.3500,3xS,0.7000,0.2000,0.0000,2.1000
blend,3x 60% + BTC 10%,none,0.1369,0.1363,0.0059,0.3256,0.0805,0.7665,0.5553,0.8100,0.4105,0.1495,0.3764,0.0885,4.4881,1.6944,0.7748,,7.6698,0.2462,3x,0.6000,0.1000,0.0000,1.8000
blend,3x 40% + BTC 10% + gems 15%,none,0.1430,0.1442,0.0374,0.2957,0.0805,0.8498,0.6175,0.2253,0.0490,0.0063,0.2427,0.0222,4.7540,2.1270,0.8105,,8.6067,0.2067,3x,0.4000,0.1000,0.1500,1.2000
blend,3x 50% + BTC 50%,none,0.2537,0.2739,0.0217,0.6521,0.0805,0.8645,0.7630,0.9303,0.6205,0.3207,0.4371,0.0730,2.3611,0.7698,0.8935,8.7956,3.9365,0.5467,3x,0.5000,0.5000,0.0000,1.5000
blend,SPY 50% + BTC 50%,none,0.2207,0.2382,0.0386,0.5116,0.0805,0.8928,0.7770,0.7558,0.3882,0.1532,0.3669,0.0480,2.7798,0.9401,0.9020,,4.8929,0.4953,SPY,0.5000,0.5000,0.0000,0.5000
blend,2xS 80% + BTC 20%,none,0.1449,0.1503,0.0089,0.3335,0.0805,0.7857,0.5990,0.6338,0.2918,0.1087,0.3349,0.0808,4.3135,1.6702,0.7883,,7.5706,0.2680,2xS,0.8000,0.2000,0.0000,1.6000
blend,3xS 60%,none,0.0793,0.0790,-0.0154,0.1969,0.0805,0.5172,0.2032,0.7380,0.3650,0.1378,0.3607,0.1462,7.2004,2.7540,0.6302,,,0.0267,3xS,0.6000,0.0000,0.0000,1.8000
blend,1x 80% + gems 15%,none,0.0923,0.0927,0.0373,0.1664,0.0805,0.6290,0.2177,0.0118,0.0003,0.0000,0.1529,0.0057,7.4881,3.9841,0.6787,,,0.0008,1x,0.8000,0.0000,0.1500,0.8000
blend,3xS 80% + gems 15%,none,0.1125,0.1120,-0.0290,0.2999,0.0805,0.6540,0.4567,0.9377,0.6495,0.3410,0.4464,0.1757,4.9008,1.6623,0.7127,,8.1540,0.2015,3xS,0.8000,0.0000,0.1500,2.4000
blend,2xS 20% + BTC 40%,none,0.1770,0.1880,0.0364,0.3837,0.0805,0.8515,0.7033,0.4243,0.1370,0.0330,0.2814,0.0385,3.5734,1.3250,0.8788,,6.5984,0.3585,2xS,0.2000,0.4000,0.0000,0.4000
blend,3x 20% + BTC 40% + gems 15%,none,0.2168,0.2329,0.0516,0.4771,0.0805,0.9000,0.7860,0.3875,0.1215,0.0245,0.2736,0.0227,3.0595,1.1627,0.9060,,5.4000,0.4803,3x,0.2000,0.4000,0.1500,0.6000
blend,BTC 10%,none,0.0644,0.0651,0.0411,0.0941,0.0805,0.4108,0.1507,0.0000,0.0000,0.0000,0.0542,0.0000,,7.2139,0.4035,,,0.0000,-,0.0000,0.1000,0.0000,0.0000
blend,SPY 70% + BTC 30%,none,0.1702,0.1814,0.0380,0.3615,0.0805,0.9087,0.7165,0.5647,0.2050,0.0575,0.3143,0.0367,3.6984,1.5159,0.8712,,6.9921,0.3292,SPY,0.7000,0.3000,0.0000,0.7000
blend,SPY 70% + BTC 20%,none,0.1376,0.1449,0.0370,0.2747,0.0805,0.9100,0.6018,0.4260,0.1205,0.0265,0.2840,0.0302,4.6091,2.1706,0.8370,,9.1587,0.1517,SPY,0.7000,0.2000,0.0000,0.7000
blend,3xS 20% + BTC 30% + gems 15%,none,0.1779,0.1890,0.0486,0.3654,0.0805,0.8775,0.7310,0.1635,0.0280,0.0032,0.2122,0.0158,3.7143,1.6230,0.8790,,6.9837,0.3618,3xS,0.2000,0.3000,0.1500,0.6000
blend,3xS 70%,none,0.0841,0.0834,-0.0277,0.2250,0.0805,0.5455,0.2715,0.8852,0.5545,0.2712,0.4154,0.1845,6.4405,2.2690,0.6502,,,0.0660,3xS,0.7000,0.0000,0.0000,2.1000
blend,3xS 50% + BTC 40%,none,0.2072,0.2226,0.0141,0.5062,0.0805,0.8367,0.7167,0.7920,0.4592,0.2228,0.3881,0.0757,2.9187,1.0552,0.8652,,5.0710,0.4745,3xS,0.5000,0.4000,0.0000,1.5000
blend,3x 40%,none,0.0818,0.0809,0.0121,0.1708,0.0805,0.5380,0.1510,0.3018,0.0690,0.0140,0.2578,0.0553,7.8492,3.4877,0.6240,,,0.0040,3x,0.4000,0.0000,0.0000,1.2000
blend,2x 70% + BTC 10% + gems 15%,none,0.1485,0.1490,0.0301,0.3222,0.0805,0.8375,0.6165,0.4255,0.1163,0.0280,0.2847,0.0370,4.5040,1.8964,0.8063,,7.9119,0.2610,2x,0.7000,0.1000,0.1500,1.4000
blend,BTC 30% + gems 15%,none,0.1568,0.1657,0.0554,0.3032,0.0805,0.8555,0.6700,0.0575,0.0063,0.0003,0.1837,0.0088,4.2857,1.9440,0.8848,,8.3607,0.2205,-,0.0000,0.3000,0.1500,0.0000
blend,3x 60% + gems 15%,none,0.1253,0.1244,0.0025,0.2961,0.0805,0.7402,0.5040,0.7823,0.3685,0.1235,0.3644,0.0940,4.9563,1.8492,0.7480,,8.3929,0.1983,3x,0.6000,0.0000,0.1500,1.8000
blend,3xS 20% + gems 15%,none,0.0739,0.0744,0.0388,0.1196,0.0805,0.4467,0.1275,0.0003,0.0000,0.0000,0.0971,0.0003,9.3750,5.6984,0.5510,,,0.0000,3xS,0.2000,0.0000,0.1500,0.6000
blend,3x 20% + BTC 50% + gems 15%,none,0.2455,0.2692,0.0476,0.5734,0.0805,0.8950,0.8013,0.6362,0.2883,0.1017,0.3336,0.0372,2.5893,0.9008,0.9153,9.1825,4.5111,0.5350,3x,0.2000,0.5000,0.1500,0.6000
blend,3xS 50% + BTC 30%,none,0.1768,0.1857,0.0152,0.4130,0.0805,0.8225,0.6783,0.6785,0.3357,0.1370,0.3479,0.0710,3.4663,1.3131,0.8377,,6.1345,0.3960,3xS,0.5000,0.3000,0.0000,1.5000
blend,3x 60% + BTC 20%,none,0.1711,0.1746,0.0125,0.4115,0.0805,0.8160,0.6475,0.8438,0.4565,0.1800,0.3887,0.0755,3.5635,1.3413,0.8233,,6.1187,0.3915,3x,0.6000,0.2000,0.0000,1.8000
blend,SPY 50% + BTC 10% + gems 15%,none,0.1186,0.1233,0.0509,0.2091,0.0805,0.9015,0.4402,0.0420,0.0035,0.0005,0.1867,0.0040,5.7183,3.1425,0.8240,,,0.0107,SPY,0.5000,0.1000,0.1500,0.5000
blend,1x 70% + gems 15%,none,0.0878,0.0884,0.0398,0.1525,0.0805,0.5823,0.1903,0.0030,0.0003,0.0000,0.1312,0.0018,7.9167,4.4194,0.6558,,,0.0000,1x,0.7000,0.0000,0.1500,0.7000
blend,3xS 20%,none,0.0491,0.0496,0.0247,0.0780,0.0805,0.2752,0.0643,0.0020,0.0000,0.0000,0.1122,0.0047,,8.7738,0.1865,,,0.0000,3xS,0.2000,0.0000,0.0000,0.6000
blend,SPY 50% + gems 15%,none,0.0819,0.0850,0.0392,0.1345,0.0805,0.5547,0.0690,0.0382,0.0032,0.0003,0.1784,0.0053,8.0833,4.9560,0.6770,,,0.0000,SPY,0.5000,0.0000,0.1500,0.5000
blend,2xS 70% + BTC 30%,none,0.1733,0.1826,0.0169,0.4009,0.0805,0.8233,0.6720,0.6302,0.2978,0.1138,0.3343,0.0663,3.5595,1.3492,0.8330,,6.3452,0.3837,2xS,0.7000,0.3000,0.0000,1.4000
blend,SPY 40% + BTC 40%,none,0.1870,0.1997,0.0433,0.4028,0.0805,0.8895,0.7405,0.4860,0.1655,0.0420,0.2972,0.0330,3.3909,1.2813,0.8922,,6.2103,0.3930,SPY,0.4000,0.4000,0.0000,0.4000
blend,1x 40% + BTC 20%,none,0.1203,0.1243,0.0449,0.2228,0.0805,0.7760,0.4823,0.0092,0.0008,0.0003,0.1503,0.0065,5.6925,2.8571,0.8157,,,0.0398,1x,0.4000,0.2000,0.0000,0.4000
blend,SPY 60% + BTC 10%,none,0.0986,0.1036,0.0353,0.1791,0.0805,0.7935,0.1718,0.1757,0.0305,0.0037,0.2302,0.0210,6.5496,3.4357,0.7528,,,0.0027,SPY,0.6000,0.1000,0.0000,0.6000
blend,SPY 60% + gems 15%,none,0.0866,0.0905,0.0349,0.1494,0.0805,0.6532,0.0498,0.1197,0.0168,0.0020,0.2141,0.0132,7.4940,4.3175,0.7027,,,0.0000,SPY,0.6000,0.0000,0.1500,0.6000
blend,3xS 70% + gems 15%,none,0.1088,0.1088,-0.0158,0.2717,0.0805,0.6605,0.4243,0.8380,0.4743,0.2122,0.3932,0.1405,5.3036,1.9683,0.7077,,9.1389,0.1442,3xS,0.7000,0.0000,0.1500,2.1000
blend,1x 20% + BTC 30%,none,0.1428,0.1489,0.0436,0.2801,0.0805,0.8173,0.6058,0.1013,0.0130,0.0010,0.2025,0.0158,4.6508,1.9881,0.8525,,9.0270,0.1630,1x,0.2000,0.3000,0.0000,0.2000
blend,1x 60% + BTC 10%,none,0.0952,0.0962,0.0406,0.1674,0.0805,0.6462,0.2570,0.0030,0.0003,0.0000,0.1352,0.0037,7.2063,3.9444,0.7105,,,0.0005,1x,0.6000,0.1000,0.0000,0.6000
blend,BTC 20% + gems 15%,none,0.1239,0.1295,0.0563,0.2173,0.0805,0.7825,0.5052,0.0010,0.0000,0.0000,0.1141,0.0008,5.5992,2.9643,0.8542,,,0.0300,-,0.0000,0.2000,0.1500,0.0000
blend,3xS 40% + BTC 10% + gems 15%,none,0.1277,0.1297,0.0310,0.2600,0.0805,0.8090,0.5365,0.1762,0.0375,0.0047,0.2224,0.0250,5.1984,2.4444,0.7748,,9.7774,0.1148,3xS,0.4000,0.1000,0.1500,1.2000
blend,3xS 80% + BTC 20%,none,0.1582,0.1634,-0.0207,0.4177,0.0805,0.7418,0.5988,0.9535,0.6935,0.4047,0.4636,0.1425,3.5694,1.2302,0.7867,,5.9603,0.3807,3xS,0.8000,0.2000,0.0000,2.4000
blend,SPY 40% + BTC 40% + gems 15%,none,0.2117,0.2291,0.0556,0.4557,0.0805,0.9157,0.7985,0.4098,0.1260,0.0300,0.2797,0.0210,3.0813,1.1865,0.9107,,5.6179,0.4682,SPY,0.4000,0.4000,0.1500,0.4000
blend,SPY 20% + BTC 10%,none,0.0774,0.0789,0.0444,0.1190,0.0805,0.4968,0.1522,0.0003,0.0003,0.0000,0.0889,0.0005,8.9008,5.6548,0.6280,,,0.0000,SPY,0.2000,0.1000,0.0000,0.2000
blend,2x 80% + BTC 20%,none,0.1641,0.1679,0.0177,0.3809,0.0805,0.8230,0.6438,0.7482,0.3280,0.1062,0.3538,0.0628,3.8393,1.4563,0.8210,,6.5829,0.3578,2x,0.8000,0.2000,0.0000,1.6000
blend,1x 50% + BTC 10% + gems 15%,none,0.1151,0.1168,0.0544,0.2002,0.0805,0.7935,0.4260,0.0008,0.0000,0.0000,0.1058,0.0003,6.0972,3.4087,0.8043,,,0.0045,1x,0.5000,0.1000,0.1500,0.5000
blend,3x 20% + BTC 50%,none,0.2208,0.2376,0.0358,0.5170,0.0805,0.8748,0.7645,0.6963,0.3367,0.1298,0.3506,0.0485,2.8294,0.9444,0.8982,,4.8766,0.4913,3x,0.2000,0.5000,0.0000,0.6000
blend,3x 60% + BTC 10% + gems 15%,none,0.1616,0.1636,0.0177,0.3791,0.0805,0.8220,0.6265,0.7688,0.3538,0.1172,0.3614,0.0648,3.9028,1.5198,0.8145,,6.6460,0.3490,3x,0.6000,0.1000,0.1500,1.8000
blend,2xS 20% + BTC 50% + gems 15%,none,0.2305,0.2511,0.0437,0.5297,0.0805,0.8870,0.7860,0.6005,0.2675,0.0948,0.3257,0.0395,2.7579,0.9563,0.9083,9.6925,4.8056,0.5125,2xS,0.2000,0.5000,0.1500,0.4000
blend,3x 40% + gems 15%,none,0.1065,0.1066,0.0244,0.2167,0.0805,0.7310,0.3583,0.2198,0.0428,0.0065,0.2404,0.0343,6.2202,2.8214,0.7210,,,0.0372,3x,0.4000,0.0000,0.1500,1.2000
blend,2x 80% + gems 15%,none,0.1181,0.1176,0.0088,0.2679,0.0805,0.7408,0.4655,0.6140,0.2343,0.0693,0.3252,0.0757,5.3472,2.1310,0.7358,,9.3175,0.1383,2x,0.8000,0.0000,0.1500,1.6000
blend,SPY 20% + gems 15%,none,0.0653,0.0665,0.0480,0.0888,0.0805,0.3937,0.1085,0.0000,0.0000,0.0000,0.0679,0.0000,,8.0155,0.3882,,,0.0000,SPY,0.2000,0.0000,0.1500,0.2000
blend,2x 20% + BTC 10%,none,0.0845,0.0859,0.0424,0.1395,0.0805,0.5547,0.1903,0.0003,0.0000,0.0000,0.0977,0.0008,8.1429,4.8175,0.6555,,,0.0000,2x,0.2000,0.1000,0.0000,0.4000
blend,1x 70% + BTC 20%,none,0.1344,0.1383,0.0427,0.2634,0.0805,0.8353,0.5777,0.0698,0.0065,0.0010,0.1934,0.0135,5.0099,2.3611,0.8270,,9.6905,0.1202,1x,0.7000,0.2000,0.0000,0.7000
blend,2xS 60% + BTC 20%,none,0.1364,0.1421,0.0221,0.2931,0.0805,0.7987,0.5795,0.3670,0.1148,0.0260,0.2679,0.0485,4.7758,2.0119,0.7893,,8.6548,0.1898,2xS,0.6000,0.2000,0.0000,1.2000
blend,2x 40% + BTC 20%,none,0.1367,0.1408,0.0393,0.2739,0.0805,0.8350,0.5907,0.1185,0.0155,0.0013,0.2109,0.0177,4.8988,2.2536,0.8177,,9.3171,0.1475,2x,0.4000,0.2000,0.0000,0.8000
blend,3xS 60% + BTC 10%,none,0.1157,0.1192,-0.0030,0.2731,0.0805,0.7123,0.4592,0.7100,0.3468,0.1335,0.3527,0.1067,5.1825,2.0234,0.7338,,9.1151,0.1475,3xS,0.6000,0.1000,0.0000,1.8000
blend,SPY 20% + BTC 40% + gems 15%,none,0.2005,0.2157,0.0549,0.4230,0.0805,0.8998,0.7788,0.3095,0.0810,0.0155,0.2589,0.0192,3.2460,1.2778,0.9085,,5.9956,0.4320,SPY,0.2000,0.4000,0.1500,0.2000
blend,2x 40% + BTC 40%,none,0.1998,0.2127,0.0368,0.4517,0.0805,0.8740,0.7448,0.5493,0.2070,0.0610,0.3114,0.0403,3.1944,1.1627,0.8858,,5.7337,0.4410,2x,0.4000,0.4000,0.0000,0.8000
blend,1x 50% + gems 15%,none,0.0784,0.0787,0.0442,0.1254,0.0805,0.4910,0.1495,0.0000,0.0000,0.0000,0.0899,0.0000,8.9821,5.5155,0.5980,,,0.0000,1x,0.5000,0.0000,0.1500,0.5000
blend,3xS 20% + BTC 20% + gems 15%,none,0.1453,0.1527,0.0502,0.2785,0.0805,0.8562,0.6382,0.0232,0.0015,0.0003,0.1567,0.0065,4.6726,2.2976,0.8498,,9.1984,0.1645,3xS,0.2000,0.2000,0.1500,0.6000
blend,1x 20% + BTC 10% + gems 15%,none,0.1000,0.1022,0.0559,0.1600,0.0805,0.6697,0.3127,0.0000,0.0000,0.0000,0.0577,0.0000,7.0298,4.3210,0.7780,,,0.0000,1x,0.2000,0.1000,0.1500,0.2000
blend,2x 20% + BTC 30%,none,0.1519,0.1589,0.0432,0.3062,0.0805,0.8430,0.6450,0.1425,0.0200,0.0022,0.2138,0.0175,4.3353,1.8770,0.8565,,8.2734,0.2235,2x,0.2000,0.3000,0.0000,0.4000
blend,2x 60%,none,0.0807,0.0797,0.0109,0.1695,0.0805,0.5290,0.1442,0.3083,0.0710,0.0145,0.2588,0.0607,7.9365,3.5000,0.6162,,,0.0037,2x,0.6000,0.0000,0.0000,1.2000
blend,2xS 40% + BTC 30% + gems 15%,none,0.1833,0.1956,0.0452,0.3881,0.0805,0.8780,0.7302,0.2520,0.0558,0.0085,0.2348,0.0238,3.5813,1.5155,0.8768,,6.6071,0.3937,2xS,0.4000,0.3000,0.1500,0.8000
blend,2xS 70% + gems 15%,none,0.0947,0.0951,0.0112,0.2008,0.0805,0.6342,0.2780,0.3255,0.0892,0.0203,0.2603,0.0640,6.6984,2.9917,0.6703,,,0.0170,2xS,0.7000,0.0000,0.1500,1.4000
blend,3xS 40% + BTC 30% + gems 15%,none,0.1947,0.2083,0.0351,0.4352,0.0805,0.8695,0.7305,0.4497,0.1708,0.0450,0.2861,0.0380,3.3135,1.3214,0.8705,,5.9631,0.4410,3xS,0.4000,0.3000,0.1500,1.2000
blend,SPY 40%,none,0.0520,0.0542,0.0259,0.0805,0.0805,0.2845,0.0350,0.0120,0.0005,0.0005,0.1494,0.0067,,8.4996,0.2407,,,0.0000,SPY,0.4000,0.0000,0.0000,0.4000
blend,1x 40% + BTC 30%,none,0.1530,0.1602,0.0443,0.3079,0.0805,0.8460,0.6492,0.1410,0.0192,0.0022,0.2128,0.0165,4.3135,1.8651,0.8602,,8.1944,0.2295,1x,0.4000,0.3000,0.0000,0.4000
blend,3x 60% + BTC 40%,none,0.2336,0.2487,0.0159,0.5976,0.0805,0.8502,0.7365,0.9390,0.6350,0.3247,0.4397,0.0752,2.5595,0.8687,0.8775,9.6250,4.3056,0.5150,3x,0.6000,0.4000,0.0000,1.8000
blend,2xS 60% + BTC 40%,none,0.1994,0.2126,0.0214,0.4709,0.0805,0.8455,0.7147,0.6827,0.3495,0.1492,0.3521,0.0640,3.0992,1.1067,0.8672,,5.4440,0.4495,2xS,0.6000,0.4000,0.0000,1.2000
blend,2x 60% + BTC 40%,none,0.2146,0.2291,0.0312,0.5092,0.0805,0.8682,0.7488,0.7325,0.3563,0.1313,0.3586,0.0512,2.9286,1.0437,0.8818,,5.0313,0.4785,2x,0.6000,0.4000,0.0000,1.2000
blend,T-bills,none,0.0275,0.0323,0.0118,0.0420,0.0805,0.2442,0.0762,0.0000,0.0000,0.0000,0.0000,0.0000,,,0.0000,,,0.0000,-,0.0000,0.0000,0.0000,0.0000
blend,3xS 40% + BTC 50%,none,0.2290,0.2485,0.0196,0.5660,0.0805,0.8498,0.7455,0.8195,0.4975,0.2502,0.3989,0.0732,2.5913,0.8611,0.8832,9.5516,4.5119,0.5162,3xS,0.4000,0.5000,0.0000,1.2000
blend,2xS 40% + BTC 40%,none,0.1892,0.2016,0.0309,0.4278,0.0805,0.8548,0.7153,0.5340,0.2255,0.0722,0.3095,0.0488,3.3175,1.2099,0.8728,,5.9679,0.4143,2xS,0.4000,0.4000,0.0000,0.8000
blend,3x 70% + BTC 30%,none,0.2103,0.2176,0.0051,0.5417,0.0805,0.8205,0.6940,0.9565,0.6995,0.3733,0.4580,0.0930,2.8373,0.9603,0.8512,,4.7063,0.4755,3x,0.7000,0.3000,0.0000,2.1000
blend,3x 20% + BTC 20% + gems 15%,none,0.1535,0.1596,0.0541,0.2971,0.0805,0.8820,0.6820,0.0208,0.0013,0.0005,0.1627,0.0040,4.5159,2.1825,0.8685,,8.6702,0.2165,3x,0.2000,0.2000,0.1500,0.6000
blend,SPY 100%,none,0.0769,0.0805,-0.0010,0.1667,0.0805,0.0000,0.0000,0.7662,0.4057,0.1530,0.3734,0.1032,7.3274,3.2655,0.6573,,,0.0043,SPY,1.0000,0.0000,0.0000,1.0000
blend,2xS 20% + BTC 30%,none,0.1463,0.1529,0.0399,0.2961,0.0805,0.8227,0.6160,0.1562,0.0257,0.0030,0.2146,0.0227,4.5179,1.9048,0.8448,,8.5750,0.1943,2xS,0.2000,0.3000,0.0000,0.4000
blend,2xS 50% + BTC 10%,none,0.0968,0.0990,0.0242,0.1899,0.0805,0.6640,0.2835,0.1168,0.0182,0.0015,0.2027,0.0302,6.8056,3.3369,0.6963,,,0.0075,2xS,0.5000,0.1000,0.0000,1.0000
blend,SPY 80%,none,0.0702,0.0735,0.0102,0.1381,0.0805,0.3230,0.0003,0.5085,0.1698,0.0408,0.3025,0.0685,8.4226,4.2254,0.6058,,,0.0000,SPY,0.8000,0.0000,0.0000,0.8000
blend,3xS 40% + BTC 40%,none,0.2005,0.2139,0.0227,0.4723,0.0805,0.8460,0.7165,0.6785,0.3455,0.1460,0.3511,0.0620,3.0833,1.1032,0.8695,,5.4246,0.4525,3xS,0.4000,0.4000,0.0000,1.2000
blend,3x 40% + BTC 10%,none,0.1183,0.1196,0.0260,0.2453,0.0805,0.7792,0.4682,0.2970,0.0703,0.0127,0.2578,0.0362,5.6171,2.4722,0.7550,,,0.0887,3x,0.4000,0.1000,0.0000,1.2000
blend,1x 60% + BTC 40%,none,0.1931,0.2054,0.0408,0.4257,0.0805,0.8735,0.7402,0.4620,0.1535,0.0382,0.2907,0.0357,3.3175,1.2302,0.8868,,5.9560,0.4193,1x,0.6000,0.4000,0.0000,0.6000
blend,3xS 50% + BTC 30% + gems 15%,none,0.2015,0.2166,0.0264,0.4671,0.0805,0.8565,0.7215,0.6085,0.2807,0.1032,0.3293,0.0520,3.1389,1.2222,0.8652,,5.5393,0.4597,3xS,0.5000,0.3000,0.1500,1.5000
blend,2xS 50% + gems 15%,none,0.0850,0.0852,0.0257,0.1603,0.0805,0.5587,0.1780,0.0532,0.0057,0.0005,0.1786,0.0217,7.8532,4.0635,0.6342,,,0.0000,2xS,0.5000,0.0000,0.1500,1.0000
blend,2xS 50% + BTC 10% + gems 15%,none,0.1216,0.1238,0.0365,0.2370,0.0805,0.8003,0.4905,0.0732,0.0095,0.0008,0.1862,0.0147,5.5635,2.7575,0.7685,,,0.0522,2xS,0.5000,0.1000,0.1500,1.0000
blend,3xS 20% + BTC 50%,none,0.2126,0.2287,0.0305,0.4989,0.0805,0.8625,0.7500,0.6970,0.3498,0.1410,0.3535,0.0568,2.9028,0.9762,0.8902,,5.0429,0.4775,3xS,0.2000,0.5000,0.0000,0.6000
blend,3x 40% + BTC 50%,none,0.2441,0.2637,0.0271,0.6059,0.0805,0.8722,0.7675,0.8558,0.5108,0.2355,0.4035,0.0635,2.4841,0.8250,0.8970,9.1171,4.1865,0.5363,3x,0.4000,0.5000,0.0000,1.2000
blend,3x 50% + BTC 20% + gems 15%,none,0.1874,0.1909,0.0343,0.4236,0.0805,0.8715,0.7075,0.5903,0.2110,0.0622,0.3200,0.0395,3.4563,1.3925,0.8572,,6.0556,0.4225,3x,0.5000,0.2000,0.1500,1.5000
blend,3xS 60% + gems 15%,none,0.1041,0.1047,-0.0029,0.2418,0.0805,0.6640,0.3842,0.6595,0.2885,0.1008,0.3370,0.1060,5.8532,2.3329,0.6970,,,0.0885,3xS,0.6000,0.0000,0.1500,1.8000
blend,3xS 70% + BTC 10% + gems 15%,none,0.1451,0.1499,-0.0036,0.3528,0.0805,0.7572,0.5783,0.8273,0.4527,0.1998,0.3867,0.1080,4.0893,1.5675,0.7725,,7.0794,0.3050,3xS,0.7000,0.1000,0.1500,2.1000
blend,2xS 20% + BTC 10% + gems 15%,none,0.1035,0.1063,0.0516,0.1734,0.0805,0.7003,0.3385,0.0000,0.0000,0.0000,0.0814,0.0003,6.7619,3.9563,0.7545,,,0.0003,2xS,0.2000,0.1000,0.1500,0.4000
blend,1x 50% + BTC 50%,none,0.2172,0.2331,0.0374,0.5018,0.0805,0.8745,0.7608,0.6783,0.3162,0.1175,0.3457,0.0483,2.8810,0.9762,0.8982,,4.9917,0.4845,1x,0.5000,0.5000,0.0000,0.5000
blend,3xS 60% + BTC 20% + gems 15%,none,0.1748,0.1822,0.0157,0.4094,0.0805,0.8207,0.6607,0.6890,0.3322,0.1323,0.3486,0.0715,3.5635,1.4008,0.8240,,6.2183,0.4027,3xS,0.6000,0.2000,0.1500,1.8000
blend,3x 60% + BTC 20% + gems 15%,none,0.1958,0.2000,0.0239,0.4657,0.0805,0.8535,0.6975,0.8035,0.4027,0.1457,0.3730,0.0553,3.2500,1.2381,0.8542,,5.5194,0.4490,3x,0.6000,0.2000,0.1500,1.8000
blend,3x 40% + BTC 40% + gems 15%,none,0.2404,0.2574,0.0431,0.5699,0.0805,0.8940,0.7843,0.6690,0.3005,0.1000,0.3407,0.0367,2.6964,0.9881,0.9018,9.4881,4.6107,0.5182,3x,0.4000,0.4000,0.1500,1.2000
blend,SPY 40% + BTC 30%,none,0.1563,0.1647,0.0447,0.3135,0.0805,0.8810,0.6743,0.2318,0.0455,0.0057,0.2399,0.0210,4.1865,1.8016,0.8712,,8.0437,0.2402,SPY,0.4000,0.3000,0.0000,0.4000
blend,SPY 20% + BTC 40%,none,0.1758,0.1862,0.0434,0.3712,0.0805,0.8705,0.7105,0.3915,0.1118,0.0262,0.2768,0.0315,3.6151,1.3607,0.8870,,6.8000,0.3407,SPY,0.2000,0.4000,0.0000,0.2000
blend,SPY 40% + BTC 50%,none,0.2157,0.2328,0.0390,0.4949,0.0805,0.8900,0.7700,0.7150,0.3485,0.1255,0.3568,0.0460,2.8651,0.9722,0.9000,,5.0472,0.4848,SPY,0.4000,0.5000,0.0000,0.4000
blend,2x 60% + BTC 30%,none,0.1841,0.1932,0.0315,0.4157,0.0805,0.8598,0.7120,0.5727,0.2090,0.0625,0.3163,0.0445,3.4464,1.3214,0.8640,,6.1464,0.4010,2x,0.6000,0.3000,0.0000,1.2000
blend,2x 70% + BTC 20%,none,0.1582,0.1622,0.0247,0.3529,0.0805,0.8327,0.6435,0.5823,0.2085,0.0602,0.3170,0.0500,4.1190,1.5873,0.8207,,7.0794,0.3195,2x,0.7000,0.2000,0.0000,1.4000
blend,SPY 20% + BTC 50%,none,0.2046,0.2192,0.0388,0.4604,0.0805,0.8745,0.7520,0.6683,0.2950,0.1013,0.3415,0.0447,3.0357,1.0234,0.9022,,5.3726,0.4545,SPY,0.2000,0.5000,0.0000,0.2000
blend,3xS 50% + gems 15%,none,0.0982,0.0986,0.0090,0.2123,0.0805,0.6500,0.3165,0.4035,0.1250,0.0315,0.2789,0.0710,6.4147,2.7933,0.6817,,,0.0318,3xS,0.5000,0.0000,0.1500,1.5000
blend,1x 50% + BTC 20%,none,0.1251,0.1292,0.0444,0.2360,0.0805,0.8015,0.5172,0.0205,0.0015,0.0003,0.1631,0.0077,5.4365,2.6746,0.8215,,,0.0625,1x,0.5000,0.2000,0.0000,0.5000
blend,3xS 40%,none,0.0664,0.0668,0.0067,0.1380,0.0805,0.3792,0.0865,0.2370,0.0563,0.0092,0.2405,0.0732,9.4405,4.3929,0.5312,,,0.0003,3xS,0.4000,0.0000,0.0000,1.2000
blend,3xS 20% + BTC 50% + gems 15%,none,0.2373,0.2609,0.0424,0.5534,0.0805,0.8870,0.7845,0.6308,0.2983,0.1130,0.3337,0.0413,2.6746,0.9206,0.9060,9.3929,4.6389,0.5268,3xS,0.2000,0.5000,0.1500,0.6000
blend,3xS 50%,none,0.0734,0.0732,-0.0041,0.1678,0.0805,0.4615,0.1303,0.5055,0.1797,0.0548,0.3016,0.1108,8.1488,3.4365,0.5958,,,0.0060,3xS,0.5000,0.0000,0.0000,1.5000
blend,SPY 40% + BTC 30% + gems 15%,none,0.1810,0.1942,0.0570,0.3640,0.0805,0.9183,0.7678,0.1710,0.0312,0.0037,0.2237,0.0112,3.6627,1.6111,0.8972,,7.0000,0.3585,SPY,0.4000,0.3000,0.1500,0.4000
blend,1x 60%,none,0.0585,0.0586,0.0287,0.0954,0.0805,0.3232,0.0727,0.0025,0.0000,0.0000,0.1214,0.0043,,7.0385,0.3513,,,0.0000,1x,0.6000,0.0000,0.0000,0.6000
blend,SPY 50%,none,0.0572,0.0598,0.0228,0.0950,0.0805,0.2935,0.0203,0.0622,0.0065,0.0005,0.1879,0.0185,,6.8607,0.3937,,,0.0000,SPY,0.5000,0.0000,0.0000,0.5000
blend,1x 80%,none,0.0676,0.0675,0.0244,0.1216,0.0805,0.3882,0.0788,0.0315,0.0020,0.0000,0.1672,0.0165,9.9206,5.3008,0.5080,,,0.0000,1x,0.8000,0.0000,0.0000,0.8000
blend,3x 50% + BTC 10%,none,0.1283,0.1289,0.0170,0.2856,0.0805,0.7795,0.5258,0.5855,0.2127,0.0578,0.3188,0.0607,5.0516,2.0040,0.7670,,8.7460,0.1767,3x,0.5000,0.1000,0.0000,1.5000
blend,2xS 40% + BTC 10%,none,0.0913,0.0935,0.0296,0.1695,0.0805,0.6102,0.2410,0.0320,0.0022,0.0003,0.1652,0.0147,7.3155,3.8135,0.6775,,,0.0018,2xS,0.4000,0.1000,0.0000,0.8000
blend,1x 20% + BTC 20% + gems 15%,none,0.1348,0.1407,0.0572,0.2427,0.0805,0.8385,0.5763,0.0013,0.0000,0.0000,0.1183,0.0010,5.1290,2.6905,0.8632,,,0.0688,1x,0.2000,0.2000,0.1500,0.2000
blend,1x 20% + BTC 40%,none,0.1736,0.1838,0.0412,0.3676,0.0805,0.8520,0.6993,0.3740,0.1057,0.0232,0.2717,0.0328,3.6448,1.3766,0.8830,,6.8603,0.3355,1x,0.2000,0.4000,0.0000,0.2000
blend,2x 50% + BTC 10% + gems 15%,none,0.1346,0.1352,0.0420,0.2668,0.0805,0.8445,0.5845,0.0958,0.0118,0.0013,0.2038,0.0125,5.1131,2.4286,0.8020,,9.5353,0.1348,2x,0.5000,0.1000,0.1500,1.0000
blend,2x 20% + BTC 50% + gems 15%,none,0.2361,0.2563,0.0488,0.5420,0.0805,0.8938,0.7983,0.5965,0.2570,0.0823,0.3247,0.0362,2.7004,0.9440,0.9130,9.4861,4.7143,0.5232,2x,0.2000,0.5000,0.1500,0.4000
blend,3x 50% + BTC 20%,none,0.1627,0.1664,0.0229,0.3695,0.0805,0.8333,0.6482,0.6558,0.2647,0.0805,0.3343,0.0532,3.9127,1.5155,0.8260,,6.8206,0.3443,3x,0.5000,0.2000,0.0000,1.5000
blend,2x 50% + BTC 40%,none,0.2075,0.2212,0.0339,0.4808,0.0805,0.8722,0.7472,0.6398,0.2790,0.0920,0.3341,0.0455,3.0813,1.0992,0.8830,,5.3329,0.4635,2x,0.5000,0.4000,0.0000,1.0000
blend,BTC 40% + gems 15%,none,0.1876,0.2016,0.0530,0.3914,0.0805,0.8752,0.7410,0.2963,0.0730,0.0120,0.2538,0.0217,3.4603,1.3452,0.9028,,6.4603,0.3852,-,0.0000,0.4000,0.1500,0.0000
blend,1x 40% + BTC 40% + gems 15%,none,0.2084,0.2241,0.0537,0.4489,0.0805,0.8930,0.7808,0.3280,0.0915,0.0173,0.2595,0.0205,3.1567,1.2020,0.9080,,5.7421,0.4590,1x,0.4000,0.4000,0.1500,0.4000
blend,SPY 60% + BTC 20% + gems 15%,none,0.1580,0.1669,0.0520,0.3100,0.0805,0.9410,0.7115,0.2040,0.0385,0.0065,0.2392,0.0135,4.1806,2.0429,0.8758,,8.3000,0.2477,SPY,0.6000,0.2000,0.1500,0.6000
blend,3x 60%,none,0.1006,0.0977,-0.0092,0.2458,0.0805,0.6438,0.3568,0.8243,0.4375,0.1693,0.3819,0.1253,5.8373,2.1270,0.6977,,,0.0985,3x,0.6000,0.0000,0.0000,1.8000
blend,SPY 70% + BTC 10% + gems 15%,none,0.1276,0.1332,0.0436,0.2405,0.0805,0.9603,0.5457,0.2667,0.0530,0.0097,0.2530,0.0177,5.1032,2.6349,0.8285,,,0.0688,SPY,0.7000,0.1000,0.1500,0.7000
blend,2x 40% + gems 15%,none,0.0902,0.0906,0.0355,0.1631,0.0805,0.6072,0.2025,0.0130,0.0003,0.0000,0.1536,0.0065,7.6607,4.0591,0.6635,,,0.0008,2x,0.4000,0.0000,0.1500,0.8000
blend,2x 50% + BTC 20% + gems 15%,none,0.1692,0.1744,0.0478,0.3521,0.0805,0.8858,0.7063,0.1825,0.0343,0.0035,0.2313,0.0160,4.0159,1.7774,0.8640,,7.2897,0.3475,2x,0.5000,0.2000,0.1500,1.0000
blend,3xS 40% + BTC 10%,none,0.1030,0.1056,0.0190,0.2121,0.0805,0.7005,0.3420,0.2460,0.0580,0.0115,0.2401,0.0478,6.2679,2.9004,0.7095,,,0.0257,3xS,0.4000,0.1000,0.0000,1.2000
blend,2xS 70%,none,0.0699,0.0695,-0.0017,0.1563,0.0805,0.4275,0.1087,0.4243,0.1345,0.0348,0.2832,0.1062,8.6508,3.7377,0.5720,,,0.0027,2xS,0.7000,0.0000,0.0000,1.4000
blend,SPY 50% + BTC 20% + gems 15%,none,0.1533,0.1617,0.0547,0.2941,0.0805,0.9290,0.7007,0.1050,0.0138,0.0020,0.2078,0.0080,4.3770,2.1940,0.8758,,8.7337,0.2075,SPY,0.5000,0.2000,0.1500,0.5000
blend,1x 40% + BTC 30% + gems 15%,none,0.1777,0.1883,0.0560,0.3578,0.0805,0.8870,0.7388,0.0958,0.0110,0.0010,0.1964,0.0100,3.7718,1.6861,0.8938,,7.1310,0.3465,1x,0.4000,0.3000,0.1500,0.4000
blend,3xS 20% + BTC 10% + gems 15%,none,0.1106,0.1134,0.0482,0.1947,0.0805,0.7545,0.3935,0.0010,0.0000,0.0000,0.1136,0.0013,6.3115,3.4603,0.7680,,,0.0030,3xS,0.2000,0.1000,0.1500,0.6000
blend,3xS 80% + BTC 10%,none,0.1240,0.1260,-0.0293,0.3302,0.0805,0.6815,0.5028,0.9465,0.6813,0.3835,0.4566,0.1670,4.4563,1.5198,0.7425,,7.4159,0.2517,3xS,0.8000,0.1000,0.0000,2.4000
blend,BTC 50% + gems 15%,none,0.2165,0.2347,0.0497,0.4830,0.0805,0.8820,0.7768,0.5895,0.2355,0.0717,0.3209,0.0357,2.9385,1.0198,0.9133,,5.2099,0.4833,-,0.0000,0.5000,0.1500,0.0000
blend,SPY 70%,none,0.0662,0.0692,0.0149,0.1236,0.0805,0.3147,0.0005,0.3322,0.0808,0.0145,0.2650,0.0510,9.1488,4.9159,0.5620,,,0.0000,SPY,0.7000,0.0000,0.0000,0.7000
blend,2xS 80% + BTC 10%,none,0.1105,0.1138,0.0038,0.2515,0.0805,0.7065,0.4263,0.5725,0.2352,0.0788,0.3183,0.0922,5.5833,2.2897,0.7192,,9.9075,0.1062,2xS,0.8000,0.1000,0.0000,1.6000
blend,3x 50% + BTC 30%,none,0.1950,0.2042,0.0252,0.4603,0.0805,0.8535,0.7160,0.7532,0.3675,0.1293,0.3622,0.0570,3.2242,1.2024,0.8612,,5.5754,0.4425,3x,0.5000,0.3000,0.0000,1.5000
blend,1x 70% + BTC 30%,none,0.1670,0.1747,0.0422,0.3502,0.0805,0.8688,0.6990,0.2515,0.0545,0.0070,0.2443,0.0230,3.9325,1.6429,0.8658,,7.2639,0.3177,1x,0.7000,0.3000,0.0000,0.7000
blend,BTC 30%,none,0.1321,0.1378,0.0435,0.2547,0.0805,0.7782,0.5505,0.0945,0.0125,0.0008,0.2009,0.0180,4.9762,2.1548,0.8423,,9.9202,0.1027,-,0.0000,0.3000,0.0000,0.0000
blend,2xS 20% + BTC 40% + gems 15%,none,0.2017,0.2183,0.0489,0.4346,0.0805,0.8858,0.7650,0.3430,0.1042,0.0215,0.2623,0.0253,3.2302,1.2302,0.8990,,5.9087,0.4417,2xS,0.2000,0.4000,0.1500,0.4000
blend,2x 40%,none,0.0654,0.0653,0.0225,0.1185,0.0805,0.3690,0.0720,0.0335,0.0027,0.0000,0.1681,0.0200,,5.4202,0.4845,,,0.0000,2x,0.4000,0.0000,0.0000,0.8000
blend,2xS 40% + gems 15%,none,0.0794,0.0798,0.0323,0.1397,0.0805,0.4983,0.1455,0.0065,0.0005,0.0000,0.1379,0.0075,8.5615,4.7694,0.5975,,,0.0000,2xS,0.4000,0.0000,0.1500,0.8000
blend,2xS 50% + BTC 40%,none,0.1945,0.2072,0.0270,0.4478,0.0805,0.8518,0.7157,0.6060,0.2903,0.1067,0.3305,0.0570,3.1964,1.1627,0.8698,,5.6980,0.4333,2xS,0.5000,0.4000,0.0000,1.0000
blend,2x 40% + BTC 30%,none,0.1693,0.1777,0.0396,0.3609,0.0805,0.8655,0.6993,0.3140,0.0755,0.0110,0.2585,0.0275,3.8810,1.5714,0.8632,,7.0234,0.3355,2x,0.4000,0.3000,0.0000,0.8000
blend,3x 20% + BTC 10%,none,0.0941,0.0952,0.0401,0.1658,0.0805,0.6398,0.2512,0.0030,0.0003,0.0000,0.1353,0.0043,7.2857,3.9758,0.7040,,,0.0005,3x,0.2000,0.1000,0.0000,0.6000
blend,2xS 60% + BTC 20% + gems 15%,none,0.1611,0.1694,0.0343,0.3423,0.0805,0.8478,0.6715,0.2855,0.0788,0.0160,0.2500,0.0323,4.0873,1.7897,0.8333,,7.4921,0.3185,2xS,0.6000,0.2000,0.1500,1.2000
blend,2x 60% + gems 15%,none,0.1054,0.1053,0.0230,0.2153,0.0805,0.7220,0.3485,0.2235,0.0450,0.0067,0.2412,0.0357,6.2897,2.8365,0.7153,,,0.0367,2x,0.6000,0.0000,0.1500,1.2000
blend,2xS 20%,none,0.0420,0.0427,0.0269,0.0591,0.0805,0.2602,0.0640,0.0000,0.0000,0.0000,0.0696,0.0010,,,0.0173,,,0.0000,2xS,0.2000,0.0000,0.0000,0.4000
blend,1x 40% + BTC 20% + gems 15%,none,0.1450,0.1511,0.0561,0.2707,0.0805,0.8690,0.6420,0.0057,0.0005,0.0000,0.1357,0.0022,4.7520,2.3845,0.8700,,9.4563,0.1388,1x,0.4000,0.2000,0.1500,0.4000
blend,2xS 50% + BTC 20%,none,0.1314,0.1359,0.0278,0.2717,0.0805,0.8000,0.5525,0.2293,0.0520,0.0092,0.2349,0.0352,4.9802,2.2222,0.7905,,9.3488,0.1415,2xS,0.5000,0.2000,0.0000,1.0000
blend,2x 60% + BTC 20%,none,0.1517,0.1562,0.0302,0.3271,0.0805,0.8373,0.6375,0.4155,0.1133,0.0272,0.2814,0.0395,4.3373,1.7897,0.8197,,7.7302,0.2690,2x,0.6000,0.2000,0.0000,1.2000
blend,SPY 50% + BTC 20%,none,0.1286,0.1345,0.0429,0.2445,0.0805,0.8735,0.5433,0.1470,0.0210,0.0030,0.2213,0.0150,5.1071,2.4877,0.8325,,,0.0798,SPY,0.5000,0.2000,0.0000,0.5000
blend,SPY 60% + BTC 10% + gems 15%,none,0.1233,0.1284,0.0471,0.2246,0.0805,0.9355,0.5030,0.1298,0.0203,0.0022,0.2197,0.0105,5.3829,2.8964,0.8265,,,0.0305,SPY,0.6000,0.1000,0.1500,0.6000
blend,3x 50% + BTC 10% + gems 15%,none,0.1530,0.1539,0.0284,0.3375,0.0805,0.8405,0.6258,0.5170,0.1628,0.0447,0.3030,0.0410,4.3194,1.7778,0.8123,,7.5194,0.2930,3x,0.5000,0.1000,0.1500,1.5000
blend,SPY 20% + BTC 20%,none,0.1122,0.1160,0.0465,0.1998,0.0805,0.7495,0.4163,0.0053,0.0005,0.0003,0.1426,0.0050,6.0635,3.0988,0.8040,,,0.0143,SPY,0.2000,0.2000,0.0000,0.2000
blend,2x 40% + BTC 10% + gems 15%,none,0.1268,0.1274,0.0473,0.2394,0.0805,0.8365,0.5292,0.0200,0.0015,0.0003,0.1636,0.0057,5.4980,2.7937,0.8035,,,0.0570,2x,0.4000,0.1000,0.1500,0.8000
blend,3xS 40% + BTC 30%,none,0.1700,0.1791,0.0239,0.3818,0.0805,0.8327,0.6755,0.5188,0.2172,0.0638,0.3050,0.0508,3.7004,1.4484,0.8407,,6.6544,0.3610,3xS,0.4000,0.3000,0.0000,1.2000
blend,3xS 100%,none,0.0918,0.0903,-0.0703,0.3047,0.0805,0.5543,0.3767,0.9960,0.9103,0.6705,0.5657,0.2620,4.9147,1.4282,0.6823,,7.8052,0.2008,3xS,1.0000,0.0000,0.0000,3.0000
blend,SPY 40% + BTC 10%,none,0.0888,0.0919,0.0416,0.1484,0.0805,0.6300,0.1505,0.0132,0.0015,0.0005,0.1584,0.0053,7.5655,4.3452,0.7160,,,0.0000,SPY,0.4000,0.1000,0.0000,0.4000
blend,2xS 40% + BTC 20%,none,0.1260,0.1306,0.0325,0.2514,0.0805,0.7935,0.5208,0.1182,0.0180,0.0015,0.2032,0.0245,5.2440,2.4286,0.7877,,,0.0910,2xS,0.4000,0.2000,0.0000,0.8000
blend,2xS 50% + BTC 30% + gems 15%,none,0.1887,0.2017,0.0401,0.4129,0.0805,0.8738,0.7285,0.3468,0.1025,0.0215,0.2595,0.0300,3.4603,1.4048,0.8742,,6.2817,0.4188,2xS,0.5000,0.3000,0.1500,1.0000
blend,3xS 50% + BTC 10%,none,0.1099,0.1131,0.0090,0.2431,0.0805,0.7167,0.4163,0.4928,0.1715,0.0522,0.2983,0.0777,5.7063,2.4087,0.7235,,,0.0818,3xS,0.5000,0.1000,0.0000,1.5000
blend,2x 20% + BTC 20% + gems 15%,none,0.1439,0.1498,0.0553,0.2690,0.0805,0.8650,0.6338,0.0063,0.0005,0.0000,0.1363,0.0025,4.7738,2.4004,0.8642,,9.5071,0.1343,2x,0.2000,0.2000,0.1500,0.4000
blend,SPY 80% + gems 15%,none,0.0949,0.1001,0.0249,0.1804,0.0805,0.9143,0.0295,0.4365,0.1235,0.0262,0.2872,0.0403,6.5476,3.4405,0.7360,,,0.0040,SPY,0.8000,0.0000,0.1500,0.8000
blend,1x 80% + BTC 10%,none,0.1042,0.1057,0.0368,0.1944,0.0805,0.7235,0.3305,0.0357,0.0022,0.0003,0.1754,0.0105,6.5496,3.3091,0.7382,,,0.0088,1x,0.8000,0.1000,0.0000,0.8000
blend,1x 50% + BTC 20% + gems 15%,none,0.1498,0.1557,0.0552,0.2851,0.0805,0.8810,0.6647,0.0110,0.0008,0.0003,0.1482,0.0027,4.6111,2.2976,0.8690,,9.0437,0.1835,1x,0.5000,0.2000,0.1500,0.5000
blend,2xS 40% + BTC 40% + gems 15%,none,0.2139,0.2309,0.0416,0.4793,0.0805,0.8848,0.7675,0.4625,0.1810,0.0522,0.2904,0.0330,3.0397,1.1429,0.8918,,5.3611,0.4795,2xS,0.4000,0.4000,0.1500,0.8000
blend,SPY 20% + BTC 20% + gems 15%,none,0.1369,0.1431,0.0589,0.2466,0.0805,0.8662,0.5985,0.0027,0.0003,0.0000,0.1284,0.0025,5.0218,2.6270,0.8698,,,0.0793,SPY,0.2000,0.2000,0.1500,0.2000
blend,3xS 70% + BTC 10%,none,0.1204,0.1230,-0.0158,0.3022,0.0805,0.6973,0.4890,0.8678,0.5195,0.2490,0.4052,0.1365,4.7937,1.7341,0.7388,,8.2099,0.2055,3xS,0.7000,0.1000,0.0000,2.1000
blend,2x 50% + BTC 20%,none,0.1445,0.1488,0.0351,0.3010,0.0805,0.8395,0.6218,0.2455,0.0515,0.0067,0.2461,0.0257,4.6290,1.9798,0.8180,,8.4321,0.2105,2x,0.5000,0.2000,0.0000,1.0000
blend,3x 100%,none,0.1209,0.1134,-0.0660,0.3855,0.0805,0.6198,0.4740,0.9995,0.9535,0.7548,0.5918,0.2370,3.9008,1.0948,0.7368,,6.0040,0.3060,3x,1.0000,0.0000,0.0000,3.0000
blend,2x 50%,none,0.0734,0.0726,0.0167,0.1441,0.0805,0.4490,0.0968,0.1298,0.0210,0.0022,0.2141,0.0395,8.9127,4.3091,0.5657,,,0.0005,2x,0.5000,0.0000,0.0000,1.0000
blend,SPY 80% + BTC 20%,none,0.1415,0.1494,0.0325,0.2904,0.0805,0.9155,0.6182,0.5775,0.2028,0.0542,0.3168,0.0385,4.4306,2.0040,0.8367,,8.7337,0.1885,SPY,0.8000,0.2000,0.0000,0.8000
blend,1x 60% + BTC 20% + gems 15%,none,0.1545,0.1607,0.0548,0.2988,0.0805,0.8852,0.6865,0.0205,0.0013,0.0005,0.1624,0.0040,4.4821,2.1821,0.8698,,8.6270,0.2225,1x,0.6000,0.2000,0.1500,0.6000
blend,3xS 20% + BTC 40%,none,0.1839,0.1952,0.0353,0.4068,0.0805,0.8560,0.7145,0.4763,0.1750,0.0490,0.2929,0.0395,3.4246,1.2774,0.8775,,6.1627,0.3920,3xS,0.2000,0.4000,0.0000,0.6000
blend,3x 50% + gems 15%,none,0.1166,0.1165,0.0142,0.2565,0.0805,0.7492,0.4540,0.5148,0.1665,0.0432,0.3034,0.0607,5.4643,2.2540,0.7370,,9.7730,0.1113,3x,0.5000,0.0000,0.1500,1.5000
blend,SPY 70% + BTC 10%,none,0.1029,0.1086,0.0310,0.1948,0.0805,0.8622,0.1975,0.3307,0.0795,0.0150,0.2659,0.0305,6.1508,3.1548,0.7658,,,0.0080,SPY,0.7000,0.1000,0.0000,0.7000
blend,1x 70% + BTC 10% + gems 15%,none,0.1245,0.1252,0.0512,0.2284,0.0805,0.8380,0.5080,0.0047,0.0008,0.0000,0.1430,0.0020,5.6071,2.9603,0.8120,,,0.0333,1x,0.7000,0.1000,0.1500,0.7000
blend,2xS 100%,none,0.0808,0.0799,-0.0254,0.2135,0.0805,0.5260,0.2460,0.8505,0.4988,0.2293,0.3997,0.1817,6.7480,2.4357,0.6370,,,0.0490,2xS,1.0000,0.0000,0.0000,2.0000
blend,3xS 70% + BTC 30%,none,0.1869,0.1968,-0.0059,0.4758,0.0805,0.7913,0.6627,0.9157,0.6092,0.3307,0.4373,0.1133,3.1131,1.0952,0.8287,,5.3524,0.4402,3xS,0.7000,0.3000,0.0000,2.1000
blend,1x 20% + BTC 50% + gems 15%,none,0.2271,0.2470,0.0490,0.5124,0.0805,0.8885,0.7907,0.5800,0.2335,0.0720,0.3196,0.0350,2.8155,0.9841,0.9135,9.9167,4.9286,0.5048,1x,0.2000,0.5000,0.1500,0.2000
blend,2x 60% + BTC 10% + gems 15%,none,0.1419,0.1430,0.0363,0.2943,0.0805,0.8435,0.6110,0.2318,0.0510,0.0067,0.2439,0.0235,4.8036,2.1425,0.8067,,8.6468,0.2030,2x,0.6000,0.1000,0.1500,1.2000
blend,2x 100%,none,0.1036,0.0998,-0.0195,0.2680,0.0805,0.6362,0.3917,0.9085,0.5787,0.2795,0.4222,0.1522,5.4325,1.8718,0.7030,,9.0675,0.1445,2x,1.0000,0.0000,0.0000,2.0000
blend,2x 50% + BTC 50%,none,0.2360,0.2550,0.0294,0.5747,0.0805,0.8740,0.7665,0.7987,0.4442,0.1895,0.3840,0.0590,2.5754,0.8730,0.8965,9.4802,4.4405,0.5220,2x,0.5000,0.5000,0.0000,1.0000
blend,3x 70%,none,0.1078,0.1035,-0.0219,0.2823,0.0805,0.6480,0.4190,0.9353,0.6368,0.3260,0.4389,0.1573,5.1944,1.7258,0.7140,,8.5230,0.1695,3x,0.7000,0.0000,0.0000,2.1000
blend,2xS 20% + gems 15%,none,0.0668,0.0673,0.0435,0.0985,0.0805,0.4020,0.1190,0.0000,0.0000,0.0000,0.0589,0.0000,,7.0869,0.4430,,,0.0000,2xS,0.2000,0.0000,0.1500,0.4000
blend,2xS 50% + BTC 30%,none,0.1640,0.1729,0.0276,0.3586,0.0805,0.8390,0.6733,0.4158,0.1475,0.0370,0.2800,0.0445,3.8849,1.5631,0.8417,,7.0353,0.3215,2xS,0.5000,0.3000,0.0000,1.0000
blend,2xS 60%,none,0.0653,0.0657,0.0056,0.1367,0.0805,0.3693,0.0823,0.2422,0.0587,0.0097,0.2420,0.0757,9.5952,4.4524,0.5225,,,0.0003,2xS,0.6000,0.0000,0.0000,1.2000
blend,2xS 70% + BTC 10%,none,0.1064,0.1094,0.0111,0.2309,0.0805,0.7083,0.3847,0.4113,0.1350,0.0390,0.2800,0.0717,5.9107,2.5833,0.7155,,,0.0555,2xS,0.7000,0.1000,0.0000,1.4000
blend,3x 80% + gems 15%,none,0.1383,0.1358,-0.0240,0.3700,0.0805,0.7065,0.5370,0.9725,0.7698,0.4285,0.4759,0.1512,4.0595,1.3730,0.7590,,6.5635,0.3065,3x,0.8000,0.0000,0.1500,2.4000
blend,SPY 40% + gems 15%,none,0.0767,0.0789,0.0424,0.1196,0.0805,0.4868,0.0870,0.0040,0.0003,0.0000,0.1414,0.0013,8.7937,5.6980,0.6312,,,0.0000,SPY,0.4000,0.0000,0.1500,0.4000
blend,2xS 40% + BTC 10% + gems 15%,none,0.1160,0.1187,0.0423,0.2153,0.0805,0.7863,0.4350,0.0158,0.0010,0.0000,0.1494,0.0053,5.8929,3.0913,0.7655,,,0.0180,2xS,0.4000,0.1000,0.1500,0.8000
blend,2x 20% + BTC 50%,none,0.2114,0.2254,0.0363,0.4854,0.0805,0.8712,0.7510,0.6615,0.3030,0.1092,0.3437,0.0473,2.9325,0.9881,0.8978,,5.1984,0.4720,2x,0.2000,0.5000,0.0000,0.4000
blend,1x 50%,none,0.0537,0.0540,0.0304,0.0824,0.0805,0.3070,0.0698,0.0005,0.0000,0.0000,0.0984,0.0010,,8.3492,0.2338,,,0.0000,1x,0.5000,0.0000,0.0000,0.5000
blend,SPY 50% + BTC 40%,none,0.1920,0.2062,0.0415,0.4177,0.0805,0.8982,0.7515,0.5620,0.2132,0.0592,0.3138,0.0340,3.2897,1.2373,0.8930,,6.0000,0.4133,SPY,0.5000,0.4000,0.0000,0.5000
blend,1x 20% + BTC 10%,none,0.0753,0.0765,0.0441,0.1156,0.0805,0.4770,0.1663,0.0000,0.0000,0.0000,0.0663,0.0000,9.2143,5.8726,0.5875,,,0.0000,1x,0.2000,0.1000,0.0000,0.2000
blend,SPY 60%,none,0.0619,0.0649,0.0192,0.1095,0.0805,0.3053,0.0065,0.1737,0.0305,0.0040,0.2266,0.0340,,5.7817,0.4893,,,0.0000,SPY,0.6000,0.0000,0.0000,0.6000
blend,2x 60% + BTC 10%,none,0.1172,0.1183,0.0247,0.2438,0.0805,0.7720,0.4592,0.3020,0.0720,0.0130,0.2590,0.0382,5.6528,2.4881,0.7488,,,0.0865,2x,0.6000,0.1000,0.0000,1.2000
blend,3xS 60% + BTC 10% + gems 15%,none,0.1404,0.1444,0.0093,0.3227,0.0805,0.7810,0.5770,0.6405,0.2820,0.1025,0.3335,0.0795,4.4345,1.7976,0.7742,,7.8647,0.2555,3xS,0.6000,0.1000,0.1500,1.8000
blend,3x 40% + BTC 30% + gems 15%,none,0.2099,0.2217,0.0450,0.4744,0.0805,0.8912,0.7590,0.4955,0.1635,0.0430,0.2992,0.0293,3.1111,1.2302,0.8892,,5.5036,0.4660,3x,0.4000,0.3000,0.1500,1.2000
blend,2x 80%,none,0.0934,0.0909,-0.0030,0.2193,0.0805,0.6190,0.2818,0.6837,0.3048,0.0917,0.3430,0.1092,6.4802,2.4484,0.6757,,,0.0535,2x,0.8000,0.0000,0.0000,1.6000
blend,3xS 20% + BTC 40% + gems 15%,none,0.2086,0.2257,0.0471,0.4575,0.0805,0.8885,0.7692,0.3995,0.1383,0.0315,0.2730,0.0275,3.1270,1.1825,0.8970,,5.6385,0.4627,3xS,0.2000,0.4000,0.1500,0.6000
blend,1x 40% + BTC 10%,none,0.0855,0.0871,0.0433,0.1411,0.0805,0.5653,0.1980,0.0003,0.0000,0.0000,0.0971,0.0008,8.0714,4.7738,0.6653,,,0.0000,1x,0.4000,0.1000,0.0000,0.4000
blend,3x 40% + BTC 40%,none,0.2157,0.2306,0.0324,0.5109,0.0805,0.8708,0.7510,0.7290,0.3528,0.1275,0.3575,0.0495,2.9167,1.0357,0.8845,,4.9960,0.4813,3x,0.4000,0.4000,0.0000,1.2000
blend,1x 60% + BTC 20%,none,0.1298,0.1346,0.0440,0.2496,0.0805,0.8210,0.5503,0.0385,0.0027,0.0008,0.1772,0.0095,5.2302,2.5198,0.8247,,,0.0902,1x,0.6000,0.2000,0.0000,0.6000
blend,SPY 60% + BTC 20%,none,0.1333,0.1392,0.0407,0.2603,0.0805,0.8945,0.5770,0.2702,0.0583,0.0085,0.2521,0.0220,4.8492,2.3214,0.8353,,9.7774,0.1148,SPY,0.6000,0.2000,0.0000,0.6000
blend,SPY 70% + gems 15%,none,0.0909,0.0957,0.0303,0.1649,0.0805,0.7790,0.0328,0.2560,0.0545,0.0088,0.2507,0.0270,7.0060,3.8329,0.7235,,,0.0008,SPY,0.7000,0.0000,0.1500,0.7000
blend,1x 60% + BTC 10% + gems 15%,none,0.1199,0.1213,0.0530,0.2143,0.0805,0.8197,0.4682,0.0015,0.0000,0.0000,0.1237,0.0010,5.8294,3.1706,0.8103,,,0.0138,1x,0.6000,0.1000,0.1500,0.6000
blend,2x 50% + BTC 30% + gems 15%,none,0.2017,0.2120,0.0473,0.4433,0.0805,0.8968,0.7578,0.3653,0.0985,0.0182,0.2689,0.0235,3.2540,1.3175,0.8892,,5.8770,0.4482,2x,0.5000,0.3000,0.1500,1.0000
blend,1x 20%,none,0.0384,0.0400,0.0272,0.0501,0.0805,0.2607,0.0720,0.0000,0.0000,0.0000,0.0330,0.0000,,,0.0000,,,0.0000,1x,0.2000,0.0000,0.0000,0.2000
blend,2xS 60% + gems 15%,none,0.0900,0.0905,0.0185,0.1808,0.0805,0.6040,0.2215,0.1585,0.0318,0.0047,0.2199,0.0423,7.2361,3.4917,0.6555,,,0.0030,2xS,0.6000,0.0000,0.1500,1.2000
blend,2x 70% + BTC 30%,none,0.1906,0.2007,0.0265,0.4454,0.0805,0.8518,0.7115,0.7037,0.3145,0.1067,0.3478,0.0530,3.3194,1.2381,0.8608,,5.7976,0.4290,2x,0.7000,0.3000,0.0000,1.4000
blend,gems 15%,none,0.0522,0.0529,0.0451,0.0629,0.0805,0.3425,0.1185,0.0000,0.0000,0.0000,0.0000,0.0000,,,0.0208,,,0.0000,-,0.0000,0.0000,0.1500,0.0000
blend,1x 20% + gems 15%,none,0.0631,0.0632,0.0491,0.0849,0.0805,0.3847,0.1235,0.0000,0.0000,0.0000,0.0294,0.0000,,8.3849,0.3000,,,0.0000,1x,0.2000,0.0000,0.1500,0.2000
blend,2xS 60% + BTC 10%,none,0.1019,0.1044,0.0177,0.2107,0.0805,0.6915,0.3337,0.2512,0.0600,0.0125,0.2411,0.0520,6.3373,2.9087,0.7065,,,0.0240,2xS,0.6000,0.1000,0.0000,1.2000
blend,1x 70%,none,0.0631,0.0631,0.0264,0.1083,0.0805,0.3525,0.0720,0.0105,0.0008,0.0000,0.1443,0.0092,,6.0746,0.4435,,,0.0000,1x,0.7000,0.0000,0.0000,0.7000
blend,2x 20% + BTC 20%,none,0.1192,0.1230,0.0441,0.2211,0.0805,0.7708,0.4730,0.0095,0.0008,0.0003,0.1509,0.0067,5.7679,2.8611,0.8110,,,0.0365,2x,0.2000,0.2000,0.0000,0.4000
blend,SPY 20% + BTC 30%,none,0.1450,0.1520,0.0456,0.2843,0.0805,0.8353,0.6190,0.1180,0.0175,0.0013,0.2095,0.0152,4.5794,1.9762,0.8582,,8.9202,0.1722,SPY,0.2000,0.3000,0.0000,0.2000
blend,3xS 40% + BTC 20% + gems 15%,none,0.1622,0.1707,0.0355,0.3438,0.0805,0.8518,0.6765,0.2802,0.0752,0.0147,0.2488,0.0315,4.0595,1.7778,0.8380,,7.4643,0.3240,3xS,0.4000,0.2000,0.1500,1.2000
blend,SPY 40% + BTC 20% + gems 15%,none,0.1482,0.1572,0.0565,0.2777,0.0805,0.9107,0.6780,0.0387,0.0032,0.0005,0.1778,0.0047,4.5873,2.3091,0.8742,,9.2183,0.1583,SPY,0.4000,0.2000,0.1500,0.4000
