sunday,friday,nav_ira,nav_total,peak,drawdown,G,G_step,hard_stop,paused,g2_on,g2_signal,g2_agree,g2_complete,g2_weekly_close,g2_ma10w,g2_sma200,vol_cut_factor,orders_sent,orders_deferred,w10_dropped,sent,reasons,sgov_sell_usd,sgov_buy_usd,QLD_in,QLD_signal,QLD_agree,QLD_pct_vs_sma,QLD_changed,SSO_in,SSO_signal,SSO_agree,SSO_pct_vs_sma,SSO_changed
2014-11-30,2014-11-28,80000.17534258586,100000.21917823234,100000.21917823234,0.0,1.0,,False,False,,False,,False,378.0469970703125,364.31480102539064,,,3,0,0,buy:SSO:20000;buy:QLD:20000;buy:SGOV:40000,idle_cash_to_sgov;switch_on,0.0,40000.09,True,True,True,0.1255414049853929,True,True,True,True,0.06807713474585397,True
2014-12-07,2014-12-05,80171.39060860981,100171.51663634184,100171.51663634184,0.0,1.0,0.0,False,False,,False,,False,375.0950012207031,364.106201171875,,,0,0,0,,,0.0,0.0,True,True,True,0.11411333737398421,False,True,True,True,0.0689160879712587,False
2014-12-14,2014-12-12,77770.71611225871,97770.9462504475,100171.51663634184,0.02396460058211225,1.0,0.0,False,False,,False,,False,351.6319885253906,367.21839904785156,,,0,0,0,,,0.0,0.0,True,True,True,0.08117756815091481,False,True,True,True,0.028826760369299986,False
2014-12-21,2014-12-19,79723.75119865338,99724.09092737998,100171.51663634184,0.004466596134170331,1.0,0.0,False,False,,False,,False,320.8429870605469,361.4477966308594,,,0,0,0,,,0.0,0.0,True,True,True,0.09899227201677219,False,True,True,True,0.061861045350444455,False
2014-12-28,2014-12-26,80410.52398758785,100410.98426653403,100410.98426653403,0.0,1.0,0.0,False,False,,False,,False,317.239013671875,354.21709899902345,,,0,0,0,,,0.0,0.0,True,True,True,0.10386578357522258,False,True,True,True,0.0687636431707519,False
2015-01-04,2015-01-02,79022.27108702614,99022.82451894964,100410.98426653403,0.01382477980595842,1.0,0.0,False,False,,False,,False,264.19500732421875,345.16619873046875,,,0,0,0,,,0.0,0.0,True,True,True,0.07912253122470325,False,True,True,True,0.05082314429465962,False
2015-01-11,2015-01-09,78595.53270166363,98596.18476664252,100410.98426653403,0.018073714874403124,1.0,0.0,False,False,,False,,False,265.6600036621094,339.14299926757815,,,0,0,0,,,0.0,0.0,True,True,True,0.07109560749773713,False,True,True,True,0.04174799905263282,False
2015-01-18,2015-01-16,77422.7530796632,97423.50925783713,100410.98426653403,0.029752472107701378,1.0,0.0,False,False,,False,,False,210.33900451660156,323.85049896240236,,,0,0,0,,,0.0,0.0,True,True,True,0.049463472844998524,False,True,True,True,0.026931379783283527,False
2015-01-25,2015-01-23,79297.613688467,99298.48493968736,100410.98426653403,0.01107945843747149,1.0,0.0,False,False,,False,,False,253.71800231933594,310.43410034179686,,,0,0,0,,,0.0,0.0,True,True,True,0.08024118196527597,False,True,True,True,0.04150424379902007,False
2015-02-01,2015-01-30,77070.02234143867,97070.98126785671,100410.98426653403,0.03326332296286938,1.0,0.0,False,False,,False,,False,226.9720001220703,296.3740005493164,,,0,0,0,,,0.0,0.0,True,True,True,0.04299375598028732,False,True,True,True,0.010322581300054923,False
2015-02-08,2015-02-06,78933.35825833258,98934.38842113277,100410.98426653403,0.014705521076078032,1.0,0.0,False,False,,False,,False,223.41200256347656,280.91050109863284,,,0,0,0,,,0.0,0.0,True,True,True,0.058711102184339614,False,True,True,True,0.03864653905782833,False
2015-02-15,2015-02-13,81149.50142348482,101150.59186342076,101150.59186342076,0.0,1.0,0.0,False,False,,False,,False,234.8249969482422,266.88350067138674,,,0,0,0,,,0.0,0.0,True,True,True,0.09254288238111363,False,True,True,True,0.05696820746035236,False
2015-02-22,2015-02-20,82015.04075427935,102016.1859917774,102016.1859917774,0.0,1.0,0.0,False,False,,False,,False,235.9770050048828,255.31800231933593,,,0,0,0,,,0.0,0.0,True,True,True,0.10273394098554411,False,True,True,True,0.06129502919009977,False
2015-03-01,2015-02-27,81900.73414159923,101901.96157571065,102016.1859917774,0.0011196695402428958,1.0,0.0,False,False,,False,,False,260.2019958496094,249.2539031982422,,,0,0,0,,,0.0,0.0,True,True,True,0.09618828384699207,False,True,True,True,0.05538507437747109,False
2015-03-08,2015-03-06,80854.70023780178,100855.99890925168,102016.1859917774,0.011372578490821406,1.0,0.0,False,False,,False,,False,274.35400390625,244.96540222167968,,,0,0,0,,,0.0,0.0,True,True,True,0.08025624789968266,False,True,True,True,0.0358562617741458,False
2015-03-15,2015-03-13,79736.26584376964,99737.63575282224,102016.1859917774,0.022335183547626536,1.0,0.0,False,False,,False,,False,286.39300537109375,247.1852020263672,,,0,0,0,,,0.0,0.0,True,True,True,0.05527360432038342,False,True,True,True,0.024924091584676678,False
2015-03-22,2015-03-20,82106.31659525097,102107.8235003452,102107.8235003452,0.0,1.0,0.0,False,False,,False,,False,267.9599914550781,247.41520080566406,,,0,0,0,,,0.0,0.0,True,True,True,0.0859215876600341,False,True,True,True,0.05004747824789657,False
2015-03-29,2015-03-27,80001.92529181617,100003.5143950176,102107.8235003452,0.020608696113481262,1.0,0.0,False,False,,False,,False,242.71299743652344,250.65260009765626,,,0,0,0,,,0.0,0.0,True,True,True,0.05161244850890512,False,True,True,True,0.024967473131048745,False
2015-04-05,2015-04-02,79946.50226027796,99948.21192123246,102107.8235003452,0.021150304698301925,1.0,0.0,False,False,False,True,True,True,260.5979919433594,251.3405990600586,309.8594901275635,1.0,0,0,0,,,0.0,0.0,True,True,True,0.04467904342049844,False,True,True,True,0.026556499729010863,False
2015-04-12,2015-04-10,81642.73826838327,101644.55204802609,102107.8235003452,0.00453708086645821,1.0,0.0,False,False,False,True,True,True,236.1529998779297,252.25869903564453,303.9496802520752,1.0,0,0,0,,,0.0,0.0,True,True,True,0.06661558920166821,False,True,True,True,0.04233197824458901,False
2015-04-19,2015-04-17,80559.19891083325,100561.0948898369,102107.8235003452,0.01514799314572668,1.0,0.0,False,False,False,True,True,True,222.60000610351562,252.17749938964843,298.08100036621096,1.0,0,0,0,,,0.0,0.0,True,True,True,0.04619628582015789,False,True,True,True,0.030267383066018505,False
2015-04-26,2015-04-24,83005.2477417997,103007.22592051099,103007.22592051099,0.0,1.0,0.0,False,False,False,True,True,True,219.42999267578125,250.63799896240235,294.10327529907227,1.0,0,0,0,,,0.0,0.0,True,True,True,0.08695838716310056,False,True,True,True,0.04662626448430607,False
2015-05-03,2015-05-01,82224.91266034987,102226.97303907207,103007.22592051099,0.007574739291018595,1.0,0.0,False,False,False,True,True,True,240.35800170898438,251.0760986328125,288.95811500549314,1.0,0,0,0,,,0.0,0.0,True,True,True,0.06946417390327131,False,True,True,True,0.040283554196359095,False
2015-05-10,2015-05-08,82232.9617865314,102235.07148544904,103007.22592051099,0.007496119113602817,1.0,0.0,False,False,False,True,True,True,240.29600524902344,249.08549957275392,283.80044525146485,1.0,0,0,0,,,0.0,0.0,True,True,True,0.06150869157173222,False,True,True,True,0.042574157324363204,False
2015-05-17,2015-05-15,82729.3541660202,102731.52414533899,103007.22592051099,0.002676528493105401,1.0,0.0,False,False,False,True,True,True,236.802001953125,245.3302993774414,279.81145011901856,1.0,0,0,0,,,0.0,0.0,True,True,True,0.0669146376375307,False,True,True,True,0.04413909677226768,False
2015-05-24,2015-05-22,83193.72452698665,103195.97122706551,103195.97122706551,0.0,1.0,0.0,False,False,False,True,True,True,240.9530029296875,240.7862991333008,276.4205052947998,1.0,0,0,0,,,0.0,0.0,True,True,True,0.07071640412575753,False,True,True,True,0.0431998941469216,False
2015-05-31,2015-05-29,82619.80566417493,102622.11812512041,103195.97122706551,0.005560809158745461,1.0,0.0,False,False,False,True,True,True,230.19000244140625,237.0093002319336,271.87506004333494,1.0,0,0,0,,,0.0,0.0,True,True,True,0.0630995367131193,False,True,True,True,0.032154880016927345,False
2015-06-07,2015-06-05,82051.28603525815,102053.65329711825,103195.97122706551,0.011069404322323728,1.0,0.0,False,False,False,True,True,True,222.88099670410156,235.0261001586914,266.1083102416992,1.0,0,0,0,,,0.0,0.0,True,True,True,0.052612436740119506,False,True,True,True,0.023235229992339512,False
2015-06-14,2015-06-12,81853.5502313283,101856.00517491993,103195.97122706551,0.01298467407411874,1.0,0.0,False,False,False,True,True,True,233.54299926757812,232.3206008911133,261.41917022705076,1.0,0,0,0,,,0.0,0.0,True,True,True,0.04464612543097424,False,True,True,True,0.022605176541741434,False
2015-06-21,2015-06-19,82650.40495912918,102652.92018415043,103195.97122706551,0.005262327942243017,1.0,0.0,False,False,False,True,True,True,243.94400024414062,233.09970092773438,256.8419002532959,1.0,0,0,0,,,0.0,0.0,True,True,True,0.05613755108087348,False,True,True,True,0.029080383436222546,False
2015-06-28,2015-06-26,82298.57750877824,102301.13109481461,103195.97122706551,0.008671270027411748,1.0,0.0,False,False,False,True,True,True,249.01100158691406,235.7408004760742,252.64872032165528,1.0,0,0,0,,,0.0,0.0,True,True,True,0.0466158548116149,False,True,True,True,0.023516088145110192,False
2015-07-05,2015-07-02,81254.31709914908,101256.90904627265,103195.97122706551,0.018790095754089964,1.0,0.0,False,False,True,True,True,True,271.9129943847656,240.98910064697264,249.79404510498046,1.0,2,0,0,sell:SGOV:26962;buy:IBIT:24376,fund_buys;switch_on,26962.06,0.0,True,True,True,0.03307442708480379,False,True,True,True,0.010721093804249904,False
2015-07-12,2015-07-10,82367.23578814,102369.89897747096,103195.97122706551,0.008004888560784185,1.0,0.0,False,False,True,True,True,True,310.86700439453125,248.04000091552734,248.26952545166014,1.0,0,0,0,,,0.0,0.0,True,True,True,0.028094260165022034,False,True,True,True,0.009846301394613732,False
2015-07-19,2015-07-17,85150.33058560094,105153.04857680741,105153.04857680741,0.0,1.0,0.0,False,False,True,True,True,True,273.614013671875,251.3718017578125,247.0084701538086,1.0,0,0,0,,,0.0,0.0,True,True,True,0.08104748493675129,False,True,True,True,0.03248944837598389,False
2015-07-26,2015-07-24,84211.0914792306,104213.93551526018,105153.04857680741,0.008930916167031233,1.0,0.0,False,False,True,True,True,True,292.6860046386719,256.9602020263672,246.74941009521484,1.0,0,0,0,,,0.0,0.0,True,True,True,0.053011914068593624,False,True,True,True,0.007759479830519611,False
2015-08-02,2015-07-31,84743.5009160109,104746.53676084417,105153.04857680741,0.0038659061383875537,1.0,0.0,False,False,True,True,True,True,282.614013671875,261.1263031005859,247.89068527221679,1.0,0,0,0,,,0.0,0.0,True,True,True,0.05621332128339862,False,True,True,True,0.017198752089500724,False
2015-08-09,2015-08-07,82980.52714952853,102983.84797056043,105153.04857680741,0.02062898447173911,1.0,0.0,False,False,True,True,True,True,265.0830078125,264.6156036376953,250.15046516418457,1.0,0,0,0,,,0.0,0.0,True,True,True,0.03608967164022703,False,True,True,True,0.0020868099860715805,False
2015-08-16,2015-08-14,82183.838678326,102187.48832319611,105153.04857680741,0.028202323125659623,1.0,0.0,False,False,False,True,True,True,258.5069885253906,268.1782028198242,250.71214996337892,1.0,2,0,0,sell_all:IBIT:24073;buy:SGOV:26662,idle_cash_to_sgov;switch_off,0.0,26661.69,True,True,True,0.03555560046072115,False,True,True,True,0.007221728691454654,False
2015-08-23,2015-08-21,75798.31269964867,95802.24184884038,105153.04857680741,0.08892568360618558,1.0,0.0,False,False,False,True,True,True,228.16900634765625,267.640803527832,250.83961502075195,1.0,3,0,0,sell_all:QLD:18604;sell_all:SSO:18390;buy:SGOV:36810,idle_cash_to_sgov;switch_off,0.0,36809.54,False,True,True,-0.04233406891361846,True,False,True,True,-0.05147500133282623,True
2015-08-30,2015-08-28,70879.67979595318,90883.79528380424,105153.04857680741,0.13569985355755443,1.0,0.0,False,False,False,True,True,True,228.76100158691406,266.12250366210935,250.95443489074708,1.0,0,0,0,,,0.0,0.0,False,True,True,-0.012349211537684646,False,False,True,True,-0.041699312036443725,False
2015-09-06,2015-09-04,70880.34004700974,90884.64187512678,105153.04857680741,0.13569180251829316,1.0,0.0,False,False,False,True,True,True,239.83999633789062,265.20540313720704,250.73785972595215,1.0,0,0,0,,,0.0,0.0,False,True,True,-0.04529600638005937,False,False,True,True,-0.07317147880450192,False
2015-09-13,2015-09-11,70880.70901382314,90885.1149741085,105153.04857680741,0.1356873033716861,1.0,0.0,False,False,False,True,True,True,230.51199340820312,261.06530303955077,250.66924461364746,1.0,0,0,0,,,0.0,0.0,False,True,True,-0.013894433996534339,False,False,True,True,-0.053021204093505525,False
2015-09-20,2015-09-18,70881.34985526487,90885.93667791087,105153.04857680741,0.13567948901144178,1.0,0.0,False,False,False,True,True,True,231.21200561523438,253.09980316162108,249.57097457885743,1.0,0,0,0,,,0.0,0.0,False,True,True,-0.0140023677448321,False,False,True,True,-0.053444824886427766,False
2015-09-27,2015-09-25,70881.33043568504,90885.91177761332,105153.04857680741,0.13567972581197096,1.0,0.0,False,False,False,True,True,True,232.7570037841797,249.01410217285155,247.80844467163087,1.0,0,0,0,,,0.0,0.0,False,True,True,-0.036451624607099053,False,False,True,True,-0.06492415658735007,False
2015-10-04,2015-10-02,70881.25275751471,90885.81217661411,105153.04857680741,0.1356806730122715,1.0,0.0,False,False,False,True,True,True,238.25900268554688,243.57140197753907,246.22521446228026,1.0,0,0,0,,,0.0,0.0,False,True,True,-0.026611486427966624,False,False,True,True,-0.05416635629438071,False
2015-10-11,2015-10-09,70881.25275750938,90885.81217660729,105153.04857680741,0.13568067301233633,1.0,0.0,False,False,True,True,True,True,247.0500030517578,240.01500091552734,245.7174494934082,1.0,2,0,0,sell:SGOV:23627;buy:IBIT:21264,fund_buys;switch_on,23627.09,0.0,False,True,True,-0.003677261857335745,False,False,True,True,-0.0226284243503303,False
2015-10-18,2015-10-16,72504.02658011316,92508.61888343634,105153.04857680741,0.12024786598683479,1.0,0.0,False,False,True,True,True,True,261.64300537109375,239.6710006713867,246.04836448669434,1.0,0,0,0,,,0.0,0.0,False,True,True,0.011376364729511312,False,False,True,True,-0.013004943011876269,False
2015-10-25,2015-10-23,73609.9907064688,93614.62685550828,105153.04857680741,0.10972978793735189,1.0,0.0,False,False,True,True,True,True,283.67999267578125,242.18830108642578,246.74690956115722,1.0,2,0,0,sell:SGOV:18085;buy:QLD:18402,fund_buys;switch_on,18084.51,0.0,True,True,True,0.05179359476312273,True,False,True,True,0.007302072363042811,False
2015-11-01,2015-10-30,78036.63798929805,98041.37827226566,105153.04857680741,0.06763161316570998,1.0,0.0,False,False,True,True,True,True,325.4309997558594,251.91450042724608,249.47261459350585,1.0,0,0,0,,,0.0,0.0,True,True,True,0.05444297362901929,False,False,True,True,0.008620785978988632,False
2015-11-08,2015-11-06,82421.01026306486,102426.01362325382,105153.04857680741,0.025933959979882792,1.0,0.0,False,False,True,True,True,True,373.3680114746094,266.3752014160156,254.99941947937012,1.0,2,0,0,sell:IBIT:7389;buy:SGOV:9397,idle_cash_to_sgov;rebalance,0.0,9396.97,True,True,True,0.06467454883984236,False,False,True,True,0.017439377298474223,False
2015-11-15,2015-11-13,78269.56326574516,98274.99413370286,105153.04857680741,0.06540993852480259,1.0,0.0,False,False,True,True,True,True,320.1659851074219,274.4078002929688,258.80760948181154,1.0,0,0,0,,,0.0,0.0,True,True,True,0.015859137063779505,False,False,True,True,-0.019947055507471334,False
2015-11-22,2015-11-20,79018.98761735224,99024.9172554071,105153.04857680741,0.05827820880460843,1.0,0.0,False,False,True,True,True,True,324.5360107421875,283.81020202636716,262.06578948974607,1.0,0,0,0,,,0.0,0.0,True,True,True,0.05504259093181085,False,False,True,True,0.011777444625834521,False
2015-11-29,2015-11-27,81481.50254594143,101487.98577815224,105153.04857680741,0.03485455579519492,1.0,0.0,False,False,True,True,True,True,371.29400634765625,297.8184020996094,265.70442428588865,1.0,0,0,0,,,0.0,0.0,True,True,True,0.05187539992978163,False,False,True,True,0.012030915679069443,False
2015-12-06,2015-12-04,81933.58632199679,101940.81501183216,105153.04857680741,0.030548173433401882,1.0,0.0,False,False,True,True,True,True,388.7829895019531,313.4210006713867,270.4762993621826,1.0,0,0,0,,,0.0,0.0,True,True,True,0.058252694655055226,False,False,True,True,0.013043336366940217,False
2015-12-13,2015-12-11,86394.59832019721,106402.76983325003,106402.76983325003,0.0,1.0,0.0,False,False,True,True,True,True,433.7550048828125,332.9706008911133,276.96532432556154,1.0,0,0,0,,,0.0,0.0,True,True,True,0.01710474254711558,False,False,True,True,-0.02466097739596096,False
2015-12-20,2015-12-18,87085.31017953338,107094.39715070391,107094.39715070391,0.0,1.0,0.0,False,False,True,True,True,True,442.68499755859375,352.5341003417969,284.8478044128418,1.0,0,0,0,,,0.0,0.0,True,True,True,0.011209023885874858,False,False,True,True,-0.027235302348417867,False
2015-12-27,2015-12-24,87219.74701877216,107229.50279449552,107229.50279449552,0.0,1.0,0.0,False,False,True,True,True,True,422.822998046875,368.652099609375,292.26895935058593,1.0,0,0,0,,,0.0,0.0,True,True,True,0.034211061090762884,False,False,True,True,-0.00023731116743452851,False
2016-01-03,2015-12-31,85570.2412553197,105580.8029136949,107229.50279449552,0.015375431554134344,1.0,0.0,False,False,True,True,True,True,430.010986328125,383.2851989746094,299.0069492340088,1.0,0,0,0,,,0.0,0.0,True,True,True,0.026377976246384938,False,False,True,True,-0.008348847825177086,False
2016-01-10,2016-01-08,84530.79832600894,104542.1659010531,107229.50279449552,0.02506154391662785,1.0,0.0,False,False,True,True,True,True,447.9909973144531,395.54119873046875,305.9392791748047,1.0,2,0,0,sell_all:QLD:15619;buy:SGOV:15588,idle_cash_to_sgov;switch_off,0.0,15588.09,False,True,True,-0.045588764528100456,True,False,True,True,-0.06620519870484509,False
2016-01-17,2016-01-15,80216.68164878352,100228.86613870486,107229.50279449552,0.06528647875209603,1.0,0.0,False,False,False,True,True,True,382.29901123046875,396.4342987060547,311.5183293914795,1.0,2,0,0,sell_all:IBIT:25747;buy:SGOV:25918,idle_cash_to_sgov;switch_off,0.0,25918.03,False,True,True,-0.07409596185204159,False,False,True,True,-0.08473893452012504,False
2016-01-24,2016-01-22,80164.02454476968,100177.15208887603,107229.50279449552,0.06576875320531206,1.0,0.0,False,False,False,True,True,True,402.97100830078125,404.7148010253906,316.11929946899414,1.0,0,0,0,,,0.0,0.0,False,True,True,-0.046810750951994606,False,False,True,True,-0.07001942132438821,False
2016-01-31,2016-01-29,80168.81252976664,100183.1354050077,107229.50279449552,0.06571295404579203,1.0,0.0,False,False,False,True,True,True,368.7669982910156,409.1378997802734,319.430224609375,1.0,0,0,0,,,0.0,0.0,False,True,True,-0.04136190740482959,False,False,True,True,-0.05146790951024671,False
2016-02-07,2016-02-05,80173.79848532497,100189.366115493,107229.50279449552,0.06565484773807895,1.0,0.0,False,False,False,True,True,True,376.6199951171875,409.6704986572266,322.9733547973633,1.0,0,0,0,,,0.0,0.0,False,True,True,-0.09716593622413783,False,False,True,True,-0.07877336746382557,False
2016-02-14,2016-02-12,80178.36738993342,100195.0756573285,107229.50279449552,0.0656016017405997,1.0,0.0,False,False,False,True,True,True,407.2300109863281,411.51520080566405,326.3272595214844,1.0,0,0,0,,,0.0,0.0,False,True,True,-0.09562555538976347,False,False,True,True,-0.08331407798866242,False
2016-02-21,2016-02-19,80182.89260426947,100200.73060151763,107229.50279449552,0.06554886490939416,1.0,0.0,False,False,True,True,True,True,438.7980041503906,412.0195007324219,331.1182646179199,1.0,2,0,0,sell:SGOV:26655;buy:IBIT:24055,fund_buys;switch_on,26655.31,0.0,False,True,True,-0.061789942254933616,False,False,True,True,-0.055543199937463705,False
2016-02-28,2016-02-26,79326.79016283006,99345.83474179918,107229.50279449552,0.07352144556526885,1.0,0.0,False,False,True,True,True,True,433.5039978027344,411.1014007568359,336.7216845703125,1.0,0,0,0,,,0.0,0.0,False,True,True,-0.04456689821562809,False,False,True,True,-0.0387604962079926,False
2016-03-06,2016-03-04,78699.87795222292,98720.1511248856,107229.50279449552,0.07935644060495206,1.0,0.0,False,False,False,True,True,True,407.7070007324219,409.5898010253906,342.6822796630859,1.0,2,0,0,sell_all:IBIT:22565;buy:SGOV:25125,idle_cash_to_sgov;switch_off,0.0,25125.29,False,True,True,-0.02250141495647129,False,False,True,True,-0.011402326558064058,False
2016-03-13,2016-03-11,78589.49928647421,98610.90239422885,107229.50279449552,0.08037527150325552,1.0,0.0,False,False,True,True,True,True,414.06500244140625,407.9952026367188,349.29852966308596,1.0,2,0,0,sell:SGOV:26196;buy:IBIT:23577,fund_buys;switch_on,26196.5,0.0,False,True,True,-0.013896960694880889,False,False,True,True,0.0011259081256753678,False
2016-03-20,2016-03-18,78012.52709906496,98035.15894527252,107229.50279449552,0.08574453494243917,1.0,0.0,False,False,True,True,True,True,413.7550048828125,404.5716033935547,355.81092956542966,1.0,0,0,0,,,0.0,0.0,False,True,True,-0.0020919056803303526,False,False,True,True,0.01571835275899014,False
2016-03-27,2016-03-24,78701.09563521309,98724.7039436232,107229.50279449552,0.0793139819660611,1.0,0.0,False,False,True,True,True,True,426.7650146484375,409.01820373535156,362.17970970153806,1.0,0,0,0,,,0.0,0.0,False,True,True,-0.0031211631932769324,False,False,True,True,0.009393981938431661,False
2016-04-03,2016-04-01,78708.22717277381,98732.98205953417,107229.50279449552,0.07923678198195938,1.0,0.0,False,False,True,True,True,True,420.90399169921875,410.81150207519534,368.66803451538084,1.0,3,1,0,sell:SGOV:41107;buy:SSO:19677;buy:QLD:19677,fund_buys;switch_on,41106.72,4372.68,True,True,True,0.025449689600186565,True,True,True,True,0.0281695160312585,True
2016-04-10,2016-04-08,77894.14458548753,97919.78277026903,107229.50279449552,0.08682050910996486,1.0,0.0,False,False,True,True,True,True,421.5639953613281,416.09120178222656,375.3654344177246,1.0,1,0,0,buy:SGOV:4373,idle_cash_to_sgov,0.0,4372.88,True,True,True,0.01266828448551549,False,True,True,True,0.016464014259479853,False
2016-04-17,2016-04-15,79736.10920050337,99762.61974890273,107229.50279449552,0.06963459543315254,1.0,0.0,False,False,True,True,True,True,427.39898681640625,421.1691009521484,382.03900451660155,1.0,0,0,0,,,0.0,0.0,True,True,True,0.02775073207302703,False,True,True,True,0.03312441558000967,False
2016-04-24,2016-04-22,80522.16451498841,100549.52551753965,107229.50279449552,0.06229607619983091,1.0,0.0,False,False,True,True,True,True,458.55499267578125,426.3015991210938,389.1802146148682,1.0,0,0,0,,,0.0,0.0,True,True,True,0.011462002061654708,False,True,True,True,0.03817762790251833,False
2016-05-01,2016-04-29,79277.5955867644,99305.85646376183,107229.50279449552,0.07389427465610188,1.0,0.0,False,False,True,True,True,True,451.875,427.6092987060547,396.4375744628906,1.0,0,0,0,,,0.0,0.0,True,True,True,-0.018280922381795905,False,True,True,True,0.025204833793607717,False
2016-05-08,2016-05-06,79098.97939093753,99128.05238468264,107229.50279449552,0.07555243844913884,1.0,0.0,False,False,True,True,True,True,458.5480041503906,430.1136993408203,403.0261442565918,1.0,0,0,0,,,0.0,0.0,True,True,True,-0.01906813389080053,False,True,True,True,0.021937622577187454,False
2016-05-15,2016-05-13,78834.20889217015,98864.14891224333,107229.50279449552,0.07801354724440279,1.0,0.0,False,False,True,True,True,True,457.5679931640625,435.09979858398435,408.9672541809082,1.0,0,0,0,,,0.0,0.0,True,True,True,-0.01872851896626626,False,True,True,True,0.017042603745011764,False
2016-05-22,2016-05-20,78474.99834331362,98506.0359165803,107229.50279449552,0.08135323442312026,1.0,0.0,False,False,True,True,True,True,439.322998046875,437.62559814453124,412.31140899658203,1.0,0,0,0,,,0.0,0.0,True,True,True,-0.009111095808866487,False,True,True,True,0.02051360942799807,False
2016-05-29,2016-05-27,82215.21940622396,102247.51375045867,107229.50279449552,0.0464609917438934,1.0,0.0,False,False,True,True,True,True,526.2329711914062,448.87339477539064,416.1815185546875,1.0,0,0,0,,,0.0,0.0,True,True,True,0.025325970525427843,False,True,True,True,0.04383709855354523,False
2016-06-05,2016-06-03,87948.145867809,107981.62570618688,107981.62570618688,0.0,1.0,0.0,False,False,True,True,True,True,574.9769897460938,463.69459228515626,423.824658203125,1.0,0,0,0,,,0.0,0.0,True,True,True,0.0247865791354136,False,True,True,True,0.04380335552972148,False
2016-06-12,2016-06-10,87901.97838907744,107936.51206332525,107981.62570618688,0.0004177899949792119,1.0,0.0,False,False,True,True,True,True,672.7839965820312,488.8825927734375,433.3469480895996,1.0,0,0,0,,,0.0,0.0,True,True,True,0.012120811486715288,False,True,True,True,0.0404576930528,False
2016-06-19,2016-06-17,96932.06757903675,116967.60025403573,116967.60025403573,0.0,1.0,0.0,False,False,True,True,True,True,763.781005859375,523.1042938232422,446.2531077575684,1.0,2,0,0,sell:IBIT:14134;buy:SGOV:14063,idle_cash_to_sgov;rebalance,0.0,14063.34,True,True,True,-0.008403384318641738,False,True,True,True,0.02666491071340693,False
2016-06-26,2016-06-24,91729.81687024987,111766.39251099326,116967.60025403573,0.04446708089886642,1.0,0.0,False,False,True,True,True,True,629.3670043945312,543.3010955810547,455.51879287719726,1.0,3,0,0,sell_all:QLD:17528;buy:SGOV:12045;buy:SPY:5504,idle_cash_to_sgov;switch_off;w10_entry,0.0,12044.64,False,True,True,-0.029318457968124934,True,True,True,True,0.008217613350546493,False
2016-07-03,2016-07-01,93192.14079179858,113229.72102459543,116967.60025403573,0.03195653515436914,1.0,0.0,False,False,True,True,True,True,658.6640014648438,563.3119964599609,463.2865879821777,1.0,0,0,0,,,0.0,0.0,False,True,True,0.005007288264605725,False,True,True,True,0.03944287897303411,False
2016-07-10,2016-07-08,92933.25610955148,112971.89039114682,116967.60025403573,0.03416082619640681,1.0,0.0,False,False,True,True,True,True,649.3599853515625,583.0604949951172,470.7701481628418,1.0,2,0,0,sell:SGOV:20458;buy:QLD:23233,fund_buys;switch_on,20457.95,0.0,True,True,True,0.024988179568529167,True,True,True,True,0.05131349593611256,False
2016-07-17,2016-07-15,94379.99643561117,114419.74521793172,116967.60025403573,0.02178257081935908,1.0,0.0,False,False,True,True,True,True,679.458984375,605.1515930175781,478.7482485961914,1.0,0,0,0,,,0.0,0.0,True,True,True,0.036627990582374315,False,True,True,True,0.0638814847310416,False
2016-07-24,2016-07-22,95173.73229918513,115214.68349301367,116967.60025403573,0.014986344570761423,1.0,0.0,False,False,True,True,True,True,661.2849731445312,625.523291015625,486.8563540649414,1.0,0,0,0,,,0.0,0.0,True,True,True,0.051574511071015294,False,True,True,True,0.06758040771557328,False
2016-07-31,2016-07-29,95743.46865220155,115785.60036556602,116967.60025403573,0.010105361535182267,1.0,0.0,False,False,False,True,True,True,624.6810302734375,644.0590942382812,493.99944885253905,1.0,2,0,0,sell_all:IBIT:24996;buy:SGOV:27453,idle_cash_to_sgov;switch_off,0.0,27453.15,True,True,True,0.06399172177049284,False,True,True,True,0.0647812260550924,False
2016-08-07,2016-08-05,95447.87932728966,115491.07082340724,116967.60025403573,0.012623405348333172,1.0,0.0,False,False,False,True,True,True,592.6900024414062,650.7047973632813,500.50881393432616,1.0,0,0,0,,,0.0,0.0,True,True,True,0.07572337557928854,False,True,True,True,0.06743166973394543,False
2016-08-14,2016-08-12,95696.47891510512,115740.75221615809,116967.60025403573,0.01048878522952612,1.0,0.0,False,False,False,True,True,True,570.4730224609375,650.2544006347656,507.2169694519043,1.0,0,0,0,,,0.0,0.0,True,True,True,0.07787883893841907,False,True,True,True,0.066380935330562,False
2016-08-21,2016-08-19,95732.80391818823,115778.18104967185,116967.60025403573,0.010168792056780118,1.0,0.0,False,False,False,True,True,True,581.3079833984375,641.1067993164063,514.25001953125,1.0,0,0,0,,,0.0,0.0,True,True,True,0.07691535488199164,False,True,True,True,0.06512698452696664,False
2016-08-28,2016-08-26,95242.3163681478,115288.84681993298,116967.60025403573,0.014352294399959886,1.0,0.0,False,False,False,True,True,True,573.9119873046875,622.1198974609375,521.2060745239257,1.0,0,0,0,,,0.0,0.0,True,True,True,0.07123117231706289,False,True,True,True,0.056799354576443806,False
2016-09-04,2016-09-02,95582.02772983967,115629.82690934914,116967.60025403573,0.01143712739067182,1.0,0.0,False,False,False,True,True,True,608.6339721679688,620.0465942382813,527.6799040222168,1.0,0,0,0,,,0.0,0.0,True,True,True,0.07332575402724095,False,True,True,True,0.060500236703119104,False
2016-09-11,2016-09-09,93290.79481580292,113339.84632046838,116967.60025403573,0.031015032587557778,1.0,0.0,False,False,False,True,True,True,606.718994140625,614.8520935058593,534.2219841003418,1.0,0,0,0,,,0.0,0.0,True,True,True,0.04655354607141904,False,True,True,True,0.034262724414053425,False
2016-09-18,2016-09-16,94947.85770049857,114998.21105126789,116967.60025403573,0.016837048879267624,1.0,0.0,False,False,False,True,True,True,609.8740234375,610.9034973144531,540.4151145935059,1.0,0,0,0,,,0.0,0.0,True,True,True,0.07650694472324959,False,True,True,True,0.0391555097915941,False
2016-09-25,2016-09-23,95900.37422918376,115951.75483589046,116967.60025403573,0.008684844486327892,1.0,0.0,False,False,False,True,True,True,600.8259887695312,603.0401977539062,547.0814093017578,1.0,0,0,0,,,0.0,0.0,True,True,True,0.08465758188301598,False,True,True,True,0.05047969439166855,False
2016-10-02,2016-09-30,96108.35676406567,116160.60536289956,116967.60025403573,0.006899302793111128,1.0,0.0,False,False,True,True,True,True,610.8920288085938,598.0009033203125,553.8036647033691,1.0,2,0,0,sell:SGOV:32018;buy:IBIT:28833,fund_buys;switch_on,32017.56,0.0,True,True,True,0.08682512101543827,False,True,True,True,0.0506384503584858,False
2016-10-09,2016-10-07,95832.00243972524,115885.42123657669,116967.60025403573,0.009251955371476495,1.0,0.0,False,False,True,True,True,True,616.7520141601562,597.2080017089844,560.7888893127441,1.0,0,0,0,,,0.0,0.0,True,True,True,0.0826256783886612,False,True,True,True,0.042069713542918,False
2016-10-16,2016-10-14,95864.8130917996,115919.4845694521,116967.60025403573,0.00896073512927753,1.0,0.0,False,False,True,True,True,True,641.6309814453125,602.102099609375,568.3881643676758,1.0,0,0,0,,,0.0,0.0,True,True,True,0.06904125917220538,False,True,True,True,0.03107329497732847,False
2016-10-23,2016-10-21,96083.33949064062,116139.26922236779,116967.60025403573,0.00708171348192943,1.0,0.0,False,False,True,True,True,True,657.0709838867188,610.7618957519531,576.0900146484375,1.0,0,0,0,,,0.0,0.0,True,True,True,0.07649332891975713,False,True,True,True,0.033313580910077745,False
2016-10-30,2016-10-28,98046.62074641898,118103.80331551675,118103.80331551675,0.0,1.0,0.0,False,False,True,True,True,True,701.864013671875,622.8174987792969,585.2324346923829,1.0,0,0,0,,,0.0,0.0,True,True,True,0.06273767653095774,False,True,True,True,0.02348641853578637,False
2016-11-06,2016-11-04,96211.43218906163,116269.87317027827,118103.80331551675,0.01552812097286227,1.0,0.0,False,False,True,True,True,True,711.52197265625,636.5784973144531,595.0375045776367,1.0,0,0,0,,,0.0,0.0,True,True,True,0.027452768308239284,False,True,True,True,0.0009609774893608591,False
2016-11-13,2016-11-11,99428.26515688673,119488.27788712607,119488.27788712607,0.0,1.0,0.0,False,False,True,True,True,True,702.031005859375,645.9182006835938,604.0329098510742,1.0,0,0,0,,,0.0,0.0,True,True,True,0.044309453438328816,False,True,True,True,0.035858352681081396,False
2016-11-20,2016-11-18,101870.85521052258,121932.70363128113,121932.70363128113,0.0,1.0,0.0,False,False,True,True,True,True,731.0260009765625,658.3489013671875,613.983140411377,1.0,0,0,0,,,0.0,0.0,True,True,True,0.05310714581618714,False,True,True,True,0.040871716526227786,False
2016-11-27,2016-11-25,102815.1326034719,122878.7564155722,122878.7564155722,0.0,1.0,0.0,False,False,True,True,True,True,732.0349731445312,670.5649963378906,623.9620150756836,1.0,0,0,0,,,0.0,0.0,True,True,True,0.062470826077152264,False,True,True,True,0.052279239134567224,False
2016-12-04,2016-12-02,102480.85808943596,122546.3234194443,122878.7564155722,0.0027053740274163296,1.0,0.0,False,False,True,True,True,True,773.8720092773438,687.8695983886719,634.5150801086426,1.0,0,0,0,,,0.0,0.0,True,True,True,0.03017341073045343,False,True,True,True,0.0384875281649979,False
2016-12-11,2016-12-09,105645.06618223489,125712.41718177091,125712.41718177091,0.0,1.0,0.0,False,False,True,True,True,True,769.7310180664062,703.7534973144532,645.8921006774902,1.0,0,0,0,,,0.0,0.0,True,True,True,0.06062101473271042,False,True,True,True,0.06679617342651012,False
2016-12-18,2016-12-16,106313.88234500086,126383.25664807008,126383.25664807008,0.0,1.0,0.0,False,False,True,True,True,True,790.530029296875,721.131298828125,655.3980361938477,1.0,0,0,0,,,0.0,0.0,True,True,True,0.06121598812248319,False,True,True,True,0.06256598273716851,False
2016-12-25,2016-12-23,112064.50243631497,132135.8287622895,132135.8287622895,0.0,1.0,0.0,False,False,True,True,True,True,896.1829833984375,746.5864990234375,665.451791381836,1.0,2,0,0,sell:IBIT:8432;buy:SGOV:11643,idle_cash_to_sgov;rebalance,0.0,11643.0,True,True,True,0.06297502460672644,False,True,True,True,0.06190669010672023,False
2017-01-01,2016-12-30,113611.74818524816,133685.01571286115,133685.01571286115,0.0,1.0,0.0,False,False,True,False,False,True,992.95,780.1744006347656,676.4125014648438,,0,0,0,,,0.0,0.0,True,True,True,0.044137043927564346,False,True,True,True,0.04797760487169178,False
2017-01-08,2017-01-06,113065.1692449667,133140.39466283566,133685.01571286115,0.0040739124510054125,1.0,0.0,False,False,True,False,False,True,923.33,802.3209992675781,685.7237064941406,,0,0,0,,,0.0,0.0,True,True,True,0.07246892466645027,False,True,True,True,0.0636275023374342,False
2017-01-15,2017-01-13,111350.39791042474,131427.59792147123,133685.01571286115,0.016886094371552973,1.0,0.0,False,False,True,False,False,True,833.31,814.4998020019532,692.646096459961,,0,0,0,,,0.0,0.0,True,True,True,0.08026819316401013,False,True,True,True,0.059795486335923576,False
2017-01-22,2017-01-20,114073.63197751179,134152.83977015183,134152.83977015183,0.0,1.0,0.0,False,False,True,False,False,True,931.22,837.4187014160156,700.3375513671875,,0,0,0,,,0.0,0.0,True,True,True,0.07857298833417037,False,True,True,True,0.05621646486319465,False
2017-01-29,2017-01-27,116582.79937828155,136663.9161378678,136663.9161378678,0.0,1.0,0.0,False,False,True,True,True,True,916.54,855.9701013183594,709.3414860229491,1.0,0,0,0,,,0.0,0.0,True,True,True,0.09719009429293868,False,True,True,True,0.06421990191625682,False
2017-02-05,2017-02-03,120015.36618129723,140098.44710972172,140098.44710972172,0.0,1.0,0.0,False,False,True,False,False,True,1016.32,884.3986040039063,720.7965657714844,,0,0,0,,,0.0,0.0,True,True,True,0.09238227521500764,False,True,True,True,0.06312787800566055,False
2017-02-12,2017-02-10,120592.43004639233,140677.50284961285,140677.50284961285,0.0,1.0,0.0,False,False,True,False,False,True,1010.0,908.0114030761717,733.6236406860352,,0,0,0,,,0.0,0.0,True,True,True,0.10192429977408701,False,True,True,True,0.06918305743552611,False
2017-02-19,2017-02-17,124945.91600605843,145033.04141533893,145033.04141533893,0.0,1.0,0.0,False,False,True,False,False,True,1059.88,937.0263012695311,748.3121057617187,,0,0,0,,,0.0,0.0,True,True,True,0.11703896139484393,False,True,True,True,0.0819304409759547,False
2017-02-26,2017-02-24,129689.65662975398,149778.78530940737,149778.78530940737,0.0,1.0,0.0,False,False,True,False,False,True,1184.91,976.4642983398437,768.1060151733399,,0,0,0,,,0.0,0.0,True,True,True,0.11626047120093475,False,True,True,True,0.0863553647431814,False
2017-03-05,2017-03-03,134550.20187112363,154641.44412053376,154641.44412053376,0.0,1.0,0.0,False,False,True,False,False,True,1278.98,1014.744,791.5321898193359,,0,0,0,,,0.0,0.0,True,True,True,0.11664710678433887,False,True,True,True,0.08958334113126232,False
2017-03-12,2017-03-10,134949.57510779894,155043.58073176726,155043.58073176726,0.0,1.0,0.0,False,False,True,False,False,True,1235.58,1039.007,813.2285249267577,,0,0,0,,,0.0,0.0,True,True,True,0.11343756837128516,False,True,True,True,0.08086930334882148,False
2017-03-19,2017-03-17,129017.24937223089,149114.10684274515,155043.58073176726,0.03824391736205046,1.0,0.0,False,False,True,False,False,True,1019.49,1048.623,833.0371600952147,,0,0,0,,,0.0,0.0,True,True,True,0.11299449609575185,False,True,True,True,0.07997993636493272,False
2017-03-26,2017-03-24,122299.5468509542,142399.25657343023,155043.58073176726,0.08155335486099424,1.0,0.0,False,False,True,False,False,True,973.08,1062.6,847.559680493164,,0,0,0,,,0.0,0.0,True,True,True,0.09899641203592857,False,True,True,True,0.06149937310791809,False
2017-04-02,2017-03-31,127545.58727247444,147648.26530488173,155043.58073176726,0.047698301290395095,1.0,0.0,False,False,True,False,False,True,1113.99,1080.877,863.3621655029297,,0,0,0,,,0.0,0.0,True,True,True,0.10828102215961355,False,True,True,True,0.0667140438424807,False
2017-04-09,2017-04-07,131484.25301767525,151589.894291454,155043.58073176726,0.02227558486467307,1.0,0.0,False,False,True,False,False,True,1210.97,1110.3200000000002,883.1955451416014,,0,0,0,,,0.0,0.0,True,True,True,0.09891196112372347,False,True,True,True,0.06017420163389886,False
2017-04-16,2017-04-13,129121.506014953,149229.8189784528,155043.58073176726,0.03749759729409596,1.0,0.0,False,False,True,True,True,True,1177.99,1126.4869999999999,903.8668550659179,1.0,0,0,0,,,0.0,0.0,True,True,True,0.08105325594035362,False,True,True,True,0.04538955864278171,False
2017-04-23,2017-04-21,133436.48627628555,153548.33080345095,155043.58073176726,0.009644062148584931,1.0,0.0,False,False,True,False,False,True,1251.98,1150.685,925.447000366211,,0,0,0,,,0.0,0.0,True,True,True,0.09339545876485777,False,True,True,True,0.05124664722762917,False
2017-04-30,2017-04-28,138687.11064875408,158802.0244716588,158802.0244716588,0.0,1.0,0.0,False,False,True,False,False,True,1384.55,1183.152,950.0830503173827,,0,0,0,,,0.0,0.0,True,True,True,0.1161406966222891,False,True,True,True,0.06415492931931599,False
2017-05-07,2017-05-05,148801.7826900299,168919.82690465686,168919.82690465686,0.0,1.0,0.0,False,False,True,False,False,True,1609.57,1225.618,981.5131802490234,,2,0,0,sell:IBIT:14311;buy:SSO:10544,rebalance,0.0,0.0,True,True,True,0.12291702199400989,False,True,True,True,0.06820292070937928,False
2017-05-14,2017-05-12,152870.2955028889,172991.75724282916,172991.75724282916,0.0,1.0,0.0,False,False,True,True,True,True,1799.99,1277.7189999999998,1020.448065234375,0.667,2,0,0,sell:IBIT:17804;buy:SGOV:21558,idle_cash_to_sgov;rebalance,0.0,21558.12,True,True,True,0.12539087835999974,False,True,True,True,0.06178047412337806,False
2017-05-21,2017-05-19,158253.63478758084,178378.49258082913,178378.49258082913,0.0,1.0,0.0,False,False,True,False,False,True,2057.0,1359.861,1062.267660229492,,0,0,0,,,0.0,0.0,True,True,True,0.11331894465638714,False,True,True,True,0.05519611035593397,False
2017-05-28,2017-05-26,167819.31390048703,187947.68412093315,187947.68412093315,0.0,1.0,0.0,False,False,True,False,False,True,2232.78,1481.19,1116.4994251586913,,1,0,0,sell:IBIT:9859,rebalance,0.0,0.0,True,True,True,0.13490096721019595,False,True,True,True,0.06759741911858219,False
2017-06-04,2017-06-02,171409.8526046392,191541.81855713384,191541.81855713384,0.0,1.0,0.0,False,False,True,True,True,True,2521.36,1636.0180000000003,1175.2137849487306,1.0,2,0,0,sell:SGOV:8007;buy:IBIT:16161,fund_buys;rebalance,8006.91,0.0,True,True,True,0.1485981314239584,False,True,True,True,0.07560068347329496,False
2017-06-11,2017-06-09,177058.61572344342,197194.31048051355,197194.31048051355,0.0,1.0,0.0,False,False,True,False,False,True,2998.98,1824.5170000000003,1248.142719921875,,0,0,0,,,0.0,0.0,True,True,True,0.11569432991678874,False,True,True,True,0.06945393736372929,False
2017-06-18,2017-06-16,169291.97248907018,189431.48501894815,197194.31048051355,0.03936637645705565,1.0,0.0,False,False,True,False,False,True,2515.25,1954.9450000000002,1311.4980551635742,,0,0,0,,,0.0,0.0,True,True,True,0.09897144381789591,False,True,True,True,0.06701105605777102,False
2017-06-25,2017-06-23,175473.200013359,195616.54759377817,197194.31048051355,0.008001056840284848,1.0,0.0,False,False,True,False,False,True,2505.61,2087.707,1376.7271000366209,,0,0,0,,,0.0,0.0,True,True,True,0.11725895255836072,False,True,True,True,0.06621989658738525,False
2017-07-02,2017-06-30,168593.9263286069,188741.04897937799,197194.31048051355,0.04286767443004347,1.0,0.0,False,False,True,True,True,True,2516.66,2214.175,1436.8878546874998,1.0,0,0,0,,,0.0,0.0,True,True,True,0.08220521677297188,False,True,True,True,0.05642583969945636,False
2017-07-09,2017-07-07,169343.6478401074,189494.7229083952,197194.31048051355,0.03904568825214261,1.0,0.0,False,False,True,True,True,True,2508.99,2326.619,1498.71402980957,1.0,0,0,0,,,0.0,0.0,True,True,True,0.0806587619757888,False,True,True,True,0.054597273690571546,False
2017-07-16,2017-07-14,165865.46827050296,186020.5241550734,197194.31048051355,0.05666383729942526,1.0,0.0,False,False,True,False,False,True,1911.78,2356.84,1544.011789831543,,0,0,0,,,0.0,0.0,True,True,True,0.11055315273560828,False,True,True,True,0.06619386616181555,False
2017-07-23,2017-07-21,176244.89183985486,196404.0232169085,197194.31048051355,0.004007657531697073,1.0,0.0,False,False,True,False,False,True,2754.28,2452.269,1598.3065999999997,,0,0,0,,,0.0,0.0,True,True,True,0.12092254086684506,False,True,True,True,0.06838709548104838,False
2017-07-30,2017-07-28,178558.8137589089,198722.32526316764,198722.32526316764,0.0,1.0,0.0,False,False,True,False,False,True,2723.99,2518.968,1660.2418,,0,0,0,,,0.0,0.0,True,True,True,0.11293494729458975,False,True,True,True,0.0645222986669951,False
2017-08-06,2017-08-04,180283.9585556745,200451.56383413027,200451.56383413027,0.0,1.0,0.0,False,False,True,True,True,True,3222.22,2617.9120000000003,1732.5720999999999,1.0,0,0,0,,,0.0,0.0,True,True,True,0.10560124909735902,False,True,True,True,0.06266401751625383,False
2017-08-13,2017-08-11,193259.0115621922,213430.65065640086,213430.65065640086,0.0,1.0,0.0,False,False,True,True,True,True,4060.47,2771.8230000000003,1826.8313500000002,1.0,2,0,0,sell:IBIT:15866;buy:SGOV:17621,idle_cash_to_sgov;rebalance,0.0,17620.77,True,True,True,0.08761291172472485,False,True,True,True,0.043872461177453914,False
2017-08-20,2017-08-18,204723.7900145825,224899.32002349364,224899.32002349364,0.0,1.0,0.0,False,False,True,False,False,True,4050.99,2877.024,1941.1989,,3,0,0,sell:SGOV:29811;buy:SSO:13040;buy:QLD:13861,fund_buys;rebalance,29810.84,0.0,True,True,True,0.07477555865896957,False,True,True,True,0.03355558512492429,False
2017-08-27,2017-08-25,209688.58850327524,229867.9659507173,229867.9659507173,0.0,1.0,0.0,False,False,True,False,False,True,4340.11,3059.5099999999998,2053.11125,,0,0,0,,,0.0,0.0,True,True,True,0.07513322998054695,False,True,True,True,0.03733475320920987,False
2017-09-03,2017-09-01,223202.46604245369,243385.71930872204,243385.71930872204,0.0,1.0,0.0,False,False,True,False,False,True,4626.05,3271.5539999999996,2180.5002000000004,,0,0,0,,,0.0,0.0,True,True,True,0.09976059954010141,False,True,True,True,0.048317353544920394,False
2017-09-10,2017-09-08,209808.07556769406,229995.24959725636,243385.71930872204,0.05501748315183841,1.0,0.0,False,False,True,False,False,True,4251.36,3445.024,2298.20895,,0,0,0,,,0.0,0.0,True,True,True,0.08162661741214472,False,True,True,True,0.039484268575275205,False
2017-09-17,2017-09-15,203847.83575544582,224038.9756068525,243385.71930872204,0.07949005289554067,1.0,0.0,False,False,True,False,False,True,3719.97,3566.1220000000003,2389.8582,,0,0,0,,,0.0,0.0,True,True,True,0.08968706123546544,False,True,True,True,0.05264380257963275,False
2017-09-24,2017-09-22,201328.91219754933,221524.03524722237,243385.71930872204,0.08982319966673669,1.0,0.0,False,False,False,True,True,True,3669.01,3741.845,2478.7954,1.0,2,0,0,sell_all:IBIT:61324;buy:SGOV:64010,idle_cash_to_sgov;switch_off,0.0,64009.75,True,True,True,0.07372977157583227,False,True,True,True,0.05011533709943072,False
2017-10-01,2017-09-29,205975.99973311657,226175.1123025274,243385.71930872204,0.07071329844280583,1.0,0.0,False,False,True,True,True,True,4394.81,3905.8979999999997,2581.7913,0.667,2,0,0,sell:SGOV:42340;buy:IBIT:41216,fund_buys;switch_on,42339.74,0.0,True,True,True,0.07718172523921818,False,True,True,True,0.05453328365033694,False
2017-10-08,2017-10-06,208489.52363916257,228692.6652582532,243385.71930872204,0.06036941728627665,1.0,0.0,False,False,True,True,True,True,4603.49,4093.8479999999995,2697.7859999999996,0.667,0,0,0,,,0.0,0.0,True,True,True,0.08721637100449153,False,True,True,True,0.0639689661174736,False
2017-10-15,2017-10-13,220015.5343193131,240222.77775961065,243385.71930872204,0.012995592173998372,1.0,0.0,False,False,True,True,True,True,5693.7,4340.996,2847.2090499999995,0.667,0,0,0,,,0.0,0.0,True,True,True,0.08671065088930319,False,True,True,True,0.062365934164786196,False
2017-10-22,2017-10-20,226419.2612824633,246630.6682840485,246630.6682840485,0.0,1.0,0.0,False,False,True,True,True,True,6005.05,4535.454,3011.60635,0.667,1,0,0,sell:IBIT:11413,rebalance,0.0,0.0,True,True,True,0.08387163968984934,False,True,True,True,0.06813691697265867,False
2017-10-29,2017-10-27,225696.41500102123,245912.05288009133,246630.6682840485,0.0029137309198283834,1.0,0.0,False,False,True,True,True,True,6140.01,4744.356000000001,3173.1318000000006,0.667,0,0,0,,,0.0,0.0,True,True,True,0.09728448448889404,False,True,True,True,0.06730889850377175,False
2017-11-05,2017-11-03,239036.26662136966,259256.21381798683,259256.21381798683,0.0,1.0,0.0,False,False,True,True,True,True,7392.0,5049.545,3373.4003500000003,0.667,0,0,0,,,0.0,0.0,True,True,True,0.10594288453591538,False,True,True,True,0.06669934694756696,False
2017-11-12,2017-11-10,232944.96537388,253169.49983632748,259256.21381798683,0.02347760114221442,1.0,0.0,False,False,True,False,False,True,5886.35,5175.575,3566.9454000000005,,0,0,0,,,0.0,0.0,True,True,True,0.10254253695584925,False,True,True,True,0.061117714536429224,False
2017-11-19,2017-11-17,242150.86288406714,262380.1463675484,262380.1463675484,0.0,1.0,0.0,False,False,True,True,True,True,8031.82,5553.621,3776.4597500000004,0.667,0,0,0,,,0.0,0.0,True,True,True,0.0979158861523921,False,True,True,True,0.05649781170856483,False
2017-11-26,2017-11-24,249198.0031188587,269432.20855395915,269432.20855395915,0.0,1.0,0.0,False,False,True,False,False,True,9401.11,6121.735,4014.0583500000007,,0,0,0,,,0.0,0.0,True,True,True,0.10984134854336336,False,True,True,True,0.06355591679621098,False
2017-12-03,2017-12-01,268130.43120513303,288369.53209004976,288369.53209004976,0.0,1.0,0.0,False,False,True,True,True,True,11290.0,6883.834,4314.9683,0.667,2,0,0,sell:IBIT:25901;buy:SGOV:41789,idle_cash_to_sgov;rebalance,0.0,41788.81,True,True,True,0.09228627419664392,False,True,True,True,0.07659646330281733,False
2017-12-10,2017-12-08,295167.9267460237,315411.9409046302,315411.9409046302,0.0,1.0,0.0,False,False,True,False,False,True,15290.01,7973.353999999999,4749.91355,,1,0,0,sell:IBIT:21039,rebalance,0.0,0.0,True,True,True,0.08895603512646622,False,True,True,True,0.07735697204102232,False
2017-12-17,2017-12-15,307801.4151804122,328050.41592137894,328050.41592137894,0.0,1.0,0.0,False,False,True,False,False,True,19378.99,9450.904,5295.35415,,0,0,0,,,0.0,0.0,True,True,True,0.10490038576704408,False,True,True,True,0.08410628624037852,False
2017-12-24,2017-12-22,296791.72470013966,317045.8686163776,328050.41592137894,0.03354529295167463,1.0,0.0,False,False,True,False,False,True,14221.94,10303.728000000001,5767.4466999999995,,0,0,0,,,0.0,0.0,True,True,True,0.09945965807799806,False,True,True,True,0.08370026082611326,False
2017-12-31,2017-12-29,293962.31842028146,314221.72329372406,328050.41592137894,0.04215416886095058,1.0,0.0,False,False,True,False,False,True,13863.13,11089.536000000002,6175.9964,,0,0,0,,,0.0,0.0,True,True,True,0.08398810615578478,False,True,True,True,0.07711994153145962,False
2018-01-07,2018-01-05,310056.63461481524,330321.41283286957,330321.41283286957,0.0,1.0,0.0,False,False,True,False,False,True,16174.22,12092.957,6629.6557,,0,0,0,,,0.0,0.0,True,True,True,0.12294934015945258,False,True,True,True,0.1019572490291043,False
2018-01-14,2018-01-12,304089.1976492653,324359.40070209117,330321.41283286957,0.018049123971853875,1.0,0.0,False,False,True,False,False,True,13656.23,12719.380000000001,7036.326550000001,,0,0,0,,,0.0,0.0,True,True,True,0.1344396148550342,False,True,True,True,0.11467777456665296,False
2018-01-21,2018-01-19,297213.23017642973,317488.9427419,330321.41283286957,0.038848435470522524,1.0,0.0,False,False,True,False,False,True,11518.17,13282.562,7365.119850000001,,1,0,0,buy:IBIT:15616,rebalance,0.0,0.0,True,True,True,0.14194317205091767,False,True,True,True,0.12040924326517466,False
2018-01-28,2018-01-26,302880.6557816148,323161.8794467244,330321.41283286957,0.021674445276630205,1.0,0.0,False,False,True,False,False,True,11536.0,13632.98,7669.1586,,0,0,0,,,0.0,0.0,True,True,True,0.16601025368662414,False,True,True,True,0.13979979298749523,False
2018-02-04,2018-02-02,279080.96152579726,299367.69779232517,330321.41283286957,0.0937078670591841,1.0,0.0,False,False,True,False,False,True,8167.91,13509.66,7925.1186,,0,0,0,,,0.0,0.0,True,True,True,0.11535214684133743,False,True,True,True,0.09071312253185781,False
2018-02-11,2018-02-09,265086.6258434429,285379.15972687746,330321.41283286957,0.13605613006000072,1.0,0.0,False,False,True,False,False,True,8072.99,13187.958999999999,8108.6999,,2,0,0,sell:SGOV:11990;buy:SPY:15905,fund_buys;w10_entry,11990.36,0.0,True,True,True,0.05367296106210029,False,True,True,True,0.03161741277144792,False
2018-02-18,2018-02-16,285773.05043555924,306071.6393887542,330321.41283286957,0.07341265961581744,1.0,0.0,False,False,True,False,False,True,10380.04,12696.962,8355.7044,,0,0,0,,,0.0,0.0,True,True,True,0.10770192965694303,False,True,True,True,0.07273473247591244,False
2018-02-25,2018-02-23,289065.62240554,309370.4572430135,330321.41283286957,0.06342596869569728,1.0,0.0,False,False,True,False,False,True,9597.99,11718.862000000001,8604.79395,,0,0,0,,,0.0,0.0,True,True,True,0.12408770356131948,False,True,True,True,0.07594400650562405,False
2018-03-04,2018-03-02,289844.19070583186,310155.34023545,330321.41283286957,0.06104984967360516,1.0,0.0,False,False,True,True,True,True,11469.9,11443.658,8845.22405,0.667,0,0,0,,,0.0,0.0,True,True,True,0.1048891413217421,False,True,True,True,0.050662502756683825,False
2018-03-11,2018-03-09,290069.1827711463,310386.7157495407,330321.41283286957,0.06034939398075012,1.0,0.0,False,False,False,True,True,True,9533.88,11010.732999999998,9045.5447,0.667,2,0,0,sell_all:IBIT:47833;buy:SGOV:49364,idle_cash_to_sgov;switch_off,0.0,49363.73,True,True,True,0.1458864675378322,False,True,True,True,0.08405698671667339,False
2018-03-18,2018-03-16,290582.9880909496,310907.0735602721,330321.41283286957,0.05877408644537496,1.0,0.0,False,False,False,True,True,True,8192.0,10212.511,9186.21765,0.667,0,0,0,,,0.0,0.0,True,True,True,0.12696934547101368,False,True,True,True,0.06700666925254883,False
2018-03-25,2018-03-23,271610.6632358545,291941.54279410816,330321.41283286957,0.11618947046033679,1.0,0.0,False,False,False,False,False,True,8453.0,9692.188,9328.6798,,0,0,0,,,0.0,0.0,True,True,True,0.04104913025779933,False,True,True,True,0.0011769029477162185,False
2018-04-01,2018-03-29,275479.04013761866,295815.674157939,330321.41283286957,0.10446110162525013,1.0,0.0,False,False,False,True,True,True,6816.01,9221.971999999998,9437.49675,0.667,0,0,0,,,0.0,0.0,True,True,True,0.05001315981850918,False,True,True,True,0.019985104272040477,False
2018-04-08,2018-04-06,270641.56793380895,290985.7971307601,330321.41283286957,0.11908285135003294,1.0,0.0,False,False,False,True,True,True,7020.01,8770.372999999998,9548.80375,0.667,0,0,0,,,0.0,0.0,True,True,True,0.0232863162318655,False,True,True,True,0.004153244024947211,False
2018-04-15,2018-04-13,277028.8747977533,297379.77101715136,330321.41283286957,0.09972602603387826,1.0,0.0,False,False,False,True,True,True,8355.25,8789.107,9678.8486,0.667,0,0,0,,,0.0,0.0,True,True,True,0.05086279091182555,False,True,True,True,0.022036751075578342,False
2018-04-22,2018-04-20,278446.60260421375,298804.35207297275,330321.41283286957,0.0954133142311403,1.0,0.0,False,False,False,True,True,True,8795.01,8861.309,9823.5887,0.667,0,0,0,,,0.0,0.0,True,True,True,0.05254809087056156,False,True,True,True,0.02477758700495314,False
2018-04-29,2018-04-27,278108.73038305884,298473.52509030997,330321.41283286957,0.09641484477021611,1.0,0.0,False,False,False,True,True,True,9389.01,8762.205999999998,9985.1386,0.667,0,0,0,,,0.0,0.0,True,True,True,0.046996364058730755,False,True,True,True,0.02243309315718256,False
2018-05-06,2018-05-04,279983.31354788906,300355.1447697016,330321.41283286957,0.09071851505530404,1.0,0.0,False,False,False,False,False,True,9600.0,8762.407,10119.22045,,0,0,0,,,0.0,0.0,True,True,True,0.061331073977670014,False,True,True,True,0.018132852393888843,False
2018-05-13,2018-05-11,287178.2174774398,307557.1825525952,330321.41283286957,0.06891539390391321,1.0,0.0,False,False,False,True,True,True,8686.1,8484.027,10226.777600000001,0.667,0,0,0,,,0.0,0.0,True,True,True,0.08602201367860296,False,True,True,True,0.04048066981576204,False
2018-05-20,2018-05-18,284874.6451948987,305260.97559227375,330321.41283286957,0.0758668262698291,1.0,0.0,False,False,False,True,True,True,8516.86,8382.325,10304.9023,0.667,0,0,0,,,0.0,0.0,True,True,True,0.06833872633661242,False,True,True,True,0.03244138181908274,False
2018-05-27,2018-05-25,287118.27750359254,307511.959125789,330321.41283286957,0.06905230124642658,1.0,0.0,False,False,False,True,True,True,7346.64,8297.789,10320.077800000001,0.667,0,0,0,,,0.0,0.0,True,True,True,0.07879530106908916,False,True,True,True,0.0331439616520286,False
2018-06-03,2018-06-01,290278.473259127,310679.4918326646,330321.41283286957,0.05946305700182708,1.0,0.0,False,False,False,True,True,True,7706.37,8223.126,10349.520400000001,0.667,0,0,0,,,0.0,0.0,True,True,True,0.09402831916007037,False,True,True,True,0.036136544126712966,False
2018-06-10,2018-06-08,293871.0780725714,314279.5146673043,330321.41283286957,0.04856451184314192,1.0,0.0,False,False,False,True,True,True,6770.31,8218.556,10331.2616,0.667,0,0,0,,,0.0,0.0,True,True,True,0.09898369171704524,False,True,True,True,0.04975569991903184,False
2018-06-17,2018-06-15,296162.9468847434,316578.8041962156,330321.41283286957,0.04160374744947959,1.0,0.0,False,False,False,False,False,True,6447.16,8161.271000000001,10239.2266,,0,0,0,,,0.0,0.0,True,True,True,0.10894459508571952,False,True,True,True,0.04665274446399392,False
2018-06-24,2018-06-22,293658.0501352674,314081.3588356469,330321.41283286957,0.049164399782461454,1.0,0.0,False,False,False,True,True,True,6149.99,7940.745,10063.558149999999,0.667,0,0,0,,,0.0,0.0,True,True,True,0.0947030838674825,False,True,True,True,0.034441427514956935,False
2018-07-01,2018-06-29,288788.3424086069,309219.06603903836,330321.41283286957,0.06388428353116848,1.0,0.0,False,False,False,False,False,True,6349.5,7696.194,9701.439999999999,,0,0,0,,,0.0,0.0,True,True,True,0.0665774197543545,False,True,True,True,0.018504589884130063,False
2018-07-08,2018-07-06,294078.436843444,314516.67322484025,330321.41283286957,0.04784654882796202,1.0,0.0,False,False,False,False,False,True,6701.97,7427.49,9298.43,,0,0,0,,,0.0,0.0,True,True,True,0.08810241012287467,False,True,True,True,0.03223645744765946,False
2018-07-15,2018-07-13,299562.47705260647,320008.3074163645,330321.41283286957,0.031221425605015618,1.0,0.0,False,False,False,True,True,True,6348.73,7102.363,8997.55015,0.667,0,0,0,,,0.0,0.0,True,True,True,0.10772388902556784,False,True,True,True,0.04492690339589411,False
2018-07-22,2018-07-20,299073.0981776297,319526.6037910257,330321.41283286957,0.03267971322012253,1.0,0.0,False,False,False,True,True,True,7397.8,6973.533,8757.32635,0.667,0,0,0,,,0.0,0.0,True,True,True,0.09808616542918691,False,True,True,True,0.04234137072166866,False
2018-07-29,2018-07-27,298682.075443819,319143.2647918185,330321.41283286957,0.033840216246310284,1.0,0.0,False,False,False,True,True,True,8216.34,6943.481000000002,8492.80665,0.667,0,0,0,,,0.0,0.0,True,True,True,0.08463899953596421,False,True,True,True,0.04594754758334063,False
2018-08-05,2018-08-03,301779.8101424333,322248.7646164332,330321.41283286957,0.02443876752404439,1.0,0.0,False,False,False,False,False,True,7030.01,6911.817999999999,8298.56675,,0,0,0,,,0.0,0.0,True,True,True,0.09444376931545695,False,True,True,True,0.05135490757777528,False
2018-08-12,2018-08-10,301857.2705556045,322334.07163740805,330321.41283286957,0.024180512934239617,1.0,0.0,False,False,False,True,True,True,6316.01,6772.782000000001,8124.3109,0.667,0,0,0,,,0.0,0.0,True,True,True,0.09086468338951725,False,True,True,True,0.045987588738008345,False
2018-08-19,2018-08-17,302123.27104739135,322608.0171405446,330321.41283286957,0.02335118279549031,1.0,0.0,False,False,False,True,True,True,6489.53,6744.704000000001,7965.447700000001,0.667,0,0,0,,,0.0,0.0,True,True,True,0.08142101073952968,False,True,True,True,0.049642195753438756,False
2018-08-26,2018-08-24,305635.9692552983,326128.68028484716,330321.41283286957,0.012692887548721443,1.0,0.0,False,False,False,True,True,True,6709.98,6770.986,7907.349200000001,0.667,0,0,0,,,0.0,0.0,True,True,True,0.09268464202693383,False,True,True,True,0.05599463020471118,False
2018-09-02,2018-08-31,310730.5910537185,331231.4329827303,331231.4329827303,0.0,1.0,0.0,False,False,False,True,True,True,7295.0,6885.486999999999,7852.964400000001,1.0,0,0,0,,,0.0,0.0,True,True,True,0.11209237345536849,False,True,True,True,0.06275473625952488,False
2018-09-09,2018-09-07,304499.1764746523,325008.19727626164,331231.4329827303,0.018788179764307245,1.0,0.0,False,False,False,False,False,True,6235.01,6874.037999999999,7713.4037,,0,0,0,,,0.0,0.0,True,True,True,0.0757488388366474,False,True,True,True,0.04947293455312041,False
2018-09-16,2018-09-14,308492.5792376442,329009.8891630181,331231.4329827303,0.006706923312522761,1.0,0.0,False,False,False,True,True,True,6498.0,6853.6410000000005,7585.6727,1.0,0,0,0,,,0.0,0.0,True,True,True,0.08806321465404543,False,True,True,True,0.05886399586961466,False
2018-09-23,2018-09-21,309419.4182505495,329945.0881236335,331231.4329827303,0.0038835229117999415,1.0,0.0,False,False,False,True,True,True,6696.99,6888.467,7429.772250000001,1.0,0,0,0,,,0.0,0.0,True,True,True,0.0813233318912856,False,True,True,True,0.06519106425454257,False
2018-09-30,2018-09-28,310912.5154075044,331446.6611396444,331446.6611396444,0.0,1.0,0.0,False,False,False,True,True,True,6605.0,6809.187,7342.76735,1.0,0,0,0,,,0.0,0.0,True,True,True,0.0903367013297991,False,True,True,True,0.05693658524165501,False
2018-10-07,2018-10-05,304412.8244253469,324955.5226758803,331446.6611396444,0.019584262642577288,1.0,0.0,False,False,False,False,False,True,6570.0,6644.553,7276.94605,,0,0,0,,,0.0,0.0,True,True,True,0.05347081873626913,False,True,True,True,0.044362151446232234,False
2018-10-14,2018-10-12,293123.4899510012,313674.8456188943,331446.6611396444,0.05361893059849676,1.0,0.0,False,False,False,False,False,True,6183.49,6559.901000000001,7206.62825,,1,0,0,buy:SPY:17587,w10_entry,0.0,0.0,True,True,True,0.016430078708986606,False,True,True,True,0.00034487392262017025,False
2018-10-21,2018-10-19,291936.34889192233,312496.57965307357,331446.6611396444,0.05717384939529324,1.0,0.0,False,False,False,False,False,True,6415.88,6569.887999999999,7186.703,,0,0,0,,,0.0,0.0,True,True,True,0.006945852854534973,False,True,True,True,-0.0001655277376954034,False
2018-10-28,2018-10-26,280629.7880435546,301199.00479014846,331446.6611396444,0.09125949932786337,1.0,0.0,False,False,False,False,False,True,6403.62,6561.2970000000005,7171.57285,,3,0,0,sell_all:QLD:67871;sell_all:SSO:60150;buy:SGOV:131153,idle_cash_to_sgov;switch_off,0.0,131152.88,False,True,True,-0.030215388198177928,True,False,True,True,-0.039155026429632644,True
2018-11-04,2018-11-02,284519.0434810441,305097.27268633107,331446.6611396444,0.0794981260716694,1.0,0.0,False,False,False,False,False,True,6423.28,6532.6269999999995,7111.70395,,0,0,0,,,0.0,0.0,False,True,True,-0.014638800393224183,False,False,True,True,-0.015047286228368817,False
2018-11-11,2018-11-09,285011.4598414449,305598.7618541959,331446.6611396444,0.07798509478590976,1.0,0.0,False,False,False,False,False,True,6357.6,6438.887,7024.2474,,0,0,0,,,0.0,0.0,False,True,True,-0.0046113939346315025,False,False,True,True,0.006507589361843591,False
2018-11-18,2018-11-16,284873.13419332553,305469.5920022711,331446.6611396444,0.07837481013703351,1.0,0.0,False,False,False,False,False,True,5560.0,6371.3859999999995,6903.8891,,0,0,0,,,0.0,0.0,False,True,True,-0.02871597160693773,False,False,True,True,-0.008846397355841806,False
2018-11-25,2018-11-23,284323.95220659545,304929.6262476724,331446.6611396444,0.08000392823628377,1.0,0.0,False,False,False,False,False,True,3936.69,6115.255,6720.1242999999995,,0,0,0,,,0.0,0.0,False,True,True,-0.07690500874680672,False,False,True,True,-0.046427504194262004,False
2018-12-02,2018-11-30,285236.13073789515,305851.1099238881,331446.6611396444,0.07722374130349863,1.0,0.0,False,False,False,False,False,True,4103.19,5855.875,6560.7950500000015,,0,0,0,,,0.0,0.0,False,True,True,-0.018089046847011292,False,False,True,True,-0.0006189367796152201,False
2018-12-09,2018-12-07,284585.60576211533,305209.86031531845,331446.6611396444,0.07915844055907362,1.0,0.0,False,False,False,False,False,True,3531.18,5548.493,6401.99025,,0,0,0,,,0.0,0.0,False,True,True,-0.06568557113249707,False,False,True,True,-0.04657542818909799,False
2018-12-16,2018-12-14,284509.26748515666,305142.880797467,331446.6611396444,0.07936052290203977,1.0,0.0,False,False,False,False,False,True,3195.0,5210.993,6258.753549999999,,0,0,0,,,0.0,0.0,False,True,True,-0.06769610877682708,False,False,True,True,-0.057741532476737745,False
2018-12-23,2018-12-21,283460.2456178177,304103.1880001805,331446.6611396444,0.08249735582022821,1.0,0.0,False,False,False,False,False,True,3944.93,4987.137000000001,6126.70305,,0,0,0,,,0.0,0.0,False,True,True,-0.14344823408267382,False,False,True,True,-0.12239699422604522,False
2018-12-30,2018-12-28,284032.05376630195,304684.3802733565,331446.6611396444,0.08074385415218421,1.0,0.0,False,False,False,False,False,True,3829.0,4728.449,6013.51,,0,0,0,,,0.0,0.0,False,True,True,-0.10736669157514878,False,False,True,True,-0.0951748352738252,False
2019-01-06,2019-01-04,284450.03690485365,305111.7461407661,331446.6611396444,0.07945445854946465,1.0,0.0,False,False,False,False,False,True,4040.99,4492.186,5916.9649,,0,0,0,,,0.0,0.0,False,True,True,-0.08620430286988778,False,False,True,True,-0.07679092439647539,False
2019-01-13,2019-01-11,284909.94304471713,305581.1129756246,331446.6611396444,0.07803834280630195,1.0,0.0,False,False,False,False,False,True,3514.24,4201.281999999999,5831.1657000000005,,0,0,0,,,0.0,0.0,False,True,True,-0.06046485679510272,False,False,True,True,-0.052797541313371665,False
2019-01-20,2019-01-18,285040.2429413057,305720.8665658104,331446.6611396444,0.07761669550502803,1.0,0.0,False,False,False,False,False,True,3536.19,3919.1409999999996,5735.3327500000005,,0,0,0,,,0.0,0.0,False,True,True,-0.03502880707789424,False,False,True,True,-0.025686879116868955,False
2019-01-27,2019-01-25,285169.114564566,305859.08825665776,331446.6611396444,0.07719967006156125,1.0,0.0,False,False,False,False,False,True,3531.02,3716.243,5630.00315,,0,0,0,,,0.0,0.0,False,True,True,-0.0351022946549967,False,False,True,True,-0.027930824645610697,False
2019-02-03,2019-02-01,285297.969931782,305997.29251203034,331446.6611396444,0.07678269722225917,1.0,0.0,False,False,False,False,False,True,3414.78,3664.0519999999997,5517.55765,,0,0,0,,,0.0,0.0,False,True,True,-0.022960137198383634,False,False,True,True,-0.01274557082827077,False
2019-02-10,2019-02-08,285427.1962695469,306135.89465310687,331446.6611396444,0.0763645239312688,1.0,0.0,False,False,False,False,False,True,3648.84,3618.6169999999997,5370.48705,,0,0,0,,,0.0,0.0,False,True,True,-0.01856782826793857,False,False,True,True,-0.012669787587887504,False
2019-02-17,2019-02-15,285557.73272528534,306275.9019656006,331446.6611396444,0.07594211113033023,1.0,0.0,False,False,False,False,False,True,3625.08,3628.007,5215.6267,,0,0,0,,,0.0,0.0,False,True,True,0.00024253183793310207,False,False,True,True,0.011192756609425647,False
2019-02-24,2019-02-22,285688.6382998381,306416.3051777141,331446.6611396444,0.07551850386987169,1.0,0.0,False,False,False,False,False,True,3734.22,3681.929,5107.9078,,0,0,0,,,0.0,0.0,False,True,True,0.004288945578863945,False,False,True,True,0.01642921661981922,False
2019-03-03,2019-03-01,285820.5470572755,306557.784356988,331446.6611396444,0.07509165033395915,1.0,0.0,False,False,False,False,False,True,3786.93,3666.129,5021.1648,,0,0,0,,,0.0,0.0,False,True,True,0.012192256652439726,False,False,True,True,0.01966086010504453,False
2019-03-10,2019-03-08,285952.1250919583,306698.90881846467,331446.6611396444,0.07466586700884903,1.0,0.0,False,False,False,False,False,True,3900.92,3673.321,4931.33035,,0,0,0,,,0.0,0.0,False,True,True,-0.00772106515011195,False,False,True,True,-0.002831564605268455,False
2019-03-17,2019-03-15,286084.15550709155,306840.51848210744,331446.6611396444,0.07423861979158675,1.0,0.0,False,False,False,False,False,True,3967.01,3665.9230000000002,4829.3099,,3,0,0,sell:SGOV:138301;buy:SSO:71521;buy:QLD:71521,fund_buys;switch_on,138301.14,0.0,True,True,True,0.03239332328198241,True,True,True,True,0.025253033994942164,True
2019-03-24,2019-03-22,285169.59084580245,305935.53749451943,331446.6611396444,0.076969016846957,1.0,0.0,False,False,False,False,False,True,3969.52,3711.451,4719.9282,,0,0,0,,,0.0,0.0,True,True,True,0.03396477693543365,False,True,True,True,0.01644841196701874,False
2019-03-31,2019-03-29,287878.12279488816,308653.6404654032,331446.6611396444,0.06876829169396304,1.0,0.0,False,False,False,True,True,True,4094.99,3767.3309999999997,4639.55455,1.0,0,0,0,,,0.0,0.0,True,True,True,0.040829380009634875,False,True,True,True,0.028336786639197253,False
2019-04-07,2019-04-05,294804.76174262376,315589.7181998506,331446.6611396444,0.04784161314303603,1.0,0.0,False,False,True,True,True,True,5194.79,3933.708,4585.8146,1.0,2,0,0,sell:SGOV:82168;buy:IBIT:88441,fund_buys;switch_on,82167.55,0.0,True,True,True,0.06797930778153227,False,True,True,True,0.04854076058411061,False
2019-04-14,2019-04-12,294247.56323291454,315042.01972357265,331446.6611396444,0.049494061456724636,1.0,0.0,False,False,True,True,True,True,5164.27,4108.657000000001,4535.910800000001,1.0,0,0,0,,,0.0,0.0,True,True,True,0.0732637191497032,False,True,True,True,0.05243563859169753,False
2019-04-21,2019-04-18,299387.1430217466,320189.75884210126,331446.6611396444,0.03396293768305725,1.0,0.0,False,False,True,True,True,True,5297.64,4273.536999999999,4489.04205,1.0,0,0,0,,,0.0,0.0,True,True,True,0.08001613529758234,False,True,True,True,0.05013516923637962,False
2019-04-28,2019-04-26,300257.4069190651,321070.87624617945,331446.6611396444,0.03130453888957241,1.0,0.0,False,False,True,False,False,True,5155.0,4426.529,4444.023249999999,,0,0,0,,,0.0,0.0,True,True,True,0.0968867719056472,False,True,True,True,0.06110798325515754,False
2019-05-05,2019-05-03,310905.00374056934,331727.980433193,331727.980433193,0.0,1.0,0.0,False,False,True,False,False,True,5715.86,4624.693,4415.073,,0,0,0,,,0.0,0.0,True,True,True,0.0978684380221786,False,True,True,True,0.06185677022277414,False
2019-05-12,2019-05-10,314461.0104573086,335293.498856084,335293.498856084,0.0,1.0,0.0,False,False,True,True,True,True,6979.76,4943.976000000001,4411.3435,1.0,0,0,0,,,0.0,0.0,True,True,True,0.06059603100234323,False,True,True,True,0.03795329200248143,False
2019-05-19,2019-05-17,324358.90895225893,345200.8620141856,345200.8620141856,0.0,1.0,0.0,False,False,True,True,True,True,8200.0,5373.884,4462.709599999999,1.0,0,0,0,,,0.0,0.0,True,True,True,0.04851390732517613,False,True,True,True,0.02986769938296696,False
2019-05-26,2019-05-24,334496.58453876583,355347.87518907565,355347.87518907565,0.0,1.0,0.0,False,False,True,False,False,True,8731.72,5850.3550000000005,4519.97095,,2,0,0,sell:IBIT:37020;buy:SGOV:46693,idle_cash_to_sgov;rebalance,0.0,46693.38,True,True,True,0.02024766278339274,False,True,True,True,0.017777876808521276,False
2019-06-02,2019-05-31,334890.73822329537,355751.2675381322,355751.2675381322,0.0,1.0,0.0,False,False,True,True,True,True,8736.55,6327.058,4603.1735499999995,1.0,0,0,0,,,0.0,0.0,True,True,True,-0.0033166310947981836,False,True,True,True,-0.008443694410035563,False
2019-06-09,2019-06-07,340397.8794682358,361267.600333157,361267.600333157,0.0,1.0,0.0,False,False,True,False,False,True,7634.58,6681.017,4698.93595,,0,0,0,,,0.0,0.0,True,True,True,0.0377680682073771,False,True,True,True,0.03546846923225222,False
2019-06-16,2019-06-14,348046.0854561025,368924.65874488186,368924.65874488186,0.0,1.0,0.0,False,False,True,True,True,True,8975.0,7059.0380000000005,4853.38305,1.0,0,0,0,,,0.0,0.0,True,True,True,0.04627273109891128,False,True,True,True,0.04023821600911037,False
2019-06-23,2019-06-21,375310.5109443162,396197.6772069623,396197.6772069623,0.0,1.0,0.0,False,False,True,True,True,True,10833.02,7625.9130000000005,5058.6708,1.0,0,0,0,,,0.0,0.0,True,True,True,0.08108893004019202,False,True,True,True,0.06286704029869972,False
2019-06-30,2019-06-28,404367.46733028034,425262.96106788534,425262.96106788534,0.0,1.0,0.0,False,False,True,False,False,True,10761.26,8172.275,5348.3027,,2,0,0,sell:IBIT:36048;buy:SGOV:36249,idle_cash_to_sgov;rebalance,0.0,36249.04,True,True,True,0.0723373800944156,False,True,True,True,0.05927538544986333,False
2019-07-07,2019-07-05,393542.48288959125,414446.4906036583,425262.96106788534,0.025434781428097075,1.0,0.0,False,False,True,True,True,True,11474.42,8804.217,5621.0533000000005,1.0,0,0,0,,,0.0,0.0,True,True,True,0.09518545836201553,False,True,True,True,0.07614101289898323,False
2019-07-14,2019-07-12,401447.97280206543,422360.70426425355,425262.96106788534,0.006824616929590799,1.0,0.0,False,False,True,False,False,True,10185.03,9251.134,5892.0785,,0,0,0,,,0.0,0.0,True,True,True,0.10809044237973042,False,True,True,True,0.08382537496608156,False
2019-07-21,2019-07-19,385838.232349096,406759.3358617196,425262.96106788534,0.04351102000442486,1.0,0.0,False,False,True,True,True,True,10590.7,9612.228,6122.415249999999,1.0,0,0,0,,,0.0,0.0,True,True,True,0.0918399499577125,False,True,True,True,0.06969165645443098,False
2019-07-28,2019-07-26,386857.7804271633,407787.04147488694,425262.96106788534,0.041094384399512074,1.0,0.0,False,False,False,True,True,True,9533.0,9745.527999999998,6328.5324,1.0,2,0,0,sell_all:IBIT:92313;buy:SGOV:92032,idle_cash_to_sgov;switch_off,0.0,92031.52,True,True,True,0.11541474739812352,False,True,True,True,0.08637723486761284,False
2019-08-04,2019-08-02,372055.5314266554,392993.0621621433,425262.96106788534,0.07588222314190851,1.0,0.0,False,False,True,True,True,True,10977.51,9970.107,6561.8245,1.0,2,0,0,sell:SGOV:124019;buy:IBIT:111617,fund_buys;switch_on,124018.52,0.0,True,True,True,0.06758329239554484,False,True,True,True,0.05083307667000336,False
2019-08-11,2019-08-09,370502.59583669674,391448.17574830016,425262.96106788534,0.07951500228158193,1.0,0.0,False,False,True,True,True,True,11540.76,10250.528,6845.7729,1.0,0,0,0,,,0.0,0.0,True,True,True,0.059699222253772666,False,True,True,True,0.044989998653788055,False
2019-08-18,2019-08-16,355217.76938550523,376171.1490022981,425262.96106788534,0.11543872041503911,1.0,0.0,False,False,False,True,True,True,10315.48,10518.617999999999,7090.637749999999,0.667,2,0,0,sell_all:IBIT:99127;buy:SGOV:111043,idle_cash_to_sgov;switch_off,0.0,111043.08,True,True,True,0.051394808054831875,False,True,True,True,0.03244162588317656,False
2019-08-25,2019-08-23,352488.7319486919,373449.67875757883,425262.96106788534,0.12183822023953661,1.0,0.0,False,False,False,True,True,True,10138.72,10634.99,7334.068899999999,0.667,0,0,0,,,0.0,0.0,True,True,True,0.029638877013434595,False,True,True,True,0.01590932527595923,False
2019-09-01,2019-08-30,360661.3545646126,381630.1068065665,425262.96106788534,0.10260205627066987,1.0,0.0,False,False,False,True,True,True,9766.52,10528.34,7552.48865,0.667,0,0,0,,,0.0,0.0,True,True,True,0.0586923197350675,False,True,True,True,0.04310063002833209,False
2019-09-08,2019-09-06,366941.1351344993,387917.7012795664,425262.96106788534,0.08781686440441605,1.0,0.0,False,False,False,True,True,True,10398.97,10492.111,7789.1338,0.667,0,0,0,,,0.0,0.0,True,True,True,0.07819383427705251,False,True,True,True,0.060008164110700424,False
2019-09-15,2019-09-13,369315.7796050251,390300.05927124596,425262.96106788534,0.0822147823756939,1.0,0.0,False,False,False,True,True,True,10304.46,10375.115,8013.710999999999,0.667,0,0,0,,,0.0,0.0,True,True,True,0.07900606506691199,False,True,True,True,0.06701112431430811,False
2019-09-22,2019-09-20,366970.35975368856,387962.37878119515,425262.96106788534,0.08771180587423844,1.0,0.0,False,False,False,True,True,True,10026.8,10359.292,8235.9895,1.0,0,0,0,,,0.0,0.0,True,True,True,0.06599414124859582,False,True,True,True,0.05914262430752393,False
2019-09-29,2019-09-27,362696.8223189389,383696.3361908971,425262.96106788534,0.0977433463112084,1.0,0.0,False,False,False,False,False,True,8052.4,10105.462,8396.52535,,0,0,0,,,0.0,0.0,True,True,True,0.042989712976747585,False,True,True,True,0.04550200970154461,False
2019-10-06,2019-10-04,363390.38027070306,384396.98307655135,425262.96106788534,0.09609578480268943,1.0,0.0,False,False,False,False,False,True,7859.79,9938.141,8545.00405,,0,0,0,,,0.0,0.0,True,True,True,0.0490545439717569,False,True,True,True,0.03898070821204813,False
2019-10-13,2019-10-11,366134.6956045441,387148.05585259676,425262.96106788534,0.08962667503320199,1.0,0.0,False,False,False,True,True,True,8282.97,9668.686999999998,8698.308200000001,1.0,0,0,0,,,0.0,0.0,True,True,True,0.05562440248206002,False,True,True,True,0.0409198237574091,False
2019-10-20,2019-10-18,367524.5288352858,388544.5104962828,425262.96106788534,0.08634293115816671,1.0,0.0,False,False,False,True,True,True,8236.12,9338.222999999998,8830.49085,1.0,0,0,0,,,0.0,0.0,True,True,True,0.05319288244919318,False,True,True,True,0.04194478902125054,False
2019-10-27,2019-10-25,372711.79392789555,393738.3472473477,425262.96106788534,0.07412969552150894,1.0,0.0,False,False,True,True,True,True,9548.84,9261.558999999997,8943.6633,1.0,2,0,0,sell:SGOV:121516;buy:IBIT:111814,fund_buys;switch_on,121515.83,0.0,True,True,True,0.06968389149729726,False,True,True,True,0.050591314124774245,False
2019-11-03,2019-11-01,375749.8329222094,396782.8447099912,425262.96106788534,0.0669706016399294,1.0,0.0,False,False,True,True,True,True,9206.52,9168.339,9088.36085,1.0,0,0,0,,,0.0,0.0,True,True,True,0.08201050802602916,False,True,True,True,0.06197497504366045,False
2019-11-10,2019-11-08,374645.67952640366,395684.77713080787,425262.96106788534,0.06955269243952766,1.0,0.0,False,False,False,True,True,True,9032.23,9094.91,9219.9904,1.0,2,0,0,sell_all:IBIT:105069;buy:SGOV:116975,idle_cash_to_sgov;switch_off,0.0,116974.7,True,True,True,0.08914462359210296,False,True,True,True,0.06704915412945711,False
2019-11-17,2019-11-15,376507.7687899113,397553.04621680063,425262.96106788534,0.06515948339705357,1.0,0.0,False,False,False,False,False,True,8500.01,8905.014,9339.9822,,0,0,0,,,0.0,0.0,True,True,True,0.09166910922319871,False,True,True,True,0.0725827187172734,False
2019-11-24,2019-11-22,375240.48084383877,396291.98027652595,425262.96106788534,0.06812486259938988,1.0,0.0,False,False,False,False,False,True,6908.64,8565.431999999997,9407.9549,,0,0,0,,,0.0,0.0,True,True,True,0.08121477804067956,False,True,True,True,0.06550449864688668,False
2019-12-01,2019-11-29,379882.53693299065,400940.369780727,425262.96106788534,0.05719423865666884,1.0,0.0,False,False,False,True,True,True,7404.27,8303.179,9414.209350000001,1.0,0,0,0,,,0.0,0.0,True,True,True,0.09438309387393184,False,True,True,True,0.07304883392643235,False
2019-12-08,2019-12-06,379979.80574016727,401043.88161492854,425262.96106788534,0.05695083200319129,1.0,0.0,False,False,False,False,False,True,7520.0,8249.939,9401.609250000001,,0,0,0,,,0.0,0.0,True,True,True,0.08912461159088259,False,True,True,True,0.07166582858109827,False
2019-12-15,2019-12-13,383340.04450726346,404410.2440475735,425262.96106788534,0.04903487707452403,1.0,0.0,False,False,False,False,False,True,7111.0,8175.0599999999995,9359.301899999999,,0,0,0,,,0.0,0.0,True,True,True,0.09624235014656457,False,True,True,True,0.07620624076820381,False
2019-12-22,2019-12-20,390386.15330921876,411462.5649011583,425262.96106788534,0.03245144164935654,1.0,0.0,False,False,False,True,True,True,7513.06,8098.069,9319.6855,1.0,0,0,0,,,0.0,0.0,True,True,True,0.11542012028633986,False,True,True,True,0.09001904636078106,False
2019-12-29,2019-12-27,393507.1252581128,414589.80845192965,425262.96106788534,0.02509777148038983,1.0,0.0,False,False,False,False,False,True,7384.89,8012.945999999999,9296.72405,,0,0,0,,,0.0,0.0,True,True,True,0.1229204595260387,False,True,True,True,0.09317522941870315,False
2020-01-05,2020-01-03,393766.86356579914,414855.7335675111,425262.96106788534,0.02447245223106309,1.0,0.0,False,False,False,False,False,True,7355.4,7793.602000000001,9237.127349999999,,0,0,0,,,0.0,0.0,True,True,True,0.12172914066312845,False,True,True,True,0.08843326293537346,False
2020-01-12,2020-01-10,399579.361065048,420674.31570812827,425262.96106788534,0.010790136409327578,1.0,0.0,False,False,False,True,True,True,8180.81,7691.031,9133.121149999999,1.0,0,0,0,,,0.0,0.0,True,True,True,0.1381247116857569,False,True,True,True,0.09464639078019177,False
2020-01-19,2020-01-17,407918.5571620292,429019.6791314887,429019.6791314887,0.0,1.0,0.0,False,False,False,True,True,True,8697.53,7657.561,9040.2237,1.0,0,0,0,,,0.0,0.0,True,True,True,0.15837033679166845,False,True,True,True,0.11199920212051206,False
2020-01-26,2020-01-24,405196.1005519139,426303.40310186846,429019.6791314887,0.006331355324117327,1.0,0.0,False,False,False,True,True,True,8595.0,7667.06,8929.87515,1.0,0,0,0,,,0.0,0.0,True,True,True,0.14963260992686633,False,True,True,True,0.09744664963367367,False
2020-02-02,2020-01-31,397445.49288076075,418558.9605828626,429019.6791314887,0.0243828408286606,1.0,0.0,False,False,True,True,True,True,9323.5,7908.546,8882.0803,1.0,2,0,0,sell:SGOV:132277;buy:IBIT:119234,fund_buys;switch_on,132277.16,0.0,True,True,True,0.125709727523017,False,True,True,True,0.07093193431163214,False
2020-02-09,2020-02-07,418385.3683570337,439505.03772638534,439505.03772638534,0.0,1.0,0.0,False,False,True,False,False,True,10168.35,8184.954000000001,8858.2239,,0,0,0,,,0.0,0.0,True,True,True,0.17112739239508823,False,True,True,True,0.1012405485322776,False
2020-02-16,2020-02-14,435078.3537625503,456204.26713302365,456204.26713302365,0.0,1.0,0.0,False,False,True,True,True,True,9921.0,8425.054,8873.235550000001,1.0,0,0,0,,,0.0,0.0,True,True,True,0.19226940157476324,False,True,True,True,0.11460541981869166,False
2020-02-23,2020-02-21,419795.8107818756,440928.0046186246,456204.26713302365,0.03348557568389576,1.0,0.0,False,False,True,True,True,True,9965.01,8710.454999999998,8825.38475,1.0,0,0,0,,,0.0,0.0,True,True,True,0.16500044287826743,False,True,True,True,0.09738620133236764,False
2020-03-01,2020-02-28,362103.1854241723,383241.4648142927,456204.26713302365,0.1599345020976226,0.9627456171339152,-0.037254382866084845,False,False,False,True,True,True,8522.31,8811.38,8742.3007,1.0,3,1,0,sell_all:IBIT:110206;sell_all:SSO:77381;buy:SPY:20917,switch_off;w10_entry,0.0,178995.87,True,True,True,0.0395862041833035,False,False,True,True,-0.030504897751231663,True
2020-03-08,2020-03-06,365712.69081877253,386855.08230353385,456204.26713302365,0.1520134506091071,0.9924495602158484,0.02970394308193325,False,False,False,False,False,True,8037.76,8876.667,8685.2815,,1,0,0,buy:SGOV:182986,idle_cash_to_sgov,0.0,182986.1,True,True,True,0.044021099806949904,False,False,True,True,-0.0260325996462184,False
2020-03-15,2020-03-13,349478.248601504,370622.2851831569,456204.26713302365,0.1875957506660324,0.8590159350023785,-0.1334336252134699,False,False,False,False,False,True,5345.35,8675.662,8553.8818,,2,0,0,sell_all:QLD:78163;buy:SGOV:77772,idle_cash_to_sgov;switch_off,0.0,77771.94,False,True,True,-0.02329615270301344,True,False,True,True,-0.11090080163836846,False
2020-03-22,2020-03-20,330433.6364021231,351578.4260664965,456204.26713302365,0.22933990013736427,0.702475374484884,-0.15654056051749454,False,False,False,True,True,True,5818.25,8439.405999999999,8404.66165,1.0,0,0,0,,,0.0,0.0,False,True,True,-0.14568627785091914,False,False,True,True,-0.24173800322464656,False
2020-03-29,2020-03-27,332161.1143825515,353305.9561846117,456204.26713302365,0.22555315318523317,0.7166756755553756,0.014200301070491639,False,False,False,False,False,True,5877.21,8157.374000000001,8269.04965,,0,0,0,,,0.0,0.0,False,True,True,-0.07331204738797525,False,False,True,True,-0.16110764660686983,False
2020-04-05,2020-04-03,331798.61970756465,352943.75116657285,456204.26713302365,0.2263471067804398,0.7136983495733508,-0.0029773259820248255,False,False,False,True,True,True,6778.25,7975.6990000000005,8142.24385,1.0,0,0,0,,,0.0,0.0,False,True,True,-0.08097016334898521,False,False,True,True,-0.17607422978466425,False
2020-04-12,2020-04-09,333910.32363730704,355055.9243482123,456204.26713302365,0.22171722202527688,0.7310604174052117,0.017362067831860895,False,False,False,False,False,True,6908.13,7734.161999999999,8056.0831499999995,,0,0,0,,,0.0,0.0,False,True,True,0.004643145562648554,False,False,True,True,-0.07497981764926698,False
2020-04-19,2020-04-17,334517.2441648044,355663.8529274917,456204.26713302365,0.22038464225108967,0.7360575915584138,0.004997174153202111,False,False,False,False,False,True,7130.71,7430.398000000001,8012.949199999999,,3,0,0,sell:SGOV:68297;buy:QLD:61556;buy:SGOV:6840,fund_buys;idle_cash_to_sgov;switch_on,68296.93,6839.55,True,True,True,0.07399626605544052,True,False,True,True,-0.04585022343615475,False
2020-04-26,2020-04-24,334534.7045059501,355681.7883470229,456204.26713302365,0.2203453278017884,0.7362050207432935,0.00014742918487975487,False,False,False,True,True,True,7706.4,7208.938,7981.46265,1.0,0,0,0,,,0.0,0.0,True,True,True,0.06582912387227746,False,False,True,True,-0.05693049908699921,False
2020-05-03,2020-05-01,333498.6362900375,354646.1720448412,456204.26713302365,0.22261539929561713,0.7276922526414358,-0.008512768101857748,False,False,True,True,True,True,8909.95,7103.432000000001,7990.1124,1.0,2,0,0,sell:SGOV:80895;buy:IBIT:72805,fund_buys;switch_on,80894.79,0.0,True,True,True,0.05459131868388534,False,False,True,True,-0.058008333167382076,False
2020-05-10,2020-05-08,351081.1060045116,372229.1342404025,456204.26713302365,0.1840735366645201,0.8722242375080496,0.14453198486661378,False,False,True,True,True,True,8729.86,7124.187,8036.1559,1.0,3,1,0,sell:SGOV:11820;buy:QLD:8629;buy:IBIT:9290,fund_buys;governor_restore,11819.98,1990.96,True,True,True,0.11166334880853279,False,False,True,True,-0.024041055239355402,False
2020-05-17,2020-05-15,344814.2828544085,365962.8093769532,456204.26713302365,0.19780932415030894,0.8207150344363414,-0.05150920307170814,False,False,True,True,True,True,9676.63,7288.0740000000005,8046.9213,1.0,0,0,0,,,0.0,0.0,True,True,True,0.09957478798501529,False,False,True,True,-0.044934436276520606,False
2020-05-24,2020-05-22,348252.68725417904,369401.71207511815,456204.26713302365,0.19027124757821456,0.8489828215816954,0.02826778714535394,False,False,True,False,False,True,8715.73,7625.111999999999,8047.65355,,0,0,0,,,0.0,0.0,True,True,True,0.12494207933346146,False,False,True,True,-0.014756234106689803,False
2020-05-31,2020-05-29,353146.64278554305,374296.2006821694,456204.26713302365,0.17954252590752473,0.8892155278467823,0.040232706265086904,False,False,True,True,True,True,9446.57,7987.944,8062.71025,1.0,0,0,0,,,0.0,0.0,True,True,True,0.13700290079326516,False,False,True,True,0.014129313131678867,False
2020-06-07,2020-06-05,360922.80979801924,382072.9587295289,456204.26713302365,0.16249586806665917,0.9531404947500282,0.0639249669032459,False,False,True,True,True,True,9750.12,8375.235,8111.6047499999995,1.0,2,0,0,sell:SGOV:72356;buy:SSO:86003,fund_buys;switch_on,72355.87,0.0,True,True,True,0.16176988413680804,False,True,True,True,0.0619111405631485,True
2020-06-14,2020-06-12,346291.24152238236,367442.056836363,456204.26713302365,0.19456681292018396,0.8328744515493101,-0.1202660432007181,False,False,True,False,False,True,9325.0,8629.91,8191.7871,,3,1,1,sell:QLD:11618;sell:SSO:5112;sell:IBIT:1450,governor_cut,0.0,27645.36,True,True,True,0.13528031361784065,False,True,True,True,0.009103223025595186,False
2020-06-21,2020-06-19,352314.8268812181,373466.31439342693,456204.26713302365,0.18136163710075803,0.8823938608721573,0.04951940932284726,False,False,True,True,True,True,9286.14,8867.711,8260.6705,1.0,1,0,0,buy:SGOV:27737,idle_cash_to_sgov,0.0,27737.14,True,True,True,0.16795937311017428,False,True,True,True,0.02623497704803368,False
2020-06-28,2020-06-26,344531.22967527737,365683.3430465829,456204.26713302365,0.19842191449745028,0.8184178206345614,-0.06397604023759595,False,False,True,True,True,True,9113.24,9065.964,8327.6751,1.0,0,0,0,,,0.0,0.0,True,True,True,0.1420130735359486,False,True,True,True,-0.0039367001510253186,False
2020-07-05,2020-07-02,356815.3885796451,377968.0003334688,456204.26713302365,0.1714939390883473,0.9193977284186976,0.10097990778413624,False,False,False,True,True,True,9074.39,9202.763,8400.3752,1.0,2,0,0,sell_all:IBIT:83041;buy:SGOV:82626,idle_cash_to_sgov;switch_off,0.0,82626.01,True,True,True,0.1927676142665138,False,True,True,True,0.03545461839195041,False
2020-07-12,2020-07-10,369137.9782643075,390291.25068220374,456204.26713302365,0.14448136766682296,1.0,0.0806022715813024,False,False,True,True,True,True,9303.37,9242.105,8472.104150000001,1.0,2,0,0,sell:SGOV:120734;buy:IBIT:110741,fund_buys;switch_on,120734.39,0.0,True,True,True,0.23961159111923314,False,True,True,True,0.05214860073054495,False
2020-07-19,2020-07-17,366042.18582492723,387196.00881277194,456204.26713302365,0.15126613951668655,0.9952519768124254,-0.004748023187574613,False,False,False,True,True,True,9212.87,9290.405999999999,8540.462000000001,1.0,2,0,0,sell_all:IBIT:108906;buy:SGOV:120667,idle_cash_to_sgov;switch_off,0.0,120666.52,True,True,True,0.20768232591237745,False,True,True,True,0.0631905700722526,False
2020-07-26,2020-07-24,362695.6173090285,383849.92712880083,456204.26713302365,0.15860075237552562,0.9677471785917788,-0.027504798220646554,False,False,True,True,True,True,9941.0,9316.842999999999,8610.241950000001,1.0,2,0,0,sell:SGOV:116644;buy:IBIT:105299,fund_buys;switch_on,116643.92,0.0,True,True,True,0.17896325542509417,False,True,True,True,0.05730680135095567,False
2020-08-02,2020-07-31,382414.0613689194,403568.8058695395,456204.26713302365,0.1153769595235642,1.0,0.032252821408221166,False,False,True,True,True,True,11068.54,9552.124,8712.730749999999,1.0,0,0,0,,,0.0,0.0,True,True,True,0.21663404913929707,False,True,True,True,0.07300485938131951,False
2020-08-09,2020-08-07,392179.4060107177,413334.5330380621,456204.26713302365,0.09397048029465549,1.0,0.0,False,False,True,True,True,True,11688.48,9776.315,8811.723049999999,1.0,0,0,0,,,0.0,0.0,True,True,True,0.23159769166799316,False,True,True,True,0.09632733358642431,False
2020-08-16,2020-08-14,396817.48058020836,417973.0307132422,456204.26713302365,0.0838028908849151,1.0,0.0,False,False,True,True,True,True,11918.84,9993.186999999998,8916.1958,1.0,0,0,0,,,0.0,0.0,True,True,True,0.22393638807032046,False,True,True,True,0.1003112886657005,False
2020-08-23,2020-08-21,403500.79589081387,424656.7575457201,456204.26713302365,0.06915215805753239,1.0,0.0,False,False,True,True,True,True,11650.01,10225.687999999998,9001.841649999998,1.0,0,0,0,,,0.0,0.0,True,True,True,0.255558352138199,False,True,True,True,0.10531176922372554,False
2020-08-30,2020-08-28,415465.950657951,436622.3470277472,456204.26713302365,0.04292357944904235,1.0,0.0,False,False,True,True,True,True,11716.01,10468.675,9054.2389,1.0,0,0,0,,,0.0,0.0,True,True,True,0.2907746117895462,False,True,True,True,0.1378385690189452,False
2020-09-06,2020-09-04,394491.88581805077,415648.72270804405,456204.26713302365,0.0888977752879152,1.0,0.0,False,False,False,True,True,True,10257.86,10583.136999999999,9084.965549999999,1.0,3,0,0,sell_all:IBIT:107748;buy:SGOV:95241;buy:SPY:23670,idle_cash_to_sgov;switch_off;w10_entry,0.0,95240.92,True,True,True,0.2380940644629248,False,True,True,True,0.10806970130062066,False
2020-09-13,2020-09-11,374363.8642347548,395521.17063594476,456204.26713302365,0.13301738030298704,1.0,0.0,False,False,False,True,True,True,10336.76,10709.374,9112.78515,1.0,0,0,0,,,0.0,0.0,True,True,True,0.17393135813327176,False,True,True,True,0.07860043591531429,False
2020-09-20,2020-09-18,370672.88338516076,391830.6303253965,456204.26713302365,0.14110704665736196,1.0,0.0,False,False,True,True,True,True,10920.89,10871.126,9189.3005,1.0,2,0,0,sell:SGOV:105268;buy:IBIT:111202,fund_buys;switch_on,105267.9,0.0,True,True,True,0.1493742761417145,False,True,True,True,0.06957975640275693,False
2020-09-27,2020-09-25,374446.131283556,395604.2897883985,456204.26713302365,0.13283518307590692,1.0,0.0,False,False,False,True,True,True,10778.2,11027.659,9265.23415,1.0,2,0,0,sell_all:IBIT:112720;buy:SGOV:124513,idle_cash_to_sgov;switch_off,0.0,124512.73,True,True,True,0.1637293834007172,False,True,True,True,0.061554686656538404,False
2020-10-04,2020-10-02,380480.930659756,401639.4891435074,456204.26713302365,0.1196060228292557,1.0,0.0,False,False,False,True,True,True,10671.11,11100.67,9454.939950000002,1.0,0,0,0,,,0.0,0.0,True,True,True,0.1658561583164906,False,True,True,True,0.07604682817315345,False
2020-10-11,2020-10-09,395182.364972932,416341.30605237326,456204.26713302365,0.08737963222300771,1.0,0.0,False,False,True,True,True,True,11374.01,11131.217,9616.810850000002,1.0,2,0,0,sell:SGOV:129380;buy:IBIT:118555,fund_buys;switch_on,129380.43,0.0,True,True,True,0.2056358088889534,False,True,True,True,0.11553400025542038,False
2020-10-18,2020-10-16,396423.70574474183,417583.0758032228,456204.26713302365,0.08465767225833376,1.0,0.0,False,False,True,True,True,True,11514.2,11113.789,9793.5875,1.0,0,0,0,,,0.0,0.0,True,True,True,0.20865534523237494,False,True,True,True,0.11532641605174576,False
2020-10-25,2020-10-23,409633.2264456373,430793.01969456725,456204.26713302365,0.055701468112411945,1.0,0.0,False,False,True,True,True,True,13045.0,11226.405,9990.9696,1.0,0,0,0,,,0.0,0.0,True,True,True,0.18396304197544655,False,True,True,True,0.10769442778939742,False
2020-11-01,2020-10-30,394871.9377538159,416032.1368098573,456204.26713302365,0.08805733136961802,1.0,0.0,False,False,True,True,True,True,13771.59,11438.563,10222.6211,1.0,2,0,0,sell:SGOV:13151;buy:SPY:23692,fund_buys;w10_entry,13151.27,0.0,True,True,True,0.11276359373793099,False,True,True,True,0.044892206343130514,False
2020-11-08,2020-11-06,446316.5682126597,467477.1498940563,467477.1498940563,0.0,1.0,0.0,False,False,True,True,True,True,15482.9,11815.252,10492.192949999999,1.0,0,0,0,,,0.0,0.0,True,True,True,0.20973968015080846,False,True,True,True,0.12043252958638062,False
2020-11-15,2020-11-13,455808.92225741287,476969.9155585582,476969.9155585582,0.0,1.0,0.0,False,False,True,True,True,True,15966.89,12386.155,10774.524599999999,1.0,0,0,0,,,0.0,0.0,True,True,True,0.18616847521749214,False,True,True,True,0.14189080276849775,False
2020-11-22,2020-11-20,478725.88438423036,499887.23133699707,499887.23133699707,0.0,1.0,0.0,False,False,True,True,True,True,18437.66,13196.245,11091.66095,1.0,2,0,0,sell:IBIT:50367;buy:SGOV:52747,idle_cash_to_sgov;rebalance,0.0,52747.35,True,True,True,0.1753972722239232,False,True,True,True,0.13059608886963026,False
2020-11-29,2020-11-27,477971.52973882656,499133.20136060205,499887.23133699707,0.0015084001533272051,1.0,0.0,False,False,True,True,True,True,18202.04,13924.36,11400.403499999999,1.0,0,0,0,,,0.0,0.0,True,True,True,0.20408973044639445,False,True,True,True,0.15441077795741953,False
2020-12-06,2020-12-04,501383.28863311146,522545.3139178463,522545.3139178463,0.0,1.0,0.0,False,False,True,True,True,True,19375.6,14784.100000000002,11736.278100000001,1.0,0,0,0,,,0.0,0.0,True,True,True,0.2221567587982194,False,True,True,True,0.17095919815067706,False
2020-12-13,2020-12-11,488410.5604826447,509572.93363835174,522545.3139178463,0.02482536908087951,1.0,0.0,False,False,True,True,True,True,19166.65,15633.653999999999,12072.49535,1.0,0,0,0,,,0.0,0.0,True,True,True,0.19632058309919764,False,True,True,True,0.15419942344256188,False
2020-12-20,2020-12-18,534472.5383652317,555635.2478017291,555635.2478017291,0.0,1.0,0.0,False,False,True,True,True,True,23476.51,16843.904000000002,12501.580049999999,1.0,0,0,0,,,0.0,0.0,True,True,True,0.21983724552763229,False,True,True,True,0.16271414868534362,False
2020-12-27,2020-12-24,539939.1894463453,561102.1945823899,561102.1945823899,0.0,1.0,0.0,False,False,True,True,True,True,26258.65,18318.349000000002,13014.878399999998,1.0,0,0,0,,,0.0,0.0,True,True,True,0.2061574231022394,False,True,True,True,0.153628308226041,False
2021-01-03,2020-12-31,589720.5171521599,610883.8991657385,610883.8991657385,0.0,1.0,0.0,False,False,True,False,False,True,33080.66,20321.915,13720.203399999999,,2,0,0,sell:IBIT:47510;buy:SSO:38835,rebalance,0.0,0.0,True,True,True,0.21048659588041652,False,True,True,True,0.16123236448451705,False
2021-01-10,2021-01-08,665069.1249500284,686232.9244358911,686232.9244358911,0.0,1.0,0.0,False,False,True,True,True,True,38171.57,22761.913,14698.150699999998,1.0,0,0,0,,,0.0,0.0,True,True,True,0.2149688566816519,False,True,True,True,0.169912140958409,False
2021-01-17,2021-01-15,632943.498327756,654107.6399154548,686232.9244358911,0.04681396560336204,1.0,0.0,False,False,True,True,True,True,35820.0,24795.623,15650.73435,1.0,0,0,0,,,0.0,0.0,True,True,True,0.17301170769639374,False,True,True,True,0.14196022425076515,False
2021-01-24,2021-01-22,636891.2144620679,658055.7155520984,686232.9244358911,0.04106070676651874,1.0,0.0,False,False,True,True,True,True,32288.56,26427.79,16510.160450000003,1.0,0,0,0,,,0.0,0.0,True,True,True,0.21245106094304456,False,True,True,True,0.1553843023981003,False
2021-01-31,2021-01-29,623956.2724921677,645121.09250109,686232.9244358911,0.05990944250976671,1.0,0.0,False,False,True,True,True,True,33137.74,27897.798,17338.32995,1.0,1,0,0,buy:SGOV:36087,idle_cash_to_sgov,0.0,36087.45,True,True,True,0.15975519359229828,False,True,True,True,0.10873684317147347,False
2021-02-07,2021-02-05,670699.5320760468,691864.5840291125,691864.5840291125,0.0,1.0,0.0,False,False,True,True,True,True,38871.42,29964.735999999997,18315.24535,1.0,0,0,0,,,0.0,0.0,True,True,True,0.20769930914187684,False,True,True,True,0.151396397438466,False
2021-02-14,2021-02-12,740248.3644944447,761413.5788100389,761413.5788100389,0.0,1.0,0.0,False,False,True,True,True,True,48680.69,32895.245,19601.35625,1.0,2,0,0,sell:IBIT:73432;buy:SGOV:73064,idle_cash_to_sgov;rebalance,0.0,73064.38,True,True,True,0.21251781701851402,False,True,True,True,0.15658412864819105,False
2021-02-21,2021-02-19,771725.997365827,792891.3682463634,792891.3682463634,0.0,1.0,0.0,False,False,True,True,True,True,57489.16,36727.49600000001,21055.00605,1.0,2,0,0,sell:SGOV:62568;buy:QLD:56641,fund_buys;rebalance,62567.69,0.0,True,True,True,0.1826168967778914,False,True,True,True,0.14122350096300296,False
2021-02-28,2021-02-26,702890.550213444,724056.0718613887,792891.3682463634,0.08681554515748802,1.0,0.0,False,False,True,True,True,True,45231.75,38903.020000000004,22334.39875,1.0,0,0,0,,,0.0,0.0,True,True,True,0.1145769485897854,False,True,True,True,0.10545497971769824,False
2021-03-07,2021-03-05,712555.3579806144,733721.0535922862,792891.3682463634,0.07462600429734034,1.0,0.0,False,False,True,True,True,True,50978.61,41375.016,23645.25515,1.0,0,0,0,,,0.0,0.0,True,True,True,0.0852111832227953,False,True,True,True,0.10669906152003472,False
2021-03-14,2021-03-12,763297.3010490476,784463.1706258762,792891.3682463634,0.010629700307026702,1.0,0.0,False,False,True,False,False,True,58972.7,43964.22,25231.03725,,0,0,0,,,0.0,0.0,True,True,True,0.10035225186990737,False,True,True,True,0.1284725700671141,False
2021-03-21,2021-03-19,767914.0658029062,789080.0571561868,792891.3682463634,0.004806851534537526,1.0,0.0,False,False,True,True,True,True,57363.32,45883.395000000004,26839.154,1.0,0,0,0,,,0.0,0.0,True,True,True,0.08644460796353459,False,True,True,True,0.11281133985255298,False
2021-03-28,2021-03-26,752633.778600854,773799.8337421285,792891.3682463634,0.024078373493281457,1.0,0.0,False,False,True,True,True,True,55778.82,47879.277,28373.85665,1.0,0,0,0,,,0.0,0.0,True,True,True,0.08890372055795748,False,True,True,True,0.12438691112564837,False
2021-04-04,2021-04-01,789769.7515032651,810935.8878295182,810935.8878295182,0.0,1.0,0.0,False,False,True,False,False,True,58215.94,50472.015,30045.2242,,0,0,0,,,0.0,0.0,True,True,True,0.11209432380889539,False,True,True,True,0.1313095944017475,False
2021-04-11,2021-04-09,810863.099888489,832029.3289979437,832029.3289979437,0.0,1.0,0.0,False,False,True,True,True,True,59985.26,53156.76700000001,31715.090799999994,0.667,2,0,0,sell:IBIT:112237;buy:SGOV:118083,idle_cash_to_sgov;rebalance,0.0,118082.74,True,True,True,0.14647208146631252,False,True,True,True,0.15403764729926928,False
2021-04-18,2021-04-16,835136.2603451808,856302.576439272,856302.576439272,0.0,1.0,0.0,False,False,True,True,True,True,56274.41,54897.066000000006,33475.76465,0.667,0,0,0,,,0.0,0.0,True,True,True,0.15340985188618528,False,True,True,True,0.1610288126231998,False
2021-04-25,2021-04-23,800340.0546927477,821506.4693698573,856302.576439272,0.040635294143462564,1.0,0.0,False,False,False,True,True,True,49121.0,54941.09700000001,34943.8364,0.667,2,0,0,sell_all:IBIT:144887;buy:SGOV:144724,idle_cash_to_sgov;switch_off,0.0,144723.65,True,True,True,0.1372450527994853,False,True,True,True,0.15149969096763627,False
2021-05-02,2021-04-30,806414.6487297677,827581.1503922481,856302.576439272,0.03354121176004765,1.0,0.0,False,False,True,True,True,True,56625.2,54854.701,36497.963650000005,0.667,2,0,0,sell:SGOV:170959;buy:IBIT:161364,fund_buys;switch_on,170958.67,0.0,True,True,True,0.1232716905357858,False,True,True,True,0.14384466206501179,False
2021-05-09,2021-05-07,804424.3610883299,825590.9381384553,856302.576439272,0.03586540452619413,1.0,0.0,False,False,True,True,True,True,58312.57,56162.78300000001,38082.2104,0.667,0,0,0,,,0.0,0.0,True,True,True,0.10545002806142789,False,True,True,True,0.15046522123564965,False
2021-05-16,2021-05-14,769242.6000897004,790409.2525277298,856302.576439272,0.07695098172604331,1.0,0.0,False,False,False,True,True,True,46450.79,55710.001000000004,39396.13485,0.667,2,0,0,sell_all:IBIT:139146;buy:SGOV:156380,idle_cash_to_sgov;switch_off,0.0,156379.69,True,True,True,0.07339860353863226,False,True,True,True,0.127566219757693,False
2021-05-23,2021-05-21,754121.737115652,775288.4417454763,856302.576439272,0.09460923851318237,1.0,0.0,False,False,False,True,True,True,34758.67,53288.598,40281.1378,0.667,0,0,0,,,0.0,0.0,True,True,True,0.0698424215335891,False,True,True,True,0.1162595305857872,False
2021-05-30,2021-05-28,766276.4330306666,787443.2014506359,856302.576439272,0.08041477029646604,1.0,0.0,False,False,False,True,True,True,35669.44,51119.21,41047.037749999996,0.667,0,0,0,,,0.0,0.0,True,True,True,0.0862060571320955,False,True,True,True,0.12286889567276638,False
2021-06-06,2021-06-04,770482.2044787843,791649.0308899573,856302.576439272,0.07550315429174681,1.0,0.0,False,False,False,True,True,True,35800.48,49121.376,41757.53315,0.667,0,0,0,,,0.0,0.0,True,True,True,0.08874550367934941,False,True,True,True,0.12477536277448298,False
2021-06-13,2021-06-11,778424.9018281349,799591.8210255504,856302.576439272,0.06622747259448836,1.0,0.0,False,False,False,True,True,True,39015.24,47201.306,42372.79150000001,0.667,0,0,0,,,0.0,0.0,True,True,True,0.1016442718949857,False,True,True,True,0.12327774909374822,False
2021-06-20,2021-06-18,772882.1688061164,794049.2213844348,856302.576439272,0.07270018421958135,1.0,0.0,False,False,False,True,True,True,35585.78,44761.35799999999,43053.151549999995,0.667,0,0,0,,,0.0,0.0,True,True,True,0.10132141771011516,False,True,True,True,0.09661652841513724,False
2021-06-27,2021-06-25,791697.6269654494,812864.8767169797,856302.576439272,0.05072704545969908,1.0,0.0,False,False,False,True,True,True,34709.23,42604.840000000004,43545.093499999995,0.667,0,0,0,,,0.0,0.0,True,True,True,0.11874231514651146,False,True,True,True,0.12068974402137833,False
2021-07-04,2021-07-02,809276.5380973727,830444.0024217817,856302.576439272,0.03019794022460731,1.0,0.0,False,False,False,True,True,True,35284.05,41221.145,44087.017,0.667,0,0,0,,,0.0,0.0,True,True,True,0.1411223298157518,False,True,True,True,0.1324750357183495,False
2021-07-11,2021-07-09,813660.4600734246,834828.1331734676,856302.576439272,0.025078101896061966,1.0,0.0,False,False,False,True,True,True,34259.23,38984.547999999995,44453.0425,0.667,0,0,0,,,0.0,0.0,True,True,True,0.14213153270859902,False,True,True,True,0.13089292616105008,False
2021-07-18,2021-07-16,805450.7450306804,826618.6443067234,856302.576439272,0.034665237439763574,1.0,0.0,False,False,False,True,True,True,31788.25,36332.115999999995,44656.84115,0.667,0,0,0,,,0.0,0.0,True,True,True,0.12295563557206801,False,True,True,True,0.11222710627777466,False
2021-07-25,2021-07-23,826221.1024643299,847389.2047209439,856302.576439272,0.010409138035520349,1.0,0.0,False,False,False,True,True,True,35428.26,35229.863,44665.8425,0.667,0,0,0,,,0.0,0.0,True,True,True,0.148360611015232,False,True,True,True,0.12694435182441577,False
2021-08-01,2021-07-30,820308.1940159978,841476.505054657,856302.576439272,0.017314056727781524,1.0,0.0,False,False,False,True,True,True,39865.41,35740.537,44740.448599999996,0.667,0,0,0,,,0.0,0.0,True,True,True,0.12988165013800135,False,True,True,True,0.11609449706673458,False
2021-08-08,2021-08-06,828241.1768388863,849409.7082607722,856302.576439272,0.008049570757059032,1.0,0.0,False,False,False,True,True,True,43829.14,36556.507000000005,44908.13305,0.667,0,0,0,,,0.0,0.0,True,True,True,0.13416672224830584,False,True,True,True,0.11981443331950148,False
2021-08-15,2021-08-13,832239.7427512978,853408.5061580064,856302.576439272,0.003379728568959739,1.0,0.0,False,False,True,True,True,True,47014.49,37677.908,45410.09945,0.667,2,0,0,sell:SGOV:184964;buy:IBIT:166531,fund_buys;switch_on,184963.76,0.0,True,True,True,0.1288808773325325,False,True,True,True,0.1205560127619163,False
2021-08-22,2021-08-20,834796.1679712334,855965.1865641808,856302.576439272,0.0003940077775944628,1.0,0.0,False,False,True,True,True,True,49284.63,38704.846999999994,45848.165649999995,0.667,0,0,0,,,0.0,0.0,True,True,True,0.11762412432419933,False,True,True,True,0.10612257105298228,False
2021-08-29,2021-08-27,850410.9513996607,871580.1787836911,871580.1787836911,0.0,1.0,0.0,False,False,True,True,True,True,48802.58,40026.52700000001,46091.239,0.667,0,0,0,,,0.0,0.0,True,True,True,0.13553516692893264,False,True,True,True,0.11619696637956545,False
2021-09-05,2021-09-03,868161.9124169399,889331.3369944408,889331.3369944408,0.0,1.0,0.0,False,False,True,True,True,True,51789.17,41734.52099999999,46108.229550000004,1.0,2,0,0,sell:SGOV:71381;buy:IBIT:80897,fund_buys;rebalance,71381.23,0.0,True,True,True,0.14396890372052096,False,True,True,True,0.11613208067695169,False
2021-09-12,2021-09-10,828605.1247533759,849774.7465260648,889331.3369944408,0.04447902465920106,1.0,0.0,False,False,True,True,True,True,46024.23,42808.539,45879.8459,1.0,0,0,0,,,0.0,0.0,True,True,True,0.12247614608948809,False,True,True,True,0.0922456675072294,False
2021-09-19,2021-09-17,831950.0392138168,853119.8523837059,889331.3369944408,0.04071765280768602,1.0,0.0,False,False,True,True,True,True,47255.92,44108.208,45867.556,1.0,0,0,0,,,0.0,0.0,True,True,True,0.1082496871153209,False,True,True,True,0.08053478409783121,False
2021-09-26,2021-09-24,807431.2731386465,828601.231307604,889331.3369944408,0.06828737857374789,1.0,0.0,False,False,False,True,True,True,43178.02,45247.185000000005,45571.00085000001,1.0,2,0,0,sell_all:IBIT:218165;buy:SGOV:226124,idle_cash_to_sgov;switch_off,0.0,226123.72,True,True,True,0.10272404734100249,False,True,True,True,0.08129492941643779,False
2021-10-03,2021-10-01,787047.465609676,808217.5687787283,889331.3369944408,0.09120759028894931,1.0,0.0,False,False,True,True,True,True,48233.99,46527.757999999994,45100.60325,1.0,2,0,0,sell:SGOV:255437;buy:IBIT:236114,fund_buys;switch_on,255436.54,0.0,True,True,True,0.059460971613012115,False,True,True,True,0.05296678395119847,False
2021-10-10,2021-10-08,824470.8898998015,845641.1612701693,889331.3369944408,0.049126994525938494,1.0,0.0,False,False,True,True,True,True,54690.53,48010.27,45008.588599999995,1.0,0,0,0,,,0.0,0.0,True,True,True,0.057717054013395996,False,True,True,True,0.057059345098896985,False
2021-10-17,2021-10-15,874660.8483139585,895831.3284877655,895831.3284877655,0.0,1.0,0.0,False,False,True,True,True,True,61527.11,49780.066999999995,45104.021349999995,1.0,0,0,0,,,0.0,0.0,True,True,True,0.07697589956841222,False,True,True,True,0.07194014950594663,False
2021-10-24,2021-10-22,885819.8491037034,906990.54388319,906990.54388319,0.0,1.0,0.0,False,False,True,True,True,True,60854.48,51164.06599999999,45260.529800000004,1.0,0,0,0,,,0.0,0.0,True,True,True,0.0867544876560209,False,True,True,True,0.08449604683652545,False
2021-10-31,2021-10-29,914985.1472008685,936156.0855893795,936156.0855893795,0.0,1.0,0.0,False,False,True,True,True,True,61343.68,52369.971,45288.737850000005,1.0,0,0,0,,,0.0,0.0,True,True,True,0.11647133249535768,False,True,True,True,0.0938848937444432,False
2021-11-07,2021-11-05,933672.570303548,954843.7059014677,954843.7059014677,0.0,1.0,0.0,False,False,True,True,True,True,63309.13,53820.62599999999,45426.057799999995,1.0,0,0,0,,,0.0,0.0,True,True,True,0.1463186985727265,False,True,True,True,0.11027556705457853,False
2021-11-14,2021-11-12,941744.1330747071,962915.4716842296,962915.4716842296,0.0,1.0,0.0,False,False,True,True,True,True,65505.02,55192.210999999996,45886.8376,1.0,0,0,0,,,0.0,0.0,True,True,True,0.1293815436952157,False,True,True,True,0.10106972802825087,False
2021-11-21,2021-11-19,924748.0484886143,945919.5901116878,962915.4716842296,0.017650439807363805,1.0,0.0,False,False,True,True,True,True,58671.21,56456.909,46005.3507,1.0,0,0,0,,,0.0,0.0,True,True,True,0.14956994420806047,False,True,True,True,0.09908447214757321,False
2021-11-28,2021-11-26,880895.8112066354,902067.5732465645,962915.4716842296,0.06319131868474015,1.0,0.0,False,False,False,True,True,True,57317.17,57463.034,46018.4579,1.0,2,0,0,sell_all:IBIT:268645;buy:SGOV:293539,idle_cash_to_sgov;switch_off,0.0,293538.79,True,True,True,0.10761570692777078,False,True,True,True,0.07112849137475741,False
2021-12-05,2021-12-03,877342.7320222197,898514.7260823757,962915.4716842296,0.06688099578378448,1.0,0.0,False,False,False,True,True,True,49484.22,58093.653999999995,46343.2483,1.0,0,0,0,,,0.0,0.0,True,True,True,0.08160335555537257,False,True,True,True,0.05405885771928598,False
2021-12-12,2021-12-10,913274.1931720802,934446.4366568149,962915.4716842296,0.029565456018293745,1.0,0.0,False,False,False,True,True,True,50089.64,58279.219,46739.13970000001,1.0,0,0,0,,,0.0,0.0,True,True,True,0.11827908643736795,False,True,True,True,0.08927105289399928,False
2021-12-19,2021-12-17,886049.8003230353,907222.2700326045,962915.4716842296,0.05783810032069836,1.0,0.0,False,False,False,True,True,True,46687.19,57478.88500000001,47115.392900000006,1.0,0,0,0,,,0.0,0.0,True,True,True,0.0761346463142214,False,True,True,True,0.06310889147393595,False
2021-12-26,2021-12-23,912875.05646495,934047.7408003348,962915.4716842296,0.029979506750891005,1.0,0.0,False,False,False,True,True,True,50801.79,56406.353,47593.123550000004,1.0,0,0,0,,,0.0,0.0,True,True,True,0.10567486722320818,False,True,True,True,0.08343204153394557,False
2022-01-02,2021-12-31,917611.8546469434,938784.8522234482,962915.4716842296,0.025059956112839954,1.0,0.0,False,False,False,True,True,True,47299.07,55050.812,47920.323650000006,1.0,0,0,0,,,0.0,0.0,True,True,True,0.1000904545669894,False,True,True,True,0.08751722535326589,False
2022-01-09,2022-01-07,884745.7874038136,905919.0982264667,962915.4716842296,0.059191460864234435,1.0,0.0,False,False,False,True,True,True,41876.52,53104.096,48225.70575,1.0,0,0,0,,,0.0,0.0,True,True,True,0.04561241761199519,False,True,True,True,0.06220583428754822,False
2022-01-16,2022-01-14,883082.9468086638,904256.7159067425,962915.4716842296,0.060917866108109564,1.0,0.0,False,False,False,True,True,True,43104.34,51083.617000000006,48534.11405,1.0,0,0,0,,,0.0,0.0,True,True,True,0.04229720251788205,False,True,True,True,0.05475191308028249,False
2022-01-23,2022-01-21,821328.1461668034,842502.5185780051,962915.4716842296,0.1250503877517004,1.0,0.0,False,False,False,True,True,True,36282.47,48161.362,48712.361150000004,1.0,2,0,0,sell_all:QLD:211364;buy:SGOV:224807,idle_cash_to_sgov;switch_off,0.0,224807.06,False,True,True,-0.03763359975986136,True,True,True,True,-0.007037665980654806,False
2022-01-30,2022-01-28,818076.8040865146,839251.9306635688,962915.4716842296,0.1284261647643501,1.0,0.0,False,False,False,True,True,True,37901.35,46084.37599999999,48854.462400000004,1.0,0,0,0,,,0.0,0.0,False,True,True,-0.03713338194026394,False,True,True,True,-0.0007142012519518737,False
2022-02-06,2022-02-04,824253.3347657584,845429.285154256,962915.4716842296,0.12201090332932252,1.0,0.0,False,False,False,True,True,True,42415.16,44594.175,49142.1848,1.0,0,0,0,,,0.0,0.0,False,True,True,-0.022735260079086217,False,True,True,True,0.012673886853559635,False
2022-02-13,2022-02-11,816200.2804408108,837377.3447647113,962915.4716842296,0.13037294613195927,1.0,0.0,False,False,False,True,True,True,42074.99,43853.252,49393.13245000001,1.0,0,0,0,,,0.0,0.0,False,True,True,-0.05314490279440287,False,True,True,True,-0.00750107586362414,False
2022-02-20,2022-02-18,810415.7631932223,831594.4114896958,962915.4716842296,0.1363785961033952,1.0,0.0,False,False,False,True,True,True,38389.03,42683.191000000006,49439.821449999996,1.0,1,0,0,sell_all:SSO:195660,switch_off,0.0,0.0,False,True,True,-0.0704082390599916,False,False,True,True,-0.02445353905249259,True
2022-02-27,2022-02-25,808254.3680746916,829434.4553889781,962915.4716842296,0.13862173806573141,1.0,0.0,False,False,False,True,True,True,37717.08,41786.18,49226.44095,1.0,0,0,0,,,0.0,0.0,False,True,True,-0.05914900163504311,False,False,True,True,-0.01705294450576844,False
2022-03-06,2022-03-04,808307.0719620889,829488.5403675034,962915.4716842296,0.1385655701256414,1.0,0.0,False,False,False,True,True,True,38408.38,40546.839,49073.06465,1.0,0,0,0,,,0.0,0.0,False,True,True,-0.08368734217900387,False,False,True,True,-0.030715727652098623,False
2022-03-13,2022-03-11,808362.2154190093,829545.1288438119,962915.4716842296,0.13850680227116963,1.0,0.0,False,False,False,True,True,True,37793.01,39596.233,48738.2293,1.0,0,0,0,,,0.0,0.0,False,True,True,-0.11898004745497215,False,False,True,True,-0.05883519009501781,False
2022-03-20,2022-03-18,808426.6648506749,829611.2671554192,962915.4716842296,0.13843811679092533,1.0,0.0,False,False,False,True,True,True,41287.24,39537.305,48486.8514,1.0,0,0,0,,,0.0,0.0,False,True,True,-0.045166788622703624,False,False,True,True,-0.0016364657957540496,False
2022-03-27,2022-03-25,808499.5364966108,829686.0483831461,962915.4716842296,0.13836045553204446,1.0,0.0,False,False,False,True,True,True,46850.01,39911.871999999996,48283.5467,1.0,0,0,0,,,0.0,0.0,False,True,True,-0.024275487869206636,False,False,True,True,0.014713479985141609,False
2022-04-03,2022-04-01,808583.933820338,829772.6573159362,962915.4716842296,0.13827051105058485,1.0,0.0,False,False,False,True,True,True,46422.16,40925.841,48298.945649999994,1.0,0,0,0,,,0.0,0.0,False,True,True,-0.018729120302490188,False,False,True,True,0.013424899680628766,False
2022-04-10,2022-04-08,808677.6450951892,829868.8242694228,962915.4716842296,0.13817064044271266,1.0,0.0,False,False,False,True,True,True,42165.96,41352.30200000001,48238.8572,1.0,0,0,0,,,0.0,0.0,False,True,True,-0.05468463709128113,False,False,True,True,-0.0010055542071547574,False
2022-04-17,2022-04-14,808773.804085172,829967.5030797546,962915.4716842296,0.1380681612394663,1.0,0.0,False,False,False,True,True,True,39683.54,41079.14,48153.84995000001,1.0,0,0,0,,,0.0,0.0,False,True,True,-0.08273119603681145,False,False,True,True,-0.022835362599490816,False
2022-04-24,2022-04-22,808915.6251401893,830113.0405171968,962915.4716842296,0.13791701875425144,1.0,0.0,False,False,False,True,True,True,39464.56,40818.096999999994,47848.088200000006,1.0,0,0,0,,,0.0,0.0,False,True,True,-0.11685622173202892,False,False,True,True,-0.050010581990645564,False
2022-05-01,2022-04-29,809045.5025897152,830246.3213701928,962915.4716842296,0.13777860488832516,1.0,0.0,False,False,False,True,True,True,38473.05,40826.498999999996,47268.0047,1.0,0,0,0,,,0.0,0.0,False,True,True,-0.14768110214981722,False,False,True,True,-0.08031062097026231,False
2022-05-08,2022-05-06,809178.7261710943,830383.0360395232,962915.4716842296,0.13763662496033502,1.0,0.0,False,False,False,True,True,True,34027.91,40457.581999999995,46388.45845,1.0,0,0,0,,,0.0,0.0,False,True,True,-0.1559966633409121,False,False,True,True,-0.0814727138488377,False
2022-05-15,2022-05-13,809315.7409751974,830523.6412795446,962915.4716842296,0.13749060462505525,1.0,0.0,False,False,False,True,True,True,31290.05,39745.749,45301.63985000001,1.0,0,0,0,,,0.0,0.0,False,True,True,-0.17238193931440338,False,False,True,True,-0.10145080027172604,False
2022-05-22,2022-05-20,809475.8419923915,830687.9377006328,962915.4716842296,0.13731998069604,1.0,0.0,False,False,False,True,True,True,30260.87,38992.534999999996,44175.482350000006,1.0,0,0,0,,,0.0,0.0,False,True,True,-0.20531742194169078,False,False,True,True,-0.12665263202732902,False
2022-05-29,2022-05-27,809636.861928767,830853.1771209312,962915.4716842296,0.1371483774503166,1.0,0.0,False,False,False,True,True,True,29447.07,37808.518,42964.09279999999,1.0,0,0,0,,,0.0,0.0,False,True,True,-0.1443028635381669,False,False,True,True,-0.0669562909583058,False
2022-06-05,2022-06-03,809805.8985112732,831026.6432614061,962915.4716842296,0.13696823065075225,1.0,0.0,False,False,False,True,True,True,29901.54,36113.670999999995,41815.03769999999,1.0,0,0,0,,,0.0,0.0,False,True,True,-0.15057906305756674,False,False,True,True,-0.07678521745456213,False
2022-06-12,2022-06-10,809994.2778605805,831219.9590406594,962915.4716842296,0.1367674697481207,1.0,0.0,False,False,False,False,False,True,26555.2,34126.975,40826.2958,,0,0,0,,,0.0,0.0,False,True,True,-0.19517040255988227,False,False,True,True,-0.1214851745507377,False
2022-06-19,2022-06-17,810232.1986731578,831464.114503841,962915.4716842296,0.13651391118523393,1.0,0.0,False,False,False,True,True,True,20552.44,31965.623,39579.251050000006,1.0,0,0,0,,,0.0,0.0,False,True,True,-0.22823268193650648,False,False,True,True,-0.16870075014292363,False
2022-06-26,2022-06-24,810479.5092153494,831717.9057519641,962915.4716842296,0.13625034573677441,1.0,0.0,False,False,False,True,True,True,21027.92,30100.060999999998,38506.69975,1.0,0,0,0,,,0.0,0.0,False,True,True,-0.16622204027476262,False,False,True,True,-0.11222452642693326,False
2022-07-03,2022-07-01,810743.1132967833,831988.4175071226,962915.4716842296,0.13596941582847688,1.0,0.0,False,False,False,True,True,True,19291.33,28082.738,37509.7484,1.0,0,0,0,,,0.0,0.0,False,True,True,-0.1968125530755117,False,False,True,True,-0.12867820807724162,False
2022-07-10,2022-07-08,811015.0188822749,832267.4483050095,962915.4716842296,0.1356796387856396,1.0,0.0,False,False,False,True,True,True,20850.65,26320.498000000003,36583.459449999995,1.0,0,0,0,,,0.0,0.0,False,True,True,-0.1555641795786662,False,False,True,True,-0.10964118710588733,False
2022-07-17,2022-07-15,811341.2519552608,832602.2302275205,962915.4716842296,0.135331963488736,1.0,0.0,False,False,False,True,True,True,20791.74,24996.880999999998,35559.44205,1.0,0,0,0,,,0.0,0.0,False,True,True,-0.16057322863649426,False,False,True,True,-0.11491304591183271,False
2022-07-24,2022-07-22,811710.5302166514,832981.1853259669,962915.4716842296,0.1349384137851637,1.0,0.0,False,False,False,True,True,True,22583.43,24126.219,34738.68875,1.0,0,0,0,,,0.0,0.0,False,True,True,-0.12805095055584026,False,False,True,True,-0.09028694153530314,False
2022-07-31,2022-07-29,812088.207069509,833368.7590987002,962915.4716842296,0.13453591347840732,1.0,0.0,False,False,False,True,True,True,23307.44,23430.876,34055.80455,1.0,0,0,0,,,0.0,0.0,False,True,True,-0.08566486618688884,False,False,True,True,-0.04964534383189756,False
2022-08-07,2022-08-05,812462.7215849563,833753.0876658261,962915.4716842296,0.1341367833590692,1.0,0.0,False,False,False,True,True,True,23177.39,22803.908000000003,33370.97655,1.0,0,0,0,,,0.0,0.0,False,True,True,-0.06399603186513536,False,False,True,True,-0.04443888783256322,False
2022-08-14,2022-08-12,812856.1129335964,834156.7877284577,962915.4716842296,0.13371753569455147,1.0,0.0,False,False,False,True,True,True,24316.71,22245.424999999996,32916.369450000006,1.0,0,0,0,,,0.0,0.0,False,True,True,-0.03488372639133441,False,False,True,True,-0.011262572225231082,False
2022-08-21,2022-08-19,813257.7148744819,834568.9135396859,962915.4716842296,0.13328953778263997,1.0,0.0,False,False,False,True,True,True,21518.62,21741.767,32380.490700000002,1.0,0,0,0,,,0.0,0.0,False,True,True,-0.05396296513431009,False,False,True,True,-0.021379669171150528,False
2022-08-28,2022-08-26,813678.4612751224,835000.6854860638,962915.4716842296,0.1328411371087752,1.0,0.0,False,False,False,True,True,True,19554.03,21641.926,31633.2529,1.0,0,0,0,,,0.0,0.0,False,True,True,-0.09403013403643934,False,False,True,True,-0.05790370353509433,False
2022-09-04,2022-09-02,814121.2806112578,835455.1087832471,962915.4716842296,0.1323692127181656,1.0,0.0,False,False,False,True,True,True,20004.73,21539.607,30827.323200000003,1.0,0,0,0,,,0.0,0.0,False,True,True,-0.12439467562884632,False,False,True,True,-0.08515940687840773,False
2022-09-11,2022-09-09,814574.3671654107,835920.0683481215,962915.4716842296,0.13188634627916118,1.0,0.0,False,False,False,True,True,True,21831.72,21793.646,30179.79665,1.0,0,0,0,,,0.0,0.0,False,True,True,-0.08344842131456442,False,False,True,True,-0.04868055647783753,False
2022-09-18,2022-09-16,815053.8432116485,836412.1089345901,962915.4716842296,0.1313753558537939,1.0,0.0,False,False,False,True,True,True,19417.64,21650.345,29459.073499999995,1.0,0,0,0,,,0.0,0.0,False,True,True,-0.12986859914418558,False,False,True,True,-0.09039759919286083,False
2022-09-25,2022-09-23,815550.8032675121,836922.0916944324,962915.4716842296,0.13084573225251317,1.0,0.0,False,False,False,True,True,True,18808.61,21452.032,28734.8731,1.0,0,0,0,,,0.0,0.0,False,True,True,-0.1636312854573807,False,False,True,True,-0.12869156250983516,False
2022-10-02,2022-09-30,816052.9843333665,837437.4322794215,962915.4716842296,0.13031054448147483,1.0,0.0,False,False,False,True,True,True,19059.17,21099.606,28036.0818,1.0,0,0,0,,,0.0,0.0,False,True,True,-0.1812912766943341,False,False,True,True,-0.14892244792223575,False
2022-10-09,2022-10-07,816566.658236038,837964.566867911,962915.4716842296,0.1297631084873605,1.0,0.0,False,False,False,True,True,True,19443.47,20713.209,27265.88845,1.0,0,0,0,,,0.0,0.0,False,True,True,-0.1691742206506387,False,False,True,True,-0.13137464118079656,False
2022-10-16,2022-10-14,817103.0383843016,838515.0027130228,962915.4716842296,0.12919147384102025,1.0,0.0,False,False,False,True,True,True,19264.44,20321.913999999997,26330.025849999998,1.0,0,0,0,,,0.0,0.0,False,True,True,-0.18681151257330542,False,False,True,True,-0.13896019959759676,False
2022-10-23,2022-10-21,817695.9896368312,839123.4920929016,962915.4716842296,0.1285595498583112,1.0,0.0,False,False,False,True,True,True,19572.44,19847.487,25408.278649999997,1.0,0,0,0,,,0.0,0.0,False,True,True,-0.1313215692813291,False,False,True,True,-0.09237876726393879,False
2022-10-30,2022-10-28,818313.5779255664,839757.2641158624,962915.4716842296,0.1279013695282638,1.0,0.0,False,False,False,True,True,True,20630.68,19758.693,24663.905199999994,1.0,0,0,0,,,0.0,0.0,False,True,True,-0.10583023099123579,False,False,True,True,-0.05159210844550011,False
2022-11-06,2022-11-04,818945.764921479,840406.0174011777,962915.4716842296,0.12722763096616507,1.0,0.0,False,False,False,True,True,True,20909.17,19894.206999999995,23965.98935,1.0,0,0,0,,,0.0,0.0,False,True,True,-0.1522880809557331,False,False,True,True,-0.07891385635266113,False
2022-11-13,2022-11-11,819584.9508905292,841061.9530658302,962915.4716842296,0.12654643341150817,1.0,0.0,False,False,False,True,True,True,16301.39,19523.873,23194.790800000002,1.0,0,0,0,,,0.0,0.0,False,True,True,-0.07189258015442801,False,False,True,True,-0.021592549706831665,False
2022-11-20,2022-11-18,820232.7237169129,841726.7006040924,962915.4716842296,0.12585608461370612,1.0,0.0,False,False,False,True,True,True,16252.53,18965.954,22425.075800000002,1.0,0,0,0,,,0.0,0.0,False,True,True,-0.07730001416259091,False,False,True,True,-0.02507893508715686,False
2022-11-27,2022-11-25,820891.565802688,842402.8074686973,962915.4716842296,0.12515393901060112,1.0,0.0,False,False,False,True,True,True,16419.88,18666.178,21837.280500000004,1.0,0,0,0,,,0.0,0.0,False,True,True,-0.06655867589382047,False,False,True,True,-0.00759038734812556,False
2022-12-04,2022-12-02,821560.1743059712,843088.9366771422,962915.4716842296,0.12444138507557634,1.0,0.0,False,False,False,True,True,True,17108.9,18496.207,21384.544700000002,1.0,0,0,0,,,0.0,0.0,False,True,True,-0.042589564677267044,False,False,True,True,0.006274576105082863,False
2022-12-11,2022-12-09,822225.9487586415,843772.1575694435,962915.4716842296,0.12373185146396415,1.0,0.0,False,False,False,True,True,True,17085.21,18298.810999999998,20945.310149999998,1.0,0,0,0,,,0.0,0.0,False,True,True,-0.07273098900508268,False,False,True,True,-0.02552373113001105,False
2022-12-18,2022-12-16,822892.2632072797,844455.9326081612,962915.4716842296,0.12302174236423002,1.0,0.0,False,False,False,True,True,True,16741.16,18028.579999999998,20499.305800000002,1.0,0,0,0,,,0.0,0.0,False,True,True,-0.09369433728675136,False,False,True,True,-0.04339669205995855,False
2022-12-25,2022-12-23,823559.5686816901,845140.7246422138,962915.4716842296,0.12231057710186821,1.0,0.0,False,False,False,True,True,True,16829.02,17785.038,20024.035699999997,1.0,0,0,0,,,0.0,0.0,False,True,True,-0.1100563086265367,False,False,True,True,-0.04282905533647363,False
2023-01-01,2022-12-30,824235.7358736924,845834.6106127731,962915.4716842296,0.12158996767044472,1.0,0.0,False,False,False,True,True,True,16611.58,17488.951999999997,19700.51475,1.0,0,0,0,,,0.0,0.0,False,True,True,-0.1100190235370816,False,False,True,True,-0.042130757964382815,False
2023-01-08,2023-01-06,824925.1107872672,846542.0504096798,962915.4716842296,0.1208552824174709,1.0,0.0,False,False,False,True,True,True,17125.18,17138.402000000002,19582.94365,1.0,0,0,0,,,0.0,0.0,False,True,True,-0.09668794955282256,False,False,True,True,-0.025264862392604726,False
2023-01-15,2023-01-13,825642.2338634616,847277.9655023096,962915.4716842296,0.12009102520666648,1.0,0.0,False,False,True,True,True,True,20879.7,17135.454999999998,19519.33425,1.0,2,0,0,sell:SGOV:77595;buy:IBIT:247693,fund_buys;switch_on,77595.34,0.0,False,True,True,-0.04888582474030123,False,False,True,True,0.004487936520940483,False
2023-01-22,2023-01-20,838091.9848765335,859746.5060807199,962915.4716842296,0.1071422867710885,1.0,0.0,False,False,True,True,True,True,22714.87,17776.803000000004,19587.30985,1.0,0,0,0,,,0.0,0.0,False,True,True,-0.036920162717453575,False,False,True,True,0.0009417900074424335,False
2023-01-29,2023-01-27,848139.4875734345,869812.9818674886,962915.4716842296,0.09668812326163578,1.0,0.0,False,False,True,True,True,True,23745.8,18526.129999999997,19669.263300000002,1.0,2,0,0,sell:SGOV:208025;buy:SSO:212035,fund_buys;switch_on,208024.85,0.0,False,True,True,0.013683309099256968,False,True,True,True,0.02850211151235249,True
2023-02-05,2023-02-03,861001.0648550313,882693.5369778266,962915.4716842296,0.08331150247911923,1.0,0.0,False,False,True,True,True,True,22936.34,19177.775999999998,19721.55255,1.0,2,0,0,sell:SGOV:215587;buy:QLD:215250,fund_buys;switch_on,215586.91,0.0,True,True,True,0.05125984825463492,True,True,True,True,0.04722281676765028,False
2023-02-12,2023-02-10,831473.3356432928,853184.9033217187,962915.4716842296,0.11395659493411381,1.0,0.0,False,False,True,True,True,True,21789.8,19645.866,19719.76715,1.0,0,0,0,,,0.0,0.0,True,True,True,0.031076131064773138,False,True,True,True,0.03692571538283462,False
2023-02-19,2023-02-17,868035.3205085371,889766.3398269516,962915.4716842296,0.07596630650178804,1.0,0.0,False,False,True,True,True,True,24281.31,20365.476,19728.0357,1.0,0,0,0,,,0.0,0.0,True,True,True,0.03679791698556478,False,True,True,True,0.03449417245853392,False
2023-02-26,2023-02-24,824335.8536255118,846086.4898684839,962915.4716842296,0.12132838785049416,1.0,0.0,False,False,True,True,True,True,23556.83,21047.042999999998,19749.59275,1.0,0,0,0,,,0.0,0.0,True,True,True,0.005463564802083765,False,True,True,True,0.007593031402953976,False
2023-03-05,2023-03-03,832248.9180327187,854019.2794373694,962915.4716842296,0.1130900846949634,1.0,0.0,False,False,True,True,True,True,22432.69,21607.410000000003,19711.82405,1.0,0,0,0,,,0.0,0.0,True,True,True,0.03266497224010778,False,True,True,True,0.02673779157654832,False
2023-03-12,2023-03-10,770307.6264431619,792098.041284334,962915.4716842296,0.17739608036530952,0.8972646986300893,-0.10273530136991071,False,False,True,True,True,True,22219.08,22168.160000000003,19705.6636,1.0,3,1,0,sell:IBIT:25304;sell:SSO:19791;sell:QLD:19596,governor_cut,0.0,88392.28,True,True,True,-0.006136171555588099,False,True,True,True,-0.019994706279581997,False
2023-03-19,2023-03-17,870426.2138841662,892236.3719853018,962915.4716842296,0.07340114659836483,1.0,0.10273530136991071,False,False,True,True,True,True,28054.46,23261.087999999996,19902.45555,1.0,3,1,0,sell:IBIT:21800;buy:SSO:40464;buy:QLD:24820,governor_restore;rebalance,0.0,45203.64,True,True,True,0.051725872941862816,False,True,True,True,-0.005109328548987824,False
2023-03-26,2023-03-24,894963.9054254072,916792.9219188888,962915.4716842296,0.04789885625647705,1.0,0.0,False,False,True,True,True,True,27992.9,23972.408,20186.81785,1.0,1,0,0,buy:SGOV:45352,idle_cash_to_sgov,0.0,45351.82,True,True,True,0.07245911943091143,False,True,True,True,0.009796353366289479,False
2023-04-02,2023-03-31,930804.9705159945,952653.4541366136,962915.4716842296,0.010657236122363578,1.0,0.0,False,False,True,True,True,True,28188.34,24519.754999999997,20431.674700000003,1.0,0,0,0,,,0.0,0.0,True,True,True,0.10496092664498047,False,True,True,True,0.04415084353248466,False
2023-04-09,2023-04-06,921664.9070076905,943530.3171116993,962915.4716842296,0.020131730294689176,1.0,0.0,False,False,True,True,True,True,28340.99,24979.273999999998,20734.35635,1.0,0,0,0,,,0.0,0.0,True,True,True,0.09191984152344346,False,True,True,True,0.041044945328075455,False
2023-04-16,2023-04-14,948178.6057565412,970067.3215885713,970067.3215885713,0.0,1.0,0.0,False,False,True,True,True,True,30326.09,25718.249,21120.421299999998,1.0,0,0,0,,,0.0,0.0,True,True,True,0.09056498354601694,False,True,True,True,0.04745161552484034,False
2023-04-23,2023-04-21,914334.5047219311,936244.229141675,970067.3215885713,0.03486674758975272,1.0,0.0,False,False,True,True,True,True,27592.98,26298.567,21430.586600000002,1.0,0,0,0,,,0.0,0.0,True,True,True,0.0809008767904067,False,True,True,True,0.044269922711061005,False
2023-04-30,2023-04-28,946893.0795307213,968823.808671654,970067.3215885713,0.0012818831118658336,1.0,0.0,False,False,True,True,True,True,29247.14,26795.15,21759.8665,1.0,0,0,0,,,0.0,0.0,True,True,True,0.09885007191693318,False,True,True,True,0.051637720376678686,False
2023-05-07,2023-05-05,945278.0859475392,967229.9842821752,970067.3215885713,0.002924887008614707,1.0,0.0,False,False,True,True,True,True,28474.53,27286.919999999995,22093.251149999996,1.0,0,0,0,,,0.0,0.0,True,True,True,0.09752809257863615,False,True,True,True,0.04168691546720993,False
2023-05-14,2023-05-12,916440.210669909,938413.5874809861,970067.3215885713,0.032630450900819286,1.0,0.0,False,False,False,True,True,True,26929.98,27736.648999999998,22359.74445,1.0,2,0,0,sell_all:IBIT:257766;buy:SGOV:256477,idle_cash_to_sgov;switch_off,0.0,256477.48,True,True,True,0.10216700901524334,False,True,True,True,0.037606077498180124,False
2023-05-21,2023-05-19,950841.0337297281,972835.8558163086,972835.8558163086,0.0,1.0,0.0,False,False,False,True,True,True,26752.65,28190.006,22588.362149999997,1.0,0,0,0,,,0.0,0.0,True,True,True,0.13889065656336408,False,True,True,True,0.05438803602951148,False
2023-05-28,2023-05-26,970512.4727875756,992529.1168918142,992529.1168918142,0.0,1.0,0.0,False,False,False,True,True,True,28070.04,28191.564000000002,22838.036650000002,1.0,0,0,0,,,0.0,0.0,True,True,True,0.178121700363701,False,True,True,True,0.0577225517682165,False
2023-06-04,2023-06-02,989928.1683545415,1011966.7876022337,1011966.7876022337,0.0,1.0,0.0,False,False,False,True,True,True,27122.04,28104.478000000003,23203.94,1.0,0,0,0,,,0.0,0.0,True,True,True,0.19687991450677655,False,True,True,True,0.07734120661142985,False
2023-06-11,2023-06-09,991398.7632431556,1013459.3385519292,1013459.3385519292,0.0,1.0,0.0,False,False,False,True,True,True,25937.02,27879.346,23550.30165,1.0,0,0,0,,,0.0,0.0,True,True,True,0.1922179192719562,False,True,True,True,0.080993358620574,False
2023-06-18,2023-06-16,1026637.207969225,1048719.3983279427,1048719.3983279427,0.0,1.0,0.0,False,False,False,True,True,True,26336.46,27678.893,23879.906899999998,1.0,0,0,0,,,0.0,0.0,True,True,True,0.23201152149937743,False,True,True,True,0.1067480158517935,False
2023-06-25,2023-06-23,1010645.4960020141,1032749.3515854833,1048719.3983279427,0.015228140881080043,1.0,0.0,False,False,True,True,True,True,30480.24,27694.308,24318.943450000002,1.0,2,0,0,sell:SGOV:326529;buy:IBIT:303194,fund_buys;switch_on,326528.95,0.0,True,True,True,0.21074833283644656,False,True,True,True,0.08900792395918011,False
2023-07-02,2023-06-30,1032253.1863266077,1054379.0084553594,1054379.0084553594,0.0,1.0,0.0,False,False,True,True,True,True,30613.51,27996.360999999997,24777.936899999993,1.0,0,0,0,,,0.0,0.0,True,True,True,0.2277651836194361,False,True,True,True,0.11201120486491978,False
2023-07-09,2023-07-07,1019351.1556528202,1041499.0324329946,1054379.0084553594,0.012215698452906154,1.0,0.0,False,False,True,True,True,True,30168.38,28088.484999999997,25255.266349999998,1.0,0,0,0,,,0.0,0.0,True,True,True,0.21005384974502794,False,True,True,True,0.0962947163693404,False
2023-07-16,2023-07-14,1052514.2918668187,1074684.4096818997,1074684.4096818997,0.0,1.0,0.0,False,False,True,True,True,True,30247.64,28265.796000000002,25737.089749999996,1.0,0,0,0,,,0.0,0.0,True,True,True,0.2430739518598346,False,True,True,True,0.11783618756385184,False
2023-07-23,2023-07-21,1046884.6951539319,1069077.1614322218,1074684.4096818997,0.005217576619854114,1.0,0.0,False,False,True,True,True,True,30081.61,28580.958999999995,26201.915100000002,1.0,0,0,0,,,0.0,0.0,True,True,True,0.22110321366803043,False,True,True,True,0.11933702305902738,False
2023-07-30,2023-07-28,1059962.9969316348,1082177.9254717305,1082177.9254717305,0.0,1.0,0.0,False,False,True,True,True,True,29281.39,28833.833000000002,26624.497450000003,1.0,2,0,0,sell:QLD:69253;buy:SGOV:102764,idle_cash_to_sgov;rebalance,0.0,102764.49,True,True,True,0.23651598174140154,False,True,True,True,0.12477973273515452,False
2023-08-06,2023-08-04,1028034.7768058841,1050272.1903378428,1082177.9254717305,0.029482892214771184,1.0,0.0,False,False,True,True,True,True,29040.01,28930.829999999998,26928.559849999998,1.0,0,0,0,,,0.0,0.0,True,True,True,0.18836770367885025,False,True,True,True,0.09308166269496687,False
2023-08-13,2023-08-11,1021808.5570040965,1044068.5148726437,1082177.9254717305,0.03521547584929208,1.0,0.0,False,False,True,True,True,True,29275.94,29146.22,27169.321200000002,1.0,0,0,0,,,0.0,0.0,True,True,True,0.16018172470886993,False,True,True,True,0.08465534871651625,False
2023-08-20,2023-08-18,966185.5838548095,988468.1150193614,1082177.9254717305,0.08659371832180018,1.0,0.0,False,False,False,True,True,True,26189.14,29171.432,27317.6596,1.0,2,0,0,sell_all:IBIT:258850;buy:SGOV:257903,idle_cash_to_sgov;switch_off,0.0,257902.67,True,True,True,0.12692571628868854,False,True,True,True,0.05813118300408693,False
2023-08-27,2023-08-25,977786.8540207663,1000092.0119229238,1082177.9254717305,0.07585251151101124,1.0,0.0,False,False,False,True,True,True,26091.16,29146.901999999995,27421.37345,1.0,0,0,0,,,0.0,0.0,True,True,True,0.13713255314553185,False,True,True,True,0.06286919964875937,False
2023-09-03,2023-09-01,1009313.2749908754,1031641.253832425,1082177.9254717305,0.046699041303467914,1.0,0.0,False,False,False,True,True,True,25969.83,28695.860999999997,27567.7859,1.0,0,0,0,,,0.0,0.0,True,True,True,0.1700548038619476,False,True,True,True,0.08551113640456554,False
2023-09-10,2023-09-08,995192.2278891278,1017542.9271750932,1082177.9254717305,0.05972677576883889,1.0,0.0,False,False,False,True,True,True,25831.76,28217.686000000005,27621.609699999997,1.0,0,0,0,,,0.0,0.0,True,True,True,0.147862216408992,False,True,True,True,0.06892126440720725,False
2023-09-17,2023-09-15,991552.7482320239,1013926.2292642056,1082177.9254717305,0.06306883055092205,1.0,0.0,False,False,False,True,True,True,26530.95,27853.943,27718.320300000003,1.0,0,0,0,,,0.0,0.0,True,True,True,0.13421283422788255,False,True,True,True,0.06413780920855405,False
2023-09-24,2023-09-22,960189.6968724825,982586.0135420234,1082177.9254717305,0.09202914750482849,1.0,0.0,False,False,False,True,True,True,26250.24,27454.203,27869.120899999998,1.0,0,0,0,,,0.0,0.0,True,True,True,0.09053682097903848,False,True,True,True,0.03081567695677334,False
2023-10-01,2023-09-29,956796.0603824081,979215.278986092,1082177.9254717305,0.09514391678314482,1.0,0.0,False,False,False,True,True,True,27995.46,27245.588,28023.902000000002,1.0,0,0,0,,,0.0,0.0,True,True,True,0.08540274729743813,False,True,True,True,0.021094988361391342,False
2023-10-08,2023-10-06,966818.203889966,989260.366289669,1082177.9254717305,0.08586162866107072,1.0,0.0,False,False,False,True,True,True,27933.55,27110.803999999996,28039.3609,1.0,0,0,0,,,0.0,0.0,True,True,True,0.09770165691241028,False,True,True,True,0.02381011393697996,False
2023-10-15,2023-10-13,969907.401788818,992372.6114448155,1082177.9254717305,0.08298571973529034,1.0,0.0,False,False,False,True,True,True,27186.13,26925.415999999997,28016.41695,1.0,0,0,0,,,0.0,0.0,True,True,True,0.091096151282968,False,True,True,True,0.02528306209331066,False
2023-10-22,2023-10-20,943650.8456673513,966139.0892921403,1082177.9254717305,0.10722713284787055,1.0,0.0,False,False,True,True,True,True,30004.15,26998.237,28047.75785,1.0,2,0,0,sell:SGOV:312485;buy:IBIT:283095,fund_buys;switch_on,312484.89,0.0,True,True,True,0.051769622424212125,False,True,True,True,-0.0021191754460689882,False
2023-10-29,2023-10-27,947442.5280753965,969953.699809913,1082177.9254717305,0.103702194454667,1.0,0.0,False,False,True,True,True,True,34534.48,27832.771,28228.318600000002,1.0,2,0,0,sell_all:SSO:232647;buy:SGOV:262971,idle_cash_to_sgov;switch_off,0.0,262971.1,True,True,True,0.018211480595136553,False,False,True,True,-0.028977266749726338,True
2023-11-05,2023-11-03,986332.8382740386,1008866.9676622921,1082177.9254717305,0.06774390429141453,1.0,0.0,False,False,True,True,True,True,35035.42,28727.197000000004,28399.2739,1.0,2,0,0,sell:SGOV:269746;buy:SSO:246583,fund_buys;switch_on,269746.43,0.0,True,True,True,0.07794850440340673,False,True,True,True,0.02606898280998715,True
2023-11-12,2023-11-10,1030449.1390526138,1053006.076519406,1082177.9254717305,0.026956610614292775,1.0,0.0,False,False,True,True,True,True,37086.03,29838.817000000003,28695.32125,1.0,0,0,0,,,0.0,0.0,True,True,True,0.10182477695092196,False,True,True,True,0.037262524144667575,False
2023-11-19,2023-11-17,1044897.4586630169,1067477.165445689,1082177.9254717305,0.013584420528290897,1.0,0.0,False,False,True,True,True,True,37391.19,30994.760000000002,28963.18855,1.0,0,0,0,,,0.0,0.0,True,True,True,0.11683132400484153,False,True,True,True,0.058022210591608836,False
2023-11-26,2023-11-24,1066787.9979507234,1089390.490375693,1089390.490375693,0.0,1.0,0.0,False,False,True,True,True,True,37462.79,32087.944,29274.3534,1.0,0,0,0,,,0.0,0.0,True,True,True,0.12157629873961184,False,True,True,True,0.066554520103969,False
2023-12-03,2023-12-01,1079772.1496474124,1102397.4945483424,1102397.4945483424,0.0,1.0,0.0,False,False,True,True,True,True,39984.81,33461.401,29672.912700000004,1.0,0,0,0,,,0.0,0.0,True,True,True,0.11584129711923508,False,True,True,True,0.07201951926364192,False
2023-12-10,2023-12-08,1135487.9327427146,1158136.0291699856,1158136.0291699856,0.0,1.0,0.0,False,False,True,True,True,True,43793.68,35041.223,30257.162999999997,1.0,0,0,0,,,0.0,0.0,True,True,True,0.11472314208919787,False,True,True,True,0.07091137432343642,False
2023-12-17,2023-12-15,1145728.0198331412,1168398.9030804376,1168398.9030804376,0.0,1.0,0.0,False,False,True,True,True,True,41349.59,36382.827000000005,30773.8684,1.0,0,0,0,,,0.0,0.0,True,True,True,0.1432478341313026,False,True,True,True,0.09309546359746301,False
2023-12-24,2023-12-22,1169611.798357941,1192305.4664854393,1192305.4664854393,0.0,1.0,0.0,False,False,True,True,True,True,43025.03,37966.717000000004,31351.974100000003,1.0,0,0,0,,,0.0,0.0,True,True,True,0.14490892201136174,False,True,True,True,0.09658262389254424,False
2023-12-31,2023-12-29,1157668.970026751,1180385.4631985603,1192305.4664854393,0.00999744077498499,1.0,0.0,False,False,True,True,True,True,42288.06,39195.108,31936.52275,1.0,0,0,0,,,0.0,0.0,True,True,True,0.14070676889538336,False,True,True,True,0.09556424374339856,False
2024-01-07,2024-01-05,1148375.4700980638,1171114.686733141,1192305.4664854393,0.017772945229180492,1.0,0.0,False,False,True,True,True,True,43950.28,40136.688,32528.936349999996,1.0,0,0,0,,,0.0,0.0,True,True,True,0.09982939271242386,False,True,True,True,0.07518431450233476,False
2024-01-14,2024-01-12,1170508.4660755645,1193270.53626784,1193270.53626784,0.0,1.0,0.0,False,False,True,True,True,True,41697.33,40802.879,33032.79535,1.0,0,0,0,,,0.0,0.0,True,True,True,0.12760265037658636,False,True,True,True,0.08993736336189118,False
2024-01-21,2024-01-19,1174801.4804310591,1197586.3571054603,1197586.3571054603,0.0,1.0,0.0,False,False,True,True,True,True,41554.05,41249.681,33432.55615,1.0,0,0,0,,,0.0,0.0,True,True,True,0.1537527111466106,False,True,True,True,0.0991687894292208,False
2024-01-28,2024-01-26,1187316.598391668,1210124.2745588825,1210124.2745588825,0.0,1.0,0.0,False,False,True,True,True,True,42034.59,41714.02099999999,33798.847,1.0,0,0,0,,,0.0,0.0,True,True,True,0.15242593264176385,False,True,True,True,0.1059468633424081,False
2024-02-04,2024-02-02,1210950.1930993325,1233780.6853248014,1233780.6853248014,0.0,1.0,0.0,False,False,True,True,True,True,42568.55,42224.596999999994,34240.6638,1.0,0,0,0,,,0.0,0.0,True,True,True,0.15866916101496287,False,True,True,True,0.11634275131866212,False
2024-02-11,2024-02-09,1273372.5833878682,1296225.9770882926,1296225.9770882926,0.0,1.0,0.0,False,False,True,True,True,True,48316.3,43057.746,34797.148499999996,1.0,0,0,0,,,0.0,0.0,True,True,True,0.17047171327137556,False,True,True,True,0.12621300954781023,False
2024-02-18,2024-02-16,1300101.7921228383,1322978.147865051,1322978.147865051,0.0,1.0,0.0,False,False,True,True,True,True,52153.63,43893.740999999995,35568.05955,1.0,0,0,0,,,0.0,0.0,True,True,True,0.1437890797481649,False,True,True,True,0.11604456886877812,False
2024-02-25,2024-02-23,1311767.041210733,1334666.399469574,1334666.399469574,0.0,1.0,0.0,False,False,True,True,True,True,51731.0,44931.882,36349.9289,1.0,0,0,0,,,0.0,0.0,True,True,True,0.15319966167219246,False,True,True,True,0.12993229519640503,False
2024-03-03,2024-03-01,1440505.610536558,1463428.0523599335,1463428.0523599335,0.0,1.0,0.0,False,False,True,True,True,True,63154.49,46944.828,37440.688650000004,1.0,2,0,0,sell:IBIT:145456;buy:SGOV:173437,idle_cash_to_sgov;rebalance,0.0,173437.41,True,True,True,0.16788748791914898,False,True,True,True,0.13460244242147157,False
2024-03-10,2024-03-08,1476844.5443572633,1499790.0050331666,1499790.0050331666,0.0,1.0,0.0,False,False,True,True,True,True,69032.12,49619.234,38878.01785,1.0,0,0,0,,,0.0,0.0,True,True,True,0.1417388363724832,False,True,True,True,0.12574722339236222,False
2024-03-17,2024-03-15,1466000.9913248285,1488969.5380064198,1499790.0050331666,0.007214654711949153,1.0,0.0,False,False,True,True,True,True,68343.64,52058.57,40406.780549999996,1.0,0,0,0,,,0.0,0.0,True,True,True,0.12124609486737059,False,True,True,True,0.11827371506756235,False
2024-03-24,2024-03-22,1463760.692975356,1486752.3614809802,1499790.0050331666,0.008692979356065278,1.0,0.0,False,False,True,True,True,True,67204.93,54609.33,41791.62305,1.0,0,0,0,,,0.0,0.0,True,True,True,0.14798328503768277,False,True,True,True,0.13790974747956475,False
2024-03-31,2024-03-28,1511300.176759266,1534311.6237641713,1534311.6237641713,0.0,1.0,0.0,False,False,True,True,True,True,71288.9,57582.815,43340.661649999995,1.0,0,0,0,,,0.0,0.0,True,True,True,0.1373661481957298,False,True,True,True,0.13768764836847436,False
2024-04-07,2024-04-05,1474088.533538755,1497126.3437494999,1534311.6237641713,0.024235806754460798,1.0,0.0,False,False,True,True,True,True,69350.34,60314.39,44782.889,1.0,0,0,0,,,0.0,0.0,True,True,True,0.12289747159175946,False,True,True,True,0.12194380232587942,False
2024-04-14,2024-04-12,1456621.2727755571,1479682.22400961,1534311.6237641713,0.03560515276586207,1.0,0.0,False,False,True,True,True,True,65777.05,62635.240000000005,46250.43810000001,1.0,0,0,0,,,0.0,0.0,True,True,True,0.11082366602505167,False,True,True,True,0.09964652989519873,False
2024-04-21,2024-04-19,1383763.5464877875,1406847.7252141184,1534311.6237641713,0.08307562595227036,1.0,0.0,False,False,True,True,True,True,64952.92,64298.902,47521.5388,1.0,0,0,0,,,0.0,0.0,True,True,True,0.04740190168928149,False,True,True,True,0.06271793582412033,False
2024-04-28,2024-04-26,1418897.1564482204,1442004.5797321645,1534311.6237641713,0.060161861907522596,1.0,0.0,False,False,False,True,True,True,63108.94,65394.433000000005,48817.3369,1.0,2,0,0,sell_all:IBIT:441681;buy:SGOV:441222,idle_cash_to_sgov;switch_off,0.0,441222.44,True,True,True,0.08532227331270281,False,True,True,True,0.08742782806535598,False
2024-05-05,2024-05-03,1419763.3828010063,1442894.0867211553,1534311.6237641713,0.059582118539087014,1.0,0.0,False,False,False,True,True,True,64023.45,66623.67799999999,50016.01854999999,1.0,0,0,0,,,0.0,0.0,True,True,True,0.09272408593929615,False,True,True,True,0.0902198052455101,False
2024-05-12,2024-05-10,1441951.2476744826,1465105.2493433342,1534311.6237641713,0.045105813805314865,1.0,0.0,False,False,False,True,True,True,61453.02,66453.53099999999,51080.5721,1.0,0,0,0,,,0.0,0.0,True,True,True,0.1048033726282398,False,True,True,True,0.10659144709218804,False
2024-05-19,2024-05-17,1467710.7180504696,1490888.0536266179,1534311.6237641713,0.028301662755458423,1.0,0.0,False,False,True,True,True,True,66261.62,66176.481,52155.22164999999,1.0,2,0,0,sell:SGOV:489237;buy:IBIT:440313,fund_buys;switch_on,489236.92,0.0,True,True,True,0.12338862244937032,False,True,True,True,0.11942384427907671,False
2024-05-26,2024-05-24,1490697.1802220352,1513897.866870742,1534311.6237641713,0.01330483102470903,1.0,0.0,False,False,True,True,True,True,68473.72,66189.489,53350.3117,1.0,0,0,0,,,0.0,0.0,True,True,True,0.13339127501682047,False,True,True,True,0.11497157260291058,False
2024-06-02,2024-05-31,1466980.3390510085,1490204.4370178764,1534311.6237641713,0.02874721540470726,1.0,0.0,False,False,True,True,True,True,67735.52,66242.548,54442.083049999994,1.0,0,0,0,,,0.0,0.0,True,True,True,0.1122327727506982,False,True,True,True,0.1055049351067665,False
2024-06-09,2024-06-07,1502459.509328739,1525707.0054810867,1534311.6237641713,0.005608129502385317,1.0,0.0,False,False,True,True,True,True,69637.87,66077.44499999999,55602.4084,1.0,0,0,0,,,0.0,0.0,True,True,True,0.13323068268825566,False,True,True,True,0.11457616447074193,False
2024-06-16,2024-06-14,1514651.0656670863,1537921.996322343,1537921.996322343,0.0,1.0,0.0,False,False,True,True,True,True,66628.75,65805.286,56639.23065,1.0,0,0,0,,,0.0,0.0,True,True,True,0.16500319889783555,False,True,True,True,0.1264911311017589,False
2024-06-23,2024-06-21,1511392.0921968166,1534686.4422169412,1537921.996322343,0.002103847993031538,1.0,0.0,False,False,False,True,True,True,63171.43,65544.72400000002,57475.284400000004,1.0,2,0,0,sell_all:IBIT:421404;buy:SGOV:468467,idle_cash_to_sgov;switch_off,0.0,468467.19,True,True,True,0.1614567649735199,False,True,True,True,0.12881756524397692,False
2024-06-30,2024-06-28,1490727.6184748595,1514045.3544324315,1537921.996322343,0.01552526197492976,1.0,0.0,False,False,False,True,True,True,62668.26,65316.257999999994,58114.128249999994,1.0,0,0,0,,,0.0,0.0,True,True,True,0.1530332986591112,False,True,True,True,0.1221500003963576,False
2024-07-07,2024-07-05,1532914.7195573843,1556255.8580609348,1556255.8580609348,0.0,1.0,0.0,False,False,False,True,True,True,55854.09,64590.773,58692.409400000004,1.0,0,0,0,,,0.0,0.0,True,True,True,0.18790889536192545,False,True,True,True,0.13914927035780766,False
2024-07-14,2024-07-12,1537260.0639353676,1560624.6097474804,1560624.6097474804,0.0,1.0,0.0,False,False,False,True,True,True,60808.42,64269.27,59210.022650000006,1.0,0,0,0,,,0.0,0.0,True,True,True,0.17487737573905227,False,True,True,True,0.14181940160999296,False
2024-07-21,2024-07-19,1489770.6500536979,1513158.5305579903,1560624.6097474804,0.03041479603296171,1.0,0.0,False,False,True,True,True,True,68181.28,64942.096000000005,60004.21140000001,1.0,2,0,0,sell:SGOV:495321;buy:IBIT:446931,fund_buys;switch_on,495320.62,0.0,True,True,True,0.11958598143360422,False,True,True,True,0.11201845604788319,False
2024-07-28,2024-07-26,1465167.612165558,1488578.773715014,1560624.6097474804,0.046164744284100334,1.0,0.0,False,False,True,True,True,True,68244.3,65140.364,60767.30730000001,1.0,0,0,0,,,0.0,0.0,True,True,True,0.08401571170677369,False,True,True,True,0.09609310424524065,False
2024-08-04,2024-08-02,1389774.8275807677,1413209.1136268354,1560624.6097474804,0.0944592922602302,1.0,0.0,False,False,False,True,True,True,58130.95,64106.087,61472.559400000006,1.0,2,0,0,sell_all:IBIT:412615;buy:SGOV:460310,idle_cash_to_sgov;switch_off,0.0,460309.8,True,True,True,0.0451998513130103,False,True,True,True,0.06767756679524095,False
2024-08-11,2024-08-09,1306747.0491925664,1330204.1420712373,1560624.6097474804,0.14764631176329246,1.0,0.0,False,False,False,True,True,True,58722.49,63204.784,62081.7188,1.0,0,0,0,,,0.0,0.0,True,True,True,0.04432661636043056,False,True,True,True,0.0620211083841844,False
2024-08-18,2024-08-16,1371592.8266384932,1395072.7806843545,1560624.6097474804,0.10608049368766093,1.0,0.0,False,False,False,True,True,True,58437.9,62084.787,62673.248499999994,1.0,0,0,0,,,0.0,0.0,True,True,True,0.09313520931227615,False,True,True,True,0.09671466266354867,False
2024-08-25,2024-08-23,1389619.972412864,1413122.7069000471,1560624.6097474804,0.0945146590193141,1.0,0.0,False,False,True,True,True,True,64251.93,61847.105,63326.24025,1.0,2,0,0,sell:SGOV:463207;buy:IBIT:416886,fund_buys;switch_on,463206.66,0.0,True,True,True,0.0975692177091525,False,True,True,True,0.10542530595012956,False
2024-09-01,2024-08-30,1350694.5293129918,1374219.763492735,1560624.6097474804,0.11944246239004708,1.0,0.0,False,False,False,True,True,True,57299.0,61259.862,63706.21725000001,1.0,2,0,0,sell_all:IBIT:382700;buy:SGOV:427151,idle_cash_to_sgov;switch_off,0.0,427151.37,True,True,True,0.08323934193631732,False,True,True,True,0.1014966551640708,False
2024-09-08,2024-09-06,1279308.4242536665,1302856.0880593248,1560624.6097474804,0.16517009925267312,0.9431121278024758,-0.056887872197524225,False,False,False,True,True,True,54881.11,60481.14700000001,63855.671850000006,1.0,0,0,0,,,0.0,0.0,True,True,True,0.016061052297574374,False,True,True,True,0.050661744525721364,False
2024-09-15,2024-09-13,1347573.4550348984,1371143.235447658,1560624.6097474804,0.12141380644412736,1.0,0.056887872197524225,False,False,False,True,True,True,59122.33,60807.971,64007.82685,1.0,0,0,0,,,0.0,0.0,True,True,True,0.0717052039957804,False,True,True,True,0.08766130588994048,False
2024-09-22,2024-09-20,1368785.2994076984,1392376.461154952,1560624.6097474804,0.10780821187982681,1.0,0.0,False,False,False,True,True,True,63577.66,61084.895000000004,63939.33954999999,1.0,0,0,0,,,0.0,0.0,True,True,True,0.08155205456412307,False,True,True,True,0.09666386850980668,False
2024-09-29,2024-09-27,1380971.943900099,1404583.613868507,1560624.6097474804,0.09998624583026516,1.0,0.0,False,False,True,True,True,True,65600.01,60826.768000000004,63757.871849999996,1.0,2,0,0,sell:SGOV:454429;buy:IBIT:414292,fund_buys;switch_on,454429.37,0.0,True,True,True,0.08750461836438772,False,True,True,True,0.09746898313947838,False
2024-10-06,2024-10-04,1372871.7210146585,1396503.761691278,1560624.6097474804,0.10516356530015125,1.0,0.0,False,False,False,True,True,True,62810.86,60283.424,63560.73705,1.0,2,0,0,sell_all:IBIT:403933;buy:SGOV:447985,idle_cash_to_sgov;switch_off,0.0,447985.03,True,True,True,0.08403237769800631,False,True,True,True,0.09459599758607307,False
2024-10-13,2024-10-11,1394940.076466986,1418592.6803541798,1560624.6097474804,0.09100966914540853,1.0,0.0,False,False,False,True,True,True,62845.3,60754.85900000001,63380.28675,1.0,0,0,0,,,0.0,0.0,True,True,True,0.09185756529675859,False,True,True,True,0.10143283223141619,False
2024-10-20,2024-10-18,1403488.0551096178,1427161.2011903177,1560624.6097474804,0.08551922590709238,1.0,0.0,False,False,True,True,True,True,69014.86,61784.096,63336.202450000004,1.0,2,0,0,sell:SGOV:461486;buy:IBIT:421046,fund_buys;switch_on,461486.13,0.0,True,True,True,0.08945609582520908,False,True,True,True,0.10514018703627737,False
2024-10-27,2024-10-25,1388991.861609357,1412685.5287806739,1560624.6097474804,0.09479478924194595,1.0,0.0,False,False,True,True,True,True,67943.19,62734.625,63261.0969,1.0,0,0,0,,,0.0,0.0,True,True,True,0.08551705047513836,False,True,True,True,0.08891168463375787,False
2024-11-03,2024-11-01,1378647.5502582765,1402361.6393816809,1560624.6097474804,0.10141001838450281,1.0,0.0,False,False,True,True,True,True,68738.18,63183.25,63447.17869999999,1.0,0,0,0,,,0.0,0.0,True,True,True,0.06368381072218177,False,True,True,True,0.06897605305830679,False
2024-11-10,2024-11-08,1505957.0615960879,1529691.2782409661,1560624.6097474804,0.019821122461678664,1.0,0.0,False,False,True,True,True,True,80428.92,65496.242000000006,63785.44545,1.0,0,0,0,,,0.0,0.0,True,True,True,0.11646235854878406,False,True,True,True,0.1134761480271238,False
2024-11-17,2024-11-15,1549934.66430746,1573689.0190405005,1573689.0190405005,0.0,1.0,0.0,False,False,True,True,True,True,89886.69,68996.8,64729.102249999996,1.0,0,0,0,,,0.0,0.0,True,True,True,0.07326178017365059,False,True,True,True,0.08494202866138711,False
2024-11-24,2024-11-22,1625500.0809122827,1649274.5582659275,1649274.5582659275,0.0,1.0,0.0,False,False,True,True,True,True,98028.18,72887.38499999998,65899.4054,1.0,2,0,0,sell:IBIT:127717;buy:SGOV:174062,idle_cash_to_sgov;rebalance,0.0,174061.57,True,True,True,0.08905990123850449,False,True,True,True,0.09831771229367403,False
2024-12-01,2024-11-29,1627615.8970049142,1651410.513670122,1651410.513670122,0.0,1.0,0.0,False,False,True,True,True,True,97263.18,76255.93699999999,67054.0046,1.0,0,0,0,,,0.0,0.0,True,True,True,0.09365709087411189,False,True,True,True,0.10580888699276114,False
2024-12-08,2024-12-06,1684948.7176170086,1708763.2887813798,1708763.2887813798,0.0,1.0,0.0,False,False,True,True,True,True,101174.99,79813.43499999998,68116.0276,1.0,0,0,0,,,0.0,0.0,True,True,True,0.12441221549166759,False,True,True,True,0.11105490604828772,False
2024-12-15,2024-12-13,1686217.8753936158,1710052.032606702,1710052.032606702,0.0,1.0,0.0,False,False,True,True,True,True,104447.76,83977.125,69230.9419,1.0,0,0,0,,,0.0,0.0,True,True,True,0.12729162122868165,False,True,True,True,0.09902338726965332,False
2024-12-22,2024-12-20,1621483.9701212288,1645337.5138901346,1710052.032606702,0.03784359626643663,1.0,0.0,False,False,True,True,True,True,95087.75,87201.37,70321.5536,1.0,0,0,0,,,0.0,0.0,True,True,True,0.09705739256663337,False,True,True,True,0.0731056833123882,False
2024-12-29,2024-12-27,1624021.8834746538,1647894.8619389753,1710052.032606702,0.036348116596766955,1.0,0.0,False,False,True,True,True,True,93563.35,89656.219,71257.24315,1.0,0,0,0,,,0.0,0.0,True,True,True,0.1024747747329362,False,True,True,True,0.07698925451530547,False
2025-01-05,2025-01-03,1631403.4081287635,1655295.6735214274,1710052.032606702,0.032020288296027655,1.0,0.0,False,False,True,True,True,True,98345.33,92696.43299999999,72306.29819999999,1.0,0,0,0,,,0.0,0.0,True,True,True,0.09138468879276429,False,True,True,True,0.06897589867621434,False
2025-01-12,2025-01-10,1577310.2400826598,1601221.781782646,1710052.032606702,0.0636414850243836,1.0,0.0,False,False,False,True,True,True,94509.62,95273.57699999999,73463.01965,1.0,2,0,0,sell_all:IBIT:462364;buy:SGOV:462032,idle_cash_to_sgov;switch_off,0.0,462032.45,True,True,True,0.06373987446851959,False,True,True,True,0.04566157345426314,False
2025-01-19,2025-01-17,1605335.8384152795,1629266.7312847623,1710052.032606702,0.047241428787868744,1.0,0.0,False,False,True,True,True,True,101211.13,97351.798,74816.96225,1.0,2,0,0,sell:SGOV:535112;buy:IBIT:481601,fund_buys;switch_on,535111.95,0.0,True,True,True,0.09009147789146899,False,True,True,True,0.0728203077746663,False
2025-01-26,2025-01-24,1631412.5678317707,1655362.7806627909,1710052.032606702,0.0319810455478049,1.0,0.0,False,False,True,True,True,True,102563.0,98619.429,76455.98575,1.0,0,0,0,,,0.0,0.0,True,True,True,0.10285158733670197,False,True,True,True,0.08803584884353222,False
2025-02-02,2025-01-31,1592536.136535678,1616505.6596078798,1710052.032606702,0.054703816734877786,1.0,0.0,False,False,False,True,True,True,97676.52,98584.263,77872.68165,1.0,2,0,0,sell_all:IBIT:464086;buy:SGOV:515363,idle_cash_to_sgov;switch_off,0.0,515363.39,True,True,True,0.08325574843982797,False,True,True,True,0.07292710885080145,False
2025-02-09,2025-02-07,1561410.6240440758,1585399.5123603991,1710052.032606702,0.07289399262096719,1.0,0.0,False,False,False,True,True,True,96475.82,98505.527,78957.9212,1.0,0,0,0,,,0.0,0.0,True,True,True,0.07823137661291102,False,True,True,True,0.06547992784899392,False
2025-02-16,2025-02-14,1598949.2562123658,1622957.6240528775,1710052.032606702,0.0509308529174185,1.0,0.0,False,False,False,True,True,True,96119.88,98000.016,80015.51219999998,1.0,0,0,0,,,0.0,0.0,True,True,True,0.10358644456427424,False,True,True,True,0.07638526191581341,False
2025-02-23,2025-02-21,1564014.510742843,1588042.3137315542,1710052.032606702,0.07134854176873406,1.0,0.0,False,False,False,True,True,True,96265.98,97181.838,81338.6929,1.0,0,0,0,,,0.0,0.0,True,True,True,0.07382710866345188,False,True,True,True,0.05465769280123056,False
2025-03-02,2025-02-28,1525176.4638711072,1549223.6330717935,1710052.032606702,0.09404883387656415,1.0,0.0,False,False,False,True,True,True,94265.48,97099.611,82301.37135,1.0,0,0,0,,,0.0,0.0,True,True,True,0.03386138833849284,False,True,True,True,0.040980507872568905,False
2025-03-09,2025-03-07,1472680.6241777684,1496747.1817968136,1710052.032606702,0.12473588331972518,1.0,0.0,False,False,False,True,True,True,80699.17,95813.193,83269.3611,1.0,0,0,0,,,0.0,0.0,True,True,True,-0.0022827057787320193,False,True,True,True,0.00647107079512943,False
2025-03-16,2025-03-14,1434633.095450855,1458719.0439242194,1710052.032606702,0.14697388377087306,1.0,0.0,False,False,False,True,True,True,82562.57,94234.91700000002,83983.65865,1.0,2,0,0,sell_all:QLD:358466;buy:SGOV:356674,idle_cash_to_sgov;switch_off,0.0,356673.85,False,True,True,-0.027729982555682597,True,True,True,True,-0.01765544926766638,False
2025-03-23,2025-03-21,1438642.8057009324,1462748.1540487276,1710052.032606702,0.14461775071311667,1.0,0.0,False,False,False,True,True,True,86092.94,93393.249,84895.9296,1.0,0,0,0,,,0.0,0.0,False,True,True,-0.02654030261637097,False,True,True,True,-0.014323323754297568,False
2025-03-30,2025-03-28,1427712.632347808,1451837.369765051,1710052.032606702,0.15099813217264735,0.9962570043525725,-0.0037429956474275272,False,False,False,True,True,True,82379.98,91510.13399999999,85932.31485,1.0,2,0,0,sell_all:SSO:367294;buy:SGOV:367698,idle_cash_to_sgov;switch_off,0.0,367698.41,False,True,True,-0.05092226851358461,False,False,True,True,-0.03092543720458285,True
2025-04-06,2025-04-04,1420712.0313541442,1444856.219730373,1710052.032606702,0.1550805518309757,0.9809479306338411,-0.015309073718731359,False,False,False,True,True,True,78370.75,89090.90900000001,86737.27565000001,1.0,0,0,0,,,0.0,0.0,False,True,True,-0.1428834515519739,False,False,True,True,-0.11912899162587931,False
2025-04-13,2025-04-11,1421853.9986221853,1446017.59407897,1710052.032606702,0.15440140621057807,0.9834947267103322,0.002546796076491109,False,False,False,True,True,True,83733.07,87696.56400000001,87367.6225,1.0,0,0,0,,,0.0,0.0,False,True,True,-0.07743320933422437,False,False,True,True,-0.06793154975717075,False
2025-04-20,2025-04-17,1422841.344166997,1447021.718996589,1710052.032606702,0.15381421652367222,0.9856966880362291,0.002201961325896895,False,False,False,True,True,True,85177.34,86566.716,88091.5315,1.0,0,0,0,,,0.0,0.0,False,True,True,-0.09766567459967024,False,False,True,True,-0.08152169745567239,False
2025-04-27,2025-04-25,1424158.9633066037,1448361.7303198425,1710052.032606702,0.15303060801486512,0.9886352199442557,0.0029385319080266203,False,False,True,True,True,True,93780.57,86332.78499999999,89188.18960000001,1.0,2,0,0,sell:SGOV:469325;buy:IBIT:422392,fund_buys;switch_on,469324.57,0.0,False,True,True,-0.03770595239335295,False,False,True,True,-0.0385793340394871,False
2025-05-04,2025-05-02,1433427.6277877362,1457649.915303475,1710052.032606702,0.147599086162589,1.0,0.011364780055744261,False,False,True,True,True,True,94272.55,86133.44200000001,90275.80525,1.0,0,0,0,,,0.0,0.0,False,True,True,-0.003644364304312697,False,False,True,True,-0.010326929554518527,False
2025-05-11,2025-05-09,1461328.8671882497,1485570.7706360375,1710052.032606702,0.13127159740775762,1.0,0.0,False,False,True,True,True,True,104137.62,87120.65599999999,91422.28710000002,1.0,0,0,0,,,0.0,0.0,False,True,True,-0.005967254406956113,False,False,True,True,-0.01537336912870646,False
2025-05-18,2025-05-16,1466364.5026170071,1490626.2173310344,1710052.032606702,0.1283152857876424,1.0,0.0,False,False,True,True,True,True,106473.46,89698.08499999999,92636.031,1.0,3,1,0,sell:SGOV:767600;buy:SSO:366591;buy:QLD:366591,fund_buys;switch_on,767600.19,81464.69,True,True,True,0.058749585395806436,True,True,True,True,0.03446850281964409,True
2025-05-25,2025-05-23,1467670.5011828898,1491952.0167329595,1710052.032606702,0.1275399880910546,1.0,0.0,False,False,True,True,True,True,109048.68,92346.696,93973.51495000001,1.0,1,0,0,buy:SGOV:81531,idle_cash_to_sgov,0.0,81531.18,True,True,True,0.03006460420290047,False,True,True,True,0.005147184059908216,False
2025-06-01,2025-05-30,1474976.9183245087,1499278.1899780626,1710052.032606702,0.12325580661270774,1.0,0.0,False,False,True,True,True,True,105697.94,94307.196,94819.91510000001,1.0,0,0,0,,,0.0,0.0,True,True,True,0.04788878746692138,False,True,True,True,0.02185777187020066,False
2025-06-08,2025-06-06,1500300.0388660275,1524621.1169892906,1710052.032606702,0.10843583240841603,1.0,0.0,False,False,True,True,True,True,105784.4,96647.638,95305.94870000001,1.0,0,0,0,,,0.0,0.0,True,True,True,0.0655708779972406,False,True,True,True,0.03519722167235706,False
2025-06-15,2025-06-13,1496373.7280538757,1520714.6621297172,1710052.032606702,0.1107202394235749,1.0,0.0,False,False,True,True,True,True,105599.25,99370.488,95696.07055,1.0,0,0,0,,,0.0,0.0,True,True,True,0.05635713902996642,False,True,True,True,0.029342535655750623,False
2025-06-22,2025-06-20,1485587.0864332586,1509947.8389532096,1710052.032606702,0.1170164356627591,1.0,0.0,False,False,False,True,True,True,100996.87,101096.86799999999,95946.50894999999,1.0,2,0,0,sell_all:IBIT:458020;buy:SGOV:455730,idle_cash_to_sgov;switch_off,0.0,455730.09,True,True,True,0.05377054997915787,False,True,True,True,0.026438855058947164,False
2025-06-29,2025-06-27,1534403.2914379681,1558783.6785244814,1710052.032606702,0.08845833413129323,1.0,0.0,False,False,True,True,True,True,108386.44,103417.778,96224.58244999999,1.0,2,0,0,sell:SGOV:510182;buy:IBIT:460321,fund_buys;switch_on,510181.89,0.0,True,True,True,0.09337659962859846,False,True,True,True,0.05892192933992191,False
2025-07-06,2025-07-03,1566131.6453437458,1590528.948991744,1710052.032606702,0.06989441334879387,1.0,0.0,False,False,True,True,True,True,109217.98,104961.519,96410.58679999999,1.0,0,0,0,,,0.0,0.0,True,True,True,0.10585763983668794,False,True,True,True,0.07472119641027786,False
2025-07-13,2025-07-11,1597882.8080133705,1622302.8920131517,1710052.032606702,0.05131372550096669,1.0,0.0,False,False,True,True,True,True,119130.81,107447.345,97003.4233,1.0,0,0,0,,,0.0,0.0,True,True,True,0.09742661570200162,False,True,True,True,0.06866251799310308,False
2025-07-20,2025-07-18,1609140.4675869371,1633580.454893051,1710052.032606702,0.04471886016069482,1.0,0.0,False,False,True,True,True,True,117312.7,108764.853,97853.20615,1.0,0,0,0,,,0.0,0.0,True,True,True,0.10717608686460522,False,True,True,True,0.07250238613065507,False
2025-07-27,2025-07-25,1626417.8888411382,1650877.7688779738,1710052.032606702,0.034603779651386724,1.0,0.0,False,False,True,True,True,True,119465.52,110064.05899999998,98572.5972,1.0,0,0,0,,,0.0,0.0,True,True,True,0.11271314743251026,False,True,True,True,0.08528680602955152,False
2025-08-03,2025-08-01,1569790.6098876784,1594270.4122541128,1710052.032606702,0.06770648971195259,1.0,0.0,False,False,True,True,True,True,114215.73,110580.764,99281.235,1.0,0,0,0,,,0.0,0.0,True,True,True,0.08441277157505489,False,True,True,True,0.05712401105881093,False
2025-08-10,2025-08-08,1635190.74766049,1659690.1194821028,1710052.032606702,0.029450515051188564,1.0,0.0,False,False,True,True,True,True,119309.37,111941.90699999998,99743.6754,1.0,0,0,0,,,0.0,0.0,True,True,True,0.12074117886176094,False,True,True,True,0.08051736738727477,False
2025-08-17,2025-08-15,1649501.0194192939,1674019.8218781902,1710052.032606702,0.021070827110205803,1.0,0.0,False,False,True,True,True,True,117488.6,113112.327,100292.5695,1.0,0,0,0,,,0.0,0.0,True,True,True,0.12090876237278048,False,True,True,True,0.08788663044558676,False
2025-08-24,2025-08-22,1641012.5742107427,1665550.7823943875,1710052.032606702,0.026023331082200785,1.0,0.0,False,False,False,True,True,True,113478.0,113900.202,100794.17925,1.0,2,0,0,sell_all:IBIT:497586;buy:SGOV:546576,idle_cash_to_sgov;switch_off,0.0,546576.34,True,True,True,0.1066684522628889,False,True,True,True,0.0878469126896746,False
2025-08-31,2025-08-29,1616367.3640991058,1640924.8453740233,1710052.032606702,0.040424025652193385,1.0,0.0,False,False,False,True,True,True,108247.95,114625.30999999998,101264.49535,1.0,0,0,0,,,0.0,0.0,True,True,True,0.09903539983205167,False,True,True,True,0.08403333924280343,False
2025-09-07,2025-09-05,1627650.8615228806,1652227.3810366073,1710052.032606702,0.0338145567898015,1.0,0.0,False,False,False,True,True,True,111129.61,114899.62700000001,101760.0231,1.0,0,0,0,,,0.0,0.0,True,True,True,0.10760736654660685,False,True,True,True,0.08584146986791485,False
2025-09-14,2025-09-12,1657754.83148848,1682349.8996377687,1710052.032606702,0.01619958483175854,1.0,0.0,False,False,False,True,True,True,115314.13,115509.242,102504.9016,1.0,0,0,0,,,0.0,0.0,True,True,True,0.12385561849760185,False,True,True,True,0.10014560726928767,False
2025-09-21,2025-09-19,1688744.9768641638,1713358.5132413737,1713358.5132413737,0.0,1.0,0.0,False,False,True,True,True,True,115282.27,115124.38799999999,103501.49810000001,1.0,2,0,0,sell:SGOV:562915;buy:IBIT:506623,fund_buys;switch_on,562914.99,0.0,True,True,True,0.14404711389305347,False,True,True,True,0.11063922939636117,False
2025-09-28,2025-09-26,1663164.7335650628,1687796.5833656911,1713358.5132413737,0.01491919506520789,1.0,0.0,False,False,False,True,True,True,112197.67,114612.88499999998,104451.55045,1.0,2,0,0,sell_all:IBIT:488833;buy:SGOV:543643,idle_cash_to_sgov;switch_off,0.0,543642.73,True,True,True,0.1341950522355888,False,True,True,True,0.10453802888429675,False
2025-10-05,2025-10-03,1698330.573583931,1722980.6761622783,1722980.6761622783,0.0,1.0,0.0,False,False,True,True,True,True,123520.79,115018.41199999998,105703.8292,1.0,2,0,0,sell:SGOV:549757;buy:IBIT:509499,fund_buys;switch_on,549756.94,0.0,True,True,True,0.14305230173300232,False,True,True,True,0.11354472051642817,False
2025-10-12,2025-10-10,1617416.4297658205,1642084.7986476205,1722980.6761622783,0.04695112291963899,1.0,0.0,False,False,False,True,True,True,115067.98,115103.63700000002,106853.43465,1.0,2,0,0,sell_all:IBIT:474845;buy:SGOV:529124,idle_cash_to_sgov;switch_off,0.0,529123.52,True,True,True,0.11280057801668808,False,True,True,True,0.08314740817831767,False
2025-10-19,2025-10-17,1646224.4424729727,1670911.0776727865,1722980.6761622783,0.030220651461669412,1.0,0.0,False,False,False,True,True,True,108676.78,114040.378,107767.94605,1.0,0,0,0,,,0.0,0.0,True,True,True,0.13606562776669828,False,True,True,True,0.09855177332318132,False
2025-10-26,2025-10-24,1684607.9058288746,1709312.6246167996,1722980.6761622783,0.00793279445009365,1.0,0.0,False,False,True,True,True,True,114548.09,113746.327,108802.94045000002,1.0,2,0,0,sell:SGOV:561536;buy:IBIT:505382,fund_buys;switch_on,561535.97,0.0,True,True,True,0.1556217090286851,False,True,True,True,0.11580779335378932,False
2025-11-02,2025-10-31,1686647.6315928255,1711370.156022046,1722980.6761622783,0.006738624698968354,1.0,0.0,False,False,False,True,True,True,110536.01,113452.12799999998,109759.39995,1.0,3,0,0,sell_all:IBIT:481467;sell:QLD:109786;buy:SGOV:644490,idle_cash_to_sgov;rebalance;switch_off,0.0,644489.96,True,True,True,0.17180116959305014,False,True,True,True,0.11923128834722374,False
2025-11-09,2025-11-07,1636373.3342038463,1661113.731344094,1722980.6761622783,0.035906929006299104,1.0,0.0,False,False,False,True,True,True,104694.95,113096.82800000001,110304.48775,1.0,0,0,0,,,0.0,0.0,True,True,True,0.13066278613136095,False,True,True,True,0.09769794503453144,False
2025-11-16,2025-11-14,1635553.9119488208,1660312.2625282013,1722980.6761622783,0.036372093141324724,1.0,0.0,False,False,False,True,True,True,94183.97,111402.264,110473.4927,1.0,0,0,0,,,0.0,0.0,True,True,True,0.1234243187263333,False,True,True,True,0.09524994209914528,False
2025-11-23,2025-11-21,1593128.9642744423,1617905.3288199601,1722980.6761622783,0.06098463482269589,1.0,0.0,False,False,False,True,True,True,86808.28,108551.67899999997,110210.26545000002,1.0,0,0,0,,,0.0,0.0,True,True,True,0.0853682028520153,False,True,True,True,0.07143626363736955,False
2025-11-30,2025-11-28,1663208.18700671,1688002.3814077904,1722980.6761622783,0.020301037172626768,1.0,0.0,False,False,False,True,True,True,90369.51,106060.403,109729.271,1.0,0,0,0,,,0.0,0.0,True,True,True,0.13535668649904142,False,True,True,True,0.10874317967525693,False
2025-12-07,2025-12-05,1674387.170604999,1699198.9292834962,1722980.6761622783,0.013802677654953688,1.0,0.0,False,False,False,True,True,True,90402.29,103880.865,109194.43795000002,1.0,0,0,0,,,0.0,0.0,True,True,True,0.14244361588905008,False,True,True,True,0.1089630479682302,False
2025-12-14,2025-12-12,1652503.6206075049,1677332.5955544296,1722980.6761622783,0.026493669510864182,1.0,0.0,False,False,False,True,True,True,88171.61,100345.947,108566.78735,1.0,0,0,0,,,0.0,0.0,True,True,True,0.1149105426615391,False,True,True,True,0.09800718632290084,False
2025-12-21,2025-12-19,1657633.5734766717,1682479.4363467984,1722980.6761622783,0.023506496837614743,1.0,0.0,False,False,False,True,True,True,88639.95,97703.14399999999,107941.49789999999,1.0,0,0,0,,,0.0,0.0,True,True,True,0.11587736650787006,False,True,True,True,0.0949353506449373,False
2025-12-28,2025-12-26,1680604.0214036587,1705466.8651745606,1722980.6761622783,0.010164833088393999,1.0,0.0,False,False,False,True,True,True,87877.29,95623.19499999999,107277.02655000001,1.0,0,0,0,,,0.0,0.0,True,True,True,0.12313575384777731,False,True,True,True,0.10571354572878433,False
2026-01-04,2026-01-02,1655965.0201071084,1680844.8563804796,1722980.6761622783,0.024455189988346726,1.0,0.0,False,False,False,True,True,True,91494.0,93317.786,106699.6802,1.0,0,0,0,,,0.0,0.0,True,True,True,0.09835866917734082,False,True,True,True,0.08991412201718751,False
2026-01-11,2026-01-09,1688557.4691627403,1713454.1665704225,1722980.6761622783,0.005529086729559207,1.0,0.0,False,False,False,True,True,True,90872.01,91351.386,106257.49815,1.0,0,0,0,,,0.0,0.0,True,True,True,0.11587651566889856,False,True,True,True,0.10170195168825225,False
2026-01-18,2026-01-16,1677254.2537172993,1702167.8919438468,1722980.6761622783,0.012079522716870739,1.0,0.0,False,False,False,True,True,True,93633.53,90245.24399999999,105816.03654999999,1.0,0,0,0,,,0.0,0.0,True,True,True,0.09839165904111002,False,True,True,True,0.09191727423512219,False
2026-01-25,2026-01-23,1675206.1784497416,1700136.9253693882,1722980.6761622783,0.013258274517490065,1.0,0.0,False,False,False,True,True,True,86561.94,89483.041,105121.95515000001,1.0,0,0,0,,,0.0,0.0,True,True,True,0.09495591250139301,False,True,True,True,0.08271426299340368,False
2026-02-01,2026-01-30,1677030.5461704878,1701978.4552459903,1722980.6761622783,0.012189469798969399,1.0,0.0,False,False,False,True,True,True,76895.53,88491.76599999999,103942.72085000001,1.0,0,0,0,,,0.0,0.0,True,True,True,0.0840987126182775,False,True,True,True,0.07933618054201075,False
2026-02-08,2026-02-06,1658710.4104536567,1683675.5003424278,1722980.6761622783,0.022812313779048243,1.0,0.0,False,False,False,True,True,True,70279.33,86482.74799999999,102299.62010000001,1.0,0,0,0,,,0.0,0.0,True,True,True,0.056222973937143816,False,True,True,True,0.0715335611551593,False
2026-02-15,2026-02-13,1635137.6641957446,1660120.0083157357,1722980.6761622783,0.03648367547949338,1.0,0.0,False,False,False,True,True,True,68792.0,84321.719,100560.76980000001,1.0,0,0,0,,,0.0,0.0,True,True,True,0.03551360440602602,False,True,True,True,0.050955200015795565,False
2026-02-22,2026-02-20,1654533.169927963,1679532.7863234053,1722980.6761622783,0.025216701754106507,1.0,0.0,False,False,False,True,True,True,67617.98,82266.356,98927.33649999999,1.0,0,0,0,,,0.0,0.0,True,True,True,0.042869619941273696,False,True,True,True,0.058174762863820284,False
2026-03-01,2026-02-27,1647558.9944636761,1672575.8752462636,1722980.6761622783,0.02925442032715364,1.0,0.0,False,False,False,True,True,True,65769.0,79979.261,97080.2979,1.0,0,0,0,,,0.0,0.0,True,True,True,0.035419849269301196,False,True,True,True,0.04862152215980409,False
2026-03-08,2026-03-06,1618202.99614139,1643237.132663733,1722980.6761622783,0.046282320284731115,1.0,0.0,False,False,False,True,True,True,65970.56,77788.58799999999,95419.73440000002,1.0,0,0,0,,,0.0,0.0,True,True,True,0.018520759486258642,False,True,True,True,0.02392569033766745,False
2026-03-15,2026-03-13,1596300.7295940018,1621352.1337625196,1722980.6761622783,0.0589841452117289,1.0,0.0,False,False,False,True,True,True,72830.01,75922.18900000001,93933.32994999998,1.0,0,0,0,,,0.0,0.0,True,True,True,0.003963772151732048,False,True,True,True,0.004259235933797623,False
2026-03-22,2026-03-20,1565292.1963501615,1590360.9624728826,1722980.6761622783,0.07697109754288678,1.0,0.0,False,False,False,True,True,True,67844.94,73619.48199999999,92568.14955,1.0,0,0,0,,,0.0,0.0,True,True,True,-0.01892537457573118,False,True,True,True,-0.017405382014180182,False
2026-03-29,2026-03-27,1523290.4924074765,1548376.7149759172,1722980.6761622783,0.10133831655922532,1.0,0.0,False,False,False,True,True,True,65956.94,70851.823,91066.99864999998,1.0,3,0,0,sell_all:SSO:406899;sell_all:QLD:329044;buy:SGOV:734374,idle_cash_to_sgov;switch_off,0.0,734373.58,False,True,True,-0.05235010906561177,True,False,True,True,-0.04008906272132007,True
2026-04-05,2026-04-02,1537058.421327303,1562159.5611250252,1722980.6761622783,0.09333889651940952,1.0,0.0,False,False,False,True,True,True,69005.0,69096.129,89374.97879999998,1.0,0,0,0,,,0.0,0.0,False,True,True,-0.016452363413754778,False,False,True,True,-0.009317012147446735,False
2026-04-12,2026-04-10,1538277.872633086,1563398.9268447813,1722980.6761622783,0.09261958159214256,1.0,0.0,False,False,False,True,True,True,70755.35,68482.111,87867.68809999998,1.0,3,0,0,sell:SGOV:838042;buy:SSO:384569;buy:QLD:384569,fund_buys;switch_on,838041.66,0.0,True,True,True,0.024334198325801415,True,True,True,True,0.023154722677824813,True
2026-04-19,2026-04-17,1626167.8442756967,1651306.3018302827,1722980.6761622783,0.041599058726323745,1.0,0.0,False,False,False,True,True,True,73823.14,68836.492,86555.5772,1.0,0,0,0,,,0.0,0.0,True,True,True,0.08380585689441111,False,True,True,True,0.06617014432203328,False
2026-04-26,2026-04-24,1650617.5631989604,1675773.4154750241,1722980.6761622783,0.027398601354254537,1.0,0.0,False,False,False,True,True,True,78673.83,69824.675,84976.14355000001,1.0,0,0,0,,,0.0,0.0,True,True,True,0.10489154169517656,False,True,True,True,0.06852382938513402,False
2026-05-03,2026-05-01,1672046.64794603,1697219.8656074698,1722980.6761622783,0.014951305555084615,1.0,0.0,False,False,False,True,True,True,78558.89,70918.76599999999,83683.8361,1.0,0,0,0,,,0.0,0.0,True,True,True,0.11628374941414199,False,True,True,True,0.07456028100194834,False
2026-05-10,2026-05-08,1744152.8266364983,1769343.4354766267,1769343.4354766267,0.0,1.0,0.0,False,False,False,True,True,True,82199.99,72561.865,82724.76129999998,1.0,0,0,0,,,0.0,0.0,True,True,True,0.17144628390367034,False,True,True,True,0.0955843969886725,False
2026-05-17,2026-05-15,1742216.7763425482,1767424.8021834167,1769343.4354766267,0.0010843758508043422,1.0,0.0,False,False,False,True,True,True,77407.59,73705.568,81588.5242,1.0,0,0,0,,,0.0,0.0,True,True,True,0.1600845405048259,False,True,True,True,0.09271991501895083,False
2026-05-24,2026-05-22,1761866.9061452663,1787092.3057459742,1787092.3057459742,0.0,1.0,0.0,False,False,False,True,True,True,76975.99,74120.166,80525.81485,1.0,0,0,0,,,0.0,0.0,True,True,True,0.16720459489753559,False,True,True,True,0.09780356308383231,False
2026-05-31,2026-05-29,1805969.2213519295,1831212.0059585278,1831212.0059585278,0.0,1.0,0.0,False,False,False,True,True,True,73575.17,74693.189,79522.9814,1.0,0,0,0,,,0.0,0.0,True,True,True,0.1947296344560865,False,True,True,True,0.10968366276649988,False
2026-06-07,2026-06-05,1731476.129969497,1756736.4299310234,1831212.0059585278,0.04067010034074181,1.0,0.0,False,False,False,True,True,True,63302.73,74427.76800000001,78476.38105,1.0,0,0,0,,,0.0,0.0,True,True,True,0.1332699004339546,False,True,True,True,0.07662008368977369,False
2026-06-14,2026-06-12,1758212.3343213496,1783490.2518007879,1831212.0059585278,0.02606020166013523,1.0,0.0,False,False,False,True,True,True,65706.62,74097.93,77647.7741,1.0,0,0,0,,,0.0,0.0,True,True,True,0.1532174379679061,False,True,True,True,0.07984096574123067,False
2026-06-21,2026-06-18,1791861.630323883,1817154.6829511027,1831212.0059585278,0.007676513129929452,1.0,0.0,False,False,False,True,True,True,63235.63,73345.958,76726.22955,1.0,0,0,0,,,0.0,0.0,True,True,True,0.17708096670380336,False,True,True,True,0.08662623211890952,False
2026-06-28,2026-06-26,1722086.9436837733,1747400.4235324748,1831212.0059585278,0.04576836660820316,1.0,0.0,False,False,False,True,True,True,59474.01,71911.04500000001,75677.253,1.0,0,0,0,,,0.0,0.0,True,True,True,0.12089318917348102,False,True,True,True,0.061956481559428234,False
2026-07-05,2026-07-02,1748665.070831486,1773993.9499583177,1831212.0059585278,0.031246003091957686,1.0,0.0,False,False,False,True,True,True,63580.44,70401.706,74715.20814999999,1.0,0,0,0,,,0.0,0.0,True,True,True,0.12404669673707103,False,True,True,True,0.07782491212154974,False
2026-07-12,2026-07-10,1778572.4813455255,1803921.91384036,1831212.0059585278,0.014902748578192626,1.0,0.0,False,False,False,True,True,True,63740.32,68919.84899999999,73866.549,1.0,0,0,0,,,0.0,0.0,True,True,True,0.13752944987533966,False,True,True,True,0.08761520067405737,False
2026-07-19,2026-07-17,1719946.5003481214,1745313.994700374,1831212.0059585278,0.04690773704991702,1.0,0.0,False,False,False,True,True,True,64681.78,67168.02799999999,73046.31775,1.0,0,0,0,,,0.0,0.0,True,True,True,0.08568425230567511,False,True,True,True,0.06733147046563004,False
2026-07-26,2026-07-24,1698204.2291808333,1723589.9095278967,1831212.0059585278,0.05877096484756694,1.0,0.0,False,False,False,True,True,True,65341.07,65961.376,72130.95234999999,1.0,0,0,0,,,0.0,0.0,True,True,True,0.0641739530992802,False,True,True,True,0.05798783583038136,False
2026-08-02,2026-07-31,1711601.3107293118,1737005.3640475203,1831212.0059585278,0.05144496737923909,1.0,0.0,False,False,False,True,True,True,63499.49,64613.726,71125.56584999998,1.0,0,0,0,,,0.0,0.0,True,True,True,0.066599573594321,False,True,True,True,0.06628792504041292,False
2026-08-09,2026-08-07,1792636.1457354785,1818058.3276947958,1831212.0059585278,0.007183045011135536,1.0,0.0,False,False,False,True,True,True,64848.69,63741.078,70130.40199999999,1.0,0,0,0,,,0.0,0.0,True,True,True,0.1163518614455703,False,True,True,True,0.10036985116080066,False
2026-08-16,2026-08-14,1807740.150132675,1833180.49456496,1833180.49456496,0.0,1.0,0.0,False,False,False,True,True,True,62836.66,63694.471000000005,69240.39895,1.0,0,0,0,,,0.0,0.0,True,True,True,0.12371683347254003,False,True,True,True,0.10047594020719108,False
2026-08-23,2026-08-21,1768094.3430271647,1793552.8001446095,1833180.49456496,0.02161690817562112,1.0,0.0,False,False,True,True,True,True,77729.36,64896.74500000001,69005.8623,1.0,2,0,0,sell:SGOV:501528;buy:IBIT:530428,fund_buys;switch_on,501527.76,0.0,True,True,True,0.09251917355319628,False,True,True,True,0.08154856544063738,False
2026-08-30,2026-08-28,1765880.3549114824,1791356.9376054523,1833180.49456496,0.02281475123890242,1.0,0.0,False,False,True,True,True,True,77665.14,66339.69600000001,69364.73645,1.0,0,0,0,,,0.0,0.0,True,True,True,0.09315411383516747,False,True,True,True,0.08330707772400303,False
2026-09-06,2026-09-04,1785125.1624381372,1810620.1140825397,1833180.49456496,0.012306688048071446,1.0,0.0,False,False,True,True,True,True,80339.13,68426.20800000001,69754.91154999999,1.0,0,0,0,,,0.0,0.0,True,True,True,0.09303390848483373,False,True,True,True,0.08076927733171435,False
2026-09-13,2026-09-11,1753589.903332256,1779103.4040842482,1833180.49456496,0.029499054043527262,1.0,0.0,False,False,True,True,True,True,76799.85,69748.149,70136.9785,1.0,0,0,0,,,0.0,0.0,True,True,True,0.08253546376844234,False,True,True,True,0.06902964940276779,False
2026-09-20,2026-09-18,1787018.191248698,1812551.0317384026,1833180.49456496,0.011253372424439356,1.0,0.0,False,False,True,True,True,True,81159.64,71490.081,70504.8932,1.0,0,0,0,,,0.0,0.0,True,True,True,0.08864723026234844,False,True,True,True,0.0650762480502376,False
2026-09-27,2026-09-25,1851128.744892549,1876681.2617425534,1876681.2617425534,0.0,1.0,0.0,False,False,True,True,True,True,84462.14,73468.117,71073.4015,1.0,0,0,0,,,0.0,0.0,True,True,True,0.11897095882039532,False,True,True,True,0.07469705093370482,False
