,fut,spot,dte,basis_ann_%,inst
2018-12-31 00:00:00+00:00,3645.0,3708.0,88,-6.860947860329203,BTC-29MAR19
2019-01-01 00:00:00+00:00,3697.0,3791.0,87,-9.998047174704416,BTC-29MAR19
2019-01-02 00:00:00+00:00,3744.0,3844.5,86,-10.633494327920069,BTC-29MAR19
2019-01-03 00:00:00+00:00,3719.0,3804.5,85,-9.299223779361586,BTC-29MAR19
2019-01-04 00:00:00+00:00,3716.5,3819.5,84,-11.20025999830957,BTC-29MAR19
2019-01-05 00:00:00+00:00,3691.5,3786.0,83,-10.52032250062156,BTC-29MAR19
2019-01-06 00:00:00+00:00,3949.5,4036.0,82,-9.19321491688886,BTC-29MAR19
2019-01-07 00:00:00+00:00,3894.5,3979.0,81,-9.219532278589405,BTC-29MAR19
2019-01-08 00:00:00+00:00,3937.0,4018.5,80,-8.924758880122063,BTC-29MAR19
2019-01-09 00:00:00+00:00,3728.5,3798.0,79,-8.17904329519804,BTC-29MAR19
2019-01-10 00:00:00+00:00,3556.0,3637.0,78,-10.003137746384827,BTC-29MAR19
2019-01-11 00:00:00+00:00,3539.5,3622.5,77,-10.405307741386027,BTC-29MAR19
2019-01-12 00:00:00+00:00,3533.5,3613.5,76,-10.194240745716032,BTC-29MAR19
2019-01-13 00:00:00+00:00,3453.0,3534.5,75,-10.732408758848312,BTC-29MAR19
2019-01-14 00:00:00+00:00,3576.0,3663.5,74,-11.240276247750359,BTC-29MAR19
2019-01-15 00:00:00+00:00,3487.5,3576.0,73,-11.776652826265988,BTC-29MAR19
2019-01-16 00:00:00+00:00,3503.5,3593.0,72,-12.003833534879394,BTC-29MAR19
2019-01-17 00:00:00+00:00,3531.0,3624.5,71,-12.572225912513236,BTC-29MAR19
2019-01-18 00:00:00+00:00,3536.0,3613.0,70,-10.62487136274367,BTC-29MAR19
2019-01-19 00:00:00+00:00,3609.0,3687.5,69,-10.758774181487041,BTC-29MAR19
2019-01-20 00:00:00+00:00,3440.5,3527.5,68,-12.544848346522263,BTC-29MAR19
2019-01-21 00:00:00+00:00,3431.5,3519.5,67,-12.885358510942668,BTC-29MAR19
2019-01-22 00:00:00+00:00,3484.5,3566.0,66,-12.002375946717613,BTC-29MAR19
2019-01-23 00:00:00+00:00,3469.5,3544.5,65,-11.316299071915859,BTC-29MAR19
2019-01-24 00:00:00+00:00,3482.0,3557.5,64,-11.515158395940517,BTC-29MAR19
2019-01-25 00:00:00+00:00,3541.5,3618.5,63,-11.716490080383469,BTC-29MAR19
2019-01-26 00:00:00+00:00,3473.5,3548.0,62,-11.744312335389061,BTC-29MAR19
2019-01-27 00:00:00+00:00,3364.0,3437.0,61,-12.054914607052169,BTC-29MAR19
2019-01-28 00:00:00+00:00,3289.5,3360.5,60,-12.182086990243867,BTC-29MAR19
2019-01-29 00:00:00+00:00,3356.0,3412.0,59,-9.731211109166804,BTC-29MAR19
2019-01-30 00:00:00+00:00,3403.0,3451.0,58,-8.437216321399399,BTC-29MAR19
2019-01-31 00:00:00+00:00,3343.0,3381.25,57,-7.026139135242837,BTC-29MAR19
2019-02-01 00:00:00+00:00,3390.5,3421.0,56,-5.669978767879313,BTC-29MAR19
2019-02-02 00:00:00+00:00,3392.25,3425.0,55,-6.177223347173488,BTC-29MAR19
2019-02-03 00:00:00+00:00,3384.5,3416.75,54,-6.209091512484665,BTC-29MAR19
2019-02-04 00:00:00+00:00,3385.25,3415.75,53,-5.990083040491234,BTC-29MAR19
2019-02-05 00:00:00+00:00,3346.0,3377.5,52,-6.36552184195176,BTC-29MAR19
2019-02-06 00:00:00+00:00,3337.5,3370.5,51,-6.799483998410771,BTC-29MAR19
2019-02-07 00:00:00+00:00,3334.0,3357.75,50,-5.049810609014161,BTC-29MAR19
2019-02-08 00:00:00+00:00,3613.5,3623.75,49,-2.087871009223752,BTC-29MAR19
2019-02-09 00:00:00+00:00,3591.25,3598.0,48,-1.4177672877963898,BTC-29MAR19
2019-02-10 00:00:00+00:00,3585.75,3596.5,47,-2.2979202721133407,BTC-29MAR19
2019-02-11 00:00:00+00:00,3566.0,3575.75,46,-2.1432320645885405,BTC-29MAR19
2019-02-12 00:00:00+00:00,3572.5,3588.0,45,-3.4506145101338315,BTC-29MAR19
2019-02-13 00:00:00+00:00,3522.5,3570.0,135,-3.556719129809016,BTC-28JUN19
2019-02-14 00:00:00+00:00,3537.5,3577.25,134,-2.997833782635906,BTC-28JUN19
2019-02-15 00:00:00+00:00,3555.25,3586.5,133,-2.373091994933263,BTC-28JUN19
2019-02-16 00:00:00+00:00,3569.75,3598.25,132,-2.174863780166647,BTC-28JUN19
2019-02-17 00:00:00+00:00,3669.5,3691.75,131,-1.6702402978998832,BTC-28JUN19
2019-02-18 00:00:00+00:00,3895.5,3888.0,130,0.5425521116298127,BTC-28JUN19
2019-02-19 00:00:00+00:00,3887.5,3895.25,129,-0.5619256325562816,BTC-28JUN19
2019-02-20 00:00:00+00:00,3935.5,3931.75,128,0.272214764835077,BTC-28JUN19
2019-02-21 00:00:00+00:00,3899.75,3893.0,127,0.49913023356344954,BTC-28JUN19
2019-02-22 00:00:00+00:00,3923.0,3925.0,126,-0.14753761366476104,BTC-28JUN19
2019-02-23 00:00:00+00:00,4147.0,4157.0,125,-0.7008086722046003,BTC-28JUN19
2019-02-24 00:00:00+00:00,3733.0,3759.0,124,-2.022318846786919,BTC-28JUN19
2019-02-25 00:00:00+00:00,3759.75,3790.0,123,-2.349953886792322,BTC-28JUN19
2019-02-26 00:00:00+00:00,3778.25,3807.5,122,-2.280825470548953,BTC-28JUN19
2019-02-27 00:00:00+00:00,3780.0,3803.5,121,-1.852182173502559,BTC-28JUN19
2019-02-28 00:00:00+00:00,3786.25,3808.0,120,-1.727186996818586,BTC-28JUN19
2019-03-01 00:00:00+00:00,3766.0,3794.75,119,-2.305661288263672,BTC-28JUN19
2019-03-02 00:00:00+00:00,3785.0,3808.75,118,-1.9162619070760556,BTC-28JUN19
2019-03-03 00:00:00+00:00,3697.25,3721.5,117,-2.018823739597808,BTC-28JUN19
2019-03-04 00:00:00+00:00,3697.5,3716.25,116,-1.5789836696615156,BTC-28JUN19
2019-03-05 00:00:00+00:00,3831.25,3844.0,115,-1.0489512062021311,BTC-28JUN19
2019-03-06 00:00:00+00:00,3853.75,3865.0,114,-0.9289638043874948,BTC-28JUN19
2019-03-07 00:00:00+00:00,3861.0,3871.75,113,-0.8940678451107464,BTC-28JUN19
2019-03-08 00:00:00+00:00,3882.5,3890.0,112,-0.6269609712166502,BTC-28JUN19
2019-03-09 00:00:00+00:00,3865.25,3885.5,111,-1.7035559980668635,BTC-28JUN19
2019-03-10 00:00:00+00:00,3852.75,3866.25,110,-1.1539459083012127,BTC-28JUN19
2019-03-11 00:00:00+00:00,3810.75,3825.0,109,-1.2420778827499368,BTC-28JUN19
2019-03-12 00:00:00+00:00,3842.5,3861.0,108,-1.610139563261903,BTC-28JUN19
2019-03-13 00:00:00+00:00,3817.25,3836.75,107,-1.723127077546982,BTC-28JUN19
2019-03-14 00:00:00+00:00,3837.0,3854.75,106,-1.5766835293183346,BTC-28JUN19
2019-03-15 00:00:00+00:00,3975.5,4000.5,105,-2.1555914187758485,BTC-28JUN19
2019-03-16 00:00:00+00:00,3939.5,3956.75,104,-1.5217135843951568,BTC-28JUN19
2019-03-17 00:00:00+00:00,3939.25,3956.75,103,-1.5585143309543192,BTC-28JUN19
2019-03-18 00:00:00+00:00,3948.5,3959.75,102,-1.0129457569124312,BTC-28JUN19
2019-03-19 00:00:00+00:00,3967.0,3989.75,101,-2.045354565379187,BTC-28JUN19
2019-03-20 00:00:00+00:00,4010.75,4034.25,100,-2.109811810185891,BTC-28JUN19
2019-03-21 00:00:00+00:00,3939.5,3963.75,99,-2.2371303266136233,BTC-28JUN19
2019-03-22 00:00:00+00:00,3967.25,3989.5,98,-2.061469258376447,BTC-28JUN19
2019-03-23 00:00:00+00:00,3941.0,3961.25,97,-1.9100525678783509,BTC-28JUN19
2019-03-24 00:00:00+00:00,3946.0,3966.5,96,-1.9508402103674327,BTC-28JUN19
2019-03-25 00:00:00+00:00,3871.25,3898.75,95,-2.6829988488160317,BTC-28JUN19
2019-03-26 00:00:00+00:00,3952.5,3981.25,94,-2.7749783596762945,BTC-28JUN19
2019-03-27 00:00:00+00:00,3981.75,4015.75,93,-3.2820180170991864,BTC-28JUN19
2019-03-28 00:00:00+00:00,4011.0,4037.0,92,-2.5308557430805845,BTC-28JUN19
2019-03-29 00:00:00+00:00,4079.5,4086.25,91,-0.6609218630438063,BTC-28JUN19
2019-03-30 00:00:00+00:00,4057.75,4078.0,90,-1.9986287568633299,BTC-28JUN19
2019-03-31 00:00:00+00:00,4097.0,4119.0,89,-2.1723791036693307,BTC-28JUN19
2019-04-01 00:00:00+00:00,4693.25,4702.75,88,-0.8352200903088192,BTC-28JUN19
2019-04-02 00:00:00+00:00,4964.0,4967.25,87,-0.2742123075939129,BTC-28JUN19
2019-04-03 00:00:00+00:00,5027.5,5036.5,86,-0.7562216275618705,BTC-28JUN19
2019-04-04 00:00:00+00:00,4949.5,4943.25,85,0.5440586434009687,BTC-28JUN19
2019-04-05 00:00:00+00:00,5003.75,5005.75,84,-0.17349388883988182,BTC-28JUN19
2019-04-06 00:00:00+00:00,5148.25,5137.25,83,0.945053363128312,BTC-28JUN19
2019-04-07 00:00:00+00:00,5286.0,5256.75,82,2.500670533214011,BTC-28JUN19
2019-04-08 00:00:00+00:00,5241.0,5228.5,81,1.0818343623277382,BTC-28JUN19
2019-04-09 00:00:00+00:00,5263.5,5250.5,80,1.1346469733347408,BTC-28JUN19
2019-04-10 00:00:00+00:00,5194.5,5203.75,79,-0.8186412250030028,BTC-28JUN19
2019-04-11 00:00:00+00:00,5036.0,5038.5,78,-0.23197466683934076,BTC-28JUN19
2019-04-12 00:00:00+00:00,5058.75,5091.5,77,-3.0126090576747977,BTC-28JUN19
2019-04-13 00:00:00+00:00,5028.75,5062.75,76,-3.184386367861658,BTC-28JUN19
2019-04-14 00:00:00+00:00,5131.75,5158.75,75,-2.52148354207834,BTC-28JUN19
2019-04-15 00:00:00+00:00,5059.0,5069.75,74,-1.0415314353388494,BTC-28JUN19
2019-04-16 00:00:00+00:00,5222.0,5220.75,73,0.11977194046204342,BTC-28JUN19
2019-04-17 00:00:00+00:00,5261.5,5268.25,72,-0.6478367252806483,BTC-28JUN19
2019-04-18 00:00:00+00:00,5246.25,5246.75,71,-0.04898109168482989,BTC-28JUN19
2019-04-19 00:00:00+00:00,5322.75,5331.75,70,-0.8770470238620209,BTC-28JUN19
2019-04-20 00:00:00+00:00,5308.75,5315.75,69,-0.6946253485553222,BTC-28JUN19
2019-04-21 00:00:00+00:00,5264.75,5280.75,68,-1.6156042957035432,BTC-28JUN19
2019-04-22 00:00:00+00:00,5539.75,5541.25,67,-0.1473805370618808,BTC-28JUN19
2019-04-23 00:00:00+00:00,5449.25,5465.5,66,-1.6332321699319752,BTC-28JUN19
2019-04-24 00:00:00+00:00,5397.0,5423.5,65,-2.713001341890653,BTC-28JUN19
2019-04-25 00:00:00+00:00,5139.0,5163.0,64,-2.622261432466244,BTC-28JUN19
2019-04-26 00:00:00+00:00,5122.0,5165.0,63,-4.72812939743058,BTC-28JUN19
2019-04-27 00:00:00+00:00,5133.25,5174.5,62,-4.602587332021601,BTC-28JUN19
2019-04-28 00:00:00+00:00,5113.25,5155.0,61,-4.749329781960244,BTC-28JUN19
2019-04-29 00:00:00+00:00,5087.75,5142.0,60,-6.248487100066824,BTC-28JUN19
2019-04-30 00:00:00+00:00,5241.5,5306.25,59,-7.314206646545085,BTC-28JUN19
2019-05-01 00:00:00+00:00,5265.25,5333.0,58,-7.730748758906103,BTC-28JUN19
2019-05-02 00:00:00+00:00,5538.5,5588.5,57,-5.592500376283638,BTC-28JUN19
2019-05-03 00:00:00+00:00,5710.25,5741.0,56,-3.439925757509188,BTC-28JUN19
2019-05-04 00:00:00+00:00,5687.0,5708.25,55,-2.444737239818129,BTC-28JUN19
2019-05-05 00:00:00+00:00,5556.5,5584.5,54,-3.340466397334041,BTC-28JUN19
2019-05-06 00:00:00+00:00,5868.0,5881.5,53,-1.5701082670776412,BTC-28JUN19
2019-05-07 00:00:00+00:00,5772.5,5815.25,52,-5.047317740471014,BTC-28JUN19
2019-05-08 00:00:00+00:00,5997.25,6051.75,51,-6.269284250045459,BTC-28JUN19
2019-05-09 00:00:00+00:00,6222.5,6311.5,50,-9.847883578127215,BTC-28JUN19
2019-05-10 00:00:00+00:00,6716.5,6794.5,49,-8.241308493513666,BTC-28JUN19
2019-05-11 00:00:00+00:00,7465.0,7524.0,48,-5.810705127294213,BTC-28JUN19
2019-05-12 00:00:00+00:00,7011.25,7030.0,47,-2.052696710617663,BTC-28JUN19
2019-05-13 00:00:00+00:00,8387.5,8344.5,46,4.16267734605571,BTC-28JUN19
2019-05-14 00:00:00+00:00,7955.75,7918.0,45,3.9332612550844193,BTC-28JUN19
2019-05-15 00:00:00+00:00,8095.25,8007.75,135,2.9818834465684008,BTC-27SEP19
2019-05-16 00:00:00+00:00,7371.5,7279.75,134,3.4704383869605504,BTC-27SEP19
2019-05-17 00:00:00+00:00,7345.5,7331.25,133,0.5343355178278442,BTC-27SEP19
2019-05-18 00:00:00+00:00,7991.25,7977.25,132,0.4860335294668783,BTC-27SEP19
2019-05-19 00:00:00+00:00,8040.5,7915.5,131,4.462320465256386,BTC-27SEP19
2019-05-20 00:00:00+00:00,8040.25,7945.0,130,3.4026421452574285,BTC-27SEP19
2019-05-21 00:00:00+00:00,8036.0,7921.25,129,4.153382581874165,BTC-27SEP19
2019-05-22 00:00:00+00:00,7713.5,7603.5,128,4.180840644821315,BTC-27SEP19
2019-05-23 00:00:00+00:00,7991.75,7888.25,127,3.81747112990809,BTC-27SEP19
2019-05-24 00:00:00+00:00,8120.0,8004.25,126,4.246821074856677,BTC-27SEP19
2019-05-25 00:00:00+00:00,8148.75,8011.25,125,5.094713747196322,BTC-27SEP19
2019-05-26 00:00:00+00:00,9110.0,8800.75,124,10.700447783681465,BTC-27SEP19
2019-05-27 00:00:00+00:00,9118.0,8762.0,123,12.545085257421707,BTC-27SEP19
2019-05-28 00:00:00+00:00,8726.25,8546.25,122,6.434390407220136,BTC-27SEP19
2019-05-29 00:00:00+00:00,8945.0,8708.5,121,8.418479704444803,BTC-27SEP19
2019-05-30 00:00:00+00:00,8413.5,8308.5,120,3.89376327315043,BTC-27SEP19
2019-05-31 00:00:00+00:00,8791.5,8546.75,119,9.046134238794323,BTC-27SEP19
2019-06-01 00:00:00+00:00,8912.75,8722.0,118,6.9209459915432925,BTC-27SEP19
2019-06-02 00:00:00+00:00,8652.25,8474.5,117,6.68998193315733,BTC-27SEP19
2019-06-03 00:00:00+00:00,7979.5,7863.0,116,4.73655746251016,BTC-27SEP19
2019-06-04 00:00:00+00:00,7885.0,7826.0,115,2.4124701477342025,BTC-27SEP19
2019-06-05 00:00:00+00:00,7833.5,7764.0,114,2.8944185599249828,BTC-27SEP19
2019-06-06 00:00:00+00:00,7998.0,7947.0,113,2.0877869120106807,BTC-27SEP19
2019-06-07 00:00:00+00:00,7956.0,7943.5,112,0.5137415217159935,BTC-27SEP19
2019-06-08 00:00:00+00:00,7926.5,7918.0,111,0.35343263718898843,BTC-27SEP19
2019-06-09 00:00:00+00:00,7719.0,7712.0,110,0.30150051101331954,BTC-27SEP19
2019-06-10 00:00:00+00:00,8010.5,7942.0,109,2.9175651767211486,BTC-27SEP19
2019-06-11 00:00:00+00:00,7994.5,8004.0,108,-0.4005642864346681,BTC-27SEP19
2019-06-12 00:00:00+00:00,8133.0,8134.0,107,-0.04193151436076015,BTC-27SEP19
2019-06-13 00:00:00+00:00,8271.0,8266.5,106,0.1875714131337025,BTC-27SEP19
2019-06-14 00:00:00+00:00,8772.5,8714.0,105,2.353144183929823,BTC-27SEP19
2019-06-15 00:00:00+00:00,9509.0,9340.0,104,6.495874323940587,BTC-27SEP19
2019-06-16 00:00:00+00:00,9306.0,9167.5,103,5.457376732338481,BTC-27SEP19
2019-06-17 00:00:00+00:00,9310.5,9129.5,102,7.277772417487438,BTC-27SEP19
2019-06-18 00:00:00+00:00,9386.0,9190.0,101,7.924781656075819,BTC-27SEP19
2019-06-19 00:00:00+00:00,9529.5,9280.5,100,10.14642312127052,BTC-27SEP19
2019-06-20 00:00:00+00:00,10066.5,9769.0,99,11.695057683669607,BTC-27SEP19
2019-06-21 00:00:00+00:00,11099.0,10689.5,98,15.029102918051706,BTC-27SEP19
2019-06-22 00:00:00+00:00,11271.0,10709.5,97,21.20225507505218,BTC-27SEP19
2019-06-23 00:00:00+00:00,11206.5,10780.0,96,15.896360571772616,BTC-27SEP19
2019-06-24 00:00:00+00:00,11855.0,11358.0,95,17.88593219837327,BTC-27SEP19
2019-06-25 00:00:00+00:00,12865.5,12474.5,94,12.73157894828174,BTC-27SEP19
2019-06-26 00:00:00+00:00,12910.0,12401.0,93,17.101707537062104,BTC-27SEP19
2019-06-27 00:00:00+00:00,11723.5,11269.5,92,16.963736653570336,BTC-27SEP19
2019-06-28 00:00:00+00:00,12150.0,11829.5,91,11.318446915216951,BTC-27SEP19
2019-06-29 00:00:00+00:00,12090.0,11702.0,90,14.143672043432876,BTC-27SEP19
2019-06-30 00:00:00+00:00,11251.5,10907.5,89,13.580685018572701,BTC-27SEP19
2019-07-01 00:00:00+00:00,10135.5,9828.5,88,13.606995741478167,BTC-27SEP19
2019-07-02 00:00:00+00:00,11575.0,11259.0,87,12.313946692276211,BTC-27SEP19
2019-07-03 00:00:00+00:00,11987.0,11713.0,86,10.31171914045299,BTC-27SEP19
2019-07-04 00:00:00+00:00,11188.5,10967.0,85,8.96580090346868,BTC-27SEP19
2019-07-05 00:00:00+00:00,11681.0,11458.5,84,8.7157674392915,BTC-27SEP19
2019-07-06 00:00:00+00:00,11454.0,11204.5,83,10.169562047598934,BTC-27SEP19
2019-07-07 00:00:00+00:00,11748.5,11483.0,82,10.710167318069907,BTC-27SEP19
2019-07-08 00:00:00+00:00,12843.5,12465.0,81,14.430072864356202,BTC-27SEP19
2019-07-09 00:00:00+00:00,13386.0,12902.5,80,18.275514993287658,BTC-27SEP19
2019-07-10 00:00:00+00:00,11866.5,11599.0,79,11.109242405920616,BTC-27SEP19
2019-07-11 00:00:00+00:00,11881.0,11674.0,78,8.572530940359613,BTC-27SEP19
2019-07-12 00:00:00+00:00,11680.0,11508.0,77,7.285602383900103,BTC-27SEP19
2019-07-13 00:00:00+00:00,11307.5,11131.0,76,7.848365032041693,BTC-27SEP19
2019-07-14 00:00:00+00:00,10392.0,10329.5,75,2.979286551678806,BTC-27SEP19
2019-07-15 00:00:00+00:00,10911.5,10761.0,74,7.090654353569592,BTC-27SEP19
2019-07-16 00:00:00+00:00,9569.5,9565.5,73,0.209259670426154,BTC-27SEP19
2019-07-17 00:00:00+00:00,9936.0,9806.0,72,6.904422201599103,BTC-27SEP19
2019-07-18 00:00:00+00:00,10819.5,10641.5,71,8.902137844198311,BTC-27SEP19
2019-07-19 00:00:00+00:00,10757.0,10586.0,70,8.714549094929346,BTC-27SEP19
2019-07-20 00:00:00+00:00,10724.0,10605.5,69,6.053993388998502,BTC-27SEP19
2019-07-21 00:00:00+00:00,10735.0,10606.5,68,6.677428671216679,BTC-27SEP19
2019-07-22 00:00:00+00:00,10136.0,10020.0,67,6.471336670113126,BTC-27SEP19
2019-07-23 00:00:00+00:00,9799.5,9694.0,66,6.1689229975887105,BTC-27SEP19
2019-07-24 00:00:00+00:00,10168.5,10070.0,65,5.618161338822381,BTC-27SEP19
2019-07-25 00:00:00+00:00,9839.5,9772.0,64,4.0039661937276705,BTC-27SEP19
2019-07-26 00:00:00+00:00,10162.5,10074.0,63,5.198084465779873,BTC-27SEP19
2019-07-27 00:00:00+00:00,9469.0,9465.5,62,0.21788035332253042,BTC-27SEP19
2019-07-28 00:00:00+00:00,9612.0,9594.0,61,1.127889310363095,BTC-27SEP19
2019-07-29 00:00:00+00:00,9530.0,9497.5,60,2.099878123487864,BTC-27SEP19
2019-07-30 00:00:00+00:00,9822.0,9744.0,59,5.056156181952143,BTC-27SEP19
2019-07-31 00:00:00+00:00,10087.0,9979.5,58,6.975250014678336,BTC-27SEP19
2019-08-01 00:00:00+00:00,10666.5,10549.5,57,7.318155334935317,BTC-27SEP19
2019-08-02 00:00:00+00:00,11029.5,10840.5,56,11.92481056220618,BTC-27SEP19
2019-08-03 00:00:00+00:00,10865.5,10698.5,55,10.825999730438252,BTC-27SEP19
2019-08-04 00:00:00+00:00,11922.0,11701.0,54,13.481919869399439,BTC-27SEP19
2019-08-05 00:00:00+00:00,12480.0,12215.5,53,15.89645526933403,BTC-27SEP19
2019-08-06 00:00:00+00:00,11741.5,11537.0,52,13.125776361564867,BTC-27SEP19
2019-08-07 00:00:00+00:00,12158.0,11936.5,51,14.063981557208605,BTC-27SEP19
2019-08-08 00:00:00+00:00,12122.0,11852.5,50,17.836410447814878,BTC-27SEP19
2019-08-09 00:00:00+00:00,12071.0,11834.0,49,15.917302372721176,BTC-27SEP19
2019-08-10 00:00:00+00:00,11525.0,11350.5,48,12.30129387046932,BTC-27SEP19
2019-08-11 00:00:00+00:00,11617.0,11401.5,47,15.651893771788949,BTC-27SEP19
2019-08-12 00:00:00+00:00,11547.0,11352.0,46,14.470048810332315,BTC-27SEP19
2019-08-13 00:00:00+00:00,10733.5,10573.0,45,12.998334300367475,BTC-27SEP19
2019-08-14 00:00:00+00:00,10100.0,9831.5,135,7.556740589515321,BTC-27DEC19
2019-08-15 00:00:00+00:00,10140.0,9918.0,134,6.215276088061117,BTC-27DEC19
2019-08-16 00:00:00+00:00,10675.5,10363.5,133,8.480638961065656,BTC-27DEC19
2019-08-17 00:00:00+00:00,10393.0,10139.0,132,7.081334971782494,BTC-27DEC19
2019-08-18 00:00:00+00:00,11051.5,10731.0,131,8.545363055560173,BTC-27DEC19
2019-08-19 00:00:00+00:00,11153.5,10825.5,130,8.7418449995589,BTC-27DEC19
2019-08-20 00:00:00+00:00,10342.5,10111.5,129,6.599904721595107,BTC-27DEC19
2019-08-21 00:00:00+00:00,10157.0,9965.0,128,5.592768359866129,BTC-27DEC19
2019-08-22 00:00:00+00:00,10427.0,10232.0,127,5.575610445667589,BTC-27DEC19
2019-08-23 00:00:00+00:00,10529.0,10316.5,126,6.084185164907585,BTC-27DEC19
2019-08-24 00:00:00+00:00,10273.5,10117.5,125,4.569256376225916,BTC-27DEC19
2019-08-25 00:00:00+00:00,10542.0,10340.0,124,5.860291660896788,BTC-27DEC19
2019-08-26 00:00:00+00:00,10387.0,10169.0,123,6.496682548560284,BTC-27DEC19
2019-08-27 00:00:00+00:00,10364.0,10161.5,122,6.081220055715342,BTC-27DEC19
2019-08-28 00:00:00+00:00,9521.5,9387.5,121,4.368155372345051,BTC-27DEC19
2019-08-29 00:00:00+00:00,9637.0,9466.5,120,5.579664290541375,BTC-27DEC19
2019-08-30 00:00:00+00:00,9732.5,9588.0,119,4.694988368373965,BTC-27DEC19
2019-08-31 00:00:00+00:00,9775.0,9626.5,118,4.84912590497002,BTC-27DEC19
2019-09-01 00:00:00+00:00,9945.0,9773.0,117,5.593528469124398,BTC-27DEC19
2019-09-02 00:00:00+00:00,10589.5,10395.0,116,6.006565800018215,BTC-27DEC19
2019-09-03 00:00:00+00:00,10825.0,10589.0,115,7.246649241883163,BTC-27DEC19
2019-09-04 00:00:00+00:00,10775.5,10565.5,114,6.504167356314383,BTC-27DEC19
2019-09-05 00:00:00+00:00,11002.0,10761.5,113,7.4001955884878345,BTC-27DEC19
2019-09-06 00:00:00+00:00,10599.5,10385.0,112,6.889643903024112,BTC-27DEC19
2019-09-07 00:00:00+00:00,10799.5,10553.0,111,7.888213934598509,BTC-27DEC19
2019-09-08 00:00:00+00:00,10381.0,10149.0,110,7.788162586279013,BTC-27DEC19
2019-09-09 00:00:00+00:00,10514.0,10279.5,109,7.845755789087461,BTC-27DEC19
2019-09-10 00:00:00+00:00,10286.5,10049.0,108,8.214538899048618,BTC-27DEC19
2019-09-11 00:00:00+00:00,10342.0,10079.5,107,9.166169437793958,BTC-27DEC19
2019-09-12 00:00:00+00:00,10615.0,10323.0,106,10.081299295739331,BTC-27DEC19
2019-09-13 00:00:00+00:00,10641.0,10345.5,105,10.285175905032906,BTC-27DEC19
2019-09-14 00:00:00+00:00,10622.0,10329.0,104,10.315078073157768,BTC-27DEC19
2019-09-15 00:00:00+00:00,10634.0,10326.0,103,10.977144834136565,BTC-27DEC19
2019-09-16 00:00:00+00:00,10515.5,10220.0,102,10.738214334195618,BTC-27DEC19
2019-09-17 00:00:00+00:00,10512.0,10218.5,101,10.775571877220314,BTC-27DEC19
2019-09-18 00:00:00+00:00,10118.0,9870.5,100,9.460557596768027,BTC-27DEC19
2019-09-19 00:00:00+00:00,10474.5,10160.0,99,11.895505193057797,BTC-27DEC19
2019-09-20 00:00:00+00:00,10385.5,10079.0,98,11.803521128048988,BTC-27DEC19
2019-09-21 00:00:00+00:00,10311.0,10032.0,97,10.873628090700427,BTC-27DEC19
2019-09-22 00:00:00+00:00,10194.0,9902.5,96,11.66200110306983,BTC-27DEC19
2019-09-23 00:00:00+00:00,10028.5,9750.0,95,11.427961303291356,BTC-27DEC19
2019-09-24 00:00:00+00:00,8420.5,8346.5,94,3.4868888590385394,BTC-27DEC19
2019-09-25 00:00:00+00:00,8457.0,8371.0,93,4.093074774962169,BTC-27DEC19
2019-09-26 00:00:00+00:00,8111.0,8046.0,92,3.2436965567469667,BTC-27DEC19
2019-09-27 00:00:00+00:00,8243.5,8232.0,91,0.5615096635104289,BTC-27DEC19
2019-09-28 00:00:00+00:00,8118.0,8101.0,90,0.8537933820097487,BTC-27DEC19
2019-09-29 00:00:00+00:00,7807.0,7793.0,89,0.7388151751774208,BTC-27DEC19
2019-09-30 00:00:00+00:00,8477.5,8427.0,88,2.5091285498630045,BTC-27DEC19
2019-10-01 00:00:00+00:00,8247.0,8215.5,87,1.6184896847846408,BTC-27DEC19
2019-10-02 00:00:00+00:00,8310.5,8276.0,86,1.7812666787387688,BTC-27DEC19
2019-10-03 00:00:00+00:00,8166.5,8140.0,85,1.4054767522324374,BTC-27DEC19
2019-10-04 00:00:00+00:00,8148.5,8122.5,84,1.398369756261797,BTC-27DEC19
2019-10-05 00:00:00+00:00,7981.5,7976.0,83,0.30359949639171546,BTC-27DEC19
2019-10-06 00:00:00+00:00,7888.0,7867.5,82,1.1650608946806251,BTC-27DEC19
2019-10-07 00:00:00+00:00,8258.5,8220.0,81,2.127952949151002,BTC-27DEC19
2019-10-08 00:00:00+00:00,8229.5,8174.5,80,3.1067616888975857,BTC-27DEC19
2019-10-09 00:00:00+00:00,8694.5,8630.0,79,3.5001666497131767,BTC-27DEC19
2019-10-10 00:00:00+00:00,8440.0,8399.5,78,2.2764171393875765,BTC-27DEC19
2019-10-11 00:00:00+00:00,8402.5,8345.5,77,3.279223643959006,BTC-27DEC19
2019-10-12 00:00:00+00:00,8389.5,8332.0,76,3.358115455434074,BTC-27DEC19
2019-10-13 00:00:00+00:00,8380.5,8309.5,75,4.227547660476927,BTC-27DEC19
2019-10-14 00:00:00+00:00,8359.0,8291.0,74,4.111178020991302,BTC-27DEC19
2019-10-15 00:00:00+00:00,8203.0,8140.5,73,3.8982313293867588,BTC-27DEC19
2019-10-16 00:00:00+00:00,8029.5,7981.5,72,3.0862531092052503,BTC-27DEC19
2019-10-17 00:00:00+00:00,7970.0,7911.0,71,3.8936926684947304,BTC-27DEC19
2019-10-18 00:00:00+00:00,7991.0,7942.5,70,3.2252842294769435,BTC-27DEC19
2019-10-19 00:00:00+00:00,7962.5,7914.0,69,3.2847251955141044,BTC-27DEC19
2019-10-20 00:00:00+00:00,8305.0,8233.0,68,4.784699457441333,BTC-27DEC19
2019-10-21 00:00:00+00:00,8305.0,8234.5,67,4.753804986287347,BTC-27DEC19
2019-10-22 00:00:00+00:00,8016.0,7959.5,66,3.9893004082163452,BTC-27DEC19
2019-10-23 00:00:00+00:00,7434.0,7428.5,65,0.4164694330167418,BTC-27DEC19
2019-10-24 00:00:00+00:00,7467.5,7480.5,64,-0.9870768818873943,BTC-27DEC19
2019-10-25 00:00:00+00:00,9655.5,9522.0,63,8.400637683296353,BTC-27DEC19
2019-10-26 00:00:00+00:00,9284.0,9185.0,62,6.514848180996413,BTC-27DEC19
2019-10-27 00:00:00+00:00,9585.5,9467.0,61,7.727306814383694,BTC-27DEC19
2019-10-28 00:00:00+00:00,9607.0,9466.0,60,9.411469476171664,BTC-27DEC19
2019-10-29 00:00:00+00:00,9289.5,9171.5,59,8.229817171609511,BTC-27DEC19
2019-10-30 00:00:00+00:00,9224.5,9108.0,58,8.327009934265451,BTC-27DEC19
2019-10-31 00:00:00+00:00,9234.0,9119.5,57,8.317743911592501,BTC-27DEC19
2019-11-01 00:00:00+00:00,9356.0,9245.0,56,8.089620876142423,BTC-27DEC19
2019-11-02 00:00:00+00:00,9377.0,9263.5,55,8.417270019486335,BTC-27DEC19
2019-11-03 00:00:00+00:00,9302.0,9196.0,54,8.05462281355316,BTC-27DEC19
2019-11-04 00:00:00+00:00,9373.0,9234.5,53,10.796159489594913,BTC-27DEC19
2019-11-05 00:00:00+00:00,9561.5,9409.0,52,11.9469345801132,BTC-27DEC19
2019-11-06 00:00:00+00:00,9416.0,9256.0,51,13.04966323292791,BTC-27DEC19
2019-11-07 00:00:00+00:00,9295.0,9132.5,50,13.740702569374829,BTC-27DEC19
2019-11-08 00:00:00+00:00,8905.0,8808.5,49,8.454683585631017,BTC-27DEC19
2019-11-09 00:00:00+00:00,8933.5,8848.0,48,7.58680570794652,BTC-27DEC19
2019-11-10 00:00:00+00:00,8889.0,8800.5,47,8.08052005137727,BTC-27DEC19
2019-11-11 00:00:00+00:00,8844.5,8770.0,46,6.942406958985803,BTC-27DEC19
2019-11-12 00:00:00+00:00,8828.5,8734.0,45,9.121210207439056,BTC-27DEC19
2019-11-13 00:00:00+00:00,8932.0,8643.5,135,9.282927925920493,BTC-27MAR20
2019-11-14 00:00:00+00:00,8815.5,8555.0,134,8.513511606991809,BTC-27MAR20
2019-11-15 00:00:00+00:00,8702.5,8474.0,133,7.575323508602971,BTC-27MAR20
2019-11-16 00:00:00+00:00,8636.5,8422.0,132,7.201899040918613,BTC-27MAR20
2019-11-17 00:00:00+00:00,8708.5,8446.0,131,8.901970845886954,BTC-27MAR20
2019-11-18 00:00:00+00:00,8387.5,8116.5,130,9.659987894956611,BTC-27MAR20
2019-11-19 00:00:00+00:00,8363.5,8120.0,129,8.71956033838488,BTC-27MAR20
2019-11-20 00:00:00+00:00,8333.0,8075.5,128,9.363496546363459,BTC-27MAR20
2019-11-21 00:00:00+00:00,7699.0,7555.0,127,5.5763153187685655,BTC-27MAR20
2019-11-22 00:00:00+00:00,7278.5,7191.0,126,3.5656792944881,BTC-27MAR20
2019-11-23 00:00:00+00:00,7249.0,7185.5,125,2.602425992160895,BTC-27MAR20
2019-11-24 00:00:00+00:00,6738.0,6676.5,124,2.7357654221800587,BTC-27MAR20
2019-11-25 00:00:00+00:00,7298.0,7171.0,123,5.3475573320891145,BTC-27MAR20
2019-11-26 00:00:00+00:00,7185.0,7070.5,122,4.923495837873393,BTC-27MAR20
2019-11-27 00:00:00+00:00,7638.5,7507.0,121,5.3779284768717295,BTC-27MAR20
2019-11-28 00:00:00+00:00,7648.5,7523.0,120,5.161073628000357,BTC-27MAR20
2019-11-29 00:00:00+00:00,7902.0,7758.5,119,5.782264303025819,BTC-27MAR20
2019-11-30 00:00:00+00:00,7438.5,7284.0,118,6.707767577002999,BTC-27MAR20
2019-12-01 00:00:00+00:00,7415.5,7254.5,117,7.087691851774713,BTC-27MAR20
2019-12-02 00:00:00+00:00,7448.5,7294.5,116,6.794672249077549,BTC-27MAR20
2019-12-03 00:00:00+00:00,7288.5,7136.0,115,6.941691438305964,BTC-27MAR20
2019-12-04 00:00:00+00:00,7451.5,7307.0,114,6.470583792071616,BTC-27MAR20
2019-12-05 00:00:00+00:00,7530.5,7376.0,113,6.925226589962352,BTC-27MAR20
2019-12-06 00:00:00+00:00,7682.5,7537.0,112,6.429572503441916,BTC-27MAR20
2019-12-07 00:00:00+00:00,7593.0,7448.0,111,6.545532567141099,BTC-27MAR20
2019-12-08 00:00:00+00:00,7622.0,7473.5,110,6.746476903095666,BTC-27MAR20
2019-12-09 00:00:00+00:00,7497.0,7344.5,109,7.1241505175257736,BTC-27MAR20
2019-12-10 00:00:00+00:00,7359.0,7212.0,108,7.057224833296849,BTC-27MAR20
2019-12-11 00:00:00+00:00,7282.5,7138.5,107,7.050148316858906,BTC-27MAR20
2019-12-12 00:00:00+00:00,7379.0,7232.0,106,7.1746711061603685,BTC-27MAR20
2019-12-13 00:00:00+00:00,7360.0,7254.5,105,5.146993427102875,BTC-27MAR20
2019-12-14 00:00:00+00:00,7202.5,7141.5,104,3.0300498701738565,BTC-27MAR20
2019-12-15 00:00:00+00:00,7121.5,7055.5,103,3.3545390065622627,BTC-27MAR20
2019-12-16 00:00:00+00:00,6922.0,6864.5,102,3.029960138719545,BTC-27MAR20
2019-12-17 00:00:00+00:00,6660.0,6616.5,101,2.396410490668166,BTC-27MAR20
2019-12-18 00:00:00+00:00,7171.5,7093.0,100,4.099143579030229,BTC-27MAR20
2019-12-19 00:00:00+00:00,7216.5,7144.5,99,3.7660977875394908,BTC-27MAR20
2019-12-20 00:00:00+00:00,7205.0,7135.0,98,3.7031301942149764,BTC-27MAR20
2019-12-21 00:00:00+00:00,7256.0,7189.5,97,3.5252351603956233,BTC-27MAR20
2019-12-22 00:00:00+00:00,7581.5,7507.0,96,3.8259907278156646,BTC-27MAR20
2019-12-23 00:00:00+00:00,7341.0,7257.5,95,4.493257660580885,BTC-27MAR20
2019-12-24 00:00:00+00:00,7333.0,7248.5,94,4.60323972762684,BTC-27MAR20
2019-12-25 00:00:00+00:00,7291.0,7202.0,93,4.9384009996220835,BTC-27MAR20
2019-12-26 00:00:00+00:00,7261.5,7164.0,92,5.509513397356791,BTC-27MAR20
2019-12-27 00:00:00+00:00,7383.0,7296.5,91,4.840569481759371,BTC-27MAR20
2019-12-28 00:00:00+00:00,7409.5,7306.0,90,5.870835373270733,BTC-27MAR20
2019-12-29 00:00:00+00:00,7491.0,7372.0,89,6.787677970699879,BTC-27MAR20
2019-12-30 00:00:00+00:00,7339.0,7231.0,88,6.342104466871623,BTC-27MAR20
2019-12-31 00:00:00+00:00,7302.0,7187.5,87,6.855558693488728,BTC-27MAR20
2020-01-01 00:00:00+00:00,7188.5,7081.5,86,6.57183859612418,BTC-27MAR20
2020-01-02 00:00:00+00:00,7304.5,7194.5,85,6.732751384196556,BTC-27MAR20
2020-01-03 00:00:00+00:00,7465.5,7344.5,84,7.358564904829912,BTC-27MAR20
2020-01-04 00:00:00+00:00,7579.5,7465.5,83,6.891564491428781,BTC-27MAR20
2020-01-05 00:00:00+00:00,7631.0,7505.0,82,7.692556447971088,BTC-27MAR20
2020-01-06 00:00:00+00:00,8023.0,7884.0,81,8.193868060605869,BTC-27MAR20
2020-01-07 00:00:00+00:00,8424.5,8302.0,80,6.911374477079124,BTC-27MAR20
2020-01-08 00:00:00+00:00,8085.0,7949.0,79,8.153316400008848,BTC-27MAR20
2020-01-09 00:00:00+00:00,7890.0,7747.0,78,8.935958632064779,BTC-27MAR20
2020-01-10 00:00:00+00:00,8223.5,8077.0,77,8.89435766314175,BTC-27MAR20
2020-01-11 00:00:00+00:00,8252.5,8098.5,76,9.468728043152751,BTC-27MAR20
2020-01-12 00:00:00+00:00,8240.0,8072.0,75,10.544587779782223,BTC-27MAR20
2020-01-13 00:00:00+00:00,8708.0,8511.5,74,11.91591075704601,BTC-27MAR20
2020-01-14 00:00:00+00:00,8855.5,8617.5,73,14.593234128154009,BTC-27MAR20
2020-01-15 00:00:00+00:00,8852.0,8669.5,72,11.13863540796729,BTC-27MAR20
2020-01-16 00:00:00+00:00,9165.5,8938.0,71,13.793248443248697,BTC-27MAR20
2020-01-17 00:00:00+00:00,9035.0,8846.0,70,11.653801456008006,BTC-27MAR20
2020-01-18 00:00:00+00:00,9258.5,9079.5,69,10.879455174276377,BTC-27MAR20
2020-01-19 00:00:00+00:00,8800.0,8650.0,68,9.6674850117606,BTC-27MAR20
2020-01-20 00:00:00+00:00,8784.5,8626.0,67,10.427866172279288,BTC-27MAR20
2020-01-21 00:00:00+00:00,8905.0,8720.0,66,12.310975597706841,BTC-27MAR20
2020-01-22 00:00:00+00:00,8720.0,8556.0,65,11.25071930542456,BTC-27MAR20
2020-01-23 00:00:00+00:00,8463.5,8325.0,64,9.866984394010125,BTC-27MAR20
2020-01-24 00:00:00+00:00,8448.0,8298.5,63,10.898518928815438,BTC-27MAR20
2020-01-25 00:00:00+00:00,8530.5,8373.0,62,11.595480393002532,BTC-27MAR20
2020-01-26 00:00:00+00:00,8822.0,8646.0,61,12.815159298879685,BTC-27MAR20
2020-01-27 00:00:00+00:00,9254.0,9038.5,60,15.412157008704973,BTC-27MAR20
2020-01-28 00:00:00+00:00,9611.5,9366.5,59,17.320447680769078,BTC-27MAR20
2020-01-29 00:00:00+00:00,9627.0,9382.0,58,17.612833100754123,BTC-27MAR20
2020-01-30 00:00:00+00:00,9615.0,9363.0,57,18.538593072635656,BTC-27MAR20
2020-01-31 00:00:00+00:00,9671.5,9426.5,56,18.20364162451964,BTC-27MAR20
2020-02-01 00:00:00+00:00,9597.0,9373.5,55,16.926951797539846,BTC-27MAR20
2020-02-02 00:00:00+00:00,9609.0,9362.0,54,19.246111250588772,BTC-27MAR20
2020-02-03 00:00:00+00:00,9477.5,9270.5,53,16.42566085331534,BTC-27MAR20
2020-02-04 00:00:00+00:00,9456.5,9254.0,52,16.40920123834122,BTC-27MAR20
2020-02-05 00:00:00+00:00,9908.0,9630.0,51,22.590482306483885,BTC-27MAR20
2020-02-06 00:00:00+00:00,10035.0,9791.0,50,19.684905623294256,BTC-27MAR20
2020-02-07 00:00:00+00:00,10006.0,9763.5,49,20.051789706231048,BTC-27MAR20
2020-02-08 00:00:00+00:00,10416.5,10148.0,48,21.966788603592025,BTC-27MAR20
2020-02-09 00:00:00+00:00,10259.0,9993.5,47,22.584106220025134,BTC-27MAR20
2020-02-10 00:00:00+00:00,9996.0,9740.5,46,22.807984764731536,BTC-27MAR20
2020-02-11 00:00:00+00:00,10769.0,10412.5,45,31.397585558342513,BTC-27MAR20
2020-02-12 00:00:00+00:00,11093.0,10370.5,135,19.972438758702026,BTC-26JUN20
2020-02-13 00:00:00+00:00,10740.5,10136.0,134,17.0919689891895,BTC-26JUN20
2020-02-14 00:00:00+00:00,10835.5,10242.5,133,16.70255632391249,BTC-26JUN20
2020-02-15 00:00:00+00:00,10458.5,9969.5,132,14.157422528368757,BTC-26JUN20
2020-02-16 00:00:00+00:00,10259.0,9770.0,131,14.577109945378353,BTC-26JUN20
2020-02-17 00:00:00+00:00,10315.0,9817.5,130,14.88846939292523,BTC-26JUN20
2020-02-18 00:00:00+00:00,10650.0,10078.0,129,16.906042301398582,BTC-26JUN20
2020-02-19 00:00:00+00:00,10077.0,9602.0,128,14.761443473057234,BTC-26JUN20
2020-02-20 00:00:00+00:00,10160.0,9695.5,127,14.395792458853673,BTC-26JUN20
2020-02-21 00:00:00+00:00,10078.0,9612.0,126,14.699214775295722,BTC-26JUN20
2020-02-22 00:00:00+00:00,10443.5,9925.0,125,16.031904990304604,BTC-26JUN20
2020-02-23 00:00:00+00:00,10245.5,9769.0,124,15.04865683070391,BTC-26JUN20
2020-02-24 00:00:00+00:00,9954.0,9532.0,123,13.717939967177673,BTC-26JUN20
2020-02-25 00:00:00+00:00,9555.0,9143.0,122,14.095630716541386,BTC-26JUN20
2020-02-26 00:00:00+00:00,9167.5,8816.5,121,12.49788650389181,BTC-26JUN20
2020-02-27 00:00:00+00:00,9078.5,8730.5,120,12.624333684659806,BTC-26JUN20
2020-02-28 00:00:00+00:00,9144.5,8776.0,119,13.44645944129197,BTC-26JUN20
2020-02-29 00:00:00+00:00,8908.5,8543.5,118,13.81512500375881,BTC-26JUN20
2020-03-01 00:00:00+00:00,8998.0,8620.0,117,14.326377693222248,BTC-26JUN20
2020-03-02 00:00:00+00:00,9146.0,8762.5,116,14.428926655396213,BTC-26JUN20
2020-03-03 00:00:00+00:00,9190.5,8815.5,115,14.136102068831423,BTC-26JUN20
2020-03-04 00:00:00+00:00,9257.5,8909.5,114,13.052048727043664,BTC-26JUN20
2020-03-05 00:00:00+00:00,9475.0,9109.5,113,13.549446962815503,BTC-26JUN20
2020-03-06 00:00:00+00:00,9474.0,9108.0,112,13.700254297911352,BTC-26JUN20
2020-03-07 00:00:00+00:00,9050.5,8753.5,111,11.596364926990411,BTC-26JUN20
2020-03-08 00:00:00+00:00,8114.5,7904.5,110,9.090098415900517,BTC-26JUN20
2020-03-09 00:00:00+00:00,8114.0,7897.5,109,9.479000066282017,BTC-26JUN20
2020-03-10 00:00:00+00:00,8076.5,7864.0,108,9.429665618422845,BTC-26JUN20
2020-03-11 00:00:00+00:00,7580.5,7389.5,107,9.095241583294623,BTC-26JUN20
2020-03-12 00:00:00+00:00,5137.0,5249.5,106,-7.188190633601465,BTC-26JUN20
2020-03-13 00:00:00+00:00,5440.0,5524.0,105,-5.187248272997758,BTC-26JUN20
2020-03-14 00:00:00+00:00,5266.0,5260.0,104,0.40090970188657593,BTC-26JUN20
2020-03-15 00:00:00+00:00,4766.5,4777.0,103,-0.7767393004619039,BTC-26JUN20
2020-03-16 00:00:00+00:00,5350.5,5375.0,102,-1.6215368925883045,BTC-26JUN20
2020-03-17 00:00:00+00:00,5105.5,5154.0,101,-3.3590919405949826,BTC-26JUN20
2020-03-18 00:00:00+00:00,5437.5,5431.5,100,0.4037940561518516,BTC-26JUN20
2020-03-19 00:00:00+00:00,6321.0,6322.0,99,-0.058305683193682345,BTC-26JUN20
2020-03-20 00:00:00+00:00,6163.0,6152.5,98,0.637109303280381,BTC-26JUN20
2020-03-21 00:00:00+00:00,6280.5,6300.0,97,-1.1597318986127814,BTC-26JUN20
2020-03-22 00:00:00+00:00,5812.5,5865.5,96,-3.3922629915730362,BTC-26JUN20
2020-03-23 00:00:00+00:00,6579.5,6592.5,95,-0.7555187552446108,BTC-26JUN20
2020-03-24 00:00:00+00:00,6679.5,6690.0,94,-0.6080586754291684,BTC-26JUN20
2020-03-25 00:00:00+00:00,6571.5,6599.5,93,-1.6548602987297878,BTC-26JUN20
2020-03-26 00:00:00+00:00,6683.0,6721.5,92,-2.2532372772188447,BTC-26JUN20
2020-03-27 00:00:00+00:00,6125.5,6190.0,91,-4.114355757915556,BTC-26JUN20
2020-03-28 00:00:00+00:00,6106.0,6156.0,90,-3.253338398227479,BTC-26JUN20
2020-03-29 00:00:00+00:00,6190.0,6258.5,89,-4.413130466934334,BTC-26JUN20
2020-03-30 00:00:00+00:00,6392.0,6447.0,88,-3.4912467108362044,BTC-26JUN20
2020-03-31 00:00:00+00:00,6294.0,6334.5,87,-2.6550829524537134,BTC-26JUN20
2020-04-01 00:00:00+00:00,6679.0,6662.5,86,1.0553232494268094,BTC-26JUN20
2020-04-02 00:00:00+00:00,6946.5,6941.5,85,0.30967477722825265,BTC-26JUN20
2020-04-03 00:00:00+00:00,6743.0,6740.0,84,0.19355226426573946,BTC-26JUN20
2020-04-04 00:00:00+00:00,6791.0,6778.5,83,0.8134887816927394,BTC-26JUN20
2020-04-05 00:00:00+00:00,7077.5,7043.0,82,2.1989260229230645,BTC-26JUN20
2020-04-06 00:00:00+00:00,7448.5,7388.0,81,3.7434228616350484,BTC-26JUN20
2020-04-07 00:00:00+00:00,7401.5,7324.0,80,4.919701972857116,BTC-26JUN20
2020-04-08 00:00:00+00:00,7397.0,7338.0,79,3.7692864993932984,BTC-26JUN20
2020-04-09 00:00:00+00:00,6930.5,6929.5,78,0.06754787094842563,BTC-26JUN20
2020-04-10 00:00:00+00:00,6873.0,6883.0,77,-0.6868222295971282,BTC-26JUN20
2020-04-11 00:00:00+00:00,6810.0,6835.0,76,-1.7444573506344319,BTC-26JUN20
2020-04-12 00:00:00+00:00,6647.5,6704.5,75,-4.070062614197678,BTC-26JUN20
2020-04-13 00:00:00+00:00,6792.0,6827.0,74,-2.5033490016731386,BTC-26JUN20
2020-04-14 00:00:00+00:00,6835.0,6869.0,73,-2.450507879114183,BTC-26JUN20
2020-04-15 00:00:00+00:00,6876.0,6898.0,72,-1.6063552783892265,BTC-26JUN20
2020-04-16 00:00:00+00:00,7045.0,7057.5,71,-0.9071959268549756,BTC-26JUN20
2020-04-17 00:00:00+00:00,7097.5,7106.0,70,-0.6221483145304574,BTC-26JUN20
2020-04-18 00:00:00+00:00,7150.5,7153.0,69,-0.18474384868837346,BTC-26JUN20
2020-04-19 00:00:00+00:00,7178.0,7194.0,68,-1.1880214536563072,BTC-26JUN20
2020-04-20 00:00:00+00:00,6846.5,6888.0,67,-3.2385852947363403,BTC-26JUN20
2020-04-21 00:00:00+00:00,6912.0,6945.0,66,-2.5996641830340117,BTC-26JUN20
2020-04-22 00:00:00+00:00,7061.5,7065.5,65,-0.31748939847883184,BTC-26JUN20
2020-04-23 00:00:00+00:00,7602.5,7584.5,64,1.3610764380475038,BTC-26JUN20
2020-04-24 00:00:00+00:00,7571.5,7561.5,63,0.7686366598910421,BTC-26JUN20
2020-04-25 00:00:00+00:00,7544.0,7551.0,62,-0.5445164825770066,BTC-26JUN20
2020-04-26 00:00:00+00:00,7697.0,7703.0,61,-0.46516979839481554,BTC-26JUN20
2020-04-27 00:00:00+00:00,7708.0,7714.0,60,-0.4722312494319647,BTC-26JUN20
2020-04-28 00:00:00+00:00,7975.0,7960.5,59,1.1321925188527704,BTC-26JUN20
2020-04-29 00:00:00+00:00,9261.0,9186.0,58,5.2503956001773044,BTC-26JUN20
2020-04-30 00:00:00+00:00,8823.0,8778.0,57,3.3285391306182355,BTC-26JUN20
2020-05-01 00:00:00+00:00,8858.0,8807.5,56,3.79680757273837,BTC-26JUN20
2020-05-02 00:00:00+00:00,9046.0,8992.5,55,4.0150498082555774,BTC-26JUN20
2020-05-03 00:00:00+00:00,8690.5,8657.0,54,2.6449574688075517,BTC-26JUN20
2020-05-04 00:00:00+00:00,9069.5,9027.5,53,3.24825659118535,BTC-26JUN20
2020-05-05 00:00:00+00:00,9070.0,9033.0,52,2.910829249040492,BTC-26JUN20
2020-05-06 00:00:00+00:00,9347.0,9320.5,51,2.0527330798534305,BTC-26JUN20
2020-05-07 00:00:00+00:00,9881.5,9834.5,50,3.5417043202490284,BTC-26JUN20
2020-05-08 00:00:00+00:00,9655.0,9608.0,49,3.701849303664684,BTC-26JUN20
2020-05-09 00:00:00+00:00,8782.0,8817.0,48,-2.979278158709564,BTC-26JUN20
2020-05-10 00:00:00+00:00,8663.5,8667.5,47,-0.35783530617373716,BTC-26JUN20
2020-05-11 00:00:00+00:00,8657.0,8655.0,46,0.18350417625192517,BTC-26JUN20
2020-05-12 00:00:00+00:00,8861.0,8872.0,45,-1.001238604024235,BTC-26JUN20
2020-05-13 00:00:00+00:00,9597.5,9515.0,135,2.361601599146068,BTC-25SEP20
2020-05-14 00:00:00+00:00,9787.0,9676.5,134,3.141213790699582,BTC-25SEP20
2020-05-15 00:00:00+00:00,9502.0,9387.0,133,3.3981460586125722,BTC-25SEP20
2020-05-16 00:00:00+00:00,9668.0,9542.5,132,3.678994800693558,BTC-25SEP20
2020-05-17 00:00:00+00:00,9944.0,9787.0,131,4.533937397063226,BTC-25SEP20
2020-05-18 00:00:00+00:00,9697.5,9565.0,130,3.9382592582622777,BTC-25SEP20
2020-05-19 00:00:00+00:00,9929.0,9765.5,129,4.810137705116246,BTC-25SEP20
2020-05-20 00:00:00+00:00,9563.5,9446.0,128,3.5880871953043014,BTC-25SEP20
2020-05-21 00:00:00+00:00,9166.5,9071.0,127,3.055720456500821,BTC-25SEP20
2020-05-22 00:00:00+00:00,9362.0,9257.0,126,3.321268980089065,BTC-25SEP20
2020-05-23 00:00:00+00:00,9387.0,9264.0,125,3.926560115113853,BTC-25SEP20
2020-05-24 00:00:00+00:00,8930.0,8857.5,124,2.428553143267531,BTC-25SEP20
2020-05-25 00:00:00+00:00,9052.0,8958.5,123,3.1290695742351993,BTC-25SEP20
2020-05-26 00:00:00+00:00,8938.0,8843.0,122,3.248591832678671,BTC-25SEP20
2020-05-27 00:00:00+00:00,9253.5,9147.5,121,3.5365138165378784,BTC-25SEP20
2020-05-28 00:00:00+00:00,9669.0,9526.0,120,4.6363479736529545,BTC-25SEP20
2020-05-29 00:00:00+00:00,9655.5,9532.0,119,4.027473562131334,BTC-25SEP20
2020-05-30 00:00:00+00:00,9693.0,9562.5,118,4.2819299114624565,BTC-25SEP20
2020-05-31 00:00:00+00:00,9714.5,9567.0,117,4.888802146482352,BTC-25SEP20
2020-06-01 00:00:00+00:00,10360.0,10125.5,116,7.469947490247542,BTC-25SEP20
2020-06-02 00:00:00+00:00,9648.0,9508.0,115,4.748638399200011,BTC-25SEP20
2020-06-03 00:00:00+00:00,9792.5,9648.0,114,4.874871128974889,BTC-25SEP20
2020-06-04 00:00:00+00:00,9947.5,9782.5,113,5.5513172539337186,BTC-25SEP20
2020-06-05 00:00:00+00:00,9764.0,9604.0,112,5.532160902309946,BTC-25SEP20
2020-06-06 00:00:00+00:00,9803.5,9657.0,111,5.075595472675176,BTC-25SEP20
2020-06-07 00:00:00+00:00,9894.0,9734.0,110,5.558837587097543,BTC-25SEP20
2020-06-08 00:00:00+00:00,9839.0,9686.5,109,5.370083604559039,BTC-25SEP20
2020-06-09 00:00:00+00:00,9913.0,9754.0,108,5.616788754928637,BTC-25SEP20
2020-06-10 00:00:00+00:00,9947.5,9798.5,107,5.283011673316662,BTC-25SEP20
2020-06-11 00:00:00+00:00,9533.5,9426.5,106,3.9630903588208755,BTC-25SEP20
2020-06-12 00:00:00+00:00,9528.5,9442.0,105,3.220889943861005,BTC-25SEP20
2020-06-13 00:00:00+00:00,9489.5,9410.5,104,2.9774465479050383,BTC-25SEP20
2020-06-14 00:00:00+00:00,9168.0,9104.0,103,2.5135239738148796,BTC-25SEP20
2020-06-15 00:00:00+00:00,9594.5,9507.0,102,3.3327656940795647,BTC-25SEP20
2020-06-16 00:00:00+00:00,9610.0,9513.0,101,3.7342757335589116,BTC-25SEP20
2020-06-17 00:00:00+00:00,9536.0,9431.0,100,4.124041365067166,BTC-25SEP20
2020-06-18 00:00:00+00:00,9367.0,9288.0,99,3.171907206958857,BTC-25SEP20
2020-06-19 00:00:00+00:00,9364.5,9296.5,98,2.7515681160189764,BTC-25SEP20
2020-06-20 00:00:00+00:00,9454.0,9370.5,97,3.3945800301548923,BTC-25SEP20
2020-06-21 00:00:00+00:00,9525.5,9422.5,96,4.220235611676237,BTC-25SEP20
2020-06-22 00:00:00+00:00,9776.5,9665.0,95,4.505614925535606,BTC-25SEP20
2020-06-23 00:00:00+00:00,9613.0,9505.5,94,4.463452572931503,BTC-25SEP20
2020-06-24 00:00:00+00:00,9219.0,9160.0,93,2.55184782350959,BTC-25SEP20
2020-06-25 00:00:00+00:00,9197.5,9115.5,92,3.616848560234387,BTC-25SEP20
2020-06-26 00:00:00+00:00,9224.0,9162.0,91,2.7420470128996843,BTC-25SEP20
2020-06-27 00:00:00+00:00,9053.5,9020.0,90,1.5147889901476974,BTC-25SEP20
2020-06-28 00:00:00+00:00,9139.0,9084.5,89,2.483341154528995,BTC-25SEP20
2020-06-29 00:00:00+00:00,9210.0,9136.0,88,3.4026634519945143,BTC-25SEP20
2020-06-30 00:00:00+00:00,9216.5,9138.5,87,3.6300473584836013,BTC-25SEP20
2020-07-01 00:00:00+00:00,9274.5,9211.0,86,2.9588010495979367,BTC-25SEP20
2020-07-02 00:00:00+00:00,9170.5,9100.5,85,3.3450781737049295,BTC-25SEP20
2020-07-03 00:00:00+00:00,9143.0,9076.5,84,3.222825351758085,BTC-25SEP20
2020-07-04 00:00:00+00:00,9132.0,9063.0,83,3.3916159789807443,BTC-25SEP20
2020-07-05 00:00:00+00:00,9281.5,9199.5,82,4.029079668746927,BTC-25SEP20
2020-07-06 00:00:00+00:00,9357.0,9265.5,81,4.527678514036282,BTC-25SEP20
2020-07-07 00:00:00+00:00,9371.5,9288.5,80,4.14233926247547,BTC-25SEP20
2020-07-08 00:00:00+00:00,9501.0,9406.5,79,4.726770737118935,BTC-25SEP20
2020-07-09 00:00:00+00:00,9231.5,9147.0,78,4.396989800002671,BTC-25SEP20
2020-07-10 00:00:00+00:00,9359.0,9274.5,77,4.393054933681251,BTC-25SEP20
2020-07-11 00:00:00+00:00,9345.0,9260.0,76,4.486065138309114,BTC-25SEP20
2020-07-12 00:00:00+00:00,9361.5,9274.5,75,4.648744478581057,BTC-25SEP20
2020-07-13 00:00:00+00:00,9263.0,9184.0,74,4.315203084052444,BTC-25SEP20
2020-07-14 00:00:00+00:00,9319.5,9232.5,73,4.801254602563443,BTC-25SEP20
2020-07-15 00:00:00+00:00,9195.0,9114.0,72,4.587649179221431,BTC-25SEP20
2020-07-16 00:00:00+00:00,9200.5,9100.5,71,5.77897485150054,BTC-25SEP20
2020-07-17 00:00:00+00:00,9227.0,9139.0,70,5.123797257440099,BTC-25SEP20
2020-07-18 00:00:00+00:00,9248.0,9155.0,69,5.492035693204866,BTC-25SEP20
2020-07-19 00:00:00+00:00,9279.0,9185.5,68,5.586626670879302,BTC-25SEP20
2020-07-20 00:00:00+00:00,9432.5,9329.5,67,6.164018438068353,BTC-25SEP20
2020-07-21 00:00:00+00:00,9417.5,9311.0,66,6.491719136419127,BTC-25SEP20
2020-07-22 00:00:00+00:00,9651.5,9513.0,65,8.454994437592767,BTC-25SEP20
2020-07-23 00:00:00+00:00,9639.5,9525.0,64,7.052422689747551,BTC-25SEP20
2020-07-24 00:00:00+00:00,9727.0,9586.5,63,8.795053018239374,BTC-25SEP20
2020-07-25 00:00:00+00:00,9882.5,9735.0,62,9.256641655322184,BTC-25SEP20
2020-07-26 00:00:00+00:00,10414.5,10175.5,61,14.902824508137469,BTC-25SEP20
2020-07-27 00:00:00+00:00,11171.0,10909.0,60,15.531812352134121,BTC-25SEP20
2020-07-28 00:00:00+00:00,11338.5,11039.0,59,18.01107366806829,BTC-25SEP20
2020-07-29 00:00:00+00:00,11221.5,10958.0,58,16.129464052017607,BTC-25SEP20
2020-07-30 00:00:00+00:00,11459.5,11168.5,57,17.9050607557258,BTC-25SEP20
2020-07-31 00:00:00+00:00,12003.0,11677.0,56,19.65861269688789,BTC-25SEP20
2020-08-01 00:00:00+00:00,11586.0,11332.5,55,15.813938471796485,BTC-25SEP20
2020-08-02 00:00:00+00:00,11465.0,11208.0,54,16.560456434519068,BTC-25SEP20
2020-08-03 00:00:00+00:00,11546.5,11307.5,53,15.493619945656455,BTC-25SEP20
2020-08-04 00:00:00+00:00,11518.5,11285.5,52,15.424107794522456,BTC-25SEP20
2020-08-05 00:00:00+00:00,11890.0,11654.5,51,15.393226055058996,BTC-25SEP20
2020-08-06 00:00:00+00:00,12024.5,11800.0,50,14.749457627459917,BTC-25SEP20
2020-08-07 00:00:00+00:00,11785.5,11600.5,49,12.508206514121012,BTC-25SEP20
2020-08-08 00:00:00+00:00,11938.0,11715.0,48,15.41776557218002,BTC-25SEP20
2020-08-09 00:00:00+00:00,12261.5,11997.0,47,18.45433122820257,BTC-25SEP20
2020-08-10 00:00:00+00:00,11981.5,11764.0,46,15.64597686399749,BTC-25SEP20
2020-08-11 00:00:00+00:00,11611.5,11451.0,45,11.951766723711899,BTC-25SEP20
2020-08-12 00:00:00+00:00,11958.0,11537.0,135,10.17547282931357,BTC-25DEC20
2020-08-13 00:00:00+00:00,12200.0,11729.5,134,11.307590714095973,BTC-25DEC20
2020-08-14 00:00:00+00:00,12382.0,11909.5,133,11.268493920268984,BTC-25DEC20
2020-08-15 00:00:00+00:00,12372.5,11882.5,132,11.822040347963657,BTC-25DEC20
2020-08-16 00:00:00+00:00,12311.0,11827.5,131,11.810337844683394,BTC-25DEC20
2020-08-17 00:00:00+00:00,12797.0,12274.5,130,12.416865433891333,BTC-25DEC20
2020-08-18 00:00:00+00:00,12224.0,11821.5,129,9.936636435797208,BTC-25DEC20
2020-08-19 00:00:00+00:00,12109.5,11705.0,128,10.17275658381529,BTC-25DEC20
2020-08-20 00:00:00+00:00,12240.0,11845.5,127,9.873144941459056,BTC-25DEC20
2020-08-21 00:00:00+00:00,11937.0,11587.5,126,8.98954155319971,BTC-25DEC20
2020-08-22 00:00:00+00:00,11962.0,11627.0,125,8.64793760120457,BTC-25DEC20
2020-08-23 00:00:00+00:00,12145.5,11764.5,124,9.835915387065786,BTC-25DEC20
2020-08-24 00:00:00+00:00,11910.0,11588.0,123,8.473268507904375,BTC-25DEC20
2020-08-25 00:00:00+00:00,11629.0,11350.5,122,7.5216307320700615,BTC-25DEC20
2020-08-26 00:00:00+00:00,11666.5,11379.0,121,7.81733165438343,BTC-25DEC20
2020-08-27 00:00:00+00:00,11665.5,11381.5,120,7.784809832613937,BTC-25DEC20
2020-08-28 00:00:00+00:00,11864.5,11571.0,119,7.9858800905881155,BTC-25DEC20
2020-08-29 00:00:00+00:00,11923.5,11605.5,118,8.72116510575296,BTC-25DEC20
2020-08-30 00:00:00+00:00,11973.0,11631.5,117,9.447424643885638,BTC-25DEC20
2020-08-31 00:00:00+00:00,12278.0,11944.0,116,9.06587181997307,BTC-25DEC20
2020-09-01 00:00:00+00:00,12102.0,11739.5,115,10.133542882776926,BTC-25DEC20
2020-09-02 00:00:00+00:00,11624.5,11414.5,114,6.010659478962288,BTC-25DEC20
2020-09-03 00:00:00+00:00,10450.0,10302.0,113,4.715163278651113,BTC-25DEC20
2020-09-04 00:00:00+00:00,10567.5,10409.5,112,5.0318879108201875,BTC-25DEC20
2020-09-05 00:00:00+00:00,10380.0,10237.5,111,4.650434856100905,BTC-25DEC20
2020-09-06 00:00:00+00:00,10309.5,10121.0,110,6.314499767987614,BTC-25DEC20
2020-09-07 00:00:00+00:00,10473.0,10271.5,109,6.7217946600019784,BTC-25DEC20
2020-09-08 00:00:00+00:00,10369.0,10192.5,108,5.973929977408443,BTC-25DEC20
2020-09-09 00:00:00+00:00,10454.0,10282.0,107,5.822361711924606,BTC-25DEC20
2020-09-10 00:00:00+00:00,10394.5,10258.0,106,4.6569861118770595,BTC-25DEC20
2020-09-11 00:00:00+00:00,10485.0,10348.5,105,4.660572749391134,BTC-25DEC20
2020-09-12 00:00:00+00:00,10727.5,10546.0,104,6.1717324544239505,BTC-25DEC20
2020-09-13 00:00:00+00:00,10533.5,10406.5,103,4.392234676721918,BTC-25DEC20
2020-09-14 00:00:00+00:00,10939.5,10748.0,102,6.523617407135074,BTC-25DEC20
2020-09-15 00:00:00+00:00,11141.5,10925.5,101,7.331275379466118,BTC-25DEC20
2020-09-16 00:00:00+00:00,11145.0,10898.0,100,8.524159940876697,BTC-25DEC20
2020-09-17 00:00:00+00:00,11235.0,10967.0,99,9.30944223684409,BTC-25DEC20
2020-09-18 00:00:00+00:00,11164.5,10911.0,98,8.930814590836622,BTC-25DEC20
2020-09-19 00:00:00+00:00,11206.0,10968.0,97,8.413172986813322,BTC-25DEC20
2020-09-20 00:00:00+00:00,11144.5,10907.5,96,8.516016488898991,BTC-25DEC20
2020-09-21 00:00:00+00:00,10535.0,10376.5,95,5.9973662944270645,BTC-25DEC20
2020-09-22 00:00:00+00:00,10536.5,10429.5,94,4.042981868200157,BTC-25DEC20
2020-09-23 00:00:00+00:00,10473.5,10338.5,93,5.223594231279671,BTC-25DEC20
2020-09-24 00:00:00+00:00,10857.0,10687.5,92,6.441748984417073,BTC-25DEC20
2020-09-25 00:00:00+00:00,10886.5,10720.5,91,6.35704812990836,BTC-25DEC20
2020-09-26 00:00:00+00:00,10843.5,10675.5,90,6.5373211277659715,BTC-25DEC20
2020-09-27 00:00:00+00:00,11042.0,10865.0,89,6.851773582877985,BTC-25DEC20
2020-09-28 00:00:00+00:00,10895.5,10725.5,88,6.7400475881482125,BTC-25DEC20
2020-09-29 00:00:00+00:00,10864.0,10704.0,87,6.422567267229029,BTC-25DEC20
2020-09-30 00:00:00+00:00,11027.0,10833.5,86,7.803234944135151,BTC-25DEC20
2020-10-01 00:00:00+00:00,10614.0,10487.5,85,5.28340947797723,BTC-25DEC20
2020-10-02 00:00:00+00:00,10673.5,10533.0,84,5.926798591534177,BTC-25DEC20
2020-10-03 00:00:00+00:00,10753.5,10612.5,83,5.9760155081615585,BTC-25DEC20
2020-10-04 00:00:00+00:00,10852.0,10695.0,82,6.7018013526297215,BTC-25DEC20
2020-10-05 00:00:00+00:00,10860.0,10719.0,81,6.065716182177083,BTC-25DEC20
2020-10-06 00:00:00+00:00,10750.5,10620.0,80,5.730471684043481,BTC-25DEC20
2020-10-07 00:00:00+00:00,10724.0,10594.5,79,5.773780424391806,BTC-25DEC20
2020-10-08 00:00:00+00:00,11077.0,10904.5,78,7.621056513574742,BTC-25DEC20
2020-10-09 00:00:00+00:00,11620.5,11397.5,77,9.62012698651673,BTC-25DEC20
2020-10-10 00:00:00+00:00,11577.5,11367.5,76,9.189301859282617,BTC-25DEC20
2020-10-11 00:00:00+00:00,11593.5,11384.0,75,9.280441054930023,BTC-25DEC20
2020-10-12 00:00:00+00:00,11689.0,11464.0,74,10.061532624121462,BTC-25DEC20
2020-10-13 00:00:00+00:00,11639.5,11424.5,73,9.770492629949912,BTC-25DEC20
2020-10-14 00:00:00+00:00,11625.5,11410.5,72,9.925337983620297,BTC-25DEC20
2020-10-15 00:00:00+00:00,11493.0,11322.0,71,8.011057531746335,BTC-25DEC20
2020-10-16 00:00:00+00:00,11533.5,11350.5,70,8.697383581354945,BTC-25DEC20
2020-10-17 00:00:00+00:00,11676.5,11459.5,69,10.432404182519939,BTC-25DEC20
2020-10-18 00:00:00+00:00,11671.0,11466.0,68,9.979089083654213,BTC-25DEC20
2020-10-19 00:00:00+00:00,11958.0,11745.0,67,10.286575675169708,BTC-25DEC20
2020-10-20 00:00:00+00:00,12453.0,12216.5,66,11.18645336732602,BTC-25DEC20
2020-10-21 00:00:00+00:00,13014.5,12768.0,65,11.335483684796422,BTC-25DEC20
2020-10-22 00:00:00+00:00,13125.5,12901.5,64,10.314998668810272,BTC-25DEC20
2020-10-23 00:00:00+00:00,13197.0,12944.5,63,11.84288579451438,BTC-25DEC20
2020-10-24 00:00:00+00:00,13300.0,13042.5,62,12.198263463495174,BTC-25DEC20
2020-10-25 00:00:00+00:00,13270.0,13045.5,61,10.748966934576675,BTC-25DEC20
2020-10-26 00:00:00+00:00,13362.0,13155.0,60,9.963547294405073,BTC-25DEC20
2020-10-27 00:00:00+00:00,13909.5,13678.5,59,10.916014463116696,BTC-25DEC20
2020-10-28 00:00:00+00:00,13308.0,13144.0,58,8.115978578217199,BTC-25DEC20
2020-10-29 00:00:00+00:00,13368.0,13228.5,57,6.948163380296424,BTC-25DEC20
2020-10-30 00:00:00+00:00,13780.5,13596.0,56,9.182833121777477,BTC-25DEC20
2020-10-31 00:00:00+00:00,13972.5,13814.5,55,7.839198624493271,BTC-25DEC20
2020-11-01 00:00:00+00:00,13910.5,13755.5,54,7.868088939439022,BTC-25DEC20
2020-11-02 00:00:00+00:00,13593.5,13454.0,53,7.362328605616053,BTC-25DEC20
2020-11-03 00:00:00+00:00,13725.5,13615.0,52,5.8378988245222585,BTC-25DEC20
2020-11-04 00:00:00+00:00,14742.0,14514.0,51,11.80130321458146,BTC-25DEC20
2020-11-05 00:00:00+00:00,16002.5,15786.5,50,10.42933785434279,BTC-25DEC20
2020-11-06 00:00:00+00:00,15716.5,15481.0,49,11.902983289222234,BTC-25DEC20
2020-11-07 00:00:00+00:00,15185.5,14959.5,48,12.077509155729604,BTC-25DEC20
2020-11-08 00:00:00+00:00,15556.5,15332.0,47,11.950782081636714,BTC-25DEC20
2020-11-09 00:00:00+00:00,15474.5,15297.0,46,9.586260309776184,BTC-25DEC20
2020-11-10 00:00:00+00:00,15600.0,15430.0,45,9.294452710615886,BTC-25DEC20
2020-11-11 00:00:00+00:00,16406.0,15888.5,135,9.052352546066288,BTC-26MAR21
2020-11-12 00:00:00+00:00,16745.0,16294.0,134,7.720472689706059,BTC-26MAR21
2020-11-13 00:00:00+00:00,16486.0,16105.0,133,6.627148433473584,BTC-26MAR21
2020-11-14 00:00:00+00:00,16440.5,16051.0,132,6.854623917430902,BTC-26MAR21
2020-11-15 00:00:00+00:00,16688.0,16268.5,131,7.351238002931293,BTC-26MAR21
2020-11-16 00:00:00+00:00,17251.0,16772.0,130,8.227207416603143,BTC-26MAR21
2020-11-17 00:00:00+00:00,18517.5,18110.0,129,6.4985271290756375,BTC-26MAR21
2020-11-18 00:00:00+00:00,18110.5,17672.5,128,7.230688994191881,BTC-26MAR21
2020-11-19 00:00:00+00:00,18730.5,18252.5,127,7.712626019958702,BTC-26MAR21
2020-11-20 00:00:00+00:00,19147.0,18688.5,126,7.273594018432306,BTC-26MAR21
2020-11-21 00:00:00+00:00,18999.5,18523.0,125,7.698602569781876,BTC-26MAR21
2020-11-22 00:00:00+00:00,19010.5,18494.0,124,8.445802205410935,BTC-26MAR21
2020-11-23 00:00:00+00:00,18980.0,18405.5,123,9.549818950878475,BTC-26MAR21
2020-11-24 00:00:00+00:00,19621.0,19006.0,122,9.996248755332626,BTC-26MAR21
2020-11-25 00:00:00+00:00,18179.5,17632.0,121,9.663115978657588,BTC-26MAR21
2020-11-26 00:00:00+00:00,17636.0,17104.5,120,9.75463204521414,BTC-26MAR21
2020-11-27 00:00:00+00:00,17507.0,17038.0,119,8.685640269085848,BTC-26MAR21
2020-11-28 00:00:00+00:00,18373.5,17845.5,118,9.43846286200749,BTC-26MAR21
2020-11-29 00:00:00+00:00,19228.5,18653.0,117,9.943420242574486,BTC-26MAR21
2020-11-30 00:00:00+00:00,20375.5,19551.0,116,13.879862082588446,BTC-26MAR21
2020-12-01 00:00:00+00:00,19724.0,19140.0,115,10.009268967092577,BTC-26MAR21
2020-12-02 00:00:00+00:00,19868.5,19223.5,114,11.144896222798351,BTC-26MAR21
2020-12-03 00:00:00+00:00,19973.5,19332.5,113,11.111224685527432,BTC-26MAR21
2020-12-04 00:00:00+00:00,19522.0,18939.5,112,10.37578593501076,BTC-26MAR21
2020-12-05 00:00:00+00:00,19866.5,19255.0,111,10.827579378055585,BTC-26MAR21
2020-12-06 00:00:00+00:00,20039.5,19399.5,110,11.371542531371205,BTC-26MAR21
2020-12-07 00:00:00+00:00,19785.5,19164.0,109,11.279414504206486,BTC-26MAR21
2020-12-08 00:00:00+00:00,18399.0,17928.5,108,9.149493590297219,BTC-26MAR21
2020-12-09 00:00:00+00:00,18800.0,18347.5,107,8.666055989691056,BTC-26MAR21
2020-12-10 00:00:00+00:00,18202.0,17790.0,106,8.202736973299807,BTC-26MAR21
2020-12-11 00:00:00+00:00,18870.0,18393.0,105,9.30824125971541,BTC-26MAR21
2020-12-12 00:00:00+00:00,19829.0,19273.0,104,10.49661761123797,BTC-26MAR21
2020-12-13 00:00:00+00:00,19819.5,19171.5,103,12.50163282429504,BTC-26MAR21
2020-12-14 00:00:00+00:00,19848.5,19208.5,102,12.443990523516613,BTC-26MAR21
2020-12-15 00:00:00+00:00,20143.5,19442.0,101,13.666309812617428,BTC-26MAR21
2020-12-16 00:00:00+00:00,23433.5,22518.5,100,15.647595987196606,BTC-26MAR21
2020-12-17 00:00:00+00:00,24092.0,23108.5,99,16.61015534064316,BTC-26MAR21
2020-12-18 00:00:00+00:00,23892.5,22920.0,98,16.738954100738667,BTC-26MAR21
2020-12-19 00:00:00+00:00,24673.0,23668.0,97,16.93896080568924,BTC-26MAR21
2020-12-20 00:00:00+00:00,25152.5,24021.5,96,19.115851273174634,BTC-26MAR21
2020-12-21 00:00:00+00:00,23528.0,22669.0,95,15.361309669750645,BTC-26MAR21
2020-12-22 00:00:00+00:00,24556.0,23579.0,94,17.075392252599954,BTC-26MAR21
2020-12-23 00:00:00+00:00,23987.5,23176.0,93,14.461917324483785,BTC-26MAR21
2020-12-24 00:00:00+00:00,24695.0,23678.5,92,18.147383311545017,BTC-26MAR21
2020-12-25 00:00:00+00:00,26019.0,24813.0,91,20.968362088942815,BTC-26MAR21
2020-12-26 00:00:00+00:00,29050.0,27639.0,90,22.376088062674416,BTC-26MAR21
2020-12-27 00:00:00+00:00,28290.5,26989.0,89,21.306391547734925,BTC-26MAR21
2020-12-28 00:00:00+00:00,27384.0,26395.0,88,16.482546059692638,BTC-26MAR21
2020-12-29 00:00:00+00:00,29754.0,28401.5,87,21.552598790551023,BTC-26MAR21
2020-12-30 00:00:00+00:00,30471.5,29200.0,86,19.829583995022105,BTC-26MAR21
2020-12-31 00:00:00+00:00,30101.5,29186.0,85,14.182461881490148,BTC-26MAR21
2021-01-01 00:00:00+00:00,30929.5,29850.0,84,16.69191944069761,BTC-26MAR21
2021-01-02 00:00:00+00:00,35898.5,34520.0,83,18.79093194674679,BTC-26MAR21
2021-01-03 00:00:00+00:00,33765.5,32238.0,82,22.883108115742345,BTC-26MAR21
2021-01-04 00:00:00+00:00,32051.5,30836.5,81,19.02230634621389,BTC-26MAR21
2021-01-05 00:00:00+00:00,36450.0,34838.0,80,22.921315694851007,BTC-26MAR21
2021-01-06 00:00:00+00:00,38560.5,36944.0,79,21.879564045945223,BTC-26MAR21
2021-01-07 00:00:00+00:00,40632.5,38966.5,78,21.6418776016704,BTC-26MAR21
2021-01-08 00:00:00+00:00,41111.5,39696.5,77,18.060492807994844,BTC-26MAR21
2021-01-09 00:00:00+00:00,42904.0,41149.5,76,22.204495302003547,BTC-26MAR21
2021-01-10 00:00:00+00:00,35960.0,34405.5,75,23.993848334184143,BTC-26MAR21
2021-01-11 00:00:00+00:00,38062.0,36495.0,74,23.043172422583446,BTC-26MAR21
2021-01-12 00:00:00+00:00,36431.5,35006.5,73,22.079237116359618,BTC-26MAR21
2021-01-13 00:00:00+00:00,40070.0,38275.0,72,26.15455833379574,BTC-26MAR21
2021-01-14 00:00:00+00:00,40299.0,38499.0,71,26.47921095063883,BTC-26MAR21
2021-01-15 00:00:00+00:00,38016.0,36606.5,70,21.774709842203755,BTC-26MAR21
2021-01-16 00:00:00+00:00,36193.5,34780.0,69,23.45816228356954,BTC-26MAR21
2021-01-17 00:00:00+00:00,37630.0,36136.0,68,24.29084423546566,BTC-26MAR21
2021-01-18 00:00:00+00:00,39150.5,37260.0,67,30.94734513640145,BTC-26MAR21
2021-01-19 00:00:00+00:00,36905.0,35701.0,66,20.13320601336983,BTC-26MAR21
2021-01-20 00:00:00+00:00,35760.5,34622.5,65,19.913745104082437,BTC-26MAR21
2021-01-21 00:00:00+00:00,31556.5,30774.0,64,15.396301379420896,BTC-26MAR21
2021-01-22 00:00:00+00:00,33897.5,32979.5,63,17.241451959803133,BTC-26MAR21
2021-01-23 00:00:00+00:00,33811.5,32824.0,62,19.06502536682584,BTC-26MAR21
2021-01-24 00:00:00+00:00,34589.5,33402.0,61,23.24864602974457,BTC-26MAR21
2021-01-25 00:00:00+00:00,32344.5,31663.5,60,13.820179175516856,BTC-26MAR21
2021-01-26 00:00:00+00:00,32336.0,31791.0,59,11.088465497013168,BTC-26MAR21
2021-01-27 00:00:00+00:00,31695.0,31204.0,58,10.324077671556143,BTC-26MAR21
2021-01-28 00:00:00+00:00,32901.0,32313.5,57,12.229771980767822,BTC-26MAR21
2021-01-29 00:00:00+00:00,34710.0,34039.5,56,13.557453599570678,BTC-26MAR21
2021-01-30 00:00:00+00:00,34292.5,33629.5,55,13.832947653915163,BTC-26MAR21
2021-01-31 00:00:00+00:00,34664.5,33849.0,54,17.458551351192853,BTC-26MAR21
2021-02-01 00:00:00+00:00,35247.0,34275.0,53,21.237785286156253,BTC-26MAR21
2021-02-02 00:00:00+00:00,37718.5,36397.0,52,28.445719002476146,BTC-26MAR21
2021-02-03 00:00:00+00:00,39339.5,37940.5,51,29.582779394577585,BTC-26MAR21
2021-02-04 00:00:00+00:00,39275.0,37755.0,50,33.393463663727864,BTC-26MAR21
2021-02-05 00:00:00+00:00,41020.0,39454.5,49,33.62297617623311,BTC-26MAR21
2021-02-06 00:00:00+00:00,40540.0,39106.5,48,31.48905134193567,BTC-26MAR21
2021-02-07 00:00:00+00:00,40610.0,39344.5,47,27.871520703110896,BTC-26MAR21
2021-02-08 00:00:00+00:00,49818.0,47691.5,46,41.36011371943138,BTC-26MAR21
2021-02-09 00:00:00+00:00,48829.5,46715.0,45,43.2001940126147,BTC-26MAR21
2021-02-10 00:00:00+00:00,47959.0,44791.0,135,20.29406382852814,BTC-25JUN21
2021-02-11 00:00:00+00:00,51225.0,47479.5,134,22.976527090073894,BTC-25JUN21
2021-02-12 00:00:00+00:00,51267.0,47126.0,133,26.003144167510285,BTC-25JUN21
2021-02-13 00:00:00+00:00,53586.0,48887.0,132,28.88823544519019,BTC-25JUN21
2021-02-14 00:00:00+00:00,51382.5,47337.5,131,25.66619321751833,BTC-25JUN21
2021-02-15 00:00:00+00:00,54028.0,49224.5,130,29.878204447148683,BTC-25JUN21
2021-02-16 00:00:00+00:00,56540.0,51267.5,129,31.91391200792355,BTC-25JUN21
2021-02-17 00:00:00+00:00,57380.0,52032.0,128,32.17915160356928,BTC-25JUN21
2021-02-18 00:00:00+00:00,56751.0,51743.0,127,30.41003497960324,BTC-25JUN21
2021-02-19 00:00:00+00:00,60660.0,55339.5,126,30.46326564786266,BTC-25JUN21
2021-02-20 00:00:00+00:00,61103.5,56158.0,125,27.947265313741276,BTC-25JUN21
2021-02-21 00:00:00+00:00,61162.5,56526.0,124,26.118324176003348,BTC-25JUN21
2021-02-22 00:00:00+00:00,53680.5,49679.5,123,25.84154633633069,BTC-25JUN21
2021-02-23 00:00:00+00:00,53963.5,50114.0,122,24.784220926695344,BTC-25JUN21
2021-02-24 00:00:00+00:00,54084.0,50455.5,121,23.30463067862705,BTC-25JUN21
2021-02-25 00:00:00+00:00,47713.5,44988.5,120,19.586854461742597,BTC-25JUN21
2021-02-26 00:00:00+00:00,50139.0,47197.0,119,20.378599002566222,BTC-25JUN21
2021-02-27 00:00:00+00:00,47025.0,44471.0,118,18.854737658636477,BTC-25JUN21
2021-02-28 00:00:00+00:00,49197.5,46362.0,117,20.344848891556122,BTC-25JUN21
2021-03-01 00:00:00+00:00,51396.0,48410.0,116,20.723610028142026,BTC-25JUN21
2021-03-02 00:00:00+00:00,53030.5,49844.0,115,21.73599131394328,BTC-25JUN21
2021-03-03 00:00:00+00:00,52646.0,49743.5,114,19.910202669128264,BTC-25JUN21
2021-03-04 00:00:00+00:00,50089.5,47389.5,113,19.599865335128296,BTC-25JUN21
2021-03-05 00:00:00+00:00,51538.5,48863.5,112,18.96934796949592,BTC-25JUN21
2021-03-06 00:00:00+00:00,52847.0,50118.0,111,19.046908295275735,BTC-25JUN21
2021-03-07 00:00:00+00:00,52702.0,49810.0,110,20.59532651679563,BTC-25JUN21
2021-03-08 00:00:00+00:00,56871.5,53615.0,109,21.829597019212386,BTC-25JUN21
2021-03-09 00:00:00+00:00,57732.0,54251.0,108,23.38998938700896,BTC-25JUN21
2021-03-10 00:00:00+00:00,58718.5,55041.0,107,24.68562274676962,BTC-25JUN21
2021-03-11 00:00:00+00:00,60785.0,56760.5,106,26.602346712171187,BTC-25JUN21
2021-03-12 00:00:00+00:00,61567.0,57430.5,105,27.350221734394097,BTC-25JUN21
2021-03-13 00:00:00+00:00,66170.0,60557.0,104,36.49253523957032,BTC-25JUN21
2021-03-14 00:00:00+00:00,62821.5,57878.0,103,33.70168007805137,BTC-25JUN21
2021-03-15 00:00:00+00:00,59038.0,55253.0,102,26.757052001517366,BTC-25JUN21
2021-03-16 00:00:00+00:00,59560.0,55875.0,101,25.96161665988237,BTC-25JUN21
2021-03-17 00:00:00+00:00,62257.0,58406.0,100,26.24586057030971,BTC-25JUN21
2021-03-18 00:00:00+00:00,61534.0,57842.5,99,25.62009770366249,BTC-25JUN21
2021-03-19 00:00:00+00:00,62358.0,58449.0,98,27.266580367080184,BTC-25JUN21
2021-03-20 00:00:00+00:00,60665.5,57058.5,97,25.942823609475553,BTC-25JUN21
2021-03-21 00:00:00+00:00,61329.5,57627.0,96,26.71303961654057,BTC-25JUN21
2021-03-22 00:00:00+00:00,56920.0,54175.0,95,20.913424605212704,BTC-25JUN21
2021-03-23 00:00:00+00:00,58803.5,55527.5,94,24.930066274835117,BTC-25JUN21
2021-03-24 00:00:00+00:00,54505.5,52275.0,93,17.820075396534406,BTC-25JUN21
2021-03-25 00:00:00+00:00,55975.0,53608.0,92,18.698738528076532,BTC-25JUN21
2021-03-26 00:00:00+00:00,57562.0,55009.0,91,19.956837395738948,BTC-25JUN21
2021-03-27 00:00:00+00:00,59156.5,56250.0,90,22.669142485710324,BTC-25JUN21
2021-03-28 00:00:00+00:00,58891.0,55961.0,89,23.280701938688097,BTC-25JUN21
2021-03-29 00:00:00+00:00,61570.0,58202.0,88,26.27987436613386,BTC-25JUN21
2021-03-30 00:00:00+00:00,62054.5,58184.0,87,31.021983346641278,BTC-25JUN21
2021-03-31 00:00:00+00:00,62938.5,58912.5,86,32.38722026863732,BTC-25JUN21
2021-04-01 00:00:00+00:00,64075.0,59508.0,85,37.371967579078635,BTC-25JUN21
2021-04-02 00:00:00+00:00,63794.5,59375.0,84,36.6101135040537,BTC-25JUN21
2021-04-03 00:00:00+00:00,61159.0,57696.5,83,29.2132353667067,BTC-25JUN21
2021-04-04 00:00:00+00:00,60850.5,57313.5,82,30.546083581957916,BTC-25JUN21
2021-04-05 00:00:00+00:00,62947.0,58642.0,81,37.60623097845568,BTC-25JUN21
2021-04-06 00:00:00+00:00,61816.0,57895.0,80,34.84909135706129,BTC-25JUN21
2021-04-07 00:00:00+00:00,60490.5,57068.5,79,30.872836046191775,BTC-25JUN21
2021-04-08 00:00:00+00:00,61890.0,58130.5,78,34.0784276020623,BTC-25JUN21
2021-04-09 00:00:00+00:00,66388.5,60673.5,77,53.219769142863214,BTC-25JUN21
2021-04-10 00:00:00+00:00,64766.5,59728.0,76,47.54359002823456,BTC-25JUN21
2021-04-11 00:00:00+00:00,66810.0,60827.0,75,57.867486622950956,BTC-25JUN21
2021-04-12 00:00:00+00:00,66772.5,61135.5,74,54.5015077830326,BTC-25JUN21
2021-04-13 00:00:00+00:00,70263.5,64390.0,73,54.72367454805054,BTC-25JUN21
2021-04-14 00:00:00+00:00,67695.0,62876.0,72,45.40710804986856,BTC-25JUN21
2021-04-15 00:00:00+00:00,65450.0,61440.5,71,38.40170380634413,BTC-25JUN21
2021-04-16 00:00:00+00:00,66376.5,62224.5,70,40.04770867720724,BTC-25JUN21
2021-04-17 00:00:00+00:00,58265.0,56289.5,69,20.017322093641198,BTC-25JUN21
2021-04-18 00:00:00+00:00,59960.0,57388.0,68,26.532727375864873,BTC-25JUN21
2021-04-19 00:00:00+00:00,56790.0,54449.0,67,25.775414137155806,BTC-25JUN21
2021-04-20 00:00:00+00:00,57709.5,55342.5,66,26.06314158129188,BTC-25JUN21
2021-04-21 00:00:00+00:00,56939.5,54208.0,65,31.792273181641374,BTC-25JUN21
2021-04-22 00:00:00+00:00,49441.0,47696.0,64,22.743613839394627,BTC-25JUN21
2021-04-23 00:00:00+00:00,51347.5,49884.5,63,18.231074929643643,BTC-25JUN21
2021-04-24 00:00:00+00:00,50977.5,49704.5,62,16.053153846558608,BTC-25JUN21
2021-04-25 00:00:00+00:00,54683.0,52910.0,61,21.80153505033271,BTC-25JUN21
2021-04-26 00:00:00+00:00,56443.5,54558.0,60,22.95964255500662,BTC-25JUN21
2021-04-27 00:00:00+00:00,56210.5,54363.5,59,22.960464539652392,BTC-25JUN21
2021-04-28 00:00:00+00:00,56438.5,54505.0,58,24.52944151957923,BTC-25JUN21
2021-04-29 00:00:00+00:00,56664.0,54452.0,57,29.04417142386766,BTC-25JUN21
2021-04-30 00:00:00+00:00,59868.5,57841.0,56,25.17684088262262,BTC-25JUN21
2021-05-01 00:00:00+00:00,58577.0,56724.5,55,23.77133407262486,BTC-25JUN21
2021-05-02 00:00:00+00:00,61107.0,58866.5,54,28.722290626422332,BTC-25JUN21
2021-05-03 00:00:00+00:00,57470.0,56008.5,53,19.41099201119234,BTC-25JUN21
2021-05-04 00:00:00+00:00,56327.0,54906.0,52,19.644050688065096,BTC-25JUN21
2021-05-05 00:00:00+00:00,58736.5,56916.0,51,25.27394304788475,BTC-25JUN21
2021-05-06 00:00:00+00:00,57520.5,55831.5,50,24.304400269045168,BTC-25JUN21
2021-05-07 00:00:00+00:00,60473.5,58588.5,49,26.602934539527155,BTC-25JUN21
2021-05-08 00:00:00+00:00,60016.5,58040.5,48,28.99145224501627,BTC-25JUN21
2021-05-09 00:00:00+00:00,60501.0,58450.0,47,30.71300593150612,BTC-25JUN21
2021-05-10 00:00:00+00:00,57388.5,55829.5,46,24.42538880373757,BTC-25JUN21
2021-05-11 00:00:00+00:00,58933.0,57224.0,45,26.958779131379384,BTC-25JUN21
2021-05-12 00:00:00+00:00,54196.5,50928.0,135,18.31492338153058,BTC-24SEP21
2021-05-13 00:00:00+00:00,52763.0,50135.5,134,14.928283874675884,BTC-24SEP21
2021-05-14 00:00:00+00:00,51000.0,48522.0,133,14.647501625832815,BTC-24SEP21
2021-05-15 00:00:00+00:00,52084.5,49410.5,132,15.689047731472305,BTC-24SEP21
2021-05-16 00:00:00+00:00,46582.0,45114.5,131,9.328787486514823,BTC-24SEP21
2021-05-17 00:00:00+00:00,47002.5,45212.5,130,11.517887197925036,BTC-24SEP21
2021-05-18 00:00:00+00:00,41795.0,40365.5,129,10.347983007918593,BTC-24SEP21
2021-05-19 00:00:00+00:00,41118.0,40030.5,128,7.943114936839524,BTC-24SEP21
2021-05-20 00:00:00+00:00,40769.5,39904.0,127,6.361099709078033,BTC-24SEP21
2021-05-21 00:00:00+00:00,36864.5,36323.0,126,4.379892615409875,BTC-24SEP21
2021-05-22 00:00:00+00:00,36430.0,35931.5,125,4.105281970581731,BTC-24SEP21
2021-05-23 00:00:00+00:00,37441.5,36739.0,124,5.733682729742684,BTC-24SEP21
2021-05-24 00:00:00+00:00,39854.0,39060.0,123,6.153621596219527,BTC-24SEP21
2021-05-25 00:00:00+00:00,41451.5,40562.5,122,6.701231973078214,BTC-24SEP21
2021-05-26 00:00:00+00:00,39138.5,38343.0,121,6.390210716690969,BTC-24SEP21
2021-05-27 00:00:00+00:00,37779.0,37049.0,120,6.114561876490043,BTC-24SEP21
2021-05-28 00:00:00+00:00,36956.0,36213.5,119,6.423108715360315,BTC-24SEP21
2021-05-29 00:00:00+00:00,36764.0,36016.0,118,6.564866048086504,BTC-24SEP21
2021-05-30 00:00:00+00:00,36565.0,35913.0,117,5.773450596929042,BTC-24SEP21
2021-05-31 00:00:00+00:00,37591.0,36870.5,116,6.2787165911932785,BTC-24SEP21
2021-06-01 00:00:00+00:00,37990.0,37267.5,115,6.283871813616404,BTC-24SEP21
2021-06-02 00:00:00+00:00,39575.0,38646.5,114,7.897779099259039,BTC-24SEP21
2021-06-03 00:00:00+00:00,37438.5,36640.5,113,7.207234989401368,BTC-24SEP21
2021-06-04 00:00:00+00:00,38460.0,37612.5,112,7.5317985447555635,BTC-24SEP21
2021-06-05 00:00:00+00:00,36983.0,36164.5,111,7.636876147436,BTC-24SEP21
2021-06-06 00:00:00+00:00,36907.0,36168.5,110,6.93695649183057,BTC-24SEP21
2021-06-07 00:00:00+00:00,33422.0,32966.0,109,4.707669763824396,BTC-24SEP21
2021-06-08 00:00:00+00:00,34711.0,34188.0,108,5.264844286624437,BTC-24SEP21
2021-06-09 00:00:00+00:00,37752.0,36987.5,107,7.228096785184168,BTC-24SEP21
2021-06-10 00:00:00+00:00,37869.5,37158.0,106,6.749065898999818,BTC-24SEP21
2021-06-11 00:00:00+00:00,35886.0,35286.0,105,6.036365236246888,BTC-24SEP21
2021-06-12 00:00:00+00:00,35826.5,35280.0,104,5.543018869900984,BTC-24SEP21
2021-06-13 00:00:00+00:00,40487.5,39585.5,103,8.31145352513094,BTC-24SEP21
2021-06-14 00:00:00+00:00,41240.5,40387.0,102,7.770646006211979,BTC-24SEP21
2021-06-15 00:00:00+00:00,40938.0,40127.5,101,7.49410426982875,BTC-24SEP21
2021-06-16 00:00:00+00:00,39760.0,39198.5,100,5.328472294217956,BTC-24SEP21
2021-06-17 00:00:00+00:00,38007.5,37686.5,99,3.1764485658726915,BTC-24SEP21
2021-06-18 00:00:00+00:00,35959.5,35779.0,98,1.8919027486503204,BTC-24SEP21
2021-06-19 00:00:00+00:00,35833.5,35619.0,97,2.284953735690509,BTC-24SEP21
2021-06-20 00:00:00+00:00,33054.0,33006.5,96,0.5482659674023171,BTC-24SEP21
2021-06-21 00:00:00+00:00,32735.0,32623.0,95,1.3255053208943268,BTC-24SEP21
2021-06-22 00:00:00+00:00,34434.5,33980.0,94,5.294664852754294,BTC-24SEP21
2021-06-23 00:00:00+00:00,33073.0,32841.0,93,2.801336076836858,BTC-24SEP21
2021-06-24 00:00:00+00:00,34570.0,34290.5,92,3.273116549160804,BTC-24SEP21
2021-06-25 00:00:00+00:00,30985.0,30701.0,91,3.762364605173274,BTC-24SEP21
2021-06-26 00:00:00+00:00,33496.0,33276.0,90,2.708484172135539,BTC-24SEP21
2021-06-27 00:00:00+00:00,35370.0,35027.5,89,4.071307849326655,BTC-24SEP21
2021-06-28 00:00:00+00:00,35159.5,34867.0,88,3.5257546909993387,BTC-24SEP21
2021-06-29 00:00:00+00:00,35590.5,35253.0,87,4.078400592645459,BTC-24SEP21
2021-06-30 00:00:00+00:00,33542.0,33340.5,86,2.5903192932777763,BTC-24SEP21
2021-07-01 00:00:00+00:00,33570.5,33387.0,85,2.3815668161516035,BTC-24SEP21
2021-07-02 00:00:00+00:00,34768.5,34488.0,84,3.5824805937536564,BTC-24SEP21
2021-07-03 00:00:00+00:00,35937.5,35560.0,83,4.753328634642551,BTC-24SEP21
2021-07-04 00:00:00+00:00,34457.5,34257.5,82,2.6249884005944857,BTC-24SEP21
2021-07-05 00:00:00+00:00,35173.5,34863.0,81,4.07645823592695,BTC-24SEP21
2021-07-06 00:00:00+00:00,35032.5,34737.5,80,3.933632135952414,BTC-24SEP21
2021-07-07 00:00:00+00:00,32630.5,32473.5,79,2.2533903728657823,BTC-24SEP21
2021-07-08 00:00:00+00:00,33089.5,32896.5,78,2.7751898952266263,BTC-24SEP21
2021-07-09 00:00:00+00:00,33969.0,33780.5,77,2.6728769890035142,BTC-24SEP21
2021-07-10 00:00:00+00:00,33720.0,33515.0,76,2.9719677476448547,BTC-24SEP21
2021-07-11 00:00:00+00:00,34559.5,34284.0,75,3.971990585125451,BTC-24SEP21
2021-07-12 00:00:00+00:00,33395.0,33192.5,74,3.045478609787522,BTC-24SEP21
2021-07-13 00:00:00+00:00,32069.0,31918.0,73,2.387923721995966,BTC-24SEP21
2021-07-14 00:00:00+00:00,32559.5,32456.5,72,1.619199113879799,BTC-24SEP21
2021-07-15 00:00:00+00:00,31940.0,31794.5,71,2.3749833414740795,BTC-24SEP21
2021-07-16 00:00:00+00:00,31632.5,31518.0,70,1.9088260720391936,BTC-24SEP21
2021-07-17 00:00:00+00:00,31837.5,31700.0,69,2.31594460590705,BTC-24SEP21
2021-07-18 00:00:00+00:00,31732.0,31606.0,68,2.158571197568171,BTC-24SEP21
2021-07-19 00:00:00+00:00,29807.0,29824.0,67,-0.3101348543674054,BTC-24SEP21
2021-07-20 00:00:00+00:00,30956.0,30822.0,66,2.4281224307693305,BTC-24SEP21
2021-07-21 00:00:00+00:00,32291.5,32124.0,65,2.963410420500656,BTC-24SEP21
2021-07-22 00:00:00+00:00,32705.0,32493.0,64,3.7785457629223806,BTC-24SEP21
2021-07-23 00:00:00+00:00,34297.0,33845.0,63,7.989314753402477,BTC-24SEP21
2021-07-24 00:00:00+00:00,35240.5,34727.0,62,9.02573739954471,BTC-24SEP21
2021-07-25 00:00:00+00:00,38663.0,38201.0,61,7.458140032186789,BTC-24SEP21
2021-07-26 00:00:00+00:00,37592.0,37162.5,60,7.240525791982866,BTC-24SEP21
2021-07-27 00:00:00+00:00,40430.0,39924.5,59,8.09467300896829,BTC-24SEP21
2021-07-28 00:00:00+00:00,40474.0,39971.5,58,8.179351239704523,BTC-24SEP21
2021-07-29 00:00:00+00:00,40409.0,39787.5,57,10.43453543864301,BTC-24SEP21
2021-07-30 00:00:00+00:00,42231.0,41599.5,56,10.318411286852559,BTC-24SEP21
2021-07-31 00:00:00+00:00,42260.0,41754.0,55,8.322209880100594,BTC-24SEP21
2021-08-01 00:00:00+00:00,40550.0,40087.0,54,8.071323583291367,BTC-24SEP21
2021-08-02 00:00:00+00:00,38983.0,38562.0,53,7.764594623690346,BTC-24SEP21
2021-08-03 00:00:00+00:00,38060.5,37799.5,52,4.948566013782019,BTC-24SEP21
2021-08-04 00:00:00+00:00,39240.0,38870.5,51,7.005630466002866,BTC-24SEP21
2021-08-05 00:00:00+00:00,41160.5,40746.5,50,7.658771797433683,BTC-24SEP21
2021-08-06 00:00:00+00:00,43689.0,43257.0,49,7.683117070617818,BTC-24SEP21
2021-08-07 00:00:00+00:00,45331.0,44905.5,48,7.434772029802916,BTC-24SEP21
2021-08-08 00:00:00+00:00,44247.0,43863.0,47,7.003509118178797,BTC-24SEP21
2021-08-09 00:00:00+00:00,46467.0,45990.5,46,8.522572658870553,BTC-24SEP21
2021-08-10 00:00:00+00:00,46908.0,46404.0,45,9.157420541890527,BTC-24SEP21
2021-08-18 00:00:00+00:00,46024.0,44723.0,135,8.06135093089273,BTC-31DEC21
2021-08-19 00:00:00+00:00,48519.0,46812.0,134,10.247562290534384,BTC-31DEC21
2021-08-20 00:00:00+00:00,50785.0,48996.5,133,10.339444701136081,BTC-31DEC21
2021-08-21 00:00:00+00:00,51066.0,49253.0,132,10.512278979119326,BTC-31DEC21
2021-08-22 00:00:00+00:00,52130.5,50203.0,131,11.068112654584606,BTC-31DEC21
2021-08-23 00:00:00+00:00,51604.0,49841.0,130,10.252047026065192,BTC-31DEC21
2021-08-24 00:00:00+00:00,49660.5,48160.0,129,9.069020973093878,BTC-31DEC21
2021-08-25 00:00:00+00:00,48237.0,46885.0,128,8.444228774580843,BTC-31DEC21
2021-08-26 00:00:00+00:00,48987.5,47534.0,127,9.042237559368482,BTC-31DEC21
2021-08-27 00:00:00+00:00,50607.5,48990.5,126,9.863634684382362,BTC-31DEC21
2021-08-28 00:00:00+00:00,50016.0,48525.5,125,9.235976927773804,BTC-31DEC21
2021-08-29 00:00:00+00:00,49444.0,47978.5,124,9.260490465385839,BTC-31DEC21
2021-08-30 00:00:00+00:00,49296.0,47784.0,123,9.685082033670778,BTC-31DEC21
2021-08-31 00:00:00+00:00,48698.5,47216.5,122,9.687052166146003,BTC-31DEC21
2021-09-01 00:00:00+00:00,51603.5,49890.0,121,10.723389342065538,BTC-31DEC21
2021-09-02 00:00:00+00:00,51025.0,49320.0,120,10.890625734324955,BTC-31DEC21
2021-09-03 00:00:00+00:00,51950.5,50220.5,119,10.94683529744147,BTC-31DEC21
2021-09-04 00:00:00+00:00,51601.5,49900.5,118,10.924973994092957,BTC-31DEC21
2021-09-05 00:00:00+00:00,53869.5,51865.0,117,12.557978374476564,BTC-31DEC21
2021-09-06 00:00:00+00:00,54532.5,52379.5,116,13.513094531428349,BTC-31DEC21
2021-09-07 00:00:00+00:00,46446.5,45093.5,115,9.837343862513649,BTC-31DEC21
2021-09-08 00:00:00+00:00,47788.0,46307.0,114,10.605075053038826,BTC-31DEC21
2021-09-09 00:00:00+00:00,47547.0,46190.5,113,9.800340694918619,BTC-31DEC21
2021-09-10 00:00:00+00:00,46276.0,45051.5,112,9.132799778561163,BTC-31DEC21
2021-09-11 00:00:00+00:00,46714.5,45393.5,111,9.891881973841631,BTC-31DEC21
2021-09-12 00:00:00+00:00,45778.5,44480.5,110,10.014616253569319,BTC-31DEC21
2021-09-13 00:00:00+00:00,47073.5,45758.5,109,9.95218074211186,BTC-31DEC21
2021-09-14 00:00:00+00:00,48669.0,47227.5,108,10.695355586553635,BTC-31DEC21
2021-09-15 00:00:00+00:00,49859.0,48363.5,107,10.94715935316517,BTC-31DEC21
2021-09-16 00:00:00+00:00,49166.5,47734.0,106,10.718004774694734,BTC-31DEC21
2021-09-17 00:00:00+00:00,50103.0,48646.0,105,10.803359055994012,BTC-31DEC21
2021-09-18 00:00:00+00:00,49468.5,48163.0,104,9.841112678560805,BTC-31DEC21
2021-09-19 00:00:00+00:00,45743.5,44824.0,103,7.461035685097817,BTC-31DEC21
2021-09-20 00:00:00+00:00,44066.5,43288.5,102,6.581743159531728,BTC-31DEC21
2021-09-21 00:00:00+00:00,43360.5,42555.5,101,7.0068831389511255,BTC-31DEC21
2021-09-22 00:00:00+00:00,45113.0,44237.5,100,7.415173662443375,BTC-31DEC21
2021-09-23 00:00:00+00:00,45591.5,44802.5,99,6.6479431284198975,BTC-31DEC21
2021-09-24 00:00:00+00:00,43088.5,42385.5,98,6.318293489454696,BTC-31DEC21
2021-09-25 00:00:00+00:00,41764.5,41273.0,97,4.55527216173186,BTC-31DEC21
2021-09-26 00:00:00+00:00,44492.0,43731.0,96,6.779328549357544,BTC-31DEC21
2021-09-27 00:00:00+00:00,42375.0,41786.5,95,5.520259620990164,BTC-31DEC21
2021-09-28 00:00:00+00:00,43045.5,42460.0,94,5.4617691640540755,BTC-31DEC21
2021-09-29 00:00:00+00:00,44033.0,43293.0,93,6.878008352558762,BTC-31DEC21
2021-09-30 00:00:00+00:00,45591.5,44824.0,92,6.967699019699891,BTC-31DEC21
2021-10-01 00:00:00+00:00,48671.5,47744.0,91,8.022827611816808,BTC-31DEC21
2021-10-02 00:00:00+00:00,48864.5,47914.0,90,8.29242251850717,BTC-31DEC21
2021-10-03 00:00:00+00:00,48802.5,47884.0,89,8.103816929724793,BTC-31DEC21
2021-10-04 00:00:00+00:00,50642.5,49494.5,88,9.97750906073298,BTC-31DEC21
2021-10-05 00:00:00+00:00,52628.5,51459.0,87,9.886833002225192,BTC-31DEC21
2021-10-06 00:00:00+00:00,56072.0,54826.0,86,10.007189933635452,BTC-31DEC21
2021-10-07 00:00:00+00:00,56250.0,54886.0,85,11.116704913273768,BTC-31DEC21
2021-10-08 00:00:00+00:00,56362.5,54979.0,84,11.40378464106675,BTC-31DEC21
2021-10-09 00:00:00+00:00,57180.5,55728.5,83,11.975678001554325,BTC-31DEC21
2021-10-10 00:00:00+00:00,58527.0,56856.5,82,13.757271721256203,BTC-31DEC21
2021-10-11 00:00:00+00:00,58993.5,57410.0,81,13.04405161737272,BTC-31DEC21
2021-10-12 00:00:00+00:00,56108.0,54671.5,80,12.561813525930443,BTC-31DEC21
2021-10-13 00:00:00+00:00,59059.0,57410.0,79,13.978353443174264,BTC-31DEC21
2021-10-14 00:00:00+00:00,61208.5,59326.0,78,15.740420168233204,BTC-31DEC21
2021-10-15 00:00:00+00:00,63420.0,61758.0,77,13.414735549109103,BTC-31DEC21
2021-10-16 00:00:00+00:00,61959.0,60393.0,76,13.082311978880412,BTC-31DEC21
2021-10-17 00:00:00+00:00,63555.0,61905.5,75,13.652686326849794,BTC-31DEC21
2021-10-18 00:00:00+00:00,63959.5,62300.5,74,13.840410989219066,BTC-31DEC21
2021-10-19 00:00:00+00:00,65861.5,64071.0,73,14.775865398749776,BTC-31DEC21
2021-10-20 00:00:00+00:00,67367.0,65167.0,72,18.331058366435027,BTC-31DEC21
2021-10-21 00:00:00+00:00,65175.5,63420.5,71,15.064996135356058,BTC-31DEC21
2021-10-22 00:00:00+00:00,62528.0,60900.5,70,14.742090246650408,BTC-31DEC21
2021-10-23 00:00:00+00:00,62406.0,60747.0,69,15.318583940221743,BTC-31DEC21
2021-10-24 00:00:00+00:00,64570.0,62675.5,68,17.332862875153587,BTC-31DEC21
2021-10-25 00:00:00+00:00,64345.0,62478.0,67,17.39896332365396,BTC-31DEC21
2021-10-26 00:00:00+00:00,61260.0,59974.5,66,12.443941962869577,BTC-31DEC21
2021-10-27 00:00:00+00:00,60299.0,59072.5,65,12.23180656941496,BTC-31DEC21
2021-10-28 00:00:00+00:00,62313.5,60638.5,64,16.81242628466302,BTC-31DEC21
2021-10-29 00:00:00+00:00,63222.0,61648.0,63,15.727365291549255,BTC-31DEC21
2021-10-30 00:00:00+00:00,62864.5,61417.0,62,14.698826307566982,BTC-31DEC21
2021-10-31 00:00:00+00:00,63766.0,62236.5,61,15.635512369036487,BTC-31DEC21
2021-11-01 00:00:00+00:00,63134.0,61632.0,60,15.77470666527876,BTC-31DEC21
2021-11-02 00:00:00+00:00,65083.0,63478.0,59,16.70455182740693,BTC-31DEC21
2021-11-03 00:00:00+00:00,63489.0,61946.0,58,16.746316038899202,BTC-31DEC21
2021-11-04 00:00:00+00:00,63595.0,62144.0,57,15.927717417829811,BTC-31DEC21
2021-11-05 00:00:00+00:00,62021.0,60807.0,56,13.751471113532165,BTC-31DEC21
2021-11-06 00:00:00+00:00,63163.0,61828.0,55,15.230965660434958,BTC-31DEC21
2021-11-07 00:00:00+00:00,67779.0,66023.5,54,19.407792007875614,BTC-31DEC21
2021-11-08 00:00:00+00:00,69646.5,67949.0,53,18.522397897035958,BTC-31DEC21
2021-11-09 00:00:00+00:00,67971.5,66502.0,52,16.580945605384613,BTC-31DEC21
2021-11-10 00:00:00+00:00,68214.0,65272.5,135,12.656882715617623,BTC-25MAR22
2021-11-11 00:00:00+00:00,65500.0,64592.0,50,10.727819033748487,BTC-31DEC21
2021-11-12 00:00:00+00:00,66717.5,64041.5,133,11.889668120367048,BTC-25MAR22
2021-11-13 00:00:00+00:00,65621.5,64623.5,48,12.359780749731497,BTC-31DEC21
2021-11-14 00:00:00+00:00,68311.5,65588.5,131,12.001129861797978,BTC-25MAR22
2021-11-15 00:00:00+00:00,61389.0,60787.5,46,8.12629540556491,BTC-31DEC21
2021-11-16 00:00:00+00:00,60426.0,59727.0,45,9.897198324143265,BTC-31DEC21
2021-11-17 00:00:00+00:00,61945.5,59763.5,128,10.766769668230957,BTC-25MAR22
2021-11-18 00:00:00+00:00,57803.5,56004.5,127,9.512506215413087,BTC-25MAR22
2021-11-19 00:00:00+00:00,60502.5,58436.5,126,10.588650258026133,BTC-25MAR22
2021-11-20 00:00:00+00:00,61250.0,58998.0,125,11.559075402716479,BTC-25MAR22
2021-11-21 00:00:00+00:00,59473.5,57340.0,124,11.352962507509101,BTC-25MAR22
2021-11-22 00:00:00+00:00,57814.0,56055.5,123,9.599382927688783,BTC-25MAR22
2021-11-23 00:00:00+00:00,58374.0,56543.0,122,10.003973403948564,BTC-25MAR22
2021-11-24 00:00:00+00:00,59636.5,57694.0,121,10.50506945884704,BTC-25MAR22
2021-11-25 00:00:00+00:00,58798.0,57044.5,120,9.646353716585022,BTC-25MAR22
2021-11-26 00:00:00+00:00,55969.0,54405.5,119,9.079071876342738,BTC-25MAR22
2021-11-27 00:00:00+00:00,56091.0,54582.5,118,8.798519166377128,BTC-25MAR22
2021-11-28 00:00:00+00:00,59296.5,57589.5,117,9.540623483137246,BTC-25MAR22
2021-11-29 00:00:00+00:00,58115.5,56541.0,116,9.026889337149878,BTC-25MAR22
2021-11-30 00:00:00+00:00,58902.0,57223.0,115,9.613110794154057,BTC-25MAR22
2021-12-01 00:00:00+00:00,58447.0,56868.0,114,9.164776489560754,BTC-25MAR22
2021-12-02 00:00:00+00:00,58213.0,56768.0,113,8.457826580153949,BTC-25MAR22
2021-12-03 00:00:00+00:00,48224.5,47392.5,112,5.8354976108770495,BTC-25MAR22
2021-12-04 00:00:00+00:00,50309.5,49386.5,111,6.278055387347181,BTC-25MAR22
2021-12-05 00:00:00+00:00,49464.0,48479.5,110,6.898443609903149,BTC-25MAR22
2021-12-06 00:00:00+00:00,52343.5,51032.0,109,8.868541058219325,BTC-25MAR22
2021-12-07 00:00:00+00:00,51881.5,50551.0,108,9.177109728986,BTC-25MAR22
2021-12-08 00:00:00+00:00,51434.0,50057.5,107,9.695299004998791,BTC-25MAR22
2021-12-09 00:00:00+00:00,48962.0,47735.5,106,9.128507585806922,BTC-25MAR22
2021-12-10 00:00:00+00:00,49168.0,48080.0,105,8.089102499130796,BTC-25MAR22
2021-12-11 00:00:00+00:00,50351.5,49377.0,104,7.099787259478729,BTC-25MAR22
2021-12-12 00:00:00+00:00,49737.5,48784.0,103,7.100175924009333,BTC-25MAR22
2021-12-13 00:00:00+00:00,47910.0,47029.0,102,6.867016137540993,BTC-25MAR22
2021-12-14 00:00:00+00:00,49223.5,48247.0,101,7.509900492840305,BTC-25MAR22
2021-12-15 00:00:00+00:00,49746.0,48770.0,100,7.500317335847417,BTC-25MAR22
2021-12-16 00:00:00+00:00,47966.0,46995.0,99,7.8316403023410475,BTC-25MAR22
2021-12-17 00:00:00+00:00,47331.0,46406.0,98,7.627841439225902,BTC-25MAR22
2021-12-18 00:00:00+00:00,48496.5,47533.0,97,7.843556472865698,BTC-25MAR22
2021-12-19 00:00:00+00:00,47317.0,46432.5,96,7.438165263563912,BTC-25MAR22
2021-12-20 00:00:00+00:00,49651.0,48641.0,95,8.216312089405985,BTC-25MAR22
2021-12-21 00:00:00+00:00,50305.0,49265.5,94,8.445579738954434,BTC-25MAR22
2021-12-22 00:00:00+00:00,49111.0,48164.5,93,7.93709703062031,BTC-25MAR22
2021-12-23 00:00:00+00:00,52164.0,51061.0,92,8.848793906884932,BTC-25MAR22
2021-12-24 00:00:00+00:00,52081.0,50973.0,91,9.008184620484228,BTC-25MAR22
2021-12-25 00:00:00+00:00,51026.0,49982.5,90,8.74085182976394,BTC-25MAR22
2021-12-26 00:00:00+00:00,51815.5,50767.5,89,8.740925621152428,BTC-25MAR22
2021-12-27 00:00:00+00:00,50216.0,49256.5,88,8.330814618118577,BTC-25MAR22
2021-12-28 00:00:00+00:00,48393.5,47601.5,87,7.168193304580761,BTC-25MAR22
2021-12-29 00:00:00+00:00,47782.0,46999.5,86,7.259415006189607,BTC-25MAR22
2021-12-30 00:00:00+00:00,47898.5,47184.0,85,6.666583300106144,BTC-25MAR22
2021-12-31 00:00:00+00:00,48028.5,47255.0,84,7.3097998611802995,BTC-25MAR22
2022-01-01 00:00:00+00:00,47996.0,47193.5,83,7.696831972949214,BTC-25MAR22
2022-01-02 00:00:00+00:00,47884.0,47061.0,82,8.02255305209334,BTC-25MAR22
2022-01-03 00:00:00+00:00,47339.5,46571.0,81,7.654042179272125,BTC-25MAR22
2022-01-04 00:00:00+00:00,47208.0,46427.0,80,7.908392206368142,BTC-25MAR22
2022-01-05 00:00:00+00:00,43836.0,43241.0,79,6.51777278562955,BTC-25MAR22
2022-01-06 00:00:00+00:00,42216.0,41721.5,78,5.668542637440788,BTC-25MAR22
2022-01-07 00:00:00+00:00,42461.5,41918.5,77,6.290915702341993,BTC-25MAR22
2022-01-08 00:00:00+00:00,42367.5,41817.5,76,6.476518361540529,BTC-25MAR22
2022-01-09 00:00:00+00:00,42593.0,42056.5,75,6.363226092880758,BTC-25MAR22
2022-01-10 00:00:00+00:00,42764.5,42197.5,74,6.805032529759791,BTC-25MAR22
2022-01-11 00:00:00+00:00,43107.0,42559.5,73,6.599805413800897,BTC-25MAR22
2022-01-12 00:00:00+00:00,44220.5,43718.5,72,5.95862493414594,BTC-25MAR22
2022-01-13 00:00:00+00:00,43140.0,42633.5,71,6.25960130198886,BTC-25MAR22
2022-01-14 00:00:00+00:00,43600.0,43062.0,70,6.688339189152637,BTC-25MAR22
2022-01-15 00:00:00+00:00,43713.5,43205.5,69,6.378579675642149,BTC-25MAR22
2022-01-16 00:00:00+00:00,43137.5,42674.5,68,5.963341232786457,BTC-25MAR22
2022-01-17 00:00:00+00:00,42424.0,42050.5,67,4.935359419507246,BTC-25MAR22
2022-01-18 00:00:00+00:00,41609.0,41255.5,66,4.831575916443698,BTC-25MAR22
2022-01-19 00:00:00+00:00,42380.5,42088.0,65,3.965652339470105,BTC-25MAR22
2022-01-20 00:00:00+00:00,39336.5,39115.0,64,3.272867352303077,BTC-25MAR22
2022-01-21 00:00:00+00:00,35608.5,35374.5,63,3.8937357597651934,BTC-25MAR22
2022-01-22 00:00:00+00:00,35953.5,35588.5,62,6.191221349598708,BTC-25MAR22
2022-01-23 00:00:00+00:00,35222.0,34878.5,61,6.039459947758075,BTC-25MAR22
2022-01-24 00:00:00+00:00,36400.0,36084.5,60,5.438497342085968,BTC-25MAR22
2022-01-25 00:00:00+00:00,37682.5,37365.0,59,5.373994829464057,BTC-25MAR22
2022-01-26 00:00:00+00:00,36434.0,36194.5,58,4.237782240049004,BTC-25MAR22
2022-01-27 00:00:00+00:00,36995.5,36823.5,57,3.0290400792820193,BTC-25MAR22
2022-01-28 00:00:00+00:00,38114.0,37857.0,56,4.508507347403556,BTC-25MAR22
2022-01-29 00:00:00+00:00,38526.0,38270.0,55,4.52382946122083,BTC-25MAR22
2022-01-30 00:00:00+00:00,37348.0,37125.5,54,4.121529672454427,BTC-25MAR22
2022-01-31 00:00:00+00:00,38699.5,38477.0,53,4.05083399621613,BTC-25MAR22
2022-02-01 00:00:00+00:00,38524.5,38289.0,52,4.397985721539155,BTC-25MAR22
2022-02-02 00:00:00+00:00,37246.5,37046.0,51,3.938569498161537,BTC-25MAR22
2022-02-03 00:00:00+00:00,38112.5,37886.5,50,4.437277376264626,BTC-25MAR22
2022-02-04 00:00:00+00:00,41570.5,41423.5,49,2.67387093388185,BTC-25MAR22
2022-02-05 00:00:00+00:00,41823.5,41662.0,48,2.9857111300417793,BTC-25MAR22
2022-02-06 00:00:00+00:00,42936.0,42771.0,47,3.0353054364669063,BTC-25MAR22
2022-02-07 00:00:00+00:00,44985.5,44905.5,46,1.4223595162761171,BTC-25MAR22
2022-02-08 00:00:00+00:00,43963.0,43834.0,45,2.412163511522736,BTC-25MAR22
2022-02-09 00:00:00+00:00,44854.5,44144.5,135,4.408316302740056,BTC-24JUN22
2022-02-10 00:00:00+00:00,44276.0,43395.0,134,5.627231885787265,BTC-24JUN22
2022-02-11 00:00:00+00:00,42896.5,42129.5,133,5.076013538799495,BTC-24JUN22
2022-02-12 00:00:00+00:00,43180.5,42440.0,132,4.899308318722961,BTC-24JUN22
2022-02-13 00:00:00+00:00,43053.0,42339.5,131,4.766351448870809,BTC-24JUN22
2022-02-14 00:00:00+00:00,44485.5,43723.0,130,4.973970291625585,BTC-24JUN22
2022-02-15 00:00:00+00:00,44959.0,44232.5,129,4.717400849397402,BTC-24JUN22
2022-02-16 00:00:00+00:00,44698.5,43950.5,128,4.929950904231473,BTC-24JUN22
2022-02-17 00:00:00+00:00,41265.5,40656.0,127,4.369408752712611,BTC-24JUN22
2022-02-18 00:00:00+00:00,40895.0,40288.5,126,4.423400327431892,BTC-24JUN22
2022-02-19 00:00:00+00:00,39327.5,38814.0,125,3.9123531022003277,BTC-24JUN22
2022-02-20 00:00:00+00:00,39775.5,39306.5,124,3.553080397661823,BTC-24JUN22
2022-02-21 00:00:00+00:00,37266.5,36765.5,123,4.098202643066795,BTC-24JUN22
2022-02-22 00:00:00+00:00,38649.0,38180.5,122,3.7161852920702954,BTC-24JUN22
2022-02-23 00:00:00+00:00,35756.0,35307.5,121,3.8810889118990666,BTC-24JUN22
2022-02-24 00:00:00+00:00,39018.0,38516.5,120,4.013247671039988,BTC-24JUN22
2022-02-25 00:00:00+00:00,39677.5,39218.5,119,3.633384749612212,BTC-24JUN22
2022-02-26 00:00:00+00:00,39222.0,38800.5,118,3.3986022540493988,BTC-24JUN22
2022-02-27 00:00:00+00:00,38658.5,38341.5,117,2.601942652686229,BTC-24JUN22
2022-02-28 00:00:00+00:00,43940.5,43510.5,116,3.14274185283987,BTC-24JUN22
2022-03-01 00:00:00+00:00,44494.5,44012.5,115,3.5174434626563444,BTC-24JUN22
2022-03-02 00:00:00+00:00,43975.5,43506.0,114,3.4964363322272707,BTC-24JUN22
2022-03-03 00:00:00+00:00,41972.0,41462.5,113,4.023861116292871,BTC-24JUN22
2022-03-04 00:00:00+00:00,39503.5,38996.0,112,4.303902803388304,BTC-24JUN22
2022-03-05 00:00:00+00:00,39891.0,39375.0,111,4.374198819217767,BTC-24JUN22
2022-03-06 00:00:00+00:00,38258.5,37889.0,110,3.27268247560375,BTC-24JUN22
2022-03-07 00:00:00+00:00,38930.5,38545.0,109,3.388568720745222,BTC-24JUN22
2022-03-08 00:00:00+00:00,42241.0,41806.5,108,3.5561327260793973,BTC-24JUN22
2022-03-09 00:00:00+00:00,39609.0,39254.0,107,3.118767494174768,BTC-24JUN22
2022-03-10 00:00:00+00:00,39480.0,39150.0,106,2.932490173421254,BTC-24JUN22
2022-03-11 00:00:00+00:00,39477.0,39098.0,105,3.4103112799958257,BTC-24JUN22
2022-03-12 00:00:00+00:00,39430.0,39090.0,104,3.086082962106751,BTC-24JUN22
2022-03-13 00:00:00+00:00,39413.0,39085.5,103,3.0010606428170217,BTC-24JUN22
2022-03-14 00:00:00+00:00,38745.0,38433.0,102,2.935512207212576,BTC-24JUN22
2022-03-15 00:00:00+00:00,39935.0,39603.5,101,3.058213940968879,BTC-24JUN22
2022-03-16 00:00:00+00:00,41132.0,40756.0,100,3.408728589271326,BTC-24JUN22
2022-03-17 00:00:00+00:00,40959.5,40592.0,99,3.378714844559405,BTC-24JUN22
2022-03-18 00:00:00+00:00,42044.0,41663.0,98,3.448626392364451,BTC-24JUN22
2022-03-19 00:00:00+00:00,42280.5,41892.0,97,3.534594384231604,BTC-24JUN22
2022-03-20 00:00:00+00:00,41468.0,41122.5,96,3.23219843777911,BTC-24JUN22
2022-03-21 00:00:00+00:00,42728.0,42253.5,95,4.383951808081266,BTC-24JUN22
2022-03-22 00:00:00+00:00,42691.5,42130.5,94,5.270561693509079,BTC-24JUN22
2022-03-23 00:00:00+00:00,43679.0,43083.0,93,5.540194419718358,BTC-24JUN22
2022-03-24 00:00:00+00:00,44497.5,43967.0,92,4.873379160006386,BTC-24JUN22
2022-03-25 00:00:00+00:00,45087.5,44567.5,91,4.762749995913129,BTC-24JUN22
2022-03-26 00:00:00+00:00,45302.0,44751.5,90,5.083396991793299,BTC-24JUN22
2022-03-27 00:00:00+00:00,47608.0,47027.5,89,5.160095472021853,BTC-24JUN22
2022-03-28 00:00:00+00:00,47959.5,47375.0,88,5.217603383894831,BTC-24JUN22
2022-03-29 00:00:00+00:00,48007.5,47404.5,87,5.4461545691388835,BTC-24JUN22
2022-03-30 00:00:00+00:00,47758.5,47204.0,86,5.081433007641012,BTC-24JUN22
2022-03-31 00:00:00+00:00,45541.5,45017.5,85,5.094999712419446,BTC-24JUN22
2022-04-01 00:00:00+00:00,47203.0,46641.0,84,5.342308967168519,BTC-24JUN22
2022-04-02 00:00:00+00:00,46960.5,46385.0,83,5.572246240248235,BTC-24JUN22
2022-04-03 00:00:00+00:00,46763.5,46192.5,82,5.620851308643959,BTC-24JUN22
2022-04-04 00:00:00+00:00,47351.5,46739.0,81,6.042355289332391,BTC-24JUN22
2022-04-05 00:00:00+00:00,45789.5,45275.0,80,5.290746640028665,BTC-24JUN22
2022-04-06 00:00:00+00:00,43884.0,43430.0,79,4.922059144627977,BTC-24JUN22
2022-04-07 00:00:00+00:00,44149.5,43759.5,78,4.239451070278766,BTC-24JUN22
2022-04-08 00:00:00+00:00,42804.5,42482.5,77,3.6442060961247247,BTC-24JUN22
2022-04-09 00:00:00+00:00,42968.5,42642.0,76,3.7311823350601125,BTC-24JUN22
2022-04-10 00:00:00+00:00,42679.0,42326.5,75,4.118795488015015,BTC-24JUN22
2022-04-11 00:00:00+00:00,40425.5,40169.0,74,3.189407171510661,BTC-24JUN22
2022-04-12 00:00:00+00:00,40323.0,40117.0,73,2.5939938602228763,BTC-24JUN22
2022-04-13 00:00:00+00:00,41507.5,41268.5,72,2.9706901388769413,BTC-24JUN22
2022-04-14 00:00:00+00:00,40449.5,40233.0,71,2.7973632777410495,BTC-24JUN22
2022-04-15 00:00:00+00:00,40607.5,40389.0,70,2.853213807986865,BTC-24JUN22
2022-04-16 00:00:00+00:00,40505.5,40287.5,69,2.895817509341203,BTC-24JUN22
2022-04-17 00:00:00+00:00,39099.0,38900.5,68,2.7696799407187056,BTC-24JUN22
2022-04-18 00:00:00+00:00,40902.0,40680.0,67,3.009274654628946,BTC-24JUN22
2022-04-19 00:00:00+00:00,41543.5,41344.0,66,2.697908687809636,BTC-24JUN22
2022-04-20 00:00:00+00:00,42083.5,41864.5,65,2.9731844626432524,BTC-24JUN22
2022-04-21 00:00:00+00:00,40881.5,40734.5,64,2.0756498789068045,BTC-24JUN22
2022-04-22 00:00:00+00:00,39711.0,39608.0,63,1.516051677131247,BTC-24JUN22
2022-04-23 00:00:00+00:00,39946.0,39745.5,62,3.0066506902857615,BTC-24JUN22
2022-04-24 00:00:00+00:00,38600.5,38474.5,61,1.97562970490901,BTC-24JUN22
2022-04-25 00:00:00+00:00,40791.0,40614.5,60,2.6730312493500774,BTC-24JUN22
2022-04-26 00:00:00+00:00,39321.5,39130.0,59,3.0662960122054717,BTC-24JUN22
2022-04-27 00:00:00+00:00,39570.0,39412.5,58,2.5415962432930206,BTC-24JUN22
2022-04-28 00:00:00+00:00,39748.0,39628.5,57,1.9467840736279163,BTC-24JUN22
2022-04-29 00:00:00+00:00,38802.0,38679.0,56,2.0909636988400093,BTC-24JUN22
2022-04-30 00:00:00+00:00,38111.5,37988.5,55,2.168441527021936,BTC-24JUN22
2022-05-01 00:00:00+00:00,38980.0,38902.5,54,1.3543017196373075,BTC-24JUN22
2022-05-02 00:00:00+00:00,38718.0,38579.5,53,2.4986293146912697,BTC-24JUN22
2022-05-03 00:00:00+00:00,38806.0,38727.0,52,1.4406880876889128,BTC-24JUN22
2022-05-04 00:00:00+00:00,39810.5,39618.0,51,3.529901475858188,BTC-24JUN22
2022-05-05 00:00:00+00:00,36472.0,36357.0,50,2.3321820327865117,BTC-24JUN22
2022-05-06 00:00:00+00:00,36019.0,35881.0,49,2.900690883876189,BTC-24JUN22
2022-05-07 00:00:00+00:00,34673.5,34579.5,48,2.085745983460363,BTC-24JUN22
2022-05-08 00:00:00+00:00,33607.0,33507.5,47,2.329387953184603,BTC-24JUN22
2022-05-09 00:00:00+00:00,31731.5,31613.5,46,3.0003390797439744,BTC-24JUN22
2022-05-10 00:00:00+00:00,30720.5,30610.0,45,2.9659156130865894,BTC-24JUN22
2022-05-18 00:00:00+00:00,29510.5,29179.0,135,3.1014595497007136,BTC-30SEP22
2022-05-19 00:00:00+00:00,30649.5,30267.5,134,3.4752656170914165,BTC-30SEP22
2022-05-20 00:00:00+00:00,29750.5,29418.0,133,3.1325057835525305,BTC-30SEP22
2022-05-21 00:00:00+00:00,29713.5,29427.0,132,2.7153297722354752,BTC-30SEP22
2022-05-22 00:00:00+00:00,30798.5,30434.0,131,3.372837094311909,BTC-30SEP22
2022-05-23 00:00:00+00:00,29673.0,29378.0,130,2.845009573359625,BTC-30SEP22
2022-05-24 00:00:00+00:00,30044.5,29682.5,129,3.4893575211839334,BTC-30SEP22
2022-05-25 00:00:00+00:00,29968.0,29713.0,128,2.466731093308838,BTC-30SEP22
2022-05-26 00:00:00+00:00,29262.0,28958.0,127,3.0469002470932205,BTC-30SEP22
2022-05-27 00:00:00+00:00,29145.5,28876.0,126,2.7276079516728613,BTC-30SEP22
2022-05-28 00:00:00+00:00,29237.5,28988.0,125,2.5340679423310197,BTC-30SEP22
2022-05-29 00:00:00+00:00,30945.0,30628.0,124,3.0773162835844747,BTC-30SEP22
2022-05-30 00:00:00+00:00,31975.0,31574.5,123,3.8111960918406407,BTC-30SEP22
2022-05-31 00:00:00+00:00,31816.0,31460.5,122,3.4188901057744525,BTC-30SEP22
2022-06-01 00:00:00+00:00,30222.0,29946.5,121,2.800949738383074,BTC-30SEP22
2022-06-02 00:00:00+00:00,30759.0,30460.0,120,3.0157674558033642,BTC-30SEP22
2022-06-03 00:00:00+00:00,29977.0,29671.0,119,3.1971052088439977,BTC-30SEP22
2022-06-04 00:00:00+00:00,29886.5,29622.0,118,2.787886155860808,BTC-30SEP22
2022-06-05 00:00:00+00:00,31556.0,31290.5,117,2.6709102183187783,BTC-30SEP22
2022-06-06 00:00:00+00:00,29838.0,29570.0,116,2.8796318215172922,BTC-30SEP22
2022-06-07 00:00:00+00:00,30864.0,30548.0,115,3.3202806063092005,BTC-30SEP22
2022-06-08 00:00:00+00:00,30743.5,30469.0,114,2.9132225444849613,BTC-30SEP22
2022-06-09 00:00:00+00:00,30306.0,30054.0,113,2.7338086127802086,BTC-30SEP22
2022-06-10 00:00:00+00:00,29535.0,29298.5,112,2.654700172894553,BTC-30SEP22
2022-06-11 00:00:00+00:00,27815.0,27606.0,111,2.5111376856961076,BTC-30SEP22
2022-06-12 00:00:00+00:00,24875.5,24776.0,110,1.3387901914514222,BTC-30SEP22
2022-06-13 00:00:00+00:00,23034.0,22844.5,109,2.8049144613503607,BTC-30SEP22
2022-06-14 00:00:00+00:00,20695.0,20656.0,108,0.6395328619551943,BTC-30SEP22
2022-06-15 00:00:00+00:00,21783.0,21741.0,107,0.6605262606697249,BTC-30SEP22
2022-06-16 00:00:00+00:00,21136.0,21063.5,106,1.1901998287106252,BTC-30SEP22
2022-06-17 00:00:00+00:00,19187.0,19213.5,105,-0.4786314270266323,BTC-30SEP22
2022-06-18 00:00:00+00:00,18238.0,18277.5,104,-0.756417892221406,BTC-30SEP22
2022-06-19 00:00:00+00:00,20069.0,20057.0,103,0.21217849203216677,BTC-30SEP22
2022-06-20 00:00:00+00:00,21088.5,21098.0,102,-0.16103596692564892,BTC-30SEP22
2022-06-21 00:00:00+00:00,20101.0,20074.0,101,0.4869278803332211,BTC-30SEP22
2022-06-22 00:00:00+00:00,20466.5,20429.0,100,0.6716346573730103,BTC-30SEP22
2022-06-23 00:00:00+00:00,20899.5,20923.0,99,-0.41347208092106236,BTC-30SEP22
2022-06-24 00:00:00+00:00,21541.0,21500.0,98,0.7120986353988501,BTC-30SEP22
2022-06-25 00:00:00+00:00,21419.0,21392.5,97,0.4669265419538826,BTC-30SEP22
2022-06-26 00:00:00+00:00,21390.5,21353.5,96,0.6604020501486119,BTC-30SEP22
2022-06-27 00:00:00+00:00,20902.5,20857.0,95,0.8407654730415492,BTC-30SEP22
2022-06-28 00:00:00+00:00,20081.0,20061.0,94,0.38767384166014107,BTC-30SEP22
2022-06-29 00:00:00+00:00,19434.0,19422.0,93,0.2427110723877801,BTC-30SEP22
2022-06-30 00:00:00+00:00,19624.0,19548.5,92,1.54108418390706,BTC-30SEP22
2022-07-01 00:00:00+00:00,19150.5,19096.5,91,1.139042372698884,BTC-30SEP22
2022-07-02 00:00:00+00:00,19174.5,19118.5,90,1.1932394164551052,BTC-30SEP22
2022-07-03 00:00:00+00:00,19159.5,19105.0,89,1.1750947506102172,BTC-30SEP22
2022-07-04 00:00:00+00:00,20285.5,20194.5,88,1.8823377489123772,BTC-30SEP22
2022-07-05 00:00:00+00:00,20236.5,20151.5,87,1.7816037357897052,BTC-30SEP22
2022-07-06 00:00:00+00:00,20511.5,20436.5,86,1.5668732953602715,BTC-30SEP22
2022-07-07 00:00:00+00:00,21869.0,21796.5,85,1.4361638481929173,BTC-30SEP22
2022-07-08 00:00:00+00:00,21684.0,21643.0,84,0.8257639625466773,BTC-30SEP22
2022-07-09 00:00:00+00:00,21396.0,21327.5,83,1.4201512912439096,BTC-30SEP22
2022-07-10 00:00:00+00:00,20510.0,20435.0,82,1.644052489649872,BTC-30SEP22
2022-07-11 00:00:00+00:00,19783.5,19714.5,81,1.5868486169245966,BTC-30SEP22
2022-07-12 00:00:00+00:00,19753.0,19695.0,80,1.3506809755975402,BTC-30SEP22
2022-07-13 00:00:00+00:00,20048.0,19976.5,79,1.664431036564662,BTC-30SEP22
2022-07-14 00:00:00+00:00,20902.5,20818.0,78,1.9136332122031918,BTC-30SEP22
2022-07-15 00:00:00+00:00,20567.5,20540.0,77,0.6362411575245197,BTC-30SEP22
2022-07-16 00:00:00+00:00,21570.5,21472.5,76,2.211011793188278,BTC-30SEP22
2022-07-17 00:00:00+00:00,22371.0,22257.0,75,2.5175039844540725,BTC-30SEP22
2022-07-18 00:00:00+00:00,21854.5,21777.0,74,1.767680002383476,BTC-30SEP22
2022-07-19 00:00:00+00:00,23478.0,23405.0,73,1.5692543324898445,BTC-30SEP22
2022-07-20 00:00:00+00:00,23001.5,22938.5,72,1.400112429465561,BTC-30SEP22
2022-07-21 00:00:00+00:00,23196.0,23141.5,71,1.2166262703244168,BTC-30SEP22
2022-07-22 00:00:00+00:00,22839.5,22768.5,70,1.6367131317629013,BTC-30SEP22
2022-07-23 00:00:00+00:00,22791.5,22699.5,69,2.162674281019661,BTC-30SEP22
2022-07-24 00:00:00+00:00,22029.5,21964.0,68,1.6111738734837733,BTC-30SEP22
2022-07-25 00:00:00+00:00,21154.0,21060.0,67,2.4558346482622895,BTC-30SEP22
2022-07-26 00:00:00+00:00,21412.5,21350.0,66,1.629713426025936,BTC-30SEP22
2022-07-27 00:00:00+00:00,22994.0,22949.5,65,1.0937292414083144,BTC-30SEP22
2022-07-28 00:00:00+00:00,24085.0,23976.5,64,2.6084322770298707,BTC-30SEP22
2022-07-29 00:00:00+00:00,24000.0,23905.5,63,2.3120765508892527,BTC-30SEP22
2022-07-30 00:00:00+00:00,23813.5,23723.0,62,2.266886000372481,BTC-30SEP22
2022-07-31 00:00:00+00:00,23403.0,23343.5,61,1.5348747534957408,BTC-30SEP22
2022-08-01 00:00:00+00:00,22946.5,22900.0,60,1.2416548759403456,BTC-30SEP22
2022-08-02 00:00:00+00:00,23062.0,22990.0,59,1.9532712453044887,BTC-30SEP22
2022-08-03 00:00:00+00:00,23028.0,22952.0,58,2.1021571431878883,BTC-30SEP22
2022-08-04 00:00:00+00:00,23265.0,23191.5,57,2.046899667037372,BTC-30SEP22
2022-08-05 00:00:00+00:00,23276.0,23210.5,56,1.8537199494973233,BTC-30SEP22
2022-08-06 00:00:00+00:00,23092.5,23028.0,55,1.8735405462908972,BTC-30SEP22
2022-08-07 00:00:00+00:00,23919.0,23831.5,54,2.508129607433407,BTC-30SEP22
2022-08-08 00:00:00+00:00,23950.5,23888.5,53,1.801104207812565,BTC-30SEP22
2022-08-09 00:00:00+00:00,23007.5,22974.5,52,1.0125938193029427,BTC-30SEP22
2022-08-10 00:00:00+00:00,24512.5,24458.5,51,1.5908877328884685,BTC-30SEP22
2022-08-11 00:00:00+00:00,24035.5,23998.0,50,1.1463505364202708,BTC-30SEP22
2022-08-12 00:00:00+00:00,24687.0,24601.0,49,2.633548839958144,BTC-30SEP22
2022-08-13 00:00:00+00:00,24978.0,24909.0,48,2.1257848755234843,BTC-30SEP22
2022-08-14 00:00:00+00:00,24093.0,24045.5,47,1.5443951465726302,BTC-30SEP22
2022-08-15 00:00:00+00:00,24118.5,24084.5,46,1.1256487072793808,BTC-30SEP22
2022-08-16 00:00:00+00:00,23839.5,23790.0,45,1.7002225592215314,BTC-30SEP22
2022-08-17 00:00:00+00:00,23535.0,23415.0,135,1.3916829584966317,BTC-30DEC22
2022-08-18 00:00:00+00:00,21935.5,21894.5,134,0.5109020316632851,BTC-30DEC22
2022-08-19 00:00:00+00:00,21350.5,21299.5,133,0.658489038282073,BTC-30DEC22
2022-08-20 00:00:00+00:00,21318.0,21260.0,132,0.7561863278396919,BTC-30DEC22
2022-08-21 00:00:00+00:00,21163.5,21102.0,131,0.8141471477126183,BTC-30DEC22
2022-08-22 00:00:00+00:00,21341.0,21309.5,130,0.4155917339075721,BTC-30DEC22
2022-08-23 00:00:00+00:00,21347.5,21318.5,129,0.38537610101765374,BTC-30DEC22
2022-08-24 00:00:00+00:00,21771.0,21752.0,128,0.24928057644573176,BTC-30DEC22
2022-08-25 00:00:00+00:00,21511.5,21449.5,127,0.8329890919769545,BTC-30DEC22
2022-08-26 00:00:00+00:00,20255.5,20268.5,126,-0.18568629487968336,BTC-30DEC22
2022-08-27 00:00:00+00:00,20038.5,20047.0,125,-0.12375865962627186,BTC-30DEC22
2022-08-28 00:00:00+00:00,19887.5,19900.5,124,-0.19216523327461044,BTC-30DEC22
2022-08-29 00:00:00+00:00,20471.5,20435.5,123,0.5236696343844383,BTC-30DEC22
2022-08-30 00:00:00+00:00,20275.5,20257.5,122,0.2660749255045225,BTC-30DEC22
2022-08-31 00:00:00+00:00,19892.0,19887.0,121,0.07586095630227607,BTC-30DEC22
2022-09-01 00:00:00+00:00,20118.5,20120.0,120,-0.02267471558640155,BTC-30DEC22
2022-09-02 00:00:00+00:00,19802.0,19817.0,119,-0.23198474802621494,BTC-30DEC22
2022-09-03 00:00:00+00:00,19633.5,19628.0,118,0.08670115007785029,BTC-30DEC22
2022-09-04 00:00:00+00:00,19714.0,19754.5,117,-0.6381929979244361,BTC-30DEC22
2022-09-05 00:00:00+00:00,19922.0,19911.5,116,0.16602212780907344,BTC-30DEC22
2022-09-06 00:00:00+00:00,18788.5,18795.0,115,-0.10972429187272592,BTC-30DEC22
2022-09-07 00:00:00+00:00,19167.0,19178.5,114,-0.191860028615376,BTC-30DEC22
2022-09-08 00:00:00+00:00,20667.5,20643.5,113,0.37601505115487655,BTC-30DEC22
2022-09-09 00:00:00+00:00,21333.0,21290.5,112,0.6520138204339609,BTC-30DEC22
2022-09-10 00:00:00+00:00,21639.0,21622.0,111,0.25876979242918097,BTC-30DEC22
2022-09-11 00:00:00+00:00,22262.5,22210.0,110,0.7865030941549556,BTC-30DEC22
2022-09-12 00:00:00+00:00,22345.5,22289.0,109,0.851366509038809,BTC-30DEC22
2022-09-13 00:00:00+00:00,20254.5,20237.0,108,0.29255519703190735,BTC-30DEC22
2022-09-14 00:00:00+00:00,20193.0,20208.0,107,-0.25298124461177185,BTC-30DEC22
2022-09-15 00:00:00+00:00,19744.0,19734.5,106,0.1658593181560919,BTC-30DEC22
2022-09-16 00:00:00+00:00,19835.5,19830.5,105,0.08767493939338955,BTC-30DEC22
2022-09-17 00:00:00+00:00,20042.0,20053.0,104,-0.19238619376231725,BTC-30DEC22
2022-09-18 00:00:00+00:00,18442.5,18464.0,103,-0.4120263960281978,BTC-30DEC22
2022-09-19 00:00:00+00:00,19356.5,19361.0,102,-0.08314713374478755,BTC-30DEC22
2022-09-20 00:00:00+00:00,18960.0,18950.5,101,0.18128377826753805,BTC-30DEC22
2022-09-21 00:00:00+00:00,18925.0,18922.0,100,0.057881304826046254,BTC-30DEC22
2022-09-22 00:00:00+00:00,19215.0,19209.5,99,0.10560180552834364,BTC-30DEC22
2022-09-23 00:00:00+00:00,19007.0,18999.5,98,0.14710228163228312,BTC-30DEC22
2022-09-24 00:00:00+00:00,19102.5,19094.5,97,0.1577444823974039,BTC-30DEC22
2022-09-25 00:00:00+00:00,18899.5,18901.0,96,-0.030170313273047977,BTC-30DEC22
2022-09-26 00:00:00+00:00,20193.5,20184.0,95,0.18095729269482774,BTC-30DEC22
2022-09-27 00:00:00+00:00,18805.5,18777.5,94,0.5802546713754131,BTC-30DEC22
2022-09-28 00:00:00+00:00,19370.0,19360.5,93,0.19272079306009715,BTC-30DEC22
2022-09-29 00:00:00+00:00,19571.0,19563.5,92,0.15218321837742188,BTC-30DEC22
2022-09-30 00:00:00+00:00,19339.5,19316.5,91,0.47844200410731563,BTC-30DEC22
2022-10-01 00:00:00+00:00,19308.5,19273.5,90,0.73852047658447,BTC-30DEC22
2022-10-02 00:00:00+00:00,19220.0,19199.5,89,0.4386172992736581,BTC-30DEC22
2022-10-03 00:00:00+00:00,19993.5,19969.0,88,0.5098688720391209,BTC-30DEC22
2022-10-04 00:00:00+00:00,20247.5,20236.5,87,0.22824856294665352,BTC-30DEC22
2022-10-05 00:00:00+00:00,20260.0,20227.0,86,0.6942662991088699,BTC-30DEC22
2022-10-06 00:00:00+00:00,19958.5,19939.5,85,0.4098215981778397,BTC-30DEC22
2022-10-07 00:00:00+00:00,19507.5,19500.0,84,0.16723208818294477,BTC-30DEC22
2022-10-08 00:00:00+00:00,19409.0,19404.0,83,0.11336620734745395,BTC-30DEC22
2022-10-09 00:00:00+00:00,19423.0,19413.5,82,0.21800452056535136,BTC-30DEC22
2022-10-10 00:00:00+00:00,19087.0,19079.0,81,0.18908690900556469,BTC-30DEC22
2022-10-11 00:00:00+00:00,19109.0,19102.0,80,0.16730370429725028,BTC-30DEC22
2022-10-12 00:00:00+00:00,18990.5,19001.5,79,-0.2671870919807362,BTC-30DEC22
2022-10-13 00:00:00+00:00,19642.0,19643.5,78,-0.035728076668906095,BTC-30DEC22
2022-10-14 00:00:00+00:00,19177.5,19179.5,77,-0.04942084427727034,BTC-30DEC22
2022-10-15 00:00:00+00:00,19132.5,19130.0,76,0.0627786859536128,BTC-30DEC22
2022-10-16 00:00:00+00:00,19300.5,19298.5,75,0.05044580514976804,BTC-30DEC22
2022-10-17 00:00:00+00:00,19686.5,19678.0,74,0.2132396526858038,BTC-30DEC22
2022-10-18 00:00:00+00:00,19222.5,19222.5,73,0.0,BTC-30DEC22
2022-10-19 00:00:00+00:00,19142.0,19135.0,72,0.18558941695721032,BTC-30DEC22
2022-10-20 00:00:00+00:00,19028.0,19032.0,71,-0.10799933893937963,BTC-30DEC22
2022-10-21 00:00:00+00:00,19168.0,19169.5,70,-0.04079469502685784,BTC-30DEC22
2022-10-22 00:00:00+00:00,19165.5,19159.5,69,0.16576871601701182,BTC-30DEC22
2022-10-23 00:00:00+00:00,19325.5,19329.0,68,-0.09715627943902572,BTC-30DEC22
2022-10-24 00:00:00+00:00,19313.5,19308.5,67,0.141152844377479,BTC-30DEC22
2022-10-25 00:00:00+00:00,20392.5,20365.0,66,0.7490756677276611,BTC-30DEC22
2022-10-26 00:00:00+00:00,20738.0,20717.5,65,0.5569135284708926,BTC-30DEC22
2022-10-27 00:00:00+00:00,20122.0,20092.0,64,0.8545470903322805,BTC-30DEC22
2022-10-28 00:00:00+00:00,20815.5,20779.5,63,1.0079136143890999,BTC-30DEC22
2022-10-29 00:00:00+00:00,20904.0,20868.0,62,1.0198911445200576,BTC-30DEC22
2022-10-30 00:00:00+00:00,20604.0,20561.0,61,1.257913662337784,BTC-30DEC22
2022-10-31 00:00:00+00:00,20613.0,20599.5,60,0.3993393885760588,BTC-30DEC22
2022-11-01 00:00:00+00:00,20462.0,20429.5,59,0.9882308128154271,BTC-30DEC22
2022-11-02 00:00:00+00:00,20335.0,20300.5,58,1.0743132297068136,BTC-30DEC22
2022-11-03 00:00:00+00:00,20666.5,20629.0,57,1.1697808700656065,BTC-30DEC22
2022-11-04 00:00:00+00:00,21441.5,21398.0,56,1.3324696636019429,BTC-30DEC22
2022-11-05 00:00:00+00:00,21258.0,21210.5,55,1.4955971502327747,BTC-30DEC22
2022-11-06 00:00:00+00:00,20671.0,20649.5,54,0.7058791258137909,BTC-30DEC22
2022-11-07 00:00:00+00:00,19871.5,19822.5,53,1.7148089874372108,BTC-30DEC22
2022-11-08 00:00:00+00:00,18225.5,18228.5,52,-0.11546350490800883,BTC-30DEC22
2022-11-09 00:00:00+00:00,16528.5,16680.5,51,-6.3415392247739515,BTC-30DEC22
2022-11-10 00:00:00+00:00,17185.5,17276.5,50,-3.7819001876266523,BTC-30DEC22
2022-11-11 00:00:00+00:00,16487.0,16770.0,49,-11.906994240643776,BTC-30DEC22
2022-11-12 00:00:00+00:00,16579.5,16732.0,48,-6.725573458576484,BTC-30DEC22
2022-11-13 00:00:00+00:00,16594.5,16786.0,47,-8.525116199445204,BTC-30DEC22
2022-11-14 00:00:00+00:00,16657.0,16832.0,46,-7.958322824350638,BTC-30DEC22
2022-11-15 00:00:00+00:00,16662.0,16823.5,45,-7.525763999418955,BTC-30DEC22
2022-11-16 00:00:00+00:00,16413.5,16591.0,135,-2.8662811699205593,BTC-31MAR23
2022-11-17 00:00:00+00:00,16579.0,16731.5,134,-2.46323147691504,BTC-31MAR23
2022-11-18 00:00:00+00:00,16429.0,16582.5,133,-2.5199225351397625,BTC-31MAR23
2022-11-19 00:00:00+00:00,16564.0,16698.0,132,-2.2033259149189854,BTC-31MAR23
2022-11-20 00:00:00+00:00,15851.5,16002.5,131,-2.607019292628421,BTC-31MAR23
2022-11-21 00:00:00+00:00,15553.5,15730.0,130,-3.118544746559293,BTC-31MAR23
2022-11-22 00:00:00+00:00,16431.0,16552.0,129,-2.0546133471838313,BTC-31MAR23
2022-11-23 00:00:00+00:00,16511.0,16611.0,128,-1.707120007209817,BTC-31MAR23
2022-11-24 00:00:00+00:00,16342.5,16455.5,127,-1.960914519585022,BTC-31MAR23
2022-11-25 00:00:00+00:00,16490.0,16579.5,126,-1.555780562011,BTC-31MAR23
2022-11-26 00:00:00+00:00,16492.0,16558.5,125,-1.1681751144000274,BTC-31MAR23
2022-11-27 00:00:00+00:00,16150.0,16215.0,124,-1.1753700823647795,BTC-31MAR23
2022-11-28 00:00:00+00:00,16396.0,16451.0,123,-0.9888467266096823,BTC-31MAR23
2022-11-29 00:00:00+00:00,16880.0,16875.5,122,0.07980024540605868,BTC-31MAR23
2022-11-30 00:00:00+00:00,17054.0,17060.5,121,-0.11488471542113743,BTC-31MAR23
2022-12-01 00:00:00+00:00,16921.5,16959.5,120,-0.6799679464281838,BTC-31MAR23
2022-12-02 00:00:00+00:00,16949.0,16963.5,119,-0.26194775850048035,BTC-31MAR23
2022-12-03 00:00:00+00:00,16984.5,16999.0,118,-0.2636135421876795,BTC-31MAR23
2022-12-04 00:00:00+00:00,17321.0,17308.0,117,0.2345033987559697,BTC-31MAR23
2022-12-05 00:00:00+00:00,16988.5,17009.0,116,-0.37874600863138097,BTC-31MAR23
2022-12-06 00:00:00+00:00,16729.0,16750.0,115,-0.39738142163463497,BTC-31MAR23
2022-12-07 00:00:00+00:00,16773.5,16821.0,114,-0.9013202816875343,BTC-31MAR23
2022-12-08 00:00:00+00:00,17154.0,17203.5,113,-0.9264219840185106,BTC-31MAR23
2022-12-09 00:00:00+00:00,17103.5,17153.0,112,-0.937397565737641,BTC-31MAR23
2022-12-10 00:00:00+00:00,17130.0,17181.0,111,-0.9727831009000987,BTC-31MAR23
2022-12-11 00:00:00+00:00,16872.0,16928.0,110,-1.0934942813698,BTC-31MAR23
2022-12-12 00:00:00+00:00,17096.5,17159.0,109,-1.214495370626545,BTC-31MAR23
2022-12-13 00:00:00+00:00,17779.0,17809.5,108,-0.5776065122154228,BTC-31MAR23
2022-12-14 00:00:00+00:00,17679.5,17693.5,107,-0.2696553483935493,BTC-31MAR23
2022-12-15 00:00:00+00:00,17467.5,17512.0,106,-0.8722933490943441,BTC-31MAR23
2022-12-16 00:00:00+00:00,16662.0,16747.5,105,-1.7634893456324519,BTC-31MAR23
2022-12-17 00:00:00+00:00,16667.0,16733.0,104,-1.3774604147249514,BTC-31MAR23
2022-12-18 00:00:00+00:00,16627.0,16718.0,103,-1.9155969218188074,BTC-31MAR23
2022-12-19 00:00:00+00:00,16699.5,16793.5,102,-1.9885809382351405,BTC-31MAR23
2022-12-20 00:00:00+00:00,16720.5,16816.0,101,-2.037166986482375,BTC-31MAR23
2022-12-21 00:00:00+00:00,16721.5,16828.5,100,-2.301281927719534,BTC-31MAR23
2022-12-22 00:00:00+00:00,16720.5,16845.5,99,-2.7086374800526336,BTC-31MAR23
2022-12-23 00:00:00+00:00,16735.5,16853.5,98,-2.5829346427431954,BTC-31MAR23
2022-12-24 00:00:00+00:00,16700.5,16834.5,97,-2.962417557768471,BTC-31MAR23
2022-12-25 00:00:00+00:00,16735.5,16848.5,96,-2.5261273715452615,BTC-31MAR23
2022-12-26 00:00:00+00:00,16758.0,16872.0,95,-2.5711941433060326,BTC-31MAR23
2022-12-27 00:00:00+00:00,16518.0,16646.0,94,-2.952893468900575,BTC-31MAR23
2022-12-28 00:00:00+00:00,16430.0,16544.0,93,-2.6772891924230824,BTC-31MAR23
2022-12-29 00:00:00+00:00,16359.0,16467.5,92,-2.588565675012222,BTC-31MAR23
2022-12-30 00:00:00+00:00,16487.0,16559.5,91,-1.7445309272627885,BTC-31MAR23
2022-12-31 00:00:00+00:00,16451.0,16519.0,90,-1.6589883342307377,BTC-31MAR23
2023-01-01 00:00:00+00:00,16682.0,16714.0,89,-0.7828579865721497,BTC-31MAR23
2023-01-02 00:00:00+00:00,16701.0,16730.5,88,-0.7293196627741638,BTC-31MAR23
2023-01-03 00:00:00+00:00,16859.0,16876.0,87,-0.42194320580098976,BTC-31MAR23
2023-01-04 00:00:00+00:00,16810.0,16820.5,86,-0.2646701960074327,BTC-31MAR23
2023-01-05 00:00:00+00:00,16781.5,16783.0,85,-0.03837352287482387,BTC-31MAR23
2023-01-06 00:00:00+00:00,16958.5,16951.0,84,0.19239815860268017,BTC-31MAR23
2023-01-07 00:00:00+00:00,16957.5,16961.5,83,-0.10366604166067717,BTC-31MAR23
2023-01-08 00:00:00+00:00,17219.0,17206.5,82,0.32377320256224973,BTC-31MAR23
2023-01-09 00:00:00+00:00,17218.0,17206.0,81,0.3146589948357148,BTC-31MAR23
2023-01-10 00:00:00+00:00,17482.5,17464.5,80,0.47110368671572367,BTC-31MAR23
2023-01-11 00:00:00+00:00,18206.0,18127.0,79,2.0295161149794794,BTC-31MAR23
2023-01-12 00:00:00+00:00,18894.5,18843.0,78,1.2854021152263195,BTC-31MAR23
2023-01-13 00:00:00+00:00,21016.5,20924.5,77,2.101384474018242,BTC-31MAR23
2023-01-14 00:00:00+00:00,20849.5,20749.5,76,2.335881618207103,BTC-31MAR23
2023-01-15 00:00:00+00:00,21249.0,21125.0,75,2.889247426466457,BTC-31MAR23
2023-01-16 00:00:00+00:00,21260.0,21138.0,74,2.879289666290741,BTC-31MAR23
2023-01-17 00:00:00+00:00,21437.5,21302.0,73,3.2211718419900226,BTC-31MAR23
2023-01-18 00:00:00+00:00,20945.0,20804.5,72,3.470941680236428,BTC-31MAR23
2023-01-19 00:00:00+00:00,21082.5,20949.5,71,3.306902339879314,BTC-31MAR23
2023-01-20 00:00:00+00:00,22825.0,22666.0,70,3.7122507228442236,BTC-31MAR23
2023-01-21 00:00:00+00:00,23075.0,22897.0,69,4.181461787068574,BTC-31MAR23
2023-01-22 00:00:00+00:00,22840.0,22699.5,68,3.367560255862889,BTC-31MAR23
2023-01-23 00:00:00+00:00,23207.5,23061.5,67,3.497834541010403,BTC-31MAR23
2023-01-24 00:00:00+00:00,22882.5,22719.5,66,4.032716966913585,BTC-31MAR23
2023-01-25 00:00:00+00:00,23155.0,22978.0,65,4.403151262192173,BTC-31MAR23
2023-01-26 00:00:00+00:00,23242.5,23089.0,64,3.8513086271910746,BTC-31MAR23
2023-01-27 00:00:00+00:00,23162.5,23012.5,63,3.8359028925172733,BTC-31MAR23
2023-01-28 00:00:00+00:00,23362.5,23214.0,62,3.8253344863159677,BTC-31MAR23
2023-01-29 00:00:00+00:00,23842.5,23656.0,61,4.811025249976941,BTC-31MAR23
2023-01-30 00:00:00+00:00,23115.0,22971.0,60,3.87478600516471,BTC-31MAR23
2023-01-31 00:00:00+00:00,23240.0,23083.0,59,4.282657588312411,BTC-31MAR23
2023-02-01 00:00:00+00:00,23975.0,23801.5,58,4.676757568689793,BTC-31MAR23
2023-02-02 00:00:00+00:00,23620.0,23449.5,57,4.748400541520681,BTC-31MAR23
2023-02-03 00:00:00+00:00,23507.5,23338.0,56,4.829709398375415,BTC-31MAR23
2023-02-04 00:00:00+00:00,23542.5,23387.5,55,4.4812254777681915,BTC-31MAR23
2023-02-05 00:00:00+00:00,23000.0,22885.0,54,3.446157062133204,BTC-31MAR23
2023-02-06 00:00:00+00:00,23047.5,22915.0,53,4.050522898001119,BTC-31MAR23
2023-02-07 00:00:00+00:00,23352.5,23235.5,52,3.5884793012749494,BTC-31MAR23
2023-02-08 00:00:00+00:00,22772.5,22678.0,51,3.020820943802738,BTC-31MAR23
2023-02-09 00:00:00+00:00,21967.5,21912.0,50,1.863805199004398,BTC-31MAR23
2023-02-10 00:00:00+00:00,21772.5,21698.5,49,2.5684901714412955,BTC-31MAR23
2023-02-11 00:00:00+00:00,21850.0,21801.0,48,1.7218530862972647,BTC-31MAR23
2023-02-12 00:00:00+00:00,21927.5,21883.0,47,1.5901469145008784,BTC-31MAR23
2023-02-13 00:00:00+00:00,21815.0,21775.0,46,1.4669129205352904,BTC-31MAR23
2023-02-14 00:00:00+00:00,22160.0,22118.5,45,1.5320446384395225,BTC-31MAR23
2023-02-15 00:00:00+00:00,24900.0,24643.0,135,2.844783244368543,BTC-30JUN23
2023-02-16 00:00:00+00:00,23992.5,23646.5,134,4.036077295468332,BTC-30JUN23
2023-02-17 00:00:00+00:00,24932.5,24541.0,133,4.439206375526017,BTC-30JUN23
2023-02-18 00:00:00+00:00,24990.0,24591.5,132,4.545218698403719,BTC-30JUN23
2023-02-19 00:00:00+00:00,24902.5,24516.5,131,4.448767301837342,BTC-30JUN23
2023-02-20 00:00:00+00:00,25432.5,25007.0,130,4.851162629188144,BTC-30JUN23
2023-02-21 00:00:00+00:00,24427.5,24074.5,129,4.204652680085652,BTC-30JUN23
2023-02-22 00:00:00+00:00,24767.5,24394.5,128,4.422121298009984,BTC-30JUN23
2023-02-23 00:00:00+00:00,24207.5,23854.0,127,4.318491427493165,BTC-30JUN23
2023-02-24 00:00:00+00:00,23430.0,23119.0,126,3.946766340714114,BTC-30JUN23
2023-02-25 00:00:00+00:00,23492.5,23157.0,125,4.289615058143981,BTC-30JUN23
2023-02-26 00:00:00+00:00,23755.0,23427.0,124,4.177563658328043,BTC-30JUN23
2023-02-27 00:00:00+00:00,23515.0,23239.5,123,3.559075285860458,BTC-30JUN23
2023-02-28 00:00:00+00:00,24022.5,23724.0,122,3.8117111184951202,BTC-30JUN23
2023-03-01 00:00:00+00:00,23697.5,23402.5,121,3.8510175120554546,BTC-30JUN23
2023-03-02 00:00:00+00:00,22557.5,22351.0,120,2.8367728430129358,BTC-30JUN23
2023-03-03 00:00:00+00:00,22587.5,22359.5,119,3.160738043086786,BTC-30JUN23
2023-03-04 00:00:00+00:00,22607.5,22383.5,118,3.128040473435778,BTC-30JUN23
2023-03-05 00:00:00+00:00,22607.5,22381.5,117,3.1839527041306104,BTC-30JUN23
2023-03-06 00:00:00+00:00,22615.0,22421.5,116,2.7407439427654,BTC-30JUN23
2023-03-07 00:00:00+00:00,22167.5,21962.0,115,3.000169280590903,BTC-30JUN23
2023-03-08 00:00:00+00:00,21835.0,21679.0,114,2.322255767154413,BTC-30JUN23
2023-03-09 00:00:00+00:00,20075.0,19940.5,113,2.195147758902305,BTC-30JUN23
2023-03-10 00:00:00+00:00,19947.5,19944.5,112,0.049028287537500326,BTC-30JUN23
2023-03-11 00:00:00+00:00,20377.5,20518.5,111,-2.241947593974525,BTC-30JUN23
2023-03-12 00:00:00+00:00,22587.5,22553.0,110,0.5084928319207815,BTC-30JUN23
2023-03-13 00:00:00+00:00,24487.5,24369.5,109,1.6306831163492186,BTC-30JUN23
2023-03-14 00:00:00+00:00,25180.0,25001.5,108,2.4334752426066197,BTC-30JUN23
2023-03-15 00:00:00+00:00,24785.0,24658.0,107,1.767868020221064,BTC-30JUN23
2023-03-16 00:00:00+00:00,26282.5,26178.0,106,1.3812864084030485,BTC-30JUN23
2023-03-17 00:00:00+00:00,27595.0,27419.0,105,2.249123149137655,BTC-30JUN23
2023-03-18 00:00:00+00:00,27200.0,27043.5,104,2.0457960892136917,BTC-30JUN23
2023-03-19 00:00:00+00:00,28452.5,28285.0,103,2.1143792374771486,BTC-30JUN23
2023-03-20 00:00:00+00:00,27740.0,27599.0,102,1.8402515095092609,BTC-30JUN23
2023-03-21 00:00:00+00:00,28305.0,28167.0,101,1.781924265998125,BTC-30JUN23
2023-03-22 00:00:00+00:00,27847.5,27723.5,100,1.6422489327651668,BTC-30JUN23
2023-03-23 00:00:00+00:00,28527.5,28349.5,99,2.3344956421322394,BTC-30JUN23
2023-03-24 00:00:00+00:00,27762.5,27523.0,98,3.279592452859803,BTC-30JUN23
2023-03-25 00:00:00+00:00,27725.0,27538.5,97,2.572289957059737,BTC-30JUN23
2023-03-26 00:00:00+00:00,28030.0,27840.0,96,2.6197253099893736,BTC-30JUN23
2023-03-27 00:00:00+00:00,27145.0,26965.0,95,2.589156980188667,BTC-30JUN23
2023-03-28 00:00:00+00:00,28335.0,28111.0,94,3.129835282543092,BTC-30JUN23
2023-03-29 00:00:00+00:00,29055.0,28770.0,93,3.9445789513965046,BTC-30JUN23
2023-03-30 00:00:00+00:00,27982.5,27737.0,92,3.5579177242695437,BTC-30JUN23
2023-03-31 00:00:00+00:00,28742.5,28448.0,91,4.21742888634431,BTC-30JUN23
2023-04-01 00:00:00+00:00,28727.5,28433.0,90,4.267560451110697,BTC-30JUN23
2023-04-02 00:00:00+00:00,28205.0,27966.5,89,3.543987783839486,BTC-30JUN23
2023-04-03 00:00:00+00:00,28270.0,28027.5,88,3.6378757630340486,BTC-30JUN23
2023-04-04 00:00:00+00:00,28797.5,28545.0,87,3.763908327691179,BTC-30JUN23
2023-04-05 00:00:00+00:00,28162.5,27918.5,86,3.7622318899444007,BTC-30JUN23
2023-04-06 00:00:00+00:00,28055.0,27850.5,85,3.1914225294609855,BTC-30JUN23
2023-04-07 00:00:00+00:00,28285.0,28091.5,84,3.027759435598032,BTC-30JUN23
2023-04-08 00:00:00+00:00,28092.5,27914.0,83,2.842805864643183,BTC-30JUN23
2023-04-09 00:00:00+00:00,28502.5,28289.0,82,3.4034022059758584,BTC-30JUN23
2023-04-10 00:00:00+00:00,30397.5,30144.0,81,3.84578834471494,BTC-30JUN23
2023-04-11 00:00:00+00:00,30235.0,30015.0,80,3.388096664431428,BTC-30JUN23
2023-04-12 00:00:00+00:00,30320.0,30110.0,79,3.263291417617631,BTC-30JUN23
2023-04-13 00:00:00+00:00,31015.0,30772.5,78,3.741469587747548,BTC-30JUN23
2023-04-14 00:00:00+00:00,30645.0,30457.5,77,2.9519458414613453,BTC-30JUN23
2023-04-15 00:00:00+00:00,30587.5,30379.0,76,3.339476656544571,BTC-30JUN23
2023-04-16 00:00:00+00:00,30052.5,29850.5,75,3.3366661587482582,BTC-30JUN23
2023-04-17 00:00:00+00:00,29950.0,29788.5,74,2.702803239582696,BTC-30JUN23
2023-04-18 00:00:00+00:00,30265.0,30090.0,73,2.941964656644158,BTC-30JUN23
2023-04-19 00:00:00+00:00,28995.0,28856.0,72,2.4660154448793214,BTC-30JUN23
2023-04-20 00:00:00+00:00,28275.0,28164.0,71,2.0427119772079116,BTC-30JUN23
2023-04-21 00:00:00+00:00,27337.5,27273.5,70,1.2296497725761135,BTC-30JUN23
2023-04-22 00:00:00+00:00,27787.5,27725.5,69,1.1886097341284874,BTC-30JUN23
2023-04-23 00:00:00+00:00,27520.0,27448.0,68,1.4160995558053502,BTC-30JUN23
2023-04-24 00:00:00+00:00,27330.0,27265.0,67,1.3056556117640783,BTC-30JUN23
2023-04-25 00:00:00+00:00,28440.0,28388.5,66,1.0073919508579499,BTC-30JUN23
2023-04-26 00:00:00+00:00,28972.5,28905.5,65,1.308570534708564,BTC-30JUN23
2023-04-27 00:00:00+00:00,29545.0,29505.0,64,0.7756430604523912,BTC-30JUN23
2023-04-28 00:00:00+00:00,29442.5,29361.0,63,1.6189334807361622,BTC-30JUN23
2023-04-29 00:00:00+00:00,29392.5,29284.0,62,2.2010681943014365,BTC-30JUN23
2023-04-30 00:00:00+00:00,28702.5,28641.5,61,1.281156839537867,BTC-30JUN23
2023-05-01 00:00:00+00:00,28087.5,28047.0,60,0.8816665578452509,BTC-30JUN23
2023-05-02 00:00:00+00:00,28730.0,28667.5,59,1.3563973357949122,BTC-30JUN23
2023-05-03 00:00:00+00:00,29162.5,29085.0,58,1.688733148950261,BTC-30JUN23
2023-05-04 00:00:00+00:00,29152.5,29069.0,57,1.8537277722496137,BTC-30JUN23
2023-05-05 00:00:00+00:00,29472.5,29407.5,56,1.4494699073384965,BTC-30JUN23
2023-05-06 00:00:00+00:00,28965.0,28927.5,55,0.8634504951308353,BTC-30JUN23
2023-05-07 00:00:00+00:00,28072.5,28002.5,54,1.7018752298857631,BTC-30JUN23
2023-05-08 00:00:00+00:00,27700.0,27663.5,53,0.9121992436457393,BTC-30JUN23
2023-05-09 00:00:00+00:00,27585.0,27550.0,52,0.8951520839007632,BTC-30JUN23
2023-05-10 00:00:00+00:00,27475.0,27465.5,51,0.24781138041121142,BTC-30JUN23
2023-05-11 00:00:00+00:00,26340.0,26298.0,50,1.171749954472845,BTC-30JUN23
2023-05-12 00:00:00+00:00,26812.5,26795.5,49,0.4735571564646879,BTC-30JUN23
2023-05-13 00:00:00+00:00,26875.0,26873.0,48,0.0566072689046182,BTC-30JUN23
2023-05-14 00:00:00+00:00,27440.0,27425.5,47,0.4113252094216868,BTC-30JUN23
2023-05-15 00:00:00+00:00,27257.5,27266.5,46,-0.26160807058003277,BTC-30JUN23
2023-05-16 00:00:00+00:00,26875.0,26863.0,45,0.36290834685932527,BTC-30JUN23
2023-05-17 00:00:00+00:00,27542.5,27405.5,135,1.3573428723562264,BTC-29SEP23
2023-05-18 00:00:00+00:00,26990.0,26869.5,134,1.2262890834794593,BTC-29SEP23
2023-05-19 00:00:00+00:00,27005.0,26881.5,133,1.2658825115034134,BTC-29SEP23
2023-05-20 00:00:00+00:00,27180.0,27083.0,132,0.9934952500552097,BTC-29SEP23
2023-05-21 00:00:00+00:00,26970.0,26860.0,131,1.1452374463657877,BTC-29SEP23
2023-05-22 00:00:00+00:00,27485.0,27320.0,130,1.7049862338661015,BTC-29SEP23
2023-05-23 00:00:00+00:00,26850.0,26684.0,129,1.7702266636934638,BTC-29SEP23
2023-05-24 00:00:00+00:00,26262.5,26133.0,128,1.4195608465656262,BTC-29SEP23
2023-05-25 00:00:00+00:00,26655.0,26517.5,127,1.4975019626790154,BTC-29SEP23
2023-05-26 00:00:00+00:00,26902.5,26735.0,126,1.8257221451630112,BTC-29SEP23
2023-05-27 00:00:00+00:00,27385.0,27252.0,125,1.4317563920006826,BTC-29SEP23
2023-05-28 00:00:00+00:00,28125.0,27914.0,124,2.2413907285784296,BTC-29SEP23
2023-05-29 00:00:00+00:00,27952.5,27747.0,123,2.2138273594147995,BTC-29SEP23
2023-05-30 00:00:00+00:00,27342.5,27176.5,122,1.8385980312498162,BTC-29SEP23
2023-05-31 00:00:00+00:00,26952.5,26808.0,121,1.6348168159485477,BTC-29SEP23
2023-06-01 00:00:00+00:00,27297.5,27059.0,120,2.7051433784262446,BTC-29SEP23
2023-06-02 00:00:00+00:00,27372.5,27190.0,119,2.0730476535632647,BTC-29SEP23
2023-06-03 00:00:00+00:00,27337.5,27168.5,118,1.9366740121588677,BTC-29SEP23
2023-06-04 00:00:00+00:00,27015.0,26854.0,117,1.8822653297728253,BTC-29SEP23
2023-06-05 00:00:00+00:00,25857.5,25728.0,116,1.5923662402577587,BTC-29SEP23
2023-06-06 00:00:00+00:00,26985.0,26820.5,115,1.959686792185611,BTC-29SEP23
2023-06-07 00:00:00+00:00,26592.5,26455.5,114,1.6675027297931688,BTC-29SEP23
2023-06-08 00:00:00+00:00,26605.0,26509.5,113,1.1683147451342801,BTC-29SEP23
2023-06-09 00:00:00+00:00,25800.0,25670.0,112,1.6598721134490235,BTC-29SEP23
2023-06-10 00:00:00+00:00,25940.0,25769.5,111,2.1921628042934627,BTC-29SEP23
2023-06-11 00:00:00+00:00,25982.5,25821.5,110,2.083917473076391,BTC-29SEP23
2023-06-12 00:00:00+00:00,26290.0,26091.0,109,2.577000213210612,BTC-29SEP23
2023-06-13 00:00:00+00:00,26100.0,25910.5,108,2.493319691116014,BTC-29SEP23
2023-06-14 00:00:00+00:00,25125.0,24933.0,107,2.651329025027005,BTC-29SEP23
2023-06-15 00:00:00+00:00,25727.5,25513.5,106,2.917938982601598,BTC-29SEP23
2023-06-16 00:00:00+00:00,26830.0,26596.5,105,3.0851857949581785,BTC-29SEP23
2023-06-17 00:00:00+00:00,26862.5,26602.5,104,3.472402596656843,BTC-29SEP23
2023-06-18 00:00:00+00:00,26697.5,26444.0,103,3.4387081059243707,BTC-29SEP23
2023-06-19 00:00:00+00:00,27115.0,26841.5,102,3.6943785115442385,BTC-29SEP23
2023-06-20 00:00:00+00:00,29245.0,28886.0,101,4.564807709685437,BTC-29SEP23
2023-06-21 00:00:00+00:00,30502.5,30101.0,100,4.955202041575157,BTC-29SEP23
2023-06-22 00:00:00+00:00,30330.0,29936.5,99,4.9324123691290245,BTC-29SEP23
2023-06-23 00:00:00+00:00,30970.0,30596.5,98,4.622726771158225,BTC-29SEP23
2023-06-24 00:00:00+00:00,31082.5,30767.0,97,3.913641258469003,BTC-29SEP23
2023-06-25 00:00:00+00:00,30790.0,30424.5,96,4.645007534726164,BTC-29SEP23
2023-06-26 00:00:00+00:00,30802.5,30418.5,95,4.937919641339272,BTC-29SEP23
2023-06-27 00:00:00+00:00,30590.0,30203.0,94,5.06801333966822,BTC-29SEP23
2023-06-28 00:00:00+00:00,30720.0,30350.0,93,4.870650150551636,BTC-29SEP23
2023-06-29 00:00:00+00:00,31142.5,30764.5,92,4.9642734940611,BTC-29SEP23
2023-06-30 00:00:00+00:00,30835.0,30478.0,91,4.78172140318418,BTC-29SEP23
2023-07-01 00:00:00+00:00,30932.5,30529.5,90,5.462418619961307,BTC-29SEP23
2023-07-02 00:00:00+00:00,31102.5,30688.0,89,5.656463799335709,BTC-29SEP23
2023-07-03 00:00:00+00:00,31407.5,30926.0,88,6.617786285240479,BTC-29SEP23
2023-07-04 00:00:00+00:00,31275.0,30786.0,87,6.835000667119195,BTC-29SEP23
2023-07-05 00:00:00+00:00,31320.0,30817.5,86,7.105714537479013,BTC-29SEP23
2023-07-06 00:00:00+00:00,30445.0,30022.0,85,6.192194350172953,BTC-29SEP23
2023-07-07 00:00:00+00:00,30647.5,30209.0,84,6.462230619199505,BTC-29SEP23
2023-07-08 00:00:00+00:00,30715.0,30281.5,83,6.450307639599462,BTC-29SEP23
2023-07-09 00:00:00+00:00,30555.0,30120.0,82,6.590664739013774,BTC-29SEP23
2023-07-10 00:00:00+00:00,31012.5,30560.0,81,6.84761366343114,BTC-29SEP23
2023-07-11 00:00:00+00:00,31247.5,30767.5,80,7.318352086526536,BTC-29SEP23
2023-07-12 00:00:00+00:00,30835.0,30365.5,79,7.34631276889175,BTC-29SEP23
2023-07-13 00:00:00+00:00,31635.0,31118.0,78,8.015770991681004,BTC-29SEP23
2023-07-14 00:00:00+00:00,30792.5,30333.0,77,7.387054124300874,BTC-29SEP23
2023-07-15 00:00:00+00:00,30720.0,30284.0,76,7.106199976687777,BTC-29SEP23
2023-07-16 00:00:00+00:00,30700.0,30288.0,75,6.796377983146806,BTC-29SEP23
2023-07-17 00:00:00+00:00,30377.5,29970.5,74,6.879494782499473,BTC-29SEP23
2023-07-18 00:00:00+00:00,30410.0,30017.0,73,6.719965112988868,BTC-29SEP23
2023-07-19 00:00:00+00:00,30610.0,30223.5,72,6.653743269049661,BTC-29SEP23
2023-07-20 00:00:00+00:00,30165.0,29772.5,71,6.964892487512753,BTC-29SEP23
2023-07-21 00:00:00+00:00,30307.5,29942.0,70,6.530919713296934,BTC-29SEP23
2023-07-22 00:00:00+00:00,30252.5,29922.0,69,5.982961872896508,BTC-29SEP23
2023-07-23 00:00:00+00:00,30175.0,29833.5,68,6.299853413120404,BTC-29SEP23
2023-07-24 00:00:00+00:00,29462.5,29149.0,67,6.000996019117832,BTC-29SEP23
2023-07-25 00:00:00+00:00,29522.5,29210.5,66,6.0516901866964234,BTC-29SEP23
2023-07-26 00:00:00+00:00,29752.5,29424.0,65,6.432923579485883,BTC-29SEP23
2023-07-27 00:00:00+00:00,29425.0,29135.0,64,5.8112151320509176,BTC-29SEP23
2023-07-28 00:00:00+00:00,29592.5,29303.0,63,5.861100516173567,BTC-29SEP23
2023-07-29 00:00:00+00:00,29565.0,29312.0,62,5.189692258249146,BTC-29SEP23
2023-07-30 00:00:00+00:00,29672.5,29394.5,61,5.79407609689222,BTC-29SEP23
2023-07-31 00:00:00+00:00,29170.0,28937.0,60,4.999635811446557,BTC-29SEP23
2023-08-01 00:00:00+00:00,29875.0,29583.0,59,6.264817988292992,BTC-29SEP23
2023-08-02 00:00:00+00:00,29337.5,29036.5,58,6.705248295474497,BTC-29SEP23
2023-08-03 00:00:00+00:00,29515.0,29199.5,57,7.1241927282704065,BTC-29SEP23
2023-08-04 00:00:00+00:00,29320.0,29027.5,56,6.753203271547759,BTC-29SEP23
2023-08-05 00:00:00+00:00,29375.0,29082.5,55,6.866738592256927,BTC-29SEP23
2023-08-06 00:00:00+00:00,29372.5,29060.5,54,7.485107890988507,BTC-29SEP23
2023-08-07 00:00:00+00:00,29480.0,29160.0,53,7.806045968085873,BTC-29SEP23
2023-08-08 00:00:00+00:00,30150.0,29824.0,52,7.9296521263931385,BTC-29SEP23
2023-08-09 00:00:00+00:00,29792.5,29497.0,51,7.39468122817617,BTC-29SEP23
2023-08-10 00:00:00+00:00,29702.5,29385.0,50,8.161165741673226,BTC-29SEP23
2023-08-11 00:00:00+00:00,29700.0,29407.0,49,7.664686028820533,BTC-29SEP23
2023-08-12 00:00:00+00:00,29690.0,29394.5,48,7.902974094873283,BTC-29SEP23
2023-08-13 00:00:00+00:00,29692.5,29402.5,47,7.920126092270419,BTC-29SEP23
2023-08-14 00:00:00+00:00,29702.5,29380.0,46,9.048700663550346,BTC-29SEP23
2023-08-15 00:00:00+00:00,29505.0,29183.0,45,9.30876589303098,BTC-29SEP23
2023-08-16 00:00:00+00:00,29322.5,28590.0,135,7.079210120787027,BTC-29DEC23
2023-08-17 00:00:00+00:00,26995.0,26404.5,134,6.209635526413382,BTC-29DEC23
2023-08-18 00:00:00+00:00,26410.0,25900.5,133,5.49162637678382,BTC-29DEC23
2023-08-19 00:00:00+00:00,26627.5,26078.0,132,5.935500510701686,BTC-29DEC23
2023-08-20 00:00:00+00:00,26587.5,26015.5,131,6.247110799339861,BTC-29DEC23
2023-08-21 00:00:00+00:00,26630.0,26100.5,130,5.80096896119755,BTC-29DEC23
2023-08-22 00:00:00+00:00,26535.0,26056.0,129,5.289440372133969,BTC-29DEC23
2023-08-23 00:00:00+00:00,26967.5,26477.0,128,5.373742575965901,BTC-29DEC23
2023-08-24 00:00:00+00:00,26435.0,25962.0,127,5.326012730192131,BTC-29DEC23
2023-08-25 00:00:00+00:00,26485.0,26042.5,126,5.001850598358004,BTC-29DEC23
2023-08-26 00:00:00+00:00,26480.0,26039.5,125,5.020285023830384,BTC-29DEC23
2023-08-27 00:00:00+00:00,26342.5,25912.5,124,4.963794706577795,BTC-29DEC23
2023-08-28 00:00:00+00:00,26395.0,25994.5,123,4.6416677769303805,BTC-29DEC23
2023-08-29 00:00:00+00:00,27902.5,27439.5,122,5.133519951736254,BTC-29DEC23
2023-08-30 00:00:00+00:00,27687.5,27253.5,121,4.881234688443881,BTC-29DEC23
2023-08-31 00:00:00+00:00,26365.0,25975.0,120,4.637254049136219,BTC-29DEC23
2023-09-01 00:00:00+00:00,26170.0,25785.0,119,4.650780668798293,BTC-29DEC23
2023-09-02 00:00:00+00:00,26345.0,25954.0,118,4.733850773957626,BTC-29DEC23
2023-09-03 00:00:00+00:00,26377.5,25959.0,117,5.11583052221265,BTC-29DEC23
2023-09-04 00:00:00+00:00,26087.5,25722.0,116,4.539691384654154,BTC-29DEC23
2023-09-05 00:00:00+00:00,26095.0,25714.5,115,4.772445285403926,BTC-29DEC23
2023-09-06 00:00:00+00:00,26142.5,25760.5,114,4.825819563182399,BTC-29DEC23
2023-09-07 00:00:00+00:00,26662.5,26254.5,113,5.107154611927456,BTC-29DEC23
2023-09-08 00:00:00+00:00,26232.5,25876.0,112,4.560177144551303,BTC-29DEC23
2023-09-09 00:00:00+00:00,26230.0,25849.5,111,4.9223355705322325,BTC-29DEC23
2023-09-10 00:00:00+00:00,26172.5,25808.5,110,4.75690453395976,BTC-29DEC23
2023-09-11 00:00:00+00:00,26165.0,25822.0,109,4.517858357028937,BTC-29DEC23
2023-09-12 00:00:00+00:00,26205.0,25881.5,108,4.287476666296164,BTC-29DEC23
2023-09-13 00:00:00+00:00,26677.5,26347.0,107,4.344165844405912,BTC-29DEC23
2023-09-14 00:00:00+00:00,26927.5,26578.0,106,4.601262469017597,BTC-29DEC23
2023-09-15 00:00:00+00:00,26820.0,26495.5,105,4.322363112851679,BTC-29DEC23
2023-09-16 00:00:00+00:00,26810.0,26504.0,104,4.111044919772477,BTC-29DEC23
2023-09-17 00:00:00+00:00,27025.0,26718.0,103,4.131692127775488,BTC-29DEC23
2023-09-18 00:00:00+00:00,27202.5,26855.0,102,4.708214067607996,BTC-29DEC23
2023-09-19 00:00:00+00:00,27465.0,27112.5,101,4.778915954830154,BTC-29DEC23
2023-09-20 00:00:00+00:00,27322.5,26994.5,100,4.506856856671604,BTC-29DEC23
2023-09-21 00:00:00+00:00,27002.5,26676.5,99,4.580014214883499,BTC-29DEC23
2023-09-22 00:00:00+00:00,26912.5,26592.5,98,4.555831124884624,BTC-29DEC23
2023-09-23 00:00:00+00:00,26877.5,26572.0,97,4.395391548771999,BTC-29DEC23
2023-09-24 00:00:00+00:00,26495.0,26192.5,96,4.462611887904111,BTC-29DEC23
2023-09-25 00:00:00+00:00,26602.5,26273.0,95,4.9050738267117255,BTC-29DEC23
2023-09-26 00:00:00+00:00,26575.0,26239.0,94,5.06481879360392,BTC-29DEC23
2023-09-27 00:00:00+00:00,26760.0,26444.5,93,4.7647800623322745,BTC-29DEC23
2023-09-28 00:00:00+00:00,27482.5,27172.0,92,4.6110619980936685,BTC-29DEC23
2023-09-29 00:00:00+00:00,27220.0,26940.5,91,4.226735291643191,BTC-29DEC23
2023-09-30 00:00:00+00:00,27440.0,27129.0,90,4.731254039492594,BTC-29DEC23
2023-10-01 00:00:00+00:00,28667.5,28320.5,89,5.12123426665092,BTC-29DEC23
2023-10-02 00:00:00+00:00,27912.5,27560.5,88,5.404898766114186,BTC-29DEC23
2023-10-03 00:00:00+00:00,27767.5,27449.5,87,4.951062371838311,BTC-29DEC23
2023-10-04 00:00:00+00:00,27945.0,27622.5,86,5.049865535426434,BTC-29DEC23
2023-10-05 00:00:00+00:00,27962.5,27646.0,85,5.009550910878002,BTC-29DEC23
2023-10-06 00:00:00+00:00,28230.0,27908.0,84,5.111125911323633,BTC-29DEC23
2023-10-07 00:00:00+00:00,28257.5,27931.5,83,5.2353272627303715,BTC-29DEC23
2023-10-08 00:00:00+00:00,28145.0,27842.5,82,4.927586363107661,BTC-29DEC23
2023-10-09 00:00:00+00:00,27927.5,27658.5,81,4.457929709638697,BTC-29DEC23
2023-10-10 00:00:00+00:00,27242.5,27025.5,80,3.7161949159783214,BTC-29DEC23
2023-10-11 00:00:00+00:00,27012.5,26814.0,79,3.466433395436752,BTC-29DEC23
2023-10-12 00:00:00+00:00,27077.5,26873.0,78,3.6112233492691104,BTC-29DEC23
2023-10-13 00:00:00+00:00,27102.5,26872.0,77,4.131791608812585,BTC-29DEC23
2023-10-14 00:00:00+00:00,27110.0,26896.0,76,3.879488032623657,BTC-29DEC23
2023-10-15 00:00:00+00:00,28120.0,27849.0,75,4.825705596905006,BTC-29DEC23
2023-10-16 00:00:00+00:00,28722.5,28442.5,74,4.950591953521322,BTC-29DEC23
2023-10-17 00:00:00+00:00,28797.5,28519.5,73,4.969806945120636,BTC-29DEC23
2023-10-18 00:00:00+00:00,28610.0,28340.5,72,4.9149045070303155,BTC-29DEC23
2023-10-19 00:00:00+00:00,29562.5,29273.5,71,5.180069521695407,BTC-29DEC23
2023-10-20 00:00:00+00:00,30015.0,29722.0,70,5.2481605977640955,BTC-29DEC23
2023-10-21 00:00:00+00:00,30122.5,29850.5,69,4.915310702530662,BTC-29DEC23
2023-10-22 00:00:00+00:00,30865.0,30534.0,68,5.958167074244525,BTC-29DEC23
2023-10-23 00:00:00+00:00,34622.5,34033.5,67,9.798316195522204,BTC-29DEC23
2023-10-24 00:00:00+00:00,34347.5,33877.5,66,7.9175574044575425,BTC-29DEC23
2023-10-25 00:00:00+00:00,35277.5,34683.0,65,10.014002660044753,BTC-29DEC23
2023-10-26 00:00:00+00:00,34425.0,33970.0,64,7.883480543532717,BTC-29DEC23
2023-10-27 00:00:00+00:00,34527.5,34074.0,63,7.961082137890285,BTC-29DEC23
2023-10-28 00:00:00+00:00,34600.0,34118.0,62,8.609380581618442,BTC-29DEC23
2023-10-29 00:00:00+00:00,34745.0,34216.5,61,9.605227522045713,BTC-29DEC23
2023-10-30 00:00:00+00:00,34667.5,34166.0,60,9.269181941364636,BTC-29DEC23
2023-10-31 00:00:00+00:00,35015.0,34475.0,59,10.092461682284547,BTC-29DEC23
2023-11-01 00:00:00+00:00,35955.0,35324.0,58,11.786741405467716,BTC-29DEC23
2023-11-02 00:00:00+00:00,35122.5,34492.0,57,12.29920548120007,BTC-29DEC23
2023-11-03 00:00:00+00:00,35377.5,34800.0,56,11.324041100365667,BTC-29DEC23
2023-11-04 00:00:00+00:00,35832.5,35216.5,55,12.19613900764729,BTC-29DEC23
2023-11-05 00:00:00+00:00,35562.5,34960.5,54,12.232214341906133,BTC-29DEC23
2023-11-06 00:00:00+00:00,35572.5,34959.0,53,12.728150387107217,BTC-29DEC23
2023-11-07 00:00:00+00:00,35857.5,35240.0,52,12.967581314562704,BTC-29DEC23
2023-11-08 00:00:00+00:00,37222.5,36565.5,51,13.59293878144916,BTC-29DEC23
2023-11-09 00:00:00+00:00,37060.0,36465.5,50,12.530349541611919,BTC-29DEC23
2023-11-10 00:00:00+00:00,37590.0,37035.5,49,11.706015112178726,BTC-29DEC23
2023-11-11 00:00:00+00:00,37705.0,37152.5,48,11.879255927930178,BTC-29DEC23
2023-11-12 00:00:00+00:00,37555.0,36981.5,47,12.694257608257931,BTC-29DEC23
2023-11-13 00:00:00+00:00,37272.5,36704.5,46,12.958454038178392,BTC-29DEC23
2023-11-14 00:00:00+00:00,36125.0,35602.0,45,12.556711747512562,BTC-29DEC23
2023-11-15 00:00:00+00:00,38955.0,37477.5,135,11.020250674124444,BTC-29MAR24
2023-11-16 00:00:00+00:00,37490.0,36250.5,134,9.59041642061187,BTC-29MAR24
2023-11-17 00:00:00+00:00,37562.5,36429.0,133,8.772689782181086,BTC-29MAR24
2023-11-18 00:00:00+00:00,37732.5,36629.5,132,8.549504202930525,BTC-29MAR24
2023-11-19 00:00:00+00:00,38472.5,37273.5,131,9.222400790589669,BTC-29MAR24
2023-11-20 00:00:00+00:00,38405.0,37289.5,130,8.628018345055732,BTC-29MAR24
2023-11-21 00:00:00+00:00,37482.5,36460.0,129,8.140187302165991,BTC-29MAR24
2023-11-22 00:00:00+00:00,38520.0,37399.5,128,8.782342536954758,BTC-29MAR24
2023-11-23 00:00:00+00:00,38760.0,37562.0,127,9.442845783132281,BTC-29MAR24
2023-11-24 00:00:00+00:00,39140.0,37840.0,126,10.279691102779998,BTC-29MAR24
2023-11-25 00:00:00+00:00,39125.0,37823.0,125,10.387338717269735,BTC-29MAR24
2023-11-26 00:00:00+00:00,38567.5,37302.5,124,10.314608425010352,BTC-29MAR24
2023-11-27 00:00:00+00:00,38262.5,37110.5,123,9.495898898380052,BTC-29MAR24
2023-11-28 00:00:00+00:00,39375.0,38138.0,122,10.020681016576049,BTC-29MAR24
2023-11-29 00:00:00+00:00,38990.0,37808.5,121,9.726683196208796,BTC-29MAR24
2023-11-30 00:00:00+00:00,39540.0,38281.5,120,10.338855984444372,BTC-29MAR24
2023-12-01 00:00:00+00:00,40005.0,38749.5,119,10.274598378213028,BTC-29MAR24
2023-12-02 00:00:00+00:00,40827.5,39518.0,118,10.609719129300421,BTC-29MAR24
2023-12-03 00:00:00+00:00,42935.0,41466.0,117,11.4723409459633,BTC-29MAR24
2023-12-04 00:00:00+00:00,42870.0,41538.5,116,10.437399615999098,BTC-29MAR24
2023-12-05 00:00:00+00:00,45040.0,43706.0,115,10.012693945614082,BTC-29MAR24
2023-12-06 00:00:00+00:00,45200.0,43899.5,114,9.798042835759514,BTC-29MAR24
2023-12-07 00:00:00+00:00,44472.5,43194.0,113,9.880125848893107,BTC-29MAR24
2023-12-08 00:00:00+00:00,45530.0,44222.0,112,9.965298361057439,BTC-29MAR24
2023-12-09 00:00:00+00:00,45265.0,43990.0,111,9.850725998428889,BTC-29MAR24
2023-12-10 00:00:00+00:00,43320.0,42132.5,110,9.66157970901278,BTC-29MAR24
2023-12-11 00:00:00+00:00,43195.0,41913.0,109,10.615463189409912,BTC-29MAR24
2023-12-12 00:00:00+00:00,42365.0,41092.5,108,10.856714001303192,BTC-29MAR24
2023-12-13 00:00:00+00:00,44190.0,42925.5,107,10.410602018532543,BTC-29MAR24
2023-12-14 00:00:00+00:00,43945.0,42749.0,106,9.967403034570289,BTC-29MAR24
2023-12-15 00:00:00+00:00,43460.0,42214.0,105,10.640840364058546,BTC-29MAR24
2023-12-16 00:00:00+00:00,43085.0,41873.0,104,10.53281347365047,BTC-29MAR24
2023-12-17 00:00:00+00:00,42322.5,41105.0,103,10.897600306902477,BTC-29MAR24
2023-12-18 00:00:00+00:00,44350.0,43057.0,102,11.168650035756823,BTC-29MAR24
2023-12-19 00:00:00+00:00,44212.5,42923.0,101,11.290015878158076,BTC-29MAR24
2023-12-20 00:00:00+00:00,45210.0,43788.0,100,12.37243748934873,BTC-29MAR24
2023-12-21 00:00:00+00:00,45047.5,43615.5,99,12.648696844335339,BTC-29MAR24
2023-12-22 00:00:00+00:00,45055.0,43603.5,98,12.97136194211783,BTC-29MAR24
2023-12-23 00:00:00+00:00,45180.0,43686.5,97,13.483908688799161,BTC-29MAR24
2023-12-24 00:00:00+00:00,44660.0,43248.0,96,12.992415151830649,BTC-29MAR24
2023-12-25 00:00:00+00:00,44260.0,42794.0,95,13.816268108579077,BTC-29MAR24
2023-12-26 00:00:00+00:00,43995.0,42480.0,94,14.57617792912307,BTC-29MAR24
2023-12-27 00:00:00+00:00,44762.5,43105.5,93,15.956089487964299,BTC-29MAR24
2023-12-28 00:00:00+00:00,43845.0,42343.5,92,14.82588692809934,BTC-29MAR24
2023-12-29 00:00:00+00:00,43605.0,41995.0,91,16.287856971604707,BTC-29MAR24
2023-12-30 00:00:00+00:00,44475.0,42556.5,90,19.581530526307024,BTC-29MAR24
2023-12-31 00:00:00+00:00,44392.5,42520.0,89,19.332311855612126,BTC-29MAR24
2024-01-01 00:00:00+00:00,47787.5,45537.0,88,22.150275903934503,BTC-29MAR24
2024-01-02 00:00:00+00:00,47060.0,45060.0,87,19.985391491541925,BTC-29MAR24
2024-01-03 00:00:00+00:00,44355.0,42806.5,86,16.278640244282716,BTC-29MAR24
2024-01-04 00:00:00+00:00,45250.0,43847.0,85,14.482193855804514,BTC-29MAR24
2024-01-05 00:00:00+00:00,44815.0,43701.0,84,11.558394387411465,BTC-29MAR24
2024-01-06 00:00:00+00:00,45327.5,44107.0,83,12.753523454092264,BTC-29MAR24
2024-01-07 00:00:00+00:00,45247.5,43998.0,82,13.275030711327584,BTC-29MAR24
2024-01-08 00:00:00+00:00,48287.5,46885.5,81,14.198855322712944,BTC-29MAR24
2024-01-09 00:00:00+00:00,47062.5,45781.0,80,13.423512350443811,BTC-29MAR24
2024-01-10 00:00:00+00:00,47347.5,46128.0,79,12.812879573265313,BTC-29MAR24
2024-01-11 00:00:00+00:00,47012.5,46045.0,78,10.219855237450304,BTC-29MAR24
2024-01-12 00:00:00+00:00,44000.0,43076.0,77,10.584035634548549,BTC-29MAR24
2024-01-13 00:00:00+00:00,43805.0,42997.5,76,9.347174642491884,BTC-29MAR24
2024-01-14 00:00:00+00:00,43485.0,42698.0,75,9.295458277361535,BTC-29MAR24
2024-01-15 00:00:00+00:00,43535.0,42750.0,74,9.390145679599105,BTC-29MAR24
2024-01-16 00:00:00+00:00,43455.0,42640.5,73,9.922685117113073,BTC-29MAR24
2024-01-17 00:00:00+00:00,43720.0,42885.5,72,10.262949245098651,BTC-29MAR24
2024-01-18 00:00:00+00:00,41950.0,41231.0,71,9.294413432466753,BTC-29MAR24
2024-01-19 00:00:00+00:00,42382.5,41637.5,70,9.688232264546382,BTC-29MAR24
2024-01-20 00:00:00+00:00,42365.0,41629.5,69,9.70709679693722,BTC-29MAR24
2024-01-21 00:00:00+00:00,41682.5,40992.0,68,9.380626086718213,BTC-29MAR24
2024-01-22 00:00:00+00:00,40372.5,39747.5,67,8.87121697466653,BTC-29MAR24
2024-01-23 00:00:00+00:00,40587.5,39950.5,66,9.142434877048643,BTC-29MAR24
2024-01-24 00:00:00+00:00,40790.0,40124.0,65,9.684964769490723,BTC-29MAR24
2024-01-25 00:00:00+00:00,40600.0,39983.5,64,9.11854155858629,BTC-29MAR24
2024-01-26 00:00:00+00:00,42397.5,41727.0,63,9.675582213722667,BTC-29MAR24
2024-01-27 00:00:00+00:00,43050.0,42408.5,62,9.240909792356057,BTC-29MAR24
2024-01-28 00:00:00+00:00,42712.5,42055.0,61,9.727043719288297,BTC-29MAR24
2024-01-29 00:00:00+00:00,44050.0,43381.5,60,9.749243432969612,BTC-29MAR24
2024-01-30 00:00:00+00:00,43685.0,43041.0,59,9.623196646287614,BTC-29MAR24
2024-01-31 00:00:00+00:00,42762.5,42149.5,58,9.512050889080559,BTC-29MAR24
2024-02-01 00:00:00+00:00,43690.0,43082.0,57,9.388825732247309,BTC-29MAR24
2024-02-02 00:00:00+00:00,43630.0,43055.0,56,9.031857843233526,BTC-29MAR24
2024-02-03 00:00:00+00:00,43387.5,42831.0,55,8.944721159673396,BTC-29MAR24
2024-02-04 00:00:00+00:00,43572.5,43051.0,54,8.4790200868764,BTC-29MAR24
2024-02-05 00:00:00+00:00,43392.5,42849.0,53,9.068206713549909,BTC-29MAR24
2024-02-06 00:00:00+00:00,43395.0,42882.0,52,8.705606120947662,BTC-29MAR24
2024-02-07 00:00:00+00:00,45120.0,44529.0,51,9.895842053883763,BTC-29MAR24
2024-02-08 00:00:00+00:00,46880.0,46236.0,50,10.625090764328826,BTC-29MAR24
2024-02-09 00:00:00+00:00,47740.0,47191.0,49,8.997859649207186,BTC-29MAR24
2024-02-10 00:00:00+00:00,48897.5,48247.5,48,10.71187458047309,BTC-29MAR24
2024-02-11 00:00:00+00:00,48887.5,48227.0,47,11.141954331794501,BTC-29MAR24
2024-02-12 00:00:00+00:00,50947.5,50043.5,46,15.264225198950143,BTC-29MAR24
2024-02-13 00:00:00+00:00,50662.5,49881.5,45,13.429645500626641,BTC-29MAR24
2024-02-14 00:00:00+00:00,54290.0,51850.5,135,13.236011134355309,BTC-28JUN24
2024-02-15 00:00:00+00:00,54302.5,51810.5,134,13.650859117589542,BTC-28JUN24
2024-02-16 00:00:00+00:00,54527.5,51947.5,133,14.227681537574611,BTC-28JUN24
2024-02-17 00:00:00+00:00,54232.5,51691.5,132,14.189747525851825,BTC-28JUN24
2024-02-18 00:00:00+00:00,55217.5,52430.0,131,15.526642684884306,BTC-28JUN24
2024-02-19 00:00:00+00:00,54635.0,51862.0,130,15.748330423152112,BTC-28JUN24
2024-02-20 00:00:00+00:00,54280.0,51565.5,129,15.62241177892172,BTC-28JUN24
2024-02-21 00:00:00+00:00,54457.5,51844.0,128,15.055421724426665,BTC-28JUN24
2024-02-22 00:00:00+00:00,53420.0,50885.5,127,14.992629574878968,BTC-28JUN24
2024-02-23 00:00:00+00:00,53577.5,51068.5,126,14.905011423406789,BTC-28JUN24
2024-02-24 00:00:00+00:00,54505.0,51762.5,125,16.270519623045175,BTC-28JUN24
2024-02-25 00:00:00+00:00,53935.0,51293.5,124,15.929491399307082,BTC-28JUN24
2024-02-26 00:00:00+00:00,59212.5,56130.0,123,17.192548347328817,BTC-28JUN24
2024-02-27 00:00:00+00:00,61415.0,58349.0,122,16.557658059789127,BTC-28JUN24
2024-02-28 00:00:00+00:00,66002.5,62738.0,121,16.5341667603045,BTC-28JUN24
2024-02-29 00:00:00+00:00,64782.5,61465.0,120,17.338544193610872,BTC-28JUN24
2024-03-01 00:00:00+00:00,65215.0,62120.0,119,16.082758868871384,BTC-28JUN24
2024-03-02 00:00:00+00:00,64990.0,61665.5,118,17.635570198121965,BTC-28JUN24
2024-03-03 00:00:00+00:00,67705.0,64172.0,117,18.19811908842224,BTC-28JUN24
2024-03-04 00:00:00+00:00,70327.5,66329.0,116,20.223893096243593,BTC-28JUN24
2024-03-05 00:00:00+00:00,70647.5,66749.5,115,19.73830008292119,BTC-28JUN24
2024-03-06 00:00:00+00:00,70072.5,66454.5,114,18.499000598884095,BTC-28JUN24
2024-03-07 00:00:00+00:00,71250.0,67418.5,113,19.547583994693653,BTC-28JUN24
2024-03-08 00:00:00+00:00,72185.0,68462.0,112,18.83566870735256,BTC-28JUN24
2024-03-09 00:00:00+00:00,73632.5,69537.0,111,20.70514669917607,BTC-28JUN24
2024-03-10 00:00:00+00:00,76007.5,71218.0,110,24.10633957159609,BTC-28JUN24
2024-03-11 00:00:00+00:00,77037.5,72189.5,109,24.315547257880475,BTC-28JUN24
2024-03-12 00:00:00+00:00,78177.5,72941.0,108,26.404014881966642,BTC-28JUN24
2024-03-13 00:00:00+00:00,78152.5,73325.5,107,24.293718428238865,BTC-28JUN24
2024-03-14 00:00:00+00:00,72810.0,68388.5,106,24.075993699553177,BTC-28JUN24
2024-03-15 00:00:00+00:00,73937.5,69434.5,105,24.412301573999805,BTC-28JUN24
2024-03-16 00:00:00+00:00,69610.0,65620.5,104,23.015208614909998,BTC-28JUN24
2024-03-17 00:00:00+00:00,72555.0,68188.0,103,24.605070852878196,BTC-28JUN24
2024-03-18 00:00:00+00:00,68055.0,64683.5,102,19.939864063151667,BTC-28JUN24
2024-03-19 00:00:00+00:00,65965.0,62938.0,101,18.50182649086076,BTC-28JUN24
2024-03-20 00:00:00+00:00,70670.0,67030.0,100,21.29012189437347,BTC-28JUN24
2024-03-21 00:00:00+00:00,69660.0,66193.0,99,20.70994738898864,BTC-28JUN24
2024-03-22 00:00:00+00:00,67885.0,64594.5,98,20.328385353309166,BTC-28JUN24
2024-03-23 00:00:00+00:00,67780.0,64627.5,97,19.62785886964433,BTC-28JUN24
2024-03-24 00:00:00+00:00,70255.0,66868.5,96,20.663577022174252,BTC-28JUN24
2024-03-25 00:00:00+00:00,74237.5,70538.5,95,21.698062577909937,BTC-28JUN24
2024-03-26 00:00:00+00:00,73245.0,69761.0,94,20.832665215257574,BTC-28JUN24
2024-03-27 00:00:00+00:00,74035.0,70412.5,93,21.761323584733084,BTC-28JUN24
2024-03-28 00:00:00+00:00,73457.5,69788.5,92,22.541587352307403,BTC-28JUN24
2024-03-29 00:00:00+00:00,73710.0,69950.5,91,23.365065560288013,BTC-28JUN24
2024-03-30 00:00:00+00:00,74522.5,70369.0,90,26.1850237890185,BTC-28JUN24
2024-03-31 00:00:00+00:00,73805.0,69645.5,89,26.85817947615561,BTC-28JUN24
2024-04-01 00:00:00+00:00,69795.0,66487.5,88,22.30718211452536,BTC-28JUN24
2024-04-02 00:00:00+00:00,69287.5,66179.5,87,21.23284113392694,BTC-28JUN24
2024-04-03 00:00:00+00:00,68815.0,66069.0,86,18.86665623315458,BTC-28JUN24
2024-04-04 00:00:00+00:00,69510.0,66900.0,85,17.861852428780935,BTC-28JUN24
2024-04-05 00:00:00+00:00,70652.5,68027.0,84,17.886132238935314,BTC-28JUN24
2024-04-06 00:00:00+00:00,71907.5,69392.5,83,16.948331153847374,BTC-28JUN24
2024-04-07 00:00:00+00:00,73512.5,70734.0,82,18.708588710349193,BTC-28JUN24
2024-04-08 00:00:00+00:00,73287.5,70361.5,81,20.153356511245345,BTC-28JUN24
2024-04-09 00:00:00+00:00,71885.0,69322.0,80,18.01516513567607,BTC-28JUN24
2024-04-10 00:00:00+00:00,73387.5,70735.0,79,18.540672199672038,BTC-28JUN24
2024-04-11 00:00:00+00:00,73222.5,70779.0,78,17.21312659759391,BTC-28JUN24
2024-04-12 00:00:00+00:00,69005.0,67426.5,77,11.593613956311888,BTC-28JUN24
2024-04-13 00:00:00+00:00,65680.0,64487.0,76,9.20275836872091,BTC-28JUN24
2024-04-14 00:00:00+00:00,67865.0,66295.0,75,12.065013714965577,BTC-28JUN24
2024-04-15 00:00:00+00:00,64862.5,63515.0,74,10.910041326295294,BTC-28JUN24
2024-04-16 00:00:00+00:00,64560.0,63300.5,73,10.352431371465354,BTC-28JUN24
2024-04-17 00:00:00+00:00,62245.0,61173.5,72,9.201700539626101,BTC-28JUN24
2024-04-18 00:00:00+00:00,65852.5,64547.0,71,10.842380024822628,BTC-28JUN24
2024-04-19 00:00:00+00:00,64897.5,63981.0,70,7.69817597010094,BTC-28JUN24
2024-04-20 00:00:00+00:00,66302.5,65148.5,69,9.73311353957078,BTC-28JUN24
2024-04-21 00:00:00+00:00,67250.0,66026.0,68,10.36194273181177,BTC-28JUN24
2024-04-22 00:00:00+00:00,67272.5,66105.5,67,10.002571475024657,BTC-28JUN24
2024-04-23 00:00:00+00:00,67762.5,66622.0,66,9.84189946226428,BTC-28JUN24
2024-04-24 00:00:00+00:00,64920.0,63970.5,65,8.625435787333323,BTC-28JUN24
2024-04-25 00:00:00+00:00,65132.5,64302.0,64,7.593253093373864,BTC-28JUN24
2024-04-26 00:00:00+00:00,63732.5,62928.5,63,7.632574247547441,BTC-28JUN24
2024-04-27 00:00:00+00:00,64790.0,63883.5,62,8.648761968306996,BTC-28JUN24
2024-04-28 00:00:00+00:00,63125.0,62389.0,61,7.269609905605812,BTC-28JUN24
2024-04-29 00:00:00+00:00,63917.5,63133.0,60,7.802061298590557,BTC-28JUN24
2024-04-30 00:00:00+00:00,58017.5,57430.0,59,6.498936753453877,BTC-28JUN24
2024-05-01 00:00:00+00:00,58222.5,57604.0,58,6.951953571809222,BTC-28JUN24
2024-05-02 00:00:00+00:00,59865.0,59144.5,57,8.062157257634905,BTC-28JUN24
2024-05-03 00:00:00+00:00,63887.5,63010.0,56,9.433162655734751,BTC-28JUN24
2024-05-04 00:00:00+00:00,64617.5,63776.0,55,9.088754965045641,BTC-28JUN24
2024-05-05 00:00:00+00:00,65490.0,64590.0,54,9.80475825767364,BTC-28JUN24
2024-05-06 00:00:00+00:00,64682.5,63694.0,53,11.188725556992951,BTC-28JUN24
2024-05-07 00:00:00+00:00,62990.0,62199.0,52,9.275545716856094,BTC-28JUN24
2024-05-08 00:00:00+00:00,61980.0,61233.0,51,9.06572382438975,BTC-28JUN24
2024-05-09 00:00:00+00:00,63827.5,63064.0,50,9.182275503832882,BTC-28JUN24
2024-05-10 00:00:00+00:00,61642.5,60988.0,49,8.27604116438112,BTC-28JUN24
2024-05-11 00:00:00+00:00,61455.0,60803.5,48,8.441865501159484,BTC-28JUN24
2024-05-12 00:00:00+00:00,63025.0,62336.5,47,8.90480307900068,BTC-28JUN24
2024-05-13 00:00:00+00:00,62742.5,62009.5,46,9.77308657014888,BTC-28JUN24
2024-05-14 00:00:00+00:00,62880.0,62207.0,45,9.120276275653328,BTC-28JUN24
2024-05-15 00:00:00+00:00,68887.5,66186.0,135,11.423021108597386,BTC-27SEP24
2024-05-16 00:00:00+00:00,69085.0,66431.0,134,11.26057602858539,BTC-27SEP24
2024-05-17 00:00:00+00:00,69740.0,66926.5,133,11.964329107675242,BTC-27SEP24
2024-05-18 00:00:00+00:00,70172.5,67342.0,132,12.058164615318345,BTC-27SEP24
2024-05-19 00:00:00+00:00,69737.5,66840.0,131,12.551315973615317,BTC-27SEP24
2024-05-20 00:00:00+00:00,74405.0,70924.0,130,14.399727021127152,BTC-27SEP24
2024-05-21 00:00:00+00:00,73032.5,69732.0,129,13.979553552149614,BTC-27SEP24
2024-05-22 00:00:00+00:00,73012.5,69712.5,128,14.09801429387958,BTC-27SEP24
2024-05-23 00:00:00+00:00,70235.0,67140.0,127,13.82848464192139,BTC-27SEP24
2024-05-24 00:00:00+00:00,71680.0,68736.5,126,12.915321890226771,BTC-27SEP24
2024-05-25 00:00:00+00:00,72462.5,69365.0,125,13.605912530596932,BTC-27SEP24
2024-05-26 00:00:00+00:00,71772.5,68650.5,124,13.986332524437817,BTC-27SEP24
2024-05-27 00:00:00+00:00,70800.0,67628.5,123,14.567975811752088,BTC-27SEP24
2024-05-28 00:00:00+00:00,71277.5,67907.0,122,15.595599219575407,BTC-27SEP24
2024-05-29 00:00:00+00:00,70765.0,67566.5,121,14.972316805560904,BTC-27SEP24
2024-05-30 00:00:00+00:00,71200.0,68113.0,120,14.43319842405344,BTC-27SEP24
2024-05-31 00:00:00+00:00,70750.0,67594.0,119,15.023668046541317,BTC-27SEP24
2024-06-01 00:00:00+00:00,70845.0,67693.5,118,15.114212900728475,BTC-27SEP24
2024-06-02 00:00:00+00:00,72325.0,68904.0,117,16.31885293111861,BTC-27SEP24
2024-06-03 00:00:00+00:00,72262.5,69002.0,116,15.635841151721497,BTC-27SEP24
2024-06-04 00:00:00+00:00,74592.5,71225.0,115,15.791660317708711,BTC-27SEP24
2024-06-05 00:00:00+00:00,74307.5,71051.0,114,15.428752489630359,BTC-27SEP24
2024-06-06 00:00:00+00:00,74305.0,71090.5,113,15.35557731091075,BTC-27SEP24
2024-06-07 00:00:00+00:00,72567.5,69543.5,112,14.879703716391202,BTC-27SEP24
2024-06-08 00:00:00+00:00,72242.5,69285.0,111,14.734516662609142,BTC-27SEP24
2024-06-09 00:00:00+00:00,72167.5,69281.5,110,14.50190493923218,BTC-27SEP24
2024-06-10 00:00:00+00:00,69732.5,67519.5,109,11.404025944885742,BTC-27SEP24
2024-06-11 00:00:00+00:00,69950.0,67454.5,108,13.06279348538013,BTC-27SEP24
2024-06-12 00:00:00+00:00,70165.0,67694.5,107,13.006357540263181,BTC-27SEP24
2024-06-13 00:00:00+00:00,69327.5,66887.0,106,13.133808133407477,BTC-27SEP24
2024-06-14 00:00:00+00:00,68295.0,66012.0,105,12.54585178792269,BTC-27SEP24
2024-06-15 00:00:00+00:00,68455.0,66203.5,104,12.453879535421986,BTC-27SEP24
2024-06-16 00:00:00+00:00,68405.0,66146.0,103,12.637262993455556,BTC-27SEP24
2024-06-17 00:00:00+00:00,67800.0,65651.0,102,12.216403093702333,BTC-27SEP24
2024-06-18 00:00:00+00:00,67175.0,65317.0,101,10.66799864734309,BTC-27SEP24
2024-06-19 00:00:00+00:00,67820.0,65861.0,100,11.29164119674142,BTC-27SEP24
2024-06-20 00:00:00+00:00,65920.0,64151.5,99,10.546076116561354,BTC-27SEP24
2024-06-21 00:00:00+00:00,66165.0,64464.0,98,10.186389540004793,BTC-27SEP24
2024-06-22 00:00:00+00:00,66042.5,64391.5,97,9.994963016814062,BTC-27SEP24
2024-06-23 00:00:00+00:00,64007.5,62410.5,96,10.083196582006604,BTC-27SEP24
2024-06-24 00:00:00+00:00,62320.0,60653.5,95,10.975635634103265,BTC-27SEP24
2024-06-25 00:00:00+00:00,63350.0,61739.0,94,10.519520793522986,BTC-27SEP24
2024-06-26 00:00:00+00:00,62250.0,60755.0,93,10.010638286100605,BTC-27SEP24
2024-06-27 00:00:00+00:00,62722.5,61265.0,92,9.776839820430961,BTC-27SEP24
2024-06-28 00:00:00+00:00,62515.0,60990.0,91,10.413015827197004,BTC-27SEP24
2024-06-29 00:00:00+00:00,62930.0,61434.5,90,10.245764939058311,BTC-27SEP24
2024-06-30 00:00:00+00:00,64992.5,63222.5,89,11.989922076175773,BTC-27SEP24
2024-07-01 00:00:00+00:00,64117.5,62568.0,88,10.679383236007167,BTC-27SEP24
2024-07-02 00:00:00+00:00,61975.0,60786.5,87,8.462798367965796,BTC-27SEP24
2024-07-03 00:00:00+00:00,59195.0,58175.5,86,7.65196476292902,BTC-27SEP24
2024-07-04 00:00:00+00:00,55265.0,54350.0,85,7.432341364728989,BTC-27SEP24
2024-07-05 00:00:00+00:00,57727.5,56620.5,84,8.777562635155899,BTC-27SEP24
2024-07-06 00:00:00+00:00,58405.0,57375.5,83,8.134676969025477,BTC-27SEP24
2024-07-07 00:00:00+00:00,56857.5,55862.5,82,8.175583506995988,BTC-27SEP24
2024-07-08 00:00:00+00:00,58150.0,57100.0,81,8.557566203042445,BTC-27SEP24
2024-07-09 00:00:00+00:00,60152.5,59020.5,80,9.054668817927848,BTC-27SEP24
2024-07-10 00:00:00+00:00,59340.0,58197.0,79,9.402443175305496,BTC-27SEP24
2024-07-11 00:00:00+00:00,58187.5,57151.5,78,8.770133821708349,BTC-27SEP24
2024-07-12 00:00:00+00:00,59260.0,58197.0,77,8.959077067475963,BTC-27SEP24
2024-07-13 00:00:00+00:00,61470.0,60109.5,76,11.347904425191091,BTC-27SEP24
2024-07-14 00:00:00+00:00,64420.0,62885.5,75,12.448841073419125,BTC-27SEP24
2024-07-15 00:00:00+00:00,64362.5,62980.5,74,11.300485143842698,BTC-27SEP24
2024-07-16 00:00:00+00:00,66952.5,65303.0,73,13.283934800362985,BTC-27SEP24
2024-07-17 00:00:00+00:00,66175.0,64681.0,72,12.27286819064448,BTC-27SEP24
2024-07-18 00:00:00+00:00,65225.0,63747.0,71,12.505486477377037,BTC-27SEP24
2024-07-19 00:00:00+00:00,68170.0,66645.0,70,12.521139161429918,BTC-27SEP24
2024-07-20 00:00:00+00:00,68327.5,66748.5,69,13.165304403145605,BTC-27SEP24
2024-07-21 00:00:00+00:00,68935.0,67276.5,68,13.964694449963622,BTC-27SEP24
2024-07-22 00:00:00+00:00,68180.0,66610.0,67,13.53194244762026,BTC-27SEP24
2024-07-23 00:00:00+00:00,67410.0,66072.5,66,11.720655826409775,BTC-27SEP24
2024-07-24 00:00:00+00:00,65250.0,64117.5,65,10.331372978882358,BTC-27SEP24
2024-07-25 00:00:00+00:00,68250.0,66960.0,64,11.496952891642165,BTC-27SEP24
2024-07-26 00:00:00+00:00,69417.5,68090.0,63,11.836467157504549,BTC-27SEP24
2024-07-27 00:00:00+00:00,68712.5,67537.5,62,10.687577987671792,BTC-27SEP24
2024-07-28 00:00:00+00:00,70997.5,69555.5,61,13.0637499661592,BTC-27SEP24
2024-07-29 00:00:00+00:00,68142.5,66943.0,60,11.408952740435495,BTC-27SEP24
2024-07-30 00:00:00+00:00,67382.5,66187.0,59,11.711017801437041,BTC-27SEP24
2024-07-31 00:00:00+00:00,65222.5,64309.0,58,9.282235316087517,BTC-27SEP24
2024-08-01 00:00:00+00:00,64970.0,64096.0,57,9.05988840342995,BTC-27SEP24
2024-08-02 00:00:00+00:00,62340.0,61613.0,56,7.945575911394398,BTC-27SEP24
2024-08-03 00:00:00+00:00,60985.0,60331.0,55,7.4174407348143845,BTC-27SEP24
2024-08-04 00:00:00+00:00,53157.5,52668.0,54,6.452733471425698,BTC-27SEP24
2024-08-05 00:00:00+00:00,56730.0,56034.0,53,8.87324839396526,BTC-27SEP24
2024-08-06 00:00:00+00:00,57642.5,56949.0,52,8.867445087165482,BTC-27SEP24
2024-08-07 00:00:00+00:00,57885.0,57216.0,51,8.675523907881688,BTC-27SEP24
2024-08-08 00:00:00+00:00,61605.0,60862.5,50,9.2554406060138,BTC-27SEP24
2024-08-09 00:00:00+00:00,61615.0,60890.5,49,9.210590866201018,BTC-27SEP24
2024-08-10 00:00:00+00:00,62037.5,61300.0,48,9.520300039435469,BTC-27SEP24
2024-08-11 00:00:00+00:00,59310.0,58674.0,47,8.733152493288587,BTC-27SEP24
2024-08-12 00:00:00+00:00,59800.0,59256.5,46,7.513476000165009,BTC-27SEP24
2024-08-13 00:00:00+00:00,61580.0,60943.5,45,8.792687296267454,BTC-27SEP24
2024-08-14 00:00:00+00:00,60180.0,58062.5,135,10.169159736645494,BTC-27DEC24
2024-08-15 00:00:00+00:00,60570.0,58485.5,134,10.009071328022978,BTC-27DEC24
2024-08-16 00:00:00+00:00,61402.5,59260.0,133,10.237698725806554,BTC-27DEC24
2024-08-17 00:00:00+00:00,61677.5,59597.5,132,9.950502167624231,BTC-27DEC24
2024-08-18 00:00:00+00:00,60572.5,58507.0,131,10.149476104778564,BTC-27DEC24
2024-08-19 00:00:00+00:00,63072.5,60964.0,130,10.017062270708976,BTC-27DEC24
2024-08-20 00:00:00+00:00,61665.0,59734.0,129,9.419569936552152,BTC-27DEC24
2024-08-21 00:00:00+00:00,63020.0,61009.5,128,9.686369160686148,BTC-27DEC24
2024-08-22 00:00:00+00:00,62970.0,61060.5,127,9.253455365622564,BTC-27DEC24
2024-08-23 00:00:00+00:00,66517.5,64370.0,126,9.973169229308954,BTC-27DEC24
2024-08-24 00:00:00+00:00,66030.0,63891.0,125,10.093253440938721,BTC-27DEC24
2024-08-25 00:00:00+00:00,65722.5,63632.5,124,9.979809558342767,BTC-27DEC24
2024-08-26 00:00:00+00:00,64840.0,62933.0,123,9.262743628714576,BTC-27DEC24
2024-08-27 00:00:00+00:00,60287.5,58601.5,122,8.856572352728609,BTC-27DEC24
2024-08-28 00:00:00+00:00,61325.0,59591.0,121,9.037666667146071,BTC-27DEC24
2024-08-29 00:00:00+00:00,60907.5,59300.0,120,8.475645941282295,BTC-27DEC24
2024-08-30 00:00:00+00:00,60697.5,59081.5,119,8.628985603230376,BTC-27DEC24
2024-08-31 00:00:00+00:00,59980.0,58466.0,118,8.22915566463851,BTC-27DEC24
2024-09-01 00:00:00+00:00,58990.0,57534.5,117,8.105665769365888,BTC-27DEC24
2024-09-02 00:00:00+00:00,60665.0,59113.0,116,8.49633639876821,BTC-27DEC24
2024-09-03 00:00:00+00:00,58165.0,56717.5,115,8.327164625741212,BTC-27DEC24
2024-09-04 00:00:00+00:00,58590.0,57159.0,114,8.238868293274692,BTC-27DEC24
2024-09-05 00:00:00+00:00,57082.5,55758.0,113,7.878110017026896,BTC-27DEC24
2024-09-06 00:00:00+00:00,55520.0,54290.0,112,7.574199468380871,BTC-27DEC24
2024-09-07 00:00:00+00:00,55710.0,54425.0,111,7.975664024565043,BTC-27DEC24
2024-09-08 00:00:00+00:00,56207.5,54963.0,110,7.7123418131576305,BTC-27DEC24
2024-09-09 00:00:00+00:00,58555.0,57236.0,109,7.927884111065331,BTC-27DEC24
2024-09-10 00:00:00+00:00,57965.0,56696.5,108,7.764782461166075,BTC-27DEC24
2024-09-11 00:00:00+00:00,59377.5,58144.0,107,7.42368744116777,BTC-27DEC24
2024-09-12 00:00:00+00:00,59420.0,58099.5,106,8.045931204812252,BTC-27DEC24
2024-09-13 00:00:00+00:00,61525.0,60195.0,105,7.892990695228486,BTC-27DEC24
2024-09-14 00:00:00+00:00,61532.5,60205.5,104,7.951931500829601,BTC-27DEC24
2024-09-15 00:00:00+00:00,60065.0,58889.0,103,7.258255663207902,BTC-27DEC24
2024-09-16 00:00:00+00:00,59877.5,58697.5,102,7.382165381604877,BTC-27DEC24
2024-09-17 00:00:00+00:00,61435.0,60453.0,101,5.996083739109692,BTC-27DEC24
2024-09-18 00:00:00+00:00,63292.5,62114.5,100,7.097981749609428,BTC-27DEC24
2024-09-19 00:00:00+00:00,64695.0,63531.5,99,6.919877718858403,BTC-27DEC24
2024-09-20 00:00:00+00:00,64225.0,63113.0,98,6.721354840952332,BTC-27DEC24
2024-09-21 00:00:00+00:00,64037.5,62936.5,97,6.743451026356184,BTC-27DEC24
2024-09-22 00:00:00+00:00,64757.5,63552.5,96,7.402711888762292,BTC-27DEC24
2024-09-23 00:00:00+00:00,64727.5,63569.0,95,7.185336316424862,BTC-27DEC24
2024-09-24 00:00:00+00:00,65000.0,63860.0,94,7.112098146119505,BTC-27DEC24
2024-09-25 00:00:00+00:00,65037.5,63858.0,93,7.447379800051435,BTC-27DEC24
2024-09-26 00:00:00+00:00,66507.5,65484.5,92,6.342999015237938,BTC-27DEC24
2024-09-27 00:00:00+00:00,67060.0,65875.0,91,7.412981231716365,BTC-27DEC24
2024-09-28 00:00:00+00:00,66727.5,65490.5,90,7.884155449803409,BTC-27DEC24
2024-09-29 00:00:00+00:00,65817.5,64579.5,89,8.098769889388269,BTC-27DEC24
2024-09-30 00:00:00+00:00,65100.0,64031.0,88,7.108781729035929,BTC-27DEC24
2024-10-01 00:00:00+00:00,62802.5,61721.5,87,7.556153869615612,BTC-27DEC24
2024-10-02 00:00:00+00:00,62037.5,60910.0,86,8.095562258369782,BTC-27DEC24
2024-10-03 00:00:00+00:00,62495.0,61423.5,85,7.708972920555901,BTC-27DEC24
2024-10-04 00:00:00+00:00,63175.0,62100.5,84,7.738938329457401,BTC-27DEC24
2024-10-05 00:00:00+00:00,63052.5,61964.5,83,7.95505268851826,BTC-27DEC24
2024-10-06 00:00:00+00:00,64700.0,63555.5,82,8.268477537416906,BTC-27DEC24
2024-10-07 00:00:00+00:00,63382.5,62300.0,81,8.071732560245003,BTC-27DEC24
2024-10-08 00:00:00+00:00,63385.0,62259.0,80,8.521581592320882,BTC-27DEC24
2024-10-09 00:00:00+00:00,61900.0,60844.5,79,8.270504567884585,BTC-27DEC24
2024-10-10 00:00:00+00:00,61672.5,60618.5,78,8.400769070286639,BTC-27DEC24
2024-10-11 00:00:00+00:00,63887.5,62770.5,77,8.72059981004989,BTC-27DEC24
2024-10-12 00:00:00+00:00,63935.0,62843.5,76,8.621436844471342,BTC-27DEC24
2024-10-13 00:00:00+00:00,65787.5,64605.5,75,9.224383780581014,BTC-27DEC24
2024-10-14 00:00:00+00:00,66887.5,65646.5,74,9.67746031640171,BTC-27DEC24
2024-10-15 00:00:00+00:00,68120.0,66972.5,73,8.865592835886972,BTC-27DEC24
2024-10-16 00:00:00+00:00,68400.0,67285.5,72,8.68473433039252,BTC-27DEC24
2024-10-17 00:00:00+00:00,69155.0,67978.5,71,9.221873163901574,BTC-27DEC24
2024-10-18 00:00:00+00:00,69482.5,68349.0,70,8.954972911162407,BTC-27DEC24
2024-10-19 00:00:00+00:00,69535.0,68386.5,69,9.209886099960052,BTC-27DEC24
2024-10-20 00:00:00+00:00,69810.0,68508.5,68,10.629447085192512,BTC-27DEC24
2024-10-21 00:00:00+00:00,68627.5,67378.0,67,10.528296620022527,BTC-27DEC24
2024-10-22 00:00:00+00:00,68000.0,66829.0,66,10.083018688989686,BTC-27DEC24
2024-10-23 00:00:00+00:00,68310.0,67078.0,65,10.760526525323222,BTC-27DEC24
2024-10-24 00:00:00+00:00,68730.0,67480.5,64,11.030628163250643,BTC-27DEC24
2024-10-25 00:00:00+00:00,68100.0,66924.0,63,10.619133137626502,BTC-27DEC24
2024-10-26 00:00:00+00:00,68260.0,67130.5,62,10.321528436014527,BTC-27DEC24
2024-10-27 00:00:00+00:00,69600.0,68372.0,61,11.239492015275832,BTC-27DEC24
2024-10-28 00:00:00+00:00,72400.0,70983.5,60,12.772195923939123,BTC-27DEC24
2024-10-29 00:00:00+00:00,73780.0,72224.5,59,14.090631373817054,BTC-27DEC24
2024-10-30 00:00:00+00:00,73820.0,72416.5,58,12.839855086245077,BTC-27DEC24
2024-10-31 00:00:00+00:00,70282.5,69171.0,57,10.747117783678073,BTC-27DEC24
2024-11-01 00:00:00+00:00,70897.5,69774.5,56,10.967562981951474,BTC-27DEC24
2024-11-02 00:00:00+00:00,69385.0,68341.0,55,10.584832774521624,BTC-27DEC24
2024-11-03 00:00:00+00:00,69575.0,68566.5,54,10.372795517762423,BTC-27DEC24
2024-11-04 00:00:00+00:00,69830.0,68877.0,53,9.925672882255189,BTC-27DEC24
2024-11-05 00:00:00+00:00,74572.5,73432.5,52,11.419545677418474,BTC-27DEC24
2024-11-06 00:00:00+00:00,76132.5,74839.5,51,13.042416376636368,BTC-27DEC24
2024-11-07 00:00:00+00:00,77602.5,76395.0,50,12.129187159818766,BTC-27DEC24
2024-11-08 00:00:00+00:00,77827.5,76602.0,49,12.550026861134045,BTC-27DEC24
2024-11-09 00:00:00+00:00,80290.0,78898.0,48,14.223949065737429,BTC-27DEC24
2024-11-10 00:00:00+00:00,82827.5,81225.0,47,16.383885761846994,BTC-27DEC24
2024-11-11 00:00:00+00:00,91230.0,89192.0,46,19.633905610485435,BTC-27DEC24
2024-11-12 00:00:00+00:00,88920.0,87475.5,45,14.20746701439166,BTC-27DEC24
2024-11-13 00:00:00+00:00,95260.0,90900.0,135,13.504069260722229,BTC-28MAR25
2024-11-14 00:00:00+00:00,91770.0,87724.5,134,13.06628410258297,BTC-28MAR25
2024-11-15 00:00:00+00:00,95405.0,91183.5,133,13.224413000921409,BTC-28MAR25
2024-11-16 00:00:00+00:00,94807.5,90612.0,132,13.332514260843675,BTC-28MAR25
2024-11-17 00:00:00+00:00,96450.0,91795.5,131,14.776029283912706,BTC-28MAR25
2024-11-18 00:00:00+00:00,96347.5,91761.5,130,14.674477836435585,BTC-28MAR25
2024-11-19 00:00:00+00:00,97540.0,92962.5,129,14.568387369153957,BTC-28MAR25
2024-11-20 00:00:00+00:00,101815.0,97039.5,128,14.681341049764885,BTC-28MAR25
2024-11-21 00:00:00+00:00,104295.0,99466.0,127,14.596838526723932,BTC-28MAR25
2024-11-22 00:00:00+00:00,103362.5,98715.0,126,14.255772668111955,BTC-28MAR25
2024-11-23 00:00:00+00:00,103297.5,98520.5,125,14.827141743357174,BTC-28MAR25
2024-11-24 00:00:00+00:00,102890.0,98197.5,124,14.729150845603467,BTC-28MAR25
2024-11-25 00:00:00+00:00,98207.5,93824.5,123,14.509195887944504,BTC-28MAR25
2024-11-26 00:00:00+00:00,97787.5,93625.5,122,13.897121982429228,BTC-28MAR25
2024-11-27 00:00:00+00:00,99700.0,95386.0,121,14.274437696232756,BTC-28MAR25
2024-11-28 00:00:00+00:00,100172.5,95709.5,120,14.869603812533082,BTC-28MAR25
2024-11-29 00:00:00+00:00,101482.5,96859.5,119,15.374033708353707,BTC-28MAR25
2024-11-30 00:00:00+00:00,101125.0,96530.0,118,15.470589918154754,BTC-28MAR25
2024-12-01 00:00:00+00:00,100617.5,96077.5,117,15.492783793002719,BTC-28MAR25
2024-12-02 00:00:00+00:00,100082.5,95602.0,116,15.501756026147206,BTC-28MAR25
2024-12-03 00:00:00+00:00,101192.5,96740.5,115,15.350173944953237,BTC-28MAR25
2024-12-04 00:00:00+00:00,107380.0,102418.5,114,16.353648922331153,BTC-28MAR25
2024-12-05 00:00:00+00:00,102997.5,98240.0,113,16.503942544683415,BTC-28MAR25
2024-12-06 00:00:00+00:00,104015.0,99622.5,112,15.09794107222282,BTC-28MAR25
2024-12-07 00:00:00+00:00,104252.5,99738.5,111,15.6679102708279,BTC-28MAR25
2024-12-08 00:00:00+00:00,104005.0,99656.0,110,15.227149244501948,BTC-28MAR25
2024-12-09 00:00:00+00:00,101212.5,97242.5,109,14.338504704660448,BTC-28MAR25
2024-12-10 00:00:00+00:00,101437.5,97409.5,108,14.675883928045309,BTC-28MAR25
2024-12-11 00:00:00+00:00,104575.0,100531.0,107,14.400217079120647,BTC-28MAR25
2024-12-12 00:00:00+00:00,104245.0,100112.5,106,14.9449485325712,BTC-28MAR25
2024-12-13 00:00:00+00:00,105972.5,101838.0,105,14.836542025738275,BTC-28MAR25
2024-12-14 00:00:00+00:00,105960.0,101768.5,104,15.217530064982544,BTC-28MAR25
2024-12-15 00:00:00+00:00,109447.5,104996.0,103,15.852037008167684,BTC-28MAR25
2024-12-16 00:00:00+00:00,111072.5,106902.5,102,14.675020127333106,BTC-28MAR25
2024-12-17 00:00:00+00:00,108130.0,104240.5,101,14.155150894672275,BTC-28MAR25
2024-12-18 00:00:00+00:00,105342.5,101627.5,100,14.001924292923928,BTC-28MAR25
2024-12-19 00:00:00+00:00,100880.0,97672.0,99,12.653626162597176,BTC-28MAR25
2024-12-20 00:00:00+00:00,102175.0,98973.5,98,12.588425357170463,BTC-28MAR25
2024-12-21 00:00:00+00:00,99120.0,96083.5,97,12.420606863686267,BTC-28MAR25
2024-12-22 00:00:00+00:00,98310.0,95323.5,96,12.444762926062403,BTC-28MAR25
2024-12-23 00:00:00+00:00,96947.5,94091.0,95,12.176865312382512,BTC-28MAR25
2024-12-24 00:00:00+00:00,100987.5,98047.0,94,12.158314636883837,BTC-28MAR25
2024-12-25 00:00:00+00:00,100627.5,97686.5,93,12.34633553655411,BTC-28MAR25
2024-12-26 00:00:00+00:00,97712.5,95078.5,92,11.451064347086138,BTC-28MAR25
2024-12-27 00:00:00+00:00,96912.5,94177.0,91,12.169924614336946,BTC-28MAR25
2024-12-28 00:00:00+00:00,97807.5,95152.0,90,11.810109520262223,BTC-28MAR25
2024-12-29 00:00:00+00:00,96247.5,93579.5,89,12.219812934752984,BTC-28MAR25
2024-12-30 00:00:00+00:00,95420.0,92730.0,88,12.592965356302965,BTC-28MAR25
2024-12-31 00:00:00+00:00,96360.0,93527.0,87,13.336950077706122,BTC-28MAR25
2025-01-01 00:00:00+00:00,98777.5,95748.5,86,14.131908043727726,BTC-28MAR25
2025-01-02 00:00:00+00:00,99370.0,96288.5,85,14.484649588667242,BTC-28MAR25
2025-01-03 00:00:00+00:00,101295.0,98264.0,84,14.111444421265817,BTC-28MAR25
2025-01-04 00:00:00+00:00,101070.0,98249.0,83,13.256864556029191,BTC-28MAR25
2025-01-05 00:00:00+00:00,102072.5,99365.0,82,12.711801081325525,BTC-28MAR25
2025-01-06 00:00:00+00:00,104382.5,101688.5,81,12.504899611869092,BTC-28MAR25
2025-01-07 00:00:00+00:00,97822.5,95589.5,80,11.110560966458593,BTC-28MAR25
2025-01-08 00:00:00+00:00,95535.0,93149.0,79,12.395855650731669,BTC-28MAR25
2025-01-09 00:00:00+00:00,96850.0,94499.5,78,12.1839334949994,BTC-28MAR25
2025-01-10 00:00:00+00:00,96430.0,94239.0,77,11.510276282017017,BTC-28MAR25
2025-01-11 00:00:00+00:00,96385.0,94292.5,76,11.11690366510112,BTC-28MAR25
2025-01-12 00:00:00+00:00,95592.5,93531.0,75,11.193340564856168,BTC-28MAR25
2025-01-13 00:00:00+00:00,97060.0,94884.0,74,11.833303110670057,BTC-28MAR25
2025-01-14 00:00:00+00:00,99505.0,97298.0,73,11.867763063137238,BTC-28MAR25
2025-01-15 00:00:00+00:00,102155.0,99837.0,72,12.339570227427643,BTC-28MAR25
2025-01-16 00:00:00+00:00,104125.0,101523.0,71,13.893994973081082,BTC-28MAR25
2025-01-17 00:00:00+00:00,105415.0,102804.5,70,13.968563065110274,BTC-28MAR25
2025-01-18 00:00:00+00:00,107785.0,105078.0,69,14.402241091278567,BTC-28MAR25
2025-01-19 00:00:00+00:00,109865.0,107079.0,68,14.782687574280562,BTC-28MAR25
2025-01-20 00:00:00+00:00,104372.5,101865.5,67,14.162302432408325,BTC-28MAR25
2025-01-21 00:00:00+00:00,107557.5,105096.0,66,13.659175111135081,BTC-28MAR25
2025-01-22 00:00:00+00:00,104747.5,102654.0,65,12.004252498400959,BTC-28MAR25
2025-01-23 00:00:00+00:00,107147.5,105062.0,64,11.862374381660668,BTC-28MAR25
2025-01-24 00:00:00+00:00,106362.5,104390.0,63,11.455188292666696,BTC-28MAR25
2025-01-25 00:00:00+00:00,107102.5,105036.5,62,12.150472813361922,BTC-28MAR25
2025-01-26 00:00:00+00:00,100780.0,99029.0,61,11.057265688353102,BTC-28MAR25
2025-01-27 00:00:00+00:00,104677.5,102806.0,60,11.599484092236946,BTC-28MAR25
2025-01-28 00:00:00+00:00,104522.5,102719.5,59,11.365395607727425,BTC-28MAR25
2025-01-29 00:00:00+00:00,107085.0,105153.0,58,12.13970309764938,BTC-28MAR25
2025-01-30 00:00:00+00:00,105877.5,104205.0,57,10.734011385994236,BTC-28MAR25
2025-01-31 00:00:00+00:00,103842.5,102175.5,56,11.124512728401115,BTC-28MAR25
2025-02-01 00:00:00+00:00,101310.0,99606.0,55,11.915146060664682,BTC-28MAR25
2025-02-02 00:00:00+00:00,96765.0,95390.0,54,10.156937268998067,BTC-28MAR25
2025-02-03 00:00:00+00:00,99815.0,98557.0,53,9.127640334251641,BTC-28MAR25
2025-02-04 00:00:00+00:00,99112.5,97929.0,52,8.797798325692675,BTC-28MAR25
2025-02-05 00:00:00+00:00,99510.0,98257.5,51,9.488881186627651,BTC-28MAR25
2025-02-06 00:00:00+00:00,97882.5,96757.0,50,8.809147675676199,BTC-28MAR25
2025-02-07 00:00:00+00:00,97172.5,96202.0,49,7.7636151336394565,BTC-28MAR25
2025-02-08 00:00:00+00:00,98082.5,97106.5,48,7.901283970623885,BTC-28MAR25
2025-02-09 00:00:00+00:00,98515.0,97465.0,47,8.677649923060216,BTC-28MAR25
2025-02-10 00:00:00+00:00,99350.0,98302.5,46,8.774288999662039,BTC-28MAR25
2025-02-11 00:00:00+00:00,96997.5,96097.0,45,7.858845585260021,BTC-28MAR25
2025-02-12 00:00:00+00:00,99080.0,96067.5,135,8.706456376007976,BTC-27JUN25
2025-02-13 00:00:00+00:00,99995.0,96964.0,134,8.745723517621729,BTC-27JUN25
2025-02-14 00:00:00+00:00,100397.5,97431.0,133,8.579372527497942,BTC-27JUN25
2025-02-15 00:00:00+00:00,100220.0,97276.5,132,8.592274390118536,BTC-27JUN25
2025-02-16 00:00:00+00:00,98580.0,96073.5,131,7.43972147920704,BTC-27JUN25
2025-02-17 00:00:00+00:00,97787.5,95469.5,130,6.967658767337315,BTC-27JUN25
2025-02-18 00:00:00+00:00,98287.5,95693.5,129,7.8615236236960095,BTC-27JUN25
2025-02-19 00:00:00+00:00,99440.0,96904.0,128,7.644749854064048,BTC-27JUN25
2025-02-20 00:00:00+00:00,100812.5,98255.5,127,7.66309813417152,BTC-27JUN25
2025-02-21 00:00:00+00:00,98837.5,96294.0,126,7.844841414106152,BTC-27JUN25
2025-02-22 00:00:00+00:00,99007.5,96550.5,125,7.61371307588401,BTC-27JUN25
2025-02-23 00:00:00+00:00,98242.5,95897.0,124,7.3719222802172135,BTC-27JUN25
2025-02-24 00:00:00+00:00,91507.5,89322.5,123,7.43508570609015,BTC-27JUN25
2025-02-25 00:00:00+00:00,90830.0,88642.5,122,7.566038167694233,BTC-27JUN25
2025-02-26 00:00:00+00:00,88282.5,86208.5,121,7.434621228472471,BTC-27JUN25
2025-02-27 00:00:00+00:00,80962.5,79123.5,120,7.238573438325924,BTC-27JUN25
2025-02-28 00:00:00+00:00,86820.0,84693.0,119,7.904853675020407,BTC-27JUN25
2025-03-01 00:00:00+00:00,88245.0,86198.0,118,7.5298256928990615,BTC-27JUN25
2025-03-02 00:00:00+00:00,94192.5,92350.0,117,6.356703964035382,BTC-27JUN25
2025-03-03 00:00:00+00:00,84922.5,83105.0,116,7.044361117777065,BTC-27JUN25
2025-03-04 00:00:00+00:00,89352.5,87585.5,115,6.544759040492032,BTC-27JUN25
2025-03-05 00:00:00+00:00,93125.0,91302.5,114,6.53262578749656,BTC-27JUN25
2025-03-06 00:00:00+00:00,90120.0,88346.5,113,6.630535031994,BTC-27JUN25
2025-03-07 00:00:00+00:00,87845.0,86179.0,112,6.43879178655522,BTC-27JUN25
2025-03-08 00:00:00+00:00,87632.5,85965.5,111,6.519136947153892,BTC-27JUN25
2025-03-09 00:00:00+00:00,83810.0,82285.0,110,6.282816504448263,BTC-27JUN25
2025-03-10 00:00:00+00:00,81945.0,80371.0,109,6.710155314211086,BTC-27JUN25
2025-03-11 00:00:00+00:00,83980.0,82368.0,108,6.769577330281251,BTC-27JUN25
2025-03-12 00:00:00+00:00,84690.0,83137.0,107,6.516922131785452,BTC-27JUN25
2025-03-13 00:00:00+00:00,83740.0,82178.5,106,6.696185195295401,BTC-27JUN25
2025-03-14 00:00:00+00:00,85262.5,83823.5,105,6.09549548459265,BTC-27JUN25
2025-03-15 00:00:00+00:00,85677.5,84258.5,104,6.036518202160668,BTC-27JUN25
2025-03-16 00:00:00+00:00,84945.0,83547.5,103,6.054724370340603,BTC-27JUN25
2025-03-17 00:00:00+00:00,84287.5,83135.0,102,5.050086161172884,BTC-27JUN25
2025-03-18 00:00:00+00:00,84315.0,83155.0,101,5.133884710053627,BTC-27JUN25
2025-03-19 00:00:00+00:00,87027.5,85830.5,100,5.185108393613769,BTC-27JUN25
2025-03-20 00:00:00+00:00,85045.0,83866.5,99,5.279401356231461,BTC-27JUN25
2025-03-21 00:00:00+00:00,85357.5,84215.0,98,5.146927064284301,BTC-27JUN25
2025-03-22 00:00:00+00:00,85400.0,84265.0,97,5.163443987362704,BTC-27JUN25
2025-03-23 00:00:00+00:00,88080.0,86907.5,96,5.227271824863222,BTC-27JUN25
2025-03-24 00:00:00+00:00,87612.5,86461.0,95,5.214607760926904,BTC-27JUN25
2025-03-25 00:00:00+00:00,89380.0,88190.0,94,5.342312807215799,BTC-27JUN25
2025-03-26 00:00:00+00:00,88537.5,87387.0,93,5.2674588886587825,BTC-27JUN25
2025-03-27 00:00:00+00:00,86127.5,85150.0,92,4.6326219633729515,BTC-27JUN25
2025-03-28 00:00:00+00:00,84707.5,83690.0,91,4.966534716423143,BTC-27JUN25
2025-03-29 00:00:00+00:00,83907.5,83001.0,90,4.503757993263857,BTC-27JUN25
2025-03-30 00:00:00+00:00,82665.0,81914.0,89,3.813767481505592,BTC-27JUN25
2025-03-31 00:00:00+00:00,84422.5,83481.5,88,4.758914731875108,BTC-27JUN25
2025-04-01 00:00:00+00:00,85427.5,84417.0,87,5.118929205908929,BTC-27JUN25
2025-04-02 00:00:00+00:00,84412.5,83473.0,86,4.864837217529394,BTC-27JUN25
2025-04-03 00:00:00+00:00,85000.0,84004.5,85,5.188996997839412,BTC-27JUN25
2025-04-04 00:00:00+00:00,84470.0,83476.0,84,5.278157883227608,BTC-27JUN25
2025-04-05 00:00:00+00:00,83932.5,83003.5,83,5.016337480130506,BTC-27JUN25
2025-04-06 00:00:00+00:00,75807.5,75057.0,82,4.528230434301528,BTC-27JUN25
2025-04-07 00:00:00+00:00,80147.5,79492.5,81,3.766987740342298,BTC-27JUN25
2025-04-08 00:00:00+00:00,78702.5,77638.0,80,6.410255653824692,BTC-27JUN25
2025-04-09 00:00:00+00:00,82580.0,81576.5,79,5.811450546497543,BTC-27JUN25
2025-04-10 00:00:00+00:00,82155.0,81217.5,78,5.517466653821579,BTC-27JUN25
2025-04-11 00:00:00+00:00,84660.0,83729.5,77,5.378530786307856,BTC-27JUN25
2025-04-12 00:00:00+00:00,85415.0,84454.0,76,5.5843993562633365,BTC-27JUN25
2025-04-13 00:00:00+00:00,85480.0,84582.0,75,5.274036434904872,BTC-27JUN25
2025-04-14 00:00:00+00:00,86552.5,85731.5,74,4.813276121164045,BTC-27JUN25
2025-04-15 00:00:00+00:00,84207.5,83342.0,73,5.301432352352231,BTC-27JUN25
2025-04-16 00:00:00+00:00,85605.0,84699.5,72,5.538796940552659,BTC-27JUN25
2025-04-17 00:00:00+00:00,85592.5,84656.0,71,5.818789639181898,BTC-27JUN25
2025-04-18 00:00:00+00:00,86147.5,85231.5,70,5.732272517441839,BTC-27JUN25
2025-04-19 00:00:00+00:00,85722.5,84796.5,69,5.913598572430079,BTC-27JUN25
2025-04-20 00:00:00+00:00,88422.5,87454.5,68,6.086647866864903,BTC-27JUN25
2025-04-21 00:00:00+00:00,89397.5,88518.0,67,5.533780064780114,BTC-27JUN25
2025-04-22 00:00:00+00:00,95182.5,94145.5,66,6.245524442016115,BTC-27JUN25
2025-04-23 00:00:00+00:00,93125.0,92184.0,65,5.86879842589787,BTC-27JUN25
2025-04-24 00:00:00+00:00,94755.0,93805.5,64,5.911841195725698,BTC-27JUN25
2025-04-25 00:00:00+00:00,95705.0,94634.0,63,6.73726355213069,BTC-27JUN25
2025-04-26 00:00:00+00:00,95140.0,94078.0,62,6.831669214113489,BTC-27JUN25
2025-04-27 00:00:00+00:00,95697.5,94743.0,61,6.181631016604583,BTC-27JUN25
2025-04-28 00:00:00+00:00,95962.5,94932.0,60,6.788449754250614,BTC-27JUN25
2025-04-29 00:00:00+00:00,95592.5,94642.0,59,6.377210582880144,BTC-27JUN25
2025-04-30 00:00:00+00:00,96010.0,95060.5,58,6.454346204923622,BTC-27JUN25
2025-05-01 00:00:00+00:00,97477.5,96401.5,57,7.366475138821782,BTC-27JUN25
2025-05-02 00:00:00+00:00,97260.0,96371.0,56,6.167737116482774,BTC-27JUN25
2025-05-03 00:00:00+00:00,96707.5,95900.0,55,5.722310310590428,BTC-27JUN25
2025-05-04 00:00:00+00:00,95455.0,94762.5,54,5.044651019512991,BTC-27JUN25
2025-05-05 00:00:00+00:00,95107.5,94391.0,53,5.3458563514699575,BTC-27JUN25
2025-05-06 00:00:00+00:00,97625.0,96988.0,52,4.7022406017390495,BTC-27JUN25
2025-05-07 00:00:00+00:00,100045.0,99298.5,51,5.506479202817238,BTC-27JUN25
2025-05-08 00:00:00+00:00,104447.5,103643.0,50,5.806887831760821,BTC-27JUN25
2025-05-09 00:00:00+00:00,104637.5,103810.0,49,6.092651233921353,BTC-27JUN25
2025-05-10 00:00:00+00:00,104350.0,103446.5,48,6.836165331110333,BTC-27JUN25
2025-05-11 00:00:00+00:00,105425.0,104476.5,47,7.270755791184458,BTC-27JUN25
2025-05-12 00:00:00+00:00,103615.0,102683.5,46,7.428611752570546,BTC-27JUN25
2025-05-13 00:00:00+00:00,104605.0,103723.0,45,7.109401339850963,BTC-27JUN25
2025-05-14 00:00:00+00:00,104382.5,101823.0,135,6.942617112290916,BTC-26SEP25
2025-05-15 00:00:00+00:00,106182.5,103720.5,134,6.598681805832807,BTC-26SEP25
2025-05-16 00:00:00+00:00,106060.0,103491.5,133,6.959422407527294,BTC-26SEP25
2025-05-17 00:00:00+00:00,106505.0,103948.0,132,6.950549207356094,BTC-26SEP25
2025-05-18 00:00:00+00:00,105720.0,103267.0,131,6.759755574021287,BTC-26SEP25
2025-05-19 00:00:00+00:00,107820.0,105104.5,130,7.424579650960328,BTC-26SEP25
2025-05-20 00:00:00+00:00,109335.0,106603.0,129,7.42246685005663,BTC-26SEP25
2025-05-21 00:00:00+00:00,114110.0,111121.5,128,7.8613862885913655,BTC-26SEP25
2025-05-22 00:00:00+00:00,113870.0,110744.0,127,8.328893258966108,BTC-26SEP25
2025-05-23 00:00:00+00:00,110475.0,107600.5,126,7.936378396464727,BTC-26SEP25
2025-05-24 00:00:00+00:00,110570.0,107689.0,125,8.01414174163284,BTC-26SEP25
2025-05-25 00:00:00+00:00,113230.0,110185.0,124,8.354951364339813,BTC-26SEP25
2025-05-26 00:00:00+00:00,112457.5,109599.5,123,7.938401686696683,BTC-26SEP25
2025-05-27 00:00:00+00:00,111757.5,108869.5,122,8.147914453221183,BTC-26SEP25
2025-05-28 00:00:00+00:00,110735.0,107928.5,121,8.051446051709444,BTC-26SEP25
2025-05-29 00:00:00+00:00,107700.0,105075.0,120,7.794208147439852,BTC-26SEP25
2025-05-30 00:00:00+00:00,106395.0,103772.0,119,7.957272723878317,BTC-26SEP25
2025-05-31 00:00:00+00:00,106917.5,104313.0,118,7.926850094364224,BTC-26SEP25
2025-06-01 00:00:00+00:00,107872.5,105434.5,117,7.392009519762333,BTC-26SEP25
2025-06-02 00:00:00+00:00,107555.0,105227.0,116,7.12799801479953,BTC-26SEP25
2025-06-03 00:00:00+00:00,107645.0,105369.5,115,7.016454312469289,BTC-26SEP25
2025-06-04 00:00:00+00:00,106632.5,104548.5,114,6.523334022438987,BTC-26SEP25
2025-06-05 00:00:00+00:00,105150.0,103188.5,113,6.271201691152917,BTC-26SEP25
2025-06-06 00:00:00+00:00,106940.0,104942.0,112,6.339195946403797,BTC-26SEP25
2025-06-07 00:00:00+00:00,107380.0,105517.0,111,5.92394878321878,BTC-26SEP25
2025-06-08 00:00:00+00:00,107627.5,105650.0,110,6.3466491700435945,BTC-26SEP25
2025-06-09 00:00:00+00:00,111310.0,109292.0,109,6.318178285900622,BTC-26SEP25
2025-06-10 00:00:00+00:00,111605.0,109498.5,108,6.651769123144158,BTC-26SEP25
2025-06-11 00:00:00+00:00,109580.0,107651.5,107,6.244044868219678,BTC-26SEP25
2025-06-12 00:00:00+00:00,106647.5,104946.0,106,5.6942585560673775,BTC-26SEP25
2025-06-13 00:00:00+00:00,106762.5,105112.0,105,5.565356277948519,BTC-26SEP25
2025-06-14 00:00:00+00:00,107165.0,105502.5,104,5.640646810475514,BTC-26SEP25
2025-06-15 00:00:00+00:00,108842.5,107099.5,103,5.887583423942733,BTC-26SEP25
2025-06-16 00:00:00+00:00,108575.0,106810.5,102,6.038536179764753,BTC-26SEP25
2025-06-17 00:00:00+00:00,106685.0,104991.5,101,5.953064329680591,BTC-26SEP25
2025-06-18 00:00:00+00:00,106267.5,104646.5,100,5.770975549364499,BTC-26SEP25
2025-06-19 00:00:00+00:00,107407.5,105827.5,99,5.615813864658525,BTC-26SEP25
2025-06-20 00:00:00+00:00,104977.5,103472.0,98,5.527378287603835,BTC-26SEP25
2025-06-21 00:00:00+00:00,103817.5,102444.0,97,5.1392036208459,BTC-26SEP25
2025-06-22 00:00:00+00:00,103265.0,101955.5,96,4.971888633819499,BTC-26SEP25
2025-06-23 00:00:00+00:00,106490.0,105054.0,95,5.354708889489701,BTC-26SEP25
2025-06-24 00:00:00+00:00,108065.0,106676.5,94,5.149683924071136,BTC-26SEP25
2025-06-25 00:00:00+00:00,109275.0,107915.0,93,5.038040970236879,BTC-26SEP25
2025-06-26 00:00:00+00:00,108172.5,106899.5,92,4.808649376063201,BTC-26SEP25
2025-06-27 00:00:00+00:00,108805.0,107563.5,91,4.710559600990738,BTC-26SEP25
2025-06-28 00:00:00+00:00,108657.5,107478.0,90,4.5258889340654695,BTC-26SEP25
2025-06-29 00:00:00+00:00,108947.5,107678.5,89,4.922258941146929,BTC-26SEP25
2025-06-30 00:00:00+00:00,108252.5,107206.5,88,4.109463211204822,BTC-26SEP25
2025-07-01 00:00:00+00:00,108250.0,107150.5,87,4.376124665608061,BTC-26SEP25
2025-07-02 00:00:00+00:00,110657.5,109380.0,86,5.051717108034959,BTC-26SEP25
2025-07-03 00:00:00+00:00,110037.5,108773.5,85,5.086327670104951,BTC-26SEP25
2025-07-04 00:00:00+00:00,109302.5,108095.5,84,4.943326579074592,BTC-26SEP25
2025-07-05 00:00:00+00:00,109267.5,108097.5,83,4.848036892259433,BTC-26SEP25
2025-07-06 00:00:00+00:00,110415.0,109119.5,82,5.393944295192354,BTC-26SEP25
2025-07-07 00:00:00+00:00,109750.0,108491.5,81,5.33448753624568,BTC-26SEP25
2025-07-08 00:00:00+00:00,110092.5,108761.0,80,5.708697606208091,BTC-26SEP25
2025-07-09 00:00:00+00:00,112757.5,111335.0,79,6.041241800923425,BTC-26SEP25
2025-07-10 00:00:00+00:00,119352.5,117660.0,78,6.911726782398264,BTC-26SEP25
2025-07-11 00:00:00+00:00,119437.5,117820.0,77,6.676886000771121,BTC-26SEP25
2025-07-12 00:00:00+00:00,119747.5,118065.0,76,7.031973764744581,BTC-26SEP25
2025-07-13 00:00:00+00:00,124865.0,122806.0,75,8.428352752533975,BTC-26SEP25
2025-07-14 00:00:00+00:00,118562.5,116800.0,74,7.667104494036647,BTC-26SEP25
2025-07-15 00:00:00+00:00,120027.5,118240.5,73,7.788521430236028,BTC-26SEP25
2025-07-16 00:00:00+00:00,120067.5,118374.0,72,7.4667553822808985,BTC-26SEP25
2025-07-17 00:00:00+00:00,121215.0,119520.0,71,7.507876664470503,BTC-26SEP25
2025-07-18 00:00:00+00:00,119897.5,118291.5,70,7.284733566927382,BTC-26SEP25
2025-07-19 00:00:00+00:00,119895.0,118138.5,69,8.119980630906154,BTC-26SEP25
2025-07-20 00:00:00+00:00,121225.0,119465.5,68,8.164035613365584,BTC-26SEP25
2025-07-21 00:00:00+00:00,119597.5,118058.0,67,7.313116670156794,BTC-26SEP25
2025-07-22 00:00:00+00:00,120237.5,118437.5,66,8.699460794241354,BTC-26SEP25
2025-07-23 00:00:00+00:00,120175.0,118511.5,65,8.141774890993858,BTC-26SEP25
2025-07-24 00:00:00+00:00,116562.5,115272.5,64,6.552589667074882,BTC-26SEP25
2025-07-25 00:00:00+00:00,119052.5,117427.0,63,8.290735713112385,BTC-26SEP25
2025-07-26 00:00:00+00:00,119852.5,118191.0,62,8.565451802675227,BTC-26SEP25
2025-07-27 00:00:00+00:00,120727.5,118925.5,61,9.415855266174278,BTC-26SEP25
2025-07-28 00:00:00+00:00,120612.5,118931.0,60,8.915978427134874,BTC-26SEP25
2025-07-29 00:00:00+00:00,119700.0,118140.0,59,8.4539290385099,BTC-26SEP25
2025-07-30 00:00:00+00:00,119895.0,118709.5,58,6.453144315600201,BTC-26SEP25
2025-07-31 00:00:00+00:00,116165.0,115063.5,57,6.290855836313569,BTC-26SEP25
2025-08-01 00:00:00+00:00,115017.5,113929.5,56,6.390774111729236,BTC-26SEP25
2025-08-02 00:00:00+00:00,114755.0,113645.0,55,6.663045028322023,BTC-26SEP25
2025-08-03 00:00:00+00:00,115725.0,114672.0,54,6.373371192781541,BTC-26SEP25
2025-08-04 00:00:00+00:00,115065.0,113991.5,53,6.668102775171625,BTC-26SEP25
2025-08-05 00:00:00+00:00,115320.0,114240.5,52,6.824364591618348,BTC-26SEP25
2025-08-06 00:00:00+00:00,115962.5,114851.5,51,7.132715503021281,BTC-26SEP25
2025-08-07 00:00:00+00:00,118187.5,116903.5,50,8.300743086266982,BTC-26SEP25
2025-08-08 00:00:00+00:00,118067.5,116818.5,49,8.244269811460114,BTC-26SEP25
2025-08-09 00:00:00+00:00,119257.5,117850.0,48,9.448030535457486,BTC-26SEP25
2025-08-10 00:00:00+00:00,122977.5,121589.5,47,9.215170159989295,BTC-26SEP25
2025-08-11 00:00:00+00:00,120370.0,119040.0,46,9.216446568847413,BTC-26SEP25
2025-08-12 00:00:00+00:00,121007.5,119646.0,45,9.61218855368642,BTC-26SEP25
2025-08-13 00:00:00+00:00,126167.5,121841.0,135,9.893509192214744,BTC-26DEC25
2025-08-14 00:00:00+00:00,123152.5,119081.5,134,9.588695733816067,BTC-26DEC25
2025-08-15 00:00:00+00:00,121455.0,117660.0,133,9.102645283655075,BTC-26DEC25
2025-08-16 00:00:00+00:00,121755.0,118088.0,132,8.823848835086402,BTC-26DEC25
2025-08-17 00:00:00+00:00,118582.5,115294.0,131,8.151135156228895,BTC-26DEC25
2025-08-18 00:00:00+00:00,117722.5,114980.5,130,6.840897292773862,BTC-26DEC25
2025-08-19 00:00:00+00:00,116267.5,113469.0,129,7.136829638340059,BTC-26DEC25
2025-08-20 00:00:00+00:00,116840.0,113935.5,128,7.44214408314261,BTC-26DEC25
2025-08-21 00:00:00+00:00,116100.0,113083.0,127,7.860909438709696,BTC-26DEC25
2025-08-22 00:00:00+00:00,119120.0,115797.0,126,8.541141527168117,BTC-26DEC25
2025-08-23 00:00:00+00:00,118345.0,114897.5,125,9.01615430724143,BTC-26DEC25
2025-08-24 00:00:00+00:00,114582.5,111494.5,124,8.373913912152986,BTC-26DEC25
2025-08-25 00:00:00+00:00,113317.5,110291.0,123,8.36483944396722,BTC-26DEC25
2025-08-26 00:00:00+00:00,113700.0,110746.5,122,8.192628618478492,BTC-26DEC25
2025-08-27 00:00:00+00:00,116315.0,113213.5,121,8.494202783537341,BTC-26DEC25
2025-08-28 00:00:00+00:00,113010.0,109990.5,120,8.586332897303418,BTC-26DEC25
2025-08-29 00:00:00+00:00,111002.5,108474.0,119,7.32331071948269,BTC-26DEC25
2025-08-30 00:00:00+00:00,111315.0,108740.5,118,7.506428490097483,BTC-26DEC25
2025-08-31 00:00:00+00:00,112047.5,109487.0,117,7.478146034487598,BTC-26DEC25
2025-09-01 00:00:00+00:00,112707.5,110238.0,116,7.219683247318676,BTC-26DEC25
2025-09-02 00:00:00+00:00,113657.5,111150.0,115,7.337351662328451,BTC-26DEC25
2025-09-03 00:00:00+00:00,112902.5,110489.0,114,7.163506131678843,BTC-26DEC25
2025-09-04 00:00:00+00:00,115265.0,113000.0,113,6.620365920352489,BTC-26DEC25
2025-09-05 00:00:00+00:00,113140.0,110859.5,112,6.861077541163252,BTC-26DEC25
2025-09-06 00:00:00+00:00,113022.5,110764.0,111,6.8626773578385425,BTC-26DEC25
2025-09-07 00:00:00+00:00,113602.5,111292.5,110,7.054465367490037,BTC-26DEC25
2025-09-08 00:00:00+00:00,115400.0,113047.5,109,7.1403166582081345,BTC-26DEC25
2025-09-09 00:00:00+00:00,115007.5,112589.5,108,7.445478225024549,BTC-26DEC25
2025-09-10 00:00:00+00:00,116542.5,114150.0,107,7.332102668825047,BTC-26DEC25
2025-09-11 00:00:00+00:00,117935.0,115200.5,106,8.41328817727922,BTC-26DEC25
2025-09-12 00:00:00+00:00,118645.0,115891.0,105,8.506612546533422,BTC-26DEC25
2025-09-13 00:00:00+00:00,118650.0,115895.0,104,8.594731473099525,BTC-26DEC25
2025-09-14 00:00:00+00:00,118600.0,115893.0,103,8.526122771955036,BTC-26DEC25
2025-09-15 00:00:00+00:00,118450.0,115868.5,102,8.204281169138184,BTC-26DEC25
2025-09-16 00:00:00+00:00,119627.5,117266.5,101,7.469549463747893,BTC-26DEC25
2025-09-17 00:00:00+00:00,119437.5,117140.5,100,7.345230538486436,BTC-26DEC25
2025-09-18 00:00:00+00:00,119310.0,116964.5,99,7.594741568411223,BTC-26DEC25
2025-09-19 00:00:00+00:00,118230.0,116016.5,98,7.292743865689322,BTC-26DEC25
2025-09-20 00:00:00+00:00,118017.5,115864.5,97,7.173672271378084,BTC-26DEC25
2025-09-21 00:00:00+00:00,114680.0,112622.0,96,7.127578828156689,BTC-26DEC25
2025-09-22 00:00:00+00:00,115150.0,113160.0,95,6.927297974968383,BTC-26DEC25
2025-09-23 00:00:00+00:00,114572.5,112618.5,94,6.90755054147385,BTC-26DEC25
2025-09-24 00:00:00+00:00,113665.0,111825.5,93,6.613029027499984,BTC-26DEC25
2025-09-25 00:00:00+00:00,111110.0,109350.0,92,6.539663422868114,BTC-26DEC25
2025-09-26 00:00:00+00:00,111190.0,109479.5,91,6.415695536786159,BTC-26DEC25
2025-09-27 00:00:00+00:00,111295.0,109556.5,90,6.593292965307884,BTC-26DEC25
2025-09-28 00:00:00+00:00,113715.0,111948.5,89,6.631494220511613,BTC-26DEC25
2025-09-29 00:00:00+00:00,115642.5,113820.0,88,6.810688988786495,BTC-26DEC25
2025-09-30 00:00:00+00:00,116522.5,114611.0,87,7.1858950928235465,BTC-26DEC25
2025-10-01 00:00:00+00:00,120570.0,118674.5,86,6.9566650439616184,BTC-26DEC25
2025-10-02 00:00:00+00:00,121925.0,119788.0,85,7.888824984169052,BTC-26DEC25
2025-10-03 00:00:00+00:00,124682.5,122502.0,84,7.967890416040868,BTC-26DEC25
2025-10-04 00:00:00+00:00,127170.0,124785.5,83,8.680243208516814,BTC-26DEC25
2025-10-05 00:00:00+00:00,125757.5,123492.0,82,8.428311286242952,BTC-26DEC25
2025-10-06 00:00:00+00:00,126050.0,123777.5,81,8.543523926292362,BTC-26DEC25
2025-10-07 00:00:00+00:00,123667.5,121637.5,80,7.84392538026728,BTC-26DEC25
2025-10-08 00:00:00+00:00,123975.0,121935.5,79,7.965273440256371,BTC-26DEC25
2025-10-09 00:00:00+00:00,122855.0,120949.5,78,7.589009753135967,BTC-26DEC25
2025-10-10 00:00:00+00:00,111982.5,110494.0,77,6.548623746601345,BTC-26DEC25
2025-10-11 00:00:00+00:00,113325.0,111651.0,76,7.408818375101234,BTC-26DEC25
2025-10-12 00:00:00+00:00,117132.5,115495.0,75,7.091725677594907,BTC-26DEC25
2025-10-13 00:00:00+00:00,113170.0,111790.5,74,6.236118171173999,BTC-26DEC25
2025-10-14 00:00:00+00:00,114135.0,112684.5,73,6.6039521802534695,BTC-26DEC25
2025-10-15 00:00:00+00:00,111925.0,110637.5,72,6.040724774883444,BTC-26DEC25
2025-10-16 00:00:00+00:00,106812.5,105597.5,71,6.057649706446955,BTC-26DEC25
2025-10-17 00:00:00+00:00,108052.5,106824.5,70,6.141069127335452,BTC-26DEC25
2025-10-18 00:00:00+00:00,108102.5,106812.5,69,6.556388605080832,BTC-26DEC25
2025-10-19 00:00:00+00:00,112575.0,111249.5,68,6.5640149038810325,BTC-26DEC25
2025-10-20 00:00:00+00:00,109347.5,108119.5,67,6.3457994802232465,BTC-26DEC25
2025-10-21 00:00:00+00:00,109445.0,108350.0,66,5.718474641735027,BTC-26DEC25
2025-10-22 00:00:00+00:00,110505.0,109300.0,65,6.350406181962276,BTC-26DEC25
2025-10-23 00:00:00+00:00,112302.5,111138.0,64,6.124871050034764,BTC-26DEC25
2025-10-24 00:00:00+00:00,112632.5,111501.5,63,6.02142873596605,BTC-26DEC25
2025-10-25 00:00:00+00:00,112880.0,111786.5,62,5.8981900839375045,BTC-26DEC25
2025-10-26 00:00:00+00:00,116925.0,115580.0,61,7.168156176567675,BTC-26DEC25
2025-10-27 00:00:00+00:00,115397.5,114224.5,60,6.412480965081713,BTC-26DEC25
2025-10-28 00:00:00+00:00,114717.5,113653.5,59,5.934069465681269,BTC-26DEC25
2025-10-29 00:00:00+00:00,112285.0,111420.0,58,4.987102344157113,BTC-26DEC25
2025-10-30 00:00:00+00:00,110320.0,109420.5,57,5.382391039079315,BTC-26DEC25
2025-10-31 00:00:00+00:00,110840.0,110004.0,56,5.05844614368578,BTC-26DEC25
2025-11-01 00:00:00+00:00,111802.5,110918.5,55,5.409327665006258,BTC-26DEC25
2025-11-02 00:00:00+00:00,108410.0,107459.5,54,6.133132492526183,BTC-26DEC25
2025-11-03 00:00:00+00:00,105055.0,104392.0,53,4.456458564529897,BTC-26DEC25
2025-11-04 00:00:00+00:00,102665.0,102006.5,52,4.620236271470257,BTC-26DEC25
2025-11-05 00:00:00+00:00,103955.0,103200.0,51,5.3552971448281195,BTC-26DEC25
2025-11-06 00:00:00+00:00,102592.5,101931.5,50,4.831679408315459,BTC-26DEC25
2025-11-07 00:00:00+00:00,102952.5,102288.5,49,4.937878846746013,BTC-26DEC25
2025-11-08 00:00:00+00:00,102412.5,101903.5,48,3.861456128041474,BTC-26DEC25
2025-11-09 00:00:00+00:00,107212.5,106484.0,47,5.437600801219844,BTC-26DEC25
2025-11-10 00:00:00+00:00,105382.5,104757.5,46,4.833115311310521,BTC-26DEC25
2025-11-11 00:00:00+00:00,103662.5,103102.5,45,4.491567836845678,BTC-26DEC25
2025-11-12 00:00:00+00:00,105265.0,103430.0,135,4.869562508996239,BTC-27MAR26
2025-11-13 00:00:00+00:00,98680.0,97013.5,134,4.748655386873235,BTC-27MAR26
2025-11-14 00:00:00+00:00,97925.0,96226.0,133,4.920485384493123,BTC-27MAR26
2025-11-15 00:00:00+00:00,97580.0,95990.0,132,4.647501571448376,BTC-27MAR26
2025-11-16 00:00:00+00:00,97200.0,95590.0,131,4.763736295462495,BTC-27MAR26
2025-11-17 00:00:00+00:00,91875.0,90415.5,130,4.598629560456713,BTC-27MAR26
2025-11-18 00:00:00+00:00,93512.5,91797.5,129,5.376915271933691,BTC-27MAR26
2025-11-19 00:00:00+00:00,93927.5,92249.5,128,5.2747328151534045,BTC-27MAR26
2025-11-20 00:00:00+00:00,85207.5,83842.5,127,4.750765994968842,BTC-27MAR26
2025-11-21 00:00:00+00:00,85830.0,84494.0,126,4.649407278201556,BTC-27MAR26
2025-11-22 00:00:00+00:00,87165.0,85740.5,125,4.929083196710304,BTC-27MAR26
2025-11-23 00:00:00+00:00,88467.5,86966.0,124,5.167875971831726,BTC-27MAR26
2025-11-24 00:00:00+00:00,88917.5,87381.0,123,5.3087633325834105,BTC-27MAR26
2025-11-25 00:00:00+00:00,89445.0,87906.5,122,5.327912122546752,BTC-27MAR26
2025-11-26 00:00:00+00:00,93035.0,91403.5,121,5.4818185614148085,BTC-27MAR26
2025-11-27 00:00:00+00:00,92527.5,90948.0,120,5.376700204153795,BTC-27MAR26
2025-11-28 00:00:00+00:00,92190.0,90597.5,119,5.4900626441418465,BTC-27MAR26
2025-11-29 00:00:00+00:00,92580.0,91026.5,118,5.373912054962293,BTC-27MAR26
2025-11-30 00:00:00+00:00,87860.0,86576.5,117,4.697974156834039,BTC-27MAR26
2025-12-01 00:00:00+00:00,88430.0,87020.5,116,5.185723242172213,BTC-27MAR26
2025-12-02 00:00:00+00:00,94557.5,93064.5,115,5.1811401860377915,BTC-27MAR26
2025-12-03 00:00:00+00:00,94940.0,93464.5,114,5.142927150635668,BTC-27MAR26
2025-12-04 00:00:00+00:00,93600.0,92220.0,113,4.914721356085039,BTC-27MAR26
2025-12-05 00:00:00+00:00,90837.5,89599.5,112,4.573554122454149,BTC-27MAR26
2025-12-06 00:00:00+00:00,90630.0,89400.5,111,4.593869979946197,BTC-27MAR26
2025-12-07 00:00:00+00:00,92772.5,91571.5,110,4.418479349903781,BTC-27MAR26
2025-12-08 00:00:00+00:00,91730.0,90518.5,109,4.552664366581816,BTC-27MAR26
2025-12-09 00:00:00+00:00,94040.0,92795.0,108,4.607168352642921,BTC-27MAR26
2025-12-10 00:00:00+00:00,91305.0,90290.0,107,3.8869830009578887,BTC-27MAR26
2025-12-11 00:00:00+00:00,93575.0,92466.5,106,4.188793718789241,BTC-27MAR26
2025-12-12 00:00:00+00:00,91495.0,90315.5,105,4.613704137217289,BTC-27MAR26
2025-12-13 00:00:00+00:00,91350.0,90306.0,104,4.116559591662128,BTC-27MAR26
2025-12-14 00:00:00+00:00,90810.0,89775.0,103,4.145716806232258,BTC-27MAR26
2025-12-15 00:00:00+00:00,86947.5,86011.0,102,3.9512530354837816,BTC-27MAR26
2025-12-16 00:00:00+00:00,88025.0,87037.0,101,4.16350468782174,BTC-27MAR26
2025-12-17 00:00:00+00:00,87807.5,86821.0,100,4.21012686216129,BTC-27MAR26
2025-12-18 00:00:00+00:00,89042.5,87926.0,99,4.76208805444589,BTC-27MAR26
2025-12-19 00:00:00+00:00,89380.0,88283.0,98,4.706932163124122,BTC-27MAR26
2025-12-20 00:00:00+00:00,89282.5,88158.0,97,4.884964667723479,BTC-27MAR26
2025-12-21 00:00:00+00:00,90297.5,89191.5,96,4.797213079600771,BTC-27MAR26
2025-12-22 00:00:00+00:00,88622.5,87521.5,95,4.92034988423804,BTC-27MAR26
2025-12-23 00:00:00+00:00,87990.0,86878.0,94,5.062479290455557,BTC-27MAR26
2025-12-24 00:00:00+00:00,88962.5,87822.0,93,5.1944535503364975,BTC-27MAR26
2025-12-25 00:00:00+00:00,89575.0,88460.0,92,5.095020628164071,BTC-27MAR26
2025-12-26 00:00:00+00:00,88742.5,87508.5,91,5.777307328075798,BTC-27MAR26
2025-12-27 00:00:00+00:00,89005.0,87704.5,90,6.15128369962783,BTC-27MAR26
2025-12-28 00:00:00+00:00,90867.5,89538.0,89,6.231196369883407,BTC-27MAR26
2025-12-29 00:00:00+00:00,88435.0,87393.5,88,5.036502904245865,BTC-27MAR26
2025-12-30 00:00:00+00:00,89502.5,88529.0,87,4.695138336651117,BTC-27MAR26
2025-12-31 00:00:00+00:00,88442.5,87506.5,86,4.619128002431583,BTC-27MAR26
2026-01-01 00:00:00+00:00,89640.0,88798.5,85,4.133302733392252,BTC-27MAR26
2026-01-02 00:00:00+00:00,90510.0,89585.0,84,4.564741162597419,BTC-27MAR26
2026-01-03 00:00:00+00:00,92500.0,91534.5,83,4.7223703558452845,BTC-27MAR26
2026-01-04 00:00:00+00:00,93567.5,92553.5,82,4.969702985167346,BTC-27MAR26
2026-01-05 00:00:00+00:00,94352.5,93259.0,81,5.393350273026076,BTC-27MAR26
2026-01-06 00:00:00+00:00,93887.5,92839.5,80,5.254847430653564,BTC-27MAR26
2026-01-07 00:00:00+00:00,91437.5,90430.0,79,5.2523478883321095,BTC-27MAR26
2026-01-08 00:00:00+00:00,91727.5,90677.5,78,5.535245639532715,BTC-27MAR26
2026-01-09 00:00:00+00:00,91490.0,90566.0,77,4.929391498031288,BTC-27MAR26
2026-01-10 00:00:00+00:00,91565.0,90624.5,76,5.083470110310051,BTC-27MAR26
2026-01-11 00:00:00+00:00,92307.5,91315.0,75,5.4018771462425175,BTC-27MAR26
2026-01-12 00:00:00+00:00,92777.5,91899.0,74,4.804569780855528,BTC-27MAR26
2026-01-13 00:00:00+00:00,96255.0,95254.5,73,5.363207521127333,BTC-27MAR26
2026-01-14 00:00:00+00:00,97515.0,96643.5,72,4.6561188125848085,BTC-27MAR26
2026-01-15 00:00:00+00:00,96582.5,95657.0,71,5.074516857754485,BTC-27MAR26
2026-01-16 00:00:00+00:00,95937.5,95084.0,70,4.769869242900926,BTC-27MAR26
2026-01-17 00:00:00+00:00,95915.0,95013.0,69,5.125220808750508,BTC-27MAR26
2026-01-18 00:00:00+00:00,93600.0,92794.5,68,4.748561669408713,BTC-27MAR26
2026-01-19 00:00:00+00:00,91867.5,91117.0,67,4.570111619406103,BTC-27MAR26
2026-01-20 00:00:00+00:00,89877.5,89167.5,66,4.483698826288651,BTC-27MAR26
2026-01-21 00:00:00+00:00,90455.0,89748.0,65,4.504766774187452,BTC-27MAR26
2026-01-22 00:00:00+00:00,90160.0,89460.5,64,4.542116272200802,BTC-27MAR26
2026-01-23 00:00:00+00:00,90247.5,89525.0,63,4.76706276067036,BTC-27MAR26
2026-01-24 00:00:00+00:00,89350.0,88560.0,62,5.367392266165316,BTC-27MAR26
2026-01-25 00:00:00+00:00,88560.0,87929.5,61,4.367950854604108,BTC-27MAR26
2026-01-26 00:00:00+00:00,88935.0,88237.5,60,4.906415126243102,BTC-27MAR26
2026-01-27 00:00:00+00:00,89772.5,89086.5,59,4.8599507831314614,BTC-27MAR26
2026-01-28 00:00:00+00:00,88940.0,88244.5,58,5.064548932542845,BTC-27MAR26
2026-01-29 00:00:00+00:00,83232.5,82627.5,57,4.782415864502654,BTC-27MAR26
2026-01-30 00:00:00+00:00,83990.0,83413.0,56,4.595601597926979,BTC-27MAR26
2026-01-31 00:00:00+00:00,78730.0,78278.0,55,3.8949479473710635,BTC-27MAR26
2026-02-01 00:00:00+00:00,76920.0,76547.0,54,3.3402429653691446,BTC-27MAR26
2026-02-02 00:00:00+00:00,79087.5,78712.5,53,3.3273548552608334,BTC-27MAR26
2026-02-03 00:00:00+00:00,76915.0,76429.5,52,4.544951773054695,BTC-27MAR26
2026-02-04 00:00:00+00:00,70947.5,70573.5,51,3.855177488983963,BTC-27MAR26
2026-02-05 00:00:00+00:00,64960.0,64711.5,50,2.837429090983412,BTC-27MAR26
2026-02-06 00:00:00+00:00,68315.0,68061.5,49,2.8079733374190674,BTC-27MAR26
2026-02-07 00:00:00+00:00,69917.5,69647.5,48,2.985890920573908,BTC-27MAR26
2026-02-08 00:00:00+00:00,70662.5,70380.5,47,3.154161893551022,BTC-27MAR26
2026-02-09 00:00:00+00:00,69095.0,68866.5,46,2.6632611354893365,BTC-27MAR26
2026-02-10 00:00:00+00:00,67102.5,66955.0,45,1.8009142307596315,BTC-27MAR26
2026-02-11 00:00:00+00:00,67942.5,67181.5,135,3.092257523389663,BTC-26JUN26
2026-02-12 00:00:00+00:00,66940.0,66140.0,134,3.3291341104616956,BTC-26JUN26
2026-02-13 00:00:00+00:00,70040.0,69180.0,133,3.4487118654122906,BTC-26JUN26
2026-02-14 00:00:00+00:00,71575.0,70760.0,132,3.2173181517717975,BTC-26JUN26
2026-02-15 00:00:00+00:00,69372.5,68562.0,131,3.328636944818708,BTC-26JUN26
2026-02-16 00:00:00+00:00,69135.0,68337.0,130,3.3133745103434364,BTC-26JUN26
2026-02-17 00:00:00+00:00,68945.0,68100.0,129,3.5508392330893646,BTC-26JUN26
2026-02-18 00:00:00+00:00,67965.0,67180.5,128,3.3660291807882103,BTC-26JUN26
2026-02-19 00:00:00+00:00,68602.5,67785.5,127,3.503229866376567,BTC-26JUN26
2026-02-20 00:00:00+00:00,68665.0,67849.0,126,3.5238083194006897,BTC-26JUN26
2026-02-21 00:00:00+00:00,68812.5,67966.0,125,3.6804385343231827,BTC-26JUN26
2026-02-22 00:00:00+00:00,66667.5,65947.5,124,3.2479132212639206,BTC-26JUN26
2026-02-23 00:00:00+00:00,63710.0,63141.0,123,2.6979427469612682,BTC-26JUN26
2026-02-24 00:00:00+00:00,65625.0,65007.5,122,2.868853789160797,BTC-26JUN26
2026-02-25 00:00:00+00:00,68370.0,67807.5,121,2.5233633448059622,BTC-26JUN26
2026-02-26 00:00:00+00:00,68235.0,67648.5,120,2.6604782945424343,BTC-26JUN26
2026-02-27 00:00:00+00:00,64320.0,63782.5,119,2.607357308805325,BTC-26JUN26
2026-02-28 00:00:00+00:00,67667.5,67116.5,118,2.5612964953986017,BTC-26JUN26
2026-03-01 00:00:00+00:00,66522.5,66017.0,117,2.4081999865951165,BTC-26JUN26
2026-03-02 00:00:00+00:00,68725.0,68158.5,116,2.6386630221150176,BTC-26JUN26
2026-03-03 00:00:00+00:00,70075.0,69523.0,115,2.5418453877249725,BTC-26JUN26
2026-03-04 00:00:00+00:00,72690.0,72080.5,114,2.7326346799236845,BTC-26JUN26
2026-03-05 00:00:00+00:00,71702.5,71053.5,113,2.9805119456633555,BTC-26JUN26
2026-03-06 00:00:00+00:00,68270.0,67838.0,112,2.090289078014429,BTC-26JUN26
2026-03-07 00:00:00+00:00,67677.5,67327.0,111,1.722080812218052,BTC-26JUN26
2026-03-08 00:00:00+00:00,67867.5,67538.5,110,1.6255305520250785,BTC-26JUN26
2026-03-09 00:00:00+00:00,70915.0,70419.0,109,2.3781918969390636,BTC-26JUN26
2026-03-10 00:00:00+00:00,70250.0,69662.5,108,2.878928000759151,BTC-26JUN26
2026-03-11 00:00:00+00:00,70327.5,69832.0,107,2.441237006677932,BTC-26JUN26
2026-03-12 00:00:00+00:00,72220.0,71660.5,106,2.714223510614433,BTC-26JUN26
2026-03-13 00:00:00+00:00,71057.5,70636.0,105,2.0896866505729195,BTC-26JUN26
2026-03-14 00:00:00+00:00,71937.5,71483.0,104,2.249328132759887,BTC-26JUN26
2026-03-15 00:00:00+00:00,74012.5,73477.5,103,2.6041935696212715,BTC-26JUN26
2026-03-16 00:00:00+00:00,74777.5,74273.0,102,2.452014020522486,BTC-26JUN26
2026-03-17 00:00:00+00:00,74450.0,73910.5,101,2.6631545108533494,BTC-26JUN26
2026-03-18 00:00:00+00:00,70635.0,70201.5,100,2.272408938055581,BTC-26JUN26
2026-03-19 00:00:00+00:00,71400.0,70856.0,99,2.859931244299685,BTC-26JUN26
2026-03-20 00:00:00+00:00,71232.5,70731.5,98,2.6636610764799507,BTC-26JUN26
2026-03-21 00:00:00+00:00,69300.0,68904.0,97,2.1798059751826138,BTC-26JUN26
2026-03-22 00:00:00+00:00,68670.0,68306.0,96,2.0412909710674443,BTC-26JUN26
2026-03-23 00:00:00+00:00,71730.0,71293.5,95,2.3729025906722656,BTC-26JUN26
2026-03-24 00:00:00+00:00,71345.0,70921.0,94,2.341513355294955,BTC-26JUN26
2026-03-25 00:00:00+00:00,70427.5,70080.5,93,1.9574264369089045,BTC-26JUN26
2026-03-26 00:00:00+00:00,68872.5,68521.5,92,2.0477859339305127,BTC-26JUN26
2026-03-27 00:00:00+00:00,66900.0,66503.0,91,2.4160278571080385,BTC-26JUN26
2026-03-28 00:00:00+00:00,67000.0,66658.5,90,2.094032275089952,BTC-26JUN26
2026-03-29 00:00:00+00:00,67897.5,67585.5,89,1.9068279474228067,BTC-26JUN26
2026-03-30 00:00:00+00:00,67735.0,67331.5,88,2.509168587199584,BTC-26JUN26
2026-03-31 00:00:00+00:00,69050.0,68671.0,87,2.3359715724740715,BTC-26JUN26
2026-04-01 00:00:00+00:00,67240.0,66910.5,86,2.106801443757278,BTC-26JUN26
2026-04-02 00:00:00+00:00,67402.5,67040.5,85,2.3394108098899524,BTC-26JUN26
2026-04-03 00:00:00+00:00,67430.0,67024.0,84,2.658936975453541,BTC-26JUN26
2026-04-04 00:00:00+00:00,67177.5,66813.5,83,2.4180775869068416,BTC-26JUN26
2026-04-05 00:00:00+00:00,69505.0,69113.0,82,2.5494989908478205,BTC-26JUN26
2026-04-06 00:00:00+00:00,69070.0,68615.0,81,3.0230649202782622,BTC-26JUN26
2026-04-07 00:00:00+00:00,72057.5,71655.5,80,2.585344694674263,BTC-26JUN26
2026-04-08 00:00:00+00:00,71297.5,70964.5,79,2.186538839902874,BTC-26JUN26
2026-04-09 00:00:00+00:00,71817.5,71480.5,78,2.2253944136254367,BTC-26JUN26
2026-04-10 00:00:00+00:00,73047.5,72784.5,77,1.7244615364705451,BTC-26JUN26
2026-04-11 00:00:00+00:00,71962.5,71690.5,76,1.8353515366069661,BTC-26JUN26
2026-04-12 00:00:00+00:00,71070.0,70824.0,75,1.7017765294069065,BTC-26JUN26
2026-04-13 00:00:00+00:00,74840.0,74623.0,74,1.4425513382458899,BTC-26JUN26
2026-04-14 00:00:00+00:00,74067.5,73765.5,73,2.063857451391393,BTC-26JUN26
2026-04-15 00:00:00+00:00,75015.0,74743.5,72,1.8550972844448843,BTC-26JUN26
2026-04-16 00:00:00+00:00,75340.0,75069.5,71,1.8662868956683676,BTC-26JUN26
2026-04-17 00:00:00+00:00,77300.0,77048.0,70,1.7172251418225093,BTC-26JUN26
2026-04-18 00:00:00+00:00,75577.5,75309.0,69,1.9004771647682217,BTC-26JUN26
2026-04-19 00:00:00+00:00,75017.5,74845.0,68,1.243358305584219,BTC-26JUN26
2026-04-20 00:00:00+00:00,76305.0,76129.5,67,1.26231830484822,BTC-26JUN26
2026-04-21 00:00:00+00:00,78192.5,78006.5,66,1.325796834809445,BTC-26JUN26
2026-04-22 00:00:00+00:00,78157.5,78055.5,65,0.7360137330248762,BTC-26JUN26
2026-04-23 00:00:00+00:00,77835.0,77692.5,64,1.0505628173197668,BTC-26JUN26
2026-04-24 00:00:00+00:00,77662.5,77503.0,63,1.198221181186221,BTC-26JUN26
2026-04-25 00:00:00+00:00,78252.5,78113.5,62,1.0521520956481956,BTC-26JUN26
2026-04-26 00:00:00+00:00,77865.0,77629.5,61,1.828988164160994,BTC-26JUN26
2026-04-27 00:00:00+00:00,77015.0,76842.0,60,1.3774463616276877,BTC-26JUN26
2026-04-28 00:00:00+00:00,77210.0,77024.0,59,1.5033081379380198,BTC-26JUN26
2026-04-29 00:00:00+00:00,76245.0,76112.5,58,1.1005911901838195,BTC-26JUN26
2026-04-30 00:00:00+00:00,77317.5,77173.5,57,1.2008870908232439,BTC-26JUN26
2026-05-01 00:00:00+00:00,78370.0,78218.0,56,1.273417195026516,BTC-26JUN26
2026-05-02 00:00:00+00:00,78500.0,78374.0,55,1.0717581765647965,BTC-26JUN26
2026-05-03 00:00:00+00:00,79885.0,79705.5,54,1.5321193953805157,BTC-26JUN26
2026-05-04 00:00:00+00:00,81015.0,80864.5,53,1.2887698780568835,BTC-26JUN26
2026-05-05 00:00:00+00:00,81445.0,81346.5,52,0.8530409494810431,BTC-26JUN26
2026-05-06 00:00:00+00:00,81665.0,81537.0,51,1.1289567648245846,BTC-26JUN26
2026-05-07 00:00:00+00:00,79830.0,79683.5,50,1.3499202665545607,BTC-26JUN26
2026-05-08 00:00:00+00:00,80390.0,80258.5,49,1.2269495935495867,BTC-26JUN26
2026-05-09 00:00:00+00:00,80910.0,80739.0,48,1.6218214644454498,BTC-26JUN26
2026-05-10 00:00:00+00:00,80907.5,80756.5,47,1.461311492764028,BTC-26JUN26
2026-05-11 00:00:00+00:00,81055.0,80854.0,46,1.9896440154626882,BTC-26JUN26
2026-05-12 00:00:00+00:00,81127.5,81003.5,45,1.248426508304723,BTC-26JUN26
2026-05-13 00:00:00+00:00,80457.5,79718.5,135,2.5262007662498753,BTC-25SEP26
2026-05-14 00:00:00+00:00,81540.0,80830.0,134,2.4107738979105564,BTC-25SEP26
2026-05-15 00:00:00+00:00,79005.0,78338.5,133,2.3522509078566234,BTC-25SEP26
2026-05-16 00:00:00+00:00,78730.0,78121.5,132,2.1686535546497465,BTC-25SEP26
2026-05-17 00:00:00+00:00,77665.0,77022.5,131,2.341573053403745,BTC-25SEP26
2026-05-18 00:00:00+00:00,77757.5,77160.5,130,2.1875682590538625,BTC-25SEP26
2026-05-19 00:00:00+00:00,77815.0,77220.5,129,2.1936965816582887,BTC-25SEP26
2026-05-20 00:00:00+00:00,78402.5,77840.0,128,2.0744562518246967,BTC-25SEP26
2026-05-21 00:00:00+00:00,77945.0,77334.0,127,2.287549547983314,BTC-25SEP26
2026-05-22 00:00:00+00:00,75002.5,74502.0,126,1.9584941017673607,BTC-25SEP26
2026-05-23 00:00:00+00:00,77255.0,76709.5,125,2.09068999116111,BTC-25SEP26
2026-05-24 00:00:00+00:00,77910.0,77317.5,124,2.272540517806898,BTC-25SEP26
2026-05-25 00:00:00+00:00,77297.5,76652.5,123,2.517740773548738,BTC-25SEP26
2026-05-26 00:00:00+00:00,76452.5,75867.0,122,2.326701244929419,BTC-25SEP26
2026-05-27 00:00:00+00:00,73982.5,73388.0,121,2.4636371829331205,BTC-25SEP26
2026-05-28 00:00:00+00:00,74145.0,73479.0,120,2.782499132054883,BTC-25SEP26
2026-05-29 00:00:00+00:00,74120.0,73461.0,119,2.7771258658827236,BTC-25SEP26
2026-05-30 00:00:00+00:00,74442.5,73782.0,118,2.7950945433990793,BTC-25SEP26
2026-05-31 00:00:00+00:00,73382.5,72711.0,117,2.909360257225524,BTC-25SEP26
2026-06-01 00:00:00+00:00,70720.0,70018.0,116,3.1888077535830117,BTC-25SEP26
2026-06-02 00:00:00+00:00,67702.5,67120.5,115,2.7781176448097966,BTC-25SEP26
2026-06-03 00:00:00+00:00,64115.0,63521.0,114,3.0249746029192615,BTC-25SEP26
2026-06-04 00:00:00+00:00,63580.0,63040.0,113,2.7934112322662186,BTC-25SEP26
2026-06-05 00:00:00+00:00,61647.5,60963.5,112,3.703016341642784,BTC-25SEP26
2026-06-06 00:00:00+00:00,62995.0,62370.5,111,3.3303607042462158,BTC-25SEP26
2026-06-07 00:00:00+00:00,63795.0,63224.0,110,3.0282716584749236,BTC-25SEP26
2026-06-08 00:00:00+00:00,63752.5,63155.5,109,3.2006940863587463,BTC-25SEP26
2026-06-09 00:00:00+00:00,62235.0,61617.0,108,3.430304286246666,BTC-25SEP26
2026-06-10 00:00:00+00:00,63250.0,62655.0,107,3.2766970064970424,BTC-25SEP26
2026-06-11 00:00:00+00:00,63605.0,62995.0,106,3.373976249214272,BTC-25SEP26
2026-06-12 00:00:00+00:00,64402.5,63801.5,105,3.3128830202691084,BTC-25SEP26
2026-06-13 00:00:00+00:00,65005.0,64397.5,104,3.3502070828591357,BTC-25SEP26
2026-06-14 00:00:00+00:00,66230.0,65635.5,103,3.246879668954805,BTC-25SEP26
2026-06-15 00:00:00+00:00,66915.0,66342.0,102,3.1252853370560496,BTC-25SEP26
2026-06-16 00:00:00+00:00,66067.5,65479.5,101,3.283485376959727,BTC-25SEP26
2026-06-17 00:00:00+00:00,65055.0,64464.5,100,3.3842136327884242,BTC-25SEP26
2026-06-18 00:00:00+00:00,63102.5,62542.5,99,3.3410997517727026,BTC-25SEP26
2026-06-19 00:00:00+00:00,64172.5,63580.0,98,3.5151379685672834,BTC-25SEP26
2026-06-20 00:00:00+00:00,64745.0,64143.5,97,3.5745769150387074,BTC-25SEP26
2026-06-21 00:00:00+00:00,64772.5,64143.0,96,3.782976881133382,BTC-25SEP26
2026-06-22 00:00:00+00:00,63355.0,62800.5,95,3.435201670092347,BTC-25SEP26
2026-06-23 00:00:00+00:00,63105.0,62581.5,94,3.287520198342797,BTC-25SEP26
2026-06-24 00:00:00+00:00,62295.0,61790.0,93,3.246159252608871,BTC-25SEP26
2026-06-25 00:00:00+00:00,60945.0,60499.0,92,2.9569154620237015,BTC-25SEP26
2026-06-26 00:00:00+00:00,60935.0,60476.5,91,3.0757994198192584,BTC-25SEP26
2026-06-27 00:00:00+00:00,60602.5,60149.5,90,3.0896591018234387,BTC-25SEP26
2026-06-28 00:00:00+00:00,60460.0,59945.0,89,3.570579308706767,BTC-25SEP26
2026-06-29 00:00:00+00:00,59932.5,59455.0,88,3.373506611056931,BTC-25SEP26
2026-06-30 00:00:00+00:00,59160.0,58696.0,87,3.3586543034521688,BTC-25SEP26
2026-07-01 00:00:00+00:00,60550.0,60080.5,86,3.3589132551542944,BTC-25SEP26
2026-07-02 00:00:00+00:00,62192.5,61722.5,85,3.3111030262997776,BTC-25SEP26
2026-07-03 00:00:00+00:00,63020.0,62545.0,84,3.3421736255185186,BTC-25SEP26
2026-07-04 00:00:00+00:00,63485.0,62985.5,83,3.534745731299327,BTC-25SEP26
2026-07-05 00:00:00+00:00,63550.0,63053.0,82,3.556596659824307,BTC-25SEP26
2026-07-06 00:00:00+00:00,63552.5,63049.5,81,3.645575778041188,BTC-25SEP26
2026-07-07 00:00:00+00:00,63317.5,62856.5,80,3.390202713814605,BTC-25SEP26
2026-07-08 00:00:00+00:00,63450.0,62979.5,79,3.4986272507325333,BTC-25SEP26
2026-07-09 00:00:00+00:00,64442.5,63958.5,78,3.5907929969418273,BTC-25SEP26
2026-07-10 00:00:00+00:00,64650.0,64150.5,77,3.7450744884985676,BTC-25SEP26
2026-07-11 00:00:00+00:00,64335.0,63871.5,76,3.533566445440117,BTC-25SEP26
2026-07-12 00:00:00+00:00,63450.0,62964.5,75,3.8088918235231306,BTC-25SEP26
2026-07-13 00:00:00+00:00,62965.0,62484.5,74,3.8507775612032225,BTC-25SEP26
2026-07-14 00:00:00+00:00,65022.5,64542.5,73,3.7742013054048673,BTC-25SEP26
2026-07-15 00:00:00+00:00,64672.5,64202.0,72,3.7709220846297686,BTC-25SEP26
2026-07-16 00:00:00+00:00,63280.0,62777.5,71,4.183738721061969,BTC-25SEP26
2026-07-17 00:00:00+00:00,64452.5,63984.0,70,3.877345363667617,BTC-25SEP26
2026-07-18 00:00:00+00:00,65155.0,64695.5,69,3.8148062336946342,BTC-25SEP26
2026-07-19 00:00:00+00:00,64697.5,64225.5,68,4.0085749595105025,BTC-25SEP26
2026-07-20 00:00:00+00:00,66690.0,66174.5,67,4.317992632477763,BTC-25SEP26
2026-07-21 00:00:00+00:00,66345.0,65830.5,66,4.399447898692643,BTC-25SEP26
2026-07-22 00:00:00+00:00,65842.5,65417.5,65,3.70329020839979,BTC-25SEP26
2026-07-23 00:00:00+00:00,65900.0,65451.0,64,3.9760487395461563,BTC-25SEP26
2026-07-24 00:00:00+00:00,64382.5,63939.5,63,4.081332910442814,BTC-25SEP26
2026-07-25 00:00:00+00:00,64735.0,64319.0,62,3.868317841182778,BTC-25SEP26
2026-07-26 00:00:00+00:00,65700.0,65204.0,61,4.638819611726941,BTC-25SEP26
2026-07-27 00:00:00+00:00,63850.0,63435.5,60,4.041574706759077,BTC-25SEP26
2026-07-28 00:00:00+00:00,64917.5,64500.0,59,4.072227987364707,BTC-25SEP26
2026-07-29 00:00:00+00:00,64335.0,63951.0,58,3.8393237350105913,BTC-25SEP26
2026-07-30 00:00:00+00:00,64302.5,63888.0,57,4.228064257026576,BTC-25SEP26
2026-07-31 00:00:00+00:00,63387.5,62996.0,56,4.120745099274581,BTC-25SEP26
2026-08-01 00:00:00+00:00,63817.5,63436.0,55,4.059340326382332,BTC-25SEP26
2026-08-02 00:00:00+00:00,62925.0,62552.5,54,4.0948169545701685,BTC-25SEP26
2026-08-03 00:00:00+00:00,64035.0,63650.0,53,4.240515364474651,BTC-25SEP26
2026-08-04 00:00:00+00:00,64515.0,64125.5,52,4.3422352463408975,BTC-25SEP26
2026-08-05 00:00:00+00:00,65150.0,64773.0,51,4.240914690636188,BTC-25SEP26
2026-08-06 00:00:00+00:00,64615.0,64263.5,50,4.062320978105971,BTC-25SEP26
2026-08-07 00:00:00+00:00,65302.5,64931.5,49,4.335366838183696,BTC-25SEP26
2026-08-08 00:00:00+00:00,65122.5,64769.0,48,4.22581052751374,BTC-25SEP26
2026-08-09 00:00:00+00:00,65520.0,65164.5,47,4.315674552134596,BTC-25SEP26
2026-08-10 00:00:00+00:00,64325.0,64022.0,46,3.817539206419651,BTC-25SEP26
2026-08-11 00:00:00+00:00,64095.0,63804.0,45,3.7599005743743197,BTC-25SEP26
2026-08-12 00:00:00+00:00,64860.0,63818.5,135,4.473943732253094,BTC-25DEC26
2026-08-13 00:00:00+00:00,64000.0,62852.0,134,5.053875187241008,BTC-25DEC26
2026-08-14 00:00:00+00:00,64037.5,62996.5,133,4.600609953099832,BTC-25DEC26
2026-08-15 00:00:00+00:00,64015.0,62997.5,132,4.53004227592102,BTC-25DEC26
2026-08-16 00:00:00+00:00,64540.0,63481.5,131,4.715339644234606,BTC-25DEC26
2026-08-17 00:00:00+00:00,65187.5,64147.5,130,4.619003875279781,BTC-25DEC26
2026-08-18 00:00:00+00:00,65347.5,64265.0,129,4.839804148858384,BTC-25DEC26
2026-08-19 00:00:00+00:00,70817.5,69800.0,128,4.213156668290696,BTC-25DEC26
2026-08-20 00:00:00+00:00,77580.0,76311.0,127,4.854123209416783,BTC-25DEC26
2026-08-21 00:00:00+00:00,78537.5,77321.0,126,4.625934015194955,BTC-25DEC26
2026-08-22 00:00:00+00:00,77205.0,76032.5,125,4.569920424346163,BTC-25DEC26
2026-08-23 00:00:00+00:00,78562.5,77318.0,124,4.8123784877605935,BTC-25DEC26
2026-08-24 00:00:00+00:00,81007.5,79704.0,123,4.931583592309385,BTC-25DEC26
2026-08-25 00:00:00+00:00,80152.5,78932.5,122,4.695747840963449,BTC-25DEC26
2026-08-26 00:00:00+00:00,80317.5,79100.0,121,4.7154451548053755,BTC-25DEC26
2026-08-27 00:00:00+00:00,80860.0,79671.0,120,4.608859518185415,BTC-25DEC26
2026-08-28 00:00:00+00:00,78830.0,77639.0,119,4.7802083324354205,BTC-25DEC26
2026-08-29 00:00:00+00:00,79382.5,78135.5,118,5.019548660501405,BTC-25DEC26
2026-08-30 00:00:00+00:00,79432.5,78222.5,117,4.905274391169967,BTC-25DEC26
2026-08-31 00:00:00+00:00,79825.0,78649.5,116,4.778725293490149,BTC-25DEC26
2026-09-01 00:00:00+00:00,78627.5,77465.5,115,4.83902240710361,BTC-25DEC26
2026-09-02 00:00:00+00:00,78745.0,77633.0,114,4.6588635428873815,BTC-25DEC26
2026-09-03 00:00:00+00:00,81732.5,80631.0,113,4.480216137503379,BTC-25DEC26
2026-09-04 00:00:00+00:00,80792.5,79697.0,112,4.549612130860559,BTC-25DEC26
2026-09-05 00:00:00+00:00,80902.5,79811.0,111,4.5678639376603325,BTC-25DEC26
2026-09-06 00:00:00+00:00,80480.0,79377.5,110,4.683380237913282,BTC-25DEC26
2026-09-07 00:00:00+00:00,79247.5,78453.5,109,3.429484483275136,BTC-25DEC26
2026-09-08 00:00:00+00:00,80355.0,79304.0,108,4.550012174230567,BTC-25DEC26
2026-09-09 00:00:00+00:00,79135.0,78083.5,107,4.668714403848062,BTC-25DEC26
2026-09-10 00:00:00+00:00,78250.0,77192.5,106,4.796759539224338,BTC-25DEC26
2026-09-11 00:00:00+00:00,78315.0,77237.5,105,4.9337874250686475,BTC-25DEC26
2026-09-12 00:00:00+00:00,78135.0,77119.5,104,4.698285172682448,BTC-25DEC26
2026-09-13 00:00:00+00:00,78877.5,77859.0,103,4.713265130446298,BTC-25DEC26
2026-09-14 00:00:00+00:00,77940.0,76903.5,102,4.907384227109768,BTC-25DEC26
2026-09-15 00:00:00+00:00,76757.5,75735.5,101,4.963295881949148,BTC-25DEC26
2026-09-16 00:00:00+00:00,77450.0,76427.5,100,4.970424757168912,BTC-25DEC26
2026-09-17 00:00:00+00:00,78777.5,77759.5,99,4.9122362234049755,BTC-25DEC26
2026-09-18 00:00:00+00:00,82200.0,81106.0,98,5.116813845826118,BTC-25DEC26
2026-09-19 00:00:00+00:00,81457.5,80318.5,97,5.44157577204436,BTC-25DEC26
2026-09-20 00:00:00+00:00,83000.0,81762.0,96,5.880168587250889,BTC-25DEC26
2026-09-21 00:00:00+00:00,86512.5,85366.0,95,5.259399821689881,BTC-25DEC26
2026-09-22 00:00:00+00:00,87315.0,86159.5,94,5.309052358613986,BTC-25DEC26
2026-09-23 00:00:00+00:00,85637.5,84525.5,93,5.263470631052236,BTC-25DEC26
2026-09-24 00:00:00+00:00,85015.0,83953.0,92,5.113702752000648,BTC-25DEC26
2026-09-25 00:00:00+00:00,85132.5,84084.0,91,5.096254168008896,BTC-25DEC26
2026-09-26 00:00:00+00:00,85835.0,84767.5,90,5.206383681931803,BTC-25DEC26
2026-09-27 00:00:00+00:00,84000.0,82895.5,89,5.5782877536363795,BTC-25DEC26
2026-09-28 00:00:00+00:00,84510.0,83516.0,88,5.029850801028912,BTC-25DEC26
