vid,universe,lookback,voladj,k,filter,cadence,pre08_cagr,pre08_spy_cagr,pre08_excess,is_cagr,is_spy_cagr,is_excess,is_sharpe,is_maxdd,oos_cagr,oos_spy_cagr,oos_excess,oos_sharpe,oos_ir,oos_maxdd,oos_worst_year,oos_win5y,oos_recs_yr,oos_orders_yr
0,kf10,1m,False,1,none,W,0.13512,0.098881,0.036241,0.12608,0.094291,0.03179,0.50465,-0.84684,0.12489,0.1505,-0.025603,0.52046,-0.023393,-0.44407,-0.17799,0.47619,24.228,48.456
1,kf10,1m,False,1,none,M,0.11282,0.098539,0.014276,0.10466,0.093968,0.010695,0.4156,-0.83594,0.15109,0.1505,0.00059014,0.59578,0.10036,-0.44567,-0.16055,0.61905,10.101,20.202
2,kf10,1m,False,1,abs,W,0.12029,0.098881,0.021408,0.111,0.094291,0.016713,0.46553,-0.72114,0.10804,0.1505,-0.04246,0.47307,-0.10613,-0.45561,-0.26443,0.37143,24.667,45.675
3,kf10,1m,False,1,abs,M,0.10003,0.098539,0.001492,0.09206,0.093968,-0.0019081,0.37769,-0.69905,0.14026,0.1505,-0.010232,0.57625,0.035578,-0.44795,-0.21553,0.59048,10.028,18.299
4,kf10,1m,False,1,sma,W,0.13181,0.098881,0.032925,0.12291,0.094291,0.028618,0.56419,-0.50751,0.074384,0.1505,-0.076112,0.3506,-0.27069,-0.49389,-0.21213,0.25714,24.082,42.966
5,kf10,1m,False,1,sma,M,0.10179,0.098539,0.0032532,0.09464,0.093968,0.00067224,0.41323,-0.73539,0.10032,0.1505,-0.050171,0.45053,-0.14982,-0.44882,-0.18757,0.095238,9.8083,17.714
6,kf10,1m,False,1,mkt,W,0.12157,0.098881,0.02269,0.11556,0.094291,0.021266,0.5525,-0.39565,0.11763,0.1505,-0.032867,0.5424,-0.09562,-0.39019,-0.19174,0.46667,21.739,41.283
7,kf10,1m,False,1,mkt,M,0.092387,0.098539,-0.0061525,0.090948,0.093968,-0.0030193,0.41161,-0.68854,0.15105,0.1505,0.00055638,0.65578,0.051388,-0.3274,-0.15738,0.50476,9.1495,16.689
8,kf10,1m,False,2,none,W,0.13037,0.098881,0.031489,0.12299,0.094291,0.028697,0.5288,-0.78586,0.14931,0.1505,-0.0011834,0.71136,0.028714,-0.4007,-0.12672,0.5619,35.061,83.883
9,kf10,1m,False,2,none,M,0.12725,0.098539,0.028716,0.11844,0.093968,0.024472,0.51318,-0.80059,0.14621,0.1505,-0.0042866,0.67684,0.021416,-0.39006,-0.15958,0.60952,11.419,36.891
10,kf10,1m,False,2,abs,W,0.11794,0.098881,0.019056,0.1089,0.094291,0.014612,0.50804,-0.57976,0.13036,0.1505,-0.02014,0.68038,-0.10501,-0.3041,-0.090263,0.55238,36.086,79.638
11,kf10,1m,False,2,abs,M,0.10997,0.098539,0.011433,0.10371,0.093968,0.009745,0.4863,-0.68386,0.12634,0.1505,-0.024153,0.64615,-0.12149,-0.33357,-0.18357,0.59048,11.492,33.378
12,kf10,1m,False,2,sma,W,0.1265,0.098881,0.027615,0.12071,0.094291,0.026414,0.63287,-0.37347,0.097937,0.1505,-0.052558,0.53461,-0.3226,-0.30603,-0.085173,0.28571,34.988,73.416
13,kf10,1m,False,2,sma,M,0.11353,0.098539,0.014989,0.10673,0.093968,0.01276,0.53907,-0.64257,0.10698,0.1505,-0.043514,0.56578,-0.2659,-0.31904,-0.10237,0.46667,11.345,32.206
14,kf10,1m,False,2,mkt,W,0.11554,0.098881,0.016657,0.11069,0.094291,0.016403,0.58391,-0.33123,0.12434,0.1505,-0.026154,0.70888,-0.153,-0.26557,-0.18982,0.53333,30.742,72.757
15,kf10,1m,False,2,mkt,M,0.10481,0.098539,0.0062692,0.10214,0.093968,0.0081742,0.52799,-0.58647,0.1306,0.1505,-0.019893,0.70538,-0.10886,-0.25415,-0.1981,0.60952,10.394,31.035
16,kf10,1m,False,3,none,W,0.12984,0.098881,0.030958,0.12405,0.094291,0.029763,0.55185,-0.79034,0.14711,0.1505,-0.003382,0.75435,-0.015682,-0.33154,-0.089611,0.57143,38.721,103.79
17,kf10,1m,False,3,none,M,0.13027,0.098539,0.03173,0.12481,0.093968,0.030843,0.55491,-0.81308,0.14058,0.1505,-0.0099173,0.70964,-0.06251,-0.34427,-0.095708,0.57143,11.565,47.431
18,kf10,1m,False,3,abs,W,0.1117,0.098881,0.012818,0.10456,0.094291,0.010267,0.51777,-0.55645,0.11709,0.1505,-0.033407,0.68349,-0.22809,-0.22142,-0.075084,0.49524,39.819,99.108
19,kf10,1m,False,3,abs,M,0.1124,0.098539,0.01386,0.10804,0.093968,0.014072,0.54163,-0.68848,0.10178,0.1505,-0.048712,0.58753,-0.33225,-0.2985,-0.16522,0.46667,11.492,43.186
20,kf10,1m,False,3,sma,W,0.1209,0.098881,0.022015,0.11511,0.094291,0.020816,0.63345,-0.46993,0.11039,0.1505,-0.040109,0.66997,-0.30527,-0.23664,-0.080412,0.47619,38.721,91.13
21,kf10,1m,False,3,sma,M,0.11568,0.098539,0.017145,0.11079,0.093968,0.01682,0.58906,-0.66853,0.11003,0.1505,-0.04047,0.65282,-0.31495,-0.22693,-0.096289,0.41905,11.565,41.063
22,kf10,1m,False,3,mkt,W,0.11352,0.098881,0.01464,0.10909,0.094291,0.014797,0.60014,-0.35771,0.10882,0.1505,-0.041679,0.67628,-0.27482,-0.23616,-0.16354,0.51429,34.183,92.227
23,kf10,1m,False,3,mkt,M,0.10922,0.098539,0.010684,0.10734,0.093968,0.013375,0.57916,-0.57353,0.1137,0.1505,-0.036793,0.67937,-0.24519,-0.23417,-0.15907,0.4381,10.467,41.136
24,kf10,1m,True,1,none,W,0.14525,0.098881,0.046366,0.13098,0.094291,0.036684,0.54701,-0.81271,0.089721,0.1505,-0.060774,0.41164,-0.23387,-0.44452,-0.1687,0.4,25.546,51.091
25,kf10,1m,True,1,none,M,0.13043,0.098539,0.031886,0.11858,0.093968,0.024611,0.49113,-0.80651,0.038796,0.1505,-0.1117,0.20429,-0.52292,-0.46423,-0.15469,0,10.906,21.813
26,kf10,1m,True,1,abs,W,0.13021,0.098881,0.031334,0.11599,0.094291,0.021698,0.5284,-0.7026,0.090878,0.1505,-0.059617,0.43439,-0.23177,-0.4699,-0.25612,0.41905,26.278,48.895
27,kf10,1m,True,1,abs,M,0.11313,0.098539,0.014591,0.10195,0.093968,0.007983,0.45592,-0.64549,0.041802,0.1505,-0.10869,0.21643,-0.4918,-0.48607,-0.21257,0,10.833,19.909
28,kf10,1m,True,1,sma,W,0.15007,0.098881,0.051186,0.1357,0.094291,0.041409,0.67973,-0.4846,0.056859,0.1505,-0.093636,0.2849,-0.41092,-0.47092,-0.16944,0.31429,24.887,45.382
29,kf10,1m,True,1,sma,M,0.11358,0.098539,0.015043,0.10614,0.093968,0.012172,0.49912,-0.71317,0.014599,0.1505,-0.1359,0.09347,-0.67137,-0.50018,-0.16069,0,10.613,19.47
30,kf10,1m,True,1,mkt,W,0.13443,0.098881,0.035548,0.12387,0.094291,0.029577,0.64877,-0.39504,0.090104,0.1505,-0.060392,0.45939,-0.25922,-0.38163,-0.17673,0.40952,22.544,42.893
31,kf10,1m,True,1,mkt,M,0.10247,0.098539,0.0039338,0.099622,0.093968,0.0056539,0.49379,-0.64596,0.046279,0.1505,-0.10422,0.24328,-0.50902,-0.27558,-0.12139,0,9.8815,18.153
32,kf10,1m,True,2,none,W,0.14912,0.098881,0.050238,0.13875,0.094291,0.044455,0.61704,-0.80687,0.12644,0.1505,-0.024053,0.63531,-0.15142,-0.3644,-0.13504,0.5619,35.061,84.322
33,kf10,1m,True,2,none,M,0.12875,0.098539,0.03021,0.119,0.093968,0.025036,0.52029,-0.77406,0.098869,0.1505,-0.051626,0.49736,-0.3551,-0.37641,-0.16405,0.35238,11.711,38.501
34,kf10,1m,True,2,abs,W,0.12622,0.098881,0.02734,0.11546,0.094291,0.021166,0.59104,-0.60743,0.11299,0.1505,-0.037502,0.6395,-0.23131,-0.29999,-0.17823,0.47619,36.086,80.662
35,kf10,1m,True,2,abs,M,0.10821,0.098539,0.0096671,0.10156,0.093968,0.0075886,0.50426,-0.62874,0.080484,0.1505,-0.070012,0.44845,-0.43174,-0.35667,-0.24381,0.17143,11.638,33.963
36,kf10,1m,True,2,sma,W,0.14079,0.098881,0.041908,0.13132,0.094291,0.037024,0.74192,-0.44872,0.095018,0.1505,-0.055478,0.53335,-0.36165,-0.33936,-0.074372,0.51429,34.695,74.807
37,kf10,1m,True,2,sma,M,0.10909,0.098539,0.010555,0.10275,0.093968,0.00878,0.53236,-0.66389,0.065494,0.1505,-0.085001,0.36454,-0.58157,-0.34757,-0.13292,0.066667,11.565,33.231
38,kf10,1m,True,2,mkt,W,0.12859,0.098881,0.029708,0.12096,0.094291,0.026672,0.69625,-0.37788,0.11714,0.1505,-0.033359,0.71134,-0.20971,-0.27825,-0.18293,0.5619,30.303,72.172
39,kf10,1m,True,2,mkt,M,0.10185,0.098539,0.0033095,0.09973,0.093968,0.0057622,0.53427,-0.59,0.088288,0.1505,-0.062207,0.51874,-0.37838,-0.23869,-0.20236,0.39048,10.54,32.06
40,kf10,1m,True,3,none,W,0.13987,0.098881,0.040987,0.13369,0.094291,0.039401,0.60321,-0.81894,0.14289,0.1505,-0.0076091,0.76417,-0.071129,-0.33731,-0.096126,0.57143,39.014,102.62
41,kf10,1m,True,3,none,M,0.13772,0.098539,0.039185,0.12955,0.093968,0.035583,0.58501,-0.78499,0.14143,0.1505,-0.0090667,0.74578,-0.077675,-0.34137,-0.096644,0.6,11.858,49.188
42,kf10,1m,True,3,abs,W,0.11765,0.098881,0.01877,0.11019,0.094291,0.015901,0.5929,-0.56026,0.11024,0.1505,-0.040253,0.69284,-0.29483,-0.21685,-0.096477,0.41905,40.185,100.57
43,kf10,1m,True,3,abs,M,0.11533,0.098539,0.016788,0.10979,0.093968,0.015822,0.58977,-0.63119,0.092818,0.1505,-0.057677,0.56951,-0.41636,-0.2931,-0.17287,0.33333,11.785,45.089
44,kf10,1m,True,3,sma,W,0.12815,0.098881,0.029266,0.12067,0.094291,0.026374,0.6941,-0.54051,0.10661,0.1505,-0.043887,0.67322,-0.35151,-0.23291,-0.065783,0.30476,38.794,91.203
45,kf10,1m,True,3,sma,M,0.12081,0.098539,0.022266,0.1155,0.093968,0.02153,0.63911,-0.65703,0.10013,0.1505,-0.050366,0.62172,-0.41177,-0.22054,-0.092204,0.34286,11.785,43.113
46,kf10,1m,True,3,mkt,W,0.12264,0.098881,0.023761,0.11699,0.094291,0.022697,0.68842,-0.40225,0.11158,0.1505,-0.03892,0.74081,-0.27502,-0.2311,-0.16037,0.46667,34.036,90.178
47,kf10,1m,True,3,mkt,M,0.11396,0.098539,0.015416,0.11165,0.093968,0.017685,0.63085,-0.57399,0.10559,0.1505,-0.044908,0.67427,-0.31366,-0.20289,-0.16094,0.40952,10.687,42.893
48,kf10,3m,False,1,none,W,0.12199,0.098881,0.023105,0.12005,0.094291,0.025754,0.48228,-0.79335,0.13095,0.1505,-0.019547,0.52763,0.019189,-0.51106,-0.18204,0.37143,13.468,26.936
49,kf10,3m,False,1,none,M,0.12768,0.098539,0.029137,0.12524,0.093968,0.031269,0.50359,-0.71388,0.14122,0.1505,-0.0092716,0.54895,0.075196,-0.53316,-0.33649,0.66667,6.0753,12.151
50,kf10,3m,False,1,abs,W,0.12172,0.098881,0.022836,0.11999,0.094291,0.025694,0.50902,-0.65801,0.10131,0.1505,-0.049187,0.43217,-0.10851,-0.50851,-0.1739,0.047619,13.541,25.326
51,kf10,3m,False,1,abs,M,0.12377,0.098539,0.025232,0.11719,0.093968,0.023221,0.49218,-0.71704,0.11374,0.1505,-0.036754,0.46389,-0.039677,-0.53316,-0.33649,0.52381,6.1485,11.419
52,kf10,3m,False,1,sma,W,0.127,0.098881,0.028115,0.12305,0.094291,0.028761,0.5362,-0.66826,0.13357,0.1505,-0.016928,0.54937,0.014651,-0.48792,-0.1544,0.4381,13.981,25.326
53,kf10,3m,False,1,sma,M,0.11291,0.098539,0.014371,0.11157,0.093968,0.017598,0.47578,-0.70798,0.15003,0.1505,-0.00047046,0.5892,0.096487,-0.53316,-0.33649,0.65714,6.0753,10.979
54,kf10,3m,False,1,mkt,W,0.12077,0.098881,0.02189,0.12034,0.094291,0.026048,0.56436,-0.49804,0.15446,0.1505,0.0039661,0.65601,0.070692,-0.39925,-0.11686,0.55238,12.809,23.423
55,kf10,3m,False,1,mkt,M,0.10903,0.098539,0.010494,0.10931,0.093968,0.01534,0.49533,-0.63886,0.13587,0.1505,-0.01463,0.57786,0.0039049,-0.46452,-0.23894,0.57143,6.1485,10.687
56,kf10,3m,False,2,none,W,0.12846,0.098881,0.02958,0.12512,0.094291,0.030829,0.54092,-0.72592,0.10282,0.1505,-0.047676,0.49038,-0.25762,-0.4045,-0.15578,0.24762,24.667,53.287
57,kf10,3m,False,2,none,M,0.13703,0.098539,0.038493,0.13251,0.093968,0.038547,0.57626,-0.74914,0.11519,0.1505,-0.035303,0.53145,-0.16161,-0.40054,-0.23489,0.54286,9.0764,22.252
58,kf10,3m,False,2,abs,W,0.1242,0.098881,0.025318,0.11938,0.094291,0.025084,0.56561,-0.60461,0.062246,0.1505,-0.08825,0.31611,-0.48771,-0.39065,-0.19847,0,25.912,52.409
59,kf10,3m,False,2,abs,M,0.12405,0.098539,0.025513,0.11724,0.093968,0.023268,0.54436,-0.65248,0.092332,0.1505,-0.058164,0.45201,-0.31009,-0.40054,-0.23489,0.48571,9.4423,21.52
60,kf10,3m,False,2,sma,W,0.12864,0.098881,0.029758,0.12424,0.094291,0.029949,0.6081,-0.55314,0.096281,0.1505,-0.054214,0.4816,-0.29753,-0.39059,-0.1396,0.15238,25.326,49.92
61,kf10,3m,False,2,sma,M,0.12732,0.098539,0.028783,0.12354,0.093968,0.029575,0.59311,-0.74011,0.11722,0.1505,-0.033277,0.55813,-0.16133,-0.40054,-0.23489,0.46667,9.1495,20.495
62,kf10,3m,False,2,mkt,W,0.12351,0.098881,0.024629,0.12091,0.094291,0.026619,0.62861,-0.41429,0.10548,0.1505,-0.045019,0.55967,-0.23203,-0.23963,-0.1646,0.3619,22.471,48.163
63,kf10,3m,False,2,mkt,M,0.12079,0.098539,0.022254,0.11903,0.093968,0.025062,0.60104,-0.6373,0.099606,0.1505,-0.05089,0.51897,-0.25981,-0.3442,-0.1718,0.50476,8.564,20.202
64,kf10,3m,False,3,none,W,0.12897,0.098881,0.030092,0.12505,0.094291,0.030761,0.55791,-0.73746,0.11149,0.1505,-0.039009,0.57216,-0.31571,-0.35013,-0.11707,0.4,29.205,66.462
65,kf10,3m,False,3,none,M,0.13484,0.098539,0.036297,0.13037,0.093968,0.036398,0.5823,-0.76984,0.10838,0.1505,-0.042111,0.54284,-0.3248,-0.38666,-0.12036,0.52381,9.7351,29.132
66,kf10,3m,False,3,abs,W,0.12109,0.098881,0.022212,0.11525,0.094291,0.020957,0.5792,-0.52321,0.065774,0.1505,-0.084722,0.35697,-0.60274,-0.32319,-0.1731,0,30.23,65.438
67,kf10,3m,False,3,abs,M,0.11673,0.098539,0.018186,0.1125,0.093968,0.018533,0.54847,-0.66801,0.083155,0.1505,-0.06734,0.45108,-0.48811,-0.29993,-0.15936,0.35238,10.394,29.279
68,kf10,3m,False,3,sma,W,0.12634,0.098881,0.027455,0.12062,0.094291,0.026326,0.62302,-0.55364,0.10024,0.1505,-0.050258,0.55089,-0.37141,-0.33098,-0.10202,0.31429,30.377,62.363
69,kf10,3m,False,3,sma,M,0.12626,0.098539,0.027717,0.1231,0.093968,0.029135,0.622,-0.69418,0.10909,0.1505,-0.041405,0.59213,-0.32117,-0.29909,-0.089456,0.42857,10.101,27.229
70,kf10,3m,False,3,mkt,W,0.11802,0.098881,0.019144,0.11438,0.094291,0.020087,0.61475,-0.41427,0.099066,0.1505,-0.051429,0.59161,-0.33363,-0.2124,-0.1658,0.33333,25.912,61.192
71,kf10,3m,False,3,mkt,M,0.12056,0.098539,0.022025,0.11832,0.093968,0.024354,0.62025,-0.61157,0.084037,0.1505,-0.066459,0.48356,-0.42452,-0.24118,-0.15936,0.28571,9.4423,27.815
72,kf10,3m,True,1,none,W,0.123,0.098881,0.024115,0.1183,0.094291,0.024013,0.49787,-0.70432,0.037503,0.1505,-0.11299,0.19946,-0.50161,-0.61134,-0.16179,0,16.835,33.67
73,kf10,3m,True,1,none,M,0.10661,0.098539,0.0080668,0.10848,0.093968,0.014509,0.45138,-0.70743,0.091232,0.1505,-0.059263,0.40516,-0.19812,-0.57579,-0.17347,0.53333,7.6124,15.225
74,kf10,3m,True,1,abs,W,0.12229,0.098881,0.023407,0.11587,0.094291,0.021579,0.53543,-0.51921,-0.0011634,0.1505,-0.15166,0.027857,-0.68899,-0.64949,-0.22079,0,17.274,32.792
75,kf10,3m,True,1,abs,M,0.10037,0.098539,0.0018262,0.096988,0.093968,0.0030199,0.42626,-0.71986,0.061819,0.1505,-0.088677,0.29634,-0.34793,-0.5718,-0.17347,0.37143,7.7588,14.639
76,kf10,3m,True,1,sma,W,0.11557,0.098881,0.01669,0.11015,0.094291,0.015861,0.51465,-0.55617,0.045591,0.1505,-0.1049,0.23314,-0.45546,-0.50138,-0.16179,0,17.055,32.353
77,kf10,3m,True,1,sma,M,0.092329,0.098539,-0.0062099,0.09369,0.093968,-0.00027801,0.41331,-0.7333,0.095935,0.1505,-0.05456,0.4323,-0.19325,-0.50296,-0.17347,0.44762,7.6856,14.493
78,kf10,3m,True,1,mkt,W,0.11344,0.098881,0.014561,0.10924,0.094291,0.014947,0.56276,-0.47252,0.035383,0.1505,-0.11511,0.18525,-0.52818,-0.56738,-0.17365,0,16.469,30.742
79,kf10,3m,True,1,mkt,M,0.093284,0.098539,-0.0052556,0.094961,0.093968,0.00099281,0.45566,-0.7147,0.072055,0.1505,-0.078441,0.35885,-0.33548,-0.43722,-0.21054,0.48571,7.466,13.322
80,kf10,3m,True,2,none,W,0.12555,0.098881,0.02667,0.12403,0.094291,0.02974,0.54978,-0.74732,0.043619,0.1505,-0.10688,0.22738,-0.77054,-0.46078,-0.1057,0,25.838,56.068
81,kf10,3m,True,2,none,M,0.12257,0.098539,0.024031,0.12042,0.093968,0.026456,0.52808,-0.76538,0.08668,0.1505,-0.063815,0.43282,-0.43216,-0.41304,-0.22584,0.50476,9.6619,24.74
82,kf10,3m,True,2,abs,W,0.11852,0.098881,0.019637,0.11375,0.094291,0.019459,0.5806,-0.48384,0.015477,0.1505,-0.13502,0.074588,-0.88087,-0.49341,-0.13438,0,27.083,55.19
83,kf10,3m,True,2,abs,M,0.10867,0.098539,0.010127,0.10358,0.093968,0.0096108,0.50099,-0.6356,0.069534,0.1505,-0.080961,0.36764,-0.53763,-0.40766,-0.22584,0.29524,10.028,24.301
84,kf10,3m,True,2,sma,W,0.11598,0.098881,0.017104,0.11233,0.094291,0.01804,0.57595,-0.58443,0.046894,0.1505,-0.1036,0.24925,-0.69032,-0.46279,-0.12617,0,26.131,53.141
85,kf10,3m,True,2,sma,M,0.11193,0.098539,0.013396,0.11012,0.093968,0.016148,0.54692,-0.71013,0.079545,0.1505,-0.07095,0.41039,-0.48109,-0.39056,-0.22584,0.32381,9.8083,23.13
86,kf10,3m,True,2,mkt,W,0.11354,0.098881,0.014661,0.11128,0.094291,0.016985,0.61899,-0.37984,0.055797,0.1505,-0.094698,0.31935,-0.56612,-0.26454,-0.12477,0.038095,24.008,51.53
87,kf10,3m,True,2,mkt,M,0.10932,0.098539,0.010785,0.10926,0.093968,0.01529,0.58198,-0.5923,0.067577,0.1505,-0.082918,0.38418,-0.50064,-0.37972,-0.17808,0.28571,9.1495,22.398
88,kf10,3m,True,3,none,W,0.12485,0.098881,0.025973,0.12294,0.094291,0.028652,0.55321,-0.77176,0.089722,0.1505,-0.060773,0.47873,-0.54774,-0.35155,-0.091071,0.18095,29.864,67.633
89,kf10,3m,True,3,none,M,0.12564,0.098539,0.027103,0.12267,0.093968,0.028706,0.54941,-0.79341,0.098952,0.1505,-0.051544,0.51694,-0.44993,-0.38852,-0.08377,0.42857,9.5887,29.132
90,kf10,3m,True,3,abs,W,0.11462,0.098881,0.015741,0.10996,0.094291,0.015673,0.5868,-0.44993,0.044401,0.1505,-0.10609,0.24278,-0.79727,-0.32674,-0.14915,0,31.182,67.341
91,kf10,3m,True,3,abs,M,0.10752,0.098539,0.0089844,0.10397,0.093968,0.0099991,0.53087,-0.64438,0.078589,0.1505,-0.071907,0.44799,-0.56211,-0.27041,-0.1089,0.22857,10.247,29.571
92,kf10,3m,True,3,sma,W,0.11614,0.098881,0.017263,0.11253,0.094291,0.018241,0.60597,-0.57852,0.072401,0.1505,-0.078095,0.4121,-0.61404,-0.32323,-0.084072,0,30.962,64.852
93,kf10,3m,True,3,sma,M,0.11617,0.098539,0.017629,0.11453,0.093968,0.020565,0.60153,-0.73089,0.09318,0.1505,-0.057316,0.53036,-0.48325,-0.29753,-0.083414,0.28571,9.8083,27.961
94,kf10,3m,True,3,mkt,W,0.11267,0.098881,0.013787,0.10968,0.094291,0.015391,0.62504,-0.37497,0.078695,0.1505,-0.0718,0.49176,-0.4756,-0.20766,-0.12388,0.18095,27.156,63.388
95,kf10,3m,True,3,mkt,M,0.11111,0.098539,0.012569,0.11043,0.093968,0.016459,0.61019,-0.59683,0.074832,0.1505,-0.075663,0.45486,-0.50977,-0.21678,-0.1089,0.14286,9.3691,28.693
96,kf10,6m,False,1,none,W,0.11552,0.098881,0.016644,0.11349,0.094291,0.019202,0.45,-0.88444,0.095064,0.1505,-0.055432,0.40561,-0.12601,-0.5108,-0.25087,0.31429,9.8083,19.617
97,kf10,6m,False,1,none,M,0.11105,0.098539,0.012509,0.10813,0.093968,0.014159,0.42725,-0.88818,0.12331,0.1505,-0.027187,0.49099,0.0040823,-0.58033,-0.28474,0.60952,4.3918,8.7836
98,kf10,6m,False,1,abs,W,0.12083,0.098881,0.021952,0.11842,0.094291,0.02413,0.49372,-0.78098,0.071694,0.1505,-0.078802,0.32727,-0.22546,-0.5108,-0.24658,0.028571,10.174,19.324
99,kf10,6m,False,1,abs,M,0.1136,0.098539,0.015059,0.11241,0.093968,0.018443,0.46524,-0.8508,0.091792,0.1505,-0.058704,0.39133,-0.12732,-0.57952,-0.28336,0.37143,4.6846,8.6372
100,kf10,6m,False,1,sma,W,0.11474,0.098881,0.015857,0.11062,0.094291,0.016327,0.46062,-0.80514,0.077438,0.1505,-0.073058,0.34768,-0.20353,-0.5108,-0.23974,0.066667,10.321,19.47
101,kf10,6m,False,1,sma,M,0.11221,0.098539,0.013674,0.11032,0.093968,0.016355,0.45838,-0.83178,0.090106,0.1505,-0.060389,0.3859,-0.13541,-0.58033,-0.28474,0.4381,4.6846,8.7836
102,kf10,6m,False,1,mkt,W,0.11463,0.098881,0.015753,0.11213,0.094291,0.017838,0.50881,-0.61937,0.056332,0.1505,-0.094164,0.27562,-0.32509,-0.53209,-0.25835,0.047619,10.247,18.299
103,kf10,6m,False,1,mkt,M,0.10889,0.098539,0.010355,0.10881,0.093968,0.014842,0.48505,-0.71283,0.068929,0.1505,-0.081566,0.32278,-0.26239,-0.5646,-0.27005,0.39048,5.0506,8.4908
104,kf10,6m,False,2,none,W,0.13013,0.098881,0.031247,0.12545,0.094291,0.031159,0.53738,-0.82761,0.119,0.1505,-0.031493,0.56005,-0.15775,-0.37699,-0.093889,0.32381,17.933,37.184
105,kf10,6m,False,2,none,M,0.13899,0.098539,0.040447,0.13213,0.093968,0.038164,0.56879,-0.86014,0.1228,0.1505,-0.027699,0.56577,-0.12342,-0.38927,-0.087598,0.41905,7.6856,17.567
106,kf10,6m,False,2,abs,W,0.12951,0.098881,0.030628,0.12582,0.094291,0.031532,0.58631,-0.7198,0.084128,0.1505,-0.066367,0.41616,-0.37264,-0.35718,-0.12559,0,18.445,36.598
107,kf10,6m,False,2,abs,M,0.13897,0.098539,0.040431,0.13403,0.093968,0.040064,0.62591,-0.76399,0.096455,0.1505,-0.05404,0.46101,-0.29993,-0.38927,-0.096286,0,7.7588,17.274
108,kf10,6m,False,2,sma,W,0.12851,0.098881,0.029625,0.12359,0.094291,0.029299,0.58291,-0.7003,0.083061,0.1505,-0.067435,0.41471,-0.38561,-0.37017,-0.18817,0.0095238,19.251,36.891
109,kf10,6m,False,2,sma,M,0.12798,0.098539,0.029441,0.12397,0.093968,0.030001,0.57634,-0.81247,0.08576,0.1505,-0.064736,0.4123,-0.3592,-0.38927,-0.10754,0,7.9784,17.714
110,kf10,6m,False,2,mkt,W,0.11875,0.098881,0.019866,0.11535,0.094291,0.021063,0.58027,-0.5429,0.086403,0.1505,-0.064092,0.46786,-0.35037,-0.33076,-0.15002,0.19048,16.616,34.549
111,kf10,6m,False,2,mkt,M,0.12264,0.098539,0.024101,0.12062,0.093968,0.026655,0.59657,-0.66759,0.089966,0.1505,-0.06053,0.47618,-0.32605,-0.36884,-0.11054,0.038095,7.466,16.982
112,kf10,6m,False,3,none,W,0.1291,0.098881,0.030216,0.12211,0.094291,0.027821,0.53581,-0.82445,0.14207,0.1505,-0.0084303,0.71453,-0.051152,-0.36591,-0.022634,0.57143,23.496,49.774
113,kf10,6m,False,3,none,M,0.13178,0.098539,0.033242,0.12545,0.093968,0.03148,0.553,-0.82935,0.14217,0.1505,-0.0083304,0.7084,-0.047041,-0.36,-0.03413,0.58095,8.0516,20.788
114,kf10,6m,False,3,abs,W,0.1255,0.098881,0.026617,0.12029,0.094291,0.025997,0.5869,-0.74425,0.099854,0.1505,-0.050641,0.53246,-0.38119,-0.32964,-0.10642,0.085714,24.814,49.481
115,kf10,6m,False,3,abs,M,0.13035,0.098539,0.031814,0.12568,0.093968,0.031712,0.61587,-0.71603,0.11004,0.1505,-0.040453,0.56863,-0.32006,-0.35984,-0.070835,0.21905,8.4176,21.081
116,kf10,6m,False,3,sma,W,0.12848,0.098881,0.029598,0.1217,0.094291,0.027407,0.60615,-0.67223,0.098528,0.1505,-0.051968,0.5288,-0.39097,-0.338,-0.11898,0.11429,25.765,50.506
117,kf10,6m,False,3,sma,M,0.12516,0.098539,0.026624,0.12091,0.093968,0.026942,0.59036,-0.75476,0.10361,0.1505,-0.046883,0.53869,-0.37673,-0.35907,-0.067684,0.14286,8.8568,21.52
118,kf10,6m,False,3,mkt,W,0.11952,0.098881,0.020636,0.1141,0.094291,0.019806,0.59836,-0.54189,0.10537,0.1505,-0.045127,0.63061,-0.29854,-0.2339,-0.10181,0.32381,21.739,47.578
119,kf10,6m,False,3,mkt,M,0.11515,0.098539,0.016611,0.1129,0.093968,0.018933,0.57504,-0.63979,0.10004,0.1505,-0.050453,0.58268,-0.33321,-0.24363,-0.091596,0.1619,7.9784,21.227
120,kf10,6m,True,1,none,W,0.10851,0.098881,0.0096277,0.10421,0.094291,0.009916,0.43921,-0.79138,0.094122,0.1505,-0.056373,0.43673,-0.22999,-0.40166,-0.11678,0.42857,13.761,27.522
121,kf10,6m,True,1,none,M,0.1028,0.098539,0.0042653,0.10399,0.093968,0.010018,0.4332,-0.86489,0.10104,0.1505,-0.04946,0.46526,-0.19734,-0.47632,-0.14849,0.40952,5.6361,11.272
122,kf10,6m,True,1,abs,W,0.10522,0.098881,0.0063396,0.10289,0.094291,0.0085987,0.47083,-0.72294,0.07256,0.1505,-0.077935,0.35105,-0.33719,-0.39474,-0.11173,0.40952,14.273,27.522
123,kf10,6m,True,1,abs,M,0.099302,0.098539,0.00076234,0.10064,0.093968,0.0066747,0.45133,-0.81162,0.070238,0.1505,-0.080258,0.33988,-0.35975,-0.47632,-0.14849,0.038095,5.8557,10.979
124,kf10,6m,True,1,sma,W,0.1012,0.098881,0.002318,0.098319,0.094291,0.0040275,0.4462,-0.7083,0.080325,0.1505,-0.07017,0.38458,-0.29791,-0.39474,-0.10367,0.42857,14.273,27.522
125,kf10,6m,True,1,sma,M,0.098634,0.098539,9.4768e-05,0.098631,0.093968,0.0046634,0.44311,-0.77959,0.07852,0.1505,-0.071976,0.3741,-0.31473,-0.47632,-0.14849,0.28571,5.8557,11.272
126,kf10,6m,True,1,mkt,W,0.10503,0.098881,0.0061494,0.10088,0.094291,0.0065892,0.52142,-0.54945,0.062835,0.1505,-0.08766,0.33046,-0.4126,-0.29476,-0.13289,0.37143,14.493,26.79
127,kf10,6m,True,1,mkt,M,0.097547,0.098539,-0.00099263,0.097782,0.093968,0.0038147,0.48533,-0.68414,0.064131,0.1505,-0.086364,0.34241,-0.43038,-0.32654,-0.13434,0.18095,6.1485,10.687
128,kf10,6m,True,2,none,W,0.11949,0.098881,0.020608,0.11292,0.094291,0.018626,0.49845,-0.78986,0.10127,0.1505,-0.049227,0.50856,-0.32411,-0.38855,-0.064787,0.40952,21.227,44.943
129,kf10,6m,True,2,none,M,0.11685,0.098539,0.01831,0.11276,0.093968,0.018791,0.49213,-0.82754,0.10703,0.1505,-0.043466,0.53132,-0.29405,-0.38199,-0.16256,0.44762,8.4908,19.909
130,kf10,6m,True,2,abs,W,0.1182,0.098881,0.019319,0.11395,0.094291,0.019659,0.57787,-0.67941,0.068168,0.1505,-0.082328,0.359,-0.52259,-0.36551,-0.071857,0,21.959,44.65
131,kf10,6m,True,2,abs,M,0.11554,0.098539,0.016998,0.11226,0.093968,0.018297,0.55777,-0.71741,0.080683,0.1505,-0.069813,0.41425,-0.48747,-0.38199,-0.16094,0.038095,8.6372,19.617
132,kf10,6m,True,2,sma,W,0.11554,0.098881,0.016661,0.11167,0.094291,0.017381,0.57197,-0.67354,0.071506,0.1505,-0.07899,0.37853,-0.50556,-0.36551,-0.075917,0,22.105,44.064
133,kf10,6m,True,2,sma,M,0.10661,0.098539,0.0080702,0.10412,0.093968,0.010153,0.50916,-0.79156,0.077527,0.1505,-0.072968,0.39862,-0.50616,-0.38199,-0.1821,0.047619,8.6372,19.324
134,kf10,6m,True,2,mkt,W,0.11095,0.098881,0.012072,0.10751,0.094291,0.013216,0.59759,-0.52446,0.068554,0.1505,-0.081941,0.39941,-0.48545,-0.31944,-0.069085,0.057143,20.056,42.454
135,kf10,6m,True,2,mkt,M,0.10323,0.098539,0.0046897,0.10253,0.093968,0.0085615,0.54077,-0.6343,0.071051,0.1505,-0.079445,0.41151,-0.49122,-0.26317,-0.1049,0.019048,8.1248,18.299
136,kf10,6m,True,3,none,W,0.11705,0.098881,0.018172,0.11209,0.094291,0.017802,0.49971,-0.8091,0.13243,0.1505,-0.018061,0.68495,-0.14917,-0.34778,-0.013528,0.61905,22.984,50.359
137,kf10,6m,True,3,none,M,0.12185,0.098539,0.023314,0.11728,0.093968,0.023308,0.52163,-0.82194,0.12853,0.1505,-0.021969,0.66344,-0.188,-0.3542,-0.093036,0.60952,8.8568,22.252
138,kf10,6m,True,3,abs,W,0.11274,0.098881,0.013862,0.10965,0.094291,0.015361,0.57365,-0.67749,0.090242,0.1505,-0.060253,0.50265,-0.47062,-0.31224,-0.057717,0.038095,24.155,49.92
139,kf10,6m,True,3,abs,M,0.11689,0.098539,0.01835,0.1129,0.093968,0.018929,0.58543,-0.67955,0.09642,0.1505,-0.054076,0.51864,-0.45879,-0.35385,-0.10955,0.32381,9.1495,22.691
140,kf10,6m,True,3,sma,W,0.11297,0.098881,0.01409,0.10873,0.094291,0.014436,0.57431,-0.62133,0.090091,0.1505,-0.060405,0.50314,-0.46908,-0.31649,-0.053523,0.0095238,24.814,50.066
141,kf10,6m,True,3,sma,M,0.11212,0.098539,0.013579,0.1086,0.093968,0.014632,0.55766,-0.7285,0.088177,0.1505,-0.062318,0.47597,-0.53184,-0.35395,-0.10917,0.19048,9.5155,22.544
142,kf10,6m,True,3,mkt,W,0.10788,0.098881,0.0089953,0.10435,0.094291,0.010063,0.58759,-0.47559,0.093111,0.1505,-0.057385,0.58915,-0.38622,-0.21546,-0.088973,0.12381,20.934,47.87
143,kf10,6m,True,3,mkt,M,0.10277,0.098539,0.0042353,0.10103,0.093968,0.0070672,0.54276,-0.61308,0.086074,0.1505,-0.064421,0.52507,-0.43719,-0.21233,-0.097033,0.20952,8.564,22.252
144,kf10,12m,False,1,none,W,0.1493,0.098881,0.050419,0.14274,0.094291,0.04845,0.57035,-0.82394,0.16037,0.1505,0.0098744,0.6312,0.14035,-0.46637,-0.30507,0.6381,7.5392,15.078
145,kf10,12m,False,1,none,M,0.15259,0.098539,0.054053,0.14428,0.093968,0.050311,0.57106,-0.78964,0.20984,0.1505,0.059345,0.78424,0.35505,-0.33959,-0.099517,0.72381,3.2206,6.4413
146,kf10,12m,False,1,abs,W,0.14601,0.098881,0.047129,0.14246,0.094291,0.048165,0.60348,-0.75551,0.1465,0.1505,-0.0039938,0.58823,0.076426,-0.46637,-0.30507,0.58095,7.832,15.371
147,kf10,12m,False,1,abs,M,0.14736,0.098539,0.048825,0.14147,0.093968,0.047502,0.59033,-0.7413,0.20984,0.1505,0.059345,0.78424,0.35505,-0.33959,-0.099517,0.72381,3.2206,6.4413
148,kf10,12m,False,1,sma,W,0.15588,0.098881,0.056996,0.1509,0.094291,0.056613,0.66303,-0.68027,0.1069,0.1505,-0.043595,0.46015,-0.10535,-0.53614,-0.26052,0.48571,9.5155,16.396
149,kf10,12m,False,1,sma,M,0.13826,0.098539,0.039717,0.13456,0.093968,0.04059,0.57569,-0.7391,0.17168,0.1505,0.021184,0.67199,0.18445,-0.3778,-0.099517,0.64762,3.5134,6.4413
150,kf10,12m,False,1,mkt,W,0.1387,0.098881,0.03982,0.13422,0.094291,0.039924,0.6314,-0.55541,0.094776,0.1505,-0.05572,0.44154,-0.19172,-0.4619,-0.18837,0.51429,8.93,15.664
151,kf10,12m,False,1,mkt,M,0.12655,0.098539,0.028014,0.12524,0.093968,0.031269,0.56923,-0.60829,0.12715,0.1505,-0.023341,0.56489,-0.047992,-0.40546,-0.10532,0.53333,4.3186,7.0269
152,kf10,12m,False,2,none,W,0.14506,0.098881,0.046179,0.13732,0.094291,0.043034,0.58953,-0.82535,0.16656,0.1505,0.016069,0.7483,0.16586,-0.35313,-0.11309,0.69524,12.297,25.326
153,kf10,12m,False,2,none,M,0.1401,0.098539,0.041564,0.13351,0.093968,0.039547,0.57048,-0.79747,0.15059,0.1505,9.4317e-05,0.68375,0.062152,-0.36684,-0.09855,0.67619,5.7093,12.297
154,kf10,12m,False,2,abs,W,0.13909,0.098881,0.040206,0.13498,0.094291,0.04069,0.63375,-0.70701,0.14502,0.1505,-0.0054767,0.66814,0.016004,-0.37511,-0.11309,0.57143,12.736,25.18
155,kf10,12m,False,2,abs,M,0.13722,0.098539,0.038684,0.13197,0.093968,0.038006,0.61035,-0.69177,0.14287,0.1505,-0.0076291,0.65517,0.005558,-0.36684,-0.09855,0.53333,5.7825,12.004
156,kf10,12m,False,2,sma,W,0.14871,0.098881,0.049829,0.14276,0.094291,0.048468,0.71562,-0.58232,0.1227,0.1505,-0.027793,0.59383,-0.1313,-0.35317,-0.071742,0.44762,15.298,27.229
157,kf10,12m,False,2,sma,M,0.1314,0.098539,0.032865,0.12676,0.093968,0.032796,0.60761,-0.68669,0.12291,0.1505,-0.027585,0.58038,-0.12803,-0.37203,-0.092968,0.45714,6.2217,12.59
158,kf10,12m,False,2,mkt,W,0.13294,0.098881,0.034058,0.12818,0.094291,0.03389,0.6793,-0.46005,0.12746,0.1505,-0.023035,0.66426,-0.11441,-0.29669,-0.081321,0.54286,12.443,25.619
159,kf10,12m,False,2,mkt,M,0.11918,0.098539,0.020642,0.11725,0.093968,0.023278,0.58503,-0.61874,0.11231,0.1505,-0.038186,0.58295,-0.19788,-0.23143,-0.08673,0.47619,5.9289,12.736
160,kf10,12m,False,3,none,W,0.13497,0.098881,0.036088,0.12947,0.094291,0.035178,0.5738,-0.79149,0.16601,0.1505,0.015517,0.80575,0.16449,-0.35798,-0.067935,0.66667,17.64,36.305
161,kf10,12m,False,3,none,M,0.13803,0.098539,0.039486,0.13276,0.093968,0.038792,0.58645,-0.79397,0.15534,0.1505,0.0048483,0.75429,0.077679,-0.3562,-0.050412,0.68571,7.3196,16.396
162,kf10,12m,False,3,abs,W,0.13478,0.098881,0.035897,0.13143,0.094291,0.037134,0.65208,-0.69297,0.13694,0.1505,-0.013553,0.69594,-0.089485,-0.35661,-0.10903,0.51429,19.031,36.745
163,kf10,12m,False,3,abs,M,0.13673,0.098539,0.038194,0.13285,0.093968,0.038879,0.65373,-0.65649,0.13219,0.1505,-0.01831,0.65758,-0.12619,-0.35905,-0.050412,0.47619,7.5392,16.103
164,kf10,12m,False,3,sma,W,0.1394,0.098881,0.040519,0.13419,0.094291,0.039894,0.71232,-0.56358,0.12627,0.1505,-0.024226,0.67446,-0.17238,-0.32292,-0.050977,0.42857,20.349,37.33
165,kf10,12m,False,3,sma,M,0.13085,0.098539,0.032315,0.12627,0.093968,0.032302,0.64398,-0.70485,0.13145,0.1505,-0.01905,0.69216,-0.13945,-0.29075,-0.045452,0.49524,7.832,16.542
166,kf10,12m,False,3,mkt,W,0.12398,0.098881,0.025097,0.11963,0.094291,0.025335,0.65614,-0.46906,0.12555,0.1505,-0.02495,0.72828,-0.16603,-0.24139,-0.085276,0.46667,16.689,36.305
167,kf10,12m,False,3,mkt,M,0.11829,0.098539,0.019753,0.11619,0.093968,0.022224,0.60738,-0.59961,0.11252,0.1505,-0.037976,0.64316,-0.24557,-0.22656,-0.058494,0.40952,7.1732,17.421
168,kf10,12m,True,1,none,W,0.12356,0.098881,0.024677,0.11835,0.094291,0.024061,0.49152,-0.82734,0.16364,0.1505,0.013145,0.6913,0.13522,-0.30102,-0.17002,0.65714,9.9547,19.909
169,kf10,12m,True,1,none,M,0.122,0.098539,0.023458,0.11655,0.093968,0.022584,0.48031,-0.81444,0.16633,0.1505,0.015834,0.7002,0.15289,-0.30805,-0.067007,0.64762,4.831,9.6619
170,kf10,12m,True,1,abs,W,0.12163,0.098881,0.022746,0.11964,0.094291,0.025349,0.55902,-0.73313,0.14973,0.1505,-0.00076217,0.64425,0.06198,-0.34147,-0.17002,0.54286,10.247,20.202
171,kf10,12m,True,1,abs,M,0.1173,0.098539,0.018762,0.11326,0.093968,0.019288,0.51485,-0.75219,0.16633,0.1505,0.015834,0.7002,0.15289,-0.30805,-0.067007,0.64762,4.831,9.6619
172,kf10,12m,True,1,sma,W,0.12502,0.098881,0.026136,0.12209,0.094291,0.027802,0.58551,-0.67363,0.12055,0.1505,-0.029948,0.5433,-0.089206,-0.31539,-0.10812,0.45714,11.565,21.227
173,kf10,12m,True,1,sma,M,0.11488,0.098539,0.016336,0.11154,0.093968,0.017569,0.51653,-0.73162,0.1427,0.1505,-0.0077969,0.61898,0.027114,-0.30805,-0.067007,0.53333,5.0506,9.6619
174,kf10,12m,True,1,mkt,W,0.12068,0.098881,0.021796,0.11664,0.094291,0.022351,0.62017,-0.5527,0.10503,0.1505,-0.045465,0.53392,-0.20345,-0.27499,-0.17861,0.44762,10.979,19.763
175,kf10,12m,True,1,mkt,M,0.11369,0.098539,0.015149,0.11222,0.093968,0.018255,0.57307,-0.60258,0.1013,0.1505,-0.049195,0.51003,-0.22282,-0.23533,-0.10532,0.3619,5.7825,9.9547
176,kf10,12m,True,2,none,W,0.12993,0.098881,0.031045,0.12316,0.094291,0.02887,0.54059,-0.81064,0.15855,0.1505,0.0080591,0.78309,0.082047,-0.28558,-0.037833,0.62857,15.591,31.621
177,kf10,12m,True,2,none,M,0.13326,0.098539,0.034724,0.12654,0.093968,0.032576,0.55163,-0.78536,0.1601,0.1505,0.0096014,0.78721,0.095683,-0.29992,-0.016952,0.71429,6.5145,13.907
178,kf10,12m,True,2,abs,W,0.12856,0.098881,0.029682,0.12565,0.094291,0.031362,0.64228,-0.66482,0.13797,0.1505,-0.012527,0.70304,-0.073701,-0.31107,-0.068988,0.54286,16.03,31.328
179,kf10,12m,True,2,abs,M,0.12886,0.098539,0.030319,0.1245,0.093968,0.030536,0.61937,-0.69159,0.1483,0.1505,-0.0021905,0.74423,0.002706,-0.29992,-0.016952,0.62857,6.5877,13.615
180,kf10,12m,True,2,sma,W,0.13711,0.098881,0.038226,0.1335,0.094291,0.039207,0.72021,-0.58853,0.13776,0.1505,-0.01274,0.74263,-0.086169,-0.23814,-0.053984,0.54286,17.714,32.206
181,kf10,12m,True,2,sma,M,0.12313,0.098539,0.024593,0.1193,0.093968,0.025334,0.60874,-0.69479,0.14611,0.1505,-0.0043891,0.76313,-0.025039,-0.20744,-0.049242,0.6381,6.8073,13.761
182,kf10,12m,True,2,mkt,W,0.12591,0.098881,0.027025,0.1218,0.094291,0.027507,0.70172,-0.45958,0.1196,0.1505,-0.030892,0.70797,-0.19823,-0.18528,-0.076437,0.48571,15.225,30.742
183,kf10,12m,True,2,mkt,M,0.11244,0.098539,0.013897,0.11098,0.093968,0.017017,0.59807,-0.61234,0.11181,0.1505,-0.03869,0.65741,-0.2496,-0.22334,-0.049242,0.3619,6.8073,14.493
184,kf10,12m,True,3,none,W,0.13001,0.098881,0.031133,0.12503,0.094291,0.03074,0.55848,-0.79879,0.16226,0.1505,0.011761,0.84876,0.11266,-0.30755,-0.04549,0.71429,17.86,36.891
185,kf10,12m,True,3,none,M,0.12921,0.098539,0.030676,0.1238,0.093968,0.029832,0.55043,-0.78009,0.1463,0.1505,-0.0041919,0.76058,-0.030059,-0.28115,-0.029364,0.57143,7.2464,16.835
186,kf10,12m,True,3,abs,W,0.13117,0.098881,0.032288,0.12841,0.094291,0.034115,0.68417,-0.68244,0.13693,0.1505,-0.013564,0.74513,-0.12024,-0.30995,-0.090277,0.49524,19.543,37.769
187,kf10,12m,True,3,abs,M,0.12734,0.098539,0.028804,0.12348,0.093968,0.02951,0.64536,-0.66412,0.1267,0.1505,-0.023791,0.6725,-0.2064,-0.28188,-0.031076,0.4381,7.3928,16.542
188,kf10,12m,True,3,sma,W,0.13266,0.098881,0.033783,0.12735,0.094291,0.033054,0.71527,-0.61019,0.13802,0.1505,-0.012471,0.79527,-0.11539,-0.20901,-0.067807,0.53333,20.275,37.769
189,kf10,12m,True,3,sma,M,0.12163,0.098539,0.02309,0.11837,0.093968,0.024402,0.6293,-0.70138,0.12851,0.1505,-0.02199,0.72703,-0.18212,-0.1926,-0.041358,0.52381,7.466,16.982
190,kf10,12m,True,3,mkt,W,0.12209,0.098881,0.023211,0.11777,0.094291,0.023474,0.69399,-0.46525,0.12875,0.1505,-0.021743,0.81186,-0.1679,-0.17205,-0.069567,0.51429,16.616,36.452
191,kf10,12m,True,3,mkt,M,0.11033,0.098539,0.011793,0.10874,0.093968,0.014767,0.59765,-0.59355,0.099323,0.1505,-0.051172,0.60999,-0.35217,-0.21547,-0.075525,0.37143,7.2464,18.153
192,kf10,12-1,False,1,none,W,0.1481,0.098881,0.049217,0.14023,0.094291,0.045941,0.5496,-0.83747,0.2065,0.1505,0.056009,0.75776,0.34688,-0.46165,-0.055275,0.79048,8.198,16.396
193,kf10,12-1,False,1,none,M,0.14252,0.098539,0.043984,0.13754,0.093968,0.04357,0.53193,-0.86824,0.2004,0.1505,0.049902,0.73429,0.32207,-0.39172,-0.20342,0.71429,3.1474,6.2949
194,kf10,12-1,False,1,abs,W,0.14594,0.098881,0.047062,0.14145,0.094291,0.047159,0.58417,-0.7877,0.19955,0.1505,0.049053,0.73831,0.31603,-0.45474,-0.055275,0.71429,8.3444,16.25
195,kf10,12-1,False,1,abs,M,0.14472,0.098539,0.046183,0.14015,0.093968,0.046185,0.56961,-0.76967,0.19618,0.1505,0.045683,0.72216,0.30416,-0.39172,-0.20342,0.71429,3.1474,6.1485
196,kf10,12-1,False,1,sma,W,0.14907,0.098881,0.050185,0.145,0.094291,0.050707,0.64294,-0.57134,0.12232,0.1505,-0.028176,0.52063,-0.0457,-0.48454,-0.28526,0.5619,10.101,16.982
197,kf10,12-1,False,1,sma,M,0.14359,0.098539,0.045051,0.13915,0.093968,0.04518,0.60131,-0.57656,0.15788,0.1505,0.007389,0.62817,0.12268,-0.36505,-0.22116,0.6381,3.5134,6.2949
198,kf10,12-1,False,1,mkt,W,0.13552,0.098881,0.036643,0.13083,0.094291,0.036543,0.61246,-0.5328,0.11297,0.1505,-0.03753,0.51708,-0.11507,-0.50105,-0.21616,0.52381,9.0764,15.957
199,kf10,12-1,False,1,mkt,M,0.13041,0.098539,0.03187,0.12891,0.093968,0.034938,0.58595,-0.60041,0.11559,0.1505,-0.034904,0.51804,-0.09524,-0.42114,-0.22116,0.55238,4.1722,6.7341
200,kf10,12-1,False,2,none,W,0.1314,0.098881,0.032519,0.12467,0.094291,0.030381,0.52687,-0.82847,0.18303,0.1505,0.032534,0.79564,0.29038,-0.3333,-0.063224,0.72381,12.883,26.204
201,kf10,12-1,False,2,none,M,0.12689,0.098539,0.028349,0.12095,0.093968,0.026985,0.50014,-0.83449,0.18408,0.1505,0.033587,0.80946,0.30009,-0.34267,-0.038422,0.8381,5.7825,12.297
202,kf10,12-1,False,2,abs,W,0.13,0.098881,0.031119,0.12579,0.094291,0.031495,0.57102,-0.77736,0.16889,0.1505,0.018395,0.73972,0.19131,-0.33197,-0.063224,0.61905,13.468,26.204
203,kf10,12-1,False,2,abs,M,0.12611,0.098539,0.027569,0.12181,0.093968,0.027846,0.53787,-0.76914,0.16767,0.1505,0.01717,0.74527,0.18265,-0.34444,-0.056889,0.70476,5.7825,12.004
204,kf10,12-1,False,2,sma,W,0.13372,0.098881,0.034842,0.12779,0.094291,0.0335,0.64012,-0.5871,0.12301,0.1505,-0.027482,0.61119,-0.14187,-0.32454,-0.082547,0.44762,15.664,26.936
205,kf10,12-1,False,2,sma,M,0.1283,0.098539,0.029762,0.12356,0.093968,0.029591,0.59389,-0.68536,0.16332,0.1505,0.012828,0.80265,0.099206,-0.19316,-0.094969,0.65714,6.3681,12.077
206,kf10,12-1,False,2,mkt,W,0.12341,0.098881,0.024526,0.1185,0.094291,0.024208,0.61632,-0.52834,0.13085,0.1505,-0.019646,0.68874,-0.10069,-0.29545,-0.099864,0.48571,12.37,25.18
207,kf10,12-1,False,2,mkt,M,0.1172,0.098539,0.018664,0.11526,0.093968,0.021293,0.57393,-0.62844,0.14386,0.1505,-0.0066368,0.75217,-0.032877,-0.22646,-0.072596,0.5619,5.7825,12.297
208,kf10,12-1,False,3,none,W,0.12333,0.098881,0.024454,0.11971,0.094291,0.025417,0.51884,-0.78927,0.15606,0.1505,0.005561,0.75956,0.090643,-0.34776,-0.088747,0.59048,15.591,32.206
209,kf10,12-1,False,3,none,M,0.12369,0.098539,0.025152,0.11856,0.093968,0.024593,0.50832,-0.78825,0.15538,0.1505,0.0048829,0.74455,0.088578,-0.37963,-0.046338,0.67619,5.9289,13.907
210,kf10,12-1,False,3,abs,W,0.11927,0.098881,0.020394,0.11638,0.094291,0.022086,0.55269,-0.73837,0.14415,0.1505,-0.0063413,0.70946,-0.023026,-0.34723,-0.092623,0.50476,16.982,32.792
211,kf10,12-1,False,3,abs,M,0.12076,0.098539,0.022217,0.11673,0.093968,0.022766,0.54566,-0.70374,0.13881,0.1505,-0.011687,0.67442,-0.061511,-0.37795,-0.083056,0.50476,6.3681,14.493
212,kf10,12-1,False,3,sma,W,0.12543,0.098881,0.026551,0.1199,0.094291,0.025609,0.63567,-0.58717,0.1194,0.1505,-0.0311,0.66049,-0.23582,-0.29403,-0.055046,0.41905,19.251,34.695
213,kf10,12-1,False,3,sma,M,0.11799,0.098539,0.019454,0.1134,0.093968,0.019435,0.57012,-0.70612,0.12582,0.1505,-0.024678,0.67743,-0.19327,-0.28417,-0.093295,0.46667,6.8073,13.981
214,kf10,12-1,False,3,mkt,W,0.11479,0.098881,0.01591,0.11082,0.094291,0.016529,0.601,-0.49567,0.11607,0.1505,-0.034426,0.6777,-0.22575,-0.22159,-0.10362,0.41905,15.078,33.231
215,kf10,12-1,False,3,mkt,M,0.10923,0.098539,0.010687,0.1068,0.093968,0.012832,0.54894,-0.61189,0.11863,0.1505,-0.031861,0.68171,-0.21134,-0.21188,-0.064157,0.41905,6.0753,15.225
216,kf10,12-1,True,1,none,W,0.11694,0.098881,0.018062,0.11193,0.094291,0.017637,0.45993,-0.85454,0.18071,0.1505,0.03021,0.75325,0.22333,-0.30888,-0.053574,0.89524,11.199,22.398
217,kf10,12-1,True,1,none,M,0.10734,0.098539,0.0087991,0.10158,0.093968,0.0076112,0.41322,-0.87266,0.18109,0.1505,0.030599,0.77165,0.22269,-0.30805,-0.19357,0.84762,4.2454,8.4908
218,kf10,12-1,True,1,abs,W,0.11935,0.098881,0.020474,0.11991,0.094291,0.02562,0.54636,-0.77652,0.17294,0.1505,0.022447,0.72728,0.18241,-0.30888,-0.053574,0.86667,11.419,22.398
219,kf10,12-1,True,1,abs,M,0.11032,0.098539,0.011778,0.10666,0.093968,0.012688,0.46902,-0.77092,0.17694,0.1505,0.026448,0.75711,0.2006,-0.30805,-0.19357,0.81905,4.2454,8.3444
220,kf10,12-1,True,1,sma,W,0.12429,0.098881,0.025406,0.1233,0.094291,0.029006,0.60825,-0.48946,0.12302,0.1505,-0.027479,0.5577,-0.082399,-0.32228,-0.063058,0.49524,12.736,22.837
221,kf10,12-1,True,1,sma,M,0.11004,0.098539,0.011498,0.10851,0.093968,0.014541,0.51164,-0.63057,0.15614,0.1505,0.0056462,0.6855,0.086005,-0.30805,-0.19357,0.59048,4.5382,8.4908
222,kf10,12-1,True,1,mkt,W,0.11708,0.098881,0.018202,0.11452,0.094291,0.020231,0.61042,-0.56745,0.10349,0.1505,-0.047005,0.5319,-0.21601,-0.29623,-0.10345,0.45714,11.858,21.52
223,kf10,12-1,True,1,mkt,M,0.1052,0.098539,0.0066578,0.10436,0.093968,0.01039,0.5308,-0.63683,0.11072,0.1505,-0.039777,0.57334,-0.18881,-0.28313,-0.23347,0.52381,5.4165,9.2227
224,kf10,12-1,True,2,none,W,0.11425,0.098881,0.015372,0.10953,0.094291,0.015235,0.47376,-0.82432,0.16886,0.1505,0.018362,0.81033,0.1699,-0.32002,-0.02829,0.7619,15.444,32.206
225,kf10,12-1,True,2,none,M,0.11637,0.098539,0.017832,0.1126,0.093968,0.018632,0.48601,-0.81501,0.15158,0.1505,0.0010823,0.74837,0.035189,-0.34068,-0.042461,0.89524,6.2217,13.907
226,kf10,12-1,True,2,abs,W,0.11681,0.098881,0.017934,0.11464,0.094291,0.020353,0.56608,-0.73661,0.1548,0.1505,0.0043077,0.75317,0.061281,-0.32034,-0.02998,0.6,15.664,31.474
227,kf10,12-1,True,2,abs,M,0.11473,0.098539,0.016188,0.11188,0.093968,0.017915,0.53959,-0.76741,0.14368,0.1505,-0.006819,0.70709,-0.023678,-0.34154,-0.042461,0.81905,6.3681,13.761
228,kf10,12-1,True,2,sma,W,0.12427,0.098881,0.025391,0.12164,0.094291,0.027344,0.65872,-0.63643,0.12578,0.1505,-0.024716,0.67945,-0.16649,-0.24561,-0.029273,0.50476,17.787,33.231
229,kf10,12-1,True,2,sma,M,0.11661,0.098539,0.018071,0.1157,0.093968,0.021734,0.60197,-0.70208,0.1308,0.1505,-0.019693,0.70212,-0.142,-0.22581,-0.10194,0.57143,6.5877,13.322
230,kf10,12-1,True,2,mkt,W,0.11562,0.098881,0.01674,0.11314,0.094291,0.018851,0.64742,-0.4997,0.10531,0.1505,-0.045184,0.62696,-0.28947,-0.17853,-0.052103,0.28571,15.444,32.206
231,kf10,12-1,True,2,mkt,M,0.10937,0.098539,0.010836,0.10971,0.093968,0.015739,0.60056,-0.626,0.095426,0.1505,-0.055069,0.57529,-0.36615,-0.25278,-0.13936,0.15238,6.5877,14.639
232,kf10,12-1,True,3,none,W,0.11964,0.098881,0.020759,0.1154,0.094291,0.021106,0.50892,-0.80109,0.15227,0.1505,0.0017715,0.77818,0.031432,-0.28571,-0.046076,0.68571,18.958,39.672
233,kf10,12-1,True,3,none,M,0.12132,0.098539,0.02278,0.11748,0.093968,0.023508,0.51387,-0.80266,0.14372,0.1505,-0.0067719,0.72638,-0.041951,-0.32448,-0.052681,0.72381,7.1001,16.689
234,kf10,12-1,True,3,abs,W,0.11801,0.098881,0.019133,0.11526,0.094291,0.020964,0.58916,-0.69719,0.13348,0.1505,-0.017013,0.69791,-0.15071,-0.28509,-0.046136,0.54286,19.909,39.38
235,kf10,12-1,True,3,abs,M,0.11828,0.098539,0.019739,0.11541,0.093968,0.02144,0.57462,-0.69685,0.13021,0.1505,-0.020286,0.66392,-0.16224,-0.32468,-0.051912,0.54286,7.5392,17.128
236,kf10,12-1,True,3,sma,W,0.12391,0.098881,0.025029,0.12019,0.094291,0.025894,0.67578,-0.55613,0.117,0.1505,-0.033492,0.69879,-0.27725,-0.18689,-0.088526,0.47619,22.032,39.819
237,kf10,12-1,True,3,sma,M,0.11446,0.098539,0.015924,0.11174,0.093968,0.017768,0.59346,-0.71185,0.13098,0.1505,-0.019517,0.74581,-0.16665,-0.20028,-0.02477,0.5619,7.9052,16.835
238,kf10,12-1,True,3,mkt,W,0.1134,0.098881,0.014515,0.11026,0.094291,0.015967,0.64105,-0.44263,0.10359,0.1505,-0.046908,0.6547,-0.33035,-0.18875,-0.079733,0.37143,17.348,38.501
239,kf10,12-1,True,3,mkt,M,0.10637,0.098539,0.0078338,0.10505,0.093968,0.011084,0.57708,-0.6107,0.098968,0.1505,-0.051527,0.60326,-0.35724,-0.21686,-0.066449,0.34286,7.1732,17.86
240,kf10,blend,False,1,none,W,0.14325,0.098881,0.044366,0.13876,0.094291,0.044469,0.55379,-0.83003,0.13543,0.1505,-0.015065,0.54299,0.037177,-0.45671,-0.1651,0.5619,10.76,21.52
241,kf10,blend,False,1,none,M,0.15639,0.098539,0.057849,0.15415,0.093968,0.060179,0.61031,-0.82343,0.1531,0.1505,0.0025999,0.59631,0.11403,-0.47632,-0.11413,0.59048,4.9774,9.9547
242,kf10,blend,False,1,abs,W,0.14114,0.098881,0.042259,0.13932,0.094291,0.045033,0.58518,-0.77808,0.11102,0.1505,-0.03948,0.46537,-0.069244,-0.4569,-0.1651,0.47619,11.053,21.373
243,kf10,blend,False,1,abs,M,0.15036,0.098539,0.051819,0.15052,0.093968,0.056549,0.6231,-0.77414,0.13549,0.1505,-0.015009,0.54126,0.039152,-0.47632,-0.11413,0.44762,5.0506,9.8083
244,kf10,blend,False,1,sma,W,0.14573,0.098881,0.04685,0.13833,0.094291,0.044037,0.5834,-0.72389,0.10659,0.1505,-0.043902,0.45161,-0.089933,-0.47622,-0.23439,0.41905,11.419,21.373
245,kf10,blend,False,1,sma,M,0.14281,0.098539,0.04427,0.14117,0.093968,0.047202,0.58501,-0.84568,0.13473,0.1505,-0.015764,0.53916,0.035507,-0.47632,-0.11413,0.51429,4.9774,9.6619
246,kf10,blend,False,1,mkt,W,0.13655,0.098881,0.037665,0.13021,0.094291,0.035918,0.59823,-0.59816,0.09147,0.1505,-0.059025,0.41994,-0.18866,-0.45947,-0.16935,0.52381,10.906,19.617
247,kf10,blend,False,1,mkt,M,0.12815,0.098539,0.029611,0.1285,0.093968,0.034536,0.56968,-0.71526,0.10593,0.1505,-0.04457,0.4735,-0.12582,-0.43916,-0.12746,0.49524,5.4897,9.3691
248,kf10,blend,False,2,none,W,0.13895,0.098881,0.040072,0.13581,0.094291,0.041521,0.58314,-0.80571,0.13053,0.1505,-0.019961,0.60997,-0.080531,-0.37821,-0.060682,0.54286,17.128,35.134
249,kf10,blend,False,2,none,M,0.14218,0.098539,0.043642,0.13643,0.093968,0.04246,0.58116,-0.81816,0.1614,0.1505,0.0109,0.72026,0.12665,-0.38836,-0.022148,0.58095,7.0269,16.103
250,kf10,blend,False,2,abs,W,0.14408,0.098881,0.0452,0.14259,0.094291,0.048299,0.66909,-0.68607,0.10579,0.1505,-0.044708,0.5136,-0.23394,-0.35753,-0.079894,0.40952,17.86,34.256
251,kf10,blend,False,2,abs,M,0.14176,0.098539,0.043219,0.13972,0.093968,0.045748,0.64341,-0.74792,0.14324,0.1505,-0.0072562,0.65699,0.0071457,-0.38836,-0.022148,0.49524,7.1001,15.957
252,kf10,blend,False,2,sma,W,0.14584,0.098881,0.046962,0.14018,0.094291,0.045885,0.66945,-0.65758,0.10979,0.1505,-0.040704,0.53485,-0.21282,-0.35827,-0.081398,0.41905,18.226,34.549
253,kf10,blend,False,2,sma,M,0.13283,0.098539,0.034289,0.12901,0.093968,0.035037,0.5914,-0.80963,0.14098,0.1505,-0.0095113,0.6487,-0.0073797,-0.38836,-0.022148,0.54286,7.1732,16.103
254,kf10,blend,False,2,mkt,W,0.13413,0.098881,0.035249,0.12973,0.094291,0.035434,0.6619,-0.53929,0.11113,0.1505,-0.039367,0.59334,-0.20768,-0.30267,-0.071535,0.51429,15.298,31.182
255,kf10,blend,False,2,mkt,M,0.12186,0.098539,0.023324,0.12097,0.093968,0.026999,0.58873,-0.67034,0.12668,0.1505,-0.023819,0.65427,-0.1173,-0.28574,-0.032164,0.51429,6.8073,15.664
256,kf10,blend,False,3,none,W,0.13829,0.098881,0.039407,0.13371,0.094291,0.039422,0.59244,-0.76955,0.15721,0.1505,0.0067173,0.78352,0.081492,-0.3486,-0.0076637,0.6381,21.52,45.821
257,kf10,blend,False,3,none,M,0.13616,0.098539,0.037618,0.13262,0.093968,0.038648,0.58727,-0.77823,0.16532,0.1505,0.014822,0.81718,0.15214,-0.3382,-0.015242,0.68571,7.9052,19.324
258,kf10,blend,False,3,abs,W,0.13952,0.098881,0.040637,0.13631,0.094291,0.042022,0.67681,-0.63326,0.12571,0.1505,-0.02479,0.65844,-0.17374,-0.3285,-0.071512,0.42857,23.423,46.846
259,kf10,blend,False,3,abs,M,0.13685,0.098539,0.038308,0.1354,0.093968,0.041429,0.66493,-0.69262,0.14607,0.1505,-0.0044261,0.7602,-0.028176,-0.29499,-0.024343,0.51429,8.4176,19.617
260,kf10,blend,False,3,sma,W,0.13978,0.098881,0.0409,0.13353,0.094291,0.03924,0.67321,-0.63657,0.12978,0.1505,-0.020714,0.68273,-0.14496,-0.32656,-0.041034,0.42857,23.35,46.846
261,kf10,blend,False,3,sma,M,0.1262,0.098539,0.027665,0.12334,0.093968,0.029371,0.59934,-0.75131,0.14095,0.1505,-0.0095498,0.73637,-0.067476,-0.29507,-0.062742,0.53333,8.3444,19.763
262,kf10,blend,False,3,mkt,W,0.12891,0.098881,0.030033,0.12398,0.094291,0.029692,0.66066,-0.49313,0.13162,0.1505,-0.018873,0.77027,-0.13194,-0.22021,-0.066255,0.52381,19.983,44.503
263,kf10,blend,False,3,mkt,M,0.116,0.098539,0.017463,0.11496,0.093968,0.02099,0.58577,-0.63416,0.12924,0.1505,-0.021251,0.73975,-0.14377,-0.21166,-0.04815,0.46667,7.6124,20.056
264,kf10,blend,True,1,none,W,0.1343,0.098881,0.035415,0.13068,0.094291,0.036393,0.5547,-0.74584,0.11461,0.1505,-0.035888,0.51513,-0.11945,-0.37731,-0.12792,0.46667,11.565,23.13
265,kf10,blend,True,1,none,M,0.11267,0.098539,0.014131,0.11194,0.093968,0.01797,0.46406,-0.84229,0.13552,0.1505,-0.014979,0.58935,-0.0074322,-0.30805,-0.10931,0.58095,5.4897,10.979
266,kf10,blend,True,1,abs,W,0.12072,0.098881,0.021838,0.1185,0.094291,0.024204,0.55443,-0.76515,0.092461,0.1505,-0.058034,0.43229,-0.23189,-0.38727,-0.12792,0.39048,12.004,23.276
267,kf10,blend,True,1,abs,M,0.11035,0.098539,0.011807,0.11086,0.093968,0.016896,0.49572,-0.78553,0.11709,0.1505,-0.033401,0.5223,-0.10376,-0.3141,-0.10931,0.4381,5.6361,10.979
268,kf10,blend,True,1,sma,W,0.12434,0.098881,0.025459,0.11813,0.094291,0.023839,0.55257,-0.72639,0.091355,0.1505,-0.059141,0.42915,-0.23875,-0.36994,-0.12792,0.38095,12.224,23.423
269,kf10,blend,True,1,sma,M,0.10333,0.098539,0.0047932,0.10211,0.093968,0.0081424,0.45159,-0.86759,0.11625,0.1505,-0.034241,0.51954,-0.10813,-0.30805,-0.10931,0.46667,5.6361,10.979
270,kf10,blend,True,1,mkt,W,0.12176,0.098881,0.022876,0.11607,0.094291,0.021782,0.6164,-0.59684,0.070192,0.1505,-0.080303,0.36789,-0.38167,-0.34334,-0.1165,0.1619,12.297,22.398
271,kf10,blend,True,1,mkt,M,0.10297,0.098539,0.0044271,0.10194,0.093968,0.0079739,0.49747,-0.74369,0.073435,0.1505,-0.077061,0.37767,-0.36087,-0.26747,-0.10356,0.12381,6.2217,10.833
272,kf10,blend,True,2,none,W,0.13492,0.098881,0.036037,0.1296,0.094291,0.035305,0.57918,-0.7907,0.1083,0.1505,-0.042194,0.54,-0.26415,-0.36591,-0.030703,0.35238,19.397,41.283
273,kf10,blend,True,2,none,M,0.12696,0.098539,0.028418,0.12341,0.093968,0.029443,0.5418,-0.81312,0.15447,0.1505,0.0039789,0.75026,0.058856,-0.36249,-0.02388,0.65714,8.198,19.324
274,kf10,blend,True,2,abs,W,0.13646,0.098881,0.03758,0.13404,0.094291,0.039749,0.69287,-0.69344,0.084452,0.1505,-0.066043,0.4405,-0.41501,-0.34405,-0.019428,0.038095,19.983,40.258
275,kf10,blend,True,2,abs,M,0.12778,0.098539,0.029245,0.12644,0.093968,0.032472,0.63127,-0.75244,0.1392,0.1505,-0.011293,0.68504,-0.049908,-0.3637,-0.02388,0.50476,8.198,19.031
276,kf10,blend,True,2,sma,W,0.13396,0.098881,0.035082,0.12748,0.094291,0.03319,0.66238,-0.68634,0.079764,0.1505,-0.070731,0.41922,-0.45223,-0.35036,-0.044153,0,20.568,40.99
277,kf10,blend,True,2,sma,M,0.12033,0.098539,0.021787,0.11718,0.093968,0.023211,0.57908,-0.81687,0.13705,0.1505,-0.013449,0.67666,-0.065227,-0.36179,-0.024443,0.52381,8.2712,19.177
278,kf10,blend,True,2,mkt,W,0.12899,0.098881,0.030113,0.12342,0.094291,0.029124,0.70555,-0.55819,0.081507,0.1505,-0.068988,0.47981,-0.41556,-0.22503,-0.081729,0.066667,18.445,39.087
279,kf10,blend,True,2,mkt,M,0.11265,0.098539,0.014114,0.11156,0.093968,0.017593,0.5956,-0.68176,0.11394,0.1505,-0.036558,0.6521,-0.22376,-0.19927,-0.031212,0.50476,7.9784,18.738
280,kf10,blend,True,3,none,W,0.13482,0.098881,0.03594,0.13114,0.094291,0.036844,0.59244,-0.79539,0.15334,0.1505,0.0028477,0.80112,0.028834,-0.32119,0.016674,0.67619,22.105,47.578
281,kf10,blend,True,3,none,M,0.13735,0.098539,0.038813,0.13356,0.093968,0.039597,0.60158,-0.78192,0.14021,0.1505,-0.010285,0.73058,-0.0861,-0.33936,-0.13493,0.6,8.6372,21.813
282,kf10,blend,True,3,abs,W,0.13601,0.098881,0.037134,0.13363,0.094291,0.039338,0.71969,-0.65589,0.11775,0.1505,-0.03275,0.65307,-0.25416,-0.29749,-0.015204,0.34286,23.935,48.749
283,kf10,blend,True,3,abs,M,0.13427,0.098539,0.035734,0.13313,0.093968,0.039167,0.69969,-0.67976,0.12034,0.1505,-0.03016,0.66976,-0.26461,-0.28291,-0.14193,0.4,9.3691,22.252
284,kf10,blend,True,3,sma,W,0.13448,0.098881,0.035603,0.12896,0.094291,0.034664,0.70256,-0.6512,0.12008,0.1505,-0.030411,0.6731,-0.24154,-0.29711,-0.013965,0.37143,23.862,48.602
285,kf10,blend,True,3,sma,M,0.12435,0.098539,0.025812,0.12167,0.093968,0.027698,0.63203,-0.75302,0.11858,0.1505,-0.031915,0.66089,-0.2765,-0.28249,-0.13656,0.42857,9.2227,22.252
286,kf10,blend,True,3,mkt,W,0.12675,0.098881,0.027869,0.12225,0.094291,0.02796,0.71526,-0.50501,0.11499,0.1505,-0.035507,0.73309,-0.25206,-0.17647,-0.076604,0.40952,20.788,46.699
287,kf10,blend,True,3,mkt,M,0.11555,0.098539,0.017006,0.11447,0.093968,0.020505,0.6316,-0.63455,0.10906,0.1505,-0.04144,0.67624,-0.29213,-0.18512,-0.088233,0.39048,8.564,22.691
288,kf10,adm,False,1,none,W,0.12183,0.098881,0.022952,0.11896,0.094291,0.024666,0.47521,-0.85237,0.12822,0.1505,-0.022275,0.52065,0.0048428,-0.4782,-0.10298,0.5619,13.981,27.961
289,kf10,adm,False,1,none,M,0.1264,0.098539,0.027865,0.12261,0.093968,0.028642,0.48792,-0.82889,0.15644,0.1505,0.005943,0.59909,0.13143,-0.51104,-0.33579,0.68571,5.7093,11.419
290,kf10,adm,False,1,abs,W,0.12464,0.098881,0.025754,0.12397,0.094291,0.029676,0.5224,-0.71188,0.094002,0.1505,-0.056493,0.40843,-0.14214,-0.46656,-0.13041,0.27619,14.786,27.961
291,kf10,adm,False,1,abs,M,0.12119,0.098539,0.022649,0.11917,0.093968,0.025198,0.49622,-0.79756,0.1183,0.1505,-0.032197,0.48068,-0.025298,-0.51104,-0.33579,0.50476,5.9289,11.272
292,kf10,adm,False,1,sma,W,0.11803,0.098881,0.01915,0.11355,0.094291,0.019262,0.47673,-0.71296,0.12081,0.1505,-0.029686,0.50256,-0.034176,-0.45491,-0.10351,0.47619,14.42,27.522
293,kf10,adm,False,1,sma,M,0.12248,0.098539,0.023937,0.11997,0.093968,0.026007,0.50132,-0.78947,0.13606,0.1505,-0.014437,0.53675,0.047621,-0.51104,-0.33579,0.57143,5.8557,11.272
294,kf10,adm,False,1,mkt,W,0.12253,0.098881,0.023647,0.12031,0.094291,0.02602,0.55508,-0.53265,0.111,0.1505,-0.039491,0.49495,-0.10427,-0.38489,-0.16844,0.5619,13.249,24.301
295,kf10,adm,False,1,mkt,M,0.11438,0.098539,0.015836,0.11518,0.093968,0.021213,0.51493,-0.73737,0.12741,0.1505,-0.02309,0.54987,-0.032401,-0.43916,-0.23814,0.54286,5.8557,10.101
296,kf10,adm,False,2,none,W,0.14241,0.098881,0.043528,0.13918,0.094291,0.044891,0.60617,-0.78669,0.11142,0.1505,-0.039077,0.53584,-0.21307,-0.40401,-0.067481,0.41905,23.862,50.506
297,kf10,adm,False,2,none,M,0.14164,0.098539,0.043106,0.13623,0.093968,0.04226,0.58667,-0.8048,0.17231,0.1505,0.021812,0.77,0.19472,-0.38649,-0.074838,0.65714,8.4176,19.324
298,kf10,adm,False,2,abs,W,0.13773,0.098881,0.038849,0.13562,0.094291,0.041326,0.6468,-0.62412,0.076272,0.1505,-0.074223,0.3856,-0.41782,-0.3841,-0.124,0.019048,24.082,49.042
299,kf10,adm,False,2,abs,M,0.13032,0.098539,0.031784,0.12622,0.093968,0.032253,0.58647,-0.6996,0.13036,0.1505,-0.020138,0.61062,-0.079103,-0.38649,-0.089683,0.53333,8.6372,19.031
300,kf10,adm,False,2,sma,W,0.13831,0.098881,0.039432,0.1332,0.094291,0.038912,0.63703,-0.67486,0.098521,0.1505,-0.051975,0.49148,-0.2876,-0.38373,-0.083148,0.25714,24.301,47.724
301,kf10,adm,False,2,sma,M,0.1314,0.098539,0.032861,0.12792,0.093968,0.033953,0.59975,-0.73738,0.14062,0.1505,-0.0098736,0.65632,-0.016379,-0.38649,-0.074838,0.5619,8.7104,18.738
302,kf10,adm,False,2,mkt,W,0.13466,0.098881,0.03578,0.13106,0.094291,0.036765,0.6725,-0.50021,0.10778,0.1505,-0.042713,0.59143,-0.23523,-0.30232,-0.088659,0.46667,21.373,44.65
303,kf10,adm,False,2,mkt,M,0.12353,0.098539,0.024987,0.12184,0.093968,0.027872,0.60524,-0.62548,0.13617,0.1505,-0.014327,0.71579,-0.074382,-0.28001,-0.082119,0.52381,7.9784,17.421
304,kf10,adm,False,3,none,W,0.1387,0.098881,0.039823,0.1346,0.094291,0.040307,0.60088,-0.79652,0.12516,0.1505,-0.025339,0.6422,-0.19953,-0.34692,-0.02568,0.47619,26.643,58.557
305,kf10,adm,False,3,none,M,0.14242,0.098539,0.043885,0.13677,0.093968,0.042802,0.60649,-0.79993,0.13857,0.1505,-0.011925,0.69283,-0.077411,-0.35501,-0.046558,0.5619,9.1495,25.765
306,kf10,adm,False,3,abs,W,0.13083,0.098881,0.031953,0.12774,0.094291,0.033447,0.64228,-0.61002,0.080836,0.1505,-0.069659,0.44659,-0.50636,-0.30682,-0.14974,0.066667,28.327,59.289
307,kf10,adm,False,3,abs,M,0.12604,0.098539,0.027502,0.12189,0.093968,0.027921,0.59339,-0.70104,0.10032,0.1505,-0.050174,0.53549,-0.39184,-0.29099,-0.088379,0.20952,9.4423,26.351
308,kf10,adm,False,3,sma,W,0.13366,0.098881,0.034779,0.12801,0.094291,0.033723,0.64509,-0.63889,0.093177,0.1505,-0.057318,0.50717,-0.43046,-0.34246,-0.055111,0.066667,27.595,57.093
309,kf10,adm,False,3,sma,M,0.12907,0.098539,0.030531,0.12602,0.093968,0.032051,0.62121,-0.7534,0.11496,0.1505,-0.035531,0.59835,-0.28063,-0.35467,-0.083661,0.4,9.4423,25.18
310,kf10,adm,False,3,mkt,W,0.12861,0.098881,0.029732,0.12446,0.094291,0.030171,0.66371,-0.50198,0.095539,0.1505,-0.054957,0.57651,-0.36062,-0.22087,-0.085662,0.28571,24.594,55.629
311,kf10,adm,False,3,mkt,M,0.12088,0.098539,0.022342,0.11954,0.093968,0.025572,0.61687,-0.63588,0.10303,0.1505,-0.047461,0.60011,-0.31261,-0.21696,-0.088379,0.4,8.7836,25.033
312,kf10,adm,True,1,none,W,0.13208,0.098881,0.033204,0.12764,0.094291,0.033348,0.54013,-0.7699,0.086409,0.1505,-0.064086,0.40151,-0.25956,-0.449,-0.066148,0.0095238,14.932,29.864
313,kf10,adm,True,1,none,M,0.10673,0.098539,0.0081869,0.10583,0.093968,0.011863,0.43675,-0.83941,0.10256,0.1505,-0.047938,0.4585,-0.1639,-0.47632,-0.10931,0.4381,6.4413,12.883
314,kf10,adm,True,1,abs,W,0.12409,0.098881,0.025211,0.11914,0.094291,0.024851,0.55373,-0.67045,0.052448,0.1505,-0.098048,0.26335,-0.42452,-0.4635,-0.094711,0,15.81,30.011
315,kf10,adm,True,1,abs,M,0.10184,0.098539,0.0033005,0.099437,0.093968,0.0054696,0.4402,-0.78546,0.066195,0.1505,-0.0843,0.31715,-0.34757,-0.50386,-0.10931,0.1619,6.6609,12.736
316,kf10,adm,True,1,sma,W,0.11744,0.098881,0.018559,0.11203,0.094291,0.017739,0.51648,-0.69556,0.079134,0.1505,-0.071362,0.37706,-0.29266,-0.44181,-0.066708,0.028571,15.371,29.718
317,kf10,adm,True,1,sma,M,0.10071,0.098539,0.0021739,0.099595,0.093968,0.005627,0.44144,-0.77275,0.085131,0.1505,-0.065365,0.392,-0.25082,-0.47632,-0.10931,0.4,6.5877,12.883
318,kf10,adm,True,1,mkt,W,0.11924,0.098881,0.020364,0.11452,0.094291,0.020227,0.60231,-0.49286,0.069559,0.1505,-0.080936,0.36032,-0.36845,-0.36429,-0.10385,0,15.005,27.815
319,kf10,adm,True,1,mkt,M,0.095842,0.098539,-0.0026969,0.095704,0.093968,0.0017365,0.46356,-0.73673,0.074775,0.1505,-0.075721,0.37982,-0.33851,-0.27887,-0.094508,0.3619,6.6609,11.711
320,kf10,adm,True,2,none,W,0.12766,0.098881,0.02878,0.12336,0.094291,0.029064,0.54867,-0.80008,0.10752,0.1505,-0.042976,0.54092,-0.27114,-0.38319,-0.17314,0.4381,23.935,50.506
321,kf10,adm,True,2,none,M,0.12879,0.098539,0.030249,0.12716,0.093968,0.033196,0.5636,-0.79973,0.11021,0.1505,-0.040289,0.53908,-0.24848,-0.38526,-0.18596,0.54286,9.2227,22.398
322,kf10,adm,True,2,abs,W,0.12123,0.098881,0.022348,0.11824,0.094291,0.02395,0.60445,-0.63915,0.084277,0.1505,-0.066218,0.45182,-0.40493,-0.36083,-0.20627,0.37143,24.521,50.066
323,kf10,adm,True,2,abs,M,0.11553,0.098539,0.016992,0.11416,0.093968,0.020195,0.56551,-0.6942,0.076529,0.1505,-0.073966,0.38828,-0.47676,-0.38798,-0.19976,0.35238,9.2959,22.105
324,kf10,adm,True,2,sma,W,0.12351,0.098881,0.024632,0.11884,0.094291,0.024546,0.60847,-0.66501,0.093054,0.1505,-0.057441,0.48936,-0.3578,-0.36181,-0.18971,0.4,24.594,49.481
325,kf10,adm,True,2,sma,M,0.12008,0.098539,0.02154,0.11907,0.093968,0.025104,0.59784,-0.74105,0.090541,0.1505,-0.059954,0.45392,-0.38034,-0.38526,-0.18596,0.40952,9.3691,22.105
326,kf10,adm,True,2,mkt,W,0.11998,0.098881,0.021104,0.11655,0.094291,0.022263,0.65362,-0.51381,0.10105,0.1505,-0.04945,0.59592,-0.29683,-0.2725,-0.10289,0.50476,21.886,46.26
327,kf10,adm,True,2,mkt,M,0.11221,0.098539,0.013675,0.11272,0.093968,0.018749,0.60804,-0.62649,0.083672,0.1505,-0.066824,0.47415,-0.39463,-0.28559,-0.12132,0.40952,8.4908,20.202
328,kf10,adm,True,3,none,W,0.1312,0.098881,0.032319,0.12722,0.094291,0.032928,0.57643,-0.8135,0.13095,0.1505,-0.019549,0.68957,-0.16166,-0.37267,-0.046559,0.52381,28.547,63.388
329,kf10,adm,True,3,none,M,0.13073,0.098539,0.032195,0.12711,0.093968,0.033138,0.57208,-0.81462,0.12148,0.1505,-0.029016,0.63476,-0.24982,-0.35457,-0.12101,0.55238,9.5155,26.497
330,kf10,adm,True,3,abs,W,0.12196,0.098881,0.023077,0.11873,0.094291,0.024435,0.63812,-0.59522,0.090471,0.1505,-0.060024,0.52209,-0.45151,-0.28894,-0.093922,0.18095,29.791,63.388
331,kf10,adm,True,3,abs,M,0.11573,0.098539,0.017194,0.11289,0.093968,0.018923,0.58177,-0.67404,0.089668,0.1505,-0.060828,0.50259,-0.50982,-0.29095,-0.13872,0.33333,9.9547,27.375
332,kf10,adm,True,3,sma,W,0.12491,0.098881,0.026032,0.11946,0.094291,0.02517,0.6423,-0.6634,0.097484,0.1505,-0.053012,0.54837,-0.40903,-0.34189,-0.067871,0.3619,29.352,61.485
333,kf10,adm,True,3,sma,M,0.11777,0.098539,0.019229,0.1158,0.093968,0.021834,0.60044,-0.74352,0.093773,0.1505,-0.056723,0.51014,-0.48343,-0.35457,-0.12101,0.33333,9.9547,26.497
334,kf10,adm,True,3,mkt,W,0.11963,0.098881,0.020747,0.11514,0.094291,0.020852,0.66398,-0.50692,0.10538,0.1505,-0.045111,0.67194,-0.30939,-0.20407,-0.1153,0.42857,25.765,59.143
335,kf10,adm,True,3,mkt,M,0.1108,0.098539,0.012262,0.11017,0.093968,0.016204,0.60421,-0.62528,0.089203,0.1505,-0.061293,0.55009,-0.41665,-0.19438,-0.089199,0.38095,9.2227,26.204
336,kf12,1m,False,1,none,W,0.12832,0.098881,0.029435,0.11648,0.094291,0.022189,0.46125,-0.80658,0.13895,0.1505,-0.011546,0.56993,0.036798,-0.40253,-0.18237,0.5619,25.326,50.652
337,kf12,1m,False,1,none,M,0.12926,0.098539,0.030726,0.11782,0.093968,0.023852,0.46839,-0.83722,0.14348,0.1505,-0.0070155,0.57228,0.067291,-0.44567,-0.19912,0.60952,10.394,20.788
338,kf12,1m,False,1,abs,W,0.11535,0.098881,0.016472,0.10366,0.094291,0.0093636,0.42708,-0.68599,0.12339,0.1505,-0.027102,0.53089,-0.044487,-0.45508,-0.26835,0.50476,25.985,48.163
339,kf12,1m,False,1,abs,M,0.11513,0.098539,0.01659,0.10388,0.093968,0.0099137,0.43116,-0.68444,0.13413,0.1505,-0.01637,0.55585,0.010758,-0.44795,-0.24705,0.58095,10.321,19.031
340,kf12,1m,False,1,sma,W,0.13065,0.098881,0.031766,0.12011,0.094291,0.025822,0.54716,-0.5007,0.067154,0.1505,-0.083341,0.32053,-0.30156,-0.47701,-0.22057,0.18095,25.253,45.309
341,kf12,1m,False,1,sma,M,0.11443,0.098539,0.015894,0.10758,0.093968,0.013608,0.4806,-0.69527,0.091786,0.1505,-0.05871,0.41807,-0.18774,-0.45111,-0.19744,0.095238,10.028,18.153
342,kf12,1m,False,1,mkt,W,0.11792,0.098881,0.019038,0.11052,0.094291,0.01623,0.52234,-0.4088,0.12814,0.1505,-0.022351,0.5869,-0.053178,-0.38264,-0.20806,0.55238,22.764,43.332
343,kf12,1m,False,1,mkt,M,0.10138,0.098539,0.0028367,0.10041,0.093968,0.0064426,0.46465,-0.64132,0.14202,0.1505,-0.0084762,0.62302,0.014067,-0.33824,-0.20522,0.50476,9.4423,17.274
344,kf12,1m,False,2,none,W,0.12821,0.098881,0.02933,0.11992,0.094291,0.025626,0.50921,-0.80553,0.13296,0.1505,-0.017532,0.64023,-0.080072,-0.37971,-0.10521,0.52381,35.354,86.079
345,kf12,1m,False,2,none,M,0.13611,0.098539,0.037571,0.12477,0.093968,0.030799,0.53646,-0.82834,0.13114,0.1505,-0.019355,0.61238,-0.076529,-0.39006,-0.17638,0.57143,11.565,38.062
346,kf12,1m,False,2,abs,W,0.11384,0.098881,0.014955,0.10395,0.094291,0.0096631,0.47315,-0.61107,0.11637,0.1505,-0.034123,0.60866,-0.18183,-0.30364,-0.16594,0.49524,35.793,81.102
347,kf12,1m,False,2,abs,M,0.11715,0.098539,0.018611,0.1094,0.093968,0.015429,0.50681,-0.70847,0.1278,0.1505,-0.022696,0.64927,-0.11183,-0.33807,-0.20053,0.59048,11.565,34.256
348,kf12,1m,False,2,sma,W,0.12643,0.098881,0.027545,0.11974,0.094291,0.025447,0.61962,-0.35894,0.079459,0.1505,-0.071036,0.43292,-0.43875,-0.32864,-0.12587,0.0095238,35.281,76.197
349,kf12,1m,False,2,sma,M,0.11954,0.098539,0.020997,0.11265,0.093968,0.018686,0.56926,-0.63889,0.089555,0.1505,-0.06094,0.47296,-0.37418,-0.39148,-0.18121,0.20952,11.272,33.378
350,kf12,1m,False,2,mkt,W,0.11309,0.098881,0.014211,0.10817,0.094291,0.013882,0.56074,-0.33415,0.11146,0.1505,-0.039038,0.6325,-0.22043,-0.27622,-0.18549,0.48571,30.523,73.782
351,kf12,1m,False,2,mkt,M,0.11105,0.098539,0.012514,0.10812,0.093968,0.014157,0.55985,-0.58914,0.12194,0.1505,-0.028552,0.65593,-0.15347,-0.23102,-0.19985,0.54286,10.54,31.914
352,kf12,1m,False,3,none,W,0.1281,0.098881,0.029219,0.12126,0.094291,0.02697,0.53105,-0.78975,0.12868,0.1505,-0.021819,0.67102,-0.17889,-0.35623,-0.10049,0.52381,40.551,112.43
353,kf12,1m,False,3,none,M,0.13213,0.098539,0.033592,0.12462,0.093968,0.030657,0.54779,-0.81914,0.12169,0.1505,-0.028802,0.61922,-0.2264,-0.34423,-0.12993,0.44762,11.858,51.384
354,kf12,1m,False,3,abs,W,0.11252,0.098881,0.013638,0.10401,0.094291,0.0097223,0.50297,-0.58357,0.10673,0.1505,-0.043767,0.62787,-0.30021,-0.22064,-0.10393,0.34286,40.844,105.7
355,kf12,1m,False,3,abs,M,0.11194,0.098539,0.013397,0.10676,0.093968,0.012796,0.52149,-0.69689,0.092218,0.1505,-0.058278,0.52733,-0.39494,-0.30876,-0.16792,0.32381,11.785,46.114
356,kf12,1m,False,3,sma,W,0.11889,0.098881,0.020011,0.11357,0.094291,0.019283,0.61347,-0.44929,0.092299,0.1505,-0.058197,0.56804,-0.44357,-0.23689,-0.11636,0.24762,39.965,98.596
357,kf12,1m,False,3,sma,M,0.11797,0.098539,0.019432,0.11244,0.093968,0.018469,0.59443,-0.59303,0.094012,0.1505,-0.056484,0.55283,-0.4346,-0.22689,-0.11403,0.34286,11.931,44.577
358,kf12,1m,False,3,mkt,W,0.11068,0.098881,0.011797,0.10648,0.094291,0.012194,0.57457,-0.36992,0.09655,0.1505,-0.053946,0.60878,-0.35656,-0.25764,-0.16668,0.42857,35.427,99.693
359,kf12,1m,False,3,mkt,M,0.11125,0.098539,0.012711,0.10857,0.093968,0.014602,0.58104,-0.58338,0.10106,0.1505,-0.049431,0.60277,-0.32462,-0.26437,-0.16687,0.38095,10.687,43.479
360,kf12,1m,True,1,none,W,0.15302,0.098881,0.054136,0.13811,0.094291,0.043816,0.57434,-0.82875,0.074465,0.1505,-0.07603,0.34981,-0.30877,-0.49766,-0.17089,0.40952,26.204,52.409
361,kf12,1m,True,1,none,M,0.14206,0.098539,0.043521,0.12823,0.093968,0.034266,0.53521,-0.81508,0.040359,0.1505,-0.11014,0.21106,-0.50243,-0.45543,-0.15234,0,11.053,22.105
362,kf12,1m,True,1,abs,W,0.13547,0.098881,0.036593,0.12105,0.094291,0.026754,0.54985,-0.72403,0.078397,0.1505,-0.072099,0.37908,-0.28863,-0.49019,-0.25807,0.40952,27.083,50.359
363,kf12,1m,True,1,abs,M,0.12057,0.098539,0.022035,0.10864,0.093968,0.014669,0.49116,-0.6552,0.044656,0.1505,-0.10584,0.22936,-0.46829,-0.48557,-0.21038,0.047619,10.979,20.349
364,kf12,1m,True,1,sma,W,0.15361,0.098881,0.054725,0.13902,0.094291,0.044731,0.69494,-0.48093,0.04771,0.1505,-0.10279,0.24347,-0.45552,-0.50538,-0.16465,0.3619,25.619,46.699
365,kf12,1m,True,1,sma,M,0.12273,0.098539,0.024189,0.11371,0.093968,0.019741,0.5423,-0.69716,0.012815,0.1505,-0.13768,0.086918,-0.6669,-0.49969,-0.15836,0,10.76,19.763
366,kf12,1m,True,1,mkt,W,0.13765,0.098881,0.038766,0.12706,0.094291,0.032773,0.66521,-0.40348,0.078637,0.1505,-0.071858,0.40244,-0.31158,-0.4062,-0.20045,0.42857,23.057,43.918
367,kf12,1m,True,1,mkt,M,0.10977,0.098539,0.011229,0.1055,0.093968,0.011537,0.53219,-0.6262,0.044768,0.1505,-0.10573,0.23425,-0.50583,-0.28635,-0.13761,0,10.028,18.445
368,kf12,1m,True,2,none,W,0.14505,0.098881,0.046172,0.13495,0.094291,0.040656,0.59185,-0.81558,0.12443,0.1505,-0.026062,0.62526,-0.1669,-0.38886,-0.1398,0.5619,36.452,88.128
369,kf12,1m,True,2,none,M,0.13258,0.098539,0.034042,0.12214,0.093968,0.028174,0.53423,-0.80952,0.082946,0.1505,-0.06755,0.42065,-0.47468,-0.37641,-0.21843,0.19048,11.785,39.526
370,kf12,1m,True,2,abs,W,0.12377,0.098881,0.024886,0.11228,0.094291,0.017993,0.56012,-0.62099,0.10799,0.1505,-0.042506,0.611,-0.26154,-0.29893,-0.20439,0.42857,37.257,84.322
371,kf12,1m,True,2,abs,M,0.11368,0.098539,0.015139,0.10648,0.093968,0.012509,0.52566,-0.65163,0.081433,0.1505,-0.069063,0.45092,-0.42343,-0.34397,-0.24135,0.24762,11.638,34.988
372,kf12,1m,True,2,sma,W,0.13974,0.098881,0.040856,0.12895,0.094291,0.034657,0.71326,-0.46535,0.091662,0.1505,-0.058833,0.51579,-0.38569,-0.34924,-0.10782,0.25714,36.305,78.027
373,kf12,1m,True,2,sma,M,0.111,0.098539,0.012464,0.10441,0.093968,0.010444,0.5357,-0.6694,0.045619,0.1505,-0.10488,0.24763,-0.71624,-0.43403,-0.22301,0,11.565,34.256
374,kf12,1m,True,2,mkt,W,0.12748,0.098881,0.028602,0.11925,0.094291,0.024958,0.67618,-0.3636,0.12002,0.1505,-0.03048,0.73078,-0.1948,-0.28418,-0.17807,0.5619,31.621,75.099
375,kf12,1m,True,2,mkt,M,0.10563,0.098539,0.0070895,0.10307,0.093968,0.0090995,0.55425,-0.59673,0.078266,0.1505,-0.072229,0.45578,-0.43455,-0.2307,-0.19399,0.2381,10.613,32.938
376,kf12,1m,True,3,none,W,0.13928,0.098881,0.040398,0.13059,0.094291,0.036302,0.58183,-0.8221,0.12524,0.1505,-0.025256,0.67275,-0.23113,-0.34097,-0.11002,0.55238,42.088,114.92
377,kf12,1m,True,3,none,M,0.13902,0.098539,0.040482,0.13074,0.093968,0.036768,0.58296,-0.78778,0.12792,0.1505,-0.022573,0.67248,-0.19637,-0.34133,-0.1062,0.5619,11.931,52.994
378,kf12,1m,True,3,abs,W,0.11825,0.098881,0.019369,0.10854,0.094291,0.014247,0.57003,-0.57591,0.09699,0.1505,-0.053506,0.6049,-0.38369,-0.23654,-0.14753,0.3619,42.161,109.36
379,kf12,1m,True,3,abs,M,0.11697,0.098539,0.018432,0.11122,0.093968,0.017256,0.58374,-0.64461,0.086763,0.1505,-0.063732,0.52533,-0.45727,-0.30656,-0.17473,0.4,11.858,47.431
380,kf12,1m,True,3,sma,W,0.12765,0.098881,0.028769,0.11882,0.094291,0.024525,0.67397,-0.51623,0.087568,0.1505,-0.062928,0.54869,-0.49077,-0.24195,-0.081548,0.047619,40.844,101.45
381,kf12,1m,True,3,sma,M,0.1202,0.098539,0.021665,0.11471,0.093968,0.020743,0.62917,-0.68097,0.08732,0.1505,-0.063176,0.53404,-0.50603,-0.22049,-0.095708,0.27619,11.785,45.821
382,kf12,1m,True,3,mkt,W,0.12007,0.098881,0.021194,0.11364,0.094291,0.019346,0.65787,-0.39099,0.099508,0.1505,-0.050987,0.65746,-0.34979,-0.26045,-0.16461,0.45714,36.232,100.57
383,kf12,1m,True,3,mkt,M,0.11343,0.098539,0.014892,0.1104,0.093968,0.016434,0.61769,-0.58649,0.098212,0.1505,-0.052284,0.6195,-0.35831,-0.20081,-0.15871,0.4,10.76,45.089
384,kf12,3m,False,1,none,W,0.12215,0.098881,0.023266,0.11875,0.094291,0.024456,0.47641,-0.82975,0.13299,0.1505,-0.017502,0.53346,0.02877,-0.50126,-0.16867,0.42857,14.639,29.279
385,kf12,3m,False,1,none,M,0.12945,0.098539,0.030914,0.12319,0.093968,0.029222,0.49356,-0.74217,0.1312,0.1505,-0.019299,0.51691,0.035389,-0.53316,-0.33662,0.64762,6.5145,13.029
386,kf12,3m,False,1,abs,W,0.12319,0.098881,0.024312,0.11874,0.094291,0.024452,0.50136,-0.66747,0.10325,0.1505,-0.047247,0.43825,-0.099135,-0.49866,-0.16041,0.07619,14.712,27.668
387,kf12,3m,False,1,abs,M,0.12492,0.098539,0.026383,0.11532,0.093968,0.021354,0.48152,-0.75462,0.10396,0.1505,-0.04654,0.43171,-0.078387,-0.53316,-0.33662,0.52381,6.5877,12.297
388,kf12,3m,False,1,sma,W,0.12614,0.098881,0.027254,0.1223,0.094291,0.028004,0.5325,-0.65765,0.14373,0.1505,-0.0067646,0.58318,0.056632,-0.48792,-0.15466,0.5619,15.078,27.522
389,kf12,3m,False,1,sma,M,0.11518,0.098539,0.016639,0.11175,0.093968,0.017779,0.47817,-0.70184,0.14191,0.1505,-0.0085809,0.56269,0.06349,-0.53316,-0.33662,0.70476,6.5145,11.711
390,kf12,3m,False,1,mkt,W,0.11969,0.098881,0.02081,0.11811,0.094291,0.023817,0.55398,-0.485,0.15408,0.1505,0.0035813,0.65296,0.069975,-0.39925,-0.15237,0.5619,13.834,25.472
391,kf12,3m,False,1,mkt,M,0.11222,0.098539,0.013685,0.11111,0.093968,0.017141,0.50607,-0.64217,0.12304,0.1505,-0.027456,0.52912,-0.045324,-0.46452,-0.2391,0.55238,6.5145,11.419
392,kf12,3m,False,2,none,W,0.1291,0.098881,0.030216,0.12559,0.094291,0.031302,0.53876,-0.75417,0.10222,0.1505,-0.048273,0.48697,-0.26075,-0.40428,-0.192,0.057143,23.496,51.091
393,kf12,3m,False,2,none,M,0.13827,0.098539,0.039734,0.13274,0.093968,0.038776,0.57118,-0.78552,0.1146,0.1505,-0.035893,0.52588,-0.16195,-0.40054,-0.23809,0.53333,9.4423,23.716
394,kf12,3m,False,2,abs,W,0.1229,0.098881,0.024022,0.11722,0.094291,0.022926,0.54744,-0.56476,0.061483,0.1505,-0.089012,0.31195,-0.49234,-0.40635,-0.23133,0,24.887,50.506
395,kf12,3m,False,2,abs,M,0.12487,0.098539,0.026331,0.1167,0.093968,0.022736,0.5325,-0.73519,0.090567,0.1505,-0.059928,0.44151,-0.31658,-0.40054,-0.23809,0.38095,9.7351,22.837
396,kf12,3m,False,2,sma,W,0.12818,0.098881,0.029296,0.12339,0.094291,0.029101,0.59762,-0.55225,0.096249,0.1505,-0.054247,0.48066,-0.29778,-0.39792,-0.14861,0.038095,24.008,48.163
397,kf12,3m,False,2,sma,M,0.12899,0.098539,0.030448,0.12453,0.093968,0.030567,0.58933,-0.73245,0.11303,0.1505,-0.037469,0.53619,-0.18378,-0.40054,-0.23809,0.50476,9.3691,21.813
398,kf12,3m,False,2,mkt,W,0.12165,0.098881,0.022765,0.11905,0.094291,0.024759,0.6126,-0.40067,0.10695,0.1505,-0.043548,0.56644,-0.22371,-0.24976,-0.12537,0.29524,21.373,45.821
399,kf12,3m,False,2,mkt,M,0.12028,0.098539,0.021737,0.11775,0.093968,0.023782,0.58521,-0.64564,0.096239,0.1505,-0.054256,0.49823,-0.27546,-0.34419,-0.1753,0.46667,8.8568,21.227
400,kf12,3m,False,3,none,W,0.13095,0.098881,0.032072,0.12647,0.094291,0.032179,0.55819,-0.76394,0.11254,0.1505,-0.037953,0.57517,-0.30203,-0.34783,-0.084386,0.37143,31.548,72.464
401,kf12,3m,False,3,none,M,0.13349,0.098539,0.034948,0.1281,0.093968,0.034133,0.56372,-0.79811,0.10786,0.1505,-0.042634,0.53738,-0.3242,-0.38711,-0.10568,0.52381,10.247,30.596
402,kf12,3m,False,3,abs,W,0.12157,0.098881,0.022688,0.11558,0.094291,0.021289,0.56892,-0.54259,0.067639,0.1505,-0.082857,0.36677,-0.58686,-0.3179,-0.18439,0,32.206,70.561
403,kf12,3m,False,3,abs,M,0.11571,0.098539,0.017169,0.11004,0.093968,0.016072,0.52156,-0.72278,0.083818,0.1505,-0.066677,0.4518,-0.48043,-0.30643,-0.154,0.39048,10.833,30.742
404,kf12,3m,False,3,sma,W,0.12932,0.098881,0.030442,0.12314,0.094291,0.028853,0.62945,-0.5196,0.10077,0.1505,-0.049724,0.55295,-0.36495,-0.32756,-0.089873,0.24762,32.28,68.512
405,kf12,3m,False,3,sma,M,0.12334,0.098539,0.024799,0.11943,0.093968,0.025463,0.59034,-0.70446,0.10937,0.1505,-0.041125,0.5867,-0.31274,-0.30974,-0.09463,0.44762,10.394,28.986
406,kf12,3m,False,3,mkt,W,0.12025,0.098881,0.021368,0.1166,0.094291,0.02231,0.62217,-0.42142,0.10162,0.1505,-0.04888,0.60599,-0.31624,-0.20369,-0.15558,0.32381,27.668,65.877
407,kf12,3m,False,3,mkt,M,0.11615,0.098539,0.017616,0.11385,0.093968,0.019884,0.58281,-0.64074,0.084399,0.1505,-0.066096,0.48177,-0.41987,-0.24002,-0.154,0.3619,9.8083,29.132
408,kf12,3m,True,1,none,W,0.13313,0.098881,0.034254,0.12626,0.094291,0.031971,0.53063,-0.72311,0.032443,0.1505,-0.11805,0.17814,-0.53827,-0.56607,-0.14583,0,16.542,33.085
409,kf12,3m,True,1,none,M,0.11319,0.098539,0.014646,0.11374,0.093968,0.019776,0.47239,-0.72624,0.091323,0.1505,-0.059173,0.40742,-0.20388,-0.55726,-0.17381,0.54286,7.832,15.664
410,kf12,3m,True,1,abs,W,0.13065,0.098881,0.031773,0.12143,0.094291,0.027142,0.55708,-0.58525,-0.0059456,0.1505,-0.15644,0.0044749,-0.72547,-0.69318,-0.22064,0,16.908,32.06
411,kf12,3m,True,1,abs,M,0.1056,0.098539,0.0070599,0.10096,0.093968,0.0069938,0.44458,-0.74979,0.061967,0.1505,-0.088528,0.29763,-0.35496,-0.5531,-0.17381,0.40952,7.9784,15.078
412,kf12,3m,True,1,sma,W,0.12307,0.098881,0.024191,0.11641,0.094291,0.022114,0.54356,-0.62433,0.04231,0.1505,-0.10819,0.21902,-0.47827,-0.52473,-0.14583,0.019048,16.689,31.767
413,kf12,3m,True,1,sma,M,0.097953,0.098539,-0.00058588,0.098044,0.093968,0.0040762,0.43465,-0.69143,0.099107,0.1505,-0.051389,0.44528,-0.17878,-0.50068,-0.17381,0.46667,7.9052,14.932
414,kf12,3m,True,1,mkt,W,0.11964,0.098881,0.020756,0.11446,0.094291,0.020167,0.58994,-0.47771,0.029491,0.1505,-0.121,0.15486,-0.56666,-0.56238,-0.14583,0,16.03,29.864
415,kf12,3m,True,1,mkt,M,0.10007,0.098539,0.0015354,0.10041,0.093968,0.0064465,0.48662,-0.65132,0.071345,0.1505,-0.079151,0.3581,-0.34566,-0.43545,-0.17431,0.48571,7.6124,13.615
416,kf12,3m,True,2,none,W,0.1256,0.098881,0.026723,0.12276,0.094291,0.028471,0.54106,-0.76394,0.041748,0.1505,-0.10875,0.21786,-0.77778,-0.4659,-0.07595,0,25.985,56.947
417,kf12,3m,True,2,none,M,0.11966,0.098539,0.02112,0.11664,0.093968,0.022672,0.50705,-0.81369,0.089823,0.1505,-0.060673,0.44786,-0.41054,-0.3852,-0.187,0.38095,9.5887,25.033
418,kf12,3m,True,2,abs,W,0.1186,0.098881,0.019717,0.11219,0.094291,0.017896,0.56386,-0.5158,0.013906,0.1505,-0.13659,0.065997,-0.89053,-0.49169,-0.11458,0,27.009,55.922
419,kf12,3m,True,2,abs,M,0.10766,0.098539,0.009124,0.10247,0.093968,0.0085069,0.48883,-0.71478,0.067089,0.1505,-0.083407,0.35436,-0.54955,-0.3934,-0.187,0.1619,9.8815,24.448
420,kf12,3m,True,2,sma,W,0.11827,0.098881,0.019394,0.11333,0.094291,0.019041,0.57862,-0.55549,0.043591,0.1505,-0.1069,0.23116,-0.70969,-0.46397,-0.095622,0,26.131,53.873
421,kf12,3m,True,2,sma,M,0.11328,0.098539,0.014744,0.11157,0.093968,0.017603,0.54921,-0.73522,0.082274,0.1505,-0.068222,0.42223,-0.45509,-0.3852,-0.187,0.26667,9.5155,23.569
422,kf12,3m,True,2,mkt,W,0.11224,0.098881,0.013361,0.10944,0.094291,0.015144,0.60468,-0.3716,0.05321,0.1505,-0.097286,0.30402,-0.58292,-0.30135,-0.11344,0,23.789,51.823
423,kf12,3m,True,2,mkt,M,0.10714,0.098539,0.008596,0.10713,0.093968,0.013159,0.56365,-0.63127,0.070131,0.1505,-0.080365,0.39857,-0.48208,-0.30213,-0.13211,0.14286,9.0032,22.691
424,kf12,3m,True,3,none,W,0.12504,0.098881,0.026155,0.12099,0.094291,0.026698,0.53702,-0.80018,0.077225,0.1505,-0.073271,0.4124,-0.66507,-0.35161,-0.074514,0.085714,31.548,73.489
425,kf12,3m,True,3,none,M,0.12052,0.098539,0.021978,0.11656,0.093968,0.022596,0.51202,-0.81877,0.097395,0.1505,-0.0531,0.50832,-0.46386,-0.38844,-0.098187,0.42857,9.8815,31.182
426,kf12,3m,True,3,abs,W,0.11743,0.098881,0.01855,0.11127,0.094291,0.016981,0.58276,-0.50005,0.03626,0.1505,-0.11424,0.19293,-0.8638,-0.36904,-0.16079,0,32.06,71.44
427,kf12,3m,True,3,abs,M,0.10597,0.098539,0.0074292,0.10121,0.093968,0.0072399,0.50108,-0.67033,0.078213,0.1505,-0.072283,0.44431,-0.56503,-0.29283,-0.10999,0.20952,10.467,31.328
428,kf12,3m,True,3,sma,W,0.11829,0.098881,0.019408,0.11391,0.094291,0.019614,0.60444,-0.58182,0.067007,0.1505,-0.083488,0.37841,-0.65581,-0.32517,-0.06367,0,31.914,69.683
429,kf12,3m,True,3,sma,M,0.11151,0.098539,0.012966,0.1098,0.093968,0.015829,0.56066,-0.74368,0.092523,0.1505,-0.057972,0.52485,-0.49194,-0.29496,-0.09794,0.30476,10.028,29.864
430,kf12,3m,True,3,mkt,W,0.11402,0.098881,0.015143,0.1107,0.094291,0.016404,0.6262,-0.37257,0.072401,0.1505,-0.078094,0.4501,-0.51737,-0.20585,-0.11447,0.07619,27.888,67.194
431,kf12,3m,True,3,mkt,M,0.10738,0.098539,0.0088453,0.10681,0.093968,0.012843,0.57507,-0.61684,0.073356,0.1505,-0.07714,0.44343,-0.51755,-0.25968,-0.13312,0.1619,9.5887,30.157
432,kf12,6m,False,1,none,W,0.11977,0.098881,0.020888,0.11616,0.094291,0.021868,0.46244,-0.89223,0.086909,0.1505,-0.063587,0.37814,-0.16074,-0.5108,-0.26075,0.25714,10.979,21.959
433,kf12,6m,False,1,none,M,0.10872,0.098539,0.010178,0.10691,0.093968,0.012947,0.42109,-0.882,0.13778,0.1505,-0.012713,0.53508,0.063923,-0.5106,-0.28481,0.70476,5.1237,10.247
434,kf12,6m,False,1,abs,W,0.12436,0.098881,0.02548,0.12079,0.094291,0.026499,0.50609,-0.79891,0.063648,0.1505,-0.086847,0.29905,-0.25959,-0.5108,-0.25652,0.028571,11.345,21.666
435,kf12,6m,False,1,abs,M,0.11066,0.098539,0.012117,0.1113,0.093968,0.017331,0.45881,-0.84599,0.10666,0.1505,-0.043839,0.43909,-0.065137,-0.50966,-0.28344,0.45714,5.4165,10.101
436,kf12,6m,False,1,sma,W,0.11877,0.098881,0.019887,0.11325,0.094291,0.018961,0.47362,-0.83921,0.068532,0.1505,-0.081963,0.31645,-0.24111,-0.5108,-0.24978,0.038095,11.345,21.52
437,kf12,6m,False,1,sma,M,0.11006,0.098539,0.01152,0.10865,0.093968,0.014685,0.44953,-0.82192,0.10383,0.1505,-0.046668,0.43029,-0.07767,-0.5106,-0.28481,0.42857,5.3433,10.101
438,kf12,6m,False,1,mkt,W,0.11694,0.098881,0.018062,0.11297,0.094291,0.018681,0.51639,-0.6617,0.04904,0.1505,-0.10146,0.24597,-0.35618,-0.54015,-0.26814,0.047619,11.272,20.349
439,kf12,6m,False,1,mkt,M,0.1027,0.098539,0.0041621,0.10391,0.093968,0.0099452,0.45789,-0.69442,0.083721,0.1505,-0.066774,0.37853,-0.19965,-0.52086,-0.27013,0.39048,5.6361,9.6619
440,kf12,6m,False,2,none,W,0.12584,0.098881,0.026961,0.12058,0.094291,0.02629,0.51286,-0.83191,0.13076,0.1505,-0.019739,0.60798,-0.077665,-0.37668,-0.095418,0.3619,18.958,39.526
441,kf12,6m,False,2,none,M,0.13388,0.098539,0.035339,0.12714,0.093968,0.033171,0.54068,-0.86099,0.14569,0.1505,-0.0048044,0.66418,0.026974,-0.38857,-0.058336,0.46667,7.6124,17.128
442,kf12,6m,False,2,abs,W,0.12747,0.098881,0.028594,0.12244,0.094291,0.028146,0.56007,-0.72439,0.098354,0.1505,-0.052141,0.47977,-0.28197,-0.36822,-0.11846,0.019048,19.251,38.209
443,kf12,6m,False,2,abs,M,0.13493,0.098539,0.036387,0.1301,0.093968,0.03613,0.59484,-0.77121,0.11309,0.1505,-0.037402,0.53258,-0.19081,-0.38857,-0.058336,0.085714,7.7588,16.982
444,kf12,6m,False,2,sma,W,0.12491,0.098881,0.026033,0.1184,0.094291,0.02411,0.54838,-0.74118,0.094545,0.1505,-0.055951,0.46717,-0.31141,-0.38096,-0.18247,0.028571,20.275,39.233
445,kf12,6m,False,2,sma,M,0.12721,0.098539,0.028671,0.12273,0.093968,0.028766,0.56005,-0.82326,0.11081,0.1505,-0.03969,0.5231,-0.20472,-0.38857,-0.058336,0.095238,7.9784,17.421
446,kf12,6m,False,2,mkt,W,0.11831,0.098881,0.019432,0.11408,0.094291,0.019787,0.56773,-0.56427,0.099924,0.1505,-0.050571,0.53881,-0.27441,-0.32055,-0.13134,0.28571,17.567,36.598
447,kf12,6m,False,2,mkt,M,0.11919,0.098539,0.020646,0.11654,0.093968,0.022575,0.56315,-0.68846,0.096669,0.1505,-0.053827,0.51131,-0.28944,-0.30663,-0.094214,0.095238,7.6124,16.982
448,kf12,6m,False,3,none,W,0.12976,0.098881,0.030876,0.12269,0.094291,0.028394,0.53513,-0.83365,0.14923,0.1505,-0.0012615,0.74159,0.016459,-0.36785,-0.038934,0.60952,24.228,52.848
449,kf12,6m,False,3,none,M,0.13815,0.098539,0.039608,0.13035,0.093968,0.036385,0.57061,-0.83876,0.13142,0.1505,-0.019071,0.65264,-0.14086,-0.35572,-0.032233,0.5619,7.9052,20.788
450,kf12,6m,False,3,abs,W,0.12873,0.098881,0.029848,0.12277,0.094291,0.028474,0.59101,-0.73268,0.11065,0.1505,-0.039841,0.58141,-0.29447,-0.33097,-0.080445,0.10476,25.326,52.848
451,kf12,6m,False,3,abs,M,0.13677,0.098539,0.038231,0.13082,0.093968,0.036852,0.63273,-0.73328,0.10197,0.1505,-0.048522,0.52427,-0.3902,-0.35572,-0.075344,0.12381,8.3444,21.081
452,kf12,6m,False,3,sma,W,0.13034,0.098881,0.031455,0.12279,0.094291,0.028494,0.60406,-0.67322,0.10732,0.1505,-0.043172,0.56932,-0.3191,-0.34123,-0.089372,0.14286,25.985,53.433
453,kf12,6m,False,3,sma,M,0.13153,0.098539,0.032989,0.12593,0.093968,0.031966,0.61137,-0.75511,0.09874,0.1505,-0.051755,0.50903,-0.41788,-0.35572,-0.080183,0.12381,8.6372,21.666
454,kf12,6m,False,3,mkt,W,0.12218,0.098881,0.023295,0.11644,0.094291,0.02215,0.60611,-0.53724,0.11048,0.1505,-0.040016,0.65556,-0.26493,-0.22087,-0.099821,0.39048,22.105,50.213
455,kf12,6m,False,3,mkt,M,0.12088,0.098539,0.022346,0.11736,0.093968,0.02339,0.59428,-0.65932,0.09143,0.1505,-0.059065,0.52777,-0.38653,-0.26316,-0.10471,0.11429,7.9052,20.934
456,kf12,6m,True,1,none,W,0.11298,0.098881,0.014097,0.10701,0.094291,0.012721,0.44726,-0.80277,0.075904,0.1505,-0.074592,0.36325,-0.33606,-0.40135,-0.12005,0.35238,14.273,28.547
457,kf12,6m,True,1,none,M,0.097006,0.098539,-0.0015328,0.097972,0.093968,0.0040043,0.40081,-0.86636,0.11299,0.1505,-0.037503,0.51165,-0.13377,-0.47632,-0.06669,0.41905,5.6361,11.272
458,kf12,6m,True,1,abs,W,0.10948,0.098881,0.010601,0.10597,0.094291,0.011683,0.48419,-0.77538,0.05469,0.1505,-0.095805,0.27415,-0.44096,-0.39492,-0.11501,0.038095,14.786,28.547
459,kf12,6m,True,1,abs,M,0.094465,0.098539,-0.0040745,0.095966,0.093968,0.0019985,0.42196,-0.83448,0.08264,0.1505,-0.067855,0.39149,-0.29484,-0.47632,-0.06669,0.047619,5.8557,10.979
460,kf12,6m,True,1,sma,W,0.10725,0.098881,0.0083646,0.10327,0.094291,0.0089758,0.4704,-0.76863,0.061421,0.1505,-0.089075,0.3041,-0.40543,-0.39492,-0.10698,0.066667,14.712,28.4
461,kf12,6m,True,1,sma,M,0.094448,0.098539,-0.0040912,0.093909,0.093968,-5.8622e-05,0.41349,-0.82223,0.089911,0.1505,-0.060584,0.42089,-0.25482,-0.47632,-0.06669,0.14286,5.7825,11.126
462,kf12,6m,True,1,mkt,W,0.10845,0.098881,0.0095716,0.10384,0.094291,0.0095531,0.53556,-0.63473,0.04485,0.1505,-0.10565,0.2369,-0.51562,-0.37862,-0.10595,0.019048,14.932,27.668
463,kf12,6m,True,1,mkt,M,0.090398,0.098539,-0.0081411,0.09115,0.093968,-0.0028178,0.43677,-0.74642,0.076612,0.1505,-0.073884,0.40674,-0.36684,-0.28812,-0.082745,0.095238,6.0753,10.54
464,kf12,6m,True,2,none,W,0.11854,0.098881,0.019664,0.11326,0.094291,0.018973,0.49849,-0.77549,0.11033,0.1505,-0.040165,0.55248,-0.26295,-0.38941,-0.071183,0.49524,21.886,46.699
465,kf12,6m,True,2,none,M,0.11713,0.098539,0.018588,0.1139,0.093968,0.019936,0.49741,-0.83301,0.13706,0.1505,-0.013438,0.68111,-0.07634,-0.38134,-0.069855,0.6381,8.1248,19.324
466,kf12,6m,True,2,abs,W,0.11678,0.098881,0.017897,0.11198,0.094291,0.017692,0.55905,-0.65365,0.078223,0.1505,-0.072273,0.41177,-0.46217,-0.36664,-0.093572,0.18095,22.398,45.821
467,kf12,6m,True,2,abs,M,0.11559,0.098539,0.017052,0.11293,0.093968,0.018967,0.55614,-0.72928,0.10704,0.1505,-0.043451,0.55134,-0.30374,-0.38134,-0.068059,0.33333,8.3444,19.324
468,kf12,6m,True,2,sma,W,0.11442,0.098881,0.015538,0.10912,0.094291,0.014833,0.54877,-0.65163,0.076468,0.1505,-0.074028,0.40431,-0.47565,-0.36664,-0.091461,0.17143,22.764,45.967
469,kf12,6m,True,2,sma,M,0.10862,0.098539,0.01008,0.10606,0.093968,0.012094,0.51717,-0.79121,0.10469,0.1505,-0.045801,0.53886,-0.31683,-0.38134,-0.090983,0.33333,8.3444,19.031
470,kf12,6m,True,2,mkt,W,0.10872,0.098881,0.0098444,0.10502,0.094291,0.010726,0.57717,-0.50565,0.078287,0.1505,-0.072208,0.46143,-0.43289,-0.2521,-0.074562,0.28571,20.275,43.332
471,kf12,6m,True,2,mkt,M,0.10392,0.098539,0.0053793,0.10267,0.093968,0.008706,0.54034,-0.63423,0.090927,0.1505,-0.059569,0.54475,-0.38078,-0.25111,-0.064881,0.27619,7.9784,18.299
472,kf12,6m,True,3,none,W,0.12381,0.098881,0.024927,0.11777,0.094291,0.02348,0.52686,-0.82365,0.14302,0.1505,-0.0074724,0.7373,-0.057459,-0.3511,-0.018128,0.57143,24.228,53.433
473,kf12,6m,True,3,none,M,0.12122,0.098539,0.022682,0.11655,0.093968,0.022587,0.51635,-0.82908,0.12107,0.1505,-0.02943,0.62984,-0.26684,-0.35393,-0.098906,0.55238,9.4423,24.887
474,kf12,6m,True,3,abs,W,0.11842,0.098881,0.019536,0.1138,0.094291,0.019508,0.5925,-0.67228,0.10083,0.1505,-0.049664,0.56046,-0.39898,-0.31465,-0.037479,0.12381,25.619,54.165
475,kf12,6m,True,3,abs,M,0.11673,0.098539,0.018187,0.11239,0.093968,0.018418,0.57461,-0.69676,0.091705,0.1505,-0.058791,0.49443,-0.51316,-0.35393,-0.11455,0.29524,9.8083,25.18
476,kf12,6m,True,3,sma,W,0.11954,0.098881,0.020664,0.11384,0.094291,0.019545,0.604,-0.63301,0.10052,0.1505,-0.049974,0.56209,-0.39999,-0.31886,-0.054766,0.12381,25.765,53.726
477,kf12,6m,True,3,sma,M,0.11151,0.098539,0.012966,0.10765,0.093968,0.013684,0.54738,-0.73996,0.089605,0.1505,-0.060891,0.48306,-0.52837,-0.35393,-0.11315,0.30476,9.8083,24.887
478,kf12,6m,True,3,mkt,W,0.11179,0.098881,0.012911,0.10732,0.094291,0.013025,0.60736,-0.49694,0.10119,0.1505,-0.049306,0.64208,-0.33825,-0.1748,-0.073936,0.37143,22.032,50.652
479,kf12,6m,True,3,mkt,M,0.10344,0.098539,0.0049054,0.10117,0.093968,0.0071994,0.5398,-0.62378,0.081154,0.1505,-0.069341,0.49753,-0.47538,-0.22862,-0.081415,0.11429,9.0032,24.008
480,kf12,12m,False,1,none,W,0.14159,0.098881,0.042709,0.13683,0.094291,0.042543,0.54169,-0.86694,0.18419,0.1505,0.033694,0.70728,0.2449,-0.39801,-0.062966,0.66667,8.0516,16.103
481,kf12,12m,False,1,none,M,0.14447,0.098539,0.04593,0.13714,0.093968,0.043169,0.53913,-0.82554,0.23817,0.1505,0.087678,0.86979,0.47568,-0.33959,-0.018677,0.69524,3.1474,6.2949
482,kf12,12m,False,1,abs,W,0.13323,0.098881,0.034345,0.12998,0.094291,0.035685,0.54173,-0.83607,0.17013,0.1505,0.019634,0.66536,0.17936,-0.39801,-0.062966,0.58095,8.3444,16.396
483,kf12,12m,False,1,abs,M,0.13826,0.098539,0.039718,0.13365,0.093968,0.039686,0.55221,-0.81925,0.23817,0.1505,0.087678,0.86979,0.47568,-0.33959,-0.018677,0.69524,3.1474,6.2949
484,kf12,12m,False,1,sma,W,0.14797,0.098881,0.049087,0.14286,0.094291,0.048568,0.62626,-0.74822,0.13127,0.1505,-0.01923,0.54571,0.00048542,-0.44117,-0.19242,0.46667,9.8815,17.274
485,kf12,12m,False,1,sma,M,0.13652,0.098539,0.037983,0.13171,0.093968,0.037747,0.55941,-0.81373,0.19919,0.1505,0.048691,0.75979,0.30272,-0.3778,-0.07205,0.66667,3.4402,6.2949
486,kf12,12m,False,1,mkt,W,0.13346,0.098881,0.034577,0.1293,0.094291,0.035007,0.60262,-0.64382,0.107,0.1505,-0.043496,0.49102,-0.13886,-0.43358,-0.14646,0.45714,9.3691,16.542
487,kf12,12m,False,1,mkt,M,0.12379,0.098539,0.025253,0.12242,0.093968,0.028456,0.55248,-0.69923,0.14709,0.1505,-0.003406,0.64075,0.037078,-0.40464,-0.10436,0.53333,4.3186,7.0269
488,kf12,12m,False,2,none,W,0.14389,0.098881,0.045014,0.13754,0.094291,0.043253,0.58795,-0.83107,0.17386,0.1505,0.023366,0.77213,0.21891,-0.35403,-0.065399,0.69524,12.809,26.058
489,kf12,12m,False,2,none,M,0.14788,0.098539,0.049344,0.14121,0.093968,0.047245,0.60205,-0.80199,0.15768,0.1505,0.0071808,0.69765,0.1176,-0.38875,-0.050728,0.62857,5.6361,12.443
490,kf12,12m,False,2,abs,W,0.13448,0.098881,0.035599,0.13009,0.094291,0.035796,0.6013,-0.78767,0.15002,0.1505,-0.00047124,0.68443,0.051182,-0.37554,-0.081872,0.61905,13.175,25.912
491,kf12,12m,False,2,abs,M,0.14259,0.098539,0.044053,0.13719,0.093968,0.043221,0.62735,-0.74116,0.14829,0.1505,-0.0022076,0.66649,0.050638,-0.38875,-0.050728,0.5619,5.6361,12.004
492,kf12,12m,False,2,sma,W,0.14391,0.098881,0.045025,0.13771,0.094291,0.043417,0.67981,-0.62837,0.12748,0.1505,-0.023018,0.61142,-0.10171,-0.35405,-0.045707,0.45714,15.591,28.107
493,kf12,12m,False,2,sma,M,0.13952,0.098539,0.040981,0.13463,0.093968,0.040661,0.64291,-0.69388,0.12942,0.1505,-0.021072,0.59901,-0.078712,-0.39692,-0.067993,0.55238,6.1485,12.883
494,kf12,12m,False,2,mkt,W,0.13321,0.098881,0.034333,0.12788,0.094291,0.033593,0.66845,-0.51481,0.12794,0.1505,-0.022551,0.66353,-0.11089,-0.29655,-0.099127,0.5619,12.956,26.351
495,kf12,12m,False,2,mkt,M,0.12685,0.098539,0.028307,0.12483,0.093968,0.030866,0.62418,-0.63024,0.11386,0.1505,-0.036634,0.58995,-0.19107,-0.22909,-0.08384,0.4381,5.8557,12.883
496,kf12,12m,False,3,none,W,0.13776,0.098881,0.038883,0.13209,0.094291,0.037794,0.58189,-0.79804,0.14818,0.1505,-0.0023106,0.71259,0.023016,-0.35821,-0.096334,0.57143,17.86,37.037
497,kf12,12m,False,3,none,M,0.14122,0.098539,0.042681,0.13601,0.093968,0.042047,0.59709,-0.80758,0.1511,0.1505,0.00060601,0.73416,0.042829,-0.35637,-0.078445,0.6381,7.3928,16.542
498,kf12,12m,False,3,abs,W,0.13049,0.098881,0.031608,0.12736,0.094291,0.033068,0.61848,-0.76077,0.11724,0.1505,-0.033258,0.59241,-0.24125,-0.35785,-0.14369,0.44762,19.104,37.184
499,kf12,12m,False,3,abs,M,0.13914,0.098539,0.040604,0.13524,0.093968,0.041275,0.6507,-0.71213,0.13439,0.1505,-0.016108,0.66772,-0.11099,-0.35518,-0.077726,0.48571,7.6856,16.542
500,kf12,12m,False,3,sma,W,0.13832,0.098881,0.039441,0.13262,0.094291,0.03833,0.69181,-0.58172,0.11588,0.1505,-0.034616,0.61307,-0.24372,-0.32638,-0.089644,0.41905,20.275,38.648
501,kf12,12m,False,3,sma,M,0.13227,0.098539,0.033729,0.12844,0.093968,0.034475,0.64708,-0.72766,0.12802,0.1505,-0.022478,0.66726,-0.16278,-0.29238,-0.069138,0.46667,7.832,16.835
502,kf12,12m,False,3,mkt,W,0.12736,0.098881,0.02848,0.12291,0.094291,0.028614,0.66904,-0.47448,0.11591,0.1505,-0.03459,0.66782,-0.2206,-0.25653,-0.11442,0.42857,16.982,37.33
503,kf12,12m,False,3,mkt,M,0.12334,0.098539,0.024798,0.12148,0.093968,0.027511,0.6329,-0.62189,0.11102,0.1505,-0.039478,0.63048,-0.25361,-0.22658,-0.084417,0.41905,7.2464,17.567
504,kf12,12m,True,1,none,W,0.11586,0.098881,0.016978,0.11284,0.094291,0.018549,0.46412,-0.86803,0.15281,0.1505,0.0023185,0.64906,0.083669,-0.34328,-0.16113,0.55238,10.467,20.934
505,kf12,12m,True,1,none,M,0.12474,0.098539,0.026197,0.12087,0.093968,0.026904,0.49315,-0.85009,0.15201,0.1505,0.0015186,0.64578,0.080971,-0.30656,-0.094015,0.62857,5.0506,10.101
506,kf12,12m,True,1,abs,W,0.11135,0.098881,0.012472,0.10954,0.094291,0.015252,0.50047,-0.81376,0.13913,0.1505,-0.01137,0.60209,0.011447,-0.34328,-0.16113,0.49524,10.76,21.227
507,kf12,12m,True,1,abs,M,0.12123,0.098539,0.022693,0.11847,0.093968,0.024501,0.53508,-0.82686,0.15201,0.1505,0.0015186,0.64578,0.080971,-0.30656,-0.094015,0.62857,5.0506,10.101
508,kf12,12m,True,1,sma,W,0.11928,0.098881,0.020399,0.11606,0.094291,0.021774,0.54786,-0.72872,0.11016,0.1505,-0.04034,0.49991,-0.13896,-0.34328,-0.16113,0.39048,12.077,22.252
509,kf12,12m,True,1,sma,M,0.12225,0.098539,0.023713,0.11808,0.093968,0.024111,0.54479,-0.81373,0.12874,0.1505,-0.021758,0.56418,-0.041805,-0.30656,-0.094015,0.50476,5.2701,10.101
510,kf12,12m,True,1,mkt,W,0.11547,0.098881,0.016587,0.11177,0.094291,0.017482,0.58365,-0.64684,0.084611,0.1505,-0.065884,0.43221,-0.30235,-0.36234,-0.16789,0.25714,11.492,20.788
511,kf12,12m,True,1,mkt,M,0.11696,0.098539,0.018425,0.11449,0.093968,0.02052,0.57998,-0.69923,0.087879,0.1505,-0.062616,0.444,-0.28677,-0.24071,-0.15074,0.33333,5.9289,10.247
512,kf12,12m,True,2,none,W,0.13252,0.098881,0.033637,0.12714,0.094291,0.032854,0.55447,-0.81392,0.14987,0.1505,-0.00062065,0.73694,0.022426,-0.28615,-0.079077,0.53333,15.371,31.182
513,kf12,12m,True,2,none,M,0.13246,0.098539,0.033917,0.12852,0.093968,0.034557,0.55628,-0.78579,0.15459,0.1505,0.0040958,0.75396,0.059837,-0.29905,-0.072588,0.5619,6.7341,14.639
514,kf12,12m,True,2,abs,W,0.12515,0.098881,0.026269,0.12159,0.094291,0.027294,0.60857,-0.77498,0.12723,0.1505,-0.023261,0.64408,-0.14685,-0.31025,-0.11128,0.49524,15.737,30.889
515,kf12,12m,True,2,abs,M,0.12412,0.098539,0.025582,0.12057,0.093968,0.026598,0.58646,-0.74069,0.1463,0.1505,-0.0042005,0.72515,-0.0070702,-0.29905,-0.072588,0.50476,6.7341,14.2
516,kf12,12m,True,2,sma,W,0.13676,0.098881,0.037883,0.13136,0.094291,0.037066,0.69961,-0.63974,0.12463,0.1505,-0.025867,0.66712,-0.17042,-0.24428,-0.094061,0.4,17.567,32.499
517,kf12,12m,True,2,sma,M,0.12463,0.098539,0.026088,0.12095,0.093968,0.026983,0.61209,-0.70619,0.13625,0.1505,-0.014243,0.70728,-0.088617,-0.2076,-0.072588,0.49524,7.1732,14.786
518,kf12,12m,True,2,mkt,W,0.1298,0.098881,0.030923,0.12488,0.094291,0.030592,0.71938,-0.48504,0.10309,0.1505,-0.04741,0.60476,-0.29389,-0.18586,-0.098191,0.20952,15.152,30.742
519,kf12,12m,True,2,mkt,M,0.11411,0.098539,0.015566,0.11293,0.093968,0.018958,0.60659,-0.62972,0.10518,0.1505,-0.045314,0.60729,-0.28503,-0.22324,-0.090904,0.18095,7.1732,15.518
520,kf12,12m,True,3,none,W,0.13501,0.098881,0.036134,0.12955,0.094291,0.035254,0.5718,-0.82173,0.1537,0.1505,0.0032007,0.7966,0.037104,-0.3141,-0.061839,0.6,19.763,40.112
521,kf12,12m,True,3,none,M,0.13295,0.098539,0.034414,0.12723,0.093968,0.033265,0.56123,-0.7948,0.14171,0.1505,-0.0087807,0.73462,-0.07015,-0.2797,-0.061671,0.5619,8.198,18.885
522,kf12,12m,True,3,abs,W,0.12938,0.098881,0.030503,0.12595,0.094291,0.031655,0.65705,-0.74343,0.12682,0.1505,-0.023677,0.6887,-0.20355,-0.30926,-0.11245,0.41905,21.3,40.99
523,kf12,12m,True,3,abs,M,0.12957,0.098539,0.031028,0.12557,0.093968,0.031601,0.64564,-0.70311,0.1271,0.1505,-0.023395,0.67138,-0.20439,-0.28123,-0.061671,0.42857,8.4176,19.031
524,kf12,12m,True,3,sma,W,0.13791,0.098881,0.039034,0.13262,0.094291,0.038328,0.73619,-0.60039,0.13055,0.1505,-0.019947,0.75118,-0.17155,-0.21108,-0.089311,0.42857,21.739,40.697
525,kf12,12m,True,3,sma,M,0.1227,0.098539,0.024165,0.11915,0.093968,0.02518,0.62684,-0.74227,0.12611,0.1505,-0.02439,0.71489,-0.20188,-0.19517,-0.061671,0.47619,8.6372,19.177
526,kf12,12m,True,3,mkt,W,0.12715,0.098881,0.028267,0.12269,0.094291,0.028401,0.71831,-0.47724,0.11975,0.1505,-0.030741,0.75186,-0.22288,-0.17462,-0.088698,0.40952,18.153,39.087
527,kf12,12m,True,3,mkt,M,0.11184,0.098539,0.013297,0.10997,0.093968,0.016003,0.59953,-0.63495,0.098659,0.1505,-0.051837,0.60195,-0.35505,-0.21711,-0.086655,0.3619,8.1248,20.349
528,kf12,12-1,False,1,none,W,0.13894,0.098881,0.040059,0.13335,0.094291,0.039063,0.52192,-0.86009,0.20181,0.1505,0.051319,0.74144,0.33118,-0.46171,-0.054678,0.69524,8.93,17.86
529,kf12,12-1,False,1,none,M,0.13641,0.098539,0.037869,0.13199,0.093968,0.038025,0.51365,-0.90504,0.17925,0.1505,0.028751,0.6726,0.23584,-0.40099,-0.25463,0.68571,3.733,7.466
530,kf12,12-1,False,1,abs,W,0.13399,0.098881,0.03511,0.12829,0.094291,0.033996,0.52518,-0.81703,0.19487,0.1505,0.044373,0.72195,0.30012,-0.44804,-0.054678,0.69524,9.0764,17.714
531,kf12,12-1,False,1,abs,M,0.13758,0.098539,0.039041,0.13353,0.093968,0.039562,0.54107,-0.8439,0.1751,0.1505,0.024606,0.66032,0.21775,-0.40099,-0.25463,0.68571,3.733,7.3196
532,kf12,12-1,False,1,sma,W,0.13916,0.098881,0.04028,0.13441,0.094291,0.040115,0.59372,-0.54871,0.12769,0.1505,-0.022801,0.538,-0.020209,-0.4846,-0.28527,0.5619,10.687,18.006
533,kf12,12-1,False,1,sma,M,0.14197,0.098539,0.043426,0.1364,0.093968,0.042435,0.58748,-0.71781,0.13876,0.1505,-0.011733,0.56581,0.039342,-0.37473,-0.25463,0.61905,4.0258,7.3196
534,kf12,12-1,False,1,mkt,W,0.12563,0.098881,0.026745,0.12155,0.094291,0.027259,0.56583,-0.58419,0.10448,0.1505,-0.046017,0.48092,-0.1513,-0.50101,-0.21617,0.52381,9.5155,16.835
535,kf12,12-1,False,1,mkt,M,0.12549,0.098539,0.02695,0.12428,0.093968,0.030312,0.5633,-0.70964,0.093829,0.1505,-0.056667,0.43358,-0.19338,-0.4569,-0.2969,0.51429,4.5382,7.466
536,kf12,12-1,False,2,none,W,0.13816,0.098881,0.039284,0.13067,0.094291,0.036379,0.54793,-0.82133,0.18149,0.1505,0.03099,0.79138,0.28222,-0.33218,-0.057507,0.69524,13.029,27.229
537,kf12,12-1,False,2,none,M,0.13469,0.098539,0.036152,0.1285,0.093968,0.034532,0.52898,-0.83163,0.17921,0.1505,0.028719,0.78161,0.26279,-0.34352,-0.026132,0.70476,6.0753,12.883
538,kf12,12-1,False,2,abs,W,0.12875,0.098881,0.029866,0.1238,0.094291,0.029508,0.55819,-0.80656,0.16757,0.1505,0.017074,0.73543,0.183,-0.33468,-0.061304,0.66667,13.761,27.668
539,kf12,12-1,False,2,abs,M,0.1285,0.098539,0.029962,0.12411,0.093968,0.030139,0.54459,-0.76438,0.16779,0.1505,0.017299,0.73838,0.18338,-0.34426,-0.04996,0.69524,6.2217,12.736
540,kf12,12-1,False,2,sma,W,0.13282,0.098881,0.033938,0.12783,0.094291,0.033536,0.63392,-0.57143,0.12818,0.1505,-0.022316,0.63349,-0.11021,-0.29935,-0.082662,0.45714,15.591,27.668
541,kf12,12-1,False,2,sma,M,0.13575,0.098539,0.03721,0.13186,0.093968,0.037897,0.63903,-0.67315,0.15266,0.1505,0.0021647,0.74857,0.035384,-0.19066,-0.055604,0.62857,6.5877,12.224
542,kf12,12-1,False,2,mkt,W,0.12708,0.098881,0.028195,0.12142,0.094291,0.027128,0.62941,-0.47107,0.12841,0.1505,-0.02209,0.67584,-0.11351,-0.26744,-0.095202,0.52381,12.517,26.058
543,kf12,12-1,False,2,mkt,M,0.12373,0.098539,0.025195,0.12129,0.093968,0.027318,0.60511,-0.61478,0.1366,0.1505,-0.0139,0.70998,-0.069528,-0.22914,-0.070505,0.5619,6.0021,12.736
544,kf12,12-1,False,3,none,W,0.12419,0.098881,0.025312,0.1201,0.094291,0.025813,0.51774,-0.80285,0.17816,0.1505,0.027669,0.83307,0.28535,-0.33267,-0.10151,0.72381,16.908,35.134
545,kf12,12-1,False,3,none,M,0.12395,0.098539,0.025406,0.11906,0.093968,0.02509,0.50895,-0.8128,0.15941,0.1505,0.0089147,0.75213,0.13283,-0.37498,-0.058867,0.64762,6.2949,14.639
546,kf12,12-1,False,3,abs,W,0.12103,0.098881,0.022148,0.1175,0.094291,0.023208,0.55114,-0.75961,0.15922,0.1505,0.0087203,0.7638,0.11679,-0.33267,-0.10045,0.57143,18.299,36.013
547,kf12,12-1,False,3,abs,M,0.12097,0.098539,0.022436,0.11704,0.093968,0.023075,0.54203,-0.72272,0.14325,0.1505,-0.0072451,0.68018,-0.011084,-0.37585,-0.11031,0.4381,6.6609,15.078
548,kf12,12-1,False,3,sma,W,0.12736,0.098881,0.028478,0.12203,0.094291,0.027743,0.63763,-0.58802,0.13231,0.1505,-0.018189,0.72486,-0.13831,-0.27936,-0.070523,0.47619,19.763,36.013
549,kf12,12-1,False,3,sma,M,0.12302,0.098539,0.024484,0.1196,0.093968,0.025635,0.6016,-0.72285,0.12984,0.1505,-0.020656,0.68904,-0.1592,-0.28894,-0.053578,0.4381,7.1732,14.566
550,kf12,12-1,False,3,mkt,W,0.11779,0.098881,0.01891,0.11353,0.094291,0.019237,0.60956,-0.4967,0.12214,0.1505,-0.028359,0.70901,-0.18767,-0.2186,-0.10958,0.40952,15.518,34.402
551,kf12,12-1,False,3,mkt,M,0.11261,0.098539,0.014071,0.11058,0.093968,0.016614,0.565,-0.62188,0.12558,0.1505,-0.024913,0.71498,-0.16663,-0.20847,-0.059692,0.41905,6.2217,15.664
552,kf12,12-1,True,1,none,W,0.11079,0.098881,0.011904,0.10597,0.094291,0.011679,0.43204,-0.85903,0.16808,0.1505,0.017583,0.70786,0.16195,-0.3074,-0.062294,0.82857,11.931,23.862
553,kf12,12-1,True,1,none,M,0.1013,0.098539,0.0027562,0.096789,0.093968,0.0028216,0.39106,-0.88476,0.17035,0.1505,0.019857,0.73133,0.16892,-0.30656,-0.19792,0.94286,4.9042,9.8083
554,kf12,12-1,True,1,abs,W,0.11265,0.098881,0.013768,0.10966,0.094291,0.015368,0.48874,-0.79778,0.16038,0.1505,0.0098863,0.68157,0.12072,-0.3074,-0.062294,0.70476,12.151,23.862
555,kf12,12-1,True,1,abs,M,0.10329,0.098539,0.0047492,0.099041,0.093968,0.0050728,0.42644,-0.81865,0.16624,0.1505,0.015744,0.71672,0.14667,-0.30656,-0.19792,0.94286,4.9042,9.6619
556,kf12,12-1,True,1,sma,W,0.12226,0.098881,0.023376,0.11822,0.094291,0.023925,0.57777,-0.49184,0.1086,0.1505,-0.041897,0.49909,-0.15608,-0.32139,-0.063303,0.42857,13.468,24.301
557,kf12,12-1,True,1,sma,M,0.10887,0.098539,0.010335,0.10562,0.093968,0.011652,0.49014,-0.67807,0.14569,0.1505,-0.0048034,0.64467,0.032649,-0.30656,-0.19792,0.62857,5.1969,9.8083
558,kf12,12-1,True,1,mkt,W,0.1135,0.098881,0.014617,0.1109,0.094291,0.016611,0.58726,-0.54199,0.089201,0.1505,-0.061294,0.46199,-0.29088,-0.29616,-0.11171,0.2,12.663,23.13
559,kf12,12-1,True,1,mkt,M,0.10053,0.098539,0.0019898,0.099866,0.093968,0.0058981,0.49638,-0.66268,0.1001,0.1505,-0.050397,0.52072,-0.24483,-0.28549,-0.24431,0.46667,5.9289,10.247
560,kf12,12-1,True,2,none,W,0.11483,0.098881,0.015946,0.11103,0.094291,0.016739,0.47706,-0.82854,0.16258,0.1505,0.012081,0.78188,0.12409,-0.31953,-0.055069,0.68571,15.884,32.792
561,kf12,12-1,True,2,none,M,0.12573,0.098539,0.027194,0.12228,0.093968,0.028312,0.529,-0.82218,0.14475,0.1505,-0.0057437,0.71206,-0.015965,-0.34103,-0.037751,0.79048,6.2949,14.493
562,kf12,12-1,True,2,abs,W,0.11387,0.098881,0.014989,0.11092,0.094291,0.016632,0.53717,-0.78025,0.14884,0.1505,-0.0016521,0.72796,0.017042,-0.3195,-0.055655,0.54286,16.323,32.646
563,kf12,12-1,True,2,abs,M,0.11947,0.098539,0.020928,0.11745,0.093968,0.023477,0.56102,-0.75242,0.13453,0.1505,-0.015968,0.66516,-0.094396,-0.34092,-0.037751,0.65714,6.5877,14.639
564,kf12,12-1,True,2,sma,W,0.12154,0.098881,0.022662,0.118,0.094291,0.023705,0.62465,-0.61427,0.12593,0.1505,-0.024564,0.67881,-0.16618,-0.2713,-0.03678,0.4,18.299,34.402
565,kf12,12-1,True,2,sma,M,0.12315,0.098539,0.024608,0.1216,0.093968,0.027635,0.62837,-0.69404,0.11654,0.1505,-0.03396,0.62723,-0.24422,-0.20111,-0.1013,0.4,6.6609,14.054
566,kf12,12-1,True,2,mkt,W,0.11645,0.098881,0.017572,0.11295,0.094291,0.018657,0.63624,-0.49963,0.099091,0.1505,-0.051405,0.58848,-0.32602,-0.18353,-0.074505,0.14286,16.03,33.085
567,kf12,12-1,True,2,mkt,M,0.11425,0.098539,0.015709,0.11412,0.093968,0.020148,0.62077,-0.61235,0.086382,0.1505,-0.064113,0.5148,-0.4193,-0.22938,-0.136,0.15238,6.5877,15.078
568,kf12,12-1,True,3,none,W,0.1176,0.098881,0.018717,0.11383,0.094291,0.019535,0.49713,-0.82408,0.13815,0.1505,-0.012342,0.70217,-0.097839,-0.28248,-0.095011,0.55238,19.69,40.697
569,kf12,12-1,True,3,none,M,0.12068,0.098539,0.022136,0.11807,0.093968,0.024103,0.5147,-0.82206,0.14201,0.1505,-0.00849,0.71414,-0.055022,-0.32545,-0.06389,0.6,8.198,19.617
570,kf12,12-1,True,3,abs,W,0.11779,0.098881,0.018906,0.11449,0.094291,0.020198,0.57626,-0.74493,0.12309,0.1505,-0.02741,0.63944,-0.2428,-0.28301,-0.092982,0.47619,20.788,41.136
571,kf12,12-1,True,3,abs,M,0.11995,0.098539,0.02141,0.11705,0.093968,0.023085,0.57983,-0.70457,0.12731,0.1505,-0.023183,0.64591,-0.18659,-0.32473,-0.06389,0.52381,8.6372,20.056
572,kf12,12-1,True,3,sma,W,0.12334,0.098881,0.024455,0.11954,0.094291,0.025248,0.66409,-0.59725,0.10758,0.1505,-0.042911,0.63477,-0.34477,-0.20969,-0.13891,0.4,23.057,42.015
573,kf12,12-1,True,3,sma,M,0.11694,0.098539,0.018398,0.11505,0.093968,0.021079,0.60833,-0.73543,0.12259,0.1505,-0.027903,0.69174,-0.22961,-0.21686,-0.050905,0.54286,9.0764,19.909
574,kf12,12-1,True,3,mkt,W,0.1171,0.098881,0.018217,0.11405,0.094291,0.019758,0.66335,-0.48637,0.097894,0.1505,-0.052602,0.60896,-0.36285,-0.1856,-0.10522,0.31429,18.738,40.844
575,kf12,12-1,True,3,mkt,M,0.10901,0.098539,0.010475,0.10857,0.093968,0.014602,0.59364,-0.63002,0.097184,0.1505,-0.053311,0.58415,-0.36405,-0.22092,-0.08082,0.26667,8.1248,20.641
576,kf12,blend,False,1,none,W,0.14107,0.098881,0.042191,0.13688,0.094291,0.042589,0.54455,-0.84317,0.12144,0.1505,-0.02906,0.4949,-0.019436,-0.45671,-0.1879,0.48571,11.785,23.569
577,kf12,blend,False,1,none,M,0.15377,0.098539,0.05523,0.15127,0.093968,0.057302,0.59756,-0.81029,0.11978,0.1505,-0.030717,0.48867,-0.024974,-0.47632,-0.12085,0.54286,5.4897,10.979
578,kf12,blend,False,1,abs,W,0.1349,0.098881,0.036019,0.1342,0.094291,0.039904,0.56047,-0.80035,0.097163,0.1505,-0.053332,0.41635,-0.12536,-0.45671,-0.1879,0.42857,12.151,23.569
579,kf12,blend,False,1,abs,M,0.1506,0.098539,0.052065,0.15035,0.093968,0.056382,0.62133,-0.7776,0.10268,0.1505,-0.047817,0.43284,-0.099563,-0.47632,-0.12085,0.4,5.5629,10.833
580,kf12,blend,False,1,sma,W,0.13756,0.098881,0.038678,0.13067,0.094291,0.036376,0.54622,-0.73785,0.092885,0.1505,-0.057611,0.40262,-0.14583,-0.47622,-0.2553,0.4,12.443,23.423
581,kf12,blend,False,1,sma,M,0.14532,0.098539,0.046779,0.14313,0.093968,0.049164,0.59259,-0.82788,0.10195,0.1505,-0.04855,0.43058,-0.10288,-0.47632,-0.12085,0.41905,5.4897,10.687
582,kf12,blend,False,1,mkt,W,0.13532,0.098881,0.036439,0.12956,0.094291,0.035265,0.59287,-0.58308,0.072409,0.1505,-0.078087,0.34223,-0.2682,-0.45947,-0.19203,0.38095,11.858,21.52
583,kf12,blend,False,1,mkt,M,0.13228,0.098539,0.033736,0.13239,0.093968,0.038421,0.58804,-0.68242,0.07412,0.1505,-0.076375,0.34826,-0.2638,-0.43916,-0.12746,0.40952,5.9289,10.247
584,kf12,blend,False,2,none,W,0.14138,0.098881,0.042495,0.13753,0.094291,0.043237,0.58768,-0.82708,0.14122,0.1505,-0.0092777,0.65485,-0.01004,-0.37905,-0.061828,0.59048,18.738,38.355
585,kf12,blend,False,2,none,M,0.14647,0.098539,0.047929,0.14061,0.093968,0.046638,0.59806,-0.82086,0.17732,0.1505,0.026829,0.78289,0.22845,-0.38629,-0.019234,0.68571,7.7588,17.421
586,kf12,blend,False,2,abs,W,0.13884,0.098881,0.039962,0.13723,0.094291,0.042939,0.63416,-0.71947,0.11311,0.1505,-0.037388,0.54371,-0.1866,-0.35833,-0.060492,0.42857,19.397,37.916
587,kf12,blend,False,2,abs,M,0.1472,0.098539,0.048662,0.14477,0.093968,0.050802,0.66067,-0.6796,0.15507,0.1505,0.0045779,0.70527,0.081094,-0.38629,-0.019234,0.57143,7.832,17.274
588,kf12,blend,False,2,sma,W,0.14524,0.098881,0.046364,0.13869,0.094291,0.044399,0.6555,-0.6451,0.11168,0.1505,-0.038811,0.54217,-0.2025,-0.35907,-0.08461,0.42857,19.836,37.916
589,kf12,blend,False,2,sma,M,0.13637,0.098539,0.037833,0.13255,0.093968,0.03858,0.60404,-0.81159,0.15282,0.1505,0.0023218,0.6972,0.066229,-0.38629,-0.019234,0.6,7.9052,17.421
590,kf12,blend,False,2,mkt,W,0.13364,0.098881,0.034761,0.129,0.094291,0.034713,0.65472,-0.53371,0.10311,0.1505,-0.047389,0.55319,-0.25432,-0.28946,-0.087581,0.45714,17.421,35.573
591,kf12,blend,False,2,mkt,M,0.12448,0.098539,0.025945,0.12308,0.093968,0.029115,0.59606,-0.6731,0.12091,0.1505,-0.02959,0.63014,-0.15203,-0.28108,-0.035333,0.51429,7.6124,17.128
592,kf12,blend,False,3,none,W,0.13699,0.098881,0.03811,0.13274,0.094291,0.038445,0.58266,-0.80551,0.1477,0.1505,-0.0028003,0.7387,-5.413e-05,-0.349,-0.019397,0.59048,23.423,50.945
593,kf12,blend,False,3,none,M,0.14031,0.098539,0.041773,0.13545,0.093968,0.041485,0.59367,-0.78003,0.1555,0.1505,0.0050021,0.76652,0.072465,-0.34097,-0.03787,0.58095,8.6372,20.788
594,kf12,blend,False,3,abs,W,0.13522,0.098881,0.036342,0.13235,0.094291,0.038057,0.64301,-0.70364,0.11527,0.1505,-0.035221,0.60664,-0.2546,-0.32817,-0.040684,0.33333,24.887,51.237
595,kf12,blend,False,3,abs,M,0.14083,0.098539,0.042293,0.13837,0.093968,0.0444,0.66797,-0.64308,0.1401,0.1505,-0.010399,0.7276,-0.073826,-0.29606,-0.027356,0.51429,8.93,21.081
596,kf12,blend,False,3,sma,W,0.13847,0.098881,0.039589,0.1318,0.094291,0.03751,0.65345,-0.66606,0.11853,0.1505,-0.031966,0.62904,-0.23421,-0.32832,-0.059413,0.39048,24.814,51.384
597,kf12,blend,False,3,sma,M,0.12951,0.098539,0.03097,0.12585,0.093968,0.031886,0.60356,-0.77403,0.1366,0.1505,-0.013896,0.7112,-0.10032,-0.29897,-0.067472,0.51429,8.8568,21.081
598,kf12,blend,False,3,mkt,W,0.12681,0.098881,0.027933,0.12194,0.094291,0.027649,0.63887,-0.52274,0.11777,0.1505,-0.032722,0.69352,-0.21796,-0.2482,-0.07277,0.51429,21.447,48.749
599,kf12,blend,False,3,mkt,M,0.1174,0.098539,0.018858,0.11567,0.093968,0.021706,0.58119,-0.66674,0.12241,0.1505,-0.028089,0.69884,-0.18488,-0.21386,-0.044619,0.46667,8.0516,20.641
600,kf12,blend,True,1,none,W,0.13561,0.098881,0.036732,0.12928,0.094291,0.034989,0.54272,-0.77387,0.097334,0.1505,-0.053162,0.4453,-0.20771,-0.387,-0.15972,0.41905,12.59,25.18
601,kf12,blend,True,1,none,M,0.10921,0.098539,0.010673,0.10861,0.093968,0.014637,0.4481,-0.84746,0.14023,0.1505,-0.010267,0.60701,0.016679,-0.30656,-0.12085,0.66667,5.3433,10.687
602,kf12,blend,True,1,abs,W,0.11992,0.098881,0.021035,0.1172,0.094291,0.022911,0.53991,-0.76864,0.075524,0.1505,-0.074971,0.36072,-0.31663,-0.3973,-0.15972,0.25714,13.029,25.326
603,kf12,blend,True,1,abs,M,0.10939,0.098539,0.010847,0.10988,0.093968,0.015913,0.49104,-0.77755,0.12179,0.1505,-0.028702,0.54047,-0.079885,-0.31333,-0.12085,0.51429,5.4897,10.687
604,kf12,blend,True,1,sma,W,0.12505,0.098881,0.026168,0.11755,0.094291,0.023258,0.54258,-0.7149,0.071815,0.1505,-0.07868,0.34562,-0.33534,-0.38025,-0.15972,0.11429,13.249,25.619
605,kf12,blend,True,1,sma,M,0.10521,0.098539,0.0066662,0.10379,0.093968,0.0098264,0.46125,-0.83952,0.12095,0.1505,-0.029546,0.53774,-0.084364,-0.30656,-0.12085,0.49524,5.4897,10.687
606,kf12,blend,True,1,mkt,W,0.12367,0.098881,0.02479,0.11786,0.094291,0.023565,0.61825,-0.52279,0.051061,0.1505,-0.099435,0.26749,-0.47673,-0.4266,-0.15972,0.038095,13.395,24.594
607,kf12,blend,True,1,mkt,M,0.10234,0.098539,0.0037979,0.10135,0.093968,0.0073832,0.49498,-0.68899,0.077889,0.1505,-0.072606,0.39954,-0.3389,-0.30473,-0.10949,0.14286,6.0753,10.54
608,kf12,blend,True,2,none,W,0.13665,0.098881,0.037766,0.13166,0.094291,0.037371,0.5836,-0.77566,0.098608,0.1505,-0.051887,0.49565,-0.34429,-0.36514,-0.057615,0.32381,21.666,46.26
609,kf12,blend,True,2,none,M,0.1245,0.098539,0.025964,0.12115,0.093968,0.027184,0.52692,-0.82318,0.15376,0.1505,0.0032672,0.73795,0.058276,-0.36314,0.0029071,0.67619,8.4176,20.202
610,kf12,blend,True,2,abs,W,0.13064,0.098881,0.031763,0.1286,0.094291,0.034313,0.65263,-0.69789,0.076774,0.1505,-0.073721,0.40182,-0.47679,-0.34628,-0.0539,0.028571,22.179,45.528
611,kf12,blend,True,2,abs,M,0.12763,0.098539,0.02909,0.12609,0.093968,0.032124,0.6152,-0.68728,0.13833,0.1505,-0.012166,0.67405,-0.051324,-0.36459,0.0029071,0.48571,8.4176,19.909
612,kf12,blend,True,2,sma,W,0.1305,0.098881,0.031621,0.1241,0.094291,0.029809,0.63428,-0.69478,0.070633,0.1505,-0.079863,0.37272,-0.52755,-0.36809,-0.057976,0.0095238,22.837,45.967
613,kf12,blend,True,2,sma,M,0.11687,0.098539,0.018328,0.11394,0.093968,0.019968,0.55107,-0.81858,0.13576,0.1505,-0.014738,0.6637,-0.069225,-0.36314,-0.028638,0.51429,8.4908,20.056
614,kf12,blend,True,2,mkt,W,0.12579,0.098881,0.026911,0.12044,0.094291,0.026153,0.6774,-0.5569,0.073422,0.1505,-0.077073,0.4319,-0.47114,-0.25698,-0.096297,0.019048,20.422,43.479
615,kf12,blend,True,2,mkt,M,0.1097,0.098539,0.011157,0.10851,0.093968,0.014547,0.56703,-0.68538,0.1116,0.1505,-0.038891,0.62926,-0.23287,-0.19932,-0.035379,0.48571,8.198,19.47
616,kf12,blend,True,3,none,W,0.13975,0.098881,0.040872,0.13488,0.094291,0.040585,0.60997,-0.81353,0.12846,0.1505,-0.022033,0.67638,-0.19169,-0.31902,-0.029599,0.44762,24.228,54.605
617,kf12,blend,True,3,none,M,0.13933,0.098539,0.040792,0.1357,0.093968,0.041735,0.60736,-0.81135,0.14002,0.1505,-0.01048,0.7249,-0.084224,-0.33781,-0.07988,0.54286,8.8568,24.008
618,kf12,blend,True,3,abs,W,0.13816,0.098881,0.03928,0.13506,0.094291,0.040769,0.72302,-0.6584,0.094927,0.1505,-0.055568,0.52529,-0.43095,-0.29744,-0.053516,0.019048,25.692,55.044
619,kf12,blend,True,3,abs,M,0.13981,0.098539,0.041268,0.13789,0.093968,0.043922,0.71891,-0.64412,0.12864,0.1505,-0.021853,0.70378,-0.18645,-0.28328,-0.080074,0.40952,9.4423,24.301
620,kf12,blend,True,3,sma,W,0.13851,0.098881,0.039634,0.1316,0.094291,0.037308,0.71233,-0.64478,0.097798,0.1505,-0.052698,0.54741,-0.41518,-0.29736,-0.056979,0.0095238,25.546,54.605
621,kf12,blend,True,3,sma,M,0.12874,0.098539,0.0302,0.12559,0.093968,0.031624,0.64893,-0.77192,0.12746,0.1505,-0.023031,0.69751,-0.19415,-0.2834,-0.080064,0.41905,9.2959,24.301
622,kf12,blend,True,3,mkt,W,0.12933,0.098881,0.030445,0.12404,0.094291,0.029745,0.72644,-0.49852,0.096241,0.1505,-0.054254,0.60686,-0.36891,-0.2081,-0.073182,0.12381,22.179,51.677
623,kf12,blend,True,3,mkt,M,0.11765,0.098539,0.019116,0.11623,0.093968,0.02226,0.63831,-0.65368,0.10505,0.1505,-0.045441,0.64334,-0.31341,-0.18482,-0.075652,0.37143,8.6372,24.301
624,kf12,adm,False,1,none,W,0.12369,0.098881,0.024807,0.11984,0.094291,0.025544,0.47817,-0.87012,0.14328,0.1505,-0.0072203,0.56979,0.067861,-0.48338,-0.11045,0.5619,14.273,28.547
625,kf12,adm,False,1,none,M,0.13325,0.098539,0.034709,0.13073,0.093968,0.036763,0.52185,-0.83312,0.15817,0.1505,0.0076757,0.60376,0.13878,-0.51104,-0.33593,0.69524,5.7825,11.565
626,kf12,adm,False,1,abs,W,0.12166,0.098881,0.022776,0.11874,0.094291,0.024449,0.49716,-0.74868,0.10904,0.1505,-0.041452,0.46039,-0.079519,-0.47186,-0.13765,0.40952,15.005,28.547
627,kf12,adm,False,1,abs,M,0.12419,0.098539,0.02565,0.12298,0.093968,0.029016,0.51225,-0.81186,0.12007,0.1505,-0.030423,0.48597,-0.017327,-0.51104,-0.33593,0.53333,5.9289,11.272
628,kf12,adm,False,1,sma,W,0.12003,0.098881,0.021144,0.11669,0.094291,0.022401,0.491,-0.75359,0.13264,0.1505,-0.017852,0.54205,0.01502,-0.46032,-0.11098,0.49524,14.712,28.107
629,kf12,adm,False,1,sma,M,0.13313,0.098539,0.034586,0.13119,0.093968,0.037221,0.55156,-0.77404,0.13526,0.1505,-0.015234,0.53358,0.045201,-0.51104,-0.33593,0.57143,5.8557,11.272
630,kf12,adm,False,1,mkt,W,0.1204,0.098881,0.021521,0.1188,0.094291,0.024506,0.54875,-0.56937,0.12416,0.1505,-0.026338,0.5451,-0.05084,-0.38489,-0.17931,0.57143,13.541,24.887
631,kf12,adm,False,1,mkt,M,0.11759,0.098539,0.01905,0.11919,0.093968,0.025225,0.53545,-0.71813,0.12661,0.1505,-0.023881,0.54589,-0.034607,-0.43916,-0.2383,0.53333,5.8557,10.101
632,kf12,adm,False,2,none,W,0.13514,0.098881,0.036263,0.13058,0.094291,0.036293,0.56131,-0.81459,0.10535,0.1505,-0.045145,0.50173,-0.244,-0.40372,-0.11472,0.35238,25.253,54.019
633,kf12,adm,False,2,none,M,0.13715,0.098539,0.038615,0.13008,0.093968,0.036108,0.55531,-0.82875,0.15217,0.1505,0.0016766,0.68718,0.069736,-0.38839,-0.15062,0.58095,8.7104,21.227
634,kf12,adm,False,2,abs,W,0.12627,0.098881,0.027387,0.12251,0.094291,0.028223,0.57267,-0.67487,0.073319,0.1505,-0.077177,0.36713,-0.42636,-0.40949,-0.15387,0.0095238,25.399,52.409
635,kf12,adm,False,2,abs,M,0.12858,0.098539,0.030045,0.12363,0.093968,0.029664,0.56661,-0.75036,0.11177,0.1505,-0.038724,0.52855,-0.19599,-0.38839,-0.16425,0.4381,8.7836,20.495
636,kf12,adm,False,2,sma,W,0.13005,0.098881,0.031166,0.12389,0.094291,0.029603,0.58319,-0.704,0.090338,0.1505,-0.060158,0.44696,-0.33049,-0.39488,-0.13293,0.28571,25.546,50.798
637,kf12,adm,False,2,sma,M,0.12851,0.098539,0.029971,0.1237,0.093968,0.029735,0.57147,-0.76589,0.12082,0.1505,-0.029672,0.56934,-0.14123,-0.38839,-0.15062,0.46667,8.8568,20.349
638,kf12,adm,False,2,mkt,W,0.12693,0.098881,0.028053,0.12275,0.094291,0.028462,0.62386,-0.50451,0.10558,0.1505,-0.044914,0.56802,-0.24017,-0.33275,-0.086616,0.39048,22.252,46.992
639,kf12,adm,False,2,mkt,M,0.12009,0.098539,0.02155,0.11826,0.093968,0.024295,0.58034,-0.66826,0.11835,0.1505,-0.032143,0.62121,-0.16895,-0.30586,-0.093446,0.51429,8.1248,18.592
640,kf12,adm,False,3,none,W,0.14086,0.098881,0.041983,0.1364,0.094291,0.042112,0.60375,-0.80429,0.13853,0.1505,-0.011964,0.70614,-0.086048,-0.34787,-0.034391,0.53333,28.181,62.656
641,kf12,adm,False,3,none,M,0.14257,0.098539,0.044034,0.13627,0.093968,0.042302,0.60032,-0.81448,0.14287,0.1505,-0.0076257,0.71105,-0.038775,-0.35448,-0.034121,0.5619,9.5887,27.229
642,kf12,adm,False,3,abs,W,0.13042,0.098881,0.031539,0.12707,0.094291,0.032775,0.62745,-0.62907,0.09472,0.1505,-0.055775,0.52221,-0.40678,-0.29354,-0.15969,0.047619,29.425,63.095
643,kf12,adm,False,3,abs,M,0.12717,0.098539,0.028631,0.12215,0.093968,0.028185,0.58613,-0.73379,0.10999,0.1505,-0.040506,0.58555,-0.31645,-0.29162,-0.087096,0.31429,9.6619,27.229
644,kf12,adm,False,3,sma,W,0.13475,0.098881,0.03587,0.12922,0.094291,0.034929,0.64372,-0.63758,0.10684,0.1505,-0.043656,0.577,-0.3274,-0.34212,-0.052757,0.066667,29.352,61.339
645,kf12,adm,False,3,sma,M,0.12945,0.098539,0.030907,0.12493,0.093968,0.030966,0.6059,-0.76856,0.11658,0.1505,-0.033918,0.60217,-0.26317,-0.35429,-0.083052,0.41905,9.5155,26.351
646,kf12,adm,False,3,mkt,W,0.13056,0.098881,0.031678,0.12634,0.094291,0.032053,0.67027,-0.48481,0.10707,0.1505,-0.043427,0.64267,-0.28686,-0.22693,-0.09228,0.3619,25.985,59.143
647,kf12,adm,False,3,mkt,M,0.12149,0.098539,0.022955,0.11894,0.093968,0.024973,0.60542,-0.65976,0.10648,0.1505,-0.044014,0.61779,-0.28979,-0.24713,-0.096201,0.37143,8.93,25.765
648,kf12,adm,True,1,none,W,0.13344,0.098881,0.034564,0.12492,0.094291,0.030633,0.52507,-0.78336,0.092786,0.1505,-0.05771,0.42698,-0.22674,-0.44623,-0.0629,0.0095238,15.591,31.182
649,kf12,adm,True,1,none,M,0.11563,0.098539,0.017093,0.11294,0.093968,0.018969,0.47035,-0.8326,0.096972,0.1505,-0.053523,0.43744,-0.19531,-0.47632,-0.18851,0.48571,6.3681,12.736
650,kf12,adm,True,1,abs,W,0.1179,0.098881,0.019016,0.11045,0.094291,0.016162,0.50392,-0.68972,0.059034,0.1505,-0.091461,0.29174,-0.39163,-0.46125,-0.091563,0,16.396,31.328
651,kf12,adm,True,1,abs,M,0.10706,0.098539,0.0085173,0.10376,0.093968,0.0097963,0.46165,-0.79203,0.060794,0.1505,-0.089702,0.29536,-0.38085,-0.50436,-0.18851,0.27619,6.5877,12.59
652,kf12,adm,True,1,sma,W,0.11616,0.098881,0.017275,0.10921,0.094291,0.014919,0.49783,-0.70581,0.085454,0.1505,-0.065042,0.40333,-0.26141,-0.43946,-0.063462,0.028571,16.03,31.035
653,kf12,adm,True,1,sma,M,0.11226,0.098539,0.013723,0.10918,0.093968,0.015208,0.49178,-0.76007,0.079633,0.1505,-0.070862,0.37059,-0.28294,-0.47632,-0.18851,0.45714,6.5145,12.736
654,kf12,adm,True,1,mkt,W,0.1144,0.098881,0.015517,0.10865,0.094291,0.014354,0.56008,-0.48568,0.073275,0.1505,-0.077221,0.37862,-0.35015,-0.36429,-0.077914,0,15.591,28.986
655,kf12,adm,True,1,mkt,M,0.10108,0.098539,0.0025432,0.099448,0.093968,0.0054807,0.4847,-0.71813,0.066758,0.1505,-0.083738,0.34123,-0.38149,-0.29012,-0.17502,0.40952,6.6609,11.711
656,kf12,adm,True,2,none,W,0.13179,0.098881,0.032913,0.12728,0.094291,0.03299,0.56524,-0.81074,0.092153,0.1505,-0.058342,0.47123,-0.40148,-0.384,-0.094662,0.047619,24.887,53.58
657,kf12,adm,True,2,none,M,0.12597,0.098539,0.02743,0.12306,0.093968,0.02909,0.54063,-0.82699,0.11655,0.1505,-0.033941,0.5693,-0.20681,-0.38463,-0.13744,0.50476,9.7351,23.716
658,kf12,adm,True,2,abs,W,0.12056,0.098881,0.021677,0.11661,0.094291,0.022317,0.59076,-0.65193,0.071673,0.1505,-0.078822,0.38685,-0.50175,-0.35695,-0.12994,0,25.253,52.848
659,kf12,adm,True,2,abs,M,0.11767,0.098539,0.019126,0.1156,0.093968,0.021636,0.56806,-0.71368,0.081627,0.1505,-0.068869,0.414,-0.44906,-0.393,-0.15206,0.2,9.8083,23.423
660,kf12,adm,True,2,sma,W,0.12479,0.098881,0.025914,0.11952,0.094291,0.025229,0.60785,-0.66313,0.077365,0.1505,-0.07313,0.41126,-0.4777,-0.36168,-0.11319,0,25.253,52.116
661,kf12,adm,True,2,sma,M,0.11976,0.098539,0.021224,0.11831,0.093968,0.024345,0.58653,-0.74007,0.09592,0.1505,-0.054576,0.48093,-0.34954,-0.38463,-0.13744,0.37143,9.8815,23.423
662,kf12,adm,True,2,mkt,W,0.12071,0.098881,0.021831,0.11669,0.094291,0.022399,0.65333,-0.47397,0.087822,0.1505,-0.062673,0.51951,-0.37892,-0.27262,-0.087145,0.038095,22.691,49.042
663,kf12,adm,True,2,mkt,M,0.1122,0.098539,0.013659,0.11188,0.093968,0.017917,0.59628,-0.62856,0.089472,0.1505,-0.061023,0.51112,-0.36577,-0.3103,-0.094568,0.38095,9.0032,21.373
664,kf12,adm,True,3,none,W,0.13141,0.098881,0.032531,0.12613,0.094291,0.031841,0.56765,-0.79859,0.12619,0.1505,-0.024304,0.6633,-0.20228,-0.37019,-0.063782,0.4381,29.864,67.048
665,kf12,adm,True,3,none,M,0.12994,0.098539,0.031405,0.12614,0.093968,0.032175,0.5624,-0.83304,0.11818,0.1505,-0.032315,0.61488,-0.27642,-0.35409,-0.10387,0.53333,10.028,29.571
666,kf12,adm,True,3,abs,W,0.12106,0.098881,0.022175,0.11699,0.094291,0.0227,0.61781,-0.59524,0.086496,0.1505,-0.063999,0.4958,-0.48148,-0.2888,-0.10903,0.11429,30.889,67.487
667,kf12,adm,True,3,abs,M,0.11624,0.098539,0.017701,0.11329,0.093968,0.019325,0.57503,-0.71048,0.08646,0.1505,-0.064036,0.48083,-0.53167,-0.29049,-0.12271,0.20952,10.174,29.571
668,kf12,adm,True,3,sma,W,0.12557,0.098881,0.02669,0.1194,0.094291,0.02511,0.6345,-0.63733,0.097365,0.1505,-0.053131,0.54337,-0.40943,-0.3411,-0.066388,0.25714,30.742,65.877
669,kf12,adm,True,3,sma,M,0.11851,0.098539,0.019968,0.11591,0.093968,0.021947,0.59196,-0.74866,0.090374,0.1505,-0.060122,0.48725,-0.50743,-0.35409,-0.10387,0.22857,10.101,29.132
670,kf12,adm,True,3,mkt,W,0.12039,0.098881,0.021512,0.11569,0.094291,0.021398,0.66414,-0.46558,0.096879,0.1505,-0.053616,0.61633,-0.36443,-0.20078,-0.12949,0.34286,26.79,62.51
671,kf12,adm,True,3,mkt,M,0.11048,0.098539,0.011945,0.10965,0.093968,0.01568,0.59432,-0.63034,0.084752,0.1505,-0.065743,0.51651,-0.4424,-0.22047,-0.088129,0.25714,9.3691,27.961
672,kf49,1m,False,1,none,W,-0.045798,0.098881,-0.14468,-0.048147,0.094291,-0.14244,-0.015199,-0.99939,-0.028685,0.1505,-0.17918,0.045118,-0.37307,-0.82664,-0.56945,0.0095238,30.23,60.46
673,kf49,1m,False,1,none,M,0.00548,0.098539,-0.093059,0.0097281,0.093968,-0.08424,0.14467,-0.99228,0.14166,0.1505,-0.0088386,0.5037,0.12068,-0.6615,-0.58354,0.60952,11.272,22.544
674,kf49,1m,False,1,abs,W,-0.044821,0.098881,-0.1437,-0.048553,0.094291,-0.14284,-0.021849,-0.99906,-0.036902,0.1505,-0.1874,0.014842,-0.40331,-0.80983,-0.57752,0,30.157,59.728
675,kf49,1m,False,1,abs,M,0.000144,0.098539,-0.098395,0.0038713,0.093968,-0.090096,0.12894,-0.99423,0.12165,0.1505,-0.028841,0.45722,0.052457,-0.6615,-0.58354,0.55238,11.272,22.398
676,kf49,1m,False,1,sma,W,-0.025148,0.098881,-0.12403,-0.03144,0.094291,-0.12573,-0.042591,-0.99133,0.047955,0.1505,-0.10254,0.24979,-0.20267,-0.72216,-0.54973,0.095238,29.718,51.677
677,kf49,1m,False,1,sma,M,0.044322,0.098539,-0.054217,0.041791,0.093968,-0.052177,0.1786,-0.97854,0.14138,0.1505,-0.0091133,0.53028,0.080317,-0.45672,-0.24156,0.52381,11.199,19.47
678,kf49,1m,False,1,mkt,W,0.016003,0.098881,-0.082877,0.014517,0.094291,-0.079775,0.078296,-0.89113,0.048051,0.1505,-0.10244,0.24786,-0.2192,-0.76538,-0.19849,0.42857,26.424,50.652
679,kf49,1m,False,1,mkt,M,0.046145,0.098539,-0.052394,0.042871,0.093968,-0.051096,0.17757,-0.90701,0.11971,0.1505,-0.030782,0.47207,0.0030994,-0.51695,-0.4042,0.51429,10.321,19.031
680,kf49,1m,False,2,none,W,0.039275,0.098881,-0.059606,0.032885,0.094291,-0.061406,0.13308,-0.97896,0.037033,0.1505,-0.11346,0.20438,-0.3653,-0.61081,-0.35228,0.28571,42.673,112.14
681,kf49,1m,False,2,none,M,0.07374,0.098539,-0.024799,0.068447,0.093968,-0.02552,0.25055,-0.9646,0.11452,0.1505,-0.03598,0.4692,-0.040442,-0.56135,-0.40269,0.53333,11.931,43.039
682,kf49,1m,False,2,abs,W,0.042579,0.098881,-0.056302,0.03312,0.094291,-0.061171,0.1295,-0.96566,0.041754,0.1505,-0.10874,0.21979,-0.34201,-0.55314,-0.29504,0.38095,42.6,110.23
683,kf49,1m,False,2,abs,M,0.066333,0.098539,-0.032206,0.061341,0.093968,-0.032627,0.22626,-0.96155,0.10923,0.1505,-0.041261,0.46181,-0.076188,-0.51822,-0.38271,0.52381,11.858,42.454
684,kf49,1m,False,2,sma,W,0.062693,0.098881,-0.036187,0.05372,0.094291,-0.040572,0.19204,-0.87248,0.071518,0.1505,-0.078978,0.3391,-0.27825,-0.51724,-0.25969,0.27619,42.454,97.058
685,kf49,1m,False,2,sma,M,0.10617,0.098539,0.007633,0.098641,0.093968,0.0046737,0.37303,-0.85524,0.10963,0.1505,-0.040864,0.48123,-0.10747,-0.47284,-0.19886,0.52381,11.711,37.037
686,kf49,1m,False,2,mkt,W,0.078876,0.098881,-0.020005,0.072819,0.094291,-0.021472,0.27175,-0.8151,0.088762,0.1505,-0.061734,0.4143,-0.20395,-0.52531,-0.19128,0.51429,36.964,95.741
687,kf49,1m,False,2,mkt,M,0.095293,0.098539,-0.0032462,0.090781,0.093968,-0.0031864,0.34558,-0.78041,0.090905,0.1505,-0.05959,0.41473,-0.18351,-0.49532,-0.31552,0.50476,10.76,36.305
688,kf49,1m,False,3,none,W,0.058602,0.098881,-0.040278,0.053862,0.094291,-0.040429,0.19482,-0.95869,0.042044,0.1505,-0.10845,0.21846,-0.45833,-0.55831,-0.38986,0.038095,47.065,156.2
689,kf49,1m,False,3,none,M,0.095425,0.098539,-0.0031139,0.089019,0.093968,-0.004949,0.32666,-0.90925,0.14266,0.1505,-0.0078311,0.60139,0.039523,-0.43609,-0.34547,0.58095,12.004,64.266
690,kf49,1m,False,3,abs,W,0.064931,0.098881,-0.033949,0.056084,0.094291,-0.038208,0.20194,-0.91662,0.045394,0.1505,-0.1051,0.23182,-0.42408,-0.52432,-0.34199,0.066667,47.065,152.54
691,kf49,1m,False,3,abs,M,0.086578,0.098539,-0.011961,0.079462,0.093968,-0.014505,0.2938,-0.89057,0.13568,0.1505,-0.014818,0.59632,-0.010578,-0.42818,-0.33629,0.54286,11.931,62.949
692,kf49,1m,False,3,sma,W,0.081831,0.098881,-0.01705,0.074277,0.094291,-0.020014,0.28507,-0.77439,0.062419,0.1505,-0.088077,0.31353,-0.40454,-0.55944,-0.38329,0.047619,46.187,134.32
693,kf49,1m,False,3,sma,M,0.12083,0.098539,0.022287,0.11257,0.093968,0.018598,0.46057,-0.73614,0.13198,0.1505,-0.018516,0.62253,-0.058072,-0.36495,-0.13534,0.5619,11.931,55.702
694,kf49,1m,False,3,mkt,W,0.090015,0.098881,-0.0088657,0.084247,0.094291,-0.010044,0.33988,-0.7584,0.091799,0.1505,-0.058696,0.45783,-0.24812,-0.48144,-0.21377,0.46667,40.258,131.46
695,kf49,1m,False,3,mkt,M,0.10143,0.098539,0.0028921,0.097293,0.093968,0.0033255,0.39869,-0.68964,0.097409,0.1505,-0.053087,0.47106,-0.21373,-0.44407,-0.3053,0.48571,10.833,54.165
696,kf49,1m,True,1,none,W,-0.017526,0.098881,-0.11641,-0.023673,0.094291,-0.11796,-0.027366,-0.99902,-0.024706,0.1505,-0.1752,-0.021365,-0.56525,-0.62724,-0.42685,0,34.988,69.976
697,kf49,1m,True,1,none,M,0.046828,0.098539,-0.051712,0.046298,0.093968,-0.047669,0.18491,-0.96556,0.067939,0.1505,-0.082556,0.31402,-0.22225,-0.46328,-0.33046,0.13333,11.492,22.984
698,kf49,1m,True,1,abs,W,-0.0054295,0.098881,-0.10431,-0.014453,0.094291,-0.10874,-0.024515,-0.9967,-0.037123,0.1505,-0.18762,-0.081401,-0.62104,-0.67658,-0.42685,0,35.134,69.683
699,kf49,1m,True,1,abs,M,0.039723,0.098539,-0.058816,0.038772,0.093968,-0.055195,0.15651,-0.96669,0.049136,0.1505,-0.10136,0.24693,-0.32032,-0.46328,-0.33046,0.0095238,11.565,22.984
700,kf49,1m,True,1,sma,W,0.019796,0.098881,-0.079084,0.0085837,0.094291,-0.085708,0.026648,-0.98245,0.026957,0.1505,-0.12354,0.15868,-0.40379,-0.52588,-0.27942,0,34.183,64.12
701,kf49,1m,True,1,sma,M,0.058496,0.098539,-0.040043,0.049627,0.093968,-0.04434,0.17966,-0.86268,0.10965,0.1505,-0.040849,0.4678,-0.080918,-0.42141,-0.29139,0.07619,11.492,21.813
702,kf49,1m,True,1,mkt,W,0.048968,0.098881,-0.049913,0.043995,0.094291,-0.050296,0.14786,-0.90514,0.029481,0.1505,-0.12101,0.16182,-0.43986,-0.45562,-0.23093,0.019048,30.742,59.289
703,kf49,1m,True,1,mkt,M,0.052918,0.098539,-0.045621,0.049279,0.093968,-0.044689,0.17207,-0.81302,0.063537,0.1505,-0.086959,0.31408,-0.32824,-0.32684,-0.2385,0,10.54,19.47
704,kf49,1m,True,2,none,W,0.034259,0.098881,-0.064622,0.029603,0.094291,-0.064689,0.0978,-0.99254,0.01733,0.1505,-0.13317,0.10751,-0.61431,-0.53768,-0.31849,0,45.455,122.09
705,kf49,1m,True,2,none,M,0.084898,0.098539,-0.013642,0.078314,0.093968,-0.015654,0.29035,-0.94057,0.10899,0.1505,-0.041505,0.50147,-0.15299,-0.38799,-0.24276,0.1619,12.004,45.382
706,kf49,1m,True,2,abs,W,0.047256,0.098881,-0.051625,0.039069,0.094291,-0.055223,0.12583,-0.9741,0.018459,0.1505,-0.13204,0.10653,-0.58817,-0.54023,-0.32225,0,45.309,120.48
707,kf49,1m,True,2,abs,M,0.081755,0.098539,-0.016785,0.074759,0.093968,-0.019209,0.28099,-0.92269,0.10369,0.1505,-0.04681,0.50382,-0.1949,-0.36673,-0.24276,0.047619,11.931,44.65
708,kf49,1m,True,2,sma,W,0.060359,0.098881,-0.038522,0.053491,0.094291,-0.040801,0.18843,-0.90342,0.041134,0.1505,-0.10936,0.21445,-0.52117,-0.38066,-0.13837,0.019048,44.869,112.87
709,kf49,1m,True,2,sma,M,0.0979,0.098539,-0.00063959,0.089292,0.093968,-0.0046752,0.36233,-0.74127,0.11218,0.1505,-0.038318,0.53533,-0.15704,-0.40261,-0.17083,0.13333,11.931,42.015
710,kf49,1m,True,2,mkt,W,0.081212,0.098881,-0.017669,0.076937,0.094291,-0.017354,0.32042,-0.82033,0.048963,0.1505,-0.10153,0.26014,-0.48708,-0.45114,-0.20967,0.0095238,38.94,103.5
711,kf49,1m,True,2,mkt,M,0.086995,0.098539,-0.011544,0.082975,0.093968,-0.010993,0.34807,-0.68498,0.086196,0.1505,-0.064299,0.46336,-0.3197,-0.28259,-0.18719,0,10.833,38.209
712,kf49,1m,True,3,none,W,0.073282,0.098881,-0.025599,0.06929,0.094291,-0.025001,0.25795,-0.95164,0.045377,0.1505,-0.10512,0.23456,-0.5983,-0.38693,-0.24118,0,48.895,167.77
713,kf49,1m,True,3,none,M,0.10855,0.098539,0.010011,0.10196,0.093968,0.0079888,0.39497,-0.9145,0.097566,0.1505,-0.052929,0.47941,-0.278,-0.39297,-0.22841,0.24762,12.004,66.023
714,kf49,1m,True,3,abs,W,0.080251,0.098881,-0.018629,0.071584,0.094291,-0.022707,0.27767,-0.89974,0.052064,0.1505,-0.098432,0.27303,-0.52186,-0.32518,-0.17099,0,48.749,164.11
715,kf49,1m,True,3,abs,M,0.096979,0.098539,-0.0015605,0.091059,0.093968,-0.0029086,0.36778,-0.87885,0.092277,0.1505,-0.058219,0.48076,-0.30482,-0.31813,-0.2243,0.19048,11.931,64.706
716,kf49,1m,True,3,sma,W,0.088967,0.098881,-0.0099132,0.081365,0.094291,-0.012926,0.34283,-0.72709,0.055439,0.1505,-0.095056,0.29779,-0.55072,-0.35766,-0.21137,0,48.31,153.42
717,kf49,1m,True,3,sma,M,0.11187,0.098539,0.01333,0.10677,0.093968,0.012804,0.47295,-0.71704,0.099685,0.1505,-0.050811,0.53078,-0.28905,-0.36659,-0.18676,0.07619,11.931,59.875
718,kf49,1m,True,3,mkt,W,0.098583,0.098881,-0.00029788,0.092461,0.094291,-0.0018303,0.43326,-0.63785,0.073789,0.1505,-0.076706,0.42029,-0.41997,-0.2654,-0.16144,0.11429,42.015,143.61
719,kf49,1m,True,3,mkt,M,0.097286,0.098539,-0.0012533,0.094607,0.093968,0.00063934,0.43013,-0.67555,0.071456,0.1505,-0.079039,0.40329,-0.44385,-0.32964,-0.20264,0.085714,10.833,55.922
720,kf49,3m,False,1,none,W,-0.0023782,0.098881,-0.10126,-0.0068224,0.094291,-0.10111,0.081255,-0.98871,0.083883,0.1505,-0.066613,0.35575,-0.028414,-0.601,-0.48524,0.39048,20.275,40.551
721,kf49,3m,False,1,none,M,0.046314,0.098539,-0.052225,0.035092,0.093968,-0.058876,0.18361,-0.98488,0.12248,0.1505,-0.028015,0.45076,0.083466,-0.56621,-0.30427,0.4381,8.4176,16.835
722,kf49,3m,False,1,abs,W,0.01181,0.098881,-0.08707,0.0069829,0.094291,-0.087309,0.11203,-0.95013,0.077448,0.1505,-0.073047,0.33919,-0.04923,-0.601,-0.48524,0.31429,20.275,40.404
723,kf49,3m,False,1,abs,M,0.047374,0.098539,-0.051165,0.03653,0.093968,-0.057438,0.18262,-0.98116,0.099661,0.1505,-0.050834,0.39508,0.017854,-0.56621,-0.30427,0.1619,8.564,16.982
724,kf49,3m,False,1,sma,W,0.025732,0.098881,-0.073149,0.020293,0.094291,-0.073999,0.13575,-0.92083,0.11678,0.1505,-0.033714,0.44217,0.047851,-0.51632,-0.35336,0.50476,20.275,38.062
725,kf49,3m,False,1,sma,M,0.081173,0.098539,-0.017366,0.069629,0.093968,-0.024339,0.26266,-0.82155,0.1314,0.1505,-0.019091,0.47576,0.097778,-0.52585,-0.30427,0.50476,8.4176,15.957
726,kf49,3m,False,1,mkt,W,0.033044,0.098881,-0.065837,0.032934,0.094291,-0.061357,0.15012,-0.86042,0.051921,0.1505,-0.098575,0.26208,-0.18864,-0.65377,-0.54882,0.12381,18.006,33.817
727,kf49,3m,False,1,mkt,M,0.04345,0.098539,-0.055089,0.035377,0.093968,-0.058591,0.15016,-0.95659,0.041122,0.1505,-0.10937,0.22882,-0.22438,-0.69559,-0.3482,0.0095238,8.3444,15.078
728,kf49,3m,False,2,none,W,0.050049,0.098881,-0.048831,0.045647,0.094291,-0.048644,0.17608,-0.94,0.10356,0.1505,-0.046936,0.43155,-0.077235,-0.45642,-0.27506,0.15238,31.035,70.708
729,kf49,3m,False,2,none,M,0.092048,0.098539,-0.0064917,0.088129,0.093968,-0.0058384,0.31468,-0.94279,0.20132,0.1505,0.050829,0.72153,0.29229,-0.38202,-0.19471,0.95238,10.247,29.425
730,kf49,3m,False,2,abs,W,0.061125,0.098881,-0.037755,0.056432,0.094291,-0.037859,0.20955,-0.81334,0.092603,0.1505,-0.057892,0.39698,-0.12135,-0.45642,-0.27506,0.019048,30.816,69.683
731,kf49,3m,False,2,abs,M,0.093931,0.098539,-0.0046079,0.089336,0.093968,-0.0046322,0.31997,-0.92922,0.17998,0.1505,0.029488,0.66256,0.2142,-0.38202,-0.19471,0.69524,10.247,29.279
732,kf49,3m,False,2,sma,W,0.070636,0.098881,-0.028244,0.063665,0.094291,-0.030627,0.23254,-0.71013,0.11688,0.1505,-0.033613,0.48484,-0.041421,-0.40783,-0.20427,0.32381,30.962,66.389
733,kf49,3m,False,2,sma,M,0.1171,0.098539,0.018558,0.11264,0.093968,0.018669,0.4092,-0.71516,0.18839,0.1505,0.037891,0.69507,0.24163,-0.36798,-0.19471,0.80952,10.321,28.254
734,kf49,3m,False,2,mkt,W,0.07702,0.098881,-0.021861,0.075043,0.094291,-0.019249,0.27749,-0.64498,0.088791,0.1505,-0.061704,0.40352,-0.18314,-0.50311,-0.37375,0.13333,26.863,60.021
735,kf49,3m,False,2,mkt,M,0.08269,0.098539,-0.015849,0.07901,0.093968,-0.014958,0.29343,-0.88879,0.14145,0.1505,-0.0090431,0.58977,0.032421,-0.41861,-0.24112,0.4381,9.5155,25.619
736,kf49,3m,False,3,none,W,0.0876,0.098881,-0.011281,0.080113,0.094291,-0.014179,0.29229,-0.90494,0.14557,0.1505,-0.004923,0.60896,0.054495,-0.37588,-0.17108,0.60952,37.037,96.912
737,kf49,3m,False,3,none,M,0.10116,0.098539,0.0026204,0.097966,0.093968,0.0039979,0.35838,-0.87789,0.19445,0.1505,0.043956,0.76887,0.2792,-0.36478,-0.13452,0.9619,11.126,41.576
738,kf49,3m,False,3,abs,W,0.095393,0.098881,-0.0034877,0.087878,0.094291,-0.0064131,0.32448,-0.70782,0.12918,0.1505,-0.02132,0.55432,-0.024626,-0.36522,-0.17108,0.25714,36.818,95.741
739,kf49,3m,False,3,abs,M,0.10116,0.098539,0.0026159,0.09671,0.093968,0.0027419,0.3601,-0.87444,0.17555,0.1505,0.025052,0.70843,0.19227,-0.39091,-0.13834,0.81905,11.199,41.722
740,kf49,3m,False,3,sma,W,0.10464,0.098881,0.0057637,0.095539,0.094291,0.0012473,0.36156,-0.63543,0.14,0.1505,-0.010495,0.60948,0.012406,-0.36978,-0.10489,0.49524,36.891,92.154
741,kf49,3m,False,3,sma,M,0.12017,0.098539,0.021629,0.11826,0.093968,0.024292,0.45725,-0.7169,0.17469,0.1505,0.024197,0.71885,0.18296,-0.37662,-0.10982,0.72381,11.199,39.819
742,kf49,3m,False,3,mkt,W,0.10263,0.098881,0.0037471,0.09833,0.094291,0.0040388,0.3914,-0.55987,0.11752,0.1505,-0.032974,0.55533,-0.11296,-0.37788,-0.26353,0.30476,32.499,85.201
743,kf49,3m,False,3,mkt,M,0.089293,0.098539,-0.0092463,0.089092,0.093968,-0.0048757,0.35161,-0.81238,0.14365,0.1505,-0.006841,0.65505,0.0085672,-0.30611,-0.12021,0.60952,10.101,36.598
744,kf49,3m,True,1,none,W,0.088395,0.098881,-0.010485,0.078186,0.094291,-0.016106,0.28233,-0.8854,0.067281,0.1505,-0.083214,0.31049,-0.20168,-0.52248,-0.31426,0.085714,23.716,47.431
745,kf49,3m,True,1,none,M,0.097273,0.098539,-0.001266,0.084535,0.093968,-0.0094327,0.30443,-0.8932,0.19668,0.1505,0.046186,0.70851,0.2485,-0.36808,-0.14854,0.80952,9.6619,19.324
746,kf49,3m,True,1,abs,W,0.098204,0.098881,-0.00067649,0.08828,0.094291,-0.0060116,0.32236,-0.6786,0.060946,0.1505,-0.08955,0.28936,-0.2269,-0.52248,-0.31426,0.038095,23.716,47.285
747,kf49,3m,True,1,abs,M,0.104,0.098539,0.0054591,0.094788,0.093968,0.00082072,0.34419,-0.88986,0.17235,0.1505,0.021859,0.64226,0.16754,-0.36808,-0.14854,0.64762,9.8083,19.47
748,kf49,3m,True,1,sma,W,0.10631,0.098881,0.0074275,0.096765,0.094291,0.0024738,0.35517,-0.6132,0.071032,0.1505,-0.079463,0.32452,-0.19421,-0.48511,-0.26059,0.047619,23.789,46.26
749,kf49,3m,True,1,sma,M,0.12297,0.098539,0.024427,0.10971,0.093968,0.015743,0.40545,-0.67177,0.19927,0.1505,0.048775,0.72183,0.25385,-0.35789,-0.14854,0.82857,9.6619,19.031
750,kf49,3m,True,1,mkt,W,0.091194,0.098881,-0.0076865,0.084564,0.094291,-0.0097275,0.3395,-0.59602,0.058472,0.1505,-0.092024,0.28714,-0.31347,-0.38756,-0.23937,0,21.666,41.136
751,kf49,3m,True,1,mkt,M,0.088284,0.098539,-0.010255,0.084399,0.093968,-0.0095685,0.33784,-0.67764,0.11034,0.1505,-0.040153,0.48756,-0.095293,-0.45097,-0.19657,0.27619,9.1495,16.689
752,kf49,3m,True,2,none,W,0.093929,0.098881,-0.0049516,0.085091,0.094291,-0.0092007,0.31618,-0.85961,0.083244,0.1505,-0.067252,0.3916,-0.26825,-0.43391,-0.15898,0.07619,32.792,77.003
753,kf49,3m,True,2,none,M,0.11186,0.098539,0.013317,0.10472,0.093968,0.010751,0.39691,-0.90283,0.1556,0.1505,0.0051036,0.66993,0.083197,-0.37542,-0.1257,0.86667,11.419,34.256
754,kf49,3m,True,2,abs,W,0.10357,0.098881,0.0046852,0.094011,0.094291,-0.00028081,0.36965,-0.62807,0.071207,0.1505,-0.079288,0.34353,-0.32298,-0.44598,-0.17062,0.07619,32.499,75.978
755,kf49,3m,True,2,abs,M,0.12205,0.098539,0.023513,0.11368,0.093968,0.019715,0.45622,-0.86135,0.12994,0.1505,-0.020559,0.58051,-0.043671,-0.37542,-0.1257,0.58095,11.419,34.256
756,kf49,3m,True,2,sma,W,0.10241,0.098881,0.0035325,0.092095,0.094291,-0.0021968,0.36598,-0.59193,0.078061,0.1505,-0.072434,0.37598,-0.30054,-0.4211,-0.15885,0.057143,32.646,74.221
757,kf49,3m,True,2,sma,M,0.13315,0.098539,0.034615,0.12372,0.093968,0.029747,0.51146,-0.65697,0.1535,0.1505,0.0030069,0.6734,0.067038,-0.35632,-0.07933,0.82857,11.492,33.378
758,kf49,3m,True,2,mkt,W,0.093928,0.098881,-0.0049531,0.088343,0.094291,-0.0059482,0.39098,-0.53253,0.069113,0.1505,-0.081383,0.36383,-0.38425,-0.29277,-0.16895,0,29.059,67.194
759,kf49,3m,True,2,mkt,M,0.1003,0.098539,0.0017559,0.095024,0.093968,0.0010564,0.42287,-0.64244,0.091851,0.1505,-0.058644,0.47805,-0.27689,-0.41871,-0.23177,0.32381,10.613,30.303
760,kf49,3m,True,3,none,W,0.096658,0.098881,-0.0022225,0.090383,0.094291,-0.0039084,0.34971,-0.87295,0.098488,0.1505,-0.052007,0.48139,-0.26293,-0.40152,-0.18043,0.07619,39.819,108.04
761,kf49,3m,True,3,none,M,0.13048,0.098539,0.031944,0.12372,0.093968,0.029753,0.49462,-0.85907,0.14098,0.1505,-0.0095124,0.65577,-0.011378,-0.37319,-0.048991,0.75238,11.711,46.846
762,kf49,3m,True,3,abs,W,0.10638,0.098881,0.0074999,0.099728,0.094291,0.0054363,0.41698,-0.63339,0.085798,0.1505,-0.064697,0.42879,-0.32832,-0.41158,-0.18965,0.07619,39.526,106.43
763,kf49,3m,True,3,abs,M,0.13225,0.098539,0.033706,0.12373,0.093968,0.029761,0.53232,-0.81782,0.11878,0.1505,-0.031716,0.56969,-0.14296,-0.37319,-0.048991,0.33333,11.711,46.699
764,kf49,3m,True,3,sma,W,0.11121,0.098881,0.012326,0.10479,0.094291,0.010499,0.45,-0.58135,0.095167,0.1505,-0.055329,0.47921,-0.28337,-0.3851,-0.12305,0.066667,39.526,103.35
765,kf49,3m,True,3,sma,M,0.1404,0.098539,0.041861,0.13348,0.093968,0.039517,0.58842,-0.63277,0.13877,0.1505,-0.011723,0.65997,-0.031462,-0.37319,-0.032686,0.69524,11.711,45.382
766,kf49,3m,True,3,mkt,W,0.098814,0.098881,-6.6902e-05,0.094698,0.094291,0.00040654,0.44752,-0.48464,0.093263,0.1505,-0.057232,0.52294,-0.31081,-0.28365,-0.16533,0.019048,34.768,94.277
767,kf49,3m,True,3,mkt,M,0.11124,0.098539,0.012698,0.10607,0.093968,0.0121,0.50631,-0.61862,0.096852,0.1505,-0.053643,0.53164,-0.29111,-0.29746,-0.13384,0.15238,10.687,42.015
768,kf49,6m,False,1,none,W,0.031642,0.098881,-0.067238,0.022404,0.094291,-0.071888,0.14507,-0.9817,0.12772,0.1505,-0.022776,0.46529,0.10295,-0.58207,-0.20381,0.21905,13.468,26.936
769,kf49,6m,False,1,none,M,0.070477,0.098539,-0.028062,0.057727,0.093968,-0.036241,0.23818,-0.98509,0.11359,0.1505,-0.036903,0.43129,0.069165,-0.63269,-0.18233,0.49524,5.8557,11.711
770,kf49,6m,False,1,abs,W,0.03546,0.098881,-0.063421,0.030495,0.094291,-0.063797,0.16231,-0.97382,0.11924,0.1505,-0.031254,0.44553,0.078427,-0.58207,-0.20381,0.19048,13.541,26.936
771,kf49,6m,False,1,abs,M,0.074586,0.098539,-0.023953,0.062025,0.093968,-0.031943,0.24679,-0.98536,0.11359,0.1505,-0.036903,0.43129,0.069165,-0.63269,-0.18233,0.49524,5.8557,11.711
772,kf49,6m,False,1,sma,W,0.034303,0.098881,-0.064578,0.026911,0.094291,-0.067381,0.14838,-0.95857,0.12037,0.1505,-0.030128,0.44828,0.081217,-0.57629,-0.20381,0.19048,13.541,26.79
773,kf49,6m,False,1,sma,M,0.083871,0.098539,-0.014668,0.070662,0.093968,-0.023305,0.26869,-0.97465,0.11359,0.1505,-0.036903,0.43129,0.069165,-0.63269,-0.18233,0.49524,5.8557,11.711
774,kf49,6m,False,1,mkt,W,0.046481,0.098881,-0.0524,0.041803,0.094291,-0.052488,0.1691,-0.9473,0.090509,0.1505,-0.059987,0.37861,-0.067956,-0.61825,-0.20807,0.038095,12.59,22.984
775,kf49,6m,False,1,mkt,M,0.068936,0.098539,-0.029603,0.062538,0.093968,-0.03143,0.23685,-0.9885,0.07761,0.1505,-0.072885,0.34001,-0.10993,-0.66966,-0.20345,0.32381,6.2217,10.833
776,kf49,6m,False,2,none,W,0.067942,0.098881,-0.030939,0.055312,0.094291,-0.03898,0.20719,-0.95469,0.19934,0.1505,0.048843,0.70933,0.28283,-0.49109,-0.18845,0.77143,23.13,49.042
777,kf49,6m,False,2,none,M,0.12517,0.098539,0.026635,0.11222,0.093968,0.018256,0.39175,-0.94244,0.20218,0.1505,0.051681,0.69344,0.30252,-0.51375,-0.16833,0.8381,8.2712,20.056
778,kf49,6m,False,2,abs,W,0.075683,0.098881,-0.023198,0.066215,0.094291,-0.028077,0.24271,-0.9149,0.18771,0.1505,0.037217,0.6785,0.23893,-0.49584,-0.18845,0.74286,23.203,48.895
779,kf49,6m,False,2,abs,M,0.12693,0.098539,0.028388,0.1149,0.093968,0.020934,0.40402,-0.9437,0.20218,0.1505,0.051681,0.69344,0.30252,-0.51375,-0.16833,0.8381,8.2712,20.056
780,kf49,6m,False,2,sma,W,0.074255,0.098881,-0.024626,0.062344,0.094291,-0.031948,0.22883,-0.89778,0.17441,0.1505,0.023912,0.6434,0.18924,-0.50392,-0.18845,0.70476,23.496,48.456
781,kf49,6m,False,2,sma,M,0.13809,0.098539,0.039548,0.12586,0.093968,0.031888,0.44114,-0.86822,0.19,0.1505,0.039509,0.66538,0.26201,-0.51375,-0.16833,0.77143,8.4908,20.056
782,kf49,6m,False,2,mkt,W,0.078702,0.098881,-0.020179,0.070539,0.094291,-0.023752,0.26028,-0.83787,0.12367,0.1505,-0.02683,0.52831,-0.038073,-0.49374,-0.19549,0.50476,21.007,43.625
783,kf49,6m,False,2,mkt,M,0.10208,0.098539,0.0035361,0.095291,0.093968,0.001323,0.35446,-0.93906,0.090384,0.1505,-0.060112,0.39845,-0.15337,-0.61248,-0.26831,0.32381,8.1248,18.885
784,kf49,6m,False,3,none,W,0.11288,0.098881,0.014004,0.098534,0.094291,0.0042429,0.36193,-0.88866,0.13738,0.1505,-0.013116,0.56124,0.034527,-0.5281,-0.18183,0.44762,29.645,67.487
785,kf49,6m,False,3,none,M,0.14679,0.098539,0.048246,0.13198,0.093968,0.038016,0.47848,-0.83778,0.18763,0.1505,0.037131,0.7046,0.25827,-0.39105,-0.14642,0.71429,10.613,30.889
786,kf49,6m,False,3,abs,W,0.12055,0.098881,0.021665,0.10822,0.094291,0.013933,0.40521,-0.81163,0.12566,0.1505,-0.024836,0.52388,-0.020842,-0.52753,-0.18183,0.40952,29.864,67.633
787,kf49,6m,False,3,abs,M,0.14662,0.098539,0.048079,0.13399,0.093968,0.040019,0.49493,-0.83566,0.18668,0.1505,0.036187,0.70183,0.25423,-0.39105,-0.14642,0.70476,10.613,30.742
788,kf49,6m,False,3,sma,W,0.11988,0.098881,0.021001,0.10797,0.094291,0.013677,0.40642,-0.79842,0.12473,0.1505,-0.025761,0.52285,-0.027011,-0.51819,-0.18476,0.4,30.011,66.609
789,kf49,6m,False,3,sma,M,0.15543,0.098539,0.056895,0.14165,0.093968,0.047677,0.52514,-0.74925,0.17212,0.1505,0.021621,0.65964,0.19236,-0.40003,-0.14642,0.62857,10.687,30.742
790,kf49,6m,False,3,mkt,W,0.11442,0.098881,0.015536,0.10373,0.094291,0.0094337,0.4178,-0.66903,0.091222,0.1505,-0.059274,0.43219,-0.22038,-0.43088,-0.18091,0.34286,25.985,60.021
791,kf49,6m,False,3,mkt,M,0.11842,0.098539,0.019877,0.11081,0.093968,0.016839,0.43918,-0.83426,0.095046,0.1505,-0.055449,0.43938,-0.19116,-0.50218,-0.16655,0.39048,9.7351,28.547
792,kf49,6m,True,1,none,W,0.095398,0.098881,-0.0034825,0.089119,0.094291,-0.0051725,0.32141,-0.86838,0.055726,0.1505,-0.09477,0.27455,-0.21575,-0.70553,-0.35571,0.48571,16.689,33.378
793,kf49,6m,True,1,none,M,0.112,0.098539,0.013464,0.10679,0.093968,0.012824,0.37489,-0.77815,0.18701,0.1505,0.036517,0.68491,0.22812,-0.39529,-0.080957,0.93333,6.6609,13.322
794,kf49,6m,True,1,abs,W,0.10383,0.098881,0.0049531,0.10144,0.094291,0.0071497,0.37316,-0.83462,0.047788,0.1505,-0.10271,0.24834,-0.24555,-0.70553,-0.35571,0.42857,16.762,33.378
795,kf49,6m,True,1,abs,M,0.10213,0.098539,0.0035947,0.095302,0.093968,0.0013343,0.34759,-0.79132,0.18701,0.1505,0.036517,0.68491,0.22812,-0.39529,-0.080957,0.93333,6.6609,13.322
796,kf49,6m,True,1,sma,W,0.094682,0.098881,-0.0041985,0.087741,0.094291,-0.0065504,0.32245,-0.76056,0.04875,0.1505,-0.10175,0.25152,-0.24211,-0.70182,-0.34759,0.4381,16.835,33.378
797,kf49,6m,True,1,sma,M,0.10754,0.098539,0.0090037,0.10036,0.093968,0.0063949,0.36585,-0.76752,0.18701,0.1505,0.036517,0.68491,0.22812,-0.39529,-0.080957,0.93333,6.6609,13.322
798,kf49,6m,True,1,mkt,W,0.10511,0.098881,0.00623,0.098818,0.094291,0.0045269,0.42243,-0.69633,0.040089,0.1505,-0.11041,0.20984,-0.37323,-0.59945,-0.2779,0.038095,15.152,28.107
799,kf49,6m,True,1,mkt,M,0.082496,0.098539,-0.016043,0.081383,0.093968,-0.012585,0.32211,-0.81472,0.10629,0.1505,-0.044209,0.47225,-0.11106,-0.44927,-0.10362,0.25714,6.6609,11.711
800,kf49,6m,True,2,none,W,0.10604,0.098881,0.0071599,0.096805,0.094291,0.0025132,0.36667,-0.90378,0.15852,0.1505,0.0080274,0.66976,0.10095,-0.40215,-0.039711,0.6381,26.863,60.899
801,kf49,6m,True,2,none,M,0.11661,0.098539,0.018066,0.10495,0.093968,0.010981,0.39614,-0.91302,0.20102,0.1505,0.050522,0.80318,0.29872,-0.39242,-0.075291,0.94286,9.8815,25.326
802,kf49,6m,True,2,abs,W,0.11247,0.098881,0.01359,0.10635,0.094291,0.012058,0.429,-0.77349,0.14732,0.1505,-0.0031796,0.63313,0.047293,-0.42189,-0.039711,0.42857,27.009,60.899
803,kf49,6m,True,2,abs,M,0.11687,0.098539,0.018331,0.10558,0.093968,0.011614,0.41918,-0.86277,0.20102,0.1505,0.050522,0.80318,0.29872,-0.39242,-0.075291,0.94286,9.8815,25.326
804,kf49,6m,True,2,sma,W,0.11203,0.098881,0.01315,0.10339,0.094291,0.0091011,0.41546,-0.78393,0.14753,0.1505,-0.0029629,0.6381,0.045009,-0.39243,-0.039711,0.47619,26.936,60.46
805,kf49,6m,True,2,sma,M,0.1252,0.098539,0.026659,0.1139,0.093968,0.01993,0.45569,-0.80125,0.19513,0.1505,0.044639,0.78351,0.27111,-0.39242,-0.075291,0.92381,9.9547,25.326
806,kf49,6m,True,2,mkt,W,0.10606,0.098881,0.0071794,0.097944,0.094291,0.003653,0.45232,-0.63383,0.095986,0.1505,-0.05451,0.48925,-0.23825,-0.3484,-0.11753,0.019048,24.74,54.605
807,kf49,6m,True,2,mkt,M,0.097826,0.098539,-0.0007135,0.093311,0.093968,-0.00065667,0.40756,-0.79451,0.12175,0.1505,-0.028746,0.59168,-0.1053,-0.29069,-0.075291,0.28571,9.4423,22.984
808,kf49,6m,True,3,none,W,0.12187,0.098881,0.022994,0.11488,0.094291,0.020591,0.45801,-0.84351,0.14344,0.1505,-0.0070597,0.65676,0.0082265,-0.37701,-0.017676,0.46667,34.329,82.126
809,kf49,6m,True,3,none,M,0.1359,0.098539,0.03736,0.12581,0.093968,0.031847,0.50089,-0.80347,0.16525,0.1505,0.014756,0.72881,0.13604,-0.39415,-0.066408,0.94286,10.979,34.841
810,kf49,6m,True,3,abs,W,0.12993,0.098881,0.031048,0.12383,0.094291,0.029535,0.54047,-0.68849,0.13042,0.1505,-0.020076,0.60824,-0.065601,-0.39075,-0.017676,0.14286,34.768,82.712
811,kf49,6m,True,3,abs,M,0.12826,0.098539,0.029719,0.1198,0.093968,0.025836,0.50476,-0.81716,0.16001,0.1505,0.0095178,0.70893,0.10754,-0.39415,-0.066408,0.90476,10.979,34.841
812,kf49,6m,True,3,sma,W,0.12967,0.098881,0.030785,0.12125,0.094291,0.026963,0.52723,-0.69426,0.13475,0.1505,-0.015745,0.63175,-0.044663,-0.33983,-0.017675,0.20952,34.768,82.126
813,kf49,6m,True,3,sma,M,0.13722,0.098539,0.038677,0.12763,0.093968,0.033666,0.54313,-0.74376,0.15644,0.1505,0.0059408,0.69572,0.086554,-0.39415,-0.066408,0.8381,10.979,34.841
814,kf49,6m,True,3,mkt,W,0.121,0.098881,0.022116,0.11383,0.094291,0.019535,0.57113,-0.52042,0.096244,0.1505,-0.054251,0.52789,-0.28417,-0.29071,-0.14932,0,30.523,74.221
815,kf49,6m,True,3,mkt,M,0.10712,0.098539,0.0085778,0.10347,0.093968,0.0095,0.47843,-0.74221,0.10681,0.1505,-0.04369,0.57252,-0.22383,-0.20667,-0.10891,0.2381,10.174,32.353
816,kf49,12m,False,1,none,W,0.17878,0.098881,0.079896,0.15767,0.094291,0.063375,0.4812,-0.88377,0.12323,0.1505,-0.027269,0.45435,0.080595,-0.61222,-0.25053,0.51429,11.053,22.105
817,kf49,12m,False,1,none,M,0.19049,0.098539,0.091954,0.16076,0.093968,0.066792,0.49165,-0.88316,0.11245,0.1505,-0.038042,0.42782,0.053301,-0.52106,-0.24749,0.51429,4.0258,8.0516
818,kf49,12m,False,1,abs,W,0.16875,0.098881,0.06987,0.1543,0.094291,0.060008,0.47634,-0.88045,0.12323,0.1505,-0.027269,0.45435,0.080595,-0.61222,-0.25053,0.51429,11.053,22.105
819,kf49,12m,False,1,abs,M,0.18905,0.098539,0.090507,0.16636,0.093968,0.072389,0.50792,-0.86303,0.11245,0.1505,-0.038042,0.42782,0.053301,-0.52106,-0.24749,0.51429,4.0258,8.0516
820,kf49,12m,False,1,sma,W,0.16149,0.098881,0.062613,0.14558,0.094291,0.051291,0.46099,-0.78523,0.077558,0.1505,-0.072937,0.339,-0.054839,-0.62414,-0.25053,0.40952,11.638,21.813
821,kf49,12m,False,1,sma,M,0.17619,0.098539,0.077656,0.15231,0.093968,0.058344,0.47938,-0.81086,0.1031,0.1505,-0.047399,0.40475,0.023177,-0.53115,-0.24749,0.51429,4.3186,8.198
822,kf49,12m,False,1,mkt,W,0.16207,0.098881,0.063189,0.15228,0.094291,0.057988,0.50979,-0.82737,0.0055679,0.1505,-0.14493,0.11034,-0.36141,-0.61466,-0.25053,0.22857,11.785,21.373
823,kf49,12m,False,1,mkt,M,0.13702,0.098539,0.038476,0.12919,0.093968,0.035225,0.43912,-0.84104,0.0013246,0.1505,-0.14917,0.096785,-0.37899,-0.64707,-0.26654,0.11429,5.1237,8.6372
824,kf49,12m,False,2,none,W,0.18794,0.098881,0.089058,0.16958,0.094291,0.075284,0.56832,-0.81076,0.13798,0.1505,-0.012514,0.54048,0.057104,-0.34927,-0.15543,0.52381,17.494,36.452
825,kf49,12m,False,2,none,M,0.1912,0.098539,0.092665,0.17151,0.093968,0.077538,0.57121,-0.83935,0.14714,0.1505,-0.0033513,0.55615,0.10389,-0.383,-0.18621,0.57143,7.0269,16.103
826,kf49,12m,False,2,abs,W,0.17456,0.098881,0.07568,0.16286,0.094291,0.068569,0.55884,-0.8406,0.13411,0.1505,-0.016388,0.52877,0.041199,-0.34927,-0.15543,0.52381,17.567,36.452
827,kf49,12m,False,2,abs,M,0.1862,0.098539,0.087659,0.17204,0.093968,0.078077,0.58033,-0.82289,0.14714,0.1505,-0.0033513,0.55615,0.10389,-0.383,-0.18621,0.57143,7.0269,16.103
828,kf49,12m,False,2,sma,W,0.16365,0.098881,0.064771,0.15335,0.094291,0.059057,0.54678,-0.73094,0.08903,0.1505,-0.061466,0.38775,-0.15106,-0.39362,-0.1265,0.4,18.665,36.305
829,kf49,12m,False,2,sma,M,0.17681,0.098539,0.078275,0.16316,0.093968,0.069191,0.57307,-0.77236,0.12457,0.1505,-0.025922,0.49225,0.013538,-0.41204,-0.16173,0.44762,7.5392,16.689
830,kf49,12m,False,2,mkt,W,0.15564,0.098881,0.05676,0.14713,0.094291,0.05284,0.57253,-0.68025,0.049056,0.1505,-0.10144,0.24654,-0.3631,-0.3762,-0.16608,0.028571,17.128,35.427
831,kf49,12m,False,2,mkt,M,0.14578,0.098539,0.047242,0.14043,0.093968,0.046467,0.53359,-0.75466,0.048335,0.1505,-0.10216,0.24333,-0.34394,-0.49065,-0.17183,0.085714,7.1732,16.396
832,kf49,12m,False,3,none,W,0.17803,0.098881,0.079152,0.1621,0.094291,0.067806,0.57751,-0.78486,0.1727,0.1505,0.022207,0.68746,0.18851,-0.29241,-0.11273,0.64762,22.179,48.31
833,kf49,12m,False,3,none,M,0.17979,0.098539,0.081252,0.16641,0.093968,0.072442,0.59738,-0.8173,0.17081,0.1505,0.020311,0.66892,0.18655,-0.33893,-0.14025,0.65714,7.9052,21.081
834,kf49,12m,False,3,abs,W,0.16824,0.098881,0.069355,0.15683,0.094291,0.062537,0.57463,-0.82918,0.1632,0.1505,0.012709,0.65705,0.14335,-0.29266,-0.11273,0.6,22.325,48.602
835,kf49,12m,False,3,abs,M,0.1726,0.098539,0.074057,0.16265,0.093968,0.06868,0.59691,-0.81653,0.17081,0.1505,0.020311,0.66892,0.18655,-0.33893,-0.14025,0.65714,7.9052,21.081
836,kf49,12m,False,3,sma,W,0.16966,0.098881,0.070782,0.15695,0.094291,0.062662,0.60079,-0.61834,0.12862,0.1505,-0.021875,0.55417,-0.029893,-0.28579,-0.095203,0.41905,23.642,48.017
837,kf49,12m,False,3,sma,M,0.17355,0.098539,0.075008,0.16225,0.093968,0.068281,0.61942,-0.73783,0.13486,0.1505,-0.015632,0.56149,0.012778,-0.33793,-0.10636,0.45714,8.6372,21.886
838,kf49,12m,False,3,mkt,W,0.15513,0.098881,0.056247,0.14677,0.094291,0.052479,0.61919,-0.54771,0.09151,0.1505,-0.058986,0.43909,-0.23185,-0.2986,-0.12532,0.038095,20.349,46.114
839,kf49,12m,False,3,mkt,M,0.13441,0.098539,0.035871,0.13132,0.093968,0.037351,0.53539,-0.72113,0.073901,0.1505,-0.076594,0.35553,-0.30293,-0.40064,-0.1516,0.085714,7.9052,21.959
840,kf49,12m,True,1,none,W,0.15758,0.098881,0.058702,0.1339,0.094291,0.039605,0.45157,-0.93543,0.12347,0.1505,-0.027027,0.47708,0.028886,-0.35732,-0.12391,0.27619,14.566,29.132
841,kf49,12m,True,1,none,M,0.15067,0.098539,0.052131,0.1382,0.093968,0.044227,0.46991,-0.90512,0.17415,0.1505,0.023652,0.62131,0.20181,-0.33487,-0.082797,0.71429,6.0021,12.004
842,kf49,12m,True,1,abs,W,0.15967,0.098881,0.060787,0.14705,0.094291,0.052755,0.52418,-0.83098,0.12347,0.1505,-0.027027,0.47708,0.028886,-0.35732,-0.12391,0.27619,14.566,29.132
843,kf49,12m,True,1,abs,M,0.15817,0.098539,0.059634,0.14786,0.093968,0.053894,0.532,-0.80098,0.17415,0.1505,0.023652,0.62131,0.20181,-0.33487,-0.082797,0.71429,6.0021,12.004
844,kf49,12m,True,1,sma,W,0.1642,0.098881,0.065323,0.14956,0.094291,0.055266,0.54845,-0.80949,0.12092,0.1505,-0.029573,0.47165,0.017164,-0.35732,-0.12391,0.22857,14.639,28.693
845,kf49,12m,True,1,sma,M,0.15766,0.098539,0.059118,0.14762,0.093968,0.053648,0.54472,-0.77705,0.16486,0.1505,0.014366,0.59599,0.17011,-0.39259,-0.082797,0.67619,6.0021,11.858
846,kf49,12m,True,1,mkt,W,0.14805,0.098881,0.049164,0.14209,0.094291,0.047794,0.62453,-0.78181,0.041037,0.1505,-0.10946,0.21475,-0.35826,-0.43239,-0.17176,0,14.493,26.79
847,kf49,12m,True,1,mkt,M,0.13213,0.098539,0.033593,0.13012,0.093968,0.036152,0.55571,-0.73977,0.066224,0.1505,-0.084272,0.31316,-0.25967,-0.44842,-0.19084,0.22857,6.3681,11.126
848,kf49,12m,True,2,none,W,0.16573,0.098881,0.066853,0.14672,0.094291,0.052427,0.5492,-0.85639,0.16506,0.1505,0.014568,0.68105,0.1374,-0.29371,-0.074856,0.65714,22.325,48.31
849,kf49,12m,True,2,none,M,0.17296,0.098539,0.074422,0.15934,0.093968,0.065368,0.6023,-0.77687,0.19358,0.1505,0.043085,0.77928,0.26788,-0.29107,-0.093755,0.72381,8.0516,19.324
850,kf49,12m,True,2,abs,W,0.15584,0.098881,0.05696,0.14244,0.094291,0.048144,0.57211,-0.77223,0.16037,0.1505,0.0098742,0.66648,0.11468,-0.29371,-0.074856,0.60952,22.398,48.31
851,kf49,12m,True,2,abs,M,0.16233,0.098539,0.063795,0.15205,0.093968,0.058078,0.60592,-0.76943,0.19358,0.1505,0.043085,0.77928,0.26788,-0.29107,-0.093755,0.72381,8.0516,19.324
852,kf49,12m,True,2,sma,W,0.15938,0.098881,0.060498,0.14989,0.094291,0.055601,0.62696,-0.68397,0.13633,0.1505,-0.014163,0.59065,-0.00095057,-0.29835,-0.074856,0.46667,22.984,47.578
853,kf49,12m,True,2,sma,M,0.16593,0.098539,0.067392,0.15855,0.093968,0.064587,0.66019,-0.70313,0.1719,0.1505,0.021409,0.70636,0.16849,-0.29107,-0.10503,0.57143,8.2712,19.324
854,kf49,12m,True,2,mkt,W,0.14136,0.098881,0.042476,0.13398,0.094291,0.03969,0.64926,-0.70051,0.070278,0.1505,-0.080217,0.364,-0.37444,-0.30742,-0.1155,0,20.934,44.65
855,kf49,12m,True,2,mkt,M,0.13315,0.098539,0.03461,0.1306,0.093968,0.036627,0.61896,-0.72275,0.086748,0.1505,-0.063747,0.43687,-0.28733,-0.30231,-0.17067,0.28571,8.3444,19.47
856,kf49,12m,True,3,none,W,0.15549,0.098881,0.05661,0.13894,0.094291,0.044644,0.54584,-0.80154,0.15583,0.1505,0.0053345,0.69202,0.08271,-0.29047,-0.15209,0.48571,27.302,61.778
857,kf49,12m,True,3,none,M,0.17066,0.098539,0.072118,0.15591,0.093968,0.061939,0.62088,-0.73414,0.19749,0.1505,0.046994,0.85197,0.3084,-0.29306,-0.025712,0.8,9.6619,26.936
858,kf49,12m,True,3,abs,W,0.14893,0.098881,0.050045,0.13704,0.094291,0.042746,0.58869,-0.74405,0.14668,0.1505,-0.0038187,0.65829,0.032145,-0.29223,-0.15792,0.39048,27.449,62.071
859,kf49,12m,True,3,abs,M,0.16044,0.098539,0.061897,0.1499,0.093968,0.055935,0.63589,-0.78506,0.19748,0.1505,0.046985,0.85194,0.30835,-0.29306,-0.025712,0.8,9.6619,26.936
860,kf49,12m,True,3,sma,W,0.15296,0.098881,0.054083,0.14276,0.094291,0.048467,0.64041,-0.57917,0.12598,0.1505,-0.024518,0.59245,-0.089778,-0.28856,-0.14822,0.10476,28.034,61.631
861,kf49,12m,True,3,sma,M,0.16657,0.098539,0.068028,0.1575,0.093968,0.063531,0.69835,-0.71558,0.17653,0.1505,0.026038,0.789,0.18186,-0.25569,-0.025712,0.61905,9.8083,27.229
862,kf49,12m,True,3,mkt,W,0.14093,0.098881,0.04205,0.13333,0.094291,0.039042,0.68944,-0.43483,0.077867,0.1505,-0.072629,0.42632,-0.3908,-0.33638,-0.14132,0,25.033,58.118
863,kf49,12m,True,3,mkt,M,0.13198,0.098539,0.033444,0.12842,0.093968,0.034453,0.63195,-0.70243,0.099549,0.1505,-0.050946,0.53708,-0.27429,-0.23655,-0.070355,0.066667,9.2227,26.936
864,kf49,12-1,False,1,none,W,0.21805,0.098881,0.11917,0.19889,0.094291,0.1046,0.58303,-0.85336,0.1587,0.1505,0.0082092,0.53759,0.18771,-0.48352,-0.15377,0.6381,9.8083,19.617
865,kf49,12-1,False,1,none,M,0.1898,0.098539,0.091265,0.16704,0.093968,0.073073,0.51318,-0.92985,0.16508,0.1505,0.014588,0.55499,0.20254,-0.39712,-0.23249,0.61905,4.2454,8.4908
866,kf49,12-1,False,1,abs,W,0.20468,0.098881,0.1058,0.18785,0.094291,0.09356,0.56248,-0.86739,0.15615,0.1505,0.0056585,0.53159,0.18072,-0.48352,-0.15377,0.62857,9.9547,19.763
867,kf49,12-1,False,1,abs,M,0.18646,0.098539,0.087917,0.16428,0.093968,0.070315,0.51048,-0.90965,0.16508,0.1505,0.014588,0.55499,0.20254,-0.39712,-0.23249,0.61905,4.2454,8.4908
868,kf49,12-1,False,1,sma,W,0.17572,0.098881,0.076844,0.16052,0.094291,0.066231,0.51096,-0.73388,0.077812,0.1505,-0.072684,0.33962,-0.061206,-0.56095,-0.151,0.41905,11.272,19.47
869,kf49,12-1,False,1,sma,M,0.17495,0.098539,0.076408,0.15532,0.093968,0.061352,0.50092,-0.84377,0.1468,0.1505,-0.0036906,0.51418,0.1463,-0.44001,-0.23249,0.5619,4.7578,8.4908
870,kf49,12-1,False,1,mkt,W,0.18016,0.098881,0.081281,0.16856,0.094291,0.074267,0.57275,-0.71387,0.032672,0.1505,-0.11782,0.19951,-0.26972,-0.59715,-0.20397,0.18095,10.321,18.445
871,kf49,12-1,False,1,mkt,M,0.14979,0.098539,0.051253,0.14042,0.093968,0.046451,0.4857,-0.8115,0.046912,0.1505,-0.10358,0.24483,-0.2236,-0.57741,-0.23065,0.0095238,5.3433,9.0764
872,kf49,12-1,False,2,none,W,0.19859,0.098881,0.099713,0.18707,0.094291,0.092778,0.61978,-0.80071,0.13548,0.1505,-0.01502,0.5088,0.07983,-0.5488,-0.21388,0.54286,19.763,40.697
873,kf49,12-1,False,2,none,M,0.18285,0.098539,0.084314,0.16651,0.093968,0.072546,0.56217,-0.85181,0.1787,0.1505,0.028204,0.64582,0.22483,-0.40599,-0.20338,0.67619,6.8805,15.225
874,kf49,12-1,False,2,abs,W,0.18395,0.098881,0.085071,0.17355,0.094291,0.07926,0.5893,-0.85371,0.13195,0.1505,-0.018545,0.49876,0.067306,-0.5488,-0.21388,0.52381,19.836,40.697
875,kf49,12-1,False,2,abs,M,0.17199,0.098539,0.073455,0.15645,0.093968,0.062487,0.53747,-0.87937,0.1787,0.1505,0.028204,0.64582,0.22483,-0.40599,-0.20338,0.67619,6.8805,15.225
876,kf49,12-1,False,2,sma,W,0.18149,0.098881,0.08261,0.16873,0.094291,0.07444,0.61279,-0.68217,0.083144,0.1505,-0.067351,0.36121,-0.14016,-0.50265,-0.16667,0.38095,21.52,39.672
877,kf49,12-1,False,2,sma,M,0.17924,0.098539,0.080704,0.16406,0.093968,0.070097,0.59697,-0.78514,0.15437,0.1505,0.0038718,0.59555,0.11211,-0.36365,-0.13103,0.54286,7.2464,14.932
878,kf49,12-1,False,2,mkt,W,0.17655,0.098881,0.077666,0.16474,0.094291,0.07045,0.65283,-0.5025,0.037695,0.1505,-0.1128,0.20078,-0.39707,-0.55669,-0.24047,0,18.738,38.648
879,kf49,12-1,False,2,mkt,M,0.1421,0.098539,0.04356,0.13341,0.093968,0.03944,0.52054,-0.74674,0.066489,0.1505,-0.084007,0.31483,-0.2764,-0.43097,-0.18751,0.047619,7.1001,15.664
880,kf49,12-1,False,3,none,W,0.18698,0.098881,0.088101,0.17454,0.094291,0.080247,0.62121,-0.77492,0.16627,0.1505,0.015771,0.65156,0.17256,-0.34406,-0.16193,0.68571,24.301,52.116
881,kf49,12-1,False,3,none,M,0.17939,0.098539,0.08085,0.16381,0.093968,0.069846,0.58537,-0.82075,0.1544,0.1505,0.0038995,0.61135,0.12119,-0.41295,-0.14767,0.59048,8.4176,21.813
882,kf49,12-1,False,3,abs,W,0.1738,0.098881,0.074917,0.16495,0.094291,0.070655,0.60289,-0.82657,0.15918,0.1505,0.008686,0.63118,0.13989,-0.37555,-0.16193,0.64762,24.448,52.262
883,kf49,12-1,False,3,abs,M,0.16961,0.098539,0.071067,0.1559,0.093968,0.061932,0.5707,-0.83048,0.15313,0.1505,0.0026375,0.60721,0.11541,-0.42166,-0.14767,0.59048,8.4176,21.666
884,kf49,12-1,False,3,sma,W,0.17003,0.098881,0.071152,0.15629,0.094291,0.062002,0.62277,-0.60426,0.11382,0.1505,-0.036675,0.49951,-0.10055,-0.29531,-0.14853,0.39048,26.57,51.53
885,kf49,12-1,False,3,sma,M,0.17284,0.098539,0.074296,0.15927,0.093968,0.065304,0.62143,-0.71717,0.13422,0.1505,-0.016275,0.57246,-0.0025987,-0.27278,-0.10127,0.45714,9.1495,22.544
886,kf49,12-1,False,3,mkt,W,0.16024,0.098881,0.061359,0.1513,0.094291,0.05701,0.64867,-0.44198,0.073697,0.1505,-0.076799,0.35998,-0.31535,-0.32772,-0.22097,0.15238,22.105,49.188
887,kf49,12-1,False,3,mkt,M,0.13358,0.098539,0.035042,0.12748,0.093968,0.033516,0.528,-0.6944,0.05707,0.1505,-0.093425,0.28481,-0.39696,-0.40476,-0.14342,0.0095238,8.4176,22.984
888,kf49,12-1,True,1,none,W,0.16047,0.098881,0.061587,0.1486,0.094291,0.054311,0.4933,-0.92636,0.2272,0.1505,0.076701,0.75566,0.36601,-0.32773,-0.093965,0.70476,15.225,30.45
889,kf49,12-1,True,1,none,M,0.15901,0.098539,0.060474,0.14289,0.093968,0.048922,0.48077,-0.92057,0.22937,0.1505,0.078879,0.77244,0.38097,-0.32345,-0.11938,0.80952,6.5145,13.029
890,kf49,12-1,True,1,abs,W,0.15804,0.098881,0.059157,0.15017,0.094291,0.055883,0.53909,-0.75088,0.2245,0.1505,0.074,0.74865,0.35775,-0.32773,-0.093965,0.68571,15.371,30.596
891,kf49,12-1,True,1,abs,M,0.16471,0.098539,0.066167,0.15181,0.093968,0.057841,0.53931,-0.81356,0.22937,0.1505,0.078879,0.77244,0.38097,-0.32345,-0.11938,0.80952,6.5145,13.029
892,kf49,12-1,True,1,sma,W,0.15711,0.098881,0.058231,0.15232,0.094291,0.058032,0.57371,-0.67468,0.17024,0.1505,0.019746,0.6138,0.18009,-0.33371,-0.10077,0.6381,15.518,29.718
893,kf49,12-1,True,1,sma,M,0.15405,0.098539,0.055515,0.14585,0.093968,0.051881,0.54469,-0.74867,0.2083,0.1505,0.057802,0.71993,0.3126,-0.37119,-0.11938,0.68571,6.6609,12.883
894,kf49,12-1,True,1,mkt,W,0.13553,0.098881,0.036647,0.13194,0.094291,0.037647,0.59626,-0.44666,0.10575,0.1505,-0.044742,0.46449,-0.10602,-0.32773,-0.15443,0.38095,15.591,28.986
895,kf49,12-1,True,1,mkt,M,0.13833,0.098539,0.039795,0.13769,0.093968,0.043721,0.59727,-0.74068,0.1141,0.1505,-0.036395,0.4964,-0.078295,-0.33702,-0.14258,0.47619,6.9537,12.297
896,kf49,12-1,True,2,none,W,0.16922,0.098881,0.070337,0.15314,0.094291,0.058849,0.57292,-0.80766,0.16336,0.1505,0.012868,0.67051,0.13822,-0.3478,-0.20859,0.50476,21.739,46.846
897,kf49,12-1,True,2,none,M,0.17408,0.098539,0.075542,0.16386,0.093968,0.069895,0.60954,-0.78743,0.19347,0.1505,0.042973,0.76931,0.27509,-0.3108,-0.057279,0.72381,8.4908,19.909
898,kf49,12-1,True,2,abs,W,0.1569,0.098881,0.058017,0.14805,0.094291,0.053762,0.60255,-0.72725,0.15962,0.1505,0.0091249,0.65748,0.12096,-0.3478,-0.20859,0.50476,21.886,46.992
899,kf49,12-1,True,2,abs,M,0.1517,0.098539,0.053162,0.14421,0.093968,0.050243,0.57916,-0.83667,0.19347,0.1505,0.042973,0.76931,0.27509,-0.3108,-0.057279,0.72381,8.4908,19.909
900,kf49,12-1,True,2,sma,W,0.15697,0.098881,0.058094,0.15048,0.094291,0.056189,0.65283,-0.57234,0.1298,0.1505,-0.020698,0.56604,-0.030798,-0.3476,-0.20617,0.39048,22.764,46.846
901,kf49,12-1,True,2,sma,M,0.15898,0.098539,0.060442,0.15334,0.093968,0.059374,0.65413,-0.68831,0.16051,0.1505,0.010012,0.68421,0.10621,-0.29208,-0.070996,0.55238,8.6372,19.324
902,kf49,12-1,True,2,mkt,W,0.14475,0.098881,0.045867,0.13778,0.094291,0.043489,0.69335,-0.39367,0.071814,0.1505,-0.078681,0.3696,-0.3645,-0.367,-0.21397,0,20.934,44.943
903,kf49,12-1,True,2,mkt,M,0.13461,0.098539,0.036068,0.13229,0.093968,0.038326,0.63308,-0.69313,0.082714,0.1505,-0.067782,0.41595,-0.30261,-0.31184,-0.15227,0.019048,8.4176,19.324
904,kf49,12-1,True,3,none,W,0.17096,0.098881,0.072076,0.15589,0.094291,0.061599,0.60227,-0.78059,0.16658,0.1505,0.016088,0.72679,0.15164,-0.40174,-0.17428,0.58095,29.352,65.877
905,kf49,12-1,True,3,none,M,0.17918,0.098539,0.080643,0.1686,0.093968,0.074634,0.67784,-0.66748,0.17182,0.1505,0.021328,0.74803,0.1835,-0.38479,-0.040128,0.66667,9.4423,27.668
906,kf49,12-1,True,3,abs,W,0.14965,0.098881,0.050769,0.14062,0.094291,0.046332,0.60234,-0.74293,0.16048,0.1505,0.0099884,0.7043,0.11749,-0.39564,-0.18072,0.54286,29.425,66.023
907,kf49,12-1,True,3,abs,M,0.15708,0.098539,0.058539,0.14739,0.093968,0.053422,0.63159,-0.78851,0.17005,0.1505,0.019558,0.74127,0.17348,-0.38469,-0.040128,0.61905,9.4423,27.522
908,kf49,12-1,True,3,sma,W,0.15672,0.098881,0.057842,0.14714,0.094291,0.052844,0.6835,-0.49929,0.12989,0.1505,-0.020603,0.60418,-0.066945,-0.32133,-0.17671,0.095238,30.596,65.877
909,kf49,12-1,True,3,sma,M,0.16305,0.098539,0.064512,0.15527,0.093968,0.061301,0.70937,-0.65191,0.15381,0.1505,0.0033112,0.7217,0.052167,-0.25751,-0.021493,0.46667,9.6619,27.522
910,kf49,12-1,True,3,mkt,W,0.14731,0.098881,0.048428,0.13981,0.094291,0.045522,0.66439,-0.36695,0.093575,0.1505,-0.05692,0.51207,-0.30833,-0.31076,-0.17691,0,26.79,62.51
911,kf49,12-1,True,3,mkt,M,0.1334,0.098539,0.034856,0.13067,0.093968,0.036707,0.66236,-0.6506,0.093989,0.1505,-0.056506,0.50812,-0.30491,-0.2589,-0.092081,0.019048,9.0032,26.79
912,kf49,blend,False,1,none,W,0.089328,0.098881,-0.0095523,0.072659,0.094291,-0.021633,0.27517,-0.95245,0.16801,0.1505,0.017515,0.55863,0.20241,-0.66926,-0.097456,0.52381,12.077,24.155
913,kf49,blend,False,1,none,M,0.10503,0.098539,0.0064936,0.086408,0.093968,-0.0075601,0.31101,-0.97096,0.22066,0.1505,0.07016,0.66913,0.34903,-0.49503,-0.16169,0.9619,5.2701,10.54
914,kf49,blend,False,1,abs,W,0.090557,0.098881,-0.0083235,0.071564,0.094291,-0.022727,0.27094,-0.9138,0.15959,0.1505,0.0090935,0.54018,0.17814,-0.67299,-0.097998,0.52381,12.297,24.301
915,kf49,blend,False,1,abs,M,0.10798,0.098539,0.009441,0.087806,0.093968,-0.0061614,0.31383,-0.96136,0.21583,0.1505,0.065336,0.65885,0.33687,-0.52162,-0.16169,0.9619,5.3433,10.54
916,kf49,blend,False,1,sma,W,0.089097,0.098881,-0.0097835,0.071872,0.094291,-0.02242,0.27112,-0.91271,0.16066,0.1505,0.01016,0.54279,0.18074,-0.66885,-0.097456,0.52381,12.151,23.862
917,kf49,blend,False,1,sma,M,0.11116,0.098539,0.012622,0.090746,0.093968,-0.0032215,0.32092,-0.9661,0.22066,0.1505,0.07016,0.66913,0.34903,-0.49503,-0.16169,0.9619,5.2701,10.54
918,kf49,blend,False,1,mkt,W,0.091103,0.098881,-0.007778,0.084044,0.094291,-0.010248,0.29752,-0.90853,0.082628,0.1505,-0.067868,0.35449,-0.087835,-0.62514,-0.1594,0.085714,11.711,21.227
919,kf49,blend,False,1,mkt,M,0.082541,0.098539,-0.015998,0.077421,0.093968,-0.016546,0.28132,-0.98386,0.12303,0.1505,-0.027467,0.46747,0.041282,-0.65289,-0.16169,0.61905,5.8557,10.101
920,kf49,blend,False,2,none,W,0.1185,0.098881,0.019623,0.1068,0.094291,0.012506,0.37269,-0.89366,0.14982,0.1505,-0.00067612,0.5619,0.11167,-0.51597,-0.1934,0.51429,24.301,51.384
921,kf49,blend,False,2,none,M,0.14009,0.098539,0.041555,0.12573,0.093968,0.03176,0.43349,-0.90529,0.19872,0.1505,0.048225,0.69105,0.28345,-0.43156,-0.15922,0.75238,8.1248,21.373
922,kf49,blend,False,2,abs,W,0.11451,0.098881,0.015625,0.10508,0.094291,0.010792,0.37038,-0.84645,0.13497,0.1505,-0.015529,0.5226,0.05286,-0.53024,-0.20538,0.51429,24.521,51.384
923,kf49,blend,False,2,abs,M,0.14054,0.098539,0.041997,0.12698,0.093968,0.033013,0.44122,-0.87041,0.18739,0.1505,0.036891,0.66146,0.24395,-0.45843,-0.15922,0.69524,8.1248,21.081
924,kf49,blend,False,2,sma,W,0.11776,0.098881,0.018882,0.10827,0.094291,0.013983,0.38194,-0.79083,0.13501,0.1505,-0.015484,0.52395,0.051592,-0.51901,-0.19316,0.49524,24.521,50.945
925,kf49,blend,False,2,sma,M,0.14552,0.098539,0.046985,0.13162,0.093968,0.037653,0.45727,-0.85391,0.19036,0.1505,0.039869,0.66961,0.25414,-0.43957,-0.15922,0.71429,8.1248,21.081
926,kf49,blend,False,2,mkt,W,0.11388,0.098881,0.014996,0.10778,0.094291,0.01349,0.40184,-0.75365,0.069822,0.1505,-0.080673,0.32671,-0.24875,-0.46565,-0.19749,0,22.179,46.699
927,kf49,blend,False,2,mkt,M,0.1094,0.098539,0.010864,0.10577,0.093968,0.011799,0.3936,-0.91903,0.095834,0.1505,-0.054661,0.41775,-0.13137,-0.54264,-0.17682,0.20952,8.0516,20.349
928,kf49,blend,False,3,none,W,0.13883,0.098881,0.039951,0.12785,0.094291,0.033561,0.45726,-0.83199,0.16469,0.1505,0.014193,0.64382,0.15373,-0.41612,-0.1566,0.52381,30.157,70.708
929,kf49,blend,False,3,none,M,0.16433,0.098539,0.065788,0.1493,0.093968,0.055331,0.53431,-0.86002,0.1784,0.1505,0.027906,0.67564,0.21662,-0.34925,-0.082332,0.7619,10.467,30.889
930,kf49,blend,False,3,abs,W,0.13419,0.098881,0.035309,0.12602,0.094291,0.031732,0.45935,-0.80635,0.15128,0.1505,0.00078031,0.60505,0.091858,-0.43684,-0.17954,0.51429,30.303,70.708
931,kf49,blend,False,3,abs,M,0.1653,0.098539,0.066757,0.15197,0.093968,0.058004,0.55317,-0.80519,0.16436,0.1505,0.013865,0.63353,0.1572,-0.38591,-0.082332,0.65714,10.467,30.889
932,kf49,blend,False,3,sma,W,0.13858,0.098881,0.039699,0.12937,0.094291,0.035079,0.47592,-0.73898,0.14314,0.1505,-0.0073565,0.58064,0.056335,-0.42372,-0.15643,0.51429,30.377,69.976
933,kf49,blend,False,3,sma,M,0.16641,0.098539,0.067868,0.15307,0.093968,0.059099,0.56305,-0.79462,0.16861,0.1505,0.018112,0.64678,0.17469,-0.35458,-0.082332,0.68571,10.467,30.742
934,kf49,blend,False,3,mkt,W,0.1297,0.098881,0.030818,0.12222,0.094291,0.027924,0.49116,-0.66605,0.091663,0.1505,-0.058832,0.4331,-0.21614,-0.32987,-0.13576,0.2,26.79,64.266
935,kf49,blend,False,3,mkt,M,0.12565,0.098539,0.027113,0.12002,0.093968,0.026048,0.47846,-0.82289,0.097163,0.1505,-0.053332,0.44751,-0.18219,-0.36463,-0.10273,0.2,9.7351,28.693
936,kf49,blend,True,1,none,W,0.10506,0.098881,0.006176,0.097455,0.094291,0.0031634,0.34533,-0.94764,0.15516,0.1505,0.0046665,0.57281,0.12335,-0.38462,-0.086881,0.75238,17.348,34.695
937,kf49,blend,True,1,none,M,0.086393,0.098539,-0.012147,0.078983,0.093968,-0.014985,0.28635,-0.94161,0.18908,0.1505,0.038583,0.66892,0.22917,-0.37736,-0.10173,0.9619,6.8073,13.615
938,kf49,blend,True,1,abs,W,0.12216,0.098881,0.023279,0.11334,0.094291,0.019046,0.4095,-0.69221,0.14683,0.1505,-0.003662,0.55118,0.094158,-0.38462,-0.086881,0.70476,17.567,34.841
939,kf49,blend,True,1,abs,M,0.10201,0.098539,0.0034753,0.093363,0.093968,-0.0006044,0.34042,-0.79968,0.18438,0.1505,0.033884,0.65605,0.21449,-0.37736,-0.10173,0.93333,6.8805,13.615
940,kf49,blend,True,1,sma,W,0.12335,0.098881,0.024474,0.11387,0.094291,0.019578,0.41338,-0.65777,0.14648,0.1505,-0.0040183,0.55006,0.09318,-0.38462,-0.086881,0.69524,17.421,34.695
941,kf49,blend,True,1,sma,M,0.10468,0.098539,0.0061416,0.095854,0.093968,0.0018862,0.35033,-0.79662,0.18908,0.1505,0.038583,0.66892,0.22917,-0.37736,-0.10173,0.9619,6.8073,13.615
942,kf49,blend,True,1,mkt,W,0.11218,0.098881,0.013296,0.10596,0.094291,0.011669,0.44681,-0.67762,0.053283,0.1505,-0.097212,0.26388,-0.31015,-0.42886,-0.13984,0.019048,17.274,32.353
943,kf49,blend,True,1,mkt,M,0.086807,0.098539,-0.011733,0.085683,0.093968,-0.0082847,0.34261,-0.82873,0.082515,0.1505,-0.067981,0.37835,-0.19663,-0.39185,-0.16845,0.095238,7.1001,12.59
944,kf49,blend,True,2,none,W,0.14507,0.098881,0.046187,0.13453,0.094291,0.040242,0.50855,-0.85725,0.14982,0.1505,-0.00067257,0.6387,0.061051,-0.40477,-0.22658,0.25714,26.278,57.24
945,kf49,blend,True,2,none,M,0.13573,0.098539,0.037188,0.13035,0.093968,0.036386,0.49528,-0.84386,0.17766,0.1505,0.027161,0.72713,0.19369,-0.31778,-0.1306,0.92381,9.0764,22.837
946,kf49,blend,True,2,abs,W,0.14279,0.098881,0.043906,0.13296,0.094291,0.038666,0.53899,-0.72761,0.13387,0.1505,-0.016629,0.58928,-0.017949,-0.40477,-0.22658,0.085714,26.57,57.24
947,kf49,blend,True,2,abs,M,0.13406,0.098539,0.035517,0.12757,0.093968,0.033607,0.5111,-0.75261,0.16531,0.1505,0.014812,0.68732,0.13556,-0.3187,-0.136,0.80952,9.2227,22.984
948,kf49,blend,True,2,sma,W,0.1463,0.098881,0.047421,0.13591,0.094291,0.041615,0.55493,-0.65629,0.13327,0.1505,-0.017221,0.58735,-0.020882,-0.40477,-0.22658,0.085714,26.497,57.093
949,kf49,blend,True,2,sma,M,0.1382,0.098539,0.039661,0.13145,0.093968,0.037486,0.52993,-0.7249,0.16966,0.1505,0.019169,0.70237,0.15554,-0.31856,-0.13518,0.89524,9.1495,22.837
950,kf49,blend,True,2,mkt,W,0.12897,0.098881,0.030092,0.12116,0.094291,0.026866,0.57912,-0.55871,0.0818,0.1505,-0.068695,0.42485,-0.31915,-0.46866,-0.22658,0,24.155,52.701
951,kf49,blend,True,2,mkt,M,0.10667,0.098539,0.0081328,0.10553,0.093968,0.011567,0.47608,-0.73373,0.086954,0.1505,-0.063542,0.43732,-0.27946,-0.35682,-0.1343,0.047619,9.0764,22.105
952,kf49,blend,True,3,none,W,0.14397,0.098881,0.045091,0.13594,0.094291,0.041653,0.53957,-0.87948,0.13789,0.1505,-0.012605,0.63632,-0.023756,-0.32859,-0.029947,0.22857,33.744,79.052
953,kf49,blend,True,3,none,M,0.14827,0.098539,0.049731,0.14187,0.093968,0.047901,0.57277,-0.79484,0.17581,0.1505,0.02531,0.77914,0.18703,-0.33076,-0.038931,0.8381,10.76,33.817
954,kf49,blend,True,3,abs,W,0.14418,0.098881,0.045304,0.13634,0.094291,0.042048,0.58937,-0.75188,0.12195,0.1505,-0.028547,0.58093,-0.11587,-0.33452,-0.030013,0.12381,33.89,79.052
955,kf49,blend,True,3,abs,M,0.14758,0.098539,0.049041,0.14001,0.093968,0.046043,0.6007,-0.72285,0.164,0.1505,0.013509,0.73379,0.12093,-0.33081,-0.036715,0.69524,10.833,34.11
956,kf49,blend,True,3,sma,W,0.14891,0.098881,0.050032,0.14095,0.094291,0.046662,0.61602,-0.68018,0.11751,0.1505,-0.032988,0.56229,-0.14042,-0.33452,-0.029781,0.10476,33.817,78.759
957,kf49,blend,True,3,sma,M,0.14806,0.098539,0.049526,0.14046,0.093968,0.046497,0.60486,-0.70767,0.169,0.1505,0.018509,0.75317,0.14798,-0.33076,-0.036786,0.79048,10.76,33.817
958,kf49,blend,True,3,mkt,W,0.13385,0.098881,0.034968,0.12659,0.094291,0.032299,0.64185,-0.49702,0.086171,0.1505,-0.064325,0.47887,-0.34805,-0.29075,-0.11017,0,30.377,72.757
959,kf49,blend,True,3,mkt,M,0.11798,0.098539,0.019439,0.11519,0.093968,0.021225,0.55354,-0.68664,0.10067,0.1505,-0.049824,0.53777,-0.25925,-0.32226,-0.081257,0.057143,10.174,32.646
960,kf49,adm,False,1,none,W,0.0061618,0.098881,-0.092719,-0.0035676,0.094291,-0.097859,0.086953,-0.99449,0.20668,0.1505,0.056181,0.65071,0.2956,-0.56119,-0.1545,0.8381,15.371,30.742
961,kf49,adm,False,1,none,M,0.013063,0.098539,-0.085477,0.0033239,0.093968,-0.090644,0.11128,-0.99909,0.12624,0.1505,-0.024259,0.45805,0.10463,-0.63894,-0.23582,0.59048,7.3928,14.786
962,kf49,adm,False,1,abs,W,0.021447,0.098881,-0.077434,0.010641,0.094291,-0.083651,0.11641,-0.98147,0.19834,0.1505,0.047847,0.63429,0.26984,-0.57029,-0.17725,0.8,15.371,30.303
963,kf49,adm,False,1,abs,M,0.029861,0.098539,-0.068678,0.019623,0.093968,-0.074345,0.1431,-0.99726,0.12624,0.1505,-0.024259,0.45805,0.10463,-0.63894,-0.23582,0.59048,7.3928,14.786
964,kf49,adm,False,1,sma,W,0.016446,0.098881,-0.082435,0.0030759,0.094291,-0.091216,0.091707,-0.97883,0.18665,0.1505,0.03615,0.60815,0.24085,-0.56119,-0.154,0.75238,15.371,30.157
965,kf49,adm,False,1,sma,M,0.046365,0.098539,-0.052174,0.032969,0.093968,-0.060999,0.17341,-0.99103,0.10638,0.1505,-0.044115,0.41111,0.047735,-0.64439,-0.23582,0.47619,7.3928,14.493
966,kf49,adm,False,1,mkt,W,0.047232,0.098881,-0.051649,0.037421,0.094291,-0.056871,0.16007,-0.90482,0.15883,0.1505,0.0083314,0.57406,0.13462,-0.56699,-0.26728,0.59048,14.42,26.643
967,kf49,adm,False,1,mkt,M,0.034618,0.098539,-0.063922,0.028507,0.093968,-0.065461,0.1374,-0.99513,0.052558,0.1505,-0.097937,0.26508,-0.17645,-0.75703,-0.29627,0.24762,7.3928,13.175
968,kf49,adm,False,2,none,W,0.058261,0.098881,-0.040619,0.049165,0.094291,-0.045127,0.18977,-0.96566,0.15293,0.1505,0.0024332,0.57204,0.12077,-0.54098,-0.20075,0.55238,28.254,62.51
969,kf49,adm,False,2,none,M,0.094623,0.098539,-0.0039161,0.083191,0.093968,-0.010776,0.29871,-0.97107,0.19955,0.1505,0.049057,0.71643,0.28419,-0.39914,-0.15658,0.82857,10.247,27.083
970,kf49,adm,False,2,abs,W,0.062302,0.098881,-0.036579,0.052631,0.094291,-0.041661,0.19824,-0.93094,0.14237,0.1505,-0.0081297,0.54386,0.079276,-0.53189,-0.22328,0.52381,28.4,61.924
971,kf49,adm,False,2,abs,M,0.1053,0.098539,0.0067648,0.093324,0.093968,-0.00064331,0.33281,-0.93806,0.19357,0.1505,0.043074,0.69989,0.26206,-0.39914,-0.15658,0.80952,10.247,26.936
972,kf49,adm,False,2,sma,W,0.065792,0.098881,-0.033089,0.054736,0.094291,-0.039556,0.20339,-0.90814,0.13914,0.1505,-0.011355,0.53481,0.068036,-0.51222,-0.20051,0.50476,28.547,61.778
973,kf49,adm,False,2,sma,M,0.11911,0.098539,0.02057,0.10551,0.093968,0.011545,0.37619,-0.84648,0.18251,0.1505,0.032019,0.66927,0.22339,-0.40342,-0.15658,0.78095,10.247,26.643
974,kf49,adm,False,2,mkt,W,0.077309,0.098881,-0.021572,0.069285,0.094291,-0.025006,0.25428,-0.76551,0.11295,0.1505,-0.037549,0.48899,-0.078091,-0.45076,-0.24281,0.4381,25.18,54.897
975,kf49,adm,False,2,mkt,M,0.088896,0.098539,-0.0096433,0.080822,0.093968,-0.013146,0.2993,-0.9187,0.13076,0.1505,-0.019732,0.54815,-0.0057517,-0.43692,-0.20382,0.49524,9.5155,23.862
976,kf49,adm,False,3,none,W,0.10354,0.098881,0.0046553,0.095611,0.094291,0.0013196,0.34941,-0.90083,0.14088,0.1505,-0.009614,0.57818,0.044797,-0.45374,-0.18783,0.50476,36.013,88.128
977,kf49,adm,False,3,none,M,0.11774,0.098539,0.019201,0.10824,0.093968,0.014273,0.39573,-0.93328,0.19876,0.1505,0.048266,0.76127,0.29381,-0.3793,-0.12592,0.80952,10.687,36.745
978,kf49,adm,False,3,abs,W,0.10593,0.098881,0.0070536,0.098422,0.094291,0.0041303,0.36521,-0.80998,0.13186,0.1505,-0.018631,0.55228,-0.00014494,-0.43689,-0.18707,0.33333,36.159,87.543
979,kf49,adm,False,3,abs,M,0.12513,0.098539,0.026593,0.11507,0.093968,0.021105,0.42785,-0.8708,0.18615,0.1505,0.035659,0.72275,0.23904,-0.3793,-0.12592,0.74286,10.833,36.745
980,kf49,adm,False,3,sma,W,0.11329,0.098881,0.01441,0.10493,0.094291,0.010643,0.39299,-0.75852,0.13103,0.1505,-0.019463,0.54978,-0.0041971,-0.46089,-0.22172,0.22857,35.939,85.933
981,kf49,adm,False,3,sma,M,0.13912,0.098539,0.040584,0.12823,0.093968,0.034258,0.48334,-0.80893,0.18147,0.1505,0.030972,0.70856,0.22073,-0.3793,-0.12592,0.71429,10.76,36.452
982,kf49,adm,False,3,mkt,W,0.11138,0.098881,0.012495,0.10371,0.094291,0.009418,0.41334,-0.59067,0.13354,0.1505,-0.016954,0.6155,-0.036423,-0.28924,-0.1634,0.51429,30.669,75.685
983,kf49,adm,False,3,mkt,M,0.10964,0.098539,0.011101,0.10476,0.093968,0.010794,0.4174,-0.84584,0.1285,0.1505,-0.021998,0.58077,-0.050154,-0.36082,-0.13069,0.39048,9.8815,33.085
984,kf49,adm,True,1,none,W,0.097517,0.098881,-0.0013638,0.093245,0.094291,-0.0010469,0.33121,-0.94903,0.029203,0.1505,-0.12129,0.18163,-0.32541,-0.57872,-0.37039,0.19048,22.544,45.089
985,kf49,adm,True,1,none,M,0.083166,0.098539,-0.015373,0.077383,0.093968,-0.016584,0.28094,-0.9045,0.15065,0.1505,0.00015878,0.57248,0.10431,-0.54499,-0.13849,0.42857,8.0516,16.103
986,kf49,adm,True,1,abs,W,0.11814,0.098881,0.019264,0.11546,0.094291,0.02117,0.41742,-0.79148,0.019488,0.1505,-0.13101,0.14614,-0.36173,-0.58746,-0.38346,0.14286,22.544,44.65
987,kf49,adm,True,1,abs,M,0.097651,0.098539,-0.00088829,0.092868,0.093968,-0.0010999,0.33777,-0.79797,0.15065,0.1505,0.00015878,0.57248,0.10431,-0.54499,-0.13849,0.42857,8.0516,16.103
988,kf49,adm,True,1,sma,W,0.11591,0.098881,0.017032,0.11005,0.094291,0.015754,0.40002,-0.72873,0.022308,0.1505,-0.12819,0.15675,-0.35201,-0.57872,-0.37039,0.17143,22.618,44.943
989,kf49,adm,True,1,sma,M,0.099437,0.098539,0.00089748,0.092392,0.093968,-0.0015753,0.3372,-0.67504,0.15179,0.1505,0.0012991,0.57713,0.1073,-0.53879,-0.13849,0.4381,8.0516,15.957
990,kf49,adm,True,1,mkt,W,0.11304,0.098881,0.014157,0.10434,0.094291,0.010045,0.43844,-0.60904,0.028733,0.1505,-0.12176,0.16429,-0.40532,-0.37528,-0.18385,0,20.715,39.233
991,kf49,adm,True,1,mkt,M,0.067617,0.098539,-0.030922,0.067718,0.093968,-0.02625,0.2564,-0.79138,0.10717,0.1505,-0.043329,0.4745,-0.10545,-0.3566,-0.076449,0.38095,7.9052,14.2
992,kf49,adm,True,2,none,W,0.12268,0.098881,0.023803,0.11691,0.094291,0.022618,0.44196,-0.9149,0.088124,0.1505,-0.062371,0.40825,-0.23342,-0.5052,-0.20513,0.35238,30.303,69.097
993,kf49,adm,True,2,none,M,0.11441,0.098539,0.015869,0.11041,0.093968,0.016445,0.41502,-0.93291,0.20296,0.1505,0.05246,0.82174,0.29047,-0.36845,-0.089381,0.88571,10.54,28.839
994,kf49,adm,True,2,abs,W,0.12555,0.098881,0.026665,0.11871,0.094291,0.024419,0.48109,-0.74721,0.083639,0.1505,-0.066857,0.39483,-0.25387,-0.50342,-0.20227,0.32381,30.377,68.512
995,kf49,adm,True,2,abs,M,0.12064,0.098539,0.022101,0.11572,0.093968,0.021751,0.45901,-0.84786,0.19919,0.1505,0.048692,0.80829,0.27295,-0.36845,-0.089381,0.87619,10.54,28.693
996,kf49,adm,True,2,sma,W,0.13171,0.098881,0.03283,0.12534,0.094291,0.031044,0.51282,-0.69628,0.076227,0.1505,-0.074268,0.36442,-0.29557,-0.49816,-0.19381,0.17143,30.45,68.805
997,kf49,adm,True,2,sma,M,0.12933,0.098539,0.030786,0.12319,0.093968,0.029225,0.49366,-0.7585,0.18735,0.1505,0.036858,0.77188,0.22419,-0.36845,-0.089381,0.88571,10.613,28.547
998,kf49,adm,True,2,mkt,W,0.11949,0.098881,0.020614,0.11204,0.094291,0.017744,0.52923,-0.5302,0.067846,0.1505,-0.08265,0.35193,-0.37496,-0.44503,-0.1688,0.057143,27.156,61.192
999,kf49,adm,True,2,mkt,M,0.098271,0.098539,-0.00026869,0.095596,0.093968,0.0016281,0.41637,-0.78752,0.12284,0.1505,-0.02766,0.6021,-0.105,-0.34416,-0.11429,0.35238,9.8815,26.351
1000,kf49,adm,True,3,none,W,0.11287,0.098881,0.013985,0.10785,0.094291,0.013558,0.42509,-0.87416,0.12595,0.1505,-0.02455,0.59296,-0.093258,-0.39547,-0.12774,0.14286,37.111,96.034
1001,kf49,adm,True,3,none,M,0.12973,0.098539,0.031192,0.12474,0.093968,0.030771,0.49362,-0.87326,0.18953,0.1505,0.039035,0.85076,0.25096,-0.37271,-0.056118,0.91429,11.345,41.722
1002,kf49,adm,True,3,abs,W,0.11621,0.098881,0.017326,0.1113,0.094291,0.017004,0.47585,-0.68389,0.11632,0.1505,-0.034176,0.56208,-0.14725,-0.371,-0.13764,0.12381,37.33,95.594
1003,kf49,adm,True,3,abs,M,0.13071,0.098539,0.032171,0.12522,0.093968,0.031256,0.5258,-0.80493,0.17627,0.1505,0.025775,0.80186,0.17708,-0.37266,-0.056118,0.89524,11.345,41.576
1004,kf49,adm,True,3,sma,W,0.12081,0.098881,0.021932,0.11614,0.094291,0.021852,0.50216,-0.67542,0.11165,0.1505,-0.038845,0.54197,-0.17594,-0.35187,-0.152,0.11429,37.037,94.863
1005,kf49,adm,True,3,sma,M,0.1392,0.098539,0.040657,0.13185,0.093968,0.037883,0.55988,-0.71653,0.17331,0.1505,0.022819,0.79234,0.16277,-0.37272,-0.056118,0.91429,11.345,41.429
1006,kf49,adm,True,3,mkt,W,0.11238,0.098881,0.013499,0.10668,0.094291,0.012391,0.52543,-0.47671,0.10738,0.1505,-0.043111,0.58928,-0.22454,-0.23986,-0.088806,0,32.499,86.225
1007,kf49,adm,True,3,mkt,M,0.11001,0.098539,0.011472,0.10601,0.093968,0.012043,0.48966,-0.7305,0.12713,0.1505,-0.023361,0.68268,-0.12208,-0.31556,-0.10428,0.3619,10.54,37.916
