,US eq,US bills,EW eq world,all_L1_top1_noexit_1x,eq_only_L1_top1_noexit_1x,all_L1_top1_noexit_2x,eq_only_L1_top1_noexit_2x,all_L1_top1_exit_1x,eq_only_L1_top1_exit_1x,ex_controls_L1_top1_exit_1x,all_L1_top1_exit_2x,eq_only_L1_top1_exit_2x,ex_controls_L1_top1_exit_2x,all_L1_top3_noexit_1x,eq_only_L1_top3_noexit_1x,all_L1_top3_noexit_2x,eq_only_L1_top3_noexit_2x,all_L1_top3_exit_1x,eq_only_L1_top3_exit_1x,ex_controls_L1_top3_exit_1x,all_L1_top3_exit_2x,eq_only_L1_top3_exit_2x,ex_controls_L1_top3_exit_2x,all_L3_top1_noexit_1x,eq_only_L3_top1_noexit_1x,all_L3_top1_noexit_2x,eq_only_L3_top1_noexit_2x,all_L3_top1_exit_1x,eq_only_L3_top1_exit_1x,all_L3_top1_exit_2x,eq_only_L3_top1_exit_2x,all_L3_top3_noexit_1x,eq_only_L3_top3_noexit_1x,all_L3_top3_noexit_2x,eq_only_L3_top3_noexit_2x,all_L3_top3_exit_1x,eq_only_L3_top3_exit_1x,all_L3_top3_exit_2x,eq_only_L3_top3_exit_2x,all_L5_top1_noexit_1x,eq_only_L5_top1_noexit_1x,all_L5_top1_noexit_2x,eq_only_L5_top1_noexit_2x,all_L5_top1_exit_1x,eq_only_L5_top1_exit_1x,all_L5_top1_exit_2x,eq_only_L5_top1_exit_2x,all_L5_top3_noexit_1x,eq_only_L5_top3_noexit_1x,all_L5_top3_noexit_2x,eq_only_L5_top3_noexit_2x,all_L5_top3_exit_1x,eq_only_L5_top3_exit_1x,all_L5_top3_exit_2x,eq_only_L5_top3_exit_2x
1871,,0.05999999865889549,0.2866909588156342,-0.005,,-0.07999999865889548,,0.05999999865889549,,0.05999999865889549,0.0499999986588955,,0.0499999986588955,-0.0016666666666666668,,-0.07333333199222881,,0.05999999865889549,,0.05999999865889549,0.0499999986588955,,0.0499999986588955,,,,,,,,,,,,,,,,,,,,,,,,,,,,,,,,
1872,0.13291139900684357,0.05999999865889549,0.16561081788215504,0.24864471947526035,0.25364471947526035,0.4272894402916252,0.4372894402916252,0.25364471947526035,0.25364471947526035,0.25364471947526035,0.4372894402916252,0.4372894402916252,0.4372894402916252,0.18681733133252204,0.1884839979991887,0.3036346640061486,0.3069679973394819,0.1884839979991887,0.1884839979991887,0.1884839979991887,0.3069679973394819,0.3069679973394819,0.3069679973394819,,,,,,,,,,,,,,,,,,,,,,,,,,,,,,,,
1873,-0.06311637163162231,0.05999999865889549,0.033858337498780186,-0.20819931252063062,-0.20819931252063062,-0.48639862370015674,-0.48639862370015674,-0.20819931252063062,-0.20819931252063062,-0.20819931252063062,-0.48639862370015674,-0.48639862370015674,-0.48639862370015674,-0.012746520200365333,-0.0004032471229266062,-0.09549303905962615,-0.0708064929047487,-0.012746520200365333,-0.0004032471229266062,-0.012746520200365333,-0.09549303905962615,-0.0708064929047487,-0.09549303905962615,-0.005,,-0.07999999865889548,,0.05999999865889549,,0.0499999986588955,,-0.0016666666666666668,,-0.07333333199222881,,0.05999999865889549,,0.0499999986588955,,,,,,,,,,,,,,,,,
1874,0.10180995613336563,0.05999999865889549,0.028428706139755545,-0.006334774338471618,-0.006334774338471618,-0.08266954733583873,-0.08266954733583873,-0.006334774338471618,-0.006334774338471618,-0.006334774338471618,-0.08266954733583873,-0.08266954733583873,-0.08266954733583873,0.08323750718196059,0.07692734985422178,0.09647501570502569,0.08385470104954808,0.08323750718196059,0.07692734985422178,0.08323750718196059,0.09647501570502569,0.08385470104954808,0.09647501570502569,-0.04812683967200659,-0.04312683967200658,-0.16625367800290866,-0.15625367800290865,-0.04312683967200658,-0.04312683967200658,-0.15625367800290865,-0.15625367800290865,-0.04711212512093554,-0.06068951603896932,-0.16422424890076656,-0.19137903073683413,-0.04544545845426887,-0.06068951603896932,-0.16089091556743323,-0.19137903073683413,,,,,,,,,,,,,,,,
1875,0.028634361922740936,0.05999999865889549,0.08523086493285306,0.14960454157006486,0.14960454157006486,0.22920908448123423,0.22920908448123423,0.14960454157006486,0.14960454157006486,0.14960454157006486,0.22920908448123423,0.22920908448123423,0.22920908448123423,0.10722782884586339,0.10206518290172592,0.1444556590328313,0.13413036714455634,0.10722782884586339,0.10206518290172592,0.10722782884586339,0.1444556590328313,0.13413036714455634,0.1444556590328313,0.14960454157006486,0.14960454157006486,0.22920908448123423,0.22920908448123423,0.14960454157006486,0.14960454157006486,0.22920908448123423,0.22920908448123423,0.06911785235454745,0.07245118568788078,0.06823570605019942,0.07490237271686608,0.06911785235454745,0.07245118568788078,0.06823570605019942,0.07490237271686608,-0.005,,-0.07999999865889548,,0.05999999865889549,,0.0499999986588955,,-0.0016666666666666668,,-0.07333333199222881,,0.05999999865889549,,0.0499999986588955,
1876,-0.11212814599275589,0.05999999865889549,-0.01084964447888408,-0.04930847162442819,-0.0073297139163666005,-0.16861694190775187,-0.08465942649162869,-0.04930847162442819,-0.0073297139163666005,-0.04930847162442819,-0.16861694190775187,-0.08465942649162869,-0.16861694190775187,-0.012752529167559895,0.034623936010598065,-0.09550505699401528,-0.0007521266376993574,-0.012752529167559895,0.034623936010598065,-0.012752529167559895,-0.09550505699401528,-0.0007521266376993574,-0.09550505699401528,0.08544428265550508,0.08544428265550508,0.10088856665211467,0.10088856665211467,0.08544428265550508,0.08544428265550508,0.10088856665211467,0.10088856665211467,0.03204590815589633,0.031003111160725558,-0.0059081823471028305,-0.007993776337444372,0.03204590815589633,0.031003111160725558,-0.0059081823471028305,-0.007993776337444372,-0.04930847162442819,0.08044428265550507,-0.16861694190775187,0.09088856665211466,-0.044308471624428185,0.08044428265550507,-0.15861694190775186,0.09088856665211466,0.00264787418836425,0.02933644449405889,-0.06470425028216699,-0.011327109670777706,0.004314540855030917,0.02933644449405889,-0.061370916948833655,-0.011327109670777706
1877,-0.03910614550113678,0.05999999865889549,-0.027841165155101412,0.04732776311272314,0.04732776311272314,0.02465552756655079,0.02465552756655079,0.04732776311272314,0.04732776311272314,0.04732776311272314,0.02465552756655079,0.02465552756655079,0.02465552756655079,-0.0031109288547398013,-0.0003034364780501583,-0.07622185636837508,-0.0706068716149958,0.03765756881808207,0.05577592014350471,0.03765756881808207,0.005315138977268652,0.04155184162811393,0.005315138977268652,0.05732776311272314,0.05732776311272314,0.04465552756655079,0.04465552756655079,0.05732776311272314,0.05732776311272314,0.04465552756655079,0.04465552756655079,0.018381192168725212,-0.006239286619824054,-0.033237614321445064,-0.0824785718985436,0.018381192168725212,-0.006239286619824054,-0.033237614321445064,-0.0824785718985436,0.04732776311272314,0.05732776311272314,0.02465552756655079,0.04465552756655079,0.04732776311272314,0.05732776311272314,0.02465552756655079,0.04465552756655079,0.011765763868710312,-0.006239286619824054,-0.046468470921474866,-0.0824785718985436,0.011765763868710312,-0.006239286619824054,-0.046468470921474866,-0.0824785718985436
1878,0.11692307144403458,0.05000000074505806,0.008426193526564929,0.10281265530480456,-0.10720552970913955,0.14562530986455105,-0.27441106016333716,0.10281265530480456,0.04500000074505806,0.10281265530480456,0.14562530986455105,0.030000000745058063,0.14562530986455105,0.010386375067171591,-0.034439685553063606,-0.03922725061071488,-0.12887937185118528,0.06593755226497355,0.048333334078391396,0.06593755226497355,0.07187510378488904,0.03666666741172473,0.07187510378488904,-0.10720552970913955,-0.10720552970913955,-0.27441106016333716,-0.27441106016333716,-0.10720552970913955,-0.10720552970913955,-0.27441106016333716,-0.27441106016333716,-0.005579516440683438,-0.007049194441483772,-0.07115903362642494,-0.0740983896280256,-0.005579516440683438,-0.007049194441483772,-0.07115903362642494,-0.0740983896280256,-0.10720552970913955,-0.10720552970913955,-0.27441106016333716,-0.27441106016333716,-0.10720552970913955,-0.10720552970913955,-0.27441106016333716,-0.27441106016333716,-0.0039282007163538735,-0.04223452690895154,-0.06785640217776581,-0.14446905456296114,-0.0039282007163538735,-0.0038998607284143416,-0.06785640217776581,-0.06779972220188675
1879,0.4840579628944397,0.05000000074505806,0.1938878918047463,0.4740579628944397,0.4740579628944397,0.8881159250438213,0.8881159250438213,0.4740579628944397,0.4790579628944397,0.4740579628944397,0.8881159250438213,0.8981159250438213,0.8881159250438213,0.22690455705319196,0.31361440109306543,0.39380911336132585,0.5672288014410728,0.23023789038652528,0.31861440109306544,0.23023789038652528,0.4004757800279925,0.5772288014410728,0.4004757800279925,0.08510589117006286,0.0959082376638536,0.11021178159506764,0.13181647458264914,0.04500000074505806,0.04500000074505806,0.030000000745058063,0.030000000745058063,0.08233772431103459,0.2087480395068113,0.10467544787701111,0.35749607826856455,0.04500000074505806,0.04500000074505806,0.030000000745058063,0.030000000745058063,0.08510589117006286,0.0959082376638536,0.11021178159506764,0.13181647458264914,0.08510589117006286,0.0959082376638536,0.11021178159506764,0.13181647458264914,0.1061126285286104,0.12043695823856664,0.15222525631216274,0.1808739157320752,0.1061126285286104,0.09107733172027548,0.15222525631216274,0.12215466269549288
1880,0.2398373931646347,0.05000000074505806,0.14158892731412312,0.2398373931646347,0.2398373931646347,0.41967478558421134,0.41967478558421134,0.2398373931646347,0.2398373931646347,0.2398373931646347,0.41967478558421134,0.41967478558421134,0.41967478558421134,0.134727461641331,0.13806079497466434,0.20945492253760395,0.2161215892042706,0.134727461641331,0.13806079497466434,0.134727461641331,0.20945492253760395,0.2161215892042706,0.20945492253760395,0.2298373931646347,0.2298373931646347,0.3996747855842113,0.3996747855842113,0.2348373931646347,0.2348373931646347,0.40967478558421133,0.40967478558421133,0.11819390625179206,0.12486057291845873,0.17638781175852605,0.1897211450918594,0.12319390625179205,0.12319390625179205,0.18638781175852603,0.18638781175852603,0.008617136573939818,0.008617136573939818,-0.04276572759717842,-0.04276572759717842,0.008617136573939818,0.008617136573939818,-0.04276572759717842,-0.04276572759717842,0.1173499847701193,0.15372912596323127,0.17469996879518054,0.24745825118140446,0.1173499847701193,0.15539579262989792,0.17469996879518054,0.25079158451473776
1881,0.08390411734580994,0.03999999910593033,0.12590061432802696,0.08390411734580994,0.08390411734580994,0.11780823558568954,0.11780823558568954,0.08390411734580994,0.08390411734580994,0.08390411734580994,0.11780823558568954,0.11780823558568954,0.11780823558568954,0.13652853734697915,0.13652853734697915,0.22305707558802795,0.22305707558802795,0.13652853734697915,0.13652853734697915,0.13652853734697915,0.22305707558802795,0.22305707558802795,0.22305707558802795,0.08390411734580994,0.08390411734580994,0.11780823558568954,0.11780823558568954,0.08390411734580994,0.08390411734580994,0.11780823558568954,0.11780823558568954,0.10939884997805058,0.10939884997805058,0.16879770085017082,0.16879770085017082,0.10939884997805058,0.10939884997805058,0.16879770085017082,0.16879770085017082,0.07390411734580994,0.07390411734580994,0.09780823558568955,0.09780823558568955,0.07390411734580994,0.07390411734580994,0.09780823558568955,0.09780823558568955,0.16613644036037106,0.1694697736937044,0.2822728816148118,0.28893954828147844,0.16613644036037106,0.1694697736937044,0.2822728816148118,0.28893954828147844
1882,0.024958403781056404,0.03999999910593033,0.004926047830892818,0.049858161177338774,-0.1708681666225682,0.04971632324874722,-0.39173633235106675,0.049858161177338774,-0.1708681666225682,0.049858161177338774,0.04971632324874722,-0.39173633235106675,0.04971632324874722,-0.057344952636884584,-0.06897341106601483,-0.1646899043796995,-0.18794682123796,-0.057344952636884584,-0.06897341106601483,-0.057344952636884584,-0.1646899043796995,-0.18794682123796,-0.1646899043796995,0.024958403781056404,0.024958403781056404,-8.319154381752208e-05,-8.319154381752208e-05,0.024958403781056404,0.024958403781056404,-8.319154381752208e-05,-8.319154381752208e-05,-0.047736899478679685,-0.047736899478679685,-0.1454737980632897,-0.1454737980632897,-0.047736899478679685,-0.047736899478679685,-0.1454737980632897,-0.1454737980632897,0.024958403781056404,0.024958403781056404,-8.319154381752208e-05,-8.319154381752208e-05,0.024958403781056404,0.024958403781056404,-8.319154381752208e-05,-8.319154381752208e-05,-0.04440356614534635,-0.04440356614534635,-0.13880713139662304,-0.13880713139662304,-0.04440356614534635,-0.04440356614534635,-0.13880713139662304,-0.13880713139662304
1883,-0.029109589755535126,0.03999999910593033,0.05634718610792164,0.27486030841192854,0.27486030841192854,0.49972061771792675,0.49972061771792675,0.27486030841192854,0.27486030841192854,0.27486030841192854,0.49972061771792675,0.49972061771792675,0.49972061771792675,0.12395464549944062,0.1313193774974172,0.1979092918929509,0.21263875588890407,0.12395464549944062,0.1313193774974172,0.12395464549944062,0.1979092918929509,0.21263875588890407,0.1979092918929509,0.028269096597455474,0.028269096597455474,0.006538194088980619,0.006538194088980619,0.028269096597455474,0.028269096597455474,0.006538194088980619,0.006538194088980619,0.018189073273131504,0.018189073273131504,-0.013621852559667323,-0.013621852559667323,0.018189073273131504,0.018189073273131504,-0.013621852559667323,-0.013621852559667323,-0.029109589755535126,-0.029109589755535126,-0.10821917861700059,-0.10821917861700059,-0.029109589755535126,-0.029109589755535126,-0.10821917861700059,-0.10821917861700059,0.03569265544278004,0.03569265544278004,0.021385311779629747,0.021385311779629747,0.03569265544278004,0.03569265544278004,0.021385311779629747,0.021385311779629747
1884,-0.12921348214149475,0.03999999910593033,0.020756748562099546,0.05253207905849489,0.04243467025970715,0.05506415901105945,0.034869341413483974,0.05253207905849489,0.04243467025970715,0.05253207905849489,0.05506415901105945,0.034869341413483974,0.05506415901105945,0.05751236988123484,0.058993589043849035,0.06502474065653935,0.06798717898176773,0.05751236988123484,0.058993589043849035,0.05751236988123484,0.06502474065653935,0.06798717898176773,0.06502474065653935,0.05253207905849489,0.03243467025970715,0.05506415901105945,0.01486934141348397,0.05253207905849489,0.03243467025970715,0.05506415901105945,0.01486934141348397,0.015644160076163764,0.017125379238777962,-0.018711678953602803,-0.015749240628374406,0.015644160076163764,0.017125379238777962,-0.018711678953602803,-0.015749240628374406,-0.12921348214149475,-0.12921348214149475,-0.30842696338891984,-0.30842696338891984,-0.12921348214149475,-0.12921348214149475,-0.30842696338891984,-0.30842696338891984,-0.009934358445150039,-0.009934358445150039,-0.0698687159962304,-0.0698687159962304,-0.009934358445150039,-0.009934358445150039,-0.0698687159962304,-0.0698687159962304
1885,0.2534562349319458,0.03999999910593033,0.04268012180239591,0.04372957186510341,0.0920897445032154,0.037459144624276484,0.13417948990050046,0.04372957186510341,0.0920897445032154,0.04372957186510341,0.037459144624276484,0.13417948990050046,0.037459144624276484,0.06254621606912325,0.041455804458529366,0.07509243303231616,0.0329116098111284,0.06254621606912325,0.041455804458529366,0.06254621606912325,0.07509243303231616,0.0329116098111284,0.07509243303231616,0.030559731959607817,0.11489164555726838,0.011119464813285303,0.17978329200860643,0.030559731959607817,0.11489164555726838,0.011119464813285303,0.17978329200860643,0.06306031646065988,0.010283653023690244,0.07612063381538942,-0.02943269305854984,0.06306031646065988,0.010283653023690244,0.07612063381538942,-0.02943269305854984,0.10489164555726839,0.10489164555726839,0.15978329200860644,0.15978329200860644,0.10489164555726839,0.10489164555726839,0.15978329200860644,0.15978329200860644,0.023088347242282672,0.01238164049384886,-0.003823304621364987,-0.02523671811823261,0.023088347242282672,0.01238164049384886,-0.003823304621364987,-0.02523671811823261
1886,0.126923069357872,0.03999999910593033,0.12343809936733002,0.11692306935787201,0.11692306935787201,0.1838461396098137,0.1838461396098137,0.11692306935787201,0.11692306935787201,0.11692306935787201,0.1838461396098137,0.1838461396098137,0.1838461396098137,0.07722908466146991,0.07644064354565987,0.10445817021700948,0.1028812879853894,0.07722908466146991,0.07644064354565987,0.07722908466146991,0.10445817021700948,0.1028812879853894,0.10445817021700948,0.02142104333595741,0.03142104333595741,-0.007157912434015513,0.01284208756598449,0.02142104333595741,0.03142104333595741,-0.007157912434015513,0.01284208756598449,0.05502010966620774,0.03707616827445197,0.06004022022648515,0.024152337442973605,0.05502010966620774,0.03707616827445197,0.06004022022648515,0.024152337442973605,0.04266146771951563,0.03142104333595741,0.03532293633310093,0.01284208756598449,0.04266146771951563,0.03142104333595741,0.03532293633310093,0.01284208756598449,0.051686776332874405,0.07011592060245501,0.05337355355981848,0.09023184209897969,0.051686776332874405,0.07011592060245501,0.05337355355981848,0.09023184209897969
1887,-0.021276595070958138,0.03999999910593033,0.039509200891087205,-0.0567470475693339,-0.0567470475693339,-0.16349409424459813,-0.16349409424459813,-0.0567470475693339,-0.0567470475693339,-0.0567470475693339,-0.16349409424459813,-0.16349409424459813,-0.16349409424459813,0.03314981484511956,0.0014521752483589506,0.016299630584308784,-0.04709564860921243,0.03314981484511956,0.0014521752483589506,0.03314981484511956,0.016299630584308784,-0.04709564860921243,0.016299630584308784,0.012883878578649597,0.012883878578649597,-0.024232241948631137,-0.024232241948631137,0.012883878578649597,0.012883878578649597,-0.024232241948631137,-0.024232241948631137,0.0032493694586761606,0.08878293520560984,-0.04350126018857801,0.12756587130528935,0.0032493694586761606,0.08878293520560984,-0.04350126018857801,0.12756587130528935,0.26474152210913804,0.27474152210913805,0.47948304511234574,0.49948304511234576,0.26474152210913804,0.27474152210913805,0.47948304511234574,0.49948304511234576,0.115752597056812,0.10127701525997097,0.18150519500769366,0.1525540314140116,0.115752597056812,0.10127701525997097,0.18150519500769366,0.1525540314140116
1888,0.018975332379341125,0.03999999910593033,0.11635497196491719,0.2567946355673245,0.2567946355673245,0.4635892720287187,0.4635892720287187,0.2567946355673245,0.2567946355673245,0.2567946355673245,0.4635892720287187,0.4635892720287187,0.4635892720287187,0.19999051052148142,0.18428339774286034,0.3499810219370325,0.31856679637979035,0.19999051052148142,0.18428339774286034,0.19999051052148142,0.3499810219370325,0.31856679637979035,0.3499810219370325,0.2567946355673245,0.2567946355673245,0.4635892720287187,0.4635892720287187,0.2567946355673245,0.2567946355673245,0.4635892720287187,0.4635892720287187,0.15024472790125679,0.14132754939556022,0.25048945669658323,0.2326550996851901,0.15024472790125679,0.14132754939556022,0.25048945669658323,0.2326550996851901,0.2667946355673245,0.2667946355673245,0.4835892720287187,0.4835892720287187,0.2667946355673245,0.2667946355673245,0.4835892720287187,0.4835892720287187,0.10626107205791559,0.1581928407327914,0.16252214500990084,0.2663856823596525,0.10626107205791559,0.1581928407327914,0.16252214500990084,0.2663856823596525
1889,0.07782100886106491,0.03999999910593033,0.12906709447363507,-0.00828830184538798,-0.00828830184538798,-0.0665766027967063,-0.0665766027967063,-0.00828830184538798,-0.00828830184538798,-0.00828830184538798,-0.0665766027967063,-0.0665766027967063,-0.0665766027967063,0.06563463523457688,0.15159014037668206,0.08126927136322343,0.2531802816474338,0.06563463523457688,0.15159014037668206,0.06563463523457688,0.08126927136322343,0.2531802816474338,0.08126927136322343,0.3127387218639768,0.3127387218639768,0.5754774446220232,0.5754774446220232,0.3127387218639768,0.3127387218639768,0.5754774446220232,0.5754774446220232,0.11624576175782073,0.12036407744768764,0.18249152440971111,0.19072815578944494,0.11624576175782073,0.12036407744768764,0.18249152440971111,0.19072815578944494,-0.00828830184538798,-0.00828830184538798,-0.0665766027967063,-0.0665766027967063,-0.00828830184538798,-0.00828830184538798,-0.0665766027967063,-0.0665766027967063,0.06230130190124354,0.060310316913105365,0.07460260469655675,0.0706206347202804,0.06230130190124354,0.060310316913105365,0.07460260469655675,0.0706206347202804
1890,-0.09398496896028519,0.03999999910593033,-0.01614801235190234,-0.18069220101954997,-0.18069220101954997,-0.4113844011450303,-0.4113844011450303,-0.18069220101954997,-0.18069220101954997,-0.18069220101954997,-0.4113844011450303,-0.4113844011450303,-0.4113844011450303,-0.028937697391615107,-0.025604364058281773,-0.10787539388916054,-0.10120872722249388,-0.028937697391615107,-0.025604364058281773,-0.028937697391615107,-0.10787539388916054,-0.10120872722249388,-0.10787539388916054,0.001552055585489107,0.001552055585489107,-0.04689588793495211,-0.04689588793495211,0.001552055585489107,0.001552055585489107,-0.04689588793495211,-0.04689588793495211,-0.015050818158583515,-0.015050818158583515,-0.08010163542309737,-0.08010163542309737,-0.015050818158583515,-0.015050818158583515,-0.08010163542309737,-0.08010163542309737,0.011552055585489107,0.011552055585489107,-0.026895887934952116,-0.026895887934952116,0.011552055585489107,0.011552055585489107,-0.026895887934952116,-0.026895887934952116,-0.02294796417595431,-0.011717484825250181,-0.09589592745783895,-0.07343496875643069,-0.02294796417595431,-0.011717484825250181,-0.09589592745783895,-0.07343496875643069
1891,0.2239130437374115,0.03999999910593033,-0.012263998936716267,0.025715032478300877,-0.004437235767430483,0.0014300658506714234,-0.05887447064079129,0.025715032478300877,-0.004437235767430483,0.025715032478300877,0.0014300658506714234,-0.05887447064079129,0.0014300658506714234,0.014542537663359376,0.0012708598534460361,-0.02091492377921158,-0.04745827939903826,0.014542537663359376,0.0012708598534460361,0.014542537663359376,-0.02091492377921158,-0.04745827939903826,-0.02091492377921158,-0.031080419997051904,-0.031080419997051904,-0.11216083910003413,-0.11216083910003413,-0.031080419997051904,-0.031080419997051904,-0.11216083910003413,-0.11216083910003413,0.0040416351235883176,0.0040416351235883176,-0.041916728858753693,-0.041916728858753693,0.0040416351235883176,0.0040416351235883176,-0.041916728858753693,-0.041916728858753693,0.03167121883020752,0.03167121883020752,0.013342438554484713,0.013342438554484713,0.03167121883020752,0.03167121883020752,0.013342438554484713,0.013342438554484713,-0.031555559107579303,-0.031555559107579303,-0.11311111732108894,-0.11311111732108894,-0.031555559107579303,-0.031555559107579303,-0.11311111732108894,-0.11311111732108894
1892,0.0628465786576271,0.03999999910593033,0.04641367971571303,0.052846578657627104,0.052846578657627104,0.05569315820932388,0.05569315820932388,0.052846578657627104,0.052846578657627104,0.052846578657627104,0.05569315820932388,0.05569315820932388,0.05569315820932388,-0.014060816208615204,0.17173612347363912,-0.07812163152316073,0.2934722478413479,-0.014060816208615204,0.17173612347363912,-0.014060816208615204,-0.07812163152316073,0.2934722478413479,-0.07812163152316073,-0.04374720148835564,-0.04374720148835564,-0.1374944020826416,-0.1374944020826416,-0.04374720148835564,-0.04374720148835564,-0.1374944020826416,-0.1374944020826416,-0.03254201015102039,0.03227215590595182,-0.11508401940797111,0.014544312705973304,-0.03254201015102039,0.03227215590595182,-0.11508401940797111,0.014544312705973304,0.006976240642790685,0.006976240642790685,-0.03604751782034896,-0.03604751782034896,0.006976240642790685,0.006976240642790685,-0.03604751782034896,-0.03604751782034896,0.0005973968438861212,0.06207822956752499,-0.04880520541815809,0.07415646002911966,0.0005973968438861212,0.06207822956752499,-0.04880520541815809,0.07415646002911966
1893,-0.15426497161388397,0.03999999910593033,-0.008290707373323861,-0.11668161056423919,-0.11668161056423919,-0.2833632202344087,-0.2833632202344087,-0.11668161056423919,-0.11668161056423919,-0.11668161056423919,-0.2833632202344087,-0.2833632202344087,-0.2833632202344087,-0.016736387680080855,-0.03667196773594831,-0.08347277446609204,-0.12334393457782694,-0.016736387680080855,-0.03667196773594831,-0.016736387680080855,-0.08347277446609204,-0.12334393457782694,-0.08347277446609204,0.01883420384980617,0.04763824367419046,-0.012331591406317989,0.045276488242450584,0.01883420384980617,0.04763824367419046,-0.012331591406317989,0.045276488242450584,-0.016736387680080855,-0.07443611283464424,-0.08347277446609204,-0.19887222477521882,-0.016736387680080855,-0.07443611283464424,-0.08347277446609204,-0.19887222477521882,-0.11668161056423919,-0.11668161056423919,-0.2833632202344087,-0.2833632202344087,-0.11668161056423919,-0.11668161056423919,-0.2833632202344087,-0.2833632202344087,-0.03594108223657695,-0.03260774890324362,-0.12188216357908424,-0.11521549691241756,-0.03594108223657695,-0.03260774890324362,-0.12188216357908424,-0.11521549691241756
1894,0.022675735875964165,0.03999999910593033,0.10468680726221387,0.11639620789099993,-0.015920570219234646,0.18279241667606952,-0.08184113954439962,0.11639620789099993,-0.015920570219234646,0.11639620789099993,0.18279241667606952,-0.08184113954439962,0.18279241667606952,0.07070318058283111,0.07296055288380474,0.09140636205973188,0.09592110666167913,0.07070318058283111,0.07296055288380474,0.07070318058283111,0.09140636205973188,0.09592110666167913,0.09140636205973188,0.2972794476233489,0.2972794476233489,0.5445588961407675,0.5445588961407675,0.2972794476233489,0.2972794476233489,0.5445588961407675,0.5445588961407675,0.18069389216466591,0.18069389216466591,0.3113877852234015,0.3113877852234015,0.18069389216466591,0.18069389216466591,0.3113877852234015,0.3113877852234015,0.12714026873344575,0.12714026873344575,0.20428053836096116,0.20428053836096116,0.12714026873344575,0.12714026873344575,0.20428053836096116,0.20428053836096116,0.16636360543351558,0.18069389216466591,0.2827272117611008,0.3113877852234015,0.16636360543351558,0.18069389216466591,0.2827272117611008,0.3113877852234015
1895,0.04883720725774765,0.03999999910593033,0.11874629866895199,0.08828582484128701,0.08828582484128701,0.12657165057664369,0.12657165057664369,0.08828582484128701,0.08828582484128701,0.08828582484128701,0.12657165057664369,0.12657165057664369,0.12657165057664369,0.12353956975654083,0.12353956975654083,0.19707914040715133,0.19707914040715133,0.12353956975654083,0.12353956975654083,0.12353956975654083,0.19707914040715133,0.19707914040715133,0.19707914040715133,0.098285824841287,0.098285824841287,0.14657165057664368,0.14657165057664368,0.098285824841287,0.098285824841287,0.14657165057664368,0.14657165057664368,0.10469305813951514,0.11980305774563735,0.15938611717309994,0.18960611638534436,0.10469305813951514,0.11980305774563735,0.15938611717309994,0.18960611638534436,0.1377732151621358,0.1377732151621358,0.22554643121834128,0.22554643121834128,0.1377732151621358,0.1377732151621358,0.22554643121834128,0.22554643121834128,0.08526411151469386,0.11623451432679006,0.12052822392345738,0.1824690295476498,0.08526411151469386,0.11623451432679006,0.12052822392345738,0.1824690295476498
1896,0.018518518656492233,0.03999999910593033,0.11011615144792258,0.00992349634638102,-0.052118021428532384,-0.03015300641316829,-0.1542360419629951,0.00992349634638102,-0.052118021428532384,0.00992349634638102,-0.03015300641316829,-0.1542360419629951,-0.03015300641316829,-0.01938273874025386,0.012815142851770142,-0.08876547658643805,-0.024369713402390046,-0.01938273874025386,0.012815142851770142,-0.01938273874025386,-0.08876547658643805,-0.024369713402390046,-0.08876547658643805,-0.01595369113861022,0.07850508283832204,-0.08190738138315076,0.10701016657071374,-0.01595369113861022,0.07850508283832204,-0.08190738138315076,0.10701016657071374,0.03886943807577215,0.09220275168577265,0.027738877045613973,0.13440550426561496,0.03886943807577215,0.09220275168577265,0.027738877045613973,0.13440550426561496,0.6290640177828739,0.6290640177828739,1.2081280364598175,1.2081280364598175,0.6290640177828739,0.6290640177828739,1.2081280364598175,1.2081280364598175,0.2690543399740928,0.27238767330742614,0.4881086808422552,0.49477534750892194,0.2690543399740928,0.27238767330742614,0.4881086808422552,0.49477534750892194
1897,0.16824644804000854,0.03999999910593033,0.05492989115638818,-0.3738021084163291,-0.3738021084163291,-0.7976042159385885,-0.7976042159385885,-0.3738021084163291,-0.3738021084163291,-0.3738021084163291,-0.7976042159385885,-0.7976042159385885,-0.7976042159385885,-0.08119483739473815,-0.08119483739473815,-0.21238967389540664,-0.21238967389540664,-0.08119483739473815,-0.08119483739473815,-0.08119483739473815,-0.21238967389540664,-0.21238967389540664,-0.21238967389540664,-0.3738021084163291,-0.3738021084163291,-0.7976042159385885,-0.7976042159385885,-0.3738021084163291,-0.3738021084163291,-0.7976042159385885,-0.7976042159385885,-0.13307668371096412,-0.1297433503776308,-0.3161533665278586,-0.3094866998611919,-0.13307668371096412,-0.1297433503776308,-0.3161533665278586,-0.3094866998611919,-0.3638021084163291,-0.3638021084163291,-0.7776042159385885,-0.7776042159385885,-0.3638021084163291,-0.3638021084163291,-0.7776042159385885,-0.7776042159385885,-0.03551740585320651,-0.03551740585320651,-0.12103481081234335,-0.12103481081234335,-0.03551740585320651,-0.03551740585320651,-0.12103481081234335,-0.12103481081234335
1898,0.23157894611358643,0.03999999910593033,0.054692373122996844,0.07729504651169174,0.07729504651169174,0.10459009391745314,0.10459009391745314,0.07729504651169174,0.07729504651169174,0.07729504651169174,0.10459009391745314,0.10459009391745314,0.10459009391745314,0.08229407876309071,0.08229407876309071,0.11458815842025108,0.11458815842025108,0.08229407876309071,0.08229407876309071,0.08229407876309071,0.11458815842025108,0.11458815842025108,0.11458815842025108,0.07729504651169174,0.07729504651169174,0.10459009391745314,0.10459009391745314,0.07729504651169174,0.07729504651169174,0.10459009391745314,0.10459009391745314,0.06791914392375026,0.07323621385693277,0.08583828874157018,0.0964724286079352,0.06791914392375026,0.07323621385693277,0.08583828874157018,0.0964724286079352,0.07729504651169174,0.07729504651169174,0.10459009391745314,0.10459009391745314,0.07729504651169174,0.07729504651169174,0.10459009391745314,0.10459009391745314,0.07148375894088944,0.06991061133155745,0.09296751877584855,0.08982122355718455,0.07148375894088944,0.06991061133155745,0.09296751877584855,0.08982122355718455
1899,0.10265486687421799,0.03500000014901161,0.09551191877049856,0.09265486687421799,0.09265486687421799,0.14030973359942436,0.14030973359942436,0.09265486687421799,0.09265486687421799,0.09265486687421799,0.14030973359942436,0.14030973359942436,0.14030973359942436,0.15427958739458372,0.15427958739458372,0.2635591746401558,0.2635591746401558,0.15427958739458372,0.15427958739458372,0.15427958739458372,0.2635591746401558,0.2635591746401558,0.2635591746401558,0.09265486687421799,0.09265486687421799,0.14030973359942436,0.14030973359942436,0.09265486687421799,0.09265486687421799,0.14030973359942436,0.14030973359942436,0.053347616068400924,0.053347616068400924,0.061695231987790235,0.061695231987790235,0.053347616068400924,0.053347616068400924,0.061695231987790235,0.061695231987790235,0.020343712454238716,0.020343712454238716,-0.004312575240534182,-0.004312575240534182,0.020343712454238716,0.020343712454238716,-0.004312575240534182,-0.004312575240534182,0.057943901226231206,0.057943901226231206,0.07088780230345079,0.07088780230345079,0.057943901226231206,0.057943901226231206,0.07088780230345079,0.07088780230345079
1900,0.191029891371727,0.03500000014901161,0.03507888271881833,0.17663645605497735,-0.1760436409984144,0.3082729119609431,-0.39708728214584044,0.17663645605497735,-0.1760436409984144,0.17663645605497735,0.3082729119609431,-0.39708728214584044,0.3082729119609431,0.03774177652720882,-0.0013667461568613445,0.030483552905406032,-0.047733492462734305,0.03774177652720882,-0.0013667461568613445,0.03774177652720882,0.030483552905406032,-0.047733492462734305,0.030483552905406032,0.191029891371727,0.191029891371727,0.33705978259444236,0.33705978259444236,0.191029891371727,0.191029891371727,0.33705978259444236,0.33705978259444236,0.1174587266915547,0.1174587266915547,0.18991745323409778,0.18991745323409778,0.1174587266915547,0.1174587266915547,0.18991745323409778,0.18991745323409778,0.049310888002766846,0.049310888002766846,0.05362177585652208,0.05362177585652208,0.049310888002766846,0.049310888002766846,0.05362177585652208,0.05362177585652208,0.1174587266915547,0.1174587266915547,0.18991745323409778,0.18991745323409778,0.1174587266915547,0.1174587266915547,0.18991745323409778,0.18991745323409778
1901,0.20378455519676208,0.03999999910593033,0.01834859124805492,0.19378455519676208,0.19378455519676208,0.3375691112875938,0.3375691112875938,0.19378455519676208,0.19378455519676208,0.19378455519676208,0.3375691112875938,0.3375691112875938,0.3375691112875938,0.1424463801871072,0.08086477172228912,0.23489276126828407,0.1117295443386479,0.1424463801871072,0.08086477172228912,0.1424463801871072,0.23489276126828407,0.1117295443386479,0.23489276126828407,0.20378455519676208,0.20378455519676208,0.35756911128759383,0.35756911128759383,0.20378455519676208,0.20378455519676208,0.35756911128759383,0.35756911128759383,0.13348632002994107,0.07857137823178965,0.2169726409539518,0.10714275735764897,0.13348632002994107,0.07857137823178965,0.2169726409539518,0.10714275735764897,0.19378455519676208,0.19378455519676208,0.3375691112875938,0.3375691112875938,0.19378455519676208,0.19378455519676208,0.3375691112875938,0.3375691112875938,0.05762941692990849,0.05762941692990849,0.06525883475388666,0.06525883475388666,0.05762941692990849,0.05762941692990849,0.06525883475388666,0.06525883475388666
1902,0.0540880486369133,0.03999999910593033,0.08510565318321747,0.0540880486369133,0.0540880486369133,0.05817609816789627,0.05817609816789627,0.0540880486369133,0.0540880486369133,0.0540880486369133,0.05817609816789627,0.05817609816789627,0.05817609816789627,0.09518345317517571,0.10207975311109893,0.14036690724442108,0.15415950711626752,0.09518345317517571,0.10207975311109893,0.09518345317517571,0.14036690724442108,0.15415950711626752,0.14036690724442108,0.1875843929282346,0.0540880486369133,0.32516878675053884,0.05817609816789627,0.1875843929282346,0.0540880486369133,0.32516878675053884,0.05817609816789627,0.16337754632004606,0.10207975311109893,0.2767550935341618,0.15415950711626752,0.16337754632004606,0.10207975311109893,0.2767550935341618,0.15415950711626752,0.0540880486369133,0.0540880486369133,0.05817609816789627,0.05817609816789627,0.0540880486369133,0.0540880486369133,0.05817609816789627,0.05817609816789627,0.08178781828884704,0.07108592268735911,0.11357563747176375,0.09217184626878788,0.08178781828884704,0.07108592268735911,0.11357563747176375,0.09217184626878788
1903,-0.14037266373634338,0.03500000014901161,0.07488703798526587,0.15013605534275865,0.15013605534275865,0.25527211053650567,0.25527211053650567,0.15013605534275865,0.15013605534275865,0.15013605534275865,0.25527211053650567,0.25527211053650567,0.25527211053650567,0.11845282416249174,0.16030583395942902,0.19190564817597186,0.2756116677698464,0.11845282416249174,0.16030583395942902,0.11845282416249174,0.19190564817597186,0.2756116677698464,0.19190564817597186,0.09272188985409024,0.11250052729062633,0.14044377955916887,0.18000105443224104,0.09272188985409024,0.11250052729062633,0.14044377955916887,0.18000105443224104,0.02494991780279106,0.063469594266395,0.004899835456570509,0.08193918838377837,0.02494991780279106,0.063469594266395,0.004899835456570509,0.08193918838377837,0.08272188985409025,-0.14037266373634338,0.12044377955916888,-0.3257453276216984,0.08272188985409025,-0.14037266373634338,0.12044377955916888,-0.3257453276216984,0.021616584469457727,0.0502835013908826,-0.0017668312100961592,0.05556700263275358,0.021616584469457727,0.0502835013908826,-0.0017668312100961592,0.05556700263275358
1904,0.30289193987846375,0.03500000014901161,0.09696963016571739,0.06727437944138305,0.06727437944138305,0.08954875873375448,0.08954875873375448,0.06727437944138305,0.06727437944138305,0.06727437944138305,0.08954875873375448,0.08954875873375448,0.08954875873375448,0.05897925074863597,0.062312584081969304,0.07295850134826032,0.079625168014927,0.05897925074863597,0.062312584081969304,0.05897925074863597,0.07295850134826032,0.079625168014927,0.07295850134826032,0.12344219387668033,0.13344219387668033,0.20188438760434904,0.22188438760434903,0.12344219387668033,0.13344219387668033,0.20188438760434904,0.22188438760434903,0.08487404399206146,0.06892665094469043,0.1247480878351113,0.09285330174036924,0.08487404399206146,0.06892665094469043,0.1247480878351113,0.09285330174036924,0.12511655858349613,0.12344219387668033,0.20523311701798064,0.20188438760434904,0.12511655858349613,0.12344219387668033,0.20523311701798064,0.20188438760434904,0.1086110439671865,0.06559331761135709,0.17222208778536138,0.08618663507370256,0.1086110439671865,0.06559331761135709,0.17222208778536138,0.08618663507370256
1905,0.1963636428117752,0.03999999910593033,0.14163663456789244,0.1863636428117752,0.1863636428117752,0.32272728651762006,0.32272728651762006,0.1863636428117752,0.1863636428117752,0.1863636428117752,0.32272728651762006,0.32272728651762006,0.32272728651762006,0.1195445842187386,0.1195445842187386,0.18908916933154687,0.18908916933154687,0.1195445842187386,0.1195445842187386,0.1195445842187386,0.18908916933154687,0.18908916933154687,0.18908916933154687,0.4711029333075396,0.4711029333075396,0.8922058675091489,0.8922058675091489,0.4711029333075396,0.4711029333075396,0.8922058675091489,0.8922058675091489,0.2756085692381161,0.27894190257144946,0.5012171393703019,0.5078838060369686,0.2756085692381161,0.27894190257144946,0.5012171393703019,0.5078838060369686,0.2764004223448573,0.21039184036435832,0.5028008455837842,0.3707836816227863,0.2764004223448573,0.21039184036435832,0.5028008455837842,0.3707836816227863,0.2243853018403303,0.18069547240619466,0.39877060457473024,0.311390945706459,0.2243853018403303,0.18069547240619466,0.39877060457473024,0.311390945706459
1906,0.07337526232004166,0.03500000014901161,0.14337788519274325,0.8555218013370309,0.8555218013370309,1.6660436025250502,1.6660436025250502,0.8555218013370309,0.8555218013370309,0.8555218013370309,1.6660436025250502,1.6660436025250502,1.6660436025250502,0.3598580824319169,0.34132837950648365,0.6747161647148222,0.6376567588639557,0.3598580824319169,0.34132837950648365,0.3598580824319169,0.6747161647148222,0.6376567588639557,0.6747161647148222,0.8655218013370309,0.8655218013370309,1.6860436025250503,1.6860436025250503,0.8655218013370309,0.8655218013370309,1.6860436025250503,1.6860436025250503,0.36652474909858357,0.3550702514813646,0.6880494980481555,0.6651405028137176,0.36652474909858357,0.3550702514813646,0.6880494980481555,0.6651405028137176,0.8555218013370309,0.8555218013370309,1.6660436025250502,1.6660436025250502,0.8555218013370309,0.8555218013370309,1.6660436025250502,1.6660436025250502,0.36652474909858357,0.34466171283981695,0.6880494980481555,0.6443234255306223,0.36652474909858357,0.34466171283981695,0.6880494980481555,0.6443234255306223
1907,-0.28760161995887756,0.03999999910593033,-0.00951642611237874,-0.12072458863258362,-0.12072458863258362,-0.2914491763710976,-0.2914491763710976,-0.12072458863258362,-0.12072458863258362,-0.12072458863258362,-0.2914491763710976,-0.2914491763710976,-0.2914491763710976,0.007547096695809114,0.0025263480582047365,-0.0349058057143121,-0.044947302989520856,0.007547096695809114,0.0025263480582047365,0.007547096695809114,-0.0349058057143121,-0.044947302989520856,-0.0349058057143121,-0.12072458863258362,-0.12072458863258362,-0.2914491763710976,-0.2914491763710976,-0.12072458863258362,-0.12072458863258362,-0.2914491763710976,-0.2914491763710976,-0.11905591997103178,-0.13647479359204479,-0.28811183904799387,-0.3229495862900199,-0.11905591997103178,-0.13647479359204479,-0.28811183904799387,-0.3229495862900199,-0.12072458863258362,-0.12072458863258362,-0.2914491763710976,-0.2914491763710976,-0.12072458863258362,-0.12072458863258362,-0.2914491763710976,-0.2914491763710976,-0.016888104046297,-0.008653583850355119,-0.08377620719852433,-0.06730716680664056,-0.016888104046297,-0.008653583850355119,-0.08377620719852433,-0.06730716680664056
1908,0.43531203269958496,0.03999999910593033,0.03739173375349566,-0.029134218143790573,-0.029134218143790573,-0.10826843539351147,-0.10826843539351147,-0.029134218143790573,-0.029134218143790573,-0.029134218143790573,-0.10826843539351147,-0.10826843539351147,-0.10826843539351147,0.051362934263098646,0.051362934263098646,0.05272586942026696,0.05272586942026696,0.051362934263098646,0.051362934263098646,0.051362934263098646,0.05272586942026696,0.05272586942026696,0.05272586942026696,-0.3409651517868042,-0.3409651517868042,-0.7319303026795387,-0.7319303026795387,-0.3409651517868042,-0.3409651517868042,-0.7319303026795387,-0.7319303026795387,-0.13964352037346997,-0.11728791769241523,-0.3292870398528703,-0.2845758344907608,-0.13964352037346997,-0.11728791769241523,-0.3292870398528703,-0.2845758344907608,-0.3409651517868042,-0.3409651517868042,-0.7319303026795387,-0.7319303026795387,-0.3409651517868042,-0.3409651517868042,-0.7319303026795387,-0.7319303026795387,-0.10138186628917241,-0.09457472663086745,-0.25276373168427513,-0.23914945236766524,-0.10138186628917241,-0.09457472663086745,-0.25276373168427513,-0.23914945236766524
1909,0.18936876952648163,0.03999999910593033,0.12212608901239592,0.17936876952648162,0.17936876952648162,0.3087375399470329,0.3087375399470329,0.17936876952648162,0.17936876952648162,0.17936876952648162,0.3087375399470329,0.3087375399470329,0.3087375399470329,0.14658518548167104,0.14658518548167104,0.24317037185741175,0.24317037185741175,0.14658518548167104,0.14658518548167104,0.14658518548167104,0.24317037185741175,0.24317037185741175,0.24317037185741175,0.06604651358958914,0.06604651358958914,0.08209302807324795,0.08209302807324795,0.06604651358958914,0.06604651358958914,0.08209302807324795,0.08209302807324795,0.09450923592654108,0.09118496189794967,0.13901847274715182,0.132369924689969,0.09450923592654108,0.09118496189794967,0.13901847274715182,0.132369924689969,0.1284246919466283,0.1284246919466283,0.20684938478732628,0.20684938478732628,0.1284246919466283,0.1284246919466283,0.20684938478732628,0.20684938478732628,0.1322833212388386,0.22000171936656043,0.21456664337174686,0.39000343962719053,0.1322833212388386,0.22000171936656043,0.21456664337174686,0.39000343962719053
1910,-0.0757281556725502,0.03500000014901161,0.06215115766119341,0.3233271191089966,0.3233271191089966,0.6016542380689816,0.6016542380689816,0.3233271191089966,0.3233271191089966,0.3233271191089966,0.6016542380689816,0.6016542380689816,0.6016542380689816,0.10576482650681134,0.10576482650681134,0.16652965286461105,0.16652965286461105,0.10576482650681134,0.10576482650681134,0.10576482650681134,0.16652965286461105,0.16652965286461105,0.16652965286461105,0.05595657623230955,0.05595657623230955,0.06691315231560749,0.06691315231560749,0.05595657623230955,0.05595657623230955,0.06691315231560749,0.06691315231560749,0.06308726612739513,0.025341030849724132,0.08117453210577863,0.00568206155043665,0.06308726612739513,0.025341030849724132,0.08117453210577863,0.00568206155043665,0.3233271191089966,0.3233271191089966,0.6016542380689816,0.6016542380689816,0.3233271191089966,0.3233271191089966,0.6016542380689816,0.6016542380689816,0.15337062132357424,0.10785184655625198,0.26174124249813685,0.17070369296349233,0.15337062132357424,0.10785184655625198,0.26174124249813685,0.17070369296349233
1911,0.058563537895679474,0.03500000014901161,0.05342208282263819,-0.113685242831707,-0.113685242831707,-0.2723704858124256,-0.2723704858124256,-0.113685242831707,-0.113685242831707,-0.113685242831707,-0.2723704858124256,-0.2723704858124256,-0.2723704858124256,0.020881248245835895,0.03499104467160893,-0.003237503657339824,0.02498208919420624,0.020881248245835895,0.03499104467160893,0.020881248245835895,-0.003237503657339824,0.02498208919420624,-0.003237503657339824,0.04856353789567947,0.04856353789567947,0.05212707564234733,0.05212707564234733,0.04856353789567947,0.04856353789567947,0.05212707564234733,0.05212707564234733,0.03545151420339162,0.09691386059756554,0.025903028257771625,0.14882772104611947,0.03545151420339162,0.09691386059756554,0.025903028257771625,0.14882772104611947,-0.113685242831707,-0.113685242831707,-0.2723704858124256,-0.2723704858124256,-0.113685242831707,-0.113685242831707,-0.2723704858124256,-0.2723704858124256,-0.0033719815452953484,-0.0033719815452953484,-0.051743963239602314,-0.051743963239602314,-0.0033719815452953484,-0.0033719815452953484,-0.051743963239602314,-0.051743963239602314
1912,0.08232710510492325,0.03500000014901161,0.043329132667251226,0.03243664964885285,0.03243664964885285,0.01987329914869409,0.01987329914869409,0.03243664964885285,0.03243664964885285,0.03243664964885285,0.01987329914869409,0.01987329914869409,0.01987329914869409,0.07367887351137752,0.07367887351137752,0.10235774687374341,0.10235774687374341,0.07367887351137752,0.07367887351137752,0.07367887351137752,0.10235774687374341,0.10235774687374341,0.10235774687374341,0.08653174132108689,0.08653174132108689,0.12806348249316216,0.12806348249316216,0.08653174132108689,0.08653174132108689,0.12806348249316216,0.12806348249316216,0.09543547577925304,0.09876880911258638,0.14587095140949446,0.15253761807616115,0.09543547577925304,0.09876880911258638,0.14587095140949446,0.15253761807616115,0.0772878705945932,0.0772878705945932,0.10957574104017478,0.10957574104017478,0.0772878705945932,0.0772878705945932,0.10957574104017478,0.10957574104017478,-0.06688440780527408,-0.03584459968077091,-0.17876881575955977,-0.11668919951055343,-0.06688440780527408,-0.03584459968077091,-0.17876881575955977,-0.11668919951055343
1913,-0.09168443828821182,0.03500000014901161,0.006813454744211855,-0.00978687317276238,-0.00978687317276238,-0.06457374649453637,-0.06457374649453637,-0.00978687317276238,-0.00978687317276238,-0.00978687317276238,-0.06457374649453637,-0.06457374649453637,-0.06457374649453637,0.022597921022664266,0.022597921022664266,0.00019584189631691867,0.00019584189631691867,0.022597921022664266,0.022597921022664266,0.022597921022664266,0.00019584189631691867,0.00019584189631691867,0.00019584189631691867,-0.00978687317276238,-0.00978687317276238,-0.06457374649453637,-0.06457374649453637,-0.00978687317276238,-0.00978687317276238,-0.06457374649453637,-0.06457374649453637,0.00884363863623028,0.00884363863623028,-0.027312722876551055,-0.027312722876551055,0.00884363863623028,0.00884363863623028,-0.027312722876551055,-0.027312722876551055,-0.10168443828821182,-0.10168443828821182,-0.24836887672543526,-0.24836887672543526,-0.10168443828821182,-0.10168443828821182,-0.24836887672543526,-0.24836887672543526,-0.0072138832778834835,-0.0072138832778834835,-0.05942776670477858,-0.05942776670477858,-0.0072138832778834835,-0.0072138832778834835,-0.05942776670477858,-0.05942776670477858
1914,-0.033582087606191635,0.03500000014901161,-0.03933300522800636,0.11536541833934223,0.11536541833934223,0.18573083652967284,0.18573083652967284,0.11536541833934223,0.11536541833934223,0.11536541833934223,0.18573083652967284,0.18573083652967284,0.18573083652967284,-0.023481802717024266,0.03142237479628059,-0.09196360558306015,0.017844749443549572,-0.023481802717024266,0.03142237479628059,-0.023481802717024266,-0.09196360558306015,0.017844749443549572,-0.09196360558306015,0.11536541833934223,0.11536541833934223,0.18573083652967284,0.18573083652967284,0.11536541833934223,0.11536541833934223,0.18573083652967284,0.18573083652967284,-0.05041810287752202,-0.05041810287752202,-0.14583620590405566,-0.14583620590405566,-0.05041810287752202,-0.05041810287752202,-0.14583620590405566,-0.14583620590405566,-0.04411572951700248,-0.04411572951700248,-0.13323145918301657,-0.13323145918301657,-0.04411572951700248,-0.04411572951700248,-0.13323145918301657,-0.13323145918301657,-0.061220725745636376,-0.061220725745636376,-0.16744145164028437,-0.16744145164028437,-0.061220725745636376,-0.061220725745636376,-0.16744145164028437,-0.16744145164028437
1915,0.3482993245124817,0.03500000014901161,0.08267854313018086,-0.07474900346039315,-0.07474900346039315,-0.19449800706979792,-0.19449800706979792,-0.07474900346039315,-0.07474900346039315,-0.07474900346039315,-0.19449800706979792,-0.19449800706979792,-0.19449800706979792,-0.05104848853388199,-0.027116695238424856,-0.1470969772167756,-0.09923339062586133,-0.05104848853388199,-0.03358131495855731,-0.05104848853388199,-0.1470969772167756,-0.11216263006612623,-0.1470969772167756,-0.07474900346039315,-0.07474900346039315,-0.19449800706979792,-0.19449800706979792,-0.07474900346039315,-0.07474900346039315,-0.19449800706979792,-0.19449800706979792,-0.1266489991641603,0.08543201555928512,-0.29829799847733224,0.12586403096955862,-0.1266489991641603,0.08543201555928512,-0.29829799847733224,0.12586403096955862,-0.08474900346039314,-0.08474900346039314,-0.2144980070697979,-0.2144980070697979,-0.08474900346039314,-0.08474900346039314,-0.2144980070697979,-0.2144980070697979,0.06062652509513371,0.20410274277941914,0.0762530500412558,0.36320548540982667,0.06062652509513371,0.20410274277941914,0.0762530500412558,0.36320548540982667
1916,0.09282700717449188,0.03500000014901161,0.260882902783368,0.8282323937292531,0.8282323937292531,1.6114647873094945,1.6114647873094945,0.8282323937292531,0.8282323937292531,0.8282323937292531,1.6114647873094945,1.6114647873094945,1.6114647873094945,0.6562086329274405,0.6562086329274405,1.2674172657058693,1.2674172657058693,0.6562086329274405,0.6578752995941072,0.6562086329274405,1.2674172657058693,1.2707505990392027,1.2674172657058693,0.8282323937292531,0.8282323937292531,1.6114647873094945,1.6114647873094945,0.8282323937292531,0.8282323937292531,1.6114647873094945,1.6114647873094945,0.740311516152836,0.7436448494861693,1.4356230321566603,1.442289698823327,0.740311516152836,0.7436448494861693,1.4356230321566603,1.442289698823327,0.8282323937292531,0.8282323937292531,1.6114647873094945,1.6114647873094945,0.8282323937292531,0.8282323937292531,1.6114647873094945,1.6114647873094945,0.38081165421507285,0.38081165421507285,0.7166233082811341,0.7166233082811341,0.38081165421507285,0.38081165421507285,0.7166233082811341,0.7166233082811341
1917,-0.23571428656578064,0.03999999910593033,0.1092096355631223,-0.0677243539003226,-0.0677243539003226,-0.18544870690657553,-0.18544870690657553,-0.0677243539003226,-0.0677243539003226,-0.0677243539003226,-0.18544870690657553,-0.18544870690657553,-0.18544870690657553,0.11328317994350647,0.11328317994350647,0.1765663607810826,0.1765663607810826,0.11328317994350647,0.11328317994350647,0.11328317994350647,0.1765663607810826,0.1765663607810826,0.1765663607810826,-0.0677243539003226,-0.0677243539003226,-0.18544870690657553,-0.18544870690657553,-0.0677243539003226,-0.0677243539003226,-0.18544870690657553,-0.18544870690657553,0.11328317994350647,0.11328317994350647,0.1765663607810826,0.1765663607810826,0.11328317994350647,0.11328317994350647,0.1765663607810826,0.1765663607810826,0.11907366592334756,0.11907366592334756,0.18814733274076478,0.18814733274076478,0.11907366592334756,0.11907366592334756,0.18814733274076478,0.18814733274076478,0.16939452464375854,0.16939452464375854,0.28878905018158674,0.28878905018158674,0.16939452464375854,0.16939452464375854,0.28878905018158674,0.28878905018158674
1918,0.24558822810649872,0.03999999910593033,0.09620763125258305,-0.19819166081292283,-0.19819166081292283,-0.446383320731776,-0.446383320731776,-0.19819166081292283,-0.19819166081292283,-0.19819166081292283,-0.446383320731776,-0.446383320731776,-0.446383320731776,-0.011467401785580287,-0.011467401785580287,-0.0729348026770909,-0.0729348026770909,-0.011467401785580287,-0.011467401785580287,-0.011467401785580287,-0.0729348026770909,-0.0729348026770909,-0.0729348026770909,0.2404272372896039,0.2404272372896039,0.4308544754732775,0.4308544754732775,0.2404272372896039,0.2404272372896039,0.4308544754732775,0.4308544754732775,0.09421793205534003,0.09421793205534003,0.13843586500474972,0.13843586500474972,0.09421793205534003,0.09421793205534003,0.13843586500474972,0.13843586500474972,0.2504272372896039,0.2504272372896039,0.4508544754732775,0.4508544754732775,0.2504272372896039,0.2504272372896039,0.4508544754732775,0.4508544754732775,0.09755126538867336,0.09755126538867336,0.14510253167141637,0.14510253167141637,0.09755126538867336,0.09755126538867336,0.14510253167141637,0.14510253167141637
1919,0.19620253145694733,0.03999999910593033,-0.11695158283663047,0.01775792673406707,0.01775792673406707,-0.014484145637796188,-0.014484145637796188,0.01775792673406707,0.01775792673406707,0.01775792673406707,-0.014484145637796188,-0.014484145637796188,-0.014484145637796188,-0.022187371651173377,-0.022187371651173377,-0.09437474240827709,-0.09437474240827709,-0.022187371651173377,-0.022187371651173377,-0.022187371651173377,-0.09437474240827709,-0.09437474240827709,-0.09437474240827709,-0.26052257314453453,-0.26052257314453453,-0.5710451453949994,-0.5710451453949994,-0.26052257314453453,-0.26052257314453453,-0.5710451453949994,-0.5710451453949994,-0.20762681220246648,-0.20762681220246648,-0.4652536235108633,-0.4652536235108633,-0.20762681220246648,-0.20762681220246648,-0.4652536235108633,-0.4652536235108633,-0.26052257314453453,-0.26052257314453453,-0.5710451453949994,-0.5710451453949994,-0.26052257314453453,-0.26052257314453453,-0.5710451453949994,-0.5710451453949994,-0.20762681220246648,-0.20762681220246648,-0.4652536235108633,-0.4652536235108633,-0.20762681220246648,-0.20762681220246648,-0.4652536235108633,-0.4652536235108633
1920,-0.17937219142913818,0.03999999910593033,-0.3435382926777725,-0.060342478232467626,-0.060342478232467626,-0.17068495557086558,-0.17068495557086558,-0.060342478232467626,-0.060342478232467626,-0.060342478232467626,-0.17068495557086558,-0.17068495557086558,-0.17068495557086558,-0.2193223271389603,-0.2193223271389603,-0.48864465338385094,-0.48864465338385094,-0.2193223271389603,-0.2193223271389603,-0.2193223271389603,-0.48864465338385094,-0.48864465338385094,-0.48864465338385094,-0.33183489743824846,-0.33183489743824846,-0.7136697939824272,-0.7136697939824272,-0.33183489743824846,-0.33183489743824846,-0.7136697939824272,-0.7136697939824272,-0.2494311036939931,-0.35045002610393083,-0.5488622064939165,-0.750900051313792,-0.2494311036939931,-0.35045002610393083,-0.5488622064939165,-0.750900051313792,-0.060342478232467626,-0.060342478232467626,-0.17068495557086558,-0.17068495557086558,-0.060342478232467626,-0.060342478232467626,-0.17068495557086558,-0.17068495557086558,-0.25336198168200574,-0.25336198168200574,-0.5567239624699418,-0.5567239624699418,-0.25336198168200574,-0.25336198168200574,-0.5567239624699418,-0.5567239624699418
1921,0.1409691572189331,0.03999999910593033,-0.08272222668545225,-0.014835589941972973,-0.1601524715118362,-0.07967117898987627,-0.37030494212960274,0.03499999910593033,0.03499999910593033,0.03499999910593033,0.01999999910593033,0.01999999910593033,0.01999999910593033,0.04321189581941018,-0.16640516801657096,0.03642379253289003,-0.38281033513907226,0.03499999910593033,0.03499999910593033,0.03499999910593033,0.01999999910593033,0.01999999910593033,0.01999999910593033,-0.1701524715118362,-0.1701524715118362,-0.39030494212960276,-0.39030494212960276,-0.1701524715118362,-0.1701524715118362,-0.39030494212960276,-0.39030494212960276,-0.014672968078292024,0.07564636295848068,-0.07934593526251438,0.10129272681103102,0.0019388949376757435,0.0019388949376757435,-0.046122209230578845,-0.046122209230578845,-0.1601524715118362,-0.1601524715118362,-0.37030494212960274,-0.37030494212960274,-0.1601524715118362,-0.1601524715118362,-0.37030494212960274,-0.37030494212960274,-0.10293869332435082,-0.14886295765510837,-0.255877385754632,-0.3477259144161471,-0.10293869332435082,-0.10173466592471417,-0.255877385754632,-0.2534693309553587
1922,0.27086183428764343,0.03999999910593033,0.26078159232309145,0.3167972807855537,0.4095852428622808,0.583594562465177,0.7691704866186313,0.3217972807855537,0.4145852428622808,0.3217972807855537,0.5935945624651771,0.7791704866186313,0.5935945624651771,0.36395114345537344,0.3743112937037719,0.6779022878048165,0.6986225883016135,0.36895114345537344,0.37597796037043857,0.36895114345537344,0.6879022878048165,0.7019559216349468,0.6879022878048165,0.4095852428622808,0.4095852428622808,0.7691704866186313,0.7691704866186313,0.4095852428622808,0.4095852428622808,0.7691704866186313,0.7691704866186313,0.24601601918365446,0.21427223811041274,0.4420320392613786,0.37854447711489514,0.16906207412308344,0.1615284136913805,0.28812414914023654,0.27305682827683064,0.4095852428622808,0.4095852428622808,0.7691704866186313,0.7691704866186313,0.4095852428622808,0.4095852428622808,0.7691704866186313,0.7691704866186313,0.13985195348154464,0.20760557144374608,0.22970390785715894,0.36521114378156183,0.1323182930498417,0.13398495971650837,0.21463658699375304,0.2179699203270864
1923,0.03416856378316879,0.03999999910593033,0.04566082370223421,0.4501870002581476,0.1380002556143789,0.8503740014103649,0.22600051212282746,0.4501870002581476,0.1380002556143789,0.4501870002581476,0.8503740014103649,0.22600051212282746,0.8503740014103649,0.20684989125170308,0.1292117940369125,0.36369978339747583,0.20842358896789465,0.20684989125170308,0.1292117940369125,0.20684989125170308,0.36369978339747583,0.20842358896789465,0.36369978339747583,0.003711844484265878,0.20727270861377578,-0.04257631013739857,0.3645454181216212,0.003711844484265878,0.20727270861377578,-0.04257631013739857,0.3645454181216212,0.04925447712323217,0.09126789675984245,0.048508955140534014,0.13253579441375457,0.05092114378989884,0.0921470905009583,0.051842288473867355,0.13429418189598627,0.20727270861377578,0.20727270861377578,0.3645454181216212,0.3645454181216212,0.20727270861377578,0.20727270861377578,0.3645454181216212,0.3645454181216212,0.05607338355619981,0.11237298715882178,0.062146768006469295,0.17474597521171323,0.05774005022286648,0.11070632049215512,0.06548010133980264,0.1714126418783799
1924,0.2526315748691559,0.03999999910593033,0.06976390436492494,0.051454189749742474,0.6721320566565385,0.05290838039355462,1.2942641142071467,0.051454189749742474,0.6721320566565385,0.051454189749742474,0.05290838039355462,1.2942641142071467,0.05290838039355462,0.27784535344558936,0.22031640993454701,0.5056907077852484,0.3906328207631637,0.27784535344558936,0.22031640993454701,0.27784535344558936,0.5056907077852484,0.3906328207631637,0.5056907077852484,0.1099498139304871,0.11994981393048709,0.16989962875504386,0.18989962875504385,0.1099498139304871,0.11994981393048709,0.16989962875504386,0.18989962875504385,0.061270256388164336,0.17763228538017808,0.07254051367039835,0.30526457165442583,0.061270256388164336,0.1759656187135114,0.07254051367039835,0.3019312383210925,0.11994981393048709,0.11994981393048709,0.18989962875504385,0.18989962875504385,0.11994981393048709,0.11994981393048709,0.18989962875504385,0.18989962875504385,0.13330236477771637,0.09443207428988414,0.2166047304495024,0.13886414947383793,0.13330236477771637,0.13586046263519108,0.2166047304495024,0.22172092616445183
1925,0.2854330539703369,0.03999999910593033,0.18027321830085608,-0.1432750743654574,-0.13327507436545738,-0.3365501478368451,-0.3165501478368451,-0.1432750743654574,-0.13327507436545738,-0.1432750743654574,-0.3365501478368451,-0.3165501478368451,-0.3365501478368451,0.01843417545204122,0.14364223307385843,-0.013131648201847888,0.23728446704178652,0.01843417545204122,0.14364223307385843,0.01843417545204122,-0.013131648201847888,0.23728446704178652,-0.013131648201847888,0.15954622589962986,-0.1432750743654574,0.2690924526933294,-0.3365501478368451,0.15954622589962986,-0.1432750743654574,0.2690924526933294,-0.3365501478368451,0.09078526452253599,0.12377701207443748,0.13157052993914164,0.19755402504294461,0.09078526452253599,0.12377701207443748,0.13157052993914164,0.19755402504294461,0.2560846420334355,0.2560846420334355,0.4621692849609407,0.4621692849609407,0.2560846420334355,0.2560846420334355,0.4621692849609407,0.4621692849609407,0.21068320849157582,0.2633463881863689,0.3713664178772213,0.4766927772668075,0.21068320849157582,0.19383923170323425,0.3713664178772213,0.33767846430053816
1926,0.13804173469543457,0.03999999910593033,0.19875771782625712,0.3434575968757321,0.07737323534051256,0.6369151946455338,0.10474647157509479,0.3434575968757321,0.07737323534051256,0.3434575968757321,0.6369151946455338,0.10474647157509479,0.6369151946455338,0.25731559878115434,0.21579790233385412,0.46463119845637835,0.3815958055617779,0.25731559878115434,0.21579790233385412,0.25731559878115434,0.46463119845637835,0.3815958055617779,0.46463119845637835,-0.413903445673677,-0.403903445673677,-0.8778068904532843,-0.8578068904532843,-0.413903445673677,-0.403903445673677,-0.8778068904532843,-0.8578068904532843,-0.05994353270811207,-0.043205237610301,-0.16988706452215446,-0.13641047432653233,-0.05994353270811207,-0.043205237610301,-0.16988706452215446,-0.13641047432653233,0.1462459981473394,0.1462459981473394,0.24249199718874848,0.24249199718874848,0.1462459981473394,0.1462459981473394,0.24249199718874848,0.24249199718874848,0.11373950411098203,0.11897848302096126,0.17747900911603373,0.18795696693599218,0.11373950411098203,0.11731181635429459,0.17747900911603373,0.18462363360265885
1927,0.3513713777065277,0.03999999910593033,0.2845502519037953,-0.07986049495563528,-0.07986049495563528,-0.2097209890172009,-0.2097209890172009,-0.07986049495563528,-0.07986049495563528,-0.07986049495563528,-0.2097209890172009,-0.2097209890172009,-0.2097209890172009,0.2374912823157815,0.19361145429734952,0.4249825655256327,0.3372229094887687,0.2374912823157815,0.19361145429734952,0.2374912823157815,0.4249825655256327,0.3372229094887687,0.4249825655256327,0.060721279745480146,0.07346598915024162,0.07144256038502997,0.0969319791945529,0.060721279745480146,0.07346598915024162,0.07144256038502997,0.0969319791945529,0.07044582378735792,0.38215014300475636,0.0908916484687855,0.7143002869035824,0.07044582378735792,0.38215014300475636,0.0908916484687855,0.7143002869035824,0.09157284012152746,0.7216130621574997,0.13314568113712458,1.393226125209069,0.09157284012152746,0.7216130621574997,0.13314568113712458,1.393226125209069,0.3108003555289568,0.36283055387165397,0.5716007119519833,0.6756611086373776,0.3108003555289568,0.36283055387165397,0.5716007119519833,0.6756611086373776
1928,0.37457045912742615,0.039596520364284515,0.18014105848131529,0.2500195021629521,0.2500195021629521,0.4504424839616197,0.4504424839616197,0.2500195021629521,0.2500195021629521,0.2500195021629521,0.4504424839616197,0.4504424839616197,0.4504424839616197,0.21544789716200272,0.21544789716200272,0.3812992739597209,0.3812992739597209,0.21544789716200272,0.21544789716200272,0.21544789716200272,0.3812992739597209,0.3812992739597209,0.3812992739597209,-0.086121071399466,-0.086121071399466,-0.22183866316321652,-0.22183866316321652,-0.086121071399466,-0.086121071399466,-0.22183866316321652,-0.22183866316321652,0.021304979497485558,0.07605187065768448,-0.0069865613693134015,0.10250722095108444,0.021304979497485558,0.07605187065768448,-0.0069865613693134015,0.10250722095108444,-0.086121071399466,-0.076121071399466,-0.22183866316321652,-0.20183866316321653,-0.086121071399466,-0.076121071399466,-0.22183866316321652,-0.20183866316321653,0.16315104423678992,0.16648437757012324,0.2767055681092953,0.28337223477596196,0.16315104423678992,0.16648437757012324,0.2767055681092953,0.28337223477596196
1929,-0.03369330242276192,0.040735989809036255,-0.07980348352294275,-0.01035643101053362,-0.01035643101053362,-0.0714488518301035,-0.0714488518301035,-0.01035643101053362,-0.01035643101053362,-0.01035643101053362,-0.0714488518301035,-0.0714488518301035,-0.0714488518301035,-0.1190309398852333,-0.1190309398852333,-0.2887978695795029,-0.2887978695795029,-0.1190309398852333,-0.1190309398852333,-0.1190309398852333,-0.2887978695795029,-0.2887978695795029,-0.2887978695795029,-0.22888185530400096,-0.22888185530400096,-0.5084997004170382,-0.5084997004170382,-0.22888185530400096,-0.22888185530400096,-0.5084997004170382,-0.5084997004170382,-0.16374063125453647,-0.16040729792120315,-0.3782172523181092,-0.37155058565144256,-0.16374063125453647,-0.16040729792120315,-0.3782172523181092,-0.37155058565144256,-0.04369330242276192,-0.04369330242276192,-0.1381225946545601,-0.1381225946545601,-0.04369330242276192,-0.04369330242276192,-0.1381225946545601,-0.1381225946545601,-0.08454038028468462,-0.08454038028468462,-0.2198167503784055,-0.2198167503784055,-0.08454038028468462,-0.08454038028468462,-0.2198167503784055,-0.2198167503784055
1930,-0.22943925857543945,0.040352221578359604,-0.16869138544705392,0.09647423374605159,-0.07129473209739688,0.14259624591374356,-0.19294168577315338,0.09647423374605159,-0.07129473209739688,0.09647423374605159,0.14259624591374356,-0.19294168577315338,0.14259624591374356,0.10428625287317785,-0.09533981820023568,0.15822028416799608,-0.24103185797883098,0.10428625287317785,-0.09533981820023568,0.10428625287317785,0.15822028416799608,-0.24103185797883098,0.15822028416799608,0.09647423374605159,-0.27619559781444114,0.14259624591374356,-0.6027434172072419,0.09647423374605159,-0.27619559781444114,0.14259624591374356,-0.6027434172072419,-0.11082423878318329,-0.22279540289034697,-0.2720006991447262,-0.49594302735905355,-0.11082423878318329,-0.22279540289034697,-0.2720006991447262,-0.49594302735905355,0.10095689969288248,-0.04357999935019962,0.15156157780740534,-0.13751222027875884,0.10095689969288248,-0.04357999935019962,0.15156157780740534,-0.13751222027875884,-0.054020786077585536,-0.16135376025237028,-0.15839379373353069,-0.37305974208310017,-0.054020786077585536,-0.16135376025237028,-0.15839379373353069,-0.37305974208310017
1931,-0.40296581387519836,0.04149239882826805,-0.2614694375753973,-0.09359332547993769,-0.1580260993549285,-0.23867904978814344,-0.3675445975381251,-0.09359332547993769,0.036492398828268054,-0.09359332547993769,-0.23867904978814344,0.021492398828268054,-0.23867904978814344,-0.06439645403309179,-0.19857589890569524,-0.18028530689445163,-0.44864419663965854,-0.06439645403309179,0.036492398828268054,-0.06439645403309179,-0.18028530689445163,0.021492398828268054,-0.18028530689445163,-0.006285653787441281,-0.1580260993549285,-0.06406370640315062,-0.3675445975381251,-0.006285653787441281,-0.1580260993549285,-0.06406370640315062,-0.3675445975381251,-0.03986436713327734,-0.37312139956625695,-0.13122113309482272,-0.797735197960782,-0.03986436713327734,-0.17599615622033038,-0.13122113309482272,-0.4034847112689288,-0.00971412213245304,-0.17277988234994424,-0.07092064309317414,-0.39705216352815653,-0.00971412213245304,-0.17277988234994424,-0.07092064309317414,-0.39705216352815653,-0.04020986184654999,-0.3459633000063622,-0.13191212252136802,-0.7434189988409925,-0.04020986184654999,-0.3459633000063622,-0.13191212252136802,-0.7434189988409925
1932,-0.13270142674446106,0.034688811749219894,-0.09892272862712032,-0.04857794684916127,-0.04857794684916127,-0.14184470544754244,-0.14184470544754244,-0.04857794684916127,-0.04357794684916127,-0.04857794684916127,-0.14184470544754244,-0.13184470544754243,-0.14184470544754244,-0.12061437216934107,-0.2439892574847554,-0.28591755608790204,-0.5326673267187306,-0.12061437216934107,-0.12012919740264248,-0.12061437216934107,-0.28591755608790204,-0.28494720655450484,-0.28591755608790204,-0.03822894568393853,-0.32689136849711886,-0.12114670311709697,-0.6984715487434576,-0.03822894568393853,0.029688811749219893,-0.12114670311709697,0.01468881174921989,-0.06559315801591385,-0.29568703521366296,-0.1758751277810476,-0.6360628821765458,-0.06559315801591385,0.03135547841588656,-0.1758751277810476,0.018022145082553225,-0.04822894568393853,-0.040959421434747505,-0.14114670311709696,-0.1266076546187149,-0.04822894568393853,0.029688811749219893,-0.14114670311709696,0.01468881174921989,-0.05209634105503576,-0.048745628403379065,-0.14888149385929142,-0.14218006855597803,-0.05209634105503576,0.029688811749219893,-0.14888149385929142,0.01468881174921989
1933,0.5263929963111877,0.030792640522122383,0.5399552638617298,0.8867621827075456,0.2860394684056262,1.7327317248929688,0.53128629628913,0.8867621827075456,0.2860394684056262,0.2860394684056262,1.7327317248929688,0.53128629628913,0.53128629628913,0.483341884715051,0.4873858259046018,0.9258911289079796,0.9339790112870812,0.483341884715051,0.4890524925712684,0.2752863093933316,0.9258911289079796,0.9373123446204145,0.5097799782645408,0.27722400303198125,0.4934522230089722,0.5136553655418401,0.946111805495822,0.27722400303198125,0.030792640522122383,0.5136553655418401,0.02079264052212238,0.3583931084495348,0.5417963014066822,0.6759935763769472,1.042799962291242,0.3583931084495348,0.030792640522122383,0.6759935763769472,0.02079264052212238,0.15678265616807519,0.2860394684056262,0.272772671814028,0.53128629628913,0.15678265616807519,0.030792640522122383,0.272772671814028,0.02079264052212238,0.3312288878306059,0.3938147626847859,0.6216651351390894,0.7468368848474494,0.3312288878306059,0.030792640522122383,0.6216651351390894,0.02079264052212238
1934,-0.026078233495354652,0.027821529656648636,0.26985934311400334,0.12586602614543696,-0.022631036465366787,0.21391052263422528,-0.0830836025873822,0.12586602614543696,-0.022631036465366787,-0.022631036465366787,0.21391052263422528,-0.0830836025873822,-0.0830836025873822,0.05905826960982985,0.09241880849266923,0.08029500956301105,0.14701608732868982,0.05905826960982985,0.09241880849266923,0.04114603851766941,0.08029500956301105,0.14701608732868982,0.04447054737869018,0.11586602614543696,0.4510824474779529,0.19391052263422529,0.8643433652992571,0.11586602614543696,0.4560824474779529,0.19391052263422529,0.8743433652992572,0.4614486727834412,0.39003267126377544,0.8850758159102338,0.7422438128709022,0.4614486727834412,0.39503267126377545,0.8850758159102338,0.7522438128709023,0.11586602614543696,0.07212933286895563,0.19391052263422529,0.10643713608126262,0.11586602614543696,0.027821529656648636,0.19391052263422529,0.017821529656648634,0.4782544839106966,0.2631600427226652,0.9186874381647445,0.48849855578868173,0.4782544839106966,0.027821529656648636,0.9186874381647445,0.017821529656648634
1935,0.4589632749557495,0.02287467010319233,0.14379344503316177,-0.16452749409626444,0.0675780894092677,-0.3619296582957212,0.10228150871534306,-0.16452749409626444,0.0675780894092677,-0.16452749409626444,-0.3619296582957212,0.10228150871534306,-0.3619296582957212,-0.0777668108614328,0.049797092893728884,-0.18840829182605795,0.06671951568426543,-0.0777668108614328,0.049797092893728884,-0.0777668108614328,-0.18840829182605795,0.06671951568426543,-0.18840829182605795,-0.16452749409626444,0.0675780894092677,-0.3619296582957212,0.10228150871534306,-0.16452749409626444,0.0675780894092677,-0.3619296582957212,0.10228150871534306,-0.013264559173862857,0.10466585130498134,-0.059403788450918045,0.17645703250677033,-0.013264559173862857,0.10466585130498134,-0.059403788450918045,0.17645703250677033,-0.16452749409626444,0.0675780894092677,-0.3619296582957212,0.10228150871534306,-0.16452749409626444,0.07257808940926769,-0.3619296582957212,0.11228150871534304,-0.07243513212049264,0.09201311370115521,-0.17774493434417762,0.15115155729911808,-0.07243513212049264,0.09034644703448853,-0.17774493434417762,0.14781822396578473
1936,0.36349692940711975,0.019324960187077522,0.22199683138443485,-0.16908360139568546,-0.16908360139568546,-0.36749216297844844,-0.36749216297844844,-0.16908360139568546,-0.16908360139568546,-0.16908360139568546,-0.36749216297844844,-0.36749216297844844,-0.36749216297844844,0.17420019288507327,0.17420019288507327,0.319075425583069,0.319075425583069,0.17420019288507327,0.17420019288507327,0.17420019288507327,0.319075425583069,0.319075425583069,0.319075425583069,-0.16908360139568546,-0.16908360139568546,-0.36749216297844844,-0.36749216297844844,-0.16908360139568546,-0.16908360139568546,-0.36749216297844844,-0.36749216297844844,0.12305848676319035,0.12305848676319035,0.21679201333930317,0.21679201333930317,0.12305848676319035,0.12305848676319035,0.21679201333930317,0.21679201333930317,0.20534562498890874,0.20534562498890874,0.38136628979073994,0.38136628979073994,0.20534562498890874,0.20534562498890874,0.38136628979073994,0.38136628979073994,0.04923040317118148,0.23154745348601494,0.06913584615528542,0.43376994678495234,0.04923040317118148,0.23154745348601494,0.06913584615528542,0.43376994678495234
1937,-0.3071512281894684,0.01835577003657818,-0.06137508733272008,-0.02631502513610317,-0.02631502513610317,-0.08098582030878451,-0.08098582030878451,-0.02631502513610317,-0.02631502513610317,-0.02631502513610317,-0.08098582030878451,-0.08098582030878451,-0.08098582030878451,-0.07158438898208311,-0.07158438898208311,-0.1715245480007444,-0.1715245480007444,-0.07158438898208311,-0.07158438898208311,-0.07158438898208311,-0.1715245480007444,-0.1715245480007444,-0.1715245480007444,-0.02631502513610317,-0.02631502513610317,-0.08098582030878451,-0.08098582030878451,-0.02631502513610317,-0.02631502513610317,-0.08098582030878451,-0.08098582030878451,-0.1780238627500699,-0.1780238627500699,-0.384403495536718,-0.384403495536718,-0.1780238627500699,-0.1780238627500699,-0.384403495536718,-0.384403495536718,0.00953223817144889,0.00953223817144889,-0.0092912936936804,-0.0092912936936804,0.00953223817144889,0.00953223817144889,-0.0092912936936804,-0.0092912936936804,-0.01863293888580515,-0.011966272219138483,-0.06562164780818848,-0.052288314474855144,-0.01863293888580515,-0.011966272219138483,-0.06562164780818848,-0.052288314474855144
1938,0.19782213866710663,0.018016459420323372,-0.020605537123132657,-0.05655286495669775,-0.05655286495669775,-0.14112218933371887,-0.14112218933371887,-0.05655286495669775,-0.05655286495669775,-0.05655286495669775,-0.14112218933371887,-0.14112218933371887,-0.14112218933371887,-0.05428167610424153,-0.05428167610424153,-0.13657981162880645,-0.13657981162880645,-0.05428167610424153,-0.05428167610424153,-0.05428167610424153,-0.13657981162880645,-0.13657981162880645,-0.13657981162880645,-0.058713486502316996,-0.058713486502316996,-0.14544343242495736,-0.14544343242495736,-0.058713486502316996,-0.058713486502316996,-0.14544343242495736,-0.14544343242495736,-0.035729777932522105,-0.035729777932522105,-0.09947601528536759,-0.09947601528536759,-0.035729777932522105,-0.035729777932522105,-0.09947601528536759,-0.09947601528536759,-0.058713486502316996,-0.058713486502316996,-0.14544343242495736,-0.14544343242495736,-0.058713486502316996,-0.058713486502316996,-0.14544343242495736,-0.14544343242495736,-0.035729777932522105,-0.035729777932522105,-0.09947601528536759,-0.09947601528536759,-0.035729777932522105,-0.035729777932522105,-0.09947601528536759,-0.09947601528536759
1939,0.02364066056907177,0.016273990273475647,0.04264828329662949,0.01364066056907177,0.01364066056907177,0.00100733086466789,0.00100733086466789,0.01364066056907177,0.01364066056907177,0.01364066056907177,0.00100733086466789,0.00100733086466789,0.00100733086466789,-0.10311231514652969,-0.05252133438864644,-0.23249862056653503,-0.13131665905076853,-0.10311231514652969,-0.0481626533113895,-0.13895304110531795,-0.23249862056653503,-0.12259929689625465,-0.30418007248411155,-0.06706557668628287,-0.06706557668628287,-0.1604051436460414,-0.1604051436460414,-0.06706557668628287,-0.06706557668628287,-0.1604051436460414,-0.1604051436460414,-0.020404979470233415,-0.020404979470233415,-0.06708394921394248,-0.06708394921394248,-0.020404979470233415,-0.020404979470233415,-0.06708394921394248,-0.06708394921394248,-0.06706557668628287,-0.06706557668628287,-0.1604051436460414,-0.1604051436460414,-0.06706557668628287,-0.06706557668628287,-0.1604051436460414,-0.1604051436460414,-0.020404979470233415,-0.020404979470233415,-0.06708394921394248,-0.06708394921394248,-0.020404979470233415,-0.020404979470233415,-0.06708394921394248,-0.06708394921394248
1940,-0.0945836752653122,0.014513099566102028,0.193814689785492,-0.04729930493471545,-0.04729930493471545,-0.11911170943553293,-0.11911170943553293,-0.04729930493471545,-0.04729930493471545,-0.04729930493471545,-0.11911170943553293,-0.11911170943553293,-0.11911170943553293,0.13711820061246086,0.13711820061246086,0.24972330165881967,0.24972330165881967,0.13711820061246086,0.13878486727912753,0.0034383568102800133,0.24972330165881967,0.25305663499215303,-0.017636385945542003,1.2916794100318447,1.2916794100318447,2.5588457204975876,2.5588457204975876,1.2916794100318447,1.2916794100318447,2.5588457204975876,2.5588457204975876,0.4262590290015722,0.5834444389346476,0.8280049584370424,1.1423757783031931,0.4262590290015722,0.5834444389346476,0.8280049584370424,1.1423757783031931,0.14891050074759393,0.14891050074759393,0.27330790192908583,0.27330790192908583,0.14891050074759393,0.14891050074759393,0.27330790192908583,0.27330790192908583,0.12600582435293223,0.12600582435293223,0.22749854913976242,0.22749854913976242,0.12600582435293223,0.12600582435293223,0.22749854913976242,0.22749854913976242
1941,-0.10066476464271545,0.013585779815912247,0.22579510316590373,-0.28612915491170066,-0.28612915491170066,-0.5958440896393136,-0.5958440896393136,-0.28612915491170066,-0.28612915491170066,-0.28612915491170066,-0.5958440896393136,-0.5958440896393136,-0.5958440896393136,0.15274795100375174,0.15274795100375174,0.28191012219159123,0.28191012219159123,0.15274795100375174,0.15274795100375174,0.13980912568675774,0.28191012219159123,0.28191012219159123,0.2560324715576032,-0.27612915491170065,-0.27612915491170065,-0.5758440896393135,-0.5758440896393135,-0.27612915491170065,-0.27612915491170065,-0.5758440896393135,-0.5758440896393135,0.21766692135432958,0.21766692135432958,0.4117480628927469,0.4117480628927469,0.21766692135432958,0.21766692135432958,0.4117480628927469,0.4117480628927469,-0.28612915491170066,-0.28612915491170066,-0.5958440896393136,-0.5958440896393136,-0.28612915491170066,-0.28612915491170066,-0.5958440896393136,-0.5958440896393136,0.15274795100375174,0.15274795100375174,0.28191012219159123,0.28191012219159123,0.15274795100375174,0.15274795100375174,0.28191012219159123,0.28191012219159123
1942,0.15410959720611572,0.012112190015614033,0.1630269551215815,0.07234989409210325,0.07234989409210325,0.12258759816859247,0.12258759816859247,0.07234989409210325,0.07234989409210325,0.07234989409210325,0.12258759816859247,0.12258759816859247,0.12258759816859247,0.30226551852853045,0.30226551852853045,0.5824188470414469,0.5824188470414469,0.30226551852853045,0.30226551852853045,0.30226551852853045,0.5824188470414469,0.5824188470414469,0.5824188470414469,0.07234989409210325,0.07234989409210325,0.12258759816859247,0.12258759816859247,0.07234989409210325,0.07234989409210325,0.12258759816859247,0.12258759816859247,-0.22906191734238823,-0.22906191734238823,-0.4802360247003905,-0.4802360247003905,-0.22906191734238823,-0.22906191734238823,-0.4802360247003905,-0.4802360247003905,0.07234989409210325,0.07234989409210325,0.12258759816859247,0.12258759816859247,0.07234989409210325,0.07234989409210325,0.12258759816859247,0.12258759816859247,-0.23823026434741368,-0.23823026434741368,-0.4985727187104414,-0.4985727187104414,-0.23823026434741368,-0.23823026434741368,-0.4985727187104414,-0.4985727187104414
1943,0.2699579894542694,0.009783271700143814,0.10165251433881847,0.01153950184583664,0.01153950184583664,0.0032957319915294624,0.0032957319915294624,0.01153950184583664,0.01153950184583664,0.01153950184583664,0.0032957319915294624,0.0032957319915294624,0.0032957319915294624,-0.06018221075336139,-0.06018221075336139,-0.1401476932068666,-0.1401476932068666,-0.06018221075336139,-0.06018221075336139,-0.06018221075336139,-0.1401476932068666,-0.1401476932068666,-0.1401476932068666,-0.08733639121055603,-0.08733639121055603,-0.19445605412125588,-0.19445605412125588,-0.08733639121055603,-0.08733639121055603,-0.19445605412125588,-0.19445605412125588,-0.08757817139228186,-0.08757817139228186,-0.19493961448470754,-0.19493961448470754,-0.08757817139228186,-0.08757817139228186,-0.19493961448470754,-0.19493961448470754,-0.08733639121055603,-0.08733639121055603,-0.19445605412125588,-0.19445605412125588,-0.08733639121055603,-0.08733639121055603,-0.19445605412125588,-0.19445605412125588,-0.11886879195769628,-0.11886879195769628,-0.2575208556155364,-0.2575208556155364,-0.11886879195769628,-0.11886879195769628,-0.2575208556155364,-0.2575208556155364
1944,0.19686411321163177,0.009044098667800426,0.05320084943826777,0.16808262936032192,0.16808262936032192,0.3171211600528434,0.3171211600528434,0.16808262936032192,0.16808262936032192,0.16808262936032192,0.3171211600528434,0.3171211600528434,0.3171211600528434,0.13905291773132608,0.13905291773132608,0.2590617367948517,0.2590617367948517,0.13905291773132608,0.13905291773132608,0.13612510529410962,0.2590617367948517,0.2590617367948517,0.2532061119204188,0.12804632425308227,0.12804632425308227,0.2370485498383641,0.2370485498383641,0.12804632425308227,0.12804632425308227,0.2370485498383641,0.2370485498383641,-0.009807029813528061,-0.009807029813528061,-0.038658158294856554,-0.038658158294856554,-0.009807029813528061,-0.009807029813528061,-0.038658158294856554,-0.038658158294856554,-0.18624176145821958,-0.18624176145821958,-0.3915276215842396,-0.3915276215842396,-0.18624176145821958,-0.18624176145821958,-0.3915276215842396,-0.3915276215842396,-0.0944380482823655,-0.0944380482823655,-0.20792019523253144,-0.20792019523253144,-0.0944380482823655,-0.0944380482823655,-0.20792019523253144,-0.20792019523253144
1945,0.37328243255615234,0.009133612737059593,-0.059919141513090995,0.36328243255615233,0.36328243255615233,0.7074312523752451,0.7074312523752451,0.36328243255615233,0.36328243255615233,0.36328243255615233,0.7074312523752451,0.7074312523752451,0.7074312523752451,-0.004862425624935364,-0.004862425624935364,-0.028858463986930323,-0.028858463986930323,-0.004862425624935364,-0.004862425624935364,-0.004862425624935364,-0.028858463986930323,-0.028858463986930323,-0.028858463986930323,0.06991985769989717,0.06991985769989717,0.12070610266273474,0.12070610266273474,0.06991985769989717,0.06991985769989717,0.12070610266273474,0.12070610266273474,0.022916651781590122,0.022916651781590122,0.02669969082612065,0.02669969082612065,0.022916651781590122,0.022916651781590122,0.02669969082612065,0.02669969082612065,-0.018135979771614075,-0.018135979771614075,-0.055405572280287745,-0.055405572280287745,-0.018135979771614075,-0.018135979771614075,-0.055405572280287745,-0.055405572280287745,-0.10612151219048804,-0.10612151219048804,-0.2313766371180357,-0.2313766371180357,-0.10612151219048804,-0.10612151219048804,-0.2313766371180357,-0.2313766371180357
1946,-0.08597806841135025,0.009413247928023338,-0.1471067052910164,-0.08597806841135025,-0.08597806841135025,-0.19136938475072385,-0.19136938475072385,-0.08597806841135025,-0.08597806841135025,-0.08597806841135025,-0.19136938475072385,-0.19136938475072385,-0.19136938475072385,-0.10351505546862708,-0.10351505546862708,-0.2264433588652775,-0.2264433588652775,-0.10351505546862708,-0.10351505546862708,-0.10351505546862708,-0.2264433588652775,-0.2264433588652775,-0.2264433588652775,-0.09597806841135025,-0.09597806841135025,-0.21136938475072384,-0.21136938475072384,-0.09597806841135025,-0.09597806841135025,-0.21136938475072384,-0.21136938475072384,0.08408671652786752,0.08408671652786752,0.1487601851277117,0.1487601851277117,0.08408671652786752,0.08408671652786752,0.1487601851277117,0.1487601851277117,-0.08527329355720357,-0.08527329355720357,-0.1899598350424305,-0.1899598350424305,-0.08527329355720357,-0.08527329355720357,-0.1899598350424305,-0.1899598350424305,-0.10165922069878604,-0.10165922069878604,-0.22273168932559542,-0.22273168932559542,-0.10165922069878604,-0.10165922069878604,-0.22273168932559542,-0.22273168932559542
1947,0.048909448087215424,0.010075880214571953,-0.02051938345224343,-0.15925412489817703,-0.15925412489817703,-0.338584130010926,-0.338584130010926,-0.15925412489817703,-0.15925412489817703,-0.15925412489817703,-0.338584130010926,-0.338584130010926,-0.338584130010926,-0.10606652825040826,-0.12273361036513733,-0.23220893671538848,-0.2655431009448466,-0.10606652825040826,-0.12273361036513733,-0.10606652825040826,-0.23220893671538848,-0.2655431009448466,-0.23220893671538848,-0.05462456703186024,-0.05462456703186024,-0.12932501427829243,-0.12932501427829243,-0.05462456703186024,-0.05462456703186024,-0.12932501427829243,-0.12932501427829243,-0.053345752703339855,-0.053345752703339855,-0.12676738562125167,-0.12676738562125167,-0.053345752703339855,-0.053345752703339855,-0.12676738562125167,-0.12676738562125167,0.03890944808721542,0.03890944808721542,0.05774301595985889,0.05774301595985889,0.03890944808721542,0.03890944808721542,0.05774301595985889,0.05774301595985889,-0.05111637792281554,-0.05111637792281554,-0.12230863606020304,-0.12230863606020304,-0.05111637792281554,-0.05111637792281554,-0.12230863606020304,-0.12230863606020304
1948,0.0725216269493103,0.011765670031309128,-0.05743176375432331,0.28847058741485365,0.28847058741485365,0.5551755047983982,0.5551755047983982,0.28847058741485365,0.28847058741485365,0.28847058741485365,0.5551755047983982,0.5551755047983982,0.5551755047983982,0.15798270256269267,0.12315280247399098,0.2941997350940762,0.22453993491667282,0.15798270256269267,0.12315280247399098,0.15798270256269267,0.2941997350940762,0.22453993491667282,0.2941997350940762,0.01846619305780895,0.01846619305780895,0.015166716084308772,0.015166716084308772,0.01846619305780895,0.01846619305780895,0.015166716084308772,0.015166716084308772,0.024824254353781144,0.024824254353781144,0.027882838676253158,0.027882838676253158,0.024824254353781144,0.024824254353781144,0.027882838676253158,0.027882838676253158,0.12016385788267316,0.12016385788267316,0.21856204573403717,0.21856204573403717,0.12016385788267316,0.12016385788267316,0.21856204573403717,0.21856204573403717,0.0703838926299308,0.0703838926299308,0.11900211522855247,0.11900211522855247,0.0703838926299308,0.0703838926299308,0.11900211522855247,0.11900211522855247
1949,0.16392362117767334,0.010794909670948982,0.06933684980925937,0.19420258871403062,0.19420258871403062,0.36761026775711225,0.36761026775711225,0.19420258871403062,0.19420258871403062,0.19420258871403062,0.36761026775711225,0.36761026775711225,0.36761026775711225,0.05738356255251113,0.008336293096790372,0.09397221543407328,-0.004122323477368239,0.05738356255251113,0.008336293096790372,0.05738356255251113,0.09397221543407328,-0.004122323477368239,0.09397221543407328,0.0827489090682867,0.0827489090682867,0.14470290846562442,0.14470290846562442,0.0827489090682867,0.0827489090682867,0.14470290846562442,0.14470290846562442,-0.03593196109995811,-0.03593196109995811,-0.09265883187086521,-0.09265883187086521,-0.03593196109995811,-0.03593196109995811,-0.09265883187086521,-0.09265883187086521,0.15392362117767333,0.15392362117767333,0.28705233268439767,0.28705233268439767,0.15392362117767333,0.15392362117767333,0.28705233268439767,0.28705233268439767,-0.012207057063495895,-0.012207057063495895,-0.04520902379794077,-0.04520902379794077,-0.012207057063495895,-0.012207057063495895,-0.04520902379794077,-0.04520902379794077
1950,0.28295043110847473,0.011071509681642056,0.1415025960111323,0.3158278045654297,0.3158278045654297,0.6105840994492173,0.6105840994492173,0.3158278045654297,0.3158278045654297,0.3158278045654297,0.6105840994492173,0.6105840994492173,0.6105840994492173,-0.006549330788919422,0.15700903612300063,-0.0341701712594809,0.2929465625643592,-0.006549330788919422,0.15700903612300063,-0.006549330788919422,-0.0341701712594809,0.2929465625643592,-0.0341701712594809,0.025131532902809013,0.025131532902809013,0.02919155612397597,0.02919155612397597,0.025131532902809013,0.025131532902809013,0.02919155612397597,0.02919155612397597,0.1017582333932079,0.20463658952557115,0.18244495710477374,0.38820166936950024,0.1017582333932079,0.20463658952557115,0.18244495710477374,0.38820166936950024,0.28295043110847473,0.28295043110847473,0.5448293525353074,0.5448293525353074,0.28295043110847473,0.28295043110847473,0.5448293525353074,0.5448293525353074,0.11718049929273937,0.13845820937412795,0.21328948890383667,0.25584490906661383,0.11718049929273937,0.13845820937412795,0.21328948890383667,0.25584490906661383
1951,0.25670886039733887,0.011931709945201874,0.2506598933090114,0.02591920807957649,0.20376539658809056,0.029906706213951105,0.38559908323097924,0.02591920807957649,0.20376539658809056,0.02591920807957649,0.029906706213951105,0.38559908323097924,0.029906706213951105,0.08347724360442556,0.5593141242767917,0.14502277726364923,1.0966965386083816,0.08347724360442556,0.5593141242767917,0.08347724360442556,0.14502277726364923,1.0966965386083816,0.14502277726364923,0.29670068935416216,0.29670068935416216,0.5714696687631224,0.5714696687631224,0.29670068935416216,0.29670068935416216,0.5714696687631224,0.5714696687631224,0.1876215049293671,0.19095483826270043,0.35331129991353233,0.359977966580199,0.1876215049293671,0.19095483826270043,0.35331129991353233,0.359977966580199,0.1431535093335139,0.1431535093335139,0.2643753087218259,0.2643753087218259,0.1431535093335139,0.1431535093335139,0.2643753087218259,0.2643753087218259,0.192002261343417,0.19533559467675032,0.3620728127416321,0.36873947940829876,0.192002261343417,0.19533559467675032,0.3620728127416321,0.36873947940829876
1952,0.17257581651210785,0.013198410160839558,0.1678200125934545,0.20791709959506988,0.20791709959506988,0.3926357890293002,0.3926357890293002,0.20791709959506988,0.20791709959506988,0.20791709959506988,0.3926357890293002,0.3926357890293002,0.3926357890293002,0.4202532958433265,0.3815281832226859,0.8173081815258134,0.7398579562845322,0.4202532958433265,0.3815281832226859,0.4202532958433265,0.8173081815258134,0.7398579562845322,0.8173081815258134,-0.015133132795234983,-0.015133132795234983,-0.053464675751309525,-0.053464675751309525,-0.015133132795234983,-0.015133132795234983,-0.053464675751309525,-0.053464675751309525,0.065559471591327,0.065559471591327,0.10792053302181442,0.10792053302181442,0.065559471591327,0.065559471591327,0.10792053302181442,0.10792053302181442,0.01278206230798352,0.01278206230798352,0.0023657144551274788,0.0023657144551274788,0.01278206230798352,0.01278206230798352,0.0023657144551274788,0.0023657144551274788,0.05340824867495213,0.05340824867495213,0.08361808718906469,0.08361808718906469,0.05340824867495213,0.05340824867495213,0.08361808718906469,0.08361808718906469
1953,0.009216589853167534,0.014211400412023067,0.1893580065026238,0.48760056980724986,0.48760056980724986,0.9509897392024766,0.9509897392024766,0.48760056980724986,0.48760056980724986,0.48760056980724986,0.9509897392024766,0.9509897392024766,0.9509897392024766,0.22100649484362117,0.27663158271787736,0.41780158927521927,0.5290517650237316,0.22100649484362117,0.27663158271787736,0.22100649484362117,0.41780158927521927,0.5290517650237316,0.41780158927521927,0.24189876556396483,0.24189876556396483,0.4595861307159066,0.4595861307159066,0.24189876556396483,0.24189876556396483,0.4595861307159066,0.4595861307159066,0.24623864174146076,0.24623864174146076,0.46826588307089845,0.46826588307089845,0.24623864174146076,0.24623864174146076,0.46826588307089845,0.46826588307089845,0.48760056980724986,0.48760056980724986,0.9509897392024766,0.9509897392024766,0.48760056980724986,0.48760056980724986,0.9509897392024766,0.9509897392024766,0.19240419081427826,0.19240419081427826,0.36059698121653344,0.36059698121653344,0.19240419081427826,0.19240419081427826,0.36059698121653344,0.36059698121653344
1954,0.4703987240791321,0.015180240385234356,0.40447470829688204,-0.05504257699369264,-0.05504257699369264,-0.13526539437261964,-0.13526539437261964,-0.05504257699369264,-0.05504257699369264,-0.05504257699369264,-0.13526539437261964,-0.13526539437261964,-0.13526539437261964,0.423892207665559,0.423892207665559,0.8226041749458837,0.8226041749458837,0.423892207665559,0.423892207665559,0.423892207665559,0.8226041749458837,0.8226041749458837,0.8226041749458837,-0.06504257699369263,-0.06504257699369263,-0.15526539437261963,-0.15526539437261963,-0.06504257699369263,-0.06504257699369263,-0.15526539437261963,-0.15526539437261963,0.6659238053814078,0.6659238053814078,1.3066673703775813,1.3066673703775813,0.6659238053814078,0.6659238053814078,1.3066673703775813,1.3066673703775813,0.166619416281665,0.166619416281665,0.3080585921780956,0.3080585921780956,0.166619416281665,0.166619416281665,0.3080585921780956,0.3080585921780956,0.09084118771263354,0.17889427089319904,0.1565021350400327,0.3326083014011637,0.09084118771263354,0.17889427089319904,0.1565021350400327,0.3326083014011637
1955,0.34429511427879333,0.01625104993581772,0.1782746328123887,-0.08615476607894278,-0.08615476607894278,-0.19856058209370328,-0.19856058209370328,-0.08615476607894278,-0.08615476607894278,-0.08615476607894278,-0.19856058209370328,-0.19856058209370328,-0.19856058209370328,0.07222047015626092,0.07222047015626092,0.1181898903767041,0.1181898903767041,0.07222047015626092,0.07222047015626092,0.07222047015626092,0.1181898903767041,0.1181898903767041,0.1181898903767041,-0.08615476607894278,-0.08615476607894278,-0.19856058209370328,-0.19856058209370328,-0.08615476607894278,-0.08615476607894278,-0.19856058209370328,-0.19856058209370328,0.10363171531886639,0.10363171531886639,0.18101238070191505,0.18101238070191505,0.10363171531886639,0.10363171531886639,0.18101238070191505,0.18101238070191505,0.09635384401144155,0.09635384401144155,0.16645663808706537,0.16645663808706537,0.09635384401144155,0.09635384401144155,0.16645663808706537,0.16645663808706537,0.09696504865219972,0.09696504865219972,0.16767904736858172,0.16767904736858172,0.09696504865219972,0.09696504865219972,0.16767904736858172,0.16767904736858172
1956,0.06193520128726959,0.01866590976715088,0.07901519183309766,0.013885563015937805,0.013885563015937805,-0.0008947837352752709,-0.0008947837352752709,0.013885563015937805,0.013885563015937805,0.013885563015937805,-0.0008947837352752709,-0.0008947837352752709,-0.0008947837352752709,0.11772451385413067,0.11772451385413067,0.20678311794111046,0.20678311794111046,0.11772451385413067,0.11772451385413067,0.11772451385413067,0.20678311794111046,0.20678311794111046,0.20678311794111046,-0.001769221598102333,-0.001769221598102333,-0.03220435296335555,-0.03220435296335555,-0.001769221598102333,-0.001769221598102333,-0.03220435296335555,-0.03220435296335555,0.01797714604684923,0.01797714604684923,0.007288382326547577,0.007288382326547577,0.01797714604684923,0.01797714604684923,0.007288382326547577,0.007288382326547577,-0.045122867529875155,-0.045122867529875155,-0.1189116448269012,-0.1189116448269012,-0.045122867529875155,-0.045122867529875155,-0.1189116448269012,-0.1189116448269012,0.1380176469751597,0.1380176469751597,0.2473693841831685,0.2473693841831685,0.1380176469751597,0.1380176469751597,0.2473693841831685,0.2473693841831685
1957,-0.09302325546741486,0.024154970422387123,-0.0067864433743059505,0.17222707509994484,0.17222707509994484,0.31029917977750254,0.31029917977750254,0.17222707509994484,0.17222707509994484,0.17222707509994484,0.31029917977750254,0.31029917977750254,0.31029917977750254,-0.009199285797335971,-0.009199285797335971,-0.05255354201705907,-0.05255354201705907,-0.009199285797335971,-0.009199285797335971,-0.009199285797335971,-0.05255354201705907,-0.05255354201705907,-0.05255354201705907,-0.07814071928094478,-0.07814071928094478,-0.1904364089842767,-0.1904364089842767,-0.07814071928094478,-0.07814071928094478,-0.1904364089842767,-0.1904364089842767,-0.08730742364999536,-0.08730742364999536,-0.20876981772237785,-0.20876981772237785,-0.08730742364999536,-0.08730742364999536,-0.20876981772237785,-0.20876981772237785,0.17222707509994484,0.17222707509994484,0.31029917977750254,0.31029917977750254,0.17222707509994484,0.17222707509994484,0.31029917977750254,0.31029917977750254,0.07367161107269371,0.07367161107269371,0.11318825172300029,0.11318825172300029,0.07367161107269371,0.07367161107269371,0.11318825172300029,0.11318825172300029
1958,0.36969998478889465,0.02554408088326454,0.18844530843784452,0.05698956424504265,0.05698956424504265,0.07843504760682077,0.07843504760682077,0.05698956424504265,0.05698956424504265,0.05698956424504265,0.07843504760682077,0.07843504760682077,0.07843504760682077,0.1276719081171672,0.12834541638909427,0.21979973535106984,0.221146751894924,0.1276719081171672,0.12834541638909427,0.1276719081171672,0.21979973535106984,0.221146751894924,0.21979973535106984,0.1411689561712164,0.1411689561712164,0.24679383145916822,0.24679383145916822,0.1411689561712164,0.1411689561712164,0.24679383145916822,0.24679383145916822,0.02863634153904982,0.02863634153904982,0.0217286021948351,0.0217286021948351,0.02863634153904982,0.02863634153904982,0.0217286021948351,0.0217286021948351,0.1511689561712164,0.1511689561712164,0.26679383145916824,0.26679383145916824,0.1511689561712164,0.1511689561712164,0.26679383145916824,0.26679383145916824,0.39020356108428583,0.39020356108428583,0.7448630412853071,0.7448630412853071,0.39020356108428583,0.39020356108428583,0.7448630412853071,0.7448630412853071
1959,0.13834361732006073,0.028643619269132614,0.3345717921989346,0.8128917557137607,0.8128917557137607,1.5871398921583888,1.5871398921583888,0.8128917557137607,0.8128917557137607,0.8128917557137607,1.5871398921583888,1.5871398921583888,1.5871398921583888,0.5564948073099688,0.5564948073099688,1.074345995350805,1.074345995350805,0.5564948073099688,0.5564948073099688,0.5564948073099688,1.074345995350805,1.074345995350805,1.074345995350805,0.4954262289834852,0.4954262289834852,0.9522088386978378,0.9522088386978378,0.4954262289834852,0.4954262289834852,0.9522088386978378,0.9522088386978378,0.580009284482904,0.580009284482904,1.1213749496966754,1.1213749496966754,0.580009284482904,0.580009284482904,1.1213749496966754,1.1213749496966754,0.8128917557137607,0.8128917557137607,1.5871398921583888,1.5871398921583888,0.8128917557137607,0.8128917557137607,1.5871398921583888,1.5871398921583888,0.4268622193886307,0.4268622193886307,0.8150808195081288,0.8150808195081288,0.4268622193886307,0.4268622193886307,0.8150808195081288,0.8150808195081288
1960,-0.005248899571597576,0.029515879228711128,0.12107237936476405,0.3788319842273291,0.3788319842273291,0.7181480892259471,0.7181480892259471,0.3788319842273291,0.3788319842273291,0.3788319842273291,0.7181480892259471,0.7181480892259471,0.7181480892259471,0.20629364022037153,0.20629364022037153,0.3730714012120319,0.3730714012120319,0.20629364022037153,0.20629364022037153,0.20629364022037153,0.3730714012120319,0.3730714012120319,0.3730714012120319,0.3688319842273291,0.3688319842273291,0.6981480892259471,0.6981480892259471,0.3688319842273291,0.3688319842273291,0.6981480892259471,0.6981480892259471,0.2029603068870382,0.2029603068870382,0.36640473454536526,0.36640473454536526,0.2029603068870382,0.2029603068870382,0.36640473454536526,0.36640473454536526,0.4320935190037676,0.4320935190037676,0.824671158778824,0.824671158778824,0.4320935190037676,0.4320935190037676,0.824671158778824,0.824671158778824,0.34373371139400816,0.34373371139400816,0.6479515435593052,0.6479515435593052,0.34373371139400816,0.34373371139400816,0.6479515435593052,0.6479515435593052
1961,0.2985915541648865,0.030918510630726814,0.12141338542700163,0.480094822807265,0.480094822807265,0.9192711349838032,0.9192711349838032,0.480094822807265,0.480094822807265,0.480094822807265,0.9192711349838032,0.9192711349838032,0.9192711349838032,0.22275688035063854,0.22275688035063854,0.40459525007055025,0.40459525007055025,0.22275688035063854,0.22275688035063854,0.22275688035063854,0.40459525007055025,0.40459525007055025,0.40459525007055025,-0.029020481753144423,-0.029020481753144423,-0.09895947413701567,-0.09895947413701567,-0.029020481753144423,-0.029020481753144423,-0.09895947413701567,-0.09895947413701567,0.08064373530283062,0.08064373530283062,0.12036895997493441,0.12036895997493441,0.08064373530283062,0.08064373530283062,0.12036895997493441,0.12036895997493441,0.227196299997795,0.227196299997795,0.4134740893648632,0.4134740893648632,0.227196299997795,0.227196299997795,0.4134740893648632,0.4134740893648632,0.08397706863616394,0.08397706863616394,0.12703562664160106,0.12703562664160106,0.08397706863616394,0.08397706863616394,0.12703562664160106,0.12703562664160106
1962,-0.09715639799833298,0.03570332005620003,-0.043614331352681626,-0.17771556597405147,-0.17771556597405147,-0.401134452004303,-0.401134452004303,-0.17771556597405147,-0.17771556597405147,-0.17771556597405147,-0.401134452004303,-0.401134452004303,-0.401134452004303,-0.007968380875620198,-0.007968380875620198,-0.061640081807440426,-0.061640081807440426,-0.007968380875620198,-0.007968380875620198,-0.007968380875620198,-0.061640081807440426,-0.061640081807440426,-0.061640081807440426,-0.18771556597405148,-0.18771556597405148,-0.421134452004303,-0.421134452004303,-0.18771556597405148,-0.18771556597405148,-0.421134452004303,-0.421134452004303,-0.16204700181281217,-0.16204700181281217,-0.3697973236818244,-0.3697973236818244,-0.16204700181281217,-0.16204700181281217,-0.3697973236818244,-0.3697973236818244,-0.22559943816351946,-0.22559943816351946,-0.49690219638323896,-0.49690219638323896,-0.22559943816351946,-0.22559943816351946,-0.49690219638323896,-0.49690219638323896,-0.16204700181281217,-0.16204700181281217,-0.3697973236818244,-0.3697973236818244,-0.16204700181281217,-0.16204700181281217,-0.3697973236818244,-0.3697973236818244
1963,0.22046615183353424,0.037941139191389084,0.10205572179857858,0.14732446243951758,0.08162737451437986,0.24670778568764606,0.11531360983737063,0.14732446243951758,0.08162737451437986,0.14732446243951758,0.24670778568764606,0.11531360983737063,0.24670778568764606,0.08770334072387631,0.03879580104901526,0.12746554225636353,0.029650462906641438,0.08770334072387631,0.03879580104901526,0.08770334072387631,0.12746554225636353,0.029650462906641438,0.12746554225636353,0.14732446243951758,-0.0006520679251328376,0.24670778568764606,-0.04924527504165476,0.14732446243951758,-0.0006520679251328376,0.24670778568764606,-0.04924527504165476,0.0760999230095882,0.07962282990487028,0.10425870682778732,0.11130452061835147,0.0760999230095882,0.07962282990487028,0.10425870682778732,0.11130452061835147,0.1269201147057275,0.1269201147057275,0.20589909022006592,0.20589909022006592,0.1269201147057275,0.1269201147057275,0.20589909022006592,0.20589909022006592,0.09472040996865283,0.09472040996865283,0.14149968074591657,0.14149968074591657,0.09472040996865283,0.09472040996865283,0.14149968074591657,0.14149968074591657
1964,0.16570042073726654,0.03931428864598274,0.04866815405133153,0.20146417928699822,0.20146417928699822,0.3536140699280137,0.3536140699280137,0.20146417928699822,0.20146417928699822,0.20146417928699822,0.3536140699280137,0.3536140699280137,0.3536140699280137,0.12976454401449988,0.12976454401449988,0.21021479938301701,0.21021479938301701,0.12976454401449988,0.12976454401449988,0.12976454401449988,0.21021479938301701,0.21021479938301701,0.21021479938301701,0.036326222121715546,0.0056524538540634415,0.023338155597448347,-0.03800938093785586,0.036326222121715546,0.0056524538540634415,0.023338155597448347,-0.03800938093785586,0.02803590266500463,0.06782730220352162,0.006757516684026514,0.0863403157610605,0.02803590266500463,0.06782730220352162,0.006757516684026514,0.0863403157610605,-0.09652185799652034,-0.09652185799652034,-0.24235800463902343,-0.24235800463902343,-0.09652185799652034,-0.09652185799652034,-0.24235800463902343,-0.24235800463902343,-0.04317103942888874,-0.026012506292838834,-0.13565636750376023,-0.1013393012316604,-0.04317103942888874,-0.026012506292838834,-0.13565636750376023,-0.1013393012316604
1965,0.12494045495986938,0.04344166815280914,0.020399268203535603,0.06582920013265171,0.06582920013265171,0.07821673211249427,0.07821673211249427,0.06582920013265171,0.06582920013265171,0.06582920013265171,0.07821673211249427,0.07821673211249427,0.07821673211249427,0.0845544654394134,0.0845544654394134,0.11566726272601766,0.11566726272601766,0.0845544654394134,0.0845544654394134,0.0845544654394134,0.11566726272601766,0.11566726272601766,0.11566726272601766,0.18839555978775024,0.08826690601089117,0.32334945142269134,0.12309214386897319,0.18839555978775024,0.08826690601089117,0.32334945142269134,0.12309214386897319,0.12477314771119796,0.035877382360629026,0.19610462726958677,0.018313096568448907,0.12477314771119796,0.035877382360629026,0.19610462726958677,0.018313096568448907,0.17839555978775024,0.0876569773349525,0.3033494514226913,0.12187228651709583,0.17839555978775024,0.0876569773349525,0.3033494514226913,0.12187228651709583,0.08846244766053925,0.06397741271791228,0.12348322716826934,0.07451315728301541,0.08846244766053925,0.06397741271791228,0.12348322716826934,0.07451315728301541
1966,-0.08208873867988586,0.05483333021402359,-0.03755889286865189,-0.000547524072068253,-0.000547524072068253,-0.0659283783581601,-0.0659283783581601,-0.000547524072068253,-0.000547524072068253,-0.000547524072068253,-0.0659283783581601,-0.0659283783581601,-0.0659283783581601,-0.007088161997443212,-0.04845521796466811,-0.07900965420891001,-0.1617437661433598,-0.007088161997443212,-0.04845521796466811,-0.007088161997443212,-0.07900965420891001,-0.1617437661433598,-0.07900965420891001,-0.21086149871349336,-0.20086149871349335,-0.4865563276410103,-0.4665563276410103,-0.21086149871349336,-0.20086149871349335,-0.4865563276410103,-0.4665563276410103,-0.055311459220083174,-0.055311459220083174,-0.17545624865418993,-0.17545624865418993,-0.055311459220083174,-0.055311459220083174,-0.17545624865418993,-0.17545624865418993,0.08137177675962448,0.08284118736104884,0.09791022330522538,0.1008490445080741,0.08137177675962448,0.08284118736104884,0.09791022330522538,0.1008490445080741,0.024041408480262486,-0.07003635001077678,-0.016750513253498613,-0.20490603023557713,0.024041408480262486,-0.07003635001077678,-0.016750513253498613,-0.20490603023557713
1967,0.20767244696617126,0.050208330154418945,0.11278821393546666,0.04074586645926837,0.04074586645926837,0.021283402764117797,0.021283402764117797,0.04074586645926837,0.04074586645926837,0.04074586645926837,0.021283402764117797,0.021283402764117797,0.021283402764117797,-0.07689287892953672,-0.07689287892953672,-0.2139940880134924,-0.2139940880134924,-0.07689287892953672,-0.07689287892953672,-0.07689287892953672,-0.2139940880134924,-0.2139940880134924,-0.2139940880134924,-0.05001061311616816,-0.05001061311616816,-0.16022955638675526,-0.16022955638675526,-0.05001061311616816,-0.05001061311616816,-0.16022955638675526,-0.16022955638675526,-0.1723044282432866,-0.11380445303564775,-0.40481718664099214,-0.2878172362257144,-0.1723044282432866,-0.11380445303564775,-0.40481718664099214,-0.2878172362257144,-0.24548878148198128,-0.06998885585906467,-0.5511858931183815,-0.2001860418725483,-0.24548878148198128,-0.06998885585906467,-0.5511858931183815,-0.2001860418725483,-0.12182941681907136,-0.11380445303564775,-0.3038671637925617,-0.2878172362257144,-0.12182941681907136,-0.11380445303564775,-0.3038671637925617,-0.2878172362257144
1968,0.1497376710176468,0.05859167128801346,0.23176363973914116,0.3924012725989068,0.3924012725989068,0.7162108739098001,0.7162108739098001,0.3924012725989068,0.3924012725989068,0.3924012725989068,0.7162108739098001,0.7162108739098001,0.7162108739098001,0.2889699567674196,0.2889699567674196,0.5093482422468257,0.5093482422468257,0.2889699567674196,0.2889699567674196,0.2889699567674196,0.5093482422468257,0.5093482422468257,0.5093482422468257,0.32477251580704625,0.32477251580704625,0.580953360326079,0.580953360326079,0.32477251580704625,0.32477251580704625,0.580953360326079,0.580953360326079,0.17952778653878002,0.17952778653878002,0.29046390178954656,0.29046390178954656,0.17952778653878002,0.17952778653878002,0.29046390178954656,0.29046390178954656,0.32477251580704625,0.32477251580704625,0.580953360326079,0.580953360326079,0.32477251580704625,0.32477251580704625,0.580953360326079,0.580953360326079,0.17378209291819993,0.17378209291819993,0.2789725145483864,0.2789725145483864,0.17378209291819993,0.17378209291819993,0.2789725145483864,0.2789725145483864
1969,-0.11483567953109741,0.07760833203792572,0.15163350602547682,-0.12270675788565387,-0.12270675788565387,-0.33302184780923344,-0.33302184780923344,-0.12270675788565387,-0.12270675788565387,-0.12270675788565387,-0.33302184780923344,-0.33302184780923344,-0.33302184780923344,0.055630332420140115,0.055630332420140115,0.023652332802354514,0.023652332802354514,0.055630332420140115,0.055630332420140115,0.055630332420140115,0.023652332802354514,0.023652332802354514,0.023652332802354514,0.10893513768526253,0.10893513768526253,0.13026194333259933,0.13026194333259933,0.10893513768526253,0.10893513768526253,0.13026194333259933,0.13026194333259933,0.005733363716381191,0.005733363716381191,-0.07614160460516334,-0.07614160460516334,0.005733363716381191,0.005733363716381191,-0.07614160460516334,-0.07614160460516334,0.10893513768526253,0.10893513768526253,0.13026194333259933,0.13026194333259933,0.10893513768526253,0.10893513768526253,0.13026194333259933,0.13026194333259933,-0.042869099910496256,-0.042869099910496256,-0.17334653185891824,-0.17334653185891824,-0.042869099910496256,-0.042869099910496256,-0.17334653185891824,-0.17334653185891824
1970,0.02282954752445221,0.07564166933298111,-0.0029712858120589172,0.09059901463047583,0.09059901463047583,0.09555635992797056,0.09555635992797056,0.09059901463047583,0.09059901463047583,0.09059901463047583,0.09555635992797056,0.09555635992797056,0.09555635992797056,0.08263050802222577,0.08263050802222577,0.07961934671147043,0.07961934671147043,0.08263050802222577,0.08263050802222577,0.08263050802222577,0.07961934671147043,0.07961934671147043,0.07961934671147043,-0.11608352896807382,-0.11608352896807382,-0.31780872726912873,-0.31780872726912873,-0.11608352896807382,-0.11608352896807382,-0.31780872726912873,-0.31780872726912873,-0.1538585930984841,-0.1538585930984841,-0.3933588555299493,-0.3933588555299493,-0.1538585930984841,-0.1538585930984841,-0.3933588555299493,-0.3933588555299493,-0.13931573693029642,-0.13931573693029642,-0.36427314319357396,-0.36427314319357396,-0.13931573693029642,-0.13931573693029642,-0.36427314319357396,-0.36427314319357396,0.007783915731064041,0.007783915731064041,-0.07007383787085303,-0.07007383787085303,0.007783915731064041,0.007783915731064041,-0.07007383787085303,-0.07007383787085303
1971,0.13536924123764038,0.050050001591444016,0.158467815498493,-0.1454885749696665,-0.1454885749696665,-0.351027151530777,-0.351027151530777,-0.1454885749696665,-0.1454885749696665,-0.1454885749696665,-0.351027151530777,-0.351027151530777,-0.351027151530777,0.0734640919474573,0.0498600278951666,0.08687818230347058,0.039670054198889186,0.0734640919474573,0.0498600278951666,0.0734640919474573,0.08687818230347058,0.039670054198889186,0.08687818230347058,0.19623379256351847,0.19623379256351847,0.3324175835355929,0.3324175835355929,0.19623379256351847,0.19623379256351847,0.3324175835355929,0.3324175835355929,0.04652669456183327,0.04652669456183327,0.03300338753222252,0.03300338753222252,0.04652669456183327,0.04652669456183327,0.03300338753222252,0.03300338753222252,0.35081581555101704,0.35081581555101704,0.6415816295105901,0.6415816295105901,0.35081581555101704,0.35081581555101704,0.6415816295105901,0.6415816295105901,0.1542180894706128,0.1542180894706128,0.24838617734978158,0.24838617734978158,0.1542180894706128,0.1542180894706128,0.24838617734978158,0.24838617734978158
1972,0.2165977656841278,0.04665832966566086,0.3330403953572676,0.06055392825840534,0.06055392825840534,0.06444952685114982,0.06444952685114982,0.06055392825840534,0.06055392825840534,0.06055392825840534,0.06444952685114982,0.06444952685114982,0.06444952685114982,0.2008678724755684,0.29853649908999214,0.3450774152854759,0.5404146685143234,0.2008678724755684,0.29853649908999214,0.2008678724755684,0.3450774152854759,0.5404146685143234,0.3450774152854759,0.670115090374541,0.670115090374541,1.283571851083421,1.283571851083421,0.670115090374541,0.670115090374541,1.283571851083421,1.283571851083421,0.5880255820307042,0.5880255820307042,1.1193928343957475,1.1193928343957475,0.5880255820307042,0.5880255820307042,1.1193928343957475,1.1193928343957475,0.24239690675133985,0.24239690675133985,0.4281354838370188,0.4281354838370188,0.24239690675133985,0.24239690675133985,0.4281354838370188,0.4281354838370188,0.3276886417947621,0.3276886417947621,0.5987189539238633,0.5987189539238633,0.3276886417947621,0.3276886417947621,0.5987189539238633,0.5987189539238633
1973,-0.16459573805332184,0.08415833115577698,0.21391896331463528,0.5572737378602839,0.5572737378602839,1.0203891445647908,1.0203891445647908,0.5572737378602839,0.5572737378602839,0.5572737378602839,1.0203891445647908,1.0203891445647908,1.0203891445647908,0.5757531635798678,0.5757531635798678,1.0573479960039587,1.0573479960039587,0.5757531635798678,0.5757531635798678,0.5757531635798678,1.0573479960039587,1.0573479960039587,1.0573479960039587,0.5572737378602839,0.5572737378602839,1.0203891445647908,1.0203891445647908,0.5572737378602839,0.5572737378602839,1.0203891445647908,1.0203891445647908,0.5949630181549626,0.5949630181549626,1.0957677051541481,1.0957677051541481,0.5949630181549626,0.5949630181549626,1.0957677051541481,1.0957677051541481,0.5572737378602839,0.5572737378602839,1.0203891445647908,1.0203891445647908,0.5572737378602839,0.5572737378602839,1.0203891445647908,1.0203891445647908,0.46917823754614674,0.46917823754614674,0.8441981439365165,0.8441981439365165,0.46917823754614674,0.46917823754614674,0.8441981439365165,0.8441981439365165
1974,-0.2543785572052002,0.1024416983127594,-0.15967109481053762,-0.20460929377528747,-0.20460929377528747,-0.5216602858633343,-0.5216602858633343,-0.20460929377528747,-0.20460929377528747,-0.20460929377528747,-0.5216602858633343,-0.5216602858633343,-0.5216602858633343,0.12219275888942983,-0.20358530846645037,0.1319438194661003,-0.5196123152456601,0.12219275888942983,-0.20358530846645037,0.12219275888942983,0.1319438194661003,-0.5196123152456601,0.1319438194661003,-0.20460929377528747,-0.20460929377528747,-0.5216602858633343,-0.5216602858633343,-0.20460929377528747,-0.20460929377528747,-0.5216602858633343,-0.5216602858633343,-0.16198170493610478,-0.16198170493610478,-0.43640510818496897,-0.43640510818496897,-0.16198170493610478,-0.16198170493610478,-0.43640510818496897,-0.43640510818496897,-0.10591607589733087,-0.10591607589733087,-0.32427385010742116,-0.32427385010742116,-0.10591607589733087,-0.10591607589733087,-0.32427385010742116,-0.32427385010742116,-0.1653150382694381,-0.1653150382694381,-0.4430717748516356,-0.4430717748516356,-0.1653150382694381,-0.1653150382694381,-0.4430717748516356,-0.4430717748516356
1975,0.37736693024635315,0.0643666610121727,0.17610781001213854,-0.25456521739130433,0.19512826644797276,-0.5834970957947814,0.3158898718837728,-0.25456521739130433,0.19512826644797276,-0.25456521739130433,-0.5834970957947814,0.3158898718837728,-0.5834970957947814,-0.03723187451676379,0.08583126619489984,-0.14883041004570027,0.09729587137762698,-0.03723187451676379,0.16485699991127956,-0.03723187451676379,-0.14883041004570027,0.2553473388103864,-0.14883041004570027,-0.25456521739130433,-0.05662208849056204,-0.5834970957947814,-0.18761083799329678,-0.25456521739130433,-0.05662208849056204,-0.5834970957947814,-0.18761083799329678,-0.08205686808913093,-0.1643147591261969,-0.23848039719043457,-0.4029961792645665,-0.08205686808913093,-0.1643147591261969,-0.23848039719043457,-0.4029961792645665,-0.25456521739130433,-0.04662208849056204,-0.5834970957947814,-0.1676108379932968,-0.25456521739130433,-0.04662208849056204,-0.5834970957947814,-0.1676108379932968,-0.2675087321281229,-0.17051390268412667,-0.6093841252684185,-0.41539446638042604,-0.2675087321281229,-0.17051390268412667,-0.6093841252684185,-0.41539446638042604
1976,0.22604283690452576,0.052683331072330475,0.004521105379517394,-0.1491123206085896,-0.1491123206085896,-0.36090797228950966,-0.36090797228950966,-0.1491123206085896,-0.1491123206085896,-0.1491123206085896,-0.36090797228950966,-0.36090797228950966,-0.36090797228950966,-0.039946416697791524,-0.039946416697791524,-0.14257616446791352,-0.14257616446791352,-0.039946416697791524,-0.038279750031124854,-0.039946416697791524,-0.14257616446791352,-0.1392428311345802,-0.14257616446791352,-0.03597122302158273,0.43824241935598107,-0.13462577711549595,0.8138015076396317,-0.03597122302158273,0.43824241935598107,-0.13462577711549595,0.8138015076396317,0.20741099012213682,0.2093092137802051,0.35213864917194315,0.3559350964880797,0.20741099012213682,0.2093092137802051,0.35213864917194315,0.3559350964880797,-0.03597122302158273,-0.11476821953369942,-0.13462577711549595,-0.29221977013972933,-0.03597122302158273,-0.11476821953369942,-0.13462577711549595,-0.29221977013972933,0.011342522982146221,0.17274707044133417,-0.03999828510803803,0.28281080981033785,0.011342522982146221,0.17274707044133417,-0.03999828510803803,0.28281080981033785
1977,-0.05931232124567032,0.05640833079814911,0.010254635374491644,0.0702766801458148,0.0702766801458148,0.0741450294934805,0.0741450294934805,0.0702766801458148,0.0702766801458148,0.0702766801458148,0.0741450294934805,0.0741450294934805,0.0741450294934805,0.08850391396919263,-0.0729823580109939,0.11059949714023616,-0.2123730468201369,0.08850391396919263,-0.0729823580109939,0.08850391396919263,0.11059949714023616,-0.2123730468201369,0.11059949714023616,0.3155499550641041,-0.23643956769651053,0.5646915793300591,-0.5392874661911702,0.3155499550641041,-0.23643956769651053,0.5646915793300591,-0.5392874661911702,0.09233584727718225,0.06783212701823368,0.11826336375621539,0.06925592323831826,0.09233584727718225,0.06783212701823368,0.11826336375621539,0.06925592323831826,0.0702766801458148,0.0702766801458148,0.0741450294934805,0.0741450294934805,0.0702766801458148,0.0702766801458148,0.0741450294934805,0.0741450294934805,0.2030136329219153,0.08487207664396179,0.33961893504568147,0.10333582248977448,0.2030136329219153,0.08487207664396179,0.33961893504568147,0.10333582248977448
1978,0.078448086977005,0.08221665769815445,0.22568527663471574,0.14992026348559384,0.14992026348559384,0.20762386927303322,0.20762386927303322,0.14992026348559384,0.14992026348559384,0.14992026348559384,0.20762386927303322,0.20762386927303322,0.20762386927303322,0.16464083273928884,0.2536984523692078,0.23706500778042322,0.41518024704026113,0.16464083273928884,0.2536984523692078,0.16464083273928884,0.23706500778042322,0.41518024704026113,0.23706500778042322,0.14992026348559384,0.14992026348559384,0.20762386927303322,0.20762386927303322,0.14992026348559384,0.14992026348559384,0.20762386927303322,0.20762386927303322,0.19433278733973336,0.19766612067306671,0.29644891698131226,0.30311558364797897,0.19433278733973336,0.19766612067306671,0.29644891698131226,0.30311558364797897,0.3190755820214253,0.13400983623909624,0.5459345063446961,0.175803014780038,0.3190755820214253,0.13400983623909624,0.5459345063446961,0.175803014780038,0.25102847275350715,0.27190484123076475,0.40984028780885984,0.45159302476337504,0.25102847275350715,0.27190484123076475,0.40984028780885984,0.45159302476337504
1979,0.18041826784610748,0.11225000023841858,0.1610607678750934,0.12347051456834392,0.12347051456834392,0.12469102889826926,0.12469102889826926,0.12347051456834392,0.12347051456834392,0.12347051456834392,0.12469102889826926,0.12469102889826926,0.12469102889826926,0.044076399485779245,0.04740973281911258,-0.03409720126686008,-0.027430534600193415,0.044076399485779245,0.04740973281911258,0.044076399485779245,-0.03409720126686008,-0.027430534600193415,-0.03409720126686008,-0.1158285228845216,-0.1158285228845216,-0.35390704600746176,-0.35390704600746176,-0.1158285228845216,-0.1158285228845216,-0.35390704600746176,-0.35390704600746176,-0.12286196900217089,-0.006797114663313151,-0.36797393824276037,-0.13584422956504488,-0.12286196900217089,-0.006797114663313151,-0.36797393824276037,-0.13584422956504488,0.0038331665868562848,-0.05320556901806594,-0.114583667064706,-0.22866113827455045,0.0038331665868562848,-0.05320556901806594,-0.114583667064706,-0.22866113827455045,0.0029248370826568263,0.07403263129922574,-0.11640032607310492,0.025815262360032912,0.0029248370826568263,0.07403263129922574,-0.11640032607310492,0.025815262360032912
1980,0.2955473065376282,0.13066670298576355,0.16807871796045395,0.17241758241758243,-0.10362554674626188,0.2041684618494013,-0.34791779647828736,0.17241758241758243,-0.10362554674626188,0.17241758241758243,0.2041684618494013,-0.34791779647828736,0.2041684618494013,0.021546041370686726,0.16960678763722337,-0.0975746202443901,0.19854687228868317,0.021546041370686726,0.16960678763722337,0.021546041370686726,-0.0975746202443901,0.19854687228868317,-0.0975746202443901,0.17241758241758243,0.4359393710578088,0.2041684618494013,0.731212039129854,0.17241758241758243,0.4359393710578088,0.2041684618494013,0.731212039129854,0.40831892489752786,0.33427989974601957,0.6759711468092922,0.5278930965062756,0.40831892489752786,0.33427989974601957,0.6759711468092922,0.5278930965062756,0.4359393710578088,0.4359393710578088,0.731212039129854,0.731212039129854,0.4359393710578088,0.4359393710578088,0.731212039129854,0.731212039129854,0.1425552620633929,0.14922192873005957,0.14444382114102222,0.15777715447435559,0.1425552620633929,0.14922192873005957,0.14444382114102222,0.15777715447435559
1981,-0.02299625426530838,0.15910829603672028,-0.030287351367488814,-0.44994715383189055,-0.44994715383189055,-1.0,-1.0,-0.44994715383189055,-0.44994715383189055,-0.44994715383189055,-1.0,-1.0,-1.0,-0.2593924084517225,-0.2560590751183892,-0.6878931129401653,-0.6812264462734987,-0.2593924084517225,-0.2560590751183892,-0.2593924084517225,-0.6878931129401653,-0.6812264462734987,-0.6878931129401653,-0.2379182156133829,-0.15788955975235808,-0.6449447272634861,-0.48488741554143644,-0.2379182156133829,-0.15788955975235808,-0.6449447272634861,-0.48488741554143644,-0.18538276237888665,-0.13640372056245975,-0.5398738207944935,-0.4419157371616398,-0.18538276237888665,-0.13640372056245975,-0.5398738207944935,-0.4419157371616398,-0.2479182156133829,-0.09098109016410216,-0.6649447272634861,-0.3510704763649246,-0.2479182156133829,-0.09098109016410216,-0.6649447272634861,-0.3510704763649246,-0.1655962885099477,-0.0579112600035615,-0.5003008730566156,-0.2849308160438433,-0.1655962885099477,-0.0579112600035615,-0.5003008730566156,-0.2849308160438433
1982,0.18150241672992706,0.12270829826593399,-0.028061250177355605,0.16832247142688472,0.16832247142688472,0.0,0.0,0.16832247142688472,0.16832247142688472,0.16832247142688472,0.0,0.0,0.0,-0.0014657070706146913,-0.0014657070706146913,-0.13563971240716338,-0.13563971240716338,0.11581196525838108,0.11581196525838108,0.11581196525838108,0.09891563225082817,0.09891563225082817,0.09891563225082817,0.08536585365853666,-0.26361538904610016,0.03802340905113932,-0.6599390763581343,0.08536585365853666,-0.26361538904610016,0.03802340905113932,-0.6599390763581343,-0.03894813643507966,-0.16288581738830085,-0.21060457113609332,-0.4584799330425357,-0.03894813643507966,-0.16288581738830085,-0.21060457113609332,-0.4584799330425357,0.0772662351123914,0.0872662351123914,0.02182417195884881,0.0418241719588488,0.0772662351123914,0.0872662351123914,0.02182417195884881,0.0418241719588488,-0.0303277667583907,-0.07829909053940798,-0.1933638317827154,-0.28930647934474996,-0.0303277667583907,-0.07829909053940798,-0.1933638317827154,-0.28930647934474996
1983,0.230200856924057,0.09066666662693024,0.27621888070284345,0.0026923071220517156,0.220200856924057,0.0,0.0,0.0026923071220517156,0.220200856924057,0.0026923071220517156,0.0,0.0,0.0,-0.056619586972618444,0.37568176546446486,-0.2139058405721671,0.6506968643019995,-0.05495292030595177,0.3773484321311315,-0.05495292030595177,-0.21057250723883378,0.6540301976353328,-0.21057250723883378,0.5342468588492459,0.5342468588492459,0.9678270510715616,0.9678270510715616,0.5342468588492459,0.5342468588492459,0.9678270510715616,0.9678270510715616,0.43220690554978786,0.43220690554978786,0.7637471444726455,0.7637471444726455,0.43220690554978786,0.43220690554978786,0.7637471444726455,0.7637471444726455,-0.1380898876404495,0.5342468588492459,-0.37684644190782923,0.9678270510715616,-0.1380898876404495,0.5342468588492459,-0.37684644190782923,0.9678270510715616,0.3111518549181788,0.40620142313869073,0.5216370432094274,0.7117361796504512,0.3111518549181788,0.40620142313869073,0.5216370432094274,0.7117361796504512
1984,0.046411190181970596,0.10365000367164612,0.011438359820551983,0.11415296825885603,0.11415296825885603,0.0,0.0,0.11415296825885603,0.11415296825885603,0.11415296825885603,0.0,0.0,0.0,-0.045924539554364666,-0.04259120622103133,-0.20549908278037543,-0.19883241611370878,-0.045924539554364666,-0.04259120622103133,-0.045924539554364666,-0.20549908278037543,-0.19883241611370878,-0.20549908278037543,-0.048459715759298964,-0.048459715759298964,-0.21056943519024404,-0.21056943519024404,-0.048459715759298964,-0.048459715759298964,-0.21056943519024404,-0.21056943519024404,-0.12593057358462123,-0.12593057358462123,-0.3655111508408886,-0.3655111508408886,-0.12593057358462123,-0.12593057358462123,-0.3655111508408886,-0.3655111508408886,-0.20346687116265105,-0.19346687116265104,-0.5205837459969482,-0.5005837459969482,-0.20346687116265105,-0.19346687116265104,-0.5205837459969482,-0.5005837459969482,-0.12593057358462123,-0.12593057358462123,-0.3655111508408886,-0.3655111508408886,-0.12593057358462123,-0.12593057358462123,-0.3655111508408886,-0.3655111508408886
1985,0.3082066774368286,0.08047500252723694,0.6914801542627342,0.5025658838848692,0.5025658838848692,0.0,0.0,0.5025658838848692,0.5025658838848692,0.5025658838848692,0.0,0.0,0.0,0.43261868134872344,0.5472890916393934,0.7747623601702099,1.00410318075155,0.43261868134872344,0.5472890916393934,0.43261868134872344,0.7747623601702099,1.00410318075155,0.7747623601702099,0.6943123849799282,0.6943123849799282,1.2981497674326195,1.2981497674326195,0.6943123849799282,0.6943123849799282,1.2981497674326195,1.2981497674326195,0.43876572340133824,0.4775596724799598,0.7870564442754395,0.8646443424326826,0.43876572340133824,0.4775596724799598,0.7870564442754395,0.8646443424326826,0.3286569172393148,0.3286569172393148,0.5668388319513926,0.5668388319513926,0.3286569172393148,0.3286569172393148,0.5668388319513926,0.5668388319513926,0.38541241983495445,0.38541241983495445,0.6803498371426719,0.6803498371426719,0.38541241983495445,0.38541241983495445,0.6803498371426719,0.6803498371426719
1986,0.23917028307914734,0.06518332660198212,0.6144163116548884,1.0666408442038187,1.0666408442038187,0.0,0.0,1.0666408442038187,1.0666408442038187,1.0666408442038187,0.0,0.0,0.0,0.8825119645921665,0.8825119645921665,1.689840602582351,1.689840602582351,0.8825119645921665,0.8825119645921665,0.8825119645921665,1.689840602582351,1.689840602582351,1.689840602582351,-0.05319730310423964,-0.05319730310423964,-0.1815779328104614,-0.1815779328104614,-0.05319730310423964,-0.05319730310423964,-0.1815779328104614,-0.1815779328104614,0.48786241479363057,0.48786241479363057,0.900541502985279,0.900541502985279,0.48786241479363057,0.48786241479363057,0.900541502985279,0.900541502985279,0.255470780663986,0.255470780663986,0.43575823472598985,0.43575823472598985,0.255470780663986,0.255470780663986,0.43575823472598985,0.43575823472598985,0.44859845633015816,0.44859845633015816,0.8220135860583342,0.8220135860583342,0.44859845633015816,0.44859845633015816,0.8220135860583342,0.8220135860583342
1987,0.004867256619036198,0.06860832870006561,0.23877038934980338,0.7867963840053716,0.7867963840053716,0.0,0.0,0.7867963840053716,0.7867963840053716,0.7867963840053716,0.0,0.0,0.0,0.6670765593073471,0.6670765593073471,1.2555447899146286,1.2555447899146286,0.6670765593073471,0.6670765593073471,0.6670765593073471,1.2555447899146286,1.2555447899146286,1.2555447899146286,-0.1794907745885267,-0.1794907745885267,-0.437589877877119,-0.437589877877119,-0.1794907745885267,-0.1794907745885267,-0.437589877877119,-0.437589877877119,0.6637432259740137,0.6637432259740137,1.2488781232479618,1.2488781232479618,0.6637432259740137,0.6637432259740137,1.2488781232479618,1.2488781232479618,-0.1794907745885267,-0.1794907745885267,-0.437589877877119,-0.437589877877119,-0.1794907745885267,-0.1794907745885267,-0.437589877877119,-0.437589877877119,-0.030462661977240155,-0.030462661977240155,-0.13953365265454593,-0.13953365265454593,-0.030462661977240155,-0.030462661977240155,-0.13953365265454593,-0.13953365265454593
1988,0.18775933980941772,0.07727500051259995,0.1799047230386876,-0.36866452652910553,-0.36866452652910553,0.0,0.0,-0.36866452652910553,-0.36866452652910553,-0.36866452652910553,0.0,0.0,0.0,-0.06451473601408098,-0.06451473601408098,-0.2163044725407619,-0.2163044725407619,-0.06451473601408098,-0.06451473601408098,-0.06451473601408098,-0.2163044725407619,-0.2163044725407619,-0.2163044725407619,-0.36866452652910553,-0.36866452652910553,-0.824604053570811,-0.824604053570811,-0.36866452652910553,-0.36866452652910553,-0.824604053570811,-0.824604053570811,-0.06451473601408098,-0.06451473601408098,-0.2163044725407619,-0.2163044725407619,-0.06451473601408098,-0.06451473601408098,-0.2163044725407619,-0.2163044725407619,0.08896674417304064,0.08896674417304064,0.09065848783348134,0.09065848783348134,0.08896674417304064,0.08896674417304064,0.09065848783348134,0.09065848783348134,-0.07118140268074764,-0.07118140268074764,-0.2296378058740952,-0.2296378058740952,-0.07118140268074764,-0.07118140268074764,-0.2296378058740952,-0.2296378058740952
1989,0.300759494304657,0.09085000306367874,0.24484150038425545,0.246491832888603,0.246491832888603,0.0,0.0,0.246491832888603,0.246491832888603,0.246491832888603,0.0,0.0,0.0,0.2296086886432057,0.2296086886432057,0.3583673742227326,0.3583673742227326,0.2296086886432057,0.2296086886432057,0.2296086886432057,0.3583673742227326,0.3583673742227326,0.3583673742227326,0.15459296248931986,0.15459296248931986,0.20833592191496098,0.20833592191496098,0.15459296248931986,0.15459296248931986,0.20833592191496098,0.20833592191496098,0.027147252717511398,0.027147252717511398,-0.04655549762865594,-0.04655549762865594,0.027147252717511398,0.027147252717511398,-0.04655549762865594,-0.04655549762865594,0.16459296248931987,0.16459296248931987,0.228335921914961,0.228335921914961,0.16459296248931987,0.16459296248931987,0.228335921914961,0.228335921914961,0.16994245022413157,0.16994245022413157,0.2390348973845844,0.2390348973845844,0.16994245022413157,0.16994245022413157,0.2390348973845844,0.2390348973845844
1990,-0.022260470315814018,0.08147499710321426,-0.05984333192674728,0.02242150463646265,0.02242150463646265,0.0,0.0,0.02242150463646265,0.02242150463646265,0.02242150463646265,0.0,0.0,0.0,0.1110053048793603,0.1110053048793603,0.13053561265550634,0.13053561265550634,0.1110053048793603,0.1110053048793603,0.1110053048793603,0.13053561265550634,0.13053561265550634,0.13053561265550634,-0.0013741001328861913,-0.0013741001328861913,-0.09422319736898664,-0.09422319736898664,-0.0013741001328861913,-0.0013741001328861913,-0.09422319736898664,-0.09422319736898664,-0.017412658220247915,-0.017412658220247915,-0.12630031354371007,-0.12630031354371007,-0.017412658220247915,-0.017412658220247915,-0.12630031354371007,-0.12630031354371007,-0.2579388339500762,-0.2579388339500762,-0.6073526650033667,-0.6073526650033667,-0.2579388339500762,-0.2579388339500762,-0.6073526650033667,-0.6073526650033667,-0.10753277108242754,-0.10753277108242754,-0.30654053926806935,-0.30654053926806935,-0.10753277108242754,-0.10753277108242754,-0.30654053926806935,-0.30654053926806935
1991,0.2188897281885147,0.05835000053048134,0.06607226222108559,0.21504064700318204,0.05850470030631306,0.0,0.0,0.21504064700318204,0.05850470030631306,0.21504064700318204,0.0,0.0,0.0,0.17612298944657434,0.11427776790526904,0.28389597836266733,0.16020553528005677,0.17612298944657434,0.0946684566123857,0.17612298944657434,0.28389597836266733,0.12098691269429006,0.28389597836266733,-0.1367669350769518,-0.1367669350769518,-0.34188387068438497,-0.34188387068438497,-0.1367669350769518,-0.1367669350769518,-0.34188387068438497,-0.34188387068438497,0.02551499577244913,0.02551499577244913,-0.01732000898558307,-0.01732000898558307,0.02551499577244913,0.02551499577244913,-0.01732000898558307,-0.01732000898558307,0.0465127672999528,0.0465127672999528,0.02467553406942427,0.02467553406942427,0.0465127672999528,0.0465127672999528,0.02467553406942427,0.02467553406942427,-0.021243751574323604,-0.021243751574323604,-0.11083750367912854,-0.11083750367912854,-0.021243751574323604,-0.021243751574323604,-0.11083750367912854,-0.11083750367912854
1992,0.1532006859779358,0.03681667149066925,-0.09938805356715334,-0.13628060691275512,-0.12364727549080344,0.0,0.0,-0.13628060691275512,-0.12364727549080344,-0.13628060691275512,0.0,0.0,0.0,-0.08130805386778722,0.009032535341205858,-0.2094327792262437,-0.028751600808257536,-0.08130805386778722,0.010699202007872525,-0.08130805386778722,-0.2094327792262437,-0.025418267474924202,-0.2094327792262437,-0.13023264401529855,-0.13023264401529855,-0.30728195952126636,-0.30728195952126636,-0.13023264401529855,-0.13023264401529855,-0.30728195952126636,-0.30728195952126636,-0.065055918013906,-0.02245067201721299,-0.17692850751848127,-0.09171801552509523,-0.065055918013906,-0.02245067201721299,-0.17692850751848127,-0.09171801552509523,-0.028062232717623196,-0.2246504022171063,-0.10294113692591564,-0.49611747592488187,-0.028062232717623196,-0.2246504022171063,-0.10294113692591564,-0.49611747592488187,-0.049834976803456714,-0.13195935776945403,-0.14648662509758267,-0.3107353870295773,-0.049834976803456714,-0.13195935776945403,-0.14648662509758267,-0.3107353870295773
1993,0.0984528511762619,0.0317416712641716,0.31681456955189696,0.0884528511762619,0.0884528511762619,0.0,0.0,0.0884528511762619,0.0884528511762619,0.0884528511762619,0.0,0.0,0.0,0.15210214833978672,0.31628975058946646,0.26246262541540183,0.5908378299147613,0.15210214833978672,0.19978009321093484,0.15210214833978672,0.26246262541540183,0.3578185151576981,0.26246262541540183,-0.0458222978435212,0.0884528511762619,-0.133386266951214,0.1351640310883522,-0.0458222978435212,0.0884528511762619,-0.133386266951214,0.1351640310883522,0.09376643125390527,0.09753784416284765,0.14579119124363893,0.1533340170615237,0.09376643125390527,0.09753784416284765,0.14579119124363893,0.1533340170615237,0.0884528511762619,0.0884528511762619,0.1351640310883522,0.1351640310883522,0.0884528511762619,0.0884528511762619,0.1351640310883522,0.1351640310883522,0.1949236040962285,0.239702141134314,0.3481055369282854,0.4376626110044564,0.1949236040962285,0.239702141134314,0.3481055369282854,0.4376626110044564
1994,0.005172228906303644,0.04629167169332504,0.12735013091735264,0.4254041210652344,0.4254041210652344,0.0,0.0,0.4254041210652344,0.4254041210652344,0.4254041210652344,0.0,0.0,0.0,0.2287194635297254,0.23205279686305874,0.4011472553661257,0.40781392203279243,0.2287194635297254,0.2337194635297254,0.2287194635297254,0.4011472553661257,0.41114725536612573,0.4011472553661257,0.032136753441675665,0.032136753441675665,0.007981835190026286,0.007981835190026286,0.032136753441675665,0.032136753441675665,0.007981835190026286,0.007981835190026286,0.06930803156771298,0.0571608869165153,0.08232439144210091,0.05803010213970556,0.06930803156771298,0.0571608869165153,0.08232439144210091,0.05803010213970556,0.13417367840156658,0.13417367840156658,0.2120556851098081,0.2120556851098081,0.13417367840156658,0.13417367840156658,0.2120556851098081,0.2120556851098081,0.06406286273021675,0.06739619606355007,0.07183405376710844,0.0785007204337751,0.06406286273021675,0.06739619606355007,0.07183405376710844,0.0785007204337751
1995,0.3804345428943634,0.059166669845581055,0.17607931047392084,0.019176828447152072,0.019176828447152072,0.0,0.0,0.019176828447152072,0.019176828447152072,0.019176828447152072,0.0,0.0,0.0,0.12302045310147611,0.12302045310147611,0.17687423635737115,0.17687423635737115,0.12302045310147611,0.12302045310147611,0.12302045310147611,0.17687423635737115,0.17687423635737115,0.17687423635737115,0.009176828447152072,0.009176828447152072,-0.05081301295127691,-0.05081301295127691,0.009176828447152072,0.009176828447152072,-0.05081301295127691,-0.05081301295127691,0.23591355479010798,0.23591355479010798,0.4026604397346349,0.4026604397346349,0.23591355479010798,0.23591355479010798,0.4026604397346349,0.4026604397346349,0.11295188039445604,0.29575481202719933,0.15673709094333105,0.5223429542088176,0.11295188039445604,0.29575481202719933,0.15673709094333105,0.5223429542088176,0.1881196242251475,0.28484808452752447,0.30707257860471393,0.5005294992094679,0.1881196242251475,0.28484808452752447,0.30707257860471393,0.5005294992094679
1996,0.23362676799297333,0.05389999970793724,0.22575222477567197,0.1773011344594042,0.0007887703460540772,0.0,0.0,0.1773011344594042,0.0007887703460540772,0.1773011344594042,0.0,0.0,0.0,0.08579426284810596,0.19884732695896065,0.10768852598827468,0.33379465420998405,0.08579426284810596,0.19884732695896065,0.08579426284810596,0.10768852598827468,0.33379465420998405,0.10768852598827468,0.4152103808681955,0.4152103808681955,0.7665207620284538,0.7665207620284538,0.4152103808681955,0.4152103808681955,0.7665207620284538,0.7665207620284538,0.24161524971987047,0.24161524971987047,0.4193304997318037,0.4193304997318037,0.24161524971987047,0.24161524971987047,0.4193304997318037,0.4193304997318037,0.0007887703460540772,0.0007887703460540772,-0.062322459015829085,-0.062322459015829085,0.0007887703460540772,0.0007887703460540772,-0.062322459015829085,-0.062322459015829085,0.16855405808894122,0.1752207247556079,0.2732081164699452,0.28654144980327856,0.16855405808894122,0.1752207247556079,0.2732081164699452,0.28654144980327856
1997,0.31566765904426575,0.05615833029150963,0.1997357421454011,0.14788439308314683,0.14788439308314683,0.0,0.0,0.14788439308314683,0.14788439308314683,0.14788439308314683,0.0,0.0,0.0,0.09435085622049083,0.1706382955606536,0.12254338214947204,0.27511826082979757,0.09435085622049083,0.1706382955606536,0.09435085622049083,0.12254338214947204,0.27511826082979757,0.12254338214947204,0.10581471859765613,0.10581471859765613,0.14547110690380266,0.14547110690380266,0.10581471859765613,0.10581471859765613,0.14547110690380266,0.14547110690380266,0.15606919403371,0.15606919403371,0.24598005777591037,0.24598005777591037,0.15606919403371,0.15606919403371,0.24598005777591037,0.24598005777591037,0.14788439308314683,0.14788439308314683,0.22961045587478401,0.22961045587478401,0.14788439308314683,0.14788439308314683,0.22961045587478401,0.22961045587478401,0.19828459821198446,0.19828459821198446,0.3304108661324593,0.3304108661324593,0.19828459821198446,0.19828459821198446,0.3304108661324593,0.3304108661324593
1998,0.2534160315990448,0.054666668176651,0.2553678829315649,0.20969780164158136,0.20969780164158136,0.0,0.0,0.20969780164158136,0.20969780164158136,0.20969780164158136,0.0,0.0,0.0,0.36054778398497955,0.36054778398497955,0.6564288997933081,0.6564288997933081,0.36054778398497955,0.36054778398497955,0.36054778398497955,0.6564288997933081,0.6564288997933081,0.6564288997933081,0.2434160315990448,0.2434160315990448,0.42216539502143857,0.42216539502143857,0.2434160315990448,0.2434160315990448,0.42216539502143857,0.42216539502143857,0.3377988855742913,0.3377988855742913,0.6109311029719315,0.6109311029719315,0.3377988855742913,0.3377988855742913,0.6109311029719315,0.6109311029719315,0.8301599138397344,0.8301599138397344,1.5956531595028178,1.5956531595028178,0.8301599138397344,0.8301599138397344,1.5956531595028178,1.5956531595028178,0.27997352633548606,0.27997352633548606,0.4952803844943211,0.4952803844943211,0.27997352633548606,0.27997352633548606,0.4952803844943211,0.4952803844943211
1999,0.2145456075668335,0.053300000727176666,0.23915093948672006,1.289271019085094,1.289271019085094,0.0,0.0,1.289271019085094,1.289271019085094,1.289271019085094,0.0,0.0,0.0,0.37761136267322426,0.37761136267322426,0.6919227246192718,0.6919227246192718,0.37761136267322426,0.37761136267322426,0.37761136267322426,0.6919227246192718,0.6919227246192718,0.6919227246192718,1.289271019085094,1.289271019085094,2.5152420374430116,2.5152420374430116,1.289271019085094,1.289271019085094,2.5152420374430116,2.5152420374430116,0.42638116697976025,0.42638116697976025,0.7894623332323438,0.7894623332323438,0.42638116697976025,0.42638116697976025,0.7894623332323438,0.7894623332323438,1.299271019085094,1.299271019085094,2.5352420374430116,2.5352420374430116,1.299271019085094,1.299271019085094,2.5352420374430116,2.5352420374430116,0.48162227059752444,0.48162227059752444,0.8999445404678722,0.8999445404678722,0.48162227059752444,0.48162227059752444,0.8999445404678722,0.8999445404678722
2000,-0.05703166499733925,0.06455832719802856,-0.07722836749042533,-0.1598458322947619,-0.1598458322947619,0.0,0.0,-0.1598458322947619,-0.1598458322947619,-0.1598458322947619,0.0,0.0,0.0,-0.14498778918172076,-0.14498778918172076,-0.3645339055614701,-0.3645339055614701,-0.14498778918172076,-0.14498778918172076,-0.14498778918172076,-0.3645339055614701,-0.3645339055614701,-0.3645339055614701,-0.1598458322947619,-0.1598458322947619,-0.3942499917875524,-0.3942499917875524,-0.1598458322947619,-0.1598458322947619,-0.3942499917875524,-0.3942499917875524,-0.08012541041346495,-0.08012541041346495,-0.23480914802495845,-0.23480914802495845,-0.08012541041346495,-0.08012541041346495,-0.23480914802495845,-0.23480914802495845,-0.1598458322947619,-0.1598458322947619,-0.3942499917875524,-0.3942499917875524,-0.1598458322947619,-0.1598458322947619,-0.3942499917875524,-0.3942499917875524,-0.14646449391704938,-0.14646449391704938,-0.36748731503212734,-0.36748731503212734,-0.14646449391704938,-0.14646449391704938,-0.36748731503212734,-0.36748731503212734
2001,-0.1279255896806717,0.03686666861176491,-0.19311503931210275,0.02500000014901161,-0.24924088989807747,0.0,0.0,0.02500000014901161,-0.24924088989807747,0.02500000014901161,0.0,0.0,0.0,-0.13440330292669525,-0.23370419720307856,-0.3156732744651554,-0.514275063017922,-0.13440330292669525,-0.13211441343911082,-0.13440330292669525,-0.3156732744651554,-0.31109549548998655,-0.3156732744651554,-0.34292924380763645,-0.34292924380763645,-0.7327251562270378,-0.7327251562270378,-0.34292924380763645,-0.34292924380763645,-0.7327251562270378,-0.7327251562270378,-0.2803060135671834,-0.2803060135671834,-0.6074786957461317,-0.6074786957461317,-0.2803060135671834,-0.2803060135671834,-0.6074786957461317,-0.6074786957461317,-0.34292924380763645,-0.34292924380763645,-0.7327251562270378,-0.7327251562270378,-0.34292924380763645,-0.34292924380763645,-0.7327251562270378,-0.7327251562270378,-0.28697268023385003,-0.28697268023385003,-0.620812029079465,-0.620812029079465,-0.28697268023385003,-0.28697268023385003,-0.620812029079465,-0.620812029079465
2002,-0.20060615241527557,0.017258329316973686,-0.12546275129038403,0.15904080867767334,0.009111102441806471,0.0,0.0,0.012258329316973685,0.012258329316973685,0.012258329316973685,0.0,0.0,0.0,0.2911124459179576,-0.0640579688209896,0.5549665625189415,-0.1553742669589529,0.012258329316973685,0.013924995983640352,0.012258329316973685,-0.0027416706830263177,0.0005916626503070163,-0.0027416706830263177,-0.20058802614941929,-0.20058802614941929,-0.42843438161581227,-0.42843438161581227,-0.20058802614941929,-0.20058802614941929,-0.42843438161581227,-0.42843438161581227,-0.014145371676646493,-0.10331082703995283,-0.05554907267026667,-0.23387998339687935,-0.05869045583849064,-0.05869045583849064,-0.14463924099395498,-0.14463924099395498,-0.20058802614941929,-0.20058802614941929,-0.42843438161581227,-0.42843438161581227,-0.20058802614941929,-0.20058802614941929,-0.42843438161581227,-0.42843438161581227,-0.14739010004233638,-0.14739010004233638,-0.32203852940164646,-0.32203852940164646,-0.14739010004233638,-0.14739010004233638,-0.32203852940164646,-0.32203852940164646
2003,0.22114592790603638,0.011508329771459103,0.4319738899424073,0.19518612551207326,0.5347605983682928,0.0,0.0,0.20018612551207327,0.5297605983682928,0.20018612551207327,0.0,0.0,0.0,0.1931247948883619,0.5028327784660771,0.3647412600052647,0.9841572271606951,0.19479146155502855,0.18425908597040366,0.19479146155502855,0.368074593338598,0.3470098421693482,0.368074593338598,0.010222222432494163,0.5247605983682928,-0.001063884906470778,1.0280128669651265,0.010222222432494163,0.0065083297714591025,-0.001063884906470778,-0.0084916702285409,0.10791758662528314,0.5087389524448116,0.19432684347910717,0.9959695751181641,0.10791758662528314,0.009841663104792436,0.19432684347910717,-0.0018250035618742333,0.30677066681563936,0.30677066681563936,0.5920330038598196,0.5920330038598196,0.30677066681563936,0.30677066681563936,0.5920330038598196,0.5920330038598196,0.14588094019064166,0.4144063764710444,0.2702535506098242,0.8073044231706297,0.14588094019064166,0.10659577545285252,0.2702535506098242,0.19168322113424593
2004,0.12771135568618774,0.01563332974910736,0.2829166512997834,0.30893133462562083,0.30893133462562083,0.0,0.0,0.30893133462562083,0.30893133462562083,0.30893133462562083,0.0,0.0,0.0,0.2620327073463898,0.2620327073463898,0.4984320849436722,0.4984320849436722,0.2620327073463898,0.26536604067972314,0.2620327073463898,0.4984320849436722,0.5050987516103389,0.4984320849436722,0.20092384249366657,0.3250071039199829,0.3762143552382258,0.6243808780908584,0.20092384249366657,0.3200071039199829,0.3762143552382258,0.6143808780908584,0.1913099221294293,0.33129035509348215,0.3569865145097512,0.6369473804378569,0.1913099221294293,0.3296236884268155,0.3569865145097512,0.6336140471045236,0.3150071039199829,0.3150071039199829,0.6043808780908584,0.6043808780908584,0.3150071039199829,0.3150071039199829,0.6043808780908584,0.6043808780908584,0.2100478614548754,0.3958755061431005,0.3944623931606434,0.7661176825370937,0.2100478614548754,0.3958755061431005,0.3944623931606434,0.7661176825370937
2005,0.07094670832157135,0.03511666879057884,0.11792889553045187,0.2432990903234553,0.2432990903234553,0.0,0.0,0.2432990903234553,0.2432990903234553,0.2432990903234553,0.0,0.0,0.0,0.12397470928589131,0.12397470928589131,0.20283274978120377,0.20283274978120377,0.12397470928589131,0.12397470928589131,0.12397470928589131,0.20283274978120377,0.20283274978120377,0.20283274978120377,0.2432990903234553,0.2432990903234553,0.4414815118563318,0.4414815118563318,0.2432990903234553,0.2432990903234553,0.4414815118563318,0.4414815118563318,0.036044412539235446,0.20714170731669101,0.026972156287892048,0.3691667458428032,0.036044412539235446,0.20714170731669101,0.026972156287892048,0.3691667458428032,-0.01845353879791,0.14046395114970922,-0.08202374638639884,0.2358112335088396,-0.01845353879791,0.14046395114970922,-0.08202374638639884,0.2358112335088396,-0.048266213210864654,0.21047504065002434,-0.14164909521230815,0.37583341250946983,-0.048266213210864654,0.21047504065002434,-0.14164909521230815,0.37583341250946983
2006,0.14201273024082184,0.051533330231904984,0.3679446761844303,0.43224558543663827,0.43224558543663827,0.0,0.0,0.43224558543663827,0.43224558543663827,0.43224558543663827,0.0,0.0,0.0,0.3800224205939723,0.3800224205939723,0.6985115109560396,0.6985115109560396,0.3800224205939723,0.3800224205939723,0.3800224205939723,0.6985115109560396,0.6985115109560396,0.6985115109560396,0.43224558543663827,0.43224558543663827,0.8029578406413715,0.8029578406413715,0.43224558543663827,0.43224558543663827,0.8029578406413715,0.8029578406413715,0.4128164487143788,0.4161497820477121,0.7640995671968526,0.7707662338635192,0.4128164487143788,0.4161497820477121,0.7640995671968526,0.7707662338635192,0.3377611261231708,0.3477611261231708,0.6139889220144366,0.6339889220144366,0.3377611261231708,0.3477611261231708,0.6139889220144366,0.6339889220144366,0.37258935996475967,0.3825893599647597,0.6836453896976143,0.7036453896976144,0.37258935996475967,0.3825893599647597,0.6836453896976143,0.7036453896976144
2007,0.06391465663909912,0.052683331072330475,0.18250388698019437,0.21017822375601747,0.21017822375601747,0.0,0.0,0.21017822375601747,0.21017822375601747,0.21017822375601747,0.0,0.0,0.0,0.18423534438373723,0.18423534438373723,0.305787357695144,0.305787357695144,0.18423534438373723,0.18423534438373723,0.18423534438373723,0.305787357695144,0.305787357695144,0.305787357695144,0.28973446574316886,0.28973446574316886,0.5167856004140072,0.5167856004140072,0.28973446574316886,0.28973446574316886,0.5167856004140072,0.5167856004140072,0.18204595511865906,0.18204595511865906,0.30140857916498764,0.30140857916498764,0.18204595511865906,0.18204595511865906,0.30140857916498764,0.30140857916498764,0.27973446574316885,0.27973446574316885,0.4967856004140072,0.4967856004140072,0.27973446574316885,0.27973446574316885,0.4967856004140072,0.4967856004140072,0.23165849834822438,0.23165849834822438,0.4006336656241183,0.4006336656241183,0.23165849834822438,0.23165849834822438,0.4006336656241183,0.4006336656241183
2008,-0.3875488340854645,0.029650000855326653,-0.46341349181639796,-0.5496616631985585,-0.5496616631985585,0.0,0.0,-0.5496616631985585,-0.5496616631985585,-0.5496616631985585,0.0,0.0,0.0,-0.5138163131903424,-0.5138163131903424,-1.0,-1.0,-0.5138163131903424,-0.5138163131903424,-0.5138163131903424,-1.0,-1.0,-1.0,-0.6449609464406967,-0.6449609464406967,-1.0,-1.0,-0.6449609464406967,-0.6449609464406967,-1.0,-1.0,-0.5361766746171539,-0.5361766746171539,-1.0,-1.0,-0.5361766746171539,-0.5361766746171539,-1.0,-1.0,-0.6449609464406967,-0.6449609464406967,-1.0,-1.0,-0.6449609464406967,-0.6449609464406967,-1.0,-1.0,-0.5163543294885409,-0.5163543294885409,-1.0,-1.0,-0.5163543294885409,-0.5163543294885409,-1.0,-1.0
2009,0.2908405065536499,0.005558332893997431,0.4202025266586983,-0.014690051670104278,-0.27059534313942646,0.0,0.0,-0.014690051670104278,0.0005583328939974307,-0.014690051670104278,0.0,0.0,0.0,-0.03693313560471229,0.09058190723187326,0.0,0.0,-0.03693313560471229,0.0005583328939974307,-0.03693313560471229,0.0,0.0,0.0,0.38093137254901954,-0.27059534313942646,0.0,0.0,0.38093137254901954,-0.27059534313942646,0.0,0.0,0.06801173763495429,0.14040262601914294,0.0,0.0,0.06801173763495429,0.04455438377870333,0.0,0.0,0.38093137254901954,0.393700161581539,0.0,0.0,0.38093137254901954,0.393700161581539,0.0,0.0,0.24782485306405644,0.17085996372784995,0.0,0.0,0.24782485306405644,0.17085996372784995,0.0,0.0
2010,0.13858318328857422,0.0031166670378297567,0.07669244064487496,0.15731797987690554,0.15731797987690554,0.0,0.0,0.15731797987690554,0.16231797987690555,0.15731797987690554,0.0,0.0,0.0,0.21647744516517267,0.21647744516517267,0.0,0.0,0.21647744516517267,0.22147744516517268,0.21647744516517267,0.0,0.0,0.0,0.2255506607929516,0.16058916438455517,0.0,0.0,0.2255506607929516,0.16058916438455517,0.0,0.0,0.2022863443748117,0.02360285934651204,0.0,0.0,0.2022863443748117,0.05394083282007157,0.0,0.0,0.2255506607929516,-0.20853496853980602,0.0,0.0,0.2255506607929516,-0.20853496853980602,0.0,0.0,0.05920161887923359,0.03645739190721824,0.0,0.0,0.05920161887923359,0.03645739190721824,0.0,0.0
2011,0.022730018943548203,0.0030333329923450947,-0.13747737941393354,-0.16940702064497315,-0.16940702064497315,0.0,0.0,-0.16940702064497315,-0.16940702064497315,-0.16940702064497315,0.0,0.0,0.0,-0.06095625411554332,-0.12148045258500662,0.0,0.0,-0.06095625411554332,-0.12148045258500662,-0.06095625411554332,0.0,0.0,0.0,0.17900790797987054,-0.16940702064497315,0.0,0.0,0.17900790797987054,-0.16940702064497315,0.0,0.0,0.1528221344663602,-0.12093716398961044,0.0,0.0,0.1528221344663602,-0.05444678488676098,0.0,0.0,0.17900790797987054,-0.12491842006506214,0.0,0.0,0.17900790797987054,-0.12491842006506214,0.0,0.0,0.08320455033310944,-0.14262719415959563,0.0,0.0,0.08320455033310944,-0.14262719415959563,0.0,0.0
2012,0.16907955706119537,0.0028250000905245543,0.1847258119848229,0.02229926899075508,0.15907955706119536,0.0,0.0,0.02229926899075508,0.15907955706119536,0.02229926899075508,0.0,0.0,0.0,0.04842101368692024,0.050820507831015514,0.0,0.0,0.04842101368692024,0.05157651908074816,0.04842101368692024,0.0,0.0,0.0,0.027439024390243816,0.23061863068190247,0.0,0.0,0.027439024390243816,0.23061863068190247,0.0,0.0,0.16079009002722797,0.22749209040092983,0.0,0.0,0.16079009002722797,0.22749209040092983,0.0,0.0,0.027439024390243816,0.21754502551134935,0.0,0.0,0.027439024390243816,0.21754502551134935,0.0,0.0,0.017800584352460867,0.19168599519603688,0.0,0.0,0.017800584352460867,0.07106500856413282,0.0,0.0
2013,0.2956359088420868,0.0020833329763263464,0.27363258421130854,0.1631262732434402,0.23342487388209565,0.0,0.0,0.1631262732434402,0.23342487388209565,0.1631262732434402,0.0,0.0,0.0,0.23712032079922532,0.30139637585314644,0.0,0.0,0.23712032079922532,0.3047297091864798,0.23712032079922532,0.0,0.0,0.0,-0.19982844459092797,0.28370073850586364,0.0,0.0,-0.19982844459092797,0.28370073850586364,0.0,0.0,-0.20567539306612043,0.31176369525105135,0.0,0.0,-0.20567539306612043,0.31176369525105135,0.0,0.0,-0.2747774480712166,0.28370073850586364,0.0,0.0,-0.2747774480712166,0.28370073850586364,0.0,0.0,-0.162682155187519,0.2868064967712421,0.0,0.0,-0.162682155187519,0.2834731634379088,0.0,0.0
2014,0.15816636383533478,0.0008999999845400453,-0.04310316600189026,-0.04650671267753536,-0.04650671267753536,0.0,0.0,-0.04650671267753536,-0.04650671267753536,-0.04650671267753536,0.0,0.0,0.0,-0.01085095987580223,-0.007517626542468897,0.0,0.0,-0.01085095987580223,-0.007517626542468897,-0.01085095987580223,0.0,0.0,0.0,0.14816636383533477,0.14816636383533477,0.0,0.0,0.14816636383533477,0.14816636383533477,0.0,0.0,0.11633619292653201,0.027991825032334668,0.0,0.0,0.11633619292653201,0.027991825032334668,0.0,0.0,-0.0495459176593701,-0.0395459176593701,0.0,0.0,-0.0495459176593701,-0.0395459176593701,0.0,0.0,-0.05056545250897392,-0.04723211917564059,0.0,0.0,-0.05056545250897392,-0.04723211917564059,0.0,0.0
2015,0.021029368042945862,0.0013000000035390258,0.0068147558549804255,-0.028857143819332125,0.011029368042945862,0.0,0.0,-0.028857143819332125,0.011029368042945862,-0.028857143819332125,0.0,0.0,0.0,-0.06916676703793681,0.06262814503104316,0.0,0.0,-0.06916676703793681,0.06262814503104316,-0.06916676703793681,0.0,0.0,0.0,-0.06548509476190455,0.19085127575767524,0.0,0.0,-0.06548509476190455,0.19085127575767524,0.0,0.0,0.040456657429426356,0.0659614783643765,0.0,0.0,0.040456657429426356,0.0659614783643765,0.0,0.0,0.011029368042945862,0.011029368042945862,0.0,0.0,0.011029368042945862,0.011029368042945862,0.0,0.0,0.0739542713966579,0.0739542713966579,0.0,0.0,0.0739542713966579,0.0739542713966579,0.0,0.0
2016,0.036493316292762756,0.0040000000000000036,0.016711715554982097,-0.10027592010585638,-0.10027592010585638,0.0,0.0,-0.10027592010585638,-0.10027592010585638,-0.10027592010585638,0.0,0.0,0.0,-0.03834349134302287,-0.03501015800968953,0.0,0.0,-0.03834349134302287,-0.03501015800968953,-0.03834349134302287,0.0,0.0,0.0,-0.10027592010585638,-0.09027592010585639,0.0,0.0,-0.10027592010585638,-0.09027592010585639,0.0,0.0,-0.012246598526437016,-0.008913265193103682,0.0,0.0,-0.012246598526437016,-0.008913265193103682,0.0,0.0,0.036493316292762756,0.036493316292762756,0.0,0.0,0.036493316292762756,0.036493316292762756,0.0,0.0,-0.04326896150456916,-0.03966484205415961,0.0,0.0,-0.04326896150456916,-0.03966484205415961,0.0,0.0
2017,0.19302545487880707,0.010000000000000009,0.2600805825189697,0.23522777564197406,0.23522777564197406,0.0,0.0,0.23522777564197406,0.23522777564197406,0.23522777564197406,0.0,0.0,0.0,0.15319887601741508,0.229586790181745,0.0,0.0,0.15319887601741508,0.229586790181745,0.15319887601741508,0.0,0.0,0.0,0.18302545487880706,0.18302545487880706,0.0,0.0,0.18302545487880706,0.18302545487880706,0.0,0.0,0.1856717395080525,0.2677901703945504,0.0,0.0,0.1856717395080525,0.2677901703945504,0.0,0.0,0.2666523612572138,0.3388222891221637,0.0,0.0,0.2666523612572138,0.3388222891221637,0.0,0.0,0.2728333684193949,0.2648780236557069,0.0,0.0,0.2728333684193949,0.2648780236557069,0.0,0.0
2018,0.14207513630390167,0.018299999999999983,-0.11242210410359813,-0.13351015931061683,-0.13351015931061683,0.0,0.0,-0.13351015931061683,-0.13351015931061683,-0.13351015931061683,0.0,0.0,0.0,-0.1445888540174606,-0.1445888540174606,0.0,0.0,-0.1445888540174606,-0.1445888540174606,-0.1445888540174606,0.0,0.0,0.0,-0.13351015931061683,-0.13351015931061683,0.0,0.0,-0.13351015931061683,-0.13351015931061683,0.0,0.0,-0.13192319023859764,-0.1285898569052643,0.0,0.0,-0.13192319023859764,-0.1285898569052643,0.0,0.0,-0.13351015931061683,-0.12351015931061682,0.0,0.0,-0.13351015931061683,-0.12351015931061682,0.0,0.0,-0.04243037131049239,-0.04243037131049239,0.0,0.0,-0.04243037131049239,-0.04243037131049239,0.0,0.0
2019,0.08163652569055557,0.021600000000000064,0.2069239984033533,0.07163652569055558,0.07163652569055558,0.0,0.0,0.07163652569055558,0.07163652569055558,0.07163652569055558,0.0,0.0,0.0,0.05288397700530719,0.05676544919817477,0.0,0.0,0.0470803724563214,0.034945508563518565,0.0470803724563214,0.0,0.0,0.0,0.12544054992989162,0.12544054992989162,0.0,0.0,0.12544054992989162,0.12544054992989162,0.0,0.0,0.08336055576628526,0.12298424998833811,0.0,0.0,0.08336055576628526,0.12298424998833811,0.0,0.0,0.07163652569055558,0.07163652569055558,0.0,0.0,0.07163652569055558,0.07163652569055558,0.0,0.0,0.12558837382346816,0.17340163300487882,0.0,0.0,0.12558837382346816,0.17340163300487882,0.0,0.0
2020,0.12535415589809418,0.0038000000000000256,0.13986211479917732,0.1334567330619596,0.1334567330619596,0.0,0.0,0.1334567330619596,0.1334567330619596,0.1334567330619596,0.0,0.0,0.0,0.2365623331743263,0.2365623331743263,0.0,0.0,0.23822899984099297,0.23989566650765964,0.23822899984099297,0.0,0.0,0.0,0.07313366598498551,0.07313366598498551,0.0,0.0,0.07313366598498551,0.07313366598498551,0.0,0.0,0.2542632528715188,0.2542632528715188,0.0,0.0,0.2542632528715188,0.2542632528715188,0.0,0.0,0.4289729690597808,0.4289729690597808,0.0,0.0,0.4289729690597808,0.4289729690597808,0.0,0.0,0.21248693031428684,0.21248693031428684,0.0,0.0,0.21248693031428684,0.21248693031428684,0.0,0.0
