sunday,friday,nav_ira_nogov,orders_nogov,deferred_nogov,sent_nogov,reasons_nogov,SSO_in,SSO_pct_vs_sma,SSO_signal,QLD_in,QLD_pct_vs_sma,QLD_signal,nav_ira_gov,nav_total_gov,peak,drawdown,G,G_step,hard_stop,paused,orders_gov,deferred_gov,sent_gov,reasons_gov,SSO_in_gov,QLD_in_gov
1986-07-06,1986-07-03,80026.28161,2,0,buy:SSO:20007;buy:SGOV:60020,idle_cash_to_sgov;switch_on,True,0.15534,True,,,False,80026.28161,100032.85201,100032.85201,0.0,1.0,,False,False,2,0,buy:SSO:20007;buy:SGOV:60020,idle_cash_to_sgov;switch_on,True,
1986-07-13,1986-07-11,78582.59272,0,0,,,True,0.10384,True,,,False,78582.59272,98615.03515,100032.85201,0.01417,1.0,0.0,False,False,0,0,,,True,
1986-07-20,1986-07-18,77750.76705,2,0,sell:SGOV:21597;buy:QLD:19438,fund_buys;switch_on,True,0.07065,True,True,0.05435,True,77750.76705,97805.34196,100032.85201,0.02227,1.0,0.0,False,False,2,0,sell:SGOV:21597;buy:QLD:19438,fund_buys;switch_on,True,True
1986-07-27,1986-07-25,78470.28203,0,0,,,True,0.08134,True,True,0.05071,True,78470.28203,98546.9534,100032.85201,0.01485,1.0,0.0,False,False,0,0,,,True,True
1986-08-03,1986-08-01,76621.94583,0,0,,,True,0.0515,True,True,0.01604,True,76621.94583,96721.07931,100032.85201,0.03311,1.0,0.0,False,False,0,0,,,True,True
1986-08-10,1986-08-08,76356.19858,1,0,buy:SGOV:20016,idle_cash_to_sgov,True,0.05454,True,False,-0.00208,True,76356.19858,96477.46104,100032.85201,0.03554,1.0,0.0,False,False,1,0,buy:SGOV:20016,idle_cash_to_sgov,True,False
1986-08-17,1986-08-15,77971.89818,2,0,sell:SGOV:21659;buy:QLD:19493,fund_buys;switch_on,True,0.09344,True,True,0.04288,True,77971.89818,98114.96641,100032.85201,0.01917,1.0,0.0,False,False,2,0,sell:SGOV:21659;buy:QLD:19493,fund_buys;switch_on,True,True
1986-08-24,1986-08-22,78810.52839,0,0,,,True,0.09994,True,True,0.04635,True,78810.52839,98974.97314,100032.85201,0.01058,1.0,0.0,False,False,0,0,,,True,True
1986-08-31,1986-08-29,79446.13027,0,0,,,True,0.10516,True,True,0.04591,True,79446.13027,99631.1615,100032.85201,0.00402,1.0,0.0,False,False,0,0,,,True,True
1986-09-07,1986-09-05,78523.31036,0,0,,,True,0.08945,True,True,0.02796,True,78523.31036,98728.42214,100032.85201,0.01304,1.0,0.0,False,False,0,0,,,True,True
1986-09-14,1986-09-12,74505.77246,1,0,buy:SGOV:20592,idle_cash_to_sgov,True,-0.00114,True,False,-0.07553,True,74505.77246,94731.09677,100032.85201,0.053,1.0,0.0,False,False,1,0,buy:SGOV:20592,idle_cash_to_sgov,True,False
1986-09-21,1986-09-19,74785.98348,0,0,,,True,0.00228,True,False,-0.05383,True,74785.98348,95031.35201,100032.85201,0.05,1.0,0.0,False,False,0,0,,,True,False
1986-09-28,1986-09-26,74777.91441,0,0,,,False,-0.00085,True,False,-0.06151,True,74777.91441,95043.65787,100032.85201,0.04988,1.0,0.0,False,False,0,0,,,False,False
1986-10-05,1986-10-03,74852.84279,0,0,,,False,0.00308,True,False,-0.05589,True,74852.84279,95138.89276,100032.85201,0.04892,1.0,0.0,False,False,0,0,,,False,False
1986-10-12,1986-10-10,74925.6298,0,0,,,False,0.0078,True,False,-0.04824,True,74925.6298,95231.40596,100032.85201,0.048,1.0,0.0,False,False,0,0,,,False,False
1986-10-19,1986-10-17,74999.06289,0,0,,,False,0.0192,True,False,-0.04083,True,74999.06289,95324.74033,100032.85201,0.04707,1.0,0.0,False,False,0,0,,,False,False
1986-10-26,1986-10-24,75075.09712,0,0,,,False,0.01368,True,False,-0.0373,True,75075.09712,95421.38078,100032.85201,0.0461,1.0,0.0,False,False,0,0,,,False,False
1986-11-02,1986-10-31,75150.36439,2,0,sell:SGOV:3988;buy:SSO:18788,fund_buys;switch_on,True,0.03433,True,False,-0.02226,True,75150.36439,95517.04641,100032.85201,0.04514,1.0,0.0,False,False,2,0,sell:SGOV:3988;buy:SSO:18788,fund_buys;switch_on,True,False
1986-11-09,1986-11-07,75477.77094,0,0,,,True,0.03746,True,False,-0.02185,True,75477.77094,95864.87181,100032.85201,0.04167,1.0,0.0,False,False,0,0,,,True,False
1986-11-16,1986-11-14,75333.28468,0,0,,,True,0.02822,True,False,-0.03333,True,75333.28468,95741.39503,100032.85201,0.0429,1.0,0.0,False,False,0,0,,,True,False
1986-11-23,1986-11-21,74206.72109,2,0,sell:SGOV:848;buy:SSO:18552,fund_buys;switch_on,True,0.03095,True,False,-0.03835,True,74206.72109,94635.89611,100032.85201,0.05395,1.0,0.0,False,False,2,0,sell:SGOV:848;buy:SSO:18552,fund_buys;switch_on,True,False
1986-11-30,1986-11-28,74767.11756,0,0,,,True,0.04224,True,False,-0.00546,True,74767.11756,95217.36176,100032.85201,0.04814,1.0,0.0,False,False,0,0,,,True,False
1986-12-07,1986-12-05,75114.26633,0,0,,,True,0.04706,True,False,0.00051,True,75114.26633,95585.70281,100032.85201,0.04446,1.0,0.0,False,False,0,0,,,True,False
1986-12-14,1986-12-12,74582.82805,0,0,,,True,0.02854,True,False,-0.02786,True,74582.82805,95075.74821,100032.85201,0.04955,1.0,0.0,False,False,0,0,,,True,False
1986-12-21,1986-12-19,74996.91986,0,0,,,True,0.03591,True,False,-0.0365,True,74996.91986,95511.62718,100032.85201,0.0452,1.0,0.0,False,False,0,0,,,True,False
1986-12-28,1986-12-26,74625.114,0,0,,,True,0.02288,True,False,-0.04181,True,74625.114,95161.60866,100032.85201,0.0487,1.0,0.0,False,False,0,0,,,True,False
1987-01-04,1987-01-02,74604.33839,0,0,,,True,0.02021,True,False,-0.04163,True,74604.33839,95163.01518,100032.85201,0.04868,1.0,0.0,False,False,0,0,,,True,False
1987-01-11,1987-01-09,76545.12431,2,0,sell:SGOV:19186;buy:QLD:19136,fund_buys;switch_on,True,0.06885,True,True,0.05229,True,76545.12431,97125.53412,100032.85201,0.02906,1.0,0.0,False,False,2,0,sell:SGOV:19186;buy:QLD:19136,fund_buys;switch_on,True,True
1987-01-18,1987-01-16,79113.14261,0,0,,,True,0.09702,True,True,0.08696,True,79113.14261,99714.74979,100032.85201,0.00318,1.0,0.0,False,False,0,0,,,True,True
1987-01-25,1987-01-23,80788.34256,0,0,,,True,0.10844,True,True,0.11207,True,80788.34256,101411.01644,101411.01644,0.0,1.0,0.0,False,False,0,0,,,True,True
1987-02-01,1987-01-30,81415.84952,0,0,,,True,0.12084,True,True,0.10957,True,81415.84952,102060.07533,102060.07533,0.0,1.0,0.0,False,False,0,0,,,True,True
1987-02-08,1987-02-06,84502.43015,0,0,,,True,0.14101,True,True,0.1597,True,84502.43015,105168.84736,105168.84736,0.0,1.0,0.0,False,False,0,0,,,True,True
1987-02-15,1987-02-13,85625.27567,0,0,,,True,0.13525,True,True,0.18563,True,85625.27567,106314.40683,106314.40683,0.0,1.0,0.0,False,False,0,0,,,True,True
1987-02-22,1987-02-20,86496.2758,0,0,,,True,0.15411,True,True,0.17929,True,86496.2758,107207.73022,107207.73022,0.0,1.0,0.0,False,False,0,0,,,True,True
1987-03-01,1987-02-27,87394.2271,0,0,,,True,0.14362,True,True,0.20153,True,87394.2271,108127.29214,108127.29214,0.0,1.0,0.0,False,False,0,0,,,True,True
1987-03-08,1987-03-06,88940.97934,0,0,,,True,0.16342,True,True,0.20634,True,88940.97934,109695.86515,109695.86515,0.0,1.0,0.0,False,False,0,0,,,True,True
1987-03-15,1987-03-13,88478.91132,0,0,,,True,0.15502,True,True,0.19446,True,88478.91132,109256.32374,109695.86515,0.00401,1.0,0.0,False,False,0,0,,,True,True
1987-03-22,1987-03-20,91831.92261,0,0,,,True,0.1824,True,True,0.23303,True,91831.92261,112631.60122,112631.60122,0.0,1.0,0.0,False,False,0,0,,,True,True
1987-03-29,1987-03-27,91225.95008,0,0,,,True,0.16754,True,True,0.22202,True,91225.95008,112047.82183,112631.60122,0.00518,1.0,0.0,False,False,0,0,,,True,True
1987-04-05,1987-04-03,92599.36016,0,0,,,True,0.17879,True,True,0.23156,True,92599.36016,113443.60854,113443.60854,0.0,1.0,0.0,False,False,0,0,,,True,True
1987-04-12,1987-04-10,90261.5208,0,0,,,True,0.14225,True,True,0.20629,True,90261.5208,111127.89558,113443.60854,0.02041,1.0,0.0,False,False,0,0,,,True,True
1987-04-19,1987-04-16,87930.79268,0,0,,,True,0.1176,True,True,0.17426,True,87930.79268,108817.27995,113443.60854,0.04078,1.0,0.0,False,False,0,0,,,True,True
1987-04-26,1987-04-24,86037.64548,0,0,,,True,0.09211,True,True,0.14796,True,86037.64548,106949.4302,113443.60854,0.05725,1.0,0.0,False,False,0,0,,,True,True
1987-05-03,1987-05-01,88653.52066,0,0,,,True,0.11218,True,True,0.17634,True,88653.52066,109588.30042,113443.60854,0.03398,1.0,0.0,False,False,0,0,,,True,True
1987-05-10,1987-05-08,90855.98056,0,0,,,True,0.12669,True,True,0.19709,True,90855.98056,111813.31573,113443.60854,0.01437,1.0,0.0,False,False,0,0,,,True,True
1987-05-17,1987-05-15,89094.64622,0,0,,,True,0.09804,True,True,0.17356,True,89094.64622,110074.44043,113443.60854,0.0297,1.0,0.0,False,False,0,0,,,True,True
1987-05-24,1987-05-22,86416.06557,0,0,,,True,0.07329,True,True,0.12726,True,86416.06557,107419.2747,113443.60854,0.0531,1.0,0.0,False,False,0,0,,,True,True
1987-05-31,1987-05-29,89745.45552,0,0,,,True,0.09948,True,True,0.16556,True,89745.45552,110771.229,113443.60854,0.02356,1.0,0.0,False,False,0,0,,,True,True
1987-06-07,1987-06-05,89450.79781,0,0,,,True,0.10749,True,True,0.14014,True,89450.79781,110499.53603,113443.60854,0.02595,1.0,0.0,False,False,0,0,,,True,True
1987-06-14,1987-06-12,92215.61712,0,0,,,True,0.13323,True,True,0.16196,True,92215.61712,113286.98731,113443.60854,0.00138,1.0,0.0,False,False,0,0,,,True,True
1987-06-21,1987-06-19,93670.58547,0,0,,,True,0.14757,True,True,0.16509,True,93670.58547,114764.61203,114764.61203,0.0,1.0,0.0,False,False,0,0,,,True,True
1987-06-28,1987-06-26,93414.39064,0,0,,,True,0.14162,True,True,0.15091,True,93414.39064,114531.56062,114764.61203,0.00203,1.0,0.0,False,False,0,0,,,True,True
1987-07-05,1987-07-02,92933.32186,0,0,,,True,0.12975,True,True,0.13936,True,92933.32186,114070.3887,114764.61203,0.00605,1.0,0.0,False,False,0,0,,,True,True
1987-07-12,1987-07-10,92972.34968,0,0,,,True,0.13224,True,True,0.12125,True,92972.34968,114135.53911,114764.61203,0.00548,1.0,0.0,False,False,0,0,,,True,True
1987-07-19,1987-07-17,96145.58821,0,0,,,True,0.14671,True,True,0.15382,True,96145.58821,117331.45145,117331.45145,0.0,1.0,0.0,False,False,0,0,,,True,True
1987-07-26,1987-07-24,94314.48175,0,0,,,True,0.11973,True,True,0.12806,True,94314.48175,115523.13608,117331.45145,0.01541,1.0,0.0,False,False,0,0,,,True,True
1987-08-02,1987-07-31,97025.83035,1,0,sell:SSO:6155,rebalance,True,0.14556,True,True,0.13845,True,97025.83035,118258.24238,118258.24238,0.0,1.0,0.0,False,False,1,0,sell:SSO:6155,rebalance,True,True
1987-08-09,1987-08-07,99849.38921,0,0,,,True,0.15265,True,True,0.17134,True,99849.38921,121106.06866,121106.06866,0.0,1.0,0.0,False,False,0,0,,,True,True
1987-08-16,1987-08-14,102375.99767,0,0,,,True,0.18204,True,True,0.17614,True,102375.99767,123656.74505,123656.74505,0.0,1.0,0.0,False,False,0,0,,,True,True
1987-08-23,1987-08-21,103909.47842,2,0,sell:QLD:6646;buy:SGOV:14990,idle_cash_to_sgov;rebalance,True,0.17966,True,True,0.18908,True,103909.47842,125214.74112,125214.74112,0.0,1.0,0.0,False,False,2,0,sell:QLD:6646;buy:SGOV:14990,idle_cash_to_sgov;rebalance,True,True
1987-08-30,1987-08-28,102081.16588,0,0,,,True,0.13991,True,True,0.16858,True,102081.16588,123411.64984,125214.74112,0.0144,1.0,0.0,False,False,0,0,,,True,True
1987-09-06,1987-09-04,99337.68024,0,0,,,True,0.0961,True,True,0.13164,True,99337.68024,120693.64333,125214.74112,0.03611,1.0,0.0,False,False,0,0,,,True,True
1987-09-13,1987-09-11,100686.52699,0,0,,,True,0.10894,True,True,0.1369,True,100686.52699,122068.66536,125214.74112,0.02513,1.0,0.0,False,False,0,0,,,True,True
1987-09-20,1987-09-18,98497.02559,0,0,,,True,0.07828,True,True,0.10281,True,98497.02559,119905.21495,125214.74112,0.0424,1.0,0.0,False,False,0,0,,,True,True
1987-09-27,1987-09-25,100075.76055,0,0,,,True,0.09017,True,True,0.11334,True,100075.76055,121510.43773,125214.74112,0.02958,1.0,0.0,False,False,0,0,,,True,True
1987-10-04,1987-10-02,102984.88547,0,0,,,True,0.10991,True,True,0.14179,True,102984.88547,124446.56525,125214.74112,0.00613,1.0,0.0,False,False,0,0,,,True,True
1987-10-11,1987-10-09,98058.09777,0,0,,,True,0.04615,True,True,0.08043,True,98058.09777,119547.10839,125214.74112,0.04526,1.0,0.0,False,False,0,0,,,True,True
1987-10-18,1987-10-16,91825.22016,2,0,sell_all:QLD:19307;buy:SGOV:40201,idle_cash_to_sgov;switch_off,False,-0.05381,True,False,-0.02878,True,91825.22016,113342.50402,125214.74112,0.09482,1.0,0.0,False,False,2,0,sell_all:QLD:19307;buy:SGOV:40201,idle_cash_to_sgov;switch_off,False,False
1987-10-25,1987-10-23,91930.16156,0,0,,,False,-0.16838,True,False,-0.22925,True,91930.16156,113473.39512,125214.74112,0.09377,1.0,0.0,False,False,0,0,,,False,False
1987-11-01,1987-10-30,92021.99929,0,0,,,False,-0.15467,True,False,-0.20196,True,92021.99929,113586.75442,125214.74112,0.09286,1.0,0.0,False,False,0,0,,,False,False
1987-11-08,1987-11-06,92118.29422,0,0,,,False,-0.15803,True,False,-0.19699,True,92118.29422,113705.61544,125214.74112,0.09192,1.0,0.0,False,False,0,0,,,False,False
1987-11-15,1987-11-13,92219.43795,0,0,,,False,-0.172,True,False,-0.20948,True,92219.43795,113830.46155,125214.74112,0.09092,1.0,0.0,False,False,0,0,,,False,False
1987-11-22,1987-11-20,92322.84192,0,0,,,False,-0.18184,True,False,-0.24453,True,92322.84192,113958.09756,125214.74112,0.0899,1.0,0.0,False,False,0,0,,,False,False
1987-11-29,1987-11-27,92424.33461,0,0,,,False,-0.18563,True,False,-0.22846,True,92424.33461,114083.3744,125214.74112,0.0889,1.0,0.0,False,False,0,0,,,False,False
1987-12-06,1987-12-04,92521.86076,0,0,,,False,-0.23769,True,False,-0.29369,True,92521.86076,114203.75517,125214.74112,0.08794,1.0,0.0,False,False,0,0,,,False,False
1987-12-13,1987-12-11,92622.58564,0,0,,,False,-0.19553,True,False,-0.23845,True,92622.58564,114328.08426,125214.74112,0.08694,1.0,0.0,False,False,0,0,,,False,False
1987-12-20,1987-12-18,92727.25459,0,0,,,False,-0.14512,True,False,-0.15335,True,92727.25459,114457.2817,125214.74112,0.08591,1.0,0.0,False,False,0,0,,,False,False
1987-12-27,1987-12-24,92816.68255,0,0,,,False,-0.13295,True,False,-0.13194,True,92816.68255,114567.66652,125214.74112,0.08503,1.0,0.0,False,False,0,0,,,False,False
1988-01-03,1987-12-31,92918.96798,0,0,,,False,-0.14737,True,False,-0.13979,True,92918.96798,114693.92187,125214.74112,0.08402,1.0,0.0,False,False,0,0,,,False,False
1988-01-10,1988-01-08,93036.50469,0,0,,,False,-0.1569,True,False,-0.126,True,93036.50469,114839.00255,125214.74112,0.08286,1.0,0.0,False,False,0,0,,,False,False
1988-01-17,1988-01-15,93140.49324,0,0,,,False,-0.12339,True,False,-0.11332,True,93140.49324,114967.36014,125214.74112,0.08184,1.0,0.0,False,False,0,0,,,False,False
1988-01-24,1988-01-22,93245.4409,0,0,,,False,-0.13886,True,False,-0.13962,True,93245.4409,115096.9016,125214.74112,0.0808,1.0,0.0,False,False,0,0,,,False,False
1988-01-31,1988-01-29,93348.94714,0,0,,,False,-0.09921,True,False,-0.10956,True,93348.94714,115224.66385,125214.74112,0.07978,1.0,0.0,False,False,0,0,,,False,False
1988-02-07,1988-02-05,93450.39276,0,0,,,False,-0.11793,True,False,-0.1126,True,93450.39276,115349.88259,125214.74112,0.07878,1.0,0.0,False,False,0,0,,,False,False
1988-02-14,1988-02-12,93551.30796,0,0,,,False,-0.09212,True,False,-0.07671,True,93551.30796,115474.4466,125214.74112,0.07779,1.0,0.0,False,False,0,0,,,False,False
1988-02-21,1988-02-19,93654.32595,0,0,,,False,-0.07599,True,False,-0.05671,True,93654.32595,115601.60619,125214.74112,0.07677,1.0,0.0,False,False,0,0,,,False,False
1988-02-28,1988-02-26,93755.92356,0,0,,,False,-0.07056,True,False,-0.034,True,93755.92356,115727.01254,125214.74112,0.07577,1.0,0.0,False,False,0,0,,,False,False
1988-03-06,1988-03-04,93856.70603,0,0,,,False,-0.05194,True,False,0.00569,True,93856.70603,115851.41272,125214.74112,0.07478,1.0,0.0,False,False,0,0,,,False,False
1988-03-13,1988-03-11,93959.78429,0,0,,,False,-0.05871,True,False,0.00932,True,93959.78429,115978.6467,125214.74112,0.07376,1.0,0.0,False,False,0,0,,,False,False
1988-03-20,1988-03-18,94062.04811,2,0,sell:SGOV:26035;buy:QLD:23516,fund_buys;switch_on,False,-0.03481,True,True,0.02807,True,94062.04811,116104.87538,125214.74112,0.07275,1.0,0.0,False,False,2,0,sell:SGOV:26035;buy:QLD:23516,fund_buys;switch_on,False,True
1988-03-27,1988-03-25,92488.78272,1,0,buy:SGOV:24480,idle_cash_to_sgov,False,-0.07715,True,False,-0.01666,True,92488.78272,114555.8488,125214.74112,0.08512,1.0,0.0,False,False,1,0,buy:SGOV:24480,idle_cash_to_sgov,False,False
1988-04-03,1988-03-31,92575.80018,0,0,,,False,-0.07282,True,False,-0.01252,True,92575.80018,114663.62792,125214.74112,0.08426,1.0,0.0,False,False,0,0,,,False,False
1988-04-10,1988-04-08,92694.52771,2,0,sell:SGOV:25748;buy:QLD:23174,fund_buys;switch_on,False,-0.03123,True,True,0.02224,True,92694.52771,114810.68287,125214.74112,0.08309,1.0,0.0,False,False,2,0,sell:SGOV:25748;buy:QLD:23174,fund_buys;switch_on,False,True
1988-04-17,1988-04-15,91124.79166,1,0,buy:SGOV:24102,idle_cash_to_sgov,False,-0.06262,True,False,-0.00903,True,91124.79166,113266.18188,125214.74112,0.09542,1.0,0.0,False,False,1,0,buy:SGOV:24102,idle_cash_to_sgov,False,False
1988-04-24,1988-04-22,91227.11824,0,0,,,False,-0.05713,True,False,-0.0058,True,91227.11824,113393.37164,125214.74112,0.09441,1.0,0.0,False,False,0,0,,,False,False
1988-05-01,1988-04-29,91329.81002,0,0,,,False,-0.04876,True,False,0.01155,True,91329.81002,113521.01534,125214.74112,0.09339,1.0,0.0,False,False,0,0,,,False,False
1988-05-08,1988-05-06,91436.12353,2,0,sell:SGOV:25399;buy:QLD:22859,fund_buys;switch_on,False,-0.05849,True,True,0.02111,True,91436.12353,113653.16078,125214.74112,0.09233,1.0,0.0,False,False,2,0,sell:SGOV:25399;buy:QLD:22859,fund_buys;switch_on,False,True
1988-05-15,1988-05-13,89888.3,1,0,buy:SGOV:23771,idle_cash_to_sgov,False,-0.05609,True,False,0.00495,True,89888.3,112132.1252,125214.74112,0.10448,1.0,0.0,False,False,1,0,buy:SGOV:23771,idle_cash_to_sgov,False,False
1988-05-22,1988-05-20,89995.22763,0,0,,,False,-0.06437,True,False,-0.01429,True,89995.22763,112265.51322,125214.74112,0.10342,1.0,0.0,False,False,0,0,,,False,False
1988-05-29,1988-05-27,90103.83724,0,0,,,False,-0.05617,True,False,-0.01068,True,90103.83724,112400.99944,125214.74112,0.10233,1.0,0.0,False,False,0,0,,,False,False
1988-06-05,1988-06-03,90215.21315,2,0,sell:SGOV:25060;buy:QLD:22554,fund_buys;switch_on,False,-0.00269,True,True,0.04203,True,90215.21315,112539.93652,125214.74112,0.10122,1.0,0.0,False,False,2,0,sell:SGOV:25060;buy:QLD:22554,fund_buys;switch_on,False,True
1988-06-12,1988-06-10,91888.94921,2,0,sell:SGOV:23016;buy:SSO:22972,fund_buys;switch_on,True,0.02163,True,True,0.08327,True,91888.94921,114241.26988,125214.74112,0.08764,1.0,0.0,False,False,2,0,sell:SGOV:23016;buy:SSO:22972,fund_buys;switch_on,True,True
1988-06-19,1988-06-17,91677.32019,0,0,,,True,0.0247,True,True,0.08496,True,91677.32019,114057.06999,125214.74112,0.08911,1.0,0.0,False,False,0,0,,,True,True
1988-06-26,1988-06-24,93110.16703,0,0,,,True,0.04071,True,True,0.1079,True,93110.16703,115517.56995,125214.74112,0.07744,1.0,0.0,False,False,0,0,,,True,True
1988-07-03,1988-07-01,93450.76207,0,0,,,True,0.03774,True,True,0.12587,True,93450.76207,115886.3131,125214.74112,0.0745,1.0,0.0,False,False,0,0,,,True,True
1988-07-10,1988-07-08,92668.19055,0,0,,,True,0.0345,True,True,0.11661,True,92668.19055,115131.929,125214.74112,0.08052,1.0,0.0,False,False,0,0,,,True,True
1988-07-17,1988-07-15,93096.79881,0,0,,,True,0.04743,True,True,0.12157,True,93096.79881,115589.33519,125214.74112,0.07687,1.0,0.0,False,False,0,0,,,True,True
1988-07-24,1988-07-22,89910.88281,0,0,,,True,0.02005,True,True,0.08609,True,89910.88281,112432.39588,125214.74112,0.10208,1.0,0.0,False,False,0,0,,,True,True
1988-07-31,1988-07-29,91134.21506,0,0,,,True,0.05762,True,True,0.08536,True,91134.21506,113685.29807,125214.74112,0.09208,1.0,0.0,False,False,0,0,,,True,True
1988-08-07,1988-08-05,90729.80136,0,0,,,True,0.05302,True,True,0.07555,True,90729.80136,113310.80227,125214.74112,0.09507,1.0,0.0,False,False,0,0,,,True,True
1988-08-14,1988-08-12,87790.82589,0,0,,,True,0.01699,True,True,0.03281,True,87790.82589,110401.94545,125214.74112,0.1183,1.0,0.0,False,False,0,0,,,True,True
1988-08-21,1988-08-19,87197.87866,0,0,,,True,0.00708,True,True,0.0236,True,87197.87866,109839.44847,125214.74112,0.12279,1.0,0.0,False,False,0,0,,,True,True
1988-08-28,1988-08-26,86266.27716,1,0,buy:SGOV:23070,idle_cash_to_sgov,False,0.00365,True,True,0.00933,True,86266.27716,108938.77291,125214.74112,0.12998,1.0,0.0,False,False,1,0,buy:SGOV:23070,idle_cash_to_sgov,False,True
1988-09-04,1988-09-02,85790.59142,2,0,sell:SGOV:4027;buy:SSO:21448,fund_buys;switch_on,True,0.02063,True,False,0.00855,True,85790.59142,108494.90094,125214.74112,0.13353,1.0,0.0,False,False,2,0,sell:SGOV:4027;buy:SSO:21448,fund_buys;switch_on,True,False
1988-09-11,1988-09-09,86263.72909,2,0,sell:SGOV:21576;buy:QLD:21566,fund_buys;switch_on,True,0.0279,True,True,0.02842,True,86263.72909,108999.64533,125214.74112,0.1295,1.0,0.0,False,False,2,0,sell:SGOV:21576;buy:QLD:21566,fund_buys;switch_on,True,True
1988-09-18,1988-09-16,87124.19192,0,0,,,True,0.03934,True,True,0.02982,True,87124.19192,109891.62429,125214.74112,0.12237,1.0,0.0,False,False,0,0,,,True,True
1988-09-25,1988-09-23,87193.55025,0,0,,,True,0.03204,True,True,0.02826,True,87193.55025,109992.29275,125214.74112,0.12157,1.0,0.0,False,False,0,0,,,True,True
1988-10-02,1988-09-30,88038.58322,0,0,,,True,0.03731,True,True,0.03429,True,88038.58322,110869.16662,125214.74112,0.11457,1.0,0.0,False,False,0,0,,,True,True
1988-10-09,1988-10-07,88249.87825,0,0,,,True,0.0584,True,True,0.01177,True,88249.87825,111112.2155,125214.74112,0.11263,1.0,0.0,False,False,0,0,,,True,True
1988-10-16,1988-10-14,87124.3493,1,0,buy:SGOV:23203,idle_cash_to_sgov,True,0.04575,True,False,0.0054,True,87124.3493,110018.64132,125214.74112,0.12136,1.0,0.0,False,False,1,0,buy:SGOV:23203,idle_cash_to_sgov,True,False
1988-10-23,1988-10-21,88554.327,2,0,sell:SGOV:24598;buy:QLD:22139,fund_buys;switch_on,True,0.07425,True,True,0.02837,True,88554.327,111480.95754,125214.74112,0.10968,1.0,0.0,False,False,2,0,sell:SGOV:24598;buy:QLD:22139,fund_buys;switch_on,True,True
1988-10-30,1988-10-28,86475.11218,0,0,,,True,0.05154,True,True,-0.00213,True,86475.11218,109434.46015,125214.74112,0.12603,1.0,0.0,False,False,0,0,,,True,True
1988-11-06,1988-11-04,85850.57081,0,0,,,True,0.04003,True,True,-0.01235,True,85850.57081,108842.38063,125214.74112,0.13075,1.0,0.0,False,False,0,0,,,True,True
1988-11-13,1988-11-11,83456.00248,2,0,sell_all:QLD:19493;buy:SGOV:21866,idle_cash_to_sgov;switch_off,True,0.00651,True,False,-0.03903,True,83456.00248,106480.98223,125214.74112,0.14961,1.0,0.0,False,False,2,0,sell_all:QLD:19493;buy:SGOV:21866,idle_cash_to_sgov;switch_off,True,False
1988-11-20,1988-11-18,83344.80674,0,0,,,True,-0.00016,True,False,-0.05567,True,83344.80674,106404.19154,125214.74112,0.15023,0.99915,-0.00085,False,False,0,0,,,True,False
1988-11-27,1988-11-25,83550.39986,0,0,,,True,0.00164,True,False,-0.06075,True,83550.39986,106645.07479,125214.74112,0.1483,1.0,0.00085,False,False,0,0,,,True,False
1988-12-04,1988-12-02,84383.42802,0,0,,,True,0.01763,True,False,-0.02781,True,84383.42802,107513.3911,125214.74112,0.14137,1.0,0.0,False,False,0,0,,,True,False
1988-12-11,1988-12-09,85335.77343,0,0,,,True,0.03591,True,False,-0.02701,True,85335.77343,108501.33235,125214.74112,0.13348,1.0,0.0,False,False,0,0,,,True,False
1988-12-18,1988-12-16,85275.59317,0,0,,,True,0.03236,True,False,-0.01398,True,85275.59317,108476.68214,125214.74112,0.13367,1.0,0.0,False,False,0,0,,,True,False
1988-12-25,1988-12-23,85634.63076,0,0,,,True,0.03722,True,False,-0.00437,True,85634.63076,108871.97234,125214.74112,0.13052,1.0,0.0,False,False,0,0,,,True,False
1989-01-01,1988-12-30,85684.15658,0,0,,,True,0.03592,True,False,0.00625,True,85684.15658,108957.63837,125214.74112,0.12983,1.0,0.0,False,False,0,0,,,True,False
1989-01-08,1989-01-06,86255.09694,0,0,,,True,0.04618,True,False,0.00722,True,86255.09694,109564.97938,125214.74112,0.12498,1.0,0.0,False,False,0,0,,,True,False
1989-01-15,1989-01-13,86870.67999,0,0,,,True,0.0559,True,False,0.01549,True,86870.67999,110217.59244,125214.74112,0.11977,1.0,0.0,False,False,0,0,,,True,False
1989-01-22,1989-01-20,87397.2398,2,0,sell:SGOV:24143;buy:QLD:21849,fund_buys;switch_on,True,0.06374,True,True,0.0217,True,87397.2398,110780.99777,125214.74112,0.11527,1.0,0.0,False,False,2,0,sell:SGOV:24143;buy:QLD:21849,fund_buys;switch_on,True,True
1989-01-29,1989-01-27,89423.85778,0,0,,,True,0.0883,True,True,0.03954,True,89423.85778,112844.68617,125214.74112,0.09879,1.0,0.0,False,False,0,0,,,True,True
1989-02-05,1989-02-03,91625.9868,0,0,,,True,0.09603,True,True,0.07372,True,91625.9868,115084.31698,125214.74112,0.0809,1.0,0.0,False,False,0,0,,,True,True
1989-02-12,1989-02-10,89694.05172,0,0,,,True,0.0744,True,True,0.04759,True,89694.05172,113190.65156,125214.74112,0.09603,1.0,0.0,False,False,0,0,,,True,True
1989-02-19,1989-02-17,91265.93903,0,0,,,True,0.08853,True,True,0.06201,True,91265.93903,114801.0256,125214.74112,0.08317,1.0,0.0,False,False,0,0,,,True,True
1989-02-26,1989-02-24,88583.57925,0,0,,,True,0.05049,True,True,0.03853,True,88583.57925,112157.06979,125214.74112,0.10428,1.0,0.0,False,False,0,0,,,True,True
1989-03-05,1989-03-03,89606.1778,0,0,,,True,0.06203,True,True,0.04373,True,89606.1778,113218.86948,125214.74112,0.0958,1.0,0.0,False,False,0,0,,,True,True
1989-03-12,1989-03-10,89715.96038,0,0,,,True,0.06423,True,True,0.03666,True,89715.96038,113367.71759,125214.74112,0.09461,1.0,0.0,False,False,0,0,,,True,True
1989-03-19,1989-03-17,88909.54647,0,0,,,True,0.06013,True,True,0.01822,True,88909.54647,112600.88796,125214.74112,0.10074,1.0,0.0,False,False,0,0,,,True,True
1989-03-26,1989-03-23,88003.86122,0,0,,,True,0.04498,True,True,0.01271,True,88003.86122,111730.03639,125214.74112,0.10769,1.0,0.0,False,False,0,0,,,True,True
1989-04-02,1989-03-31,90227.30475,0,0,,,True,0.06435,True,True,0.03993,True,90227.30475,114000.47018,125214.74112,0.08956,1.0,0.0,False,False,0,0,,,True,True
1989-04-09,1989-04-07,91262.44409,0,0,,,True,0.07023,True,True,0.05383,True,91262.44409,115076.00999,125214.74112,0.08097,1.0,0.0,False,False,0,0,,,True,True
1989-04-16,1989-04-14,93547.64644,0,0,,,True,0.08279,True,True,0.08796,True,93547.64644,117401.19152,125214.74112,0.0624,1.0,0.0,False,False,0,0,,,True,True
1989-04-23,1989-04-21,96107.66439,0,0,,,True,0.10913,True,True,0.11051,True,96107.66439,120000.40515,125214.74112,0.04164,1.0,0.0,False,False,0,0,,,True,True
1989-04-30,1989-04-28,96522.75261,0,0,,,True,0.1054,True,True,0.11785,True,96522.75261,120454.89766,125214.74112,0.03801,1.0,0.0,False,False,0,0,,,True,True
1989-05-07,1989-05-05,96983.90469,0,0,,,True,0.09439,True,True,0.13195,True,96983.90469,120955.07929,125214.74112,0.03402,1.0,0.0,False,False,0,0,,,True,True
1989-05-14,1989-05-12,99141.68427,0,0,,,True,0.11228,True,True,0.14877,True,99141.68427,123151.7745,125214.74112,0.01648,1.0,0.0,False,False,0,0,,,True,True
1989-05-21,1989-05-19,102045.77065,0,0,,,True,0.13395,True,True,0.17426,True,102045.77065,126093.87816,126093.87816,0.0,1.0,0.0,False,False,0,0,,,True,True
1989-05-28,1989-05-26,102620.08088,0,0,,,True,0.12984,True,True,0.17854,True,102620.08088,126706.79353,126706.79353,0.0,1.0,0.0,False,False,0,0,,,True,True
1989-06-04,1989-06-02,104303.78819,0,0,,,True,0.13875,True,True,0.19135,True,104303.78819,128430.03616,128430.03616,0.0,1.0,0.0,False,False,0,0,,,True,True
1989-06-11,1989-06-09,104777.60699,0,0,,,True,0.13628,True,True,0.18943,True,104777.60699,128942.05603,128942.05603,0.0,1.0,0.0,False,False,0,0,,,True,True
1989-06-18,1989-06-16,102033.12196,0,0,,,True,0.11171,True,True,0.15004,True,102033.12196,126235.47468,128942.05603,0.02099,1.0,0.0,False,False,0,0,,,True,True
1989-06-25,1989-06-23,103669.81427,0,0,,,True,0.12898,True,True,0.1515,True,103669.81427,127909.98414,128942.05603,0.008,1.0,0.0,False,False,0,0,,,True,True
1989-07-02,1989-06-30,99125.6348,0,0,,,True,0.08924,True,True,0.09448,True,99125.6348,123403.20884,128942.05603,0.04296,1.0,0.0,False,False,0,0,,,True,True
1989-07-09,1989-07-07,101779.27288,0,0,,,True,0.10905,True,True,0.11757,True,101779.27288,126093.75491,128942.05603,0.02209,1.0,0.0,False,False,0,0,,,True,True
1989-07-16,1989-07-14,103984.56219,1,0,sell:SSO:6637,rebalance,True,0.12689,True,True,0.12996,True,103984.56219,128335.16926,128942.05603,0.00471,1.0,0.0,False,False,1,0,sell:SSO:6637,rebalance,True,True
1989-07-23,1989-07-21,104046.45507,0,0,,,True,0.13469,True,True,0.11421,True,104046.45507,128433.94218,128942.05603,0.00394,1.0,0.0,False,False,0,0,,,True,True
1989-07-30,1989-07-28,105645.77998,0,0,,,True,0.1498,True,True,0.12105,True,105645.77998,130070.9788,130070.9788,0.0,1.0,0.0,False,False,0,0,,,True,True
1989-08-06,1989-08-04,106515.02825,0,0,,,True,0.1492,True,True,0.12593,True,106515.02825,130976.5701,130976.5701,0.0,1.0,0.0,False,False,0,0,,,True,True
1989-08-13,1989-08-11,106978.47809,0,0,,,True,0.14569,True,True,0.1262,True,106978.47809,131477.08138,131477.08138,0.0,1.0,0.0,False,False,0,0,,,True,True
1989-08-20,1989-08-18,107305.65249,0,0,,,True,0.14369,True,True,0.12234,True,107305.65249,131841.72277,131841.72277,0.0,1.0,0.0,False,False,0,0,,,True,True
1989-08-27,1989-08-25,109137.50553,0,0,,,True,0.15185,True,True,0.13704,True,109137.50553,133710.91171,133710.91171,0.0,1.0,0.0,False,False,0,0,,,True,True
1989-09-03,1989-09-01,110440.94605,0,0,,,True,0.15451,True,True,0.14316,True,110440.94605,135051.75161,135051.75161,0.0,1.0,0.0,False,False,0,0,,,True,True
1989-09-10,1989-09-08,109375.19998,0,0,,,True,0.13211,True,True,0.13216,True,109375.19998,134023.06691,135051.75161,0.00762,1.0,0.0,False,False,0,0,,,True,True
1989-09-17,1989-09-15,108573.52558,0,0,,,True,0.11322,True,True,0.12062,True,108573.52558,133257.7559,135051.75161,0.01328,1.0,0.0,False,False,0,0,,,True,True
1989-09-24,1989-09-22,109442.60969,0,0,,,True,0.11322,True,True,0.12328,True,109442.60969,134163.0406,135051.75161,0.00658,1.0,0.0,False,False,0,0,,,True,True
1989-10-01,1989-09-29,110495.58199,0,0,,,True,0.11371,True,True,0.12823,True,110495.58199,135252.98518,135252.98518,0.0,1.0,0.0,False,False,0,0,,,True,True
1989-10-08,1989-10-06,114391.94364,0,0,,,True,0.13728,True,True,0.15998,True,114391.94364,139186.63237,139186.63237,0.0,1.0,0.0,False,False,0,0,,,True,True
1989-10-15,1989-10-13,107324.04431,0,0,,,True,0.05134,True,True,0.10387,True,107324.04431,132154.99354,139186.63237,0.05052,1.0,0.0,False,False,0,0,,,True,True
1989-10-22,1989-10-20,111214.16472,0,0,,,True,0.08831,True,True,0.12821,True,111214.16472,136081.03239,139186.63237,0.02231,1.0,0.0,False,False,0,0,,,True,True
1989-10-29,1989-10-27,105855.7691,0,0,,,True,0.04557,True,True,0.06258,True,105855.7691,130758.68226,139186.63237,0.06055,1.0,0.0,False,False,0,0,,,True,True
1989-11-05,1989-11-03,106327.01602,0,0,,,True,0.04922,True,True,0.05829,True,106327.01602,131267.0036,139186.63237,0.0569,1.0,0.0,False,False,0,0,,,True,True
1989-11-12,1989-11-10,107526.98733,0,0,,,True,0.05,True,True,0.0702,True,107526.98733,132504.25497,139186.63237,0.04801,1.0,0.0,False,False,0,0,,,True,True
1989-11-19,1989-11-17,107968.25601,0,0,,,True,0.05424,True,True,0.06628,True,107968.25601,132982.35253,139186.63237,0.04458,1.0,0.0,False,False,0,0,,,True,True
1989-11-26,1989-11-24,108954.09352,0,0,,,True,0.05867,True,True,0.07339,True,108954.09352,134004.89376,139186.63237,0.03723,1.0,0.0,False,False,0,0,,,True,True
1989-12-03,1989-12-01,110161.78981,0,0,,,True,0.07476,True,True,0.07086,True,110161.78981,135249.08771,139186.63237,0.02829,1.0,0.0,False,False,0,0,,,True,True
1989-12-10,1989-12-08,109494.07169,0,0,,,True,0.0642,True,True,0.05986,True,109494.07169,134617.83784,139186.63237,0.03282,1.0,0.0,False,False,0,0,,,True,True
1989-12-17,1989-12-15,107049.71599,0,0,,,True,0.06361,True,True,0.00918,True,107049.71599,132210.2859,139186.63237,0.05012,1.0,0.0,False,False,0,0,,,True,True
1989-12-24,1989-12-22,105817.21929,1,0,buy:QLD:26454,switch_on,True,0.05133,True,True,0.02227,True,105817.21929,131014.52263,139186.63237,0.05871,1.0,0.0,False,False,1,0,buy:QLD:26454,switch_on,True,True
1989-12-31,1989-12-29,108318.48677,0,0,,,True,0.06599,True,True,0.04797,True,108318.48677,133552.76055,139186.63237,0.04048,1.0,0.0,False,False,0,0,,,True,True
1990-01-07,1990-01-05,107949.1405,0,0,,,True,0.05819,True,True,0.04041,True,107949.1405,133220.07215,139186.63237,0.04287,1.0,0.0,False,False,0,0,,,True,True
1990-01-14,1990-01-12,103612.44502,1,0,buy:SGOV:35576,idle_cash_to_sgov,True,0.017,True,False,-0.03036,True,103612.44502,128919.92469,139186.63237,0.07376,1.0,0.0,False,False,1,0,buy:SGOV:35576,idle_cash_to_sgov,True,False
1990-01-21,1990-01-19,103553.12251,0,0,,,True,0.01142,True,False,-0.00948,True,103553.12251,128897.45299,139186.63237,0.07392,1.0,0.0,False,False,0,0,,,True,False
1990-01-28,1990-01-26,102309.75059,0,0,,,False,-0.03065,True,False,-0.06057,True,102309.75059,127691.58325,139186.63237,0.08259,1.0,0.0,False,False,0,0,,,False,False
1990-02-04,1990-02-02,102461.25149,0,0,,,False,-0.01709,True,False,-0.05024,True,102461.25149,127880.66973,139186.63237,0.08123,1.0,0.0,False,False,0,0,,,False,False
1990-02-11,1990-02-09,102614.85948,0,0,,,False,-0.01084,True,False,-0.03789,True,102614.85948,128072.38602,139186.63237,0.07985,1.0,0.0,False,False,0,0,,,False,False
1990-02-18,1990-02-16,102766.50226,0,0,,,False,-0.01523,True,False,-0.03931,True,102766.50226,128261.64958,139186.63237,0.07849,1.0,0.0,False,False,0,0,,,False,False
1990-02-25,1990-02-23,102918.72218,0,0,,,False,-0.04174,True,False,-0.06963,True,102918.72218,128451.63345,139186.63237,0.07713,1.0,0.0,False,False,0,0,,,False,False
1990-03-04,1990-03-02,103071.23778,0,0,,,False,-0.00938,True,False,-0.02472,True,103071.23778,128641.98636,139186.63237,0.07576,1.0,0.0,False,False,0,0,,,False,False
1990-03-11,1990-03-09,103226.128,0,0,,,False,-0.00362,True,False,-0.0142,True,103226.128,128835.303,139186.63237,0.07437,1.0,0.0,False,False,0,0,,,False,False
1990-03-18,1990-03-16,103384.11024,0,0,,,False,0.00679,True,False,0.00494,True,103384.11024,129032.47876,139186.63237,0.07295,1.0,0.0,False,False,0,0,,,False,False
1990-03-25,1990-03-23,103541.45533,0,0,,,False,-0.00807,True,False,-0.01094,True,103541.45533,129228.85929,139186.63237,0.07154,1.0,0.0,False,False,0,0,,,False,False
1990-04-01,1990-03-30,103697.79023,0,0,,,False,-0.00126,True,False,-0.01693,True,103697.79023,129423.97902,139186.63237,0.07014,1.0,0.0,False,False,0,0,,,False,False
1990-04-08,1990-04-06,103852.74,0,0,,,False,-0.00227,True,False,-0.0203,True,103852.74,129617.36999,139186.63237,0.06875,1.0,0.0,False,False,0,0,,,False,False
1990-04-15,1990-04-12,103985.50047,0,0,,,False,0.00933,True,False,-0.00391,True,103985.50047,129783.06675,139186.63237,0.06756,1.0,0.0,False,False,0,0,,,False,False
1990-04-22,1990-04-20,104162.63591,0,0,,,False,-0.0192,True,False,-0.03892,True,104162.63591,130004.14739,139186.63237,0.06597,1.0,0.0,False,False,0,0,,,False,False
1990-04-29,1990-04-27,104317.30915,0,0,,,False,-0.037,True,False,-0.06117,True,104317.30915,130197.19322,139186.63237,0.06459,1.0,0.0,False,False,0,0,,,False,False
1990-05-06,1990-05-04,104474.18626,0,0,,,False,-0.00994,True,False,-0.0191,True,104474.18626,130392.98967,139186.63237,0.06318,1.0,0.0,False,False,0,0,,,False,False
1990-05-13,1990-05-11,104629.83775,2,0,sell:SGOV:3436;buy:SSO:26157,fund_buys;switch_on,True,0.02931,True,False,0.01786,True,104629.83775,130587.25645,139186.63237,0.06178,1.0,0.0,False,False,2,0,sell:SGOV:3436;buy:SSO:26157,fund_buys;switch_on,True,False
1990-05-20,1990-05-18,105122.9302,2,0,sell:SGOV:26290;buy:QLD:26281,fund_buys;switch_on,True,0.03626,True,True,0.05149,True,105122.9302,131118.40235,139186.63237,0.05797,1.0,0.0,False,False,2,0,sell:SGOV:26290;buy:QLD:26281,fund_buys;switch_on,True,True
1990-05-27,1990-05-25,105991.58852,0,0,,,True,0.03531,True,True,0.06647,True,105991.58852,132025.59051,139186.63237,0.05145,1.0,0.0,False,False,0,0,,,True,True
1990-06-03,1990-06-01,108646.20517,0,0,,,True,0.05932,True,True,0.09047,True,108646.20517,134718.92629,139186.63237,0.0321,1.0,0.0,False,False,0,0,,,True,True
1990-06-10,1990-06-08,107209.83115,0,0,,,True,0.04475,True,True,0.07335,True,107209.83115,133321.03217,139186.63237,0.04214,1.0,0.0,False,False,0,0,,,True,True
1990-06-17,1990-06-15,109281.50475,0,0,,,True,0.056,True,True,0.09862,True,109281.50475,135431.27826,139186.63237,0.02698,1.0,0.0,False,False,0,0,,,True,True
1990-06-24,1990-06-22,106916.89731,0,0,,,True,0.03371,True,True,0.07382,True,106916.89731,133105.38638,139186.63237,0.04369,1.0,0.0,False,False,0,0,,,True,True
1990-07-01,1990-06-29,107964.15608,0,0,,,True,0.04062,True,True,0.08474,True,107964.15608,134191.73405,139186.63237,0.03589,1.0,0.0,False,False,0,0,,,True,True
1990-07-08,1990-07-06,108053.49709,0,0,,,True,0.04104,True,True,0.08317,True,108053.49709,134319.9118,139186.63237,0.03497,1.0,0.0,False,False,0,0,,,True,True
1990-07-15,1990-07-13,110878.76719,0,0,,,True,0.06557,True,True,0.10943,True,110878.76719,137184.28626,139186.63237,0.01439,1.0,0.0,False,False,0,0,,,True,True
1990-07-22,1990-07-20,107067.07157,0,0,,,True,0.04801,True,True,0.05237,True,107067.07157,133410.88742,139186.63237,0.0415,1.0,0.0,False,False,0,0,,,True,True
1990-07-29,1990-07-27,104288.90851,0,0,,,True,0.02454,True,True,0.02246,True,104288.90851,130670.83126,139186.63237,0.06118,1.0,0.0,False,False,0,0,,,True,True
1990-08-05,1990-08-03,101598.39216,1,0,buy:SGOV:26572,idle_cash_to_sgov,True,-0.00104,True,False,-0.03587,True,101598.39216,128018.20917,139186.63237,0.08024,1.0,0.0,False,False,1,0,buy:SGOV:26572,idle_cash_to_sgov,True,False
1990-08-12,1990-08-10,100241.86128,0,0,,,False,-0.0275,True,False,-0.06226,True,100241.86128,126698.85176,139186.63237,0.08972,1.0,0.0,False,False,0,0,,,False,False
1990-08-19,1990-08-17,100384.69146,0,0,,,False,-0.04963,True,False,-0.10324,True,100384.69146,126879.37933,139186.63237,0.08842,1.0,0.0,False,False,0,0,,,False,False
1990-08-26,1990-08-24,100529.51479,0,0,,,False,-0.09569,True,False,-0.15424,True,100529.51479,127062.4261,139186.63237,0.08711,1.0,0.0,False,False,0,0,,,False,False
1990-09-02,1990-08-31,100673.91273,0,0,,,False,-0.06244,True,False,-0.11178,True,100673.91273,127244.93522,139186.63237,0.0858,1.0,0.0,False,False,0,0,,,False,False
1990-09-09,1990-09-07,100816.57293,0,0,,,False,-0.05905,True,False,-0.11768,True,100816.57293,127425.24795,139186.63237,0.0845,1.0,0.0,False,False,0,0,,,False,False
1990-09-16,1990-09-14,100959.55832,0,0,,,False,-0.07655,True,False,-0.12487,True,100959.55832,127605.97169,139186.63237,0.0832,1.0,0.0,False,False,0,0,,,False,False
1990-09-23,1990-09-21,101102.27584,0,0,,,False,-0.09035,True,False,-0.15027,True,101102.27584,127786.35687,139186.63237,0.08191,1.0,0.0,False,False,0,0,,,False,False
1990-09-30,1990-09-28,101244.64041,0,0,,,False,-0.10281,True,False,-0.17464,True,101244.64041,127966.29595,139186.63237,0.08061,1.0,0.0,False,False,0,0,,,False,False
1990-10-07,1990-10-05,101383.42929,0,0,,,False,-0.08463,True,False,-0.16547,True,101383.42929,128141.71559,139186.63237,0.07935,1.0,0.0,False,False,0,0,,,False,False
1990-10-14,1990-10-12,101521.40763,0,0,,,False,-0.11542,True,False,-0.21557,True,101521.40763,128316.11076,139186.63237,0.0781,1.0,0.0,False,False,0,0,,,False,False
1990-10-21,1990-10-19,101661.07715,0,0,,,False,-0.07516,True,False,-0.173,True,101661.07715,128492.64348,139186.63237,0.07683,1.0,0.0,False,False,0,0,,,False,False
1990-10-28,1990-10-26,101802.05387,0,0,,,False,-0.09569,True,False,-0.17108,True,101802.05387,128670.8284,139186.63237,0.07555,1.0,0.0,False,False,0,0,,,False,False
1990-11-04,1990-11-02,101941.13219,0,0,,,False,-0.07224,True,False,-0.15467,True,101941.13219,128846.61389,139186.63237,0.07429,1.0,0.0,False,False,0,0,,,False,False
1990-11-11,1990-11-09,102079.67368,0,0,,,False,-0.06536,True,False,-0.1262,True,102079.67368,129021.72084,139186.63237,0.07303,1.0,0.0,False,False,0,0,,,False,False
1990-11-18,1990-11-16,102217.89955,0,0,,,False,-0.05466,True,False,-0.11177,True,102217.89955,129196.42889,139186.63237,0.07178,1.0,0.0,False,False,0,0,,,False,False
1990-11-25,1990-11-23,102356.61711,0,0,,,False,-0.0598,True,False,-0.11319,True,102356.61711,129371.75838,139186.63237,0.07052,1.0,0.0,False,False,0,0,,,False,False
1990-12-02,1990-11-30,102494.79693,0,0,,,False,-0.03755,True,False,-0.07117,True,102494.79693,129546.40822,139186.63237,0.06926,1.0,0.0,False,False,0,0,,,False,False
1990-12-09,1990-12-07,102632.79785,0,0,,,False,-0.02101,True,False,-0.0377,True,102632.79785,129720.83193,139186.63237,0.06801,1.0,0.0,False,False,0,0,,,False,False
1990-12-16,1990-12-14,102767.80397,0,0,,,False,-0.02354,True,False,-0.05203,True,102767.80397,129891.47043,139186.63237,0.06678,1.0,0.0,False,False,0,0,,,False,False
1990-12-23,1990-12-21,102900.93015,0,0,,,False,-0.00823,True,False,-0.01863,True,102900.93015,130059.73281,139186.63237,0.06557,1.0,0.0,False,False,0,0,,,False,False
1990-12-30,1990-12-28,103030.04931,0,0,,,False,-0.01682,True,False,-0.03359,True,103030.04931,130222.9306,139186.63237,0.0644,1.0,0.0,False,False,0,0,,,False,False
1991-01-06,1991-01-04,103157.49427,0,0,,,False,-0.03895,True,False,-0.04438,True,103157.49427,130384.0123,139186.63237,0.06324,1.0,0.0,False,False,0,0,,,False,False
1991-01-13,1991-01-11,103284.73205,0,0,,,False,-0.05449,True,False,-0.04497,True,103284.73205,130544.83214,139186.63237,0.06209,1.0,0.0,False,False,0,0,,,False,False
1991-01-20,1991-01-18,103405.7261,2,0,sell:SGOV:4617;buy:QLD:25851,fund_buys;switch_on,False,-0.00198,True,True,0.03098,True,103405.7261,130697.76035,139186.63237,0.06099,1.0,0.0,False,False,2,0,sell:SGOV:4617;buy:QLD:25851,fund_buys;switch_on,False,True
1991-01-27,1991-01-25,105804.18473,0,0,,,False,0.01025,True,True,0.07695,True,105804.18473,133128.08581,139186.63237,0.04353,1.0,0.0,False,False,0,0,,,False,True
1991-02-03,1991-02-01,109357.35231,2,0,sell:SGOV:27498;buy:SSO:27339,fund_buys;switch_on,True,0.03143,True,True,0.14049,True,109357.35231,136713.73438,139186.63237,0.01777,1.0,0.0,False,False,2,0,sell:SGOV:27498;buy:SSO:27339,fund_buys;switch_on,True,True
1991-02-10,1991-02-08,114780.31392,0,0,,,True,0.07862,True,True,0.18398,True,114780.31392,142168.03782,142168.03782,0.0,1.0,0.0,False,False,0,0,,,True,True
1991-02-17,1991-02-15,117478.45035,0,0,,,True,0.10488,True,True,0.19669,True,117478.45035,144897.10141,144897.10141,0.0,1.0,0.0,False,False,0,0,,,True,True
1991-02-24,1991-02-22,116974.13324,0,0,,,True,0.09301,True,True,0.19423,True,116974.13324,144423.93973,144897.10141,0.00327,1.0,0.0,False,False,0,0,,,True,True
1991-03-03,1991-03-01,118868.33813,0,0,,,True,0.10616,True,True,0.20824,True,118868.33813,146349.70645,146349.70645,0.0,1.0,0.0,False,False,0,0,,,True,True
1991-03-10,1991-03-08,122669.25631,1,0,sell:QLD:8686,rebalance,True,0.11806,True,True,0.25386,True,122669.25631,150182.65977,150182.65977,0.0,1.0,0.0,False,False,1,0,sell:QLD:8686,rebalance,True,True
1991-03-17,1991-03-15,120487.8347,0,0,,,True,0.11286,True,True,0.21183,True,120487.8347,148032.34493,150182.65977,0.01432,1.0,0.0,False,False,0,0,,,True,True
1991-03-24,1991-03-22,118913.13823,0,0,,,True,0.09441,True,True,0.19833,True,118913.13823,146488.51104,150182.65977,0.0246,1.0,0.0,False,False,0,0,,,True,True
1991-03-31,1991-03-28,123076.45559,0,0,,,True,0.11671,True,True,0.25543,True,123076.45559,150678.39994,150678.39994,0.0,1.0,0.0,False,False,0,0,,,True,True
1991-04-07,1991-04-05,125586.90528,0,0,,,True,0.11572,True,True,0.29999,True,125586.90528,153223.65072,153223.65072,0.0,1.0,0.0,False,False,0,0,,,True,True
1991-04-14,1991-04-12,127325.51492,0,0,,,True,0.12889,True,True,0.31149,True,127325.51492,154992.23352,154992.23352,0.0,1.0,0.0,False,False,0,0,,,True,True
1991-04-21,1991-04-19,126686.96114,0,0,,,True,0.13779,True,True,0.28087,True,126686.96114,154383.21516,154992.23352,0.00393,1.0,0.0,False,False,0,0,,,True,True
1991-04-28,1991-04-26,125111.61985,0,0,,,True,0.12074,True,True,0.26349,True,125111.61985,152838.17736,154992.23352,0.0139,1.0,0.0,False,False,0,0,,,True,True
1991-05-05,1991-05-03,124430.17974,0,0,,,True,0.12505,True,True,0.2405,True,124430.17974,152186.34406,154992.23352,0.0181,1.0,0.0,False,False,0,0,,,True,True
1991-05-12,1991-05-10,123989.19315,0,0,,,True,0.10832,True,True,0.2422,True,123989.19315,151774.53172,154992.23352,0.02076,1.0,0.0,False,False,0,0,,,True,True
1991-05-19,1991-05-17,121523.59733,0,0,,,True,0.09699,True,True,0.19857,True,121523.59733,149338.06461,154992.23352,0.03648,1.0,0.0,False,False,0,0,,,True,True
1991-05-26,1991-05-24,124491.43492,0,0,,,True,0.10901,True,True,0.23192,True,124491.43492,152334.87845,154992.23352,0.01715,1.0,0.0,False,False,0,0,,,True,True
1991-06-02,1991-05-31,128946.79711,0,0,,,True,0.14211,True,True,0.2674,True,128946.79711,156819.16126,156819.16126,0.0,1.0,0.0,False,False,0,0,,,True,True
1991-06-09,1991-06-07,125082.26425,0,0,,,True,0.10683,True,True,0.21752,True,125082.26425,152984.35277,156819.16126,0.02445,1.0,0.0,False,False,0,0,,,True,True
1991-06-16,1991-06-14,124936.01782,0,0,,,True,0.11014,True,True,0.19457,True,124936.01782,152867.90829,156819.16126,0.0252,1.0,0.0,False,False,0,0,,,True,True
1991-06-23,1991-06-21,122396.62864,0,0,,,True,0.09255,True,True,0.15201,True,122396.62864,150358.4601,156819.16126,0.0412,1.0,0.0,False,False,0,0,,,True,True
1991-06-30,1991-06-28,119896.02502,0,0,,,True,0.0696,True,True,0.11751,True,119896.02502,147887.71457,156819.16126,0.05695,1.0,0.0,False,False,0,0,,,True,True
1991-07-07,1991-07-05,119920.63825,0,0,,,True,0.07441,True,True,0.1014,True,119920.63825,147942.17107,156819.16126,0.05661,1.0,0.0,False,False,0,0,,,True,True
1991-07-14,1991-07-12,124391.1603,0,0,,,True,0.08673,True,True,0.15863,True,124391.1603,152442.67643,156819.16126,0.02791,1.0,0.0,False,False,0,0,,,True,True
1991-07-21,1991-07-19,124949.28557,0,0,,,True,0.09236,True,True,0.14576,True,124949.28557,153030.79403,156819.16126,0.02416,1.0,0.0,False,False,0,0,,,True,True
1991-07-28,1991-07-26,123725.56668,0,0,,,True,0.0775,True,True,0.12387,True,123725.56668,151837.13801,156819.16126,0.03177,1.0,0.0,False,False,0,0,,,True,True
1991-08-04,1991-08-02,127420.85607,0,0,,,True,0.08847,True,True,0.15886,True,127420.85607,155562.43767,156819.16126,0.00801,1.0,0.0,False,False,0,0,,,True,True
1991-08-11,1991-08-09,128120.36773,0,0,,,True,0.08245,True,True,0.15803,True,128120.36773,156291.28946,156819.16126,0.00337,1.0,0.0,False,False,0,0,,,True,True
1991-08-18,1991-08-16,128178.69351,0,0,,,True,0.07188,True,True,0.15074,True,128178.69351,156378.29855,156819.16126,0.00281,1.0,0.0,False,False,0,0,,,True,True
1991-08-25,1991-08-23,131313.03209,0,0,,,True,0.08999,True,True,0.16824,True,131313.03209,159540.91666,159540.91666,0.0,1.0,0.0,False,False,0,0,,,True,True
1991-09-01,1991-08-30,131731.82272,0,0,,,True,0.08751,True,True,0.1588,True,131731.82272,159988.74269,159988.74269,0.0,1.0,0.0,False,False,0,0,,,True,True
1991-09-08,1991-09-06,128809.75601,0,0,,,True,0.06583,True,True,0.12018,True,128809.75601,157095.56901,159988.74269,0.01808,1.0,0.0,False,False,0,0,,,True,True
1991-09-15,1991-09-13,127700.35763,0,0,,,True,0.04579,True,True,0.10788,True,127700.35763,156014.75376,159988.74269,0.02484,1.0,0.0,False,False,0,0,,,True,True
1991-09-22,1991-09-20,130179.5222,0,0,,,True,0.05308,True,True,0.12647,True,130179.5222,158522.03354,159988.74269,0.00917,1.0,0.0,False,False,0,0,,,True,True
1991-09-29,1991-09-27,129654.92537,0,0,,,True,0.04348,True,True,0.11406,True,129654.92537,158025.59535,159988.74269,0.01227,1.0,0.0,False,False,0,0,,,True,True
1991-10-06,1991-10-04,127557.77626,0,0,,,True,0.0269,True,True,0.08378,True,127557.77626,155956.22838,159988.74269,0.0252,1.0,0.0,False,False,0,0,,,True,True
1991-10-13,1991-10-11,127807.50442,0,0,,,True,0.02402,True,True,0.07943,True,127807.50442,156233.30653,159988.74269,0.02347,1.0,0.0,False,False,0,0,,,True,True
1991-10-20,1991-10-18,132478.75245,0,0,,,True,0.04908,True,True,0.1139,True,132478.75245,160931.75944,160931.75944,0.0,1.0,0.0,False,False,0,0,,,True,True
1991-10-27,1991-10-25,128530.05834,0,0,,,True,0.02194,True,True,0.06571,True,128530.05834,157010.51466,160931.75944,0.02437,1.0,0.0,False,False,0,0,,,True,True
1991-11-03,1991-11-01,131458.22425,0,0,,,True,0.03598,True,True,0.08332,True,131458.22425,159965.50826,160931.75944,0.006,1.0,0.0,False,False,0,0,,,True,True
1991-11-10,1991-11-08,133205.61917,0,0,,,True,0.03609,True,True,0.09644,True,133205.61917,161738.69325,161738.69325,0.0,1.0,0.0,False,False,0,0,,,True,True
1991-11-17,1991-11-15,128546.27549,0,0,,,True,0.00546,True,True,0.0488,True,128546.27549,157104.65453,161738.69325,0.02865,1.0,0.0,False,False,0,0,,,True,True
1991-11-24,1991-11-22,128416.29012,1,0,buy:SGOV:45051,idle_cash_to_sgov,False,-0.0132,True,True,0.05118,True,128416.29012,156999.5581,161738.69325,0.0293,1.0,0.0,False,False,1,0,buy:SGOV:45051,idle_cash_to_sgov,False,True
1991-12-01,1991-11-29,128103.84693,0,0,,,False,-0.0161,True,True,0.04281,True,128103.84693,156711.29639,161738.69325,0.03108,1.0,0.0,False,False,0,0,,,False,True
1991-12-08,1991-12-06,130834.59858,0,0,,,False,-0.00677,True,True,0.07981,True,130834.59858,159465.88965,161738.69325,0.01405,1.0,0.0,False,False,0,0,,,False,True
1991-12-15,1991-12-13,132145.07352,0,0,,,False,0.00645,True,True,0.09402,True,132145.07352,160799.40977,161738.69325,0.00581,1.0,0.0,False,False,0,0,,,False,True
1991-12-22,1991-12-20,130813.61655,0,0,,,False,0.01255,True,True,0.07041,True,130813.61655,159490.61591,161738.69325,0.0139,1.0,0.0,False,False,0,0,,,False,True
1991-12-29,1991-12-27,136078.75285,2,0,sell:SGOV:37800;buy:SSO:34020,fund_buys;switch_on,True,0.06174,True,True,0.14164,True,136078.75285,164776.51487,164776.51487,0.0,1.0,0.0,False,False,2,0,sell:SGOV:37800;buy:SSO:34020,fund_buys;switch_on,True,True
1992-01-05,1992-01-03,142993.66977,1,0,sell:QLD:10158,rebalance,True,0.0927,True,True,0.20009,True,142993.66977,171712.72079,171712.72079,0.0,1.0,0.0,False,False,1,0,sell:QLD:10158,rebalance,True,True
1992-01-12,1992-01-10,144926.12811,0,0,,,True,0.07841,True,True,0.23469,True,144926.12811,173666.1142,173666.1142,0.0,1.0,0.0,False,False,0,0,,,True,True
1992-01-19,1992-01-17,146126.03663,0,0,,,True,0.08525,True,True,0.23517,True,146126.03663,174887.06762,174887.06762,0.0,1.0,0.0,False,False,0,0,,,True,True
1992-01-26,1992-01-24,144381.88004,0,0,,,True,0.07372,True,True,0.21292,True,144381.88004,173163.72693,174887.06762,0.00985,1.0,0.0,False,False,0,0,,,True,True
1992-02-02,1992-01-31,141705.70595,0,0,,,True,0.0546,True,True,0.18174,True,141705.70595,170508.69153,174887.06762,0.02504,1.0,0.0,False,False,0,0,,,True,True
1992-02-09,1992-02-07,143992.42591,0,0,,,True,0.05846,True,True,0.20359,True,143992.42591,172816.60517,174887.06762,0.01184,1.0,0.0,False,False,0,0,,,True,True
1992-02-16,1992-02-14,144198.65669,0,0,,,True,0.05956,True,True,0.1947,True,144198.65669,173043.56325,174887.06762,0.01054,1.0,0.0,False,False,0,0,,,True,True
1992-02-23,1992-02-21,143047.54239,0,0,,,True,0.05518,True,True,0.17387,True,143047.54239,171913.55394,174887.06762,0.017,1.0,0.0,False,False,0,0,,,True,True
1992-03-01,1992-02-28,143997.06166,0,0,,,True,0.05588,True,True,0.17806,True,143997.06166,172884.86716,174887.06762,0.01145,1.0,0.0,False,False,0,0,,,True,True
1992-03-08,1992-03-06,139900.69029,0,0,,,True,0.03241,True,True,0.12656,True,139900.69029,168810.60714,174887.06762,0.03475,1.0,0.0,False,False,0,0,,,True,True
1992-03-15,1992-03-13,140847.40704,0,0,,,True,0.03437,True,True,0.1322,True,140847.40704,169779.64233,174887.06762,0.0292,1.0,0.0,False,False,0,0,,,True,True
1992-03-22,1992-03-20,142680.28156,0,0,,,True,0.0468,True,True,0.14095,True,142680.28156,171635.03494,174887.06762,0.0186,1.0,0.0,False,False,0,0,,,True,True
1992-03-29,1992-03-27,137908.93975,0,0,,,True,0.02506,True,True,0.07922,True,137908.93975,166886.17318,174887.06762,0.04575,1.0,0.0,False,False,0,0,,,True,True
1992-04-05,1992-04-03,136024.33869,0,0,,,True,0.01854,True,True,0.04823,True,136024.33869,165023.90282,174887.06762,0.0564,1.0,0.0,False,False,0,0,,,True,True
1992-04-12,1992-04-10,134124.96407,1,0,buy:SSO:33531,switch_on,True,0.0237,True,True,0.03165,True,134124.96407,163146.17651,174887.06762,0.06713,1.0,0.0,False,False,1,0,buy:SSO:33531,switch_on,True,True
1992-04-19,1992-04-16,137272.5617,0,0,,,True,0.05144,True,True,0.04774,True,137272.5617,166311.11876,174887.06762,0.04904,1.0,0.0,False,False,0,0,,,True,True
1992-04-26,1992-04-24,133063.2193,2,0,sell_all:QLD:28486;buy:SGOV:40837,idle_cash_to_sgov;switch_off,True,0.03149,True,False,-0.00671,True,133063.2193,162125.10913,174887.06762,0.07297,1.0,0.0,False,False,2,0,sell_all:QLD:28486;buy:SGOV:40837,idle_cash_to_sgov;switch_off,True,False
1992-05-03,1992-05-01,133699.92592,0,0,,,True,0.03842,True,False,0.00227,True,133699.92592,162782.39534,174887.06762,0.06921,1.0,0.0,False,False,0,0,,,True,False
1992-05-10,1992-05-08,134437.25758,0,0,,,True,0.04496,True,False,0.01043,True,134437.25758,163539.97836,174887.06762,0.06488,1.0,0.0,False,False,0,0,,,True,False
1992-05-17,1992-05-15,133535.99842,0,0,,,True,0.02807,True,False,-0.01943,True,133535.99842,162658.90488,174887.06762,0.06992,1.0,0.0,False,False,0,0,,,True,False
1992-05-24,1992-05-22,134277.35499,0,0,,,True,0.03626,True,False,-0.00464,True,134277.35499,163420.30946,174887.06762,0.06557,1.0,0.0,False,False,0,0,,,True,False
1992-05-31,1992-05-29,134566.26393,0,0,,,True,0.03827,True,False,0.01579,True,134566.26393,163729.8545,174887.06762,0.0638,1.0,0.0,False,False,0,0,,,True,False
1992-06-07,1992-06-05,134336.80771,0,0,,,True,0.03166,True,False,0.00612,True,134336.80771,163521.16979,174887.06762,0.06499,1.0,0.0,False,False,0,0,,,True,False
1992-06-14,1992-06-12,133778.40529,0,0,,,True,0.02135,True,False,-0.02463,True,133778.40529,162983.35368,174887.06762,0.06807,1.0,0.0,False,False,0,0,,,True,False
1992-06-21,1992-06-19,132349.57975,1,0,buy:SGOV:33119,idle_cash_to_sgov,False,0.00539,True,False,-0.04882,True,132349.57975,161574.93682,174887.06762,0.07612,1.0,0.0,False,False,1,0,buy:SGOV:33119,idle_cash_to_sgov,False,False
1992-06-28,1992-06-26,132442.17572,0,0,,,False,0.0038,True,False,-0.07171,True,132442.17572,161687.97978,174887.06762,0.07547,1.0,0.0,False,False,0,0,,,False,False
1992-07-05,1992-07-02,132520.38636,2,0,sell:SGOV:36811;buy:SSO:33130,fund_buys;switch_on,True,0.02323,True,False,-0.03841,True,132520.38636,161783.46085,174887.06762,0.07493,1.0,0.0,False,False,2,0,sell:SGOV:36811;buy:SSO:33130,fund_buys;switch_on,True,False
1992-07-12,1992-07-10,133042.1363,0,0,,,True,0.0287,True,False,-0.03322,True,133042.1363,162325.91643,174887.06762,0.07182,1.0,0.0,False,False,0,0,,,True,False
1992-07-19,1992-07-17,133241.04067,0,0,,,True,0.02933,True,False,-0.02623,True,133241.04067,162542.82034,174887.06762,0.07058,1.0,0.0,False,False,0,0,,,True,False
1992-07-26,1992-07-24,132626.21516,0,0,,,True,0.01736,True,False,-0.03476,True,132626.21516,161945.80465,174887.06762,0.074,1.0,0.0,False,False,0,0,,,True,False
1992-08-02,1992-07-31,134732.36693,0,0,,,True,0.04637,True,False,-0.01259,True,134732.36693,164069.80922,174887.06762,0.06185,1.0,0.0,False,False,0,0,,,True,False
1992-08-09,1992-08-07,133984.33852,0,0,,,True,0.03118,True,False,-0.03791,True,133984.33852,163339.63644,174887.06762,0.06603,1.0,0.0,False,False,0,0,,,True,False
1992-08-16,1992-08-14,134233.19614,0,0,,,True,0.0318,True,False,-0.04244,True,134233.19614,163606.10307,174887.06762,0.0645,1.0,0.0,False,False,0,0,,,True,False
1992-08-23,1992-08-21,133463.43622,0,0,,,True,0.01761,True,False,-0.06385,True,133463.43622,162853.63264,174887.06762,0.06881,1.0,0.0,False,False,0,0,,,True,False
1992-08-30,1992-08-28,133521.56537,0,0,,,True,0.01646,True,False,-0.05274,True,133521.56537,162929.35954,174887.06762,0.06837,1.0,0.0,False,False,0,0,,,True,False
1992-09-06,1992-09-04,133965.6646,0,0,,,True,0.01994,True,False,-0.03096,True,133965.6646,163391.24436,174887.06762,0.06573,1.0,0.0,False,False,0,0,,,True,False
1992-09-13,1992-09-11,134435.64408,0,0,,,True,0.02404,True,False,-0.00477,True,134435.64408,163877.67272,174887.06762,0.06295,1.0,0.0,False,False,0,0,,,True,False
1992-09-20,1992-09-18,135038.37187,0,0,,,True,0.02954,True,False,0.00776,True,135038.37187,164496.81882,174887.06762,0.05941,1.0,0.0,False,False,0,0,,,True,False
1992-09-27,1992-09-25,133701.40403,0,0,,,True,0.00621,True,False,-0.02428,True,133701.40403,163176.22192,174887.06762,0.06696,1.0,0.0,False,False,0,0,,,True,False
1992-10-04,1992-10-02,133113.47637,2,0,sell_all:SSO:32951;buy:SGOV:36496,idle_cash_to_sgov;switch_off,False,-0.00516,True,False,-0.0433,True,133113.47637,162603.80987,174887.06762,0.07024,1.0,0.0,False,False,2,0,sell_all:SSO:32951;buy:SGOV:36496,idle_cash_to_sgov;switch_off,False,False
1992-10-11,1992-10-09,133172.45336,0,0,,,False,-0.02478,True,False,-0.03965,True,133172.45336,162678.04397,174887.06762,0.06981,1.0,0.0,False,False,0,0,,,False,False
1992-10-18,1992-10-16,133245.54881,0,0,,,False,-0.00248,True,False,-0.00451,True,133245.54881,162767.33439,174887.06762,0.0693,1.0,0.0,False,False,0,0,,,False,False
1992-10-25,1992-10-23,133320.51041,2,0,sell:SGOV:36878;buy:QLD:33330,fund_buys;switch_on,False,0.0034,True,True,0.0255,True,133320.51041,162858.90443,174887.06762,0.06878,1.0,0.0,False,False,2,0,sell:SGOV:36878;buy:QLD:33330,fund_buys;switch_on,False,True
1992-11-01,1992-10-30,134095.41763,0,0,,,False,0.01445,True,True,0.03918,True,134095.41763,163650.43751,174887.06762,0.06425,1.0,0.0,False,False,0,0,,,False,True
1992-11-08,1992-11-06,135981.16952,0,0,,,False,0.01156,True,True,0.06839,True,135981.16952,165553.15676,174887.06762,0.05337,1.0,0.0,False,False,0,0,,,False,True
1992-11-15,1992-11-13,138231.35569,2,0,sell:SGOV:34688;buy:SSO:34558,fund_buys;switch_on,True,0.02276,True,True,0.1005,True,138231.35569,167820.74962,174887.06762,0.04041,1.0,0.0,False,False,2,0,sell:SGOV:34688;buy:SSO:34558,fund_buys;switch_on,True,True
1992-11-22,1992-11-20,138968.52083,0,0,,,True,0.03234,True,True,0.10171,True,138968.52083,168575.61555,174887.06762,0.03609,1.0,0.0,False,False,0,0,,,True,True
1992-11-29,1992-11-27,139667.04358,0,0,,,True,0.04016,True,True,0.10337,True,139667.04358,169292.42561,174887.06762,0.03199,1.0,0.0,False,False,0,0,,,True,True
1992-12-06,1992-12-04,142017.70639,0,0,,,True,0.04349,True,True,0.13105,True,142017.70639,171661.75269,174887.06762,0.01844,1.0,0.0,False,False,0,0,,,True,True
1992-12-13,1992-12-11,140636.97197,0,0,,,True,0.04611,True,True,0.10619,True,140636.97197,170299.46676,174887.06762,0.02623,1.0,0.0,False,False,0,0,,,True,True
1992-12-20,1992-12-18,143424.03683,0,0,,,True,0.06268,True,True,0.12727,True,143424.03683,173104.93469,174887.06762,0.01019,1.0,0.0,False,False,0,0,,,True,True
1992-12-27,1992-12-24,143111.73882,0,0,,,True,0.05726,True,True,0.1247,True,143111.73882,172808.1141,174887.06762,0.01189,1.0,0.0,False,False,0,0,,,True,True
1993-01-03,1992-12-31,143009.9112,0,0,,,True,0.04598,True,True,0.13155,True,143009.9112,172724.30291,174887.06762,0.01237,1.0,0.0,False,False,0,0,,,True,True
1993-01-10,1993-01-08,143100.8961,0,0,,,True,0.02856,True,True,0.14629,True,143100.8961,172835.42502,174887.06762,0.01173,1.0,0.0,False,False,0,0,,,True,True
1993-01-17,1993-01-15,147577.89304,0,0,,,True,0.04615,True,True,0.18462,True,147577.89304,177329.72056,177329.72056,0.0,1.0,0.0,False,False,0,0,,,True,True
1993-01-24,1993-01-22,147036.81087,0,0,,,True,0.04145,True,True,0.1746,True,147036.81087,176805.55564,177329.72056,0.00296,1.0,0.0,False,False,0,0,,,True,True
1993-01-31,1993-01-29,145784.89327,0,0,,,True,0.04588,True,True,0.14707,True,145784.89327,175570.45882,177329.72056,0.00992,1.0,0.0,False,False,0,0,,,True,True
1993-02-07,1993-02-05,147213.827,0,0,,,True,0.06788,True,True,0.13656,True,147213.827,177016.03509,177329.72056,0.00177,1.0,0.0,False,False,0,0,,,True,True
1993-02-14,1993-02-12,144721.89891,0,0,,,True,0.0553,True,True,0.10714,True,144721.89891,174540.77517,177329.72056,0.01573,1.0,0.0,False,False,0,0,,,True,True
1993-02-21,1993-02-19,139974.53945,0,0,,,True,0.02985,True,True,0.06415,True,139974.53945,169810.1253,177329.72056,0.0424,1.0,0.0,False,False,0,0,,,True,True
1993-02-28,1993-02-26,142199.17104,0,0,,,True,0.05016,True,True,0.07107,True,142199.17104,172051.59093,177329.72056,0.02976,1.0,0.0,False,False,0,0,,,True,True
1993-03-07,1993-03-05,143650.25746,0,0,,,True,0.05456,True,True,0.08048,True,143650.25746,173519.54542,177329.72056,0.02149,1.0,0.0,False,False,0,0,,,True,True
1993-03-14,1993-03-12,145842.24988,0,0,,,True,0.06082,True,True,0.09763,True,145842.24988,175728.66923,177329.72056,0.00903,1.0,0.0,False,False,0,0,,,True,True
1993-03-21,1993-03-19,143430.75406,0,0,,,True,0.05941,True,True,0.06075,True,143430.75406,173334.21633,177329.72056,0.02253,1.0,0.0,False,False,0,0,,,True,True
1993-03-28,1993-03-26,143246.66075,0,0,,,True,0.0514,True,True,0.06052,True,143246.66075,173166.97895,177329.72056,0.02347,1.0,0.0,False,False,0,0,,,True,True
1993-04-04,1993-04-02,139657.32798,0,0,,,True,0.03379,True,True,0.02187,True,139657.32798,169594.3968,177329.72056,0.04362,1.0,0.0,False,False,0,0,,,True,True
1993-04-11,1993-04-08,139793.8917,0,0,,,True,0.03299,True,True,0.02015,True,139793.8917,169745.28338,177329.72056,0.04277,1.0,0.0,False,False,0,0,,,True,True
1993-04-18,1993-04-16,140788.6836,0,0,,,True,0.04706,True,True,0.01385,True,140788.6836,170758.95283,177329.72056,0.03705,1.0,0.0,False,False,0,0,,,True,True
1993-04-25,1993-04-23,137282.94685,2,0,sell_all:QLD:33890;buy:SGOV:37612,idle_cash_to_sgov;switch_off,True,0.01746,True,False,-0.00975,True,137282.94685,167269.42788,177329.72056,0.05673,1.0,0.0,False,False,2,0,sell_all:QLD:33890;buy:SGOV:37612,idle_cash_to_sgov;switch_off,True,False
1993-05-02,1993-04-30,137853.42494,0,0,,,True,0.02355,True,False,0.00678,True,137853.42494,167856.4553,177329.72056,0.05342,1.0,0.0,False,False,0,0,,,True,False
1993-05-09,1993-05-07,138341.99368,2,0,sell:SGOV:38269;buy:QLD:34586,fund_buys;switch_on,True,0.02668,True,True,0.04236,True,138341.99368,168361.64827,177329.72056,0.05057,1.0,0.0,False,False,2,0,sell:SGOV:38269;buy:QLD:34586,fund_buys;switch_on,True,True
1993-05-16,1993-05-14,137257.92235,0,0,,,True,0.01883,True,True,0.02885,True,137257.92235,167294.19394,177329.72056,0.05659,1.0,0.0,False,False,0,0,,,True,True
1993-05-23,1993-05-21,141643.31716,0,0,,,True,0.03209,True,True,0.07428,True,141643.31716,171696.72536,177329.72056,0.03177,1.0,0.0,False,False,0,0,,,True,True
1993-05-30,1993-05-28,142693.63941,0,0,,,True,0.04023,True,True,0.07322,True,142693.63941,172764.5235,177329.72056,0.02574,1.0,0.0,False,False,0,0,,,True,True
1993-06-06,1993-06-04,142799.59842,0,0,,,True,0.03837,True,True,0.07028,True,142799.59842,172888.09979,177329.72056,0.02505,1.0,0.0,False,False,0,0,,,True,True
1993-06-13,1993-06-11,141204.4129,0,0,,,True,0.02999,True,True,0.04908,True,141204.4129,171310.87238,177329.72056,0.03394,1.0,0.0,False,False,0,0,,,True,True
1993-06-20,1993-06-18,139541.48951,0,0,,,True,0.0199,True,True,0.02962,True,139541.48951,169665.53824,177329.72056,0.04322,1.0,0.0,False,False,0,0,,,True,True
1993-06-27,1993-06-25,141067.38507,0,0,,,True,0.02721,True,True,0.03825,True,141067.38507,171209.22323,177329.72056,0.03451,1.0,0.0,False,False,0,0,,,True,True
1993-07-04,1993-07-02,141179.90798,0,0,,,True,0.02149,True,True,0.0405,True,141179.90798,171339.3891,177329.72056,0.03378,1.0,0.0,False,False,0,0,,,True,True
1993-07-11,1993-07-09,141208.19965,0,0,,,True,0.0255,True,True,0.03294,True,141208.19965,171384.92843,177329.72056,0.03352,1.0,0.0,False,False,0,0,,,True,True
1993-07-18,1993-07-16,138522.6256,2,0,sell_all:QLD:33775;buy:SGOV:37471,idle_cash_to_sgov;switch_off,True,0.01826,True,False,-0.00293,True,138522.6256,168716.82751,177329.72056,0.04857,1.0,0.0,False,False,2,0,sell_all:QLD:33775;buy:SGOV:37471,idle_cash_to_sgov;switch_off,True,False
1993-07-25,1993-07-23,138776.57746,0,0,,,True,0.01917,True,False,-0.00012,True,138776.57746,168988.38679,177329.72056,0.04704,1.0,0.0,False,False,0,0,,,True,False
1993-08-01,1993-07-30,139000.47834,0,0,,,True,0.01912,True,False,-0.00437,True,139000.47834,169230.12892,177329.72056,0.04568,1.0,0.0,False,False,0,0,,,True,False
1993-08-08,1993-08-06,139192.18438,2,0,sell:SGOV:38505;buy:QLD:34798,fund_buys;switch_on,True,0.01832,True,True,0.0218,True,139192.18438,169439.53762,177329.72056,0.04449,1.0,0.0,False,False,2,0,sell:SGOV:38505;buy:QLD:34798,fund_buys;switch_on,True,True
1993-08-15,1993-08-13,138975.76255,0,0,,,True,0.01974,True,True,0.0118,True,138975.76255,169240.68786,177329.72056,0.04562,1.0,0.0,False,False,0,0,,,True,True
1993-08-22,1993-08-20,142020.01607,0,0,,,True,0.03133,True,True,0.03787,True,142020.01607,172302.40753,177329.72056,0.02835,1.0,0.0,False,False,0,0,,,True,True
1993-08-29,1993-08-27,141957.21628,0,0,,,True,0.03887,True,True,0.02373,True,141957.21628,172256.97607,177329.72056,0.02861,1.0,0.0,False,False,0,0,,,True,True
1993-09-05,1993-09-03,143533.21126,0,0,,,True,0.0383,True,True,0.04179,True,143533.21126,173850.4822,177329.72056,0.01962,1.0,0.0,False,False,0,0,,,True,True
1993-09-12,1993-09-10,143004.52038,0,0,,,True,0.03762,True,True,0.03206,True,143004.52038,173338.92978,177329.72056,0.0225,1.0,0.0,False,False,0,0,,,True,True
1993-09-19,1993-09-17,141636.58147,0,0,,,True,0.02938,True,True,0.01858,True,141636.58147,171988.23938,177329.72056,0.03012,1.0,0.0,False,False,0,0,,,True,True
1993-09-26,1993-09-24,143736.3454,0,0,,,True,0.02543,True,True,0.05055,True,143736.3454,174105.11188,177329.72056,0.01818,1.0,0.0,False,False,0,0,,,True,True
1993-10-03,1993-10-01,145325.62317,0,0,,,True,0.03201,True,True,0.06129,True,145325.62317,175711.40797,177329.72056,0.00913,1.0,0.0,False,False,0,0,,,True,True
1993-10-10,1993-10-08,144867.44236,0,0,,,True,0.02862,True,True,0.05541,True,144867.44236,175270.42161,177329.72056,0.01161,1.0,0.0,False,False,0,0,,,True,True
1993-10-17,1993-10-15,148736.74095,0,0,,,True,0.04765,True,True,0.08416,True,148736.74095,179157.19103,179157.19103,0.0,1.0,0.0,False,False,0,0,,,True,True
1993-10-24,1993-10-22,146706.25882,0,0,,,True,0.03185,True,True,0.07064,True,146706.25882,177144.38154,179157.19103,0.01123,1.0,0.0,False,False,0,0,,,True,True
1993-10-31,1993-10-29,148083.27131,0,0,,,True,0.04014,True,True,0.07735,True,148083.27131,178539.22711,179157.19103,0.00345,1.0,0.0,False,False,0,0,,,True,True
1993-11-07,1993-11-05,145146.33245,0,0,,,True,0.02018,True,True,0.05634,True,145146.33245,175620.18187,179157.19103,0.01974,1.0,0.0,False,False,0,0,,,True,True
1993-11-14,1993-11-12,148511.69022,0,0,,,True,0.03177,True,True,0.08693,True,148511.69022,179003.56906,179157.19103,0.00086,1.0,0.0,False,False,0,0,,,True,True
1993-11-21,1993-11-19,145068.31301,0,0,,,True,0.02455,True,True,0.04588,True,145068.31301,175578.34893,179157.19103,0.01998,1.0,0.0,False,False,0,0,,,True,True
1993-11-28,1993-11-26,146288.8236,0,0,,,True,0.0249,True,True,0.06076,True,146288.8236,176817.15262,179157.19103,0.01306,1.0,0.0,False,False,0,0,,,True,True
1993-12-05,1993-12-03,149763.15515,0,0,,,True,0.02741,True,True,0.10003,True,149763.15515,180309.73827,180309.73827,0.0,1.0,0.0,False,False,0,0,,,True,True
1993-12-12,1993-12-10,146574.30347,0,0,,,True,0.02381,True,True,0.05613,True,146574.30347,177139.00926,180309.73827,0.01758,1.0,0.0,False,False,0,0,,,True,True
1993-12-19,1993-12-17,147407.35027,0,0,,,True,0.02822,True,True,0.05956,True,147407.35027,177989.89627,180309.73827,0.01287,1.0,0.0,False,False,0,0,,,True,True
1993-12-26,1993-12-23,147829.95374,0,0,,,True,0.02989,True,True,0.0614,True,147829.95374,178427.81033,180309.73827,0.01044,1.0,0.0,False,False,0,0,,,True,True
1994-01-02,1993-12-31,149318.45367,0,0,,,True,0.02678,True,True,0.08046,True,149318.45367,179936.72747,180309.73827,0.00207,1.0,0.0,False,False,0,0,,,True,True
1994-01-09,1994-01-07,151303.5412,0,0,,,True,0.03335,True,True,0.09435,True,151303.5412,181939.65293,181939.65293,0.0,1.0,0.0,False,False,0,0,,,True,True
1994-01-16,1994-01-14,153667.09207,0,0,,,True,0.04301,True,True,0.10915,True,153667.09207,184320.75819,184320.75819,0.0,1.0,0.0,False,False,0,0,,,True,True
1994-01-23,1994-01-21,153555.73074,0,0,,,True,0.04074,True,True,0.1037,True,153555.73074,184226.8353,184320.75819,0.00051,1.0,0.0,False,False,0,0,,,True,True
1994-01-30,1994-01-28,154470.65181,0,0,,,True,0.04799,True,True,0.10147,True,154470.65181,185159.02819,185159.02819,0.0,1.0,0.0,False,False,0,0,,,True,True
1994-02-06,1994-02-04,149708.15849,0,0,,,True,0.02649,True,True,0.05631,True,149708.15849,180414.16972,185159.02819,0.02563,1.0,0.0,False,False,0,0,,,True,True
1994-02-13,1994-02-11,150683.62871,0,0,,,True,0.02544,True,True,0.06325,True,150683.62871,181408.71568,185159.02819,0.02025,1.0,0.0,False,False,0,0,,,True,True
1994-02-20,1994-02-18,151517.86591,0,0,,,True,0.01849,True,True,0.07544,True,151517.86591,182262.20047,185159.02819,0.01565,1.0,0.0,False,False,0,0,,,True,True
1994-02-27,1994-02-25,150908.1493,0,0,,,True,0.01384,True,True,0.06839,True,150908.1493,181672.02086,185159.02819,0.01883,1.0,0.0,False,False,0,0,,,True,True
1994-03-06,1994-03-04,151850.63222,0,0,,,True,0.00979,True,True,0.07931,True,151850.63222,182634.66953,185159.02819,0.01363,1.0,0.0,False,False,0,0,,,True,True
1994-03-13,1994-03-11,151629.46974,0,0,,,True,0.01258,True,True,0.06963,True,151629.46974,182434.32729,185159.02819,0.01472,1.0,0.0,False,False,0,0,,,True,True
1994-03-20,1994-03-18,154154.28067,0,0,,,True,0.02167,True,True,0.08759,True,154154.28067,184979.89655,185159.02819,0.00097,1.0,0.0,False,False,0,0,,,True,True
1994-03-27,1994-03-25,148571.70724,2,0,sell_all:SSO:41162;buy:SGOV:44900,idle_cash_to_sgov;switch_off,False,-0.00215,True,True,0.03848,True,148571.70724,179417.92645,185159.02819,0.03101,1.0,0.0,False,False,2,0,sell_all:SSO:41162;buy:SGOV:44900,idle_cash_to_sgov;switch_off,False,True
1994-04-03,1994-03-31,145206.6793,1,0,buy:SGOV:37477,idle_cash_to_sgov,False,-0.03438,True,False,-0.0064,True,145206.6793,176070.59834,185159.02819,0.04908,1.0,0.0,False,False,1,0,buy:SGOV:37477,idle_cash_to_sgov,False,False
1994-04-10,1994-04-08,145319.49353,0,0,,,False,-0.03158,True,False,-0.00324,True,145319.49353,176207.39141,185159.02819,0.04835,1.0,0.0,False,False,0,0,,,False,False
1994-04-17,1994-04-15,145418.73381,0,0,,,False,-0.03343,True,False,-0.05183,True,145418.73381,176327.72537,185159.02819,0.0477,1.0,0.0,False,False,0,0,,,False,False
1994-04-24,1994-04-22,145521.11135,0,0,,,False,-0.03025,True,False,-0.04465,True,145521.11135,176451.86343,185159.02819,0.04703,1.0,0.0,False,False,0,0,,,False,False
1994-05-01,1994-04-29,145627.42858,0,0,,,False,-0.02323,True,False,-0.03444,True,145627.42858,176580.77857,185159.02819,0.04633,1.0,0.0,False,False,0,0,,,False,False
1994-05-08,1994-05-06,145737.6974,0,0,,,False,-0.0302,True,False,-0.03265,True,145737.6974,176714.48521,185159.02819,0.04561,1.0,0.0,False,False,0,0,,,False,False
1994-05-15,1994-05-13,145855.04101,0,0,,,False,-0.03792,True,False,-0.05855,True,145855.04101,176856.77039,185159.02819,0.04484,1.0,0.0,False,False,0,0,,,False,False
1994-05-22,1994-05-20,145971.07969,0,0,,,False,-0.01472,True,False,-0.04478,True,145971.07969,176997.47328,185159.02819,0.04408,1.0,0.0,False,False,0,0,,,False,False
1994-05-29,1994-05-27,146087.77087,0,0,,,False,-0.00983,True,False,-0.0291,True,146087.77087,177138.96737,185159.02819,0.04331,1.0,0.0,False,False,0,0,,,False,False
1994-06-05,1994-06-03,146204.62961,0,0,,,False,-0.00399,True,False,-0.01423,True,146204.62961,177280.66463,185159.02819,0.04255,1.0,0.0,False,False,0,0,,,False,False
1994-06-12,1994-06-10,146320.0245,0,0,,,False,-0.00718,True,False,-0.03555,True,146320.0245,177420.58689,185159.02819,0.04179,1.0,0.0,False,False,0,0,,,False,False
1994-06-19,1994-06-17,146435.51049,0,0,,,False,-0.00757,True,False,-0.04286,True,146435.51049,177560.61962,185159.02819,0.04104,1.0,0.0,False,False,0,0,,,False,False
1994-06-26,1994-06-24,146551.93069,0,0,,,False,-0.041,True,False,-0.0942,True,146551.93069,177701.78512,185159.02819,0.04027,1.0,0.0,False,False,0,0,,,False,False
1994-07-03,1994-07-01,146668.92544,0,0,,,False,-0.03287,True,False,-0.07255,True,146668.92544,177843.6473,185159.02819,0.03951,1.0,0.0,False,False,0,0,,,False,False
1994-07-10,1994-07-08,146787.65634,0,0,,,False,-0.02527,True,False,-0.07388,True,146787.65634,177987.61465,185159.02819,0.03873,1.0,0.0,False,False,0,0,,,False,False
1994-07-17,1994-07-15,146911.15703,0,0,,,False,-0.01478,True,False,-0.05239,True,146911.15703,178137.36561,185159.02819,0.03792,1.0,0.0,False,False,0,0,,,False,False
1994-07-24,1994-07-22,147031.57996,0,0,,,False,-0.01666,True,False,-0.05689,True,147031.57996,178283.38463,185159.02819,0.03713,1.0,0.0,False,False,0,0,,,False,False
1994-07-31,1994-07-29,147155.72928,0,0,,,False,-0.00515,True,False,-0.04267,True,147155.72928,178433.9221,185159.02819,0.03632,1.0,0.0,False,False,0,0,,,False,False
1994-08-07,1994-08-05,147276.99818,0,0,,,False,-0.00728,True,False,-0.04936,True,147276.99818,178580.9669,185159.02819,0.03553,1.0,0.0,False,False,0,0,,,False,False
1994-08-14,1994-08-12,147402.20245,0,0,,,False,0.00353,True,False,-0.02304,True,147402.20245,178732.78354,185159.02819,0.03471,1.0,0.0,False,False,0,0,,,False,False
1994-08-21,1994-08-19,147528.92787,0,0,,,False,0.0075,True,False,-0.00391,True,147528.92787,178886.44466,185159.02819,0.03388,1.0,0.0,False,False,0,0,,,False,False
1994-08-28,1994-08-26,147657.86505,3,0,sell:SGOV:82032;buy:SSO:36914;buy:QLD:36914,fund_buys;switch_on,True,0.02908,True,True,0.03503,True,147657.86505,179042.78766,185159.02819,0.03303,1.0,0.0,False,False,3,0,sell:SGOV:82032;buy:SSO:36914;buy:QLD:36914,fund_buys;switch_on,True,True
1994-09-04,1994-09-02,145769.59094,0,0,,,True,0.02246,True,True,0.01441,True,145769.59094,177181.99494,185159.02819,0.04308,1.0,0.0,False,False,0,0,,,True,True
1994-09-11,1994-09-09,145980.32181,0,0,,,True,0.01594,True,True,0.02238,True,145980.32181,177420.13507,185159.02819,0.0418,1.0,0.0,False,False,0,0,,,True,True
1994-09-18,1994-09-16,148180.11727,0,0,,,True,0.02206,True,True,0.04645,True,148180.11727,179647.58066,185159.02819,0.02977,1.0,0.0,False,False,0,0,,,True,True
1994-09-25,1994-09-23,143797.87629,2,0,sell_all:SSO:34667;buy:SGOV:42726,idle_cash_to_sgov;switch_off,False,-0.00281,True,True,0.00967,True,143797.87629,175293.46274,185159.02819,0.05328,1.0,0.0,False,False,2,0,sell_all:SSO:34667;buy:SGOV:42726,idle_cash_to_sgov;switch_off,False,True
1994-10-02,1994-09-30,144501.72338,0,0,,,False,0.00385,True,True,0.01878,True,144501.72338,176025.75152,185159.02819,0.04933,1.0,0.0,False,False,0,0,,,False,True
1994-10-09,1994-10-07,142579.56274,0,0,,,False,-0.01212,True,False,0.00211,True,142579.56274,174132.6461,185159.02819,0.05955,1.0,0.0,False,False,0,0,,,False,False
1994-10-16,1994-10-14,142713.63388,2,0,sell:SGOV:5813;buy:QLD:35678,fund_buys;switch_on,False,0.0185,True,True,0.03142,True,142713.63388,174296.3874,185159.02819,0.05867,1.0,0.0,False,False,2,0,sell:SGOV:5813;buy:QLD:35678,fund_buys;switch_on,False,True
1994-10-23,1994-10-21,143064.09314,0,0,,,False,0.00931,True,True,0.0358,True,143064.09314,174676.50143,185159.02819,0.05661,1.0,0.0,False,False,0,0,,,False,True
1994-10-30,1994-10-28,145169.56594,2,0,sell:SGOV:36353;buy:SSO:36292,fund_buys;switch_on,True,0.02905,True,True,0.06534,True,145169.56594,176812.35018,185159.02819,0.04508,1.0,0.0,False,False,2,0,sell:SGOV:36353;buy:SSO:36292,fund_buys;switch_on,True,True
1994-11-06,1994-11-04,141578.58233,0,0,,,True,0.00446,True,True,0.03862,True,141578.58233,173252.00598,185159.02819,0.06431,1.0,0.0,False,False,0,0,,,True,True
1994-11-13,1994-11-11,142202.98323,0,0,,,True,0.00513,True,True,0.04745,True,142202.98323,173908.02248,185159.02819,0.06076,1.0,0.0,False,False,0,0,,,True,True
1994-11-20,1994-11-18,143477.95047,0,0,,,True,0.0041,True,True,0.06723,True,143477.95047,175215.20194,185159.02819,0.0537,1.0,0.0,False,False,0,0,,,True,True
1994-11-27,1994-11-25,140921.58246,1,0,buy:SGOV:37975,idle_cash_to_sgov,False,-0.01507,True,True,0.03805,True,140921.58246,172691.25219,185159.02819,0.06734,1.0,0.0,False,False,1,0,buy:SGOV:37975,idle_cash_to_sgov,False,True
1994-12-04,1994-12-02,141116.96309,0,0,,,False,-0.01191,True,True,0.0404,True,141116.96309,172919.63373,185159.02819,0.0661,1.0,0.0,False,False,0,0,,,False,True
1994-12-11,1994-12-09,138812.2001,0,0,,,False,-0.02473,True,True,0.00654,True,138812.2001,170649.51905,185159.02819,0.07836,1.0,0.0,False,False,0,0,,,False,True
1994-12-18,1994-12-16,139464.36651,0,0,,,False,0.00173,True,True,0.01649,True,139464.36651,171336.32785,185159.02819,0.07465,1.0,0.0,False,False,0,0,,,False,True
1994-12-25,1994-12-23,141123.75771,0,0,,,False,0.00435,True,True,0.0413,True,141123.75771,173029.42906,185159.02819,0.06551,1.0,0.0,False,False,0,0,,,False,True
1995-01-01,1994-12-30,141742.6475,0,0,,,False,0.00342,True,True,0.04988,True,141742.6475,173682.14108,185159.02819,0.06198,1.0,0.0,False,False,0,0,,,False,True
1995-01-08,1995-01-06,141332.93869,0,0,,,False,0.00692,True,True,0.04377,True,141332.93869,173306.62318,185159.02819,0.06401,1.0,0.0,False,False,0,0,,,False,True
1995-01-15,1995-01-13,142986.84281,0,0,,,False,0.01842,True,True,0.06625,True,142986.84281,174995.54597,185159.02819,0.05489,1.0,0.0,False,False,0,0,,,False,True
1995-01-22,1995-01-20,142974.5995,0,0,,,False,0.01455,True,True,0.06312,True,142974.5995,175017.79805,185159.02819,0.05477,1.0,0.0,False,False,0,0,,,False,True
1995-01-29,1995-01-27,142518.13792,2,0,sell:SGOV:39588;buy:SSO:35630,fund_buys;switch_on,True,0.02572,True,True,0.05356,True,142518.13792,174596.78276,185159.02819,0.05704,1.0,0.0,False,False,2,0,sell:SGOV:39588;buy:SSO:35630,fund_buys;switch_on,True,True
1995-02-05,1995-02-03,145382.49263,0,0,,,True,0.04213,True,True,0.07336,True,145382.49263,177496.82528,185159.02819,0.04138,1.0,0.0,False,False,0,0,,,True,True
1995-02-12,1995-02-10,148567.69443,0,0,,,True,0.04648,True,True,0.1073,True,148567.69443,180717.72815,185159.02819,0.02399,1.0,0.0,False,False,0,0,,,True,True
1995-02-19,1995-02-17,147708.76704,0,0,,,True,0.04582,True,True,0.0905,True,147708.76704,179894.47097,185159.02819,0.02843,1.0,0.0,False,False,0,0,,,True,True
1995-02-26,1995-02-24,149201.33344,0,0,,,True,0.05725,True,True,0.09427,True,149201.33344,181422.27711,185159.02819,0.02018,1.0,0.0,False,False,0,0,,,True,True
1995-03-05,1995-03-03,150339.45352,0,0,,,True,0.04924,True,True,0.11062,True,150339.45352,182595.85456,185159.02819,0.01384,1.0,0.0,False,False,0,0,,,True,True
1995-03-12,1995-03-10,151965.836,0,0,,,True,0.05652,True,True,0.11902,True,151965.836,184257.75997,185159.02819,0.00487,1.0,0.0,False,False,0,0,,,True,True
1995-03-19,1995-03-17,153304.2402,0,0,,,True,0.06729,True,True,0.11989,True,153304.2402,185631.83245,185631.83245,0.0,1.0,0.0,False,False,0,0,,,True,True
1995-03-26,1995-03-24,156369.63757,0,0,,,True,0.07681,True,True,0.1437,True,156369.63757,188732.78681,188732.78681,0.0,1.0,0.0,False,False,0,0,,,True,True
1995-04-02,1995-03-31,154697.84164,0,0,,,True,0.07382,True,True,0.1175,True,154697.84164,187096.24092,188732.78681,0.00867,1.0,0.0,False,False,0,0,,,True,True
1995-04-09,1995-04-07,155021.72932,0,0,,,True,0.08308,True,True,0.10411,True,155021.72932,187455.55915,188732.78681,0.00677,1.0,0.0,False,False,0,0,,,True,True
1995-04-16,1995-04-13,158357.34069,0,0,,,True,0.08624,True,True,0.13584,True,158357.34069,190821.38334,190821.38334,0.0,1.0,0.0,False,False,0,0,,,True,True
1995-04-23,1995-04-21,156719.44633,0,0,,,True,0.08122,True,True,0.11062,True,156719.44633,189223.32539,190821.38334,0.00837,1.0,0.0,False,False,0,0,,,True,True
1995-04-30,1995-04-28,161323.98486,0,0,,,True,0.09076,True,True,0.14843,True,161323.98486,193863.06226,193863.06226,0.0,1.0,0.0,False,False,0,0,,,True,True
1995-05-07,1995-05-05,162369.20897,0,0,,,True,0.09846,True,True,0.14285,True,162369.20897,194943.73693,194943.73693,0.0,1.0,0.0,False,False,0,0,,,True,True
1995-05-14,1995-05-12,165931.07459,0,0,,,True,0.10579,True,True,0.1661,True,165931.07459,198540.61841,198540.61841,0.0,1.0,0.0,False,False,0,0,,,True,True
1995-05-21,1995-05-19,166264.16159,0,0,,,True,0.08872,True,True,0.17379,True,166264.16159,198909.30428,198909.30428,0.0,1.0,0.0,False,False,0,0,,,True,True
1995-05-28,1995-05-26,168286.35795,0,0,,,True,0.09416,True,True,0.17956,True,168286.35795,200967.16523,200967.16523,0.0,1.0,0.0,False,False,0,0,,,True,True
1995-06-04,1995-06-02,169001.61557,0,0,,,True,0.10955,True,True,0.16546,True,169001.61557,201717.72974,201717.72974,0.0,1.0,0.0,False,False,0,0,,,True,True
1995-06-11,1995-06-09,169813.32996,1,0,sell:QLD:10785,rebalance,True,0.09612,True,True,0.17594,True,169813.32996,202563.92149,202563.92149,0.0,1.0,0.0,False,False,1,0,sell:QLD:10785,rebalance,True,True
1995-06-18,1995-06-16,174800.51283,0,0,,,True,0.11719,True,True,0.2084,True,174800.51283,207585.86039,207585.86039,0.0,1.0,0.0,False,False,0,0,,,True,True
1995-06-25,1995-06-23,181291.36186,0,0,,,True,0.13324,True,True,0.26102,True,181291.36186,214111.04392,214111.04392,0.0,1.0,0.0,False,False,0,0,,,True,True
1995-07-02,1995-06-30,179199.39941,0,0,,,True,0.1187,True,True,0.23593,True,179199.39941,212053.12802,214111.04392,0.00961,1.0,0.0,False,False,0,0,,,True,True
1995-07-09,1995-07-07,186724.7327,0,0,,,True,0.13861,True,True,0.29477,True,186724.7327,219612.78564,219612.78564,0.0,1.0,0.0,False,False,0,0,,,True,True
1995-07-16,1995-07-14,191572.78768,0,0,,,True,0.14015,True,True,0.3314,True,191572.78768,224494.78674,224494.78674,0.0,1.0,0.0,False,False,0,0,,,True,True
1995-07-23,1995-07-21,182170.85056,0,0,,,True,0.12185,True,True,0.22437,True,182170.85056,215127.15575,224494.78674,0.04173,1.0,0.0,False,False,0,0,,,True,True
1995-07-30,1995-07-28,188655.94632,0,0,,,True,0.13486,True,True,0.2705,True,188655.94632,221646.64759,224494.78674,0.01269,1.0,0.0,False,False,0,0,,,True,True
1995-08-06,1995-08-04,185355.01847,0,0,,,True,0.12168,True,True,0.22957,True,185355.01847,218380.04319,224494.78674,0.02724,1.0,0.0,False,False,0,0,,,True,True
1995-08-13,1995-08-11,187522.07824,0,0,,,True,0.10869,True,True,0.251,True,187522.07824,220581.31721,224494.78674,0.01743,1.0,0.0,False,False,0,0,,,True,True
1995-08-20,1995-08-18,192080.03347,0,0,,,True,0.11189,True,True,0.28157,True,192080.03347,225173.71252,225173.71252,0.0,1.0,0.0,False,False,0,0,,,True,True
1995-08-27,1995-08-25,189138.96223,0,0,,,True,0.1085,True,True,0.23645,True,189138.96223,222267.12629,225173.71252,0.01291,1.0,0.0,False,False,0,0,,,True,True
1995-09-03,1995-09-01,188462.90723,0,0,,,True,0.1106,True,True,0.21133,True,188462.90723,221624.90192,225173.71252,0.01576,1.0,0.0,False,False,0,0,,,True,True
1995-09-10,1995-09-08,196007.9732,0,0,,,True,0.12305,True,True,0.26677,True,196007.9732,229203.71279,229203.71279,0.0,1.0,0.0,False,False,0,0,,,True,True
1995-09-17,1995-09-15,194927.13278,0,0,,,True,0.13694,True,True,0.22196,True,194927.13278,228156.83571,229203.71279,0.00457,1.0,0.0,False,False,0,0,,,True,True
1995-09-24,1995-09-22,195296.43753,0,0,,,True,0.12656,True,True,0.21706,True,195296.43753,228559.66478,229203.71279,0.00281,1.0,0.0,False,False,0,0,,,True,True
1995-10-01,1995-09-29,194241.84,0,0,,,True,0.12448,True,True,0.18954,True,194241.84,227538.47041,229203.71279,0.00727,1.0,0.0,False,False,0,0,,,True,True
1995-10-08,1995-10-06,190494.69939,0,0,,,True,0.11412,True,True,0.14338,True,190494.69939,223825.02211,229203.71279,0.02347,1.0,0.0,False,False,0,0,,,True,True
1995-10-15,1995-10-13,191189.42164,0,0,,,True,0.11159,True,True,0.13947,True,191189.42164,224553.67179,229203.71279,0.02029,1.0,0.0,False,False,0,0,,,True,True
1995-10-22,1995-10-20,195729.92072,0,0,,,True,0.11052,True,True,0.17211,True,195729.92072,229127.96816,229203.71279,0.00033,1.0,0.0,False,False,0,0,,,True,True
1995-10-29,1995-10-27,194539.91962,0,0,,,True,0.08968,True,True,0.16486,True,194539.91962,227971.60628,229203.71279,0.00538,1.0,0.0,False,False,0,0,,,True,True
1995-11-05,1995-11-03,201998.58624,0,0,,,True,0.10401,True,True,0.20872,True,201998.58624,235464.15687,235464.15687,0.0,1.0,0.0,False,False,0,0,,,True,True
1995-11-12,1995-11-10,200673.65556,0,0,,,True,0.1017,True,True,0.18158,True,200673.65556,234173.5207,235464.15687,0.00548,1.0,0.0,False,False,0,0,,,True,True
1995-11-19,1995-11-17,197224.92481,0,0,,,True,0.10905,True,True,0.12374,True,197224.92481,230759.50533,235464.15687,0.01998,1.0,0.0,False,False,0,0,,,True,True
1995-11-26,1995-11-24,195182.90445,0,0,,,True,0.10405,True,True,0.09744,True,195182.90445,228751.9322,235464.15687,0.02851,1.0,0.0,False,False,0,0,,,True,True
1995-12-03,1995-12-01,198042.7415,0,0,,,True,0.11069,True,True,0.10556,True,198042.7415,231646.11454,235464.15687,0.01621,1.0,0.0,False,False,0,0,,,True,True
1995-12-10,1995-12-08,202337.10149,0,0,,,True,0.12312,True,True,0.12012,True,202337.10149,235974.68912,235974.68912,0.0,1.0,0.0,False,False,0,0,,,True,True
1995-12-17,1995-12-15,195347.93556,0,0,,,True,0.1143,True,True,0.0454,True,195347.93556,229019.74491,235974.68912,0.02947,1.0,0.0,False,False,0,0,,,True,True
1995-12-24,1995-12-22,198212.82378,0,0,,,True,0.10016,True,True,0.07934,True,198212.82378,231917.67102,235974.68912,0.01719,1.0,0.0,False,False,0,0,,,True,True
1995-12-31,1995-12-29,197364.73986,0,0,,,True,0.10247,True,True,0.05759,True,197364.73986,231101.17711,235974.68912,0.02065,1.0,0.0,False,False,0,0,,,True,True
1996-01-07,1996-01-05,195457.99714,0,0,,,True,0.09901,True,True,0.03248,True,195457.99714,229226.70146,235974.68912,0.0286,1.0,0.0,False,False,0,0,,,True,True
1996-01-14,1996-01-12,187171.0743,1,0,buy:SGOV:60106,idle_cash_to_sgov,True,0.06747,True,False,0.00548,True,187171.0743,220972.3654,235974.68912,0.06358,1.0,0.0,False,False,1,0,buy:SGOV:60106,idle_cash_to_sgov,True,False
1996-01-21,1996-01-19,189138.02973,2,0,sell:SGOV:52538;buy:QLD:47285,fund_buys;switch_on,True,0.08027,True,True,0.0224,True,189138.02973,222971.88343,235974.68912,0.0551,1.0,0.0,False,False,2,0,sell:SGOV:52538;buy:QLD:47285,fund_buys;switch_on,True,True
1996-01-28,1996-01-26,193003.37296,1,0,sell:SSO:12299,rebalance,True,0.09223,True,True,0.03897,True,193003.37296,226869.46816,235974.68912,0.03859,1.0,0.0,False,False,1,0,sell:SSO:12299,rebalance,True,True
1996-02-04,1996-02-02,199471.61736,0,0,,,True,0.11103,True,True,0.07617,True,199471.61736,233369.91979,235974.68912,0.01104,1.0,0.0,False,False,0,0,,,True,True
1996-02-11,1996-02-09,206648.31708,0,0,,,True,0.14003,True,True,0.10687,True,206648.31708,240578.04882,240578.04882,0.0,1.0,0.0,False,False,0,0,,,True,True
1996-02-18,1996-02-16,204581.05622,0,0,,,True,0.11873,True,True,0.09253,True,204581.05622,238541.97665,240578.04882,0.00846,1.0,0.0,False,False,0,0,,,True,True
1996-02-25,1996-02-23,210692.82622,0,0,,,True,0.13286,True,True,0.12778,True,210692.82622,244684.92506,244684.92506,0.0,1.0,0.0,False,False,0,0,,,True,True
1996-03-03,1996-03-01,201304.53955,0,0,,,True,0.10195,True,True,0.05497,True,201304.53955,235328.3038,244684.92506,0.03824,1.0,0.0,False,False,0,0,,,True,True
1996-03-10,1996-03-08,197172.56521,0,0,,,True,0.07759,True,True,0.02728,True,197172.56521,231228.18294,244684.92506,0.055,1.0,0.0,False,False,0,0,,,True,True
1996-03-17,1996-03-15,203677.15204,0,0,,,True,0.08595,True,True,0.07384,True,203677.15204,237764.97054,244684.92506,0.02828,1.0,0.0,False,False,0,0,,,True,True
1996-03-24,1996-03-22,203476.64016,0,0,,,True,0.09608,True,True,0.05299,True,203476.64016,237597.22254,244684.92506,0.02897,1.0,0.0,False,False,0,0,,,True,True
1996-03-31,1996-03-29,202036.85528,0,0,,,True,0.08219,True,True,0.04302,True,202036.85528,236190.09274,244684.92506,0.03472,1.0,0.0,False,False,0,0,,,True,True
1996-04-07,1996-04-04,205189.98155,0,0,,,True,0.09545,True,True,0.05415,True,205189.98155,239371.35403,244684.92506,0.02172,1.0,0.0,False,False,0,0,,,True,True
1996-04-14,1996-04-12,199810.35956,0,0,,,True,0.05944,True,True,0.02896,True,199810.35956,234029.17704,244684.92506,0.04355,1.0,0.0,False,False,0,0,,,True,True
1996-04-21,1996-04-19,206065.41882,0,0,,,True,0.06907,True,True,0.07273,True,206065.41882,240316.30048,244684.92506,0.01785,1.0,0.0,False,False,0,0,,,True,True
1996-04-28,1996-04-26,213661.98781,0,0,,,True,0.07881,True,True,0.12566,True,213661.98781,247945.20791,247945.20791,0.0,1.0,0.0,False,False,0,0,,,True,True
1996-05-05,1996-05-03,210635.59484,0,0,,,True,0.05525,True,True,0.11189,True,210635.59484,244951.62565,247945.20791,0.01207,1.0,0.0,False,False,0,0,,,True,True
1996-05-12,1996-05-10,214518.16655,0,0,,,True,0.06874,True,True,0.12666,True,214518.16655,248867.10534,248867.10534,0.0,1.0,0.0,False,False,0,0,,,True,True
1996-05-19,1996-05-17,220841.77156,0,0,,,True,0.09162,True,True,0.15096,True,220841.77156,255223.66871,255223.66871,0.0,1.0,0.0,False,False,0,0,,,True,True
1996-05-26,1996-05-24,222025.89009,0,0,,,True,0.10205,True,True,0.14195,True,222025.89009,256440.92806,256440.92806,0.0,1.0,0.0,False,False,0,0,,,True,True
1996-06-02,1996-05-31,221142.54307,0,0,,,True,0.08286,True,True,0.14394,True,221142.54307,255590.85561,256440.92806,0.00331,1.0,0.0,False,False,0,0,,,True,True
1996-06-09,1996-06-07,221613.77296,0,0,,,True,0.08462,True,True,0.13763,True,221613.77296,256095.5359,256440.92806,0.00135,1.0,0.0,False,False,0,0,,,True,True
1996-06-16,1996-06-14,218334.25595,0,0,,,True,0.06789,True,True,0.1153,True,218334.25595,252849.90827,256440.92806,0.014,1.0,0.0,False,False,0,0,,,True,True
1996-06-23,1996-06-21,216760.07983,0,0,,,True,0.06535,True,True,0.09753,True,216760.07983,251309.35203,256440.92806,0.02001,1.0,0.0,False,False,0,0,,,True,True
1996-06-30,1996-06-28,218236.30814,0,0,,,True,0.06752,True,True,0.10242,True,218236.30814,252819.43186,256440.92806,0.01412,1.0,0.0,False,False,0,0,,,True,True
1996-07-07,1996-07-05,212280.76343,0,0,,,True,0.04368,True,True,0.06776,True,212280.76343,246897.61002,256440.92806,0.03721,1.0,0.0,False,False,0,0,,,True,True
1996-07-14,1996-07-12,206250.79681,0,0,,,True,0.02301,True,True,0.02842,True,206250.79681,240901.90281,256440.92806,0.06059,1.0,0.0,False,False,0,0,,,True,True
1996-07-21,1996-07-19,198669.09198,2,0,buy:QLD:49667;buy:SGOV:69182,idle_cash_to_sgov;switch_on,False,0.00913,True,True,0.02316,True,198669.09198,233354.32029,256440.92806,0.09003,1.0,0.0,False,False,2,0,buy:QLD:49667;buy:SGOV:69182,idle_cash_to_sgov;switch_on,False,True
1996-07-28,1996-07-26,193398.20168,2,0,sell:SGOV:9473;buy:QLD:48350,fund_buys;switch_on,False,0.00265,True,True,0.0214,True,193398.20168,228117.70003,256440.92806,0.11045,1.0,0.0,False,False,2,0,sell:SGOV:9473;buy:QLD:48350,fund_buys;switch_on,False,True
1996-08-04,1996-08-02,198767.24187,2,0,sell:SGOV:49836;buy:SSO:49692,fund_buys;switch_on,True,0.04216,True,True,0.0743,True,198767.24187,233521.13932,256440.92806,0.08938,1.0,0.0,False,False,2,0,sell:SGOV:49836;buy:SSO:49692,fund_buys;switch_on,True,True
1996-08-11,1996-08-09,200369.47787,0,0,,,True,0.03845,True,True,0.08759,True,200369.47787,235157.05573,256440.92806,0.083,1.0,0.0,False,False,0,0,,,True,True
1996-08-18,1996-08-16,199863.61254,0,0,,,True,0.03999,True,True,0.07454,True,199863.61254,234684.69363,256440.92806,0.08484,1.0,0.0,False,False,0,0,,,True,True
1996-08-25,1996-08-23,200951.15498,0,0,,,True,0.03968,True,True,0.0803,True,200951.15498,235805.84793,256440.92806,0.08047,1.0,0.0,False,False,0,0,,,True,True
1996-09-01,1996-08-30,196447.65331,0,0,,,True,0.01352,True,True,0.0551,True,196447.65331,231336.07661,256440.92806,0.0979,1.0,0.0,False,False,0,0,,,True,True
1996-09-08,1996-09-06,197082.45822,0,0,,,True,0.01751,True,True,0.05338,True,197082.45822,232005.4459,256440.92806,0.09529,1.0,0.0,False,False,0,0,,,True,True
1996-09-15,1996-09-13,207894.08541,0,0,,,True,0.05337,True,True,0.11821,True,207894.08541,242851.68333,256440.92806,0.05299,1.0,0.0,False,False,0,0,,,True,True
1996-09-22,1996-09-20,214976.52602,0,0,,,True,0.06051,True,True,0.16812,True,214976.52602,249968.30849,256440.92806,0.02524,1.0,0.0,False,False,0,0,,,True,True
1996-09-29,1996-09-27,215049.34796,0,0,,,True,0.05647,True,True,0.16332,True,215049.34796,250075.11806,256440.92806,0.02482,1.0,0.0,False,False,0,0,,,True,True
1996-10-06,1996-10-04,219901.07057,0,0,,,True,0.07661,True,True,0.17749,True,219901.07057,254959.88191,256440.92806,0.00578,1.0,0.0,False,False,0,0,,,True,True
1996-10-13,1996-10-11,220899.94914,1,0,sell:QLD:13958,rebalance,True,0.07184,True,True,0.1795,True,220899.94914,255991.96747,256440.92806,0.00175,1.0,0.0,False,False,1,0,sell:QLD:13958,rebalance,True,True
1996-10-20,1996-10-18,221215.30469,0,0,,,True,0.08377,True,True,0.15733,True,221215.30469,256341.00401,256440.92806,0.00039,1.0,0.0,False,False,0,0,,,True,True
1996-10-27,1996-10-25,217709.02118,0,0,,,True,0.06465,True,True,0.12853,True,217709.02118,252868.3664,256440.92806,0.01393,1.0,0.0,False,False,0,0,,,True,True
1996-11-03,1996-11-01,219840.47691,0,0,,,True,0.06514,True,True,0.13829,True,219840.47691,255033.64486,256440.92806,0.00549,1.0,0.0,False,False,0,0,,,True,True
1996-11-10,1996-11-08,230444.77025,0,0,,,True,0.10175,True,True,0.19397,True,230444.77025,265671.88028,265671.88028,0.0,1.0,0.0,False,False,0,0,,,True,True
1996-11-17,1996-11-15,231669.32822,0,0,,,True,0.10782,True,True,0.18582,True,231669.32822,266930.48068,266930.48068,0.0,1.0,0.0,False,False,0,0,,,True,True
1996-11-24,1996-11-22,236317.34471,0,0,,,True,0.1206,True,True,0.20559,True,236317.34471,271612.50483,271612.50483,0.0,1.0,0.0,False,False,0,0,,,True,True
1996-12-01,1996-11-29,240157.67072,0,0,,,True,0.12965,True,True,0.22115,True,240157.67072,275486.89966,275486.89966,0.0,1.0,0.0,False,False,0,0,,,True,True
1996-12-08,1996-12-06,236169.56346,0,0,,,True,0.09973,True,True,0.20212,True,236169.56346,271532.37168,275486.89966,0.01435,1.0,0.0,False,False,0,0,,,True,True
1996-12-15,1996-12-13,234421.1827,0,0,,,True,0.07967,True,True,0.19432,True,234421.1827,269817.00104,275486.89966,0.02058,1.0,0.0,False,False,0,0,,,True,True
1996-12-22,1996-12-20,238449.56723,0,0,,,True,0.10614,True,True,0.19287,True,238449.56723,273878.281,275486.89966,0.00584,1.0,0.0,False,False,0,0,,,True,True
1996-12-29,1996-12-27,240009.38702,0,0,,,True,0.1141,True,True,0.18717,True,240009.38702,275471.62835,275486.89966,6e-05,1.0,0.0,False,False,0,0,,,True,True
1997-01-05,1997-01-03,240377.48134,0,0,,,True,0.0981,True,True,0.19832,True,240377.48134,275873.90417,275873.90417,0.0,1.0,0.0,False,False,0,0,,,True,True
1997-01-12,1997-01-10,245004.99328,0,0,,,True,0.11077,True,True,0.21211,True,245004.99328,280535.67013,280535.67013,0.0,1.0,0.0,False,False,0,0,,,True,True
1997-01-19,1997-01-17,250609.24847,0,0,,,True,0.13034,True,True,0.22595,True,250609.24847,286174.26111,286174.26111,0.0,1.0,0.0,False,False,0,0,,,True,True
1997-01-26,1997-01-24,251923.73006,0,0,,,True,0.11652,True,True,0.23385,True,251923.73006,287523.00442,287523.00442,0.0,1.0,0.0,False,False,0,0,,,True,True
1997-02-02,1997-01-31,258407.5898,0,0,,,True,0.13374,True,True,0.25355,True,258407.5898,294041.27601,294041.27601,0.0,1.0,0.0,False,False,0,0,,,True,True
1997-02-09,1997-02-07,255296.13713,0,0,,,True,0.13312,True,True,0.21374,True,255296.13713,290964.02419,294041.27601,0.01047,1.0,0.0,False,False,0,0,,,True,True
1997-02-16,1997-02-14,258473.19365,0,0,,,True,0.15415,True,True,0.20473,True,258473.19365,294175.3633,294175.3633,0.0,1.0,0.0,False,False,0,0,,,True,True
1997-02-23,1997-02-21,251519.20853,0,0,,,True,0.13914,True,True,0.15016,True,251519.20853,287255.43724,294175.3633,0.02352,1.0,0.0,False,False,0,0,,,True,True
1997-03-02,1997-02-28,247293.08881,0,0,,,True,0.11784,True,True,0.12479,True,247293.08881,283063.62663,294175.3633,0.03777,1.0,0.0,False,False,0,0,,,True,True
1997-03-09,1997-03-07,248302.63488,0,0,,,True,0.13277,True,True,0.10627,True,248302.63488,284108.11295,294175.3633,0.03422,1.0,0.0,False,False,0,0,,,True,True
1997-03-16,1997-03-14,245848.08372,0,0,,,True,0.11111,True,True,0.09783,True,245848.08372,281688.42819,294175.3633,0.04245,1.0,0.0,False,False,0,0,,,True,True
1997-03-23,1997-03-21,240276.40068,0,0,,,True,0.09399,True,True,0.05901,True,240276.40068,276151.99928,294175.3633,0.06127,1.0,0.0,False,False,0,0,,,True,True
1997-03-30,1997-03-27,239283.03071,0,0,,,True,0.07628,True,True,0.06342,True,239283.03071,275189.62885,294175.3633,0.06454,1.0,0.0,False,False,0,0,,,True,True
1997-04-06,1997-04-04,236942.73575,0,0,,,True,0.05075,True,True,0.06389,True,236942.73575,272890.27356,294175.3633,0.07236,1.0,0.0,False,False,0,0,,,True,True
1997-04-13,1997-04-11,228800.15424,0,0,,,True,0.01947,True,True,0.01692,True,228800.15424,264783.12057,294175.3633,0.09991,1.0,0.0,False,False,0,0,,,True,True
1997-04-20,1997-04-18,237244.71472,0,0,,,True,0.05599,True,True,0.04668,True,237244.71472,273263.33193,294175.3633,0.07109,1.0,0.0,False,False,0,0,,,True,True
1997-04-27,1997-04-25,237224.56297,0,0,,,True,0.05046,True,True,0.04375,True,237224.56297,273278.94542,294175.3633,0.07103,1.0,0.0,False,False,0,0,,,True,True
1997-05-04,1997-05-02,259160.18552,0,0,,,True,0.10972,True,True,0.15073,True,259160.18552,295250.27973,295250.27973,0.0,1.0,0.0,False,False,0,0,,,True,True
1997-05-11,1997-05-09,262709.66475,0,0,,,True,0.1185,True,True,0.15183,True,262709.66475,298834.94207,298834.94207,0.0,1.0,0.0,False,False,0,0,,,True,True
1997-05-18,1997-05-16,262929.96257,0,0,,,True,0.11776,True,True,0.13695,True,262929.96257,299090.21962,299090.21962,0.0,1.0,0.0,False,False,0,0,,,True,True
1997-05-25,1997-05-23,273167.44278,0,0,,,True,0.13428,True,True,0.18144,True,273167.44278,309363.00095,309363.00095,0.0,1.0,0.0,False,False,0,0,,,True,True
1997-06-01,1997-05-30,273291.79466,0,0,,,True,0.13036,True,True,0.17254,True,273291.79466,309522.1802,309522.1802,0.0,1.0,0.0,False,False,0,0,,,True,True
1997-06-08,1997-06-06,272651.26016,0,0,,,True,0.13645,True,True,0.14623,True,272651.26016,308915.50547,309522.1802,0.00196,1.0,0.0,False,False,0,0,,,True,True
1997-06-15,1997-06-13,282544.16168,0,0,,,True,0.17504,True,True,0.16014,True,282544.16168,318842.51707,318842.51707,0.0,1.0,0.0,False,False,0,0,,,True,True
1997-06-22,1997-06-20,286346.91818,0,0,,,True,0.17289,True,True,0.16953,True,286346.91818,322679.29637,322679.29637,0.0,1.0,0.0,False,False,0,0,,,True,True
1997-06-29,1997-06-27,280820.63706,0,0,,,True,0.14966,True,True,0.13746,True,280820.63706,317187.6377,322679.29637,0.01702,1.0,0.0,False,False,0,0,,,True,True
1997-07-06,1997-07-03,290507.1735,2,0,sell:SSO:18818;buy:SGOV:38983,idle_cash_to_sgov;rebalance,True,0.18139,True,True,0.15834,True,290507.1735,326904.29235,326904.29235,0.0,1.0,0.0,False,False,2,0,sell:SSO:18818;buy:SGOV:38983,idle_cash_to_sgov;rebalance,True,True
1997-07-13,1997-07-11,295501.81653,0,0,,,True,0.17247,True,True,0.18323,True,295501.81653,331938.81769,331938.81769,0.0,1.0,0.0,False,False,0,0,,,True,True
1997-07-20,1997-07-18,304907.7732,1,0,sell:QLD:22901,rebalance,True,0.16189,True,True,0.23578,True,304907.7732,341379.8961,341379.8961,0.0,1.0,0.0,False,False,1,0,sell:QLD:22901,rebalance,True,True
1997-07-27,1997-07-25,310568.21122,0,0,,,True,0.18295,True,True,0.24065,True,310568.21122,347075.93967,347075.93967,0.0,1.0,0.0,False,False,0,0,,,True,True
1997-08-03,1997-08-01,315339.86721,0,0,,,True,0.18431,True,True,0.25574,True,315339.86721,351883.32605,351883.32605,0.0,1.0,0.0,False,False,0,0,,,True,True
1997-08-10,1997-08-08,313930.98842,0,0,,,True,0.15857,True,True,0.24913,True,313930.98842,350510.52324,351883.32605,0.0039,1.0,0.0,False,False,0,0,,,True,True
1997-08-17,1997-08-15,303149.55698,0,0,,,True,0.11032,True,True,0.19433,True,303149.55698,339765.35382,351883.32605,0.03444,1.0,0.0,False,False,0,0,,,True,True
1997-08-24,1997-08-22,311444.07313,0,0,,,True,0.13086,True,True,0.22036,True,311444.07313,348095.91694,351883.32605,0.01076,1.0,0.0,False,False,0,0,,,True,True
1997-08-31,1997-08-29,302354.30456,0,0,,,True,0.09536,True,True,0.17057,True,302354.30456,339042.18061,351883.32605,0.03649,1.0,0.0,False,False,0,0,,,True,True
1997-09-07,1997-09-05,312236.33804,0,0,,,True,0.12615,True,True,0.20306,True,312236.33804,348959.89735,351883.32605,0.00831,1.0,0.0,False,False,0,0,,,True,True
1997-09-14,1997-09-12,310639.39516,0,0,,,True,0.11403,True,True,0.18801,True,310639.39516,347398.29198,351883.32605,0.01275,1.0,0.0,False,False,0,0,,,True,True
1997-09-21,1997-09-19,316542.52626,0,0,,,True,0.13962,True,True,0.19291,True,316542.52626,353336.49228,353336.49228,0.0,1.0,0.0,False,False,0,0,,,True,True
1997-09-28,1997-09-26,313932.94551,0,0,,,True,0.12644,True,True,0.17175,True,313932.94551,350761.3988,353336.49228,0.00729,1.0,0.0,False,False,0,0,,,True,True
1997-10-05,1997-10-03,319628.24434,0,0,,,True,0.14225,True,True,0.18148,True,319628.24434,356491.30817,356491.30817,0.0,1.0,0.0,False,False,0,0,,,True,True
1997-10-12,1997-10-10,321886.01188,0,0,,,True,0.13703,True,True,0.18604,True,321886.01188,358783.89057,358783.89057,0.0,1.0,0.0,False,False,0,0,,,True,True
1997-10-19,1997-10-17,309052.02208,0,0,,,True,0.10328,True,True,0.1125,True,309052.02208,345985.11265,358783.89057,0.03567,1.0,0.0,False,False,0,0,,,True,True
1997-10-26,1997-10-24,306008.4644,0,0,,,True,0.09378,True,True,0.08771,True,306008.4644,342976.59799,358783.89057,0.04406,1.0,0.0,False,False,0,0,,,True,True
1997-11-02,1997-10-31,295332.67462,0,0,,,True,0.05813,True,True,0.0451,True,295332.67462,332336.45204,358783.89057,0.07371,1.0,0.0,False,False,0,0,,,True,True
1997-11-09,1997-11-07,298387.42363,0,0,,,True,0.06813,True,True,0.05048,True,298387.42363,335427.43725,358783.89057,0.0651,1.0,0.0,False,False,0,0,,,True,True
1997-11-16,1997-11-14,292311.9707,1,0,buy:QLD:73078,switch_on,True,0.06467,True,True,0.04717,True,292311.9707,329388.7536,358783.89057,0.08193,1.0,0.0,False,False,1,0,buy:QLD:73078,switch_on,True,True
1997-11-23,1997-11-21,301804.12954,0,0,,,True,0.09929,True,True,0.07242,True,301804.12954,338917.51491,358783.89057,0.05537,1.0,0.0,False,False,0,0,,,True,True
1997-11-30,1997-11-28,299653.00687,0,0,,,True,0.0867,True,True,0.06295,True,299653.00687,336802.89785,358783.89057,0.06127,1.0,0.0,False,False,0,0,,,True,True
1997-12-07,1997-12-05,306962.75979,0,0,,,True,0.11368,True,True,0.07817,True,306962.75979,344149.00968,358783.89057,0.04079,1.0,0.0,False,False,0,0,,,True,True
1997-12-14,1997-12-12,288944.38453,2,0,sell_all:QLD:65496;buy:SGOV:76534,idle_cash_to_sgov;switch_off,True,0.07427,True,False,-0.01827,True,288944.38453,326167.26336,358783.89057,0.09091,1.0,0.0,False,False,2,0,sell_all:QLD:65496;buy:SGOV:76534,idle_cash_to_sgov;switch_off,True,False
1997-12-21,1997-12-19,287981.38581,0,0,,,True,0.06199,True,False,-0.0299,True,287981.38581,325240.5317,358783.89057,0.09349,1.0,0.0,False,False,0,0,,,True,False
1997-12-28,1997-12-26,286481.36824,0,0,,,True,0.04723,True,False,-0.04781,True,286481.36824,323777.94969,358783.89057,0.09757,1.0,0.0,False,False,0,0,,,True,False
1998-01-04,1998-01-02,292772.333,0,0,,,True,0.08609,True,False,0.00292,True,292772.333,330106.35692,358783.89057,0.07993,1.0,0.0,False,False,0,0,,,True,False
1998-01-11,1998-01-09,285362.83696,0,0,,,True,0.02845,True,False,-0.05303,True,285362.83696,322733.49206,358783.89057,0.10048,1.0,0.0,False,False,0,0,,,True,False
1998-01-18,1998-01-16,290746.4196,0,0,,,True,0.06024,True,False,-0.00856,True,290746.4196,328152.65584,358783.89057,0.08538,1.0,0.0,False,False,0,0,,,True,False
1998-01-25,1998-01-23,290227.86468,0,0,,,True,0.05115,True,False,0.00594,True,290227.86468,327670.08298,358783.89057,0.08672,1.0,0.0,False,False,0,0,,,True,False
1998-02-01,1998-01-30,293993.44867,2,0,sell:SGOV:81355;buy:QLD:73498,fund_buys;switch_on,True,0.06953,True,True,0.04535,True,293993.44867,331471.97321,358783.89057,0.07612,1.0,0.0,False,False,2,0,sell:SGOV:81355;buy:QLD:73498,fund_buys;switch_on,True,True
1998-02-08,1998-02-06,308064.13585,0,0,,,True,0.09749,True,True,0.09896,True,308064.13585,345579.0121,358783.89057,0.0368,1.0,0.0,False,False,0,0,,,True,True
1998-02-15,1998-02-13,309654.40038,0,0,,,True,0.09868,True,True,0.09349,True,309654.40038,347205.63276,358783.89057,0.03227,1.0,0.0,False,False,0,0,,,True,True
1998-02-22,1998-02-20,315410.69723,0,0,,,True,0.10883,True,True,0.11059,True,315410.69723,352998.49377,358783.89057,0.01613,1.0,0.0,False,False,0,0,,,True,True
1998-03-01,1998-02-27,323009.50341,0,0,,,True,0.11859,True,True,0.13605,True,323009.50341,360634.24203,360634.24203,0.0,1.0,0.0,False,False,0,0,,,True,True
1998-03-08,1998-03-06,319130.6947,0,0,,,True,0.11906,True,True,0.1002,True,319130.6947,356792.45291,360634.24203,0.01065,1.0,0.0,False,False,0,0,,,True,True
1998-03-15,1998-03-13,322163.24182,0,0,,,True,0.12616,True,True,0.10115,True,322163.24182,359861.08544,360634.24203,0.00214,1.0,0.0,False,False,0,0,,,True,True
1998-03-22,1998-03-20,327504.56972,0,0,,,True,0.15102,True,True,0.0954,True,327504.56972,365238.50237,365238.50237,0.0,1.0,0.0,False,False,0,0,,,True,True
1998-03-29,1998-03-27,333056.54289,0,0,,,True,0.13996,True,True,0.12806,True,333056.54289,370827.00256,370827.00256,0.0,1.0,0.0,False,False,0,0,,,True,True
1998-04-05,1998-04-03,341298.63842,0,0,,,True,0.16173,True,True,0.14182,True,341298.63842,379105.65009,379105.65009,0.0,1.0,0.0,False,False,0,0,,,True,True
1998-04-12,1998-04-09,333369.29023,0,0,,,True,0.14412,True,True,0.10343,True,333369.29023,371207.06339,379105.65009,0.02083,1.0,0.0,False,False,0,0,,,True,True
1998-04-19,1998-04-17,340682.62347,0,0,,,True,0.14979,True,True,0.12841,True,340682.62347,378561.55674,379105.65009,0.00144,1.0,0.0,False,False,0,0,,,True,True
1998-04-26,1998-04-24,340665.61571,0,0,,,True,0.12855,True,True,0.13866,True,340665.61571,378580.39596,379105.65009,0.00139,1.0,0.0,False,False,0,0,,,True,True
1998-05-03,1998-05-01,343075.54375,0,0,,,True,0.13675,True,True,0.135,True,343075.54375,381026.20486,381026.20486,0.0,1.0,0.0,False,False,0,0,,,True,True
1998-05-10,1998-05-08,340958.59327,0,0,,,True,0.11852,True,True,0.13308,True,340958.59327,378945.15886,381026.20486,0.00546,1.0,0.0,False,False,0,0,,,True,True
1998-05-17,1998-05-15,340345.99633,0,0,,,True,0.11429,True,True,0.12474,True,340345.99633,378369.02105,381026.20486,0.00697,1.0,0.0,False,False,0,0,,,True,True
1998-05-24,1998-05-22,335144.21281,0,0,,,True,0.1116,True,True,0.09018,True,335144.21281,373204.15909,381026.20486,0.02053,1.0,0.0,False,False,0,0,,,True,True
1998-05-31,1998-05-29,328268.2809,0,0,,,True,0.08852,True,True,0.06858,True,328268.2809,366364.95276,381026.20486,0.03848,1.0,0.0,False,False,0,0,,,True,True
1998-06-07,1998-06-05,334316.93128,0,0,,,True,0.1066,True,True,0.07962,True,334316.93128,372449.57262,381026.20486,0.02251,1.0,0.0,False,False,0,0,,,True,True
1998-06-14,1998-06-12,328603.39686,0,0,,,True,0.08672,True,True,0.05997,True,328603.39686,366772.56438,381026.20486,0.03741,1.0,0.0,False,False,0,0,,,True,True
1998-06-21,1998-06-19,336535.08395,0,0,,,True,0.08365,True,True,0.10391,True,336535.08395,374741.02193,381026.20486,0.0165,1.0,0.0,False,False,0,0,,,True,True
1998-06-28,1998-06-26,354908.18621,0,0,,,True,0.11037,True,True,0.17121,True,354908.18621,393150.61575,393150.61575,0.0,1.0,0.0,False,False,0,0,,,True,True
1998-07-05,1998-07-02,359079.41468,0,0,,,True,0.11858,True,True,0.17649,True,359079.41468,397352.68747,397352.68747,0.0,1.0,0.0,False,False,0,0,,,True,True
1998-07-12,1998-07-10,372074.85145,1,0,sell:QLD:25244,rebalance,True,0.13025,True,True,0.22149,True,372074.85145,410389.60065,410389.60065,0.0,1.0,0.0,False,False,1,0,sell:QLD:25244,rebalance,True,True
1998-07-19,1998-07-17,386131.20818,0,0,,,True,0.14556,True,True,0.27617,True,386131.20818,424482.51094,424482.51094,0.0,1.0,0.0,False,False,0,0,,,True,True
1998-07-26,1998-07-24,369644.66162,0,0,,,True,0.09615,True,True,0.21973,True,369644.66162,408032.63688,424482.51094,0.03875,1.0,0.0,False,False,0,0,,,True,True
1998-08-02,1998-07-31,361455.85018,0,0,,,True,0.0726,True,True,0.18594,True,361455.85018,399880.25938,424482.51094,0.05796,1.0,0.0,False,False,0,0,,,True,True
1998-08-09,1998-08-07,353815.51157,0,0,,,True,0.03947,True,True,0.16828,True,353815.51157,392276.47356,424482.51094,0.07587,1.0,0.0,False,False,0,0,,,True,True
1998-08-16,1998-08-14,344741.66643,0,0,,,True,0.01055,True,True,0.13206,True,344741.66643,383238.61497,424482.51094,0.09716,1.0,0.0,False,False,0,0,,,True,True
1998-08-23,1998-08-21,353439.66029,0,0,,,True,0.02405,True,True,0.16127,True,353439.66029,391972.91401,424482.51094,0.07659,1.0,0.0,False,False,0,0,,,True,True
1998-08-30,1998-08-28,332723.8893,1,0,buy:SGOV:120661,idle_cash_to_sgov,False,-0.03032,True,True,0.06151,True,332723.8893,371293.39794,424482.51094,0.1253,1.0,0.0,False,False,1,0,buy:SGOV:120661,idle_cash_to_sgov,False,True
1998-09-06,1998-09-04,318109.12043,0,0,,,False,-0.08173,True,False,0.0077,True,318109.12043,356713.9241,424482.51094,0.15965,0.96381,-0.03619,False,False,0,0,,,False,False
1998-09-13,1998-09-11,318397.85185,2,0,sell:SGOV:27924;buy:QLD:79599,fund_buys;switch_on,False,-0.04949,True,True,0.07461,True,318397.85185,357037.69513,424482.51094,0.15889,0.96667,0.00286,False,False,2,0,sell:SGOV:24976;buy:QLD:76947,fund_buys;switch_on,False,True
1998-09-20,1998-09-18,319699.00149,0,0,,,False,-0.04067,True,True,0.07755,True,319665.1887,358339.8087,424482.51094,0.15582,0.97818,0.0115,False,False,0,0,,,False,True
1998-09-27,1998-09-25,330960.18551,0,0,,,False,-0.01893,True,True,0.14456,True,330560.32159,369268.61518,424482.51094,0.13007,1.0,0.02182,False,False,0,0,,,False,True
1998-10-04,1998-10-02,316383.62153,0,0,,,False,-0.05981,True,True,0.04381,True,316478.40593,355218.95919,424482.51094,0.16317,0.95061,-0.04939,False,False,0,0,,,False,True
1998-10-11,1998-10-09,308273.58152,1,0,buy:SGOV:77541,idle_cash_to_sgov,False,-0.07744,True,False,-0.02453,True,308646.91271,347417.56477,424482.51094,0.18155,0.88169,-0.06892,False,False,0,0,,,False,False
1998-10-18,1998-10-16,308501.17477,2,0,sell:SGOV:85695;buy:QLD:77125,fund_buys;switch_on,False,-0.0115,True,True,0.04763,True,308874.78157,347674.05736,424482.51094,0.18095,0.88395,0.00227,False,False,2,0,sell:SGOV:830;buy:QLD:68258,fund_buys;switch_on,False,True
1998-10-25,1998-10-23,314046.17592,0,0,,,False,-0.00053,True,True,0.07843,True,313807.81226,352634.77576,424482.51094,0.16926,0.92778,0.04382,False,False,0,0,,,False,True
1998-11-01,1998-10-30,321588.81806,2,0,sell:SGOV:80748;buy:SSO:80397,fund_buys;switch_on,True,0.02244,True,True,0.11771,True,320510.71645,359367.44156,424482.51094,0.1534,0.98725,0.05948,False,False,3,1,sell:QLD:431;sell:SGOV:79870;buy:SSO:79106,fund_buys;rebalance;switch_on,True,True
1998-11-08,1998-11-06,335317.31689,0,0,,,True,0.05798,True,True,0.15441,True,333263.53997,372152.54205,424482.51094,0.12328,1.0,0.01275,False,False,0,0,,,True,True
1998-11-15,1998-11-13,333912.54526,0,0,,,True,0.04017,True,True,0.15029,True,331809.07096,370731.44283,424482.51094,0.12663,1.0,0.0,False,False,0,0,,,True,True
1998-11-22,1998-11-20,350401.66308,0,0,,,True,0.07163,True,True,0.20294,True,346935.89014,385890.77482,424482.51094,0.09091,1.0,0.0,False,False,0,0,,,True,True
1998-11-29,1998-11-27,366890.11655,1,0,sell:QLD:28961,rebalance,True,0.09473,True,True,0.25939,True,361933.9219,400921.85863,424482.51094,0.0555,1.0,0.0,False,False,0,0,,,True,True
1998-12-06,1998-12-04,363914.93442,0,0,,,True,0.07696,True,True,0.24961,True,358919.40014,397940.27852,424482.51094,0.06253,1.0,0.0,False,False,0,0,,,True,True
1998-12-13,1998-12-11,367274.71269,0,0,,,True,0.06426,True,True,0.27241,True,363062.47115,402115.98741,424482.51094,0.05269,1.0,0.0,False,False,0,0,,,True,True
1998-12-20,1998-12-18,377158.2778,0,0,,,True,0.081,True,True,0.30541,True,373918.35092,413004.67155,424482.51094,0.02704,1.0,0.0,False,False,1,0,sell:QLD:25452,rebalance,True,True
1998-12-27,1998-12-24,391546.01821,0,0,,,True,0.11273,True,True,0.34576,True,387483.15859,426597.77813,426597.77813,0.0,1.0,0.0,False,False,0,0,,,True,True
1999-01-03,1998-12-31,395712.94981,0,0,,,True,0.11231,True,True,0.35497,True,391328.44899,430476.52297,430476.52297,0.0,1.0,0.0,False,False,0,0,,,True,True
1999-01-10,1999-01-08,420808.59327,2,0,sell:QLD:26835;buy:SGOV:64818,idle_cash_to_sgov;rebalance,True,0.14966,True,True,0.43686,True,414747.53108,453933.07081,453933.07081,0.0,1.0,0.0,False,False,0,0,,,True,True
1999-01-17,1999-01-15,415863.97488,0,0,,,True,0.11747,True,True,0.42354,True,409943.14281,449161.47964,453933.07081,0.01051,1.0,0.0,False,False,0,0,,,True,True
1999-01-24,1999-01-22,410854.12366,0,0,,,True,0.09878,True,True,0.39528,True,404661.71642,443912.39231,453933.07081,0.02208,1.0,0.0,False,False,0,0,,,True,True
1999-01-31,1999-01-29,437250.72822,0,0,,,True,0.14393,True,True,0.4884,True,433389.8996,472673.03979,472673.03979,0.0,1.0,0.0,False,False,2,0,sell:QLD:29826;buy:SGOV:64143,idle_cash_to_sgov;rebalance,True,True
1999-02-07,1999-02-05,414944.86855,0,0,,,True,0.10459,True,True,0.37184,True,412826.02675,452142.21805,472673.03979,0.04344,1.0,0.0,False,False,0,0,,,True,True
1999-02-14,1999-02-12,409443.69259,0,0,,,True,0.09304,True,True,0.33403,True,407776.64995,447125.97404,472673.03979,0.05405,1.0,0.0,False,False,0,0,,,True,True
1999-02-21,1999-02-19,408010.72604,0,0,,,True,0.09882,True,True,0.30373,True,406640.32671,446023.03631,472673.03979,0.05638,1.0,0.0,False,False,0,0,,,True,True
1999-02-28,1999-02-26,406923.2999,0,0,,,True,0.09439,True,True,0.28345,True,405667.35753,445084.01178,472673.03979,0.05837,1.0,0.0,False,False,0,0,,,True,True
1999-03-07,1999-03-05,417377.37326,0,0,,,True,0.12398,True,True,0.29866,True,415586.29958,455037.24106,472673.03979,0.03731,1.0,0.0,False,False,0,0,,,True,True
1999-03-14,1999-03-12,424517.83989,0,0,,,True,0.13627,True,True,0.30691,True,422287.59241,461772.52649,472673.03979,0.02306,1.0,0.0,False,False,0,0,,,True,True
1999-03-21,1999-03-19,429792.88747,0,0,,,True,0.13505,True,True,0.31702,True,427097.20307,466615.79098,472673.03979,0.01281,1.0,0.0,False,False,0,0,,,True,True
1999-03-28,1999-03-26,427974.66628,0,0,,,True,0.11652,True,True,0.30846,True,425231.51946,464783.37824,472673.03979,0.01669,1.0,0.0,False,False,0,0,,,True,True
1999-04-04,1999-04-01,438146.18006,0,0,,,True,0.12196,True,True,0.34236,True,434519.31455,474099.66834,474099.66834,0.0,1.0,0.0,False,False,0,0,,,True,True
1999-04-11,1999-04-09,457016.31423,0,0,,,True,0.16368,True,True,0.37558,True,452266.95703,491884.63686,491884.63686,0.0,1.0,0.0,False,False,0,0,,,True,True
1999-04-18,1999-04-16,435319.62963,0,0,,,True,0.1334,True,True,0.26965,True,432393.25832,472043.1846,491884.63686,0.04034,1.0,0.0,False,False,0,0,,,True,True
1999-04-25,1999-04-23,454413.93398,0,0,,,True,0.16157,True,True,0.32996,True,450078.26066,489760.41621,491884.63686,0.00432,1.0,0.0,False,False,0,0,,,True,True
1999-05-02,1999-04-30,442176.35081,0,0,,,True,0.13857,True,True,0.27083,True,438801.36523,478516.62478,491884.63686,0.02718,1.0,0.0,False,False,0,0,,,True,True
1999-05-09,1999-05-07,441431.69363,0,0,,,True,0.14292,True,True,0.24733,True,438295.99473,478045.24601,491884.63686,0.02814,1.0,0.0,False,False,0,0,,,True,True
1999-05-16,1999-05-14,440779.75715,0,0,,,True,0.1316,True,True,0.23778,True,437623.51471,477406.92845,491884.63686,0.02943,1.0,0.0,False,False,0,0,,,True,True
1999-05-23,1999-05-21,438150.01677,0,0,,,True,0.11977,True,True,0.21748,True,435172.52211,474990.37853,491884.63686,0.03435,1.0,0.0,False,False,0,0,,,True,True
1999-05-30,1999-05-28,430284.15502,0,0,,,True,0.09094,True,True,0.19134,True,427710.49956,467562.74117,491884.63686,0.04945,1.0,0.0,False,False,0,0,,,True,True
1999-06-06,1999-06-04,436329.59378,0,0,,,True,0.1085,True,True,0.19304,True,433530.02463,473417.00703,491884.63686,0.03754,1.0,0.0,False,False,0,0,,,True,True
1999-06-13,1999-06-11,425385.79674,0,0,,,True,0.07502,True,True,0.15462,True,423241.14027,463162.25044,491884.63686,0.05839,1.0,0.0,False,False,0,0,,,True,True
1999-06-20,1999-06-18,448379.97115,0,0,,,True,0.10898,True,True,0.21994,True,444586.59939,484542.75297,491884.63686,0.01493,1.0,0.0,False,False,0,0,,,True,True
1999-06-27,1999-06-25,441174.43349,0,0,,,True,0.07879,True,True,0.19286,True,437734.19893,477725.41577,491884.63686,0.02879,1.0,0.0,False,False,0,0,,,True,True
1999-07-04,1999-07-02,472126.51023,0,0,,,True,0.13303,True,True,0.26409,True,466633.6223,506660.52519,506660.52519,0.0,1.0,0.0,False,False,0,0,,,True,True
1999-07-11,1999-07-09,479515.35317,0,0,,,True,0.13597,True,True,0.27405,True,473468.29197,513530.09885,513530.09885,0.0,1.0,0.0,False,False,0,0,,,True,True
1999-07-18,1999-07-16,490015.77584,0,0,,,True,0.14035,True,True,0.29171,True,483137.04849,523233.97839,523233.97839,0.0,1.0,0.0,False,False,0,0,,,True,True
1999-07-25,1999-07-23,460035.90309,0,0,,,True,0.08237,True,True,0.19206,True,455324.72311,495456.40006,523233.97839,0.05309,1.0,0.0,False,False,0,0,,,True,True
1999-08-01,1999-07-30,451245.78324,0,0,,,True,0.05215,True,True,0.15951,True,447041.89739,487208.63761,523233.97839,0.06885,1.0,0.0,False,False,0,0,,,True,True
1999-08-08,1999-08-06,439982.73712,0,0,,,True,0.02422,True,True,0.11602,True,436556.2804,476758.76421,523233.97839,0.08882,1.0,0.0,False,False,0,0,,,True,True
1999-08-15,1999-08-13,454430.05514,0,0,,,True,0.04108,True,True,0.15123,True,449918.17626,490156.9976,523233.97839,0.06322,1.0,0.0,False,False,0,0,,,True,True
1999-08-22,1999-08-20,456633.34771,0,0,,,True,0.04321,True,True,0.14221,True,452042.10658,492316.6143,523233.97839,0.05909,1.0,0.0,False,False,0,0,,,True,True
1999-08-29,1999-08-27,468157.96404,0,0,,,True,0.04755,True,True,0.17154,True,462555.41769,502866.69241,523233.97839,0.03893,1.0,0.0,False,False,0,0,,,True,True
1999-09-05,1999-09-03,481431.40434,1,0,sell:QLD:30469,rebalance,True,0.05039,True,True,0.20851,True,474596.271,514944.90986,523233.97839,0.01584,1.0,0.0,False,False,0,0,,,True,True
1999-09-12,1999-09-10,483089.4113,0,0,,,True,0.04306,True,True,0.21088,True,476566.25152,516951.57909,523233.97839,0.01201,1.0,0.0,False,False,0,0,,,True,True
1999-09-19,1999-09-17,480280.05715,0,0,,,True,0.02755,True,True,0.19916,True,473763.33537,514184.50139,523233.97839,0.0173,1.0,0.0,False,False,0,0,,,True,True
1999-09-26,1999-09-24,457832.88955,1,0,buy:SGOV:133426,idle_cash_to_sgov,False,-0.01955,True,True,0.12318,True,449797.77182,490254.63083,523233.97839,0.06303,1.0,0.0,False,False,1,0,buy:SGOV:101241,idle_cash_to_sgov,False,True
1999-10-03,1999-10-01,458421.3843,0,0,,,False,-0.01756,True,True,0.11561,True,450400.85659,490894.05011,523233.97839,0.06181,1.0,0.0,False,False,0,0,,,False,True
1999-10-10,1999-10-08,472600.06555,2,0,sell:SGOV:131278;buy:SSO:118150,fund_buys;switch_on,True,0.02066,True,True,0.17493,True,466265.00968,506794.83673,523233.97839,0.03142,1.0,0.0,False,False,2,0,sell:SGOV:129518;buy:SSO:116566,fund_buys;switch_on,True,True
1999-10-17,1999-10-15,449286.52064,1,0,buy:SGOV:122347,idle_cash_to_sgov,False,-0.04817,True,True,0.0968,True,441260.05404,481826.72561,523233.97839,0.07914,1.0,0.0,False,False,1,0,buy:SGOV:120707,idle_cash_to_sgov,False,True
1999-10-24,1999-10-22,456770.89281,0,0,,,False,-0.00733,True,True,0.12749,True,449604.8144,490209.98775,523233.97839,0.06312,1.0,0.0,False,False,0,0,,,False,True
1999-10-31,1999-10-29,471172.25283,2,0,sell:SGOV:130881;buy:SSO:117793,fund_buys;switch_on,True,0.03801,True,True,0.18863,True,465717.22735,506360.90561,523233.97839,0.03225,1.0,0.0,False,False,3,0,sell:QLD:29593;sell:SGOV:99773;buy:SSO:116429,fund_buys;rebalance;switch_on,True,True
1999-11-07,1999-11-05,484106.13881,0,0,,,True,0.04128,True,True,0.23248,True,477412.67956,518095.12207,523233.97839,0.00982,1.0,0.0,False,False,0,0,,,True,True
1999-11-14,1999-11-12,502462.05243,0,0,,,True,0.05842,True,True,0.28127,True,494292.17215,535013.80631,535013.80631,0.0,1.0,0.0,False,False,0,0,,,True,True
1999-11-21,1999-11-19,522058.567,1,0,sell:QLD:39744,rebalance,True,0.07492,True,True,0.33031,True,512283.90933,553045.35342,553045.35342,0.0,1.0,0.0,False,False,0,0,,,True,True
1999-11-28,1999-11-26,528518.65541,0,0,,,True,0.06794,True,True,0.35601,True,519976.90251,560778.26172,560778.26172,0.0,1.0,0.0,False,False,0,0,,,True,True
1999-12-05,1999-12-03,535967.70614,0,0,,,True,0.077,True,True,0.36346,True,528091.81931,568933.39078,568933.39078,0.0,1.0,0.0,False,False,1,0,sell:QLD:34010,rebalance,True,True
1999-12-12,1999-12-10,535687.40439,0,0,,,True,0.06167,True,True,0.35917,True,527658.14478,568539.59863,568933.39078,0.00069,1.0,0.0,False,False,0,0,,,True,True
1999-12-19,1999-12-17,550504.59734,0,0,,,True,0.06124,True,True,0.40559,True,541477.39536,582399.51034,582399.51034,0.0,1.0,0.0,False,False,0,0,,,True,True
1999-12-26,1999-12-23,579337.76852,0,0,,,True,0.08667,True,True,0.4836,True,568669.72594,609627.77326,609627.77326,0.0,1.0,0.0,False,False,0,0,,,True,True
2000-01-02,1999-12-31,593087.61341,2,0,sell:QLD:43940;buy:SGOV:96906,idle_cash_to_sgov;rebalance,True,0.09159,True,True,0.50741,True,581576.80559,622581.93386,622581.93386,0.0,1.0,0.0,False,False,0,0,,,True,True
2000-01-09,2000-01-07,573367.55581,0,0,,,True,0.06824,True,True,0.41319,True,557733.59936,598779.83781,622581.93386,0.03823,1.0,0.0,False,False,0,0,,,True,True
2000-01-16,2000-01-14,590090.89642,0,0,,,True,0.0827,True,True,0.46147,True,576775.43194,617862.96806,622581.93386,0.00758,1.0,0.0,False,False,0,0,,,True,True
2000-01-23,2000-01-21,597375.00328,0,0,,,True,0.0632,True,True,0.49987,True,586301.47534,627430.57344,627430.57344,0.0,1.0,0.0,False,False,2,0,sell:QLD:41643;buy:SGOV:88775,idle_cash_to_sgov;rebalance,True,True
2000-01-30,2000-01-28,550854.05492,0,0,,,True,0.00232,True,True,0.32394,True,542827.16547,583998.51293,627430.57344,0.06922,1.0,0.0,False,False,0,0,,,True,True
2000-02-06,2000-02-04,594342.19957,0,0,,,True,0.04789,True,True,0.46497,True,584119.50397,625334.25044,627430.57344,0.00334,1.0,0.0,False,False,0,0,,,True,True
2000-02-13,2000-02-11,594909.44174,0,0,,,True,0.01933,True,True,0.47539,True,584319.7419,625577.9557,627430.57344,0.00295,1.0,0.0,False,False,0,0,,,True,True
2000-02-20,2000-02-18,587126.05431,2,0,sell_all:SSO:112187;buy:SGOV:111847,idle_cash_to_sgov;switch_off,False,-0.0116,True,True,0.44874,True,576680.03386,617981.95318,627430.57344,0.01506,1.0,0.0,False,False,2,0,sell_all:SSO:110888;buy:SGOV:110543,idle_cash_to_sgov;switch_off,False,True
2000-02-27,2000-02-25,604811.51819,0,0,,,False,-0.02092,True,True,0.50471,True,593257.47195,634603.7517,634603.7517,0.0,1.0,0.0,False,False,0,0,,,False,True
2000-03-05,2000-03-03,627906.61455,3,0,sell:QLD:46370;sell:SGOV:127520;buy:SSO:156977,fund_buys;rebalance;switch_on,True,0.03413,True,True,0.56994,True,614899.10328,656289.93002,656289.93002,0.0,1.0,0.0,False,False,2,0,sell:SGOV:170283;buy:SSO:153725,fund_buys;switch_on,True,True
2000-03-12,2000-03-10,626366.36845,2,0,sell:SGOV:11445;buy:SSO:156592,fund_buys;switch_on,True,0.02248,True,True,0.587,True,615550.47461,656986.16874,656986.16874,0.0,1.0,0.0,False,False,2,0,sell:QLD:48406;buy:SSO:153888,rebalance;switch_on,True,True
2000-03-19,2000-03-17,606761.31061,2,0,sell:SGOV:2622;buy:SSO:151690,fund_buys;switch_on,True,0.07105,True,True,0.50677,True,596967.36415,638448.38329,656986.16874,0.02822,1.0,0.0,False,False,1,0,buy:SSO:149242,switch_on,True,True
2000-03-26,2000-03-24,636952.91415,0,0,,,True,0.11343,True,True,0.56003,True,625619.35446,667145.97569,667145.97569,0.0,1.0,0.0,False,False,0,0,,,True,True
2000-04-02,2000-03-31,609051.89341,0,0,,,True,0.08854,True,True,0.43411,True,599546.78079,641119.00865,667145.97569,0.03901,1.0,0.0,False,False,0,0,,,True,True
2000-04-09,2000-04-07,604326.42456,0,0,,,True,0.09814,True,True,0.3783,True,595449.47967,637067.21607,667145.97569,0.04509,1.0,0.0,False,False,0,0,,,True,True
2000-04-16,2000-04-14,507090.02386,3,0,sell_all:SSO:128689;buy:QLD:49622;buy:SGOV:95352,idle_cash_to_sgov;rebalance;switch_off,False,-0.01941,True,True,0.01888,True,503833.41597,545496.64225,667145.97569,0.18234,0.87871,-0.12129,False,False,3,0,sell_all:SSO:126612;buy:QLD:39610;buy:SGOV:137046,governor_restore;idle_cash_to_sgov;switch_off,False,True
2000-04-23,2000-04-20,530392.14077,2,0,sell:SGOV:146726;buy:SSO:132598,fund_buys;switch_on,True,0.03645,True,True,0.10465,True,524194.61806,565896.55175,667145.97569,0.15177,0.99338,0.11467,False,False,3,1,sell:QLD:534;sell:SGOV:143516;buy:SSO:130181,fund_buys;rebalance;switch_on,True,True
2000-04-30,2000-04-28,555203.00585,0,0,,,True,0.0483,True,True,0.17803,True,546136.96353,587890.26372,667145.97569,0.1188,1.0,0.00662,False,False,0,0,,,True,True
2000-05-07,2000-05-05,542886.84296,0,0,,,True,0.03316,True,True,0.14012,True,535038.35322,576837.28008,667145.97569,0.13537,1.0,0.0,False,False,0,0,,,True,True
2000-05-14,2000-05-12,501561.99079,3,0,sell:SGOV:11191;buy:SSO:125390;buy:QLD:125390,fund_buys;switch_on,True,0.02373,True,True,0.04395,True,498158.34742,540004.38351,667145.97569,0.19058,0.84784,-0.15216,False,False,3,0,buy:SSO:105590;buy:QLD:105590;buy:SGOV:36749,idle_cash_to_sgov;switch_on,True,True
2000-05-21,2000-05-19,487691.39544,2,0,sell_all:QLD:114013;buy:SGOV:141339,idle_cash_to_sgov;switch_off,True,0.01141,True,False,-0.01006,True,486564.22949,528457.82936,667145.97569,0.20788,0.78294,-0.0649,False,False,1,0,sell_all:QLD:96009,switch_off,True,False
2000-05-28,2000-05-26,482887.62172,0,0,,,True,-0.011,True,False,-0.06499,True,482602.44905,524542.10458,667145.97569,0.21375,0.76093,-0.02201,False,False,0,0,,,True,False
2000-06-04,2000-06-02,500496.5659,2,0,sell:SGOV:138432;buy:QLD:125124,fund_buys;switch_on,True,0.05858,True,True,0.12421,True,497512.46286,539497.23264,667145.97569,0.19134,0.84499,0.08406,False,False,2,0,sell:SGOV:20538;buy:QLD:105098,fund_buys;switch_on,True,True
2000-06-11,2000-06-09,497713.65614,0,0,,,True,0.04197,True,True,0.11435,True,495251.22302,537282.17172,667145.97569,0.19466,0.83254,-0.01245,False,False,0,0,,,True,True
2000-06-18,2000-06-16,500370.07538,0,0,,,True,0.04494,True,True,0.11146,True,497569.31258,539646.32958,667145.97569,0.19111,0.84583,0.01329,False,False,0,0,,,True,True
2000-06-25,2000-06-23,488805.98693,0,0,,,True,0.02629,True,True,0.07055,True,487930.21237,530052.86363,667145.97569,0.20549,0.79191,-0.05392,False,False,0,0,,,True,True
2000-07-02,2000-06-30,495855.38606,0,0,,,True,0.03346,True,True,0.08359,True,493939.92647,536108.44627,667145.97569,0.19642,0.82594,0.03404,False,False,0,0,,,True,True
2000-07-09,2000-07-07,504914.86528,0,0,,,True,0.04863,True,True,0.09797,True,501643.72488,543858.82124,667145.97569,0.1848,0.86951,0.04356,False,False,0,0,,,True,True
2000-07-16,2000-07-14,523854.7227,0,0,,,True,0.06664,True,True,0.14308,True,517651.76804,559914.80146,667145.97569,0.16073,0.95976,0.09025,False,False,3,1,sell:SGOV:1220;buy:SSO:6790;buy:QLD:4887,fund_buys;governor_restore,True,True
2000-07-23,2000-07-21,508620.10799,0,0,,,True,0.04205,True,True,0.09404,True,504300.37058,546611.97487,667145.97569,0.18067,0.88498,-0.07477,False,False,0,0,,,True,True
2000-07-30,2000-07-28,469575.23059,2,0,sell_all:QLD:103822;buy:SGOV:117330,idle_cash_to_sgov;switch_off,True,-0.00277,True,False,-0.0348,True,470048.05541,512408.24003,667145.97569,0.23194,0.69273,-0.19226,False,False,3,0,sell_all:QLD:90777;sell:SSO:28007;buy:SGOV:119491,governor_cut;idle_cash_to_sgov;switch_off,True,False
2000-08-06,2000-08-04,477370.25193,0,0,,,True,0.02427,True,False,-0.00359,True,475385.55396,517794.82766,667145.97569,0.22387,0.723,0.03028,False,False,0,0,,,True,False
2000-08-13,2000-08-11,479224.0037,0,0,,,True,0.02724,True,False,-0.0046,True,476798.96138,519257.55549,667145.97569,0.22167,0.73123,0.00822,False,False,0,0,,,True,False
2000-08-20,2000-08-18,483017.11334,2,0,sell:SGOV:133669;buy:QLD:120754,fund_buys;switch_on,True,0.03864,True,True,0.03184,True,479498.94154,522007.22772,667145.97569,0.21755,0.74668,0.01546,False,False,2,0,sell:SGOV:98873;buy:QLD:89508,fund_buys;switch_on,True,True
2000-08-27,2000-08-25,493289.05205,0,0,,,True,0.04646,True,True,0.05731,True,487071.81566,529629.82879,667145.97569,0.20613,0.78953,0.04285,False,False,0,0,,,True,True
2000-09-03,2000-09-01,506936.21717,0,0,,,True,0.05435,True,True,0.09429,True,497146.91419,539755.00417,667145.97569,0.19095,0.84644,0.05691,False,False,0,0,,,True,True
2000-09-10,2000-09-08,482812.37823,0,0,,,True,0.03497,True,True,0.01324,True,479809.48193,522467.17834,667145.97569,0.21686,0.74927,-0.09717,False,False,0,0,,,True,True
2000-09-17,2000-09-15,468983.03589,2,0,sell_all:QLD:110922;buy:SGOV:123847,idle_cash_to_sgov;switch_off,True,0.01379,True,False,-0.02743,True,470125.20964,512831.62636,667145.97569,0.23131,0.69511,-0.05416,False,False,1,0,sell_all:QLD:82220,switch_off,True,False
2000-09-24,2000-09-22,466110.14013,0,0,,,True,0.00136,True,False,-0.02435,True,468401.45707,511156.83713,667145.97569,0.23382,0.68569,-0.00941,False,False,0,0,,,True,False
2000-10-01,2000-09-29,464150.47072,0,0,,,True,-0.00752,True,False,-0.06131,True,467286.6698,510091.32726,667145.97569,0.23541,0.6797,-0.00599,False,False,0,0,,,True,False
2000-10-08,2000-10-06,459676.38102,2,0,sell_all:SSO:119365;buy:SGOV:119291,idle_cash_to_sgov;switch_off,False,-0.02659,True,False,-0.12912,True,464507.23287,507361.60011,667145.97569,0.2395,0.66436,-0.01534,False,False,2,0,sell_all:SSO:79101;buy:SGOV:171212,idle_cash_to_sgov;switch_off,False,False
2000-10-15,2000-10-13,460174.10772,0,0,,,False,-0.04919,True,False,-0.13554,True,465022.66026,507926.7715,667145.97569,0.23866,0.66754,0.00318,False,False,0,0,,,False,False
2000-10-22,2000-10-20,460710.15677,0,0,,,False,-0.03251,True,False,-0.0866,True,465564.3573,508518.44681,667145.97569,0.23777,0.67086,0.00333,False,False,0,0,,,False,False
2000-10-29,2000-10-27,461254.40979,0,0,,,False,-0.04348,True,False,-0.15911,True,466114.34476,509119.17744,667145.97569,0.23687,0.67424,0.00338,False,False,0,0,,,False,False
2000-11-05,2000-11-03,461801.32924,0,0,,,False,-0.01027,True,False,-0.11708,True,466667.02674,509722.85119,667145.97569,0.23597,0.67763,0.00339,False,False,0,0,,,False,False
2000-11-12,2000-11-10,462351.93639,0,0,,,False,-0.0526,True,False,-0.22924,True,467223.43528,510330.59532,667145.97569,0.23505,0.68105,0.00342,False,False,0,0,,,False,False
2000-11-19,2000-11-17,462900.66414,0,0,,,False,-0.05074,True,False,-0.21326,True,467777.94461,510936.26503,667145.97569,0.23415,0.68445,0.0034,False,False,0,0,,,False,False
2000-11-26,2000-11-24,463449.14145,0,0,,,False,-0.06765,True,False,-0.23624,True,468332.20087,511541.6583,667145.97569,0.23324,0.68785,0.0034,False,False,0,0,,,False,False
2000-12-03,2000-12-01,463993.70617,0,0,,,False,-0.08514,True,False,-0.30531,True,468882.50332,512142.73297,667145.97569,0.23234,0.69123,0.00338,False,False,0,0,,,False,False
2000-12-10,2000-12-08,464526.82386,0,0,,,False,-0.04719,True,False,-0.2038,True,469421.23811,512731.17274,667145.97569,0.23146,0.69454,0.00331,False,False,0,0,,,False,False
2000-12-17,2000-12-15,465053.16698,0,0,,,False,-0.08697,True,False,-0.29324,True,469953.12696,513312.13494,667145.97569,0.23058,0.69781,0.00327,False,False,0,0,,,False,False
2000-12-24,2000-12-22,465562.89027,0,0,,,False,-0.0899,True,False,-0.31276,True,470468.22087,513874.75265,667145.97569,0.22974,0.70097,0.00316,False,False,0,0,,,False,False
2000-12-31,2000-12-29,466040.47003,0,0,,,False,-0.07897,True,False,-0.3324,True,470950.83258,514401.89128,667145.97569,0.22895,0.70393,0.00296,False,False,0,0,,,False,False
2001-01-07,2001-01-05,466543.31878,0,0,,,False,-0.0922,True,False,-0.34566,True,471458.97951,514956.92107,667145.97569,0.22812,0.70705,0.00312,False,False,0,0,,,False,False
2001-01-14,2001-01-12,466996.60346,0,0,,,False,-0.07471,True,False,-0.26525,True,471917.04016,515457.2435,667145.97569,0.22737,0.70986,0.00281,False,False,0,0,,,False,False
2001-01-21,2001-01-19,467461.69471,0,0,,,False,-0.05576,True,False,-0.21398,True,472387.03177,515970.59767,667145.97569,0.2266,0.71275,0.00289,False,False,0,0,,,False,False
2001-01-28,2001-01-26,467920.22858,0,0,,,False,-0.04458,True,False,-0.21294,True,472850.39691,516476.714,667145.97569,0.22584,0.71559,0.00284,False,False,0,0,,,False,False
2001-02-04,2001-02-02,468365.6127,0,0,,,False,-0.0475,True,False,-0.25556,True,473300.47375,516968.31601,667145.97569,0.2251,0.71836,0.00276,False,False,0,0,,,False,False
2001-02-11,2001-02-09,468809.49555,0,0,,,False,-0.07024,True,False,-0.31313,True,473749.03351,517458.26097,667145.97569,0.22437,0.72111,0.00275,False,False,0,0,,,False,False
2001-02-18,2001-02-16,469253.15636,0,0,,,False,-0.07746,True,False,-0.32076,True,474197.36888,517947.96084,667145.97569,0.22364,0.72386,0.00275,False,False,0,0,,,False,False
2001-02-25,2001-02-23,469693.60951,0,0,,,False,-0.1149,True,False,-0.36294,True,474642.46279,518434.12019,667145.97569,0.22291,0.7266,0.00273,False,False,0,0,,,False,False
2001-03-04,2001-03-02,470120.59382,0,0,,,False,-0.12042,True,False,-0.41034,True,475073.94596,518905.41303,667145.97569,0.2222,0.72925,0.00265,False,False,0,0,,,False,False
2001-03-11,2001-03-09,470541.3929,0,0,,,False,-0.11841,True,False,-0.42556,True,475499.17872,519369.8788,667145.97569,0.2215,0.73186,0.00261,False,False,0,0,,,False,False
2001-03-18,2001-03-16,470950.82954,0,0,,,False,-0.17431,True,False,-0.47167,True,475912.92932,519821.80303,667145.97569,0.22083,0.7344,0.00254,False,False,0,0,,,False,False
2001-03-25,2001-03-23,471343.96744,0,0,,,False,-0.17718,True,False,-0.44429,True,476310.20946,520255.73718,667145.97569,0.22018,0.73684,0.00244,False,False,0,0,,,False,False
2001-04-01,2001-03-30,471724.38388,0,0,,,False,-0.1578,True,False,-0.4784,True,476694.6341,520675.62977,667145.97569,0.21955,0.7392,0.00236,False,False,0,0,,,False,False
2001-04-08,2001-04-06,472096.44229,0,0,,,False,-0.17572,True,False,-0.51003,True,477070.61264,521086.297,667145.97569,0.21893,0.7415,0.00231,False,False,0,0,,,False,False
2001-04-15,2001-04-12,472396.83708,0,0,,,False,-0.13186,True,False,-0.4115,True,477374.1725,521417.86402,667145.97569,0.21844,0.74337,0.00186,False,False,0,0,,,False,False
2001-04-22,2001-04-20,472802.70045,0,0,,,False,-0.08433,True,False,-0.32509,True,477784.31218,521865.84418,667145.97569,0.21776,0.74589,0.00252,False,False,0,0,,,False,False
2001-04-29,2001-04-27,473138.28368,0,0,,,False,-0.0727,True,False,-0.35673,True,478123.43124,522236.25117,667145.97569,0.21721,0.74797,0.00208,False,False,0,0,,,False,False
2001-05-06,2001-05-04,473482.14629,0,0,,,False,-0.05851,True,False,-0.30357,True,478470.91689,522615.7967,667145.97569,0.21664,0.7501,0.00213,False,False,0,0,,,False,False
2001-05-13,2001-05-11,473813.27963,0,0,,,False,-0.07032,True,False,-0.32865,True,478805.53917,522981.29203,667145.97569,0.21609,0.75216,0.00205,False,False,0,0,,,False,False
2001-05-20,2001-05-18,474140.87744,0,0,,,False,-0.03284,True,False,-0.27817,True,479136.58867,523342.88495,667145.97569,0.21555,0.75419,0.00203,False,False,0,0,,,False,False
2001-05-27,2001-05-25,474464.41372,0,0,,,False,-0.04025,True,False,-0.25419,True,479463.53384,523699.99487,667145.97569,0.21501,0.7562,0.00201,False,False,0,0,,,False,False
2001-06-03,2001-06-01,474790.75803,0,0,,,False,-0.05006,True,False,-0.28982,True,479793.31662,524060.20421,667145.97569,0.21447,0.75822,0.00202,False,False,0,0,,,False,False
2001-06-10,2001-06-08,475116.16902,0,0,,,False,-0.04285,True,False,-0.25481,True,480122.15626,524419.38338,667145.97569,0.21394,0.76024,0.00202,False,False,0,0,,,False,False
2001-06-17,2001-06-15,475436.85398,0,0,,,False,-0.07639,True,False,-0.31685,True,480446.22006,524773.34609,667145.97569,0.21341,0.76223,0.00199,False,False,0,0,,,False,False
2001-06-24,2001-06-22,475749.93642,0,0,,,False,-0.06292,True,False,-0.29015,True,480762.60124,525118.91736,667145.97569,0.21289,0.76417,0.00194,False,False,0,0,,,False,False
2001-07-01,2001-06-29,476061.13888,0,0,,,False,-0.05878,True,False,-0.23218,True,481077.08264,525462.41357,667145.97569,0.21237,0.7661,0.00193,False,False,1,0,buy:SGOV:385,idle_cash_to_sgov,False,False
2001-07-08,2001-07-06,476387.67715,0,0,,,False,-0.08133,True,False,-0.2885,True,481407.06142,525822.837,667145.97569,0.21183,0.76813,0.00203,False,False,0,0,,,False,False
2001-07-15,2001-07-13,476711.30988,0,0,,,False,-0.0575,True,False,-0.23713,True,481734.10407,526180.05338,667145.97569,0.2113,0.77014,0.00201,False,False,0,0,,,False,False
2001-07-22,2001-07-20,477033.20233,0,0,,,False,-0.0571,True,False,-0.25468,True,482059.38808,526535.34888,667145.97569,0.21076,0.77213,0.002,False,False,0,0,,,False,False
2001-07-29,2001-07-27,477350.47435,0,0,,,False,-0.05695,True,False,-0.23732,True,482380.00299,526885.54449,667145.97569,0.21024,0.7741,0.00197,False,False,0,0,,,False,False
2001-08-05,2001-08-03,477667.82638,0,0,,,False,-0.04758,True,False,-0.20491,True,482700.69875,527235.82842,667145.97569,0.20971,0.77607,0.00197,False,False,0,0,,,False,False
2001-08-12,2001-08-10,477981.85418,0,0,,,False,-0.06302,True,False,-0.23999,True,483018.03526,527582.44316,667145.97569,0.20919,0.77802,0.00195,False,False,0,0,,,False,False
2001-08-19,2001-08-17,478289.27562,0,0,,,False,-0.08146,True,False,-0.27398,True,483328.69579,527921.76598,667145.97569,0.20869,0.77993,0.00191,False,False,0,0,,,False,False
2001-08-26,2001-08-24,478592.83087,0,0,,,False,-0.05848,True,False,-0.2275,True,483635.4494,528256.82142,667145.97569,0.20818,0.78181,0.00188,False,False,0,0,,,False,False
2001-09-02,2001-08-31,478899.46459,0,0,,,False,-0.09512,True,False,-0.26809,True,483945.31393,528595.27479,667145.97569,0.20768,0.78371,0.0019,False,False,0,0,,,False,False
2001-09-09,2001-09-07,479203.39529,0,0,,,False,-0.12975,True,False,-0.31505,True,484252.44695,528930.74464,667145.97569,0.20717,0.7856,0.00189,False,False,0,0,,,False,False
2001-09-16,2001-09-10,479329.43235,0,0,,,False,-0.12343,True,False,-0.30693,True,484379.81197,529069.86067,667145.97569,0.20697,0.78638,0.00078,False,False,0,0,,,False,False
2001-09-23,2001-09-21,479689.72402,0,0,,,False,-0.21995,True,False,-0.41684,True,484743.8998,529467.54012,667145.97569,0.20637,0.78862,0.00224,False,False,0,0,,,False,False
2001-09-30,2001-09-28,479899.63878,0,0,,,False,-0.15379,True,False,-0.38365,True,484956.0263,529699.23792,667145.97569,0.20602,0.78992,0.0013,False,False,0,0,,,False,False
2001-10-07,2001-10-05,480109.38165,0,0,,,False,-0.12362,True,False,-0.31447,True,485167.97909,529930.74599,667145.97569,0.20567,0.79122,0.0013,False,False,0,0,,,False,False
2001-10-14,2001-10-12,480309.21672,0,0,,,False,-0.1028,True,False,-0.23687,True,485369.91968,530151.31811,667145.97569,0.20534,0.79246,0.00124,False,False,0,0,,,False,False
2001-10-21,2001-10-19,480511.2409,0,0,,,False,-0.11353,True,False,-0.25151,True,485574.07246,530374.30651,667145.97569,0.20501,0.79371,0.00125,False,False,0,0,,,False,False
2001-10-28,2001-10-26,480709.00444,0,0,,,False,-0.08359,True,False,-0.18145,True,485773.9197,530592.59214,667145.97569,0.20468,0.79494,0.00123,False,False,0,0,,,False,False
2001-11-04,2001-11-02,480898.54956,0,0,,,False,-0.09358,True,False,-0.18615,True,485965.46194,530801.80653,667145.97569,0.20437,0.79612,0.00118,False,False,0,0,,,False,False
2001-11-11,2001-11-09,481073.54065,0,0,,,False,-0.06162,True,False,-0.12159,True,486142.2968,530994.9566,667145.97569,0.20408,0.7972,0.00109,False,False,0,0,,,False,False
2001-11-18,2001-11-16,481241.34486,0,0,,,False,-0.04175,True,False,-0.06772,True,486311.86905,531180.17399,667145.97569,0.2038,0.79824,0.00104,False,False,0,0,,,False,False
2001-11-25,2001-11-23,481417.7785,0,0,,,False,-0.02831,True,False,-0.05921,True,486490.16166,531374.9163,667145.97569,0.20351,0.79934,0.00109,False,False,0,0,,,False,False
2001-12-02,2001-11-30,481591.37555,0,0,,,False,-0.03351,True,False,-0.03668,True,486665.58779,531566.52767,667145.97569,0.20322,0.80041,0.00108,False,False,0,0,,,False,False
2001-12-09,2001-12-07,481751.96962,0,0,,,False,-0.01407,True,False,0.01975,True,486827.87393,531743.78672,667145.97569,0.20296,0.80141,0.001,False,False,0,0,,,False,False
2001-12-16,2001-12-14,481904.9602,0,0,,,False,-0.04142,True,False,-0.01535,True,486982.47647,531912.65326,667145.97569,0.2027,0.80236,0.00095,False,False,0,0,,,False,False
2001-12-23,2001-12-21,482060.90464,0,0,,,False,-0.02072,True,False,-0.02745,True,487140.064,532084.7802,667145.97569,0.20245,0.80333,0.00097,False,False,0,0,,,False,False
2001-12-30,2001-12-28,482217.42703,0,0,,,False,-0.00521,True,False,0.00306,True,487298.23556,532257.54505,667145.97569,0.20219,0.8043,0.00097,False,False,0,0,,,False,False
2002-01-06,2002-01-04,482374.66093,2,0,sell:SGOV:133404;buy:QLD:120594,fund_buys;switch_on,False,0.00497,True,True,0.03765,True,487457.12613,532431.09525,667145.97569,0.20193,0.80527,0.00098,False,False,2,0,sell:SGOV:109038;buy:QLD:98134,fund_buys;switch_on,False,True
2002-01-13,2002-01-11,474310.33817,0,0,,,False,-0.01843,True,True,0.01246,True,480925.09882,525913.4613,667145.97569,0.2117,0.76864,-0.03664,False,False,0,0,,,False,True
2002-01-20,2002-01-18,470645.9946,1,0,buy:SGOV:122048,idle_cash_to_sgov,False,-0.03347,True,False,-0.03973,True,477971.72523,522973.59803,667145.97569,0.2161,0.75211,-0.01652,False,False,0,0,,,False,False
2002-01-27,2002-01-25,470792.87622,0,0,,,False,-0.02857,True,False,-0.03445,True,478120.8931,523136.81032,667145.97569,0.21586,0.75303,0.00092,False,False,0,0,,,False,False
2002-02-03,2002-02-01,470946.51504,0,0,,,False,-0.03744,True,False,-0.05313,True,478276.92335,523307.53108,667145.97569,0.2156,0.75399,0.00096,False,False,0,0,,,False,False
2002-02-10,2002-02-08,471102.26885,0,0,,,False,-0.05729,True,False,-0.09582,True,478435.10151,523480.602,667145.97569,0.21534,0.75496,0.00097,False,False,0,0,,,False,False
2002-02-17,2002-02-15,471256.78323,0,0,,,False,-0.04806,True,False,-0.10057,True,478592.02095,523652.29568,667145.97569,0.21509,0.75593,0.00097,False,False,0,0,,,False,False
2002-02-24,2002-02-22,471411.86174,0,0,,,False,-0.05764,True,False,-0.14551,True,478749.51329,523824.6162,667145.97569,0.21483,0.7569,0.00097,False,False,0,0,,,False,False
2002-03-03,2002-03-01,471569.06136,0,0,,,False,-0.01829,True,False,-0.08834,True,478909.15977,523999.29367,667145.97569,0.21457,0.75788,0.00098,False,False,0,0,,,False,False
2002-03-10,2002-03-08,471727.34724,0,0,,,False,0.01212,True,False,-0.00735,True,479069.90941,524175.17818,667145.97569,0.2143,0.75887,0.00099,False,False,0,0,,,False,False
2002-03-17,2002-03-15,471889.30592,0,0,,,False,0.01675,True,False,-0.03817,True,479234.38902,524355.14383,667145.97569,0.21403,0.75988,0.00101,False,False,0,0,,,False,False
2002-03-24,2002-03-22,472053.77716,0,0,,,False,0.00395,True,False,-0.04834,True,479401.4203,524537.90139,667145.97569,0.21376,0.76091,0.00103,False,False,0,0,,,False,False
2002-03-31,2002-03-28,472192.82031,0,0,,,False,0.00509,True,False,-0.05417,True,479542.62769,524692.40371,667145.97569,0.21353,0.76177,0.00087,False,False,0,0,,,False,False
2002-04-07,2002-04-05,472374.86505,0,0,,,False,-0.01377,True,False,-0.09698,True,479727.50601,524894.68864,667145.97569,0.21322,0.76291,0.00114,False,False,0,0,,,False,False
2002-04-14,2002-04-12,472529.92617,0,0,,,False,-0.02196,True,False,-0.10832,True,479884.98069,525066.98984,667145.97569,0.21297,0.76388,0.00097,False,False,0,0,,,False,False
2002-04-21,2002-04-19,472682.96642,0,0,,,False,-0.0073,True,False,-0.08106,True,480040.40306,525237.0455,667145.97569,0.21271,0.76484,0.00096,False,False,0,0,,,False,False
2002-04-28,2002-04-26,472836.96294,0,0,,,False,-0.04758,True,False,-0.16307,True,480196.79657,525408.16373,667145.97569,0.21245,0.7658,0.00096,False,False,0,0,,,False,False
2002-05-05,2002-05-03,472993.98992,0,0,,,False,-0.04772,True,False,-0.19748,True,480356.26772,525582.64936,667145.97569,0.21219,0.76678,0.00098,False,False,0,0,,,False,False
2002-05-12,2002-05-10,473151.069,0,0,,,False,-0.06101,True,False,-0.192,True,480515.79178,525757.19289,667145.97569,0.21193,0.76776,0.00098,False,False,0,0,,,False,False
2002-05-19,2002-05-17,473308.71889,0,0,,,False,-0.0129,True,False,-0.09359,True,480675.89553,525932.37069,667145.97569,0.21167,0.76874,0.00098,False,False,0,0,,,False,False
2002-05-26,2002-05-24,473464.99452,0,0,,,False,-0.03053,True,False,-0.13695,True,480834.60363,526106.02144,667145.97569,0.21141,0.76972,0.00098,False,False,0,0,,,False,False
2002-06-02,2002-05-31,473620.7997,0,0,,,False,-0.04318,True,False,-0.16239,True,480992.83396,526279.14943,667145.97569,0.21115,0.77069,0.00097,False,False,0,0,,,False,False
2002-06-09,2002-06-07,473776.65926,0,0,,,False,-0.07563,True,False,-0.20333,True,481151.11952,526452.33785,667145.97569,0.21089,0.77167,0.00097,False,False,0,0,,,False,False
2002-06-16,2002-06-14,473932.05076,0,0,,,False,-0.09076,True,False,-0.21913,True,481308.92973,526625.00617,667145.97569,0.21063,0.77264,0.00097,False,False,0,0,,,False,False
2002-06-23,2002-06-21,474085.54513,0,0,,,False,-0.1041,True,False,-0.26551,True,481464.81328,526795.56642,667145.97569,0.21037,0.7736,0.00096,False,False,0,0,,,False,False
2002-06-30,2002-06-28,474238.95925,0,0,,,False,-0.10059,True,False,-0.24922,True,481620.61533,526966.03751,667145.97569,0.21012,0.77455,0.00096,False,False,0,0,,,False,False
2002-07-07,2002-07-05,474391.77225,0,0,,,False,-0.09971,True,False,-0.23925,True,481775.80691,527135.84065,667145.97569,0.20986,0.77551,0.00095,False,False,0,0,,,False,False
2002-07-14,2002-07-12,474545.67549,0,0,,,False,-0.1602,True,False,-0.27996,True,481932.10569,527306.85523,667145.97569,0.20961,0.77647,0.00096,False,False,0,0,,,False,False
2002-07-21,2002-07-19,474698.97845,0,0,,,False,-0.22484,True,False,-0.30359,True,482087.79485,527477.2028,667145.97569,0.20935,0.77743,0.00096,False,False,0,0,,,False,False
2002-07-28,2002-07-26,474851.4203,0,0,,,False,-0.21596,True,False,-0.33879,True,482242.6095,527646.59351,667145.97569,0.2091,0.77838,0.00095,False,False,0,0,,,False,False
2002-08-04,2002-08-02,475003.52078,0,0,,,False,-0.20182,True,False,-0.34705,True,482397.07746,527815.60491,667145.97569,0.20885,0.77933,0.00095,False,False,0,0,,,False,False
2002-08-11,2002-08-09,475149.03137,0,0,,,False,-0.15689,True,False,-0.3087,True,482544.85296,527977.29373,667145.97569,0.2086,0.78024,0.00091,False,False,0,0,,,False,False
2002-08-18,2002-08-16,475294.9772,0,0,,,False,-0.13475,True,False,-0.25915,True,482693.07049,528139.46619,667145.97569,0.20836,0.78115,0.00091,False,False,0,0,,,False,False
2002-08-25,2002-08-23,475440.96787,0,0,,,False,-0.12058,True,False,-0.24253,True,482841.33353,528301.68846,667145.97569,0.20812,0.78206,0.00091,False,False,0,0,,,False,False
2002-09-01,2002-08-30,475590.0,0,0,,,False,-0.13982,True,False,-0.28604,True,482992.68539,528467.29036,667145.97569,0.20787,0.78299,0.00093,False,False,0,0,,,False,False
2002-09-08,2002-09-06,475738.94542,0,0,,,False,-0.15654,True,False,-0.29398,True,483143.94918,528632.79591,667145.97569,0.20762,0.78392,0.00093,False,False,0,0,,,False,False
2002-09-15,2002-09-13,475889.11391,0,0,,,False,-0.15549,True,False,-0.28386,True,483296.45509,528799.66051,667145.97569,0.20737,0.78486,0.00094,False,False,0,0,,,False,False
2002-09-22,2002-09-20,476040.37303,0,0,,,False,-0.19243,True,False,-0.31501,True,483450.0686,528967.737,667145.97569,0.20712,0.78581,0.00094,False,False,0,0,,,False,False
2002-09-29,2002-09-27,476188.41894,0,0,,,False,-0.20357,True,False,-0.31273,True,483600.41888,529132.24302,667145.97569,0.20687,0.78673,0.00092,False,False,0,0,,,False,False
2002-10-06,2002-10-04,476331.81307,0,0,,,False,-0.22358,True,False,-0.33813,True,483746.04498,529291.58008,667145.97569,0.20663,0.78763,0.0009,False,False,0,0,,,False,False
2002-10-13,2002-10-11,476475.51153,0,0,,,False,-0.18304,True,False,-0.26585,True,483891.98014,529451.25528,667145.97569,0.20639,0.78852,0.0009,False,False,0,0,,,False,False
2002-10-20,2002-10-18,476620.68975,0,0,,,False,-0.12892,True,False,-0.20058,True,484039.41811,529612.57479,667145.97569,0.20615,0.78943,0.00091,False,False,0,0,,,False,False
2002-10-27,2002-10-25,476771.26716,0,0,,,False,-0.10997,True,False,-0.15559,True,484192.33929,529779.89377,667145.97569,0.2059,0.79037,0.00094,False,False,0,0,,,False,False
2002-11-03,2002-11-01,476911.96234,0,0,,,False,-0.10113,True,False,-0.12422,True,484335.22442,529936.23179,667145.97569,0.20567,0.79125,0.00088,False,False,0,0,,,False,False
2002-11-10,2002-11-08,477035.44836,0,0,,,False,-0.10243,True,False,-0.12392,True,484460.63254,530073.4473,667145.97569,0.20546,0.79202,0.00077,False,False,0,0,,,False,False
2002-11-17,2002-11-15,477145.11042,0,0,,,False,-0.08202,True,False,-0.06741,True,484572.00152,530195.30187,667145.97569,0.20528,0.79271,0.00068,False,False,0,0,,,False,False
2002-11-24,2002-11-22,477254.92844,0,0,,,False,-0.05699,True,False,-0.01116,True,484683.52889,530317.32973,667145.97569,0.2051,0.79339,0.00069,False,False,0,0,,,False,False
2002-12-01,2002-11-29,477365.68665,0,0,,,False,-0.04761,True,False,-0.0047,True,484796.01108,530440.40232,667145.97569,0.20491,0.79408,0.00069,False,False,0,0,,,False,False
2002-12-08,2002-12-06,477475.94787,0,0,,,False,-0.06801,True,False,-0.04283,True,484907.98855,530562.92266,667145.97569,0.20473,0.79477,0.00069,False,False,0,0,,,False,False
2002-12-15,2002-12-13,477585.18786,0,0,,,False,-0.08623,True,False,-0.08924,True,485018.92888,530684.30822,667145.97569,0.20455,0.79545,0.00068,False,False,0,0,,,False,False
2002-12-22,2002-12-20,477694.58371,0,0,,,False,-0.07359,True,False,-0.07162,True,485130.02751,530805.86697,667145.97569,0.20436,0.79614,0.00068,False,False,0,0,,,False,False
2002-12-29,2002-12-27,477802.43332,0,0,,,False,-0.08954,True,False,-0.07801,True,485239.55582,530925.70757,667145.97569,0.20418,0.79681,0.00067,False,False,0,0,,,False,False
2003-01-05,2003-01-03,477910.04551,0,0,,,False,-0.0497,True,False,-0.03825,True,485348.84303,531045.28436,667145.97569,0.204,0.79748,0.00067,False,False,0,0,,,False,False
2003-01-12,2003-01-10,478018.86095,2,0,sell:SGOV:132783;buy:QLD:119505,fund_buys;switch_on,False,-0.02423,True,True,0.02288,True,485459.35221,531166.19817,667145.97569,0.20382,0.79816,0.00068,False,False,2,0,sell:SGOV:6759;buy:QLD:96869,fund_buys;switch_on,False,True
2003-01-19,2003-01-17,460303.72331,1,0,sell_all:QLD:101709,switch_off,False,-0.04589,True,False,-0.03458,True,471121.81574,516838.98103,667145.97569,0.2253,0.71763,-0.08053,False,False,1,0,sell_all:QLD:82444,switch_off,False,False
2003-01-26,2003-01-24,461446.88022,1,0,buy:SGOV:116056,idle_cash_to_sgov,False,-0.08386,True,False,-0.04841,True,472070.22128,517797.54524,667145.97569,0.22386,0.72302,0.00539,False,False,0,0,,,False,False
2003-02-02,2003-01-31,461548.65965,0,0,,,False,-0.08358,True,False,-0.05246,True,472174.34385,517911.7537,667145.97569,0.22369,0.72366,0.00064,False,False,0,0,,,False,False
2003-02-09,2003-02-07,461650.96739,0,0,,,False,-0.10505,True,False,-0.06899,True,472279.0069,518026.55499,667145.97569,0.22352,0.72431,0.00065,False,False,0,0,,,False,False
2003-02-16,2003-02-14,461753.04482,0,0,,,False,-0.09328,True,False,-0.03756,True,472383.43433,518141.09784,667145.97569,0.22335,0.72495,0.00064,False,False,0,0,,,False,False
2003-02-23,2003-02-21,461856.02912,0,0,,,False,-0.07444,True,False,-0.00099,True,472488.78952,518256.65831,667145.97569,0.22317,0.7256,0.00065,False,False,0,0,,,False,False
2003-03-02,2003-02-28,461960.55648,0,0,,,False,-0.07599,True,False,-0.00075,True,472595.72329,518373.95028,667145.97569,0.223,0.72626,0.00066,False,False,0,0,,,False,False
2003-03-09,2003-03-07,462064.47453,0,0,,,False,-0.08276,True,False,-0.0158,True,472702.03372,518490.55852,667145.97569,0.22282,0.72691,0.00066,False,False,0,0,,,False,False
2003-03-16,2003-03-14,462160.94578,2,0,sell:SGOV:128378;buy:QLD:115540,fund_buys;switch_on,False,-0.07107,True,True,0.03449,True,472800.72591,518598.81058,667145.97569,0.22266,0.72752,0.00061,False,False,2,0,sell:SGOV:1329;buy:QLD:85993,fund_buys;switch_on,False,True
2003-03-23,2003-03-21,478505.99834,0,0,,,False,0.0036,True,True,0.10051,True,484993.65974,530801.62002,667145.97569,0.20437,0.79611,0.06859,False,False,0,0,,,False,True
2003-03-30,2003-03-28,467262.20053,0,0,,,False,-0.02833,True,True,0.05576,True,476653.78553,522471.89968,667145.97569,0.21686,0.74929,-0.04682,False,False,0,0,,,False,True
2003-04-06,2003-04-04,467896.82346,0,0,,,False,-0.00677,True,True,0.06182,True,477153.59103,522981.4721,667145.97569,0.21609,0.75216,0.00286,False,False,0,0,,,False,True
2003-04-13,2003-04-11,462238.94738,0,0,,,False,-0.0155,True,True,0.03713,True,472970.0757,518807.72579,667145.97569,0.22235,0.7287,-0.02346,False,False,0,0,,,False,True
2003-04-20,2003-04-17,475364.23648,0,0,,,False,0.01516,True,True,0.09419,True,482763.3699,528609.73598,667145.97569,0.20766,0.78379,0.0551,False,False,0,0,,,False,True
2003-04-27,2003-04-25,475163.75941,2,0,sell:SGOV:119135;buy:SSO:118791,fund_buys;switch_on,True,0.02262,True,True,0.09124,True,482646.81056,528504.78368,667145.97569,0.20781,0.7832,-0.00059,False,False,2,0,sell:SGOV:95436;buy:SSO:94503,fund_buys;switch_on,True,True
2003-05-04,2003-05-02,496220.95108,0,0,,,True,0.05806,True,True,0.1418,True,498773.69559,544641.46927,667145.97569,0.18362,0.87391,0.0907,False,False,0,0,,,True,True
2003-05-11,2003-05-09,498725.54129,0,0,,,True,0.05911,True,True,0.14364,True,500709.91975,546587.30755,667145.97569,0.18071,0.88484,0.01094,False,False,3,1,sell:SGOV:4773;buy:SSO:8893;buy:QLD:4856,fund_buys;governor_restore,True,True
2003-05-18,2003-05-16,504442.33874,0,0,,,True,0.06957,True,True,0.14846,True,505464.96974,551351.7851,667145.97569,0.17357,0.91163,0.02678,False,False,0,0,,,True,True
2003-05-25,2003-05-23,494924.25114,0,0,,,True,0.05517,True,True,0.11795,True,497799.05592,543694.97388,667145.97569,0.18504,0.86859,-0.04304,False,False,0,0,,,True,True
2003-06-01,2003-05-30,520194.25294,0,0,,,True,0.08819,True,True,0.17926,True,518219.44214,564124.77879,667145.97569,0.15442,0.98342,0.11484,False,False,0,0,,,True,True
2003-06-08,2003-06-06,530916.5544,0,0,,,True,0.114,True,True,0.18797,True,527187.8822,573102.65216,667145.97569,0.14096,1.0,0.01658,False,False,3,1,sell:SGOV:16047;buy:SSO:7862;buy:QLD:7956,fund_buys;governor_restore,True,True
2003-06-15,2003-06-13,528539.38038,0,0,,,True,0.11364,True,True,0.17331,True,525328.14598,571251.55857,667145.97569,0.14374,1.0,0.0,False,False,0,0,,,True,True
2003-06-22,2003-06-20,535322.18902,0,0,,,True,0.11847,True,True,0.1836,True,531138.35634,577069.21778,667145.97569,0.13502,1.0,0.0,False,False,0,0,,,True,True
2003-06-29,2003-06-27,524726.10276,0,0,,,True,0.09409,True,True,0.15836,True,521852.23836,567790.47434,667145.97569,0.14893,1.0,0.0,False,False,0,0,,,True,True
2003-07-06,2003-07-03,534093.23516,0,0,,,True,0.10228,True,True,0.17637,True,529872.91486,575817.64544,667145.97569,0.13689,1.0,0.0,False,False,0,0,,,True,True
2003-07-13,2003-07-11,550541.128,1,0,sell:QLD:38080,rebalance,True,0.11128,True,True,0.21122,True,543849.79716,589803.27669,667145.97569,0.11593,1.0,0.0,False,False,0,0,,,True,True
2003-07-20,2003-07-18,545623.08655,0,0,,,True,0.10108,True,True,0.18007,True,537644.95606,583606.2041,667145.97569,0.12522,1.0,0.0,False,False,0,0,,,True,True
2003-07-27,2003-07-25,550817.91809,0,0,,,True,0.1015,True,True,0.18518,True,542911.50513,588880.69931,667145.97569,0.11731,1.0,0.0,False,False,0,0,,,True,True
2003-08-03,2003-08-01,542446.81451,0,0,,,True,0.07628,True,True,0.16166,True,534811.99739,580789.44138,667145.97569,0.12944,1.0,0.0,False,False,0,0,,,True,True
2003-08-10,2003-08-08,529609.33002,0,0,,,True,0.07081,True,True,0.10224,True,521438.74885,567424.43153,667145.97569,0.14947,1.0,0.0,False,False,0,0,,,True,True
2003-08-17,2003-08-15,543040.07444,0,0,,,True,0.08224,True,True,0.1377,True,535024.53685,581018.49751,667145.97569,0.1291,1.0,0.0,False,False,0,0,,,True,True
2003-08-24,2003-08-22,554488.24597,0,0,,,True,0.08191,True,True,0.17637,True,546952.11212,592954.33964,667145.97569,0.11121,1.0,0.0,False,False,0,0,,,True,True
2003-08-31,2003-08-29,566963.27184,0,0,,,True,0.09511,True,True,0.20112,True,559472.4922,605483.31579,667145.97569,0.09243,1.0,0.0,False,False,0,0,,,True,True
2003-09-07,2003-09-05,575574.11152,0,0,,,True,0.10664,True,True,0.21271,True,567989.47623,614008.74612,667145.97569,0.07965,1.0,0.0,False,False,0,0,,,True,True
2003-09-14,2003-09-12,573529.54203,0,0,,,True,0.10071,True,True,0.20174,True,565945.79886,611973.37798,667145.97569,0.0827,1.0,0.0,False,False,0,0,,,True,True
2003-09-21,2003-09-19,586508.52689,0,0,,,True,0.11678,True,True,0.22501,True,578888.74451,624924.57131,667145.97569,0.06329,1.0,0.0,False,False,0,0,,,True,True
2003-09-28,2003-09-26,555645.85637,0,0,,,True,0.07121,True,True,0.14451,True,548025.94682,594069.97232,667145.97569,0.10954,1.0,0.0,False,False,0,0,,,True,True
2003-10-05,2003-10-03,579682.94251,0,0,,,True,0.10334,True,True,0.19426,True,571996.46924,618048.68228,667145.97569,0.07359,1.0,0.0,False,False,0,0,,,True,True
2003-10-12,2003-10-10,588978.92448,0,0,,,True,0.10785,True,True,0.2101,True,581419.15906,627479.39705,667145.97569,0.05946,1.0,0.0,False,False,0,0,,,True,True
2003-10-19,2003-10-17,586664.14997,0,0,,,True,0.10449,True,True,0.19021,True,578941.99208,625010.21856,667145.97569,0.06316,1.0,0.0,False,False,0,0,,,True,True
2003-10-26,2003-10-24,577885.2776,0,0,,,True,0.09004,True,True,0.16187,True,570145.91107,616222.2789,667145.97569,0.07633,1.0,0.0,False,False,0,0,,,True,True
2003-11-02,2003-10-31,594923.23174,0,0,,,True,0.10957,True,True,0.19233,True,587160.53407,633245.1962,667145.97569,0.05081,1.0,0.0,False,False,0,0,,,True,True
2003-11-09,2003-11-07,600426.89493,0,0,,,True,0.10719,True,True,0.19878,True,592826.52473,638919.48265,667145.97569,0.04231,1.0,0.0,False,False,0,0,,,True,True
2003-11-16,2003-11-14,592514.84612,0,0,,,True,0.09847,True,True,0.16399,True,584622.64852,630723.90372,667145.97569,0.05459,1.0,0.0,False,False,0,0,,,True,True
2003-11-23,2003-11-21,579859.31472,0,0,,,True,0.07725,True,True,0.12632,True,571941.42057,618050.92402,667145.97569,0.07359,1.0,0.0,False,False,0,0,,,True,True
2003-11-30,2003-11-28,598396.21876,0,0,,,True,0.09584,True,True,0.15941,True,590483.85938,636601.53672,667145.97569,0.04578,1.0,0.0,False,False,0,0,,,True,True
2003-12-07,2003-12-05,595228.74163,0,0,,,True,0.09294,True,True,0.13551,True,587021.88585,633147.66273,667145.97569,0.05096,1.0,0.0,False,False,0,0,,,True,True
2003-12-14,2003-12-12,601357.02147,0,0,,,True,0.09941,True,True,0.13447,True,592939.80435,639073.55581,667145.97569,0.04208,1.0,0.0,False,False,0,0,,,True,True
2003-12-21,2003-12-19,607856.7998,0,0,,,True,0.10714,True,True,0.13198,True,599164.18707,645305.77544,667145.97569,0.03274,1.0,0.0,False,False,0,0,,,True,True
2003-12-28,2003-12-26,614206.7268,0,0,,,True,0.1081,True,True,0.1377,True,605535.21181,651684.5246,667145.97569,0.02318,1.0,0.0,False,False,0,0,,,True,True
2004-01-04,2004-01-02,622980.73252,0,0,,,True,0.11517,True,True,0.14597,True,614200.74074,660357.91835,667145.97569,0.01017,1.0,0.0,False,False,0,0,,,True,True
2004-01-11,2004-01-09,641038.99877,0,0,,,True,0.1216,True,True,0.18031,True,632585.15938,678750.27905,678750.27905,0.0,1.0,0.0,False,False,1,0,sell:QLD:40082,rebalance,True,True
2004-01-18,2004-01-16,655087.87225,0,0,,,True,0.13204,True,True,0.19459,True,645055.86628,691228.6005,691228.6005,0.0,1.0,0.0,False,False,0,0,,,True,True
2004-01-25,2004-01-23,649917.46782,0,0,,,True,0.12782,True,True,0.16861,True,640777.62761,686958.06611,691228.6005,0.00618,1.0,0.0,False,False,0,0,,,True,True
2004-02-01,2004-01-30,636785.97236,0,0,,,True,0.11033,True,True,0.1293,True,629498.95425,675687.31351,691228.6005,0.02248,1.0,0.0,False,False,0,0,,,True,True
2004-02-08,2004-02-06,641824.01833,0,0,,,True,0.11532,True,True,0.12535,True,634047.85093,680244.29684,691228.6005,0.01589,1.0,0.0,False,False,0,0,,,True,True
2004-02-15,2004-02-13,639381.44076,0,0,,,True,0.11189,True,True,0.1063,True,632110.04459,678314.60388,691228.6005,0.01868,1.0,0.0,False,False,0,0,,,True,True
2004-02-22,2004-02-20,638112.39474,0,0,,,True,0.10545,True,True,0.09863,True,631011.74562,677224.36899,691228.6005,0.02026,1.0,0.0,False,False,0,0,,,True,True
2004-02-29,2004-02-27,635577.30602,0,0,,,True,0.10071,True,True,0.0834,True,628929.7375,675150.64171,691228.6005,0.02326,1.0,0.0,False,False,0,0,,,True,True
2004-03-07,2004-03-05,640112.97392,0,0,,,True,0.10634,True,True,0.0786,True,633075.00961,679304.2848,691228.6005,0.01725,1.0,0.0,False,False,0,0,,,True,True
2004-03-14,2004-03-12,617947.28003,0,0,,,True,0.06681,True,True,0.04277,True,613518.42423,659756.02123,691228.6005,0.04553,1.0,0.0,False,False,0,0,,,True,True
2004-03-21,2004-03-19,606588.11941,0,0,,,True,0.05286,True,True,0.01492,True,603712.57244,649958.46742,691228.6005,0.05971,1.0,0.0,False,False,0,0,,,True,True
2004-03-28,2004-03-26,600475.21039,1,0,buy:QLD:150119,switch_on,True,0.04843,True,True,0.0238,True,598543.78181,644797.87489,691228.6005,0.06717,1.0,0.0,False,False,1,0,buy:QLD:149636,switch_on,True,True
2004-04-04,2004-04-02,624341.87518,0,0,,,True,0.07716,True,True,0.07369,True,621483.79656,667746.16522,691228.6005,0.03397,1.0,0.0,False,False,0,0,,,True,True
2004-04-11,2004-04-08,622435.86336,0,0,,,True,0.07166,True,True,0.06591,True,619646.7674,665916.19619,691228.6005,0.03662,1.0,0.0,False,False,0,0,,,True,True
2004-04-18,2004-04-16,612837.4081,0,0,,,True,0.06337,True,True,0.03483,True,610210.31211,656489.13489,691228.6005,0.05026,1.0,0.0,False,False,0,0,,,True,True
2004-04-25,2004-04-23,624736.351,0,0,,,True,0.06566,True,True,0.0653,True,621930.90892,668218.10048,691228.6005,0.03329,1.0,0.0,False,False,0,0,,,True,True
2004-05-02,2004-04-30,593392.99898,2,0,sell_all:QLD:143226;buy:SGOV:196706,idle_cash_to_sgov;switch_off,True,0.0315,True,False,-0.00564,True,591530.12558,637825.86501,691228.6005,0.07726,1.0,0.0,False,False,2,0,sell_all:QLD:142765;buy:SGOV:162312,idle_cash_to_sgov;switch_off,True,False
2004-05-09,2004-05-07,592177.19695,0,0,,,True,0.02045,True,False,-0.00506,True,590538.13801,636842.51567,691228.6005,0.07868,1.0,0.0,False,False,0,0,,,True,False
2004-05-16,2004-05-14,591441.49533,0,0,,,True,0.01522,True,False,-0.01199,True,589870.53906,636184.12753,691228.6005,0.07963,1.0,0.0,False,False,0,0,,,True,False
2004-05-23,2004-05-21,590827.33871,0,0,,,True,0.01061,True,False,-0.00865,True,589314.45318,635636.9624,691228.6005,0.08042,1.0,0.0,False,False,0,0,,,True,False
2004-05-30,2004-05-28,599628.42005,2,0,sell:SGOV:164315;buy:QLD:149907,fund_buys;switch_on,True,0.03253,True,True,0.02817,True,597419.02092,643750.73187,691228.6005,0.06869,1.0,0.0,False,False,2,0,sell:SGOV:163709;buy:QLD:149355,fund_buys;switch_on,True,True
2004-06-06,2004-06-04,599632.35517,0,0,,,True,0.03182,True,True,0.01768,True,597377.45074,643718.92373,691228.6005,0.06873,1.0,0.0,False,False,0,0,,,True,True
2004-06-13,2004-06-10,609437.37921,0,0,,,True,0.04198,True,True,0.03345,True,606801.59744,653152.30125,691228.6005,0.05508,1.0,0.0,False,False,0,0,,,True,True
2004-06-20,2004-06-18,605396.77232,0,0,,,True,0.03764,True,True,0.01943,True,602818.22652,649182.04951,691228.6005,0.06083,1.0,0.0,False,False,0,0,,,True,True
2004-06-27,2004-06-25,612087.30656,0,0,,,True,0.03449,True,True,0.04089,True,609505.66064,655880.8279,691228.6005,0.05114,1.0,0.0,False,False,0,0,,,True,True
2004-07-04,2004-07-02,605437.6888,0,0,,,True,0.02355,True,True,0.0264,True,603110.10878,649496.80102,691228.6005,0.06037,1.0,0.0,False,False,0,0,,,True,True
2004-07-11,2004-07-09,593248.83618,1,0,buy:SGOV:162426,idle_cash_to_sgov,True,0.0106,True,False,-0.00295,True,591281.90423,637679.94617,691228.6005,0.07747,1.0,0.0,False,False,1,0,buy:SGOV:161828,idle_cash_to_sgov,True,False
2004-07-18,2004-07-16,589595.47762,2,0,sell_all:SSO:176859;buy:SGOV:175975,idle_cash_to_sgov;switch_off,False,-0.00206,True,False,-0.03736,True,587932.73354,634342.25529,691228.6005,0.0823,1.0,0.0,False,False,2,0,sell_all:SSO:162680;buy:SGOV:161866,idle_cash_to_sgov;switch_off,False,False
2004-07-25,2004-07-23,589692.64606,0,0,,,False,-0.01755,True,False,-0.04974,True,588033.73326,634455.081,691228.6005,0.08213,1.0,0.0,False,False,0,0,,,False,False
2004-08-01,2004-07-30,589850.5055,0,0,,,False,-0.00478,True,False,-0.03236,True,588191.14861,634624.92325,691228.6005,0.08189,1.0,0.0,False,False,0,0,,,False,False
2004-08-08,2004-08-06,590013.90273,0,0,,,False,-0.03983,True,False,-0.09042,True,588354.08617,634800.72365,691228.6005,0.08163,1.0,0.0,False,False,0,0,,,False,False
2004-08-15,2004-08-13,590176.05177,0,0,,,False,-0.03985,True,False,-0.09455,True,588515.77906,634975.18111,691228.6005,0.08138,1.0,0.0,False,False,0,0,,,False,False
2004-08-22,2004-08-20,590338.89229,0,0,,,False,-0.01046,True,False,-0.05255,True,588678.16148,635150.38254,691228.6005,0.08113,1.0,0.0,False,False,0,0,,,False,False
2004-08-29,2004-08-27,590508.0868,0,0,,,False,-0.00308,True,False,-0.03659,True,588846.88002,635332.42029,691228.6005,0.08086,1.0,0.0,False,False,0,0,,,False,False
2004-09-05,2004-09-03,590683.9643,0,0,,,False,0.00091,True,False,-0.04751,True,589022.26274,635521.6483,691228.6005,0.08059,1.0,0.0,False,False,0,0,,,False,False
2004-09-12,2004-09-10,590867.66023,0,0,,,False,0.00864,True,False,-0.0192,True,589205.4419,635719.28824,691228.6005,0.08031,1.0,0.0,False,False,0,0,,,False,False
2004-09-19,2004-09-17,591052.87407,0,0,,,False,0.01128,True,False,-0.00996,True,589390.1347,635918.56131,691228.6005,0.08002,1.0,0.0,False,False,0,0,,,False,False
2004-09-26,2004-09-24,591243.9769,0,0,,,False,-0.00636,True,False,-0.02875,True,589580.69992,636124.17038,691228.6005,0.07972,1.0,0.0,False,False,0,0,,,False,False
2004-10-03,2004-10-01,591436.43766,0,0,,,False,0.01169,True,False,0.0085,True,589772.61925,636331.24047,691228.6005,0.07942,1.0,0.0,False,False,0,0,,,False,False
2004-10-10,2004-10-08,591626.52997,0,0,,,False,0.00224,True,False,-0.00741,True,589962.1768,636535.76232,691228.6005,0.07912,1.0,0.0,False,False,0,0,,,False,False
2004-10-17,2004-10-15,591817.33192,0,0,,,False,-0.01051,True,False,-0.00701,True,590152.44199,636741.04768,691228.6005,0.07883,1.0,0.0,False,False,0,0,,,False,False
2004-10-24,2004-10-22,592017.27768,0,0,,,False,-0.02133,True,False,-0.00135,True,590351.82526,636956.17094,691228.6005,0.07852,1.0,0.0,False,False,0,0,,,False,False
2004-10-31,2004-10-29,592227.02524,2,0,sell:SGOV:163672;buy:QLD:148057,fund_buys;switch_on,False,0.00965,True,True,0.03345,True,590560.98277,637181.84004,691228.6005,0.07819,1.0,0.0,False,False,2,0,sell:SGOV:163277;buy:QLD:147640,fund_buys;switch_on,False,True
2004-11-07,2004-11-05,600083.48715,2,0,sell:SGOV:150233;buy:SSO:150021,fund_buys;switch_on,True,0.04164,True,True,0.06092,True,598395.34305,645033.27991,691228.6005,0.06683,1.0,0.0,False,False,2,0,sell:SGOV:149810;buy:SSO:149599,fund_buys;switch_on,True,True
2004-11-14,2004-11-12,611585.97344,0,0,,,True,0.05703,True,True,0.08369,True,609865.47097,656521.46504,691228.6005,0.05021,1.0,0.0,False,False,0,0,,,True,True
2004-11-21,2004-11-19,606542.24063,0,0,,,True,0.04358,True,True,0.07776,True,604835.92694,651510.44552,691228.6005,0.05746,1.0,0.0,False,False,0,0,,,True,True
2004-11-28,2004-11-26,615152.5448,0,0,,,True,0.05393,True,True,0.09483,True,613422.00891,660115.57084,691228.6005,0.04501,1.0,0.0,False,False,0,0,,,True,True
2004-12-05,2004-12-03,624989.74175,0,0,,,True,0.06072,True,True,0.11795,True,623231.53215,669944.58044,691228.6005,0.03079,1.0,0.0,False,False,0,0,,,True,True
2004-12-12,2004-12-10,622049.32972,0,0,,,True,0.05688,True,True,0.10898,True,620299.39198,667032.0756,691228.6005,0.03501,1.0,0.0,False,False,0,0,,,True,True
2004-12-19,2004-12-17,621765.56005,0,0,,,True,0.06122,True,True,0.10043,True,620016.42066,666768.76064,691228.6005,0.03539,1.0,0.0,False,False,0,0,,,True,True
2004-12-26,2004-12-23,629692.16911,0,0,,,True,0.07418,True,True,0.10973,True,627920.73091,674689.71157,691228.6005,0.02393,1.0,0.0,False,False,0,0,,,True,True
2005-01-02,2004-12-31,631743.77032,0,0,,,True,0.07343,True,True,0.11084,True,629966.56061,676757.87876,691228.6005,0.02093,1.0,0.0,False,False,0,0,,,True,True
2005-01-09,2005-01-07,612971.84395,0,0,,,True,0.04862,True,True,0.06892,True,611247.44277,658058.87797,691228.6005,0.04799,1.0,0.0,False,False,0,0,,,True,True
2005-01-16,2005-01-14,611681.93596,0,0,,,True,0.04562,True,True,0.06413,True,609961.16349,656793.23755,691228.6005,0.04982,1.0,0.0,False,False,0,0,,,True,True
2005-01-23,2005-01-21,595536.55745,0,0,,,True,0.03023,True,True,0.02428,True,593861.20464,640714.16995,691228.6005,0.07308,1.0,0.0,False,False,0,0,,,True,True
2005-01-30,2005-01-28,595538.7953,0,0,,,True,0.03254,True,True,0.02117,True,593863.43622,640737.45676,691228.6005,0.07305,1.0,0.0,False,False,0,0,,,True,True
2005-02-06,2005-02-04,610796.90529,0,0,,,True,0.05898,True,True,0.04382,True,609078.62273,655974.59438,691228.6005,0.051,1.0,0.0,False,False,0,0,,,True,True
2005-02-13,2005-02-11,610667.45973,0,0,,,True,0.05948,True,True,0.04037,True,608949.54134,655867.6029,691228.6005,0.05116,1.0,0.0,False,False,0,0,,,True,True
2005-02-20,2005-02-18,606643.80914,0,0,,,True,0.05414,True,True,0.02812,True,604937.20995,651877.97619,691228.6005,0.05693,1.0,0.0,False,False,0,0,,,True,True
2005-02-27,2005-02-25,611574.27469,0,0,,,True,0.0609,True,True,0.03454,True,609853.80532,656817.90405,691228.6005,0.04978,1.0,0.0,False,False,0,0,,,True,True
2005-03-06,2005-03-04,613171.30634,0,0,,,True,0.06755,True,True,0.02821,True,611446.34433,658434.72748,691228.6005,0.04744,1.0,0.0,False,False,0,0,,,True,True
2005-03-13,2005-03-11,604325.5667,0,0,,,True,0.04564,True,True,0.01618,True,602625.48912,649638.20787,691228.6005,0.06017,1.0,0.0,False,False,0,0,,,True,True
2005-03-20,2005-03-18,597340.64336,0,0,,,True,0.03489,True,True,0.0013,True,595660.21551,642697.50152,691228.6005,0.07021,1.0,0.0,False,False,0,0,,,True,True
2005-03-27,2005-03-24,588493.45312,1,0,buy:SGOV:157625,idle_cash_to_sgov,True,0.01824,True,False,-0.00846,True,586837.9138,633896.65982,691228.6005,0.08294,1.0,0.0,False,False,1,0,buy:SGOV:157181,idle_cash_to_sgov,True,False
2005-04-03,2005-04-01,589073.43088,0,0,,,True,0.01859,True,False,-0.0089,True,587416.25998,634503.62112,691228.6005,0.08206,1.0,0.0,False,False,0,0,,,True,False
2005-04-10,2005-04-08,591415.52692,0,0,,,True,0.02472,True,False,0.0018,True,589751.76737,636863.81218,691228.6005,0.07865,1.0,0.0,False,False,0,0,,,True,False
2005-04-17,2005-04-15,581650.52699,1,0,sell_all:SSO:143153,switch_off,False,-0.00944,True,False,-0.04941,True,580014.23775,627150.8759,691228.6005,0.0927,1.0,0.0,False,False,1,0,sell_all:SSO:142750,switch_off,False,False
2005-04-24,2005-04-22,581918.68312,0,0,,,False,-0.00186,True,False,-0.04027,True,580281.63952,627443.49106,691228.6005,0.09228,1.0,0.0,False,False,0,0,,,False,False
2005-05-01,2005-04-29,582237.60677,0,0,,,False,0.00133,True,False,-0.04048,True,580599.66597,627787.36482,691228.6005,0.09178,1.0,0.0,False,False,0,0,,,False,False
2005-05-08,2005-05-06,582553.67318,0,0,,,False,0.01238,True,False,-0.01738,True,580914.84323,628128.15782,691228.6005,0.09129,1.0,0.0,False,False,0,0,,,False,False
2005-05-15,2005-05-13,582868.63404,0,0,,,False,-0.00416,True,False,-0.00879,True,581228.91805,628467.75878,691228.6005,0.0908,1.0,0.0,False,False,0,0,,,False,False
2005-05-22,2005-05-20,583180.88973,3,0,sell:SGOV:180492;buy:SSO:145795;buy:QLD:145795,fund_buys;switch_on,True,0.0244,True,True,0.02781,True,581540.29531,628804.44293,691228.6005,0.09031,1.0,0.0,False,False,3,0,sell:SGOV:179984;buy:SSO:145385;buy:QLD:145385,fund_buys;switch_on,True,True
2005-05-29,2005-05-27,589829.31588,0,0,,,True,0.0298,True,True,0.0386,True,588170.01815,635460.13395,691228.6005,0.08068,1.0,0.0,False,False,0,0,,,True,True
2005-06-05,2005-06-03,588128.12143,0,0,,,True,0.02534,True,True,0.03198,True,586473.6095,633790.09566,691228.6005,0.0831,1.0,0.0,False,False,0,0,,,True,True
2005-06-12,2005-06-10,584152.75403,0,0,,,True,0.02493,True,True,0.01355,True,582509.42557,629852.66083,691228.6005,0.08879,1.0,0.0,False,False,0,0,,,True,True
2005-06-19,2005-06-17,592141.16817,0,0,,,True,0.03876,True,True,0.02232,True,590475.36677,637845.31434,691228.6005,0.07723,1.0,0.0,False,False,0,0,,,True,True
2005-06-26,2005-06-24,578631.96651,2,0,sell_all:QLD:140164;buy:SGOV:171953,idle_cash_to_sgov;switch_off,True,0.01515,True,False,-0.00523,True,577004.1691,624400.92196,691228.6005,0.09668,1.0,0.0,False,False,2,0,sell_all:QLD:139769;buy:SGOV:171469,idle_cash_to_sgov;switch_off,True,False
2005-07-03,2005-07-01,578978.50424,0,0,,,True,0.01605,True,False,-0.01288,True,577349.73196,624774.21465,691228.6005,0.09614,1.0,0.0,False,False,0,0,,,True,False
2005-07-10,2005-07-08,583486.78028,0,0,,,True,0.02948,True,False,0.01425,True,581845.32534,629298.073,691228.6005,0.08959,1.0,0.0,False,False,0,0,,,True,False
2005-07-17,2005-07-15,587678.21281,2,0,sell:SGOV:163125;buy:QLD:146920,fund_buys;switch_on,True,0.0406,True,True,0.04089,True,586024.96658,633506.16616,691228.6005,0.08351,1.0,0.0,False,False,2,0,sell:SGOV:162666;buy:QLD:146506,fund_buys;switch_on,True,True
2005-07-24,2005-07-22,594123.31425,0,0,,,True,0.04332,True,True,0.05358,True,592451.93681,639962.42529,691228.6005,0.07417,1.0,0.0,False,False,0,0,,,True,True
2005-07-31,2005-07-29,595113.29155,0,0,,,True,0.04127,True,True,0.05357,True,593439.12912,640979.94033,691228.6005,0.07269,1.0,0.0,False,False,0,0,,,True,True
2005-08-07,2005-08-05,592435.03926,0,0,,,True,0.03187,True,True,0.04826,True,590768.41126,638339.98153,691228.6005,0.07651,1.0,0.0,False,False,0,0,,,True,True
2005-08-14,2005-08-12,591648.46227,0,0,,,True,0.03252,True,True,0.03943,True,589984.04702,637587.02215,691228.6005,0.0776,1.0,0.0,False,False,0,0,,,True,True
2005-08-21,2005-08-19,585632.27557,0,0,,,True,0.02163,True,True,0.02617,True,583984.78494,631619.21175,691228.6005,0.08624,1.0,0.0,False,False,0,0,,,True,True
2005-08-28,2005-08-26,579204.28979,0,0,,,True,0.00835,True,True,0.01573,True,577574.88228,625240.83378,691228.6005,0.09546,1.0,0.0,False,False,0,0,,,True,True
2005-09-04,2005-09-02,585140.50359,0,0,,,True,0.01839,True,True,0.02474,True,583494.39641,631191.93265,691228.6005,0.08686,1.0,0.0,False,False,0,0,,,True,True
2005-09-11,2005-09-09,597548.81616,0,0,,,True,0.03699,True,True,0.04688,True,595867.80214,643596.41987,691228.6005,0.06891,1.0,0.0,False,False,0,0,,,True,True
2005-09-18,2005-09-16,595076.10422,0,0,,,True,0.0329,True,True,0.04115,True,593402.04638,641161.78016,691228.6005,0.07243,1.0,0.0,False,False,0,0,,,True,True
2005-09-25,2005-09-23,584187.73304,0,0,,,True,0.01334,True,True,0.02371,True,582544.30619,630335.50358,691228.6005,0.08809,1.0,0.0,False,False,0,0,,,True,True
2005-10-02,2005-09-30,593128.41639,0,0,,,True,0.02411,True,True,0.04382,True,591459.83778,639282.37543,691228.6005,0.07515,1.0,0.0,False,False,0,0,,,True,True
2005-10-09,2005-10-07,576629.80368,1,0,buy:SGOV:162812,idle_cash_to_sgov,False,-0.00339,True,True,0.01446,True,575007.63867,622862.31054,691228.6005,0.09891,1.0,0.0,False,False,1,0,buy:SGOV:162354,idle_cash_to_sgov,False,True
2005-10-16,2005-10-14,570233.57721,0,0,,,False,-0.01058,True,False,0.00822,True,568629.40589,616516.98126,691228.6005,0.10809,1.0,0.0,False,False,0,0,,,False,False
2005-10-23,2005-10-21,570642.22239,2,0,sell:SGOV:22928;buy:QLD:142661,fund_buys;switch_on,False,-0.01619,True,True,0.02229,True,569036.90147,616958.79441,691228.6005,0.10745,1.0,0.0,False,False,2,0,sell:SGOV:22863;buy:QLD:142259,fund_buys;switch_on,False,True
2005-10-30,2005-10-28,568314.82351,0,0,,,False,-0.00066,True,True,0.01686,True,566716.04999,614672.86306,691228.6005,0.11075,1.0,0.0,False,False,0,0,,,False,True
2005-11-06,2005-11-04,581486.31888,0,0,,,False,0.0168,True,True,0.06213,True,579850.49155,627842.72346,691228.6005,0.0917,1.0,0.0,False,False,0,0,,,False,True
2005-11-13,2005-11-11,586468.35808,2,0,sell:SGOV:147022;buy:SSO:146617,fund_buys;switch_on,True,0.02777,True,True,0.07618,True,584818.51538,632846.46853,691228.6005,0.08446,1.0,0.0,False,False,2,0,sell:SGOV:146608;buy:SSO:146205,fund_buys;switch_on,True,True
2005-11-20,2005-11-18,594781.43435,0,0,,,True,0.03806,True,True,0.09096,True,593108.20546,641172.11711,691228.6005,0.07242,1.0,0.0,False,False,0,0,,,True,True
2005-11-27,2005-11-25,603753.97921,0,0,,,True,0.05355,True,True,0.10221,True,602055.50894,650155.24732,691228.6005,0.05942,1.0,0.0,False,False,0,0,,,True,True
2005-12-04,2005-12-02,604571.62552,0,0,,,True,0.04978,True,True,0.10468,True,602870.85505,651006.3156,691228.6005,0.05819,1.0,0.0,False,False,0,0,,,True,True
2005-12-11,2005-12-09,599975.50418,0,0,,,True,0.0437,True,True,0.09078,True,598287.66344,646459.25533,691228.6005,0.06477,1.0,0.0,False,False,0,0,,,True,True
2005-12-18,2005-12-16,601112.12493,0,0,,,True,0.04906,True,True,0.0851,True,599421.08666,647628.13714,691228.6005,0.06308,1.0,0.0,False,False,0,0,,,True,True
2005-12-25,2005-12-23,600288.75395,0,0,,,True,0.04905,True,True,0.07884,True,598600.03198,646842.8579,691228.6005,0.06421,1.0,0.0,False,False,0,0,,,True,True
2006-01-01,2005-12-30,588169.26155,0,0,,,True,0.0312,True,True,0.05248,True,586514.6339,634793.53784,691228.6005,0.08164,1.0,0.0,False,False,0,0,,,True,True
2006-01-08,2006-01-06,614461.35067,0,0,,,True,0.06022,True,True,0.1067,True,612732.75862,661048.99835,691228.6005,0.04366,1.0,0.0,False,False,0,0,,,True,True
2006-01-15,2006-01-13,617234.7918,0,0,,,True,0.05949,True,True,0.10942,True,615498.39756,663853.18247,691228.6005,0.0396,1.0,0.0,False,False,0,0,,,True,True
2006-01-22,2006-01-20,596827.81592,0,0,,,True,0.03632,True,True,0.06151,True,595148.83019,643542.97114,691228.6005,0.06899,1.0,0.0,False,False,0,0,,,True,True
2006-01-29,2006-01-27,608813.60638,0,0,,,True,0.05269,True,True,0.07999,True,607100.90246,655534.81819,691228.6005,0.05164,1.0,0.0,False,False,0,0,,,True,True
2006-02-05,2006-02-03,595027.22466,0,0,,,True,0.03383,True,True,0.04597,True,593353.30432,641827.71795,691228.6005,0.07147,1.0,0.0,False,False,0,0,,,True,True
2006-02-12,2006-02-10,595580.73688,0,0,,,True,0.03399,True,True,0.04172,True,593905.2594,642420.44399,691228.6005,0.07061,1.0,0.0,False,False,0,0,,,True,True
2006-02-19,2006-02-17,602669.8702,0,0,,,True,0.04797,True,True,0.04493,True,600974.44972,649530.90505,691228.6005,0.06032,1.0,0.0,False,False,0,0,,,True,True
2006-02-26,2006-02-24,603504.54291,0,0,,,True,0.04777,True,True,0.04293,True,601806.77435,650404.63989,691228.6005,0.05906,1.0,0.0,False,False,0,0,,,True,True
2006-03-05,2006-03-03,604359.06771,0,0,,,True,0.04336,True,True,0.04428,True,602658.89521,651298.68803,691228.6005,0.05777,1.0,0.0,False,False,0,0,,,True,True
2006-03-12,2006-03-10,596138.67976,0,0,,,True,0.03684,True,True,0.01984,True,594461.63269,643143.32228,691228.6005,0.06956,1.0,0.0,False,False,0,0,,,True,True
2006-03-19,2006-03-17,609437.67711,0,0,,,True,0.05553,True,True,0.04088,True,607723.21757,656446.9201,691228.6005,0.05032,1.0,0.0,False,False,0,0,,,True,True
2006-03-26,2006-03-24,607118.11782,0,0,,,True,0.04984,True,True,0.03512,True,605410.18362,654176.34945,691228.6005,0.0536,1.0,0.0,False,False,0,0,,,True,True
2006-04-02,2006-03-31,609532.16459,0,0,,,True,0.04131,True,True,0.04715,True,607817.43923,656625.93153,691228.6005,0.05006,1.0,0.0,False,False,0,0,,,True,True
2006-04-09,2006-04-07,613387.34285,0,0,,,True,0.03994,True,True,0.05602,True,611661.77217,660512.77491,691228.6005,0.04444,1.0,0.0,False,False,0,0,,,True,True
2006-04-16,2006-04-13,609666.69478,0,0,,,True,0.03326,True,True,0.04667,True,607951.59096,656839.34154,691228.6005,0.04975,1.0,0.0,False,False,0,0,,,True,True
2006-04-23,2006-04-21,614368.65841,0,0,,,True,0.04875,True,True,0.0413,True,612640.32712,661577.33077,691228.6005,0.0429,1.0,0.0,False,False,0,0,,,True,True
2006-04-30,2006-04-28,612591.38475,0,0,,,True,0.04629,True,True,0.03363,True,610868.05326,659848.68547,691228.6005,0.0454,1.0,0.0,False,False,0,0,,,True,True
2006-05-07,2006-05-05,618778.99671,0,0,,,True,0.05659,True,True,0.03983,True,617038.25836,666062.81318,691228.6005,0.03641,1.0,0.0,False,False,0,0,,,True,True
2006-05-14,2006-05-12,595587.13956,2,0,sell_all:QLD:149117;buy:SGOV:165015,idle_cash_to_sgov;switch_off,True,0.0274,True,False,-0.00874,True,593911.64407,642980.63129,691228.6005,0.0698,1.0,0.0,False,False,2,0,sell_all:QLD:148697;buy:SGOV:164551,idle_cash_to_sgov;switch_off,True,False
2006-05-21,2006-05-19,588761.41665,0,0,,,True,0.0074,True,False,-0.02979,True,587105.12313,636218.52919,691228.6005,0.07958,1.0,0.0,False,False,0,0,,,True,False
2006-05-28,2006-05-26,586590.04198,1,0,buy:SGOV:149494,idle_cash_to_sgov,False,0.01709,True,False,-0.02631,True,584939.85692,634097.58738,691228.6005,0.08265,1.0,0.0,False,False,1,0,buy:SGOV:149073,idle_cash_to_sgov,False,False
2006-06-04,2006-06-02,587121.33448,2,0,sell:SGOV:163089;buy:SSO:146780,fund_buys;switch_on,True,0.02275,True,False,-0.02239,True,585469.65481,634671.90893,691228.6005,0.08182,1.0,0.0,False,False,2,0,sell:SGOV:162630;buy:SSO:146367,fund_buys;switch_on,True,False
2006-06-11,2006-06-09,580176.27996,1,0,buy:SGOV:155760,idle_cash_to_sgov,False,-0.00654,True,False,-0.05979,True,578544.13799,627790.91812,691228.6005,0.09178,1.0,0.0,False,False,1,0,buy:SGOV:155322,idle_cash_to_sgov,False,False
2006-06-18,2006-06-16,580706.08713,0,0,,,False,-0.00774,True,False,-0.05225,True,579072.45472,628364.20618,691228.6005,0.09095,1.0,0.0,False,False,0,0,,,False,False
2006-06-25,2006-06-23,581238.28878,0,0,,,False,-0.01368,True,False,-0.05897,True,579603.15919,628940.08523,691228.6005,0.09011,1.0,0.0,False,False,0,0,,,False,False
2006-07-02,2006-06-30,581781.65482,0,0,,,False,0.00626,True,False,-0.04362,True,580144.99665,629528.04492,691228.6005,0.08926,1.0,0.0,False,False,0,0,,,False,False
2006-07-09,2006-07-07,582328.22954,0,0,,,False,0.00183,True,False,-0.06847,True,580690.03375,630119.47661,691228.6005,0.08841,1.0,0.0,False,False,0,0,,,False,False
2006-07-16,2006-07-14,582876.76529,0,0,,,False,-0.02214,True,False,-0.11099,True,581237.02637,630713.03029,691228.6005,0.08755,1.0,0.0,False,False,0,0,,,False,False
2006-07-23,2006-07-21,583431.09135,0,0,,,False,-0.01932,True,False,-0.1156,True,581789.79301,631312.84948,691228.6005,0.08668,1.0,0.0,False,False,0,0,,,False,False
2006-07-30,2006-07-28,583987.54394,0,0,,,False,0.0094,True,False,-0.07912,True,582344.6802,631914.96973,691228.6005,0.08581,1.0,0.0,False,False,0,0,,,False,False
2006-08-06,2006-08-04,584543.40663,0,0,,,False,0.00815,True,False,-0.08256,True,582898.97914,632516.45165,691228.6005,0.08494,1.0,0.0,False,False,0,0,,,False,False
2006-08-13,2006-08-11,585099.3173,0,0,,,False,-0.00338,True,False,-0.09183,True,583453.32594,633117.9855,691228.6005,0.08407,1.0,0.0,False,False,0,0,,,False,False
2006-08-20,2006-08-18,585655.43606,2,0,sell:SGOV:162682;buy:SSO:146414,fund_buys;switch_on,True,0.02271,True,False,-0.03678,True,584007.88023,633719.74451,691228.6005,0.0832,1.0,0.0,False,False,2,0,sell:SGOV:162224;buy:SSO:146002,fund_buys;switch_on,True,False
2006-08-27,2006-08-25,586030.21466,0,0,,,True,0.01551,True,False,-0.04733,True,584381.60451,634140.85465,691228.6005,0.08259,1.0,0.0,False,False,0,0,,,True,False
2006-09-03,2006-09-01,589760.80367,0,0,,,True,0.02648,True,False,-0.0269,True,588101.69867,637908.25704,691228.6005,0.07714,1.0,0.0,False,False,0,0,,,True,False
2006-09-10,2006-09-08,587379.58982,0,0,,,True,0.0161,True,False,-0.03482,True,585727.18363,635580.30053,691228.6005,0.08051,1.0,0.0,False,False,0,0,,,True,False
2006-09-17,2006-09-15,592638.5464,0,0,,,True,0.03129,True,False,0.0017,True,590971.34576,640870.37037,691228.6005,0.07285,1.0,0.0,False,False,0,0,,,True,False
2006-09-24,2006-09-22,591389.82747,0,0,,,True,0.02631,True,False,-0.00348,True,589726.13973,639671.29214,691228.6005,0.07459,1.0,0.0,False,False,0,0,,,True,False
2006-10-01,2006-09-29,596840.06499,0,0,,,True,0.04124,True,False,0.01665,True,595161.04469,645151.95676,691228.6005,0.06666,1.0,0.0,False,False,0,0,,,True,False
2006-10-08,2006-10-06,600422.87675,2,0,sell:SGOV:150410;buy:QLD:150106,fund_buys;switch_on,True,0.05036,True,True,0.03584,True,598733.77733,648770.53213,691228.6005,0.06142,1.0,0.0,False,False,2,0,sell:SGOV:149986;buy:QLD:149683,fund_buys;switch_on,True,True
2006-10-15,2006-10-13,611547.9658,0,0,,,True,0.0609,True,True,0.06137,True,609827.5692,659910.90841,691228.6005,0.04531,1.0,0.0,False,False,0,0,,,True,True
2006-10-22,2006-10-20,608759.37156,0,0,,,True,0.06109,True,True,0.04998,True,607046.8199,657177.66567,691228.6005,0.04926,1.0,0.0,False,False,0,0,,,True,True
2006-10-29,2006-10-27,612581.15514,0,0,,,True,0.06597,True,True,0.05523,True,610857.85206,661036.57929,691228.6005,0.04368,1.0,0.0,False,False,0,0,,,True,True
2006-11-05,2006-11-03,606756.22182,0,0,,,True,0.05401,True,True,0.04694,True,605049.30545,655275.80852,691228.6005,0.05201,1.0,0.0,False,False,0,0,,,True,True
2006-11-12,2006-11-10,619556.10071,0,0,,,True,0.06455,True,True,0.07499,True,617813.17563,668087.4725,691228.6005,0.03348,1.0,0.0,False,False,0,0,,,True,True
2006-11-19,2006-11-17,633961.39512,0,0,,,True,0.07774,True,True,0.10384,True,632177.94497,682500.12246,691228.6005,0.01263,1.0,0.0,False,False,0,0,,,True,True
2006-11-26,2006-11-24,636225.36206,0,0,,,True,0.07522,True,True,0.11086,True,634435.54289,684805.45252,691228.6005,0.00929,1.0,0.0,False,False,0,0,,,True,True
2006-12-03,2006-12-01,627993.60114,0,0,,,True,0.06955,True,True,0.08421,True,626226.93969,676644.29625,691228.6005,0.0211,1.0,0.0,False,False,0,0,,,True,True
2006-12-10,2006-12-08,632250.39919,0,0,,,True,0.07707,True,True,0.08895,True,630471.76253,680936.30658,691228.6005,0.01489,1.0,0.0,False,False,0,0,,,True,True
2006-12-17,2006-12-15,641179.75585,0,0,,,True,0.08755,True,True,0.1008,True,639375.9991,689887.27676,691228.6005,0.00194,1.0,0.0,False,False,0,0,,,True,True
2006-12-24,2006-12-22,626609.14781,0,0,,,True,0.07219,True,True,0.06242,True,624846.38125,675404.35274,691228.6005,0.02289,1.0,0.0,False,False,0,0,,,True,True
2006-12-31,2006-12-29,629818.8997,0,0,,,True,0.07589,True,True,0.06641,True,628047.10348,678652.22508,691228.6005,0.01819,1.0,0.0,False,False,0,0,,,True,True
2007-01-07,2007-01-05,630913.1296,0,0,,,True,0.06802,True,True,0.08269,True,629138.25501,679791.26059,691228.6005,0.01655,1.0,0.0,False,False,0,0,,,True,True
2007-01-14,2007-01-12,648208.53007,0,0,,,True,0.08153,True,True,0.11642,True,646384.99993,697086.03853,697086.03853,0.0,1.0,0.0,False,False,0,0,,,True,True
2007-01-21,2007-01-19,638560.75454,0,0,,,True,0.07922,True,True,0.08593,True,636764.36569,687513.75804,697086.03853,0.01373,1.0,0.0,False,False,0,0,,,True,True
2007-01-28,2007-01-26,632488.84414,0,0,,,True,0.07044,True,True,0.07064,True,630709.53686,681507.67972,697086.03853,0.02235,1.0,0.0,False,False,0,0,,,True,True
2007-02-04,2007-02-02,643411.75076,0,0,,,True,0.0872,True,True,0.08454,True,641601.71514,692448.58572,697086.03853,0.00665,1.0,0.0,False,False,0,0,,,True,True
2007-02-11,2007-02-09,639234.64872,0,0,,,True,0.07666,True,True,0.0756,True,637436.36416,688332.16254,697086.03853,0.01256,1.0,0.0,False,False,0,0,,,True,True
2007-02-18,2007-02-16,649471.97298,0,0,,,True,0.0869,True,True,0.09552,True,647644.88872,698589.75966,698589.75966,0.0,1.0,0.0,False,False,0,0,,,True,True
2007-02-25,2007-02-23,652190.05212,0,0,,,True,0.08141,True,True,0.10472,True,650355.32131,701349.47681,701349.47681,0.0,1.0,0.0,False,False,0,0,,,True,True
2007-03-04,2007-03-02,615501.54469,0,0,,,True,0.03176,True,True,0.03488,True,613770.02619,664813.37702,701349.47681,0.05209,1.0,0.0,False,False,0,0,,,True,True
2007-03-11,2007-03-09,623964.30777,0,0,,,True,0.04104,True,True,0.04395,True,622208.98181,673301.04366,701349.47681,0.03999,1.0,0.0,False,False,0,0,,,True,True
2007-03-18,2007-03-16,619010.61635,0,0,,,True,0.02688,True,True,0.04001,True,617269.22611,668409.75129,701349.47681,0.04697,1.0,0.0,False,False,0,0,,,True,True
2007-03-25,2007-03-23,638591.25624,0,0,,,True,0.06035,True,True,0.06787,True,636794.78172,687983.49376,701349.47681,0.01906,1.0,0.0,False,False,0,0,,,True,True
2007-04-01,2007-03-30,632480.31014,0,0,,,True,0.04562,True,True,0.05123,True,630701.02697,681938.15368,701349.47681,0.02768,1.0,0.0,False,False,0,0,,,True,True
2007-04-08,2007-04-05,644033.05025,0,0,,,True,0.05948,True,True,0.07222,True,642221.26687,693499.7313,701349.47681,0.01119,1.0,0.0,False,False,0,0,,,True,True
2007-04-15,2007-04-13,647015.80741,0,0,,,True,0.06225,True,True,0.07051,True,645195.63296,696529.20343,701349.47681,0.00687,1.0,0.0,False,False,0,0,,,True,True
2007-04-22,2007-04-20,659935.46007,0,0,,,True,0.0811,True,True,0.08326,True,658078.94004,709460.48518,709460.48518,0.0,1.0,0.0,False,False,0,0,,,True,True
2007-04-29,2007-04-27,670525.49724,0,0,,,True,0.08386,True,True,0.10433,True,668639.18521,720068.45403,720068.45403,0.0,1.0,0.0,False,False,0,0,,,True,True
2007-05-06,2007-05-04,674251.16506,0,0,,,True,0.08725,True,True,0.10049,True,672354.37201,723830.87303,723830.87303,0.0,1.0,0.0,False,False,0,0,,,True,True
2007-05-13,2007-05-11,674700.90518,0,0,,,True,0.08254,True,True,0.09562,True,672802.84693,724326.29895,724326.29895,0.0,1.0,0.0,False,False,0,0,,,True,True
2007-05-20,2007-05-18,678196.75591,0,0,,,True,0.09,True,True,0.08839,True,676288.8632,727858.8005,727858.8005,0.0,1.0,0.0,False,False,0,0,,,True,True
2007-05-27,2007-05-25,673799.60418,0,0,,,True,0.08029,True,True,0.07779,True,671904.08155,723520.92789,727858.8005,0.00596,1.0,0.0,False,False,0,0,,,True,True
2007-06-03,2007-06-01,687127.65169,0,0,,,True,0.09093,True,True,0.0947,True,685194.63454,736858.26007,736858.26007,0.0,1.0,0.0,False,False,0,0,,,True,True
2007-06-10,2007-06-08,674822.91256,0,0,,,True,0.06638,True,True,0.07685,True,672924.51112,724634.43684,736858.26007,0.01659,1.0,0.0,False,False,0,0,,,True,True
2007-06-17,2007-06-15,688009.47104,0,0,,,True,0.08007,True,True,0.09179,True,686073.97313,737829.47495,737829.47495,0.0,1.0,0.0,False,False,0,0,,,True,True
2007-06-24,2007-06-22,678402.5481,0,0,,,True,0.05473,True,True,0.07502,True,676494.0764,728294.25817,737829.47495,0.01292,1.0,0.0,False,False,0,0,,,True,True
2007-07-01,2007-06-29,680547.31977,0,0,,,True,0.05159,True,True,0.07668,True,678632.81436,730479.0353,737829.47495,0.00996,1.0,0.0,False,False,0,0,,,True,True
2007-07-08,2007-07-06,695507.65431,0,0,,,True,0.06746,True,True,0.10264,True,693551.06241,745444.57076,745444.57076,0.0,1.0,0.0,False,False,0,0,,,True,True
2007-07-15,2007-07-13,708476.13301,0,0,,,True,0.07887,True,True,0.12128,True,706483.0581,758424.50957,758424.50957,0.0,1.0,0.0,False,False,0,0,,,True,True
2007-07-22,2007-07-20,705730.81653,0,0,,,True,0.06219,True,True,0.11737,True,703745.4647,755735.04598,758424.50957,0.00355,1.0,0.0,False,False,0,0,,,True,True
2007-07-29,2007-07-27,669579.02092,0,0,,,True,0.00746,True,True,0.06893,True,667695.37143,719733.22691,758424.50957,0.05102,1.0,0.0,False,False,0,0,,,True,True
2007-08-05,2007-08-03,660470.2204,2,0,sell_all:SSO:164088;buy:SGOV:199607,idle_cash_to_sgov;switch_off,False,-0.01212,True,True,0.04501,True,658612.19582,710697.54288,758424.50957,0.06293,1.0,0.0,False,False,2,0,sell_all:SSO:163627;buy:SGOV:199046,idle_cash_to_sgov;switch_off,False,True
2007-08-12,2007-08-10,660806.55393,0,0,,,False,0.00032,True,True,0.04514,True,658947.58322,711080.29385,758424.50957,0.06242,1.0,0.0,False,False,0,0,,,False,True
2007-08-19,2007-08-17,653579.33721,0,0,,,False,-0.0058,True,True,0.02316,True,651740.69826,703916.59919,758424.50957,0.07187,1.0,0.0,False,False,0,0,,,False,True
2007-08-26,2007-08-24,668005.45268,0,0,,,False,0.01565,True,True,0.05948,True,666126.22994,718337.74799,758424.50957,0.05286,1.0,0.0,False,False,0,0,,,False,True
2007-09-02,2007-08-31,672450.02623,0,0,,,False,0.01063,True,True,0.07135,True,670558.29996,722811.01265,758424.50957,0.04696,1.0,0.0,False,False,0,0,,,False,True
2007-09-09,2007-09-07,668736.17785,0,0,,,False,-0.00442,True,True,0.05275,True,666854.89946,719148.29334,758424.50957,0.05179,1.0,0.0,False,False,0,0,,,False,True
2007-09-16,2007-09-14,674915.82586,0,0,,,False,0.01531,True,True,0.07295,True,673017.1628,725350.16738,758424.50957,0.04361,1.0,0.0,False,False,0,0,,,False,True
2007-09-23,2007-09-21,683844.67293,2,0,sell:SGOV:187575;buy:SSO:170961,fund_buys;switch_on,True,0.04165,True,True,0.09551,True,681920.8911,734292.8765,758424.50957,0.03182,1.0,0.0,False,False,2,0,sell:SGOV:187047;buy:SSO:170480,fund_buys;switch_on,True,True
2007-09-30,2007-09-28,692896.67293,0,0,,,True,0.04034,True,True,0.11344,True,690947.42586,743356.2103,758424.50957,0.01987,1.0,0.0,False,False,0,0,,,True,True
2007-10-07,2007-10-05,711446.23861,0,0,,,True,0.05907,True,True,0.1397,True,709444.80764,761891.73871,761891.73871,0.0,1.0,0.0,False,False,0,0,,,True,True
2007-10-14,2007-10-12,717321.41386,0,0,,,True,0.0594,True,True,0.14863,True,715303.45476,767789.88286,767789.88286,0.0,1.0,0.0,False,False,0,0,,,True,True
2007-10-21,2007-10-19,693146.98478,0,0,,,True,0.01596,True,True,0.11806,True,691197.03354,743723.98107,767789.88286,0.03134,1.0,0.0,False,False,0,0,,,True,True
2007-10-28,2007-10-26,712914.9714,0,0,,,True,0.0376,True,True,0.14571,True,710909.40858,763474.67512,767789.88286,0.00562,1.0,0.0,False,False,0,0,,,True,True
2007-11-04,2007-11-02,712012.39889,1,0,sell:QLD:45496,rebalance,True,0.0186,True,True,0.1499,True,710009.37519,762613.39208,767789.88286,0.00674,1.0,0.0,False,False,1,0,sell:QLD:45368,rebalance,True,True
2007-11-11,2007-11-09,678370.87528,1,0,buy:SGOV:226831,idle_cash_to_sgov,False,-0.02011,True,True,0.05164,True,676462.49268,729101.88549,767789.88286,0.05039,1.0,0.0,False,False,1,0,buy:SGOV:226193,idle_cash_to_sgov,False,True
2007-11-18,2007-11-16,680296.48021,0,0,,,False,-0.01711,True,True,0.0557,True,678382.68047,731054.84703,767789.88286,0.04785,1.0,0.0,False,False,0,0,,,False,True
2007-11-25,2007-11-23,676855.19935,0,0,,,False,-0.02906,True,True,0.04318,True,674951.08073,727655.7089,767789.88286,0.05227,1.0,0.0,False,False,0,0,,,False,True
2007-12-02,2007-11-30,686476.4953,0,0,,,False,-0.00189,True,True,0.07049,True,684545.30982,737280.9754,767789.88286,0.03974,1.0,0.0,False,False,0,0,,,False,True
2007-12-09,2007-12-07,692415.18119,0,0,,,False,0.01344,True,True,0.08782,True,690467.28887,743233.66325,767789.88286,0.03198,1.0,0.0,False,False,0,0,,,False,True
2007-12-16,2007-12-14,684041.01401,0,0,,,False,-0.01259,True,True,0.05379,True,682116.68012,734912.81215,767789.88286,0.04282,1.0,0.0,False,False,0,0,,,False,True
2007-12-23,2007-12-21,689784.52938,0,0,,,False,-0.0026,True,True,0.06966,True,687844.03771,740669.27864,767789.88286,0.03532,1.0,0.0,False,False,0,0,,,False,True
2007-12-30,2007-12-28,688729.59788,0,0,,,False,-0.00789,True,True,0.0632,True,686792.07398,739648.59685,767789.88286,0.03665,1.0,0.0,False,False,0,0,,,False,True
2008-01-06,2008-01-04,670100.25981,1,0,sell_all:QLD:130384,switch_off,False,-0.0532,True,False,-0.0119,True,668215.14444,721103.85145,767789.88286,0.06081,1.0,0.0,False,False,1,0,sell_all:QLD:130018,switch_off,False,False
2008-01-13,2008-01-11,670539.35886,0,0,,,False,-0.05995,True,False,-0.03918,True,668653.00823,721573.62943,767789.88286,0.06019,1.0,0.0,False,False,0,0,,,False,False
2008-01-20,2008-01-18,670931.11161,0,0,,,False,-0.10988,True,False,-0.07483,True,669043.6589,721995.1982,767789.88286,0.05964,1.0,0.0,False,False,0,0,,,False,False
2008-01-27,2008-01-25,671260.92467,0,0,,,False,-0.10491,True,False,-0.1023,True,669372.54414,722350.11309,767789.88286,0.05918,1.0,0.0,False,False,0,0,,,False,False
2008-02-03,2008-02-01,671543.26528,0,0,,,False,-0.05983,True,False,-0.0691,True,669654.09047,722653.94244,767789.88286,0.05879,1.0,0.0,False,False,0,0,,,False,False
2008-02-10,2008-02-08,671813.94674,0,0,,,False,-0.10092,True,False,-0.10912,True,669924.01045,722945.22528,767789.88286,0.05841,1.0,0.0,False,False,0,0,,,False,False
2008-02-17,2008-02-15,672099.65058,0,0,,,False,-0.08614,True,False,-0.10478,True,670208.91055,723252.67383,767789.88286,0.05801,1.0,0.0,False,False,0,0,,,False,False
2008-02-24,2008-02-22,672379.94289,0,0,,,False,-0.0821,True,False,-0.10716,True,670488.41435,723554.29899,767789.88286,0.05761,1.0,0.0,False,False,0,0,,,False,False
2008-03-02,2008-02-29,672646.90691,0,0,,,False,-0.09525,True,False,-0.12018,True,670754.62735,723841.58145,767789.88286,0.05724,1.0,0.0,False,False,0,0,,,False,False
2008-03-09,2008-03-07,672860.70374,0,0,,,False,-0.11756,True,False,-0.13738,True,670967.82273,724071.6502,767789.88286,0.05694,1.0,0.0,False,False,0,0,,,False,False
2008-03-16,2008-03-14,673041.74873,0,0,,,False,-0.11785,True,False,-0.13227,True,671148.35841,724266.4744,767789.88286,0.05669,1.0,0.0,False,False,0,0,,,False,False
2008-03-23,2008-03-20,673153.86657,0,0,,,False,-0.0867,True,False,-0.11113,True,671260.16084,724387.12545,767789.88286,0.05653,1.0,0.0,False,False,0,0,,,False,False
2008-03-30,2008-03-28,673292.7503,0,0,,,False,-0.09392,True,False,-0.1021,True,671398.65386,724536.57951,767789.88286,0.05633,1.0,0.0,False,False,0,0,,,False,False
2008-04-06,2008-04-04,673466.90079,0,0,,,False,-0.05318,True,False,-0.05106,True,671572.31444,724723.98448,767789.88286,0.05609,1.0,0.0,False,False,0,0,,,False,False
2008-04-13,2008-04-11,673639.43528,0,0,,,False,-0.07677,True,False,-0.08422,True,671744.36355,724909.65044,767789.88286,0.05585,1.0,0.0,False,False,0,0,,,False,False
2008-04-20,2008-04-18,673786.90947,0,0,,,False,-0.03435,True,False,-0.03117,True,671891.42288,725068.34879,767789.88286,0.05564,1.0,0.0,False,False,0,0,,,False,False
2008-04-27,2008-04-25,673953.61753,0,0,,,False,-0.02681,True,False,-0.02092,True,672057.66196,725247.74488,767789.88286,0.05541,1.0,0.0,False,False,0,0,,,False,False
2008-05-04,2008-05-02,674131.26331,0,0,,,False,-0.01306,True,False,0.01247,True,672234.80799,725438.91115,767789.88286,0.05516,1.0,0.0,False,False,0,0,,,False,False
2008-05-11,2008-05-09,674330.56955,0,0,,,False,-0.02873,True,False,0.00219,True,672433.55355,725653.38645,767789.88286,0.05488,1.0,0.0,False,False,0,0,,,False,False
2008-05-18,2008-05-16,674554.32713,2,0,sell:SGOV:48519;buy:QLD:168639,fund_buys;switch_on,False,-0.00184,True,True,0.03778,True,672656.68165,725894.17405,767789.88286,0.05457,1.0,0.0,False,False,2,0,sell:SGOV:48383;buy:QLD:168164,fund_buys;switch_on,False,True
2008-05-25,2008-05-23,662936.00715,1,0,buy:SGOV:175588,idle_cash_to_sgov,False,-0.03528,True,False,0.00056,True,661071.04605,714327.07914,767789.88286,0.06963,1.0,0.0,False,False,1,0,buy:SGOV:175094,idle_cash_to_sgov,False,False
2008-06-01,2008-05-30,663169.78564,2,0,sell:SGOV:184214;buy:QLD:165792,fund_buys;switch_on,False,-0.01741,True,True,0.03723,True,661304.16687,714578.98023,767789.88286,0.0693,1.0,0.0,False,False,2,0,sell:SGOV:183696;buy:QLD:165326,fund_buys;switch_on,False,True
2008-06-08,2008-06-06,656220.72443,0,0,,,False,-0.04442,True,True,0.01398,True,654374.65489,707668.18252,767789.88286,0.0783,1.0,0.0,False,False,0,0,,,False,True
2008-06-15,2008-06-13,648762.4852,1,0,buy:SGOV:169466,idle_cash_to_sgov,False,-0.04303,True,False,0.00133,True,646937.3973,700250.12778,767789.88286,0.08797,1.0,0.0,False,False,1,0,buy:SGOV:168989,idle_cash_to_sgov,False,False
2008-06-22,2008-06-20,649004.42672,0,0,,,False,-0.07054,True,False,-0.01757,True,647178.6582,700511.27047,767789.88286,0.08763,1.0,0.0,False,False,0,0,,,False,False
2008-06-29,2008-06-27,649228.85058,0,0,,,False,-0.09584,True,False,-0.05355,True,647402.45071,700753.50524,767789.88286,0.08731,1.0,0.0,False,False,0,0,,,False,False
2008-07-06,2008-07-03,649414.21018,0,0,,,False,-0.10402,True,False,-0.07201,True,647587.28886,700953.57551,767789.88286,0.08705,1.0,0.0,False,False,0,0,,,False,False
2008-07-13,2008-07-11,649669.38416,0,0,,,False,-0.11641,True,False,-0.07222,True,647841.74499,701229.00083,767789.88286,0.08669,1.0,0.0,False,False,0,0,,,False,False
2008-07-20,2008-07-18,649853.80224,0,0,,,False,-0.09658,True,False,-0.06255,True,648025.64426,701428.05485,767789.88286,0.08643,1.0,0.0,False,False,0,0,,,False,False
2008-07-27,2008-07-25,650040.94453,0,0,,,False,-0.09404,True,False,-0.04678,True,648212.26009,701630.04929,767789.88286,0.08617,1.0,0.0,False,False,0,0,,,False,False
2008-08-03,2008-08-01,650251.83217,0,0,,,False,-0.08741,True,False,-0.05312,True,648422.55446,701857.67357,767789.88286,0.08587,1.0,0.0,False,False,0,0,,,False,False
2008-08-10,2008-08-08,650457.9772,0,0,,,False,-0.05717,True,False,0.00241,True,648628.11957,702080.17886,767789.88286,0.08558,1.0,0.0,False,False,0,0,,,False,False
2008-08-17,2008-08-15,650678.09149,2,0,sell:SGOV:180744;buy:QLD:162670,fund_buys;switch_on,False,-0.05178,True,True,0.02193,True,648847.61463,702317.76204,767789.88286,0.08527,1.0,0.0,False,False,2,0,sell:SGOV:180235;buy:QLD:162212,fund_buys;switch_on,False,True
2008-08-24,2008-08-22,644490.14372,1,0,buy:SGOV:174397,idle_cash_to_sgov,False,-0.05201,True,False,0.01222,True,642677.07473,696165.33098,767789.88286,0.09329,1.0,0.0,False,False,1,0,buy:SGOV:173906,idle_cash_to_sgov,False,False
2008-08-31,2008-08-29,644697.64115,0,0,,,False,-0.05569,True,False,-0.01636,True,642883.98843,696389.46554,767789.88286,0.09299,1.0,0.0,False,False,0,0,,,False,False
2008-09-07,2008-09-05,644905.73118,0,0,,,False,-0.08288,True,False,-0.06894,True,643091.49306,696614.24022,767789.88286,0.0927,1.0,0.0,False,False,0,0,,,False,False
2008-09-14,2008-09-12,645108.41393,0,0,,,False,-0.07284,True,False,-0.06626,True,643293.60564,696833.17407,767789.88286,0.09242,1.0,0.0,False,False,0,0,,,False,False
2008-09-21,2008-09-19,645223.47817,0,0,,,False,-0.06573,True,False,-0.07325,True,643408.34618,696957.46415,767789.88286,0.09225,1.0,0.0,False,False,0,0,,,False,False
2008-09-28,2008-09-26,645334.1451,0,0,,,False,-0.09183,True,False,-0.10671,True,643518.70178,697077.00435,767789.88286,0.0921,1.0,0.0,False,False,0,0,,,False,False
2008-10-05,2008-10-03,645438.46552,0,0,,,False,-0.17193,True,False,-0.20849,True,643622.72873,697189.68917,767789.88286,0.09195,1.0,0.0,False,False,0,0,,,False,False
2008-10-12,2008-10-10,645510.96993,0,0,,,False,-0.31605,True,False,-0.3095,True,643695.02917,697268.00699,767789.88286,0.09185,1.0,0.0,False,False,0,0,,,False,False
2008-10-19,2008-10-17,645545.81055,0,0,,,False,-0.27769,True,False,-0.27939,True,643729.77178,697305.64113,767789.88286,0.0918,1.0,0.0,False,False,0,0,,,False,False
2008-10-26,2008-10-24,645664.67013,0,0,,,False,-0.32034,True,False,-0.33325,True,643848.29699,697434.03086,767789.88286,0.09163,1.0,0.0,False,False,0,0,,,False,False
2008-11-02,2008-10-31,645756.48282,0,0,,,False,-0.24239,True,False,-0.25349,True,643939.85138,697533.20508,767789.88286,0.09151,1.0,0.0,False,False,0,0,,,False,False
2008-11-09,2008-11-07,645809.38334,0,0,,,False,-0.26649,True,False,-0.28377,True,643992.60309,697590.34717,767789.88286,0.09143,1.0,0.0,False,False,0,0,,,False,False
2008-11-16,2008-11-14,645842.47061,0,0,,,False,-0.3054,True,False,-0.32981,True,644025.59727,697626.08737,767789.88286,0.09138,1.0,0.0,False,False,0,0,,,False,False
2008-11-23,2008-11-21,645855.91837,0,0,,,False,-0.35691,True,False,-0.37732,True,644039.00721,697640.61338,767789.88286,0.09137,1.0,0.0,False,False,0,0,,,False,False
2008-11-30,2008-11-28,645862.81933,0,0,,,False,-0.274,True,False,-0.31493,True,644045.88875,697648.06765,767789.88286,0.09136,1.0,0.0,False,False,0,0,,,False,False
2008-12-07,2008-12-05,645866.35831,0,0,,,False,-0.28309,True,False,-0.31317,True,644049.41778,697651.89038,767789.88286,0.09135,1.0,0.0,False,False,0,0,,,False,False
2008-12-14,2008-12-12,645868.65866,0,0,,,False,-0.27301,True,False,-0.29046,True,644051.71165,697654.37517,767789.88286,0.09135,1.0,0.0,False,False,0,0,,,False,False
2008-12-21,2008-12-19,645872.02072,0,0,,,False,-0.25976,True,False,-0.27879,True,644055.06426,697658.00681,767789.88286,0.09134,1.0,0.0,False,False,0,0,,,False,False
2008-12-28,2008-12-26,645873.61328,0,0,,,False,-0.26701,True,False,-0.29309,True,644056.65234,697659.72706,767789.88286,0.09134,1.0,0.0,False,False,0,0,,,False,False
2009-01-04,2009-01-02,645881.93005,0,0,,,False,-0.21217,True,False,-0.24183,True,644064.94571,697668.71066,767789.88286,0.09133,1.0,0.0,False,False,0,0,,,False,False
2009-01-11,2009-01-09,645894.67083,0,0,,,False,-0.24038,True,False,-0.26018,True,644077.65065,697682.473,767789.88286,0.09131,1.0,0.0,False,False,0,0,,,False,False
2009-01-18,2009-01-16,645906.52706,0,0,,,False,-0.26699,True,False,-0.26823,True,644089.47353,697695.27987,767789.88286,0.09129,1.0,0.0,False,False,0,0,,,False,False
2009-01-25,2009-01-23,645921.03794,0,0,,,False,-0.27592,True,False,-0.27577,True,644103.94358,697710.95422,767789.88286,0.09127,1.0,0.0,False,False,0,0,,,False,False
2009-02-01,2009-01-30,645939.2655,0,0,,,False,-0.27332,True,False,-0.26611,True,644122.11986,697730.64327,767789.88286,0.09125,1.0,0.0,False,False,0,0,,,False,False
2009-02-08,2009-02-06,645972.8904,0,0,,,False,-0.22658,True,False,-0.19743,True,644155.65017,697766.96421,767789.88286,0.0912,1.0,0.0,False,False,0,0,,,False,False
2009-02-15,2009-02-13,646009.34881,0,0,,,False,-0.25458,True,False,-0.21458,True,644192.00602,697806.34586,767789.88286,0.09115,1.0,0.0,False,False,0,0,,,False,False
2009-02-22,2009-02-20,646046.34015,0,0,,,False,-0.29779,True,False,-0.24763,True,644228.8933,697846.30316,767789.88286,0.0911,1.0,0.0,False,False,0,0,,,False,False
2009-03-01,2009-02-27,646081.74067,0,0,,,False,-0.3197,True,False,-0.27366,True,644264.19423,697884.5421,767789.88286,0.09105,1.0,0.0,False,False,0,0,,,False,False
2009-03-08,2009-03-06,646113.4258,0,0,,,False,-0.35677,True,False,-0.29699,True,644295.79022,697918.76773,767789.88286,0.091,1.0,0.0,False,False,0,0,,,False,False
2009-03-15,2009-03-13,646140.15584,0,0,,,False,-0.27663,True,False,-0.21743,True,644322.44506,697947.64098,767789.88286,0.09097,1.0,0.0,False,False,0,0,,,False,False
2009-03-22,2009-03-20,646166.00183,0,0,,,False,-0.25425,True,False,-0.19376,True,644348.21835,697975.55931,767789.88286,0.09093,1.0,0.0,False,False,0,0,,,False,False
2009-03-29,2009-03-27,646190.78662,0,0,,,False,-0.19763,True,False,-0.1394,True,644372.93341,698002.33135,767789.88286,0.09089,1.0,0.0,False,False,0,0,,,False,False
2009-04-05,2009-04-03,646212.38561,0,0,,,False,-0.16047,True,False,-0.08396,True,644394.47164,698025.66214,767789.88286,0.09086,1.0,0.0,False,False,0,0,,,False,False
2009-04-12,2009-04-09,646233.80823,0,0,,,False,-0.13804,True,False,-0.05899,True,644415.83399,698048.80242,767789.88286,0.09083,1.0,0.0,False,False,0,0,,,False,False
2009-04-19,2009-04-17,646257.71032,0,0,,,False,-0.1153,True,False,-0.04045,True,644439.66884,698074.62098,767789.88286,0.0908,1.0,0.0,False,False,0,0,,,False,False
2009-04-26,2009-04-24,646274.53088,0,0,,,False,-0.10944,True,False,-0.01818,True,644456.44208,698092.79021,767789.88286,0.09078,1.0,0.0,False,False,0,0,,,False,False
2009-05-03,2009-05-01,646288.87299,0,0,,,False,-0.08919,True,False,0.00637,True,644470.74384,698108.28227,767789.88286,0.09076,1.0,0.0,False,False,0,0,,,False,False
2009-05-10,2009-05-08,646310.1211,0,0,,,False,-0.02657,True,False,0.01227,True,644491.93219,698131.23406,767789.88286,0.09073,1.0,0.0,False,False,0,0,,,False,False
2009-05-17,2009-05-15,646332.25529,0,0,,,False,-0.06625,True,False,-0.00766,True,644514.0041,698155.14296,767789.88286,0.0907,1.0,0.0,False,False,0,0,,,False,False
2009-05-24,2009-05-22,646354.39024,0,0,,,False,-0.0526,True,False,0.00683,True,644536.07678,698179.05269,767789.88286,0.09066,1.0,0.0,False,False,0,0,,,False,False
2009-05-31,2009-05-29,646375.99463,2,0,sell:SGOV:179549;buy:QLD:161594,fund_buys;switch_on,False,-0.01019,True,True,0.06827,True,644557.6204,698202.38932,767789.88286,0.09063,1.0,0.0,False,False,2,0,sell:SGOV:179044;buy:QLD:161139,fund_buys;switch_on,False,True
2009-06-07,2009-06-05,655845.59446,2,0,sell:SGOV:164224;buy:SSO:163961,fund_buys;switch_on,True,0.02183,True,True,0.1207,True,654000.58072,707646.77528,767789.88286,0.07833,1.0,0.0,False,False,2,0,sell:SGOV:163762;buy:SSO:163500,fund_buys;switch_on,True,True
2009-06-14,2009-06-12,659188.53464,0,0,,,True,0.03791,True,True,0.12696,True,657334.11666,710982.25133,767789.88286,0.07399,1.0,0.0,False,False,0,0,,,True,True
2009-06-21,2009-06-19,644995.53485,0,0,,,True,0.02076,True,True,0.12165,True,643181.04408,696830.98664,767789.88286,0.09242,1.0,0.0,False,False,0,0,,,True,True
2009-06-28,2009-06-26,638328.35968,2,0,sell:SGOV:8741;buy:SSO:159582,fund_buys;switch_on,True,0.02772,True,True,0.13503,True,636532.62475,690184.49285,767789.88286,0.10108,1.0,0.0,False,False,2,0,sell:SGOV:8717;buy:SSO:159133,fund_buys;switch_on,True,True
2009-07-05,2009-07-02,623106.44324,0,0,,,True,0.00958,True,True,0.11363,True,621353.53001,675007.05913,767789.88286,0.12084,1.0,0.0,False,False,0,0,,,True,True
2009-07-12,2009-07-10,612713.07418,1,0,buy:SGOV:165037,idle_cash_to_sgov,False,-0.00093,True,True,0.09876,True,610989.39917,664645.03037,767789.88286,0.13434,1.0,0.0,False,False,1,0,buy:SGOV:164573,idle_cash_to_sgov,False,True
2009-07-19,2009-07-17,636251.19316,2,0,sell:SGOV:176736;buy:SSO:159063,fund_buys;switch_on,True,0.07638,True,True,0.18494,True,634461.30162,688118.79977,767789.88286,0.10377,1.0,0.0,False,False,2,0,sell:SGOV:176239;buy:SSO:158615,fund_buys;switch_on,True,True
2009-07-26,2009-07-24,665057.87666,0,0,,,True,0.12483,True,True,0.23778,True,663186.94722,716846.31237,767789.88286,0.06635,1.0,0.0,False,False,0,0,,,True,True
2009-08-02,2009-07-31,667906.97838,0,0,,,True,0.13352,True,True,0.23467,True,666028.03395,719689.29559,767789.88286,0.06265,1.0,0.0,False,False,0,0,,,True,True
2009-08-09,2009-08-07,680489.57155,0,0,,,True,0.15804,True,True,0.23952,True,678575.23022,732238.3443,767789.88286,0.0463,1.0,0.0,False,False,0,0,,,True,True
2009-08-16,2009-08-14,676908.26397,0,0,,,True,0.14708,True,True,0.22448,True,675003.99744,728668.94931,767789.88286,0.05095,1.0,0.0,False,False,0,0,,,True,True
2009-08-23,2009-08-21,689961.3726,0,0,,,True,0.17109,True,True,0.23819,True,688020.38553,741687.16057,767789.88286,0.034,1.0,0.0,False,False,0,0,,,True,True
2009-08-30,2009-08-28,693195.64605,0,0,,,True,0.17071,True,True,0.23343,True,691245.56045,744914.02637,767789.88286,0.02979,1.0,0.0,False,False,0,0,,,True,True
2009-09-06,2009-09-04,687272.68051,0,0,,,True,0.15196,True,True,0.21964,True,685339.25718,739009.2376,767789.88286,0.03749,1.0,0.0,False,False,0,0,,,True,True
2009-09-13,2009-09-11,708919.59136,0,0,,,True,0.17557,True,True,0.24413,True,706925.27174,760596.69318,767789.88286,0.00937,1.0,0.0,False,False,0,0,,,True,True
2009-09-20,2009-09-18,728630.87985,0,0,,,True,0.19766,True,True,0.26037,True,726581.10915,780253.8393,780253.8393,0.0,1.0,0.0,False,False,0,0,,,True,True
2009-09-27,2009-09-25,712119.73956,0,0,,,True,0.16495,True,True,0.22564,True,710116.4174,763790.13278,780253.8393,0.0211,1.0,0.0,False,False,0,0,,,True,True
2009-10-04,2009-10-02,695832.40114,0,0,,,True,0.13848,True,True,0.19214,True,693874.89793,747549.76032,780253.8393,0.04191,1.0,0.0,False,False,0,0,,,True,True
2009-10-11,2009-10-09,729477.49743,0,0,,,True,0.18411,True,True,0.22787,True,727425.34505,781101.10448,781101.10448,0.0,1.0,0.0,False,False,0,0,,,True,True
2009-10-18,2009-10-16,739175.67474,0,0,,,True,0.19525,True,True,0.22412,True,737096.2398,790772.71981,790772.71981,0.0,1.0,0.0,False,False,0,0,,,True,True
2009-10-25,2009-10-23,739959.30729,1,0,sell:QLD:47385,rebalance,True,0.18097,True,True,0.22346,True,737877.66788,791554.88319,791554.88319,0.0,1.0,0.0,False,False,1,0,sell:QLD:47252,rebalance,True,True
2009-11-01,2009-10-30,703888.58814,0,0,,,True,0.12759,True,True,0.15284,True,701908.42176,755586.37237,791554.88319,0.04544,1.0,0.0,False,False,0,0,,,True,True
2009-11-08,2009-11-06,730304.86818,0,0,,,True,0.1566,True,True,0.18609,True,728250.38834,781928.86839,791554.88319,0.01216,1.0,0.0,False,False,0,0,,,True,True
2009-11-15,2009-11-13,751783.43949,0,0,,,True,0.17488,True,True,0.21373,True,749668.5368,803347.69334,803347.69334,0.0,1.0,0.0,False,False,0,0,,,True,True
2009-11-22,2009-11-20,746165.35737,0,0,,,True,0.16446,True,True,0.18599,True,744066.2593,797745.95999,803347.69334,0.00697,1.0,0.0,False,False,0,0,,,True,True
2009-11-29,2009-11-27,746677.69502,0,0,,,True,0.15811,True,True,0.17816,True,744577.15566,798257.23873,803347.69334,0.00634,1.0,0.0,False,False,0,0,,,True,True
2009-12-06,2009-12-04,757267.54763,0,0,,,True,0.16381,True,True,0.18409,True,755137.21723,808817.77092,808817.77092,0.0,1.0,0.0,False,False,0,0,,,True,True
2009-12-13,2009-12-11,757836.61043,0,0,,,True,0.15376,True,True,0.17168,True,755704.67916,809385.67405,809385.67405,0.0,1.0,0.0,False,False,0,0,,,True,True
2009-12-20,2009-12-18,759639.50498,0,0,,,True,0.13747,True,True,0.16798,True,757502.50185,811183.87914,811183.87914,0.0,1.0,0.0,False,False,0,0,,,True,True
2009-12-27,2009-12-24,782460.83199,0,0,,,True,0.15266,True,True,0.19698,True,780259.6286,833941.56476,833941.56476,0.0,1.0,0.0,False,False,0,0,,,True,True
2010-01-03,2009-12-31,776161.67394,0,0,,,True,0.13283,True,True,0.18039,True,773978.19113,827660.80383,833941.56476,0.00753,1.0,0.0,False,False,0,0,,,True,True
2010-01-10,2010-01-08,795260.85018,0,0,,,True,0.15324,True,True,0.18843,True,793023.63818,846706.98627,846706.98627,0.0,1.0,0.0,False,False,0,0,,,True,True
2010-01-17,2010-01-15,785130.62291,0,0,,,True,0.13469,True,True,0.15936,True,782921.90896,836605.77182,846706.98627,0.01193,1.0,0.0,False,False,0,0,,,True,True
2010-01-24,2010-01-22,752163.19502,0,0,,,True,0.08415,True,True,0.10841,True,750047.224,803731.68989,846706.98627,0.05076,1.0,0.0,False,False,0,0,,,True,True
2010-01-31,2010-01-29,732621.11378,0,0,,,True,0.06001,True,True,0.06755,True,730560.11795,784245.27512,846706.98627,0.07377,1.0,0.0,False,False,0,0,,,True,True
2010-02-07,2010-02-05,731052.96665,0,0,,,True,0.04645,True,True,0.06375,True,728996.38227,782682.46606,846706.98627,0.07562,1.0,0.0,False,False,0,0,,,True,True
2010-02-14,2010-02-12,742547.89733,0,0,,,True,0.05021,True,True,0.07741,True,740458.97577,794146.17742,846706.98627,0.06208,1.0,0.0,False,False,0,0,,,True,True
2010-02-21,2010-02-19,763915.71505,0,0,,,True,0.07861,True,True,0.0988,True,761766.68222,815454.91349,846706.98627,0.03691,1.0,0.0,False,False,0,0,,,True,True
2010-02-28,2010-02-26,761645.80776,0,0,,,True,0.06916,True,True,0.08919,True,759503.16056,813192.58328,846706.98627,0.03958,1.0,0.0,False,False,0,0,,,True,True
2010-03-07,2010-03-05,790003.77965,0,0,,,True,0.09625,True,True,0.1228,True,787781.35668,841472.1621,846706.98627,0.00618,1.0,0.0,False,False,0,0,,,True,True
2010-03-14,2010-03-12,803488.11707,0,0,,,True,0.10053,True,True,0.13529,True,801227.76037,854920.15447,854920.15447,0.0,1.0,0.0,False,False,0,0,,,True,True
2010-03-21,2010-03-19,809165.7812,0,0,,,True,0.10391,True,True,0.13207,True,806889.45228,860583.44981,860583.44981,0.0,1.0,0.0,False,False,0,0,,,True,True
2010-03-28,2010-03-26,816822.58957,0,0,,,True,0.1043,True,True,0.13627,True,814524.72075,868220.26292,868220.26292,0.0,1.0,0.0,False,False,0,0,,,True,True
2010-04-04,2010-04-01,822773.90093,0,0,,,True,0.11011,True,True,0.13383,True,820459.29007,874156.14154,874156.14154,0.0,1.0,0.0,False,False,0,0,,,True,True
2010-04-11,2010-04-09,838079.91267,0,0,,,True,0.11806,True,True,0.14513,True,835722.24341,889421.05153,889421.05153,0.0,1.0,0.0,False,False,0,0,,,True,True
2010-04-18,2010-04-16,842245.41332,0,0,,,True,0.10859,True,True,0.14676,True,839876.0258,893576.48168,893576.48168,0.0,1.0,0.0,False,False,0,0,,,True,True
2010-04-25,2010-04-23,861704.00774,0,0,,,True,0.12384,True,True,0.16109,True,859279.8799,912981.96888,912981.96888,0.0,1.0,0.0,False,False,0,0,,,True,True
2010-05-02,2010-04-30,836231.42715,0,0,,,True,0.08816,True,True,0.1211,True,833878.95798,887582.70954,912981.96888,0.02782,1.0,0.0,False,False,0,0,,,True,True
2010-05-09,2010-05-07,769166.15568,0,0,,,True,0.01382,True,True,0.03062,True,767002.35245,820707.67836,912981.96888,0.10107,1.0,0.0,False,False,0,0,,,True,True
2010-05-16,2010-05-14,791727.86063,0,0,,,True,0.03227,True,True,0.05772,True,789500.58752,843207.42896,912981.96888,0.07642,1.0,0.0,False,False,0,0,,,True,True
2010-05-23,2010-05-21,730735.0489,1,0,buy:SGOV:448223,idle_cash_to_sgov,False,-0.0138,True,False,0.00756,True,728679.35885,782387.89245,912981.96888,0.14304,1.0,0.0,False,False,1,0,buy:SGOV:446962,idle_cash_to_sgov,False,False
2010-05-30,2010-05-28,730758.87315,2,0,sell:SGOV:202989;buy:QLD:182690,fund_buys;switch_on,False,-0.014,True,True,0.02083,True,728703.11608,782413.40074,912981.96888,0.14301,1.0,0.0,False,False,2,0,sell:SGOV:202418;buy:QLD:182176,fund_buys;switch_on,False,True
2010-06-06,2010-06-04,727795.89084,0,0,,,False,-0.03773,True,True,0.0067,True,725748.46918,779460.37253,912981.96888,0.14625,1.0,0.0,False,False,0,0,,,False,True
2010-06-13,2010-06-11,721591.62649,1,0,buy:SGOV:193793,idle_cash_to_sgov,False,-0.01476,True,False,0.01243,True,719561.65858,773274.82747,912981.96888,0.15302,0.98866,-0.01134,False,False,1,0,buy:SGOV:193248,idle_cash_to_sgov,False,False
2010-06-20,2010-06-18,721603.29064,2,0,sell:SGOV:200445;buy:QLD:180401,fund_buys;switch_on,False,0.0066,True,True,0.04497,True,719573.28992,773287.32706,912981.96888,0.15301,0.98872,5e-05,False,False,2,0,sell:SGOV:197626;buy:QLD:177863,fund_buys;switch_on,False,True
2010-06-27,2010-06-25,704280.81422,0,0,,,False,-0.03175,True,True,0.00084,True,702494.6566,756209.92991,912981.96888,0.17171,0.91857,-0.07014,False,False,0,0,,,False,True
2010-07-04,2010-07-02,698233.95996,1,0,buy:SGOV:177049,idle_cash_to_sgov,False,-0.08022,True,False,-0.05994,True,696533.09262,750249.92589,912981.96888,0.17824,0.89409,-0.02448,False,False,1,0,buy:SGOV:174559,idle_cash_to_sgov,False,False
2010-07-11,2010-07-09,698256.15062,0,0,,,False,-0.03026,True,False,-0.01353,True,696555.22922,750273.76968,912981.96888,0.17822,0.89419,0.0001,False,False,0,0,,,False,False
2010-07-18,2010-07-16,698277.00288,0,0,,,False,-0.04268,True,False,-0.0213,True,696576.03069,750296.17536,912981.96888,0.17819,0.89428,9e-05,False,False,0,0,,,False,False
2010-07-25,2010-07-23,698298.04708,0,0,,,False,-0.00966,True,False,0.01555,True,696597.02362,750318.78728,912981.96888,0.17817,0.89437,9e-05,False,False,0,0,,,False,False
2010-08-01,2010-07-30,698318.90059,0,0,,,False,-0.01148,True,False,0.00732,True,696617.82634,750341.1943,912981.96888,0.17814,0.89447,9e-05,False,False,0,0,,,False,False
2010-08-08,2010-08-06,698339.56341,2,0,sell:SGOV:193983;buy:QLD:174585,fund_buys;switch_on,False,0.0058,True,True,0.02625,True,696638.43882,750363.39642,912981.96888,0.17812,0.89456,9e-05,False,False,2,0,sell:SGOV:173106;buy:QLD:155796,fund_buys;switch_on,False,True
2010-08-15,2010-08-13,680322.29211,1,0,buy:SGOV:175951,idle_cash_to_sgov,False,-0.03272,True,False,-0.0206,True,680562.35193,734288.86978,912981.96888,0.19572,0.82853,-0.06602,False,False,0,0,,,False,False
2010-08-22,2010-08-20,680342.79521,0,0,,,False,-0.04027,True,False,-0.01885,True,680582.86226,734310.99928,912981.96888,0.1957,0.82862,9e-05,False,False,0,0,,,False,False
2010-08-29,2010-08-27,680363.11252,0,0,,,False,-0.04627,True,False,-0.03785,True,680603.18674,734332.92827,912981.96888,0.19568,0.82871,9e-05,False,False,0,0,,,False,False
2010-09-05,2010-09-03,680381.75279,0,0,,,False,-0.00995,True,False,0.00411,True,680621.83358,734353.04718,912981.96888,0.19565,0.8288,8e-05,False,False,0,0,,,False,False
2010-09-12,2010-09-10,680400.02072,0,0,,,False,-0.00545,True,False,0.01489,True,680640.10796,734372.76421,912981.96888,0.19563,0.82888,8e-05,False,False,0,0,,,False,False
2010-09-19,2010-09-17,680419.22125,2,0,sell:SGOV:189005;buy:QLD:170105,fund_buys;switch_on,False,0.00845,True,True,0.04672,True,680659.31527,734393.48783,912981.96888,0.19561,0.82896,9e-05,False,False,1,0,buy:QLD:141060,switch_on,False,True
2010-09-26,2010-09-24,690808.08513,2,0,sell:SGOV:172990;buy:SSO:172702,fund_buys;switch_on,True,0.0283,True,True,0.08009,True,689277.9654,743013.81625,912981.96888,0.18617,0.86437,0.03541,False,False,2,0,sell:SGOV:149520;buy:SSO:148948,fund_buys;switch_on,True,True
2010-10-03,2010-10-01,685413.1411,0,0,,,True,0.02523,True,True,0.06261,True,684779.89043,738517.34602,912981.96888,0.19109,0.8459,-0.01847,False,False,0,0,,,True,True
2010-10-10,2010-10-08,695845.00911,0,0,,,True,0.04102,True,True,0.07597,True,693623.34194,747362.25507,912981.96888,0.18141,0.88223,0.03633,False,False,0,0,,,True,True
2010-10-17,2010-10-15,712566.96603,0,0,,,True,0.04978,True,True,0.11076,True,707610.66212,761350.87089,912981.96888,0.16608,0.93969,0.05746,False,False,0,0,,,True,True
2010-10-24,2010-10-22,715561.78113,0,0,,,True,0.05485,True,True,0.11107,True,710161.79393,763903.44559,912981.96888,0.16329,0.95017,0.01048,False,False,0,0,,,True,True
2010-10-31,2010-10-29,720154.81943,0,0,,,True,0.05408,True,True,0.11821,True,713983.5071,767726.54281,912981.96888,0.1591,0.96588,0.0157,False,False,3,1,sell:SGOV:7388;buy:SSO:14240;buy:QLD:7307,fund_buys;governor_restore,True,True
2010-11-07,2010-11-05,744572.30946,0,0,,,True,0.09013,True,True,0.14634,True,735901.49291,789645.82436,912981.96888,0.13509,1.0,0.03412,False,False,0,0,,,True,True
2010-11-14,2010-11-12,727115.94066,0,0,,,True,0.06349,True,True,0.11514,True,720189.17321,773934.84459,912981.96888,0.1523,0.99138,-0.00862,False,False,0,0,,,True,True
2010-11-21,2010-11-19,726882.63543,0,0,,,True,0.06145,True,True,0.10856,True,719998.80077,773745.90048,912981.96888,0.15251,0.9906,-0.00078,False,False,0,0,,,True,True
2010-11-28,2010-11-26,724629.21852,0,0,,,True,0.05002,True,True,0.11371,True,717725.22126,771473.85241,912981.96888,0.155,0.98127,-0.00933,False,False,0,0,,,True,True
2010-12-05,2010-12-03,745314.41643,0,0,,,True,0.07864,True,True,0.12783,True,736539.76586,790290.09048,912981.96888,0.13439,1.0,0.01873,False,False,0,0,,,True,True
2010-12-12,2010-12-10,755526.07457,0,0,,,True,0.08942,True,True,0.1346,True,745770.85586,799522.6531,912981.96888,0.12427,1.0,0.0,False,False,0,0,,,True,True
2010-12-19,2010-12-17,757957.77565,0,0,,,True,0.08969,True,True,0.13101,True,747979.96742,801733.17843,912981.96888,0.12185,1.0,0.0,False,False,0,0,,,True,True
2010-12-26,2010-12-23,763990.00792,0,0,,,True,0.09882,True,True,0.13339,True,753515.91835,807270.23388,912981.96888,0.11579,1.0,0.0,False,False,0,0,,,True,True
2011-01-02,2010-12-31,762406.51322,0,0,,,True,0.09719,True,True,0.12288,True,752198.43367,805954.41339,912981.96888,0.11723,1.0,0.0,False,False,0,0,,,True,True
2011-01-09,2011-01-07,777923.85431,0,0,,,True,0.10672,True,True,0.14806,True,765949.28128,819706.64541,912981.96888,0.10217,1.0,0.0,False,False,0,0,,,True,True
2011-01-16,2011-01-14,794288.92289,0,0,,,True,0.12297,True,True,0.16661,True,780641.27,834400.13642,912981.96888,0.08607,1.0,0.0,False,False,0,0,,,True,True
2011-01-23,2011-01-21,779996.0046,0,0,,,True,0.11247,True,True,0.13532,True,768037.50362,821797.96072,912981.96888,0.09987,1.0,0.0,False,False,0,0,,,True,True
2011-01-30,2011-01-28,778046.89342,0,0,,,True,0.10427,True,True,0.13228,True,766186.81195,819948.90398,912981.96888,0.1019,1.0,0.0,False,False,0,0,,,True,True
2011-02-06,2011-02-04,803100.6016,0,0,,,True,0.13168,True,True,0.16181,True,788728.82855,842492.46717,912981.96888,0.07721,1.0,0.0,False,False,0,0,,,True,True
2011-02-13,2011-02-11,818633.72522,0,0,,,True,0.14447,True,True,0.17732,True,802668.73832,856433.87939,912981.96888,0.06194,1.0,0.0,False,False,0,0,,,True,True
2011-02-20,2011-02-18,826210.61165,0,0,,,True,0.15232,True,True,0.17778,True,809593.04625,863359.40994,912981.96888,0.05435,1.0,0.0,False,False,0,0,,,True,True
2011-02-27,2011-02-25,808534.04506,0,0,,,True,0.12932,True,True,0.15059,True,793708.9225,847476.42045,912981.96888,0.07175,1.0,0.0,False,False,0,0,,,True,True
2011-03-06,2011-03-04,811255.96354,0,0,,,True,0.12594,True,True,0.15109,True,796092.7707,849861.65336,912981.96888,0.06914,1.0,0.0,False,False,0,0,,,True,True
2011-03-13,2011-03-11,793025.25024,0,0,,,True,0.10602,True,True,0.11463,True,779881.8263,833651.82854,912981.96888,0.08689,1.0,0.0,False,False,0,0,,,True,True
2011-03-20,2011-03-18,768278.53369,0,0,,,True,0.08053,True,True,0.07186,True,757806.60308,811577.50395,912981.96888,0.11107,1.0,0.0,False,False,0,0,,,True,True
2011-03-27,2011-03-25,799243.84723,0,0,,,True,0.10418,True,True,0.11145,True,785495.63854,839267.40859,912981.96888,0.08074,1.0,0.0,False,False,0,0,,,True,True
2011-04-03,2011-04-01,810415.12275,0,0,,,True,0.11472,True,True,0.11818,True,795623.68847,849396.44557,912981.96888,0.06965,1.0,0.0,False,False,0,0,,,True,True
2011-04-10,2011-04-08,805248.37756,0,0,,,True,0.10576,True,True,0.10191,True,791078.45647,844851.86179,912981.96888,0.07462,1.0,0.0,False,False,0,0,,,True,True
2011-04-17,2011-04-15,799890.90032,0,0,,,True,0.09261,True,True,0.08864,True,786240.47602,840014.39697,912981.96888,0.07992,1.0,0.0,False,False,0,0,,,True,True
2011-04-24,2011-04-21,819271.88389,0,0,,,True,0.10222,True,True,0.11553,True,803433.73037,857208.24063,912981.96888,0.06109,1.0,0.0,False,False,0,0,,,True,True
2011-05-01,2011-04-29,835434.32287,0,0,,,True,0.11777,True,True,0.12069,True,818124.39658,871899.61402,912981.96888,0.045,1.0,0.0,False,False,0,0,,,True,True
2011-05-08,2011-05-06,822020.57872,0,0,,,True,0.0925,True,True,0.10374,True,805916.78244,859692.3682,912981.96888,0.05837,1.0,0.0,False,False,0,0,,,True,True
2011-05-15,2011-05-13,820538.42215,0,0,,,True,0.08524,True,True,0.09534,True,804589.42527,858365.26149,912981.96888,0.05982,1.0,0.0,False,False,0,0,,,True,True
2011-05-22,2011-05-20,813537.54031,0,0,,,True,0.0769,True,True,0.07684,True,798420.96591,852197.19993,912981.96888,0.06658,1.0,0.0,False,False,0,0,,,True,True
2011-05-29,2011-05-27,809976.30647,0,0,,,True,0.07053,True,True,0.06446,True,795287.80997,849064.60385,912981.96888,0.07001,1.0,0.0,False,False,0,0,,,True,True
2011-06-05,2011-06-03,790145.9088,0,0,,,True,0.04176,True,True,0.03983,True,777331.12678,831108.43633,912981.96888,0.08968,1.0,0.0,False,False,0,0,,,True,True
2011-06-12,2011-06-10,766514.80743,0,0,,,True,0.01396,True,True,0.0024,True,756160.53157,809938.29786,912981.96888,0.11286,1.0,0.0,False,False,0,0,,,True,True
2011-06-19,2011-06-17,764005.35025,1,0,buy:SGOV:232566,idle_cash_to_sgov,True,0.01005,True,False,-0.01508,True,753998.37656,807776.65853,912981.96888,0.11523,1.0,0.0,False,False,1,0,buy:SGOV:187147,idle_cash_to_sgov,True,False
2011-06-26,2011-06-24,763151.17895,0,0,,,True,0.00394,True,False,-0.00833,True,753196.27975,806974.87113,912981.96888,0.11611,1.0,0.0,False,False,0,0,,,True,False
2011-07-03,2011-07-01,787230.23314,2,0,sell:SGOV:218493;buy:QLD:196808,fund_buys;switch_on,True,0.05637,True,True,0.05178,True,775813.41655,829592.24367,912981.96888,0.09134,1.0,0.0,False,False,2,0,sell:SGOV:215333;buy:QLD:193953,fund_buys;switch_on,True,True
2011-07-10,2011-07-08,796061.27676,0,0,,,True,0.05616,True,True,0.06767,True,784438.37638,838217.40977,912981.96888,0.08189,1.0,0.0,False,False,0,0,,,True,True
2011-07-17,2011-07-15,778149.89847,0,0,,,True,0.03091,True,True,0.0419,True,767235.11484,821014.39872,912981.96888,0.10073,1.0,0.0,False,False,0,0,,,True,True
2011-07-24,2011-07-22,799945.65885,0,0,,,True,0.04982,True,True,0.06946,True,788258.52392,842038.07301,912981.96888,0.07771,1.0,0.0,False,False,0,0,,,True,True
2011-07-31,2011-07-29,770423.18229,0,0,,,True,0.00579,True,True,0.03602,True,760008.89882,813789.06674,912981.96888,0.10865,1.0,0.0,False,False,0,0,,,True,True
2011-08-07,2011-08-05,730173.38967,2,0,sell_all:QLD:168639;buy:SGOV:396549,idle_cash_to_sgov;switch_off,False,-0.06768,True,False,-0.03983,True,720920.2137,774701.11834,912981.96888,0.15146,0.99452,-0.00548,False,False,2,0,sell_all:QLD:166193;buy:SGOV:381236,idle_cash_to_sgov;switch_off,False,False
2011-08-14,2011-08-12,719954.21601,0,0,,,False,-0.08313,True,False,-0.04542,True,710849.2499,764630.39029,912981.96888,0.16249,0.95316,-0.04136,False,False,0,0,,,False,False
2011-08-21,2011-08-19,719956.78023,0,0,,,False,-0.12583,True,False,-0.10836,True,710851.78169,764633.11363,912981.96888,0.16249,0.95317,1e-05,False,False,0,0,,,False,False
2011-08-28,2011-08-26,719958.94997,0,0,,,False,-0.0833,True,False,-0.05352,True,710853.92399,764635.41801,912981.96888,0.16249,0.95318,1e-05,False,False,0,0,,,False,False
2011-09-04,2011-09-02,719960.92246,0,0,,,False,-0.08569,True,False,-0.05189,True,710855.87153,764637.5129,912981.96888,0.16248,0.95319,1e-05,False,False,0,0,,,False,False
2011-09-11,2011-09-09,719963.68396,0,0,,,False,-0.10082,True,False,-0.0542,True,710858.59811,764640.44576,912981.96888,0.16248,0.9532,1e-05,False,False,0,0,,,False,False
2011-09-18,2011-09-16,719965.06471,0,0,,,False,-0.05264,True,False,0.00692,True,710859.9614,764641.9122,912981.96888,0.16248,0.95321,1e-05,False,False,0,0,,,False,False
2011-09-25,2011-09-23,719966.24822,0,0,,,False,-0.11367,True,False,-0.03703,True,710861.12994,764643.16914,912981.96888,0.16248,0.95321,1e-05,False,False,0,0,,,False,False
2011-10-02,2011-09-30,719968.22073,0,0,,,False,-0.11616,True,False,-0.06658,True,710863.0775,764645.26406,912981.96888,0.16247,0.95322,1e-05,False,False,0,0,,,False,False
2011-10-09,2011-10-07,719970.19325,0,0,,,False,-0.09541,True,False,-0.03818,True,710865.02507,764647.35898,912981.96888,0.16247,0.95323,1e-05,False,False,0,0,,,False,False
2011-10-16,2011-10-14,719972.16577,2,0,sell:SGOV:199992;buy:QLD:179993,fund_buys;switch_on,False,-0.0403,True,True,0.03471,True,710866.97265,764649.45391,912981.96888,0.16247,0.95324,1e-05,False,False,2,0,sell:SGOV:188229;buy:QLD:169406,fund_buys;switch_on,False,True
2011-10-23,2011-10-21,716031.09667,0,0,,,False,-0.02859,True,True,0.01814,True,707157.89566,760940.67161,912981.96888,0.16653,0.938,-0.01523,False,False,0,0,,,False,True
2011-10-30,2011-10-28,725890.45338,0,0,,,False,0.00851,True,True,0.04573,True,716437.45274,770220.42025,912981.96888,0.15637,0.97612,0.03812,False,False,0,0,,,False,True
2011-11-06,2011-11-04,718518.84697,0,0,,,False,-0.01568,True,True,0.02572,True,709499.501,763282.57165,912981.96888,0.16397,0.94762,-0.0285,False,False,0,0,,,False,True
2011-11-13,2011-11-11,718295.81749,0,0,,,False,-0.00662,True,True,0.02496,True,709289.65365,763072.82745,912981.96888,0.1642,0.94676,-0.00086,False,False,0,0,,,False,True
2011-11-20,2011-11-18,706149.39295,1,0,buy:SGOV:186162,idle_cash_to_sgov,False,-0.04324,True,False,-0.01928,True,697857.74315,751641.03484,912981.96888,0.17672,0.89981,-0.04696,False,False,1,0,buy:SGOV:175212,idle_cash_to_sgov,False,False
2011-11-27,2011-11-25,706151.52108,0,0,,,False,-0.08598,True,False,-0.06271,True,697859.84629,751643.30006,912981.96888,0.17672,0.89981,1e-05,False,False,0,0,,,False,False
2011-12-04,2011-12-02,706154.03614,0,0,,,False,-0.01634,True,False,0.00448,True,697862.33182,751645.97715,912981.96888,0.17671,0.89983,1e-05,False,False,0,0,,,False,False
2011-12-11,2011-12-09,706156.16428,0,0,,,False,-0.00643,True,False,0.01197,True,697864.43497,751648.24238,912981.96888,0.17671,0.89983,1e-05,False,False,0,0,,,False,False
2011-12-18,2011-12-16,706157.32508,0,0,,,False,-0.0327,True,False,-0.02217,True,697865.58214,751649.47797,912981.96888,0.17671,0.89984,1e-05,False,False,0,0,,,False,False
2011-12-25,2011-12-23,706158.09895,0,0,,,False,0.00488,True,False,0.0,True,697866.34693,751650.3017,912981.96888,0.17671,0.89984,0.0,False,False,0,0,,,False,False
2012-01-01,2011-12-30,706159.84017,0,0,,,False,-0.00097,True,False,-0.00457,True,697868.0677,751652.15508,912981.96888,0.17671,0.89985,1e-05,False,False,0,0,,,False,False
2012-01-08,2012-01-06,706162.54873,2,0,sell:SGOV:196156;buy:QLD:176541,fund_buys;switch_on,False,0.01531,True,True,0.02889,True,697870.74445,751655.03813,912981.96888,0.1767,0.89986,1e-05,False,False,2,0,sell:SGOV:174441;buy:QLD:156997,fund_buys;switch_on,False,True
2012-01-15,2012-01-13,707581.16614,2,0,sell:SGOV:176935;buy:SSO:176895,fund_buys;switch_on,True,0.02481,True,True,0.03523,True,699132.58381,752917.08379,912981.96888,0.17532,0.90505,0.00518,False,False,2,0,sell:SGOV:158319;buy:SSO:158187,fund_buys;switch_on,True,True
2012-01-22,2012-01-20,721254.25728,0,0,,,True,0.04609,True,True,0.06279,True,711312.06398,765096.90287,912981.96888,0.16198,0.95507,0.05003,False,False,0,0,,,True,True
2012-01-29,2012-01-27,725827.99669,0,0,,,True,0.04703,True,True,0.07206,True,715383.0692,769168.37963,912981.96888,0.15752,0.9718,0.01672,False,False,0,0,,,True,True
2012-02-05,2012-02-03,743889.91924,0,0,,,True,0.06953,True,True,0.09923,True,731484.10396,785270.04803,912981.96888,0.13988,1.0,0.0282,False,False,0,0,,,True,True
2012-02-12,2012-02-10,746166.14242,0,0,,,True,0.0676,True,True,0.10522,True,733507.32667,787294.12543,912981.96888,0.13767,1.0,0.0,False,False,0,0,,,True,True
2012-02-19,2012-02-17,757821.97719,0,0,,,True,0.08249,True,True,0.1191,True,743900.89823,797688.74326,912981.96888,0.12628,1.0,0.0,False,False,0,0,,,True,True
2012-02-26,2012-02-24,762820.49679,0,0,,,True,0.08577,True,True,0.12578,True,748354.79977,802143.55846,912981.96888,0.1214,1.0,0.0,False,False,0,0,,,True,True
2012-03-04,2012-03-02,770111.71701,0,0,,,True,0.08816,True,True,0.13877,True,754846.2979,808636.05868,912981.96888,0.11429,1.0,0.0,False,False,0,0,,,True,True
2012-03-11,2012-03-09,771383.2496,0,0,,,True,0.08852,True,True,0.13763,True,755979.65244,809770.19429,912981.96888,0.11305,1.0,0.0,False,False,0,0,,,True,True
2012-03-18,2012-03-16,792020.04003,0,0,,,True,0.1135,True,True,0.16144,True,774381.57852,828173.01935,912981.96888,0.09289,1.0,0.0,False,False,0,0,,,True,True
2012-03-25,2012-03-23,793268.80258,0,0,,,True,0.10551,True,True,0.16259,True,775483.22963,829275.61365,912981.96888,0.09168,1.0,0.0,False,False,0,0,,,True,True
2012-04-01,2012-03-30,800386.86259,0,0,,,True,0.11159,True,True,0.16729,True,781830.04687,835623.28568,912981.96888,0.08473,1.0,0.0,False,False,0,0,,,True,True
2012-04-08,2012-04-05,798484.72641,0,0,,,True,0.10115,True,True,0.16486,True,780124.73488,833918.6369,912981.96888,0.0866,1.0,0.0,False,False,0,0,,,True,True
2012-04-15,2012-04-13,779618.90923,0,0,,,True,0.07732,True,True,0.1325,True,763308.88792,817103.73317,912981.96888,0.10502,1.0,0.0,False,False,0,0,,,True,True
2012-04-22,2012-04-20,778284.22556,0,0,,,True,0.08273,True,True,0.11878,True,762134.82211,815930.50745,912981.96888,0.1063,1.0,0.0,False,False,0,0,,,True,True
2012-04-29,2012-04-27,796111.36214,0,0,,,True,0.101,True,True,0.14228,True,778024.90267,831821.45759,912981.96888,0.0889,1.0,0.0,False,False,0,0,,,True,True
2012-05-06,2012-05-04,768156.0378,0,0,,,True,0.07251,True,True,0.09527,True,753115.56861,806913.05208,912981.96888,0.11618,1.0,0.0,False,False,0,0,,,True,True
2012-05-13,2012-05-11,760506.68721,0,0,,,True,0.05964,True,True,0.08376,True,746293.91559,800092.26867,912981.96888,0.12365,1.0,0.0,False,False,0,0,,,True,True
2012-05-20,2012-05-18,721939.87604,0,0,,,True,0.0133,True,True,0.02464,True,711916.27542,765715.64552,912981.96888,0.1613,0.95762,-0.04238,False,False,0,0,,,True,True
2012-05-27,2012-05-25,736076.06118,0,0,,,True,0.02786,True,True,0.04041,True,724520.52605,778320.79527,912981.96888,0.1475,1.0,0.04238,False,False,0,0,,,True,True
2012-06-03,2012-06-01,714363.33301,2,0,sell_all:SSO:171042;buy:SGOV:190336,idle_cash_to_sgov;switch_off,False,-0.00505,True,True,0.00957,True,705158.76459,758959.90346,912981.96888,0.1687,0.92987,-0.07013,False,False,2,0,sell_all:SSO:152953;buy:SGOV:170206,idle_cash_to_sgov;switch_off,False,True
2012-06-10,2012-06-08,730823.36412,2,0,sell:SGOV:201562;buy:SSO:182706,fund_buys;switch_on,True,0.02891,True,True,0.04619,True,719800.57516,773602.52474,912981.96888,0.15266,0.99001,0.06014,False,False,2,0,sell:SGOV:196656;buy:SSO:178152,fund_buys;switch_on,True,True
2012-06-17,2012-06-15,733710.08122,0,0,,,True,0.03949,True,True,0.0472,True,722494.9313,776297.86848,912981.96888,0.14971,1.0,0.00999,False,False,0,0,,,True,True
2012-06-24,2012-06-22,733612.14471,0,0,,,True,0.03041,True,True,0.04884,True,722223.72506,776027.60564,912981.96888,0.15001,0.99997,-3e-05,False,False,0,0,,,True,True
2012-07-01,2012-06-29,745969.43955,0,0,,,True,0.04816,True,True,0.05731,True,733841.78468,787646.62342,912981.96888,0.13728,1.0,3e-05,False,False,0,0,,,True,True
2012-07-08,2012-07-06,743809.43538,0,0,,,True,0.03988,True,True,0.05309,True,731767.11913,785572.88656,912981.96888,0.13955,1.0,0.0,False,False,0,0,,,True,True
2012-07-15,2012-07-13,739089.11328,0,0,,,True,0.03768,True,True,0.03839,True,727600.02907,781406.71046,912981.96888,0.14412,1.0,0.0,False,False,0,0,,,True,True
2012-07-22,2012-07-20,747113.04105,0,0,,,True,0.03756,True,True,0.04685,True,734927.11068,788734.79451,912981.96888,0.13609,1.0,0.0,False,False,0,0,,,True,True
2012-07-29,2012-07-27,757411.18762,0,0,,,True,0.05164,True,True,0.05472,True,744609.88437,798418.57065,912981.96888,0.12548,1.0,0.0,False,False,0,0,,,True,True
2012-08-05,2012-08-03,763316.08726,0,0,,,True,0.05212,True,True,0.06306,True,750002.03095,803811.80816,912981.96888,0.11958,1.0,0.0,False,False,0,0,,,True,True
2012-08-12,2012-08-10,776446.50796,0,0,,,True,0.05993,True,True,0.07767,True,762045.87294,815856.68212,912981.96888,0.10638,1.0,0.0,False,False,0,0,,,True,True
2012-08-19,2012-08-17,790328.23239,0,0,,,True,0.06612,True,True,0.09614,True,774722.14289,828533.98407,912981.96888,0.0925,1.0,0.0,False,False,0,0,,,True,True
2012-08-26,2012-08-24,787966.395,0,0,,,True,0.05778,True,True,0.09081,True,772447.27951,826260.16744,912981.96888,0.09499,1.0,0.0,False,False,0,0,,,True,True
2012-09-02,2012-08-31,786456.41639,0,0,,,True,0.05124,True,True,0.08388,True,771034.1383,824848.1025,912981.96888,0.09653,1.0,0.0,False,False,0,0,,,True,True
2012-09-09,2012-09-07,804027.55432,0,0,,,True,0.07139,True,True,0.09996,True,787428.73453,841243.70129,912981.96888,0.07858,1.0,0.0,False,False,0,0,,,True,True
2012-09-16,2012-09-14,817834.39697,0,0,,,True,0.08677,True,True,0.10506,True,800422.27591,854238.31898,912981.96888,0.06434,1.0,0.0,False,False,0,0,,,True,True
2012-09-23,2012-09-21,817320.64911,1,0,sell:QLD:52057,rebalance,True,0.0784,True,True,0.10169,True,799814.78834,853631.95198,912981.96888,0.06501,1.0,0.0,False,False,0,0,,,True,True
2012-09-30,2012-09-28,801668.86359,0,0,,,True,0.06007,True,True,0.07234,True,784132.21306,837950.48254,912981.96888,0.08218,1.0,0.0,False,False,0,0,,,True,True
2012-10-07,2012-10-05,809974.59484,0,0,,,True,0.07037,True,True,0.07136,True,792510.06643,846329.32381,912981.96888,0.07301,1.0,0.0,False,False,0,0,,,True,True
2012-10-14,2012-10-12,787467.97268,0,0,,,True,0.04319,True,True,0.0318,True,768685.88903,822506.23754,912981.96888,0.0991,1.0,0.0,False,False,0,0,,,True,True
2012-10-21,2012-10-19,783164.24967,0,0,,,True,0.04315,True,True,0.01181,True,763682.7462,817504.18588,912981.96888,0.10458,1.0,0.0,False,False,0,0,,,True,True
2012-10-28,2012-10-26,775119.14736,0,0,,,True,0.02529,True,True,0.00422,True,755553.36483,809375.88094,912981.96888,0.11348,1.0,0.0,False,False,0,0,,,True,True
2012-11-04,2012-11-02,775536.30948,1,0,buy:SGOV:248702,idle_cash_to_sgov,True,0.02558,True,False,-0.00088,True,755937.96724,809761.81049,912981.96888,0.11306,1.0,0.0,False,False,1,0,buy:SGOV:217373,idle_cash_to_sgov,True,False
2012-11-11,2012-11-09,764112.79697,1,0,buy:SGOV:193311,idle_cash_to_sgov,False,-0.00082,True,False,-0.02969,True,744799.14491,798623.99091,912981.96888,0.12526,1.0,0.0,False,False,1,0,buy:SGOV:188494,idle_cash_to_sgov,False,False
2012-11-18,2012-11-16,764126.40455,0,0,,,False,-0.01613,True,False,-0.04915,True,744812.40854,798638.21308,912981.96888,0.12524,1.0,0.0,False,False,0,0,,,False,False
2012-11-25,2012-11-23,764137.91885,0,0,,,False,0.01873,True,False,-0.01023,True,744823.6318,798650.24742,912981.96888,0.12523,1.0,0.0,False,False,0,0,,,False,False
2012-12-02,2012-11-30,764152.36429,2,0,sell:SGOV:212265;buy:SSO:191038,fund_buys;switch_on,True,0.0227,True,False,0.00316,True,744837.71213,798665.34529,912981.96888,0.12521,1.0,0.0,False,False,2,0,sell:SGOV:206899;buy:SSO:186209,fund_buys;switch_on,True,False
2012-12-09,2012-12-07,762958.65932,0,0,,,True,0.02305,True,False,-0.01152,True,743674.17913,797502.75613,912981.96888,0.12649,1.0,0.0,False,False,0,0,,,True,False
2012-12-16,2012-12-14,762107.76459,0,0,,,True,0.01881,True,False,-0.01659,True,742844.79153,796674.20914,912981.96888,0.12739,1.0,0.0,False,False,0,0,,,True,False
2012-12-23,2012-12-21,766507.86238,0,0,,,True,0.02933,True,False,-0.0035,True,747133.67288,800963.59192,912981.96888,0.1227,1.0,0.0,False,False,0,0,,,True,False
2012-12-30,2012-12-28,759165.1439,0,0,,,True,0.00879,True,False,-0.02514,True,739976.54823,793807.16043,912981.96888,0.13053,1.0,0.0,False,False,0,0,,,True,False
2013-01-06,2013-01-04,775825.18582,0,0,,,True,0.05408,True,False,0.01906,True,756215.49257,810046.53246,912981.96888,0.11275,1.0,0.0,False,False,0,0,,,True,False
2013-01-13,2013-01-11,777902.56918,2,0,sell:SGOV:194499;buy:QLD:194476,fund_buys;switch_on,True,0.05691,True,True,0.02804,True,758240.36819,812072.10125,912981.96888,0.11053,1.0,0.0,False,False,2,0,sell:SGOV:189583;buy:QLD:189560,fund_buys;switch_on,True,True
2013-01-20,2013-01-18,782265.31221,0,0,,,True,0.06564,True,True,0.02649,True,762492.83894,816325.35367,912981.96888,0.10587,1.0,0.0,False,False,0,0,,,True,True
2013-01-27,2013-01-25,787113.78211,0,0,,,True,0.0763,True,True,0.02417,True,767218.7594,821052.10006,912981.96888,0.10069,1.0,0.0,False,False,0,0,,,True,True
2013-02-03,2013-02-01,793295.81372,0,0,,,True,0.08103,True,True,0.03396,True,773244.53453,827078.64214,912981.96888,0.09409,1.0,0.0,False,False,0,0,,,True,True
2013-02-10,2013-02-08,796808.11732,0,0,,,True,0.08193,True,True,0.03775,True,776668.06146,830502.84753,912981.96888,0.09034,1.0,0.0,False,False,0,0,,,True,True
2013-02-17,2013-02-15,796454.0243,0,0,,,True,0.08081,True,True,0.03309,True,776322.91849,830158.58951,912981.96888,0.09072,1.0,0.0,False,False,0,0,,,True,True
2013-02-24,2013-02-22,791676.07983,0,0,,,True,0.07595,True,True,0.02253,True,771665.74092,825502.54767,912981.96888,0.09582,1.0,0.0,False,False,0,0,,,True,True
2013-03-03,2013-03-01,793473.31227,0,0,,,True,0.07499,True,True,0.02545,True,773417.54668,827255.63667,912981.96888,0.0939,1.0,0.0,False,False,0,0,,,True,True
2013-03-10,2013-03-08,811351.87474,0,0,,,True,0.09405,True,True,0.04408,True,790844.21224,844683.36425,912981.96888,0.07481,1.0,0.0,False,False,0,0,,,True,True
2013-03-17,2013-03-15,813820.27419,0,0,,,True,0.09614,True,True,0.03976,True,793250.22068,847090.39048,912981.96888,0.07217,1.0,0.0,False,False,0,0,,,True,True
2013-03-24,2013-03-22,813180.95038,0,0,,,True,0.08869,True,True,0.03757,True,792627.05634,846468.03743,912981.96888,0.07285,1.0,0.0,False,False,0,0,,,True,True
2013-03-31,2013-03-28,818341.98933,0,0,,,True,0.09344,True,True,0.04208,True,797657.64535,851499.29024,912981.96888,0.06734,1.0,0.0,False,False,0,0,,,True,True
2013-04-07,2013-04-05,807484.02789,0,0,,,True,0.07793,True,True,0.02231,True,787074.12877,840916.59973,912981.96888,0.07893,1.0,0.0,False,False,0,0,,,True,True
2013-04-14,2013-04-12,830450.239,0,0,,,True,0.0981,True,True,0.05126,True,809459.84801,863303.02703,912981.96888,0.05441,1.0,0.0,False,False,0,0,,,True,True
2013-04-21,2013-04-19,808625.22426,0,0,,,True,0.07074,True,True,0.02115,True,788186.48036,842030.2642,912981.96888,0.07771,1.0,0.0,False,False,0,0,,,True,True
2013-04-28,2013-04-26,825866.40713,0,0,,,True,0.08531,True,True,0.04125,True,804991.87666,858836.19156,912981.96888,0.05931,1.0,0.0,False,False,0,0,,,True,True
2013-05-05,2013-05-03,850275.48075,0,0,,,True,0.10263,True,True,0.07619,True,828783.9887,882628.83468,912981.96888,0.03325,1.0,0.0,False,False,0,0,,,True,True
2013-05-12,2013-05-10,862577.86544,0,0,,,True,0.11083,True,True,0.08606,True,840775.41945,894620.72273,912981.96888,0.02011,1.0,0.0,False,False,0,0,,,True,True
2013-05-19,2013-05-17,881398.63237,0,0,,,True,0.12821,True,True,0.09948,True,859120.47441,912966.20551,912981.96888,2e-05,1.0,0.0,False,False,0,0,,,True,True
2013-05-26,2013-05-24,870475.48562,0,0,,,True,0.11091,True,True,0.08226,True,848473.42012,902319.59379,912981.96888,0.01168,1.0,0.0,False,False,0,0,,,True,True
2013-06-02,2013-05-31,863310.24957,0,0,,,True,0.0946,True,True,0.07672,True,841489.29189,895335.90813,912981.96888,0.01933,1.0,0.0,False,False,0,0,,,True,True
2013-06-09,2013-06-07,867778.69034,0,0,,,True,0.09903,True,True,0.07786,True,845844.78878,899691.86235,912981.96888,0.01456,1.0,0.0,False,False,0,0,,,True,True
2013-06-16,2013-06-14,855824.95891,0,0,,,True,0.08395,True,True,0.05919,True,834193.19879,888040.74445,912981.96888,0.02732,1.0,0.0,False,False,0,0,,,True,True
2013-06-23,2013-06-21,835132.92652,0,0,,,True,0.05735,True,True,0.03395,True,814024.17633,867872.23834,912981.96888,0.04941,1.0,0.0,False,False,0,0,,,True,True
2013-06-30,2013-06-28,843506.13506,0,0,,,True,0.06345,True,True,0.04449,True,822185.74441,876034.38178,912981.96888,0.04047,1.0,0.0,False,False,0,0,,,True,True
2013-07-07,2013-07-05,859996.65867,0,0,,,True,0.07798,True,True,0.06279,True,838259.45504,892108.52025,912981.96888,0.02286,1.0,0.0,False,False,0,0,,,True,True
2013-07-14,2013-07-12,891098.98173,0,0,,,True,0.10623,True,True,0.10278,True,868575.63859,922425.13164,922425.13164,0.0,1.0,0.0,False,False,0,0,,,True,True
2013-07-21,2013-07-19,892198.58726,0,0,,,True,0.10968,True,True,0.088,True,869647.45066,923497.31255,923497.31255,0.0,1.0,0.0,False,False,0,0,,,True,True
2013-07-28,2013-07-26,896366.99473,0,0,,,True,0.10507,True,True,0.0968,True,873710.49781,927560.65476,927560.65476,0.0,1.0,0.0,False,False,0,0,,,True,True
2013-08-04,2013-08-02,912939.21154,0,0,,,True,0.11219,True,True,0.11718,True,889863.83674,943714.34778,943714.34778,0.0,1.0,0.0,False,False,0,0,,,True,True
2013-08-11,2013-08-09,904209.14044,0,0,,,True,0.0959,True,True,0.10455,True,881354.4261,935205.3945,943714.34778,0.00902,1.0,0.0,False,False,0,0,,,True,True
2013-08-18,2013-08-16,886302.41447,0,0,,,True,0.06832,True,True,0.08449,True,863900.30889,917751.82317,943714.34778,0.02751,1.0,0.0,False,False,0,0,,,True,True
2013-08-25,2013-08-23,896270.32157,0,0,,,True,0.06926,True,True,0.09818,True,873616.26802,927468.25444,943714.34778,0.01722,1.0,0.0,False,False,0,0,,,True,True
2013-09-01,2013-08-30,878617.50666,0,0,,,True,0.04532,True,True,0.0757,True,856409.64405,910261.96981,943714.34778,0.03545,1.0,0.0,False,False,0,0,,,True,True
2013-09-08,2013-09-06,895520.30599,0,0,,,True,0.05565,True,True,0.09217,True,872885.20975,926737.80108,943714.34778,0.01799,1.0,0.0,False,False,0,0,,,True,True
2013-09-15,2013-09-13,913460.32102,0,0,,,True,0.07172,True,True,0.10251,True,890371.77461,944224.55774,944224.55774,0.0,1.0,0.0,False,False,0,0,,,True,True
2013-09-22,2013-09-20,928062.86324,0,0,,,True,0.08049,True,True,0.11343,True,904605.2243,958458.12546,958458.12546,0.0,1.0,0.0,False,False,0,0,,,True,True
2013-09-29,2013-09-27,923183.6799,0,0,,,True,0.06432,True,True,0.1099,True,899849.36671,953702.40066,958458.12546,0.00496,1.0,0.0,False,False,0,0,,,True,True
2013-10-06,2013-10-04,924654.62312,0,0,,,True,0.0592,True,True,0.10868,True,901283.13048,955136.38575,958458.12546,0.00347,1.0,0.0,False,False,0,0,,,True,True
2013-10-13,2013-10-11,927515.37648,0,0,,,True,0.06307,True,True,0.10078,True,904071.57574,957925.22938,958458.12546,0.00056,1.0,0.0,False,False,0,0,,,True,True
2013-10-20,2013-10-18,961056.05645,0,0,,,True,0.08398,True,True,0.13573,True,936764.48448,990619.03814,990619.03814,0.0,1.0,0.0,False,False,0,0,,,True,True
2013-10-27,2013-10-25,971231.60242,0,0,,,True,0.0886,True,True,0.13973,True,946682.83428,1000537.78632,1000537.78632,0.0,1.0,0.0,False,False,0,0,,,True,True
2013-11-03,2013-11-01,971266.6053,0,0,,,True,0.0849,True,True,0.1322,True,946716.95244,1000572.31761,1000572.31761,0.0,1.0,0.0,False,False,0,0,,,True,True
2013-11-10,2013-11-08,972788.77768,0,0,,,True,0.08592,True,True,0.12198,True,948200.65057,1002056.4879,1002056.4879,0.0,1.0,0.0,False,False,0,0,,,True,True
2013-11-17,2013-11-15,992162.6884,0,0,,,True,0.09815,True,True,0.13441,True,967084.86809,1020941.41366,1020941.41366,0.0,1.0,0.0,False,False,0,0,,,True,True
2013-11-24,2013-11-22,994728.45136,0,0,,,True,0.09743,True,True,0.12821,True,969585.77907,1023443.15094,1023443.15094,0.0,1.0,0.0,False,False,0,0,,,True,True
2013-12-01,2013-11-29,1007442.23852,1,0,sell:QLD:64395,rebalance,True,0.09427,True,True,0.14471,True,981978.21361,1035836.32326,1035836.32326,0.0,1.0,0.0,False,False,1,0,sell:QLD:62768,rebalance,True,True
2013-12-08,2013-12-06,1009539.60434,0,0,,,True,0.08922,True,True,0.14319,True,984022.5666,1037881.28123,1037881.28123,0.0,1.0,0.0,False,False,0,0,,,True,True
2013-12-15,2013-12-13,992753.02006,0,0,,,True,0.06672,True,True,0.12068,True,967660.27841,1021519.67181,1037881.28123,0.01576,1.0,0.0,False,False,0,0,,,True,True
2013-12-22,2013-12-20,1018601.51789,0,0,,,True,0.08829,True,True,0.13841,True,992855.43209,1046715.53379,1046715.53379,0.0,1.0,0.0,False,False,0,0,,,True,True
2013-12-29,2013-12-27,1032916.09689,2,0,sell:SSO:65582;buy:SGOV:152557,idle_cash_to_sgov;rebalance,True,0.09843,True,True,0.14652,True,1006808.19717,1060669.02192,1060669.02192,0.0,1.0,0.0,False,False,2,0,sell:SSO:63924;buy:SGOV:148701,idle_cash_to_sgov;rebalance,True,True
2014-01-05,2014-01-03,1024549.49665,0,0,,,True,0.08877,True,True,0.12962,True,998653.07027,1052514.61809,1060669.02192,0.00769,1.0,0.0,False,False,0,0,,,True,True
2014-01-12,2014-01-10,1031655.06526,0,0,,,True,0.09076,True,True,0.13119,True,1005579.03926,1059441.16259,1060669.02192,0.00116,1.0,0.0,False,False,0,0,,,True,True
2014-01-19,2014-01-17,1033583.5755,0,0,,,True,0.08417,True,True,0.13253,True,1007458.80463,1061321.37066,1061321.37066,0.0,1.0,0.0,False,False,0,0,,,True,True
2014-01-26,2014-01-24,1013019.66098,0,0,,,True,0.05242,True,True,0.11126,True,987414.66141,1041277.69966,1061321.37066,0.01889,1.0,0.0,False,False,0,0,,,True,True
2014-02-02,2014-01-31,1008004.94854,0,0,,,True,0.04462,True,True,0.09925,True,982526.70033,1036390.15178,1061321.37066,0.02349,1.0,0.0,False,False,0,0,,,True,True
2014-02-09,2014-02-07,1017517.40166,0,0,,,True,0.05,True,True,0.10583,True,991798.71765,1045662.62657,1061321.37066,0.01475,1.0,0.0,False,False,0,0,,,True,True
2014-02-16,2014-02-14,1044677.72706,0,0,,,True,0.07066,True,True,0.13075,True,1018272.54144,1072137.09969,1072137.09969,0.0,1.0,0.0,False,False,0,0,,,True,True
2014-02-23,2014-02-21,1044649.72367,0,0,,,True,0.06651,True,True,0.12531,True,1018245.24585,1072110.15827,1072137.09969,3e-05,1.0,0.0,False,False,0,0,,,True,True
2014-03-02,2014-02-28,1056159.34688,0,0,,,True,0.07663,True,True,0.12945,True,1029463.95304,1083329.36722,1083329.36722,0.0,1.0,0.0,False,False,0,0,,,True,True
2014-03-09,2014-03-07,1062747.52268,0,0,,,True,0.08414,True,True,0.12573,True,1035885.60683,1089751.55229,1089751.55229,0.0,1.0,0.0,False,False,0,0,,,True,True
2014-03-16,2014-03-14,1040814.0393,0,0,,,True,0.05966,True,True,0.0971,True,1014506.51192,1068373.01817,1089751.55229,0.01962,1.0,0.0,False,False,0,0,,,True,True
2014-03-23,2014-03-21,1050453.58857,0,0,,,True,0.07069,True,True,0.0989,True,1023902.41298,1077769.48004,1089751.55229,0.011,1.0,0.0,False,False,0,0,,,True,True
2014-03-30,2014-03-28,1036359.77062,0,0,,,True,0.06212,True,True,0.0693,True,1010164.82901,1064032.45688,1089751.55229,0.0236,1.0,0.0,False,False,0,0,,,True,True
2014-04-06,2014-04-04,1034366.73624,0,0,,,True,0.06269,True,True,0.05454,True,1008222.17045,1062090.16727,1089751.55229,0.02538,1.0,0.0,False,False,0,0,,,True,True
2014-04-13,2014-04-11,1006726.07137,0,0,,,True,0.0308,True,True,0.02209,True,981280.14816,1035148.48443,1089751.55229,0.05011,1.0,0.0,False,False,0,0,,,True,True
2014-04-20,2014-04-17,1032159.72487,0,0,,,True,0.05586,True,True,0.04444,True,1006070.94328,1059939.63375,1089751.55229,0.02736,1.0,0.0,False,False,0,0,,,True,True
2014-04-27,2014-04-25,1031849.74051,0,0,,,True,0.05154,True,True,0.03945,True,1005768.79406,1059637.80921,1089751.55229,0.02763,1.0,0.0,False,False,0,0,,,True,True
2014-05-04,2014-05-02,1044521.67804,0,0,,,True,0.05856,True,True,0.05162,True,1018120.43697,1071989.7473,1089751.55229,0.0163,1.0,0.0,False,False,0,0,,,True,True
2014-05-11,2014-05-09,1039985.11203,0,0,,,True,0.0543,True,True,0.03837,True,1013698.53677,1067568.11276,1089751.55229,0.02036,1.0,0.0,False,False,0,0,,,True,True
2014-05-18,2014-05-16,1045362.96756,0,0,,,True,0.05103,True,True,0.04363,True,1018940.46213,1072810.34806,1089751.55229,0.01555,1.0,0.0,False,False,0,0,,,True,True
2014-05-25,2014-05-23,1064994.1748,0,0,,,True,0.06096,True,True,0.06594,True,1038075.47293,1091945.68355,1091945.68355,0.0,1.0,0.0,False,False,0,0,,,True,True
2014-06-01,2014-05-30,1080465.3515,0,0,,,True,0.07116,True,True,0.07944,True,1053155.60175,1107026.22562,1107026.22562,0.0,1.0,0.0,False,False,0,0,,,True,True
2014-06-08,2014-06-06,1097815.18487,0,0,,,True,0.08145,True,True,0.09085,True,1070066.90252,1123937.93965,1123937.93965,0.0,1.0,0.0,False,False,0,0,,,True,True
2014-06-15,2014-06-13,1090899.21466,0,0,,,True,0.06975,True,True,0.08002,True,1063325.73965,1117197.19004,1123937.93965,0.006,1.0,0.0,False,False,0,0,,,True,True
2014-06-22,2014-06-20,1103210.82447,0,0,,,True,0.07985,True,True,0.08233,True,1075326.16253,1129197.9819,1129197.9819,0.0,1.0,0.0,False,False,0,0,,,True,True
2014-06-29,2014-06-27,1108947.02234,0,0,,,True,0.07456,True,True,0.0891,True,1080917.37278,1134789.47258,1134789.47258,0.0,1.0,0.0,False,False,0,0,,,True,True
2014-07-06,2014-07-03,1128874.42356,0,0,,,True,0.08464,True,True,0.10689,True,1100341.09101,1154213.44172,1154213.44172,0.0,1.0,0.0,False,False,0,0,,,True,True
2014-07-13,2014-07-11,1120747.54964,0,0,,,True,0.07111,True,True,0.09655,True,1092419.63109,1146292.21796,1154213.44172,0.00686,1.0,0.0,False,False,0,0,,,True,True
2014-07-20,2014-07-18,1129332.40626,0,0,,,True,0.07279,True,True,0.10113,True,1100787.49775,1154660.30601,1154660.30601,0.0,1.0,0.0,False,False,0,0,,,True,True
2014-07-27,2014-07-25,1133276.06458,0,0,,,True,0.06847,True,True,0.10242,True,1104631.47652,1158504.55045,1158504.55045,0.0,1.0,0.0,False,False,0,0,,,True,True
2014-08-03,2014-08-01,1103931.19715,0,0,,,True,0.03606,True,True,0.0733,True,1076028.3269,1129901.72554,1158504.55045,0.02469,1.0,0.0,False,False,0,0,,,True,True
2014-08-10,2014-08-08,1107045.38007,0,0,,,True,0.03695,True,True,0.07157,True,1079063.79606,1132937.51942,1158504.55045,0.02207,1.0,0.0,False,False,0,0,,,True,True
2014-08-17,2014-08-15,1130855.68728,0,0,,,True,0.04693,True,True,0.09466,True,1102272.27631,1156146.35392,1158504.55045,0.00204,1.0,0.0,False,False,0,0,,,True,True
2014-08-24,2014-08-22,1152230.88169,0,0,,,True,0.06163,True,True,0.10758,True,1123107.19351,1176981.58108,1176981.58108,0.0,1.0,0.0,False,False,0,0,,,True,True
2014-08-31,2014-08-29,1161890.77884,0,0,,,True,0.06629,True,True,0.11032,True,1132522.92809,1186397.65514,1186397.65514,0.0,1.0,0.0,False,False,0,0,,,True,True
2014-09-07,2014-09-05,1163941.47696,0,0,,,True,0.0662,True,True,0.10827,True,1134521.79299,1188396.83,1188396.83,0.0,1.0,0.0,False,False,0,0,,,True,True
2014-09-14,2014-09-12,1154560.76123,0,0,,,True,0.05164,True,True,0.09758,True,1125378.18323,1179253.47117,1188396.83,0.00769,1.0,0.0,False,False,0,0,,,True,True
2014-09-21,2014-09-19,1166767.50249,0,0,,,True,0.06201,True,True,0.10144,True,1137276.38819,1191151.88277,1191151.88277,0.0,1.0,0.0,False,False,0,0,,,True,True
2014-09-28,2014-09-26,1150026.617,0,0,,,True,0.04489,True,True,0.08494,True,1120958.64358,1174834.30053,1191151.88277,0.0137,1.0,0.0,False,False,0,0,,,True,True
2014-10-05,2014-10-03,1141031.17758,0,0,,,True,0.03453,True,True,0.0739,True,1112190.57196,1166066.37652,1191151.88277,0.02106,1.0,0.0,False,False,0,0,,,True,True
2014-10-12,2014-10-10,1097485.09343,0,0,,,True,0.00048,True,True,0.0292,True,1069745.1542,1123621.0916,1191151.88277,0.05669,1.0,0.0,False,False,0,0,,,True,True
2014-10-19,2014-10-17,1081736.80035,1,0,buy:SGOV:274023,idle_cash_to_sgov,False,-0.01011,True,True,0.01299,True,1054394.91337,1108271.01314,1191151.88277,0.06958,1.0,0.0,False,False,1,0,buy:SGOV:267097,idle_cash_to_sgov,False,True
2014-10-26,2014-10-24,1117895.42177,2,0,sell:SGOV:310527;buy:SSO:279474,fund_buys;switch_on,True,0.02933,True,True,0.07015,True,1089639.59284,1143515.88449,1191151.88277,0.03999,1.0,0.0,False,False,2,0,sell:SGOV:302678;buy:SSO:272410,fund_buys;switch_on,True,True
2014-11-02,2014-10-31,1153867.33893,0,0,,,True,0.05528,True,True,0.0971,True,1124702.28688,1178578.7409,1191151.88277,0.01056,1.0,0.0,False,False,0,0,,,True,True
2014-11-09,2014-11-07,1160041.98967,0,0,,,True,0.05984,True,True,0.09365,True,1130720.86764,1184597.52831,1191151.88277,0.0055,1.0,0.0,False,False,0,0,,,True,True
2014-11-16,2014-11-14,1173874.39527,0,0,,,True,0.06045,True,True,0.10557,True,1144203.64659,1198080.5582,1198080.5582,0.0,1.0,0.0,False,False,0,0,,,True,True
2014-11-23,2014-11-21,1185581.43557,0,0,,,True,0.06876,True,True,0.10704,True,1155614.78071,1209491.89896,1209491.89896,0.0,1.0,0.0,False,False,0,0,,,True,True
2014-11-30,2014-11-28,1202687.72584,1,0,sell:QLD:84347,rebalance,True,0.06808,True,True,0.12554,True,1172288.69395,1226165.97457,1226165.97457,0.0,1.0,0.0,False,False,1,0,sell:QLD:82215,rebalance,True,True
2014-12-07,2014-12-05,1200863.32247,0,0,,,True,0.06892,True,True,0.11411,True,1170510.40397,1224387.90601,1226165.97457,0.00145,1.0,0.0,False,False,0,0,,,True,True
2014-12-14,2014-12-12,1164212.90308,0,0,,,True,0.02883,True,True,0.08118,True,1134786.35746,1188664.13995,1226165.97457,0.03058,1.0,0.0,False,False,0,0,,,True,True
2014-12-21,2014-12-19,1194111.29266,0,0,,,True,0.06186,True,True,0.09899,True,1163929.03785,1217807.11556,1226165.97457,0.00682,1.0,0.0,False,False,0,0,,,True,True
2014-12-28,2014-12-26,1204587.69674,0,0,,,True,0.06876,True,True,0.10387,True,1174140.64124,1228019.0437,1228019.0437,0.0,1.0,0.0,False,False,0,0,,,True,True
2015-01-04,2015-01-02,1183505.15567,0,0,,,True,0.05082,True,True,0.07912,True,1153590.98061,1207469.63402,1228019.0437,0.01673,1.0,0.0,False,False,0,0,,,True,True
2015-01-11,2015-01-09,1176977.78622,0,0,,,True,0.04175,True,True,0.0711,True,1147228.5964,1201107.51551,1228019.0437,0.02191,1.0,0.0,False,False,0,0,,,True,True
2015-01-18,2015-01-16,1159169.5806,0,0,,,True,0.02693,True,True,0.04946,True,1129870.50941,1183749.70898,1228019.0437,0.03605,1.0,0.0,False,False,0,0,,,True,True
2015-01-25,2015-01-23,1187531.7529,0,0,,,True,0.0415,True,True,0.08024,True,1157515.80202,1211395.31158,1228019.0437,0.01354,1.0,0.0,False,False,0,0,,,True,True
2015-02-01,2015-01-30,1153657.08308,0,0,,,True,0.01032,True,True,0.04299,True,1124497.34538,1178377.09113,1228019.0437,0.04042,1.0,0.0,False,False,0,0,,,True,True
2015-02-08,2015-02-06,1182143.01541,0,0,,,True,0.03865,True,True,0.05871,True,1152263.2697,1206143.20734,1228019.0437,0.01781,1.0,0.0,False,False,0,0,,,True,True
2015-02-15,2015-02-13,1215706.87935,0,0,,,True,0.05697,True,True,0.09254,True,1184978.77643,1238858.87645,1238858.87645,0.0,1.0,0.0,False,False,0,0,,,True,True
2015-02-22,2015-02-20,1228799.13429,0,0,,,True,0.0613,True,True,0.10273,True,1197740.11273,1251620.36037,1251620.36037,0.0,1.0,0.0,False,False,0,0,,,True,True
2015-03-01,2015-02-27,1227029.10122,0,0,,,True,0.05539,True,True,0.09619,True,1196014.81888,1249895.28795,1251620.36037,0.00138,1.0,0.0,False,False,0,0,,,True,True
2015-03-08,2015-03-06,1211038.65745,0,0,,,True,0.03586,True,True,0.08026,True,1180428.54821,1234309.20918,1251620.36037,0.01383,1.0,0.0,False,False,0,0,,,True,True
2015-03-15,2015-03-13,1194145.68841,0,0,,,True,0.02492,True,True,0.05527,True,1163962.5643,1217843.41718,1251620.36037,0.02699,1.0,0.0,False,False,0,0,,,True,True
2015-03-22,2015-03-20,1230143.91019,0,0,,,True,0.05005,True,True,0.08592,True,1199050.89821,1252932.12014,1252932.12014,0.0,1.0,0.0,False,False,0,0,,,True,True
2015-03-29,2015-03-27,1198186.10899,0,0,,,True,0.02497,True,True,0.05161,True,1167900.85957,1221782.30292,1252932.12014,0.02486,1.0,0.0,False,False,0,0,,,True,True
2015-04-05,2015-04-02,1197424.30743,0,0,,,True,0.02656,True,True,0.04468,True,1167158.31319,1221040.08131,1252932.12014,0.02545,1.0,0.0,False,False,0,0,,,True,True
2015-04-12,2015-04-10,1223161.5936,0,0,,,True,0.04233,True,True,0.06662,True,1192245.06601,1246127.11461,1252932.12014,0.00543,1.0,0.0,False,False,0,0,,,True,True
2015-04-19,2015-04-17,1206740.97955,0,0,,,True,0.03027,True,True,0.0462,True,1176239.49793,1230121.76796,1252932.12014,0.01821,1.0,0.0,False,False,0,0,,,True,True
2015-04-26,2015-04-24,1243684.64778,0,0,,,True,0.04663,True,True,0.08696,True,1212249.38139,1266131.87286,1266131.87286,0.0,1.0,0.0,False,False,0,0,,,True,True
2015-05-03,2015-05-01,1231918.75062,0,0,,,True,0.04028,True,True,0.06946,True,1200780.87795,1254663.59085,1266131.87286,0.00906,1.0,0.0,False,False,0,0,,,True,True
2015-05-10,2015-05-08,1232140.84134,0,0,,,True,0.04257,True,True,0.06151,True,1200997.35506,1254880.20083,1266131.87286,0.00889,1.0,0.0,False,False,0,0,,,True,True
2015-05-17,2015-05-15,1239640.59878,0,0,,,True,0.04414,True,True,0.06691,True,1208307.54932,1262190.55747,1266131.87286,0.00311,1.0,0.0,False,False,0,0,,,True,True
2015-05-24,2015-05-22,1246638.7353,0,0,,,True,0.0432,True,True,0.07072,True,1215128.80159,1269012.01642,1269012.01642,0.0,1.0,0.0,False,False,0,0,,,True,True
2015-05-31,2015-05-29,1237839.67441,0,0,,,True,0.03215,True,True,0.0631,True,1206552.14503,1260435.53701,1269012.01642,0.00676,1.0,0.0,False,False,0,0,,,True,True
2015-06-07,2015-06-05,1229200.60976,0,0,,,True,0.02324,True,True,0.05261,True,1198131.44062,1252014.98022,1269012.01642,0.01339,1.0,0.0,False,False,0,0,,,True,True
2015-06-14,2015-06-12,1226267.76099,0,0,,,True,0.02261,True,True,0.04465,True,1195272.72224,1249156.49804,1269012.01642,0.01565,1.0,0.0,False,False,0,0,,,True,True
2015-06-21,2015-06-19,1238325.37286,0,0,,,True,0.02908,True,True,0.05614,True,1207025.567,1260909.5052,1269012.01642,0.00638,1.0,0.0,False,False,0,0,,,True,True
2015-06-28,2015-06-26,1232997.43305,0,0,,,True,0.02352,True,True,0.04662,True,1201832.29572,1255716.33725,1269012.01642,0.01048,1.0,0.0,False,False,0,0,,,True,True
2015-07-05,2015-07-02,1217108.34513,0,0,,,True,0.01072,True,True,0.03307,True,1186344.819,1240228.96387,1269012.01642,0.02268,1.0,0.0,False,False,0,0,,,True,True
2015-07-12,2015-07-10,1213943.9095,1,0,buy:SGOV:431635,idle_cash_to_sgov,False,0.00985,True,True,0.02809,True,1183260.36735,1237144.70414,1269012.01642,0.02511,1.0,0.0,False,False,1,0,buy:SGOV:420725,idle_cash_to_sgov,False,True
2015-07-19,2015-07-17,1248149.60321,2,0,sell:SGOV:346708;buy:SSO:312037,fund_buys;switch_on,True,0.03249,True,True,0.08105,True,1216601.48132,1270485.96574,1270485.96574,0.0,1.0,0.0,False,False,2,0,sell:SGOV:337945;buy:SSO:304150,fund_buys;switch_on,True,True
2015-07-26,2015-07-24,1219256.46338,0,0,,,True,0.00776,True,True,0.05301,True,1188438.6418,1242323.46577,1270485.96574,0.02217,1.0,0.0,False,False,0,0,,,True,True
2015-08-02,2015-07-31,1231184.32705,0,0,,,True,0.0172,True,True,0.05621,True,1200065.01789,1253950.35856,1270485.96574,0.01302,1.0,0.0,False,False,0,0,,,True,True
2015-08-09,2015-08-07,1213994.26095,0,0,,,True,0.00209,True,True,0.03609,True,1183309.44628,1237195.55464,1270485.96574,0.0262,1.0,0.0,False,False,0,0,,,True,True
2015-08-16,2015-08-14,1218693.75801,0,0,,,True,0.00722,True,True,0.03556,True,1187890.15928,1241777.15344,1270485.96574,0.0226,1.0,0.0,False,False,0,0,,,True,True
2015-08-23,2015-08-21,1150951.41491,2,0,sell_all:QLD:277802;buy:SGOV:590704,idle_cash_to_sgov;switch_off,False,-0.05148,True,False,-0.04233,True,1121860.06521,1175747.81231,1270485.96574,0.07457,1.0,0.0,False,False,2,0,sell_all:QLD:270780;buy:SGOV:575773,idle_cash_to_sgov;switch_off,False,False
2015-08-30,2015-08-28,1106331.53922,0,0,,,False,-0.0417,True,False,-0.01235,True,1078367.99711,1132256.24618,1270485.96574,0.1088,1.0,0.0,False,False,0,0,,,False,False
2015-09-06,2015-09-04,1106341.84481,0,0,,,False,-0.07317,True,False,-0.0453,True,1078378.04221,1132266.79326,1270485.96574,0.10879,1.0,0.0,False,False,0,0,,,False,False
2015-09-13,2015-09-11,1106347.60386,0,0,,,False,-0.05302,True,False,-0.01389,True,1078383.65569,1132272.68726,1270485.96574,0.10879,1.0,0.0,False,False,0,0,,,False,False
2015-09-20,2015-09-18,1106357.60648,0,0,,,False,-0.05344,True,False,-0.014,True,1078393.40549,1132282.92428,1270485.96574,0.10878,1.0,0.0,False,False,0,0,,,False,False
2015-09-27,2015-09-25,1106357.30337,0,0,,,False,-0.06492,True,False,-0.03645,True,1078393.11004,1132282.61406,1270485.96574,0.10878,1.0,0.0,False,False,0,0,,,False,False
2015-10-04,2015-10-02,1106356.09093,0,0,,,False,-0.05417,True,False,-0.02661,True,1078391.92824,1132281.37321,1270485.96574,0.10878,1.0,0.0,False,False,0,0,,,False,False
2015-10-11,2015-10-09,1106356.09093,0,0,,,False,-0.02263,True,False,-0.00368,True,1078391.92824,1132281.37321,1270485.96574,0.10878,1.0,0.0,False,False,0,0,,,False,False
2015-10-18,2015-10-16,1106357.90959,0,0,,,False,-0.013,True,False,0.01138,True,1078393.70094,1132283.23449,1270485.96574,0.10878,1.0,0.0,False,False,0,0,,,False,False
2015-10-25,2015-10-23,1106360.33449,2,0,sell:SGOV:307322;buy:QLD:276590,fund_buys;switch_on,False,0.0073,True,True,0.05179,True,1078396.06455,1132285.71621,1270485.96574,0.10878,1.0,0.0,False,False,2,0,sell:SGOV:299554;buy:QLD:269599,fund_buys;switch_on,False,True
2015-11-01,2015-10-30,1109582.15465,0,0,,,False,0.00862,True,True,0.05444,True,1081536.45034,1135426.38253,1270485.96574,0.10631,1.0,0.0,False,False,0,0,,,False,True
2015-11-08,2015-11-06,1116715.04661,0,0,,,False,0.01744,True,True,0.06467,True,1088489.05211,1142379.69299,1270485.96574,0.10083,1.0,0.0,False,False,0,0,,,False,True
2015-11-15,2015-11-13,1092274.82699,0,0,,,False,-0.01995,True,True,0.01586,True,1064666.58076,1118558.37328,1270485.96574,0.11958,1.0,0.0,False,False,0,0,,,False,True
2015-11-22,2015-11-20,1114530.01739,0,0,,,False,0.01178,True,True,0.05504,True,1086359.25145,1140252.38759,1270485.96574,0.10251,1.0,0.0,False,False,0,0,,,False,True
2015-11-29,2015-11-27,1113858.16162,0,0,,,False,0.01203,True,True,0.05188,True,1085704.37743,1139599.00488,1270485.96574,0.10302,1.0,0.0,False,False,0,0,,,False,True
2015-12-06,2015-12-04,1117502.19558,0,0,,,False,0.01304,True,True,0.05825,True,1089256.30519,1143152.94079,1270485.96574,0.10022,1.0,0.0,False,False,0,0,,,False,True
2015-12-13,2015-12-11,1096140.56157,0,0,,,False,-0.02466,True,True,0.0171,True,1068434.60546,1122333.78089,1270485.96574,0.11661,1.0,0.0,False,False,0,0,,,False,True
2015-12-20,2015-12-18,1093190.76759,0,0,,,False,-0.02724,True,True,0.01121,True,1065559.37014,1119461.01169,1270485.96574,0.11887,1.0,0.0,False,False,0,0,,,False,True
2015-12-27,2015-12-24,1106024.223,0,0,,,False,-0.00024,True,True,0.03421,True,1078068.44857,1131971.89178,1270485.96574,0.10902,1.0,0.0,False,False,0,0,,,False,True
2016-01-03,2015-12-31,1102409.7945,0,0,,,False,-0.00835,True,True,0.02638,True,1074545.37796,1128450.9921,1270485.96574,0.1118,1.0,0.0,False,False,0,0,,,False,True
2016-01-10,2016-01-08,1073989.06061,1,0,buy:SGOV:274682,idle_cash_to_sgov,False,-0.06621,True,False,-0.04559,True,1046843.00336,1100750.78853,1270485.96574,0.1336,1.0,0.0,False,False,1,0,buy:SGOV:267739,idle_cash_to_sgov,False,False
2016-01-17,2016-01-15,1074032.90357,0,0,,,False,-0.08474,True,False,-0.0741,True,1046885.73815,1100795.72397,1270485.96574,0.13356,1.0,0.0,False,False,0,0,,,False,False
2016-01-24,2016-01-22,1074083.51629,0,0,,,False,-0.07002,True,False,-0.04681,True,1046935.07159,1100847.59787,1270485.96574,0.13352,1.0,0.0,False,False,0,0,,,False,False
2016-01-31,2016-01-29,1074147.66846,0,0,,,False,-0.05147,True,False,-0.04136,True,1046997.60226,1100913.34858,1270485.96574,0.13347,1.0,0.0,False,False,0,0,,,False,False
2016-02-07,2016-02-05,1074214.47315,0,0,,,False,-0.07877,True,False,-0.09717,True,1047062.71839,1100981.81792,1270485.96574,0.13342,1.0,0.0,False,False,0,0,,,False,False
2016-02-14,2016-02-12,1074275.68995,0,0,,,False,-0.08331,True,False,-0.09563,True,1047122.38788,1101044.56012,1270485.96574,0.13337,1.0,0.0,False,False,0,0,,,False,False
2016-02-21,2016-02-19,1074336.32136,0,0,,,False,-0.05554,True,False,-0.06179,True,1047181.48678,1101106.70235,1270485.96574,0.13332,1.0,0.0,False,False,0,0,,,False,False
2016-02-28,2016-02-26,1074401.07734,0,0,,,False,-0.03876,True,False,-0.04457,True,1047244.60599,1101173.07192,1270485.96574,0.13327,1.0,0.0,False,False,0,0,,,False,False
2016-03-06,2016-03-04,1074467.01467,0,0,,,False,-0.0114,True,False,-0.0225,True,1047308.87669,1101240.65228,1270485.96574,0.13321,1.0,0.0,False,False,0,0,,,False,False
2016-03-13,2016-03-11,1074527.6571,0,0,,,False,0.00113,True,False,-0.0139,True,1047367.98633,1101302.8058,1270485.96574,0.13316,1.0,0.0,False,False,0,0,,,False,False
2016-03-20,2016-03-18,1074593.6022,0,0,,,False,0.01572,True,False,-0.00209,True,1047432.26461,1101370.39413,1270485.96574,0.13311,1.0,0.0,False,False,0,0,,,False,False
2016-03-27,2016-03-24,1074646.0079,0,0,,,False,0.00939,True,False,-0.00312,True,1047483.34571,1101424.10568,1270485.96574,0.13307,1.0,0.0,False,False,0,0,,,False,False
2016-04-03,2016-04-01,1074707.54355,3,0,sell:SGOV:597060;buy:SSO:268677;buy:QLD:268677,fund_buys;switch_on,True,0.02817,True,True,0.02545,True,1047543.32599,1101487.17468,1270485.96574,0.13302,1.0,0.0,False,False,3,0,sell:SGOV:581969;buy:SSO:261886;buy:QLD:261886,fund_buys;switch_on,True,True
2016-04-10,2016-04-08,1061928.69762,0,0,,,True,0.01646,True,True,0.01267,True,1035087.47736,1089033.70553,1270485.96574,0.14282,1.0,0.0,False,False,0,0,,,True,True
2016-04-17,2016-04-15,1077689.43416,0,0,,,True,0.03312,True,True,0.02775,True,1050449.84652,1104398.42472,1270485.96574,0.13073,1.0,0.0,False,False,0,0,,,True,True
2016-04-24,2016-04-22,1072974.9327,0,0,,,True,0.03818,True,True,0.01146,True,1045854.5085,1099805.37769,1270485.96574,0.13434,1.0,0.0,False,False,0,0,,,True,True
2016-05-01,2016-04-29,1059738.11958,1,0,buy:SGOV:315074,idle_cash_to_sgov,True,0.0252,True,False,-0.01828,True,1032952.26824,1086905.56156,1270485.96574,0.1445,1.0,0.0,False,False,1,0,buy:SGOV:307110,idle_cash_to_sgov,True,False
2016-05-08,2016-05-06,1057857.68098,0,0,,,True,0.02194,True,False,-0.01907,True,1031119.35948,1085074.84053,1270485.96574,0.14594,1.0,0.0,False,False,0,0,,,True,False
2016-05-15,2016-05-13,1055355.71807,0,0,,,True,0.01704,True,False,-0.01873,True,1028680.63602,1082638.45272,1270485.96574,0.14785,1.0,0.0,False,False,0,0,,,True,False
2016-05-22,2016-05-20,1056937.55947,0,0,,,True,0.02051,True,False,-0.00911,True,1030222.49491,1084183.26826,1270485.96574,0.14664,1.0,0.0,False,False,0,0,,,True,False
2016-05-29,2016-05-27,1069169.77371,2,0,sell:SGOV:296992;buy:QLD:267292,fund_buys;switch_on,True,0.04384,True,True,0.02533,True,1042145.52848,1096109.6874,1270485.96574,0.13725,1.0,0.0,False,False,2,0,sell:SGOV:289485;buy:QLD:260536,fund_buys;switch_on,True,True
2016-06-05,2016-06-03,1068043.94681,0,0,,,True,0.0438,True,True,0.02479,True,1041048.15787,1095015.51034,1270485.96574,0.13811,1.0,0.0,False,False,0,0,,,True,True
2016-06-12,2016-06-10,1062148.47977,0,0,,,True,0.04046,True,True,0.01212,True,1035301.70415,1089271.8955,1270485.96574,0.14263,1.0,0.0,False,False,0,0,,,True,True
2016-06-19,2016-06-17,1046986.85136,1,0,buy:SGOV:281714,idle_cash_to_sgov,True,0.02666,True,False,-0.0084,True,1020523.29988,1074496.1824,1270485.96574,0.15426,0.98401,-0.01599,False,False,1,0,buy:SGOV:274593,idle_cash_to_sgov,True,False
2016-06-26,2016-06-24,1037742.98406,0,0,,,True,0.00822,True,False,-0.02932,True,1011513.07998,1065488.77211,1270485.96574,0.16135,0.95742,-0.02659,False,False,0,0,,,True,False
2016-07-03,2016-07-01,1033513.30679,2,0,sell:SGOV:31420;buy:SSO:258378,fund_buys;switch_on,True,0.03944,True,False,0.00501,True,1007390.31177,1061368.71012,1270485.96574,0.1646,0.94526,-0.01216,False,False,2,0,sell:SGOV:15309;buy:SSO:238062,fund_buys;switch_on,True,False
2016-07-10,2016-07-08,1042438.85142,2,0,sell:SGOV:260856;buy:QLD:260610,fund_buys;switch_on,True,0.05131,True,True,0.02499,True,1015616.95517,1069598.19298,1270485.96574,0.15812,0.96955,0.02429,False,False,2,0,sell:SGOV:247074;buy:QLD:246174,fund_buys;switch_on,True,True
2016-07-17,2016-07-15,1055854.86597,0,0,,,True,0.06388,True,True,0.03663,True,1028103.64921,1082087.88932,1270485.96574,0.14829,1.0,0.03045,False,False,0,0,,,True,True
2016-07-24,2016-07-22,1068242.19716,0,0,,,True,0.06758,True,True,0.05157,True,1039723.38311,1093710.86235,1270485.96574,0.13914,1.0,0.0,False,False,0,0,,,True,True
2016-07-31,2016-07-29,1075382.12665,0,0,,,True,0.06478,True,True,0.06399,True,1046480.91544,1100471.57483,1270485.96574,0.13382,1.0,0.0,False,False,0,0,,,True,True
2016-08-07,2016-08-05,1085380.40216,0,0,,,True,0.06743,True,True,0.07572,True,1055870.94634,1109864.46064,1270485.96574,0.12643,1.0,0.0,False,False,0,0,,,True,True
2016-08-14,2016-08-12,1088267.42413,0,0,,,True,0.06638,True,True,0.07788,True,1058581.86613,1112578.29465,1270485.96574,0.12429,1.0,0.0,False,False,0,0,,,True,True
2016-08-21,2016-08-19,1088703.60428,0,0,,,True,0.06513,True,True,0.07692,True,1058990.47458,1112989.87667,1270485.96574,0.12397,1.0,0.0,False,False,0,0,,,True,True
2016-08-28,2016-08-26,1082767.32511,0,0,,,True,0.0568,True,True,0.07123,True,1053464.27301,1107466.78198,1270485.96574,0.12831,1.0,0.0,False,False,0,0,,,True,True
2016-09-04,2016-09-02,1086910.20162,0,0,,,True,0.0605,True,True,0.07333,True,1057319.08865,1111325.01539,1270485.96574,0.12528,1.0,0.0,False,False,0,0,,,True,True
2016-09-11,2016-09-09,1059524.82398,0,0,,,True,0.03426,True,True,0.04655,True,1031760.34077,1085769.6411,1270485.96574,0.14539,1.0,0.0,False,False,0,0,,,True,True
2016-09-18,2016-09-16,1078464.41189,0,0,,,True,0.03916,True,True,0.07651,True,1049588.66833,1103601.47565,1270485.96574,0.13135,1.0,0.0,False,False,0,0,,,True,True
2016-09-25,2016-09-23,1089974.90267,0,0,,,True,0.05048,True,True,0.08466,True,1060312.42353,1114327.99813,1270485.96574,0.12291,1.0,0.0,False,False,0,0,,,True,True
2016-10-02,2016-09-30,1092406.54567,0,0,,,True,0.05064,True,True,0.08683,True,1062592.79238,1116610.70523,1270485.96574,0.12112,1.0,0.0,False,False,0,0,,,True,True
2016-10-09,2016-10-07,1087924.2576,0,0,,,True,0.04207,True,True,0.08263,True,1058440.07302,1112461.13821,1270485.96574,0.12438,1.0,0.0,False,False,0,0,,,True,True
2016-10-16,2016-10-14,1075956.07498,0,0,,,True,0.03107,True,True,0.06904,True,1047253.55686,1101277.9966,1270485.96574,0.13318,1.0,0.0,False,False,0,0,,,True,True
2016-10-23,2016-10-21,1082989.01035,0,0,,,True,0.03331,True,True,0.07649,True,1053855.60254,1107883.43184,1270485.96574,0.12798,1.0,0.0,False,False,0,0,,,True,True
2016-10-30,2016-10-28,1073779.46735,0,0,,,True,0.02349,True,True,0.06274,True,1045242.18186,1099273.38612,1270485.96574,0.13476,1.0,0.0,False,False,0,0,,,True,True
2016-11-06,2016-11-04,1046678.22505,0,0,,,True,0.00096,True,True,0.02745,True,1019880.90956,1073915.50381,1270485.96574,0.15472,0.9823,-0.0177,False,False,0,0,,,True,True
2016-11-13,2016-11-11,1076574.58798,0,0,,,True,0.03586,True,True,0.04431,True,1047667.6466,1101706.47492,1270485.96574,0.13285,1.0,0.0177,False,False,0,0,,,True,True
2016-11-20,2016-11-18,1089389.60994,0,0,,,True,0.04087,True,True,0.05311,True,1059651.63149,1113695.4049,1270485.96574,0.12341,1.0,0.0,False,False,0,0,,,True,True
2016-11-27,2016-11-25,1104339.12543,0,0,,,True,0.05228,True,True,0.06247,True,1073598.1098,1127646.66586,1270485.96574,0.11243,1.0,0.0,False,False,0,0,,,True,True
2016-12-04,2016-12-02,1083743.07099,0,0,,,True,0.03849,True,True,0.03017,True,1054260.9109,1108314.42775,1270485.96574,0.12765,1.0,0.0,False,False,0,0,,,True,True
2016-12-11,2016-12-09,1120282.58156,0,0,,,True,0.0668,True,True,0.06062,True,1088367.04895,1142425.64553,1270485.96574,0.1008,1.0,0.0,False,False,0,0,,,True,True
2016-12-18,2016-12-16,1122413.94526,0,0,,,True,0.06257,True,True,0.06122,True,1090390.46655,1144454.51362,1270485.96574,0.0992,1.0,0.0,False,False,0,0,,,True,True
2016-12-25,2016-12-23,1126775.81832,0,0,,,True,0.06191,True,True,0.06298,True,1094477.60264,1148546.90818,1270485.96574,0.09598,1.0,0.0,False,False,0,0,,,True,True
2017-01-01,2016-12-30,1112298.65748,0,0,,,True,0.04798,True,True,0.04414,True,1080943.27717,1135017.81203,1270485.96574,0.10663,1.0,0.0,False,False,0,0,,,True,True
2017-01-08,2017-01-06,1139176.90674,0,0,,,True,0.06363,True,True,0.07247,True,1106112.59786,1160192.407,1270485.96574,0.08681,1.0,0.0,False,False,0,0,,,True,True
2017-01-15,2017-01-13,1145017.6704,0,0,,,True,0.0598,True,True,0.08027,True,1111645.30769,1165730.4361,1270485.96574,0.08245,1.0,0.0,False,False,0,0,,,True,True
2017-01-22,2017-01-20,1144202.16516,0,0,,,True,0.05622,True,True,0.07857,True,1110906.88477,1164997.42186,1270485.96574,0.08303,1.0,0.0,False,False,0,0,,,True,True
2017-01-29,2017-01-27,1163777.12212,0,0,,,True,0.06422,True,True,0.09719,True,1129253.75697,1183349.43654,1270485.96574,0.06859,1.0,0.0,False,False,0,0,,,True,True
2017-02-05,2017-02-03,1163696.94861,0,0,,,True,0.06313,True,True,0.09238,True,1129166.20329,1183267.17406,1270485.96574,0.06865,1.0,0.0,False,False,0,0,,,True,True
2017-02-12,2017-02-10,1178520.46712,0,0,,,True,0.06918,True,True,0.10192,True,1143041.35175,1197147.68834,1270485.96574,0.05772,1.0,0.0,False,False,0,0,,,True,True
2017-02-19,2017-02-17,1201473.9172,0,0,,,True,0.08193,True,True,0.11704,True,1164499.81458,1218611.6806,1270485.96574,0.04083,1.0,0.0,False,False,0,0,,,True,True
2017-02-26,2017-02-24,1208436.76429,0,0,,,True,0.08636,True,True,0.11626,True,1170971.55874,1225088.82129,1270485.96574,0.03573,1.0,0.0,False,False,0,0,,,True,True
2017-03-05,2017-03-03,1217266.74942,0,0,,,True,0.08958,True,True,0.11665,True,1179208.12915,1233331.08536,1270485.96574,0.02924,1.0,0.0,False,False,0,0,,,True,True
2017-03-12,2017-03-10,1216775.70181,0,0,,,True,0.08087,True,True,0.11344,True,1178806.69124,1232937.09159,1270485.96574,0.02955,1.0,0.0,False,False,0,0,,,True,True
2017-03-19,2017-03-17,1220752.66161,0,0,,,True,0.07998,True,True,0.11299,True,1182542.26849,1236680.35131,1270485.96574,0.02661,1.0,0.0,False,False,0,0,,,True,True
2017-03-26,2017-03-24,1205652.53623,0,0,,,True,0.0615,True,True,0.099,True,1168494.01404,1222639.78042,1270485.96574,0.03766,1.0,0.0,False,False,0,0,,,True,True
2017-04-02,2017-03-31,1220680.03609,0,0,,,True,0.06671,True,True,0.10828,True,1182576.38429,1236730.14688,1270485.96574,0.02657,1.0,0.0,False,False,0,0,,,True,True
2017-04-09,2017-04-07,1216528.93542,0,0,,,True,0.06017,True,True,0.09891,True,1178703.45046,1232865.1956,1270485.96574,0.02961,1.0,0.0,False,False,0,0,,,True,True
2017-04-16,2017-04-13,1200389.35717,0,0,,,True,0.04539,True,True,0.08105,True,1163631.9729,1217800.91519,1270485.96574,0.04147,1.0,0.0,False,False,0,0,,,True,True
2017-04-23,2017-04-21,1217721.68373,0,0,,,True,0.05125,True,True,0.0934,True,1179884.35858,1234062.8144,1270485.96574,0.02867,1.0,0.0,False,False,0,0,,,True,True
2017-04-30,2017-04-28,1246900.79627,1,0,sell:QLD:79245,rebalance,True,0.06415,True,True,0.11614,True,1207224.60276,1261411.32683,1270485.96574,0.00714,1.0,0.0,False,False,0,0,,,True,True
2017-05-07,2017-05-05,1258900.40434,0,0,,,True,0.0682,True,True,0.12292,True,1219652.09271,1273847.24961,1273847.24961,0.0,1.0,0.0,False,False,0,0,,,True,True
2017-05-14,2017-05-12,1261752.61056,0,0,,,True,0.06178,True,True,0.12539,True,1223547.98847,1277752.3517,1277752.3517,0.0,1.0,0.0,False,False,1,0,sell:QLD:77451,rebalance,True,True
2017-05-21,2017-05-19,1255490.96178,0,0,,,True,0.0552,True,True,0.11332,True,1217722.73493,1271936.24665,1277752.3517,0.00455,1.0,0.0,False,False,0,0,,,True,True
2017-05-28,2017-05-26,1280798.65026,0,0,,,True,0.0676,True,True,0.1349,True,1241402.48977,1295625.46347,1295625.46347,0.0,1.0,0.0,False,False,0,0,,,True,True
2017-06-04,2017-06-02,1298099.84423,0,0,,,True,0.0756,True,True,0.1486,True,1257590.05939,1311822.71948,1311822.71948,0.0,1.0,0.0,False,False,0,0,,,True,True
2017-06-11,2017-06-09,1279360.51303,0,0,,,True,0.06945,True,True,0.11569,True,1239955.32057,1294198.02553,1311822.71948,0.01344,1.0,0.0,False,False,0,0,,,True,True
2017-06-18,2017-06-16,1273708.75438,0,0,,,True,0.06701,True,True,0.09897,True,1234605.87048,1288858.85998,1311822.71948,0.01751,1.0,0.0,False,False,0,0,,,True,True
2017-06-25,2017-06-23,1289046.36288,0,0,,,True,0.06622,True,True,0.11726,True,1249060.39861,1303323.71919,1311822.71948,0.00648,1.0,0.0,False,False,0,0,,,True,True
2017-07-02,2017-06-30,1267061.95616,0,0,,,True,0.05643,True,True,0.08221,True,1228410.27628,1282683.76636,1311822.71948,0.02221,1.0,0.0,False,False,0,0,,,True,True
2017-07-09,2017-07-07,1268547.06879,0,0,,,True,0.0546,True,True,0.08066,True,1229804.14434,1284088.28168,1311822.71948,0.02114,1.0,0.0,False,False,0,0,,,True,True
2017-07-16,2017-07-14,1298827.28255,0,0,,,True,0.06619,True,True,0.11055,True,1258177.77571,1312472.6368,1312472.6368,0.0,1.0,0.0,False,False,0,0,,,True,True
2017-07-23,2017-07-21,1312348.39299,0,0,,,True,0.06839,True,True,0.12092,True,1270858.1778,1325164.01769,1325164.01769,0.0,1.0,0.0,False,False,0,0,,,True,True
2017-07-30,2017-07-28,1310956.19454,0,0,,,True,0.06452,True,True,0.11293,True,1269557.18294,1323874.82227,1325164.01769,0.00097,1.0,0.0,False,False,0,0,,,True,True
2017-08-06,2017-08-04,1311286.77473,0,0,,,True,0.06266,True,True,0.1056,True,1269846.48715,1324175.15453,1325164.01769,0.00075,1.0,0.0,False,False,0,0,,,True,True
2017-08-13,2017-08-11,1293444.24641,0,0,,,True,0.04387,True,True,0.08761,True,1253239.17502,1307578.70892,1325164.01769,0.01327,1.0,0.0,False,False,0,0,,,True,True
2017-08-20,2017-08-18,1284706.14215,0,0,,,True,0.03356,True,True,0.07478,True,1245094.92593,1299444.9414,1325164.01769,0.01941,1.0,0.0,False,False,0,0,,,True,True
2017-08-27,2017-08-25,1293673.63099,0,0,,,True,0.03733,True,True,0.07513,True,1253449.96109,1307810.34102,1325164.01769,0.0131,1.0,0.0,False,False,0,0,,,True,True
2017-09-03,2017-09-01,1322635.65552,0,0,,,True,0.04832,True,True,0.09976,True,1280578.19123,1334949.01207,1334949.01207,0.0,1.0,0.0,False,False,0,0,,,True,True
2017-09-10,2017-09-08,1309759.71332,0,0,,,True,0.03948,True,True,0.08163,True,1268525.43007,1322906.81289,1334949.01207,0.00902,1.0,0.0,False,False,0,0,,,True,True
2017-09-17,2017-09-15,1329723.20552,0,0,,,True,0.05264,True,True,0.08969,True,1287120.77294,1341512.83912,1341512.83912,0.0,1.0,0.0,False,False,0,0,,,True,True
2017-09-24,2017-09-22,1323378.81543,0,0,,,True,0.05012,True,True,0.07373,True,1281131.09722,1335533.89357,1341512.83912,0.00446,1.0,0.0,False,False,0,0,,,True,True
2017-10-01,2017-09-29,1333748.76091,0,0,,,True,0.05453,True,True,0.07718,True,1290811.14677,1345224.69032,1345224.69032,0.0,1.0,0.0,False,False,0,0,,,True,True
2017-10-08,2017-10-06,1353873.90754,0,0,,,True,0.06397,True,True,0.08722,True,1309604.2785,1364028.67574,1364028.67574,0.0,1.0,0.0,False,False,0,0,,,True,True
2017-10-15,2017-10-13,1358799.41342,0,0,,,True,0.06237,True,True,0.08671,True,1314228.3357,1368663.78266,1368663.78266,0.0,1.0,0.0,False,False,0,0,,,True,True
2017-10-22,2017-10-20,1366999.78404,0,0,,,True,0.06814,True,True,0.08387,True,1321832.48173,1376279.14473,1376279.14473,0.0,1.0,0.0,False,False,0,0,,,True,True
2017-10-29,2017-10-27,1380551.91271,0,0,,,True,0.06731,True,True,0.09728,True,1334599.91523,1389057.97561,1389057.97561,0.0,1.0,0.0,False,False,0,0,,,True,True
2017-11-05,2017-11-03,1393058.23544,0,0,,,True,0.0667,True,True,0.10594,True,1346365.29167,1400834.96075,1400834.96075,0.0,1.0,0.0,False,False,0,0,,,True,True
2017-11-12,2017-11-10,1394176.15577,0,0,,,True,0.06112,True,True,0.10254,True,1347456.23322,1401938.25974,1401938.25974,0.0,1.0,0.0,False,False,0,0,,,True,True
2017-11-19,2017-11-17,1394444.3203,0,0,,,True,0.0565,True,True,0.09792,True,1347740.95106,1402235.77077,1402235.77077,0.0,1.0,0.0,False,False,0,0,,,True,True
2017-11-26,2017-11-24,1413933.47566,0,0,,,True,0.06356,True,True,0.10984,True,1365977.94084,1420486.01959,1420486.01959,0.0,1.0,0.0,False,False,0,0,,,True,True
2017-12-03,2017-12-01,1417017.13967,0,0,,,True,0.0766,True,True,0.09229,True,1368617.53103,1423138.79742,1423138.79742,0.0,1.0,0.0,False,False,0,0,,,True,True
2017-12-10,2017-12-08,1421012.65135,0,0,,,True,0.07736,True,True,0.08896,True,1372328.22302,1426862.72508,1426862.72508,0.0,1.0,0.0,False,False,0,0,,,True,True
2017-12-17,2017-12-15,1443299.68603,0,0,,,True,0.08411,True,True,0.1049,True,1393208.17373,1447756.10894,1447756.10894,0.0,1.0,0.0,False,False,0,0,,,True,True
2017-12-24,2017-12-22,1446696.39957,0,0,,,True,0.0837,True,True,0.09946,True,1396360.27444,1450922.06463,1450922.06463,0.0,1.0,0.0,False,False,0,0,,,True,True
2017-12-31,2017-12-29,1436189.62769,0,0,,,True,0.07712,True,True,0.08399,True,1386495.22564,1441071.1881,1450922.06463,0.00679,1.0,0.0,False,False,0,0,,,True,True
2018-01-07,2018-01-05,1489098.06104,0,0,,,True,0.10196,True,True,0.12295,True,1435986.79755,1490577.23504,1490577.23504,0.0,1.0,0.0,False,False,0,0,,,True,True
2018-01-14,2018-01-12,1517493.94547,0,0,,,True,0.11468,True,True,0.13444,True,1462471.47629,1517076.52752,1517076.52752,0.0,1.0,0.0,False,False,0,0,,,True,True
2018-01-21,2018-01-19,1535984.86397,0,0,,,True,0.12041,True,True,0.14194,True,1479754.09265,1534373.98572,1534373.98572,0.0,1.0,0.0,False,False,0,0,,,True,True
2018-01-28,2018-01-26,1581474.47819,0,0,,,True,0.1398,True,True,0.16601,True,1522242.04688,1576876.78607,1576876.78607,0.0,1.0,0.0,False,False,0,0,,,True,True
2018-02-04,2018-02-02,1508330.30289,0,0,,,True,0.09071,True,True,0.11535,True,1454061.25629,1508710.84565,1576876.78607,0.04323,1.0,0.0,False,False,0,0,,,True,True
2018-02-11,2018-02-09,1414590.06086,0,0,,,True,0.03162,True,True,0.05367,True,1366633.75406,1421298.96137,1576876.78607,0.09866,1.0,0.0,False,False,0,0,,,True,True
2018-02-18,2018-02-16,1497586.24485,0,0,,,True,0.07273,True,True,0.1077,True,1444179.89595,1498861.41476,1576876.78607,0.04947,1.0,0.0,False,False,0,0,,,True,True
2018-02-25,2018-02-23,1519278.66392,0,0,,,True,0.07594,True,True,0.12409,True,1464560.27878,1519258.62312,1576876.78607,0.03654,1.0,0.0,False,False,0,0,,,True,True
2018-03-04,2018-03-02,1488746.18736,0,0,,,True,0.05066,True,True,0.10489,True,1436167.04847,1490882.40369,1576876.78607,0.05453,1.0,0.0,False,False,0,0,,,True,True
2018-03-11,2018-03-09,1558988.12332,2,0,sell:QLD:103853;buy:SGOV:215287,idle_cash_to_sgov;rebalance,True,0.08406,True,True,0.14589,True,1501786.68074,1556519.23207,1576876.78607,0.01291,1.0,0.0,False,False,0,0,,,True,True
2018-03-18,2018-03-16,1538870.26351,0,0,,,True,0.06701,True,True,0.12697,True,1480124.51309,1534874.7159,1576876.78607,0.02664,1.0,0.0,False,False,0,0,,,True,True
2018-03-25,2018-03-23,1432989.28346,0,0,,,True,0.00118,True,True,0.04105,True,1367860.13474,1422628.63986,1576876.78607,0.09782,1.0,0.0,False,False,0,0,,,True,True
2018-04-01,2018-03-29,1455386.07883,0,0,,,True,0.01999,True,True,0.05001,True,1390126.17021,1444910.17704,1576876.78607,0.08369,1.0,0.0,False,False,0,0,,,True,True
2018-04-08,2018-04-06,1426023.11418,1,0,buy:SGOV:399237,idle_cash_to_sgov,False,0.00415,True,True,0.02329,True,1358999.04894,1413803.5161,1576876.78607,0.10342,1.0,0.0,False,False,1,0,buy:SGOV:475804,idle_cash_to_sgov,False,True
2018-04-15,2018-04-13,1445183.57894,2,0,sell:SGOV:401440;buy:SSO:361296,fund_buys;switch_on,True,0.02204,True,True,0.05086,True,1381755.75466,1436578.18183,1576876.78607,0.08897,1.0,0.0,False,False,2,0,sell:SGOV:383821;buy:SSO:345439,fund_buys;switch_on,True,True
2018-04-22,2018-04-20,1447709.05168,0,0,,,True,0.02478,True,True,0.05255,True,1384963.46001,1439804.34886,1576876.78607,0.08693,1.0,0.0,False,False,0,0,,,True,True
2018-04-29,2018-04-27,1445935.4789,0,0,,,True,0.02243,True,True,0.047,True,1382876.72791,1437736.59563,1576876.78607,0.08824,1.0,0.0,False,False,0,0,,,True,True
2018-05-06,2018-05-04,1455587.37444,0,0,,,True,0.01813,True,True,0.06133,True,1394745.00021,1449623.8233,1576876.78607,0.0807,1.0,0.0,False,False,0,0,,,True,True
2018-05-13,2018-05-11,1492974.05806,0,0,,,True,0.04048,True,True,0.08602,True,1435113.005,1490011.04569,1576876.78607,0.05509,1.0,0.0,False,False,0,0,,,True,True
2018-05-20,2018-05-18,1480636.83631,0,0,,,True,0.03244,True,True,0.06834,True,1421129.25257,1476047.13439,1576876.78607,0.06394,1.0,0.0,False,False,0,0,,,True,True
2018-05-27,2018-05-25,1492442.1877,0,0,,,True,0.03314,True,True,0.0788,True,1434681.54977,1489619.23474,1576876.78607,0.05534,1.0,0.0,False,False,0,0,,,True,True
2018-06-03,2018-06-01,1509176.13964,0,0,,,True,0.03614,True,True,0.09403,True,1453735.07329,1508692.52297,1576876.78607,0.04324,1.0,0.0,False,False,1,0,sell:QLD:94049,rebalance,True,True
2018-06-10,2018-06-08,1529237.45797,0,0,,,True,0.04976,True,True,0.09898,True,1473303.10341,1528280.53619,1576876.78607,0.03082,1.0,0.0,False,False,0,0,,,True,True
2018-06-17,2018-06-15,1541099.77329,0,0,,,True,0.04665,True,True,0.10894,True,1484572.84827,1539570.2714,1576876.78607,0.02366,1.0,0.0,False,False,0,0,,,True,True
2018-06-24,2018-06-22,1527289.25516,0,0,,,True,0.03444,True,True,0.0947,True,1471420.76867,1526438.26478,1576876.78607,0.03199,1.0,0.0,False,False,0,0,,,True,True
2018-07-01,2018-06-29,1500946.62997,0,0,,,True,0.0185,True,True,0.06658,True,1446354.04494,1501391.51583,1576876.78607,0.04787,1.0,0.0,False,False,0,0,,,True,True
2018-07-08,2018-07-06,1529551.47555,0,0,,,True,0.03224,True,True,0.0881,True,1473588.77097,1528646.48014,1576876.78607,0.03059,1.0,0.0,False,False,0,0,,,True,True
2018-07-15,2018-07-13,1559258.50006,0,0,,,True,0.04493,True,True,0.10772,True,1501875.574,1556953.74029,1576876.78607,0.01263,1.0,0.0,False,False,0,0,,,True,True
2018-07-22,2018-07-20,1556748.13022,0,0,,,True,0.04234,True,True,0.09809,True,1499501.39021,1554600.23252,1576876.78607,0.01413,1.0,0.0,False,False,0,0,,,True,True
2018-07-29,2018-07-27,1555254.48047,0,0,,,True,0.04595,True,True,0.08464,True,1498121.302,1553240.84321,1576876.78607,0.01499,1.0,0.0,False,False,0,0,,,True,True
2018-08-05,2018-08-03,1571969.21354,0,0,,,True,0.05135,True,True,0.09444,True,1514036.97133,1569177.43068,1576876.78607,0.00488,1.0,0.0,False,False,0,0,,,True,True
2018-08-12,2018-08-10,1572131.48536,0,0,,,True,0.04599,True,True,0.09086,True,1514185.55313,1569347.15013,1576876.78607,0.00478,1.0,0.0,False,False,0,0,,,True,True
2018-08-19,2018-08-17,1574088.63146,0,0,,,True,0.04964,True,True,0.08142,True,1516084.77607,1571267.77581,1576876.78607,0.00356,1.0,0.0,False,False,0,0,,,True,True
2018-08-26,2018-08-24,1593059.4679,0,0,,,True,0.05599,True,True,0.09268,True,1534148.74975,1589353.2059,1589353.2059,0.0,1.0,0.0,False,False,0,0,,,True,True
2018-09-02,2018-08-31,1620304.7901,0,0,,,True,0.06275,True,True,0.11209,True,1560073.63774,1615299.99738,1615299.99738,0.0,1.0,0.0,False,False,0,0,,,True,True
2018-09-09,2018-09-07,1587116.29438,0,0,,,True,0.04947,True,True,0.07575,True,1528519.67758,1583768.06994,1615299.99738,0.01952,1.0,0.0,False,False,0,0,,,True,True
2018-09-16,2018-09-14,1608858.89355,0,0,,,True,0.05886,True,True,0.08806,True,1549231.60596,1604502.32804,1615299.99738,0.00668,1.0,0.0,False,False,0,0,,,True,True
2018-09-23,2018-09-21,1614454.43836,0,0,,,True,0.06519,True,True,0.08132,True,1554597.93478,1609891.17737,1615299.99738,0.00335,1.0,0.0,False,False,0,0,,,True,True
2018-09-30,2018-09-28,1621638.73581,0,0,,,True,0.05694,True,True,0.09034,True,1561396.58294,1616712.6583,1616712.6583,0.0,1.0,0.0,False,False,0,0,,,True,True
2018-10-07,2018-10-05,1587039.24715,0,0,,,True,0.04436,True,True,0.05347,True,1528502.13222,1583841.24685,1616712.6583,0.02033,1.0,0.0,False,False,0,0,,,True,True
2018-10-14,2018-10-12,1525702.27817,1,0,buy:SGOV:811996,idle_cash_to_sgov,False,0.00034,True,False,0.01643,True,1470062.21326,1525424.64974,1616712.6583,0.05647,1.0,0.0,False,False,1,0,buy:SGOV:868487,idle_cash_to_sgov,False,False
2018-10-21,2018-10-19,1526361.15198,0,0,,,False,-0.00017,True,False,0.00695,True,1470697.05893,1526083.40365,1616712.6583,0.05606,1.0,0.0,False,False,0,0,,,False,False
2018-10-28,2018-10-26,1527028.25826,0,0,,,False,-0.03916,True,False,-0.03022,True,1471339.83685,1526750.38854,1616712.6583,0.05565,1.0,0.0,False,False,0,0,,,False,False
2018-11-04,2018-11-02,1527697.32988,0,0,,,False,-0.01505,True,False,-0.01464,True,1471984.50843,1527419.33841,1616712.6583,0.05523,1.0,0.0,False,False,0,0,,,False,False
2018-11-11,2018-11-09,1528370.8817,0,0,,,False,0.00651,True,False,-0.00461,True,1472633.49683,1528092.76767,1616712.6583,0.05481,1.0,0.0,False,False,0,0,,,False,False
2018-11-18,2018-11-16,1529050.59448,0,0,,,False,-0.00885,True,False,-0.02872,True,1473288.42151,1528772.35676,1616712.6583,0.05439,1.0,0.0,False,False,0,0,,,False,False
2018-11-25,2018-11-23,1529734.79393,0,0,,,False,-0.04643,True,False,-0.07691,True,1473947.66924,1529456.43172,1616712.6583,0.05397,1.0,0.0,False,False,0,0,,,False,False
2018-12-02,2018-11-30,1530425.59414,0,0,,,False,-0.00062,True,False,-0.01809,True,1474613.27701,1530147.10622,1616712.6583,0.05354,1.0,0.0,False,False,0,0,,,False,False
2018-12-09,2018-12-07,1531114.1837,0,0,,,False,-0.04658,True,False,-0.06569,True,1475276.75474,1530835.57048,1616712.6583,0.05312,1.0,0.0,False,False,0,0,,,False,False
2018-12-16,2018-12-14,1531808.96415,0,0,,,False,-0.05774,True,False,-0.0677,True,1475946.19759,1531530.2245,1616712.6583,0.05269,1.0,0.0,False,False,0,0,,,False,False
2018-12-23,2018-12-21,1532501.54052,0,0,,,False,-0.1224,True,False,-0.14345,True,1476613.51675,1532222.67485,1616712.6583,0.05226,1.0,0.0,False,False,0,0,,,False,False
2018-12-30,2018-12-28,1533198.20407,0,0,,,False,-0.09517,True,False,-0.10737,True,1477284.77403,1532919.21163,1616712.6583,0.05183,1.0,0.0,False,False,0,0,,,False,False
2019-01-06,2019-01-04,1533894.764,0,0,,,False,-0.07679,True,False,-0.0862,True,1477955.93147,1533615.6448,1616712.6583,0.0514,1.0,0.0,False,False,0,0,,,False,False
2019-01-13,2019-01-11,1534597.11202,0,0,,,False,-0.0528,True,False,-0.06046,True,1478632.66591,1534317.86502,1616712.6583,0.05096,1.0,0.0,False,False,0,0,,,False,False
2019-01-20,2019-01-18,1535298.94026,0,0,,,False,-0.02569,True,False,-0.03503,True,1479308.89953,1535019.56555,1616712.6583,0.05053,1.0,0.0,False,False,0,0,,,False,False
2019-01-27,2019-01-25,1535993.07546,0,0,,,False,-0.02793,True,False,-0.0351,True,1479977.72067,1535713.57444,1616712.6583,0.0501,1.0,0.0,False,False,0,0,,,False,False
2019-02-03,2019-02-01,1536687.12311,0,0,,,False,-0.01275,True,False,-0.02296,True,1480646.45744,1536407.49579,1616712.6583,0.04967,1.0,0.0,False,False,0,0,,,False,False
2019-02-10,2019-02-08,1537383.16889,0,0,,,False,-0.01267,True,False,-0.01857,True,1481317.11948,1537103.41492,1616712.6583,0.04924,1.0,0.0,False,False,0,0,,,False,False
2019-02-17,2019-02-15,1538086.2713,0,0,,,False,0.01119,True,False,0.00024,True,1481994.58081,1537806.38939,1616712.6583,0.04881,1.0,0.0,False,False,0,0,,,False,False
2019-02-24,2019-02-22,1538791.36188,0,0,,,False,0.01643,True,False,0.00429,True,1482673.95779,1538511.35166,1616712.6583,0.04837,1.0,0.0,False,False,0,0,,,False,False
2019-03-03,2019-03-01,1539501.85586,0,0,,,False,0.01966,True,False,0.01219,True,1483358.54112,1539221.71635,1616712.6583,0.04793,1.0,0.0,False,False,0,0,,,False,False
2019-03-10,2019-03-08,1540210.56848,0,0,,,False,-0.00283,True,False,-0.00772,True,1484041.40806,1539930.30001,1616712.6583,0.04749,1.0,0.0,False,False,0,0,,,False,False
2019-03-17,2019-03-15,1540921.71773,3,0,sell:SGOV:856068;buy:SSO:385230;buy:QLD:385230,fund_buys;switch_on,True,0.02525,True,True,0.03239,True,1484726.62277,1540641.31986,1616712.6583,0.04705,1.0,0.0,False,False,3,0,sell:SGOV:824848;buy:SSO:371182;buy:QLD:371182,fund_buys;switch_on,True,True
2019-03-24,2019-03-22,1535995.64092,0,0,,,True,0.01645,True,True,0.03396,True,1479980.19251,1535920.70665,1616712.6583,0.04997,1.0,0.0,False,False,0,0,,,True,True
2019-03-31,2019-03-29,1550584.47978,0,0,,,True,0.02834,True,True,0.04083,True,1494036.99852,1550003.29564,1616712.6583,0.04126,1.0,0.0,False,False,0,0,,,True,True
2019-04-07,2019-04-05,1587893.11094,0,0,,,True,0.04854,True,True,0.06798,True,1529985.04043,1585976.76429,1616712.6583,0.01901,1.0,0.0,False,False,0,0,,,True,True
2019-04-14,2019-04-12,1597654.12868,0,0,,,True,0.05244,True,True,0.07326,True,1539390.08864,1595407.40424,1616712.6583,0.01318,1.0,0.0,False,False,0,0,,,True,True
2019-04-21,2019-04-18,1603888.33415,0,0,,,True,0.05014,True,True,0.08002,True,1545396.94207,1601436.23776,1616712.6583,0.00945,1.0,0.0,False,False,0,0,,,True,True
2019-04-28,2019-04-26,1628380.33106,0,0,,,True,0.06111,True,True,0.09689,True,1568995.75297,1625064.28646,1625064.28646,0.0,1.0,0.0,False,False,0,0,,,True,True
2019-05-05,2019-05-03,1631417.85091,0,0,,,True,0.06186,True,True,0.09787,True,1571922.49906,1628016.64405,1628016.64405,0.0,1.0,0.0,False,False,0,0,,,True,True
2019-05-12,2019-05-10,1586191.90781,0,0,,,True,0.03795,True,True,0.0606,True,1528345.87757,1584465.64574,1628016.64405,0.02675,1.0,0.0,False,False,0,0,,,True,True
2019-05-19,2019-05-17,1570157.2126,0,0,,,True,0.02987,True,True,0.04851,True,1512895.94339,1569041.20802,1628016.64405,0.03623,1.0,0.0,False,False,0,0,,,True,True
2019-05-26,2019-05-24,1539665.91342,0,0,,,True,0.01778,True,True,0.02025,True,1483516.61568,1539687.03445,1628016.64405,0.05426,1.0,0.0,False,False,0,0,,,True,True
2019-06-02,2019-05-31,1501362.23447,3,0,sell_all:SSO:363349;sell_all:QLD:362684;buy:SGOV:809441,idle_cash_to_sgov;switch_off,False,-0.00844,True,False,-0.00332,True,1446609.81384,1502805.12027,1628016.64405,0.07691,1.0,0.0,False,False,3,0,sell_all:SSO:350099;sell_all:QLD:349457;buy:SGOV:779922,idle_cash_to_sgov;switch_off,False,False
2019-06-09,2019-06-07,1500172.0255,3,0,sell:SGOV:831649;buy:SSO:375043;buy:QLD:375043,fund_buys;switch_on,True,0.03547,True,True,0.03777,True,1445463.00999,1501683.07714,1628016.64405,0.0776,1.0,0.0,False,False,3,0,sell:SGOV:801320;buy:SSO:361366;buy:QLD:361366,fund_buys;switch_on,True,True
2019-06-16,2019-06-14,1500802.15404,0,0,,,True,0.04024,True,True,0.04627,True,1446070.15868,1502314.07301,1628016.64405,0.07721,1.0,0.0,False,False,0,0,,,True,True
2019-06-23,2019-06-21,1542083.5078,0,0,,,True,0.06287,True,True,0.08109,True,1485846.04296,1542113.10554,1628016.64405,0.05277,1.0,0.0,False,False,0,0,,,True,True
2019-06-30,2019-06-28,1533425.98596,0,0,,,True,0.05928,True,True,0.07234,True,1477504.24806,1533793.74368,1628016.64405,0.05788,1.0,0.0,False,False,0,0,,,True,True
2019-07-07,2019-07-05,1565353.93665,0,0,,,True,0.07614,True,True,0.09519,True,1508267.83395,1564580.26502,1628016.64405,0.03897,1.0,0.0,False,False,0,0,,,True,True
2019-07-14,2019-07-12,1581601.43274,0,0,,,True,0.08383,True,True,0.10809,True,1523922.80807,1580258.73967,1628016.64405,0.02934,1.0,0.0,False,False,0,0,,,True,True
2019-07-21,2019-07-19,1560427.12448,0,0,,,True,0.06969,True,True,0.09184,True,1503520.6953,1559879.18002,1628016.64405,0.04185,1.0,0.0,False,False,0,0,,,True,True
2019-07-28,2019-07-26,1591770.99418,0,0,,,True,0.08638,True,True,0.11541,True,1533721.50077,1590101.96073,1628016.64405,0.02329,1.0,0.0,False,False,0,0,,,True,True
2019-08-04,2019-08-02,1533109.48092,0,0,,,True,0.05083,True,True,0.06758,True,1477199.28553,1533602.02286,1628016.64405,0.05799,1.0,0.0,False,False,0,0,,,True,True
2019-08-11,2019-08-09,1524117.88409,0,0,,,True,0.04499,True,True,0.0597,True,1468535.59886,1524960.01952,1628016.64405,0.0633,1.0,0.0,False,False,0,0,,,True,True
2019-08-18,2019-08-16,1511279.19024,0,0,,,True,0.03244,True,True,0.05139,True,1456165.11306,1512610.54503,1628016.64405,0.07089,1.0,0.0,False,False,0,0,,,True,True
2019-08-25,2019-08-23,1486135.87225,0,0,,,True,0.01591,True,True,0.02964,True,1431938.73445,1488404.55135,1628016.64405,0.08576,1.0,0.0,False,False,0,0,,,True,True
2019-09-01,2019-08-30,1527385.68809,0,0,,,True,0.0431,True,True,0.05869,True,1471684.23094,1528171.07458,1628016.64405,0.06133,1.0,0.0,False,False,0,0,,,True,True
2019-09-08,2019-09-06,1559059.03036,0,0,,,True,0.06001,True,True,0.07819,True,1502202.4936,1558710.38678,1628016.64405,0.04257,1.0,0.0,False,False,0,0,,,True,True
2019-09-15,2019-09-13,1570945.67511,0,0,,,True,0.06701,True,True,0.07901,True,1513655.65013,1570184.32244,1628016.64405,0.03552,1.0,0.0,False,False,0,0,,,True,True
2019-09-22,2019-09-20,1558953.40169,0,0,,,True,0.05914,True,True,0.06599,True,1502100.71707,1558650.23812,1628016.64405,0.04261,1.0,0.0,False,False,0,0,,,True,True
2019-09-29,2019-09-27,1537194.01058,0,0,,,True,0.0455,True,True,0.04299,True,1481134.85856,1537704.56966,1628016.64405,0.05547,1.0,0.0,False,False,0,0,,,True,True
2019-10-06,2019-10-04,1540649.31086,0,0,,,True,0.03898,True,True,0.04905,True,1484464.14918,1541052.95687,1628016.64405,0.05342,1.0,0.0,False,False,0,0,,,True,True
2019-10-13,2019-10-11,1554456.15808,0,0,,,True,0.04092,True,True,0.05562,True,1497767.48126,1554374.49254,1628016.64405,0.04523,1.0,0.0,False,False,0,0,,,True,True
2019-10-20,2019-10-18,1561386.83636,0,0,,,True,0.04194,True,True,0.05319,True,1504445.40803,1561070.25646,1628016.64405,0.04112,1.0,0.0,False,False,0,0,,,True,True
2019-10-27,2019-10-25,1587569.11402,0,0,,,True,0.05059,True,True,0.06968,True,1529672.85703,1586315.40857,1628016.64405,0.02561,1.0,0.0,False,False,0,0,,,True,True
2019-11-03,2019-11-01,1614086.62098,0,0,,,True,0.06197,True,True,0.08201,True,1555223.31001,1611883.25975,1628016.64405,0.00991,1.0,0.0,False,False,0,0,,,True,True
2019-11-10,2019-11-08,1631661.12006,0,0,,,True,0.06705,True,True,0.08914,True,1572156.89329,1628833.23735,1628833.23735,0.0,1.0,0.0,False,False,0,0,,,True,True
2019-11-17,2019-11-15,1645723.47431,0,0,,,True,0.07258,True,True,0.09167,True,1585706.41443,1642399.40606,1642399.40606,0.0,1.0,0.0,False,False,0,0,,,True,True
2019-11-24,2019-11-22,1639228.01737,0,0,,,True,0.0655,True,True,0.08121,True,1579447.83714,1636157.58997,1642399.40606,0.0038,1.0,0.0,False,False,0,0,,,True,True
2019-12-01,2019-11-29,1662661.43304,0,0,,,True,0.07305,True,True,0.09438,True,1602026.67105,1658753.4852,1658753.4852,0.0,1.0,0.0,False,False,0,0,,,True,True
2019-12-08,2019-12-06,1663065.63505,0,0,,,True,0.07167,True,True,0.08912,True,1602416.13242,1659159.7644,1659159.7644,0.0,1.0,0.0,False,False,0,0,,,True,True
2019-12-15,2019-12-13,1680006.75546,0,0,,,True,0.07621,True,True,0.09624,True,1618739.43541,1675499.56368,1675499.56368,0.0,1.0,0.0,False,False,0,0,,,True,True
2019-12-22,2019-12-20,1715608.81771,0,0,,,True,0.09002,True,True,0.11542,True,1653043.14348,1709820.00613,1709820.00613,0.0,1.0,0.0,False,False,0,0,,,True,True
2019-12-29,2019-12-27,1731346.09428,0,0,,,True,0.09318,True,True,0.12292,True,1668206.50502,1725000.26248,1725000.26248,0.0,1.0,0.0,False,False,0,0,,,True,True
2020-01-05,2020-01-03,1732603.39514,0,0,,,True,0.08843,True,True,0.12173,True,1669417.954,1726228.37784,1726228.37784,0.0,1.0,0.0,False,False,0,0,,,True,True
2020-01-12,2020-01-10,1761986.85024,0,0,,,True,0.09465,True,True,0.13812,True,1697729.83826,1754556.65326,1754556.65326,0.0,1.0,0.0,False,False,0,0,,,True,True
2020-01-19,2020-01-17,1804127.53905,0,0,,,True,0.112,True,True,0.15837,True,1738333.71892,1795177.14782,1795177.14782,0.0,1.0,0.0,False,False,0,0,,,True,True
2020-01-26,2020-01-24,1790305.20327,0,0,,,True,0.09745,True,True,0.14963,True,1725015.46315,1781875.54166,1795177.14782,0.00741,1.0,0.0,False,False,0,0,,,True,True
2020-02-02,2020-01-31,1751023.56422,0,0,,,True,0.07093,True,True,0.12571,True,1687166.36697,1744043.05353,1795177.14782,0.02848,1.0,0.0,False,False,0,0,,,True,True
2020-02-09,2020-02-07,1830683.27641,1,0,sell:QLD:120919,rebalance,True,0.10124,True,True,0.17113,True,1763921.00811,1820814.40108,1820814.40108,0.0,1.0,0.0,False,False,1,0,sell:QLD:116509,rebalance,True,True
2020-02-16,2020-02-14,1867322.31683,0,0,,,True,0.11461,True,True,0.19227,True,1799223.87735,1856134.09077,1856134.09077,0.0,1.0,0.0,False,False,0,0,,,True,True
2020-02-23,2020-02-21,1837350.709,0,0,,,True,0.09739,True,True,0.165,True,1770345.28939,1827272.42149,1856134.09077,0.01555,1.0,0.0,False,False,0,0,,,True,True
2020-03-01,2020-02-28,1619040.34682,1,0,buy:SGOV:575062,idle_cash_to_sgov,False,-0.0305,True,True,0.03959,True,1559996.3808,1616939.90652,1856134.09077,0.12887,1.0,0.0,False,False,1,0,buy:SGOV:554090,idle_cash_to_sgov,False,True
2020-03-08,2020-03-06,1621685.45809,0,0,,,False,-0.02603,True,True,0.04402,True,1562545.02881,1619499.63193,1856134.09077,0.12749,1.0,0.0,False,False,0,0,,,False,True
2020-03-15,2020-03-13,1594883.39682,0,0,,,False,-0.1109,True,False,-0.0233,True,1536720.39875,1593679.43353,1856134.09077,0.1414,1.0,0.0,False,False,0,0,,,False,False
2020-03-22,2020-03-20,1594940.20145,0,0,,,False,-0.24174,True,False,-0.14569,True,1536775.1318,1593736.19528,1856134.09077,0.14137,1.0,0.0,False,False,0,0,,,False,False
2020-03-29,2020-03-27,1594944.13417,0,0,,,False,-0.16111,True,False,-0.07331,True,1536778.9211,1593740.12503,1856134.09077,0.14137,1.0,0.0,False,False,0,0,,,False,False
2020-04-05,2020-04-03,1594965.98284,0,0,,,False,-0.17607,True,False,-0.08097,True,1536799.97298,1593761.9572,1856134.09077,0.14135,1.0,0.0,False,False,0,0,,,False,False
2020-04-12,2020-04-09,1595001.37826,0,0,,,False,-0.07498,True,False,0.00464,True,1536834.07758,1593797.3259,1856134.09077,0.14134,1.0,0.0,False,False,0,0,,,False,False
2020-04-19,2020-04-17,1595077.41506,2,0,sell:SGOV:98877;buy:QLD:398769,fund_buys;switch_on,False,-0.04585,True,True,0.074,True,1536907.34144,1593873.30531,1856134.09077,0.14129,1.0,0.0,False,False,2,0,sell:SGOV:95271;buy:QLD:384227,fund_buys;switch_on,False,True
2020-04-26,2020-04-24,1596848.03595,0,0,,,False,-0.05693,True,True,0.06583,True,1538613.39049,1595580.63415,1856134.09077,0.14037,1.0,0.0,False,False,0,0,,,False,True
2020-05-03,2020-05-01,1590208.56125,0,0,,,False,-0.05801,True,True,0.05459,True,1532216.0473,1589184.50835,1856134.09077,0.14382,1.0,0.0,False,False,0,0,,,False,True
2020-05-10,2020-05-08,1636426.04081,0,0,,,False,-0.02404,True,True,0.11166,True,1576748.04587,1633717.8336,1856134.09077,0.11983,1.0,0.0,False,False,0,0,,,False,True
2020-05-17,2020-05-15,1629860.81752,0,0,,,False,-0.04493,True,True,0.09957,True,1570422.24626,1627393.3763,1856134.09077,0.12324,1.0,0.0,False,False,0,0,,,False,True
2020-05-24,2020-05-22,1654363.4213,0,0,,,False,-0.01476,True,True,0.12494,True,1594031.27745,1651003.74984,1856134.09077,0.11051,1.0,0.0,False,False,0,0,,,False,True
2020-05-31,2020-05-29,1667580.376,0,0,,,False,0.01413,True,True,0.137,True,1606766.22997,1663740.13838,1856134.09077,0.10365,1.0,0.0,False,False,0,0,,,False,True
2020-06-07,2020-06-05,1694596.57315,2,0,sell:SGOV:426406;buy:SSO:423649,fund_buys;switch_on,True,0.06191,True,True,0.16177,True,1632797.18761,1689772.6882,1856134.09077,0.08963,1.0,0.0,False,False,2,0,sell:SGOV:410856;buy:SSO:408199,fund_buys;switch_on,True,True
2020-06-14,2020-06-12,1643393.80412,1,0,buy:SGOV:436982,idle_cash_to_sgov,False,0.0091,True,True,0.13528,True,1583461.70563,1640439.00135,1856134.09077,0.11621,1.0,0.0,False,False,1,0,buy:SGOV:421046,idle_cash_to_sgov,False,True
2020-06-21,2020-06-19,1678153.60939,2,0,sell:SGOV:466154;buy:SSO:419538,fund_buys;switch_on,True,0.02623,True,True,0.16796,True,1616953.87382,1673932.98035,1856134.09077,0.09816,1.0,0.0,False,False,2,0,sell:SGOV:449154;buy:SSO:404238,fund_buys;switch_on,True,True
2020-06-28,2020-06-26,1640100.48604,2,0,sell_all:SSO:397517;buy:SGOV:442146,idle_cash_to_sgov;switch_off,False,-0.00394,True,True,0.14201,True,1580288.49007,1637269.28257,1856134.09077,0.11791,1.0,0.0,False,False,2,0,sell_all:SSO:383020;buy:SGOV:426022,idle_cash_to_sgov;switch_off,False,True
2020-07-05,2020-07-02,1694309.61305,3,0,sell:QLD:126470;sell:SGOV:338778;buy:SSO:423577,fund_buys;rebalance;switch_on,True,0.03545,True,True,0.19277,True,1632520.69286,1689502.82794,1856134.09077,0.08977,1.0,0.0,False,False,3,0,sell:QLD:121858;sell:SGOV:326424;buy:SSO:408130,fund_buys;rebalance;switch_on,True,True
2020-07-12,2020-07-10,1740960.50773,0,0,,,True,0.05215,True,True,0.23961,True,1677470.30008,1734454.21489,1856134.09077,0.06556,1.0,0.0,False,False,0,0,,,True,True
2020-07-19,2020-07-17,1734857.47326,0,0,,,True,0.06319,True,True,0.20768,True,1671589.83401,1728575.23198,1856134.09077,0.06872,1.0,0.0,False,False,0,0,,,True,True
2020-07-26,2020-07-24,1718349.73362,0,0,,,True,0.05731,True,True,0.17896,True,1655684.1067,1712670.81613,1856134.09077,0.07729,1.0,0.0,False,False,0,0,,,True,True
2020-08-02,2020-07-31,1768959.92523,0,0,,,True,0.073,True,True,0.21663,True,1704448.621,1761436.5014,1856134.09077,0.05102,1.0,0.0,False,False,0,0,,,True,True
2020-08-09,2020-08-07,1811097.32648,0,0,,,True,0.09633,True,True,0.2316,True,1745049.33478,1802038.24564,1856134.09077,0.02914,1.0,0.0,False,False,0,0,,,True,True
2020-08-16,2020-08-14,1819484.29505,0,0,,,True,0.10031,True,True,0.22394,True,1753130.44324,1810120.49389,1856134.09077,0.02479,1.0,0.0,False,False,0,0,,,True,True
2020-08-23,2020-08-21,1861869.39164,0,0,,,True,0.10531,True,True,0.25556,True,1793969.81936,1850960.97859,1856134.09077,0.00279,1.0,0.0,False,False,0,0,,,True,True
2020-08-30,2020-08-28,1934337.30311,0,0,,,True,0.13784,True,True,0.29077,True,1863794.93541,1920787.26571,1920787.26571,0.0,1.0,0.0,False,False,0,0,,,True,True
2020-09-06,2020-09-04,1873313.06062,0,0,,,True,0.10807,True,True,0.23809,True,1804996.15498,1861989.67197,1920787.26571,0.03061,1.0,0.0,False,False,0,0,,,True,True
2020-09-13,2020-09-11,1798439.80687,0,0,,,True,0.0786,True,True,0.17393,True,1732853.4158,1789848.19759,1920787.26571,0.06817,1.0,0.0,False,False,0,0,,,True,True
2020-09-20,2020-09-18,1779009.42762,0,0,,,True,0.06958,True,True,0.14937,True,1714131.63317,1771127.6017,1920787.26571,0.07792,1.0,0.0,False,False,0,0,,,True,True
2020-09-27,2020-09-25,1790488.25623,0,0,,,True,0.06155,True,True,0.16373,True,1725191.84626,1782188.9235,1920787.26571,0.07216,1.0,0.0,False,False,0,0,,,True,True
2020-10-04,2020-10-02,1813148.26019,0,0,,,True,0.07605,True,True,0.16586,True,1747025.47404,1804023.62876,1920787.26571,0.06079,1.0,0.0,False,False,0,0,,,True,True
2020-10-11,2020-10-09,1891056.81457,0,0,,,True,0.11553,True,True,0.20564,True,1822092.82096,1879092.00634,1920787.26571,0.02171,1.0,0.0,False,False,0,0,,,True,True
2020-10-18,2020-10-16,1901883.10895,0,0,,,True,0.11533,True,True,0.20866,True,1832524.29673,1889524.63772,1920787.26571,0.01628,1.0,0.0,False,False,0,0,,,True,True
2020-10-25,2020-10-23,1883102.20092,0,0,,,True,0.10769,True,True,0.18396,True,1814428.30007,1871429.78107,1920787.26571,0.0257,1.0,0.0,False,False,0,0,,,True,True
2020-11-01,2020-10-30,1770723.02445,0,0,,,True,0.04489,True,True,0.11276,True,1706147.42267,1763149.99686,1920787.26571,0.08207,1.0,0.0,False,False,0,0,,,True,True
2020-11-08,2020-11-06,1927994.50813,0,0,,,True,0.12043,True,True,0.20974,True,1857683.4526,1914687.05753,1920787.26571,0.00318,1.0,0.0,False,False,0,0,,,True,True
2020-11-15,2020-11-13,1936565.35166,0,0,,,True,0.14189,True,True,0.18617,True,1865941.7303,1922946.44407,1922946.44407,0.0,1.0,0.0,False,False,0,0,,,True,True
2020-11-22,2020-11-20,1924807.60509,0,0,,,True,0.1306,True,True,0.1754,True,1854612.77103,1911618.43749,1922946.44407,0.00589,1.0,0.0,False,False,0,0,,,True,True
2020-11-29,2020-11-27,1982558.35312,0,0,,,True,0.15441,True,True,0.20409,True,1910257.43639,1967263.97747,1967263.97747,0.0,1.0,0.0,False,False,0,0,,,True,True
2020-12-06,2020-12-04,2026759.649,0,0,,,True,0.17096,True,True,0.22216,True,1952846.77769,2009854.27148,2009854.27148,0.0,1.0,0.0,False,False,0,0,,,True,True
2020-12-13,2020-12-11,2000264.18308,0,0,,,True,0.1542,True,True,0.19632,True,1927317.56145,1984325.99236,2009854.27148,0.0127,1.0,0.0,False,False,0,0,,,True,True
2020-12-20,2020-12-18,2046292.64153,0,0,,,True,0.16271,True,True,0.21984,True,1971667.43148,2028676.76828,2028676.76828,0.0,1.0,0.0,False,False,0,0,,,True,True
2020-12-27,2020-12-24,2045275.87262,0,0,,,True,0.15363,True,True,0.20616,True,1970687.7426,2027697.87598,2028676.76828,0.00048,1.0,0.0,False,False,0,0,,,True,True
2021-01-03,2020-12-31,2076666.12058,0,0,,,True,0.16123,True,True,0.21049,True,2000933.23557,2057944.3842,2057944.3842,0.0,1.0,0.0,False,False,0,0,,,True,True
2021-01-10,2021-01-08,2121152.53937,0,0,,,True,0.16991,True,True,0.21497,True,2043797.30175,2100809.57499,2100809.57499,0.0,1.0,0.0,False,False,0,0,,,True,True
2021-01-17,2021-01-15,2072972.38016,0,0,,,True,0.14196,True,True,0.17301,True,1997374.20025,2054387.39507,2100809.57499,0.0221,1.0,0.0,False,False,0,0,,,True,True
2021-01-24,2021-01-22,2151150.19586,1,0,sell:QLD:149275,rebalance,True,0.15538,True,True,0.21245,True,2072700.989,2129715.15226,2129715.15226,0.0,1.0,0.0,False,False,1,0,sell:QLD:143831,rebalance,True,True
2021-01-31,2021-01-29,2077403.57755,0,0,,,True,0.10874,True,True,0.15976,True,2001643.79862,2058658.821,2129715.15226,0.03336,1.0,0.0,False,False,0,0,,,True,True
2021-02-07,2021-02-05,2186943.77795,0,0,,,True,0.1514,True,True,0.2077,True,2107189.23317,2164204.88037,2164204.88037,0.0,1.0,0.0,False,False,0,0,,,True,True
2021-02-14,2021-02-12,2219818.78638,0,0,,,True,0.15658,True,True,0.21252,True,2138865.33964,2195881.42422,2195881.42422,0.0,1.0,0.0,False,False,0,0,,,True,True
2021-02-21,2021-02-19,2192120.56745,0,0,,,True,0.14122,True,True,0.18262,True,2112177.23294,2169193.73929,2195881.42422,0.01215,1.0,0.0,False,False,0,0,,,True,True
2021-02-28,2021-02-26,2104206.02836,0,0,,,True,0.10545,True,True,0.11458,True,2027468.80438,2084485.71688,2195881.42422,0.05073,1.0,0.0,False,False,0,0,,,True,True
2021-03-07,2021-03-05,2094833.11007,0,0,,,True,0.1067,True,True,0.08521,True,2018437.7022,2075455.08333,2195881.42422,0.05484,1.0,0.0,False,False,0,0,,,True,True
2021-03-14,2021-03-12,2148357.79433,0,0,,,True,0.12847,True,True,0.10035,True,2070010.42194,2127028.27171,2195881.42422,0.03136,1.0,0.0,False,False,0,0,,,True,True
2021-03-21,2021-03-19,2129417.15276,0,0,,,True,0.11281,True,True,0.08644,True,2051760.517,2108778.69482,2195881.42422,0.03967,1.0,0.0,False,False,0,0,,,True,True
2021-03-28,2021-03-26,2159390.48502,0,0,,,True,0.12439,True,True,0.0889,True,2080640.76701,2137659.11667,2195881.42422,0.02651,1.0,0.0,False,False,0,0,,,True,True
2021-04-04,2021-04-01,2201783.86934,0,0,,,True,0.13131,True,True,0.11209,True,2121488.1286,2178506.69696,2195881.42422,0.00791,1.0,0.0,False,False,0,0,,,True,True
2021-04-11,2021-04-09,2280001.81691,0,0,,,True,0.15404,True,True,0.14647,True,2196853.58563,2253872.40393,2253872.40393,0.0,1.0,0.0,False,False,0,0,,,True,True
2021-04-18,2021-04-16,2316387.86266,2,0,sell:SSO:150637;buy:SGOV:347257,idle_cash_to_sgov;rebalance,True,0.16103,True,True,0.15341,True,2231912.68718,2288931.73981,2288931.73981,0.0,1.0,0.0,False,False,2,0,sell:SSO:145143;buy:SGOV:334593,idle_cash_to_sgov;rebalance,True,True
2021-04-25,2021-04-23,2304281.61053,0,0,,,True,0.1515,True,True,0.13725,True,2220247.93177,2277267.24996,2288931.73981,0.0051,1.0,0.0,False,False,0,0,,,True,True
2021-05-02,2021-04-30,2300002.71983,0,0,,,True,0.14384,True,True,0.12327,True,2216125.08573,2273144.63825,2288931.73981,0.0069,1.0,0.0,False,False,0,0,,,True,True
2021-05-09,2021-05-07,2299743.34798,0,0,,,True,0.15047,True,True,0.10545,True,2215875.17259,2272894.92819,2288931.73981,0.00701,1.0,0.0,False,False,0,0,,,True,True
2021-05-16,2021-05-14,2256841.23796,0,0,,,True,0.12757,True,True,0.0734,True,2174537.6379,2231557.59659,2288931.73981,0.02507,1.0,0.0,False,False,0,0,,,True,True
2021-05-23,2021-05-21,2253979.42311,0,0,,,True,0.11626,True,True,0.06984,True,2171780.18918,2228800.28846,2288931.73981,0.02627,1.0,0.0,False,False,0,0,,,True,True
2021-05-30,2021-05-28,2290141.47147,0,0,,,True,0.12287,True,True,0.08621,True,2206623.4621,2263643.73323,2288931.73981,0.01105,1.0,0.0,False,False,0,0,,,True,True
2021-06-06,2021-06-04,2302850.35828,0,0,,,True,0.12478,True,True,0.08875,True,2218868.87492,2275889.30226,2288931.73981,0.0057,1.0,0.0,False,False,0,0,,,True,True
2021-06-13,2021-06-11,2326061.68574,0,0,,,True,0.12328,True,True,0.10164,True,2241233.72028,2298254.39758,2298254.39758,0.0,1.0,0.0,False,False,0,0,,,True,True
2021-06-20,2021-06-18,2308024.85071,0,0,,,True,0.09662,True,True,0.10132,True,2223854.66169,2280875.6983,2298254.39758,0.00756,1.0,0.0,False,False,0,0,,,True,True
2021-06-27,2021-06-25,2365026.5716,0,0,,,True,0.12069,True,True,0.11874,True,2278777.61551,2335799.18328,2335799.18328,0.0,1.0,0.0,False,False,0,0,,,True,True
2021-07-04,2021-07-02,2417361.10599,0,0,,,True,0.13248,True,True,0.14112,True,2329203.58824,2386225.73403,2386225.73403,0.0,1.0,0.0,False,False,0,0,,,True,True
2021-07-11,2021-07-09,2430356.78817,0,0,,,True,0.13089,True,True,0.14213,True,2341725.33747,2398748.04567,2398748.04567,0.0,1.0,0.0,False,False,0,0,,,True,True
2021-07-18,2021-07-16,2405678.96765,0,0,,,True,0.11223,True,True,0.12296,True,2317947.47994,2374970.79743,2398748.04567,0.00991,1.0,0.0,False,False,0,0,,,True,True
2021-07-25,2021-07-23,2467517.46993,0,0,,,True,0.12694,True,True,0.14836,True,2377530.82516,2434554.68945,2434554.68945,0.0,1.0,0.0,False,False,0,0,,,True,True
2021-08-01,2021-07-30,2450173.80102,0,0,,,True,0.11609,True,True,0.12988,True,2360819.6537,2417844.08042,2434554.68945,0.00686,1.0,0.0,False,False,0,0,,,True,True
2021-08-08,2021-08-06,2474000.69489,0,0,,,True,0.11981,True,True,0.13417,True,2383777.6166,2440802.637,2440802.637,0.0,1.0,0.0,False,False,0,0,,,True,True
2021-08-15,2021-08-13,2486403.42424,0,0,,,True,0.12056,True,True,0.12888,True,2395728.03701,2452753.68234,2452753.68234,0.0,1.0,0.0,False,False,0,0,,,True,True
2021-08-22,2021-08-20,2474441.77369,0,0,,,True,0.10612,True,True,0.11762,True,2384202.60989,2441228.94266,2452753.68234,0.0047,1.0,0.0,False,False,0,0,,,True,True
2021-08-29,2021-08-27,2524981.3228,0,0,,,True,0.1162,True,True,0.13554,True,2432899.05774,2489925.95296,2489925.95296,0.0,1.0,0.0,False,False,0,0,,,True,True
2021-09-05,2021-09-03,2554040.1719,0,0,,,True,0.11613,True,True,0.14397,True,2460898.17441,2517925.60085,2517925.60085,0.0,1.0,0.0,False,False,0,0,,,True,True
2021-09-12,2021-09-10,2511936.907,0,0,,,True,0.09225,True,True,0.12248,True,2420330.35227,2477358.30993,2517925.60085,0.01611,1.0,0.0,False,False,0,0,,,True,True
2021-09-19,2021-09-17,2493347.14499,0,0,,,True,0.08053,True,True,0.10825,True,2402418.53091,2459447.00416,2517925.60085,0.02322,1.0,0.0,False,False,0,0,,,True,True
2021-09-26,2021-09-24,2498870.92706,0,0,,,True,0.08129,True,True,0.10272,True,2407740.8689,2464769.73275,2517925.60085,0.02111,1.0,0.0,False,False,0,0,,,True,True
2021-10-03,2021-10-01,2420980.88572,0,0,,,True,0.05297,True,True,0.05946,True,2332691.36006,2389720.61452,2517925.60085,0.05092,1.0,0.0,False,False,0,0,,,True,True
2021-10-10,2021-10-08,2433934.51165,0,0,,,True,0.05706,True,True,0.05772,True,2345172.58668,2402202.29426,2517925.60085,0.04596,1.0,0.0,False,False,0,0,,,True,True
2021-10-17,2021-10-15,2484960.97215,0,0,,,True,0.07194,True,True,0.07698,True,2394338.18895,2451368.45901,2517925.60085,0.02643,1.0,0.0,False,False,0,0,,,True,True
2021-10-24,2021-10-22,2525022.52878,0,0,,,True,0.0845,True,True,0.08675,True,2432938.76085,2489969.60903,2517925.60085,0.0111,1.0,0.0,False,False,0,0,,,True,True
2021-10-31,2021-10-29,2588384.57054,0,0,,,True,0.09388,True,True,0.11647,True,2493990.08446,2551021.58888,2551021.58888,0.0,1.0,0.0,False,False,0,0,,,True,True
2021-11-07,2021-11-05,2664827.18594,0,0,,,True,0.11028,True,True,0.14632,True,2567644.9528,2624676.98849,2624676.98849,0.0,1.0,0.0,False,False,0,0,,,True,True
2021-11-14,2021-11-12,2644995.06996,0,0,,,True,0.10107,True,True,0.12938,True,2548536.08418,2605568.66674,2624676.98849,0.00728,1.0,0.0,False,False,0,0,,,True,True
2021-11-21,2021-11-19,2685847.34562,0,0,,,True,0.09908,True,True,0.14957,True,2587898.53903,2644931.66849,2644931.66849,0.0,1.0,0.0,False,False,0,0,,,True,True
2021-11-28,2021-11-26,2603620.93444,0,0,,,True,0.07113,True,True,0.10762,True,2508670.80122,2565704.52445,2644931.66849,0.02995,1.0,0.0,False,False,0,0,,,True,True
2021-12-05,2021-12-03,2554483.05251,0,0,,,True,0.05406,True,True,0.0816,True,2461324.90384,2518359.25209,2644931.66849,0.04785,1.0,0.0,False,False,0,0,,,True,True
2021-12-12,2021-12-10,2662426.05583,0,0,,,True,0.08927,True,True,0.11828,True,2565331.38822,2622366.40839,2644931.66849,0.00853,1.0,0.0,False,False,0,0,,,True,True
2021-12-19,2021-12-17,2581629.1165,0,0,,,True,0.06311,True,True,0.07613,True,2487480.99157,2544516.62116,2644931.66849,0.03797,1.0,0.0,False,False,0,0,,,True,True
2021-12-26,2021-12-23,2661629.32658,0,0,,,True,0.08343,True,True,0.10567,True,2564563.71444,2621599.9222,2644931.66849,0.00882,1.0,0.0,False,False,0,0,,,True,True
2022-01-02,2021-12-31,2676434.88646,0,0,,,True,0.08752,True,True,0.10009,True,2578829.33773,2635866.38932,2644931.66849,0.00343,1.0,0.0,False,False,0,0,,,True,True
2022-01-09,2022-01-07,2579597.5372,0,0,,,True,0.06221,True,True,0.04561,True,2485523.50063,2542561.39606,2644931.66849,0.0387,1.0,0.0,False,False,0,0,,,True,True
2022-01-16,2022-01-14,2574343.19467,0,0,,,True,0.05475,True,True,0.0423,True,2480460.7761,2537499.90606,2644931.66849,0.04062,1.0,0.0,False,False,0,0,,,True,True
2022-01-23,2022-01-21,2417881.73718,1,0,buy:SGOV:635847,idle_cash_to_sgov,True,-0.00704,True,False,-0.03763,True,2329705.23266,2386745.98786,2644931.66849,0.09762,1.0,0.0,False,False,1,0,buy:SGOV:612658,idle_cash_to_sgov,True,False
2022-01-30,2022-01-28,2403685.32466,1,0,buy:SGOV:619472,idle_cash_to_sgov,False,-0.00071,True,False,-0.03713,True,2316026.54205,2373069.32887,2644931.66849,0.10279,1.0,0.0,False,False,1,0,buy:SGOV:596880,idle_cash_to_sgov,False,False
2022-02-06,2022-02-04,2403778.83926,0,0,,,False,0.01267,True,False,-0.02274,True,2316116.64631,2373161.65236,2644931.66849,0.10275,1.0,0.0,False,False,0,0,,,False,False
2022-02-13,2022-02-11,2403905.28715,0,0,,,False,-0.0075,True,False,-0.05314,True,2316238.48285,2373286.48968,2644931.66849,0.1027,1.0,0.0,False,False,0,0,,,False,False
2022-02-20,2022-02-18,2404085.09112,0,0,,,False,-0.02445,True,False,-0.07041,True,2316411.72963,2373464.00345,2644931.66849,0.10264,1.0,0.0,False,False,0,0,,,False,False
2022-02-27,2022-02-25,2404248.4406,0,0,,,False,-0.01705,True,False,-0.05915,True,2316569.122,2373625.27234,2644931.66849,0.10258,1.0,0.0,False,False,0,0,,,False,False
2022-03-06,2022-03-04,2404405.21456,0,0,,,False,-0.03072,True,False,-0.08369,True,2316720.17865,2373780.04945,2644931.66849,0.10252,1.0,0.0,False,False,0,0,,,False,False
2022-03-13,2022-03-11,2404569.24531,0,0,,,False,-0.05884,True,False,-0.11898,True,2316878.22745,2373941.99093,2644931.66849,0.10246,1.0,0.0,False,False,0,0,,,False,False
2022-03-20,2022-03-18,2404760.95779,0,0,,,False,-0.00164,True,False,-0.04517,True,2317062.94846,2374131.26154,2644931.66849,0.10238,1.0,0.0,False,False,0,0,,,False,False
2022-03-27,2022-03-25,2404977.72314,0,0,,,False,0.01471,True,False,-0.02428,True,2317271.8087,2374345.26593,2644931.66849,0.1023,1.0,0.0,False,False,0,0,,,False,False
2022-04-03,2022-04-01,2405228.77298,0,0,,,False,0.01342,True,False,-0.01873,True,2317513.70314,2374593.11812,2644931.66849,0.10221,1.0,0.0,False,False,0,0,,,False,False
2022-04-10,2022-04-08,2405507.52828,0,0,,,False,-0.00101,True,False,-0.05468,True,2317782.29265,2374868.32288,2644931.66849,0.10211,1.0,0.0,False,False,0,0,,,False,False
2022-04-17,2022-04-14,2405793.56459,0,0,,,False,-0.02284,True,False,-0.08273,True,2318057.89765,2375150.71592,2644931.66849,0.102,1.0,0.0,False,False,0,0,,,False,False
2022-04-24,2022-04-22,2406215.42814,0,0,,,False,-0.05001,True,False,-0.11686,True,2318464.37647,2375567.20615,2644931.66849,0.10184,1.0,0.0,False,False,0,0,,,False,False
2022-05-01,2022-04-29,2406601.76401,0,0,,,False,-0.08031,True,False,-0.14768,True,2318836.62325,2375948.62122,2644931.66849,0.1017,1.0,0.0,False,False,0,0,,,False,False
2022-05-08,2022-05-06,2406998.05334,0,0,,,False,-0.08147,True,False,-0.156,True,2319218.46051,2376339.86297,2644931.66849,0.10155,1.0,0.0,False,False,0,0,,,False,False
2022-05-15,2022-05-13,2407405.62012,0,0,,,False,-0.10145,True,False,-0.17238,True,2319611.16394,2376742.23853,2644931.66849,0.1014,1.0,0.0,False,False,0,0,,,False,False
2022-05-22,2022-05-20,2407881.85958,0,0,,,False,-0.12665,True,False,-0.20532,True,2320070.03567,2377212.41207,2644931.66849,0.10122,1.0,0.0,False,False,0,0,,,False,False
2022-05-29,2022-05-27,2408360.83247,0,0,,,False,-0.06696,True,False,-0.1443,True,2320531.54114,2377685.28424,2644931.66849,0.10104,1.0,0.0,False,False,0,0,,,False,False
2022-06-05,2022-06-03,2408863.65183,0,0,,,False,-0.07679,True,False,-0.15058,True,2321016.02343,2378181.69913,2644931.66849,0.10085,1.0,0.0,False,False,0,0,,,False,False
2022-06-12,2022-06-10,2409424.00853,0,0,,,False,-0.12149,True,False,-0.19517,True,2321555.94477,2378734.91851,2644931.66849,0.10064,1.0,0.0,False,False,0,0,,,False,False
2022-06-19,2022-06-17,2410131.7322,0,0,,,False,-0.1687,True,False,-0.22823,True,2322237.85882,2379433.62782,2644931.66849,0.10038,1.0,0.0,False,False,0,0,,,False,False
2022-06-26,2022-06-24,2410867.38672,0,0,,,False,-0.11222,True,False,-0.16622,True,2322946.68513,2380159.91224,2644931.66849,0.10011,1.0,0.0,False,False,0,0,,,False,False
2022-07-03,2022-07-01,2411651.50832,0,0,,,False,-0.12868,True,False,-0.19681,True,2323702.21099,2380934.04639,2644931.66849,0.09981,1.0,0.0,False,False,0,0,,,False,False
2022-07-10,2022-07-08,2412460.32372,0,0,,,False,-0.10964,True,False,-0.15556,True,2324481.53011,2381732.55983,2644931.66849,0.09951,1.0,0.0,False,False,0,0,,,False,False
2022-07-17,2022-07-15,2413430.74267,0,0,,,False,-0.11491,True,False,-0.16057,True,2325416.55935,2382690.61845,2644931.66849,0.09915,1.0,0.0,False,False,0,0,,,False,False
2022-07-24,2022-07-22,2414529.20464,0,0,,,False,-0.09029,True,False,-0.12805,True,2326474.96206,2383775.08919,2644931.66849,0.09874,1.0,0.0,False,False,0,0,,,False,False
2022-07-31,2022-07-29,2415652.64921,0,0,,,False,-0.04965,True,False,-0.08566,True,2327557.43631,2384884.22433,2644931.66849,0.09832,1.0,0.0,False,False,0,0,,,False,False
2022-08-07,2022-08-05,2416766.68704,0,0,,,False,-0.04444,True,False,-0.064,True,2328630.84685,2385984.07254,2644931.66849,0.0979,1.0,0.0,False,False,0,0,,,False,False
2022-08-14,2022-08-12,2417936.87624,0,0,,,False,-0.01126,True,False,-0.03488,True,2329758.36102,2387139.35692,2644931.66849,0.09747,1.0,0.0,False,False,0,0,,,False,False
2022-08-21,2022-08-19,2419131.48883,0,0,,,False,-0.02138,True,False,-0.05396,True,2330909.40788,2388318.7536,2644931.66849,0.09702,1.0,0.0,False,False,0,0,,,False,False
2022-08-28,2022-08-26,2420383.04888,0,0,,,False,-0.0579,True,False,-0.09403,True,2332115.32542,2389554.37239,2644931.66849,0.09655,1.0,0.0,False,False,0,0,,,False,False
2022-08-28,2022-08-26,2420383.04888,0,0,,,False,-0.0579,True,False,-0.09403,True,2332115.32542,2389554.37239,2644931.66849,0.09655,1.0,0.0,False,False,0,0,,,False,False
2022-09-04,2022-09-02,2421700.26749,0,0,,,False,-0.08516,True,False,-0.12439,True,2333384.50706,2390854.81346,2644931.66849,0.09606,1.0,0.0,False,False,0,0,,,False,False
2022-09-11,2022-09-09,2423048.02716,0,0,,,False,-0.04868,True,False,-0.08345,True,2334683.11597,2392185.40657,2644931.66849,0.09556,1.0,0.0,False,False,0,0,,,False,False
2022-09-18,2022-09-16,2424474.28551,0,0,,,False,-0.0904,True,False,-0.12987,True,2336057.36082,2393593.49851,2644931.66849,0.09503,1.0,0.0,False,False,0,0,,,False,False
2022-09-25,2022-09-23,2425952.55211,0,0,,,False,-0.12869,True,False,-0.16363,True,2337481.71726,2395052.93627,2644931.66849,0.09447,1.0,0.0,False,False,0,0,,,False,False
2022-10-02,2022-09-30,2427446.34923,0,0,,,False,-0.14892,True,False,-0.18129,True,2338921.03785,2396527.70674,2644931.66849,0.09392,1.0,0.0,False,False,0,0,,,False,False
2022-10-09,2022-10-07,2428974.33315,0,0,,,False,-0.13137,True,False,-0.16917,True,2340393.2985,2398036.22856,2644931.66849,0.09335,1.0,0.0,False,False,0,0,,,False,False
2022-10-16,2022-10-14,2430569.85949,0,0,,,False,-0.13896,True,False,-0.18681,True,2341930.6384,2399611.43252,2644931.66849,0.09275,1.0,0.0,False,False,0,0,,,False,False
2022-10-23,2022-10-21,2432333.66329,0,0,,,False,-0.09238,True,False,-0.13132,True,2343630.11893,2401352.77056,2644931.66849,0.09209,1.0,0.0,False,False,0,0,,,False,False
2022-10-30,2022-10-28,2434170.75287,0,0,,,False,-0.05159,True,False,-0.10583,True,2345400.21262,2403166.46094,2644931.66849,0.09141,1.0,0.0,False,False,0,0,,,False,False
2022-11-06,2022-11-04,2436051.26804,0,0,,,False,-0.07891,True,False,-0.15229,True,2347212.14824,2405023.02378,2644931.66849,0.09071,1.0,0.0,False,False,0,0,,,False,False
2022-11-13,2022-11-11,2437952.60248,0,0,,,False,-0.02159,True,False,-0.07189,True,2349044.14388,2406900.14073,2644931.66849,0.09,1.0,0.0,False,False,0,0,,,False,False
2022-11-20,2022-11-18,2439879.47955,0,0,,,False,-0.02508,True,False,-0.0773,True,2350900.75064,2408802.47496,2644931.66849,0.08928,1.0,0.0,False,False,0,0,,,False,False
2022-11-27,2022-11-25,2441839.28345,0,0,,,False,-0.00759,True,False,-0.06656,True,2352789.08344,2410737.31662,2644931.66849,0.08854,1.0,0.0,False,False,0,0,,,False,False
2022-12-04,2022-12-02,2443828.13871,0,0,,,False,0.00627,True,False,-0.04259,True,2354705.40815,2412700.83962,2644931.66849,0.0878,1.0,0.0,False,False,0,0,,,False,False
2022-12-11,2022-12-09,2445808.56375,0,0,,,False,-0.02552,True,False,-0.07273,True,2356613.61007,2414656.03977,2644931.66849,0.08706,1.0,0.0,False,False,0,0,,,False,False
2022-12-18,2022-12-16,2447790.59507,0,0,,,False,-0.0434,True,False,-0.09369,True,2358523.35969,2416612.82575,2644931.66849,0.08632,1.0,0.0,False,False,0,0,,,False,False
2022-12-25,2022-12-23,2449775.57432,0,0,,,False,-0.04283,True,False,-0.11006,True,2360435.94974,2418572.52211,2644931.66849,0.08558,1.0,0.0,False,False,0,0,,,False,False
2023-01-01,2022-12-30,2451786.91379,0,0,,,False,-0.04213,True,False,-0.11002,True,2362373.93869,2420558.24294,2644931.66849,0.08483,1.0,0.0,False,False,0,0,,,False,False
2023-01-08,2023-01-06,2453837.5412,0,0,,,False,-0.02526,True,False,-0.09669,True,2364349.78281,2422582.75129,2644931.66849,0.08407,1.0,0.0,False,False,0,0,,,False,False
2023-01-15,2023-01-13,2455970.70881,0,0,,,False,0.00449,True,False,-0.04889,True,2366405.15701,2424688.74851,2644931.66849,0.08327,1.0,0.0,False,False,0,0,,,False,False
2023-01-22,2023-01-20,2458103.59818,0,0,,,False,0.00094,True,False,-0.03692,True,2368460.26312,2426794.47105,2644931.66849,0.08247,1.0,0.0,False,False,0,0,,,False,False
2023-01-29,2023-01-27,2460257.32026,2,0,sell:SGOV:683405;buy:SSO:615064,fund_buys;switch_on,True,0.0285,True,False,0.01368,True,2370535.4422,2428920.76094,2644931.66849,0.08167,1.0,0.0,False,False,2,0,sell:SGOV:658482;buy:SSO:592634,fund_buys;switch_on,True,False
2023-02-05,2023-02-03,2490562.0351,2,0,sell:SGOV:623422;buy:QLD:622641,fund_buys;switch_on,True,0.04722,True,True,0.05126,True,2399734.98972,2458171.43204,2644931.66849,0.07061,1.0,0.0,False,False,2,0,sell:SGOV:600687;buy:QLD:599934,fund_buys;switch_on,True,True
2023-02-12,2023-02-10,2460140.47989,0,0,,,True,0.03693,True,True,0.03108,True,2370422.86277,2428910.7458,2644931.66849,0.08167,1.0,0.0,False,False,0,0,,,True,True
2023-02-19,2023-02-17,2462004.83507,0,0,,,True,0.03449,True,True,0.0368,True,2372219.22774,2430759.51073,2644931.66849,0.08097,1.0,0.0,False,False,0,0,,,True,True
2023-02-26,2023-02-24,2390590.62584,0,0,,,True,0.00759,True,True,0.00546,True,2303409.38708,2362002.51528,2644931.66849,0.10697,1.0,0.0,False,False,0,0,,,True,True
2023-03-05,2023-03-03,2444904.46895,0,0,,,True,0.02674,True,True,0.03266,True,2355742.4862,2414388.75119,2644931.66849,0.08716,1.0,0.0,False,False,0,0,,,True,True
2023-03-12,2023-03-10,2359310.85601,1,0,buy:SGOV:642601,idle_cash_to_sgov,False,-0.01999,True,True,-0.00614,True,2273270.3433,2331970.62941,2644931.66849,0.11832,1.0,0.0,False,False,1,0,buy:SGOV:619166,idle_cash_to_sgov,False,True
2023-03-19,2023-03-17,2426195.99277,0,0,,,False,-0.00511,True,True,0.05173,True,2337716.28004,2396469.75168,2644931.66849,0.09394,1.0,0.0,False,False,0,0,,,False,True
2023-03-26,2023-03-24,2451723.38249,0,0,,,False,0.0098,True,True,0.07246,True,2362312.72436,2421116.99784,2644931.66849,0.08462,1.0,0.0,False,False,0,0,,,False,True
2023-04-02,2023-03-31,2494341.37215,2,0,sell:SGOV:692873;buy:SSO:623585,fund_buys;switch_on,True,0.04415,True,True,0.10496,True,2403376.50023,2462233.21539,2644931.66849,0.06907,1.0,0.0,False,False,2,0,sell:SGOV:667605;buy:SSO:600844,fund_buys;switch_on,True,True
2023-04-09,2023-04-06,2482713.69724,0,0,,,True,0.04104,True,True,0.09192,True,2392172.86908,2451075.18178,2644931.66849,0.07329,1.0,0.0,False,False,0,0,,,True,True
2023-04-16,2023-04-14,2493856.56403,0,0,,,True,0.04745,True,True,0.09056,True,2402909.37241,2461874.46744,2644931.66849,0.06921,1.0,0.0,False,False,0,0,,,True,True
2023-04-23,2023-04-21,2483720.52834,0,0,,,True,0.04427,True,True,0.0809,True,2393142.98262,2452164.67181,2644931.66849,0.07288,1.0,0.0,False,False,0,0,,,True,True
2023-04-30,2023-04-28,2518774.43852,0,0,,,True,0.05164,True,True,0.09885,True,2426918.52967,2485996.8026,2644931.66849,0.06009,1.0,0.0,False,False,0,0,,,True,True
2023-05-07,2023-05-05,2508976.93202,0,0,,,True,0.04169,True,True,0.09753,True,2417478.32333,2476613.62305,2644931.66849,0.06364,1.0,0.0,False,False,0,0,,,True,True
2023-05-14,2023-05-12,2514468.23018,0,0,,,True,0.03761,True,True,0.10217,True,2422769.36207,2481962.52177,2644931.66849,0.06162,1.0,0.0,False,False,0,0,,,True,True
2023-05-14,2023-05-12,2514468.23018,0,0,,,True,0.03761,True,True,0.10217,True,2422769.36207,2481962.52177,2644931.66849,0.06162,1.0,0.0,False,False,0,0,,,True,True
2023-05-21,2023-05-19,2585067.99611,0,0,,,True,0.05439,True,True,0.13889,True,2490794.46126,2550045.39149,2644931.66849,0.03587,1.0,0.0,False,False,0,0,,,True,True
2023-05-28,2023-05-26,2640900.20069,0,0,,,True,0.05772,True,True,0.17812,True,2544590.5496,2603900.26524,2644931.66849,0.01551,1.0,0.0,False,False,0,0,,,True,True
2023-06-04,2023-06-02,2694096.20718,0,0,,,True,0.07734,True,True,0.19688,True,2595846.57823,2655215.49179,2655215.49179,0.0,1.0,0.0,False,False,0,0,,,True,True
2023-06-11,2023-06-09,2697773.53951,0,0,,,True,0.08099,True,True,0.19222,True,2599389.80384,2658817.86392,2658817.86392,0.0,1.0,0.0,False,False,0,0,,,True,True
2023-06-18,2023-06-16,2795228.0273,1,0,sell:QLD:186177,rebalance,True,0.10675,True,True,0.23201,True,2693290.27384,2752776.56179,2752776.56179,0.0,1.0,0.0,False,False,1,0,sell:QLD:179388,rebalance,True,True
2023-06-25,2023-06-23,2755116.84452,0,0,,,True,0.08901,True,True,0.21075,True,2654641.88529,2714186.53629,2752776.56179,0.01402,1.0,0.0,False,False,0,0,,,True,True
2023-07-02,2023-06-30,2812448.29558,0,0,,,True,0.11201,True,True,0.22777,True,2709882.54491,2769486.37066,2769486.37066,0.0,1.0,0.0,False,False,0,0,,,True,True
2023-07-09,2023-07-07,2784667.01686,0,0,,,True,0.09629,True,True,0.21005,True,2683114.40746,2742777.64532,2769486.37066,0.00964,1.0,0.0,False,False,0,0,,,True,True
2023-07-16,2023-07-14,2867833.66961,0,0,,,True,0.11784,True,True,0.24307,True,2763248.09772,2822971.24977,2822971.24977,0.0,1.0,0.0,False,False,0,0,,,True,True
2023-07-23,2023-07-21,2863121.21632,0,0,,,True,0.11934,True,True,0.2211,True,2758707.50074,2818490.85637,2822971.24977,0.00159,1.0,0.0,False,False,0,0,,,True,True
2023-07-30,2023-07-28,2908319.51518,0,0,,,True,0.12478,True,True,0.23652,True,2802257.48567,2862101.35146,2862101.35146,0.0,1.0,0.0,False,False,0,0,,,True,True
2023-08-06,2023-08-04,2829981.45799,0,0,,,True,0.09308,True,True,0.18837,True,2726776.29934,2786680.7365,2862101.35146,0.02635,1.0,0.0,False,False,0,0,,,True,True
2023-08-13,2023-08-11,2803256.75618,0,0,,,True,0.08466,True,True,0.16018,True,2701026.20727,2760991.37567,2862101.35146,0.03533,1.0,0.0,False,False,0,0,,,True,True
2023-08-20,2023-08-18,2742445.37262,0,0,,,True,0.05813,True,True,0.12693,True,2642432.5231,2702458.50076,2862101.35146,0.05578,1.0,0.0,False,False,0,0,,,True,True
2023-08-27,2023-08-25,2774360.39688,0,0,,,True,0.06287,True,True,0.13713,True,2673183.65447,2733270.58535,2862101.35146,0.04501,1.0,0.0,False,False,0,0,,,True,True
2023-09-03,2023-09-01,2860928.67512,0,0,,,True,0.08551,True,True,0.17005,True,2756594.91807,2816743.32532,2862101.35146,0.01585,1.0,0.0,False,False,0,0,,,True,True
2023-09-10,2023-09-08,2822529.01647,0,0,,,True,0.06892,True,True,0.14786,True,2719595.63704,2779805.24995,2862101.35146,0.02875,1.0,0.0,False,False,0,0,,,True,True
2023-09-17,2023-09-15,2812531.68965,0,0,,,True,0.06414,True,True,0.13421,True,2709962.89769,2770233.88139,2862101.35146,0.0321,1.0,0.0,False,False,0,0,,,True,True
2023-09-24,2023-09-22,2727139.05281,0,0,,,True,0.03082,True,True,0.09054,True,2627684.40148,2688016.90115,2862101.35146,0.06082,1.0,0.0,False,False,0,0,,,True,True
2023-10-01,2023-09-29,2718442.11302,0,0,,,True,0.02109,True,True,0.0854,True,2619304.62585,2679698.82008,2862101.35146,0.06373,1.0,0.0,False,False,0,0,,,True,True
2023-10-08,2023-10-06,2746504.64494,0,0,,,True,0.02381,True,True,0.0977,True,2646343.7594,2706799.76096,2862101.35146,0.05426,1.0,0.0,False,False,0,0,,,True,True
2023-10-15,2023-10-13,2754863.58321,0,0,,,True,0.02528,True,True,0.0911,True,2654397.85984,2714915.94744,2862101.35146,0.05143,1.0,0.0,False,False,0,0,,,True,True
2023-10-22,2023-10-20,2683203.20785,2,0,sell_all:SSO:642202;buy:SGOV:901838,idle_cash_to_sgov;switch_off,False,-0.00212,True,True,0.05177,True,2585350.83031,2645930.96815,2862101.35146,0.07553,1.0,0.0,False,False,2,0,sell_all:SSO:618782;buy:SGOV:868949,idle_cash_to_sgov;switch_off,False,True
2023-10-29,2023-10-27,2645813.97686,0,0,,,False,-0.02898,True,True,0.01821,True,2549325.12845,2609967.03137,2862101.35146,0.08809,1.0,0.0,False,False,0,0,,,False,True
2023-11-05,2023-11-03,2726273.64951,2,0,sell:SGOV:757298;buy:SSO:681568,fund_buys;switch_on,True,0.02607,True,True,0.07795,True,2626850.55743,2687554.30502,2862101.35146,0.06099,1.0,0.0,False,False,2,0,sell:SGOV:729681;buy:SSO:656713,fund_buys;switch_on,True,True
2023-11-12,2023-11-10,2780720.29538,0,0,,,True,0.03726,True,True,0.10182,True,2679311.61592,2740076.80523,2862101.35146,0.04263,1.0,0.0,False,False,0,0,,,True,True
2023-11-19,2023-11-17,2841540.73561,0,0,,,True,0.05802,True,True,0.11683,True,2737914.02624,2798740.55286,2862101.35146,0.02214,1.0,0.0,False,False,0,0,,,True,True
2023-11-26,2023-11-24,2868554.32117,0,0,,,True,0.06655,True,True,0.12158,True,2763942.46701,2824830.37491,2862101.35146,0.01302,1.0,0.0,False,False,0,0,,,True,True
2023-12-03,2023-12-01,2882343.77547,0,0,,,True,0.07202,True,True,0.11584,True,2777229.04073,2838178.50996,2862101.35146,0.00836,1.0,0.0,False,False,0,0,,,True,True
2023-12-10,2023-12-08,2893194.42358,0,0,,,True,0.07091,True,True,0.11472,True,2787683.98201,2848694.74062,2862101.35146,0.00468,1.0,0.0,False,False,0,0,,,True,True
2023-12-17,2023-12-15,2979425.77686,0,0,,,True,0.0931,True,True,0.14325,True,2870770.60751,2931842.75059,2931842.75059,0.0,1.0,0.0,False,False,0,0,,,True,True
2023-12-24,2023-12-22,3009747.74203,0,0,,,True,0.09658,True,True,0.14491,True,2899986.77623,2961120.29854,2961120.29854,0.0,1.0,0.0,False,False,0,0,,,True,True
2023-12-31,2023-12-29,3020140.3766,0,0,,,True,0.09556,True,True,0.14071,True,2910000.40706,2971195.41681,2971195.41681,0.0,1.0,0.0,False,False,0,0,,,True,True
2024-01-07,2024-01-05,2943475.27058,0,0,,,True,0.07518,True,True,0.09983,True,2836131.16226,2897387.38579,2971195.41681,0.02484,1.0,0.0,False,False,0,0,,,True,True
2024-01-14,2024-01-12,3022127.24904,0,0,,,True,0.08994,True,True,0.1276,True,2911914.82129,2973232.60906,2973232.60906,0.0,1.0,0.0,False,False,0,0,,,True,True
2024-01-21,2024-01-19,3087960.48221,0,0,,,True,0.09917,True,True,0.15375,True,2975347.21535,3036726.44055,3036726.44055,0.0,1.0,0.0,False,False,0,0,,,True,True
2024-01-28,2024-01-26,3115242.04464,0,0,,,True,0.10595,True,True,0.15243,True,3001633.8603,3063074.5041,3063074.5041,0.0,1.0,0.0,False,False,0,0,,,True,True
2024-02-04,2024-02-02,3159352.18873,0,0,,,True,0.11634,True,True,0.15867,True,3044135.37383,3105637.48085,3105637.48085,0.0,1.0,0.0,False,False,0,0,,,True,True
2024-02-11,2024-02-09,3216045.20138,0,0,,,True,0.12621,True,True,0.17047,True,3098760.87756,3160324.67791,3160324.67791,0.0,1.0,0.0,False,False,0,0,,,True,True
2024-02-18,2024-02-16,3180481.14899,0,0,,,True,0.11604,True,True,0.14379,True,3064493.79279,3126119.44962,3160324.67791,0.01082,1.0,0.0,False,False,0,0,,,True,True
2024-02-25,2024-02-23,3234643.25888,0,0,,,True,0.12993,True,True,0.1532,True,3116680.69207,3178368.31441,3178368.31441,0.0,1.0,0.0,False,False,0,0,,,True,True
2024-03-03,2024-03-01,3289338.96757,0,0,,,True,0.1346,True,True,0.16789,True,3169381.73044,3231131.53664,3231131.53664,0.0,1.0,0.0,False,False,0,0,,,True,True
2024-03-10,2024-03-08,3254544.00537,0,0,,,True,0.12575,True,True,0.14174,True,3135855.68833,3197667.50405,3231131.53664,0.01036,1.0,0.0,False,False,0,0,,,True,True
2024-03-17,2024-03-15,3229831.00144,0,0,,,True,0.11827,True,True,0.12125,True,3112043.9306,3173917.93674,3231131.53664,0.01771,1.0,0.0,False,False,0,0,,,True,True
2024-03-24,2024-03-22,3325679.90196,0,0,,,True,0.13791,True,True,0.14798,True,3204397.36587,3266333.65892,3266333.65892,0.0,1.0,0.0,False,False,0,0,,,True,True
2024-03-31,2024-03-28,3320732.45495,0,0,,,True,0.13769,True,True,0.13737,True,3199630.34492,3261619.91844,3266333.65892,0.00144,1.0,0.0,False,False,0,0,,,True,True
2024-04-07,2024-04-05,3287242.48351,0,0,,,True,0.12194,True,True,0.1229,True,3167361.70233,3229422.29459,3266333.65892,0.0113,1.0,0.0,False,False,0,0,,,True,True
2024-04-14,2024-04-12,3248230.91567,0,0,,,True,0.09965,True,True,0.11082,True,3129772.82756,3191895.75845,3266333.65892,0.02279,1.0,0.0,False,False,0,0,,,True,True
2024-04-21,2024-04-19,3094178.43654,0,0,,,True,0.06272,True,True,0.0474,True,2981338.41079,3043523.91326,3266333.65892,0.06821,1.0,0.0,False,False,0,0,,,True,True
2024-04-28,2024-04-26,3205220.52611,0,0,,,True,0.08743,True,True,0.08532,True,3088330.96233,3150579.08233,3266333.65892,0.03544,1.0,0.0,False,False,0,0,,,True,True
2024-05-05,2024-05-03,3232212.35957,0,0,,,True,0.09022,True,True,0.09272,True,3114338.4442,3176649.27893,3266333.65892,0.02746,1.0,0.0,False,False,0,0,,,True,True
2024-05-12,2024-05-10,3293512.75905,0,0,,,True,0.10659,True,True,0.1048,True,3173403.3104,3235776.90597,3266333.65892,0.00936,1.0,0.0,False,False,0,0,,,True,True
2024-05-19,2024-05-17,3365029.14586,0,0,,,True,0.11942,True,True,0.12339,True,3242311.60215,3304748.05595,3304748.05595,0.0,1.0,0.0,False,False,0,0,,,True,True
2024-05-26,2024-05-24,3390287.16842,0,0,,,True,0.11497,True,True,0.13339,True,3266648.50248,3329147.86075,3329147.86075,0.0,1.0,0.0,False,False,0,0,,,True,True
2024-06-02,2024-05-31,3353467.27772,0,0,,,True,0.1055,True,True,0.11223,True,3231171.37791,3293733.80296,3329147.86075,0.01064,1.0,0.0,False,False,0,0,,,True,True
2024-06-09,2024-06-07,3425568.67686,0,0,,,True,0.11458,True,True,0.13323,True,3300643.34737,3363268.80381,3363268.80381,0.0,1.0,0.0,False,False,0,0,,,True,True
2024-06-16,2024-06-14,3529112.58885,0,0,,,True,0.12649,True,True,0.165,True,3400411.16846,3463099.75412,3463099.75412,0.0,1.0,0.0,False,False,0,0,,,True,True
2024-06-23,2024-06-21,3543601.00123,0,0,,,True,0.12882,True,True,0.16146,True,3414371.2103,3477122.88441,3477122.88441,0.0,1.0,0.0,False,False,0,0,,,True,True
2024-06-30,2024-06-28,3540576.16582,0,0,,,True,0.12215,True,True,0.15303,True,3411456.6861,3474271.35861,3477122.88441,0.00082,1.0,0.0,False,False,0,0,,,True,True
2024-07-07,2024-07-05,3658583.78082,1,0,sell:QLD:252389,rebalance,True,0.13915,True,True,0.18791,True,3525160.74072,3588038.45637,3588038.45637,0.0,1.0,0.0,False,False,1,0,sell:QLD:243185,rebalance,True,True
2024-07-14,2024-07-12,3672154.53328,0,0,,,True,0.14182,True,True,0.17488,True,3538236.58836,3601177.35998,3601177.35998,0.0,1.0,0.0,False,False,0,0,,,True,True
2024-07-21,2024-07-19,3558049.46225,0,0,,,True,0.11202,True,True,0.11959,True,3428292.75718,3491296.38914,3601177.35998,0.03051,1.0,0.0,False,False,0,0,,,True,True
2024-07-28,2024-07-26,3494818.52057,0,0,,,True,0.09609,True,True,0.08402,True,3367367.75259,3430434.10038,3601177.35998,0.04741,1.0,0.0,False,False,0,0,,,True,True
2024-08-04,2024-08-02,3401470.48526,0,0,,,True,0.06768,True,True,0.0452,True,3277423.9793,3340552.62121,3601177.35998,0.07237,1.0,0.0,False,False,0,0,,,True,True
2024-08-11,2024-08-09,3403889.85306,0,0,,,True,0.06202,True,True,0.04433,True,3279755.11638,3342945.19666,3601177.35998,0.07171,1.0,0.0,False,False,0,0,,,True,True
2024-08-18,2024-08-16,3563510.44604,0,0,,,True,0.09671,True,True,0.09314,True,3433554.58714,3496806.25216,3601177.35998,0.02898,1.0,0.0,False,False,0,0,,,True,True
2024-08-25,2024-08-23,3609410.21249,0,0,,,True,0.10543,True,True,0.09757,True,3477780.45837,3541093.49067,3601177.35998,0.01668,1.0,0.0,False,False,0,0,,,True,True
2024-09-01,2024-08-30,3600873.35194,0,0,,,True,0.1015,True,True,0.08324,True,3469554.92429,3532928.56757,3601177.35998,0.01895,1.0,0.0,False,False,0,0,,,True,True
2024-09-08,2024-09-06,3418431.45239,0,0,,,True,0.05066,True,True,0.01606,True,3293766.40556,3357200.47107,3601177.35998,0.06775,1.0,0.0,False,False,0,0,,,True,True
2024-09-15,2024-09-13,3586029.67336,0,0,,,True,0.08766,True,True,0.07171,True,3455252.57224,3518746.21676,3601177.35998,0.02289,1.0,0.0,False,False,0,0,,,True,True
2024-09-22,2024-09-20,3639132.2845,0,0,,,True,0.09666,True,True,0.08155,True,3506418.61128,3569969.85407,3601177.35998,0.00867,1.0,0.0,False,False,0,0,,,True,True
2024-09-29,2024-09-27,3668861.58297,0,0,,,True,0.09747,True,True,0.0875,True,3535063.72706,3598670.21609,3601177.35998,0.0007,1.0,0.0,False,False,0,0,,,True,True
2024-10-06,2024-10-04,3675833.14794,0,0,,,True,0.0946,True,True,0.08403,True,3541781.04958,3605442.4144,3605442.4144,0.0,1.0,0.0,False,False,0,0,,,True,True
2024-10-13,2024-10-11,3720350.88993,0,0,,,True,0.10143,True,True,0.09186,True,3584675.29668,3648392.05588,3648392.05588,0.0,1.0,0.0,False,False,0,0,,,True,True
2024-10-20,2024-10-18,3743318.97229,0,0,,,True,0.10514,True,True,0.08946,True,3606805.76776,3670577.86472,3670577.86472,0.0,1.0,0.0,False,False,0,0,,,True,True
2024-10-27,2024-10-25,3723292.36611,0,0,,,True,0.08891,True,True,0.08552,True,3587509.50163,3651336.87949,3670577.86472,0.00524,1.0,0.0,False,False,0,0,,,True,True
2024-11-03,2024-11-01,3661980.93569,0,0,,,True,0.06898,True,True,0.06368,True,3528434.00656,3592316.39826,3670577.86472,0.02132,1.0,0.0,False,False,0,0,,,True,True
2024-11-10,2024-11-08,3862128.8567,0,0,,,True,0.11348,True,True,0.11646,True,3721282.83487,3785219.44727,3785219.44727,0.0,1.0,0.0,False,False,0,0,,,True,True
2024-11-17,2024-11-15,3746488.925,0,0,,,True,0.08494,True,True,0.07326,True,3609860.11704,3673850.97858,3785219.44727,0.02942,1.0,0.0,False,False,0,0,,,True,True
2024-11-24,2024-11-22,3817308.46551,0,0,,,True,0.09832,True,True,0.08906,True,3678096.97576,3742142.04479,3785219.44727,0.01138,1.0,0.0,False,False,0,0,,,True,True
2024-12-01,2024-11-29,3858193.79629,2,0,sell:SSO:252598;buy:SGOV:600164,idle_cash_to_sgov;rebalance,True,0.10581,True,True,0.09366,True,3717491.28022,3781590.6017,3785219.44727,0.00096,1.0,0.0,False,False,2,0,sell:SSO:243387;buy:SGOV:578277,idle_cash_to_sgov;rebalance,True,True
2024-12-08,2024-12-06,3937438.51549,0,0,,,True,0.11105,True,True,0.12441,True,3793846.0639,3857999.13997,3857999.13997,0.0,1.0,0.0,False,False,0,0,,,True,True
2024-12-15,2024-12-13,3939432.83431,0,0,,,True,0.09902,True,True,0.12729,True,3795767.65291,3859973.49102,3859973.49102,0.0,1.0,0.0,False,False,0,0,,,True,True
2024-12-22,2024-12-20,3856298.34815,0,0,,,True,0.07311,True,True,0.09706,True,3715664.95622,3779923.01895,3859973.49102,0.02074,1.0,0.0,False,False,0,0,,,True,True
2024-12-29,2024-12-27,3884426.23411,0,0,,,True,0.07699,True,True,0.10247,True,3742767.06055,3807077.4776,3859973.49102,0.0137,1.0,0.0,False,False,0,0,,,True,True
2025-01-05,2025-01-03,3858523.19608,0,0,,,True,0.06898,True,True,0.09138,True,3717808.66729,3782171.04059,3859973.49102,0.02016,1.0,0.0,False,False,0,0,,,True,True
2025-01-12,2025-01-10,3780306.2642,0,0,,,True,0.04566,True,True,0.06374,True,3642444.18908,3706858.49001,3859973.49102,0.03967,1.0,0.0,False,False,0,0,,,True,True
2025-01-19,2025-01-17,3884267.29935,0,0,,,True,0.07282,True,True,0.09009,True,3742613.92191,3807080.35214,3859973.49102,0.0137,1.0,0.0,False,False,0,0,,,True,True
2025-01-26,2025-01-24,3946278.36978,0,0,,,True,0.08804,True,True,0.10285,True,3802363.54202,3866882.01749,3866882.01749,0.0,1.0,0.0,False,False,0,0,,,True,True
2025-02-02,2025-01-31,3896847.26919,0,0,,,True,0.07293,True,True,0.08326,True,3754735.1192,3819305.61372,3866882.01749,0.0123,1.0,0.0,False,False,0,0,,,True,True
2025-02-09,2025-02-07,3895221.63691,0,0,,,True,0.06548,True,True,0.07823,True,3753168.77127,3817791.43302,3866882.01749,0.0127,1.0,0.0,False,False,0,0,,,True,True
2025-02-16,2025-02-14,3978669.51157,0,0,,,True,0.07639,True,True,0.10359,True,3833573.42766,3898248.56448,3898248.56448,0.0,1.0,0.0,False,False,0,0,,,True,True
2025-02-23,2025-02-21,3901799.76633,0,0,,,True,0.05466,True,True,0.07383,True,3759507.00622,3824234.49857,3898248.56448,0.01899,1.0,0.0,False,False,0,0,,,True,True
2025-03-02,2025-02-28,3816061.14146,0,0,,,True,0.04098,True,True,0.03386,True,3676895.13984,3741674.80201,3898248.56448,0.04017,1.0,0.0,False,False,0,0,,,True,True
2025-03-09,2025-03-07,3684359.93272,1,0,buy:SGOV:829757,idle_cash_to_sgov,True,0.00647,True,False,-0.00228,True,3549996.87577,3614828.76759,3898248.56448,0.0727,1.0,0.0,False,False,1,0,buy:SGOV:799497,idle_cash_to_sgov,True,False
2025-03-16,2025-03-14,3636879.3206,0,0,,,False,-0.01766,True,False,-0.02773,True,3504247.81003,3569131.93806,3898248.56448,0.08443,1.0,0.0,False,False,0,0,,,False,False
2025-03-23,2025-03-21,3639808.62198,0,0,,,False,-0.01432,True,False,-0.02654,True,3507070.2842,3572006.67274,3898248.56448,0.08369,1.0,0.0,False,False,0,0,,,False,False
2025-03-30,2025-03-28,3642736.29186,0,0,,,False,-0.03093,True,False,-0.05092,True,3509891.18636,3574879.80631,3898248.56448,0.08295,1.0,0.0,False,False,0,0,,,False,False
2025-04-06,2025-04-04,3645673.3068,0,0,,,False,-0.11913,True,False,-0.14288,True,3512721.09279,3577762.11086,3898248.56448,0.08221,1.0,0.0,False,False,0,0,,,False,False
2025-04-13,2025-04-11,3648603.69627,0,0,,,False,-0.06793,True,False,-0.07743,True,3515544.61538,3580637.91337,3898248.56448,0.08148,1.0,0.0,False,False,0,0,,,False,False
2025-04-20,2025-04-17,3651137.31267,0,0,,,False,-0.08152,True,False,-0.09767,True,3517985.8346,3583124.33384,3898248.56448,0.08084,1.0,0.0,False,False,0,0,,,False,False
2025-04-27,2025-04-25,3654518.44046,0,0,,,False,-0.03858,True,False,-0.03771,True,3521243.65775,3586442.47836,3898248.56448,0.07999,1.0,0.0,False,False,0,0,,,False,False
2025-05-04,2025-05-02,3657465.95618,0,0,,,False,-0.01033,True,False,-0.00364,True,3524083.68202,3589335.08809,3898248.56448,0.07924,1.0,0.0,False,False,0,0,,,False,False
2025-05-11,2025-05-09,3660427.88138,0,0,,,False,-0.01537,True,False,-0.00597,True,3526937.59026,3592241.83887,3898248.56448,0.0785,1.0,0.0,False,False,0,0,,,False,False
2025-05-18,2025-05-16,3663419.30123,3,0,sell:SGOV:1213320;buy:SSO:915855;buy:QLD:915855,fund_buys;switch_on,True,0.03447,True,True,0.05875,True,3529819.91754,3595177.53489,3898248.56448,0.07775,1.0,0.0,False,False,3,0,sell:SGOV:1169072;buy:SSO:882455;buy:QLD:882455,fund_buys;switch_on,True,True
2025-05-25,2025-05-23,3616330.08913,0,0,,,True,0.00515,True,True,0.03006,True,3484447.97829,3549858.93628,3898248.56448,0.08937,1.0,0.0,False,False,0,0,,,True,True
2025-06-01,2025-05-30,3681747.32417,0,0,,,True,0.02186,True,True,0.04789,True,3547479.54504,3612943.72317,3898248.56448,0.07319,1.0,0.0,False,False,0,0,,,True,True
2025-06-08,2025-06-06,3749855.39673,0,0,,,True,0.0352,True,True,0.06557,True,3613103.8185,3678621.35245,3898248.56448,0.05634,1.0,0.0,False,False,0,0,,,True,True
2025-06-15,2025-06-13,3731629.47198,0,0,,,True,0.02934,True,True,0.05636,True,3595542.56587,3661113.58894,3898248.56448,0.06083,1.0,0.0,False,False,0,0,,,True,True
2025-06-22,2025-06-20,3726493.19999,0,0,,,True,0.02644,True,True,0.05377,True,3590593.60601,3656218.01716,3898248.56448,0.06209,1.0,0.0,False,False,0,0,,,True,True
2025-06-29,2025-06-27,3872027.35402,0,0,,,True,0.05892,True,True,0.09338,True,3730820.34806,3796497.65195,3898248.56448,0.0261,1.0,0.0,False,False,0,0,,,True,True
2025-07-06,2025-07-03,3935201.05447,0,0,,,True,0.07472,True,True,0.10586,True,3791690.19856,3857413.07326,3898248.56448,0.01048,1.0,0.0,False,False,0,0,,,True,True
2025-07-13,2025-07-11,3921439.9424,0,0,,,True,0.06866,True,True,0.09743,True,3778430.93358,3844215.17532,3898248.56448,0.01386,1.0,0.0,False,False,0,0,,,True,True
2025-07-20,2025-07-18,3960480.27043,0,0,,,True,0.0725,True,True,0.10718,True,3816047.51951,3881885.37793,3898248.56448,0.0042,1.0,0.0,False,False,0,0,,,True,True
2025-07-27,2025-07-25,4010618.81695,0,0,,,True,0.08529,True,True,0.11271,True,3864357.58856,3930249.03517,3930249.03517,0.0,1.0,0.0,False,False,0,0,,,True,True
2025-08-03,2025-08-01,3910273.27454,0,0,,,True,0.05712,True,True,0.08441,True,3767671.49737,3833616.61191,3930249.03517,0.02459,1.0,0.0,False,False,0,0,,,True,True
2025-08-10,2025-08-08,4038777.24837,0,0,,,True,0.08052,True,True,0.12074,True,3891489.1243,3957486.95618,3957486.95618,0.0,1.0,0.0,False,False,0,0,,,True,True
2025-08-17,2025-08-15,4069658.97154,0,0,,,True,0.08789,True,True,0.12091,True,3921244.63743,3987294.81269,3987294.81269,0.0,1.0,0.0,False,False,0,0,,,True,True
2025-08-24,2025-08-22,4052963.61645,0,0,,,True,0.08785,True,True,0.10667,True,3905158.13687,3971260.5884,3987294.81269,0.00402,1.0,0.0,False,False,0,0,,,True,True
2025-08-31,2025-08-29,4044293.86739,0,0,,,True,0.08403,True,True,0.09904,True,3896804.56055,3962958.93106,3987294.81269,0.0061,1.0,0.0,False,False,0,0,,,True,True
2025-09-07,2025-09-05,4072488.18184,0,0,,,True,0.08584,True,True,0.10761,True,3923970.67071,3990176.32753,3990176.32753,0.0,1.0,0.0,False,False,0,0,,,True,True
2025-09-14,2025-09-12,4147701.57155,0,0,,,True,0.10015,True,True,0.12386,True,3996441.14108,4062696.7653,4062696.7653,0.0,1.0,0.0,False,False,0,0,,,True,True
2025-09-21,2025-09-19,4225128.87375,0,0,,,True,0.11064,True,True,0.14405,True,4071044.78588,4137350.16088,4137350.16088,0.0,1.0,0.0,False,False,0,0,,,True,True
2025-09-28,2025-09-26,4206614.49912,0,0,,,True,0.10454,True,True,0.1342,True,4053205.6027,4119560.31146,4137350.16088,0.0043,1.0,0.0,False,False,0,0,,,True,True
2025-10-05,2025-10-03,4259762.95228,0,0,,,True,0.11354,True,True,0.14305,True,4104415.81162,4170819.69077,4170819.69077,0.0,1.0,0.0,False,False,0,0,,,True,True
2025-10-12,2025-10-10,4145147.9181,0,0,,,True,0.08315,True,True,0.1128,True,3993980.61559,4060433.70158,4170819.69077,0.02647,1.0,0.0,False,False,0,0,,,True,True
2025-10-19,2025-10-17,4239782.98379,0,0,,,True,0.09855,True,True,0.13607,True,4085164.48259,4151666.77545,4170819.69077,0.00459,1.0,0.0,False,False,0,0,,,True,True
2025-10-26,2025-10-24,4335769.4573,0,0,,,True,0.11581,True,True,0.15562,True,4177650.4736,4244201.48107,4244201.48107,0.0,1.0,0.0,False,False,0,0,,,True,True
2025-11-02,2025-10-31,4401615.7225,0,0,,,True,0.11923,True,True,0.1718,True,4241095.42442,4307694.39777,4307694.39777,0.0,1.0,0.0,False,False,0,0,,,True,True
2025-11-09,2025-11-07,4279290.37825,0,0,,,True,0.0977,True,True,0.13066,True,4123231.10175,4189878.22165,4307694.39777,0.02735,1.0,0.0,False,False,0,0,,,True,True
2025-11-16,2025-11-14,4275901.52395,0,0,,,True,0.09525,True,True,0.12342,True,4119965.83389,4186661.3178,4307694.39777,0.0281,1.0,0.0,False,False,0,0,,,True,True
2025-11-23,2025-11-21,4154246.07128,0,0,,,True,0.07144,True,True,0.08537,True,4002746.97286,4069490.98384,4307694.39777,0.0553,1.0,0.0,False,False,0,0,,,True,True
2025-11-30,2025-11-28,4352522.50409,0,0,,,True,0.10874,True,True,0.13536,True,4193792.56199,4260584.60408,4307694.39777,0.01094,1.0,0.0,False,False,0,0,,,True,True
2025-12-07,2025-12-05,4385488.19628,0,0,,,True,0.10896,True,True,0.14244,True,4225556.04491,4292395.40267,4307694.39777,0.00355,1.0,0.0,False,False,0,0,,,True,True
2025-12-14,2025-12-12,4320396.16973,0,0,,,True,0.09801,True,True,0.11491,True,4162837.82682,4229723.56276,4307694.39777,0.0181,1.0,0.0,False,False,0,0,,,True,True
2025-12-21,2025-12-19,4335728.90145,0,0,,,True,0.09494,True,True,0.11588,True,4177611.39685,4244542.62646,4307694.39777,0.01466,1.0,0.0,False,False,0,0,,,True,True
2025-12-28,2025-12-26,4399030.26948,0,0,,,True,0.10571,True,True,0.12314,True,4238604.25908,4305581.23282,4307694.39777,0.00049,1.0,0.0,False,False,0,0,,,True,True
2026-01-04,2026-01-02,4328135.92665,0,0,,,True,0.08991,True,True,0.09836,True,4170295.32646,4237318.0756,4307694.39777,0.01634,1.0,0.0,False,False,0,0,,,True,True
2026-01-11,2026-01-09,4420474.15291,0,0,,,True,0.1017,True,True,0.11588,True,4259266.11631,4326334.28695,4326334.28695,0.0,1.0,0.0,False,False,0,0,,,True,True
2026-01-18,2026-01-16,4387184.74357,0,0,,,True,0.09192,True,True,0.09839,True,4227190.72174,4294304.52855,4326334.28695,0.0074,1.0,0.0,False,False,0,0,,,True,True
2026-01-25,2026-01-23,4383106.7238,0,0,,,True,0.08271,True,True,0.09496,True,4223261.42124,4290421.31643,4326334.28695,0.0083,1.0,0.0,False,False,0,0,,,True,True
2026-02-01,2026-01-30,4386396.92422,0,0,,,True,0.07934,True,True,0.0841,True,4226431.633,4293637.76061,4326334.28695,0.00756,1.0,0.0,False,False,0,0,,,True,True
2026-02-08,2026-02-06,4330063.41263,0,0,,,True,0.07153,True,True,0.05622,True,4172152.51997,4239404.93026,4326334.28695,0.02009,1.0,0.0,False,False,0,0,,,True,True
2026-02-15,2026-02-13,4264390.62831,0,0,,,True,0.05096,True,True,0.03551,True,4108874.72347,4176173.6142,4326334.28695,0.03471,1.0,0.0,False,False,0,0,,,True,True
2026-02-22,2026-02-20,4318136.67741,0,0,,,True,0.05817,True,True,0.04287,True,4160660.73489,4228006.15469,4326334.28695,0.02273,1.0,0.0,False,False,0,0,,,True,True
2026-03-01,2026-02-27,4299192.98548,0,0,,,True,0.04862,True,True,0.03542,True,4142407.89097,4209799.81857,4326334.28695,0.02694,1.0,0.0,False,False,0,0,,,True,True
2026-03-08,2026-03-06,4219324.1569,0,0,,,True,0.02393,True,True,0.01852,True,4065451.75861,4132890.17073,4326334.28695,0.04471,1.0,0.0,False,False,0,0,,,True,True
2026-03-15,2026-03-13,4159410.18589,0,0,,,True,0.00426,True,True,0.00396,True,4007722.76014,4075207.68885,4326334.28695,0.05805,1.0,0.0,False,False,0,0,,,True,True
2026-03-22,2026-03-20,4099170.04567,1,0,buy:SGOV:1313117,idle_cash_to_sgov,False,-0.01741,True,True,-0.01893,True,3949679.48736,4017211.18671,4326334.28695,0.07145,1.0,0.0,False,False,1,0,buy:SGOV:1265230,idle_cash_to_sgov,False,True
2026-03-29,2026-03-27,4113977.78127,1,0,buy:SGOV:1116428,idle_cash_to_sgov,False,-0.04009,True,False,-0.05235,True,3963947.20709,4031525.93163,4326334.28695,0.06814,1.0,0.0,False,False,1,0,buy:SGOV:1075713,idle_cash_to_sgov,False,False
2026-04-05,2026-04-02,4116424.11011,0,0,,,False,-0.00932,True,False,-0.01645,True,3966304.32201,4033923.23144,4326334.28695,0.06759,1.0,0.0,False,False,0,0,,,False,False
2026-04-12,2026-04-10,4119689.94483,3,0,sell:SGOV:2288717;buy:SSO:1029922;buy:QLD:1029922,fund_buys;switch_on,True,0.02315,True,True,0.02433,True,3969451.05665,4037123.61269,4326334.28695,0.06685,1.0,0.0,False,False,3,0,sell:SGOV:2205251;buy:SSO:992363;buy:QLD:992363,fund_buys;switch_on,True,True
2026-04-19,2026-04-17,4355069.67594,0,0,,,True,0.06617,True,True,0.08381,True,4196246.84168,4263966.27986,4326334.28695,0.01442,1.0,0.0,False,False,0,0,,,True,True
2026-04-26,2026-04-24,4420548.91274,0,0,,,True,0.06852,True,True,0.10489,True,4259338.14885,4327104.44594,4327104.44594,0.0,1.0,0.0,False,False,0,0,,,True,True
2026-05-03,2026-05-01,4477938.53424,0,0,,,True,0.07456,True,True,0.11628,True,4314634.85686,4382447.93384,4382447.93384,0.0,1.0,0.0,False,False,0,0,,,True,True
2026-05-10,2026-05-08,4671047.40245,0,0,,,True,0.09558,True,True,0.17145,True,4500701.33403,4568561.26037,4568561.26037,0.0,1.0,0.0,False,False,0,0,,,True,True
2026-05-17,2026-05-15,4665862.43096,0,0,,,True,0.09272,True,True,0.16008,True,4495705.4507,4563612.29597,4568561.26037,0.00108,1.0,0.0,False,False,0,0,,,True,True
2026-05-24,2026-05-22,4718487.80088,0,0,,,True,0.0978,True,True,0.1672,True,4546411.65225,4614365.29996,4614365.29996,0.0,1.0,0.0,False,False,0,0,,,True,True
2026-05-31,2026-05-29,4836599.01312,0,0,,,True,0.10968,True,True,0.19473,True,4660215.52558,4728216.00603,4728216.00603,0.0,1.0,0.0,False,False,0,0,,,True,True
2026-06-07,2026-06-05,4637097.71063,0,0,,,True,0.07662,True,True,0.13327,True,4467989.73668,4536037.40102,4728216.00603,0.04065,1.0,0.0,False,False,0,0,,,True,True
2026-06-14,2026-06-12,4708700.42564,0,0,,,True,0.07984,True,True,0.15322,True,4536981.20798,4605076.33141,4728216.00603,0.02604,1.0,0.0,False,False,0,0,,,True,True
2026-06-21,2026-06-18,4798817.21709,0,0,,,True,0.08663,True,True,0.17708,True,4623811.5751,4691947.47047,4728216.00603,0.00767,1.0,0.0,False,False,0,0,,,True,True
2026-06-28,2026-06-26,4611952.36013,0,0,,,True,0.06196,True,True,0.12089,True,4443761.3995,4511952.32291,4728216.00603,0.04574,1.0,0.0,False,False,0,0,,,True,True
2026-07-05,2026-07-02,4683131.7257,0,0,,,True,0.07782,True,True,0.12405,True,4512344.96029,4580577.36716,4728216.00603,0.03123,1.0,0.0,False,False,0,0,,,True,True
2026-07-12,2026-07-10,4763227.30559,0,0,,,True,0.08762,True,True,0.13753,True,4589519.57442,4657807.34915,4728216.00603,0.01489,1.0,0.0,False,False,0,0,,,True,True
2026-07-19,2026-07-17,4606219.99993,0,0,,,True,0.06733,True,True,0.08568,True,4438238.08995,4506574.52077,4728216.00603,0.04688,1.0,0.0,False,False,0,0,,,True,True
2026-07-26,2026-07-24,4547991.62819,0,0,,,True,0.05799,True,True,0.06417,True,4382133.21971,4450518.64102,4728216.00603,0.05873,1.0,0.0,False,False,0,0,,,True,True
2026-08-02,2026-07-31,4583870.59588,0,0,,,True,0.06629,True,True,0.0666,True,4416703.73523,4485138.65071,4728216.00603,0.05141,1.0,0.0,False,False,0,0,,,True,True
2026-08-09,2026-08-07,4800891.46092,0,0,,,True,0.10037,True,True,0.11635,True,4625810.17452,4694293.92599,4728216.00603,0.00717,1.0,0.0,False,False,0,0,,,True,True
2026-08-16,2026-08-14,4841341.76973,0,0,,,True,0.10048,True,True,0.12372,True,4664785.3212,4733317.9998,4733317.9998,0.0,1.0,0.0,False,False,0,0,,,True,True
2026-08-23,2026-08-21,4735165.61286,0,0,,,True,0.08155,True,True,0.09252,True,4562481.24971,4631062.72131,4733317.9998,0.0216,1.0,0.0,False,False,0,0,,,True,True
2026-08-30,2026-08-28,4757180.96441,0,0,,,True,0.08331,True,True,0.09315,True,4583693.7344,4652324.03373,4733317.9998,0.01711,1.0,0.0,False,False,0,0,,,True,True
2026-09-06,2026-09-04,4767524.6822,0,0,,,True,0.08077,True,True,0.09303,True,4593660.23232,4662340.015,4733317.9998,0.015,1.0,0.0,False,False,0,0,,,True,True
2026-09-13,2026-09-11,4730452.57947,0,0,,,True,0.06903,True,True,0.08254,True,4557940.09365,4626669.845,4733317.9998,0.02253,1.0,0.0,False,False,0,0,,,True,True
2026-09-20,2026-09-18,4749629.8126,0,0,,,True,0.06508,True,True,0.08865,True,4576417.96185,4645199.8117,4733317.9998,0.01862,1.0,0.0,False,False,0,0,,,True,True
2026-09-27,2026-09-25,4873218.25958,0,0,,,True,0.0747,True,True,0.11897,True,4695499.32337,4764334.17855,4764334.17855,0.0,1.0,0.0,False,False,0,0,,,True,True
