kind,cik,name,anchor,announce,complete,days_ann_to_close,days_anchor_to_close,resolved,year
merger,2178,"ADAMS RESOURCES & ENERGY, INC.  (AE)  (CIK 0000002178)",2024-12-20,2024-11-12,2025-02-05,85,47,True,2024
merger,2491,"BALLY TECHNOLOGIES, INC.  (CIK 0000002491)",2014-10-20,2014-08-01,2014-11-24,115,35,True,2014
merger,3116,AKORN INC  (CIK 0000003116),2017-06-15,2017-04-24,,,,False,2017
merger,4447,HESS CORP  (HES)  (CIK 0000004447),2024-04-26,2024-04-05,2025-07-18,469,448,True,2024
merger,5768,"AMERICAN SCIENCE & ENGINEERING, INC.  (CIK 0000005768)",2016-07-15,2016-06-21,2016-09-09,80,56,True,2016
merger,6284,ANALOGIC CORP  (CIK 0000006284),2018-05-16,2018-04-10,2018-06-22,73,37,True,2018
tender,7039,TRECORA RESOURCES  (CIK 0000007039),2022-05-26,2022-03-23,2022-06-27,96,32,True,2022
merger,8868,AVON PRODUCTS INC  (CIK 0000008868),2019-10-04,2019-04-02,2020-01-06,279,94,True,2019
merger,9346,Protective Insurance Corp  (CIK 0000009346),2021-03-26,2021-03-15,2021-06-01,78,67,True,2021
merger,9892,BARD C R INC /NJ/  (CIK 0000009892),2017-06-30,2017-06-30,2017-12-29,182,182,True,2017
merger,9984,BARNES GROUP INC  (B)  (CIK 0000009984),2024-12-06,2024-10-07,2025-01-27,112,52,True,2024
merger,13156,"Galaxy Gaming, Inc.  (GLXZ)  (CIK 0000013156)",2024-09-26,2024-07-30,,,,False,2024
merger,13573,BOWL AMERICA INC  (CIK 0000013573),2021-07-13,2021-05-28,2021-08-17,81,35,True,2021
merger,16614,CAMCO FINANCIAL CORP  (CIK 0000016614),2014-01-13,2013-10-11,2014-02-28,140,46,True,2014
merger,17485,"LIBERATOR MEDICAL HOLDINGS, INC.  (CIK 0000017485)",2015-12-29,2015-11-20,2016-01-22,63,24,True,2015
merger,18349,"SYNOVUS FINANCIAL CORP  (SNV, SNV-PD, SNV-PE)  (CIK 0000018349)",2025-09-30,2025-03-12,2026-01-02,296,94,True,2025
tender,18396,CDI CORP  (CIK 0000018396),2017-08-14,2017-07-31,2017-09-13,44,30,True,2017
merger,19411,MAGELLAN HEALTH INC  (CIK 0000019411),2021-02-19,2021-01-04,2022-01-04,365,319,True,2021
merger,19446,CANTEL MEDICAL CORP  (CIK 0000019446),2021-04-01,2020-11-30,2021-06-02,184,62,True,2021
merger,20232,ChyronHego Corp  (CIK 0000020232),2015-02-06,2014-11-17,2015-03-09,112,31,True,2015
merger,20520,"Frontier Communications Parent, Inc.  (FYBR)  (CIK 0000020520)",2024-10-07,2024-09-05,2026-01-20,502,470,True,2024
tender,20629,CSS INDUSTRIES INC  (CIK 0000020629),2020-01-31,2020-01-21,2020-03-04,43,33,True,2020
merger,20740,CLARCOR INC.  (CIK 0000020740),2017-01-20,2016-12-01,2017-02-28,89,39,True,2017
merger,21510,COHERENT INC  (CIK 0000021510),2021-05-06,2021-03-19,2022-07-01,469,421,True,2021
tender,23111,COMPUTER TASK GROUP INC  (CIK 0000023111),2023-08-23,2023-08-09,2023-12-13,126,112,True,2023
tender,23666,Hillshire Brands Co  (CIK 0000023666),2014-07-16,2014-06-09,2014-08-28,80,43,True,2014
tender,23675,Con-way Inc.  (CIK 0000023675),2015-09-09,2015-09-09,2015-10-30,51,51,True,2015
tender,24104,CONTINENTAL MATERIALS CORP  (CIK 0000024104),2020-03-03,2020-03-03,2020-05-01,59,59,True,2020
merger,24491,COOPER TIRE & RUBBER CO  (CIK 0000024491),2021-04-02,2021-03-25,2021-06-07,74,66,True,2021
merger,25212,COURIER Corp  (CIK 0000025212),2015-05-06,2015-05-06,2015-06-08,33,33,True,2015
tender,25743,"TherapeuticsMD, Inc.  (TXMD)  (CIK 0000025743)",2022-06-13,2022-05-31,,,,False,2022
merger,26076,CUBIC CORP /DE/  (CIK 0000026076),2021-03-26,2021-02-08,2021-05-25,106,60,True,2021
merger,28412,"COMERICA INC  (CMA, CMA-PB)  (CIK 0000028412)",2025-11-25,2025-03-27,2026-02-02,312,69,True,2025
merger,29669,RR Donnelley & Sons Co  (CIK 0000029669),2022-01-21,2021-11-03,2022-02-28,117,38,True,2022
tender,30828,COBRA ELECTRONICS CORP  (CIK 0000030828),2014-09-10,2014-08-28,2014-10-08,41,28,True,2014
merger,31347,ECHELON CORP  (CIK 0000031347),2018-07-31,2018-04-06,2018-09-14,161,45,True,2018
merger,31978,EL PASO ELECTRIC CO /TX/  (CIK 0000031978),2019-08-02,2019-04-12,2020-07-31,476,364,True,2019
merger,32166,ELECTRO RENT CORP  (CIK 0000032166),2016-07-07,2016-05-31,2016-08-10,71,34,True,2016
merger,32689,EMPIRE DISTRICT ELECTRIC CO  (CIK 0000032689),2016-05-03,2016-02-09,2017-01-03,329,245,True,2016
merger,33619,ESTERLINE TECHNOLOGIES CORP  (CIK 0000033619),2018-11-30,2018-10-10,2019-03-14,155,104,True,2018
merger,33769,BOB EVANS FARMS INC  (CIK 0000033769),2017-11-17,2017-07-14,2018-01-12,182,56,True,2017
tender,34408,FAMILY DOLLAR STORES INC  (CIK 0000034408),2014-09-17,2013-12-06,2015-07-07,578,293,True,2014
merger,35214,FERRO CORP  (CIK 0000035214),2021-07-23,2021-07-09,2022-04-22,287,273,True,2021
merger,36047,"CORELOGIC, INC.  (CIK 0000036047)",2021-03-30,2020-07-07,2021-06-04,332,66,True,2021
merger,36506,MACKINAC FINANCIAL CORP /MI/  (CIK 0000036506),2021-06-09,2021-06-09,2021-09-03,86,86,True,2021
merger,36966,"FIRST HORIZON CORP  (FHN, FHN-PB, FHN-PC, FHN-PE, FHN-PF)  (CIK 0000036966)",2022-04-22,2022-02-28,,,,False,2022
merger,38074,FOREST LABORATORIES INC  (CIK 0000038074),2014-05-06,2014-04-28,2014-07-02,65,57,True,2014
merger,39047,FRISCHS RESTAURANTS INC  (CIK 0000039047),2015-08-05,2015-08-05,2015-08-25,20,20,True,2015
merger,39648,G&K SERVICES INC  (CIK 0000039648),2016-09-29,2016-08-16,2017-03-21,217,173,True,2016
merger,39677,"AV Homes, Inc.  (CIK 0000039677)",2018-08-27,2018-08-27,2018-10-02,36,36,True,2018
merger,39899,TEGNA INC  (TGNA)  (CIK 0000039899),2022-04-13,2022-02-22,,,,False,2022
merger,39899,TEGNA INC  (TGNA)  (CIK 0000039899),2025-10-10,2025-08-19,2026-03-20,213,161,True,2025
merger,40888,"AEROJET ROCKETDYNE HOLDINGS, INC.  (CIK 0000040888)",2021-02-05,2020-12-21,,,,False,2021
tender,42316,GOLDFIELD CORP  (CIK 0000042316),2020-12-01,2020-11-24,2020-12-30,36,29,True,2020
merger,43350,Gas Natural Inc.  (CIK 0000043350),2016-11-23,2016-05-26,2017-08-04,435,254,True,2016
tender,47217,HP INC  (HPQ)  (CIK 0000047217),2020-03-05,2019-12-27,,,,False,2020
merger,47518,"Hill-Rom Holdings, Inc.  (CIK 0000047518)",2021-10-20,2021-09-02,2021-12-13,102,54,True,2021
merger,49071,HUMANA INC  (HUM)  (CIK 0000049071),2015-08-28,2015-08-11,,,,False,2015
merger,49615,ID SYSTEMS INC  (CIK 0000049615),2019-07-25,2019-07-25,2019-10-03,70,70,True,2019
tender,49728,IEC ELECTRONICS CORP  (CIK 0000049728),2021-08-12,2021-08-12,2021-10-05,54,54,True,2021
merger,50104,ANDEAVOR  (CIK 0000050104),2018-08-03,2018-03-15,2018-10-01,200,59,True,2018
merger,51548,INTERNATIONAL SPEEDWAY CORP  (CIK 0000051548),2019-09-17,2019-05-22,2019-10-18,149,31,True,2019
merger,52795,ANIXTER INTERNATIONAL INC  (CIK 0000052795),2020-01-03,2019-10-31,2020-06-22,235,171,True,2020
merger,53669,JOHNSON CONTROLS INC  (CIK 0000053669),2016-07-06,2015-12-14,2016-09-06,267,62,True,2016
merger,54381,KAMAN Corp  (CIK 0000054381),2024-03-08,2024-01-19,2024-04-19,91,42,True,2024
merger,54441,FURMANITE CORP  (CIK 0000054441),2016-01-19,2015-05-04,2016-03-01,302,42,True,2016
merger,54480,KANSAS CITY SOUTHERN  (CIK 0000054480),2021-07-07,2021-04-09,2021-12-14,249,160,True,2021
merger,54507,WESTAR ENERGY INC /KS  (CIK 0000054507),2016-08-25,2016-04-01,2018-06-06,796,650,True,2016
merger,55067,KELLANOVA  (K)  (CIK 0000055067),2024-09-26,2024-08-14,2025-03-10,208,165,True,2024
merger,55362,Investors Heritage Capital Corp  (CIK 0000055362),2018-02-01,2017-11-22,2018-03-02,100,29,True,2018
merger,55772,KIMBALL INTERNATIONAL INC  (CIK 0000055772),2023-04-28,2022-09-07,2023-06-01,267,34,True,2023
merger,57528,"SNYDER'S-LANCE, INC.  (CIK 0000057528)",2018-02-20,2017-12-18,2018-03-26,98,34,True,2018
tender,59440,VECTOR GROUP LTD  (VGR)  (CIK 0000059440),2024-09-04,2024-07-10,2024-10-07,89,33,True,2024
merger,60977,LYDALL INC /DE/  (CIK 0000060977),2021-08-10,2021-06-22,2021-10-01,101,52,True,2021
merger,61398,"TELLURIAN INC. /DE/  (TELL, TELZ)  (CIK 0000061398)",2024-08-27,2024-07-22,2024-10-09,79,43,True,2024
merger,65011,MEREDITH CORP  (CIK 0000065011),2021-11-08,2021-05-03,2021-12-02,213,24,True,2021
tender,65596,SIEBERT FINANCIAL CORP  (SIEB)  (CIK 0000065596),2016-09-06,2016-09-02,,,,False,2016
merger,66756,ALLETE INC  (ALE)  (CIK 0000066756),2024-07-10,2024-03-28,2025-12-15,627,523,True,2024
merger,67279,MOCON INC  (CIK 0000067279),2017-05-18,2017-04-17,2017-06-22,66,35,True,2017
merger,67625,MONMOUTH REAL ESTATE INVESTMENT CORP  (CIK 0000067625),2021-12-21,2021-05-05,2022-02-28,299,69,True,2021
merger,68145,MORGANS FOODS INC  (CIK 0000068145),2014-04-16,2014-03-31,2014-05-27,57,41,True,2014
merger,68270,RUBY TUESDAY INC  (CIK 0000068270),2017-11-20,2017-10-16,2017-12-22,67,32,True,2017
merger,68709,MTS SYSTEMS CORP  (CIK 0000068709),2021-01-28,2020-12-09,2021-04-07,119,69,True,2021
merger,70415,GP STRATEGIES CORP  (CIK 0000070415),2021-08-24,2021-07-15,2021-10-15,92,52,True,2021
merger,72207,NOBLE ENERGY INC  (CIK 0000072207),2020-08-26,2020-04-13,2020-10-05,175,40,True,2020
merger,72333,NORDSTROM INC  (JWN)  (CIK 0000072333),2025-04-10,2024-12-23,2025-05-21,149,41,True,2025
tender,75208,OVERSEAS SHIPHOLDING GROUP INC  (CIK 0000075208),2024-06-10,2024-04-26,2024-07-10,75,30,True,2024
merger,75340,P&F INDUSTRIES INC  (CIK 0000075340),2023-11-17,2023-10-13,2023-12-20,68,33,True,2023
merger,75829,PALL CORP  (CIK 0000075829),2015-06-26,2015-05-13,2015-08-31,110,66,True,2015
merger,77159,PENN VIRGINIA CORP  (CIK 0000077159),2019-03-04,2019-02-27,,,,False,2019
merger,77159,Ranger Oil Corp  (CIK 0000077159),2023-05-18,2023-05-18,2023-06-20,33,33,True,2023
tender,77449,PEP BOYS MANNY MOE & JACK  (CIK 0000077449),2015-11-16,2015-10-26,2016-02-04,101,80,True,2015
merger,77776,PHH CORP  (CIK 0000077776),2018-04-27,2018-02-27,2018-10-04,219,160,True,2018
merger,77877,"PDC ENERGY, INC.  (CIK 0000077877)",2023-07-07,2023-04-12,2023-08-07,117,31,True,2023
merger,78460,PIEDMONT NATURAL GAS CO INC  (CIK 0000078460),2015-12-14,2015-10-26,2016-10-04,344,295,True,2015
merger,79958,PRECISION CASTPARTS CORP  (CIK 0000079958),2015-10-13,2015-07-02,2016-02-01,214,111,True,2015
merger,82166,RAVEN INDUSTRIES INC  (CIK 0000082166),2021-08-06,2021-06-21,2021-11-30,162,116,True,2021
merger,83402,"RESOURCE AMERICA, INC.  (CIK 0000083402)",2016-07-14,2016-04-22,2016-09-08,139,56,True,2016
merger,84129,RITE AID CORP  (RADCQ)  (CIK 0000084129),2015-12-21,2015-10-28,,,,False,2015
merger,84129,RITE AID CORP  (RADCQ)  (CIK 0000084129),2018-06-25,2018-06-25,,,,False,2018
merger,84748,ROGERS CORP  (ROG)  (CIK 0000084748),2021-12-16,2021-12-01,,,,False,2021
merger,85974,RYLAND GROUP INC  (CIK 0000085974),2015-08-27,2015-06-15,2015-10-01,108,35,True,2015
merger,87565,SCHULMAN A INC  (CIK 0000087565),2018-05-11,2018-02-15,2018-08-21,187,102,True,2018
tender,88572,SECURITY LAND & DEVELOPMENT CORP  (CIK 0000088572),2017-04-21,2017-04-21,,,,False,2017
merger,88790,INTRICON CORP  (CIK 0000088790),2022-04-25,2022-02-28,2022-05-24,85,29,True,2022
tender,89140,SERVOTRONICS INC /DE/  (SVT)  (CIK 0000089140),2025-06-02,2025-03-17,2025-07-01,106,29,True,2025
tender,89270,SL INDUSTRIES INC  (CIK 0000089270),2016-04-21,2016-04-07,2016-06-02,56,42,True,2016
merger,90185,SIGMA ALDRICH CORP  (CIK 0000090185),2014-11-03,2014-09-22,2015-11-18,422,380,True,2014
merger,91928,SOUTH JERSEY INDUSTRIES INC  (CIK 0000091928),2022-04-11,2022-02-24,2023-02-01,342,296,True,2022
merger,92679,SPARTON CORP  (CIK 0000092679),2017-08-29,2017-07-07,2019-03-05,606,553,True,2017
merger,93631,FREDERICK'S OF HOLLYWOOD GROUP INC /NY/  (CIK 0000093631),2014-05-02,2013-12-19,2014-06-06,169,35,True,2014
merger,93676,STARRETT L S CO  (CIK 0000093676),2024-04-12,2024-03-11,2024-05-23,73,41,True,2024
tender,93859,BIGLARI HOLDINGS INC.  (CIK 0000093859),2015-06-12,2015-03-12,,,,False,2015
merger,94344,STEWART INFORMATION SERVICES CORP  (STC)  (CIK 0000094344),2018-08-01,2018-04-02,,,,False,2018
tender,95052,ELIZABETH ARDEN INC  (CIK 0000095052),2014-09-08,2014-08-26,2016-09-07,743,730,True,2014
merger,95052,ELIZABETH ARDEN INC  (CIK 0000095052),2016-08-05,2016-06-16,2016-09-07,83,33,True,2016
merger,95521,SUPERVALU INC  (CIK 0000095521),2018-09-18,2018-03-16,2018-10-22,220,34,True,2018
merger,95552,SUPERIOR INDUSTRIES INTERNATIONAL INC  (SSUP)  (CIK 0000095552),2025-08-15,2025-07-08,2025-12-19,164,126,True,2025
merger,96793,SUNLINK HEALTH SYSTEMS INC  (SSY)  (CIK 0000096793),2025-06-25,2025-06-25,2025-08-15,51,51,True,2025
tender,96831,TECUMSEH PRODUCTS CO  (CIK 0000096831),2015-08-24,2015-08-05,2015-09-22,48,29,True,2015
merger,98246,TIFFANY & CO  (CIK 0000098246),2020-01-06,2019-11-25,2021-01-07,409,367,True,2020
tender,98338,TSR INC  (CIK 0000098338),2024-05-30,2024-05-16,2024-06-28,43,29,True,2024
merger,98752,TOROTEL INC  (CIK 0000098752),2020-01-09,2019-12-03,2020-11-16,349,312,True,2020
tender,99359,BREEZE-EASTERN CORP  (CIK 0000099359),2015-12-03,2015-11-19,2016-01-05,47,33,True,2015
merger,99771,TRINITY CAPITAL CORP  (CIK 0000099771),2019-01-31,2018-04-20,2019-03-08,322,36,True,2019
tender,101063,CHIQUITA BRANDS INTERNATIONAL INC  (CIK 0000101063),2014-11-04,2014-09-12,2015-01-07,117,64,True,2014
tender,101390,UNITED MORTGAGE TRUST  (CIK 0000101390),2015-12-03,2015-12-03,,,,False,2015
merger,101778,MARATHON OIL CORP  (MRO)  (CIK 0000101778),2024-07-29,2024-04-10,2024-11-22,226,116,True,2024
merger,102379,URS CORP /NEW/  (CIK 0000102379),2014-09-17,2014-09-17,2014-10-20,33,33,True,2014
merger,102741,VALSPAR CORP  (CIK 0000102741),2016-05-25,2016-03-21,2017-06-01,437,372,True,2016
merger,103096,TRC COMPANIES INC /DE/  (CIK 0000103096),2017-05-08,2017-03-31,2017-06-22,83,45,True,2017
tender,103872,"VOLT INFORMATION SCIENCES, INC.  (CIK 0000103872)",2022-03-25,2022-02-25,2022-04-26,60,32,True,2022
merger,104897,"WSI INDUSTRIES, INC.  (CIK 0000104897)",2018-10-02,2018-09-06,2018-11-07,62,36,True,2018
merger,104918,AVISTA CORP  (AVA)  (CIK 0000104918),2017-10-02,2017-07-19,,,,False,2017
merger,105076,WAUSAU PAPER CORP.  (CIK 0000105076),2015-12-14,2015-11-10,2016-01-21,72,38,True,2015
tender,106618,HANDY & HARMAN LTD.  (CIK 0000106618),2017-09-13,2017-09-13,2017-10-12,29,29,True,2017
merger,109156,ZALE CORP  (CIK 0000109156),2014-05-01,2014-02-27,2014-05-30,92,29,True,2014
merger,201461,CITY NATIONAL CORP  (CIK 0000201461),2015-04-22,2015-04-22,2015-11-02,194,194,True,2015
merger,203077,ST JUDE MEDICAL INC  (CIK 0000203077),2016-09-26,2016-09-26,2017-01-04,100,100,True,2016
merger,203527,VARIAN MEDICAL SYSTEMS INC  (CIK 0000203527),2020-09-14,2020-08-03,2021-04-15,255,213,True,2020
merger,215419,CHECKPOINT SYSTEMS INC  (CIK 0000215419),2016-04-08,2016-03-02,2016-05-16,75,38,True,2016
merger,216539,MEDIA GENERAL INC  (CIK 0000216539),2014-07-24,2014-03-14,2014-12-23,284,152,True,2014
merger,216539,MEDIA GENERAL INC  (CIK 0000216539),2016-05-09,2016-05-09,2017-01-18,254,254,True,2016
tender,216851,"ADAMS NATURAL RESOURCES FUND, INC.  (PEO)  (CIK 0000216851)",2020-05-26,2020-05-26,,,,False,2020
merger,225263,NEWPORT CORP  (CIK 0000225263),2016-03-29,2016-02-23,2016-04-29,66,31,True,2016
merger,225648,COVANTA HOLDING CORP  (CIK 0000225648),2021-09-02,2021-07-14,2021-11-30,139,89,True,2021
merger,230498,Rock-Tenn CO  (CIK 0000230498),2015-05-21,2014-12-19,2015-07-02,195,42,True,2015
merger,276209,CONNECTICUT WATER SERVICE INC / CT  (CIK 0000276209),2018-10-02,2018-08-06,2019-10-09,429,372,True,2018
tender,276283,EVANS & SUTHERLAND COMPUTER CORP  (CIK 0000276283),2020-02-10,2020-02-10,2020-04-17,67,67,True,2020
merger,277375,DELTA NATURAL GAS CO INC  (CIK 0000277375),2017-04-27,2017-02-22,2017-09-20,210,146,True,2017
merger,277595,ENERGEN CORP  (CIK 0000277595),2018-10-25,2018-03-22,2018-11-30,253,36,True,2018
merger,310568,MICROSEMI CORP  (CIK 0000310568),2018-04-19,2017-12-20,2018-05-29,160,40,True,2018
merger,311471,APCO OIL & GAS INTERNATIONAL INC  (CIK 0000311471),2014-12-22,2014-10-03,2015-01-29,118,38,True,2014
merger,313716,HARDINGE INC  (CIK 0000313716),2018-04-16,2018-02-13,2018-05-25,101,39,True,2018
tender,315131,PHX MINERALS INC.  (PHX)  (CIK 0000315131),2025-05-22,2025-05-09,2025-06-23,45,32,True,2025
merger,315449,UQM TECHNOLOGIES INC  (CIK 0000315449),2019-03-07,2019-01-22,2019-08-01,191,147,True,2019
merger,315852,RANGE RESOURCES CORP  (RRC)  (CIK 0000315852),2016-08-10,2016-04-14,,,,False,2016
merger,315858,Bluegreen Vacations Holding Corp  (CIK 0000315858),2023-12-11,2023-11-06,2024-01-17,72,37,True,2023
merger,316206,"STARWOOD HOTEL & RESORTS WORLDWIDE, INC  (CIK 0000316206)",2016-02-18,2016-02-18,2016-09-23,218,218,True,2016
merger,316253,ENZO BIOCHEM INC  (ENZB)  (CIK 0000316253),2025-07-22,2025-06-24,2025-08-20,57,29,True,2025
merger,316709,"SCHWAB CHARLES CORP  (SCHW, SCHW-PD, SCHW-PJ)  (CIK 0000316709)",2020-05-06,2020-05-06,2021-06-01,391,391,True,2020
merger,316793,INTERNATIONAL RECTIFIER CORP /DE/  (CIK 0000316793),2014-10-07,2014-08-20,2015-01-15,148,100,True,2014
merger,317340,MIKROS SYSTEMS CORP  (CIK 0000317340),2020-12-22,2020-11-13,2021-02-04,83,44,True,2020
tender,319815,MAXWELL TECHNOLOGIES INC  (CIK 0000319815),2019-02-20,2019-02-20,2019-05-16,85,85,True,2019
tender,320174,Perseon Corp  (CIK 0000320174),2015-11-05,2015-10-27,2016-01-26,91,82,True,2015
tender,320345,MICROS SYSTEMS INC  (CIK 0000320345),2014-07-03,2014-06-23,2014-09-08,77,67,True,2014
merger,320431,"UNIFIED GROCERS, INC.  (CIK 0000320431)",2017-05-17,2017-04-11,2017-06-27,77,41,True,2017
merger,320575,PIONEER ENERGY SERVICES CORP  (CIK 0000320575),2021-08-27,2021-08-27,2021-10-04,38,38,True,2021
merger,350563,TECO ENERGY INC  (CIK 0000350563),2015-10-22,2015-09-04,2016-07-01,301,253,True,2015
tender,350832,AMERICAN PACIFIC CORP  (CIK 0000350832),2014-01-27,2014-01-10,2014-02-27,48,31,True,2014
tender,350846,SUPREME INDUSTRIES INC  (CIK 0000350846),2017-08-22,2017-08-09,2017-09-27,49,36,True,2017
merger,350868,"ITERIS, INC.  (ITI)  (CIK 0000350868)",2024-09-20,2024-08-09,2024-11-01,84,42,True,2024
merger,350907,THORATEC CORP  (CIK 0000350907),2015-09-08,2015-07-22,2015-10-08,78,30,True,2015
tender,350917,EMULEX CORP /DE/  (CIK 0000350917),2015-04-07,2015-01-09,2015-05-05,116,28,True,2015
tender,352363,Kate Spade & Co  (CIK 0000352363),2017-05-26,2017-05-08,2017-07-12,65,47,True,2017
merger,353020,Aegion Corp  (CIK 0000353020),2021-04-01,2021-02-16,2021-05-17,90,46,True,2021
merger,353191,NORTH VALLEY BANCORP  (CIK 0000353191),2014-06-30,2014-06-30,2014-10-03,95,95,True,2014
merger,353230,OMNICARE INC  (CIK 0000353230),2015-07-21,2015-05-21,2015-08-18,89,28,True,2015
merger,353944,INTERNATIONAL GAME TECHNOLOGY  (CIK 0000353944),2015-01-05,2015-01-05,2015-04-07,92,92,True,2015
merger,354655,BOLT TECHNOLOGY CORP  (CIK 0000354655),2014-10-07,2014-09-03,2014-11-18,76,42,True,2014
merger,354908,FLIR SYSTEMS INC  (CIK 0000354908),2021-04-12,2021-04-12,2021-05-14,32,32,True,2021
merger,355379,MIDWEST HOLDING INC.  (CIK 0000355379),2023-06-16,2023-04-24,2023-12-21,241,188,True,2023
merger,355429,PROTECTIVE LIFE CORP  (CIK 0000355429),2014-08-25,2014-06-04,2014-10-16,134,52,True,2014
tender,355627,CTI GROUP HOLDINGS INC  (CIK 0000355627),2015-11-04,2015-10-19,2015-12-09,51,35,True,2015
merger,355766,Hallwood Group Inc  (CIK 0000355766),2014-04-08,2013-11-14,2014-05-19,186,41,True,2014
tender,355777,LOJACK CORP  (CIK 0000355777),2016-02-16,2016-02-01,2016-03-18,46,31,True,2016
tender,355999,ESSENDANT INC  (CIK 0000355999),2018-09-24,2018-09-14,2019-01-31,139,129,True,2018
merger,356028,"CA, INC.  (CIK 0000356028)",2018-08-10,2018-06-29,2018-11-05,129,87,True,2018
merger,356130,EMC INSURANCE GROUP INC  (CIK 0000356130),2019-08-08,2019-05-09,2019-09-19,133,42,True,2019
merger,357020,Xcerra Corp  (CIK 0000357020),2017-09-05,2017-08-07,2018-10-01,420,391,True,2017
merger,357097,"Fibrocell Science, Inc.  (CIK 0000357097)",2019-10-28,2019-09-12,2019-12-13,92,46,True,2019
merger,700863,SUSQUEHANNA BANCSHARES INC  (CIK 0000700863),2015-01-22,2015-01-22,2015-07-31,190,190,True,2015
merger,701221,CIGNA CORP  (CIK 0000701221),2015-10-28,2015-10-01,,,,False,2015
merger,701221,CIGNA CORP  (CIK 0000701221),2018-07-16,2018-03-16,2018-12-21,280,158,True,2018
merger,701288,ATRION CORP  (CIK 0000701288),2024-07-15,2024-04-09,2024-08-21,134,37,True,2024
merger,701811,MENTOR GRAPHICS CORP  (CIK 0000701811),2017-01-04,2016-11-14,2017-03-30,136,85,True,2017
merger,701869,INDEPENDENCE HOLDING CO  (CIK 0000701869),2022-01-06,2021-11-09,2022-02-16,99,41,True,2022
merger,702165,NORFOLK SOUTHERN CORP  (NSC)  (CIK 0000702165),2025-10-01,2025-04-18,,,,False,2025
merger,703360,LSI CORP  (CIK 0000703360),2014-03-11,2013-12-16,2014-05-06,141,56,True,2014
merger,703361,INTEGRATED DEVICE TECHNOLOGY INC  (CIK 0000703361),2018-12-03,2018-09-11,2019-03-29,199,116,True,2018
merger,704051,"LEGG MASON, INC.  (CIK 0000704051)",2020-04-16,2020-02-18,2020-08-03,167,109,True,2020
merger,704415,"TIVITY HEALTH, INC.  (CIK 0000704415)",2022-05-24,2022-04-05,2022-06-28,84,35,True,2022
merger,704562,"Avid Bioservices, Inc.  (CDMO)  (CIK 0000704562)",2024-12-18,2024-08-28,2025-02-05,161,49,True,2024
merger,707886,UNITED COMMUNITY FINANCIAL CORP  (CIK 0000707886),2019-10-30,2019-10-30,2020-01-31,93,93,True,2019
merger,708818,"NEXTGEN HEALTHCARE, INC.  (CIK 0000708818)",2023-10-06,2023-09-06,2023-11-09,64,34,True,2023
tender,711065,APPLIED MICRO CIRCUITS CORP  (CIK 0000711065),2016-12-21,2016-06-21,2017-01-26,219,36,True,2016
tender,711213,DEL TACO RESTAURANT PROPERTIES I  (CIK 0000711213),2015-02-27,2014-10-01,2015-12-31,456,307,True,2015
merger,712515,ELECTRONIC ARTS INC.  (EA)  (CIK 0000712515),2025-11-20,2025-09-29,2026-08-04,309,257,True,2025
merger,713095,FARMERS CAPITAL BANK CORP  (CIK 0000713095),2018-06-15,2018-04-20,2018-08-31,133,77,True,2018
merger,713425,"LOGILITY SUPPLY CHAIN SOLUTIONS, INC  (LGTY)  (CIK 0000713425)",2025-03-04,2025-01-27,2025-04-04,67,31,True,2025
merger,714603,DST SYSTEMS INC  (CIK 0000714603),2018-02-27,2018-01-11,2018-04-17,96,49,True,2018
merger,716133,CINCINNATI BELL INC  (CIK 0000716133),2020-03-25,2019-12-23,2021-09-07,624,531,True,2020
merger,718877,"Activision Blizzard, Inc.  (CIK 0000718877)",2022-03-21,2022-01-18,2023-10-13,633,571,True,2022
tender,718924,SPAN AMERICA MEDICAL SYSTEMS INC  (CIK 0000718924),2017-05-01,2017-05-01,2017-06-16,46,46,True,2017
merger,718937,STAAR SURGICAL CO  (STAA)  (CIK 0000718937),2025-09-16,2025-08-05,,,,False,2025
merger,719209,ISRAMCO INC  (CIK 0000719209),2019-09-06,2019-09-06,2019-10-25,49,49,True,2019
merger,719494,"Inrad Optics, Inc.  (CIK 0000719494)",2024-05-14,2024-04-09,2024-07-02,84,49,True,2024
tender,719866,ARCTIC CAT INC  (CIK 0000719866),2017-02-02,2017-01-25,2017-03-06,40,32,True,2017
merger,722256,HUDSON VALLEY HOLDING CORP  (CIK 0000722256),2015-04-01,2015-04-01,2015-07-01,91,91,True,2015
merger,722392,PLANAR SYSTEMS INC  (CIK 0000722392),2015-10-09,2015-08-13,2015-11-27,106,49,True,2015
merger,722723,"HANGER, INC.  (CIK 0000722723)",2022-08-26,2022-07-21,2022-10-03,74,38,True,2022
tender,722830,IMMUNOMEDICS INC  (CIK 0000722830),2020-09-24,2020-09-14,2020-10-23,39,29,True,2020
merger,724606,PANERA BREAD CO  (CIK 0000724606),2017-06-01,2017-04-05,2017-07-18,104,47,True,2017
merger,726513,TRIBUNE MEDIA CO  (CIK 0000726513),2017-09-06,2017-03-24,,,,False,2017
merger,726514,ELECTRO SCIENTIFIC INDUSTRIES INC  (CIK 0000726514),2018-12-06,2018-11-13,2019-02-01,80,57,True,2018
merger,726517,MERCHANTS BANCSHARES INC  (CIK 0000726517),2017-02-10,2016-05-03,2017-05-12,374,91,True,2017
tender,728303,COAST DISTRIBUTION SYSTEM INC  (CIK 0000728303),2015-07-22,2015-07-09,2015-08-20,42,29,True,2015
tender,728331,SUTRON CORP  (CIK 0000728331),2015-06-26,2015-06-22,2015-07-29,37,33,True,2015
merger,730000,SUPERTEX INC  (CIK 0000730000),2014-03-10,2014-02-10,2014-04-01,50,22,True,2014
merger,730716,ZYGO CORP  (CIK 0000730716),2014-05-21,2014-04-15,2014-06-20,66,30,True,2014
tender,732834,"CONTINENTAL RESOURCES, INC  (CIK 0000732834)",2022-10-24,2022-10-17,2022-11-23,37,30,True,2022
merger,739608,PENFORD CORP  (CIK 0000739608),2014-12-29,2014-10-15,2015-03-11,147,72,True,2014
merger,748270,MEDICAL ACTION INDUSTRIES INC  (CIK 0000748270),2014-08-25,2014-06-16,2014-10-01,107,37,True,2014
tender,749153,DEL TACO RESTAURANT PROPERTIES II  (CIK 0000749153),2015-02-27,2014-10-01,2015-12-31,456,307,True,2015
merger,749872,BARRY R G CORP /OH/  (CIK 0000749872),2014-08-01,2014-05-02,2014-08-25,115,24,True,2014
merger,750199,"EPL OIL & GAS, INC.  (CIK 0000750199)",2014-04-21,2014-04-21,2014-07-15,85,85,True,2014
tender,751085,"MAGNETEK, INC.  (CIK 0000751085)",2015-08-05,2015-07-27,2015-09-02,37,28,True,2015
merger,751652,QUESTAR CORP  (CIK 0000751652),2016-04-05,2016-02-01,2016-09-19,231,167,True,2016
tender,753568,EXAR CORP  (CIK 0000753568),2017-04-13,2017-03-29,2017-05-12,44,29,True,2017
merger,754737,SCANA CORP  (CIK 0000754737),2018-06-15,2018-06-15,2019-01-02,201,201,True,2018
merger,755003,MATERIAL SCIENCES CORP  (CIK 0000755003),2014-02-20,2014-01-09,2014-03-20,70,28,True,2014
merger,757011,USG CORP  (CIK 0000757011),2018-08-23,2018-03-29,2019-04-24,391,244,True,2018
merger,761648,"CEDAR REALTY TRUST, INC.  (CDR-PB, CDR-PC)  (CIK 0000761648)",2022-04-21,2022-03-03,2022-08-23,173,124,True,2022
merger,764579,CAS MEDICAL SYSTEMS INC  (CIK 0000764579),2019-03-13,2019-02-12,2019-04-18,65,36,True,2019
merger,764811,CommunityOne Bancorp  (CIK 0000764811),2016-03-17,2016-03-17,2016-10-25,222,222,True,2016
merger,766561,Enventis Corp  (CIK 0000766561),2014-08-27,2014-06-30,2014-10-16,108,50,True,2014
tender,766829,SJW GROUP  (SJW)  (CIK 0000766829),2018-06-15,2018-06-15,,,,False,2018
tender,767884,"Ceres, Inc.  (CIK 0000767884)",2016-07-01,2016-06-17,2016-08-01,45,31,True,2016
tender,767920,PMC SIERRA INC  (CIK 0000767920),2015-12-16,2015-10-06,2016-01-15,101,30,True,2015
merger,768251,ALTERA CORP  (CIK 0000768251),2015-08-24,2015-03-31,2015-12-28,272,126,True,2015
merger,768411,CYBEROPTICS CORP  (CIK 0000768411),2022-09-26,2022-08-08,2022-11-03,87,38,True,2022
merger,772897,HUTCHINSON TECHNOLOGY INC  (CIK 0000772897),2015-12-15,2015-11-02,2016-10-05,338,295,True,2015
merger,773141,"M.D.C. HOLDINGS, INC.  (CIK 0000773141)",2024-03-04,2024-01-18,2024-04-19,92,46,True,2024
merger,773910,ANADARKO PETROLEUM CORP  (CIK 0000773910),2019-07-11,2019-03-29,2019-08-09,133,29,True,2019
merger,775345,UNITED BANCORP INC /MI/  (CIK 0000775345),2014-05-23,2014-05-23,2014-08-01,70,70,True,2014
merger,775368,ALLEGHANY CORP /DE  (CIK 0000775368),2022-04-29,2022-03-21,2022-10-19,212,173,True,2022
merger,777491,CH2M HILL COMPANIES LTD  (CIK 0000777491),2017-11-09,2017-11-09,2017-12-18,39,39,True,2017
merger,778734,Measurement Specialties Inc  (CIK 0000778734),2014-07-24,2014-06-18,2014-10-09,113,77,True,2014
tender,781902,INTERNATIONAL BALER CORP  (CIK 0000781902),2022-04-20,2022-04-20,2022-05-31,41,41,True,2022
merger,784011,POPE RESOURCES LTD PARTNERSHIP  (CIK 0000784011),2020-04-06,2020-01-15,2020-05-08,114,32,True,2020
tender,786360,DEL TACO RESTAURANT PROPERTIES III  (CIK 0000786360),2015-02-27,2014-10-01,2015-12-31,456,307,True,2015
merger,789073,BEAM INC  (CIK 0000789073),2014-02-19,2014-01-13,2014-04-30,107,70,True,2014
tender,789132,SPECTRANETICS CORP  (CIK 0000789132),2017-07-12,2017-06-28,2017-08-09,42,28,True,2017
merger,790070,EMC CORP  (CIK 0000790070),2016-06-06,2015-10-13,2016-09-07,330,93,True,2016
merger,790703,TECH DATA CORP  (CIK 0000790703),2020-01-10,2019-11-13,2020-06-30,230,172,True,2020
merger,790715,SIGMA DESIGNS INC  (CIK 0000790715),2018-03-19,2017-12-08,2018-08-15,250,149,True,2018
merger,791519,STAPLES INC  (CIK 0000791519),2017-08-03,2017-04-20,2017-09-12,145,40,True,2017
merger,791907,LINEAR TECHNOLOGY CORP /CA/  (CIK 0000791907),2016-09-16,2016-09-16,2017-03-10,175,175,True,2016
merger,791915,CYPRESS SEMICONDUCTOR CORP /DE/  (CIK 0000791915),2019-07-16,2019-03-15,2020-04-16,398,275,True,2019
tender,792130,DATAWATCH CORP  (CIK 0000792130),2018-11-14,2018-11-05,2018-12-13,38,29,True,2018
tender,792977,"AMAG PHARMACEUTICALS, INC.  (CIK 0000792977)",2020-10-15,2020-10-01,2020-11-16,46,32,True,2020
merger,793547,NAVIGATORS GROUP INC  (CIK 0000793547),2018-10-12,2018-08-22,2019-05-23,274,223,True,2018
merger,794172,MERIDIAN BIOSCIENCE INC  (CIK 0000794172),2022-09-08,2022-07-07,2023-01-31,208,145,True,2022
merger,794323,LEVEL 3 COMMUNICATIONS INC  (CIK 0000794323),2017-02-13,2016-12-16,2017-11-01,320,261,True,2017
merger,799088,CARMIKE CINEMAS INC  (CIK 0000799088),2016-05-23,2016-03-04,2016-12-21,292,212,True,2016
tender,799165,DAWSON GEOPHYSICAL CO  (DWSN)  (CIK 0000799165),2021-11-01,2021-11-01,,,,False,2021
merger,799729,PAREXEL INTERNATIONAL CORP  (CIK 0000799729),2017-08-15,2017-06-20,2017-09-29,101,45,True,2017
merger,800240,OFFICE DEPOT INC  (ODP)  (CIK 0000800240),2015-05-18,2015-02-04,,,,False,2015
merger,800240,ODP Corp  (ODP)  (CIK 0000800240),2025-10-27,2025-09-22,2025-12-10,79,44,True,2025
merger,800459,HARMAN INTERNATIONAL INDUSTRIES INC /DE/  (CIK 0000800459),2017-01-20,2016-10-25,2017-03-13,139,52,True,2017
merger,801898,JOY GLOBAL INC  (CIK 0000801898),2016-09-02,2016-07-21,2017-04-06,259,216,True,2016
tender,802724,INSITE VISION INC  (CIK 0000802724),2015-09-29,2015-06-08,2015-11-02,147,34,True,2015
tender,803647,VERSAR INC  (CIK 0000803647),2017-09-26,2017-05-24,2017-11-06,166,41,True,2017
merger,804212,AIRGAS INC  (CIK 0000804212),2016-01-22,2015-11-17,2016-05-23,188,122,True,2016
tender,804753,CERNER Corp  (CIK 0000804753),2022-01-19,2021-12-20,2022-06-08,170,140,True,2022
merger,805022,"BUCKEYE PARTNERS, L.P.  (CIK 0000805022)",2019-06-25,2019-04-17,2019-11-01,198,129,True,2019
merger,805264,AXIALL CORP/DE/  (CIK 0000805264),2016-08-01,2016-02-16,2016-08-31,197,30,True,2016
tender,805993,UNIPROP MANUFACTURED HOUSING COMMUNITIES INCOME FUND II /MI/  (CIK 0000805993),2016-06-20,2016-06-20,,,,False,2016
merger,806279,CODORUS VALLEY BANCORP INC  (CIK 0000806279),2024-04-30,2023-12-13,2024-07-01,201,62,True,2024
merger,806888,RESPONSE BIOMEDICAL CORP  (CIK 0000806888),2016-08-11,2016-06-20,2016-12-02,165,113,True,2016
merger,807707,VOXX International Corp  (VOXX)  (CIK 0000807707),2025-03-03,2024-12-19,2025-04-01,103,29,True,2025
merger,808326,EMCORE CORP  (EMKR)  (CIK 0000808326),2025-01-24,2024-11-08,2025-02-28,112,35,True,2025
merger,808362,BAKER HUGHES INC  (CIK 0000808362),2015-02-19,2015-02-19,,,,False,2015
merger,808450,NAVISTAR INTERNATIONAL CORP  (CIK 0000808450),2021-01-29,2020-11-09,2021-07-01,234,153,True,2021
merger,809933,ECOLOGY & ENVIRONMENT INC  (CIK 0000809933),2019-10-08,2019-08-28,2019-12-31,125,84,True,2019
merger,811808,"SUMMIT FINANCIAL GROUP, INC.  (CIK 0000811808)",2023-10-16,2023-04-03,2024-05-03,396,200,True,2023
merger,812128,SANDERSON FARMS INC  (CIK 0000812128),2021-09-13,2021-08-09,2022-07-22,347,312,True,2021
merger,812301,"Patient Safety Technologies, Inc  (CIK 0000812301)",2014-02-25,2014-01-02,2014-03-27,84,30,True,2014
tender,812630,DEL TACO INCOME PROPERTIES IV  (CIK 0000812630),2015-02-27,2014-10-01,2015-12-31,456,307,True,2015
merger,812701,CALGON CARBON Corp  (CIK 0000812701),2017-11-28,2017-09-21,2018-03-09,169,101,True,2017
tender,813621,AMCOL INTERNATIONAL CORP  (CIK 0000813621),2014-02-20,2014-02-12,2014-05-09,86,78,True,2014
tender,813920,CEC ENTERTAINMENT INC  (CIK 0000813920),2014-01-22,2014-01-16,2014-02-18,33,27,True,2014
tender,815093,MGC DIAGNOSTICS Corp  (CIK 0000815093),2017-12-07,2017-11-27,2017-12-29,32,22,True,2017
tender,815094,ABIOMED INC  (CIK 0000815094),2022-11-15,2022-11-01,2022-12-22,51,37,True,2022
tender,816159,AIR METHODS CORP  (CIK 0000816159),2017-03-23,2017-02-15,2017-04-21,65,29,True,2017
tender,816284,CELGENE CORP /DE/  (CIK 0000816284),2014-12-01,2014-06-12,,,,False,2014
merger,816284,CELGENE CORP /DE/  (CIK 0000816284),2019-02-22,2018-05-23,2019-11-20,546,271,True,2019
merger,817135,"Alliance HealthCare Services, Inc  (CIK 0000817135)",2017-07-14,2017-04-11,2017-08-21,132,38,True,2017
merger,817366,VCA INC  (CIK 0000817366),2017-02-15,2017-01-09,2017-09-12,246,209,True,2017
merger,817473,"AMERICAN CAPITAL, LTD  (CIK 0000817473)",2016-10-18,2016-10-18,2017-01-17,91,91,True,2016
merger,817979,ACCURIDE CORP  (CIK 0000817979),2016-10-17,2016-09-02,2016-11-18,77,32,True,2016
merger,819050,VICAL INC  (FRTX)  (CIK 0000819050),2019-07-12,2019-06-03,,,,False,2019
merger,819220,MULTI COLOR Corp  (CIK 0000819220),2019-04-05,2019-02-25,2019-07-08,133,94,True,2019
merger,820081,CAMBREX CORP  (CIK 0000820081),2019-09-23,2019-08-07,2019-12-04,119,72,True,2019
tender,821995,JUNIPER PHARMACEUTICALS INC  (CIK 0000821995),2018-07-17,2018-07-03,2018-08-14,42,28,True,2018
merger,823094,SOTHEBYS  (CIK 0000823094),2019-08-07,2019-01-03,2019-10-03,273,57,True,2019
tender,825313,ALLIANCEBERNSTEIN HOLDING L.P.  (AB)  (CIK 0000825313),2025-03-17,2025-03-17,,,,False,2025
tender,825410,LANDAUER INC  (CIK 0000825410),2017-09-20,2017-09-06,2017-10-19,43,29,True,2017
merger,825411,"SEVCON, INC.  (CIK 0000825411)",2017-08-21,2017-07-17,2017-09-27,72,37,True,2017
tender,827230,MICROFINANCIAL INC  (CIK 0000827230),2014-12-19,2014-12-15,2015-01-23,39,35,True,2014
merger,829323,"Inuvo, Inc.  (INUV)  (CIK 0000829323)",2019-04-09,2019-04-09,,,,False,2019
tender,830122,"VIDLER WATER RESOURCES, INC.  (CIK 0000830122)",2022-04-14,2022-04-14,2022-05-25,41,41,True,2022
merger,830524,CHASE CORP  (CIK 0000830524),2023-08-31,2023-07-24,2023-11-15,114,76,True,2023
merger,830916,MULTI FINELINE ELECTRONIX INC  (CIK 0000830916),2016-04-28,2016-02-04,2016-07-27,174,90,True,2016
merger,831968,PROVIDENCE & WORCESTER RAILROAD CO/RI/  (CIK 0000831968),2016-09-20,2016-08-15,2016-11-01,78,42,True,2016
merger,832090,PARTNERS BANCORP  (CIK 0000832090),2022-01-18,2021-11-04,2023-12-01,757,682,True,2022
tender,836429,SYNERGETICS USA INC  (CIK 0000836429),2015-09-16,2015-09-02,2015-10-15,43,29,True,2015
tender,843368,NORTHLAND CABLE PROPERTIES EIGHT LIMITED PARTNERSHIP  (CIK 0000843368),2014-04-28,2014-04-28,,,,False,2014
merger,844161,Apex Global Brands Inc.  (CIK 0000844161),2021-03-04,2021-02-19,2021-04-08,48,35,True,2021
tender,849547,BLACK BOX CORP  (CIK 0000849547),2018-11-21,2018-11-13,2019-01-07,55,47,True,2018
merger,850209,"FOOT LOCKER, INC.  (FL)  (CIK 0000850209)",2025-07-11,2025-04-10,2025-09-08,151,59,True,2025
tender,850579,PLX TECHNOLOGY INC  (CIK 0000850579),2014-07-08,2014-06-23,2014-08-12,50,35,True,2014
tender,850693,ALLERGAN INC  (CIK 0000850693),2014-06-23,2014-03-26,2015-03-17,356,267,True,2014
merger,852564,UNILENS VISION INC  (CIK 0000852564),2015-08-05,2015-07-17,2015-09-02,47,28,True,2015
merger,852772,DENNY'S Corp  (DENN)  (CIK 0000852772),2025-12-01,2025-11-04,2026-01-16,73,46,True,2025
merger,854398,XRS Corp  (CIK 0000854398),2014-09-29,2014-09-16,2014-10-31,45,32,True,2014
merger,854701,INTEGRATED SILICON SOLUTION INC  (CIK 0000854701),2015-04-27,2014-12-01,2015-12-03,367,220,True,2015
tender,854800,"MICT, Inc.  (TIOG)  (CIK 0000854800)",2018-11-27,2018-08-15,,,,False,2018
merger,854800,"MICT, Inc.  (TIOG)  (CIK 0000854800)",2020-08-12,2020-04-06,,,,False,2020
tender,855612,ZIX CORP  (CIK 0000855612),2021-11-23,2021-11-09,2021-12-23,44,30,True,2021
merger,855658,LATTICE SEMICONDUCTOR CORP  (LSCC)  (CIK 0000855658),2017-01-27,2016-11-03,,,,False,2017
merger,855874,COMMUNITY FINANCIAL CORP /MD/  (CIK 0000855874),2023-05-08,2023-05-08,2023-06-30,53,53,True,2023
tender,857737,"ICONIX BRAND GROUP, INC.  (CIK 0000857737)",2021-07-02,2021-06-11,2021-08-04,54,33,True,2021
merger,858339,CAESARS ENTERTAINMENT Corp  (CIK 0000858339),2019-10-11,2019-02-20,2020-07-20,516,283,True,2019
merger,858655,HAYNES INTERNATIONAL INC  (HAYN)  (CIK 0000858655),2024-03-18,2024-01-09,2024-11-21,317,248,True,2024
tender,858803,"AVANIR PHARMACEUTICALS, INC.  (CIK 0000858803)",2014-12-12,2014-12-02,2015-01-13,42,32,True,2014
merger,859014,COMPUWARE CORP  (CIK 0000859014),2014-11-04,2014-09-03,2014-12-15,103,41,True,2014
tender,859163,AVX Corp  (CIK 0000859163),2020-03-02,2019-11-27,2020-03-30,124,28,True,2020
tender,859598,SEACOR HOLDINGS INC /NEW/  (CIK 0000859598),2020-12-18,2020-12-07,2021-04-16,130,119,True,2020
merger,859737,HOLOGIC INC  (HOLX)  (CIK 0000859737),2025-12-23,2025-10-21,2026-04-07,168,105,True,2025
merger,861361,B/E AEROSPACE INC  (CIK 0000861361),2017-02-03,2016-07-14,2017-04-13,273,69,True,2017
merger,861878,STERICYCLE INC  (SRCL)  (CIK 0000861878),2024-07-10,2024-04-05,2024-11-04,213,117,True,2024
tender,862022,HUGOTON ROYALTY TRUST  (HGTXU)  (CIK 0000862022),2020-04-14,2020-04-14,,,,False,2020
merger,863015,ISLE OF CAPRI CASINOS INC  (CIK 0000863015),2016-12-30,2016-08-22,2017-05-01,252,122,True,2016
merger,863157,PETSMART INC  (CIK 0000863157),2015-02-02,2014-12-15,2015-03-11,86,37,True,2015
merger,863894,FEMALE HEALTH CO  (VERU)  (CIK 0000863894),2016-08-08,2016-01-26,,,,False,2016
merger,864559,CASCADE MICROTECH INC  (CIK 0000864559),2016-05-20,2016-05-20,2016-06-24,35,35,True,2016
merger,865058,NATIONAL SECURITY GROUP INC  (CIK 0000865058),2022-05-23,2022-05-23,2022-06-30,38,38,True,2022
tender,865415,ADEPT TECHNOLOGY INC  (CIK 0000865415),2015-09-23,2015-09-16,2015-10-23,37,30,True,2015
merger,865436,WHOLE FOODS MARKET INC  (CIK 0000865436),2017-07-21,2017-06-16,2017-08-28,73,38,True,2017
merger,865911,CASCADE BANCORP  (CIK 0000865911),2017-04-13,2017-04-13,2017-05-30,47,47,True,2017
merger,866121,"ORBITAL ATK, INC.  (CIK 0000866121)",2017-10-25,2017-06-30,2018-06-07,342,225,True,2017
merger,866368,"PS BUSINESS PARKS, INC./MD  (CIK 0000866368)",2022-06-08,2022-04-05,2022-07-20,106,42,True,2022
merger,867374,ELECTRONICS FOR IMAGING INC  (CIK 0000867374),2019-06-11,2019-04-15,2019-07-23,99,42,True,2019
merger,868267,FOOD TECHNOLOGY SERVICE INC  (CIK 0000868267),2014-01-29,2014-01-09,2014-03-05,55,35,True,2014
merger,868271,SEVERN BANCORP INC  (CIK 0000868271),2021-09-16,2021-09-16,2021-10-29,43,43,True,2021
merger,868611,SONIC CORP  (CIK 0000868611),2018-11-05,2018-09-25,2018-12-07,73,32,True,2018
merger,872448,ATMEL CORP  (CIK 0000872448),2016-02-26,2016-02-26,2016-04-04,38,38,True,2016
merger,872835,ESB FINANCIAL CORP  (CIK 0000872835),2014-12-15,2014-10-30,2015-02-10,103,57,True,2014
merger,873044,RADISYS CORP  (CIK 0000873044),2018-08-10,2018-07-02,2018-12-11,162,123,True,2018
merger,874016,JONES GROUP INC  (CIK 0000874016),2014-03-06,2013-12-20,2014-04-09,110,34,True,2014
merger,874214,ANN INC.  (CIK 0000874214),2015-07-20,2015-07-20,2015-08-25,36,36,True,2015
merger,874396,"LIFETIME BRANDS, INC  (LCUT)  (CIK 0000874396)",2018-01-24,2017-12-22,,,,False,2018
merger,874977,State Auto Financial CORP  (CIK 0000874977),2021-08-27,2021-07-12,2022-03-01,232,186,True,2021
merger,875159,XL GROUP LTD  (CIK 0000875159),2018-05-03,2018-03-05,2018-09-12,191,132,True,2018
tender,875622,BIOSPECIFICS TECHNOLOGIES CORP  (CIK 0000875622),2020-11-02,2020-10-19,2020-12-02,44,30,True,2020
merger,876378,"ASENSUS SURGICAL, INC.  (TRXDW)  (CIK 0000876378)",2024-07-05,2024-06-07,2024-08-22,76,48,True,2024
merger,877422,SpartanNash Co  (SPTN)  (CIK 0000877422),2025-07-31,2025-06-23,2025-09-22,91,53,True,2025
merger,877890,CITRIX SYSTEMS INC  (CIK 0000877890),2022-03-16,2022-01-31,2022-09-30,242,198,True,2022
merger,878526,NATUS MEDICAL INC  (CIK 0000878526),2022-06-02,2022-04-18,2022-07-21,94,49,True,2022
merger,878560,STANDARD PACIFIC CORP /DE/  (CIK 0000878560),2015-08-27,2015-04-24,,,,False,2015
merger,878560,"CalAtlantic Group, Inc.  (CIK 0000878560)",2018-01-05,2017-10-31,2018-02-13,105,39,True,2018
merger,878828,WIRELESS TELECOM GROUP INC  (CIK 0000878828),2023-06-28,2023-06-16,2023-08-04,49,37,True,2023
merger,879796,ARI NETWORK SERVICES INC /WI  (CIK 0000879796),2017-07-31,2017-06-23,2017-08-29,67,29,True,2017
merger,880177,PEREGRINE SEMICONDUCTOR CORP  (CIK 0000880177),2014-10-16,2014-08-25,2014-12-12,109,57,True,2014
merger,880285,ENBRIDGE ENERGY PARTNERS LP  (CIK 0000880285),2018-11-09,2018-11-09,2018-12-20,41,41,True,2018
tender,880446,VITESSE SEMICONDUCTOR CORP  (CIK 0000880446),2015-03-31,2015-03-18,2015-04-28,41,28,True,2015
tender,880562,DAEGIS INC.  (CIK 0000880562),2015-10-23,2015-10-08,2015-11-24,47,32,True,2015
merger,880771,SCICLONE PHARMACEUTICALS INC  (CIK 0000880771),2017-08-18,2017-04-28,2017-10-13,168,56,True,2017
merger,880804,"PREMIERE GLOBAL SERVICES, INC.  (CIK 0000880804)",2015-10-26,2015-09-10,2015-12-09,90,44,True,2015
merger,881790,HF FINANCIAL CORP  (CIK 0000881790),2016-04-07,2016-04-07,2016-05-16,39,39,True,2016
merger,881890,ABAXIS INC  (CIK 0000881890),2018-06-27,2018-05-16,2018-07-31,76,34,True,2018
merger,882154,"POWERSECURE INTERNATIONAL, INC.  (CIK 0000882154)",2016-04-07,2016-02-24,2016-05-09,75,32,True,2016
tender,883293,VALASSIS COMMUNICATIONS INC  (CIK 0000883293),2014-01-06,2013-12-18,2014-02-05,49,30,True,2014
merger,883902,NCI BUILDING SYSTEMS INC  (CIK 0000883902),2018-10-17,2018-07-18,,,,False,2018
merger,883902,"Cornerstone Building Brands, Inc.  (CIK 0000883902)",2022-05-24,2022-03-07,2022-07-25,140,62,True,2022
merger,883945,USA TRUCK INC  (CIK 0000883945),2022-08-03,2022-05-03,2022-09-15,135,43,True,2022
tender,884731,ARIAD PHARMACEUTICALS INC  (CIK 0000884731),2017-01-19,2017-01-09,2017-02-16,38,28,True,2017
tender,885306,CYNOSURE INC  (CIK 0000885306),2017-02-22,2017-02-14,2017-03-22,36,28,True,2017
merger,886035,GENERAL CABLE CORP /DE/  (CIK 0000886035),2018-01-16,2017-12-04,2018-06-07,185,142,True,2018
tender,886125,ALCATEL LUCENT  (CIK 0000886125),2015-11-18,2015-11-18,2016-02-25,99,99,True,2015
merger,886137,FINISH LINE INC /IN/  (CIK 0000886137),2018-05-07,2018-03-26,2018-06-18,84,42,True,2018
merger,886475,"'mktg, inc.'  (CIK 0000886475)",2014-07-16,2014-06-27,2014-09-04,69,50,True,2014
merger,887226,PERCEPTRON INC/MI  (CIK 0000887226),2020-11-05,2020-09-28,2020-12-21,84,46,True,2020
merger,887247,Adamis Pharmaceuticals Corp  (DMKPQ)  (CIK 0000887247),2023-04-13,2023-02-27,2024-03-21,388,343,True,2023
merger,887730,KEMET CORP  (CIK 0000887730),2020-01-14,2019-11-12,2020-06-15,216,153,True,2020
tender,887969,MRV COMMUNICATIONS INC  (CIK 0000887969),2017-07-17,2017-05-19,2017-08-14,87,28,True,2017
merger,888228,KINDER MORGAN ENERGY PARTNERS L P  (CIK 0000888228),2014-10-22,2014-10-22,2014-11-28,37,37,True,2014
tender,888746,UNITED BREWERIES CO INC  (CCU)  (CIK 0000888746),2021-06-03,2021-05-18,,,,False,2021
merger,888919,HCC INSURANCE HOLDINGS INC/DE/  (CIK 0000888919),2015-08-20,2015-06-10,2015-10-27,139,68,True,2015
tender,889123,REDWOOD MORTGAGE INVESTORS VIII  (CIK 0000889123),2015-05-07,2015-05-07,,,,False,2015
tender,890264,EXA CORP  (CIK 0000890264),2017-10-12,2017-09-28,2017-11-17,50,36,True,2017
merger,890319,TAUBMAN CENTERS INC  (CIK 0000890319),2020-05-29,2020-02-10,2020-12-29,323,214,True,2020
tender,890465,NPS PHARMACEUTICALS INC  (CIK 0000890465),2015-01-23,2015-01-12,2015-02-23,42,31,True,2015
tender,890491,BARNES & NOBLE INC  (CIK 0000890491),2019-07-09,2019-06-07,2019-08-07,61,29,True,2019
tender,890908,DYNACQ HEALTHCARE INC  (CIK 0000890908),2014-03-18,2014-03-18,,,,False,2014
tender,890908,DYNACQ HEALTHCARE INC  (CIK 0000890908),2015-12-31,2015-12-31,,,,False,2015
merger,891024,"PATTERSON COMPANIES, INC.  (PDCO)  (CIK 0000891024)",2025-02-27,2024-12-11,2025-04-17,127,49,True,2025
merger,891106,STERLING FINANCIAL CORP /WA/  (CIK 0000891106),2014-01-22,2014-01-22,2014-04-21,89,89,True,2014
merger,891288,QUESTCOR PHARMACEUTICALS INC  (CIK 0000891288),2014-07-14,2014-07-14,2014-08-14,31,31,True,2014
tender,891293,CTI BIOPHARMA CORP  (CIK 0000891293),2023-05-25,2023-04-28,2023-06-26,59,32,True,2023
tender,892160,"DERMA SCIENCES, INC.  (CIK 0000892160)",2017-01-11,2017-01-11,2017-02-24,44,44,True,2017
merger,892222,"CRAFT BREW ALLIANCE, INC.  (CIK 0000892222)",2020-01-21,2019-11-12,2020-09-30,323,253,True,2020
tender,892482,Qumu Corp  (CIK 0000892482),2023-01-06,2022-12-19,2023-02-08,51,33,True,2023
merger,892537,MANTECH INTERNATIONAL CORP  (CIK 0000892537),2022-08-04,2022-05-16,2022-09-14,121,41,True,2022
merger,892553,"CHART INDUSTRIES INC  (GTLS, GTLS-PB)  (CIK 0000892553)",2025-09-08,2025-07-29,2025-12-15,139,98,True,2025
tender,892907,SPORT CHALET INC  (CIK 0000892907),2014-07-03,2014-07-01,2014-08-19,49,47,True,2014
merger,894081,"Air Transport Services Group, Inc.  (ATSG)  (CIK 0000894081)",2025-01-06,2024-11-04,2025-04-11,158,95,True,2025
tender,894237,COGENTIX MEDICAL INC /DE/  (CIK 0000894237),2018-03-26,2018-03-12,2018-04-23,42,28,True,2018
tender,895329,TUFCO TECHNOLOGIES INC  (CIK 0000895329),2014-01-09,2013-12-23,2014-02-24,63,46,True,2014
merger,895655,JARDEN CORP  (CIK 0000895655),2016-03-18,2016-03-18,2016-04-18,31,31,True,2016
merger,895930,AMSURG CORP  (CIK 0000895930),2016-10-21,2016-10-21,2016-12-01,41,41,True,2016
merger,896262,AMEDISYS INC  (AMED)  (CIK 0000896262),2023-08-10,2023-04-27,,,,False,2023
merger,896400,"MULTIMEDIA GAMES HOLDING COMPANY, INC.  (CIK 0000896400)",2014-10-22,2014-09-08,2014-12-19,102,58,True,2014
merger,896429,"CANTALOUPE, INC.  (CTLP, CTLPP)  (CIK 0000896429)",2025-07-24,2025-06-16,2026-05-08,326,288,True,2025
tender,896494,MAGAL SECURITY SYSTEMS LTD  (CIK 0000896494),2020-06-01,2020-06-01,,,,False,2020
merger,896841,"AVID TECHNOLOGY, INC.  (CIK 0000896841)",2023-09-15,2023-05-15,2023-11-07,176,53,True,2023
tender,897075,REPROS THERAPEUTICS INC.  (CIK 0000897075),2017-12-29,2017-12-13,2018-01-31,49,33,True,2017
tender,897322,GILAT SATELLITE NETWORKS LTD  (GILT)  (CIK 0000897322),2014-11-05,2014-09-18,,,,False,2014
merger,897429,"CHICO'S FAS, INC.  (CIK 0000897429)",2023-11-29,2023-09-28,2024-01-05,99,37,True,2023
tender,897893,PEERLESS SYSTEMS CORP  (CIK 0000897893),2015-01-16,2014-12-24,2015-02-12,50,27,True,2015
tender,898770,SHARPS COMPLIANCE CORP  (CIK 0000898770),2022-07-25,2022-07-12,2022-08-23,42,29,True,2022
merger,899723,OM GROUP INC  (CIK 0000899723),2015-07-10,2015-06-01,2015-10-28,149,110,True,2015
merger,899866,"ALEXION PHARMACEUTICALS, INC.  (CIK 0000899866)",2021-04-13,2021-04-13,2021-07-21,99,99,True,2021
merger,900349,"PERRY ELLIS INTERNATIONAL, INC  (CIK 0000900349)",2018-09-10,2018-05-18,2018-10-22,157,42,True,2018
tender,906193,KEY TECHNOLOGY INC  (CIK 0000906193),2018-02-08,2018-01-26,2018-03-20,53,40,True,2018
merger,906780,EMPIRE RESORTS INC  (CIK 0000906780),2019-10-11,2019-08-19,2019-11-15,88,35,True,2019
merger,907562,DYAX CORP  (CIK 0000907562),2015-12-14,2015-11-02,2016-01-22,81,39,True,2015
tender,907649,FX ENERGY INC  (CIK 0000907649),2015-10-27,2015-10-27,2015-12-31,65,65,True,2015
merger,909791,ULTRATECH INC  (CIK 0000909791),2017-04-24,2017-03-13,2017-05-26,74,32,True,2017
merger,909954,"KEURIG GREEN MOUNTAIN, INC.  (CIK 0000909954)",2016-01-12,2015-12-07,2016-03-03,87,51,True,2016
merger,910322,ASTORIA FINANCIAL CORP  (CIK 0000910322),2016-03-16,2016-03-16,2017-10-02,565,565,True,2016
merger,911148,CADUS CORP  (CIK 0000911148),2018-05-15,2018-01-22,2018-07-02,161,48,True,2018
tender,911326,SYNAGEVA BIOPHARMA CORP  (CIK 0000911326),2015-05-22,2015-05-06,2015-06-23,48,32,True,2015
merger,911421,PARTNERRE LTD  (PREJF)  (CIK 0000911421),2015-09-25,2015-07-13,2016-03-18,249,175,True,2015
merger,911635,ASSOCIATED ESTATES REALTY CORP  (CIK 0000911635),2015-06-15,2014-11-18,2015-08-07,262,53,True,2015
tender,912183,CUBIST PHARMACEUTICALS INC  (CIK 0000912183),2014-12-19,2014-12-08,2015-01-22,45,34,True,2014
merger,912463,GUESS INC  (GES)  (CIK 0000912463),2025-10-21,2025-08-20,2026-01-23,156,94,True,2025
tender,912505,ENEL AMERICAS S.A.  (CIK 0000912505),2021-03-26,2020-12-21,2022-06-10,536,441,True,2021
merger,912513,CYTEC INDUSTRIES INC/DE/  (CIK 0000912513),2015-10-23,2015-07-29,2015-12-09,133,47,True,2015
merger,912603,"RADIUS RECYCLING, INC.  (RDUS)  (CIK 0000912603)",2025-04-28,2024-12-16,2025-07-10,206,73,True,2025
merger,912833,WEST MARINE INC  (CIK 0000912833),2017-08-11,2017-04-21,2017-09-14,146,34,True,2017
merger,912898,GLIMCHER REALTY TRUST  (CIK 0000912898),2014-12-02,2014-09-16,2015-01-16,122,45,True,2014
tender,912958,"MILLICOM INTERNATIONAL CELLULAR SA  (TIGO, MLCMF)  (CIK 0000912958)",2024-07-15,2024-05-23,,,,False,2024
merger,913077,AFFYMETRIX INC  (CIK 0000913077),2016-02-24,2016-01-11,2016-03-31,80,36,True,2016
merger,913165,EXACTECH INC  (CIK 0000913165),2018-01-16,2017-10-23,2018-02-14,114,29,True,2018
merger,914025,PLANTRONICS INC /CA/  (CIK 0000914025),2022-05-17,2022-03-28,2022-08-29,154,104,True,2022
merger,914329,FEI CO  (CIK 0000914329),2016-07-27,2016-05-27,2016-09-20,116,55,True,2016
merger,914398,ELECSYS CORP  (CIK 0000914398),2014-12-23,2014-11-04,2015-01-22,79,30,True,2014
merger,914712,"Steel Connect, Inc.  (STCN)  (CIK 0000914712)",2022-08-23,2022-06-13,,,,False,2022
tender,915358,SIGMATRON INTERNATIONAL INC  (SGMA)  (CIK 0000915358),2025-06-26,2025-05-21,2025-07-28,68,32,True,2025
merger,915778,DSP GROUP INC /DE/  (CIK 0000915778),2021-10-25,2021-08-30,2021-12-02,94,38,True,2021
merger,915862,PANTRY INC  (CIK 0000915862),2015-02-05,2014-12-18,2015-03-16,88,39,True,2015
merger,916085,HEALTH NET INC  (CIK 0000916085),2015-09-21,2015-03-26,2016-03-24,364,185,True,2015
merger,916457,CALPINE CORP  (CIK 0000916457),2017-11-14,2017-08-18,2018-03-14,208,120,True,2017
merger,916529,AROTECH CORP  (CIK 0000916529),2019-11-04,2019-09-23,2019-12-19,87,45,True,2019
merger,916863,"INTEGRYS ENERGY GROUP, INC.  (CIK 0000916863)",2014-10-14,2014-03-27,2015-06-30,460,259,True,2014
merger,917491,FARO TECHNOLOGIES INC  (FARO)  (CIK 0000917491),2025-06-12,2025-05-06,2025-07-21,76,39,True,2025
merger,918160,AK STEEL HOLDING CORP  (CIK 0000918160),2020-02-04,2019-04-10,2020-03-13,338,38,True,2020
tender,918386,QLOGIC CORP  (CIK 0000918386),2016-07-13,2016-06-20,2016-08-16,57,34,True,2016
merger,918580,Gaming Partners International CORP  (CIK 0000918580),2019-02-05,2018-11-27,2019-05-01,155,85,True,2019
tender,919721,TRANS ENERGY INC  (CIK 0000919721),2016-11-02,2016-10-25,2016-12-05,41,33,True,2016
merger,919745,"DARA BioSciences, Inc.  (CIK 0000919745)",2015-10-22,2015-06-04,2015-12-04,183,43,True,2015
merger,919956,"Diversicare Healthcare Services, Inc.  (CIK 0000919956)",2021-10-20,2021-10-06,2021-11-22,47,33,True,2021
tender,920033,BANK JOS A CLOTHIERS INC /DE/  (CIK 0000920033),2014-01-17,2013-06-07,2014-06-18,376,152,True,2014
merger,920424,"INVESTMENT TECHNOLOGY GROUP, INC.  (CIK 0000920424)",2018-12-14,2018-11-07,2019-03-01,114,77,True,2018
tender,920465,LA JOLLA PHARMACEUTICAL CO  (CIK 0000920465),2022-07-25,2022-07-11,2022-08-22,42,28,True,2022
merger,920760,"LENNAR CORP /NEW/  (LEN, LEN-B)  (CIK 0000920760)",2018-01-05,2018-01-05,,,,False,2018
merger,921114,AmpliPhi Biosciences Corp  (ARMP)  (CIK 0000921114),2019-04-04,2019-01-04,,,,False,2019
merger,921183,HMN FINANCIAL INC  (HMNF)  (CIK 0000921183),2024-08-01,2024-08-01,2024-10-10,70,70,True,2024
tender,921503,BLYTH INC  (CIK 0000921503),2015-09-15,2015-08-31,2015-10-15,45,30,True,2015
merger,921547,HERITAGE OAKS BANCORP  (CIK 0000921547),2017-02-28,2017-02-28,2017-03-31,31,31,True,2017
merger,921590,VALLEY FINANCIAL CORP /VA/  (CIK 0000921590),2015-04-16,2015-04-16,2015-07-01,76,76,True,2015
tender,921768,BBX CAPITAL CORP  (CIK 0000921768),2015-03-17,2015-03-17,2016-12-16,640,640,True,2015
merger,921768,BBX CAPITAL CORP  (CIK 0000921768),2016-11-09,2016-11-09,2016-12-16,37,37,True,2016
merger,922717,CHINDEX INTERNATIONAL INC  (CIK 0000922717),2014-08-07,2014-05-15,2014-09-30,138,54,True,2014
merger,922863,QUALITY DISTRIBUTION INC  (CIK 0000922863),2015-07-16,2015-05-07,2015-08-18,103,33,True,2015
merger,923118,HOME PROPERTIES INC  (CIK 0000923118),2015-08-27,2015-06-22,2015-10-08,108,42,True,2015
merger,923284,INLAND REAL ESTATE CORP  (CIK 0000923284),2016-02-18,2015-12-15,2016-03-31,107,42,True,2016
merger,923571,US XPRESS ENTERPRISES INC  (CIK 0000923571),2023-05-24,2023-03-21,2023-07-03,104,40,True,2023
merger,924717,SURMODICS INC  (SRDX)  (CIK 0000924717),2024-07-08,2024-05-29,2025-11-19,539,499,True,2024
merger,925645,CENTRAL EUROPEAN MEDIA ENTERPRISES LTD  (CIK 0000925645),2020-01-10,2019-12-06,2020-10-13,312,277,True,2020
tender,926864,ENEL GENERACION CHILE S.A.  (CIK 0000926864),2017-08-29,2017-08-28,2018-12-31,490,489,True,2017
merger,927355,TESSCO TECHNOLOGIES INC  (CIK 0000927355),2023-06-08,2023-05-23,2023-07-17,55,39,True,2023
merger,928421,MATTSON TECHNOLOGY INC  (CIK 0000928421),2016-02-17,2015-12-02,2016-05-11,161,84,True,2016
merger,929545,"CONDOR HOSPITALITY TRUST, INC.  (CIK 0000929545)",2019-08-28,2019-07-22,,,,False,2019
merger,929887,APOLLO EDUCATION GROUP INC  (CIK 0000929887),2016-03-23,2016-02-08,2017-02-01,359,315,True,2016
merger,929940,ASPEN TECHNOLOGY INC /DE/  (CIK 0000929940),2022-04-18,2021-10-28,2022-05-16,200,28,True,2022
tender,931148,GRAFTECH INTERNATIONAL LTD  (EAF)  (CIK 0000931148),2015-05-26,2015-04-10,2015-08-17,129,83,True,2015
tender,931427,GAS TRANSPORTER OF THE SOUTH INC  (TGS)  (CIK 0000931427),2017-01-13,2016-12-27,,,,False,2017
merger,931584,UNIVERSAL STAINLESS & ALLOY PRODUCTS INC  (USAP)  (CIK 0000931584),2024-11-27,2024-10-17,2025-01-23,98,57,True,2024
merger,931948,STILLWATER MINING CO /DE/  (CIK 0000931948),2017-03-23,2016-12-09,2017-04-28,140,36,True,2017
merger,932111,MICREL INC  (CIK 0000932111),2015-07-06,2015-07-06,2015-07-30,24,24,True,2015
merger,932628,AMERIGAS PARTNERS LP  (CIK 0000932628),2019-07-12,2019-07-12,2019-08-22,41,41,True,2019
merger,933036,RENT A CENTER INC DE  (UPBD)  (CIK 0000933036),2018-08-15,2018-04-24,,,,False,2018
merger,933136,Mr. Cooper Group Inc.  (COOP)  (CIK 0000933136),2025-07-31,2025-04-10,2025-10-01,174,62,True,2025
merger,933590,"Your Community Bankshares, Inc.  (CIK 0000933590)",2016-07-19,2016-05-03,2016-09-12,132,55,True,2016
merger,934448,"Digital Generation, Inc.  (CIK 0000934448)",2014-01-13,2013-11-22,2014-02-07,77,25,True,2014
merger,934473,GENVEC INC  (CIK 0000934473),2017-05-12,2017-01-24,2017-06-16,143,35,True,2017
merger,934547,BANK OF KENTUCKY FINANCIAL CORP  (CIK 0000934547),2014-12-04,2014-12-04,2015-06-19,197,197,True,2014
tender,934648,SPEEDWAY MOTORSPORTS INC  (CIK 0000934648),2019-08-16,2019-07-24,2019-09-18,56,33,True,2019
merger,935494,NATIONAL INSTRUMENTS CORP  (CIK 0000935494),2023-05-25,2023-03-27,2023-10-11,198,139,True,2023
merger,937941,"PCM, INC.  (CIK 0000937941)",2019-07-26,2019-06-24,2019-08-30,67,35,True,2019
tender,940332,ANADIGICS INC  (CIK 0000940332),2015-11-12,2015-11-12,2016-03-15,124,124,True,2015
merger,941138,UNS Energy Corp  (CIK 0000941138),2014-02-18,2014-02-03,2014-08-18,196,181,True,2014
merger,941548,CAMERON INTERNATIONAL CORP  (CIK 0000941548),2015-11-17,2015-03-27,2016-04-04,374,139,True,2015
tender,941604,OUTERWALL INC  (CIK 0000941604),2016-08-05,2016-07-25,2016-09-27,64,53,True,2016
tender,943861,GOODRICH PETROLEUM CORP  (CIK 0000943861),2021-11-29,2021-11-22,2021-12-23,31,24,True,2021
merger,944480,GSE SYSTEMS INC  (GVP)  (CIK 0000944480),2024-09-16,2024-09-04,2024-11-01,58,46,True,2024
tender,944508,"INVENTURE FOODS, INC.  (CIK 0000944508)",2017-11-15,2017-10-26,2017-12-14,49,29,True,2017
tender,944747,PORTUGAL TELECOM SGPS SA  (CIK 0000944747),2014-11-10,2014-11-10,2015-03-19,129,129,True,2014
merger,944765,MERGE HEALTHCARE INC  (CIK 0000944765),2015-09-11,2015-05-08,2015-10-13,158,32,True,2015
merger,945699,IXYS CORP /DE/  (CIK 0000945699),2017-12-13,2017-12-13,2018-01-17,35,35,True,2017
merger,945764,DENBURY INC  (CIK 0000945764),2023-09-29,2023-04-18,2023-11-02,198,34,True,2023
merger,945989,ASTEA INTERNATIONAL INC  (CIK 0000945989),2019-11-14,2019-10-08,2019-12-20,73,36,True,2019
merger,946823,VITRAN CORP INC  (CIK 0000946823),2014-02-04,2014-01-16,2014-03-27,70,51,True,2014
merger,948072,BIRNER DENTAL MANAGEMENT SERVICES INC  (CIK 0000948072),2018-11-19,2018-10-03,2019-01-14,103,56,True,2018
merger,949039,"DIAMOND OFFSHORE DRILLING, INC.  (DO, DODRW)  (CIK 0000949039)",2024-07-25,2024-03-28,2024-09-04,160,41,True,2024
merger,949156,MEADOWBROOK INSURANCE GROUP INC  (CIK 0000949156),2015-03-25,2014-12-30,2015-07-08,190,105,True,2015
merger,949158,CRAY INC  (CIK 0000949158),2019-06-25,2019-04-18,2019-09-25,160,92,True,2019
tender,949373,EINSTEIN NOAH RESTAURANT GROUP INC  (CIK 0000949373),2014-10-06,2014-09-29,2014-11-05,37,30,True,2014
tender,949699,PHARMACYCLICS INC  (CIK 0000949699),2015-03-23,2015-03-05,2015-05-26,82,64,True,2015
tender,949961,INCOME OPPORTUNITY REALTY INVESTORS INC /TX/  (IOR)  (CIK 0000949961),2024-12-16,2024-12-16,,,,False,2024
merger,1000180,SANDISK CORP  (CIK 0001000180),2016-02-05,2015-04-27,2016-05-12,381,97,True,2016
merger,1000232,KENTUCKY BANCSHARES INC /KY/  (CIK 0001000232),2021-04-09,2021-04-09,2021-06-09,61,61,True,2021
tender,1001258,ASTA FUNDING INC  (CIK 0001001258),2016-04-01,2016-03-15,,,,False,2016
merger,1001258,ASTA FUNDING INC  (CIK 0001001258),2020-08-25,2020-04-09,2020-09-29,173,35,True,2020
merger,1001288,LEXMARK INTERNATIONAL INC /KY/  (CIK 0001001288),2016-06-17,2016-04-20,2016-11-29,223,165,True,2016
merger,1001426,PERICOM SEMICONDUCTOR CORP  (CIK 0001001426),2015-10-30,2015-09-03,2015-11-25,83,26,True,2015
merger,1001606,BLOUNT INTERNATIONAL INC  (CIK 0001001606),2016-03-09,2015-12-10,2016-04-12,124,34,True,2016
tender,1001614,TENGASCO INC  (REPX)  (CIK 0001001614),2015-07-13,2015-07-13,,,,False,2015
tender,1001902,INTEVAC INC  (IVAC)  (CIK 0001001902),2025-03-03,2025-02-13,2025-03-31,46,28,True,2025
merger,1002225,ADVENT SOFTWARE INC /DE/  (CIK 0001002225),2015-03-03,2015-02-03,2015-07-08,155,127,True,2015
tender,1002388,"ACCELRYS, INC.  (CIK 0001002388)",2014-02-13,2014-01-30,2014-04-29,89,75,True,2014
merger,1002517,"Nuance Communications, Inc.  (CIK 0001002517)",2021-05-17,2021-04-12,2022-03-04,326,291,True,2021
merger,1003130,LCA VISION INC  (CIK 0001003130),2014-03-24,2014-02-13,2014-05-12,88,49,True,2014
merger,1003201,"MMA Capital Holdings, Inc.  (CIK 0001003201)",2021-07-13,2021-07-02,2021-08-13,42,31,True,2021
tender,1003214,SILICON IMAGE INC  (CIK 0001003214),2015-02-09,2015-01-27,2015-03-10,42,29,True,2015
merger,1003344,HEADWATERS INC  (CIK 0001003344),2016-12-29,2016-11-21,2017-05-08,168,130,True,2016
merger,1003950,PERFORMANCE TECHNOLOGIES INC \DE\  (CIK 0001003950),2014-01-15,2013-12-31,2014-02-19,50,35,True,2014
tender,1004673,Entertainment Gaming Asia Inc.  (CIK 0001004673),2017-05-19,2017-05-19,2017-06-21,33,33,True,2017
tender,1004724,"REGIONAL HEALTH PROPERTIES, INC  (RHEP, RHEPA, RHEPB)  (CIK 0001004724)",2025-08-01,2025-08-01,,,,False,2025
merger,1004989,"SPAR Group, Inc.  (SGRP)  (CIK 0001004989)",2024-10-02,2024-09-03,,,,False,2024
merger,1005010,ARTHROCARE CORP  (CIK 0001005010),2014-04-03,2014-02-03,2014-05-29,115,56,True,2014
tender,1005201,DEPOMED INC  (CIK 0001005201),2015-09-14,2015-08-03,,,,False,2015
merger,1005699,MAGICJACK VOCALTEC LTD  (CIK 0001005699),2018-02-08,2017-11-20,2018-11-14,359,279,True,2018
merger,1005757,CSG SYSTEMS INTERNATIONAL INC  (CSGS)  (CIK 0001005757),2025-12-16,2025-10-29,2026-05-14,197,149,True,2025
merger,1006424,"BEAR STATE FINANCIAL, INC.  (CIK 0001006424)",2017-10-05,2017-08-25,2018-04-20,238,197,True,2017
merger,1007330,"PRGX GLOBAL, INC.  (CIK 0001007330)",2021-01-29,2020-12-28,2021-03-04,66,34,True,2021
merger,1008586,STREAMLINE HEALTH SOLUTIONS INC.  (STRM)  (CIK 0001008586),2025-07-10,2025-05-29,2025-08-12,75,33,True,2025
tender,1008817,SAPIENT CORP  (CIK 0001008817),2014-11-12,2014-11-03,2015-02-06,95,86,True,2014
tender,1009356,SALIX PHARMACEUTICALS LTD  (CIK 0001009356),2015-03-06,2015-02-23,2015-04-01,37,26,True,2015
merger,1009626,BROCADE COMMUNICATIONS SYSTEMS INC  (CIK 0001009626),2016-12-20,2016-11-02,2017-11-17,380,332,True,2016
merger,1009976,COMMERCIAL BANCSHARES INC \OH\  (CIK 0001009976),2016-12-23,2016-08-24,2017-02-27,187,66,True,2016
merger,1010552,POLYCOM INC  (CIK 0001010552),2016-06-24,2016-04-15,2016-09-27,165,95,True,2016
merger,1010612,SYKES ENTERPRISES INC  (CIK 0001010612),2021-07-26,2021-06-21,2021-08-27,67,32,True,2021
merger,1010858,FAIRMOUNT SANTROL HOLDINGS INC.  (CIK 0001010858),2018-04-26,2018-04-26,2018-06-01,36,36,True,2018
merger,1011174,BRE PROPERTIES INC /MD/  (CIK 0001011174),2014-02-14,2014-02-14,2014-02-25,11,11,True,2014
merger,1011432,"CYNERGISTEK, INC  (CIK 0001011432)",2022-07-25,2022-05-23,2022-09-01,101,38,True,2022
merger,1011570,KNOLL INC  (CIK 0001011570),2021-06-11,2021-06-11,2021-07-20,39,39,True,2021
tender,1011835,"MEDIVATION, INC.  (CIK 0001011835)",2016-08-30,2016-04-28,2016-09-28,153,29,True,2016
merger,1012477,AVADEL PHARMACEUTICALS PLC  (AVDL)  (CIK 0001012477),2025-12-03,2025-10-22,2026-02-12,113,71,True,2025
merger,1012620,GENESEE & WYOMING INC  (CIK 0001012620),2019-08-20,2019-04-08,2019-12-30,266,132,True,2019
merger,1012771,FBL FINANCIAL GROUP INC  (CIK 0001012771),2021-03-17,2021-01-11,2021-05-27,136,71,True,2021
merger,1013272,NORWOOD FINANCIAL CORP  (NWFL)  (CIK 0001013272),2020-04-21,2020-04-21,,,,False,2020
merger,1013462,ANSYS INC  (ANSS)  (CIK 0001013462),2024-04-17,2024-04-10,2025-07-17,463,456,True,2024
merger,1015780,E TRADE FINANCIAL CORP  (CIK 0001015780),2020-06-12,2020-03-24,2020-10-02,192,112,True,2020
tender,1015820,QIAGEN N.V.  (QGEN)  (CIK 0001015820),2020-05-18,2020-03-03,,,,False,2020
merger,1016125,ULTIMATE SOFTWARE GROUP INC  (CIK 0001016125),2019-03-26,2019-03-11,2019-05-03,53,38,True,2019
tender,1016169,"ANTARES PHARMA, INC.  (CIK 0001016169)",2022-04-26,2022-04-13,2022-05-24,41,28,True,2022
merger,1017480,HIBBETT INC  (CIK 0001017480),2024-06-13,2024-04-23,2024-07-25,93,42,True,2024
tender,1017673,DOVER MOTORSPORTS INC  (CIK 0001017673),2021-11-23,2021-11-09,2021-12-22,43,29,True,2021
merger,1018003,INGRAM MICRO INC  (CIK 0001018003),2016-05-19,2016-02-17,2016-12-06,293,201,True,2016
merger,1018946,STEINER LEISURE Ltd  (CIK 0001018946),2015-10-21,2015-08-21,2015-12-09,110,49,True,2015
tender,1019272,EMPIRE RESOURCES INC /NEW/  (CIK 0001019272),2017-04-07,2017-03-31,2017-05-08,38,31,True,2017
merger,1019361,ROFIN SINAR TECHNOLOGIES INC  (CIK 0001019361),2016-05-25,2016-01-06,2016-11-07,306,166,True,2016
tender,1019695,ARQULE INC  (CIK 0001019695),2019-12-17,2019-12-09,2020-01-16,38,30,True,2019
merger,1019737,NAVIGANT CONSULTING INC  (CIK 0001019737),2019-09-12,2019-08-02,2019-10-11,70,29,True,2019
tender,1020416,"MONSTER WORLDWIDE, INC.  (CIK 0001020416)",2016-08-19,2016-08-09,2016-11-01,84,74,True,2016
merger,1021162,TRIUMPH GROUP INC  (TGI)  (CIK 0001021162),2025-03-19,2025-02-03,2025-07-25,172,128,True,2025
tender,1021270,"BBQ HOLDINGS, INC.  (CIK 0001021270)",2022-08-09,2022-08-09,2022-09-27,49,49,True,2022
merger,1021604,ON TRACK INNOVATIONS LTD  (CIK 0001021604),2022-04-05,2022-03-17,2022-06-09,84,65,True,2022
tender,1022225,OPLINK COMMUNICATIONS INC  (CIK 0001022225),2014-11-24,2014-08-04,2014-12-23,141,29,True,2014
merger,1023131,COVANCE INC  (CIK 0001023131),2015-01-16,2015-01-16,2015-02-19,34,34,True,2015
tender,1023298,alpha-En Corp  (CIK 0001023298),2022-03-25,2022-03-25,,,,False,2022
tender,1023364,"AutoWeb, Inc.  (CIK 0001023364)",2022-07-25,2022-07-25,2022-08-31,37,37,True,2022
tender,1023844,NATIONAL HOLDINGS CORP  (CIK 0001023844),2016-04-28,2016-04-28,,,,False,2016
tender,1023844,NATIONAL HOLDINGS CORP  (CIK 0001023844),2021-01-11,2021-01-11,2021-02-25,45,45,True,2021
merger,1023860,STEWARDSHIP FINANCIAL CORP  (CIK 0001023860),2019-08-19,2019-07-08,2019-10-31,115,73,True,2019
tender,1024305,COTY INC.  (COTY)  (CIK 0001024305),2019-02-27,2019-02-12,,,,False,2019
merger,1024657,WEST CORP  (CIK 0001024657),2017-06-27,2017-04-06,2017-10-10,187,105,True,2017
merger,1024725,TENNECO INC  (CIK 0001024725),2022-04-26,2022-02-23,2022-11-17,267,205,True,2022
merger,1025536,TAYLOR CAPITAL GROUP INC  (CIK 0001025536),2014-01-15,2014-01-15,2014-08-18,215,215,True,2014
merger,1027207,EPIQ SYSTEMS INC  (CIK 0001027207),2016-08-24,2016-07-27,2016-09-30,65,37,True,2016
tender,1027884,CHICAGO BRIDGE & IRON CO N V  (CIK 0001027884),2018-03-29,2018-02-12,2018-05-11,88,43,True,2018
merger,1029730,LADENBURG THALMANN FINANCIAL SERVICES INC.  (CIK 0001029730),2019-12-26,2019-11-12,2020-02-14,94,50,True,2019
merger,1030206,VASCULAR SOLUTIONS INC  (CIK 0001030206),2017-01-18,2016-12-02,2017-02-17,77,30,True,2017
tender,1031029,"Startek, Inc.  (CIK 0001031029)",2022-12-06,2022-10-12,2024-01-05,450,395,True,2022
merger,1031623,GULF ISLAND FABRICATION INC  (GIFI)  (CIK 0001031623),2025-12-03,2025-11-07,2026-01-16,70,44,True,2025
merger,1033905,LUMINEX CORP  (CIK 0001033905),2021-05-20,2021-03-31,2021-07-14,105,55,True,2021
merger,1035748,CALLIDUS SOFTWARE INC  (CIK 0001035748),2018-02-22,2018-01-30,2018-04-05,65,42,True,2018
merger,1035976,"FNCB Bancorp, Inc.  (CIK 0001035976)",2024-01-24,2024-01-24,2024-07-01,159,159,True,2024
merger,1036188,QAD INC  (CIK 0001036188),2021-09-09,2021-05-04,2021-11-05,185,57,True,2021
merger,1036848,AEROCENTURY CORP  (MPU)  (CIK 0001036848),2018-07-27,2018-06-11,,,,False,2018
tender,1036960,FAIRCHILD SEMICONDUCTOR INTERNATIONAL INC  (CIK 0001036960),2015-12-04,2015-11-18,2016-09-19,306,290,True,2015
merger,1037390,"INDUS REALTY TRUST, INC.  (CIK 0001037390)",2023-04-14,2023-02-22,2023-06-29,127,76,True,2023
merger,1037760,CEPHEID  (CIK 0001037760),2016-10-07,2016-09-06,2016-11-07,62,31,True,2016
merger,1038133,HESKA CORP  (CIK 0001038133),2023-05-08,2023-03-21,2023-06-13,84,36,True,2023
tender,1038222,"Reis, Inc.  (CIK 0001038222)",2018-09-13,2018-08-30,2018-10-15,46,32,True,2018
merger,1039828,"AMERICAN EQUITY INVESTMENT LIFE HOLDING CO  (ANG-PA, ANG-PB)  (CIK 0001039828)",2023-10-11,2023-04-28,2024-05-03,371,205,True,2023
merger,1040426,SYNTEL INC  (CIK 0001040426),2018-08-28,2018-04-27,2018-10-09,165,42,True,2018
tender,1041379,"POPEYES LOUISIANA KITCHEN, INC.  (CIK 0001041379)",2017-02-27,2017-02-21,2017-03-27,34,28,True,2017
merger,1041550,HOPFED BANCORP INC  (CIK 0001041550),2019-06-17,2019-01-09,2019-07-29,201,42,True,2019
merger,1041577,ATMI INC  (CIK 0001041577),2014-03-12,2014-02-04,2014-04-30,85,49,True,2014
tender,1042074,"CymaBay Therapeutics, Inc.  (CIK 0001042074)",2024-02-23,2024-02-12,2024-03-22,39,28,True,2024
tender,1042783,DOT HILL SYSTEMS CORP  (CIK 0001042783),2015-09-01,2015-08-19,2015-10-06,48,35,True,2015
merger,1043604,JUNIPER NETWORKS INC  (JNPR)  (CIK 0001043604),2024-02-26,2024-01-10,2025-07-02,539,492,True,2024
tender,1044896,Industrias Bachoco S.A.B. de C.V.  (CIK 0001044896),2022-03-25,2022-03-25,2023-04-13,384,384,True,2022
merger,1045309,W R GRACE & CO  (CIK 0001045309),2021-08-10,2021-04-26,2021-09-22,149,43,True,2021
merger,1046203,GUARANTY FEDERAL BANCSHARES INC  (CIK 0001046203),2022-02-09,2022-02-09,2022-03-31,50,50,True,2022
merger,1046327,REALNETWORKS INC  (CIK 0001046327),2022-11-07,2022-07-28,2022-12-22,147,45,True,2022
merger,1046859,"REMY INTERNATIONAL, INC.  (CIK 0001046859)",2015-08-18,2015-04-30,2015-11-10,194,84,True,2015
merger,1046995,EMAGIN CORP  (CIK 0001046995),2023-07-20,2023-05-17,2023-10-18,154,90,True,2023
merger,1047170,EASTERN VIRGINIA BANKSHARES INC  (CIK 0001047170),2017-05-12,2016-12-13,2017-06-23,192,42,True,2017
merger,1049782,BROOKLINE BANCORP INC  (BRKL)  (CIK 0001049782),2025-04-08,2024-12-16,2025-09-02,260,147,True,2025
merger,1050007,NUTRACEUTICAL INTERNATIONAL CORP  (CIK 0001050007),2017-07-24,2017-05-22,2017-08-23,93,30,True,2017
merger,1050825,STEELCASE INC  (SCS)  (CIK 0001050825),2025-11-05,2025-05-28,2025-12-10,196,35,True,2025
merger,1051343,COMMUNITY WEST BANCSHARES /  (CIK 0001051343),2024-01-02,2023-10-11,2024-03-28,169,86,True,2024
merger,1051771,BELK INC  (CIK 0001051771),2015-10-02,2015-08-24,2015-12-10,108,69,True,2015
merger,1052100,WADDELL & REED FINANCIAL INC  (CIK 0001052100),2021-02-17,2020-12-02,2021-05-03,152,75,True,2021
merger,1052595,Red Lion Hotels CORP  (CIK 0001052595),2021-02-09,2020-12-31,2021-03-18,77,37,True,2021
tender,1053374,IPASS INC  (CIK 0001053374),2018-12-04,2018-04-30,2019-02-13,289,71,True,2018
merger,1053532,LaSalle Hotel Properties  (CIK 0001053532),2018-07-30,2018-03-22,2018-12-03,256,126,True,2018
merger,1053584,MACATAWA BANK CORP  (CIK 0001053584),2024-06-18,2024-04-15,2024-08-01,108,44,True,2024
merger,1053650,OMEGA PROTEIN CORP  (CIK 0001053650),2017-11-24,2017-10-06,2017-12-20,75,26,True,2017
merger,1054374,BROADCOM CORP  (CIK 0001054374),2015-09-28,2015-03-27,2016-02-01,311,126,True,2015
merger,1054579,HASTINGS ENTERTAINMENT INC  (CIK 0001054579),2014-06-16,2014-03-18,2014-07-15,119,29,True,2014
tender,1054721,BSQUARE CORP /WA  (CIK 0001054721),2023-10-11,2023-10-11,2023-12-07,57,57,True,2023
merger,1056923,DATALINK CORP  (CIK 0001056923),2016-11-29,2016-11-07,2017-01-06,60,38,True,2016
merger,1057083,PC TEL INC  (CIK 0001057083),2023-11-09,2023-10-16,2023-12-15,60,36,True,2023
merger,1057436,"STRATEGIC HOTELS & RESORTS, INC  (CIK 0001057436)",2015-10-20,2015-09-08,2015-12-14,97,55,True,2015
merger,1057758,tw telecom inc.  (CIK 0001057758),2014-09-26,2014-07-18,2014-10-31,105,35,True,2014
merger,1058057,MARVELL TECHNOLOGY GROUP LTD  (CIK 0001058057),2021-03-11,2020-07-13,2021-04-21,282,41,True,2021
merger,1058299,LIONBRIDGE TECHNOLOGIES INC /DE/  (CIK 0001058299),2017-01-31,2016-12-12,2017-02-28,78,28,True,2017
merger,1059262,SP Plus Corp  (CRLKP)  (CIK 0001059262),2024-01-10,2023-10-05,2024-05-16,224,127,True,2024
merger,1059562,LMI AEROSPACE INC  (CIK 0001059562),2017-04-24,2017-02-17,2017-06-27,130,64,True,2017
merger,1060009,"KINDRED HEALTHCARE, INC  (CIK 0001060009)",2018-02-21,2017-12-19,2018-07-02,195,131,True,2018
merger,1060523,CARDINAL FINANCIAL CORP  (CIK 0001060523),2017-03-02,2016-08-18,2017-04-21,246,50,True,2017
merger,1060736,Seagen Inc.  (CIK 0001060736),2023-04-24,2023-03-13,2023-12-14,276,234,True,2023
merger,1062047,CONVERGYS CORP  (CIK 0001062047),2018-08-28,2018-03-30,2018-10-05,189,38,True,2018
merger,1062292,XO GROUP INC.  (CIK 0001062292),2018-11-13,2018-09-25,2018-12-21,87,38,True,2018
merger,1062438,PULASKI FINANCIAL CORP  (CIK 0001062438),2016-02-04,2016-02-04,2016-04-29,85,85,True,2016
merger,1062449,BUFFALO WILD WINGS INC  (CIK 0001062449),2017-12-28,2017-11-28,2018-02-05,69,39,True,2017
tender,1062478,ACTUATE CORP  (CIK 0001062478),2014-12-16,2014-12-05,2015-01-16,42,31,True,2014
merger,1062530,DIGITAL RIVER INC /DE  (CIK 0001062530),2015-01-08,2014-10-24,2015-02-12,111,35,True,2015
merger,1062613,FAIRPOINT COMMUNICATIONS INC  (CIK 0001062613),2017-02-27,2017-02-27,2017-07-03,126,126,True,2017
merger,1063344,HERSHA HOSPITALITY TRUST  (CIK 0001063344),2023-10-03,2023-08-28,2023-11-28,92,56,True,2023
merger,1063665,CORGENIX MEDICAL CORP/CO  (CIK 0001063665),2014-10-21,2014-08-28,2015-03-11,195,141,True,2014
merger,1065087,ALBANY MOLECULAR RESEARCH INC  (CIK 0001065087),2017-07-14,2017-06-06,2017-08-31,86,48,True,2017
merger,1065332,NIC INC  (CIK 0001065332),2021-03-17,2021-02-10,2021-04-21,70,35,True,2021
merger,1066026,CONCUR TECHNOLOGIES INC  (CIK 0001066026),2014-10-14,2014-09-19,2014-12-04,76,51,True,2014
merger,1066605,HEIDRICK & STRUGGLES INTERNATIONAL INC  (HSII)  (CIK 0001066605),2025-11-03,2025-10-06,2025-12-10,65,37,True,2025
merger,1068851,PROSPERITY BANCSHARES INC  (PB)  (CIK 0001068851),2019-09-17,2019-09-17,,,,False,2019
merger,1068875,"AVANTAX, INC.  (CIK 0001068875)",2023-10-16,2023-09-11,2023-11-27,77,42,True,2023
merger,1070154,STERLING BANCORP  (CIK 0001070154),2015-04-01,2015-04-01,,,,False,2015
merger,1070336,ACHILLION PHARMACEUTICALS INC  (CIK 0001070336),2019-11-21,2019-10-16,2020-01-28,104,68,True,2019
tender,1070698,Raptor Pharmaceutical Corp  (CIK 0001070698),2016-09-26,2016-09-12,2016-10-25,43,29,True,2016
merger,1071264,JACKSONVILLE BANCORP INC /FL/  (CIK 0001071264),2016-02-04,2016-02-04,2016-03-11,36,36,True,2016
merger,1071625,DOVER SADDLERY INC  (CIK 0001071625),2015-05-04,2015-04-14,2015-07-01,78,58,True,2015
merger,1073349,BOTTOMLINE TECHNOLOGIES INC  (CIK 0001073349),2022-02-02,2021-12-17,2022-05-13,147,100,True,2022
merger,1073429,"U.S. CONCRETE, INC.  (CIK 0001073429)",2021-07-13,2021-03-31,2021-08-26,148,44,True,2021
merger,1075607,TC PIPELINES LP  (CIK 0001075607),2021-01-26,2021-01-26,2021-03-03,36,36,True,2021
merger,1076195,"LIFE TIME FITNESS, INC.  (CIK 0001076195)",2015-04-30,2015-03-16,2015-06-15,91,46,True,2015
tender,1076481,SEQUENOM INC  (CIK 0001076481),2016-08-09,2016-07-27,2016-09-07,42,29,True,2016
tender,1077618,OPTIBASE LTD  (CIK 0001077618),2021-12-02,2021-12-02,2022-03-25,113,113,True,2021
merger,1078099,"Meet Group, Inc.  (CIK 0001078099)",2020-04-22,2020-03-05,2020-09-04,183,135,True,2020
merger,1079577,STANCORP FINANCIAL GROUP INC  (CIK 0001079577),2015-09-21,2015-07-24,2016-03-08,228,169,True,2015
merger,1080034,"CONVERSANT, INC.  (CIK 0001080034)",2014-11-04,2014-03-28,2014-12-10,257,36,True,2014
merger,1080099,INFORMATICA CORP  (CIK 0001080099),2015-05-18,2015-04-07,2015-08-06,121,80,True,2015
tender,1080657,"Presidio Property Trust, Inc.  (SQFT, SQFTP, SQFTW)  (CIK 0001080657)",2018-06-13,2018-04-13,,,,False,2018
merger,1080709,ARENA PHARMACEUTICALS INC  (CIK 0001080709),2022-01-03,2021-12-13,2022-03-11,88,67,True,2022
tender,1082038,DURECT CORP  (DRRX)  (CIK 0001082038),2025-08-12,2025-07-29,2025-09-11,44,30,True,2025
merger,1082510,UIL HOLDINGS CORP  (CIK 0001082510),2015-11-12,2015-04-01,2015-12-17,260,35,True,2015
merger,1082526,SCIQUEST INC  (CIK 0001082526),2016-06-27,2016-03-14,2016-07-28,136,31,True,2016
merger,1082754,TEAM HEALTH HOLDINGS INC.  (CIK 0001082754),2016-12-12,2016-10-31,2017-02-07,99,57,True,2016
merger,1082923,STAMPS.COM INC  (CIK 0001082923),2021-08-30,2021-07-09,2021-10-05,88,36,True,2021
merger,1083689,SOUTHCOAST FINANCIAL CORP  (CIK 0001083689),2015-12-23,2015-11-17,2016-06-16,212,176,True,2015
tender,1084201,SINOVAC BIOTECH LTD  (SVA)  (CIK 0001084201),2023-09-05,2023-09-05,,,,False,2023
tender,1084577,CYREN Ltd.  (CIK 0001084577),2017-11-20,2017-11-07,,,,False,2017
tender,1084817,RESPONSYS INC  (CIK 0001084817),2014-01-08,2013-12-20,2014-02-06,48,29,True,2014
merger,1085280,TIBCO SOFTWARE INC  (CIK 0001085280),2014-10-29,2014-09-29,2014-12-05,67,37,True,2014
merger,1085621,Actua Corp  (CIK 0001085621),2017-11-07,2017-10-17,2018-01-29,104,83,True,2017
merger,1085706,"METRO BANCORP, INC.  (CIK 0001085706)",2015-11-25,2015-11-25,2016-02-12,79,79,True,2015
tender,1085770,MOVE INC  (CIK 0001085770),2014-10-15,2014-09-30,2014-11-14,45,30,True,2014
merger,1085869,PERFICIENT INC  (PRFT)  (CIK 0001085869),2024-06-26,2024-04-17,2024-10-02,168,98,True,2024
merger,1086909,"BROADSOFT, INC.  (CIK 0001086909)",2017-12-13,2017-10-23,2018-02-02,102,51,True,2017
merger,1087423,RED HAT INC  (CIK 0001087423),2018-12-12,2018-10-29,2019-07-09,253,209,True,2018
tender,1087432,INTERMUNE INC  (CIK 0001087432),2014-08-29,2014-08-25,2014-09-29,35,31,True,2014
merger,1087934,"inContact, Inc.  (CIK 0001087934)",2016-07-12,2016-04-27,2016-11-14,201,125,True,2016
tender,1089143,COLLECTORS UNIVERSE INC  (CIK 0001089143),2020-12-17,2020-09-14,2021-02-08,147,53,True,2020
tender,1089496,AIXTRON SE  (CIK 0001089496),2016-08-11,2016-05-23,2016-12-30,221,141,True,2016
merger,1089511,ALASKA COMMUNICATIONS SYSTEMS GROUP INC  (CIK 0001089511),2021-02-09,2020-11-03,2021-07-22,261,163,True,2021
merger,1089819,CLECO CORP  (CIK 0001089819),2015-01-14,2014-10-20,2016-04-14,542,456,True,2015
merger,1090061,OMNOVA SOLUTIONS INC  (CIK 0001090061),2019-09-09,2019-07-03,2020-04-01,273,205,True,2019
merger,1091171,BLUE NILE INC  (CIK 0001091171),2016-12-28,2016-11-07,2017-02-17,102,51,True,2016
merger,1091325,"CHINA YIDA HOLDING, CO.  (CIK 0001091325)",2016-05-25,2016-03-10,2016-07-08,120,44,True,2016
tender,1091596,"Nuo Therapeutics, Inc.  (AURX)  (CIK 0001091596)",2022-02-04,2022-02-04,,,,False,2022
merger,1091667,"CHARTER COMMUNICATIONS, INC. /MO/  (CHTR)  (CIK 0001091667)",2015-08-20,2015-03-18,,,,False,2015
merger,1091735,PACER INTERNATIONAL INC  (CIK 0001091735),2014-02-24,2014-02-24,2014-04-01,36,36,True,2014
merger,1091748,"Argo Group International Holdings, Ltd.  (ARGD, ARGO-PA)  (CIK 0001091748)",2023-03-20,2022-10-27,2023-11-16,385,241,True,2023
merger,1091801,MARTHA STEWART LIVING OMNIMEDIA INC  (CIK 0001091801),2015-10-27,2015-06-24,2015-12-07,166,41,True,2015
merger,1091862,Chemtura CORP  (CIK 0001091862),2016-12-23,2016-09-26,2017-04-21,207,119,True,2016
tender,1091883,CIRCOR INTERNATIONAL INC  (CIK 0001091883),2019-06-24,2019-03-29,,,,False,2019
merger,1091883,CIRCOR INTERNATIONAL INC  (CIK 0001091883),2023-07-17,2023-06-05,2023-10-18,135,93,True,2023
merger,1092289,TRANSATLANTIC PETROLEUM LTD.  (CIK 0001092289),2020-11-04,2020-08-07,2020-12-18,133,44,True,2020
tender,1092662,"CHEMBIO DIAGNOSTICS, INC.  (CIK 0001092662)",2023-02-14,2023-01-31,2023-04-27,86,72,True,2023
tender,1092839,DUNE ENERGY INC  (CIK 0001092839),2014-10-09,2014-09-18,,,,False,2014
merger,1092914,ATLAS PIPELINE PARTNERS LP  (CIK 0001092914),2015-01-22,2015-01-22,2015-03-03,40,40,True,2015
tender,1093082,HUTTIG BUILDING PRODUCTS INC  (CIK 0001093082),2022-03-29,2022-03-21,2022-05-03,43,35,True,2022
tender,1093649,IDENIX PHARMACEUTICALS INC  (CIK 0001093649),2014-06-20,2014-06-09,2014-08-05,57,46,True,2014
merger,1094139,OURPETS CO  (CIK 0001094139),2019-02-13,2018-12-20,2019-03-15,85,30,True,2019
merger,1094285,TELEDYNE TECHNOLOGIES INC  (TDY)  (CIK 0001094285),2021-04-12,2021-03-05,,,,False,2021
tender,1094348,Mattersight Corp  (CIK 0001094348),2018-05-10,2018-04-05,2018-08-20,137,102,True,2018
merger,1094392,RUDOLPH TECHNOLOGIES INC  (CIK 0001094392),2019-09-10,2019-04-02,2019-10-28,209,48,True,2019
merger,1094739,FINISAR CORP  (CIK 0001094739),2019-02-08,2018-12-28,2019-09-24,270,228,True,2019
tender,1094814,"Cartesian, Inc.  (CIK 0001094814)",2018-04-10,2018-03-22,2018-07-09,109,90,True,2018
tender,1095277,INTERSECTIONS INC  (CIK 0001095277),2018-10-31,2018-10-31,2019-01-11,72,72,True,2018
merger,1095291,"WEB.COM GROUP, INC.  (CIK 0001095291)",2018-09-05,2018-06-21,2018-10-11,112,36,True,2018
tender,1095315,PFSWEB INC  (CIK 0001095315),2023-09-21,2023-08-16,2023-10-23,68,32,True,2023
merger,1095996,WILLIAM LYON HOMES  (CIK 0001095996),2019-12-26,2019-03-29,2020-02-06,314,42,True,2019
tender,1096142,GENTIVA HEALTH SERVICES INC  (CIK 0001096142),2014-06-30,2014-03-25,2015-02-02,314,217,True,2014
tender,1096199,"Geeknet, Inc  (CIK 0001096199)",2015-05-27,2015-05-27,2015-07-17,51,51,True,2015
merger,1096325,INTERSIL CORP/DE  (CIK 0001096325),2016-10-31,2016-09-13,2017-02-24,164,116,True,2016
merger,1096376,NUTRI SYSTEM INC /DE/  (CIK 0001096376),2019-02-04,2019-02-04,2019-03-08,32,32,True,2019
merger,1096385,VECTREN CORP  (CIK 0001096385),2018-07-16,2018-03-22,2019-02-01,316,200,True,2018
tender,1098462,METALINK LTD  (MTLK)  (CIK 0001098462),2016-01-28,2016-01-28,,,,False,2016
merger,1099941,"MVC CAPITAL, INC.  (CIK 0001099941)",2020-11-24,2020-06-01,2020-12-28,210,34,True,2020
merger,1100270,KRISPY KREME DOUGHNUTS INC  (CIK 0001100270),2016-06-27,2016-05-05,2016-07-28,84,31,True,2016
tender,1100412,ARRAY BIOPHARMA INC  (CIK 0001100412),2019-06-28,2019-06-17,2019-07-30,43,32,True,2019
merger,1100441,"RTI SURGICAL, INC.  (CIK 0001100441)",2019-02-07,2019-02-07,2019-03-11,32,32,True,2019
tender,1100917,ONVIA INC  (CIK 0001100917),2017-10-19,2017-10-05,2017-11-17,43,29,True,2017
merger,1101169,VIASYSTEMS GROUP INC  (CIK 0001101169),2014-11-10,2014-03-14,2015-06-01,444,203,True,2014
tender,1103021,BIODELIVERY SCIENCES INTERNATIONAL INC  (CIK 0001103021),2022-02-14,2022-02-14,2022-03-22,36,36,True,2022
merger,1103601,WGL HOLDINGS INC  (CIK 0001103601),2017-03-31,2016-12-23,2018-07-09,563,465,True,2017
merger,1104349,CAPELLA EDUCATION CO  (CIK 0001104349),2017-12-08,2017-12-08,2018-08-01,236,236,True,2017
tender,1105184,NANOSPHERE INC  (CIK 0001105184),2016-06-02,2016-05-16,2016-06-30,45,28,True,2016
merger,1106851,OMNIVISION TECHNOLOGIES INC  (CIK 0001106851),2015-06-10,2015-04-30,2016-01-28,273,232,True,2015
merger,1107694,"RACKSPACE HOSTING, INC.  (CIK 0001107694)",2016-09-30,2016-08-26,2016-11-03,69,34,True,2016
merger,1108236,AMERICAN RIVER BANKSHARES  (CIK 0001108236),2021-06-28,2021-04-09,2021-08-06,119,39,True,2021
merger,1108320,SMTC CORP  (CIK 0001108320),2021-02-18,2021-01-04,2021-04-05,91,46,True,2021
merger,1108426,PNM RESOURCES INC  (TXNM)  (CIK 0001108426),2021-01-05,2020-10-21,,,,False,2021
merger,1108426,TXNM ENERGY INC  (TXNM)  (CIK 0001108426),2025-07-21,2025-05-20,,,,False,2025
merger,1108827,"QEP RESOURCES, INC.  (CIK 0001108827)",2021-02-10,2020-04-16,2021-03-17,335,35,True,2021
merger,1110647,"OCLARO, INC.  (CIK 0001110647)",2018-06-01,2017-09-27,2018-12-10,439,192,True,2018
tender,1110783,MONSANTO CO /NEW/  (CIK 0001110783),2016-05-24,2016-05-23,,,,False,2016
tender,1111665,TELECOMMUNICATION SYSTEMS INC /FA/  (CIK 0001111665),2015-12-07,2015-11-23,2016-02-24,93,79,True,2015
tender,1111759,SILICONWARE PRECISION INDUSTRIES CO LTD  (CIK 0001111759),2015-08-28,2015-08-21,,,,False,2015
tender,1112920,GLOBALSCAPE INC  (CIK 0001112920),2020-07-20,2020-03-30,2020-08-28,151,39,True,2020
merger,1113256,"MERITOR, INC.  (CIK 0001113256)",2022-04-18,2021-12-17,2022-08-03,229,107,True,2022
tender,1113481,MEDICINES CO /DE  (CIK 0001113481),2019-11-25,2019-11-25,2020-01-06,42,42,True,2019
merger,1114220,KERYX BIOPHARMACEUTICALS INC  (CIK 0001114220),2018-10-30,2018-10-30,2018-12-12,43,43,True,2018
tender,1114446,"UBS AG  (AMNA, AMND, AMTR, AMUB, BDCX, BDCZ, CEFD, DJCB, ESUS, FEDL, HDLB, IFED, IWDL, IWFL, IWML, MLPB)  (CIK 0001114446)",2014-10-14,2014-10-14,2015-01-07,85,85,True,2014
merger,1115055,"PINNACLE FINANCIAL PARTNERS INC  (PNFP, PNFPP)  (CIK 0001115055)",2025-09-30,2025-03-03,2026-01-12,315,104,True,2025
merger,1115128,Quotient Technology Inc.  (CIK 0001115128),2023-07-31,2023-06-20,2023-09-05,77,36,True,2023
merger,1115222,DUN & BRADSTREET CORP/NW  (CIK 0001115222),2018-10-02,2018-08-09,2019-02-08,183,129,True,2018
tender,1117106,NETSUITE INC  (CIK 0001117106),2016-08-18,2016-07-28,2016-11-07,102,81,True,2016
tender,1117480,CHIMERIX INC  (CMRX)  (CIK 0001117480),2025-03-21,2025-03-05,2025-04-21,47,31,True,2025
tender,1117733,CAFEPRESS INC.  (CIK 0001117733),2018-10-12,2018-09-28,2018-11-09,42,28,True,2018
merger,1118037,SAJAN INC  (CIK 0001118037),2017-06-13,2017-04-26,2017-07-19,84,36,True,2017
merger,1118237,MBT FINANCIAL CORP  (CIK 0001118237),2018-12-21,2018-12-21,2019-09-03,256,256,True,2018
merger,1118417,"MODEL N, INC.  (CIK 0001118417)",2024-05-15,2024-04-08,2024-06-27,80,43,True,2024
merger,1120295,IXIA  (CIK 0001120295),2017-03-14,2017-01-30,2017-04-18,78,35,True,2017
merger,1121142,Maxar Technologies Inc.  (CIK 0001121142),2023-03-16,2022-12-16,2023-05-03,138,48,True,2023
tender,1121783,AMERICAN SPECTRUM REALTY INC  (CIK 0001121783),2015-01-12,2015-01-12,2015-03-31,78,78,True,2015
merger,1121793,"JAGGED PEAK, INC.  (CIK 0001121793)",2016-01-27,2015-10-09,2016-03-07,150,40,True,2016
merger,1122304,AETNA INC /PA/  (CIK 0001122304),2018-02-09,2018-02-09,2018-11-29,293,293,True,2018
tender,1122342,ALLIANCE FIBER OPTIC PRODUCTS INC  (CIK 0001122342),2016-04-21,2016-04-08,2016-06-06,59,46,True,2016
merger,1122388,ELLIE MAE INC  (CIK 0001122388),2019-03-15,2019-02-12,2019-04-18,65,34,True,2019
merger,1122897,CVENT INC  (CIK 0001122897),2016-06-09,2016-04-18,2016-11-29,225,173,True,2016
merger,1123270,BANK MUTUAL CORP  (CIK 0001123270),2017-09-15,2017-09-15,2018-02-01,139,139,True,2017
tender,1123316,"Crystal Rock Holdings, Inc.  (CIK 0001123316)",2018-02-12,2018-02-12,2018-03-23,39,39,True,2018
tender,1123661,SYNGENTA AG  (CIK 0001123661),2016-03-23,2016-02-03,2018-01-08,705,656,True,2016
merger,1123735,COMMUNITY FINANCIAL SHARES INC  (CIK 0001123735),2015-06-05,2015-03-02,2015-07-30,150,55,True,2015
tender,1123979,SENOMYX INC  (CIK 0001123979),2018-10-04,2018-09-17,2018-11-02,46,29,True,2018
merger,1124610,"VMWARE, INC.  (CIK 0001124610)",2022-10-03,2022-05-26,2023-11-22,545,415,True,2022
merger,1124827,UTi WORLDWIDE INC  (CIK 0001124827),2015-12-04,2015-10-09,2016-01-22,105,49,True,2015
tender,1124941,BEACON ROOFING SUPPLY INC  (BECN)  (CIK 0001124941),2025-02-06,2025-01-15,2025-04-29,104,82,True,2025
tender,1125914,OPENTABLE INC  (CIK 0001125914),2014-06-25,2014-04-25,2014-07-24,90,29,True,2014
merger,1125920,SHUTTERFLY INC  (CIK 0001125920),2019-07-30,2019-04-05,2019-09-25,173,57,True,2019
merger,1126216,"NTS, INC.  (CIK 0001126216)",2014-01-23,2013-11-22,2014-06-09,199,137,True,2014
tender,1126234,"LUMOS PHARMA, INC.  (LUMO)  (CIK 0001126234)",2024-11-14,2024-10-23,2024-12-12,50,28,True,2024
merger,1127160,CAROLINA BANK HOLDINGS INC  (CIK 0001127160),2016-10-28,2016-06-23,2017-03-03,253,126,True,2016
merger,1127703,PROASSURANCE CORP  (PRA)  (CIK 0001127703),2025-05-14,2025-03-19,2026-06-26,464,408,True,2025
tender,1129260,"VOCERA COMMUNICATIONS, INC.  (CIK 0001129260)",2022-01-25,2022-01-07,2022-02-23,47,29,True,2022
merger,1129633,PHOENIX COMPANIES INC/DE  (CIK 0001129633),2015-11-18,2015-10-30,2016-06-21,235,216,True,2015
tender,1130385,FOSTER WHEELER AG  (CIK 0001130385),2014-10-07,2014-02-27,2014-11-24,270,48,True,2014
tender,1130591,XENOPORT INC  (CIK 0001130591),2016-06-06,2016-05-23,2016-07-05,43,29,True,2016
tender,1130866,HITTITE MICROWAVE CORP  (CIK 0001130866),2014-06-23,2014-06-09,2014-08-04,56,42,True,2014
merger,1131096,ATHENAHEALTH INC  (CIK 0001131096),2018-12-21,2018-11-13,2019-02-11,90,52,True,2018
merger,1131324,GENOMIC HEALTH INC  (CIK 0001131324),2019-10-04,2019-05-16,2019-11-08,176,35,True,2019
tender,1131543,AMBIT BIOSCIENCES CORP  (CIK 0001131543),2014-10-10,2014-09-29,2014-11-12,44,33,True,2014
merger,1132105,"SPORTSMAN'S WAREHOUSE HOLDINGS, INC.  (SPWH)  (CIK 0001132105)",2021-02-16,2020-12-21,,,,False,2021
merger,1135017,KINDER MORGAN MANAGEMENT LLC  (CIK 0001135017),2014-10-22,2014-10-22,2014-11-28,37,37,True,2014
merger,1135185,ATLAS AIR WORLDWIDE HOLDINGS INC  (CIK 0001135185),2022-10-19,2022-08-04,2023-03-17,225,149,True,2022
merger,1135971,PEPCO HOLDINGS INC  (CIK 0001135971),2014-08-12,2014-03-25,2016-03-24,730,590,True,2014
merger,1137411,ROCKWELL COLLINS INC  (CIK 0001137411),2017-12-11,2017-12-11,2018-11-27,351,351,True,2017
merger,1138639,Infinera Corp  (INFN)  (CIK 0001138639),2024-08-21,2024-08-21,2025-02-28,191,191,True,2024
tender,1138951,LEAPFROG ENTERPRISES INC  (CIK 0001138951),2016-02-05,2016-02-05,2016-04-05,60,60,True,2016
tender,1140098,"Ocata Therapeutics, Inc.  (CIK 0001140098)",2015-11-19,2015-11-10,2016-02-10,92,83,True,2015
merger,1141103,CROSS COUNTRY HEALTHCARE INC  (CCRN)  (CIK 0001141103),2025-01-22,2024-12-04,2026-07-21,594,545,True,2025
merger,1141107,ARRIS GROUP INC  (CIK 0001141107),2015-09-15,2015-09-15,2015-10-20,35,35,True,2015
merger,1141299,MCG CAPITAL CORP  (CIK 0001141299),2015-07-02,2014-10-29,2015-08-18,293,47,True,2015
tender,1142512,ZIPREALTY INC  (CIK 0001142512),2014-07-16,2014-07-15,2014-08-14,30,29,True,2014
merger,1142701,UNITED ONLINE INC  (CIK 0001142701),2016-06-01,2016-05-04,2016-07-01,58,30,True,2016
merger,1143068,GREAT PLAINS ENERGY INC  (CIK 0001143068),2016-08-25,2016-08-25,2017-08-18,358,358,True,2016
merger,1144354,HEARTLAND PAYMENT SYSTEMS INC  (CIK 0001144354),2016-03-23,2016-03-23,2016-04-25,33,33,True,2016
merger,1145057,"FORESCOUT TECHNOLOGIES, INC  (CIK 0001145057)",2020-03-24,2020-02-06,2020-08-17,193,146,True,2020
merger,1145460,ALERE INC.  (CIK 0001145460),2016-09-26,2016-08-15,2017-10-03,414,372,True,2016
merger,1156388,BIG 5 SPORTING GOODS Corp  (BGFV)  (CIK 0001156388),2025-08-08,2025-06-30,2025-10-02,94,55,True,2025
merger,1157377,ADVISORY BOARD CO  (CIK 0001157377),2017-10-11,2017-08-29,2017-11-17,80,37,True,2017
tender,1157602,"Vitae Pharmaceuticals, Inc  (CIK 0001157602)",2016-09-26,2016-09-14,2016-10-25,41,29,True,2016
tender,1158172,"COMSCORE, INC.  (SCOR)  (CIK 0001158172)",2015-02-20,2015-02-12,,,,False,2015
merger,1158863,"WAGEWORKS, INC.  (CIK 0001158863)",2019-07-29,2019-06-27,2019-08-30,64,32,True,2019
merger,1159167,IROBOT CORP  (IRBT)  (CIK 0001159167),2022-09-07,2022-04-11,,,,False,2022
tender,1159281,FIVE STAR QUALITY CARE INC  (CIK 0001159281),2016-10-06,2016-10-03,,,,False,2016
tender,1159281,AlerisLife Inc.  (CIK 0001159281),2023-02-17,2023-02-03,2023-03-20,45,31,True,2023
merger,1159297,MEADWESTVACO Corp  (CIK 0001159297),2015-05-21,2015-05-21,2015-07-02,42,42,True,2015
merger,1160951,"DUCK CREEK TECHNOLOGIES, INC.  (CIK 0001160951)",2023-02-28,2022-12-28,2023-03-30,92,30,True,2023
merger,1160958,INPHI Corp  (CIK 0001160958),2021-03-11,2021-03-11,2021-04-20,40,40,True,2021
merger,1163199,FNB BANCORP/CA/  (CIK 0001163199),2018-04-20,2018-04-20,2018-07-06,77,77,True,2018
merger,1163302,UNITED STATES STEEL CORP  (X)  (CIK 0001163302),2024-03-12,2023-12-18,2025-06-18,548,463,True,2024
tender,1163348,"Allied World Assurance Co Holdings, AG  (CIK 0001163348)",2017-05-08,2016-12-23,2017-07-17,206,70,True,2017
tender,1165231,"PROCERA NETWORKS, INC.  (CIK 0001165231)",2015-05-06,2015-01-27,2015-06-05,129,30,True,2015
merger,1165880,MONTPELIER RE HOLDINGS LTD  (CIK 0001165880),2015-05-26,2015-05-26,2015-07-01,36,36,True,2015
merger,1166220,"LYRIS, INC.  (CIK 0001166220)",2015-05-29,2015-05-05,2015-06-23,49,25,True,2015
merger,1166388,VERINT SYSTEMS INC  (VRNT)  (CIK 0001166388),2025-10-20,2025-08-25,2025-11-26,93,37,True,2025
tender,1167294,MERU NETWORKS INC  (CIK 0001167294),2015-06-09,2015-03-09,2015-07-08,121,29,True,2015
merger,1168197,LIPOSCIENCE INC  (CIK 0001168197),2014-10-20,2014-09-25,2014-11-21,57,32,True,2014
merger,1169652,CHANNELADVISOR CORP  (CIK 0001169652),2022-10-11,2022-09-06,2022-11-15,70,35,True,2022
merger,1169988,"BOINGO WIRELESS, INC.  (CIK 0001169988)",2021-04-28,2021-03-01,2021-06-02,93,35,True,2021
merger,1170534,MITEL NETWORKS CORP  (CIK 0001170534),2018-06-08,2018-04-24,2018-11-30,220,175,True,2018
merger,1171662,TRIPLE-S MANAGEMENT CORP  (CIK 0001171662),2021-11-04,2021-08-24,2022-02-01,161,89,True,2021
merger,1172136,US GEOTHERMAL INC  (CIK 0001172136),2018-03-20,2018-03-02,2018-04-24,53,35,True,2018
merger,1172222,HAWAIIAN HOLDINGS INC  (HA)  (CIK 0001172222),2024-01-09,2023-12-04,2024-09-18,289,253,True,2024
merger,1172631,"Sunworks, Inc.  (SUNWQ)  (CIK 0001172631)",2020-10-15,2020-08-19,,,,False,2020
merger,1173431,TD AMERITRADE HOLDING CORP  (CIK 0001173431),2020-05-06,2020-05-06,2020-10-06,153,153,True,2020
merger,1173752,"ARUBA NETWORKS, INC.  (CIK 0001173752)",2015-04-03,2015-03-02,2015-05-19,78,46,True,2015
merger,1173911,ENBRIDGE ENERGY MANAGEMENT L L C  (CIK 0001173911),2018-11-09,2018-11-09,2018-12-20,41,41,True,2018
tender,1174266,ENVIVIO INC  (CIK 0001174266),2015-09-28,2015-09-10,2015-10-27,47,29,True,2015
tender,1175505,"FIVE PRIME THERAPEUTICS, INC.  (CIK 0001175505)",2021-03-18,2021-03-04,2021-04-16,43,29,True,2021
merger,1175609,"CAVIUM, INC.  (CIK 0001175609)",2018-02-06,2017-04-27,2018-07-06,435,150,True,2018
merger,1176334,MARTIN MIDSTREAM PARTNERS L.P.  (MMLP)  (CIK 0001176334),2024-11-27,2024-10-18,,,,False,2024
tender,1176373,TIER REIT INC  (CIK 0001176373),2014-06-09,2014-05-15,,,,False,2014
merger,1177394,SYNNEX CORP  (SNX)  (CIK 0001177394),2021-06-09,2021-03-22,,,,False,2021
tender,1177845,XPLORE TECHNOLOGIES CORP  (CIK 0001177845),2018-07-17,2018-07-05,2018-08-14,40,28,True,2018
merger,1178711,"Paratek Pharmaceuticals, Inc.  (CIK 0001178711)",2023-08-02,2023-05-26,2023-09-21,118,50,True,2023
merger,1179500,COMMUNITY FIRST INC  (CIK 0001179500),2017-11-07,2017-04-03,2018-03-26,357,139,True,2017
merger,1179755,ENDURANCE SPECIALTY HOLDINGS LTD  (CIK 0001179755),2016-12-29,2016-10-05,2017-03-30,176,91,True,2016
merger,1180079,SILVER SPRING NETWORKS INC  (CIK 0001180079),2017-11-16,2017-09-18,2018-01-05,109,50,True,2017
merger,1180145,Cardiovascular Systems Inc  (CIK 0001180145),2023-03-23,2023-02-09,2023-04-27,77,35,True,2023
merger,1182129,AUXILIUM PHARMACEUTICALS INC  (CIK 0001182129),2014-12-24,2014-12-24,2015-01-29,36,36,True,2014
tender,1182325,TANGOE INC  (CIK 0001182325),2017-05-12,2017-04-28,2017-06-21,54,40,True,2017
merger,1186519,MEDISTEM INC.  (CIK 0001186519),2014-02-11,2014-02-11,2014-03-07,24,24,True,2014
tender,1195734,POTBELLY CORP  (PBPB)  (CIK 0001195734),2025-09-23,2025-09-10,2025-10-23,43,30,True,2025
merger,1195933,INFINITY PROPERTY & CASUALTY CORP  (CIK 0001195933),2018-04-27,2018-04-27,2018-07-02,66,66,True,2018
merger,1196501,HMS HOLDINGS CORP  (CIK 0001196501),2021-02-22,2020-12-21,2021-04-01,101,38,True,2021
tender,1201663,AUDIENCE INC  (CIK 0001201663),2015-05-19,2015-04-30,2015-07-01,62,43,True,2015
merger,1205727,"CBEYOND, INC.  (CIK 0001205727)",2014-06-05,2014-04-21,2014-07-18,88,43,True,2014
merger,1207074,VIRTUSA CORP  (CIK 0001207074),2020-10-20,2020-06-19,2021-02-11,237,114,True,2020
merger,1208208,"DIGITALGLOBE, INC.  (CIK 0001208208)",2017-06-22,2017-05-01,2017-10-05,157,105,True,2017
merger,1209028,Arlington Asset Investment Corp.  (CIK 0001209028),2023-11-03,2023-11-03,2023-12-14,41,41,True,2023
merger,1211759,CONNECTURE INC  (CIK 0001211759),2018-02-12,2018-01-04,2018-04-26,112,73,True,2018
merger,1212458,PROOFPOINT INC  (CIK 0001212458),2021-06-14,2021-04-26,2021-08-31,127,78,True,2021
tender,1216596,NORTEK INC  (CIK 0001216596),2016-07-08,2016-07-06,2016-08-31,56,54,True,2016
tender,1219210,"IKANOS COMMUNICATIONS, INC.  (CIK 0001219210)",2015-08-19,2015-08-06,2015-09-29,54,41,True,2015
merger,1223786,"NuStar GP Holdings, LLC  (CIK 0001223786)",2018-06-25,2018-06-25,2018-07-23,28,28,True,2018
tender,1223862,INFOBLOX INC  (CIK 0001223862),2016-10-07,2016-09-19,2016-11-07,49,31,True,2016
merger,1226308,"DTS, INC.  (CIK 0001226308)",2016-10-24,2016-09-20,2016-12-01,72,38,True,2016
merger,1227025,NEOPHOTONICS CORP  (CIK 0001227025),2021-12-23,2021-11-04,2022-08-03,272,223,True,2021
merger,1235007,ENDOCYTE INC  (CIK 0001235007),2018-11-16,2018-10-18,2018-12-21,64,35,True,2018
tender,1235010,MOMENTA PHARMACEUTICALS INC  (CIK 0001235010),2020-09-02,2020-08-19,2020-10-01,43,29,True,2020
merger,1236997,COUNTERPATH CORP  (CIK 0001236997),2021-01-22,2020-12-07,2021-02-26,81,35,True,2021
merger,1237746,"Endurance International Group Holdings, Inc.  (CIK 0001237746)",2020-12-14,2020-11-02,2021-02-10,100,58,True,2020
tender,1244937,ENERNOC INC  (CIK 0001244937),2017-06-22,2017-06-22,2017-08-07,46,46,True,2017
merger,1251769,"Apollo Endosurgery, Inc.  (CIK 0001251769)",2023-01-10,2022-11-29,2023-04-04,126,84,True,2023
merger,1253176,VAPOTHERM INC  (VAPO)  (CIK 0001253176),2024-08-15,2024-06-17,2024-09-25,100,41,True,2024
merger,1254419,MEDASSETS INC  (CIK 0001254419),2015-12-04,2015-11-02,2016-01-27,86,54,True,2015
merger,1254595,FIRST POTOMAC REALTY TRUST  (CIK 0001254595),2017-08-24,2017-04-06,2017-10-02,179,39,True,2017
merger,1255474,WHITING PETROLEUM CORP  (CIK 0001255474),2022-05-24,2022-05-24,2022-07-01,38,38,True,2022
tender,1256069,SIGNATURE OFFICE REIT INC  (CIK 0001256069),2014-05-14,2014-05-14,2015-06-12,394,394,True,2014
merger,1259515,CONTROL4 CORP  (CIK 0001259515),2019-06-21,2019-03-20,2019-08-01,134,41,True,2019
merger,1260968,MARLIN BUSINESS SERVICES CORP  (CIK 0001260968),2021-06-30,2021-04-19,2022-01-20,276,204,True,2021
merger,1261249,"AGILE THERAPEUTICS INC  (AGRX, AGXRW)  (CIK 0001261249)",2024-07-25,2024-06-26,2024-09-30,96,67,True,2024
merger,1262279,FIRST MARBLEHEAD CORP  (CIK 0001262279),2016-07-19,2016-06-03,2016-08-23,81,35,True,2016
tender,1264587,STEMLINE THERAPEUTICS INC  (CIK 0001264587),2020-05-12,2020-04-29,2020-06-10,42,29,True,2020
merger,1265888,NEUSTAR INC  (CIK 0001265888),2017-02-03,2016-12-14,2017-08-08,237,186,True,2017
merger,1267097,TRW AUTOMOTIVE HOLDINGS CORP  (CIK 0001267097),2014-10-20,2014-09-15,2015-05-15,242,207,True,2014
merger,1267130,CABELAS INC  (CIK 0001267130),2017-06-05,2017-04-17,2017-09-26,162,113,True,2017
tender,1267395,"ASPEN INSURANCE HOLDINGS LTD  (AHL-PC, AHL-PD, AHL-PE)  (CIK 0001267395)",2014-06-17,2014-06-17,,,,False,2014
merger,1267395,"ASPEN INSURANCE HOLDINGS LTD  (AHL-PC, AHL-PD, AHL-PE)  (CIK 0001267395)",2018-11-06,2018-08-28,2019-02-15,171,101,True,2018
merger,1267602,ALIMERA SCIENCES INC  (ALIM)  (CIK 0001267602),2024-08-08,2024-07-24,2024-09-16,54,39,True,2024
tender,1267813,"MARINUS PHARMACEUTICALS, INC.  (MRNS)  (CIK 0001267813)",2025-01-10,2024-12-30,2025-02-11,43,32,True,2025
tender,1269021,PORTOLA PHARMACEUTICALS INC  (CIK 0001269021),2020-05-27,2020-04-20,2020-07-02,73,36,True,2020
tender,1270073,"INTERCEPT PHARMACEUTICALS, INC.  (CIK 0001270073)",2023-10-11,2023-09-26,2023-11-08,43,28,True,2023
merger,1271024,LINKEDIN CORP  (CIK 0001271024),2016-07-22,2016-04-22,2016-12-08,230,139,True,2016
merger,1271214,"Intersect ENT, Inc.  (CIK 0001271214)",2021-09-07,2021-08-09,2022-05-13,277,248,True,2021
merger,1271625,DFC GLOBAL CORP.  (CIK 0001271625),2014-05-01,2014-04-02,2014-06-13,72,43,True,2014
merger,1272830,VONAGE HOLDINGS CORP  (CIK 0001272830),2022-01-10,2021-11-22,2022-07-21,241,192,True,2022
tender,1273636,APPLIED GENETIC TECHNOLOGIES CORP  (CIK 0001273636),2022-10-26,2022-10-24,2022-12-01,38,36,True,2022
merger,1273931,MONEYGRAM INTERNATIONAL INC  (CIK 0001273931),2017-04-10,2017-01-26,,,,False,2017
merger,1273931,MONEYGRAM INTERNATIONAL INC  (CIK 0001273931),2022-04-21,2022-02-15,2023-06-01,471,406,True,2022
merger,1274057,HOSPIRA INC  (CIK 0001274057),2015-04-10,2015-02-05,2015-09-03,210,146,True,2015
tender,1274644,"Ocera Therapeutics, Inc.  (CIK 0001274644)",2017-11-09,2017-11-02,2017-12-11,39,32,True,2017
merger,1275283,REYNOLDS AMERICAN INC  (CIK 0001275283),2017-06-14,2017-01-17,2017-07-25,189,41,True,2017
merger,1276520,GENWORTH FINANCIAL INC  (GNW)  (CIK 0001276520),2017-01-25,2016-10-24,,,,False,2017
merger,1276591,HANSEN MEDICAL INC  (CIK 0001276591),2016-06-20,2016-04-20,2016-07-27,98,37,True,2016
tender,1276671,BANCO ITAU CHILE  (CIK 0001276671),2023-06-12,2023-03-03,2023-11-09,251,150,True,2023
tender,1277141,"Borderfree, Inc.  (CIK 0001277141)",2015-05-12,2015-05-05,2015-06-10,36,29,True,2015
merger,1279363,"WELLCARE HEALTH PLANS, INC.  (CIK 0001279363)",2019-05-23,2019-04-08,2020-01-24,291,246,True,2019
tender,1280600,ACCELERON PHARMA INC  (CIK 0001280600),2021-10-12,2021-09-30,2021-11-22,53,41,True,2021
merger,1282648,BATTALION OIL CORP  (BATL)  (CIK 0001282648),2024-10-21,2023-12-28,,,,False,2024
merger,1282977,GREENHILL & CO INC  (CIK 0001282977),2023-07-13,2023-05-22,2023-12-01,193,141,True,2023
merger,1283140,HOLLY ENERGY PARTNERS LP  (CIK 0001283140),2023-10-26,2023-10-26,2023-12-01,36,36,True,2023
merger,1283582,First Clover Leaf Financial Corp.  (CIK 0001283582),2016-08-01,2016-08-01,2016-09-08,38,38,True,2016
merger,1283630,AMERICAN CAMPUS COMMUNITIES INC  (CIK 0001283630),2022-06-16,2021-12-16,2022-08-10,237,55,True,2022
merger,1287151,XERIUM TECHNOLOGIES INC  (CIK 0001287151),2018-08-03,2018-06-25,2018-10-17,114,75,True,2018
merger,1287808,"Hill International, Inc.  (CIK 0001287808)",2022-09-30,2022-08-17,2022-12-27,132,88,True,2022
merger,1288359,OTELCO INC.  (CIK 0001288359),2020-09-09,2020-07-27,2021-03-31,247,203,True,2020
merger,1288847,"Five9, Inc.  (FIVN)  (CIK 0001288847)",2021-08-26,2021-04-28,,,,False,2021
merger,1289236,BioMed Realty Trust Inc  (CIK 0001289236),2015-12-08,2015-10-08,2016-01-29,113,52,True,2015
tender,1289272,Cole Credit Property Trust Inc  (CIK 0001289272),2014-03-31,2014-03-21,2014-05-20,60,50,True,2014
merger,1289592,"Tower Group International, Ltd.  (CIK 0001289592)",2014-07-03,2014-01-06,2014-09-15,252,74,True,2014
tender,1289636,PROFIRE ENERGY INC  (PFIE)  (CIK 0001289636),2024-10-29,2024-10-29,2025-01-03,66,66,True,2024
merger,1289790,Macquarie Infrastructure Corp  (CIK 0001289790),2021-08-23,2021-03-29,2021-09-22,177,30,True,2021
merger,1289850,"NeuroMetrix, Inc.  (NURO)  (CIK 0001289850)",2025-02-14,2024-12-17,2025-05-01,135,76,True,2025
merger,1290149,"Sierra Oncology, Inc.  (CIK 0001290149)",2022-05-16,2022-04-13,2022-07-01,79,46,True,2022
merger,1292055,Symmetry Medical Inc.  (CIK 0001292055),2014-11-04,2014-09-08,2014-12-05,88,31,True,2014
tender,1292426,GFI Group Inc.  (CIK 0001292426),2014-11-04,2014-07-30,2015-03-30,243,146,True,2014
merger,1292556,"Polypore International, Inc.  (CIK 0001292556)",2015-04-08,2015-02-23,2015-08-26,184,140,True,2015
merger,1292653,"Inteliquent, Inc.  (CIK 0001292653)",2016-12-14,2016-11-02,2017-02-10,100,58,True,2016
merger,1293593,"Synutra International, Inc.  (CIK 0001293593)",2017-03-09,2016-11-17,2017-05-15,179,67,True,2017
tender,1293971,"bluebird bio, Inc.  (BLUE)  (CIK 0001293971)",2025-03-07,2025-02-21,2025-06-02,101,87,True,2025
tender,1294016,RUCKUS WIRELESS INC  (CIK 0001294016),2016-04-29,2016-04-29,2016-05-27,28,28,True,2016
merger,1294924,InvenSense Inc  (CIK 0001294924),2017-03-28,2016-12-21,2017-05-18,148,51,True,2017
tender,1297336,ReachLocal Inc  (CIK 0001297336),2016-07-14,2016-06-27,2016-08-09,43,26,True,2016
merger,1297704,OHA Investment Corp  (CIK 0001297704),2019-11-05,2019-08-02,2019-12-18,138,43,True,2019
tender,1299033,"Calamos Asset Management, Inc. /DE/  (CIK 0001299033)",2017-01-19,2016-12-19,2017-02-21,64,33,True,2017
merger,1299130,"PACIFIC BIOSCIENCES OF CALIFORNIA, INC.  (PACB)  (CIK 0001299130)",2018-12-18,2018-11-05,,,,False,2018
merger,1299901,"Trade Street Residential, Inc.  (CIK 0001299901)",2015-07-31,2015-07-31,2015-09-17,48,48,True,2015
tender,1301031,Demandware Inc  (CIK 0001301031),2016-06-10,2016-06-01,2016-07-11,40,31,True,2016
tender,1301106,National Interstate CORP  (CIK 0001301106),2014-02-19,2014-02-19,,,,False,2014
merger,1301106,National Interstate CORP  (CIK 0001301106),2016-10-11,2016-08-08,2016-11-10,94,30,True,2016
merger,1301236,"Sotherly Hotels Inc.  (SOHO, SOHOB, SOHON, SOHOO)  (CIK 0001301236)",2025-12-12,2025-10-27,2026-02-12,108,62,True,2025
merger,1301611,"LIFEPOINT HEALTH, INC.  (CIK 0001301611)",2018-09-27,2018-04-25,2018-11-16,205,50,True,2018
merger,1302028,"Manitex International, Inc.  (MNTX)  (CIK 0001302028)",2024-11-20,2024-06-18,2025-01-02,198,43,True,2024
merger,1302177,"POKERTEK, INC.  (CIK 0001302177)",2014-06-19,2014-05-23,2014-10-01,131,104,True,2014
merger,1302343,"Education Realty Trust, Inc.  (CIK 0001302343)",2018-08-13,2018-03-29,2018-09-20,175,38,True,2018
merger,1302350,JMP GROUP LLC  (CIK 0001302350),2021-10-15,2021-09-08,2021-11-16,69,32,True,2021
merger,1302707,"Horizon Lines, Inc.  (CIK 0001302707)",2015-01-28,2014-11-12,2015-05-29,198,121,True,2015
merger,1303313,"LHC Group, Inc  (CIK 0001303313)",2022-05-17,2022-03-29,2023-02-22,330,281,True,2022
tender,1303652,Tableau Software Inc  (CIK 0001303652),2019-07-03,2019-04-09,2019-08-01,114,29,True,2019
merger,1304421,"Consolidated Communications Holdings, Inc.  (CNSL)  (CIK 0001304421)",2023-12-18,2023-10-16,2024-12-27,438,375,True,2023
merger,1304464,Crestwood Midstream Partners LP  (CIK 0001304464),2015-08-28,2015-08-28,2015-10-01,34,34,True,2015
merger,1305168,"ARC DOCUMENT SOLUTIONS, INC.  (ARC)  (CIK 0001305168)",2024-10-16,2024-09-11,2024-11-22,72,37,True,2024
merger,1305294,QLIK TECHNOLOGIES INC  (CIK 0001305294),2016-07-06,2016-03-30,2016-08-22,145,47,True,2016
merger,1305773,Conformis Inc  (CIK 0001305773),2023-07-24,2023-06-26,2023-09-05,71,43,True,2023
tender,1306900,EXETER RESOURCE CORP  (CIK 0001306900),2017-04-20,2017-04-20,2017-08-03,105,105,True,2017
tender,1307748,"Inland American Real Estate Trust, Inc.  (IVT)  (CIK 0001307748)",2014-02-05,2013-10-18,,,,False,2014
tender,1307748,InvenTrust Properties Corp.  (IVT)  (CIK 0001307748),2015-11-30,2015-10-23,,,,False,2015
tender,1307748,InvenTrust Properties Corp.  (IVT)  (CIK 0001307748),2017-10-05,2017-05-17,,,,False,2017
tender,1307748,InvenTrust Properties Corp.  (IVT)  (CIK 0001307748),2019-10-08,2019-03-07,,,,False,2019
tender,1307752,"VirtualScopics, Inc.  (CIK 0001307752)",2016-04-08,2016-03-25,2016-05-11,47,33,True,2016
merger,1310114,"SERVICESOURCE INTERNATIONAL, INC.  (CIK 0001310114)",2022-06-17,2022-04-01,2022-07-20,110,33,True,2022
tender,1310157,FSP GALLERIA NORTH CORP  (CIK 0001310157),2014-05-12,2014-04-04,2014-07-03,90,52,True,2014
tender,1310383,"Summit Healthcare REIT, Inc  (CIK 0001310383)",2018-01-30,2018-01-30,,,,False,2018
merger,1311241,INTERMOLECULAR INC  (CIK 0001311241),2019-06-12,2019-05-06,2019-09-20,137,100,True,2019
tender,1311538,Castle Brands Inc  (CIK 0001311538),2019-09-11,2019-08-29,2019-10-09,41,28,True,2019
tender,1311596,"Tobira Therapeutics, Inc.  (CIK 0001311596)",2016-10-03,2016-09-20,2016-11-01,42,29,True,2016
merger,1311828,"Independence Bancshares, Inc.  (CIK 0001311828)",2017-11-20,2017-09-26,2018-02-01,128,73,True,2017
merger,1312073,"VERIFONE SYSTEMS, INC.  (CIK 0001312073)",2018-05-21,2018-02-08,2018-08-20,193,91,True,2018
merger,1313275,BRIGHTCOVE INC  (BCOV)  (CIK 0001313275),2024-12-31,2024-11-25,2025-02-05,72,36,True,2024
tender,1313911,Rally Software Development Corp  (CIK 0001313911),2015-06-08,2015-05-11,2015-07-09,59,31,True,2015
tender,1314152,"Jones Lang LaSalle Income Property Trust, Inc.  (CIK 0001314152)",2014-05-28,2014-05-28,,,,False,2014
tender,1314223,"Amber Road, Inc.  (CIK 0001314223)",2019-06-03,2019-01-22,2019-07-02,161,29,True,2019
merger,1314475,SPARK NETWORKS INC  (CIK 0001314475),2017-10-04,2017-03-31,2017-11-03,217,30,True,2017
merger,1314772,"Summer Infant, Inc.  (CIK 0001314772)",2022-05-16,2022-03-17,2022-06-22,97,37,True,2022
merger,1315657,XOOM Corp  (CIK 0001315657),2015-08-07,2015-04-14,2015-11-12,212,97,True,2015
merger,1315695,"Rockwood Holdings, Inc.  (CIK 0001315695)",2014-10-01,2014-07-15,2015-01-13,182,104,True,2014
merger,1316016,AQUANTIA CORP  (CIK 0001316016),2019-06-10,2019-04-29,2019-09-19,143,101,True,2019
merger,1316625,Silicon Graphics International Corp  (CIK 0001316625),2016-09-09,2016-08-12,2016-11-01,81,53,True,2016
merger,1316644,"AeroGrow International, Inc.  (CIK 0001316644)",2021-01-22,2020-12-04,2021-03-01,87,38,True,2021
merger,1316656,Dresser-Rand Group Inc.  (CIK 0001316656),2014-10-22,2014-09-23,2015-07-01,281,252,True,2014
tender,1316898,"JAMBA, INC.  (CIK 0001316898)",2018-08-15,2018-05-17,2018-09-13,119,29,True,2018
merger,1317577,Pike Corp  (CIK 0001317577),2014-11-18,2014-08-04,2014-12-23,141,35,True,2014
merger,1317630,ITC Holdings Corp.  (CIK 0001317630),2016-05-17,2016-02-09,2016-10-14,248,150,True,2016
merger,1318084,"Core-Mark Holding Company, Inc.  (CIK 0001318084)",2021-07-14,2021-04-05,2021-09-01,149,49,True,2021
merger,1319229,TransMontaigne Partners L.P.  (CIK 0001319229),2019-01-25,2018-11-26,2019-02-28,94,34,True,2019
merger,1320350,"LENSAR, Inc.  (LNSR)  (CIK 0001320350)",2025-05-19,2025-03-24,,,,False,2025
merger,1320947,Diamond Foods Inc  (CIK 0001320947),2016-01-28,2016-01-28,2016-02-29,32,32,True,2016
merger,1321646,Kraton Corp  (CIK 0001321646),2021-11-04,2021-09-27,2022-03-15,169,131,True,2021
tender,1322505,"ALBIREO PHARMA, INC.  (CIK 0001322505)",2023-01-23,2023-01-09,2023-03-02,52,38,True,2023
merger,1322554,Xactly Corp  (CIK 0001322554),2017-06-29,2017-05-30,2017-07-31,62,32,True,2017
merger,1323648,Community Bankers Trust Corp  (CIK 0001323648),2021-10-06,2021-06-03,2021-12-03,183,58,True,2021
tender,1323653,"Coleman Cable, Inc.  (CIK 0001323653)",2014-01-06,2013-12-20,2014-02-11,53,36,True,2014
tender,1323974,"MWI Veterinary Supply, Inc.  (CIK 0001323974)",2015-01-12,2014-12-29,2015-02-24,57,43,True,2015
merger,1324245,"SOLERA HOLDINGS, INC  (CIK 0001324245)",2015-10-30,2015-09-15,2016-03-04,171,126,True,2015
tender,1324272,"Ruths Hospitality Group, Inc.  (CIK 0001324272)",2023-05-16,2023-05-03,2023-06-14,42,29,True,2023
merger,1324772,Apigee Corp  (CIK 0001324772),2016-10-11,2016-09-08,2016-11-10,63,30,True,2016
merger,1325281,KAPSTONE PAPER & PACKAGING CORP  (CIK 0001325281),2018-08-01,2018-08-01,2018-11-05,96,96,True,2018
merger,1325702,MAGNACHIP SEMICONDUCTOR Corp  (MX)  (CIK 0001325702),2021-05-07,2021-03-26,,,,False,2021
merger,1325879,"AVEO PHARMACEUTICALS, INC.  (CIK 0001325879)",2022-11-25,2022-10-18,2023-01-19,93,55,True,2022
merger,1325955,"Alon USA Energy, Inc.  (CIK 0001325955)",2017-05-30,2017-05-30,2017-07-03,34,34,True,2017
merger,1326200,GENCO SHIPPING & TRADING LTD  (GNK)  (CIK 0001326200),2015-06-15,2015-06-15,,,,False,2015
merger,1326364,"Sino Gas International Holdings, Inc.  (CIK 0001326364)",2014-07-03,2014-04-03,2014-12-01,242,151,True,2014
tender,1326428,"LINN ENERGY, LLC  (CIK 0001326428)",2016-04-04,2016-04-04,2016-06-10,67,67,True,2016
merger,1326428,"ROAN RESOURCES, INC.  (CIK 0001326428)",2019-11-04,2019-10-01,2019-12-06,66,32,True,2019
tender,1326583,WebMD Health Corp.  (CIK 0001326583),2017-08-07,2017-07-24,2017-09-15,53,39,True,2017
merger,1327318,"TrueCar, Inc.  (TRUE)  (CIK 0001327318)",2025-11-24,2025-10-15,2026-01-21,98,58,True,2025
tender,1327467,Celator Pharmaceuticals Inc  (CIK 0001327467),2016-06-10,2016-05-31,2016-07-12,42,32,True,2016
merger,1327471,RealD Inc.  (CIK 0001327471),2016-01-15,2015-11-09,2016-03-23,135,68,True,2016
tender,1327978,Dividend Capital Diversified Property Fund Inc.  (CIK 0001327978),2014-10-07,2014-05-19,,,,False,2014
merger,1328015,Imprivata Inc  (CIK 0001328015),2016-08-10,2016-07-13,2016-09-16,65,37,True,2016
tender,1328143,Adamas Pharmaceuticals Inc  (CIK 0001328143),2021-10-12,2021-10-12,2021-11-24,43,43,True,2021
merger,1328571,NTELOS HOLDINGS CORP.  (CIK 0001328571),2015-10-13,2015-08-12,2016-05-06,268,206,True,2015
tender,1329919,"Vocus, Inc.  (CIK 0001329919)",2014-04-18,2014-04-07,2014-06-02,56,45,True,2014
merger,1330421,Bazaarvoice Inc  (CIK 0001330421),2017-12-26,2017-11-27,2018-02-01,66,37,True,2017
tender,1330622,"KBS Real Estate Investment Trust, Inc.  (CIK 0001330622)",2017-02-13,2016-10-07,2018-12-28,812,683,True,2017
tender,1331301,"BOULDER BRANDS, INC.  (CIK 0001331301)",2015-12-09,2015-11-24,2016-01-15,52,37,True,2015
merger,1331745,"TAL International Group, Inc.  (CIK 0001331745)",2016-05-09,2016-05-09,2016-07-13,65,65,True,2016
merger,1333170,"NxStage Medical, Inc.  (CIK 0001333170)",2017-09-22,2017-08-07,2019-02-22,564,518,True,2017
tender,1333248,CADENCE PHARMACEUTICALS INC  (CIK 0001333248),2014-02-25,2014-02-11,2014-03-19,36,22,True,2014
tender,1333513,"Dealertrack Technologies, Inc  (CIK 0001333513)",2015-06-26,2015-06-15,2015-10-01,108,97,True,2015
tender,1333763,"Chelsea Therapeutics International, Ltd.  (CIK 0001333763)",2014-05-23,2014-05-08,2014-06-23,46,31,True,2014
tender,1334478,"NCI, Inc.  (CIK 0001334478)",2017-07-17,2017-07-03,2017-08-15,43,29,True,2017
merger,1334814,ZILLOW INC  (CIK 0001334814),2014-11-18,2014-04-17,2015-04-28,376,161,True,2014
merger,1337553,AERIE PHARMACEUTICALS INC  (CIK 0001337553),2022-10-07,2022-08-23,2022-11-21,90,45,True,2022
merger,1337619,"ENVESTNET, INC.  (ENV)  (CIK 0001337619)",2024-08-23,2024-07-11,2024-11-25,137,94,True,2024
merger,1338749,POTLATCHDELTIC CORP  (PCH)  (CIK 0001338749),2025-12-23,2025-12-23,2026-02-12,51,51,True,2025
merger,1339048,"Western Refining, Inc.  (CIK 0001339048)",2017-02-17,2017-02-17,2017-06-02,105,105,True,2017
tender,1339605,"H&E Equipment Services, Inc.  (HEES)  (CIK 0001339605)",2025-01-28,2025-01-14,2025-06-02,139,125,True,2025
tender,1340127,Carbonite Inc  (CIK 0001340127),2015-01-09,2015-01-09,,,,False,2015
tender,1340127,Carbonite Inc  (CIK 0001340127),2019-11-25,2019-11-12,2019-12-26,44,31,True,2019
tender,1340243,MorphoSys AG  (MPSYF)  (CIK 0001340243),2024-04-11,2024-02-05,2024-07-25,171,105,True,2024
merger,1340652,"ChemoCentryx, Inc.  (CIK 0001340652)",2022-09-14,2022-08-08,2022-10-20,73,36,True,2022
tender,1341141,"CatchMark Timber Trust, Inc.  (CIK 0001341141)",2014-02-19,2014-02-19,2014-06-13,114,114,True,2014
merger,1342126,Morgans Hotel Group Co.  (CIK 0001342126),2016-08-04,2016-05-10,2016-12-01,205,119,True,2016
tender,1342287,General Finance CORP  (CIK 0001342287),2021-04-16,2021-04-16,2021-05-25,39,39,True,2021
merger,1343034,TWO RIVER BANCORP  (CIK 0001343034),2019-11-01,2019-11-01,2019-12-05,34,34,True,2019
merger,1343719,ENERGY XXI (BERMUDA) LTD  (CIK 0001343719),2014-04-21,2014-04-21,,,,False,2014
tender,1344413,Alexza Pharmaceuticals Inc.  (CIK 0001344413),2016-05-23,2016-05-10,2016-07-05,56,43,True,2016
merger,1347218,"Atlas Energy, L.P.  (CIK 0001347218)",2015-01-22,2015-01-22,2015-03-03,40,40,True,2015
tender,1347523,"Landmark Apartment Trust of America, Inc.  (CIK 0001347523)",2014-10-10,2014-10-10,2016-01-27,474,474,True,2014
merger,1348036,"AVALARA, INC.  (CIK 0001348036)",2022-09-12,2022-08-08,2022-10-19,72,37,True,2022
merger,1348259,VALIDUS HOLDINGS LTD  (CIK 0001348259),2018-03-26,2018-01-22,2018-07-18,177,114,True,2018
tender,1348324,LDR HOLDING CORP  (CIK 0001348324),2016-06-14,2016-03-10,2016-07-13,125,29,True,2016
merger,1348334,BARRACUDA NETWORKS INC  (CIK 0001348334),2018-01-09,2017-11-27,2018-02-12,77,34,True,2018
tender,1348649,"CoLucid Pharmaceuticals, Inc.  (CIK 0001348649)",2017-01-31,2017-01-18,2017-03-01,42,29,True,2017
merger,1349454,"TRULIA, INC.  (CIK 0001349454)",2014-11-18,2014-04-22,2015-02-18,302,92,True,2014
merger,1350072,"CMS Bancorp, Inc.  (CIK 0001350072)",2015-01-13,2014-08-18,2015-04-28,253,105,True,2015
merger,1350381,INNERWORKINGS INC  (CIK 0001350381),2020-08-21,2020-06-05,2020-10-01,118,41,True,2020
tender,1351285,ROSETTA STONE INC  (CIK 0001351285),2020-09-15,2020-08-31,2020-10-15,45,30,True,2020
merger,1351288,GW PHARMACEUTICALS PLC  (CIK 0001351288),2021-03-15,2021-02-03,2021-05-05,91,51,True,2021
merger,1351541,"Delek US Holdings, Inc.  (CIK 0001351541)",2017-05-30,2017-05-30,2017-07-03,34,34,True,2017
tender,1353123,Augusta Resource CORP  (CIK 0001353123),2014-03-17,2014-03-17,2014-09-23,190,190,True,2014
merger,1353970,China XD Plastics Co Ltd  (CIK 0001353970),2020-09-30,2020-09-30,2022-02-09,497,497,True,2020
tender,1354217,Volcano Corp  (CIK 0001354217),2014-12-30,2014-12-17,2015-02-17,62,49,True,2014
merger,1354327,"PGT Innovations, Inc.  (CIK 0001354327)",2024-02-14,2024-01-17,2024-03-28,71,43,True,2024
merger,1355754,INSTRUCTURE INC  (CIK 0001355754),2020-01-02,2019-12-04,2020-03-24,111,82,True,2020
merger,1356104,"Mellanox Technologies, Ltd.  (CIK 0001356104)",2019-05-08,2019-03-11,2020-05-07,423,365,True,2019
merger,1356949,Houston Wire & Cable CO  (CIK 0001356949),2021-05-12,2021-03-25,2021-06-25,92,44,True,2021
tender,1357204,"DUNKIN' BRANDS GROUP, INC.  (CIK 0001357204)",2020-11-16,2020-11-02,2020-12-15,43,29,True,2020
merger,1357326,"Riverbed Technology, Inc.  (CIK 0001357326)",2015-01-20,2014-12-15,2015-04-24,130,94,True,2015
merger,1358071,CONCHO RESOURCES INC  (CIK 0001358071),2020-12-11,2020-03-16,2021-01-19,309,39,True,2020
tender,1358483,"Everyday Health, Inc.  (CIK 0001358483)",2016-11-02,2016-10-21,2016-12-06,46,34,True,2016
merger,1358762,REATA PHARMACEUTICALS INC  (CIK 0001358762),2023-08-22,2023-07-28,2023-09-26,60,35,True,2023
tender,1359555,Pendrell Corp  (CIK 0001359555),2017-10-13,2017-10-13,2017-12-04,52,52,True,2017
merger,1359841,Hanesbrands Inc.  (HBI)  (CIK 0001359841),2025-10-23,2025-03-17,2025-12-01,259,39,True,2025
merger,1360530,"Vitamin Shoppe, Inc.  (CIK 0001360530)",2019-11-12,2019-08-08,2019-12-17,131,35,True,2019
merger,1360683,"TALMER BANCORP, INC.  (CIK 0001360683)",2016-06-13,2016-06-13,2016-08-31,79,79,True,2016
tender,1360886,"OSIRIS THERAPEUTICS, INC.  (CIK 0001360886)",2019-03-20,2019-03-12,2019-04-17,36,28,True,2019
tender,1361470,MAVENIR SYSTEMS INC  (CIK 0001361470),2015-04-01,2015-04-01,2015-04-30,29,29,True,2015
merger,1361709,Susser Holdings CORP  (CIK 0001361709),2014-07-30,2014-07-30,2014-08-29,30,30,True,2014
merger,1361983,ORBCOMM Inc.  (CIK 0001361983),2021-05-27,2021-04-08,2021-09-01,146,97,True,2021
tender,1362925,Planet Payment Inc  (CIK 0001362925),2017-11-13,2017-10-27,2017-12-20,54,37,True,2017
merger,1362988,Aircastle LTD  (AYR)  (CIK 0001362988),2020-01-23,2019-11-07,2020-03-30,144,67,True,2020
merger,1363829,"Enstar Group LTD  (ESGR, ESGRO, ESGRP)  (CIK 0001363829)",2024-10-11,2024-07-29,2025-07-02,338,264,True,2024
merger,1364099,"Innophos Holdings, Inc.  (CIK 0001364099)",2019-12-06,2019-10-21,2020-02-07,109,63,True,2019
tender,1364728,Central GoldTrust  (CIK 0001364728),2015-06-09,2015-04-27,2016-01-19,267,224,True,2015
merger,1364962,IMPERVA INC  (CIK 0001364962),2018-12-06,2018-10-10,2019-01-10,92,35,True,2018
merger,1365038,LEAF GROUP LTD.  (CIK 0001365038),2021-05-06,2021-04-05,2021-06-14,70,39,True,2021
tender,1365101,Primo Water Corp  (CIK 0001365101),2020-01-29,2020-01-29,2020-03-02,33,33,True,2020
tender,1365216,"Sucampo Pharmaceuticals, Inc.  (CIK 0001365216)",2017-12-26,2017-12-26,2018-02-13,49,49,True,2017
merger,1365555,"Amtrust Financial Services, Inc.  (CIK 0001365555)",2018-05-04,2018-03-01,2018-11-29,273,209,True,2018
merger,1366246,GLU MOBILE INC  (CIK 0001366246),2021-03-25,2021-02-08,2021-04-29,80,35,True,2021
tender,1366340,"FINJAN HOLDINGS, INC.  (CIK 0001366340)",2020-06-24,2020-06-10,2020-07-24,44,30,True,2020
merger,1366367,YADKIN FINANCIAL Corp  (CIK 0001366367),2016-10-17,2016-10-17,2017-03-13,147,147,True,2016
tender,1366527,"Carbon Black, Inc.  (CIK 0001366527)",2019-09-06,2019-08-22,2019-10-08,47,32,True,2019
merger,1366561,SMARTSHEET INC  (SMAR)  (CIK 0001366561),2024-11-04,2024-09-24,2025-01-22,120,79,True,2024
tender,1366649,Dialogic Inc.  (CIK 0001366649),2014-10-24,2014-10-15,2014-11-24,40,31,True,2014
tender,1366684,HOMEAWAY INC  (CIK 0001366684),2015-11-16,2015-11-04,2015-12-15,41,29,True,2015
tender,1367920,"CONCERT PHARMACEUTICALS, INC.  (CIK 0001367920)",2023-02-02,2023-01-19,2023-03-06,46,32,True,2023
merger,1368308,"Highpower International, Inc.  (CIK 0001368308)",2019-09-27,2019-06-28,2019-10-31,125,34,True,2019
merger,1368993,"WaferGen Bio-systems, Inc.  (CIK 0001368993)",2016-09-15,2016-05-18,2017-03-01,287,167,True,2016
tender,1369786,"Sagent Pharmaceuticals, Inc.  (CIK 0001369786)",2016-08-01,2016-07-11,2016-08-29,49,28,True,2016
merger,1369817,"OneBeacon Insurance Group, Ltd.  (CIK 0001369817)",2017-06-08,2017-04-11,2017-09-28,170,112,True,2017
tender,1370431,Vedanta Ltd  (CIK 0001370431),2021-03-18,2021-02-03,2021-10-29,268,225,True,2021
merger,1370702,QUANTENNA COMMUNICATIONS INC  (CIK 0001370702),2019-05-14,2019-03-27,2019-06-19,84,36,True,2019
merger,1370880,"Mandiant, Inc.  (CIK 0001370880)",2022-04-28,2022-03-08,2022-09-12,188,137,True,2022
merger,1371217,ReShape Lifesciences Inc.  (CIK 0001371217),2021-04-13,2021-04-13,2021-06-22,70,70,True,2021
tender,1371781,"World Energy Solutions, Inc.  (CIK 0001371781)",2014-11-19,2014-11-04,2015-01-05,62,47,True,2014
tender,1372375,Millennial Media Inc.  (CIK 0001372375),2015-09-18,2015-09-03,2015-10-23,50,35,True,2015
tender,1372414,"AEROHIVE NETWORKS, INC  (CIK 0001372414)",2019-07-12,2019-04-09,2019-08-09,122,28,True,2019
merger,1373525,"FIRST CAPITAL BANCORP, INC.  (CIK 0001373525)",2015-11-25,2015-10-01,2015-12-31,91,36,True,2015
merger,1373561,"NewStar Financial, Inc.  (CIK 0001373561)",2017-11-30,2017-10-17,2017-12-22,66,22,True,2017
tender,1373707,TETRAPHASE PHARMACEUTICALS INC  (CIK 0001373707),2020-06-12,2020-03-16,2020-07-28,134,46,True,2020
merger,1374128,ENTELLUS MEDICAL INC  (CIK 0001374128),2018-01-24,2017-12-07,2018-02-28,83,35,True,2018
merger,1374535,Altra Industrial Motion Corp.  (CIK 0001374535),2022-12-14,2022-10-27,2023-03-27,151,103,True,2022
tender,1374684,"MULESOFT, INC  (CIK 0001374684)",2018-04-02,2018-03-20,2018-05-02,43,30,True,2018
tender,1375151,"ZOGENIX, INC.  (CIK 0001375151)",2022-02-01,2022-01-19,2022-03-07,47,34,True,2022
tender,1375200,NUPATHE INC.  (CIK 0001375200),2014-01-23,2013-12-16,2014-02-21,67,29,True,2014
tender,1375557,"Guidance Software, Inc.  (CIK 0001375557)",2017-08-08,2017-07-26,2017-09-14,50,37,True,2017
tender,1376139,CVR ENERGY INC  (CVI)  (CIK 0001376139),2024-12-06,2024-11-08,,,,False,2024
merger,1377013,TIME WARNER CABLE INC.  (CIK 0001377013),2014-09-05,2014-04-24,2016-05-18,755,621,True,2014
tender,1378239,"Central North Airport Group  (OMAB, GAERF)  (CIK 0001378239)",2020-12-23,2020-12-22,,,,False,2020
merger,1378453,TravelCenters of America Inc. /MD/  (CIK 0001378453),2023-04-03,2023-02-16,2023-05-15,88,42,True,2023
merger,1378624,"Cellular Biomedicine Group, Inc.  (CIK 0001378624)",2020-12-29,2020-08-12,2021-02-19,191,52,True,2020
merger,1378718,"Wesco Aircraft Holdings, Inc  (CIK 0001378718)",2019-09-13,2019-08-09,2020-01-09,153,118,True,2019
tender,1378774,Sentio Healthcare Properties Inc  (CIK 0001378774),2014-04-28,2014-04-10,,,,False,2014
tender,1378774,Sentio Healthcare Properties Inc  (CIK 0001378774),2016-02-12,2015-09-14,2017-08-31,717,566,True,2016
merger,1380393,Fortress Investment Group LLC  (CIK 0001380393),2017-06-07,2017-02-15,2017-12-27,315,203,True,2017
merger,1380509,"HFF, Inc.  (CIK 0001380509)",2019-05-31,2019-05-31,2019-07-02,32,32,True,2019
merger,1381507,"LIMEADE, INC  (CIK 0001381507)",2023-07-10,2023-05-01,2023-08-09,100,30,True,2023
merger,1381531,Domtar CORP  (CIK 0001381531),2021-06-29,2021-03-25,2021-11-30,250,154,True,2021
tender,1383183,CombiMatrix Corp  (CIK 0001383183),2017-09-14,2017-05-02,2017-11-15,197,62,True,2017
tender,1383395,SEQUANS COMMUNICATIONS  (SQNS)  (CIK 0001383395),2023-09-11,2023-08-07,,,,False,2023
tender,1383729,"FUSION-IO, INC.  (CIK 0001383729)",2014-06-24,2014-06-16,2014-07-23,37,29,True,2014
merger,1383871,"LIFELOCK, INC.  (CIK 0001383871)",2016-12-23,2016-11-21,2017-02-09,80,48,True,2016
tender,1384710,"Monogram Residential Trust, Inc.  (CIK 0001384710)",2014-07-14,2013-11-07,,,,False,2014
merger,1384710,"Monogram Residential Trust, Inc.  (CIK 0001384710)",2017-08-10,2017-07-05,2017-09-20,77,41,True,2017
merger,1385292,Monotype Imaging Holdings Inc.  (CIK 0001385292),2019-09-09,2019-07-26,2019-10-11,77,32,True,2019
merger,1385508,"OPIANT PHARMACEUTICALS, INC.  (CIK 0001385508)",2023-01-04,2022-11-15,2023-03-02,107,57,True,2023
merger,1385867,Coupa Software Inc  (CIK 0001385867),2023-01-23,2022-12-12,2023-02-28,78,36,True,2023
tender,1386858,HYPERION THERAPEUTICS INC  (CIK 0001386858),2015-03-30,2015-03-30,2015-05-07,38,38,True,2015
tender,1387061,"Behringer Harvard Opportunity REIT II, Inc.  (CIK 0001387061)",2017-06-05,2017-06-05,,,,False,2017
tender,1387061,"Lightstone Value Plus Real Estate Investment Trust V, Inc.  (CIK 0001387061)",2019-12-13,2019-12-13,,,,False,2019
tender,1388133,ShoreTel Inc  (CIK 0001388133),2017-08-17,2017-07-27,2017-09-25,60,39,True,2017
merger,1388195,PharMerica CORP  (CIK 0001388195),2017-10-03,2017-08-02,2017-12-08,128,66,True,2017
merger,1388430,"CAI International, Inc.  (CIK 0001388430)",2021-08-04,2021-04-21,2021-11-23,216,111,True,2021
tender,1389072,"HeartWare International, Inc.  (CIK 0001389072)",2016-07-26,2016-06-27,2016-08-23,57,28,True,2016
merger,1389170,Targa Resources Corp.  (TRGP)  (CIK 0001389170),2015-01-22,2014-04-07,,,,False,2015
merger,1390162,Howard Bancorp Inc  (CIK 0001390162),2021-10-05,2021-04-13,2022-01-24,286,111,True,2021
merger,1390312,"Bancorp of New Jersey, Inc.  (CIK 0001390312)",2019-10-22,2019-10-22,2020-01-02,72,72,True,2019
merger,1390844,WABCO Holdings Inc.  (CIK 0001390844),2019-05-20,2019-03-28,2020-05-29,428,375,True,2019
merger,1392091,"Blueknight Energy Partners, L.P.  (CIK 0001392091)",2022-07-08,2022-04-22,2022-08-17,117,40,True,2022
merger,1392522,"Freescale Semiconductor, Ltd.  (CIK 0001392522)",2015-06-01,2015-06-01,2015-12-08,190,190,True,2015
merger,1392562,LOUISIANA BANCORP INC  (CIK 0001392562),2015-07-28,2015-06-18,2015-09-15,89,49,True,2015
merger,1392972,"PROS Holdings, Inc.  (PRO)  (CIK 0001392972)",2025-11-03,2025-09-22,2025-12-09,78,36,True,2025
tender,1393020,"Invuity, Inc.  (CIK 0001393020)",2018-09-24,2018-09-11,2018-10-23,42,29,True,2018
merger,1393066,Resolute Forest Products Inc.  (CIK 0001393066),2022-09-20,2022-04-14,2023-03-01,321,162,True,2022
merger,1394074,"Spectra Energy Partners, LP  (CIK 0001394074)",2018-11-09,2018-11-09,2018-12-17,38,38,True,2018
merger,1394156,"Diversified Restaurant Holdings, Inc.  (CIK 0001394156)",2019-11-25,2019-11-06,2020-02-25,111,92,True,2019
merger,1394159,"Orbitz Worldwide, Inc.  (CIK 0001394159)",2015-04-10,2015-02-13,2015-09-17,216,160,True,2015
tender,1395213,EDENOR  (EDN)  (CIK 0001395213),2021-07-30,2021-07-30,,,,False,2021
merger,1395848,ADESTO TECHNOLOGIES Corp  (CIK 0001395848),2020-03-27,2020-02-20,2020-06-29,130,94,True,2020
merger,1397702,Silk Road Medical Inc  (SILK)  (CIK 0001397702),2024-07-29,2024-04-26,2024-09-17,144,50,True,2024
merger,1397807,"AmREIT, Inc.  (CIK 0001397807)",2014-12-22,2014-11-03,2015-02-18,107,58,True,2014
merger,1398551,"Yongye International, Inc.  (CIK 0001398551)",2014-01-09,2013-10-28,2014-07-07,252,179,True,2014
merger,1398987,Anywhere Real Estate Inc.  (HOUS)  (CIK 0001398987),2025-12-02,2025-03-24,2026-01-09,291,38,True,2025
merger,1399249,"Pzena Investment Management, Inc.  (CIK 0001399249)",2022-09-27,2022-07-26,2022-10-31,97,34,True,2022
tender,1399529,Dicerna Pharmaceuticals Inc  (CIK 0001399529),2021-11-24,2021-11-18,2021-12-28,40,34,True,2021
merger,1400431,PATHEON INC  (CIK 0001400431),2014-02-04,2013-11-19,2014-03-11,112,35,True,2014
merger,1401680,Cornerstone OnDemand Inc  (CIK 0001401680),2021-09-10,2021-08-06,2021-10-15,70,35,True,2021
tender,1401688,"Vitacost.com, Inc.  (CIK 0001401688)",2014-07-02,2014-07-02,2014-08-18,47,47,True,2014
merger,1403256,"Sculptor Capital Management, Inc.  (CIK 0001403256)",2023-10-12,2023-04-28,2023-11-17,203,36,True,2023
merger,1403385,Symetra Financial CORP  (CIK 0001403385),2015-09-30,2015-08-11,2016-02-01,174,124,True,2015
merger,1403431,"Heritage-Crystal Clean, Inc.  (CIK 0001403431)",2023-08-31,2023-07-20,2023-10-17,89,47,True,2023
merger,1403528,"Oaktree Capital Group, LLC  (OAK-PA, OAK-PB)  (CIK 0001403528)",2019-06-20,2019-06-20,2019-09-30,102,102,True,2019
tender,1403708,Evoke Pharma Inc  (EVOK)  (CIK 0001403708),2025-11-17,2025-11-04,2025-12-17,43,30,True,2025
merger,1404123,1Life Healthcare Inc  (CIK 0001404123),2022-08-24,2022-07-22,2023-02-22,215,182,True,2022
merger,1404296,Atlantic Coast Financial CORP  (CIK 0001404296),2018-02-20,2018-02-20,2018-06-08,108,108,True,2018
merger,1404973,"Energy XXI Gulf Coast, Inc.  (CIK 0001404973)",2018-08-03,2018-05-01,2018-10-18,170,76,True,2018
merger,1405277,"Constant Contact, Inc.  (CIK 0001405277)",2015-12-09,2015-11-02,2016-02-09,99,62,True,2015
merger,1406587,Forestar Group Inc.  (FOR)  (CIK 0001406587),2017-06-01,2017-03-28,2017-10-06,192,127,True,2017
merger,1407067,Franklin Financial Network Inc.  (CIK 0001407067),2020-05-04,2020-05-04,2020-08-17,105,105,True,2020
merger,1407623,RETAIL OPPORTUNITY INVESTMENTS CORP  (ROIC)  (CIK 0001407623),2025-01-06,2024-11-06,2025-02-12,98,37,True,2025
tender,1408278,"Synacor, Inc.  (CIK 0001408278)",2021-03-03,2021-02-11,2021-04-01,49,29,True,2021
merger,1408287,Zep Inc.  (CIK 0001408287),2015-05-26,2015-04-08,2015-06-26,79,31,True,2015
tender,1409970,LendingClub Corp  (LC)  (CIK 0001409970),2017-07-21,2017-04-24,,,,False,2017
tender,1410172,"Rubicon Technology, Inc.  (RBCN)  (CIK 0001410172)",2022-07-26,2022-07-05,2022-12-23,171,150,True,2022
merger,1410471,"IPC Healthcare, Inc.  (CIK 0001410471)",2015-10-15,2015-09-09,2015-11-23,75,39,True,2015
tender,1410567,"Strategic Storage Trust, Inc.  (CIK 0001410567)",2014-08-01,2014-08-01,2015-10-01,426,426,True,2014
merger,1410838,"El Paso Pipeline Partners, L.P.  (CIK 0001410838)",2014-10-22,2014-10-22,2014-11-28,37,37,True,2014
merger,1410939,"IVERIC bio, Inc.  (CIK 0001410939)",2023-06-05,2023-04-05,2023-07-11,97,36,True,2023
tender,1411059,"KBS Real Estate Investment Trust II, Inc.  (CIK 0001411059)",2014-12-04,2014-12-04,,,,False,2014
tender,1411158,"Anacor Pharmaceuticals, Inc.  (CIK 0001411158)",2016-05-26,2016-05-16,2016-06-24,39,29,True,2016
merger,1411303,"Cape Bancorp, Inc.  (CIK 0001411303)",2015-02-13,2015-02-13,2016-05-02,444,444,True,2015
merger,1411488,"BLACKHAWK NETWORK HOLDINGS, INC  (CIK 0001411488)",2018-03-02,2018-01-16,2018-06-15,150,105,True,2018
tender,1411574,"Surgical Care Affiliates, Inc.  (CIK 0001411574)",2017-02-21,2017-01-09,2017-03-24,74,31,True,2017
tender,1412043,"OPOWER, INC.  (CIK 0001412043)",2016-05-16,2016-04-14,2016-06-14,61,29,True,2016
tender,1412067,"Cascadian Therapeutics, Inc.  (CIK 0001412067)",2018-02-08,2018-01-31,2018-03-09,37,29,True,2018
tender,1412270,Care.com Inc  (CIK 0001412270),2020-01-13,2019-12-20,2020-02-11,53,29,True,2020
tender,1412347,"Westmoreland Resource Partners, LP  (CIK 0001412347)",2019-02-13,2019-02-13,2019-04-05,51,51,True,2019
merger,1412665,"MidWestOne Financial Group, Inc.  (MOFG)  (CIK 0001412665)",2015-03-20,2015-03-05,,,,False,2015
merger,1412665,"MidWestOne Financial Group, Inc.  (MOFG)  (CIK 0001412665)",2025-12-19,2025-03-11,2026-02-13,339,56,True,2025
merger,1412707,Level One Bancorp Inc  (CIK 0001412707),2022-01-14,2021-03-26,2022-03-31,370,76,True,2022
tender,1413447,NXP Semiconductors N.V.  (NXPI)  (CIK 0001413447),2016-11-18,2016-10-27,,,,False,2016
merger,1413507,SRC Energy Inc.  (CIK 0001413507),2019-12-09,2019-12-09,2020-01-15,37,37,True,2019
merger,1413898,DallasNews Corp  (DALN)  (CIK 0001413898),2025-08-15,2025-07-10,2025-09-24,76,40,True,2025
tender,1414964,Resource Real Estate Investors 6 LP  (CIK 0001414964),2015-03-26,2015-03-26,,,,False,2015
merger,1415277,"1st United Bancorp, Inc.  (CIK 0001415277)",2014-07-29,2014-05-20,2014-10-31,164,94,True,2014
merger,1415301,"Del Frisco's Restaurant Group, Inc.  (CIK 0001415301)",2019-08-06,2019-06-24,2019-09-25,93,50,True,2019
merger,1415336,Zeltiq Aesthetics Inc  (CIK 0001415336),2017-03-23,2017-02-14,2017-04-28,73,36,True,2017
tender,1415624,YuMe Inc  (CIK 0001415624),2018-01-04,2018-01-04,2018-02-02,29,29,True,2018
tender,1416792,Relypsa Inc  (CIK 0001416792),2016-08-04,2016-04-28,2016-09-01,126,28,True,2016
merger,1417398,"Hillenbrand, Inc.  (HI)  (CIK 0001417398)",2025-12-01,2025-10-15,2026-02-10,118,71,True,2025
merger,1417892,Emeren Group Ltd  (SOL)  (CIK 0001417892),2025-10-14,2025-06-20,2025-12-15,178,62,True,2025
merger,1418091,"TWITTER, INC.  (CIK 0001418091)",2022-07-26,2022-04-12,2022-10-28,199,94,True,2022
tender,1418121,"Apple Hospitality REIT, Inc.  (APLE)  (CIK 0001418121)",2014-05-30,2014-01-16,,,,False,2014
merger,1419242,ATLANTIC POWER CORP  (CIK 0001419242),2021-03-02,2021-01-15,2021-05-17,122,76,True,2021
tender,1419521,Hatteras Financial Corp  (CIK 0001419521),2016-05-05,2016-03-25,2016-07-12,109,68,True,2016
tender,1419581,Federal-Mogul Holdings Corp  (CIK 0001419581),2016-09-26,2016-09-07,2017-01-23,138,119,True,2016
tender,1419600,Flexion Therapeutics Inc  (CIK 0001419600),2021-10-22,2021-10-12,2021-11-19,38,28,True,2021
merger,1419625,Apptio Inc  (CIK 0001419625),2018-12-10,2018-11-13,2019-01-10,58,31,True,2018
tender,1419852,MATTRESS FIRM HOLDING CORP.  (CIK 0001419852),2016-08-16,2016-08-08,2016-09-16,39,31,True,2016
merger,1420302,"LogMeIn, Inc.  (CIK 0001420302)",2020-02-07,2019-12-17,2020-08-31,258,206,True,2020
merger,1420525,"1st Century Bancshares, Inc.  (CIK 0001420525)",2016-05-18,2016-03-11,2016-07-01,112,44,True,2016
merger,1420783,Columbia Pipeline Partners LP  (CIK 0001420783),2017-01-03,2016-11-01,2017-02-17,108,45,True,2017
merger,1420811,"On Deck Capital, Inc.  (CIK 0001420811)",2020-09-08,2020-04-29,2020-10-13,167,35,True,2020
merger,1421182,Verso Corp  (CIK 0001421182),2022-02-08,2021-12-20,2022-03-31,101,51,True,2022
merger,1422841,AquaVenture Holdings Ltd  (CIK 0001422841),2020-02-18,2019-12-23,2020-03-30,98,41,True,2020
merger,1422862,"PMFG, Inc.  (CIK 0001422862)",2015-07-31,2015-05-04,2015-09-03,122,34,True,2015
tender,1423542,"SKULLCANDY, INC.  (CIK 0001423542)",2016-07-06,2016-04-06,2016-10-03,180,89,True,2016
merger,1423774,ZUORA INC  (ZUO)  (CIK 0001423774),2024-12-31,2024-10-17,2025-02-14,120,45,True,2024
tender,1423824,ALDER BIOPHARMACEUTICALS INC  (CIK 0001423824),2019-09-23,2019-09-16,2019-10-22,36,29,True,2019
merger,1424755,Travelport Worldwide LTD  (CIK 0001424755),2019-02-13,2018-12-10,2019-05-31,172,107,True,2019
tender,1424879,"Moody National REIT I, Inc.  (CIK 0001424879)",2016-10-20,2016-10-20,2017-09-28,343,343,True,2016
tender,1426332,NGM BIOPHARMACEUTICALS INC  (CIK 0001426332),2024-03-08,2024-02-26,2024-04-05,39,28,True,2024
merger,1426945,"Echo Global Logistics, Inc.  (CIK 0001426945)",2021-10-21,2021-09-10,2021-11-23,74,33,True,2021
tender,1428522,"Radius Health, Inc.  (CIK 0001428522)",2022-07-13,2022-06-06,2022-08-15,70,33,True,2022
merger,1428669,"SolarWinds, Inc.  (CIK 0001428669)",2015-12-15,2015-10-21,2016-02-09,111,56,True,2015
merger,1428875,TERMINIX GLOBAL HOLDINGS INC  (CIK 0001428875),2022-09-07,2022-09-07,2022-10-12,35,35,True,2022
tender,1430259,Carey Watermark Investors Inc  (CIK 0001430259),2019-02-21,2019-02-21,2020-04-13,417,417,True,2019
merger,1430592,"Financial Engines, Inc.  (CIK 0001430592)",2018-06-05,2018-04-30,2018-07-19,80,44,True,2018
merger,1430602,"Scripps Networks Interactive, Inc.  (CIK 0001430602)",2017-10-19,2017-07-31,2018-03-06,218,138,True,2017
merger,1431695,Olo Inc.  (OLO)  (CIK 0001431695),2025-08-08,2025-04-24,2025-09-12,141,35,True,2025
tender,1431897,"Annie's, Inc.  (CIK 0001431897)",2014-09-22,2014-09-08,2014-10-21,43,29,True,2014
tender,1432150,"GigPeak, Inc.  (CIK 0001432150)",2017-02-13,2017-02-13,2017-04-11,57,57,True,2017
merger,1432732,"TriVascular Technologies, Inc.  (CIK 0001432732)",2016-01-08,2016-01-08,2016-02-04,27,27,True,2016
merger,1433269,Diligent Corp  (CIK 0001433269),2016-03-15,2016-02-16,2016-04-15,59,31,True,2016
tender,1433714,"CASTLIGHT HEALTH, INC.  (CIK 0001433714)",2022-01-19,2022-01-05,2022-02-17,43,29,True,2022
tender,1434418,CONSTELLATION PHARMACEUTICALS INC  (CIK 0001434418),2021-06-16,2021-04-23,2021-07-15,83,29,True,2021
merger,1434620,"ILG, Inc.  (CIK 0001434620)",2018-07-24,2018-03-16,2018-09-04,172,42,True,2018
merger,1435049,"CHINOOK THERAPEUTICS, INC.  (CIK 0001435049)",2023-07-10,2023-04-28,2023-08-11,105,32,True,2023
merger,1435508,"First Savings Financial Group, Inc.  (FSFG)  (CIK 0001435508)",2025-11-06,2025-09-25,2026-02-02,130,88,True,2025
merger,1436304,KYTHERA BIOPHARMACEUTICALS INC  (CIK 0001436304),2015-08-21,2015-08-05,2015-10-01,57,41,True,2015
tender,1436975,"Lightstone Value Plus REIT II, Inc.  (CIK 0001436975)",2023-11-22,2023-10-19,,,,False,2023
merger,1437106,"Ascent Capital Group, Inc.  (CIK 0001437106)",2019-07-25,2019-05-21,2019-09-06,108,43,True,2019
tender,1437107,"Warner Bros. Discovery, Inc.  (WBD)  (CIK 0001437107)",2025-12-17,2025-04-23,,,,False,2025
merger,1437352,"EVERBRIDGE, INC.  (CIK 0001437352)",2024-03-21,2024-02-05,2024-07-02,148,103,True,2024
tender,1437786,IMMUNE DESIGN CORP.  (CIK 0001437786),2019-03-05,2019-02-21,2019-04-02,40,28,True,2019
tender,1438897,"Inland Diversified Real Estate Trust, Inc.  (CIK 0001438897)",2014-04-04,2014-04-04,2014-07-08,95,95,True,2014
merger,1439404,ZYNGA INC  (CIK 0001439404),2022-04-07,2022-04-07,2022-05-23,46,46,True,2022
tender,1440292,United Development Funding IV  (CIK 0001440292),2016-10-24,2016-10-24,2017-05-18,206,206,True,2016
merger,1441634,Avago Technologies LTD  (CIK 0001441634),2015-09-28,2015-03-31,2016-01-29,304,123,True,2015
merger,1441693,MARRONE BIO INNOVATIONS INC  (CIK 0001441693),2022-06-09,2022-06-09,2022-07-12,33,33,True,2022
tender,1442626,"Bluerock Residential Growth REIT, Inc.  (CIK 0001442626)",2014-08-07,2014-07-09,2015-04-30,295,266,True,2014
merger,1442626,"Bluerock Residential Growth REIT, Inc.  (CIK 0001442626)",2022-03-11,2021-12-20,2022-10-06,290,209,True,2022
tender,1442836,"Mersana Therapeutics, Inc.  (MRSN)  (CIK 0001442836)",2025-12-05,2025-11-13,2026-01-06,54,32,True,2025
merger,1444363,"GAIN Capital Holdings, Inc.  (CIK 0001444363)",2020-05-01,2020-04-10,2020-07-31,112,91,True,2020
merger,1444380,NEVRO CORP  (NVRO)  (CIK 0001444380),2025-03-10,2025-02-06,2025-04-03,56,24,True,2025
merger,1444397,Ocean Shore Holding Co.  (CIK 0001444397),2016-10-20,2016-10-20,2016-12-12,53,53,True,2016
tender,1446371,"Strategic Realty Trust, Inc.  (SGIC)  (CIK 0001446371)",2014-08-12,2014-01-03,,,,False,2014
tender,1446371,"Strategic Realty Trust, Inc.  (SGIC)  (CIK 0001446371)",2022-11-03,2022-11-03,,,,False,2022
tender,1446687,"Hartman Short Term Income Properties XX, Inc.  (CIK 0001446687)",2019-12-02,2019-12-02,,,,False,2019
merger,1447599,"FITBIT, INC.  (CIK 0001447599)",2019-12-12,2019-11-01,2021-01-14,440,399,True,2019
merger,1448056,"NEW RELIC, INC.  (CIK 0001448056)",2023-09-25,2023-06-30,2023-11-08,131,44,True,2023
merger,1448597,AUGUSTA GOLD CORP.  (AUGG)  (CIK 0001448597),2025-09-18,2025-07-16,2025-10-23,99,35,True,2025
tender,1449278,TUBEMOGUL INC  (CIK 0001449278),2016-11-18,2016-11-10,2016-12-19,39,31,True,2016
merger,1449488,CSI Compressco LP  (CIK 0001449488),2024-02-21,2024-02-21,2024-04-01,40,40,True,2024
merger,1449732,"Willbros Group, Inc.\NEW\  (CIK 0001449732)",2018-05-02,2018-03-28,2018-06-19,83,48,True,2018
tender,1449877,Petrobras Argentina S.A.  (CIK 0001449877),2016-10-28,2016-06-13,2018-05-22,708,571,True,2016
tender,1452168,"CNL Growth Properties, Inc.  (CIK 0001452168)",2015-12-07,2015-12-07,2017-10-31,694,694,True,2015
merger,1452575,Mead Johnson Nutrition Co  (CIK 0001452575),2017-04-27,2017-02-10,2017-06-15,125,49,True,2017
tender,1452751,Nimble Storage Inc  (CIK 0001452751),2017-03-17,2017-03-07,2017-04-17,41,31,True,2017
tender,1452936,"KBS Strategic Opportunity REIT, Inc.  (PCOK)  (CIK 0001452936)",2016-09-28,2016-09-28,,,,False,2016
merger,1453814,"Medidata Solutions, Inc.  (CIK 0001453814)",2019-07-19,2019-04-18,2019-10-28,193,101,True,2019
tender,1453818,"Hines Global REIT, Inc.  (CIK 0001453818)",2018-05-17,2018-04-25,,,,False,2018
tender,1454189,"Auspex Pharmaceuticals, Inc.  (CIK 0001454189)",2015-04-07,2015-03-30,2015-05-05,36,28,True,2015
merger,1454389,STONEGATE MORTGAGE CORP  (CIK 0001454389),2017-03-27,2017-01-27,2017-06-01,125,66,True,2017
merger,1454789,"Astria Therapeutics, Inc.  (ATXS)  (CIK 0001454789)",2025-12-18,2025-04-28,2026-01-23,270,36,True,2025
tender,1455271,"Griffin-American Healthcare REIT II, Inc.  (CIK 0001455271)",2014-07-15,2014-07-15,2014-12-09,147,147,True,2014
merger,1455650,"NorthStar Real Estate Income Trust, Inc.  (CIK 0001455650)",2017-12-06,2017-12-06,2018-02-01,57,57,True,2017
merger,1457543,CAREFUSION Corp  (CIK 0001457543),2014-12-19,2014-09-25,2015-03-17,173,88,True,2014
merger,1458962,"MINDBODY, Inc.  (CIK 0001458962)",2019-01-23,2018-12-26,2019-02-15,51,23,True,2019
tender,1459266,"ZS Pharma, Inc.  (CIK 0001459266)",2015-11-18,2015-11-06,2015-12-17,41,29,True,2015
merger,1461119,CRH Medical Corp  (CIK 0001461119),2021-03-19,2021-02-08,2021-04-23,74,35,True,2021
tender,1462633,"Jive Software, Inc.  (CIK 0001462633)",2017-05-12,2017-05-01,2017-06-12,42,31,True,2017
merger,1463172,"Zendesk, Inc.  (CIK 0001463172)",2022-08-08,2022-06-09,2022-11-22,166,106,True,2022
merger,1463258,"Renewable Energy Group, Inc.  (CIK 0001463258)",2022-04-05,2022-02-28,2022-06-13,105,69,True,2022
tender,1463729,"Receptos, Inc.  (CIK 0001463729)",2015-07-28,2015-04-17,2015-08-27,132,30,True,2015
tender,1463959,"DS HEALTHCARE GROUP, INC.  (CIK 0001463959)",2018-05-30,2018-04-24,2018-07-27,94,58,True,2018
merger,1464720,Industrial Income Trust Inc.  (CIK 0001464720),2015-09-04,2015-07-29,2015-11-04,98,61,True,2015
merger,1464963,"First Eagle Alternative Capital BDC, Inc.  (CIK 0001464963)",2023-01-20,2023-01-20,2023-03-09,48,48,True,2023
tender,1466225,"Resource Real Estate Opportunity REIT, Inc.  (CIK 0001466225)",2018-10-12,2018-10-12,,,,False,2018
merger,1466225,"Resource Real Estate Opportunity REIT, Inc.  (CIK 0001466225)",2020-11-04,2020-07-01,2021-02-08,222,96,True,2020
merger,1466538,COWEN INC.  (CIK 0001466538),2022-10-11,2022-08-02,2023-03-01,211,141,True,2022
merger,1467652,"Neos Therapeutics, Inc.  (CIK 0001467652)",2021-02-09,2020-04-21,2021-03-19,332,38,True,2021
tender,1468010,"Steadfast Income REIT, Inc.  (CIK 0001468010)",2015-05-15,2015-05-15,,,,False,2015
tender,1468516,AOL Inc.  (CIK 0001468516),2015-05-12,2015-04-16,2015-06-23,68,42,True,2015
merger,1469134,"First Community Financial Partners, Inc.  (CIK 0001469134)",2017-05-01,2017-05-01,2017-06-30,60,60,True,2017
merger,1469510,Resolute Energy Corp  (CIK 0001469510),2019-01-30,2019-01-30,2019-03-01,30,30,True,2019
tender,1469822,"KBS Legacy Partners Apartment REIT, Inc.  (CIK 0001469822)",2016-05-10,2016-05-10,,,,False,2016
merger,1470099,"MOBILEIRON, INC.  (CIK 0001470099)",2020-10-26,2020-09-28,2020-12-01,64,36,True,2020
merger,1470205,"County Bancorp, Inc.  (CIK 0001470205)",2021-08-27,2021-04-05,2021-12-03,242,98,True,2021
tender,1471055,Banco Santander (Brasil) S.A.  (BSBR)  (CIK 0001471055),2014-10-02,2014-10-02,,,,False,2014
merger,1473597,"STR HOLDINGS, INC.  (CIK 0001473597)",2014-10-08,2014-08-12,2015-10-26,440,383,True,2014
merger,1474042,Baltic Trading Ltd  (CIK 0001474042),2015-06-15,2015-06-15,2015-07-20,35,35,True,2015
merger,1474439,"Telenav, Inc.  (CIK 0001474439)",2021-01-08,2020-10-02,2021-02-17,138,40,True,2021
tender,1475274,"RetailMeNot, Inc.  (CIK 0001475274)",2017-04-24,2017-03-16,2017-05-23,68,29,True,2017
merger,1475348,Luther Burbank Corp  (CIK 0001475348),2023-03-28,2022-11-30,2024-02-29,456,338,True,2023
tender,1476204,"PHILLIPS EDISON GROCERY CENTER REIT I, INC.  (PECO)  (CIK 0001476204)",2016-04-25,2016-04-25,,,,False,2016
merger,1476264,"WashingtonFirst Bankshares, Inc.  (CIK 0001476264)",2017-09-11,2017-03-14,2017-12-29,290,109,True,2017
tender,1477200,Rocket Fuel Inc.  (CIK 0001477200),2017-08-02,2017-04-26,2017-09-06,133,35,True,2017
tender,1478121,Pfenex Inc.  (CIK 0001478121),2020-08-31,2020-08-11,2020-10-01,51,31,True,2020
tender,1478484,"zulily, inc.  (CIK 0001478484)",2015-09-01,2015-04-02,2015-10-01,182,30,True,2015
merger,1478726,CHARTER FINANCIAL CORP  (CIK 0001478726),2018-07-18,2018-07-18,2018-08-31,44,44,True,2018
merger,1478950,"Excel Trust, Inc.  (CIK 0001478950)",2015-06-01,2015-04-10,2015-08-03,115,63,True,2015
tender,1479290,"Revance Therapeutics, Inc.  (RVNC)  (CIK 0001479290)",2024-12-12,2024-12-09,2025-02-06,59,56,True,2024
merger,1479750,Capital Bank Financial Corp.  (CIK 0001479750),2017-07-31,2017-04-28,2017-11-30,216,122,True,2017
tender,1481241,Performance Shipping Inc.  (PSHG)  (CIK 0001481241),2023-10-25,2023-10-25,,,,False,2023
merger,1481512,"Ra Pharmaceuticals, Inc.  (CIK 0001481512)",2019-11-15,2019-10-10,2020-04-02,175,139,True,2019
merger,1481646,"Accolade, Inc.  (ACCD)  (CIK 0001481646)",2025-02-20,2025-01-08,2025-04-08,90,47,True,2025
merger,1481832,PREFERRED APARTMENT COMMUNITIES INC  (CIK 0001481832),2022-04-14,2022-02-16,2022-06-24,128,71,True,2022
tender,1482080,"CELLULAR DYNAMICS INTERNATIONAL, INC.  (CIK 0001482080)",2015-04-03,2015-03-30,2015-05-01,32,28,True,2015
tender,1482974,"Carter Validus Mission Critical REIT, Inc.  (CIK 0001482974)",2017-12-22,2017-06-29,2019-10-08,831,655,True,2017
merger,1484478,"Furiex Pharmaceuticals, Inc.  (CIK 0001484478)",2014-06-04,2014-04-11,2014-07-02,82,28,True,2014
merger,1484504,Gigamon Inc.  (CIK 0001484504),2017-11-24,2017-10-26,2017-12-27,62,33,True,2017
merger,1485001,Oneida Financial Corp.  (CIK 0001485001),2015-05-12,2015-05-12,2015-12-07,209,209,True,2015
merger,1485176,Fox Chase Bancorp Inc  (CIK 0001485176),2016-05-09,2016-05-09,2016-07-01,53,53,True,2016
tender,1485469,"Tower International, Inc.  (CIK 0001485469)",2019-08-15,2019-07-12,2019-09-30,80,46,True,2019
merger,1485527,"Colonial Financial Services, Inc.  (CIK 0001485527)",2015-02-13,2014-09-11,2015-04-01,202,47,True,2015
merger,1485933,Trunkbow International Holdings Ltd  (CIK 0001485933),2014-03-10,2013-12-10,2014-04-14,125,35,True,2014
merger,1486159,"Chord Energy Corp  (CHRD, OASPW, WLLAW, WLLBW)  (CIK 0001486159)",2024-04-09,2024-02-21,,,,False,2024
tender,1486279,"Resource Real Estate Investors 7, L.P.  (CIK 0001486279)",2016-01-29,2016-01-29,2017-06-27,515,515,True,2016
tender,1486800,"Higher One Holdings, Inc.  (CIK 0001486800)",2016-06-30,2016-06-30,2016-08-05,36,36,True,2016
merger,1487052,"LegacyTexas Financial Group, Inc.  (CIK 0001487052)",2019-09-17,2019-09-17,2019-11-12,56,56,True,2019
tender,1487101,KEYW HOLDING CORP  (CIK 0001487101),2019-05-13,2019-04-22,2019-06-12,51,30,True,2019
tender,1487371,"GenMark Diagnostics, Inc.  (CIK 0001487371)",2021-03-25,2021-03-15,2021-04-22,38,28,True,2021
merger,1487712,AIR LEASE CORP  (AL)  (CIK 0001487712),2025-11-04,2025-09-02,2026-04-08,218,155,True,2025
merger,1487986,"Hawaiian Telcom Holdco, Inc.  (CIK 0001487986)",2017-10-05,2017-07-10,2018-07-02,357,270,True,2017
merger,1487990,AEROFLEX HOLDING CORP.  (CIK 0001487990),2014-08-08,2014-05-20,2014-09-15,118,38,True,2014
tender,1488075,"IntraLinks Holdings, Inc.  (CIK 0001488075)",2016-12-19,2016-12-06,2017-01-23,48,35,True,2016
tender,1488613,"Foundation Medicine, Inc.  (CIK 0001488613)",2015-02-02,2015-01-12,,,,False,2015
tender,1488613,"Foundation Medicine, Inc.  (CIK 0001488613)",2018-07-02,2018-04-27,2018-07-31,95,29,True,2018
merger,1489136,SemGroup Corp  (CIK 0001489136),2019-10-30,2019-10-30,2019-12-05,36,36,True,2019
tender,1489979,"Fresh Market, Inc.  (CIK 0001489979)",2016-03-25,2016-03-14,2016-04-27,44,33,True,2016
tender,1490626,"COLE CORPORATE INCOME TRUST, INC.  (CIK 0001490626)",2014-11-18,2014-11-18,2015-01-30,73,73,True,2014
merger,1490660,"Marketo, Inc.  (CIK 0001490660)",2016-06-29,2016-05-31,2016-08-16,77,48,True,2016
tender,1490892,CoreSite Realty Corp  (CIK 0001490892),2021-11-29,2021-11-15,2021-12-28,43,29,True,2021
merger,1490983,"Campus Crest Communities, Inc.  (CIK 0001490983)",2015-12-07,2015-10-19,2016-03-03,136,87,True,2015
tender,1491576,"TESARO, Inc.  (CIK 0001491576)",2018-12-14,2018-12-03,2019-01-22,50,39,True,2018
merger,1491675,"COCA-COLA ENTERPRISES, INC.  (CIK 0001491675)",2016-04-11,2016-04-11,2016-05-31,50,50,True,2016
merger,1491778,"Angie's List, Inc.  (CIK 0001491778)",2017-08-30,2017-05-08,2017-10-02,147,33,True,2017
merger,1492426,Horizon Therapeutics Public Ltd Co  (CIK 0001492426),2023-01-23,2022-12-12,2023-10-06,298,256,True,2023
merger,1492633,Nielsen Holdings plc  (CIK 0001492633),2022-07-08,2022-03-29,2022-10-12,197,96,True,2022
tender,1492658,Wright Medical Group N.V.  (CIK 0001492658),2019-12-13,2019-11-04,2020-11-12,374,335,True,2019
merger,1492915,Standard AVB Financial Corp.  (CIK 0001492915),2020-12-08,2020-09-25,2021-05-28,245,171,True,2020
merger,1493182,"SP Bancorp, Inc.  (CIK 0001493182)",2014-08-25,2014-05-05,2014-10-20,168,56,True,2014
merger,1494319,Univar Solutions Inc.  (CIK 0001494319),2023-05-02,2023-03-14,2023-08-01,140,91,True,2023
merger,1494650,"OptiNose, Inc.  (OPTN)  (CIK 0001494650)",2025-04-15,2025-03-20,2025-05-21,62,36,True,2025
merger,1495479,"Bravo Brio Restaurant Group, Inc.  (CIK 0001495479)",2018-04-18,2018-04-05,2018-05-24,49,36,True,2018
merger,1496048,GGP Inc.  (CIK 0001496048),2018-06-27,2018-04-27,2018-08-28,123,62,True,2018
tender,1496323,"IGM Biosciences, Inc.  (IGMS)  (CIK 0001496323)",2025-07-16,2025-07-01,2025-08-14,44,29,True,2025
tender,1496454,"CNL Healthcare Properties, Inc.  (CHTH)  (CIK 0001496454)",2018-07-26,2018-07-26,,,,False,2018
tender,1496454,"CNL Healthcare Properties, Inc.  (CHTH)  (CIK 0001496454)",2020-08-13,2020-08-13,,,,False,2020
tender,1496454,"CNL Healthcare Properties, Inc.  (CHTH)  (CIK 0001496454)",2022-03-15,2022-02-16,,,,False,2022
tender,1496454,"CNL Healthcare Properties, Inc.  (CHTH)  (CIK 0001496454)",2024-01-17,2023-09-29,,,,False,2024
merger,1496963,"Squarespace, Inc.  (SQSP)  (CIK 0001496963)",2024-08-22,2024-04-22,2024-10-17,178,56,True,2024
merger,1498021,"ExamWorks Group, Inc.  (CIK 0001498021)",2016-06-23,2016-04-28,2016-07-28,91,35,True,2016
merger,1498068,"American Renal Associates Holdings, Inc.  (CIK 0001498068)",2020-12-15,2020-10-02,2021-01-26,116,42,True,2020
merger,1498233,"Cepton, Inc.  (CPTN, CPTNW)  (CIK 0001498233)",2024-11-21,2024-07-29,2025-01-07,162,47,True,2024
tender,1498547,"COLE CREDIT PROPERTY TRUST IV, INC.  (CMRF)  (CIK 0001498547)",2018-12-19,2018-04-19,,,,False,2018
tender,1498547,"CIM REAL ESTATE FINANCE TRUST, INC.  (CMRF)  (CIK 0001498547)",2021-02-26,2021-02-26,,,,False,2021
tender,1498547,"CIM REAL ESTATE FINANCE TRUST, INC.  (CMRF)  (CIK 0001498547)",2022-11-01,2022-10-05,,,,False,2022
tender,1498547,"CIM REAL ESTATE FINANCE TRUST, INC.  (CMRF)  (CIK 0001498547)",2024-07-23,2024-05-03,,,,False,2024
merger,1498710,"Spirit Airlines, Inc.  (SAVE)  (CIK 0001498710)",2022-05-11,2022-03-30,,,,False,2022
tender,1498828,Howard Hughes Corp  (CIK 0001498828),2022-10-26,2022-04-11,2023-08-14,490,292,True,2022
tender,1498864,"Apple REIT Ten, Inc.  (CIK 0001498864)",2016-05-13,2016-05-13,2016-09-01,111,111,True,2016
merger,1499268,Affinity Gaming  (CIK 0001499268),2016-11-14,2016-08-23,2017-02-01,162,79,True,2016
tender,1499505,Adecoagro S.A.  (AGRO)  (CIK 0001499505),2025-03-31,2025-02-18,,,,False,2025
merger,1499807,"K2M GROUP HOLDINGS, INC.  (CIK 0001499807)",2018-10-05,2018-08-30,2018-11-09,71,35,True,2018
tender,1500554,"AMERICAN REALTY CAPITAL - RETAIL CENTERS OF AMERICA, INC.  (CIK 0001500554)",2017-01-03,2016-05-27,2017-02-17,266,45,True,2017
merger,1500836,"Wolverine Bancorp, Inc.  (CIK 0001500836)",2017-09-01,2017-09-01,2017-10-17,46,46,True,2017
tender,1500866,InterXion Holding N.V.  (CIK 0001500866),2020-01-29,2020-01-29,2020-03-13,44,44,True,2020
tender,1501729,FS Energy & Power Fund  (FSEN)  (CIK 0001501729),2018-03-26,2017-12-11,,,,False,2018
tender,1501756,"Adverum Biotechnologies, Inc.  (ADVM)  (CIK 0001501756)",2025-11-07,2025-10-24,2025-12-09,46,32,True,2025
merger,1502749,EverBank Financial Corp  (CIK 0001502749),2016-09-30,2016-08-08,2017-06-09,305,252,True,2016
tender,1503707,"NorthStar Healthcare Income, Inc.  (NHHS)  (CIK 0001503707)",2024-01-12,2024-01-12,2025-06-09,514,514,True,2024
merger,1504167,"Timber Pharmaceuticals, Inc.  (CIK 0001504167)",2023-09-12,2023-08-21,2023-11-29,100,78,True,2023
tender,1505512,Regulus Therapeutics Inc.  (RGLS)  (CIK 0001505512),2025-05-27,2025-04-30,2025-06-25,56,29,True,2025
merger,1505611,"DecisionPoint Systems, Inc.  (CIK 0001505611)",2024-05-31,2024-05-01,2024-07-05,65,35,True,2024
merger,1506401,"InfraREIT, Inc.  (CIK 0001506401)",2019-01-04,2018-10-18,2019-05-17,211,133,True,2019
merger,1506439,"SharpSpring, Inc.  (CIK 0001506439)",2021-07-30,2021-06-23,2021-09-01,70,33,True,2021
merger,1507563,"ESH Hospitality, Inc.  (CIK 0001507563)",2021-04-26,2021-03-16,2021-06-28,104,63,True,2021
merger,1507615,ANDEAVOR LOGISTICS LP  (CIK 0001507615),2019-06-28,2019-06-28,2019-07-30,32,32,True,2019
merger,1507934,Starz  (CIK 0001507934),2016-11-07,2016-09-07,2016-12-08,92,31,True,2016
merger,1507964,Corvus Gold Inc.  (CIK 0001507964),2021-11-26,2021-08-27,2022-01-18,144,53,True,2021
tender,1507986,JetPay Corp  (CIK 0001507986),2018-10-22,2018-10-22,2018-12-06,45,45,True,2018
tender,1509432,RPX Corp  (CIK 0001509432),2018-05-21,2018-05-01,2018-06-19,49,29,True,2018
merger,1509589,"CIVITAS RESOURCES, INC.  (CIVI, CIVII)  (CIK 0001509589)",2025-12-22,2025-04-21,2026-01-30,284,39,True,2025
merger,1509892,Garrison Capital Inc.  (CIK 0001509892),2020-09-01,2020-04-20,2020-10-28,191,57,True,2020
tender,1510487,Principia Biopharma Inc.  (CIK 0001510487),2020-08-28,2020-08-17,2020-09-28,42,31,True,2020
tender,1510580,"Kite Pharma, Inc.  (CIK 0001510580)",2017-09-05,2017-08-28,2017-10-03,36,28,True,2017
merger,1512074,RMG Networks Holding Corp  (CIK 0001512074),2018-09-06,2018-04-03,2018-09-28,178,22,True,2018
merger,1513161,"HOME LOAN SERVICING SOLUTIONS, LTD.  (CIK 0001513161)",2015-09-15,2015-08-28,2015-10-23,56,38,True,2015
merger,1513971,"STATE INVESTORS BANCORP, INC.  (CIK 0001513971)",2015-03-09,2015-01-06,2015-11-30,328,266,True,2015
merger,1514128,UNIVERSAL AMERICAN CORP.  (CIK 0001514128),2017-01-17,2016-11-17,2017-04-28,162,101,True,2017
merger,1514743,"IF Bancorp, Inc.  (IROQ)  (CIK 0001514743)",2025-12-30,2025-10-30,2026-03-13,134,73,True,2025
merger,1515816,"Plymouth Industrial REIT, Inc.  (PLYM)  (CIK 0001515816)",2025-12-18,2025-10-24,2026-01-28,96,41,True,2025
merger,1515980,"Apollo Residential Mortgage, Inc.  (CIK 0001515980)",2016-07-27,2016-07-27,2016-09-01,36,36,True,2016
merger,1516007,"Oiltanking Partners, L.P.  (CIK 0001516007)",2015-01-09,2015-01-09,2015-02-17,39,39,True,2015
merger,1516551,"Skye Bioscience, Inc.  (SKYE)  (CIK 0001516551)",2022-08-31,2022-08-15,,,,False,2022
tender,1516973,MTGE Investment Corp.  (CIK 0001516973),2018-05-16,2018-05-16,2018-09-07,114,114,True,2018
merger,1517006,"Gatos Silver, Inc.  (GATO)  (CIK 0001517006)",2024-12-03,2024-09-05,2025-01-16,133,44,True,2024
tender,1517396,STRATASYS LTD.  (SSYS)  (CIK 0001517396),2023-05-30,2023-04-04,,,,False,2023
merger,1517401,Peak Resorts Inc  (CIK 0001517401),2019-08-20,2019-07-22,2019-09-24,64,35,True,2019
merger,1517650,"Interactive Intelligence Group, Inc.  (CIK 0001517650)",2016-10-04,2016-08-31,2016-12-06,97,63,True,2016
tender,1517767,"Carlyle Credit Income Fund  (CCIA, CCIF)  (CIK 0001517767)",2023-07-18,2023-05-23,,,,False,2023
merger,1518222,"Bankrate, Inc.  (CIK 0001518222)",2017-08-15,2017-04-28,2017-11-09,195,86,True,2017
merger,1518715,"HomeStreet, Inc.  (HMST)  (CIK 0001518715)",2024-05-16,2024-05-16,,,,False,2024
merger,1520566,Nationstar Mortgage Holdings Inc.  (CIK 0001520566),2018-06-01,2018-06-01,2018-07-31,60,60,True,2018
merger,1520744,Lumos Networks Corp.  (CIK 0001520744),2017-04-21,2017-02-21,2017-11-17,269,210,True,2017
tender,1521168,SandRidge Permian Trust  (CIK 0001521168),2020-10-27,2020-10-27,2021-09-09,317,317,True,2020
tender,1521762,Cadista Holdings Inc.  (CIK 0001521762),2014-11-13,2014-11-13,2014-12-23,40,40,True,2014
merger,1523526,Sierra Income Corp  (CIK 0001523526),2021-12-28,2021-04-29,2022-03-07,312,69,True,2021
merger,1524223,"Manning & Napier, Inc.  (CIK 0001524223)",2022-06-30,2022-04-01,2022-10-21,203,113,True,2022
merger,1524471,Exelis Inc.  (CIK 0001524471),2015-04-24,2015-04-24,2015-05-29,35,35,True,2015
merger,1524741,"U.S. SILICA HOLDINGS, INC.  (CIK 0001524741)",2024-06-11,2024-03-26,2024-08-01,128,51,True,2024
merger,1524931,"CHUY'S HOLDINGS, INC.  (CHUY)  (CIK 0001524931)",2024-09-05,2024-06-13,2024-10-11,120,36,True,2024
tender,1525759,FS Investment Corp II  (CIK 0001525759),2018-07-02,2018-03-16,,,,False,2018
merger,1525998,"Rentech Nitrogen Partners, L.P.  (CIK 0001525998)",2016-01-14,2016-01-14,2016-04-01,78,78,True,2016
merger,1526160,Fleetmatics Group plc  (CIK 0001526160),2016-09-09,2016-08-01,2016-11-07,98,59,True,2016
tender,1527096,Miromatrix Medical Inc.  (CIK 0001527096),2023-11-13,2023-10-30,2023-12-13,44,30,True,2023
tender,1527349,Chart Acquisition Corp.  (CIK 0001527349),2014-07-16,2014-07-16,2015-04-28,286,286,True,2014
merger,1527709,"Mid-Con Energy Partners, LP  (CIK 0001527709)",2020-12-18,2020-12-18,2021-01-21,34,34,True,2020
merger,1528557,"Corindus Vascular Robotics, Inc.  (CIK 0001528557)",2019-09-26,2019-08-30,2019-10-29,60,33,True,2019
merger,1528558,"Rouse Properties, Inc.  (CIK 0001528558)",2016-05-26,2016-02-29,2016-07-06,128,41,True,2016
tender,1528903,AVG Technologies N.V.  (CIK 0001528903),2016-07-29,2016-07-07,2016-10-28,113,91,True,2016
merger,1528930,"Franchise Group, Inc.  (CIK 0001528930)",2023-07-14,2023-05-10,2023-08-21,103,38,True,2023
tender,1528985,"Inland Real Estate Income Trust, Inc.  (INRE)  (CIK 0001528985)",2018-09-21,2018-05-14,,,,False,2018
tender,1528985,"Inland Real Estate Income Trust, Inc.  (INRE)  (CIK 0001528985)",2022-08-11,2022-07-13,,,,False,2022
tender,1528985,"Inland Real Estate Income Trust, Inc.  (INRE)  (CIK 0001528985)",2024-04-11,2023-10-05,,,,False,2024
merger,1529463,"FTS International, Inc.  (CIK 0001529463)",2022-01-24,2021-10-22,2022-03-07,136,42,True,2022
merger,1530721,Capri Holdings Ltd  (CPRI)  (CIK 0001530721),2023-09-20,2023-06-15,,,,False,2023
tender,1531048,"Inari Medical, Inc.  (NARI)  (CIK 0001531048)",2025-01-17,2025-01-06,2025-02-19,44,33,True,2025
merger,1531978,"Paragon 28, Inc.  (FNA)  (CIK 0001531978)",2025-03-18,2025-01-29,2025-04-21,82,34,True,2025
merger,1532063,Express Scripts Holding Co.  (CIK 0001532063),2018-07-16,2018-03-29,2018-12-21,267,158,True,2018
merger,1532346,"Atreca, Inc.  (CIK 0001532346)",2024-02-23,2023-12-26,2024-03-20,85,26,True,2024
merger,1532961,"NV5 Global, Inc.  (NVEE)  (CIK 0001532961)",2025-07-02,2025-05-15,2025-08-04,81,33,True,2025
merger,1533454,Northern Tier Energy LP  (CIK 0001533454),2016-05-23,2016-05-23,2016-06-24,32,32,True,2016
merger,1533526,"GLOBAL BRASS & COPPER HOLDINGS, INC.  (CIK 0001533526)",2019-05-29,2019-03-29,2019-07-16,109,48,True,2019
merger,1533932,"Worldpay, Inc.  (CIK 0001533932)",2019-06-07,2019-06-07,2019-07-31,54,54,True,2019
merger,1534992,"Fiesta Restaurant Group, Inc.  (CIK 0001534992)",2023-09-22,2023-08-07,2023-10-30,84,38,True,2023
merger,1535031,"Tumi Holdings, Inc.  (CIK 0001535031)",2016-06-03,2016-03-07,2016-08-02,148,60,True,2016
merger,1535379,"Cloudera, Inc.  (CIK 0001535379)",2021-07-19,2021-06-01,2021-10-08,129,81,True,2021
tender,1536035,"Roundy's, Inc.  (CIK 0001536035)",2015-11-12,2015-11-12,2015-12-18,36,36,True,2015
tender,1538927,"Forma Therapeutics Holdings, Inc.  (CIK 0001538927)",2022-09-15,2022-09-01,2022-10-14,43,29,True,2022
merger,1538990,STORE CAPITAL Corp  (CIK 0001538990),2022-11-04,2022-09-15,2023-02-03,141,91,True,2022
merger,1540184,"Medallia, Inc.  (CIK 0001540184)",2021-09-14,2021-07-27,2021-10-29,94,45,True,2021
tender,1540400,E2open Inc  (CIK 0001540400),2015-02-26,2015-02-05,2015-03-26,49,28,True,2015
merger,1540755,"Anaplan, Inc.  (CIK 0001540755)",2022-05-02,2022-03-21,2022-06-22,93,51,True,2022
merger,1542299,"Georgetown Bancorp, Inc.  (CIK 0001542299)",2017-01-03,2016-10-06,2017-05-23,229,140,True,2017
merger,1543916,"ForgeRock, Inc.  (CIK 0001543916)",2022-12-08,2022-10-11,2023-08-23,316,258,True,2022
tender,1544116,"Durata Therapeutics, Inc.  (CIK 0001544116)",2014-10-17,2014-10-06,2014-11-17,42,31,True,2014
merger,1545158,"Kraft Foods Group, Inc.  (CIK 0001545158)",2015-06-02,2015-03-18,2015-07-02,106,30,True,2015
tender,1545772,"Brookfield Property Partners L.P.  (BPYPM, BPYPN, BPYPO, BPYPP)  (CIK 0001545772)",2020-07-06,2020-07-02,2021-07-26,389,385,True,2020
merger,1546381,"RLJ ENTERTAINMENT, INC.  (CIK 0001546381)",2018-10-05,2018-07-30,2018-10-31,93,26,True,2018
merger,1546640,ADT Corp  (CIK 0001546640),2016-03-25,2016-01-22,2016-05-02,101,38,True,2016
merger,1548187,"Soliton, Inc.  (CIK 0001548187)",2021-06-15,2021-05-10,2021-12-16,220,184,True,2021
tender,1549107,Manchester United plc  (MANU)  (CIK 0001549107),2024-01-17,2023-12-26,,,,False,2024
merger,1549276,"LaPorte Bancorp, Inc.  (CIK 0001549276)",2016-06-08,2016-06-08,2016-07-28,50,50,True,2016
merger,1549346,"Shutterstock, Inc.  (SSTK)  (CIK 0001549346)",2025-04-30,2025-04-30,,,,False,2025
merger,1549872,"XURA, INC.  (CIK 0001549872)",2016-07-12,2016-05-23,2016-08-19,88,38,True,2016
merger,1550695,Performant Healthcare Inc  (PHLT)  (CIK 0001550695),2025-09-10,2025-08-07,2025-10-31,85,51,True,2025
tender,1552451,"MyoKardia, Inc.  (CIK 0001552451)",2020-10-19,2020-10-05,2020-11-17,43,29,True,2020
tender,1552890,JAVELIN MORTGAGE INVESTMENT CORP.  (CIK 0001552890),2016-03-08,2016-03-02,2016-04-07,36,30,True,2016
merger,1553023,CyrusOne Inc.  (CIK 0001553023),2021-12-30,2021-11-15,2022-03-25,130,85,True,2021
tender,1553079,"Empire State Realty OP, L.P.  (ESBA, FISK, OGCP)  (CIK 0001553079)",2014-05-08,2014-05-08,,,,False,2014
merger,1554859,"Semler Scientific, Inc.  (SMLR)  (CIK 0001554859)",2025-12-05,2025-08-27,2026-01-16,142,42,True,2025
merger,1555039,Front Yard Residential Corp  (CIK 0001555039),2020-03-23,2020-02-18,2021-01-12,329,295,True,2020
merger,1555365,WHITEWAVE FOODS Co  (CIK 0001555365),2016-08-30,2016-07-07,2017-04-12,279,225,True,2016
merger,1556898,"Techpoint, Inc.  (THPTF)  (CIK 0001556898)",2025-03-17,2025-01-15,2025-06-02,138,77,True,2025
merger,1557127,"UserTesting, Inc.  (CIK 0001557127)",2022-12-06,2022-10-27,2023-01-12,77,37,True,2022
merger,1557142,"Kadmon Holdings, Inc.  (CIK 0001557142)",2021-10-04,2021-09-08,2021-11-09,62,36,True,2021
merger,1557255,Silver Bay Realty Trust Corp.  (CIK 0001557255),2017-03-28,2017-02-27,2017-05-09,71,42,True,2017
tender,1557421,"Ignyta, Inc.  (CIK 0001557421)",2018-01-10,2017-12-22,2018-02-08,48,29,True,2018
tender,1557883,"Dermira, Inc.  (CIK 0001557883)",2020-01-22,2020-01-10,2020-02-20,41,29,True,2020
tender,1558235,CORPORATE PROPERTY ASSOCIATES 18 GLOBAL INC  (CIK 0001558235),2018-11-14,2018-11-14,,,,False,2018
merger,1558235,CORPORATE PROPERTY ASSOCIATES 18 GLOBAL INC  (CIK 0001558235),2022-04-27,2022-04-27,2022-08-04,99,99,True,2022
tender,1558441,INDUSTRIAL PROPERTY TRUST INC.  (CIK 0001558441),2019-08-26,2019-07-16,2020-07-28,378,337,True,2019
tender,1558785,"CVR Refining, LP  (CIK 0001558785)",2018-05-29,2018-05-29,2019-01-29,245,245,True,2018
merger,1559484,"Resource REIT, Inc.  (CIK 0001559484)",2022-03-14,2022-01-24,2022-05-19,115,66,True,2022
merger,1559909,Harvest Capital Credit Corp  (CIK 0001559909),2021-04-21,2021-04-21,2021-06-09,49,49,True,2021
tender,1560241,"G1 Therapeutics, Inc.  (GTHX)  (CIK 0001560241)",2024-08-20,2024-08-07,2024-09-18,42,29,True,2024
tender,1561032,"Healthcare Trust, Inc.  (HLTC, HTIA, HTIBP)  (CIK 0001561032)",2016-08-22,2016-05-25,,,,False,2016
tender,1561032,"Healthcare Trust, Inc.  (HLTC, HTIA, HTIBP)  (CIK 0001561032)",2020-03-10,2020-01-09,,,,False,2020
tender,1561180,PETROTEQ ENERGY INC.  (PQEFF)  (CIK 0001561180),2021-11-09,2021-11-09,2023-05-22,559,559,True,2021
tender,1561387,"Benefytt Technologies, Inc.  (CIK 0001561387)",2020-07-24,2020-05-11,2020-08-21,102,28,True,2020
tender,1561566,QIWI  (CIK 0001561566),2017-06-30,2017-06-12,,,,False,2017
tender,1561566,QIWI  (CIK 0001561566),2022-08-02,2022-08-02,,,,False,2022
merger,1561660,Pattern Energy Group Inc.  (CIK 0001561660),2020-02-04,2019-11-04,2020-03-16,133,41,True,2020
merger,1561743,"Kindred Biosciences, Inc.  (CIK 0001561743)",2021-07-21,2021-04-29,2021-08-27,120,37,True,2021
merger,1562039,"CST BRANDS, INC.  (CIK 0001562039)",2016-10-11,2016-08-22,2017-06-28,310,260,True,2016
merger,1562214,"ZAIS Group Holdings, Inc.  (CIK 0001562214)",2018-03-30,2018-01-12,2018-05-18,126,49,True,2018
tender,1562528,"Benefit Street Partners Realty Trust, Inc.  (FBRT, FBRT-PE)  (CIK 0001562528)",2018-10-09,2018-05-17,,,,False,2018
tender,1562528,"Benefit Street Partners Realty Trust, Inc.  (FBRT, FBRT-PE)  (CIK 0001562528)",2020-11-06,2020-05-22,2022-04-28,706,538,True,2020
tender,1563407,"Smart & Final Stores, Inc.  (CIK 0001563407)",2019-05-14,2019-03-29,2019-06-20,83,37,True,2019
merger,1563699,Covisint Corp  (CIK 0001563699),2017-06-26,2017-06-15,2017-07-26,41,30,True,2017
merger,1564406,"Oak Street Health, Inc.  (CIK 0001564406)",2023-03-30,2023-02-08,2023-05-02,83,33,True,2023
merger,1564657,"NorthStar Real Estate Income II, Inc.  (CIK 0001564657)",2017-12-06,2017-12-06,2018-02-01,57,57,True,2017
merger,1564822,PINNACLE FOODS INC.  (CIK 0001564822),2018-09-17,2018-09-17,2018-10-26,39,39,True,2018
tender,1564824,Allakos Inc.  (ALLK)  (CIK 0001564824),2025-04-15,2025-04-02,2025-05-15,43,30,True,2025
tender,1565337,Textura Corp  (CIK 0001565337),2016-05-12,2016-04-28,2016-06-13,46,32,True,2016
tender,1566373,"F-star Therapeutics, Inc.  (CIK 0001566373)",2022-07-07,2022-04-27,2023-03-09,316,245,True,2022
tender,1566897,"Diamond Resorts International, Inc.  (CIK 0001566897)",2016-07-14,2016-06-29,2016-09-02,65,50,True,2016
tender,1566912,"Griffin-American Healthcare REIT III, Inc.  (CIK 0001566912)",2018-03-07,2018-03-07,,,,False,2018
merger,1567345,"HEMISPHERE MEDIA GROUP, INC.  (CIK 0001567345)",2022-08-10,2022-04-01,2022-09-13,165,34,True,2022
merger,1567514,"Intra-Cellular Therapies, Inc.  (ITCI)  (CIK 0001567514)",2025-02-18,2025-01-13,2025-04-02,79,43,True,2025
tender,1568162,"American Finance Trust, Inc  (CIK 0001568162)",2016-03-30,2016-03-30,,,,False,2016
merger,1568162,"Necessity Retail REIT, Inc.  (CIK 0001568162)",2023-07-18,2023-04-10,2023-09-12,155,56,True,2023
merger,1568319,Voltari Corp  (CIK 0001568319),2019-07-10,2019-03-25,2019-09-25,184,77,True,2019
merger,1569391,"KCG Holdings, Inc.  (CIK 0001569391)",2017-06-01,2017-03-31,2017-07-20,111,49,True,2017
tender,1571498,"Epizyme, Inc.  (CIK 0001571498)",2022-07-12,2022-03-30,2022-08-12,135,31,True,2022
merger,1572552,"Asterias Biotherapeutics, Inc.  (CIK 0001572552)",2019-02-04,2019-02-04,2019-03-08,32,32,True,2019
tender,1572621,AENZA S.A.A.  (CIK 0001572621),2021-06-25,2021-06-25,,,,False,2021
merger,1572684,"UCP, Inc.  (CIK 0001572684)",2017-07-03,2017-07-03,2017-08-04,32,32,True,2017
tender,1572758,"Cole Office & Industrial REIT (CCIT II), Inc.  (CIK 0001572758)",2018-05-29,2018-04-19,,,,False,2018
tender,1573097,"HD Supply Holdings, Inc.  (CIK 0001573097)",2020-11-24,2020-11-16,2020-12-28,42,34,True,2020
tender,1574111,Prosensa Holding N.V.  (CIK 0001574111),2014-12-12,2014-11-24,2015-02-11,79,61,True,2014
merger,1574135,"Pivotal Software, Inc.  (CIK 0001574135)",2019-11-27,2019-06-12,2019-12-30,201,33,True,2019
tender,1574596,New Home Co Inc.  (CIK 0001574596),2021-08-10,2021-07-23,2021-09-08,47,29,True,2021
tender,1574648,Athlon Energy Inc.  (CIK 0001574648),2014-10-10,2014-09-29,2014-11-14,46,35,True,2014
tender,1574774,"BIOTELEMETRY, INC.  (CIK 0001574774)",2020-12-23,2020-12-18,2021-02-09,53,48,True,2020
merger,1574815,"BMC STOCK HOLDINGS, INC.  (CIK 0001574815)",2020-11-18,2020-03-27,2021-01-04,283,47,True,2020
tender,1574963,"World Point Terminals, LP  (CIK 0001574963)",2017-06-02,2017-06-02,2017-07-10,38,38,True,2017
merger,1575189,"Match Group, Inc.  (CIK 0001575189)",2020-04-30,2020-04-30,2020-07-01,62,62,True,2020
merger,1575571,LIN Media LLC  (CIK 0001575571),2014-07-24,2014-07-24,2014-12-23,152,152,True,2014
merger,1576169,"Benefitfocus, Inc.  (CIK 0001576169)",2022-12-19,2022-11-02,2023-01-24,83,36,True,2022
merger,1576263,"Mirati Therapeutics, Inc.  (CIK 0001576263)",2023-11-02,2023-10-10,2024-01-23,105,82,True,2023
merger,1577095,"ClubCorp Holdings, Inc.  (CIK 0001577095)",2017-08-08,2017-04-12,2017-09-19,160,42,True,2017
merger,1577368,"QTS Realty Trust, Inc.  (CIK 0001577368)",2021-07-21,2021-03-18,2021-09-01,167,42,True,2021
merger,1577916,"Premier, Inc.  (PINC)  (CIK 0001577916)",2025-10-22,2025-09-22,2025-11-25,64,34,True,2025
merger,1578318,"Envision Healthcare Holdings, Inc.  (CIK 0001578318)",2016-10-21,2016-03-23,2016-12-02,254,42,True,2016
merger,1578620,Alcentra Capital Corp  (CIK 0001578620),2019-12-11,2019-08-13,2020-01-31,171,51,True,2019
merger,1578735,National General Holdings Corp.  (CIK 0001578735),2020-08-26,2020-07-08,2021-01-04,180,131,True,2020
merger,1578776,"PRUDENTIAL BANCORP, INC.  (CIK 0001578776)",2016-11-16,2016-11-16,,,,False,2016
merger,1578776,"PRUDENTIAL BANCORP, INC.  (CIK 0001578776)",2022-05-09,2022-04-29,2022-06-30,62,52,True,2022
merger,1578845,Actavis plc  (CIK 0001578845),2014-05-06,2014-03-28,,,,False,2014
tender,1578932,OCI Partners LP  (CIK 0001578932),2018-06-19,2018-06-19,2018-07-16,27,27,True,2018
merger,1579252,Quinpario Acquisition Corp.  (CIK 0001579252),2014-06-16,2014-03-18,,,,False,2014
tender,1579412,FS Investment Corp III  (CIK 0001579412),2018-07-02,2018-03-19,2019-12-18,639,534,True,2018
tender,1579695,Biotie Therapies Corp.  (CIK 0001579695),2016-03-11,2016-01-19,2016-06-02,135,83,True,2016
tender,1579910,Resonant Inc  (CIK 0001579910),2022-02-28,2022-02-14,2022-03-28,42,28,True,2022
tender,1580156,Houghton Mifflin Harcourt Co  (CIK 0001580156),2022-03-07,2022-02-22,2022-04-07,44,31,True,2022
tender,1580608,Santander Consumer USA Holdings Inc.  (CIK 0001580608),2020-02-27,2020-01-29,2022-01-31,733,704,True,2020
tender,1580608,Santander Consumer USA Holdings Inc.  (CIK 0001580608),2021-09-07,2021-08-24,2022-01-31,160,146,True,2021
merger,1581164,"Extended Stay America, Inc.  (CIK 0001581164)",2021-04-26,2021-03-16,2021-06-16,92,51,True,2021
tender,1581720,"Loxo Oncology, Inc.  (CIK 0001581720)",2019-01-17,2019-01-07,2019-02-15,39,29,True,2019
merger,1581889,Quartet Merger Corp.  (CIK 0001581889),2014-08-13,2014-05-01,2014-10-02,154,50,True,2014
merger,1581908,"Western Refining Logistics, LP  (CIK 0001581908)",2017-09-28,2017-09-28,2017-10-30,32,32,True,2017
tender,1581987,TiGenix NV  (CIK 0001581987),2018-04-30,2018-01-05,2018-07-16,192,77,True,2018
merger,1582244,Corning Natural Gas Holding Corp  (CIK 0001582244),2021-04-22,2021-01-13,2022-07-07,540,441,True,2021
merger,1582568,PBF Logistics LP  (CIK 0001582568),2022-10-25,2022-10-25,2022-12-01,37,37,True,2022
tender,1582616,"Norcraft Companies, Inc.  (CIK 0001582616)",2015-04-14,2015-03-30,2015-05-13,44,29,True,2015
merger,1583513,"Global Defense & National Security Systems, Inc.  (CIK 0001583513)",2015-10-22,2015-06-09,2016-02-17,253,118,True,2015
tender,1584207,"OneMain Holdings, Inc.  (OMF)  (CIK 0001584207)",2017-01-09,2016-04-14,,,,False,2017
merger,1585023,"Coastway Bancorp, Inc.  (CIK 0001585023)",2018-05-17,2018-03-15,2018-10-05,204,141,True,2018
tender,1585219,"Steadfast Apartment REIT, Inc.  (CIK 0001585219)",2016-12-01,2016-12-01,,,,False,2016
tender,1585364,PERRIGO Co plc  (PRGO)  (CIK 0001585364),2015-09-17,2015-08-05,2017-05-09,643,600,True,2015
merger,1585583,Levy Acquisition Corp  (CIK 0001585583),2015-06-11,2015-03-12,2015-06-30,110,19,True,2015
merger,1585583,"Del Taco Restaurants, Inc.  (CIK 0001585583)",2022-01-28,2021-12-06,2022-03-08,92,39,True,2022
merger,1585790,"Advanced Disposal Services, Inc.  (CIK 0001585790)",2019-05-23,2019-04-03,2020-10-30,576,526,True,2019
merger,1585854,SunEdison Semiconductor Ltd  (CIK 0001585854),2016-10-13,2016-06-21,2016-12-02,164,50,True,2016
tender,1586727,"MIRAMAR LABS, INC.  (CIK 0001586727)",2017-06-26,2017-06-12,2017-08-01,50,36,True,2017
tender,1587264,ENETI INC.  (CIK 0001587264),2023-11-07,2023-11-07,2023-12-29,52,52,True,2023
merger,1588216,"RSP Permian, Inc.  (CIK 0001588216)",2018-06-07,2018-06-07,2018-07-19,42,42,True,2018
merger,1588238,Rice Energy Inc.  (CIK 0001588238),2017-10-12,2017-10-12,2017-11-13,32,32,True,2017
merger,1588869,Cambridge Capital Acquisition Corp  (CIK 0001588869),2015-03-27,2014-12-02,2015-12-23,386,271,True,2015
tender,1588972,"Societal CDMO, Inc.  (CIK 0001588972)",2024-03-11,2024-02-28,2024-04-08,40,28,True,2024
tender,1589094,"RIGHTSIDE GROUP, LTD.  (CIK 0001589094)",2017-06-27,2017-04-20,2017-07-28,99,31,True,2017
tender,1591517,Time Inc.  (CIK 0001591517),2017-12-12,2017-11-27,2018-01-31,65,50,True,2017
tender,1591877,Sizmek Inc.  (CIK 0001591877),2016-08-03,2016-08-03,2016-09-27,55,55,True,2016
merger,1592016,"AgroFresh Solutions, Inc.  (CIK 0001592016)",2023-03-10,2022-11-22,2023-03-31,129,21,True,2023
tender,1592288,"Dimension Therapeutics, Inc.  (CIK 0001592288)",2017-10-10,2017-08-25,2017-11-07,74,28,True,2017
tender,1592379,"Papa Murphy's Holdings, Inc.  (CIK 0001592379)",2019-04-25,2019-04-11,2019-05-23,42,28,True,2019
merger,1592480,"Continental Building Products, Inc.  (CIK 0001592480)",2019-12-30,2019-11-12,2020-02-03,83,35,True,2019
merger,1593195,Tribune Publishing Co  (CIK 0001593195),2021-04-20,2021-02-17,2021-05-25,97,35,True,2021
merger,1593222,"City Office REIT, Inc.  (CIO, CIO-PA)  (CIK 0001593222)",2025-09-08,2025-07-24,2026-01-09,169,123,True,2025
merger,1593548,"PlayAGS, Inc.  (AGS)  (CIK 0001593548)",2024-07-01,2024-04-29,2025-07-01,428,365,True,2024
tender,1593936,"Michaels Companies, Inc.  (CIK 0001593936)",2021-03-16,2021-03-03,2021-04-15,43,30,True,2021
tender,1594124,"Sky Solar Holdings, Ltd.  (CIK 0001594124)",2020-07-20,2020-07-20,2020-10-09,81,81,True,2020
tender,1594337,"Corium International, Inc.  (CIK 0001594337)",2018-10-26,2018-10-11,2018-11-27,47,32,True,2018
merger,1594466,"Parsley Energy, Inc.  (CIK 0001594466)",2020-12-04,2020-04-06,2021-01-13,282,40,True,2020
merger,1594617,La Quinta Holdings Inc.  (CIK 0001594617),2018-03-20,2018-02-22,2018-05-31,98,72,True,2018
tender,1594864,"Juno Therapeutics, Inc.  (CIK 0001594864)",2018-01-23,2018-01-22,2018-03-06,43,42,True,2018
merger,1594879,"Zoe's Kitchen, Inc.  (CIK 0001594879)",2018-10-09,2018-08-20,2018-11-21,93,43,True,2018
merger,1595262,"IMS Health Holdings, Inc.  (CIK 0001595262)",2016-08-17,2016-02-22,2016-10-03,224,47,True,2016
tender,1595527,"American Realty Capital New York City REIT, Inc.  (NYC)  (CIK 0001595527)",2018-02-06,2017-09-01,,,,False,2018
tender,1595527,American Strategic Investment Co.  (NYC)  (CIK 0001595527),2023-10-10,2023-05-30,,,,False,2023
tender,1595627,"Inland Residential Properties Trust, Inc.  (CIK 0001595627)",2019-02-25,2018-09-26,2019-10-10,379,227,True,2019
tender,1595893,"Turning Point Therapeutics, Inc.  (CIK 0001595893)",2022-06-17,2022-04-29,2022-08-17,110,61,True,2022
merger,1596783,"Catalent, Inc.  (CTLT)  (CIK 0001596783)",2024-04-15,2023-12-15,2024-12-18,369,247,True,2024
tender,1597264,Blueprint Medicines Corp  (BPMC)  (CIK 0001597264),2025-06-17,2025-04-24,2025-07-18,85,31,True,2025
tender,1597553,"Sage Therapeutics, Inc.  (SAGE)  (CIK 0001597553)",2025-07-02,2025-04-24,2025-07-31,98,29,True,2025
tender,1597680,Jumei International Holding Ltd  (CIK 0001597680),2020-02-26,2020-02-25,2020-04-15,50,49,True,2020
merger,1598674,Casper Sleep Inc.  (CIK 0001598674),2021-12-14,2021-11-15,2022-01-25,71,42,True,2021
merger,1598968,Antero Midstream Partners LP  (CIK 0001598968),2019-01-31,2019-01-31,2019-03-13,41,41,True,2019
merger,1599222,Memorial Resource Development Corp.  (CIK 0001599222),2016-08-10,2016-04-01,2016-09-16,168,37,True,2016
merger,1599489,Veritiv Corp  (CIK 0001599489),2023-09-18,2023-08-07,2023-11-30,115,73,True,2023
merger,1599947,"TerraForm Power, Inc.  (CIK 0001599947)",2017-09-06,2017-08-02,,,,False,2017
merger,1600422,"Superior Drilling Products, Inc.  (CIK 0001600422)",2024-07-02,2024-07-02,2024-08-01,30,30,True,2024
tender,1600438,GMS Inc.  (GMS)  (CIK 0001600438),2025-07-14,2025-06-30,2025-09-04,66,52,True,2025
tender,1600626,"Griffin Capital Essential Asset REIT, Inc.  (PKST)  (CIK 0001600626)",2019-08-09,2019-08-09,,,,False,2019
merger,1601347,"Pilgrim Bancshares, Inc.  (CIK 0001601347)",2018-10-29,2018-07-25,2019-01-31,190,94,True,2018
merger,1601669,Watford Holdings Ltd.  (CIK 0001601669),2021-02-19,2020-10-09,2021-07-01,265,132,True,2021
merger,1603286,"Dominion Energy Midstream Partners, LP  (CIK 0001603286)",2019-01-25,2018-11-27,2019-01-28,62,3,True,2019
merger,1603756,"Axonics, Inc.  (AXNX)  (CIK 0001603756)",2024-02-22,2024-02-07,2024-11-15,282,267,True,2024
merger,1604416,"Nexeo Solutions, Inc.  (CIK 0001604416)",2019-01-30,2019-01-30,2019-03-01,30,30,True,2019
tender,1604481,Euronav NV  (CMBT)  (CIK 0001604481),2024-02-14,2023-10-10,,,,False,2024
merger,1604643,Evoqua Water Technologies Corp.  (CIK 0001604643),2023-04-11,2022-12-23,2023-05-24,152,43,True,2023
merger,1604778,"Qorvo, Inc.  (QRVO)  (CIK 0001604778)",2025-12-23,2025-06-26,,,,False,2025
tender,1604950,scPharmaceuticals Inc.  (SCPH)  (CIK 0001604950),2025-09-08,2025-08-25,2025-10-07,43,29,True,2025
merger,1605607,"Paramount Group, Inc.  (PGRE)  (CIK 0001605607)",2025-11-10,2025-09-17,2025-12-19,93,39,True,2025
merger,1606268,"Via Renewables, Inc.  (VIASP)  (CIK 0001606268)",2024-03-28,2024-02-12,2024-06-13,122,77,True,2024
tender,1606457,Atento S.A.  (CIK 0001606457),2022-12-06,2022-12-06,2023-08-07,244,244,True,2022
merger,1606645,Foamix Pharmaceuticals Ltd.  (CIK 0001606645),2020-01-07,2020-01-07,2020-03-09,62,62,True,2020
merger,1606745,"Liberty TripAdvisor Holdings, Inc.  (LTRPA, LTRPB)  (CIK 0001606745)",2025-03-24,2024-12-19,2025-04-29,131,36,True,2025
tender,1607310,Mobileye N.V.  (CIK 0001607310),2017-04-05,2017-03-13,2017-08-21,161,138,True,2017
merger,1607716,"Vivint Solar, Inc.  (CIK 0001607716)",2016-01-25,2015-12-14,,,,False,2016
merger,1607716,"Vivint Solar, Inc.  (CIK 0001607716)",2020-09-02,2020-04-28,2020-10-08,163,36,True,2020
merger,1608249,"Zayo Group Holdings, Inc.  (CIK 0001608249)",2019-06-26,2019-05-08,2020-03-09,306,257,True,2019
merger,1608269,SINO MERCURY ACQUISITION CORP.  (CIK 0001608269),2015-09-18,2015-05-12,2015-10-27,168,39,True,2015
merger,1608638,"Civitas Solutions, Inc.  (CIK 0001608638)",2019-02-14,2018-12-19,2019-03-08,79,22,True,2019
tender,1609351,"Spark Therapeutics, Inc.  (CIK 0001609351)",2019-03-07,2019-02-25,2019-12-17,295,285,True,2019
merger,1609471,"Watermark Lodging Trust, Inc.  (CIK 0001609471)",2022-06-15,2022-05-09,2022-10-21,165,128,True,2022
tender,1609653,Cnova N.V.  (CIK 0001609653),2016-12-07,2016-05-12,2017-02-21,285,76,True,2016
tender,1609702,"CDK Global, Inc.  (CIK 0001609702)",2022-04-22,2022-04-07,2022-07-06,90,75,True,2022
tender,1609727,"Synthorx, Inc.  (CIK 0001609727)",2019-12-23,2019-12-09,2020-01-23,45,31,True,2019
tender,1610092,"Diplomat Pharmacy, Inc.  (CIK 0001610092)",2020-01-09,2019-12-09,2020-02-10,63,32,True,2020
tender,1610128,Avolon Holdings Ltd  (CIK 0001610128),2015-07-31,2015-07-14,2016-01-08,178,161,True,2015
tender,1610618,"Cidara Therapeutics, Inc.  (CDTX)  (CIK 0001610618)",2025-12-05,2025-11-14,2026-01-07,54,33,True,2025
merger,1610793,"State National Companies, Inc.  (CIK 0001610793)",2017-09-11,2017-07-26,2017-11-17,114,67,True,2017
merger,1610950,"Syneos Health, Inc.  (CIK 0001610950)",2023-06-27,2023-05-10,2023-09-28,141,93,True,2023
tender,1611231,"MaxPoint Interactive, Inc.  (CIK 0001611231)",2017-09-11,2017-08-28,2017-10-10,43,29,True,2017
tender,1611787,Advanced Accelerator Applications S.A.  (CIK 0001611787),2017-12-07,2017-10-30,2018-02-01,94,56,True,2017
tender,1611820,LINE Corp  (CIK 0001611820),2020-05-27,2019-12-23,2020-12-17,360,204,True,2020
merger,1613859,"PRA Health Sciences, Inc.  (CIK 0001613859)",2021-04-28,2021-04-28,2021-07-01,64,64,True,2021
merger,1614436,Virgin America Inc.  (CIK 0001614436),2016-06-20,2016-03-25,2016-12-14,264,177,True,2016
tender,1614818,CardConnect Corp.  (CIK 0001614818),2017-06-08,2017-05-30,2017-06-29,30,21,True,2017
merger,1615055,IsoPlexis Corp  (CIK 0001615055),2023-02-13,2023-02-13,2023-03-21,36,36,True,2023
tender,1615222,"Moody National REIT II, Inc.  (CIK 0001615222)",2023-06-26,2023-05-24,,,,False,2023
merger,1616101,Symmetry Surgical Inc.  (CIK 0001616101),2016-05-31,2016-05-02,2016-07-01,60,31,True,2016
merger,1616212,Trillium Therapeutics Inc.  (CIK 0001616212),2021-09-27,2021-08-23,2021-11-17,86,51,True,2021
merger,1616314,"MedEquities Realty Trust, Inc.  (CIK 0001616314)",2019-04-08,2019-04-08,2019-05-17,39,39,True,2019
merger,1616741,"PATRIOT TRANSPORTATION HOLDING, INC.  (CIK 0001616741)",2023-12-01,2023-11-01,2023-12-21,50,20,True,2023
merger,1616817,Metaldyne Performance Group Inc.  (CIK 0001616817),2017-03-06,2017-03-06,2017-04-07,32,32,True,2017
merger,1617227,"J. Alexander's Holdings, Inc.  (CIK 0001617227)",2021-08-23,2021-05-13,2021-09-30,140,38,True,2021
tender,1617582,Ablynx NV  (CIK 0001617582),2018-04-04,2018-01-29,2018-06-12,134,69,True,2018
tender,1617798,"PennTex Midstream Partners, LP  (CIK 0001617798)",2017-06-02,2017-06-02,2017-06-30,28,28,True,2017
merger,1617898,KLX Inc.  (CIK 0001617898),2018-07-25,2018-05-01,2018-10-09,161,76,True,2018
merger,1617977,"Habit Restaurants, Inc.  (CIK 0001617977)",2020-02-19,2020-01-06,2020-03-18,72,28,True,2020
merger,1618561,Nexvet Biopharma plc  (CIK 0001618561),2017-06-02,2017-04-18,2017-07-31,104,59,True,2017
merger,1618921,"Walgreens Boots Alliance, Inc.  (WBA)  (CIK 0001618921)",2025-06-06,2024-12-13,2025-08-28,258,83,True,2025
merger,1619087,SteadyMed Ltd.  (CIK 0001619087),2018-06-25,2018-04-30,2018-08-30,122,66,True,2018
merger,1619954,"Inovalon Holdings, Inc.  (INOV)  (CIK 0001619954)",2021-10-15,2021-08-19,2021-11-24,97,40,True,2021
merger,1620280,Uniti Group Inc.  (UNIT)  (CIK 0001620280),2025-02-12,2025-02-12,2025-08-04,173,173,True,2025
merger,1620546,Baxalta Inc  (CIK 0001620546),2016-04-18,2016-04-18,2016-06-03,46,46,True,2016
merger,1620702,"TERRAFORM GLOBAL, INC.  (CIK 0001620702)",2017-10-10,2017-03-07,2017-12-28,296,79,True,2017
tender,1621443,"Zynerba Pharmaceuticals, Inc.  (CIK 0001621443)",2023-08-28,2023-04-21,2023-10-11,173,44,True,2023
merger,1621563,"Summit Materials, Inc.  (SUM)  (CIK 0001621563)",2024-12-30,2024-11-25,2025-02-11,78,43,True,2024
merger,1622353,"Jernigan Capital, Inc.  (CIK 0001622353)",2020-09-23,2020-08-03,2020-11-06,95,44,True,2020
merger,1622536,Talen Energy Corp  (TLN)  (CIK 0001622536),2016-09-02,2016-04-12,2016-12-06,238,95,True,2016
merger,1622893,"Journal Media Group, Inc.  (CIK 0001622893)",2016-01-22,2015-10-08,2016-04-11,186,80,True,2016
merger,1623613,Mylan N.V.  (CIK 0001623613),2015-07-28,2015-05-05,,,,False,2015
tender,1623715,"Imago BioSciences, Inc.  (CIK 0001623715)",2022-12-12,2022-11-21,2023-01-11,51,30,True,2022
tender,1623919,"EndoChoice Holdings, Inc.  (CIK 0001623919)",2016-10-07,2016-09-27,2016-11-22,56,46,True,2016
merger,1623925,Antero Midstream GP LP  (AM)  (CIK 0001623925),2019-01-31,2019-01-31,2019-03-13,41,41,True,2019
tender,1626199,"ALPINE IMMUNE SCIENCES, INC.  (CIK 0001626199)",2024-04-22,2024-04-10,2024-05-20,40,28,True,2024
merger,1626853,Majesco  (CIK 0001626853),2020-08-24,2020-07-20,2020-09-22,64,29,True,2020
merger,1627014,"Black Knight, Inc.  (CIK 0001627014)",2022-08-19,2022-04-28,2023-09-05,495,382,True,2022
merger,1627857,"Sailpoint Technologies Holdings, Inc.  (CIK 0001627857)",2022-05-31,2022-03-18,2022-08-16,151,77,True,2022
tender,1628738,"Audentes Therapeutics, Inc.  (CIK 0001628738)",2019-12-16,2019-12-03,2020-01-15,43,30,True,2019
tender,1628871,"Tempus Applied Solutions Holdings, Inc.  (CIK 0001628871)",2015-08-21,2015-08-21,,,,False,2015
merger,1629137,"Global Blood Therapeutics, Inc.  (CIK 0001629137)",2022-08-29,2022-08-08,2022-10-05,58,37,True,2022
merger,1629995,"Columbia Pipeline Group, Inc.  (CIK 0001629995)",2016-05-17,2016-03-17,2016-07-01,106,45,True,2016
merger,1630132,"Bojangles', Inc.  (CIK 0001630132)",2018-12-10,2018-11-06,2019-01-28,83,49,True,2018
tender,1631650,"Aimmune Therapeutics, Inc.  (CIK 0001631650)",2020-09-14,2020-08-31,2020-10-13,43,29,True,2020
merger,1631825,"Presidio, Inc.  (CIK 0001631825)",2019-10-07,2019-08-14,2019-12-19,127,73,True,2019
merger,1633142,"Press Ganey Holdings, Inc.  (CIK 0001633142)",2016-09-20,2016-08-09,2016-10-21,73,31,True,2016
merger,1633336,"Crescent Capital BDC, Inc.  (CCAP, FCRX)  (CIK 0001633336)",2019-12-11,2019-10-03,,,,False,2019
merger,1634997,"Avangrid, Inc.  (AGR)  (CIK 0001634997)",2024-08-20,2024-06-21,2024-12-23,185,125,True,2024
merger,1635581,8point3 Energy Partners LP  (CIK 0001635581),2018-04-06,2018-02-06,2018-06-20,134,75,True,2018
merger,1635718,"Gannett Co., Inc.  (CIK 0001635718)",2019-10-10,2019-05-14,2019-11-20,190,41,True,2019
merger,1635881,Exterran Corp  (CIK 0001635881),2022-09-09,2022-09-09,2022-10-13,34,34,True,2022
merger,1635984,"National Western Life Group, Inc.  (CIK 0001635984)",2023-11-30,2023-11-09,2024-07-09,243,222,True,2023
tender,1637655,Horizon Global Corp  (CIK 0001637655),2023-01-10,2023-01-03,2023-02-08,36,29,True,2023
merger,1637913,Milacron Holdings Corp.  (CIK 0001637913),2019-10-18,2019-10-18,2019-11-21,34,34,True,2019
merger,1639225,"Livongo Health, Inc.  (CIK 0001639225)",2020-09-15,2020-04-06,2020-10-30,207,45,True,2020
tender,1640313,"Amplify Snack Brands, INC  (CIK 0001640313)",2018-01-02,2017-12-18,2018-01-31,44,29,True,2018
tender,1640455,"Jounce Therapeutics, Inc.  (CIK 0001640455)",2023-03-27,2023-02-23,2023-05-04,70,38,True,2023
tender,1641640,Nabriva Therapeutics AG  (CIK 0001641640),2017-05-23,2017-05-23,,,,False,2017
merger,1641991,"SPX FLOW, Inc.  (CIK 0001641991)",2022-02-01,2021-12-13,2022-04-05,113,63,True,2022
merger,1642453,Hennessy Capital Acquisition Corp II  (CIK 0001642453),2016-06-10,2016-04-04,2017-02-27,329,262,True,2016
merger,1642453,"Daseke, Inc.  (CIK 0001642453)",2024-02-15,2023-12-22,2024-04-02,102,47,True,2024
merger,1642545,"Shockwave Medical, Inc.  (CIK 0001642545)",2024-04-29,2024-04-05,2024-05-31,56,32,True,2024
tender,1642985,"Parking REIT, Inc.  (CIK 0001642985)",2021-10-05,2020-12-30,2023-08-25,968,689,True,2021
merger,1642985,Mobile Infrastructure Corp  (CIK 0001642985),2023-07-11,2022-09-27,2023-08-25,332,45,True,2023
merger,1643269,"Sumo Logic, Inc.  (CIK 0001643269)",2023-04-05,2023-02-09,2023-05-12,92,37,True,2023
tender,1643848,Patheon N.V.  (CIK 0001643848),2017-05-31,2017-05-15,2017-09-01,109,93,True,2017
tender,1644406,"Hostess Brands, Inc.  (CIK 0001644406)",2023-10-10,2023-04-27,2023-11-07,194,28,True,2023
merger,1644440,GCP Applied Technologies Inc.  (CIK 0001644440),2022-01-31,2021-12-06,2022-09-27,295,239,True,2022
merger,1644675,Mimecast Ltd  (CIK 0001644675),2022-02-09,2021-12-07,2022-05-19,163,99,True,2022
merger,1644963,"AVENUE THERAPEUTICS, INC.  (ATXI)  (CIK 0001644963)",2018-12-21,2018-12-11,,,,False,2018
merger,1645494,ARRIS International plc  (CIK 0001645494),2018-12-19,2018-11-08,2019-04-04,147,106,True,2018
tender,1645569,"DICE Therapeutics, Inc.  (CIK 0001645569)",2023-06-30,2023-04-26,2023-08-09,105,40,True,2023
merger,1645926,Multi Packaging Solutions International Ltd  (CIK 0001645926),2017-03-03,2017-01-24,2017-06-07,134,96,True,2017
tender,1646228,At Home Group Inc.  (CIK 0001646228),2021-06-21,2021-05-04,2021-07-23,80,32,True,2021
tender,1646383,CSRA Inc.  (CIK 0001646383),2018-03-05,2018-02-12,2018-04-04,51,30,True,2018
merger,1646587,NorthStar Realty Europe Corp.  (CIK 0001646587),2019-08-14,2019-07-03,2019-09-30,89,47,True,2019
tender,1648383,"CNL Healthcare Properties II, Inc.  (CIK 0001648383)",2019-09-17,2019-06-28,2020-03-27,273,192,True,2019
merger,1648955,Capitol Acquisition Corp. III  (CIK 0001648955),2017-06-15,2017-06-09,2017-06-29,20,14,True,2017
merger,1649709,CIFC LLC  (CIK 0001649709),2016-10-17,2016-09-30,2016-11-22,53,36,True,2016
merger,1650962,"Welbilt, Inc.  (CIK 0001650962)",2021-06-21,2021-03-15,2022-07-29,501,403,True,2021
merger,1651052,Focus Financial Partners Inc.  (CIK 0001651052),2023-06-12,2023-02-02,2023-09-11,221,91,True,2023
merger,1651094,"Elevate Credit, Inc.  (CIK 0001651094)",2023-01-17,2022-11-16,2023-03-01,105,43,True,2023
merger,1651235,"Acacia Communications, Inc.  (CIK 0001651235)",2019-08-07,2019-07-09,2021-03-01,601,572,True,2019
merger,1651235,"Acacia Communications, Inc.  (CIK 0001651235)",2021-02-08,2021-01-14,2021-03-01,46,21,True,2021
tender,1651311,Merus N.V.  (MRUS)  (CIK 0001651311),2025-10-21,2025-09-29,2026-01-09,102,80,True,2025
merger,1651407,"Checkpoint Therapeutics, Inc.  (CKPT)  (CIK 0001651407)",2025-04-23,2025-03-10,2025-05-30,81,37,True,2025
tender,1651431,"Checkmate Pharmaceuticals, Inc.  (CIK 0001651431)",2022-05-02,2022-04-19,2022-05-31,42,29,True,2022
merger,1651561,"Tabula Rasa HealthCare, Inc.  (CIK 0001651561)",2023-09-29,2023-08-07,2023-11-03,88,35,True,2023
merger,1652106,"PB Bancorp, Inc.  (CIK 0001652106)",2020-01-03,2019-10-22,2020-04-30,191,118,True,2020
tender,1652923,"AveXis, Inc.  (CIK 0001652923)",2018-04-17,2018-04-09,2018-05-15,36,28,True,2018
tender,1656536,"Decibel Therapeutics, Inc.  (CIK 0001656536)",2023-08-25,2023-08-09,2023-09-25,47,31,True,2023
merger,1657197,"Cotiviti Holdings, Inc.  (CIK 0001657197)",2018-07-23,2018-04-12,2018-08-27,137,35,True,2018
merger,1657312,Verona Pharma plc  (VRNA)  (CIK 0001657312),2025-08-18,2025-07-09,2025-10-07,90,50,True,2025
merger,1658566,"Centennial Resource Development, Inc.  (PR)  (CIK 0001658566)",2022-07-28,2022-03-15,2022-09-12,181,46,True,2022
merger,1659228,"Bats Global Markets, Inc.  (CIK 0001659228)",2016-12-12,2016-12-12,2017-03-01,79,79,True,2016
tender,1660078,Endesa Americas S.A.  (CIK 0001660078),2016-09-14,2016-09-01,2016-12-20,110,97,True,2016
merger,1660484,Innocoll Holdings plc  (CIK 0001660484),2017-05-11,2017-04-06,2017-08-03,119,84,True,2017
tender,1660690,"Versum Materials, Inc.  (CIK 0001660690)",2019-03-29,2018-12-20,2019-04-04,105,6,True,2019
merger,1660734,"Triton International Ltd  (TRTN-PA, TRTN-PB, TRTN-PC, TRTN-PD, TRTN-PE)  (CIK 0001660734)",2023-07-06,2023-03-15,2023-09-28,197,84,True,2023
tender,1661458,"Highlands REIT, Inc.  (CIK 0001661458)",2016-09-06,2016-09-06,,,,False,2016
tender,1661460,"Poseida Therapeutics, Inc.  (PSTX)  (CIK 0001661460)",2024-12-09,2024-11-26,2025-01-08,43,30,True,2024
tender,1662524,"AKCEA THERAPEUTICS, INC.  (CIK 0001662524)",2020-09-14,2020-08-31,2020-10-13,43,29,True,2020
tender,1664106,"LogicBio Therapeutics, Inc.  (CIK 0001664106)",2022-10-18,2022-10-03,2022-11-16,44,29,True,2022
merger,1664998,"KnowBe4, Inc.  (CIK 0001664998)",2022-12-22,2022-10-12,2023-02-01,112,41,True,2022
merger,1665658,"CommerceHub, Inc.  (CIK 0001665658)",2018-04-18,2018-03-06,2018-05-21,76,33,True,2018
merger,1667161,"Randolph Bancorp, Inc.  (CIK 0001667161)",2022-05-25,2022-03-28,2022-10-07,193,135,True,2022
tender,1667633,"Forty Seven, Inc.  (CIK 0001667633)",2020-03-10,2020-03-02,2020-04-07,36,28,True,2020
tender,1668105,Talend S.A.  (CIK 0001668105),2021-06-11,2021-03-10,2021-07-29,141,48,True,2021
tender,1668397,"Medpace Holdings, Inc.  (MEDP)  (CIK 0001668397)",2019-08-08,2019-04-03,,,,False,2019
merger,1668428,CF Corp  (CIK 0001668428),2017-07-26,2017-05-24,2017-11-30,190,127,True,2017
merger,1668428,FGL Holdings  (CIK 0001668428),2020-04-27,2020-03-19,2020-06-03,76,37,True,2020
merger,1668673,"PetIQ, Inc.  (PETQ)  (CIK 0001668673)",2024-09-16,2024-08-07,2024-10-25,79,39,True,2024
tender,1669792,"AdvancePierre Foods Holdings, Inc.  (CIK 0001669792)",2017-05-09,2017-04-25,2017-06-08,44,30,True,2017
merger,1669812,"LSC Communications, Inc.  (CIK 0001669812)",2019-01-22,2019-01-22,2020-01-14,357,357,True,2019
merger,1670349,"U.S. WELL SERVICES, INC.  (CIK 0001670349)",2022-09-28,2022-05-09,2022-11-01,176,34,True,2022
merger,1671013,Cardtronics plc  (CIK 0001671013),2021-03-30,2020-12-15,2021-06-21,188,83,True,2021
merger,1671284,"NeueHealth, Inc.  (NEUE)  (CIK 0001671284)",2025-04-14,2024-12-23,2025-10-02,283,171,True,2025
merger,1674760,Goldman Sachs Private Middle Market Credit LLC  (CIK 0001674760),2024-11-22,2024-11-01,,,,False,2024
merger,1677203,"QUALITY CARE PROPERTIES, INC.  (CIK 0001677203)",2018-06-21,2018-04-06,2018-07-27,112,36,True,2018
merger,1677761,"Parkway, Inc.  (CIK 0001677761)",2017-08-11,2017-04-05,2017-10-12,190,62,True,2017
merger,1678531,Envision Healthcare Corp  (CIK 0001678531),2018-08-13,2018-06-11,2018-10-22,133,70,True,2018
merger,1679082,Myovant Sciences Ltd.  (CIK 0001679082),2023-01-23,2022-07-28,2023-03-10,225,46,True,2023
tender,1679363,"Morphic Holding, Inc.  (CIK 0001679363)",2024-07-19,2024-04-25,2024-08-16,113,28,True,2024
merger,1679826,Ping Identity Holding Corp.  (CIK 0001679826),2022-09-16,2022-08-03,2022-10-18,76,32,True,2022
tender,1681689,Bioverativ Inc.  (CIK 0001681689),2018-02-08,2018-01-22,2018-03-08,45,28,True,2018
merger,1681903,"ICC Holdings, Inc.  (ICCH)  (CIK 0001681903)",2024-10-28,2024-10-16,2025-03-13,148,136,True,2024
merger,1682325,GTY Technology Holdings Inc.  (CIK 0001682325),2022-06-01,2022-04-29,2022-07-07,69,36,True,2022
merger,1683695,"International Money Express, Inc.  (IMXI)  (CIK 0001683695)",2025-11-05,2025-08-11,,,,False,2025
tender,1685071,Dova Pharmaceuticals Inc.  (CIK 0001685071),2019-10-11,2019-09-30,2019-11-12,43,32,True,2019
merger,1687221,"REV Group, Inc.  (REVG)  (CIK 0001687221)",2025-12-23,2025-12-23,2026-02-02,41,41,True,2025
merger,1689382,Trilogy International Partners Inc.  (CIK 0001689382),2024-02-21,2024-01-22,2024-03-29,67,37,True,2024
tender,1689657,PhenomeX Inc.  (CIK 0001689657),2023-08-31,2023-08-17,2023-10-02,46,32,True,2023
merger,1689813,Biohaven Pharmaceutical Holding Co Ltd.  (CIK 0001689813),2022-08-30,2022-03-11,2022-10-04,207,35,True,2022
merger,1689923,"Alteryx, Inc.  (CIK 0001689923)",2024-02-09,2023-12-18,2024-03-19,92,39,True,2024
merger,1690881,"ASV HOLDINGS, INC.  (CIK 0001690881)",2019-07-30,2019-04-30,2019-09-12,135,44,True,2019
merger,1691337,PCSB Financial Corp  (CIK 0001691337),2022-08-12,2022-08-12,2022-12-30,140,140,True,2022
tender,1692115,"Southwest Gas Holdings, Inc.  (SWX)  (CIK 0001692115)",2021-11-09,2021-10-13,2023-01-13,457,430,True,2021
tender,1692144,Life Partners Position Holder Trust  (CIK 0001692144),2018-11-13,2018-11-13,,,,False,2018
tender,1692144,Life Partners Position Holder Trust  (CIK 0001692144),2020-10-30,2020-10-30,2022-09-16,686,686,True,2020
tender,1692412,Playa Hotels & Resorts N.V.  (PLYA)  (CIK 0001692412),2025-02-24,2025-02-10,2025-06-16,126,112,True,2025
tender,1692830,"Satsuma Pharmaceuticals, Inc.  (CIK 0001692830)",2023-05-05,2023-04-17,2023-06-08,52,34,True,2023
tender,1693011,"Inozyme Pharma, Inc.  (INZY)  (CIK 0001693011)",2025-06-02,2025-04-29,2025-07-01,63,29,True,2025
tender,1693415,"Translate Bio, Inc.  (CIK 0001693415)",2021-08-16,2021-08-03,2021-09-14,42,29,True,2021
tender,1693664,"ARMO BioSciences, Inc.  (CIK 0001693664)",2018-05-23,2018-05-10,2018-06-22,43,30,True,2018
merger,1693853,VINE ENERGY INC.  (CIK 0001693853),2021-10-01,2021-10-01,2021-11-02,32,32,True,2021
tender,1695357,"Provention Bio, Inc.  (CIK 0001695357)",2023-03-24,2023-03-13,2023-04-27,45,34,True,2023
tender,1697152,"ConvergeOne Holdings, Inc.  (CIK 0001697152)",2018-11-21,2018-11-06,2019-01-04,59,44,True,2018
tender,1697532,"Applied Therapeutics, Inc.  (APLT)  (CIK 0001697532)",2025-12-29,2025-12-12,2026-02-03,53,36,True,2025
tender,1698287,"Banco Santander Mexico S.A., Institucion de Banca Multiple, Grupo Financiero Santander Mexico  (CIK 0001698287)",2019-08-20,2019-05-29,,,,False,2019
tender,1698287,"Banco Santander Mexico S.A., Institucion de Banca Multiple, Grupo Financiero Santander Mexico  (CIK 0001698287)",2021-11-17,2021-11-02,2023-04-24,538,523,True,2021
merger,1701040,CISION LTD.  (CIK 0001701040),2019-12-03,2019-10-22,2020-01-31,101,59,True,2019
merger,1701051,"WideOpenWest, Inc.  (WOW)  (CIK 0001701051)",2025-10-27,2025-08-11,2025-12-31,142,65,True,2025
tender,1701114,"Blue Apron Holdings, Inc.  (CIK 0001701114)",2023-10-13,2023-09-29,2023-11-13,45,31,True,2023
merger,1701732,Altair Engineering Inc.  (ALTR)  (CIK 0001701732),2024-12-18,2024-10-30,2025-03-26,147,98,True,2024
tender,1702510,"Carlyle Credit Solutions, Inc.  (CIK 0001702510)",2022-04-06,2021-10-13,,,,False,2022
merger,1704235,Quintana Energy Services Inc.  (CIK 0001704235),2020-06-29,2020-03-27,2020-07-28,123,29,True,2020
merger,1704596,"EVO Payments, Inc.  (CIK 0001704596)",2022-09-22,2022-08-01,2023-03-24,235,183,True,2022
tender,1705222,"Life Partners IRA Holder Partnership, LLC  (CIK 0001705222)",2018-11-13,2018-11-13,,,,False,2018
merger,1705873,Berry Corp (bry)  (BRY)  (CIK 0001705873),2025-11-04,2025-04-07,2025-12-18,255,44,True,2025
merger,1707092,Delphi Technologies PLC  (CIK 0001707092),2020-05-26,2020-01-28,2020-10-02,248,129,True,2020
merger,1707178,CorePoint Lodging Inc.  (CIK 0001707178),2022-01-14,2021-11-08,2022-03-03,115,48,True,2022
merger,1708176,Hall of Fame Resort & Entertainment Co  (HOFV)  (CIK 0001708176),2025-08-08,2025-05-08,2025-12-31,237,145,True,2025
merger,1708493,"Harpoon Therapeutics, Inc.  (CIK 0001708493)",2024-02-08,2024-01-08,2024-03-11,63,32,True,2024
merger,1710583,"Switch, Inc.  (CIK 0001710583)",2022-06-27,2022-04-28,2022-12-06,222,162,True,2022
merger,1711675,Nightstar Therapeutics plc  (CIK 0001711675),2019-04-09,2019-03-04,2019-06-07,95,59,True,2019
merger,1711933,"Akoya Biosciences, Inc.  (AKYA)  (CIK 0001711933)",2025-06-16,2025-06-16,2025-07-08,22,22,True,2025
merger,1712923,"GreenSky, Inc.  (CIK 0001712923)",2021-11-09,2021-11-09,2022-03-29,140,140,True,2021
tender,1714798,Prevail Therapeutics Inc.  (CIK 0001714798),2020-12-22,2020-12-15,2021-01-22,38,31,True,2020
merger,1715768,"Transphorm, Inc.  (CIK 0001715768)",2024-03-04,2024-01-11,2024-06-20,161,108,True,2024
merger,1718852,"Prometheus Biosciences, Inc.  (CIK 0001718852)",2023-05-16,2023-04-17,2023-06-16,60,31,True,2023
merger,1719395,"Eargo, Inc.  (CIK 0001719395)",2024-01-16,2023-11-21,2024-02-16,87,31,True,2024
merger,1719489,"Kaleyra, Inc.  (CIK 0001719489)",2023-08-18,2023-06-28,2023-10-05,99,48,True,2023
merger,1720671,"HashiCorp, Inc.  (HCP)  (CIK 0001720671)",2024-06-13,2024-04-25,2025-02-27,308,259,True,2024
tender,1720725,"Oyster Point Pharma, Inc.  (CIK 0001720725)",2022-12-01,2022-11-07,2023-01-03,57,33,True,2022
merger,1720821,PAE Inc  (CIK 0001720821),2022-01-11,2021-10-25,2022-02-15,113,35,True,2022
tender,1721386,"Landsea Homes Corp  (LSEA, LSEAW)  (CIK 0001721386)",2025-05-13,2025-03-05,2025-06-25,112,43,True,2025
merger,1721947,Jamf Holding Corp.  (JAMF)  (CIK 0001721947),2025-12-10,2025-10-29,2026-01-30,93,51,True,2025
tender,1722271,"Akouos, Inc.  (CIK 0001722271)",2022-10-31,2022-10-18,2022-12-01,44,31,True,2022
merger,1722438,"Doma Holdings, Inc.  (DOMA, DOMAW)  (CIK 0001722438)",2024-07-18,2024-03-29,2024-09-27,182,71,True,2024
tender,1722684,"WYNDHAM HOTELS & RESORTS, INC.  (WH)  (CIK 0001722684)",2023-12-18,2023-12-12,,,,False,2023
tender,1722964,"Y-mAbs Therapeutics, Inc.  (YMAB)  (CIK 0001722964)",2025-08-18,2025-05-30,2025-09-16,109,29,True,2025
merger,1723866,"Select Interior Concepts, Inc.  (CIK 0001723866)",2021-09-15,2021-09-02,2021-10-21,49,36,True,2021
tender,1724344,Entasis Therapeutics Holdings Inc.  (CIK 0001724344),2022-06-07,2022-05-23,2022-07-11,49,34,True,2022
merger,1724965,TALOS ENERGY INC.  (TALO)  (CIK 0001724965),2023-01-10,2023-01-10,2024-12-18,708,708,True,2023
tender,1724979,Rain Oncology Inc.  (CIK 0001724979),2023-12-14,2023-12-14,2024-01-26,43,43,True,2023
merger,1725057,"Dayforce, Inc.  (DAY)  (CIK 0001725057)",2025-09-29,2025-08-21,2026-02-04,167,128,True,2025
tender,1725293,Grindrod Shipping Holdings Ltd.  (CIK 0001725293),2022-10-28,2022-08-29,2024-08-16,718,658,True,2022
merger,1725579,"Pluralsight, Inc.  (CIK 0001725579)",2021-01-29,2020-12-14,2021-04-06,113,67,True,2021
merger,1725872,"BM Technologies, Inc.  (BMTX, BMTX-WT)  (CIK 0001725872)",2024-12-03,2024-10-25,2025-02-03,101,62,True,2024
tender,1726293,Pure Acquisition Corp.  (CIK 0001726293),2019-09-27,2019-09-27,2020-09-01,340,340,True,2019
merger,1730346,"Charah Solutions, Inc.  (CIK 0001730346)",2023-06-12,2023-05-31,2023-07-20,50,38,True,2023
merger,1731831,"Eidos Therapeutics, Inc.  (CIK 0001731831)",2020-12-15,2020-04-24,2021-01-26,277,42,True,2020
merger,1732845,WestRock Co  (CIK 0001732845),2024-04-26,2023-12-13,2024-07-08,208,73,True,2024
merger,1733186,"Veoneer, Inc.  (CIK 0001733186)",2021-09-09,2021-07-23,2022-04-01,252,204,True,2021
tender,1733418,Aphria Inc.  (CIK 0001733418),2018-12-28,2018-12-28,2020-06-05,525,525,True,2018
tender,1734517,"Viela Bio, Inc.  (CIK 0001734517)",2021-02-12,2021-02-01,2021-03-15,42,31,True,2021
merger,1735803,"Apria, Inc.  (CIK 0001735803)",2022-02-22,2022-01-10,2022-03-29,78,35,True,2022
merger,1739614,"Inhibrx, Inc.  (CIK 0001739614)",2024-04-26,2024-01-23,2024-05-30,128,34,True,2024
merger,1739936,MOMENTIVE GLOBAL INC.  (CIK 0001739936),2023-04-27,2023-03-14,2023-05-31,78,34,True,2023
merger,1740547,Urovant Sciences Ltd.  (CIK 0001740547),2021-02-19,2020-11-13,2021-03-29,136,38,True,2021
tender,1741830,"Kronos Bio, Inc.  (KRON)  (CIK 0001741830)",2025-05-15,2025-05-01,2025-06-20,50,36,True,2025
merger,1743881,"BridgeBio Pharma, Inc.  (BBIO)  (CIK 0001743881)",2020-12-15,2020-04-23,,,,False,2020
merger,1744179,"Oaktree Strategic Income II, Inc.  (CIK 0001744179)",2022-11-30,2022-03-02,2023-01-23,327,54,True,2022
merger,1744659,"Akero Therapeutics, Inc.  (AKRO)  (CIK 0001744659)",2025-11-07,2025-10-09,2025-12-09,61,32,True,2025
tender,1745020,"Theseus Pharmaceuticals, Inc.  (CIK 0001745020)",2024-01-10,2023-12-22,2024-02-14,54,35,True,2024
merger,1745041,"IAA, Inc.  (CIK 0001745041)",2023-02-10,2023-02-10,2023-03-21,39,39,True,2023
merger,1745317,Graf Industrial Corp.  (CIK 0001745317),2020-09-14,2020-04-09,2020-09-29,173,15,True,2020
merger,1745317,"Velodyne Lidar, Inc.  (CIK 0001745317)",2022-12-08,2022-06-15,2023-02-13,243,67,True,2022
merger,1748907,Orchard Therapeutics plc  (CIK 0001748907),2023-11-16,2023-10-05,2024-01-24,111,69,True,2023
merger,1751143,"ATLAS TECHNICAL CONSULTANTS, INC.  (CIK 0001751143)",2023-03-01,2023-01-31,2023-04-19,78,49,True,2023
merger,1752036,California BanCorp  (CIK 0001752036),2024-06-07,2024-06-07,2024-07-31,54,54,True,2024
merger,1752836,"COVETRUS, INC.  (CIK 0001752836)",2022-09-13,2022-04-01,2022-10-13,195,30,True,2022
merger,1753706,"Whole Earth Brands, Inc.  (CIK 0001753706)",2024-06-24,2024-03-15,2024-08-05,143,42,True,2024
merger,1753886,Stonemor Inc.  (CIK 0001753886),2022-09-20,2022-08-05,2022-11-04,91,45,True,2022
merger,1754820,"Desktop Metal, Inc.  (DM)  (CIK 0001754820)",2024-08-15,2024-04-23,2025-04-02,344,230,True,2024
merger,1756497,Change Healthcare Inc.  (CIK 0001756497),2021-03-05,2021-01-06,2022-06-29,539,481,True,2021
tender,1757932,"Romeo Power, Inc.  (CIK 0001757932)",2022-08-29,2022-06-13,2022-10-17,126,49,True,2022
merger,1760689,"Tuscan Holdings Corp.  (MVST, MVSTW)  (CIK 0001760689)",2021-07-02,2021-02-01,,,,False,2021
merger,1764925,"Slack Technologies, Inc.  (CIK 0001764925)",2021-01-29,2020-05-05,2021-07-21,442,173,True,2021
tender,1764974,Turnstone Biologics Corp.  (TSBX)  (CIK 0001764974),2025-07-11,2025-06-27,2025-08-11,45,31,True,2025
merger,1769617,"HarborOne Bancorp, Inc.  (HONE)  (CIK 0001769617)",2025-06-27,2025-04-01,2025-10-28,210,123,True,2025
merger,1769759,Monogram Technologies Inc.  (MGRM)  (CIK 0001769759),2025-08-28,2025-07-14,2025-10-07,85,40,True,2025
merger,1769804,"Augmedix, Inc.  (AUGX)  (CIK 0001769804)",2024-08-29,2024-07-19,2024-10-02,75,34,True,2024
tender,1771279,Wanda Sports Group Co Ltd  (CIK 0001771279),2020-12-23,2020-09-30,2021-01-19,111,27,True,2020
merger,1771908,Haymaker Acquisition Corp. II  (CIK 0001771908),2020-11-06,2020-11-06,2020-12-23,47,47,True,2020
merger,1771917,"Karuna Therapeutics, Inc.  (CIK 0001771917)",2024-02-05,2023-12-22,2024-03-18,87,42,True,2024
merger,1773427,"SpringWorks Therapeutics, Inc.  (SWTX)  (CIK 0001773427)",2025-05-28,2025-04-04,2025-07-01,88,34,True,2025
merger,1774155,BTRS Holdings Inc.  (CIK 0001774155),2022-11-10,2022-09-28,2022-12-16,79,36,True,2022
merger,1778784,"Provident Bancorp, Inc. /MD/  (PVBC)  (CIK 0001778784)",2025-08-07,2025-08-07,,,,False,2025
merger,1782754,AZEK Co Inc.  (AZEK)  (CIK 0001782754),2025-05-29,2025-02-24,2025-07-01,127,33,True,2025
tender,1783032,"Elevation Oncology, Inc.  (ELEV)  (CIK 0001783032)",2025-06-23,2025-04-24,2025-07-23,90,30,True,2025
merger,1783317,McAfee Corp.  (CIK 0001783317),2022-01-04,2021-11-08,2022-03-01,113,56,True,2022
merger,1783400,"US Ecology, Inc.  (CIK 0001783400)",2022-03-29,2022-02-09,2022-05-02,82,34,True,2022
tender,1785173,"89bio, Inc.  (ETNB)  (CIK 0001785173)",2025-10-01,2025-09-18,2025-10-30,42,29,True,2025
merger,1785345,"Landos Biopharma, Inc.  (CIK 0001785345)",2024-04-25,2024-03-25,2024-05-23,59,28,True,2024
tender,1785494,Woodbridge Liquidation Trust  (WBQNL)  (CIK 0001785494),2020-01-13,2020-01-13,,,,False,2020
tender,1786255,"Icosavax, Inc.  (CIK 0001786255)",2023-12-27,2023-12-12,2024-02-20,70,55,True,2023
merger,1790982,Arconic Corp  (CIK 0001790982),2023-06-16,2023-04-05,2023-08-18,135,63,True,2023
merger,1791091,"SOC Telemed, Inc.  (CIK 0001791091)",2022-03-07,2022-02-03,2022-04-06,62,30,True,2022
tender,1792829,Vasta Platform Ltd  (VSTA)  (CIK 0001792829),2025-09-30,2025-09-16,2026-01-20,126,112,True,2025
tender,1795579,Calliditas Therapeutics AB  (CALT)  (CIK 0001795579),2024-07-22,2024-05-28,2024-09-13,108,53,True,2024
tender,1797768,Kinnate Biopharma Inc.  (CIK 0001797768),2024-03-04,2024-02-21,2024-04-03,42,30,True,2024
merger,1799208,"Dun & Bradstreet Holdings, Inc.  (DNB)  (CIK 0001799208)",2025-05-14,2025-03-24,2025-08-26,155,104,True,2025
merger,1799332,GAN Ltd  (GAN)  (CIK 0001799332),2024-01-09,2023-12-15,2025-05-27,529,504,True,2024
tender,1799567,"DoubleDown Interactive Co., Ltd.  (DDI)  (CIK 0001799567)",2021-10-06,2021-09-13,,,,False,2021
merger,1799850,Chardan Healthcare Acquisition 2 Corp.  (CIK 0001799850),2021-08-05,2021-03-23,2021-09-03,164,29,True,2021
tender,1799983,"Global Blue Group Holding AG  (GB, GB-WT)  (CIK 0001799983)",2025-02-18,2025-02-18,2025-06-10,112,112,True,2025
merger,1801169,Social Capital Hedosophia Holdings Corp. II  (OPEN)  (CIK 0001801169),2020-11-30,2020-11-30,2020-12-18,18,18,True,2020
merger,1801754,"Trean Insurance Group, Inc.  (CIK 0001801754)",2023-03-16,2022-12-16,2023-04-21,126,36,True,2023
merger,1805387,"Cerevel Therapeutics Holdings, Inc.  (CIK 0001805387)",2024-01-18,2023-12-07,2024-08-01,238,196,True,2024
merger,1805890,Fusion Pharmaceuticals Inc.  (CIK 0001805890),2024-04-25,2024-03-19,2024-06-05,78,41,True,2024
merger,1807846,"MONEYLION INC.  (ML, ML-WT)  (CIK 0001807846)",2025-03-05,2025-03-05,2025-04-17,43,43,True,2025
tender,1807901,"Pandion Therapeutics, Inc.  (CIK 0001807901)",2021-03-04,2021-02-25,2021-04-01,35,28,True,2021
tender,1808865,"iTeos Therapeutics, Inc.  (ITOS)  (CIK 0001808865)",2025-08-01,2025-04-24,2025-08-29,127,28,True,2025
tender,1809122,CureVac N.V.  (CVAC)  (CIK 0001809122),2025-10-21,2025-06-12,2026-01-06,208,77,True,2025
tender,1811764,POINT Biopharma Global Inc.  (CIK 0001811764),2023-10-13,2023-10-03,2023-12-27,85,75,True,2023
tender,1816007,Lufax Holding Ltd  (LU)  (CIK 0001816007),2024-09-27,2024-07-03,,,,False,2024
merger,1816233,"Sharecare, Inc.  (SHCR, SHCRW)  (CIK 0001816233)",2024-09-17,2024-04-29,2024-10-22,176,35,True,2024
merger,1816581,"Ouster, Inc.  (OUST, OUST-WT, OUST-WTA)  (CIK 0001816581)",2022-12-14,2022-04-27,,,,False,2022
merger,1816613,"Markforged Holding Corp  (MKFG, MKFGW)  (CIK 0001816613)",2024-11-13,2024-09-25,2025-01-06,103,54,True,2024
tender,1818383,"MediaAlpha, Inc.  (MAX)  (CIK 0001818383)",2023-06-09,2023-04-05,,,,False,2023
merger,1819035,"Metromile, Inc.  (CIK 0001819035)",2021-12-29,2021-12-29,2022-07-28,211,211,True,2021
tender,1819113,"Science 37 Holdings, Inc.  (CIK 0001819113)",2024-02-12,2024-01-29,2024-03-12,43,29,True,2024
merger,1819394,"Matterport, Inc./DE  (MTTR)  (CIK 0001819394)",2024-06-10,2024-04-24,2025-02-28,310,263,True,2024
merger,1819584,Volta Inc.  (CIK 0001819584),2023-02-21,2023-01-18,2023-03-31,72,38,True,2023
tender,1819881,Paya Holdings Inc.  (CIK 0001819881),2023-01-24,2023-01-09,2023-02-22,44,29,True,2023
merger,1820877,Apartment Income REIT Corp.  (CIK 0001820877),2024-05-21,2024-04-08,2024-06-28,81,38,True,2024
tender,1821323,"Sigilon Therapeutics, Inc.  (CIK 0001821323)",2023-07-13,2023-04-06,2023-08-11,127,29,True,2023
merger,1821393,"Aaron's Company, Inc.  (AAN)  (CIK 0001821393)",2024-08-13,2024-03-21,2024-10-04,197,52,True,2024
tender,1822691,"GreenLight Biosciences Holdings, PBC  (CIK 0001822691)",2023-06-21,2023-05-30,2023-07-24,55,33,True,2023
tender,1822711,"PARDES BIOSCIENCES, INC.  (CIK 0001822711)",2023-07-28,2023-04-20,2023-08-31,133,34,True,2023
merger,1823340,Altimeter Growth Corp.  (CIK 0001823340),2021-11-19,2021-11-19,2021-12-01,12,12,True,2021
merger,1823575,"ZeroFox Holdings, Inc.  (CIK 0001823575)",2024-03-18,2024-02-06,2024-05-13,97,56,True,2024
merger,1823766,Archaea Energy Inc.  (CIK 0001823766),2022-11-14,2022-10-17,2022-12-28,72,44,True,2022
merger,1823878,"Acies Acquisition Corp.  (MYPS, MYPSW)  (CIK 0001823878)",2021-05-25,2021-05-25,2021-06-21,27,27,True,2021
merger,1824211,Astrea Acquisition Corp.  (CIK 0001824211),2022-01-28,2021-08-11,2022-12-29,505,335,True,2022
merger,1824734,"Berkshire Grey, Inc.  (CIK 0001824734)",2023-06-27,2023-03-24,2023-07-20,118,23,True,2023
tender,1825367,"RayzeBio, Inc.  (CIK 0001825367)",2024-01-25,2023-12-26,2024-02-26,62,32,True,2024
merger,1825480,"Poshmark, Inc.  (CIK 0001825480)",2022-11-25,2022-10-04,2023-01-05,93,41,True,2022
merger,1825590,SL Investment Corp.  (CIK 0001825590),2024-06-21,2024-04-23,2024-07-15,83,24,True,2024
merger,1826018,"ROVER GROUP, INC.  (CIK 0001826018)",2024-01-22,2023-11-29,2024-02-27,90,36,True,2024
merger,1827075,CVENT HOLDING CORP.  (CIK 0001827075),2023-05-03,2023-03-14,2023-06-15,93,43,True,2023
merger,1827087,"Vigil Neuroscience, Inc.  (VIGL)  (CIK 0001827087)",2025-06-30,2025-03-31,2025-08-05,127,36,True,2025
tender,1827506,"Tourmaline Bio, Inc.  (TRML)  (CIK 0001827506)",2025-09-29,2025-09-09,2025-10-28,49,29,True,2025
merger,1827821,"Forge Global Holdings, Inc.  (FRGE)  (CIK 0001827821)",2025-12-15,2025-11-06,2026-03-02,116,77,True,2025
merger,1827980,"Embark Technology, Inc.  (CIK 0001827980)",2023-06-26,2023-05-25,2023-08-02,69,37,True,2023
merger,1828182,"Signify Health, Inc.  (CIK 0001828182)",2022-09-30,2022-09-06,2023-03-29,204,180,True,2022
merger,1828723,"Altus Power, Inc.  (AMPS)  (CIK 0001828723)",2025-03-13,2025-02-06,2025-04-16,69,34,True,2025
merger,1829864,"TaskUs, Inc.  (TASK)  (CIK 0001829864)",2025-08-08,2025-04-08,,,,False,2025
tender,1830197,Home Point Capital Inc.  (CIK 0001830197),2023-05-26,2023-04-25,2023-08-01,98,67,True,2023
merger,1831617,"Diversey Holdings, Ltd.  (CIK 0001831617)",2023-05-15,2023-03-08,2023-07-05,119,51,True,2023
merger,1831840,"SEMrush Holdings, Inc.  (SEMR)  (CIK 0001831840)",2025-12-29,2025-11-19,2026-04-28,160,120,True,2025
tender,1832168,"Longboard Pharmaceuticals, Inc.  (LBPH)  (CIK 0001832168)",2024-10-30,2024-10-15,2024-12-02,48,33,True,2024
merger,1834494,"MeridianLink, Inc.  (MLNK)  (CIK 0001834494)",2025-09-22,2025-04-23,2025-10-24,184,32,True,2025
merger,1835256,"Duckhorn Portfolio, Inc.  (NAPA)  (CIK 0001835256)",2024-12-02,2024-10-07,2024-12-26,80,24,True,2024
merger,1835378,"Innovid Corp.  (CTV, CTV-WT)  (CIK 0001835378)",2025-01-10,2024-11-21,2025-02-13,84,34,True,2025
merger,1835512,"Terran Orbital Corp  (LLAP, LLAPW)  (CIK 0001835512)",2024-10-04,2024-08-15,2024-10-30,76,26,True,2024
tender,1835539,Olink Holding AB (publ)  (CIK 0001835539),2023-10-31,2023-10-17,2024-07-10,267,253,True,2023
merger,1836176,Fathom Digital Manufacturing Corp  (CIK 0001836176),2024-04-19,2024-03-20,2024-05-21,62,32,True,2024
tender,1836379,VectivBio Holding AG  (CIK 0001836379),2023-05-31,2023-05-22,2023-07-10,49,40,True,2023
merger,1837686,"Vimeo, Inc.  (VMEO)  (CIK 0001837686)",2025-10-22,2025-09-10,2025-11-24,75,33,True,2025
merger,1838672,"AdTheorent Holding Company, Inc.  (CIK 0001838672)",2024-05-20,2024-04-30,2024-06-21,52,32,True,2024
tender,1839132,Pathfinder Acquisition Corp  (MVLA)  (CIK 0001839132),2022-12-16,2022-12-16,2023-02-10,56,56,True,2022
merger,1840292,"Heliogen, Inc.  (HLGN, HLGNW)  (CIK 0001840292)",2025-07-11,2025-07-11,2025-08-12,32,32,True,2025
tender,1840574,"Verve Therapeutics, Inc.  (VERV)  (CIK 0001840574)",2025-06-25,2025-04-25,2025-07-25,91,30,True,2025
tender,1840748,LAVA Therapeutics NV  (LVTX)  (CIK 0001840748),2025-08-15,2025-08-04,2025-12-16,134,123,True,2025
merger,1840927,TPG Pace Solutions Corp.  (CIK 0001840927),2021-11-10,2021-11-10,2021-12-07,27,27,True,2021
tender,1844280,"Thorne Healthtech, Inc.  (CIK 0001844280)",2023-09-14,2023-08-28,2023-10-16,49,32,True,2023
merger,1845022,"Couchbase, Inc.  (BASE)  (CIK 0001845022)",2025-08-07,2025-04-16,2025-09-24,161,48,True,2025
merger,1846510,Soho House & Co Inc.  (SHCO)  (CIK 0001846510),2025-12-11,2025-08-18,2026-01-29,164,49,True,2025
merger,1849670,"PB Bankshares, Inc.  (PBBK)  (CIK 0001849670)",2025-11-03,2025-11-03,2026-02-05,94,94,True,2025
tender,1850266,"Akili, Inc.  (CIK 0001850266)",2024-06-05,2024-03-06,2024-07-02,118,27,True,2024
merger,1850906,"Singular Genomics Systems, Inc.  (OMIC)  (CIK 0001850906)",2025-01-15,2024-12-23,2025-02-21,60,37,True,2025
merger,1854401,Bridge Investment Group Holdings Inc.  (BRDG)  (CIK 0001854401),2025-05-14,2025-05-14,2025-09-02,111,111,True,2025
merger,1856608,"Sovos Brands, Inc.  (CIK 0001856608)",2023-09-13,2023-08-07,2024-03-12,218,181,True,2023
merger,1858257,"AvidXchange Holdings, Inc.  (AVDX)  (CIK 0001858257)",2025-08-15,2025-04-30,2025-10-15,168,61,True,2025
merger,1859285,HireRight Holdings Corp  (CIK 0001859285),2024-05-17,2024-02-16,2024-06-28,133,42,True,2024
tender,1860782,"2seventy bio, Inc.  (TSVT)  (CIK 0001860782)",2025-04-14,2025-03-11,2025-05-13,63,29,True,2025
merger,1863105,"EngageSmart, Inc.  (CIK 0001863105)",2023-12-19,2023-10-23,2024-01-26,95,38,True,2023
merger,1865187,"Aris Water Solutions, Inc.  (ARIS)  (CIK 0001865187)",2025-09-12,2025-04-09,2025-10-15,189,33,True,2025
tender,1867325,Getnet Adquirencia E Servicos Para Meios De Pagamento S.A. - Instituicao De Pagamento  (CIK 0001867325),2022-11-14,2022-05-20,2023-03-06,290,112,True,2022
tender,1868734,"CinCor Pharma, Inc.  (CIK 0001868734)",2023-01-23,2023-01-09,2023-02-24,46,32,True,2023
merger,1868912,"Enfusion, Inc.  (ENFN)  (CIK 0001868912)",2025-03-20,2025-01-13,2025-04-21,98,32,True,2025
tender,1874474,"Allego N.V.  (ALLG, ALLGF)  (CIK 0001874474)",2024-06-17,2024-06-17,2024-08-12,56,56,True,2024
merger,1874944,"Vacasa, Inc.  (VCSA)  (CIK 0001874944)",2025-03-28,2024-12-30,2025-05-01,122,34,True,2025
merger,1876588,ZimVie Inc.  (ZIMV)  (CIK 0001876588),2025-09-02,2025-07-21,2025-10-20,91,48,True,2025
merger,1879103,"CFSB Bancorp, Inc. /MA/  (CFSB)  (CIK 0001879103)",2025-08-15,2025-05-21,2025-11-03,166,80,True,2025
tender,1888012,"HilleVax, Inc.  (HLVX)  (CIK 0001888012)",2025-08-18,2025-08-04,2025-09-17,44,30,True,2025
tender,1897982,"Aspen Technology, Inc.  (AZPN)  (CIK 0001897982)",2025-02-10,2024-10-24,2025-03-12,139,30,True,2025
merger,1901799,"GSR II Meteora Acquisition Corp.  (BTM, BTMWW)  (CIK 0001901799)",2023-02-08,2022-10-05,,,,False,2023
merger,1910851,R1 RCM Inc. /DE  (RCM)  (CIK 0001910851),2024-10-16,2024-08-01,2024-11-19,110,34,True,2024
tender,1929589,MariaDB plc  (MRDB)  (CIK 0001929589),2024-05-24,2024-04-24,2024-08-26,124,94,True,2024
merger,1944048,Kenvue Inc.  (KVUE)  (CIK 0001944048),2025-12-16,2025-05-07,,,,False,2025
tender,1957146,Almacenes Exito S.A.  (EXTO)  (CIK 0001957146),2023-12-20,2023-10-16,2024-12-30,441,376,True,2023
merger,1959348,WK Kellogg Co  (KLG)  (CIK 0001959348),2025-08-19,2025-07-10,2025-09-26,78,38,True,2025
tender,1966494,"CARGO Therapeutics, Inc.  (CRGX)  (CIK 0001966494)",2025-07-23,2025-04-29,2025-08-19,112,27,True,2025
merger,1977303,"Arcadium Lithium plc  (ALTM, ARLTF)  (CIK 0001977303)",2024-11-20,2024-10-09,2025-03-06,148,106,True,2024
merger,1990550,"Ambrx Biopharma, Inc.  (CIK 0001990550)",2024-01-29,2024-01-08,2024-03-18,70,49,True,2024
merger,2040807,"Metsera, Inc.  (MTSR)  (CIK 0002040807)",2025-10-17,2025-10-06,2025-11-13,38,27,True,2025
