E,ticker,type,gap0,h20,h42,h63,h84,h20_SPY,h20_IWM,h42_SPY,h42_IWM,h63_SPY,h63_IWM,h84_SPY,h84_IWM
1997-01-02,AZO,add,,,,,,,,,,,,,
1997-01-02,LUB,del,,,,,,,,,,,,,
1997-01-02,TMO,add,,,,,,,,,,,,,
1997-01-08,EHC,add,,,,,,,,,,,,,
1997-04-03,PTC,add,,,,,,,,,,,,,
1997-05-06,ADBE,add,,,,,,,,,,,,,
1997-05-27,CAH,add,,,,,,,,,,,,,
1997-06-02,SCHW,add,,,,,,,,,,,,,
1997-06-19,EFX,add,,,,,,,,,,,,,
1997-07-28,APA,add,,,,,,,,,,,,,
1997-07-28,APC,add,,,,,,,,,,,,,
1997-08-04,OI,add,,,,,,,,,,,,,
1997-08-04,PGR,add,,,,,,,,,,,,,
1997-08-06,HBAN,add,,,,,,,,,,,,,
1997-08-18,STT,add,,,,,,,,,,,,,
1997-09-15,KLAC,add,,,,,,,,,,,,,
1997-10-07,YUM,add,,,,,,,,,,,,,
1997-12-01,SNV,add,,,,,,,,,,,,,
1997-12-04,BBT,add,,,,,,,,,,,,,
1997-12-18,CINF,add,,,,,,,,,,,,,
1997-12-24,OMC,add,,,,,,,,,,,,,
1998-01-20,BIG,add,,,,,,,,,,,,,
1998-01-30,NTRS,add,,,,,,,,,,,,,
1998-03-24,GRA,add,,,,,,,,,,,,,
1998-04-01,SEE,add,,,,,,,,,,,,,
1998-04-29,BEN,add,,,,,,,,,,,,,
1998-05-21,MAR,add,,,,,,,,,,,,,
1998-06-29,SRE,add,,,,,,,,,,,,,
1998-07-01,COF,add,,,,,,,,,,,,,
1998-07-01,SLM,add,,,,,,,,,,,,,
1998-07-17,WM,add,,,,,,,,,,,,,
1998-08-14,KSS,add,,,,,,,,,,,,,
1998-08-28,RF,add,,,,,,,,,,,,,
1998-10-01,PAYX,add,,,,,,,,,,,,,
1998-10-02,AES,add,,,,,,,,,,,,,
1998-10-08,CCE,add,,,,,,,,,,,,,
1998-11-18,DHR,add,,,,,,,,,,,,,
1998-12-22,CCL,add,,,,,,,,,,,,,
1999-01-04,FL,del,,,,,,,,,,,,,
1999-01-04,USB,add,,,,,,,,,,,,,
1999-01-13,MCK,add,,,,,,,,,,,,,
1999-03-25,CTL,add,,,,,,,,,,,,,
1999-04-05,KSU,add,,,,,,,,,,,,,
1999-04-12,AGN,add,,,,,,,,,,,,,
1999-05-03,CMS,add,,,,,,,,,,,,,
1999-05-28,AFL,add,,,,,,,,,,,,,
1999-06-24,ODP,add,,,,,,,,,,,,,
1999-06-25,NTAP,add,,,,,,,,,,,,,
1999-06-30,BBY,add,,,,,,,,,,,,,
1999-07-01,VMC,add,,,,,,,,,,,,,
1999-07-22,QCOM,add,,,,,,,,,,,,,
1999-10-01,BBBY,add,,,,,,,,,,,,,
1999-10-04,PNW,add,,,,,,,,,,,,,
1999-10-12,ADI,add,,,,,,,,,,,,,
1999-10-13,TROW,add,,,,,,,,,,,,,
1999-10-18,LEG,add,,,,,,,,,,,,,
1999-11-05,TEN,del,,,,,,,,,,,,,
1999-11-08,HRS,del,,,,,,,,,,,,,
1999-11-08,XLNX,add,,,,,,,,,,,,,
1999-11-15,TER,add,,,,,,,,,,,,,
1999-12-01,CTXS,add,,,,,,,,,,,,,
1999-12-08,AABA,add,,,,,,,,,,,,,
1999-12-31,HP,del,,,,,,,,,,,,,
1999-12-31,RIG,add,,,,,,,,,,,,,
2000-01-04,NCR,add,,,,,,,,,,,,,
2000-01-31,HOG,add,,,,,,,,,,,,,
2000-03-16,SCI,del,,,,,,,,,,,,,
2000-05-10,MXIM,add,,,,,,,,,,,,,
2000-06-05,A,add,,,,,,,,,,,,,
2000-06-05,NC,del,,,,,,,,,,,,,
2000-06-08,SBUX,add,,,,,,,,,,,,,
2000-06-13,CVG,add,,,,,,,,,,,,,
2000-06-21,SANM,add,,,,,,,,,,,,,
2000-06-21,TIF,add,,,,,,,,,,,,,
2000-07-13,KSU,del,,,,,,,,,,,,,
2000-07-27,RAD,del,,,,,,,,,,,,,
2000-07-27,VIAV,add,,,,,,,,,,,,,
2000-08-30,DVN,add,,,,,,,,,,,,,
2000-10-18,NBR,add,,,,,,,,,,,,,
2000-11-02,EOG,add,,,,,,,,,,,,,
2000-11-02,NI,add,,,,,,,,,,,,,
2000-11-06,BVSN,add,,,,,,,,,,,,,
2000-12-05,RHI,add,,,,,,,,,,,,,
2000-12-11,CCK,del,,,,,,,,,,,,,
2000-12-11,GRA,del,,,,,,,,,,,,,
2000-12-11,INTU,add,,,,,,,,,,,,,
2000-12-11,MET,add,,,,,,,,,,,,,
2000-12-11,OI,del,,,,,,,,,,,,,
2000-12-12,SYK,add,,,,,,,,,,,,,
2000-12-22,FLR,add,,,,,,,,,,,,,
2001-01-16,NE,add,,,,,,,,,,,,,
2001-01-30,JBL,add,,,,,,,,,,,,,
2001-02-27,FTR,add,,,,,,,,,,,,,
2001-03-01,CTAS,add,,,,,,,,,,,,,
2001-04-02,FISV,add,,,,,,,,,,,,,
2001-04-03,BGG,del,,,,,,,,,,,,,
2001-06-25,ZION,add,,,,,,,,,,,,,
2001-07-02,COL,add,,,,,,,,,,,,,
2001-07-09,PCH,del,,,,,,,,,,,,,
2001-08-07,TKR,del,,,,,,,,,,,,,
2001-08-07,ZBH,add,,,,,,,,,,,,,
2001-08-30,ABC,add,,,,,,,,,,,,,
2001-08-30,CIEN,add,,,,,,,,,,,,,
2001-08-30,OKE,del,,,,,,,,,,,,,
2001-09-04,BVSN,del,,,,,,,,,,,,,
2001-09-04,XL,add,,,,,,,,,,,,,
2001-11-30,NVDA,add,,,,,,,,,,,,,
2001-12-03,EQR,add,,,,,,,,,,,,,
2002-01-02,FMC,del,,,,,,,,,,,,,
2002-01-02,WAT,add,,,,,,,,,,,,,
2002-01-30,CB,add,,,,,,,,,,,,,
2002-05-06,FHN,add,,,,,,,,,,,,,
2002-06-26,SPG,add,,,,,,,,,,,,,
2002-07-22,ABX,del,,,,,,,,,,,,,
2002-07-22,EA,add,,,,,,,,,,,,,
2002-07-22,EBAY,add,,,,,,,,,,,,,
2002-07-22,GS,add,,,,,,,,,,,,,
2002-07-22,PFG,add,,,,,,,,,,,,,
2002-07-22,PRU,add,,,,,,,,,,,,,
2002-07-22,RDS-A,del,,,,,,,,,,,,,
2002-07-22,UN,del,,,,,,,,,,,,,
2002-07-22,UPS,add,,,,,,,,,,,,,
2002-07-25,ANTM,add,,,,,,,,,,,,,
2002-12-12,DGX,add,,,,,,,,,,,,,
2003-02-24,AN,add,,,,,,,,,,,,,
2003-03-14,AIV,add,,,,,,,,,,,,,
2003-03-21,EHC,del,,,,,,,,,,,,,
2003-03-21,MKC,add,,,,,,,,,,,,,
2003-03-31,SYMC,add,,,,,,,,,,,,,
2003-04-16,FII,add,,,,,,,,,,,,,
2003-08-20,MDR,del,,,,,,,,,,,,,
2003-09-26,ESRX,add,,,,,,,,,,,,,
2003-11-13,BIIB,add,,,,,,,,,,,,,
2004-02-27,MTB,add,,,,,,,,,,,,,
2004-03-25,TUP,del,,,,,,,,,,,,,
2004-04-01,ETFC,add,,,,,,,,,,,,,
2004-04-23,MYL,add,,,,,,,,,,,,,
2004-04-29,VLO,add,,,,,,,,,,,,,
2004-07-01,GILD,add,,,,,,,,,,,,,
2004-09-01,TPR,add,,,,,,,,,,,,,
2004-11-01,LH,add,,,,,,,,,,,,,
2004-12-01,LLL,add,,,,,,,,,,,,,
2004-12-20,CR,del,,,,,,,,,,,,,
2004-12-20,DLX,del,,,,,,,,,,,,,
2004-12-20,FOXA,add,,,,,,,,,,,,,
2004-12-20,WOR,del,,,,,,,,,,,,,
2005-03-14,NOV,add,-0.00511731,-0.0614124,-0.0980548,-0.0552709,0.0124871,-0.015252,-0.0306712,-0.0223402,-0.0485794,0.00234312,0.00305936,0.0236361,0.0716782
2005-03-28,SHLD,add,,,,,,-0.0134026,-0.0387385,0.0201469,-0.00491389,0.0273501,0.0323299,0.0558925,0.0979999
2005-07-05,DHI,add,-0.0101282,0.102612,-0.0138594,-0.0325559,-0.177914,0.0344688,0.0606439,0.025517,0.0398565,0.0337474,0.0408417,0.00929811,-7.71169e-05
2005-07-05,STZ,add,-2.01654e-07,-0.0889631,-0.0795986,-0.130435,-0.212709,0.0344688,0.0606439,0.025517,0.0398565,0.0337474,0.0408417,0.00929811,-7.71169e-05
2005-07-22,WFT,add,,,,,,-0.00431851,-0.0230774,-0.0012264,-0.00965329,-0.0198023,-0.0391517,0.0199684,0.00426881
2005-08-11,TSN,add,-0.00113021,0.0277476,0.0192536,0.0503974,-0.0623038,0.00137844,0.0187078,-0.0342588,-0.0330963,-0.00470016,-0.00105971,0.0259983,0.0419611
2005-08-12,VNO,add,0,0.0232038,-0.0312133,-0.0502037,0.00761863,0.00629966,0.0161339,-0.0394591,-0.0547172,-0.00734106,-0.00631855,0.0246148,0.0381477
2005-08-15,MUR,add,-0.000536426,-0.0792764,-0.206872,-0.181809,-0.00923642,0.0104828,0.0331196,-0.0411171,-0.0566468,0.00654151,0.011173,0.0319213,0.0540385
2005-08-19,PSA,add,-0.000905622,0.0310028,-0.0389473,0.0486418,0.0660128,0.015023,0.0335035,-0.0316597,-0.0372058,0.0149411,0.0104924,0.044034,0.050602
2005-10-03,AMP,add,-0.0139659,0.0363139,0.178126,0.148709,0.15878,-0.0263332,-0.0501578,0.0192618,0.0159664,0.0173114,0.00885526,0.0490129,0.105325
2005-10-04,LEN,add,-0.00745526,-0.0991893,-0.0489454,0.020125,-0.0187167,-0.020147,-0.0450671,0.0333607,0.0263517,0.0389204,0.0228032,0.0405601,0.0821717
2005-10-11,PDCO,add,,,,,,0.0306073,0.0369201,0.0623947,0.0776266,0.0926078,0.119805,0.0715018,0.129783
2005-11-21,AMZN,add,-0.0085452,0.00812839,-0.0885785,-0.192997,-0.256357,0.00996068,0.00164461,0.0156648,0.0566924,0.038562,0.092861,0.0494674,0.117323
2005-12-02,GNW,add,-0.00229013,-0.0100198,-0.056928,-0.0382789,-0.0313928,-0.0119978,-0.0229344,0.00696704,0.0543868,0.0170446,0.0639064,0.0401292,0.110799
2005-12-20,SSP,add,-0.00105349,0.0539517,0.0217069,-0.0577224,-0.0796899,0.0206827,0.0637974,0.0221142,0.0837244,0.0412737,0.110694,0.0474228,0.151515
2006-01-03,VIAB,add,,,,,,0.0240141,0.0843824,0.0341342,0.0974219,0.0460675,0.131766,0.0554214,0.144084
2006-01-05,EL,add,-0.00257205,0.0599995,0.0579994,0.042571,0.139428,-0.00314227,0.0523235,0.0052631,0.0464773,0.033236,0.114339,0.0451453,0.13558
2006-02-01,VRSN,add,-0.00926313,0.00252614,0.0101051,-0.0105264,-0.0400001,0.0146662,0.0214234,0.0223241,0.0524234,0.0345292,0.0568562,0.0136622,0.0150199
2006-03-03,CHK,add,,,,,,0.00739163,0.0310124,0.0196542,0.0390478,-0.000912695,-0.00208347,-0.00779993,-0.0215599
2006-04-03,BXP,add,-0.00107237,-0.066917,-0.0746384,-0.0229607,0.0556134,0.00438966,-0.00934555,-0.00847272,-0.0355403,-0.0153078,-0.0543638,-0.0157724,-0.0957593
2006-04-03,DF,add,,,,,,0.00438966,-0.00934555,-0.00847272,-0.0355403,-0.0153078,-0.0543638,-0.0157724,-0.0957593
2006-04-03,GOOGL,add,-0.00120524,0.0228203,-0.0189231,0.075205,-0.0371539,0.00438966,-0.00934555,-0.00847272,-0.0355403,-0.0153078,-0.0543638,-0.0157724,-0.0957593
2006-04-03,KIM,add,0.00644994,-0.0969984,-0.0873232,-0.0947655,-0.0229178,0.00438966,-0.00934555,-0.00847272,-0.0355403,-0.0153078,-0.0543638,-0.0157724,-0.0957593
2006-04-24,LM,add,,,,,,-0.0308806,-0.0623366,-0.0426033,-0.105373,-0.0507215,-0.128164,-0.00339145,-0.0833646
2006-06-02,JNPR,add,,,,,,-0.00697212,-0.0260783,-0.0073621,-0.0624381,0.0194789,-0.0185607,0.0468457,-0.0126761
2006-06-28,CNX,add,3.38885e-07,-0.111461,-0.122958,-0.298096,-0.167531,0.0235652,0.00878442,0.0476158,0.0190338,0.0827814,0.0632759,0.121447,0.122175
2006-07-18,CTB,del,,,,,,0.0305661,0.00830369,0.0720769,0.0748816,0.112622,0.129048,0.128502,0.139907
2006-07-18,WIN,add,,,,,,0.0305661,0.00830369,0.0720769,0.0748816,0.112622,0.129048,0.128502,0.139907
2006-08-01,CAR,del,-0.0214857,-0.208861,-0.239674,-0.19512,-0.158894,0.0201799,0.00947175,0.0502773,0.0456735,0.0834298,0.0962076,0.0921501,0.109453
2006-08-01,WYND,add,,,,,,0.0201799,0.00947175,0.0502773,0.0456735,0.0834298,0.0962076,0.0921501,0.109453
2006-08-11,CME,add,-0.0039877,-0.0675133,0.0570914,0.0607271,0.149112,0.0228466,0.0332355,0.0666946,0.0883921,0.0953986,0.124966,0.115192,0.157134
2006-10-02,WU,add,,,,,,0.0324151,0.0574999,0.0515797,0.0841663,0.0660956,0.0883486,0.0886043,0.118616
2006-11-06,CELG,add,,,,,,0.0347886,0.0600023,0.0398182,0.025716,0.0694237,0.0894625,0.0367981,0.0492013
2006-11-10,CBRE,add,0,0.0482846,0.0851334,0.143583,0.0444727,0.0234478,0.0380822,0.0423944,0.0451331,0.052728,0.0676294,0.0149593,0.0295186
2006-11-10,FIS,add,-0.00532078,-0.0241844,-0.000218701,0.0949407,0.0685163,0.0234478,0.0380822,0.0423944,0.0451331,0.052728,0.0676294,0.0149593,0.0295186
2006-11-10,LPX,del,5.36194e-07,0.155543,0.196643,0.128722,0.0581443,0.0234478,0.0380822,0.0423944,0.0451331,0.052728,0.0676294,0.0149593,0.0295186
2006-11-17,CTSH,add,-0.00299047,0.00249262,0.0171987,0.178714,0.158898,0.0196116,0.00330598,0.019898,-0.0142729,0.0456854,0.0484285,0.0296969,0.0250588
2006-12-01,IAC,add,,,,,,0.0133711,0.00372864,0.0361974,0.032286,-0.000367246,-0.00669016,0.0334108,0.0373625
2006-12-20,NAV,del,,,,,,0.0011256,-0.00439792,0.0256655,0.0626717,0.0122266,0.0369302,0.0456169,0.0620009
2006-12-20,TEX,add,0.000151953,-0.135678,0.0752245,0.0960863,0.208466,0.0011256,-0.00439792,0.0256655,0.0626717,0.0122266,0.0369302,0.0456169,0.0620009
2007-01-03,PTC,del,0.00277465,0.099889,0.0233074,0.0377359,-0.00721427,0.0150406,0.0169163,-0.030151,-0.0366524,0.0186412,0.0336378,0.0658544,0.05675
2007-01-04,ESV,add,,,,,,0.0229188,0.0261002,-0.0118127,-0.0120263,0.0215786,0.0317897,0.0717879,0.0616577
2007-01-10,AVB,add,,,,,,0.0293472,0.0522361,-0.000566534,0.0162019,0.0249608,0.0428299,0.0645302,0.0597128
2007-02-02,RL,add,-0.0211546,-0.00298817,0.0937236,0.081526,0.175161,-0.0410765,-0.0416454,-0.00242082,0.00567021,0.0438161,0.028157,0.0698517,0.059264
2007-02-12,VAR,add,,,,,,-0.020494,-0.0237831,0.00898805,0.00853432,0.0522326,0.0272478,0.0437931,0.0167682
2007-03-02,CHRW,add,-0.00627756,-0.0631678,0.0612701,0.0667838,0.0376472,0.0143984,0.0125269,0.0622709,0.0357794,0.0954961,0.076664,0.0794787,0.0611792
2007-03-20,HST,add,-0.004464,0.0136168,-0.109337,-0.116084,-0.0980087,0.0491442,0.0531516,0.0791727,0.0345806,0.0952138,0.0779982,0.106532,0.0813358
2007-03-23,DDR,add,,,,,,0.0379939,0.0273854,0.0645338,0.0393674,0.0660361,0.0432374,0.0799942,0.0372217
2007-03-29,ANF,add,0.00170603,0.107232,0.0553879,-0.0558831,-0.103628,0.0552109,0.0469992,0.0734738,0.0517997,0.06507,0.0560957,0.0276087,-0.0299935
2007-04-02,MDLZ,add,-0.000947466,0.05717,0.0688568,0.121263,0.0417418,0.0442957,0.0162367,0.0797182,0.0606672,0.0639315,0.0454124,0.0306199,-0.0277289
2007-04-10,AIZ,add,-1.19364e-07,0.0875334,0.0390422,0.0636659,-0.0831767,0.0450695,0.0252019,0.032262,0.0152696,0.0645234,0.0537735,0.0274631,-0.0397626
2007-07-02,DFS,add,,,,,,-0.0202746,-0.0595904,-0.025859,-0.0523528,0.0191044,-0.0321505,0.0294576,-0.00941722
2007-07-02,GGP,add,,,,,,-0.0202746,-0.0595904,-0.025859,-0.0523528,0.0191044,-0.0321505,0.0294576,-0.00941722
2007-07-02,SANM,del,0.0223642,-0.13099,-0.329073,-0.322684,-0.309904,-0.0202746,-0.0595904,-0.025859,-0.0523528,0.0191044,-0.0321505,0.0294576,-0.00941722
2007-07-02,TEL,add,0.00358377,-0.0770611,-0.0947257,-0.0893101,-0.116299,-0.0202746,-0.0595904,-0.025859,-0.0523528,0.0191044,-0.0321505,0.0294576,-0.00941722
2007-07-12,AKAM,add,0.000198771,-0.314587,-0.413951,-0.29213,-0.245429,-0.0142119,-0.051414,-0.0407929,-0.0856499,0.0344252,0.00661828,-0.0222273,-0.0734997
2007-08-27,JEF,add,0.0047216,0.0442896,0.117582,0.00202346,0.0988936,0.0275038,0.00891626,0.0260812,0.0179168,-0.0237058,-0.0550972,0.0162055,-0.00335798
2007-09-07,MCHP,add,-0.005183,-0.0533817,-0.144455,-0.219544,-0.216404,0.044695,0.0459395,0.0177675,-0.00454352,0.00935676,-0.0304192,-0.0372461,-0.0804795
2007-09-26,ICE,add,0.0122399,0.114985,0.111479,0.274562,-0.0384384,0.00244428,0.0195444,-0.0479559,-0.059634,-0.00903597,-0.00814327,-0.116546,-0.139305
2007-09-27,ANDV,add,,,,,,-0.00466525,0.00422289,-0.0738552,-0.0921506,-0.0121313,-0.0121704,-0.106658,-0.128719
2007-09-27,MXIM,del,,,,,,-0.00466525,0.00422289,-0.0738552,-0.0921506,-0.0121313,-0.0121704,-0.106658,-0.128719
2007-10-01,NCR,del,,,,,,0.0068162,0.0246126,-0.0357186,-0.0396054,-0.0294806,-0.0402571,-0.111115,-0.13227
2007-10-01,TDC,add,,,,,,0.0068162,0.0246126,-0.0357186,-0.0396054,-0.0294806,-0.0402571,-0.111115,-0.13227
2007-10-02,EXPE,add,0.00149512,-0.027512,-0.0305023,-0.0544256,-0.311603,-0.00110153,-0.00134086,-0.0461436,-0.0709501,-0.0474016,-0.0716126,-0.104996,-0.132282
2007-10-08,NBL,add,,,,,,-0.0298367,-0.0546771,-0.0451712,-0.0914059,-0.0892564,-0.138317,-0.141764,-0.17684
2007-10-10,EXPD,add,-0.00404942,0.0285383,-0.064197,-0.216618,-0.156655,-0.0281824,-0.0501305,-0.0355958,-0.0675938,-0.0981919,-0.156947,-0.14509,-0.169581
2007-10-26,JEC,add,,,,,,-0.0507771,-0.0694274,-0.00985393,-0.0138855,-0.104599,-0.130232,-0.0848682,-0.111822
2007-11-16,MTW,add,-0.000506448,0.21858,-0.125389,-0.00431631,-0.0370188,0.0111992,-0.0252148,-0.0783417,-0.114783,-0.0639055,-0.0776163,-0.099824,-0.134736
2007-11-19,AMT,add,-0.000444507,-0.107778,-0.185778,-0.122667,-0.13,-0.00493802,-0.0319831,-0.089369,-0.115921,-0.0627523,-0.0692312,-0.0847219,-0.112501
2007-12-14,GME,add,-0.000868505,-0.0667245,-0.204865,-0.183319,-0.0154645,-0.0471633,-0.0712709,-0.0883711,-0.0794038,-0.134704,-0.146566,-0.0724714,-0.0644993
2007-12-21,RRC,add,0.00861688,-0.0597196,0.256914,0.248323,0.414767,-0.104811,-0.128517,-0.0712553,-0.0935213,-0.0719564,-0.0815781,-0.0522049,-0.077262
2007-12-31,GHC,add,-0.00218333,-0.0657541,-0.0940343,-0.157978,-0.177,-0.0773257,-0.0843782,-0.0915141,-0.100574,-0.0679821,-0.0738555,-0.0567248,-0.0658752
2008-01-02,SNV,del,,,,,,-0.0772856,-0.0880104,-0.0869293,-0.101449,-0.0604143,-0.0635593,-0.0300341,-0.0415211
2008-01-02,TSS,add,,,,,,-0.0772856,-0.0880104,-0.0869293,-0.101449,-0.0604143,-0.0635593,-0.0300341,-0.0415211
2008-03-31,HCP,add,,,,,,0.0615163,0.0544074,0.0592349,0.080217,-0.020064,0.0215579,-0.0551408,0.0227224
2008-03-31,PM,add,0.0262431,0.00469976,0.0019582,-0.00901731,0.039791,0.0615163,0.0544074,0.0592349,0.080217,-0.020064,0.0215579,-0.0551408,0.0227224
2008-06-02,ISRG,add,-0.000817524,-0.0817467,0.0656357,0.0198576,-0.143704,-0.0867983,-0.0661577,-0.0796376,-0.0374,-0.0677505,0.00158246,-0.197827,-0.12373
2008-06-06,SWN,add,,,,,,-0.0982969,-0.123643,-0.0836622,-0.0521171,-0.114573,-0.0539613,-0.207744,-0.172345
2008-06-23,BC,del,0.0109521,-0.0261163,0.0935134,0.271272,-0.621735,-0.0420278,-0.0356862,-0.0304002,0.00968111,-0.0512359,0.0373428,-0.244704,-0.241968
2008-06-23,COG,add,,,,,,-0.0420278,-0.0356862,-0.0304002,0.00968111,-0.0512359,0.0373428,-0.244704,-0.241968
2008-07-01,AKS,add,,,,,,-0.0132835,0.0346955,0.0172687,0.0831018,-0.12467,-0.0524096,-0.263145,-0.294224
2008-07-01,SSP,del,3.08246e-07,-0.268547,-0.209089,-0.20482,-0.498343,-0.0132835,0.0346955,0.0172687,0.0831018,-0.12467,-0.0524096,-0.263145,-0.294224
2008-07-18,CB,del,0.0132652,0.0687756,0.168368,-0.0880541,0.111453,0.0346638,0.100877,-0.0247608,0.0380115,-0.276829,-0.261451,-0.267591,-0.277567
2008-07-18,MA,add,-0.00216824,-0.175245,-0.248916,-0.462604,-0.485563,0.0346638,0.100877,-0.0247608,0.0380115,-0.276829,-0.261451,-0.267591,-0.277567
2008-07-31,DVA,add,-0.00535713,0.0332143,-0.0178571,-0.0903572,-0.130893,0.000778054,0.0198296,-0.128416,-0.0896838,-0.266298,-0.321986,-0.303781,-0.344097
2008-08-21,IAC,del,,,,,,-0.058865,-0.0164387,-0.221023,-0.249236,-0.313497,-0.381845,-0.296074,-0.334759
2008-08-21,IVZ,add,-0.0134655,-0.0510891,-0.412277,-0.558416,-0.498345,-0.058865,-0.0164387,-0.221023,-0.249236,-0.313497,-0.381845,-0.296074,-0.334759
2008-08-27,CF,add,0.010386,-0.22963,-0.70256,-0.690173,-0.690509,-0.0610066,-0.0288474,-0.312789,-0.345021,-0.328659,-0.39598,-0.310235,-0.344089
2008-09-11,FMCC,del,,,,,,-0.207288,-0.236388,-0.236961,-0.290231,-0.272405,-0.345897,-0.269859,-0.320005
2008-09-11,FNMA,del,0.0405405,0.472973,0,0.0675676,0,-0.207288,-0.236388,-0.236961,-0.290231,-0.272405,-0.345897,-0.269859,-0.320005
2008-09-15,CRM,add,-0.0512238,-0.430769,-0.531993,-0.449126,-0.481993,-0.294058,-0.272511,-0.283927,-0.328963,-0.298525,-0.371267,-0.299505,-0.338666
2008-09-15,FAST,add,-0.0367742,-0.305208,-0.328356,-0.397828,-0.382585,-0.294058,-0.272511,-0.283927,-0.328963,-0.298525,-0.371267,-0.299505,-0.338666
2008-09-22,HRS,add,,,,,,-0.249033,-0.302526,-0.298421,-0.398329,-0.280615,-0.352498,-0.317336,-0.387553
2008-09-24,PXD,add,,,,,,-0.191396,-0.249294,-0.36356,-0.456098,-0.259665,-0.325805,-0.293255,-0.368604
2008-09-30,APH,add,0.022349,-0.413708,-0.437298,-0.433675,-0.337506,-0.246274,-0.310377,-0.201203,-0.279477,-0.213364,-0.274764,-0.234724,-0.29676
2008-10-02,FLS,add,-0.0113143,-0.387315,-0.528114,-0.408588,-0.39699,-0.198001,-0.273351,-0.292521,-0.373023,-0.216159,-0.259698,-0.282696,-0.32585
2008-10-07,KDP,add,0.014056,-0.0935747,-0.446587,-0.308032,-0.353414,-0.0726703,-0.098794,-0.185447,-0.262224,-0.100184,-0.135292,-0.185862,-0.234839
2008-10-22,DDS,del,-0.00162095,-0.476499,-0.387358,-0.370312,-0.370312,-0.0915918,-0.153253,-0.0725441,-0.0842427,-0.129754,-0.163099,-0.214939,-0.250446
2008-10-22,NDAQ,add,-0.0275009,-0.406165,-0.258386,-0.379269,-0.402539,-0.0915918,-0.153253,-0.0725441,-0.0842427,-0.129754,-0.163099,-0.214939,-0.250446
2008-10-31,MTG,del,0.0165976,0.128631,0.443983,0.170124,-0.153527,-0.0644866,-0.0795251,-0.0553215,-0.0352901,-0.13551,-0.121495,-0.249094,-0.275292
2008-10-31,WEC,add,-0.00159846,-0.00123432,-0.0352465,0.0355355,-0.122609,-0.0644866,-0.0795251,-0.0553215,-0.0352901,-0.13551,-0.121495,-0.249094,-0.275292
2008-11-06,SJM,add,-0.0416666,-0.0066107,0.0354011,0.0692502,-0.163509,-0.113213,-0.145959,-0.0497345,-0.0285162,-0.0884078,-0.0828132,-0.243624,-0.284571
2008-11-06,TEX,del,0.0287496,-0.224375,0.156875,-0.106875,-0.42,-0.113213,-0.145959,-0.0497345,-0.0285162,-0.0884078,-0.0828132,-0.243624,-0.284571
2008-11-11,UIS,del,0.0983606,-0.0163934,0.590164,0.0163934,-0.426229,-0.0337906,-0.0566232,-0.0536995,-0.0484185,-0.0901584,-0.0879495,-0.171892,-0.197779
2008-11-13,GGP,del,,,,,,0.0247023,-0.00504848,-0.00891511,0.000539101,-0.0278276,-0.0120676,-0.0816286,-0.105398
2008-11-13,PBCT,add,,,,,,0.0247023,-0.00504848,-0.00891511,0.000539101,-0.0278276,-0.0120676,-0.0816286,-0.105398
2008-11-14,ASH,del,-0.0648046,-0.469355,-0.437809,-0.612049,-0.571092,-0.0239107,-0.0490777,-0.0667407,-0.0606349,-0.12402,-0.123368,-0.116169,-0.144824
2008-11-14,WYNN,add,-0.0234584,-0.0598749,-0.192806,-0.461573,-0.527033,-0.0239107,-0.0490777,-0.0667407,-0.0606349,-0.12402,-0.123368,-0.116169,-0.144824
2008-11-14,XRAY,add,-0.00533099,-0.117294,-0.0849204,-0.158701,-0.17072,-0.0239107,-0.0490777,-0.0667407,-0.0606349,-0.12402,-0.123368,-0.116169,-0.144824
2008-11-19,SRCL,add,,,,,,0.0449012,0.0830555,-0.0269604,0.0179099,-0.103715,-0.079429,-0.0413331,-0.0293056
2008-12-02,DNB,add,,,,,,0.0923424,0.15389,0.0138879,0.0752377,-0.119325,-0.113001,0.0316558,0.0806686
2008-12-05,RSG,add,0.00369996,0.194324,0.142093,-0.249175,-0.120731,0.0973471,0.152607,-0.000509697,0.0371178,-0.195042,-0.213529,-0.0281128,-0.00745317
2008-12-19,EQT,add,0.00853311,-0.0221247,-0.0323195,0.129543,0.0627628,-0.0903347,-0.0990504,-0.125899,-0.144587,-0.0650611,-0.0980116,-0.0386803,-0.0224753
2008-12-19,RIG,del,-0.00354924,-0.0315242,0.242588,0.354279,0.336534,-0.0903347,-0.0990504,-0.125899,-0.144587,-0.0650611,-0.0980116,-0.0386803,-0.0224753
2009-01-02,FLIR,add,,,,,,-0.0821144,-0.0966691,-0.20512,-0.248782,-0.0688481,-0.0847585,0.0143003,0.0309709
2009-01-02,OI,add,-0.00146352,-0.304793,-0.580315,-0.394804,-0.0212221,-0.0821144,-0.0966691,-0.20512,-0.248782,-0.0688481,-0.0847585,0.0143003,0.0309709
2009-01-02,SCG,add,,,,,,-0.0821144,-0.0966691,-0.20512,-0.248782,-0.0688481,-0.0847585,0.0143003,0.0309709
2009-01-06,IRM,add,0.00241904,-0.184677,-0.282258,-0.00846768,0.192742,-0.0981151,-0.103968,-0.257727,-0.301587,-0.0931785,-0.107217,-0.000543758,0.00505295
2009-01-30,WELL,add,0.0164863,-0.152783,-0.157739,-0.0619209,-0.0187021,-0.125606,-0.137665,-0.0527597,-0.070768,0.0413444,0.0722077,0.128897,0.151983
2009-02-26,DO,add,,,,,,0.0671644,0.0671981,0.124682,0.176589,0.174864,0.226291,0.213255,0.274993
2009-02-26,WFT,del,,,,,,0.0671644,0.0671981,0.124682,0.176589,0.174864,0.226291,0.213255,0.274993
2009-03-04,HRL,add,0.00681819,0.0295454,0.0227571,0.165505,0.157992,0.142989,0.164104,0.263295,0.351523,0.363335,0.461151,0.33461,0.435958
2009-03-04,VTR,add,0.00226952,0.0472402,0.295966,0.402959,0.429938,0.142989,0.164104,0.263295,0.351523,0.363335,0.461151,0.33461,0.435958
2009-03-17,ES,add,0.0419127,0.0246545,0.036982,0.0944994,0.100984,0.119875,0.175834,0.187452,0.244085,0.23339,0.332838,0.245163,0.340109
2009-03-17,JCI,del,0.00679516,0.0899111,0.357604,0.420895,0.45676,0.119875,0.175834,0.187452,0.244085,0.23339,0.332838,0.245163,0.340109
2009-03-27,NE,del,,,,,,0.042715,0.0730061,0.0789317,0.106354,0.114188,0.150293,0.190056,0.245672
2009-03-27,ORLY,add,0.00819885,0.0664406,0.0257282,0.0664406,0.132881,0.042715,0.0730061,0.0789317,0.106354,0.114188,0.150293,0.190056,0.245672
2009-03-30,DDR,del,,,,,,0.0518314,0.0983906,0.114079,0.146188,0.131708,0.194451,0.206261,0.289648
2009-04-02,DNR,add,,,,,,0.0784604,0.134175,0.170121,0.233755,0.145467,0.212483,0.22586,0.303521
2009-06-09,ATGE,add,,,,,,-0.0595006,-0.0760991,0.0668466,0.064204,0.0900229,0.0890199,0.132237,0.150707
2009-06-26,TEL,del,0.00388854,0.138888,0.304999,0.262029,0.301188,0.0649436,0.0774129,0.12033,0.147589,0.145854,0.186151,0.179353,0.183393
2009-06-30,TMUS,add,-0.00631156,-0.0694252,-0.413043,-0.317672,-0.545582,0.0559872,0.0796993,0.115426,0.14434,0.152388,0.202795,0.153472,0.154299
2009-07-01,IR,del,,,,,,0.0619898,0.0773695,0.124306,0.140432,0.158291,0.201011,0.140917,0.119093
2009-07-01,PWR,add,-0.0112403,-0.00302609,-0.00864669,-0.00994348,-0.0929523,0.0619898,0.0773695,0.124306,0.140432,0.158291,0.201011,0.140917,0.119093
2009-07-01,WDC,add,0.00339625,0.136604,0.296227,0.364906,0.26717,0.0619898,0.0773695,0.124306,0.140432,0.158291,0.201011,0.140917,0.119093
2009-07-27,RHT,add,,,,,,0.0500715,0.060938,0.087964,0.123419,0.12024,0.121773,0.121265,0.0714822
2009-08-19,FMC,add,-0.00744222,0.159292,0.120789,0.148003,0.136512,0.0830556,0.112331,0.104134,0.112965,0.127659,0.087703,0.130802,0.106108
2009-09-01,MTW,del,-0.0286146,0.459337,0.573795,0.48179,0.514987,0.0394781,0.0687685,0.0458522,0.0147954,0.0781151,0.0179499,0.109356,0.111816
2009-10-16,FSLR,add,-0.012176,-0.244763,-0.0901413,-0.187811,-0.186829,-0.00619778,-0.0662922,0.0149489,-0.0223112,0.0413987,0.0263007,0.0104242,0.00679979
2009-11-06,BKNG,add,-0.00309503,0.313731,0.286412,0.194096,0.434379,0.0389331,0.0410063,0.074448,0.110106,-0.00364947,0.0151317,0.081787,0.168577
2009-12-21,CIEN,del,-0.0135747,0.18009,0.333032,0.400905,0.5819,0.0333906,0.0488634,0.00861989,0.038032,0.0697172,0.136173,0.102608,0.206787
2009-12-21,CLF,add,0.0118235,0.118235,0.241506,0.588507,0.586002,0.0333906,0.0488634,0.00861989,0.038032,0.0697172,0.136173,0.102608,0.206787
2009-12-21,CVG,del,,,,,,0.0333906,0.0488634,0.00861989,0.038032,0.0697172,0.136173,0.102608,0.206787
2009-12-21,KBH,del,0.00840307,0.170359,0.288732,0.315581,0.447523,0.0333906,0.0488634,0.00861989,0.038032,0.0697172,0.136173,0.102608,0.206787
2009-12-21,LDOS,add,-0.0063657,0.00212211,0.00848819,0.0206894,-0.0259943,0.0333906,0.0488634,0.00861989,0.038032,0.0697172,0.136173,0.102608,0.206787
2009-12-21,MBI,del,0.0345821,0.616715,0.417867,0.613833,1.88184,0.0333906,0.0488634,0.00861989,0.038032,0.0697172,0.136173,0.102608,0.206787
2009-12-21,ROST,add,-0.000466364,0.0550115,0.102853,0.269158,0.365994,0.0333906,0.0488634,0.00861989,0.038032,0.0697172,0.136173,0.102608,0.206787
2009-12-21,V,add,-0.000112602,-0.0174219,-0.0216856,0.0128722,0.0709567,0.0333906,0.0488634,0.00861989,0.038032,0.0697172,0.136173,0.102608,0.206787
2009-12-23,ESV,del,,,,,,-0.0225545,-0.00941975,-0.00814435,0.011602,0.0483343,0.091339,0.0905729,0.188021
2009-12-23,ROP,add,0.00563369,-0.0384264,0.0358882,0.0695643,0.150043,-0.0225545,-0.00941975,-0.00814435,0.011602,0.0483343,0.091339,0.0905729,0.188021
2010-01-29,NRG,add,-0.0072817,-0.116505,-0.146844,-0.037621,-0.0554207,0.0199876,0.0332349,0.0857833,0.128009,0.117783,0.217404,0.0115172,0.0927118
2010-02-08,URBN,add,-0.00356797,0.145637,0.241972,0.13169,0.167694,0.0713482,0.126034,0.118124,0.181102,0.0474233,0.105497,0.00374103,0.0468055
2010-02-16,BRK-B,add,-0.013264,0.0685305,0.0412223,-0.00871259,0.00455135,0.0689557,0.10603,0.127262,0.189944,0.0584873,0.142793,0.0409218,0.100571
2010-03-01,DISCA,add,,,,,,0.0570716,0.0824662,0.0824597,0.153822,0.00429968,0.0712923,-0.0203492,0.0257972
2010-03-01,HP,add,-0.00271436,-0.0992102,0.0518264,-0.092542,-0.0611569,0.0570716,0.0824662,0.0824597,0.153822,0.00429968,0.0712923,-0.0203492,0.0257972
2010-03-15,OKE,add,-0.00278608,0.0231464,0.0720842,-0.0202663,-0.00469391,0.0413398,0.0442364,0.0214243,0.0602239,-0.0461489,-0.0386631,-0.0417852,-0.0464908
2010-04-30,CERN,add,,,,,,-0.0835674,-0.0907732,-0.133661,-0.162309,-0.083115,-0.116735,-0.11163,-0.161999
2010-06-28,KMX,add,-0.00374707,0.00749414,-0.0248244,0.28103,0.395316,0.0342074,0.0316984,-0.0178922,-0.060356,0.0701279,0.0425388,0.10629,0.100898
2010-07-01,QEP,add,,,,,,0.0684943,0.0666527,0.0202477,-0.0101701,0.114928,0.1136,0.153205,0.153259
2010-07-15,CB,add,-0.00434794,-0.0442202,0.033256,0.0943086,0.119792,-0.0031919,-0.0295451,0.0279983,0.020322,0.0728361,0.0894897,0.119505,0.152489
2010-08-27,JCI,add,-0.0015661,0.00652715,0.00496124,-0.00553983,0.096059,0.0969756,0.117815,0.134236,0.179554,0.148375,0.230281,0.206757,0.323515
2010-11-17,IR,add,,,,,,0.0502706,0.0910248,0.101905,0.146163,0.138743,0.175742,0.0916541,0.129951
2010-12-20,FFIV,add,0.00544082,0.0424234,-0.0961694,-0.29711,-0.316815,0.0419951,0.0377464,0.0800482,0.0719943,0.0482995,0.0467586,0.0609849,0.0599112
2010-12-20,NFLX,add,0.0043329,0.0758805,0.30891,0.182313,0.341795,0.0419951,0.0377464,0.0800482,0.0719943,0.0482995,0.0467586,0.0609849,0.0599112
2010-12-20,NFX,add,,,,,,0.0419951,0.0377464,0.0800482,0.0719943,0.0482995,0.0467586,0.0609849,0.0599112
2010-12-20,NYT,del,0.00102064,0.0612241,0.0806123,-0.0112244,-0.0816328,0.0419951,0.0377464,0.0800482,0.0719943,0.0482995,0.0467586,0.0609849,0.0599112
2010-12-20,ODP,del,,,,,,0.0419951,0.0377464,0.0800482,0.0719943,0.0482995,0.0467586,0.0609849,0.0599112
2011-01-04,MDP,del,,,,,,0.0290438,0.001884,0.0426603,0.0356783,0.0534344,0.0666692,0.0658459,0.047534
2011-01-18,NE,add,,,,,,0.0319412,0.0242115,-0.0112141,-0.0263224,0.0256272,0.0390403,0.0344044,0.0206262
2011-04-01,EW,add,0.0056322,-0.00747122,0.00689658,0.00206895,-0.193563,0.0289617,0.0263752,-0.00543021,-0.0244741,0.000258661,-0.0162765,-0.0239193,-0.0559806
2011-04-04,BLK,add,-0.00508809,-0.0340856,-0.0140791,-0.022958,-0.132043,0.0230569,0.00993577,-0.0106645,-0.0290988,0.0107695,-0.00532354,-0.0528566,-0.0894172
2011-04-28,CMG,add,-0.00418257,0.0802661,0.146236,0.227148,0.0997718,-0.0241763,-0.0430618,-0.0523012,-0.0598671,-0.0325979,-0.0639471,-0.138671,-0.209909
2011-06-03,PLD,add,-0.0211327,0.0519521,-0.0416784,-0.200763,-0.280646,0.00678852,0.00877197,-0.0426469,-0.0621262,-0.0675929,-0.112227,-0.132322,-0.211217
2011-07-01,MPC,add,-0.00483153,0.0577296,-0.125032,-0.323922,-0.0937054,-0.0200047,-0.0340617,-0.0779724,-0.11813,-0.116084,-0.19339,-0.0204946,-0.0754325
2011-07-06,ACN,add,-0.00663972,-0.060567,-0.14332,-0.164049,-0.0583262,-0.0621778,-0.0867445,-0.096181,-0.154093,-0.174211,-0.27146,-0.0835422,-0.14723
2011-09-26,MOS,add,0.00987893,0.0129985,-0.100271,-0.104608,-0.0282861,0.0918616,0.0919557,0.0497619,0.0695426,0.110309,0.145721,0.174923,0.222854
2011-10-17,TEL,add,-0.00204378,0.0113866,-0.10926,0.0237776,0.0199598,0.0333686,0.0455438,-0.0067714,-0.00140553,0.0619262,0.0786127,0.104784,0.147968
2011-11-01,ITT,del,0.12559,0.302721,0.28412,0.464149,0.587047,-0.0434265,-0.0587759,0.00634215,0.00134774,0.0622323,0.0959833,0.101042,0.089602
2011-11-01,XYL,add,-0.0426328,-0.126058,-0.0351709,0.00726806,0.00290463,-0.0434265,-0.0587759,0.00634215,0.00134774,0.0622323,0.0959833,0.101042,0.089602
2011-12-19,AKS,del,,,,,,0.0754996,0.0808067,0.121885,0.151312,0.160091,0.153537,0.137623,0.112436
2011-12-19,BWA,add,0.00689642,0.200642,0.302486,0.338091,0.306335,0.0754996,0.0808067,0.121885,0.151312,0.160091,0.153537,0.137623,0.112436
2011-12-19,DLTR,add,0.00338081,0.0326008,0.0788457,0.137286,0.18836,0.0754996,0.0808067,0.121885,0.151312,0.160091,0.153537,0.137623,0.112436
2011-12-19,PRGO,add,0.00142558,0.0170098,-0.033408,0.0406538,0.0785741,0.0754996,0.0808067,0.121885,0.151312,0.160091,0.153537,0.137623,0.112436
2011-12-21,TRIP,add,-0.00826445,0.00495864,-0.00826445,0.0991736,0.121983,0.0647139,0.0646046,0.0976358,0.10991,0.128137,0.117393,0.108605,0.0794681
2012-01-03,WPX,add,,,,,,0.0463744,0.0714574,0.0941035,0.0881355,0.135152,0.140163,0.122987,0.112145
2012-03-13,CCI,add,0.00527769,-0.0427658,0.0111012,0.0191082,0.0767973,-0.0078823,-0.0349928,-0.00700633,-0.0257553,-0.0406606,-0.0729285,-0.0155096,-0.0214113
2012-04-04,FOSL,add,-0.00238107,0.0191979,-0.482997,-0.464246,-0.505023,-0.00665436,-0.0180134,-0.0931613,-0.115528,-0.0222144,-0.0160326,-0.0276937,-0.0733588
2012-05-01,PSX,add,-0.00910371,-0.08928,-0.051101,0.11172,0.238985,-0.0441119,-0.0462751,-0.0456991,-0.0463489,-0.00337072,-0.0248851,0.0161767,0.00348684
2012-05-01,SVU,del,,,,,,-0.0441119,-0.0462751,-0.0456991,-0.0463489,-0.00337072,-0.0248851,0.0161767,0.00348684
2012-05-25,ALXN,add,,,,,,0.0122357,0.0110907,0.0160276,0.00732717,0.0668441,0.0558445,0.110588,0.117487
2012-05-25,KMI,add,0.000622682,-0.0133914,0.0981005,0.0960713,0.12595,0.0122357,0.0110907,0.0160276,0.00732717,0.0668441,0.0558445,0.110588,0.117487
2012-06-05,LRCX,add,0.000833283,0.045568,-0.0644625,-0.0516814,-0.108086,0.071173,0.0981636,0.0721933,0.0476767,0.107661,0.106897,0.139922,0.149018
2012-06-29,MNST,add,0.0351107,-0.006993,-0.13345,-0.221445,-0.331876,0.0443554,0.025999,0.0648389,0.0522578,0.0950534,0.0912902,0.0701451,0.0536318
2012-07-02,STX,add,-0.00161748,0.230489,0.371532,0.264146,0.115927,0.0189562,-0.00641067,0.0397504,0.0256406,0.0634716,0.052856,0.0441187,0.0300171
2012-07-31,ESV,add,,,,,,0.0206231,0.0244146,0.0485448,0.0672693,0.0246944,0.0304397,0.0302764,0.0444096
2012-09-05,LYB,add,0.00212749,0.125505,0.136142,0.178387,0.344066,0.030074,0.0255378,0.0111835,-0.000748374,0.00868835,0.00243073,0.0479332,0.0717874
2012-09-05,SHLD,del,,,,,,0.030074,0.0255378,0.0111835,-0.000748374,0.00868835,0.00243073,0.0479332,0.0717874
2012-10-01,ATGE,del,,,,,,-0.0181978,-0.0275651,-0.0126416,-0.0162991,0.0217124,0.0492791,0.0579478,0.0924349
2012-10-01,PNR,add,-0.00921164,-0.0718508,0.0953023,0.143189,0.15725,-0.0181978,-0.0275651,-0.0126416,-0.0162991,0.0217124,0.0492791,0.0579478,0.0924349
2012-12-03,DG,add,0.000800132,-0.1182,-0.0743999,-0.0216002,0.0146001,0.00893515,0.0361884,0.0714931,0.110536,0.093101,0.132901,0.109136,0.132636
2012-12-12,GRMN,add,0.0066746,-0.0610249,-0.101788,-0.157437,-0.187373,0.032649,0.0577586,0.0673328,0.101655,0.100402,0.146399,0.0939416,0.0927476
2012-12-12,RRD,del,,,,,,0.032649,0.0577586,0.0673328,0.101655,0.100402,0.146399,0.0939416,0.0927476
2012-12-24,APTV,add,0.00193722,0.0694523,0.0550636,0.234818,0.241207,0.0460818,0.0571329,0.0434905,0.0573703,0.0987089,0.122639,0.115099,0.112515
2013-01-02,ABBV,add,,,,,,0.0537883,0.0551472,0.0738005,0.080764,0.0948693,0.0838025,0.12675,0.109373
2013-01-02,FII,del,,,,,,0.0537883,0.0551472,0.0738005,0.080764,0.0948693,0.0838025,0.12675,0.109373
2013-02-14,BIG,del,,,,,,0.0301019,0.0362923,0.0391725,0.00489443,0.096673,0.0764767,0.0772641,0.0711054
2013-02-14,PVH,add,-0.00423242,-0.0146901,-0.115404,-0.0201778,0.0238063,0.0301019,0.0362923,0.0391725,0.00489443,0.096673,0.0764767,0.0772641,0.0711054
2013-05-01,REGN,add,-0.00181273,0.15139,0.045273,0.272055,0.129823,0.0346945,0.0438896,0.00995004,0.0308185,0.0613861,0.104499,0.0319222,0.0776015
2013-05-01,TMUS,del,-0.171764,0.0693168,0.264526,0.212028,0.179409,0.0346945,0.0438896,0.00995004,0.0308185,0.0613861,0.104499,0.0319222,0.0776015
2013-05-09,MAC,add,-0.00285704,-0.102572,-0.100571,-0.116,-0.183196,-0.00373492,0.0105777,0.0163083,0.0519803,0.0412342,0.0803113,0.0219087,0.0664583
2013-05-24,DF,del,,,,,,-0.0334745,-0.019714,0.0239445,0.0627561,0.00899749,0.0557797,0.0375445,0.0936365
2013-05-24,KSU,add,,,,,,-0.0334745,-0.019714,0.0239445,0.0627561,0.00899749,0.0557797,0.0375445,0.0936365
2013-06-07,GM,add,0.0101624,0.00667802,0.0441342,0.0548775,0.0365852,0.00708352,0.0272617,0.0485351,0.0766304,0.0252457,0.0524099,0.048432,0.105952
2013-06-24,FHN,del,-0.0102327,0.143256,0.095814,0.0689581,0.0166321,0.0655686,0.0939659,0.0345131,0.0620462,0.0784692,0.115525,0.101717,0.159209
2013-06-24,ZTS,add,-0.0147058,-0.0107841,-0.0223979,0.0542381,0.0732336,0.0655686,0.0939659,0.0345131,0.0620462,0.0784692,0.115525,0.101717,0.159209
2013-07-01,NWSA,add,-0.030164,0.0170492,0.0334428,0.0603278,0.133771,0.0509293,0.0705459,0.0217557,0.0453843,0.0580558,0.106514,0.103909,0.152714
2013-07-09,NLSN,add,,,,,,0.0411711,0.0544621,0.0122594,0.0203857,0.0351521,0.0722982,0.0838172,0.101856
2013-07-09,S,del,,,,,,0.0411711,0.0544621,0.0122594,0.0203857,0.0351521,0.0722982,0.0838172,0.101856
2013-09-11,DAL,add,-0.00883782,0.0707024,0.181621,0.279056,0.375605,-0.0152981,-0.00593597,0.0409352,0.0248242,0.0794348,0.0742122,0.0986974,0.101747
2013-09-23,AMD,del,-0.00522193,-0.078329,-0.10705,-0.0469973,-0.0417754,0.0214974,0.0412297,0.0486765,0.0288128,0.0630864,0.0539287,0.0854065,0.106807
2013-09-23,AME,add,-0.00326111,0.0015215,0.0565218,0.118116,0.133788,0.0214974,0.0412297,0.0486765,0.0288128,0.0630864,0.0539287,0.0854065,0.106807
2013-09-23,LDOS,del,-0.00330689,0.261949,0.314282,0.194508,0.249276,0.0214974,0.0412297,0.0486765,0.0288128,0.0630864,0.0539287,0.0854065,0.106807
2013-09-23,VRTX,add,0.00525281,0.01195,-0.180827,-0.0814183,0.104662,0.0214974,0.0412297,0.0486765,0.0288128,0.0630864,0.0539287,0.0854065,0.106807
2013-10-29,RIG,add,-0.00144038,0.0601496,0.0156648,-0.0884793,-0.106991,0.024967,0.00864589,0.0489024,0.0411907,0.0118188,0.00665322,0.0628231,0.0625279
2013-11-13,KORS,add,,,,,,0.00994561,0.00118734,0.0435528,0.0576789,0.0398027,0.0444738,0.0586661,0.0826213
2013-12-02,ALLE,add,-0.0037004,0.020351,0.141304,0.248843,0.266205,0.0210934,0.0178234,-0.0102352,-0.00808831,0.0419802,0.0597426,0.0538323,0.0497999
2013-12-02,JCP,del,,,,,,0.0210934,0.0178234,-0.0102352,-0.00808831,0.0419802,0.0597426,0.0538323,0.0497999
2013-12-10,GGP,add,,,,,,0.0171797,0.0253647,-0.00227514,-0.00873655,0.0380199,0.0571451,0.0196649,0.00205688
2013-12-23,ADS,add,,,,,,0.0150911,0.0327509,0.0184512,0.0265831,0.0306913,0.0329441,0.0391,0.0036154
2013-12-23,ANF,del,0.00273479,0.0744453,0.0762684,0.180732,0.143166,0.0150911,0.0327509,0.0184512,0.0265831,0.0306913,0.0329441,0.0391,0.0036154
2013-12-23,FB,add,,,,,,0.0150911,0.0327509,0.0184512,0.0265831,0.0306913,0.0329441,0.0391,0.0036154
2013-12-23,MHK,add,0.00770642,0.0497737,-0.0155543,-0.0237557,-0.027008,0.0150911,0.0327509,0.0184512,0.0265831,0.0306913,0.0329441,0.0391,0.0036154
2013-12-23,TER,del,0.0101617,0.170353,0.206815,0.203228,0.0902572,0.0150911,0.0327509,0.0184512,0.0265831,0.0306913,0.0329441,0.0391,0.0036154
2013-12-23,VIAV,del,0.00238856,-0.00557329,0.066879,0.136943,0.0756369,0.0150911,0.0327509,0.0184512,0.0265831,0.0306913,0.0329441,0.0391,0.0036154
2014-01-24,TSCO,add,-0.00834851,-0.0742754,0.0015666,-0.0702324,-0.109139,0.00601804,-0.00652842,0.0237559,0.00697397,0.032108,-0.0216173,0.045955,-0.0357402
2014-03-24,WPX,del,,,,,,0.00451132,-0.0410345,0.0157358,-0.0734086,0.0573517,-0.000460963,0.0695471,-0.0264915
2014-04-02,CLF,del,-0.00848305,-0.115769,-0.213714,-0.24444,-0.121032,0.000318535,-0.0499705,0.0247011,-0.0476796,0.0516553,0.0182404,0.0306251,-0.0530511
2014-04-02,ESS,add,-0.0137355,-0.00425282,0.0425864,0.0748002,0.0971993,0.000318535,-0.0499705,0.0247011,-0.0476796,0.0516553,0.0182404,0.0306251,-0.0530511
2014-04-03,GOOG,add,0.00502636,-0.0628748,-0.0389066,0.0270458,-0.00164018,-0.00291209,-0.054561,0.0207538,-0.0542231,0.0492111,0.0097738,0.0240491,-0.0616141
2014-05-01,NAVI,add,-0.0259818,-0.0525679,0.0803275,0.0723973,0.0809376,0.0215603,0.0124131,0.0443302,0.0609931,0.0510537,0.0200648,0.0679149,0.0390694
2014-05-01,SLM,del,0.0268389,-0.0687819,-0.0970336,-0.041617,-0.0350973,0.0215603,0.0124131,0.0443302,0.0609931,0.0510537,0.0200648,0.0679149,0.0390694
2014-05-01,UAA,add,0.00102269,0.0388628,0.216813,0.415832,0.42524,0.0215603,0.0124131,0.0443302,0.0609931,0.0510537,0.0200648,0.0679149,0.0390694
2014-05-08,AVGO,add,-1.72488e-07,0.0757371,0.103001,0.0564099,0.320776,0.0349689,0.0421283,0.0495018,0.0603472,0.0271998,0.0183306,0.0755463,0.0607118
2014-06-20,XEC,add,,,,,,0.0110819,-0.0270785,0.01456,-0.0167729,0.0321006,-0.0168579,-0.0316654,-0.0820549
2014-07-01,AMG,add,0.00998036,-0.00642633,0.0237585,-0.0222981,-0.0402628,0.00628473,-0.0423775,0.0225835,-0.0206634,0.014017,-0.0593178,0.0184828,-0.0327148
2014-07-02,MLM,add,-0.0151514,-0.0262877,-0.00481897,-0.0201688,-0.125569,-0.000253706,-0.0482682,0.0186774,-0.0251001,0.00462329,-0.0828912,0.0101816,-0.0447309
2014-07-02,X,del,,,,,,-0.000253706,-0.0482682,0.0186774,-0.0251001,0.00462329,-0.0828912,0.0101816,-0.0447309
2014-08-07,DISCK,add,,,,,,0.0423805,0.0383069,0.0267484,-0.0243563,0.0517516,0.0394542,0.0862224,0.048339
2014-08-19,MNK,add,,,,,,0.0158085,-0.00530282,-0.0517799,-0.0603606,0.0396976,0.0171293,0.00747446,-0.011635
2014-08-19,RDC,del,,,,,,0.0158085,-0.00530282,-0.0517799,-0.0603606,0.0396976,0.0171293,0.00747446,-0.011635
2014-09-22,GHC,del,0.00227456,-0.030813,0.1896,0.238476,0.216665,-0.0609366,-0.0543541,0.0241656,0.0240392,0.030294,0.0437473,0.0174432,0.0229981
2014-09-22,UHS,add,-0.00140418,-0.0932149,-0.0915476,-0.0364647,-0.0485892,-0.0609366,-0.0543541,0.0241656,0.0240392,0.030294,0.0437473,0.0174432,0.0229981
2014-09-22,URI,add,0.00231366,-0.115081,-0.0216794,-0.136589,-0.2497,-0.0609366,-0.0543541,0.0241656,0.0240392,0.030294,0.0437473,0.0174432,0.0229981
2014-11-05,JBL,del,-0.00527588,0.00524832,0.0119883,0.0230617,0.0519998,0.0339183,0.0133829,-0.000731797,-0.000693269,0.0307736,0.0394314,0.0419753,0.0546841
2014-12-05,BMS,del,,,,,,-0.0232431,0.00828089,-0.00193759,0.0306221,0.00890864,0.0457455,0.011564,0.0814314
2014-12-05,RCL,add,3.52995e-07,0.0587478,-0.0151087,0.029212,0.0597809,-0.0232431,0.00828089,-0.00193759,0.0306221,0.00890864,0.0457455,0.011564,0.0814314
2015-01-27,ENDP,add,,,,,,0.0309562,0.0285095,0.00358367,0.0287892,0.0304735,0.046872,0.0399096,0.049227
2015-01-27,HCA,add,-0.00602755,-0.0354794,0.0424654,0.0463012,0.122603,0.0309562,0.0285095,0.00358367,0.0287892,0.0304735,0.046872,0.0399096,0.049227
2015-03-12,SWKS,add,0.000650898,0.0828636,0.0537963,0.146219,0.0882237,0.0260758,0.0360345,0.034475,0.0168917,0.036145,0.044073,0.0240584,0.033023
2015-03-18,HSIC,add,0.00390344,0.0122886,0.0103368,0.0279746,0.0709845,0.0163942,0.0264944,0.0261028,0.00297137,0.0155246,0.0254396,0.0304147,0.0288938
2015-03-23,AAL,add,-0.00520084,-0.107604,-0.226179,-0.253135,-0.264996,-0.0026615,0.000345602,0.011739,-0.00395372,0.00677409,0.0179402,0.0112632,-0.00468499
2015-03-23,AVP,del,,,,,,-0.0026615,0.000345602,0.011739,-0.00395372,0.00677409,0.0179402,0.0112632,-0.00468499
2015-03-23,DNR,del,,,,,,-0.0026615,0.000345602,0.011739,-0.00395372,0.00677409,0.0179402,0.0112632,-0.00468499
2015-03-23,EQIX,add,0.0012976,0.00385022,0.129525,0.106744,0.132223,-0.0026615,0.000345602,0.011739,-0.00395372,0.00677409,0.0179402,0.0112632,-0.00468499
2015-03-23,HBI,add,,,,,,-0.0026615,0.000345602,0.011739,-0.00395372,0.00677409,0.0179402,0.0112632,-0.00468499
2015-03-23,NBR,del,0.00836505,0.131559,0.171863,0.0735985,-0.0630829,-0.0026615,0.000345602,0.011739,-0.00395372,0.00677409,0.0179402,0.0112632,-0.00468499
2015-03-23,SLG,add,-0.00611973,-0.0475598,-0.0956956,-0.135059,-0.136286,-0.0026615,0.000345602,0.011739,-0.00395372,0.00677409,0.0179402,0.0112632,-0.00468499
2015-04-07,O,add,0.00514274,-0.0634196,-0.0908726,-0.0804058,-0.0323139,0.0167926,-0.022284,0.0110669,-0.00559082,-0.000502359,-0.00746863,0.0123588,-0.0209438
2015-04-07,WIN,del,,,,,,0.0167926,-0.022284,0.0110669,-0.00559082,-0.000502359,-0.00746863,0.0123588,-0.0209438
2015-06-12,QRVO,add,-0.000121977,-0.0712195,-0.343171,-0.341707,-0.443171,-0.0148408,-0.0130902,-0.00919015,-0.0441771,-0.0700627,-0.0885418,-0.0390725,-0.0771553
2015-07-01,JBHT,add,0.00487273,0.0276938,-0.102249,-0.123499,-0.0730606,0.0239008,-0.0192432,-0.0319165,-0.0700747,-0.0813799,-0.132661,0.0203366,-0.0553072
2015-07-01,QEP,del,,,,,,0.0239008,-0.0192432,-0.0319165,-0.0700747,-0.0813799,-0.132661,0.0203366,-0.0553072
2015-07-02,ATI,del,0.00265612,-0.275232,-0.353125,-0.524977,-0.519952,0.0159999,-0.0193341,-0.0473738,-0.0761903,-0.0716806,-0.121792,0.011642,-0.068151
2015-07-02,WRK,add,,,,,,0.0159999,-0.0193341,-0.0473738,-0.0761903,-0.0716806,-0.121792,0.011642,-0.068151
2015-07-06,KHC,add,,,,,,0.0153873,-0.00662466,-0.0749601,-0.0959764,-0.0684059,-0.116797,0.0082052,-0.0655114
2015-07-09,AAP,add,0.00812514,0.0955058,0.0758797,0.194855,0.246376,0.0270867,0.0028692,-0.0583777,-0.0747602,-0.0279258,-0.075229,0.0338513,-0.0275476
2015-07-20,NE,del,,,,,,-0.0144012,-0.0429391,-0.0578878,-0.0701338,-0.0427239,-0.0783903,-0.0418252,-0.090352
2015-07-20,PYPL,add,0.0799686,-0.00651219,-0.120344,-0.0982027,-0.100547,-0.0144012,-0.0429391,-0.0578878,-0.0701338,-0.0427239,-0.0783903,-0.0418252,-0.090352
2015-07-29,SIG,add,0.0009096,-0.0256249,0.160448,0.224849,0.11966,-0.105384,-0.0979437,-0.0739376,-0.0810875,-0.00598954,-0.0510674,0.00529528,-0.0247585
2015-08-31,ATVI,add,,,,,,-0.0516486,-0.0606227,0.0539758,0.0158803,0.0570526,0.0375649,0.0523836,0.00356324
2015-09-03,UAL,add,0.00418918,-0.0748822,0.0577762,0.0108221,-0.0293245,-0.0116738,-0.0402704,0.0822571,0.0365892,0.072689,0.0441608,0.0402114,-0.0272625
2015-09-21,FOX,add,,,,,,0.0400101,0.000269579,0.051266,-0.00675005,0.0481451,-0.0188828,-0.0444879,-0.136742
2015-09-21,NWS,add,0.00389706,0.143414,0.109119,0.0717069,-0.0272801,0.0400101,0.000269579,0.051266,-0.00675005,0.0481451,-0.0188828,-0.0444879,-0.136742
2015-10-08,VRSK,add,-0.00160618,-0.142204,-0.0636274,-0.0976032,-0.185199,0.0549117,0.0332811,0.0448327,0.0133646,-0.0210878,-0.0729506,-0.0646233,-0.154014
2015-11-02,HPE,add,0.0183426,0.00951082,0.0363538,-0.0829633,-0.0727362,0.00365484,0.0325992,-0.0136909,-0.0193445,-0.0800188,-0.126797,-0.0334779,-0.06715
2015-11-10,FCPT,add,,,,,,-0.00543042,-0.0207945,-0.0712545,-0.118581,-0.104322,-0.183111,-0.0197677,-0.0776643
2015-11-17,FCPT,del,-0.0123455,0.0518517,0.167998,0.254028,0.380361,-0.00286983,-0.0203391,-0.0799572,-0.137778,-0.0602414,-0.127477,0.00504161,-0.0431488
2015-11-18,GNW,del,0.0086393,-0.138229,-0.455724,-0.583153,-0.295896,0.0124594,-0.00157054,-0.0910844,-0.130875,-0.0599957,-0.119746,0.00720301,-0.0417538
2015-11-18,SYF,add,0.0107914,-0.0016349,-0.0967951,-0.124591,-0.0585349,0.0124594,-0.00157054,-0.0910844,-0.130875,-0.0599957,-0.119746,0.00720301,-0.0417538
2015-11-19,ILMN,add,0.000283439,0.0273196,-0.0410927,-0.133197,-0.113756,-0.0185406,-0.028657,-0.100268,-0.147323,-0.0612788,-0.124746,-0.00906046,-0.058824
2015-12-01,DXC,del,-0.0012767,0.0580916,0.0173871,-0.0313345,0.102973,-0.000266669,-0.0285477,-0.0665459,-0.135728,-0.0407572,-0.105961,0.00256384,-0.060139
2015-12-29,CHD,add,0.00175747,-0.0567073,0.0676722,0.0836717,0.0914354,-0.0832316,-0.125121,-0.0567711,-0.0986225,0.00912537,-0.0291192,0.0161298,-0.00113329
2016-01-04,CCEP,add,-0.0194963,-0.042039,0.00595348,0.0656199,0.0660285,-0.0501297,-0.0899487,-0.0200617,-0.0487485,0.0168924,-0.0186392,0.0164487,-0.00590323
2016-01-04,CPRI,add,-0.016725,0.0094857,0.427609,0.40664,0.308787,-0.0501297,-0.0899487,-0.0200617,-0.0487485,0.0168924,-0.0186392,0.0164487,-0.00590323
2016-01-05,FOSL,del,0.00670748,-0.0437445,0.492563,0.185185,0.172062,-0.0540246,-0.0884467,-0.00293529,-0.0208165,0.0210084,-0.00675285,0.0251089,0.00929385
2016-01-05,WLTW,add,,,,,,-0.0540246,-0.0884467,-0.00293529,-0.0208165,0.0210084,-0.00675285,0.0251089,0.00929385
2016-01-19,EXR,add,0.0125535,-0.0354528,0.0683102,0.0599999,0.0777915,0.0104892,-0.0123851,0.0895591,0.0849982,0.119851,0.135041,0.0963555,0.0946682
2016-02-01,CFG,add,-0.00658789,-0.0906829,-0.00935021,0.0804939,0.119473,-0.000825821,-0.00223395,0.0663847,0.0777218,0.0705877,0.0957436,0.0887998,0.120292
2016-02-01,FRT,add,0.00112684,-0.0183651,0.0409645,0.0144816,0.021886,-0.000825821,-0.00223395,0.0663847,0.0777218,0.0705877,0.0957436,0.0887998,0.120292
2016-02-22,CXO,add,,,,,,0.0699693,0.0911901,0.0999146,0.133908,0.0690268,0.087976,0.0937946,0.151282
2016-03-04,AWK,add,-0.00515461,0.0235641,0.0888073,0.113118,0.244857,0.0410813,0.0403598,0.0372578,0.0450409,0.0611562,0.0923214,0.061668,0.0803373
2016-03-04,CNX,del,0.0223301,0.0475729,0.419418,0.46699,0.592233,0.0410813,0.0403598,0.0372578,0.0450409,0.0611562,0.0923214,0.061668,0.0803373
2016-03-07,UDR,add,0.0120833,0.109321,0.0486627,-0.00845296,0.085483,0.0343454,0.0260016,0.0281268,0.0307504,0.0545557,0.0798202,0.0506131,0.0585909
2016-03-30,CNC,add,0.00798722,0.065655,-0.0255591,0.081949,0.0768371,0.0185257,0.0371681,0.0205733,0.0286465,-0.0218502,-0.0146859,0.0610668,0.104209
2016-03-30,ESV,del,,,,,,0.0185257,0.0371681,0.0205733,0.0286465,-0.0218502,-0.0146859,0.0610668,0.104209
2016-03-30,HOLX,add,,,,,,0.0185257,0.0371681,0.0205733,0.0286465,-0.0218502,-0.0146859,0.0610668,0.104209
2016-04-04,FL,add,,,,,,-0.00285118,0.0122387,0.01619,0.0419362,0.0176364,0.0347371,0.0538766,0.0964316
2016-04-08,UA,add,0.0012031,-0.0979307,-0.153032,-0.10631,-0.123515,0.00500087,0.014538,0.0379014,0.0817076,0.0327021,0.0559147,0.0753349,0.131502
2016-04-18,THC,del,-0.00632914,-0.100316,-0.117089,-0.0556962,-0.186392,-0.014535,-0.024989,-0.000144649,0.018764,0.0441447,0.0703195,0.0599159,0.103404
2016-04-18,ULTA,add,-0.000637091,0.00558659,0.167451,0.253602,0.308292,-0.014535,-0.024989,-0.000144649,0.018764,0.0441447,0.0703195,0.0599159,0.103404
2016-04-25,GME,del,-0.0036585,-0.131707,-0.196939,-0.0483725,-0.0282959,-0.016653,-0.0290948,0.00101533,0.00455712,0.0449811,0.0609174,0.0511863,0.0857658
2016-04-25,GPN,add,0.009824,0.0227875,0.0133714,0.0618153,0.0293383,-0.016653,-0.0290948,0.00101533,0.00455712,0.0449811,0.0609174,0.0511863,0.0857658
2016-05-03,AYI,add,-0.000978733,0.0564871,0.0112975,0.0694585,0.130789,0.00899156,0.0133942,0.0124985,0.0132185,0.0485558,0.07363,0.0536798,0.0980846
2016-05-13,ALK,add,0.00228787,0.0248992,-0.0325332,0.0124937,0.073318,0.0169927,0.0516443,0.0458832,0.0863905,0.0640349,0.112081,0.0527936,0.120007
2016-05-18,DLR,add,-0.00450708,0.0607949,0.119681,0.0642835,-0.0112383,0.0141568,0.0484121,0.0619256,0.103308,0.0695314,0.126313,0.0563805,0.123
2016-05-23,LKQ,add,0.00604695,0.0467854,0.0496498,0.135264,0.12317,0.0167449,0.0407076,0.0579333,0.0846319,0.0690371,0.115762,0.0492653,0.108592
2016-05-31,AJG,add,0.00539464,-0.0786476,0.033228,0.0250723,0.0705059,-0.0456713,-0.0515706,0.0364216,0.0601538,0.0389079,0.0797198,0.0358902,0.0885986
2016-05-31,CCE,del,,,,,,-0.0456713,-0.0515706,0.0364216,0.0601538,0.0389079,0.0797198,0.0358902,0.0885986
2016-05-31,CCEP,del,0.019973,-0.0836708,0.0134954,0.0421054,0.0634278,-0.0456713,-0.0515706,0.0364216,0.0601538,0.0389079,0.0797198,0.0358902,0.0885986
2016-06-03,TDG,add,-0.0031221,-0.0080875,0.0425444,0.0727882,0.0875716,-0.00161529,-0.0144851,0.0273148,0.0297094,0.0360364,0.0620279,0.0360964,0.0734323
2016-06-24,FBHS,add,,,,,,0.0305012,0.0363062,0.0387078,0.0679805,0.0354206,0.0819241,0.0201643,0.0449534
2016-07-01,ALB,add,0.00176527,0.0612783,0.0305134,0.0525633,0.0495253,0.0364719,0.058749,0.0406729,0.0837589,0.0300005,0.0773714,0.0197331,0.0350169
2016-07-01,LNT,add,0.00705296,0.0213438,-0.0398099,-0.0139275,-0.0478193,0.0364719,0.058749,0.0406729,0.0837589,0.0300005,0.0773714,0.0197331,0.0350169
2016-07-05,FTV,add,,,,,,0.033441,0.0558585,0.035537,0.0738089,0.035597,0.0853398,0.0176432,0.0354464
2016-09-06,MTD,add,0.00236586,0.043108,-0.00109576,0.0231104,0.0626821,-0.00686922,-0.00279325,-0.0346683,-0.0693166,0.0110807,0.0542268,0.0489848,0.114213
2016-09-08,CHTR,add,-0.00489979,-0.0377576,-0.0984652,-0.00446747,0.0742182,-0.0104596,-0.00890996,-0.0429504,-0.0745564,0.017396,0.0761663,0.0488275,0.0894369
2016-09-23,COO,add,-0.00270984,-0.0271003,-0.0607047,-0.0535502,-0.0234713,-0.0151946,-0.033693,0.0136753,0.0498306,0.0456798,0.0933876,0.0541556,0.0888458
2016-10-03,COTY,add,0.0123404,-0.025532,-0.20383,-0.215585,-0.188596,-0.0173831,-0.0497542,0.0188631,0.0595768,0.0395171,0.0901397,0.0585375,0.0925644
2016-10-03,DO,del,,,,,,-0.0173831,-0.0497542,0.0188631,0.0595768,0.0395171,0.0901397,0.0585375,0.0925644
2016-12-02,EVHC,add,,,,,,0.0240354,0.033872,0.0434599,0.033565,0.088997,0.0557221,0.0834741,0.0446914
2016-12-02,LM,del,,,,,,0.0240354,0.033872,0.0434599,0.033565,0.088997,0.0557221,0.0834741,0.0446914
2016-12-02,MAA,add,0.0229473,0.101462,0.108428,0.143386,0.163929,0.0240354,0.033872,0.0434599,0.033565,0.088997,0.0557221,0.0834741,0.0446914
2016-12-02,OI,del,-0.00217759,-0.0522593,0.0528035,0.0870984,0.112139,0.0240354,0.033872,0.0434599,0.033565,0.088997,0.0557221,0.0834741,0.0446914
2017-01-05,IDXX,add,0.00172492,0.199396,0.268047,0.334368,0.401207,0.00525194,-0.0215563,0.0459878,-0.00711316,0.040698,-0.0222323,0.0625067,0.0116868
2017-01-17,FTI,add,0.00111577,-0.111576,-0.112413,-0.0914924,-0.124128,0.0251926,0.0149718,0.0503411,0.0121095,0.037615,-0.00425936,0.0619882,0.0203232
2017-02-28,INCY,add,-0.00320854,0.0437994,-0.0734965,0.00268617,-0.0276825,-0.0104327,-0.0347998,0.0106614,0.00968472,0.0238347,-0.0147424,0.0272104,0.00173364
2017-03-01,CBOE,add,0.0111823,0.0172235,0.0592548,0.113753,0.167249,-0.000534079,-0.0120356,0.0111888,0.011756,0.0257142,-0.00716079,0.0392093,0.0330009
2017-03-01,PBI,del,0.0109972,-0.0740465,-0.0256598,0.118638,0.144619,-0.000534079,-0.0120356,0.0111888,0.011756,0.0257142,-0.00716079,0.0392093,0.0330009
2017-03-02,ENDP,del,,,,,,-0.0134096,-0.0266295,-0.000257205,-0.000693125,0.0113036,-0.0259863,0.0158564,0.0084532
2017-03-02,REG,add,-1.9201e-07,-0.0282163,-0.0714913,-0.102336,-0.0710668,-0.0134096,-0.0266295,-0.000257205,-0.000693125,0.0113036,-0.0259863,0.0158564,0.0084532
2017-03-13,DISH,add,,,,,,-0.00617152,-0.000366265,0.0135617,0.0268527,0.0285198,0.0445552,0.0283551,0.039289
2017-03-16,SNPS,add,0.00498218,0.0102491,0.0670463,0.0582206,0.071459,-0.0163292,-0.0167072,0.0100249,0.00906921,0.0265854,0.0285839,0.0371667,0.0364638
2017-03-20,AMD,add,0.0140845,-0.0518903,-0.169755,-0.151964,-0.000741307,-0.0103784,-0.0200812,-0.00510505,-0.0229784,0.0286598,0.0154099,0.0414633,0.0307078
2017-03-20,ARE,add,0.00163248,0.0514148,0.0647555,0.0770904,0.110713,-0.0103784,-0.0200812,-0.00510505,-0.0229784,0.0286598,0.0154099,0.0414633,0.0307078
2017-03-20,FSLR,del,0.00911087,-0.141062,0.0989632,0.125668,0.382972,-0.0103784,-0.0200812,-0.00510505,-0.0229784,0.0286598,0.0154099,0.0414633,0.0307078
2017-03-20,FTR,del,,,,,,-0.0103784,-0.0200812,-0.00510505,-0.0229784,0.0286598,0.0154099,0.0414633,0.0307078
2017-03-20,RJF,add,-1.87502e-08,-0.0508721,-0.0758491,0.0102829,0.0671372,-0.0103784,-0.0200812,-0.00510505,-0.0229784,0.0286598,0.0154099,0.0414633,0.0307078
2017-03-20,URBN,del,0.00592966,-0.0376959,-0.169843,-0.233799,-0.244388,-0.0103784,-0.0200812,-0.00510505,-0.0229784,0.0286598,0.0154099,0.0414633,0.0307078
2017-04-04,DXC,add,0.00927147,0.132892,0.141869,0.120382,0.152245,0.0146181,0.0229357,0.0375644,0.0280818,0.034255,0.0446223,0.0565872,0.0353284
2017-04-04,SWN,del,,,,,,0.0146181,0.0229357,0.0375644,0.0280818,0.034255,0.0446223,0.0565872,0.0353284
2017-04-05,DNB,del,,,,,,0.01274,0.0178114,0.0361391,0.0228901,0.0359856,0.0420993,0.0538658,0.0313737
2017-04-05,IT,add,0.00137996,0.0436063,0.109292,0.151794,0.173505,0.01274,0.0178114,0.0361391,0.0228901,0.0359856,0.0420993,0.0538658,0.0313737
2017-06-02,INFO,add,,,,,,-0.00342294,0.0157617,0.0212282,0.024775,0.015819,0.000127419,0.0425217,0.0736267
2017-06-02,TGNA,del,,,,,,-0.00342294,0.0157617,0.0212282,0.024775,0.015819,0.000127419,0.0425217,0.0736267
2017-06-19,AABA,del,,,,,,0.0119106,0.0177165,0.0177217,-0.0153813,0.0320915,0.0202235,0.0573564,0.0717424
2017-06-19,ALGN,add,0.00729735,0.0753822,0.228556,0.270136,0.331199,0.0119106,0.0177165,0.0177217,-0.0153813,0.0320915,0.0202235,0.0573564,0.0717424
2017-06-19,ANSS,add,,,,,,0.0119106,0.0177165,0.0177217,-0.0153813,0.0320915,0.0202235,0.0573564,0.0717424
2017-06-19,HLT,add,0.0027106,-0.0570697,-0.0575076,0.0057378,0.0736625,0.0119106,0.0177165,0.0177217,-0.0153813,0.0320915,0.0202235,0.0573564,0.0717424
2017-06-19,R,del,0.00953115,0.0890544,0.0988833,0.190744,0.192992,0.0119106,0.0177165,0.0177217,-0.0153813,0.0320915,0.0202235,0.0573564,0.0717424
2017-06-19,RE,add,,,,,,0.0119106,0.0177165,0.0177217,-0.0153813,0.0320915,0.0202235,0.0573564,0.0717424
2017-06-19,TDC,del,0.0102474,0.0413428,0.0929329,0.153004,0.165018,0.0119106,0.0177165,0.0177217,-0.0153813,0.0320915,0.0202235,0.0573564,0.0717424
2017-07-26,AOS,add,-0.00636221,-0.0081627,0.0853345,0.121786,0.110178,-0.0080024,-0.0538701,0.0131675,0.00173562,0.0402594,0.0358932,0.0560189,0.0514114
2017-07-26,BBBY,del,,,,,,-0.0080024,-0.0538701,0.0131675,0.00173562,0.0402594,0.0358932,0.0560189,0.0514114
2017-07-26,DRE,add,,,,,,-0.0080024,-0.0538701,0.0131675,0.00173562,0.0402594,0.0358932,0.0560189,0.0514114
2017-07-26,MGM,add,-0.00466851,-0.0779107,-0.0520825,-0.0954094,-0.0239788,-0.0080024,-0.0538701,0.0131675,0.00173562,0.0402594,0.0358932,0.0560189,0.0514114
2017-07-26,MNK,del,,,,,,-0.0080024,-0.0538701,0.0131675,0.00173562,0.0402594,0.0358932,0.0560189,0.0514114
2017-07-26,MUR,del,0.013608,-0.0927977,0.0281101,0.00455645,0.100149,-0.0080024,-0.0538701,0.0131675,0.00173562,0.0402594,0.0358932,0.0560189,0.0514114
2017-07-26,PKG,add,0.00156527,0.00193375,0.0760847,0.0939561,0.037471,-0.0080024,-0.0538701,0.0131675,0.00173562,0.0402594,0.0358932,0.0560189,0.0514114
2017-07-26,RIG,del,0.013683,-0.142531,0.0627137,0.132269,0.160775,-0.0080024,-0.0538701,0.0131675,0.00173562,0.0402594,0.0358932,0.0560189,0.0514114
2017-07-26,RMD,add,-0.000386558,-0.0357093,0.000896132,0.0324572,0.112718,-0.0080024,-0.0538701,0.0131675,0.00173562,0.0402594,0.0358932,0.0560189,0.0514114
2017-08-07,BHF,add,-0.0281865,-0.109648,-0.0788292,-0.0827009,-0.0941613,0.00173795,0.00221102,0.0283185,0.0713415,0.0463132,0.0631909,0.0729186,0.0899299
2017-08-08,AN,del,0.00297469,0.140555,0.178979,0.330937,0.384234,-0.00730204,-0.00904279,0.0324924,0.0725135,0.0478587,0.0607365,0.0670764,0.0772963
2017-08-29,IQV,add,-0.0014652,-0.0153846,0.104134,0.0732601,0.0312925,0.0234949,0.0545622,0.0503684,0.084826,0.0693112,0.097442,0.104059,0.120925
2017-09-01,DWDP,add,,,,,,0.0201496,0.0630414,0.0441882,0.0707891,0.076105,0.102283,0.0969512,0.10826
2017-09-01,SBAC,add,0.00566598,-0.061869,0.0236406,0.105503,0.0461089,0.0201496,0.0630414,0.0441882,0.0707891,0.076105,0.102283,0.0969512,0.10826
2017-09-18,CDNS,add,0.00600992,0.0974654,0.169846,0.12856,0.172198,0.0231146,0.0514125,0.0342711,0.0291696,0.0660942,0.0565512,0.127811,0.113688
2017-10-13,NCLH,add,0.00968399,-0.0334693,-0.0885151,-0.0171594,-0.0231057,0.0138628,-0.0197811,0.0476753,0.0082868,0.0970023,0.0609416,0.0499516,-0.00399202
2018-01-02,GGP,del,,,,,,0.0558347,0.030959,0.00831892,-0.000721137,-0.0189072,-0.0122202,-0.00976463,0.0167064
2018-01-02,XL,del,,,,,,0.0558347,0.030959,0.00831892,-0.000721137,-0.0189072,-0.0122202,-0.00976463,0.0167064
2018-01-03,HII,add,0.00442964,0.0417963,0.143691,0.142944,-0.0882746,0.0488521,0.0159843,0.0127248,-0.00123456,-0.0154574,-0.00902339,-0.0189687,0.00172249
2018-03-07,IPGP,add,-0.00521873,-0.0714049,-0.0334659,0.0613403,-0.0772449,-0.0302861,-0.018399,-0.021235,0.00463154,0.0121731,0.0691425,0.0093634,0.0802011
2018-03-19,CHK,del,,,,,,-0.0250548,-0.0131263,-0.00714835,0.0221264,0.0152237,0.0658899,0.027459,0.0678374
2018-03-19,NKTR,add,0.000776667,-0.0925242,-0.16699,-0.438252,-0.530485,-0.0250548,-0.0131263,-0.00714835,0.0221264,0.0152237,0.0658899,0.027459,0.0678374
2018-03-19,PDCO,del,,,,,,-0.0250548,-0.0131263,-0.00714835,0.0221264,0.0152237,0.0658899,0.027459,0.0678374
2018-03-19,SIG,del,-1.28971e-07,0.0245606,0.014023,0.460464,0.52965,-0.0250548,-0.0131263,-0.00714835,0.0221264,0.0152237,0.0658899,0.027459,0.0678374
2018-03-19,SIVB,add,,,,,,-0.0250548,-0.0131263,-0.00714835,0.0221264,0.0152237,0.0658899,0.027459,0.0678374
2018-03-19,TTWO,add,-0.00941376,-0.0822071,0.0538727,0.132538,0.180725,-0.0250548,-0.0131263,-0.00714835,0.0221264,0.0152237,0.0658899,0.027459,0.0678374
2018-04-04,MSCI,add,-0.0100196,0.0339714,0.124104,0.149833,0.121352,0.0161446,0.0254244,0.0492008,0.0904493,0.0472091,0.0975042,0.0818774,0.107224
2018-05-31,ABMD,add,,,,,,-0.00752159,-0.00426615,0.0315364,0.00435532,0.0682729,0.0520655,0.0759591,0.0305706
2018-05-31,WYND,del,,,,,,-0.00752159,-0.00426615,0.0315364,0.00435532,0.0682729,0.0520655,0.0759591,0.0305706
2018-06-05,EVRG,add,0.00925943,0.0520368,0.0337036,0.0650829,0.0350254,-0.0066181,0.00115335,0.0318589,0.0173919,0.0607987,0.0542564,0.0701888,0.00518486
2018-06-05,NAVI,del,0.0118301,-0.079332,-0.0800276,-0.0508003,-0.0474509,-0.0066181,0.00115335,0.0318589,0.0173919,0.0607987,0.0542564,0.0701888,0.00518486
2018-06-07,TWTR,add,,,,,,-0.0110441,0.00308019,0.0307074,0.00596599,0.0466043,0.0328407,0.0528331,-0.0135483
2018-06-18,AYI,del,-0.00253671,0.0828084,0.147269,0.303138,0.00745394,0.00797449,-0.00259859,0.0167792,-0.00666545,0.0496159,0.0249726,-0.00536869,-0.0755087
2018-06-18,BR,add,-0.00262275,0.0292012,0.135339,0.204057,0.015554,0.00797449,-0.00259859,0.0167792,-0.00666545,0.0496159,0.0249726,-0.00536869,-0.0755087
2018-06-18,HFC,add,,,,,,0.00797449,-0.00259859,0.0167792,-0.00666545,0.0496159,0.0249726,-0.00536869,-0.0755087
2018-06-18,RRC,del,-0.00125162,0.0100127,-0.0813517,-0.0149944,0.105938,0.00797449,-0.00259859,0.0167792,-0.00666545,0.0496159,0.0249726,-0.00536869,-0.0755087
2018-06-20,FLT,add,,,,,,0.0201813,-0.000129006,0.0347004,0.00207355,0.0559349,0.0135017,0.0225754,-0.057276
2018-07-02,CPRT,add,0.000176774,-0.00618816,0.133663,-0.0889322,-0.168317,0.0319596,0.00625637,0.0744615,0.0571209,0.0765112,0.0356553,-0.0229491,-0.0987862
2018-07-02,KDP,del,-0.00557373,0.221317,0.160735,0.179571,0.243743,0.0319596,0.00625637,0.0744615,0.0571209,0.0765112,0.0356553,-0.0229491,-0.0987862
2018-08-28,ANET,add,0.000688971,-0.0991831,-0.243118,-0.257292,-0.327964,0.00788954,-0.0105333,-0.0637635,-0.129972,-0.0727071,-0.125887,-0.13504,-0.224418
2018-09-17,WCG,add,,,,,,-0.0470324,-0.101368,-0.0604664,-0.119212,-0.100492,-0.177366,-0.0934672,-0.151661
2018-09-18,PX,del,,,,,,-0.0473416,-0.0883515,-0.061923,-0.116262,-0.113444,-0.187052,-0.0817277,-0.134782
2018-09-18,SCG,del,,,,,,-0.0473416,-0.0883515,-0.061923,-0.116262,-0.113444,-0.187052,-0.0817277,-0.134782
2018-09-19,AET,del,,,,,,-0.0317652,-0.0658307,-0.0572486,-0.107405,-0.119196,-0.191447,-0.0745275,-0.129527
2018-09-19,ANDV,del,,,,,,-0.0317652,-0.0658307,-0.0572486,-0.107405,-0.119196,-0.191447,-0.0745275,-0.129527
2018-09-19,CA,del,,,,,,-0.0317652,-0.0658307,-0.0572486,-0.107405,-0.119196,-0.191447,-0.0745275,-0.129527
2018-09-19,COL,del,,,,,,-0.0317652,-0.0658307,-0.0572486,-0.107405,-0.119196,-0.191447,-0.0745275,-0.129527
2018-09-19,ESRX,del,,,,,,-0.0317652,-0.0658307,-0.0572486,-0.107405,-0.119196,-0.191447,-0.0745275,-0.129527
2018-09-19,EVHC,del,,,,,,-0.0317652,-0.0658307,-0.0572486,-0.107405,-0.119196,-0.191447,-0.0745275,-0.129527
2018-09-19,KORS,del,,,,,,-0.0317652,-0.0658307,-0.0572486,-0.107405,-0.119196,-0.191447,-0.0745275,-0.129527
2018-10-01,ROL,add,0.00346038,-0.0611305,0.0491599,-0.10504,-0.0767786,-0.0873347,-0.125008,-0.0555169,-0.0967666,-0.135321,-0.202918,-0.0660899,-0.112673
2018-10-11,FTNT,add,-0.00929997,-0.0214905,-0.0644715,-0.0791755,0.0447405,0.00973819,0.00542921,-0.050916,-0.0837377,-0.0639869,-0.0791972,-0.00934001,-0.0195321
2018-11-06,KEYS,add,-0.00239972,0.045252,0.1253,0.307851,0.456976,-0.0114855,-0.0413308,-0.0553076,-0.0758754,-0.00611756,-0.0239733,0.0244196,0.00602018
2018-11-13,EQT,del,0.00175846,0.0619561,0.112956,-0.0316242,0.0662777,-0.0260853,-0.0411177,-0.0392547,-0.0470102,0.0125191,0.0215495,0.0464453,0.0347031
2018-11-13,JKHY,add,0.00700582,-0.043951,-0.0860983,-0.0607677,-0.016937,-0.0260853,-0.0411177,-0.0392547,-0.0470102,0.0125191,0.0215495,0.0464453,0.0347031
2018-12-03,FANG,add,0.0312557,-0.137344,-0.0528174,-0.0925036,-0.094408,-0.0870997,-0.114725,-0.00762509,-0.00756591,0.01197,0.00597671,0.0525281,0.0277744
2018-12-03,LW,add,0.0082145,-0.0396344,-0.0678347,-0.0777713,-0.0806476,-0.0870997,-0.114725,-0.00762509,-0.00756591,0.01197,0.00597671,0.0525281,0.0277744
2018-12-03,MXIM,add,,,,,,-0.0870997,-0.114725,-0.00762509,-0.00756591,0.01197,0.00597671,0.0525281,0.0277744
2018-12-03,SRCL,del,,,,,,-0.0870997,-0.114725,-0.00762509,-0.00756591,0.01197,0.00597671,0.0525281,0.0277744
2018-12-24,CE,add,-0.0132351,0.0745766,0.204833,0.123484,0.257831,0.0943501,0.126431,0.16128,0.232297,0.173071,0.18614,0.21868,0.224335
2019-01-02,FRC,add,,,,,,0.0706626,0.103808,0.117958,0.171098,0.149286,0.155874,0.170225,0.179536
2019-01-18,PCG,del,0.0471697,1.43396,2,2.30189,1.77987,0.0547993,0.0712472,0.0754114,0.0537514,0.107763,0.070115,0.0845782,0.0435756
2019-01-18,TFX,add,0.00954061,0.122458,0.186312,0.0890252,0.148057,0.0547993,0.0712472,0.0754114,0.0537514,0.107763,0.070115,0.0845782,0.0435756
2019-02-15,ATO,add,0.00291779,0.0634688,0.0494306,0.0649354,0.103015,0.0297726,0.00643802,0.0621692,0.0272481,0.0531647,0.010686,0.0592776,-0.00381132
2019-02-15,NFX,del,,,,,,0.0297726,0.00643802,0.0621692,0.0272481,0.0531647,0.010686,0.0592776,-0.00381132
2019-02-27,GT,del,0.00202117,-0.0924712,-0.0277918,-0.270828,-0.230064,0.0108774,-0.0307776,0.0550708,0.0101331,0.00738945,-0.0452654,0.0495796,-0.0341499
2019-02-27,WAB,add,-0.00662525,-0.0240675,-0.00987041,-0.106412,-0.0706581,0.0108774,-0.0307776,0.0550708,0.0101331,0.00738945,-0.0452654,0.0495796,-0.0341499
2019-04-02,BHF,del,-0.00758371,0.0928347,-0.0719142,-0.0321654,0.02432,0.0286536,0.0228091,-0.0369451,-0.0575088,0.039422,0.0122143,0.0456446,0.0151968
2019-04-02,DOW,add,0.03028,0.0603733,-0.113238,-0.0487601,-0.0813782,0.0286536,0.0228091,-0.0369451,-0.0575088,0.039422,0.0122143,0.0456446,0.0151968
2019-06-01,HRS,del,,,,,,0.0695867,0.0698489,0.0857581,0.077142,0.068053,0.0258855,0.0883516,0.0448877
2019-06-01,LHX,add,0.000160332,0.010364,0.109034,0.139484,0.118558,0.0695867,0.0698489,0.0857581,0.077142,0.068053,0.0258855,0.0883516,0.0448877
2019-06-03,CTVA,add,-0.0159432,0.0964038,0.0987713,0.106593,0.0429017,0.0695867,0.0698489,0.0857581,0.077142,0.068053,0.0258855,0.0883516,0.0448877
2019-06-03,DD,add,0.0166798,0.162208,0.12176,0.0224247,0.108547,0.0695867,0.0698489,0.0857581,0.077142,0.068053,0.0258855,0.0883516,0.0448877
2019-06-03,DWDP,del,,,,,,0.0695867,0.0698489,0.0857581,0.077142,0.068053,0.0258855,0.0883516,0.0448877
2019-06-03,FLR,del,0.00108233,0.215368,0.172799,-0.375902,-0.301584,0.0695867,0.0698489,0.0857581,0.077142,0.068053,0.0258855,0.0883516,0.0448877
2019-06-07,AMCR,add,0,0.0412558,-0.0816142,-0.123767,-0.138338,0.0530602,0.0496148,0.0154488,0.000577876,0.0508025,0.0088175,0.0433552,0.0026157
2019-06-07,MAT,del,-0.00648746,0.0778499,0.194625,-0.0908248,0.0222428,0.0530602,0.0496148,0.0154488,0.000577876,0.0508025,0.0088175,0.0433552,0.0026157
2019-07-01,LLL,del,,,,,,0.0288733,0.00418034,-0.0140272,-0.0576205,0.0128467,-0.0244926,0.0399336,0.00893602
2019-07-01,MKTX,add,0.00295543,0.0481612,0.260236,0.011747,0.0870254,0.0288733,0.00418034,-0.0140272,-0.0576205,0.0128467,-0.0244926,0.0399336,0.00893602
2019-07-15,RHT,del,,,,,,-0.0300347,-0.0351676,-0.00133078,0.00570113,-0.0201425,-0.0504182,0.0323192,0.0226068
2019-07-15,TMUS,add,0.00276888,-0.024292,0.0036502,-0.0144746,0.018754,-0.0300347,-0.0351676,-0.00133078,0.00570113,-0.0201425,-0.0504182,0.0323192,0.0226068
2019-08-08,GL,add,0.0101176,0.0564019,0.0928686,0.143318,0.189456,0.0342053,0.00850508,0.0224451,0.000558027,0.0711114,0.069578,0.0885194,0.0816077
2019-08-08,TMK,del,,,,,,0.0342053,0.00850508,0.0224451,0.000558027,0.0711114,0.069578,0.0885194,0.0816077
2019-08-09,APC,del,,,,,,0.0150877,-0.017307,-0.0127975,-0.0364829,0.0507399,0.0409479,0.0773244,0.0711444
2019-08-09,FL,del,,,,,,0.0150877,-0.017307,-0.0127975,-0.0364829,0.0507399,0.0409479,0.0773244,0.0711444
2019-08-09,IEX,add,-0.0075255,0.0415123,-0.0605109,-0.0120339,0.0100566,0.0150877,-0.017307,-0.0127975,-0.0364829,0.0507399,0.0409479,0.0773244,0.0711444
2019-08-09,LDOS,add,-0.0100121,0.0443385,-0.020697,0.0186715,0.0850829,0.0150877,-0.017307,-0.0127975,-0.0364829,0.0507399,0.0409479,0.0773244,0.0711444
2019-09-23,CDW,add,-0.00148688,0.0235421,0.138279,0.178291,0.131325,-0.00103927,-0.0146921,0.0457624,0.0272744,0.0758346,0.0739409,0.116297,0.0857993
2019-09-23,TSS,del,,,,,,-0.00103927,-0.0146921,0.0457624,0.0272744,0.0758346,0.0739409,0.116297,0.0857993
2019-09-26,JEF,del,-0.000508236,0.0365245,0.134551,0.155854,0.170057,0.00759363,0.0019468,0.0448224,0.026736,0.0846361,0.0856032,0.0923008,0.0649569
2019-09-26,NVR,add,0.00462938,0.0559609,0.0320392,0.0677342,0.103838,0.00759363,0.0019468,0.0448224,0.026736,0.0846361,0.0856032,0.0923008,0.0649569
2019-10-03,LVS,add,-0.000884834,0.106903,0.109557,0.267231,0.19134,0.0558218,0.0616642,0.0818581,0.0878778,0.133331,0.129971,0.130714,0.106387
2019-10-03,NKTR,del,-0.00577034,0.0126947,0.124062,0.209463,0.242931,0.0558218,0.0616642,0.0818581,0.0878778,0.133331,0.129971,0.130714,0.106387
2019-10-18,BHGE,del,,,,,,0.0343159,0.0310422,0.0677963,0.0780236,0.114615,0.106627,0.136071,0.102242
2019-10-18,BKR,add,0,-0.000408003,0.11284,0.0781347,-0.0420097,0.0343159,0.0310422,0.0677963,0.0780236,0.114615,0.106627,0.136071,0.102242
2019-11-05,HCP,del,,,,,,0.00709247,0.00459243,0.0581099,0.0440807,0.0882535,0.0564565,-0.0274834,-0.0882056
2019-11-05,NLOK,add,,,,,,0.00709247,0.00459243,0.0581099,0.0440807,0.0882535,0.0564565,-0.0274834,-0.0882056
2019-11-05,PEAK,add,,,,,,0.00709247,0.00459243,0.0581099,0.0440807,0.0882535,0.0564565,-0.0274834,-0.0882056
2019-11-05,SYMC,del,,,,,,0.00709247,0.00459243,0.0581099,0.0440807,0.0882535,0.0564565,-0.0274834,-0.0882056
2019-11-21,CELG,del,,,,,,0.0325965,0.049385,0.0726612,0.0602764,0.0425888,0.0262106,-0.209119,-0.30957
2019-11-21,NOW,add,-0.00240279,-0.0159717,0.100565,0.178657,-0.0388692,0.0325965,0.049385,0.0726612,0.0602764,0.0425888,0.0262106,-0.209119,-0.30957
2019-12-05,CBS,del,,,,,,0.0402466,0.0308237,0.0739629,0.0444321,-0.0402542,-0.0985834,-0.140412,-0.294189
2019-12-05,VIAB,del,,,,,,0.0402466,0.0308237,0.0739629,0.0444321,-0.0402542,-0.0985834,-0.140412,-0.294189
2019-12-05,VIAC,add,,,,,,0.0402466,0.0308237,0.0739629,0.0444321,-0.0402542,-0.0985834,-0.140412,-0.294189
2019-12-05,WRB,add,0.0146567,0.0120185,0.116665,-0.0291657,-0.211077,0.0402466,0.0308237,0.0739629,0.0444321,-0.0402542,-0.0985834,-0.140412,-0.294189
2019-12-09,BBT,del,-0.0028268,-0.0131911,-0.0926509,-0.339651,-0.514794,0.030002,0.015874,0.0602259,0.0163671,-0.0794991,-0.171335,-0.120282,-0.269369
2019-12-09,ODFL,add,0.00211594,0.0242525,0.196842,0.0361866,0.126845,0.030002,0.015874,0.0602259,0.0163671,-0.0794991,-0.171335,-0.120282,-0.269369
2019-12-09,STI,del,,,,,,0.030002,0.015874,0.0602259,0.0163671,-0.0794991,-0.171335,-0.120282,-0.269369
2019-12-09,TFC,add,0.0132745,0.0230454,0.000552862,-0.324431,-0.392099,0.030002,0.015874,0.0602259,0.0163671,-0.0794991,-0.171335,-0.120282,-0.269369
2019-12-10,J,add,0.000466328,0.0424048,0.132513,0.0272229,-0.0508699,0.0387576,0.0209618,0.0715096,0.0240497,-0.121611,-0.22256,-0.104079,-0.232945
2019-12-10,JEC,del,,,,,,0.0387576,0.0209618,0.0715096,0.0240497,-0.121611,-0.22256,-0.104079,-0.232945
2019-12-23,AMG,del,0.00295857,0.0182246,0.0131361,-0.410865,-0.282322,0.0330807,0.00957984,0.00526965,-0.023498,-0.237428,-0.343014,-0.124743,-0.272126
2019-12-23,LYV,add,0.00503145,0.0433263,-0.0459818,-0.39986,-0.448637,0.0330807,0.00957984,0.00526965,-0.023498,-0.237428,-0.343014,-0.124743,-0.272126
2019-12-23,MAC,del,0.00566673,-0.0321117,-0.106311,-0.708868,-0.764821,0.0330807,0.00957984,0.00526965,-0.023498,-0.237428,-0.343014,-0.124743,-0.272126
2019-12-23,STE,add,0.00173526,0.0196875,0.12006,-0.210019,-0.000400541,0.0330807,0.00957984,0.00526965,-0.023498,-0.237428,-0.343014,-0.124743,-0.272126
2019-12-23,TRIP,del,0.00665339,0.00665339,-0.105123,-0.382901,-0.383899,0.0330807,0.00957984,0.00526965,-0.023498,-0.237428,-0.343014,-0.124743,-0.272126
2019-12-23,ZBRA,add,0.00629726,0.00499027,-0.0993703,-0.284922,-0.204048,0.0330807,0.00957984,0.00526965,-0.023498,-0.237428,-0.343014,-0.124743,-0.272126
2020-01-28,PAYC,add,0.00143988,-0.0755766,-0.266598,-0.276549,-0.081496,-0.0335396,-0.0440339,-0.187833,-0.282847,-0.107456,-0.21869,-0.0562137,-0.121501
2020-01-28,WCG,del,,,,,,-0.0335396,-0.0440339,-0.187833,-0.282847,-0.107456,-0.21869,-0.0562137,-0.121501
2020-03-03,TT,add,0.00537044,-0.157438,-0.126254,-0.0961696,-0.105637,-0.148505,-0.235352,-0.0546827,-0.133855,-0.00563988,-0.067919,0.00792074,-0.0450927
2020-03-03,XEC,del,,,,,,-0.148505,-0.235352,-0.0546827,-0.133855,-0.00563988,-0.067919,0.00792074,-0.0450927
2020-04-03,CARR,add,0.0353914,0.262801,0.673193,0.731499,1.08747,0.12294,0.162255,0.239645,0.34485,0.2453,0.327032,0.311348,0.39562
2020-04-03,OTIS,add,-0.0056817,0.129773,0.265441,0.288938,0.442014,0.12294,0.162255,0.239645,0.34485,0.2453,0.327032,0.311348,0.39562
2020-04-03,RTX,add,-0.0577956,0.128983,0.257522,0.151657,0.0718852,0.12294,0.162255,0.239645,0.34485,0.2453,0.327032,0.311348,0.39562
2020-04-03,UTX,del,,,,,,0.12294,0.162255,0.239645,0.34485,0.2453,0.327032,0.311348,0.39562
2020-04-06,ARNC,del,,,,,,0.142552,0.2013,0.254523,0.382049,0.28307,0.375598,0.33572,0.446186
2020-04-06,HWM,add,0.0398725,-0.0470495,0.238437,0.255183,0.197767,0.142552,0.2013,0.254523,0.382049,0.28307,0.375598,0.33572,0.446186
2020-04-06,M,del,0.0686071,0.0956343,0.706861,0.37422,0.274428,0.142552,0.2013,0.254523,0.382049,0.28307,0.375598,0.33572,0.446186
2020-04-06,RTN,del,,,,,,0.142552,0.2013,0.254523,0.382049,0.28307,0.375598,0.33572,0.446186
2020-05-12,AGN,del,,,,,,0.0967181,0.140926,0.0905556,0.0765975,0.152297,0.202153,0.166787,0.159031
2020-05-12,CPRI,del,0.0132774,0.468903,0.0726764,0.178197,0.255066,0.0967181,0.140926,0.0905556,0.0765975,0.152297,0.202153,0.166787,0.159031
2020-05-12,DPZ,add,0.00823888,0.0125305,0.0573085,0.0244459,0.0141996,0.0967181,0.140926,0.0905556,0.0765975,0.152297,0.202153,0.166787,0.159031
2020-05-12,DXCM,add,-0.00251566,-0.0969717,0.0433834,-0.00033222,-0.0467059,0.0967181,0.140926,0.0905556,0.0765975,0.152297,0.202153,0.166787,0.159031
2020-05-22,HP,del,-0.0160858,0.148526,0.0343163,-0.0553307,-0.167299,0.0512686,0.053835,0.113328,0.107054,0.152226,0.164234,0.118161,0.105633
2020-05-22,WST,add,0.00819829,0.0263955,0.21017,0.306204,0.3127,0.0512686,0.053835,0.113328,0.107054,0.152226,0.164234,0.118161,0.105633
2020-06-22,ADS,del,,,,,,0.0508037,0.0352506,0.0926322,0.109298,0.0756013,0.0872403,0.112555,0.142077
2020-06-22,BIO,add,-0.00154877,0.151363,0.152514,0.136118,0.226525,0.0508037,0.0352506,0.0926322,0.109298,0.0756013,0.0872403,0.112555,0.142077
2020-06-22,HOG,del,-0.00604353,0.128123,0.135778,0.0176475,0.136991,0.0508037,0.0352506,0.0926322,0.109298,0.0756013,0.0872403,0.112555,0.142077
2020-06-22,JWN,del,,,,,,0.0508037,0.0352506,0.0926322,0.109298,0.0756013,0.0872403,0.112555,0.142077
2020-06-22,TDY,add,-0.00361406,0.0123065,-0.0127426,0.0127738,0.0415303,0.0508037,0.0352506,0.0926322,0.109298,0.0756013,0.0872403,0.112555,0.142077
2020-06-22,TYL,add,0.00105041,0.111611,0.0149155,-0.00210072,0.182858,0.0508037,0.0352506,0.0926322,0.109298,0.0756013,0.0872403,0.112555,0.142077
2020-09-18,CTL,del,,,,,,0.0388607,0.0629857,0.0839131,0.160173,0.106633,0.270915,0.13681,0.398479
2020-09-18,LUMN,add,-0.0018182,-0.0972727,-0.0845453,-0.0367307,0.0293487,0.0388607,0.0629857,0.0839131,0.160173,0.106633,0.270915,0.13681,0.398479
2020-09-21,COTY,del,0,0.0688525,0.67541,1.24918,1.25902,0.0503254,0.0631403,0.0906394,0.168636,0.125783,0.289406,0.165965,0.408303
2020-09-21,CTLT,add,,,,,,0.0503254,0.0631403,0.0906394,0.168636,0.125783,0.289406,0.165965,0.408303
2020-09-21,ETSY,add,-0.0118121,0.320716,0.152752,0.683222,0.930112,0.0503254,0.0631403,0.0906394,0.168636,0.125783,0.289406,0.165965,0.408303
2020-09-21,HRB,del,-0.0187051,0.254676,0.315108,0.154679,0.232047,0.0503254,0.0631403,0.0906394,0.168636,0.125783,0.289406,0.165965,0.408303
2020-09-21,KSS,del,-0.0371792,-0.136325,0.247009,0.664958,0.866667,0.0503254,0.0631403,0.0906394,0.168636,0.125783,0.289406,0.165965,0.408303
2020-09-21,TER,add,-0.0183317,0.133822,0.386801,0.56423,0.816657,0.0503254,0.0631403,0.0906394,0.168636,0.125783,0.289406,0.165965,0.408303
2020-10-07,ETFC,del,,,,,,0.00328432,0.0231131,0.104261,0.201635,0.120062,0.309975,0.162519,0.419625
2020-10-07,POOL,add,0.00317054,0.110271,-0.00961988,0.131209,0.0974293,0.00328432,0.0231131,0.104261,0.201635,0.120062,0.309975,0.162519,0.419625
2020-10-12,NBL,del,,,,,,0.00954315,0.00565442,0.0576616,0.164167,0.0964513,0.27958,0.12943,0.39882
2020-10-12,VNT,add,-0.000353494,0.0233381,0.130127,0.22843,0.184936,0.00954315,0.00565442,0.0576616,0.164167,0.0964513,0.27958,0.12943,0.39882
2020-11-17,MYL,del,,,,,,0.0193615,0.0994063,0.0488015,0.205405,0.0822336,0.245726,0.0823322,0.281586
2020-11-17,VTRS,add,-0.0296343,0.117906,0.0996217,0.151954,-0.0680961,0.0193615,0.0994063,0.0488015,0.205405,0.0822336,0.245726,0.0823322,0.281586
2020-12-21,AIV,del,0.00442491,0.0597347,0.073009,0.25,0.449115,0.039845,0.0975225,0.0483503,0.145336,0.0584965,0.111191,0.120375,0.136463
2020-12-21,TSLA,add,-0.0413813,0.223669,0.0280576,-0.0472518,0.0355252,0.039845,0.0975225,0.0483503,0.145336,0.0584965,0.111191,0.120375,0.136463
2021-01-07,ENPH,add,0.0317632,-0.038106,-0.268856,-0.247074,-0.395417,0.0338374,0.0688898,0.036461,0.0919671,0.0971969,0.0901997,0.133724,0.104062
2021-01-07,TIF,del,,,,,,0.0338374,0.0688898,0.036461,0.0919671,0.0971969,0.0901997,0.133724,0.104062
2021-01-21,CXO,del,,,,,,0.0177916,0.028919,0.0260121,0.0505621,0.0873759,0.0397799,0.0853111,0.0252931
2021-01-21,TRMB,add,0.0193224,0.0151218,0.0526463,0.134136,0.074769,0.0177916,0.028919,0.0260121,0.0505621,0.0873759,0.0397799,0.0853111,0.0252931
2021-02-12,FTI,del,-0.0280195,0.13753,-0.0247886,0.0284521,0.277774,0.00857421,0.0307563,0.056532,-0.0127087,0.0535274,-0.0461754,0.0919938,0.022867
2021-02-12,MPWR,add,-0.000467973,-0.139522,-0.0366472,-0.20225,-0.0838616,0.00857421,0.0307563,0.056532,-0.0127087,0.0535274,-0.0461754,0.0919938,0.022867
2021-03-22,CZR,add,-0.00358262,-0.00638155,0.0803851,0.120242,0.0221675,0.0660626,-0.0211203,0.0548937,-0.0378081,0.0688032,-0.0178811,0.110379,-0.0348149
2021-03-22,FLS,del,-0.00324591,0.00355915,0.047989,0.0058184,0.0448525,0.0660626,-0.0211203,0.0548937,-0.0378081,0.0688032,-0.0178811,0.110379,-0.0348149
2021-03-22,GNRC,add,0.0142983,0.0426986,-0.0131859,0.264274,0.427936,0.0660626,-0.0211203,0.0548937,-0.0378081,0.0688032,-0.0178811,0.110379,-0.0348149
2021-03-22,NXPI,add,0.00529604,-0.0360325,-0.0351416,-0.0415658,-0.0405235,0.0660626,-0.0211203,0.0548937,-0.0378081,0.0688032,-0.0178811,0.110379,-0.0348149
2021-03-22,PENN,add,0.011076,-0.207634,-0.333475,-0.37139,-0.409134,0.0660626,-0.0211203,0.0548937,-0.0378081,0.0688032,-0.0178811,0.110379,-0.0348149
2021-03-22,SLG,del,0.0025685,-0.0283252,0.0132771,0.0550157,0.0600393,0.0660626,-0.0211203,0.0548937,-0.0378081,0.0688032,-0.0178811,0.110379,-0.0348149
2021-03-22,VNT,del,2.02137e-07,-0.0165006,0.0582193,0.0334259,0.00756718,0.0660626,-0.0211203,0.0548937,-0.0378081,0.0688032,-0.0178811,0.110379,-0.0348149
2021-03-22,XRX,del,0.0161355,0.0320187,-0.0291201,-0.0450158,-0.0686677,0.0660626,-0.0211203,0.0548937,-0.0378081,0.0688032,-0.0178811,0.110379,-0.0348149
2021-04-20,PTC,add,0.0013591,-0.0868383,-0.0395565,-0.022103,-0.0845494,0.000746558,-0.0018491,0.0162807,0.0266153,0.0268546,-0.0436655,0.0729335,-0.0225721
2021-04-20,VAR,del,,,,,,0.000746558,-0.0018491,0.0162807,0.0266153,0.0268546,-0.0436655,0.0729335,-0.0225721
2021-05-14,CRL,add,0.00498419,0.0968194,0.190897,0.270303,0.343323,0.0341966,0.0755413,0.0667528,0.015985,0.088443,0.0358991,0.0920375,0.0345994
2021-05-14,FLIR,del,,,,,,0.0341966,0.0755413,0.0667528,0.015985,0.088443,0.0358991,0.0920375,0.0345994
2021-06-04,HFC,del,,,,,,0.031206,0.0234856,0.0568886,-0.0230909,0.0824033,0.00601392,0.0436668,-0.0138312
2021-06-04,OGN,add,-0.0229727,-0.167027,-0.202432,-0.0582125,-0.0917311,0.031206,0.0234856,0.0568886,-0.0230909,0.0824033,0.00601392,0.0436668,-0.0138312
2021-07-21,ALXN,del,,,,,,0.030112,-0.00870368,0.0272679,0.0191476,0.0407429,0.0339518,0.0921532,0.0980941
2021-07-21,MRNA,add,-0.0286987,0.307585,0.39931,0.0895129,-0.237692,0.030112,-0.00870368,0.0272679,0.0191476,0.0407429,0.0339518,0.0921532,0.0980941
2021-08-03,BBWI,add,-0.00167031,0.0711479,-0.021955,0.0720789,0.168151,0.0334558,0.025142,-0.0161686,-0.00244279,0.0528606,0.0399676,0.044401,-0.00508787
2021-08-03,LB,del,,,,,,0.0334558,0.025142,-0.0161686,-0.00244279,0.0528606,0.0399676,0.044401,-0.00508787
2021-08-30,MXIM,del,,,,,,-0.0137519,0.00316258,0.0114256,-0.00919759,0.022633,-0.0127418,0.0662487,-0.0101872
2021-08-30,TECH,add,0.0126261,0.0332115,0.0298177,-0.042904,0.00625741,-0.0137519,0.00316258,0.0114256,-0.00919759,0.022633,-0.0127418,0.0662487,-0.0101872
2021-09-20,BRO,add,-0.0198208,0.128223,0.140822,0.181409,0.15892,0.0101268,0.0151122,0.063163,0.0774632,0.0567512,-0.0359789,0.0378202,-0.0601721
2021-09-20,CDAY,add,,,,,,0.0101268,0.0151122,0.063163,0.0774632,0.0567512,-0.0359789,0.0378202,-0.0601721
2021-09-20,MTCH,add,-0.00750891,0.0183276,-0.0661194,-0.208095,-0.262632,0.0101268,0.0151122,0.063163,0.0774632,0.0567512,-0.0359789,0.0378202,-0.0601721
2021-09-20,NOV,del,-0.0358476,0.119492,0.00896211,-0.00996943,0.222538,0.0101268,0.0151122,0.063163,0.0774632,0.0567512,-0.0359789,0.0378202,-0.0601721
2021-09-20,PRGO,del,-0.0102412,0.0177515,-0.0216202,-0.152955,-0.0931553,0.0101268,0.0151122,0.063163,0.0774632,0.0567512,-0.0359789,0.0378202,-0.0601721
2021-09-20,UNM,del,-0.016481,0.132262,0.0879018,0.00748611,0.152484,0.0101268,0.0151122,0.063163,0.0774632,0.0567512,-0.0359789,0.0378202,-0.0601721
2021-10-04,COG,del,,,,,,0.057595,0.0259581,0.0374448,-0.0405795,0.0976157,0.00380472,0.0467513,-0.0823388
2021-10-04,CTRA,add,,,,,,0.057595,0.0259581,0.0374448,-0.0405795,0.0976157,0.00380472,0.0467513,-0.0823388
2021-12-14,EPAM,add,-0.0145985,-0.183358,-0.377898,-0.671474,-0.55038,0.0103529,0.00726731,-0.052645,-0.0678579,-0.0833804,-0.093779,-0.0435529,-0.0682053
2021-12-14,KSU,del,,,,,,0.0103529,0.00726731,-0.052645,-0.0678579,-0.0833804,-0.093779,-0.0435529,-0.0682053
2021-12-20,FDS,add,-0.00376227,-0.0938664,-0.142543,-0.0733107,-0.0608567,-0.00734982,-0.0339778,-0.049601,-0.0647951,-0.0306596,-0.0450871,-0.0299617,-0.0576942
2021-12-20,HBI,del,,,,,,-0.00734982,-0.0339778,-0.049601,-0.0647951,-0.0306596,-0.0450871,-0.0299617,-0.0576942
2021-12-20,LEG,del,,,,,,-0.00734982,-0.0339778,-0.049601,-0.0647951,-0.0306596,-0.0450871,-0.0299617,-0.0576942
2021-12-20,SBNY,add,,,,,,-0.00734982,-0.0339778,-0.049601,-0.0647951,-0.0306596,-0.0450871,-0.0299617,-0.0576942
2021-12-20,SEDG,add,-0.0696555,-0.173273,-0.0885927,0.0804223,-0.025065,-0.00734982,-0.0339778,-0.049601,-0.0647951,-0.0306596,-0.0450871,-0.0299617,-0.0576942
2021-12-20,WU,del,-0.00632885,0.042578,0.139816,0.0573273,0.131393,-0.00734982,-0.0339778,-0.049601,-0.0647951,-0.0306596,-0.0450871,-0.0299617,-0.0576942
2022-01-10,WLTW,del,,,,,,-0.0403998,-0.0773361,-0.0871292,-0.0747443,-0.0367518,-0.082432,-0.141089,-0.188717
2022-01-10,WTW,add,-0.0120056,0.0187425,-0.0304026,0.0445019,-0.105858,-0.0403998,-0.0773361,-0.0871292,-0.0747443,-0.0367518,-0.082432,-0.141089,-0.188717
2022-02-02,CEG,add,0.00512238,-0.0031666,0.169355,0.203214,0.288004,-0.0332485,0.00432738,0.00304032,0.0227085,-0.0778814,-0.0712997,-0.0756447,-0.0699694
2022-02-02,GPS,del,,,,,,-0.0332485,0.00432738,0.00304032,0.0227085,-0.0778814,-0.0712997,-0.0756447,-0.0699694
2022-02-15,NDSN,add,0.0150825,-0.0111684,-0.0310228,-0.049343,-0.0876415,-0.0292697,-0.0244172,0.000296319,-0.0066221,-0.0858436,-0.115167,-0.133575,-0.139667
2022-02-15,XLNX,del,,,,,,-0.0292697,-0.0244172,0.000296319,-0.0066221,-0.0858436,-0.115167,-0.133575,-0.139667
2022-02-17,PARA,add,-0.00102255,0,0.00562368,0.00306741,0.00920232,-0.0123826,-0.00668312,-0.000397147,-0.0219566,-0.119845,-0.144818,-0.174693,-0.196374
2022-02-17,VIAC,del,,,,,,-0.0123826,-0.00668312,-0.000397147,-0.0219566,-0.119845,-0.144818,-0.174693,-0.196374
2022-03-02,INFO,del,,,,,,0.0767564,0.0633424,-0.0388393,-0.0710633,-0.0366696,-0.0692552,-0.116106,-0.147125
2022-03-02,MOH,add,0.0100038,0.101161,0.00503401,-0.0694498,-0.103469,0.0767564,0.0633424,-0.0388393,-0.0710633,-0.0366696,-0.0692552,-0.116106,-0.147125
2022-04-04,CPT,add,0.00215595,-0.123776,-0.156993,-0.214158,-0.200132,-0.0848716,-0.0996289,-0.0784466,-0.0906201,-0.153029,-0.165171,-0.0809848,-0.0834415
2022-04-04,PBCT,del,,,,,,-0.0848716,-0.0996289,-0.0784466,-0.0906201,-0.153029,-0.165171,-0.0809848,-0.0834415
2022-04-11,DISCA,del,,,,,,-0.110374,-0.116086,-0.103068,-0.0698246,-0.145441,-0.131137,-0.057568,-0.00876586
2022-04-11,DISCK,del,,,,,,-0.110374,-0.116086,-0.103068,-0.0698246,-0.145441,-0.131137,-0.057568,-0.00876586
2022-04-11,WBD,add,-0.0143267,-0.300041,-0.360213,-0.428981,-0.463774,-0.110374,-0.116086,-0.103068,-0.0698246,-0.145441,-0.131137,-0.057568,-0.00876586
2022-05-10,BALL,add,0.0404374,0.0702509,-0.0127199,-0.208098,-0.147523,0.0441268,0.0914809,-0.0308415,-0.0136453,0.0375641,0.090287,0.00989407,0.0531396
2022-05-10,BLL,del,,,,,,0.0441268,0.0914809,-0.0308415,-0.0136453,0.0375641,0.090287,0.00989407,0.0531396
2022-06-08,CERN,del,,,,,,-0.0603012,-0.0776702,-0.00232362,0.0127194,-0.039067,-0.043111,-0.0947424,-0.0828769
2022-06-08,VICI,add,-0.00809705,-0.0237327,0.08975,0.0560207,-0.0123687,-0.0603012,-0.0776702,-0.00232362,0.0127194,-0.039067,-0.043111,-0.0947424,-0.0828769
2022-06-09,FB,del,,,,,,-0.050754,-0.0633002,0.00463708,0.0145847,-0.0221548,-0.0199835,-0.110321,-0.0958827
2022-06-09,META,add,-0.0120015,-0.131001,-0.142952,-0.175855,-0.321349,-0.050754,-0.0633002,0.00463708,0.0145847,-0.0221548,-0.0199835,-0.110321,-0.0958827
2022-06-21,IPGP,del,0.0250678,0.113934,0.147471,0.00587177,-0.0111788,0.0721861,0.0817896,0.169546,0.204262,0.0663807,0.0928685,0.0185714,0.0598797
2022-06-21,KDP,add,-0.00465794,0.0676342,0.17153,0.105388,0.129123,0.0721861,0.0817896,0.169546,0.204262,0.0663807,0.0928685,0.0185714,0.0598797
2022-06-21,ON,add,0.0146779,0.120473,0.396302,0.3374,0.157644,0.0721861,0.0817896,0.169546,0.204262,0.0663807,0.0928685,0.0185714,0.0598797
2022-06-21,UA,del,0,-0.0620525,0.0501193,-0.101432,-0.231504,0.0721861,0.0817896,0.169546,0.204262,0.0663807,0.0928685,0.0185714,0.0598797
2022-06-21,UAA,del,-0.00655016,-0.0458515,0.0655022,-0.062227,-0.217249,0.0721861,0.0817896,0.169546,0.204262,0.0663807,0.0928685,0.0185714,0.0598797
2022-06-28,ANTM,del,,,,,,0.00591873,0.020428,0.0795696,0.11187,-0.058631,-0.0610039,-0.0053753,0.0190716
2022-06-28,ELV,add,0.00700413,-0.0282232,0.0202246,-0.0689092,0.0885997,0.00591873,0.020428,0.0795696,0.11187,-0.058631,-0.0610039,-0.0053753,0.0190716
2022-09-19,CSGP,add,-0.00766492,-0.00212908,0.174024,0.105465,0.108304,-0.0724399,-0.0632276,0.0335357,0.053244,0.010556,-0.00886342,0.0200429,0.0369473
2022-09-19,INVH,add,-0.0143786,-0.142702,-0.134668,-0.146963,-0.154068,-0.0724399,-0.0632276,0.0335357,0.053244,0.010556,-0.00886342,0.0200429,0.0369473
2022-09-19,PENN,del,-0.0179974,-0.0814791,0.236911,0.0762435,0.0428665,-0.0724399,-0.0632276,0.0335357,0.053244,0.010556,-0.00886342,0.0200429,0.0369473
2022-09-19,PVH,del,-0.0141518,-0.102922,0.134902,0.298163,0.566843,-0.0724399,-0.0632276,0.0335357,0.053244,0.010556,-0.00886342,0.0200429,0.0369473
2022-10-03,CTXS,del,,,,,,0.0891426,0.110599,0.141385,0.136126,0.0756092,0.0621178,0.155402,0.18474
2022-10-03,DRE,del,,,,,,0.0891426,0.110599,0.141385,0.136126,0.0756092,0.0621178,0.155402,0.18474
2022-10-03,EQT,add,0.0012271,-0.0507974,0.0442819,-0.166988,-0.221159,0.0891426,0.110599,0.141385,0.136126,0.0756092,0.0621178,0.155402,0.18474
2022-10-03,PCG,add,0.00960003,0.22,0.256,0.3008,0.2512,0.0891426,0.110599,0.141385,0.136126,0.0756092,0.0621178,0.155402,0.18474
2022-10-12,NLSN,del,,,,,,0.0678145,0.0705937,0.0993459,0.0649891,0.110684,0.0947006,0.145843,0.139924
2022-10-12,TRGP,add,-0.00820061,0.10196,0.0474645,0.139511,0.177034,0.0678145,0.0705937,0.0993459,0.0649891,0.110684,0.0947006,0.145843,0.139924
2022-11-01,ACGL,add,0.000347789,0.0257391,0.091826,0.116174,0.24,0.0233553,-0.00523636,-0.00524024,-0.04454,0.0685545,0.0657687,0.0513609,0.0493839
2022-11-01,TWTR,del,,,,,,0.0233553,-0.00523636,-0.00524024,-0.04454,0.0685545,0.0657687,0.0513609,0.0493839
2022-11-08,GEN,add,-0.0286241,0.0738459,-0.00229342,-0.00229342,-0.224352,0.036531,0.00323128,0.0255062,-0.00439724,0.0857631,0.0786626,0.0203502,-0.0139123
2022-11-08,NLOK,del,,,,,,0.036531,0.00323128,0.0255062,-0.00439724,0.0857631,0.0786626,0.0203502,-0.0139123
2022-12-19,FBHS,del,,,,,,0.0214469,0.0540805,0.062593,0.107587,0.0447789,0.0130757,0.0787486,0.0207279
2022-12-19,FSLR,add,0.00580342,0.145022,0.0593242,0.349304,0.389799,0.0214469,0.0540805,0.062593,0.107587,0.0447789,0.0130757,0.0787486,0.0207279
2022-12-22,ABMD,del,,,,,,0.0372835,0.0649799,0.0373611,0.0760658,0.0285591,-0.0197619,0.0554067,-0.0125153
2022-12-22,STLD,add,-0.00162177,0.0308891,0.139252,0.0375901,-0.00058909,0.0372835,0.0649799,0.0373611,0.0760658,0.0285591,-0.0197619,0.0554067,-0.0125153
2023-01-04,GEHC,add,-0.0333929,0.250179,0.369286,0.456964,0.3975,0.0787248,0.121627,0.0621028,0.0882356,0.0772274,0.0149773,0.0678961,-0.0136749
2023-01-04,VNO,del,0.0194959,0.186361,-0.0438501,-0.264389,-0.343221,0.0787248,0.121627,0.0621028,0.0882356,0.0772274,0.0149773,0.0678961,-0.0136749
2023-03-15,BG,add,-0.0272415,-0.0964444,-0.136876,-0.074318,-0.0406289,0.0456368,-0.000176853,0.0547083,-0.0179168,0.118951,0.071526,0.155566,0.0920522
2023-03-15,PODD,add,-0.0101352,0.0112543,0.0558238,-0.100041,-0.0699555,0.0456368,-0.000176853,0.0547083,-0.0179168,0.118951,0.071526,0.155566,0.0920522
2023-03-15,SBNY,del,,,,,,0.0456368,-0.000176853,0.0547083,-0.0179168,0.118951,0.071526,0.155566,0.0920522
2023-03-15,SIVB,del,,,,,,0.0456368,-0.000176853,0.0547083,-0.0179168,0.118951,0.071526,0.155566,0.0920522
2023-03-20,FICO,add,-0.000671821,0.0634103,0.143937,0.221425,0.289965,0.0614117,0.0479452,0.0647197,0.0323534,0.131035,0.0929332,0.171545,0.156767
2023-03-20,LUMN,del,-0.0120968,-0.0806452,0.0645162,-0.0927419,-0.237903,0.0614117,0.0479452,0.0647197,0.0323534,0.131035,0.0929332,0.171545,0.156767
2023-05-04,AXON,add,-0.00624776,-0.130116,-0.123461,-0.198207,-0.0248551,0.0338217,0.0192654,0.0900839,0.0810334,0.10413,0.132123,0.109911,0.110535
2023-05-04,FRC,del,,,,,,0.0338217,0.0192654,0.0900839,0.0810334,0.10413,0.132123,0.109911,0.110535
2023-05-16,PKI,del,,,,,,0.0572625,0.0779069,0.0956507,0.110314,0.0763301,0.0791113,0.094484,0.0642559
2023-05-16,RVTY,add,0.00355781,-0.0029504,0.0499826,0.0167026,-0.0214127,0.0572625,0.0779069,0.0956507,0.110314,0.0763301,0.0791113,0.094484,0.0642559
2023-06-07,FI,add,,,,,,0.0309865,-0.00555496,0.0568983,0.0571214,0.0463694,0.0126714,-0.00105183,-0.0633663
2023-06-07,FISV,del,0.0111179,0.0976976,0.101987,0.0723978,-0.00945462,0.0309865,-0.00555496,0.0568983,0.0571214,0.0463694,0.0126714,-0.00105183,-0.0633663
2023-06-20,DISH,del,,,,,,0.0335185,0.053942,-0.00721327,-0.012316,0.0130498,-0.0190922,-0.00432791,-0.0546893
2023-06-20,PANW,add,-0.00941059,0.0073419,-0.158033,-0.0269338,0.0616963,0.0335185,0.053942,-0.00721327,-0.012316,0.0130498,-0.0190922,-0.00432791,-0.0546893
2023-07-10,EG,add,-0.00424147,0.011444,0.0427866,0.107022,0.102246,0.0188349,0.0512151,0.0174895,0.00768774,-0.0286229,-0.0679757,-0.00530545,-0.0508963
2023-07-10,RE,del,,,,,,0.0188349,0.0512151,0.0174895,0.00768774,-0.0286229,-0.0679757,-0.00530545,-0.0508963
2023-08-25,AAP,del,-0.00397595,-0.151819,-0.286019,-0.221797,-0.0936507,-0.011334,-0.0357496,-0.0269306,-0.0871559,0.0451717,-0.0232178,0.0923754,0.108873
2023-08-25,KVUE,add,-0.0110827,-0.124041,-0.148338,-0.136859,-0.0800052,-0.011334,-0.0357496,-0.0269306,-0.0871559,0.0451717,-0.0232178,0.0923754,0.108873
2023-08-30,ABC,del,,,,,,-0.0481058,-0.0606387,-0.0824458,-0.134191,0.0164188,-0.0496967,0.0693538,0.0930733
2023-08-30,COR,add,0.00283365,0.028781,0.04256,0.121363,0.133563,-0.0481058,-0.0606387,-0.0824458,-0.134191,0.0164188,-0.0496967,0.0693538,0.0930733
2023-09-18,ABNB,add,-0.00574436,-0.130788,-0.112574,0.0315937,-0.0544309,-0.0267722,-0.0683017,0.0120892,-0.023487,0.0645963,0.0873189,0.0695466,0.0406146
2023-09-18,BX,add,-0.00210909,-0.0877933,-0.0905444,0.138881,0.0370225,-0.0267722,-0.0683017,0.0120892,-0.023487,0.0645963,0.0873189,0.0695466,0.0406146
2023-09-18,LNC,del,-0.00768349,-0.0950472,-0.0899544,0.064005,0.0687114,-0.0267722,-0.0683017,0.0120892,-0.023487,0.0645963,0.0873189,0.0695466,0.0406146
2023-09-18,NWL,del,-0.00737615,-0.28451,-0.224447,-0.0449324,-0.137461,-0.0267722,-0.0683017,0.0120892,-0.023487,0.0645963,0.0873189,0.0695466,0.0406146
2023-10-02,DXC,del,-0.00288044,-0.0614499,0.120019,0.0979357,0.0465674,-0.0393,-0.0822111,0.0634649,0.0126739,0.116396,0.139787,0.134177,0.0953218
2023-10-02,VLTO,add,,,,,,-0.0393,-0.0822111,0.0634649,0.0126739,0.116396,0.139787,0.134177,0.0953218
2023-10-18,ATVI,del,,,,,,0.02915,0.0200629,0.0807597,0.126265,0.0972475,0.0934487,0.150257,0.156899
2023-10-18,HUBB,add,-0.0034039,-0.0137161,0.0905448,0.0914163,0.202639,0.02915,0.0200629,0.0807597,0.126265,0.0972475,0.0934487,0.150257,0.156899
2023-10-18,LULU,add,-0.00222796,0.0421126,0.190149,0.156221,0.088778,0.02915,0.0200629,0.0807597,0.126265,0.0972475,0.0934487,0.150257,0.156899
2023-10-18,OGN,del,-0.0085158,-0.285399,-0.184382,-0.0216323,0.166683,0.02915,0.0200629,0.0807597,0.126265,0.0972475,0.0934487,0.150257,0.156899
2023-12-18,ALK,del,-0.012837,-0.137099,-0.0367137,-0.0290116,0.14095,0.00630688,-0.0348421,0.0643044,0.0271995,0.102236,0.0294407,0.0676325,-0.0152329
2023-12-18,BLDR,add,0.0161221,0.0129838,0.130946,0.227863,0.121654,0.00630688,-0.0348421,0.0643044,0.0271995,0.102236,0.0294407,0.0676325,-0.0152329
2023-12-18,JBL,add,0.0107592,-0.0857724,0.0426603,-0.0533247,-0.0244162,0.00630688,-0.0348421,0.0643044,0.0271995,0.102236,0.0294407,0.0676325,-0.0152329
2023-12-18,SEDG,del,-0.0470552,-0.29757,-0.124176,-0.35904,-0.409082,0.00630688,-0.0348421,0.0643044,0.0271995,0.102236,0.0294407,0.0676325,-0.0152329
2023-12-18,SEE,del,,,,,,0.00630688,-0.0348421,0.0643044,0.0271995,0.102236,0.0294407,0.0676325,-0.0152329
2023-12-18,UBER,add,0.00242479,0.0203685,0.26754,0.246039,0.152603,0.00630688,-0.0348421,0.0643044,0.0271995,0.102236,0.0294407,0.0676325,-0.0152329
2024-02-01,CDAY,del,,,,,,0.0521869,0.0562526,0.0778082,0.0628848,0.0393982,0.0203672,0.0955281,0.069538
2024-02-01,DAY,add,,,,,,0.0521869,0.0562526,0.0778082,0.0628848,0.0393982,0.0203672,0.0955281,0.069538
2024-03-04,DOC,add,-0.0122809,0.0842104,0.104094,0.182244,0.160263,0.0213169,0.0143716,-0.0213422,-0.0441089,0.0315076,0.00195486,0.0772983,-0.0142424
2024-03-04,PEAK,del,,,,,,0.0213169,0.0143716,-0.0213422,-0.0441089,0.0315076,0.00195486,0.0772983,-0.0142424
2024-03-18,DECK,add,0.00681473,-0.103781,-0.00672678,0.125247,-0.0221807,-0.0105525,-0.0302992,0.0391306,0.0373589,0.0646294,-0.0129402,0.0959275,0.10388
2024-03-18,SMCI,add,0.0357119,-0.174097,-0.10897,-0.209846,-0.236258,-0.0105525,-0.0302992,0.0391306,0.0373589,0.0646294,-0.0129402,0.0959275,0.10388
2024-03-18,WHR,del,0.00675415,0.0134132,-0.0968417,-0.120005,0.0814834,-0.0105525,-0.0302992,0.0391306,0.0373589,0.0646294,-0.0129402,0.0959275,0.10388
2024-03-18,ZION,del,0.00452378,0.0155818,0.143979,0.0336394,0.281967,-0.0105525,-0.0302992,0.0391306,0.0373589,0.0646294,-0.0129402,0.0959275,0.10388
2024-03-25,CPAY,add,0.0550023,-0.00778215,-0.100541,-0.110763,-0.0569808,-0.041231,-0.0476422,0.0165385,0.00736332,0.0446671,-0.016035,0.0417606,0.0652857
2024-03-25,FLT,del,,,,,,-0.041231,-0.0476422,0.0165385,0.00736332,0.0446671,-0.016035,0.0417606,0.0652857
2024-04-01,SOLV,add,-0.00575128,-0.0736161,-0.141337,-0.239684,-0.152408,-0.0283136,-0.056776,0.00579281,-0.0388493,0.0437908,-0.0325422,0.039533,0.0612996
2024-04-01,VFC,del,0.00260761,-0.17601,-0.215124,-0.114076,0.0880452,-0.0283136,-0.056776,0.00579281,-0.0388493,0.0437908,-0.0325422,0.039533,0.0612996
2024-04-02,GEV,add,0.00584436,0.119631,0.232784,0.179552,0.255035,-0.023173,-0.0401306,0.000861762,-0.0204972,0.047762,-0.0315303,0.0582714,0.0775965
2024-04-02,XRAY,del,-0.0136435,-0.0483721,-0.139535,-0.231417,-0.153092,-0.023173,-0.0401306,0.000861762,-0.0204972,0.047762,-0.0315303,0.0582714,0.0775965
2024-05-08,PXD,del,,,,,,0.0338981,0.000439125,0.0782635,-0.0146742,0.00617473,-0.0118366,0.0482717,0.0171262
2024-05-08,VST,add,0.000489395,0.12552,0.121088,-0.0929493,-0.0960157,0.0338981,0.000439125,0.0782635,-0.0146742,0.00617473,-0.0118366,0.0482717,0.0171262
2024-06-24,CMA,del,,,,,,0.0186224,0.0995259,0.0295862,0.0754181,0.0467998,0.105915,0.075132,0.112343
2024-06-24,CRWD,add,-0.0145285,-0.30665,-0.282216,-0.212227,-0.186743,0.0186224,0.0995259,0.0295862,0.0754181,0.0467998,0.105915,0.075132,0.112343
2024-06-24,GDDY,add,-0.00464913,0.0691558,0.198097,0.166279,0.190542,0.0186224,0.0995259,0.0295862,0.0754181,0.0467998,0.105915,0.075132,0.112343
2024-06-24,ILMN,del,0.00764487,0.113596,0.255718,0.242273,0.374928,0.0186224,0.0995259,0.0295862,0.0754181,0.0467998,0.105915,0.075132,0.112343
2024-06-24,KKR,add,-0.00275682,0.0831648,0.0930232,0.2262,0.293754,0.0186224,0.0995259,0.0295862,0.0754181,0.0467998,0.105915,0.075132,0.112343
2024-06-24,RHI,del,-0.00476556,0.0136818,-0.036126,0.0357405,0.0165142,0.0186224,0.0995259,0.0295862,0.0754181,0.0467998,0.105915,0.075132,0.112343
2024-07-08,SW,add,0.0496014,-0.0748451,0.0165532,0.040199,0.147944,-0.0391965,0.0400757,-0.00665268,0.0603375,0.0269034,0.0796411,0.0327267,0.0938779
2024-07-08,WRK,del,,,,,,-0.0391965,0.0400757,-0.00665268,0.0603375,0.0269034,0.0796411,0.0327267,0.0938779
2024-09-23,AAL,del,-0.000908286,0.188919,0.301544,0.511353,0.546776,0.0287551,0.0218893,0.0388033,0.044442,0.0314123,-0.00137539,0.0766427,0.0416382
2024-09-23,BIO,del,0.00209085,0.0495742,-0.0283325,-0.012333,0.0680888,0.0287551,0.0218893,0.0388033,0.044442,0.0314123,-0.00137539,0.0766427,0.0416382
2024-09-23,DELL,add,0.000425505,0.0762553,0.160706,-0.0437626,-0.020553,0.0287551,0.0218893,0.0388033,0.044442,0.0314123,-0.00137539,0.0766427,0.0416382
2024-09-23,ERIE,add,0.0106333,-0.0733115,-0.198805,-0.214331,-0.271054,0.0287551,0.0218893,0.0388033,0.044442,0.0314123,-0.00137539,0.0766427,0.0416382
2024-09-23,ETSY,del,0.00148399,-0.0435911,-0.064923,0.0599147,-0.0152105,0.0287551,0.0218893,0.0388033,0.044442,0.0314123,-0.00137539,0.0766427,0.0416382
2024-09-23,PLTR,add,-0.00913979,0.155108,0.693011,0.994892,1.12312,0.0287551,0.0218893,0.0388033,0.044442,0.0314123,-0.00137539,0.0766427,0.0416382
2024-09-30,AMTM,add,0.0225945,0.155045,-0.0412933,-0.202182,-0.220491,0.0132464,-0.00653571,0.0510614,0.0920891,0.0446964,0.0123464,0.0623067,0.0402963
2024-10-01,BBWI,del,-0.00720554,-0.0773809,0.13205,0.226019,0.185972,0.0123223,0.00710764,0.0436944,0.0908144,0.0286526,0.00201549,0.0524358,0.0283509
2024-11-26,MRO,del,,,,,,0.009696,-0.0756879,0.0105525,-0.063937,-0.00225977,-0.111851,-0.057853,-0.172726
2024-11-26,TPL,add,0.000495508,-0.279825,-0.211113,-0.114387,-0.177321,0.009696,-0.0756879,0.0105525,-0.063937,-0.00225977,-0.111851,-0.057853,-0.172726
2024-12-23,AMTM,del,0.00156498,0.131977,0.0495566,-0.0375586,0.143453,0.0314639,0.0333904,0.00522698,-0.0293348,-0.0352695,-0.0715062,-0.0657254,-0.123307
2024-12-23,APO,add,-0.00228045,-0.00748403,-0.148019,-0.151889,-0.217796,0.0314639,0.0333904,0.00522698,-0.0293348,-0.0352695,-0.0715062,-0.0657254,-0.123307
2024-12-23,CTLT,del,,,,,,0.0314639,0.0333904,0.00522698,-0.0293348,-0.0352695,-0.0715062,-0.0657254,-0.123307
2024-12-23,LII,add,0.00655748,0.063509,-0.0133044,-0.0768985,-0.159134,0.0314639,0.0333904,0.00522698,-0.0293348,-0.0352695,-0.0715062,-0.0657254,-0.123307
2024-12-23,QRVO,del,-0.000423413,0.278335,0.0602682,0.0585745,-0.0997883,0.0314639,0.0333904,0.00522698,-0.0293348,-0.0352695,-0.0715062,-0.0657254,-0.123307
2024-12-23,WDAY,add,-0.0107311,-0.0649722,-0.0652652,-0.0814899,-0.122729,0.0314639,0.0333904,0.00522698,-0.0293348,-0.0352695,-0.0715062,-0.0657254,-0.123307
2025-03-24,BWA,del,0.00452957,-0.0850174,0.139721,0.144921,0.277068,-0.088833,-0.103293,0.0334764,-0.00284602,0.0672793,0.0420314,0.12785,0.115397
2025-03-24,CE,del,0.0127847,-0.311559,-0.0813282,-0.0431233,0.0471316,-0.088833,-0.103293,0.0334764,-0.00284602,0.0672793,0.0420314,0.12785,0.115397
2025-03-24,DASH,add,0.0114888,-0.0986255,0.0742315,0.208268,0.261987,-0.088833,-0.103293,0.0334764,-0.00284602,0.0672793,0.0420314,0.12785,0.115397
2025-03-24,EXE,add,0.00633436,-0.0476013,0.0740109,0.137116,-0.0758881,-0.088833,-0.103293,0.0334764,-0.00284602,0.0672793,0.0420314,0.12785,0.115397
2025-03-24,FMC,del,0.00265,-0.0705823,-0.0415152,0.0476405,0.0870037,-0.088833,-0.103293,0.0334764,-0.00284602,0.0672793,0.0420314,0.12785,0.115397
2025-03-24,TFX,del,0.00734674,-0.087666,-0.136094,-0.163788,-0.169596,-0.088833,-0.103293,0.0334764,-0.00284602,0.0672793,0.0420314,0.12785,0.115397
2025-03-24,TKO,add,0.00507062,-0.0453027,0.0664531,0.173858,0.121562,-0.088833,-0.103293,0.0334764,-0.00284602,0.0672793,0.0420314,0.12785,0.115397
2025-03-24,WSM,add,0.0179041,-0.153472,0.0310369,-0.0305477,0.13201,-0.088833,-0.103293,0.0334764,-0.00284602,0.0672793,0.0420314,0.12785,0.115397
2025-05-19,COIN,add,-0.0250694,-0.0183517,0.575396,0.20367,0.203032,0.0142713,0.00716122,0.0592989,0.0624005,0.0858327,0.0893034,0.112637,0.14477
2025-05-19,DFS,del,,,,,,0.0142713,0.00716122,0.0592989,0.0624005,0.0858327,0.0893034,0.112637,0.14477
2025-07-09,DDOG,add,-0.00370021,-0.0890777,-0.067562,0.0782513,0.0792791,0.0122996,-0.00180789,0.0433634,0.0746667,0.0856499,0.11869,0.0915177,0.0932617
2025-07-09,JNPR,del,,,,,,0.0122996,-0.00180789,0.0433634,0.0746667,0.0856499,0.11869,0.0915177,0.0932617
2025-07-18,ANSS,del,,,,,,0.0269252,0.0192926,0.0508885,0.0671484,0.0620568,0.121115,0.073026,0.0604754
2025-07-18,TTD,add,-0.00454326,-0.376719,-0.448735,-0.372544,-0.4736,0.0269252,0.0192926,0.0508885,0.0671484,0.0620568,0.121115,0.073026,0.0604754
2025-07-23,HES,del,,,,,,0.0174125,0.013168,0.058328,0.0913657,0.0704467,0.114632,0.0525555,0.0486508
2025-07-23,XYZ,add,0.00681217,-0.062697,-0.0282578,-0.0349438,-0.272865,0.0174125,0.013168,0.058328,0.0913657,0.0704467,0.114632,0.0525555,0.0486508
2025-08-08,PARA,del,0.0424837,-0.196078,0.0816431,-0.35235,-0.596053,0.023709,0.0815594,0.0612496,0.113776,0.0746675,0.116148,0.0875301,0.143929
2025-08-08,PSKY,add,-0.0272572,0.277683,0.580868,0.288779,0.14188,0.023709,0.0815594,0.0612496,0.113776,0.0746675,0.116148,0.0875301,0.143929
2025-08-28,IBKR,add,0.0111669,0.0528063,0.12605,0.023638,0.0734105,0.0204822,0.0170753,0.0626475,0.0638721,0.0467988,0.0418976,0.0736733,0.0722161
2025-08-28,WBA,del,,,,,,0.0204822,0.0170753,0.0626475,0.0638721,0.0467988,0.0418976,0.0736733,0.0722161
2025-09-22,APP,add,-0.00391022,-0.0774027,-0.190243,0.0689357,-0.18016,0.0010396,0.00176969,-0.00545436,-0.039139,0.0192404,0.0270147,0.035747,0.105803
2025-09-22,CZR,del,-0.00899842,-0.160798,-0.203834,-0.0618153,-0.0794209,0.0010396,0.00176969,-0.00545436,-0.039139,0.0192404,0.0270147,0.035747,0.105803
2025-09-22,EME,add,-0.0109334,0.0905755,-0.0272175,-0.0299559,0.122427,0.0010396,0.00176969,-0.00545436,-0.039139,0.0192404,0.0270147,0.035747,0.105803
2025-09-22,ENPH,del,0.00858932,-0.0484122,-0.281624,-0.142113,-0.0637688,0.0010396,0.00176969,-0.00545436,-0.039139,0.0192404,0.0270147,0.035747,0.105803
2025-09-22,HOOD,add,-0.00925628,0.0411124,-0.0839878,-0.0610674,-0.151146,0.0010396,0.00176969,-0.00545436,-0.039139,0.0192404,0.0270147,0.035747,0.105803
2025-09-22,MKTX,del,0.00936519,-0.0395918,-0.0300023,0.0197903,-0.0315795,0.0010396,0.00176969,-0.00545436,-0.039139,0.0192404,0.0270147,0.035747,0.105803
2025-10-30,SOLS,add,-0.013198,-0.0613198,-0.00791868,0.254213,0.501942,-0.0112164,0.0018636,0.00240038,0.0081906,0.00963742,0.0554233,-0.00734617,0.0537568
2025-10-31,KMX,del,-0.00310478,-0.0766659,-0.0771435,0.0695008,0.00597086,0.00523647,0.0159281,0.00603814,0.00872157,0.0259399,0.0743687,0.0107739,0.0726477
2025-11-03,Q,add,0.031579,-0.182539,-0.104796,0.0521652,0.221919,-0.00262446,-0.0024773,0.00458709,0.0137444,0.0139394,0.0707925,0.001852,0.0462618
2025-11-04,EMN,del,0.0169287,0.0535499,0.133117,0.373565,0.230766,-0.0026488,-0.00110008,0.00938351,0.0331548,0.00713782,0.0650001,-0.0131314,0.0256329
2025-11-11,FI,del,,,,,,0.00234801,0.0301602,0.0231482,0.0751831,0.0184385,0.089368,-0.0252304,0.0138791
2025-11-11,FISV,add,-0.00313481,0.0377743,0.0689655,-0.026489,-0.110658,0.00234801,0.0301602,0.0231482,0.0751831,0.0184385,0.089368,-0.0252304,0.0138791
2025-11-28,IPG,del,,,,,,0.0186409,0.0200692,0.0241449,0.0685532,0.0128417,0.0703382,-0.0377192,0.00798334
2025-11-28,SNDK,add,0.0474796,0.162807,1.50791,1.87891,1.95452,0.0186409,0.0200692,0.0241449,0.0685532,0.0128417,0.0703382,-0.0377192,0.00798334
2025-12-11,ARES,add,-0.0015705,-0.00688674,-0.224411,-0.425506,-0.355596,0.0124364,0.0246955,0.00935862,0.0432811,-0.0339209,-0.0290142,0.0157719,0.0600083
2025-12-11,K,del,,,,,,0.0124364,0.0246955,0.00935862,0.0432811,-0.0339209,-0.0290142,0.0157719,0.0600083
2025-12-22,CRH,add,0.0117345,-0.0274876,-0.0235493,-0.140852,-0.0550336,0.00706737,0.0677859,0.00264471,0.0386779,-0.0376529,-0.00625004,0.0437778,0.100563
2025-12-22,CVNA,add,0.005886,0.0106614,-0.277909,-0.331505,-0.104838,0.00706737,0.0677859,0.00264471,0.0386779,-0.0376529,-0.00625004,0.0437778,0.100563
2025-12-22,FIX,add,0.0152646,0.220316,0.502615,0.554393,0.886634,0.00706737,0.0677859,0.00264471,0.0386779,-0.0376529,-0.00625004,0.0437778,0.100563
2025-12-22,LKQ,del,0.00672509,0.13618,0.119368,-0.00922618,0.0651328,0.00706737,0.0677859,0.00264471,0.0386779,-0.0376529,-0.00625004,0.0437778,0.100563
2025-12-22,MHK,del,-0.00278083,0.145903,0.150816,-0.0548758,0.00361512,0.00706737,0.0677859,0.00264471,0.0386779,-0.0376529,-0.00625004,0.0437778,0.100563
2025-12-22,SOLS,del,0.00556117,0.259782,0.56008,0.433544,0.611271,0.00706737,0.0677859,0.00264471,0.0386779,-0.0376529,-0.00625004,0.0437778,0.100563
2026-01-14,MMC,del,,,,,,-0.00260892,0.0137745,-0.0356603,-0.0475608,0.0116488,0.0325969,0.0813573,0.0903233
2026-01-14,MRSH,add,0.000602165,-0.0482853,-0.0441044,-0.0328822,-0.115162,-0.00260892,0.0137745,-0.0356603,-0.0475608,0.0116488,0.0325969,0.0813573,0.0903233
2026-02-09,CIEN,add,-0.00228511,0.174038,0.796329,1.02016,0.619269,-0.0178825,-0.0430155,-0.0128192,-0.009788,0.0709717,0.0741662,0.0701441,0.0773791
2026-02-09,DAY,del,,,,,,-0.0178825,-0.0430155,-0.0128192,-0.009788,0.0709717,0.0741662,0.0701441,0.0773791
2026-03-23,COHR,add,0.00220793,0.370145,0.413476,0.677562,0.230887,0.0927424,0.145033,0.142899,0.155437,0.150697,0.233957,0.155366,0.21579
2026-03-23,LITE,add,0.0515255,0.267233,0.228952,0.265562,0.17463,0.0927424,0.145033,0.142899,0.155437,0.150697,0.233957,0.155366,0.21579
2026-03-23,LW,del,0.00925001,0.15,0.0583463,0.101729,0.210692,0.0927424,0.145033,0.142899,0.155437,0.150697,0.233957,0.155366,0.21579
2026-03-23,MOH,del,-0.00380173,0.0768237,0.307223,0.416111,0.59056,0.0927424,0.145033,0.142899,0.155437,0.150697,0.233957,0.155366,0.21579
2026-03-23,MTCH,del,0.0157759,0.169868,0.165981,0.141683,0.238648,0.0927424,0.145033,0.142899,0.155437,0.150697,0.233957,0.155366,0.21579
2026-03-23,PAYC,del,0.00440638,0.0653742,0.105432,-0.00650966,0.119052,0.0927424,0.145033,0.142899,0.155437,0.150697,0.233957,0.155366,0.21579
2026-03-23,SATS,add,,,,,,0.0927424,0.145033,0.142899,0.155437,0.150697,0.233957,0.155366,0.21579
2026-03-23,VRT,add,0.0121737,0.22874,0.233664,0.399228,0.177203,0.0927424,0.145033,0.142899,0.155437,0.150697,0.233957,0.155366,0.21579
2026-04-09,CASY,add,-0.00630285,0.132344,-0.00819975,0.0846557,0.101249,0.0855313,0.101086,0.0935045,0.0907591,0.114845,0.143882,0.146806,0.160507
2026-04-09,HOLX,del,,,,,,0.0855313,0.101086,0.0935045,0.0907591,0.114845,0.143882,0.146806,0.160507
2026-05-07,CTRA,del,,,,,,0.0316967,0.018166,0.0183835,0.0257251,0.0500252,0.0423964,0.0522522,0.0345675
2026-05-07,VEEV,add,0.0110546,0.0672244,0.12441,0.301464,0.6438,0.0316967,0.018166,0.0183835,0.0257251,0.0500252,0.0423964,0.0522522,0.0345675
2026-05-21,BK,del,,,,,,0.0100017,0.0586806,0.0109079,0.0522338,0.0314532,0.0661303,0.0487939,0.0255003
2026-05-21,BNY,add,-0.00510352,0.0471712,0.169364,0.150961,0.12644,0.0100017,0.0586806,0.0109079,0.0522338,0.0314532,0.0661303,0.0487939,0.0255003
2026-06-01,FDXF,add,0.0226352,-0.066596,-0.142296,-0.167862,,-0.0179397,0.0318527,-0.0170252,0.00983304,0.0196331,0.0207393,,
2026-06-02,EPAM,del,-0.0309857,-0.270412,-0.0294226,0.0833946,,-0.0129804,0.0421638,-0.0126367,0.0100785,0.013824,0.0195479,,
2026-06-22,CPB,del,-0.00851066,0.0620932,0.144791,-0.00521916,,-0.00622699,-0.0110964,0.0298899,0.0207381,0.0225533,-0.0363612,,
2026-06-22,FLEX,add,0.0233047,-0.187657,-0.234266,-0.264887,,-0.00622699,-0.0110964,0.0298899,0.0207381,0.0225533,-0.0363612,,
2026-06-22,MRVL,add,0.00904768,-0.372181,-0.235854,-0.213374,,-0.00622699,-0.0110964,0.0298899,0.0207381,0.0225533,-0.0363612,,
2026-06-22,POOL,del,-0.00723656,0.0102518,-0.008613,-0.150399,,-0.00622699,-0.0110964,0.0298899,0.0207381,0.0225533,-0.0363612,,
2026-06-24,ECHO,add,-0.0265588,-0.112009,-0.164646,-0.0814088,,0.0188527,-0.00518088,0.0438125,0.0157117,0.0568724,-0.0249218,,
2026-06-24,SATS,del,,,,,,0.0188527,-0.00518088,0.0438125,0.0157117,0.0568724,-0.0249218,,
2026-06-29,HONA,add,0.0406769,-0.0460612,-0.257907,-0.281571,,0.0138548,-0.0230798,0.0508786,-0.00300166,0.0607352,-0.0571109,,
2026-06-30,CAG,del,-0.00572247,0.10372,0.159008,,,-0.000188927,-0.018731,0.0406208,0.0028096,,,,
2026-08-05,EA,del,,,,,,-0.0123812,-0.0369228,,,,,,
2026-08-05,FERG,add,-0.00767086,-0.140046,,,,-0.0123812,-0.0369228,,,,,,
2026-08-18,AVB,del,,,,,,-0.0197756,-0.0597753,,,,,,
2026-08-18,EQR,del,,,,,,-0.0197756,-0.0597753,,,,,,
2026-08-18,RDDT,add,0.00972648,-0.0296048,,,,-0.0197756,-0.0597753,,,,,,
2026-08-18,VMRK,add,0.00785429,0.0309456,,,,-0.0197756,-0.0597753,,,,,,
