id,end,start,volume,yes_won,p_1,p_7,p_30,p_90,category
252242,2024-02-01T00:00:00Z,2023-09-16T02:17:53.302Z,250000.87,1,0.9905,0.9945,0.9915,0.9645,politics
252644,2024-01-31T00:00:00Z,2023-10-12T16:43:31.547Z,116794.76,0,0.004,0.002,0.0035,0.015,politics
252705,2024-01-14T00:00:00Z,2023-10-19T22:47:37.477Z,40732.42,0,,,,,other
252716,2024-01-01T00:00:00Z,2023-10-19T20:54:58.412Z,42686.89,1,0.79,0.595,0.705,,other
252719,2024-01-17T00:00:00Z,2023-10-19T21:47:57.799Z,20509.21,0,0.25,0.065,0.1,,other
252720,2024-01-31T00:00:00Z,2023-10-19T21:48:19.416Z,7006.72,0,0.038,0.038,0.099,0.11,other
252836,2024-01-13T00:00:00Z,2023-10-26T20:52:11.046Z,1809553.58,1,0.725,0.745,0.78,,politics
252921,2024-01-07T00:00:00Z,2023-10-30T22:07:26.501Z,8388.81,0,0.05,0.05,0.09,,sports
253126,2024-01-01T00:00:00Z,2023-11-18T06:37:03.96Z,49351.99,1,0.975,0.9255,0.8045,,other
253204,2024-02-01T00:00:00Z,2023-11-25T19:06:29.761Z,14394.4,0,0.0105,0.0105,0.017,,other
253220,2024-01-13T00:00:00Z,2023-11-28T16:17:44.155Z,620031.71,0,0.145,0.135,0.095,,politics
253221,2024-01-13T00:00:00Z,2023-11-28T16:17:44.153Z,1356952.12,0,0.26,0.185,0.175,,politics
253254,2024-01-15T00:00:00Z,2023-12-01T18:55:30.006Z,12622418.42,1,,0.845,0.8,,crypto/prices
253279,2024-01-13T00:00:00Z,2023-12-05T19:45:25.471Z,36884.27,0,0.34,0.205,0.2,,politics
253283,2024-01-31T00:00:00Z,2023-12-05T21:03:50.821Z,23276.62,0,0.0325,0.0495,0.0695,,other
253315,2024-01-31T00:00:00Z,2023-12-06T19:55:08.409Z,8946.12,0,0.33,0.325,0.5,,other
253317,2024-01-31T00:00:00Z,2023-12-06T23:18:26.266Z,19127.89,0,,0.8,0.705,,other
253353,2024-01-12T00:00:00Z,2023-12-08T16:25:33.423Z,43953.49,0,,,0.0045,,other
253359,2024-01-31T00:00:00Z,2023-12-08T21:17:34.417Z,38651.35,0,0.005,0.0095,0.0245,,other
253361,2024-01-31T00:00:00Z,2023-12-08T22:27:55.831Z,11073.9,1,0.9925,0.925,0.745,,macro
253363,2024-01-31T00:00:00Z,2023-12-08T22:27:55.83Z,13148.33,0,0.004,0.005,0.035,,macro
253364,2024-01-31T00:00:00Z,2023-12-08T22:27:55.824Z,58887.6,0,0.0065,0.012,0.017,,macro
253365,2024-01-31T00:00:00Z,2023-12-08T22:05:15.776Z,6039.47,0,0.05,0.0495,0.25,,crypto/prices
253368,2024-01-31T00:00:00Z,2023-12-10T19:37:07.35Z,70542.16,0,0.0025,0.0145,0.04,,politics
253390,2024-01-31T00:00:00Z,2023-12-12T00:37:25.756Z,12561.36,1,,,0.875,,other
253397,2024-01-31T00:00:00Z,2023-01-03T18:06:02.364Z,15661.3,0,0.007,0.014,0.0455,,crypto/prices
253398,2024-01-31T00:00:00Z,2023-12-12T18:56:02.808Z,7531.62,0,0.5,0.095,0.15,,other
253402,2024-01-11T00:00:00Z,2023-12-12T19:13:59.758Z,28545.56,1,0.415,0.415,,,sports
253429,2024-01-31T00:00:00Z,2023-12-13T17:56:38.675Z,123245.33,0,0.017,0.135,0.595,,other
253430,2024-01-15T00:00:00Z,2023-12-13T17:59:02.699Z,36146.72,0,0.03,0.155,0.375,,other
253432,2024-01-31T00:00:00Z,2023-12-13T20:14:26.65Z,49269.22,0,0.0295,0.037,0.47,,other
253434,2024-01-15T00:00:00Z,2023-12-13T20:11:40.033Z,10040.21,0,0.015,0.0195,0.04,,other
253446,2024-01-31T00:00:00Z,2023-12-28T17:47:54.262Z,16075.38,0,0.005,0.055,0.255,,sports
253455,2024-01-31T00:00:00Z,2023-12-18T18:51:44.641Z,44563.58,0,0.002,0.014,0.205,,other
253460,2024-01-01T00:00:00Z,2023-12-19T18:56:16.97Z,9102.57,1,,0.962,,,macro
253461,2024-01-31T00:00:00Z,2023-12-19T19:51:09.157Z,5003.99,1,,,0.775,,other
253464,2024-01-31T00:00:00Z,2023-12-20T01:53:15.268Z,85276.74,0,0.032,0.08,0.71,,politics
253492,2024-01-31T00:00:00Z,2023-12-21T22:46:12.531Z,413985.13,0,0.009,0.01,0.0615,,macro
253511,2024-01-31T00:00:00Z,2023-12-26T18:25:25.141Z,8063.66,1,,,0.2,,other
253518,2024-01-31T00:00:00Z,2023-12-26T18:59:44.232Z,70668.61,1,,,0.655,,crypto/prices
253519,2024-01-31T00:00:00Z,2023-12-26T19:05:56.173Z,878477.52,0,0.0215,0.0295,0.355,,crypto/prices
253520,2024-01-31T00:00:00Z,2023-12-26T19:49:07.476Z,21682.91,0,0.265,0.085,0.505,,crypto/prices
253521,2024-01-31T00:00:00Z,2023-12-26T20:13:33.632Z,12036.37,1,0.885,0.9,0.865,,other
253524,2024-01-06T00:00:00Z,2023-12-27T19:32:47.438Z,97476.01,0,0.0025,0.585,,,other
253526,2024-01-12T00:00:00Z,2023-12-26T21:39:27.608Z,9212.97,0,0.185,0.14,,,other
253527,2024-01-31T00:00:00Z,2023-12-27T18:40:22.28Z,74954.88,0,0.0245,0.035,0.255,,other
253530,2024-01-31T00:00:00Z,2023-12-27T17:04:29.903Z,44407.58,1,,,0.635,,politics
253532,2024-01-15T00:00:00Z,2023-12-27T17:18:07.698Z,18199.24,0,0.0225,0.08,,,other
253533,2024-01-15T00:00:00Z,2023-12-27T18:47:11.461Z,11111.39,1,,,,,politics
253536,2024-01-31T00:00:00Z,2023-12-27T18:55:05.01Z,25372.9,1,0.8375,0.75,0.235,,other
253537,2024-01-31T00:00:00Z,2023-12-27T19:03:57.123Z,22396.43,0,0.06,0.055,0.425,,other
253539,2024-01-31T00:00:00Z,2023-12-27T19:31:39.228Z,7847.39,0,0.031,0.241,0.195,,crypto/prices
253540,2024-01-31T00:00:00Z,2023-12-27T20:04:23.53Z,17988.84,1,,,0.29,,crypto/prices
253541,2024-01-31T00:00:00Z,2023-12-29T16:36:02.666Z,731344.66,1,0.245,0.215,0.41,,other
253552,2024-01-31T00:00:00Z,2023-12-28T21:50:24.442Z,6242.04,0,0.145,0.16,0.12,,crypto/prices
253553,2024-01-31T00:00:00Z,2023-12-28T21:57:27.043Z,12194.01,0,0.4845,0.4855,0.065,,crypto/prices
253558,2024-01-31T00:00:00Z,2023-12-29T00:32:02.74Z,8150.01,0,0.0475,0.075,0.295,,crypto/prices
253567,2024-01-31T00:00:00Z,2023-12-29T16:33:04.35Z,26898.26,0,0.0075,0.04,0.045,,politics
253568,2024-01-31T00:00:00Z,2023-12-29T16:43:54.747Z,63916.61,0,0.0105,0.0115,0.024,,other
253573,2024-01-31T00:00:00Z,2024-01-02T18:37:48.96Z,61630.36,0,0.12,0.085,,,crypto/prices
253576,2024-01-13T00:00:00Z,2024-01-02T21:28:23.143Z,849344.72,1,0.54,0.62,,,politics
253577,2024-01-08T00:00:00Z,2024-01-02T23:10:54.73Z,9768.1,1,0.65,,,,sports
253581,2024-01-31T00:00:00Z,2024-01-03T15:08:19.715Z,68624.96,0,0.046,0.025,,,other
253582,2024-01-15T00:00:00Z,2024-01-03T16:42:16.962Z,23560.32,0,0.0275,0.075,,,other
253589,2024-01-10T00:00:00Z,2024-01-04T00:51:16.903Z,5432.71,0,0.0025,,,,other
253607,2024-01-23T00:00:00Z,2024-01-06T00:45:14.024Z,1305920.99,0,0.055,0.315,,,other
253608,2024-01-23T00:00:00Z,2024-01-06T00:46:44.373Z,1385145.33,1,0.945,0.695,,,politics
253611,2024-01-23T00:00:00Z,2024-01-06T00:46:57.528Z,702175.69,0,0.0015,0.0025,,,other
253612,2024-01-23T00:00:00Z,2024-01-06T00:47:35.801Z,61152.1,0,0.0005,0.0005,,,other
253613,2024-01-23T00:00:00Z,2024-01-06T00:44:35.626Z,381188.35,0,0.0005,0.004,,,other
253614,2024-01-23T00:00:00Z,2024-01-06T00:48:03.037Z,497060.76,0,0.0005,0.0035,,,other
253615,2024-01-23T00:00:00Z,2024-01-06T00:54:07.414Z,833479.61,0,0.0005,0.005,,,other
253652,2024-01-31T00:00:00Z,2024-01-07T11:10:48.124Z,6566.35,0,0.015,0.025,,,other
253655,2024-01-08T00:00:00Z,2024-01-08T19:14:50.404Z,43429.57,0,,,,,crypto/prices
253656,2024-01-09T00:00:00Z,2024-01-08T19:15:33.271Z,21793.29,0,,,,,crypto/prices
253657,2024-01-10T00:00:00Z,2024-01-08T19:15:56.782Z,957594.51,1,,,,,crypto/prices
253658,2024-01-10T00:00:00Z,2024-01-08T19:16:15.161Z,121228.22,0,,,,,crypto/prices
253659,2024-01-15T00:00:00Z,2024-01-08T20:36:13.891Z,358510.97,0,0.51,,,,other
253660,2024-01-15T00:00:00Z,2024-01-08T20:36:55.792Z,1717761.93,0,0.07,,,,other
253661,2024-01-15T00:00:00Z,2024-01-08T20:37:20.358Z,256271.36,0,0.02,,,,politics
253662,2024-01-15T00:00:00Z,2024-01-08T20:38:54.281Z,421868.34,1,0.44,,,,other
253663,2024-01-15T00:00:00Z,2024-01-08T20:39:31.553Z,555599.93,0,0.004,,,,other
253668,2024-01-15T00:00:00Z,2024-01-08T22:49:46.49Z,347771.36,0,0.035,,,,other
253669,2024-01-15T00:00:00Z,2024-01-08T22:50:27.788Z,148029.58,0,0.018,,,,other
253670,2024-01-15T00:00:00Z,2024-01-08T22:50:51.529Z,299249.4,0,0.0145,,,,other
253671,2024-01-15T00:00:00Z,2024-01-09T00:29:20.841Z,139659.12,0,0.0005,,,,other
253673,2024-01-15T00:00:00Z,2024-01-08T22:51:06.019Z,269888.04,1,0.967,,,,politics
253689,2024-01-12T00:00:00Z,2024-01-08T21:46:12.14Z,9935.34,0,0.055,,,,other
253749,2024-01-20T00:00:00Z,2024-01-09T20:35:57.871Z,61818.63,0,0.022,0.054,,,other
253751,2024-01-14T00:00:00Z,2024-01-09T22:35:05.316Z,24026.12,0,0.0005,,,,crypto/prices
253752,2024-01-14T00:00:00Z,2024-01-09T22:35:50.233Z,14359.48,0,0.0005,,,,crypto/prices
253753,2024-01-14T00:00:00Z,2024-01-09T22:36:06.301Z,9341.51,0,0.0005,,,,crypto/prices
253754,2024-01-15T00:00:00Z,2024-01-09T22:36:20.968Z,13271.11,0,0.0005,,,,crypto/prices
253755,2024-01-15T00:00:00Z,2024-01-09T22:36:40.193Z,23722.12,0,0.0005,,,,crypto/prices
253756,2024-01-14T00:00:00Z,2024-01-09T22:37:01.319Z,12755.71,1,0.995,,,,crypto/prices
253757,2024-01-10T00:00:00Z,2024-01-09T22:33:35.547Z,29174.39,0,,,,,crypto/prices
253758,2024-01-15T00:00:00Z,2024-01-09T23:23:03.173Z,27613.17,0,0.0005,,,,crypto/prices
253759,2024-01-12T00:00:00Z,2024-01-09T23:38:50.927Z,258357.31,1,0.96,,,,other
253760,2024-01-15T00:00:00Z,2024-01-11T18:49:06.826Z,58933.88,0,0.095,,,,politics
253761,2024-01-15T00:00:00Z,2024-01-11T18:49:42.574Z,19806.27,0,0.0195,,,,politics
253762,2024-01-15T00:00:00Z,2024-01-11T18:48:20.074Z,55430.98,0,0.095,,,,politics
253763,2024-01-15T00:00:00Z,2024-01-11T18:50:19.553Z,58545.83,1,0.215,,,,politics
253764,2024-01-15T00:00:00Z,2024-01-11T18:51:07.816Z,74964.86,0,0.215,,,,politics
253765,2024-01-15T00:00:00Z,2024-01-11T18:51:51.984Z,84533.11,0,0.215,,,,politics
253766,2024-01-15T00:00:00Z,2024-01-11T18:55:10.46Z,84429.92,0,0.23,,,,politics
253767,2024-01-20T00:00:00Z,2024-01-11T00:46:33.603Z,124889.43,0,0.0185,0.555,,,other
253768,2024-01-16T00:00:00Z,2024-01-10T21:51:47.18Z,5280.3,0,0.02,,,,other
253769,2024-01-16T00:00:00Z,2024-01-10T21:51:57.153Z,5026.85,0,0.5,,,,other
253776,2024-01-31T00:00:00Z,2024-01-10T22:22:53.047Z,23984.55,1,0.974,0.915,,,other
253777,2024-01-15T00:00:00Z,2024-01-10T21:55:11.92Z,8795.43,0,0.0215,,,,other
253778,2024-01-19T00:00:00Z,2024-01-11T01:14:25.448Z,604171.53,0,0.0075,,,,crypto/prices
253779,2024-01-19T00:00:00Z,2024-01-11T01:14:40.392Z,149306.39,1,0.8165,,,,crypto/prices
253782,2024-01-19T00:00:00Z,2024-01-11T01:14:53.969Z,109277.68,0,0.17,,,,crypto/prices
253783,2024-01-19T00:00:00Z,2024-01-11T01:15:10.791Z,154511.21,0,0.0015,,,,crypto/prices
253788,2024-01-31T00:00:00Z,2024-01-11T00:29:58.676Z,15673.31,0,,,,,sports
253789,2024-01-13T00:00:00Z,2024-01-13T00:00:00Z,36638.43,1,,,,,sports
253790,2024-01-13T00:00:00Z,2024-01-13T00:00:00Z,81402.76,1,,,,,sports
253791,2024-01-14T00:00:00Z,2024-01-14T00:00:00Z,66008.27,1,0.5,,,,sports
253792,2024-01-14T00:00:00Z,2024-01-14T00:00:00Z,46111.41,0,0.5,,,,sports
253793,2024-01-14T00:00:00Z,2024-01-14T00:00:00Z,26028.05,1,0.5,,,,sports
248849,2024-02-05T00:00:00Z,2023-03-15T19:15:31.281Z,94332.03,1,,,0.9675,0.855,politics
252919,2024-02-14T00:00:00Z,2023-10-30T22:11:23.343Z,270567.59,1,0.905,0.905,0.5,0.72,politics
253202,2024-02-28T00:00:00Z,2023-11-24T18:18:29.66Z,161523.24,0,0.015,0.023,0.04,0.115,other
253256,2024-03-01T00:00:00Z,2023-12-01T22:08:06.486Z,17762.66,0,0.5,0.5,0.5,,other
253257,2024-03-01T00:00:00Z,2023-12-02T03:17:57.97Z,7930.87,0,0.0505,0.0505,0.07,,other
253277,2024-02-29T00:00:00Z,2023-12-04T21:54:38.174Z,13728.19,0,0.11,0.1115,0.11,,politics
253285,2024-03-01T00:00:00Z,2023-12-05T21:11:05.525Z,38733.93,0,0.0195,0.022,0.026,,politics
253354,2024-02-29T00:00:00Z,2023-12-08T16:35:24.256Z,11998.78,0,0.24,0.245,0.25,,other
253355,2024-02-29T00:00:00Z,2023-12-08T16:42:59.261Z,32310.12,0,0.025,0.0125,0.035,,other
253371,2024-02-29T00:00:00Z,2023-12-11T19:06:23.603Z,10923.98,0,0.07,0.075,0.51,,other
253372,2024-02-27T00:00:00Z,2023-12-11T18:29:00Z,23557.02,0,0.275,0.2755,0.275,,other
253374,2024-03-01T00:00:00Z,2023-12-11T19:31:54.405Z,5778.6,0,0.49,0.49,0.08,,other
253375,2024-02-29T00:00:00Z,2023-12-11T19:06:28.241Z,13768.66,0,0.0355,0.3495,0.34,,other
253376,2024-02-29T00:00:00Z,2023-12-11T19:06:33.298Z,25674.22,0,0.15,0.15,0.2,,other
253377,2024-02-29T00:00:00Z,2023-12-11T19:06:39.273Z,12891.3,0,0.25,0.25,0.25,,other
253408,2024-03-01T00:00:00Z,2023-12-12T23:53:23.289Z,7272.79,0,0.25,0.5,0.3,,other
253428,2024-03-01T00:00:00Z,2023-12-13T17:53:56.729Z,17313.1,1,0.945,0.905,0.67,,other
253435,2024-03-01T00:00:00Z,2023-12-13T20:09:22.144Z,9836.57,1,0.987,0.9665,0.75,,other
253436,2024-03-01T00:00:00Z,2023-12-13T20:07:44.226Z,16838.35,1,0.95,0.905,0.705,,other
253465,2024-03-01T00:00:00Z,2023-12-20T18:56:44.835Z,94761.79,0,0.0015,0.006,0.019,,politics
253468,2024-02-29T00:00:00Z,2023-12-20T19:31:09.53Z,9076.06,0,0.33,0.5,0.31,,other
253470,2024-02-29T00:00:00Z,2023-12-20T19:56:59.487Z,10606.96,0,0.027,0.025,0.035,,politics
253471,2024-02-29T00:00:00Z,2023-12-20T19:56:59.849Z,6347.24,1,,,,,politics
253474,2024-02-29T00:00:00Z,2023-12-20T19:56:59.123Z,25268.94,0,0.029,0.034,0.045,,other
253476,2024-02-29T00:00:00Z,2023-12-20T19:56:59.076Z,14125.67,0,0.045,0.0455,0.05,,other
253507,2024-02-29T00:00:00Z,2023-12-27T18:43:07.071Z,382872.44,0,0.0035,0.0095,0.385,,other
253529,2024-02-29T00:00:00Z,2023-12-27T19:56:02.067Z,110285.05,0,0.0065,0.0315,0.685,,other
253566,2024-02-29T00:00:00Z,2023-12-29T16:20:06.765Z,5782.88,0,0.0145,0.0105,0.0245,,other
253580,2024-02-29T00:00:00Z,2024-01-03T14:11:38.915Z,30052.32,0,0.055,0.055,0.023,,other
253605,2024-02-10T00:00:00Z,2024-01-06T09:10:00Z,284791.83,0,0.5395,0.54,0.295,,other
253616,2024-02-10T00:00:00Z,2024-01-06T09:11:00Z,150606.77,0,,,0.235,,other
253617,2024-02-10T00:00:00Z,2024-01-06T09:11:00Z,22022.51,0,,,0.125,,other
253618,2024-02-10T00:00:00Z,2024-01-06T09:11:00Z,13269.69,0,,,0.0405,,other
253619,2024-02-10T00:00:00Z,2024-01-06T09:11:00Z,426345.8,1,0.462,0.465,0.08,,other
253620,2024-02-10T00:00:00Z,2024-01-06T09:12:00Z,18964.55,0,,,0.0355,,other
253621,2024-02-10T00:00:00Z,2024-01-06T09:13:00Z,98303.15,0,,,0.045,,other
253624,2024-02-10T00:00:00Z,2024-01-06T09:14:00Z,5557.63,0,,,0.0445,,other
253625,2024-02-10T00:00:00Z,2024-01-06T09:15:00Z,9113.18,0,,,,,other
253626,2024-02-10T00:00:00Z,2024-01-06T09:15:00Z,84376.02,0,,,0.015,,other
253627,2024-02-10T00:00:00Z,2024-01-06T09:16:00Z,38859.35,0,,,0.014,,other
253629,2024-02-10T00:00:00Z,2024-01-06T09:17:00Z,33644.24,0,,,0.0145,,other
253630,2024-02-10T00:00:00Z,2024-01-06T09:18:00Z,7724.75,0,,,0.0075,,other
253633,2024-02-10T00:00:00Z,2024-01-06T09:19:00Z,11578.72,0,,,0.0005,,other
253796,2024-02-29T00:00:00Z,2024-01-11T20:59:50.047Z,429236.59,0,0.3795,0.246,0.315,,other
253932,2024-02-21T00:00:00Z,2024-01-17T02:04:28.22Z,784485.33,1,0.9915,0.9895,0.966,,politics
253933,2024-02-21T00:00:00Z,2024-01-17T02:04:39.987Z,285432.6,0,0.0065,0.0105,0.0305,,other
253934,2024-02-21T00:00:00Z,2024-01-17T02:04:51.625Z,490761.5,0,0.0015,0.0005,0.0075,,other
253935,2024-02-21T00:00:00Z,2024-01-17T02:05:08.06Z,100521.58,0,0.0015,0.0005,0.0025,,other
253955,2024-02-02T00:00:00Z,2024-01-23T17:58:00Z,117537.23,1,0.9885,0.988,,,politics
253956,2024-02-02T00:00:00Z,2024-01-23T17:59:00Z,19699.0,0,0.25,0.445,,,politics
253957,2024-02-02T00:00:00Z,2024-01-23T17:59:00Z,19055.0,0,0.25,0.445,,,politics
253958,2024-02-02T00:00:00Z,2024-01-23T17:59:00Z,19510.0,0,0.25,0.445,,,politics
253971,2024-02-13T00:00:00Z,2024-01-17T21:39:26.342Z,642842.83,1,0.805,0.885,,,sports
253972,2024-02-15T00:00:00Z,2024-01-17T22:22:19.128Z,16378.74,0,0.499,0.07,,,other
253974,2024-02-29T00:00:00Z,2024-02-12T20:42:17.847Z,29991.04,0,0.095,0.235,,,other
253986,2024-03-01T00:00:00Z,2024-01-18T19:30:00Z,196971.51,0,0.06,0.145,0.365,,crypto/prices
253987,2024-03-01T00:00:00Z,2024-01-18T19:30:00Z,151219.43,0,0.295,0.345,0.245,,crypto/prices
253988,2024-03-01T00:00:00Z,2024-01-18T19:30:00Z,128647.26,1,0.335,0.3,0.175,,crypto/prices
253989,2024-03-01T00:00:00Z,2024-01-18T19:30:00Z,376596.01,0,0.19,0.235,0.135,,crypto/prices
253990,2024-03-01T00:00:00Z,2024-01-18T19:31:00Z,474792.37,0,0.2,0.14,0.085,,crypto/prices
254002,2024-02-06T00:00:00Z,2024-01-26T23:07:00Z,134062.45,0,0.9685,0.93,,,politics
254003,2024-02-06T00:00:00Z,2024-01-26T23:07:00Z,40268.74,0,0.0255,0.025,,,politics
254004,2024-02-06T00:00:00Z,2024-01-26T23:08:00Z,9837.05,1,0.4895,0.5,,,politics
254017,2024-02-15T00:00:00Z,2024-01-18T23:21:53.873Z,109432.02,0,0.025,0.08,,,sports
254033,2024-02-29T00:00:00Z,2024-01-19T21:52:50.88Z,74934.74,1,,,0.18,,other
254040,2024-02-29T00:00:00Z,2024-01-19T21:45:53.434Z,408699.99,0,0.0075,0.019,0.185,,other
254041,2024-02-09T00:00:00Z,2024-01-22T17:17:07.563Z,66979.62,0,0.395,0.375,,,sports
254046,2024-02-24T00:00:00Z,2024-01-22T17:28:13.197Z,649853.54,0,0.0075,0.045,0.455,,other
254049,2024-02-15T00:00:00Z,2024-01-22T23:37:32.691Z,237401.15,0,0.013,0.052,,,other
254050,2024-02-29T00:00:00Z,2024-01-22T20:34:46.972Z,31403.92,0,0.0075,0.0075,0.012,,other
254061,2024-02-02T00:00:00Z,2024-01-23T17:59:00Z,19055.0,0,0.15,0.445,,,politics
254062,2024-02-09T00:00:00Z,2024-01-23T18:28:10.635Z,192214.28,1,0.66,0.6,,,other
254067,2024-02-06T00:00:00Z,2024-01-26T23:07:00Z,12003.31,0,0.0105,0.025,,,politics
254083,2024-02-29T00:00:00Z,2024-01-24T20:50:05.766Z,7371.02,0,0.0105,0.0105,0.03,,politics
254092,2024-02-20T00:00:00Z,2024-01-25T17:14:00Z,843811.73,0,0.054,0.0345,,,politics
254093,2024-02-20T00:00:00Z,2024-01-25T17:14:00Z,420917.37,1,0.3,0.185,,,politics
254094,2024-02-20T00:00:00Z,2024-01-25T17:14:00Z,265205.57,0,0.375,0.245,,,politics
254095,2024-02-20T00:00:00Z,2024-01-25T17:14:00Z,217925.21,0,0.25,0.285,,,politics
254096,2024-02-20T00:00:00Z,2024-01-25T17:14:00Z,487250.31,0,0.065,0.215,,,politics
254097,2024-02-15T00:00:00Z,2024-01-25T19:27:35.686Z,59337.99,0,0.018,0.024,,,other
254098,2024-02-20T00:00:00Z,2024-01-25T17:14:00Z,1109418.39,0,0.015,0.0145,,,politics
254126,2024-02-09T00:00:00Z,2024-01-26T00:57:25.552Z,75006.53,0,0.003,0.035,,,other
254130,2024-02-02T00:00:00Z,2024-01-26T17:01:00Z,39522.05,0,0.265,,,,other
254133,2024-02-02T00:00:00Z,2024-01-26T17:01:00Z,8911.7,0,0.1,,,,other
254136,2024-02-02T00:00:00Z,2024-01-26T17:01:00Z,37797.73,1,0.395,,,,other
254138,2024-02-02T00:00:00Z,2024-01-26T20:43:00Z,7118.03,0,0.01,,,,other
254139,2024-02-02T00:00:00Z,2024-01-26T20:43:00Z,12800.51,1,0.3045,,,,other
254140,2024-02-02T00:00:00Z,2024-01-26T20:43:00Z,8514.45,0,0.23,,,,other
254141,2024-02-02T00:00:00Z,2024-01-26T20:43:00Z,9928.27,0,0.0095,,,,other
254142,2024-02-02T00:00:00Z,2024-01-26T20:43:00Z,10379.78,0,0.013,,,,other
254143,2024-02-02T00:00:00Z,2024-01-26T20:43:00Z,7059.79,0,0.275,,,,other
254144,2024-02-02T00:00:00Z,2024-01-26T20:43:00Z,16386.06,0,0.235,,,,other
254145,2024-02-02T00:00:00Z,2024-01-26T20:51:00Z,31265.03,0,0.04,,,,other
254146,2024-02-02T00:00:00Z,2024-01-26T20:51:00Z,44161.8,0,0.055,,,,other
254149,2024-02-02T00:00:00Z,2024-01-26T20:51:00Z,10043.37,0,0.025,,,,other
254150,2024-02-02T00:00:00Z,2024-01-26T20:51:00Z,17462.45,0,0.025,,,,other
254151,2024-02-02T00:00:00Z,2024-01-26T20:50:00Z,44330.2,1,0.675,,,,other
254153,2024-02-02T00:00:00Z,2024-01-26T20:51:00Z,29291.38,0,0.18,,,,other
254154,2024-02-02T00:00:00Z,2024-01-26T20:51:00Z,25931.37,0,0.02,,,,other
254157,2024-02-02T00:00:00Z,2024-01-26T21:03:00Z,12721.6,0,0.26,,,,other
254169,2024-02-29T00:00:00Z,2024-01-26T17:37:14.7Z,48067.51,0,0.027,0.0365,0.255,,other
254174,2024-02-29T00:00:00Z,2024-01-28T01:31:43.422Z,208098.23,0,0.04,0.185,0.645,,other
254178,2024-02-11T00:00:00Z,2024-01-29T15:39:06.452Z,111034.7,1,0.961,0.956,,,other
254179,2024-02-11T00:00:00Z,2024-01-29T15:47:21.704Z,77328.47,0,0.045,0.065,,,other
254182,2024-02-15T00:00:00Z,2024-01-29T18:21:44.79Z,32941.83,0,0.0365,0.055,,,macro
254184,2024-02-29T00:00:00Z,2024-01-29T20:36:46.281Z,61994.34,0,0.0045,0.0145,,,other
254185,2024-02-29T00:00:00Z,2024-01-29T20:21:54.664Z,16609.48,0,0.0245,0.0255,,,other
254201,2024-02-11T00:00:00Z,2024-01-30T18:24:03.94Z,63384.14,0,0.0175,0.02,,,politics
254202,2024-02-06T00:00:00Z,2024-01-30T18:52:35.482Z,122487.3,0,0.21,,,,politics
254236,2024-02-05T00:00:00Z,2024-01-31T19:13:00Z,12210.99,0,0.05,,,,crypto/prices
254237,2024-02-05T00:00:00Z,2024-01-31T19:13:00Z,19101.11,1,0.72,,,,crypto/prices
254238,2024-02-05T00:00:00Z,2024-01-31T19:13:00Z,5671.02,0,0.525,,,,crypto/prices
254240,2024-02-29T00:00:00Z,2024-01-31T19:40:54.001Z,404460.75,1,,,,,crypto/prices
254241,2024-02-29T00:00:00Z,2024-01-31T19:43:09.923Z,97162.48,1,,,,,crypto/prices
254255,2024-02-29T00:00:00Z,2024-02-01T16:46:48.149Z,117045.91,0,0.0225,0.065,,,other
254260,2024-02-29T00:00:00Z,2024-02-01T21:20:13.623Z,27972.17,0,0.012,0.019,,,crypto/prices
254261,2024-02-29T00:00:00Z,2024-02-01T21:47:00.568Z,16950.14,0,0.105,0.075,,,crypto/prices
254262,2024-02-29T00:00:00Z,2024-02-01T22:25:19.099Z,146544.38,0,0.021,0.0445,,,other
252331,2024-03-05T00:00:00Z,2023-09-21T17:50:14.066Z,23112.21,0,0.15,0.3,0.5,0.585,politics
252332,2024-03-05T00:00:00Z,2023-09-21T17:50:14.061Z,137704.3,1,0.961,0.9665,0.905,0.805,politics
252596,2024-03-31T00:00:00Z,2023-10-09T21:54:29.438Z,148098.61,0,0.013,0.0075,0.021,0.0405,other
252724,2024-03-31T00:00:00Z,2023-10-20T16:56:34.075Z,8565.05,0,0.05,0.1,0.1,0.115,other
253034,2024-03-17T00:00:00Z,2023-11-12T21:09:51.241Z,384569.35,1,0.986,0.9795,0.969,0.94,other
253101,2024-03-05T00:00:00Z,2023-11-15T19:40:43.406Z,5666.28,0,0.025,0.055,0.12,0.195,politics
253233,2024-03-31T00:00:00Z,2023-11-29T16:42:06.395Z,7489.04,0,0.0505,0.051,0.0495,0.06,other
253358,2024-03-31T00:00:00Z,2023-12-08T21:14:44.113Z,172813.33,1,0.994,0.992,0.975,0.875,politics
253391,2024-03-31T00:00:00Z,2023-12-11T21:00:06.69Z,37027.3,0,0.0025,0.004,0.036,0.2815,politics
253405,2024-04-01T00:00:00Z,2023-12-12T21:02:16.884Z,15581.7,0,0.028,0.043,0.0325,0.0945,other
253406,2024-04-01T00:00:00Z,2023-12-12T23:25:20.774Z,126577.4,0,0.016,0.019,0.055,0.23,other
253426,2024-03-31T00:00:00Z,2023-12-13T17:49:17.305Z,224191.0,0,0.005,0.007,0.045,0.095,politics
253443,2024-03-31T00:00:00Z,2023-12-14T19:13:23.336Z,1279448.95,1,,,0.6845,0.195,crypto/prices
253444,2024-03-04T00:00:00Z,2023-12-14T20:49:34.744Z,36152.02,1,0.9945,0.9845,0.963,,other
253452,2024-03-31T00:00:00Z,2023-01-03T17:30:17.794Z,58238.26,0,0.006,0.0165,0.0305,0.345,crypto/prices
253453,2024-03-20T00:00:00Z,2023-12-18T17:47:52.445Z,1907759.26,0,0.0095,0.0275,0.05,0.42,macro
253462,2024-03-05T00:00:00Z,2023-12-20T00:44:17.699Z,244342.63,1,0.235,0.675,0.795,,politics
253463,2024-03-06T00:00:00Z,2023-12-20T00:49:49.753Z,110449.14,1,0.9865,0.977,0.95,,politics
253477,2024-03-31T00:00:00Z,2023-12-20T22:13:47.36Z,37180.86,1,,,,0.52,politics
253522,2024-04-01T00:00:00Z,2023-12-26T20:38:01.827Z,17900.94,1,0.994,0.994,0.977,0.965,politics
253542,2024-03-31T00:00:00Z,2023-12-28T21:39:23.192Z,59540.34,0,0.016,0.016,0.034,0.105,other
253559,2024-03-31T00:00:00Z,2023-12-28T22:15:05.812Z,151137.53,0,0.0055,0.013,0.036,0.5,other
253561,2024-03-31T00:00:00Z,2023-12-29T15:49:46.76Z,17234.79,0,0.0285,0.0325,0.125,0.105,other
253564,2024-03-31T00:00:00Z,2023-12-29T15:57:36.369Z,9851.31,0,0.04,0.055,0.08,0.13,other
253572,2024-03-05T00:00:00Z,2023-12-29T22:50:28.415Z,121016.43,1,0.99,0.972,0.945,,politics
253574,2024-03-31T00:00:00Z,2024-01-02T18:53:53.527Z,6238.79,0,0.3,0.275,0.12,,other
253586,2024-03-31T00:00:00Z,2024-01-03T17:39:15.113Z,99623.58,1,0.9975,0.9925,0.979,,politics
253600,2024-03-31T00:00:00Z,2024-01-05T16:32:19.222Z,22042.76,0,0.075,0.075,0.135,,other
253775,2024-03-31T00:00:00Z,2024-01-10T22:14:39.57Z,27299.73,0,0.025,0.019,0.055,,other
253795,2024-04-01T00:00:00Z,2024-01-11T16:00:34.289Z,35978.36,0,0.021,0.021,0.0345,,other
253845,2024-03-09T00:00:00Z,2024-01-16T17:44:00Z,168512.63,1,0.94,0.925,0.845,,other
253846,2024-03-09T00:00:00Z,2024-01-16T17:44:00Z,81772.25,0,0.026,0.03,0.052,,other
253847,2024-03-09T00:00:00Z,2024-01-16T17:44:00Z,90746.29,0,0.0125,0.0175,0.0175,,other
253848,2024-03-09T00:00:00Z,2024-01-16T17:45:00Z,74684.98,0,0.0055,0.011,0.017,,other
253849,2024-03-09T00:00:00Z,2024-01-16T17:47:00Z,24482.82,0,0.009,0.0105,0.04,,other
253850,2024-03-09T00:00:00Z,2024-01-16T17:48:00Z,12668.92,0,0.003,0.005,0.01,,other
253851,2024-03-09T00:00:00Z,2024-01-16T17:49:00Z,30689.8,0,0.0015,0.0035,0.0055,,other
253852,2024-03-09T00:00:00Z,2024-01-16T17:50:00Z,24824.52,0,0.0045,0.0075,0.012,,other
253853,2024-03-09T00:00:00Z,2024-01-16T17:51:00Z,38291.78,0,0.0085,0.0125,0.013,,other
253854,2024-03-09T00:00:00Z,2024-01-16T17:52:00Z,69242.83,0,0.015,0.005,0.0045,,other
253895,2024-03-09T00:00:00Z,2024-01-16T17:52:00Z,71199.65,0,0.0015,0.002,0.0025,,other
253961,2024-03-08T00:00:00Z,2024-01-17T23:41:00Z,108524.03,1,0.895,0.9,0.695,,other
253962,2024-03-08T00:00:00Z,2024-01-17T23:41:00Z,52276.66,0,0.095,0.085,0.28,,other
253963,2024-03-08T00:00:00Z,2024-01-17T23:41:00Z,25086.43,0,0.0025,0.0025,0.0045,,other
253964,2024-03-08T00:00:00Z,2024-01-17T23:41:00Z,22550.49,0,0.0055,0.0055,0.004,,other
253966,2024-03-08T00:00:00Z,2024-01-17T23:42:00Z,48020.91,0,0.0145,0.0145,0.028,,other
253967,2024-03-08T00:00:00Z,2024-01-17T23:41:00Z,7645.94,0,,,,,other
253975,2024-03-08T00:00:00Z,2024-01-17T23:42:00Z,75139.6,0,0.0015,0.0015,0.0005,,other
254068,2024-03-09T00:00:00Z,2024-01-23T21:38:00Z,49231.63,0,0.0035,0.0035,0.5,,other
254069,2024-03-09T00:00:00Z,2024-01-23T21:38:00Z,41538.49,0,0.62,0.625,0.4,,other
254070,2024-03-09T00:00:00Z,2024-01-23T21:38:00Z,36201.99,0,0.0165,0.0175,0.055,,other
254071,2024-03-09T00:00:00Z,2024-01-23T21:38:00Z,18959.47,0,0.0035,0.005,0.0125,,other
254072,2024-03-09T00:00:00Z,2024-01-23T21:38:00Z,53004.85,1,0.375,0.215,0.56,,other
254074,2024-03-08T00:00:00Z,2024-01-24T19:49:00Z,7387.54,0,0.009,0.0095,0.008,,other
254075,2024-03-08T00:00:00Z,2024-01-24T19:49:00Z,9673.97,0,0.0205,0.0205,0.02,,other
254076,2024-03-08T00:00:00Z,2024-01-24T19:48:00Z,50472.62,1,0.955,0.955,0.945,,other
254077,2024-03-08T00:00:00Z,2024-01-24T19:49:00Z,5661.79,0,0.0255,0.0275,0.0355,,other
254078,2024-03-08T00:00:00Z,2024-01-24T19:49:00Z,5814.01,0,0.007,0.0075,0.01,,other
254101,2024-03-08T00:00:00Z,2024-01-25T20:29:00Z,25138.53,0,0.27,0.27,0.44,,other
254103,2024-03-08T00:00:00Z,2024-01-25T20:29:00Z,9195.33,0,0.029,0.031,0.04,,other
254104,2024-03-08T00:00:00Z,2024-01-25T20:29:00Z,38365.91,1,0.68,0.7,0.49,,other
254106,2024-03-08T00:00:00Z,2024-01-25T20:48:00Z,19110.19,1,0.585,0.595,0.21,,other
254107,2024-03-08T00:00:00Z,2024-01-25T20:48:00Z,7428.78,0,0.003,0.0045,0.0425,,other
254108,2024-03-08T00:00:00Z,2024-01-25T20:48:00Z,15937.31,0,0.1,0.13,0.23,,other
254109,2024-03-08T00:00:00Z,2024-01-25T20:48:00Z,21981.24,0,0.305,0.255,0.47,,other
254110,2024-03-08T00:00:00Z,2024-01-25T20:48:00Z,24392.26,0,0.0395,0.045,0.05,,other
254113,2024-03-08T00:00:00Z,2024-01-25T21:03:00Z,25699.07,0,0.014,0.0195,0.0195,,other
254114,2024-03-08T00:00:00Z,2024-01-25T21:03:00Z,11140.49,0,0.02,0.0315,0.04,,other
254115,2024-03-08T00:00:00Z,2024-01-25T21:03:00Z,33359.59,1,0.935,0.935,0.88,,other
254116,2024-03-08T00:00:00Z,2024-01-25T21:03:00Z,10389.36,0,0.002,0.011,0.01,,other
254117,2024-03-08T00:00:00Z,2024-01-25T21:03:00Z,15510.25,0,0.03,0.045,0.065,,other
254120,2024-03-08T00:00:00Z,2024-01-25T21:25:00Z,10285.56,1,0.965,0.925,0.555,,other
254128,2024-03-09T00:00:00Z,2024-01-26T01:07:03.281Z,388204.08,1,0.0355,0.07,0.165,,other
254165,2024-03-31T00:00:00Z,2024-02-27T19:17:00Z,25660.45,1,0.715,0.6,0.545,,politics
254166,2024-03-31T00:00:00Z,2024-02-27T19:17:00Z,17905.3,0,0.26,0.35,0.43,,politics
254167,2024-03-31T00:00:00Z,2024-02-27T19:17:00Z,12022.06,0,0.0225,0.0405,0.33,,politics
254170,2024-03-05T00:00:00Z,2024-01-26T19:07:28.897Z,35318.88,1,0.795,0.69,0.495,,politics
254171,2024-04-01T00:00:00Z,2024-01-26T21:23:53.066Z,153134.41,0,0.0125,0.0225,0.185,,politics
254181,2024-03-05T00:00:00Z,2024-01-29T16:20:23.851Z,377957.64,0,0.007,0.065,0.615,,other
254229,2024-03-29T00:00:00Z,2024-01-31T16:54:00Z,7398.92,0,0.0085,0.015,0.0085,,other
254243,2024-03-18T00:00:00Z,2024-01-31T20:51:00Z,13322.49,0,0.0015,0.0015,0.025,,macro
254244,2024-03-18T00:00:00Z,2024-01-31T20:52:00Z,63023.46,1,0.9835,0.9715,0.5225,,macro
254245,2024-03-18T00:00:00Z,2024-01-31T20:52:00Z,8974.82,0,0.011,0.022,0.49,,macro
254246,2024-03-18T00:00:00Z,2024-01-31T20:52:00Z,197105.48,0,0.0045,0.0075,0.025,,macro
254273,2024-03-05T00:00:00Z,2024-02-02T22:34:00Z,18151.23,0,0.425,0.435,0.5,,other
254274,2024-03-05T00:00:00Z,2024-02-02T22:34:00Z,14648.41,0,0.185,0.18,0.5,,other
254275,2024-03-05T00:00:00Z,2024-02-02T22:34:00Z,10104.67,1,0.16,0.155,0.5,,other
254276,2024-03-05T00:00:00Z,2024-02-02T22:34:00Z,15173.16,0,0.105,0.095,0.5,,other
254277,2024-03-05T00:00:00Z,2024-02-02T22:35:00Z,24821.01,0,0.115,0.105,0.5,,other
254361,2024-03-05T00:00:00Z,2024-02-07T18:06:15.01Z,81831.67,0,0.013,0.79,,,other
254364,2024-03-30T00:00:00Z,2024-02-07T21:19:00Z,8993.61,0,0.15,0.125,0.705,,other
254394,2024-03-01T00:00:00Z,2024-02-08T01:14:00.773Z,47848.02,1,0.745,0.655,,,other
254407,2024-03-01T00:00:00Z,2024-02-08T20:57:06.325Z,171982.15,1,0.8,0.695,,,other
254412,2024-03-31T00:00:00Z,2024-02-09T20:06:05.228Z,68450.73,0,0.004,0.0095,0.045,,crypto/prices
254428,2024-03-08T00:00:00Z,2024-02-12T20:25:18.917Z,20732.66,0,0.155,0.305,,,other
254433,2024-03-31T00:00:00Z,2024-02-12T21:51:59.556Z,59825.94,1,,,0.984,,other
254442,2024-03-15T00:00:00Z,2024-02-13T17:32:23.297Z,38628.61,1,0.63,0.73,,,other
254445,2024-03-31T00:00:00Z,2024-02-13T21:04:16.633Z,159137.03,0,0.0025,0.005,0.0395,,politics
254464,2024-03-01T00:00:00Z,2024-02-14T22:26:15.901Z,69424.48,0,0.0095,0.461,,,other
254465,2024-03-31T00:00:00Z,2024-02-14T20:39:01.277Z,49095.25,0,0.0115,0.0085,0.025,,other
254477,2024-03-31T00:00:00Z,2024-02-15T00:23:38.785Z,15701.07,0,0.065,0.075,0.155,,other
254482,2024-03-15T00:00:00Z,2024-02-14T23:17:39.466Z,104970.96,1,,,,,crypto/prices
254493,2024-03-31T00:00:00Z,2024-02-15T21:24:25.83Z,139310.84,0,0.0325,0.052,0.095,,other
254524,2024-03-31T00:00:00Z,2024-02-17T22:14:54.981Z,38666.1,0,0.0045,0.0055,0.0105,,crypto/prices
254530,2024-03-04T00:00:00Z,2024-02-20T18:33:14.512Z,67882.65,1,0.984,0.983,,,other
254533,2024-03-31T00:00:00Z,2024-02-20T20:59:54.826Z,19012.08,0,0.05,0.49,0.115,,other
253246,2024-04-30T12:00:00Z,2023-11-30T19:37:04.233Z,139682.02,0,0.0095,0.0165,0.24,0.28,other
253247,2024-04-30T12:00:00Z,2023-11-30T19:38:23.707Z,102611.7,0,0.045,0.1,0.47,0.14,other
253248,2024-04-30T00:00:00Z,2023-11-30T20:29:20.731Z,29950.98,0,0.0125,0.014,0.13,0.495,other
253249,2024-04-30T00:00:00Z,2023-11-30T20:22:10.016Z,108133.4,0,0.045,0.06,0.1,0.19,other
253259,2024-05-01T00:00:00Z,2023-12-02T03:30:14.602Z,10763.69,0,0.4945,0.4945,0.2,0.45,crypto/prices
253299,2024-05-01T00:00:00Z,2023-12-06T17:59:25.658Z,1608415.7,0,0.014,0.017,0.08,0.785,macro
253336,2024-04-30T00:00:00Z,2023-12-07T18:09:07.842Z,16200.0,1,,,,0.25,politics
253381,2024-05-01T00:00:00Z,2023-12-11T19:44:33.872Z,14920.62,0,0.055,0.245,0.0295,0.32,other
253551,2024-04-14T00:00:00Z,2023-12-28T18:21:04.973Z,61463.88,0,,,,0.205,sports
254019,2024-04-30T00:00:00Z,2024-01-26T18:56:34.221Z,134093.44,0,0.0015,0.0025,0.0095,0.0325,politics
254086,2024-04-30T00:00:00Z,2024-01-24T20:33:51.566Z,5838.77,0,0.525,0.455,0.4,0.275,other
254234,2024-04-08T00:00:00Z,2024-01-31T19:02:05.026Z,67671.34,0,,,,,politics
254448,2024-04-29T12:00:00Z,2024-02-13T23:17:35.102Z,108991.82,1,0.66,0.605,0.53,,other
254509,2024-04-30T00:00:00Z,2024-02-15T19:48:13.823Z,26727.73,0,0.03,0.15,0.29,,other
254523,2024-04-30T12:00:00Z,2024-02-16T23:23:03.174Z,65354.58,0,0.005,0.0075,0.0275,,politics
254558,2024-04-01T00:00:00Z,2024-02-20T20:04:02.651Z,778183.73,0,0.0025,0.0075,0.009,,politics
254560,2024-04-29T12:00:00Z,2024-02-21T16:23:53.991Z,12219.1,0,,,0.5,,other
254569,2024-04-30T00:00:00Z,2024-02-21T17:22:32.429Z,6934.9,1,,,0.475,,crypto/prices
254640,2024-04-25T00:00:00Z,2024-02-26T21:48:00Z,6696.93,0,,,,,other
254642,2024-04-04T00:00:00Z,2024-02-22T19:52:00Z,40303.65,1,0.535,0.5,0.705,,politics
254643,2024-04-04T00:00:00Z,2024-02-22T19:52:00Z,20379.71,0,0.485,0.505,0.295,,politics
254644,2024-04-04T00:00:00Z,2024-02-22T19:53:00Z,10251.58,0,,,0.005,,politics
254645,2024-04-04T00:00:00Z,2024-02-22T19:53:00Z,9071.57,0,,,0.0055,,politics
254647,2024-04-04T00:00:00Z,2024-02-22T19:53:00Z,9429.57,0,,,0.0055,,politics
254648,2024-04-04T00:00:00Z,2024-02-22T19:53:00Z,12559.1,0,,,0.0055,,politics
254660,2024-04-30T00:00:00Z,2024-02-22T23:54:11.071Z,77254.56,0,0.0065,0.0175,0.245,,other
254663,2024-04-30T00:00:00Z,2024-02-23T16:36:11.146Z,33945.07,0,0.01,0.075,0.324,,other
254685,2024-04-25T00:00:00Z,2024-02-26T22:29:00Z,98199.37,1,0.995,0.97,0.94,,sports
254686,2024-04-25T00:00:00Z,2024-02-26T22:29:00Z,52342.08,0,0.01,0.015,0.0405,,sports
254687,2024-04-25T00:00:00Z,2024-02-26T22:29:00Z,46345.86,0,0.01,0.016,0.0505,,sports
254689,2024-04-25T00:00:00Z,2024-02-26T22:29:00Z,49238.67,0,0.0015,0.0105,0.0155,,sports
254690,2024-04-25T00:00:00Z,2024-02-26T22:30:00Z,54616.08,0,0.002,0.011,0.015,,sports
254742,2024-04-30T00:00:00Z,2024-02-27T17:37:56.98Z,8810.56,0,,,,,other
254776,2024-04-25T12:00:00Z,2024-02-27T18:31:00Z,7754.0,1,0.9885,0.9835,0.75,,other
254777,2024-04-25T00:00:00Z,2024-02-27T18:31:00Z,7900.0,0,0.0045,0.0095,0.5,,other
254778,2024-04-25T12:00:00Z,2024-02-27T18:31:00Z,8000.0,0,0.0045,0.01,0.5,,other
254808,2024-05-01T00:00:00Z,2024-02-27T18:56:15.53Z,232240.08,1,,,0.415,,other
255235,2024-04-08T00:00:00Z,2024-03-07T20:24:00Z,27725.52,1,0.93,0.805,0.325,,politics
255309,2024-04-18T12:00:00Z,2024-03-05T23:08:58.827Z,420499.36,0,0.465,0.565,0.62,,sports
255326,2024-04-30T00:00:00Z,2024-03-07T19:33:50.439Z,98920.65,0,0.014,0.07,0.735,,crypto/prices
255327,2024-04-08T00:00:00Z,2024-03-07T20:24:00Z,26744.25,0,0.065,0.2,0.655,,politics
255343,2024-04-30T12:00:00Z,2024-03-07T21:47:17.322Z,146220.7,1,,0.967,0.075,,politics
255349,2024-04-03T00:00:00Z,2024-03-11T22:44:00Z,29553.66,0,0.32,0.335,,,other
255350,2024-04-03T00:00:00Z,2024-03-11T22:44:00Z,12529.62,0,0.4,0.37,,,other
255351,2024-04-03T00:00:00Z,2024-03-11T22:44:00Z,21361.4,1,0.295,0.31,,,other
500204,2024-04-08T07:00:00Z,2024-03-17T19:52:56.589Z,21883.29,1,0.5,0.615,,,other
500205,2024-04-08T07:00:00Z,2024-03-17T19:53:00.098Z,9075.94,0,0.03,0.055,,,other
500207,2024-04-08T07:00:00Z,2024-03-17T19:53:07.226Z,5922.0,0,0.6,0.3,,,other
500218,2024-04-08T04:00:00Z,2024-03-18T18:52:03.372Z,153501.46,1,0.7,0.635,,,other
500219,2024-04-08T04:00:00Z,2024-03-18T18:53:04.732Z,52407.41,0,,0.13,,,other
500220,2024-04-08T04:00:00Z,2024-03-18T18:53:11.457Z,64873.95,0,,,,,other
500221,2024-04-08T04:00:00Z,2024-03-18T18:53:19.761Z,62012.6,0,,0.115,,,other
500222,2024-04-08T04:00:00Z,2024-03-18T18:53:26.478Z,69555.58,0,,,,,other
500223,2024-04-08T04:00:00Z,2024-03-18T18:53:30.888Z,41925.15,0,,0.0305,,,other
500224,2024-04-08T04:00:00Z,2024-03-18T18:53:50.195Z,111008.99,0,,,,,other
500225,2024-04-08T04:00:00Z,2024-03-18T18:54:10.89Z,10775.69,0,,,,,other
500226,2024-04-08T04:00:00Z,2024-03-18T18:54:23.038Z,58287.69,0,,0.0305,,,other
500227,2024-04-08T04:00:00Z,2024-03-18T18:54:30.5Z,6350.0,0,,,,,other
500228,2024-04-08T04:00:00Z,2024-03-18T18:56:08.408Z,66558.14,0,,0.0005,,,other
500230,2024-04-08T04:00:00Z,2024-03-18T18:56:47.315Z,42065.57,0,,0.0005,,,other
500231,2024-04-08T04:00:00Z,2024-03-18T18:56:56.132Z,7453.91,0,,,,,other
500232,2024-04-08T04:00:00Z,2024-03-18T18:57:03.349Z,10098.37,0,,,,,other
500233,2024-04-08T04:00:00Z,2024-03-18T18:57:16.704Z,177793.62,0,0.0355,0.057,,,other
500234,2024-04-08T04:00:00Z,2024-03-18T18:57:31.043Z,8337.4,0,,,,,other
500235,2024-04-08T04:00:00Z,2024-03-18T18:57:41.247Z,35954.14,0,,,,,other
500237,2024-04-08T04:00:00Z,2024-03-18T18:58:14.912Z,5158.01,0,,,,,other
500238,2024-04-08T04:00:00Z,2024-03-18T18:58:23.373Z,40148.55,0,,0.033,,,other
500239,2024-04-08T04:00:00Z,2024-03-18T18:58:43.759Z,89905.42,0,,0.0285,,,other
500240,2024-04-08T04:00:00Z,2024-03-18T18:58:53.156Z,10145.0,0,,,,,other
500241,2024-04-08T04:00:00Z,2024-03-18T19:04:12.888Z,20728.0,0,,,,,other
500242,2024-04-08T04:00:00Z,2024-03-18T19:02:10.761Z,5231.69,0,,,,,other
500243,2024-04-08T04:00:00Z,2024-03-18T18:59:16.319Z,10077.69,0,,,,,other
500244,2024-04-08T04:00:00Z,2024-03-18T18:59:28.556Z,9895.56,0,,,,,other
500245,2024-04-08T04:00:00Z,2024-03-18T18:59:06.789Z,11542.69,0,,,,,other
500246,2024-04-08T04:00:00Z,2024-03-18T18:59:40.019Z,5886.69,0,,,,,other
500247,2024-04-08T04:00:00Z,2024-03-18T18:59:47.678Z,16587.19,0,,,,,other
500248,2024-04-08T04:00:00Z,2024-03-18T18:59:54.833Z,9762.5,0,,,,,other
500249,2024-04-08T04:00:00Z,2024-03-18T19:00:03.427Z,24770.25,0,,,,,other
500268,2024-04-08T04:00:00Z,2024-03-18T19:00:12.175Z,147514.31,0,0.37,0.305,,,other
500269,2024-04-08T04:00:00Z,2024-03-18T19:00:20.203Z,45018.28,0,0.0005,0.042,,,other
500274,2024-04-07T23:00:00Z,2024-03-18T21:19:15.806Z,58722.74,0,,0.0005,,,other
500275,2024-04-07T23:00:00Z,2024-03-18T21:19:23.702Z,11205.14,0,,0.49,,,other
500278,2024-04-07T23:00:00Z,2024-03-18T21:19:29.248Z,8651.16,1,,0.495,,,other
500280,2024-04-07T23:00:00Z,2024-03-18T21:19:34.237Z,27514.31,0,,0.48,,,other
500281,2024-04-07T23:00:00Z,2024-03-18T21:19:39.553Z,78505.2,0,,0.0525,,,other
500282,2024-04-07T23:00:00Z,2024-03-18T21:27:22.365Z,18820.24,1,0.47,0.495,,,other
500283,2024-04-07T23:00:00Z,2024-03-18T21:23:10.805Z,21557.42,1,,0.745,,,other
500320,2024-04-30T12:00:00Z,2024-03-19T18:18:58.602Z,129294.97,0,0.016,0.14,0.365,,other
500325,2024-04-30T04:00:00Z,2024-03-19T18:17:16.819Z,186815.83,0,0.014,0.021,0.09,,other
500349,2024-04-25T12:00:00Z,2024-03-25T22:37:36.636Z,21865.53,0,0.02,0.04,0.08,,sports
500357,2024-04-30T12:00:00Z,2024-04-03T18:14:54.469Z,286083.44,0,0.0085,0.012,,,macro
500358,2024-04-30T12:00:00Z,2024-04-03T18:14:51.534Z,165142.11,1,0.9855,0.9795,,,macro
500359,2024-04-30T12:00:00Z,2024-04-03T18:14:47.994Z,234731.02,0,0.004,0.0105,,,macro
500360,2024-04-30T12:00:00Z,2024-04-03T18:14:43.935Z,214654.56,0,0.008,0.0085,,,macro
500373,2024-04-08T12:00:00Z,2024-03-22T18:58:21.183Z,7520.0,0,,,,,other
500392,2024-04-30T12:00:00Z,2024-03-22T16:44:04.722Z,62284.58,0,0.027,0.035,0.045,,other
500398,2024-04-05T12:00:00Z,2024-03-25T22:45:52.52Z,16098.98,1,0.9,0.57,,,politics
500400,2024-04-05T12:00:00Z,2024-03-25T22:46:11.171Z,6045.21,0,0.04,0.175,,,politics
500401,2024-04-05T12:00:00Z,2024-03-25T22:46:16.38Z,11012.05,0,0.0145,0.075,,,politics
500403,2024-04-05T12:00:00Z,2024-03-25T22:46:20.376Z,5433.93,0,0.008,0.04,,,politics
500406,2024-04-30T12:00:00Z,2024-03-22T18:24:31.325Z,10324.99,0,0.0145,0.065,0.585,,other
500409,2024-04-30T12:00:00Z,2024-03-22T19:39:38.308Z,70167.0,0,0.1045,0.0445,0.42,,other
500410,2024-04-30T12:00:00Z,2024-03-22T19:40:22.001Z,6337.23,0,,,,,other
500416,2024-04-30T12:00:00Z,2024-03-25T14:58:15.724Z,14712.18,0,0.0035,0.0085,0.045,,other
500424,2024-04-04T12:00:00Z,2024-03-25T23:41:31.354Z,36703.78,1,0.956,0.955,,,politics
500426,2024-04-30T12:00:00Z,2024-03-26T15:10:25.111Z,96470.84,0,0.0015,0.006,0.034,,politics
500440,2024-04-30T12:00:00Z,2024-03-25T21:52:32.527Z,40061.57,0,0.024,0.095,0.2,,other
500445,2024-04-05T12:00:00Z,2024-03-26T15:07:48.429Z,6601.94,0,0.008,0.0105,,,other
500447,2024-04-30T12:00:00Z,2024-03-26T19:58:24.859Z,9439.2,0,0.015,0.015,0.032,,other
500456,2024-04-23T12:00:00Z,2024-03-26T21:08:32.489Z,48479.95,0,0.275,0.16,,,other
500457,2024-04-23T12:00:00Z,2024-03-26T21:08:37.412Z,72874.99,0,0.0005,0.135,,,other
500458,2024-04-23T12:00:00Z,2024-03-26T21:08:41.497Z,39192.35,0,,0.0015,,,other
500459,2024-04-23T12:00:00Z,2024-03-26T21:08:45.485Z,29865.87,0,0.5,0.365,,,other
500460,2024-04-23T12:00:00Z,2024-03-26T21:08:49.605Z,41523.77,1,0.68,0.375,,,other
500473,2024-04-30T12:00:00Z,2024-03-26T22:56:22.741Z,26313.39,0,0.0155,0.0125,0.0195,,crypto/prices
251955,2024-05-19T00:00:00Z,2023-08-11T20:06:23.068Z,5449.27,0,0.013,0.03,0.0425,0.54,other
251957,2024-05-19T00:00:00Z,2023-08-14T16:45:23.8Z,59808.94,1,0.91,0.62,0.685,0.515,sports
253199,2024-05-31T00:00:00Z,2023-11-24T18:19:30.886Z,12364.7,0,0.0965,0.1,0.8,0.4,other
253485,2024-05-31T00:00:00Z,2023-12-21T19:28:34.86Z,13060.13,0,,,0.0015,0.05,sports
253653,2024-05-30T00:00:00Z,2024-01-16T22:33:11.74Z,747925.29,1,0.85,0.88,0.935,0.925,sports
253654,2024-05-30T00:00:00Z,2024-01-16T22:33:43.222Z,686502.8,0,0.127,0.097,0.0435,0.0685,politics
253750,2024-05-31T12:00:00Z,2024-01-09T21:52:14.513Z,13226512.33,1,,0.991,0.105,0.445,crypto/prices
253865,2024-05-30T00:00:00Z,2024-01-16T22:34:01.536Z,415551.52,0,0.0015,0.0015,0.0135,0.0055,politics
253866,2024-05-30T12:00:00Z,2024-01-16T22:34:21.483Z,232879.55,0,0.0015,0.0015,0.0015,0.0075,politics
254079,2024-05-18T12:00:00Z,2024-01-24T19:32:00Z,95948.08,0,0.485,0.485,0.485,0.325,other
254080,2024-05-18T12:00:00Z,2024-01-24T19:32:00Z,151516.18,1,0.455,0.47,0.47,0.375,other
254081,2024-05-18T12:00:00Z,2024-01-24T19:32:00Z,60090.42,0,0.0655,0.0455,0.0485,0.06,other
254200,2024-06-01T00:00:00Z,2024-01-30T17:54:52.923Z,41575.82,1,0.9975,0.99,0.972,0.941,politics
254203,2024-05-30T00:00:00Z,2024-01-30T23:43:00Z,26654.91,0,,,,0.0015,other
254204,2024-05-30T00:00:00Z,2024-01-30T23:41:00Z,62389.35,0,,,,0.345,other
254205,2024-05-30T00:00:00Z,2024-01-30T23:42:00Z,116248.05,0,,,0.265,0.075,other
254206,2024-05-30T00:00:00Z,2024-01-30T23:42:00Z,26225.42,0,,,,0.008,other
254207,2024-05-30T00:00:00Z,2024-01-30T23:43:00Z,13843.83,0,,,,0.0095,other
254208,2024-05-30T00:00:00Z,2024-01-30T23:42:00Z,188245.65,0,0.252,0.2495,0.088,0.025,other
254209,2024-05-30T00:00:00Z,2024-01-30T23:43:00Z,38206.38,0,,,,0.008,other
254210,2024-05-30T00:00:00Z,2024-01-30T23:41:00Z,166291.71,0,,,,0.125,other
254211,2024-05-30T00:00:00Z,2024-01-30T23:42:00Z,9896.28,0,,,,0.0045,other
254212,2024-05-30T00:00:00Z,2024-01-30T23:41:00Z,207108.72,1,0.745,0.745,0.395,0.175,other
254213,2024-05-30T00:00:00Z,2024-01-30T23:43:00Z,99000.01,0,,,,0.007,other
254214,2024-05-30T00:00:00Z,2024-01-30T23:42:00Z,27154.63,0,,,,0.075,other
254215,2024-05-30T00:00:00Z,2024-01-30T23:41:00Z,120153.17,0,,,0.245,0.105,other
254216,2024-05-30T00:00:00Z,2024-01-30T23:42:00Z,197994.79,0,,,,0.026,other
254217,2024-05-30T00:00:00Z,2024-01-30T23:42:00Z,67385.09,0,,,,0.0105,other
254218,2024-05-30T00:00:00Z,2024-01-30T23:42:00Z,80980.69,0,,,,0.045,other
254294,2024-05-30T00:00:00Z,2024-02-03T01:36:00Z,16924.1,0,,,,,sports
254492,2024-05-31T00:00:00Z,2024-02-27T20:12:13.94Z,6197.39,1,,0.935,0.325,0.41,other
254494,2024-05-31T00:00:00Z,2024-02-15T16:58:59.29Z,68793.68,1,,,,0.915,crypto/prices
254535,2024-05-08T00:00:00Z,2024-02-21T00:31:00Z,64601.08,0,0.165,0.075,0.105,,other
254536,2024-05-08T00:00:00Z,2024-02-21T00:31:00Z,87217.04,0,0.15,0.185,0.16,,other
254537,2024-05-08T00:00:00Z,2024-02-21T00:31:00Z,149719.88,0,0.29,0.18,0.175,,other
254538,2024-05-08T00:00:00Z,2024-02-21T00:32:00Z,105889.24,0,0.028,0.035,0.03,,other
254539,2024-05-08T00:00:00Z,2024-02-21T00:32:00Z,24513.75,0,0.0045,0.006,0.017,,other
254540,2024-05-08T00:00:00Z,2024-02-21T00:32:00Z,31694.04,0,0.0075,0.005,0.0145,,other
254541,2024-05-08T00:00:00Z,2024-02-21T00:32:00Z,13193.83,0,0.0045,0.0045,0.0125,,other
254542,2024-05-08T00:00:00Z,2024-02-21T00:32:00Z,32628.03,0,0.007,0.0105,0.03,,other
254543,2024-05-08T00:00:00Z,2024-02-21T00:32:00Z,49433.16,0,0.0005,0.0015,0.003,,other
254544,2024-05-08T00:00:00Z,2024-02-21T00:32:00Z,34372.76,0,0.0045,0.0055,0.013,,other
254545,2024-05-08T00:00:00Z,2024-02-21T00:32:00Z,53091.81,0,0.0255,0.013,0.012,,other
254546,2024-05-08T00:00:00Z,2024-02-21T00:32:00Z,22601.6,0,0.004,0.004,0.013,,other
254547,2024-05-08T00:00:00Z,2024-02-21T00:32:00Z,82898.84,0,0.0455,0.0335,0.0265,,other
254548,2024-05-08T00:00:00Z,2024-02-21T00:33:00Z,16352.12,0,0.005,0.002,0.006,,other
254549,2024-05-08T00:00:00Z,2024-02-21T00:33:00Z,162710.87,1,0.2,0.3205,0.275,,other
254550,2024-05-08T00:00:00Z,2024-02-21T00:33:00Z,13803.49,0,0.003,0.004,0.013,,other
254551,2024-05-08T00:00:00Z,2024-02-21T00:33:00Z,57763.85,0,0.0135,0.018,0.02,,other
254552,2024-05-08T00:00:00Z,2024-02-21T00:33:00Z,18562.75,0,0.0035,0.005,0.012,,other
254553,2024-05-08T00:00:00Z,2024-02-21T00:33:00Z,27442.1,0,0.0005,0.0015,0.0055,,other
254554,2024-05-08T00:00:00Z,2024-02-21T00:33:00Z,17569.38,0,0.0015,0.0015,0.005,,other
254555,2024-05-08T00:00:00Z,2024-02-21T00:33:00Z,19420.57,0,0.0015,0.0015,0.005,,other
254556,2024-05-08T00:00:00Z,2024-02-21T00:33:00Z,97779.93,0,0.06,0.155,0.135,,other
255007,2024-05-13T00:00:00Z,2024-02-29T23:54:00Z,6826.81,0,,,,,crypto/prices
255013,2024-05-13T00:00:00Z,2024-02-29T23:54:00Z,36013.34,0,,,,,crypto/prices
255014,2024-05-13T00:00:00Z,2024-02-29T23:54:00Z,54280.0,1,0.995,0.994,0.94,,crypto/prices
255015,2024-05-13T00:00:00Z,2024-02-29T23:54:00Z,170859.63,0,0.0055,0.006,0.058,,crypto/prices
255316,2024-05-26T00:00:00Z,2024-03-06T20:29:46.098Z,41661.38,1,0.029,0.0165,0.065,,politics
255345,2024-05-30T12:00:00Z,2024-03-08T17:49:19.66Z,377942.06,1,0.955,0.935,0.976,,politics
500295,2024-05-21T12:00:00Z,2024-03-19T00:01:32.443Z,26217.41,1,0.977,0.9715,0.955,,politics
500296,2024-05-21T12:00:00Z,2024-03-19T00:01:28.144Z,26696.0,0,0.023,0.0225,0.035,,politics
500340,2024-05-19T04:00:00Z,2024-03-20T21:00:07.347Z,58119.0,1,0.915,0.755,0.7,,sports
500341,2024-05-19T04:00:00Z,2024-03-20T21:00:16.711Z,31608.57,0,0.0915,0.245,0.175,,sports
500342,2024-05-19T04:00:00Z,2024-03-20T21:00:22.203Z,25211.5,0,,0.0025,0.14,,sports
500343,2024-05-19T04:00:00Z,2024-03-20T21:00:27.817Z,101511.75,0,,,0.0025,,sports
500350,2024-05-01T07:00:00Z,2024-03-20T18:27:47.782Z,7045.33,0,0.0245,0.0255,0.065,,other
500415,2024-05-01T12:00:00Z,2024-03-22T22:51:48.792Z,229198.85,0,0.0045,0.0065,0.014,,politics
500427,2024-05-31T12:00:00Z,2024-03-26T15:10:30.36Z,127791.02,0,0.01,0.011,0.0175,,politics
500558,2024-05-31T12:00:00Z,2024-04-01T20:03:16.801Z,37684.95,0,0.0055,0.0235,0.0305,,other
500581,2024-05-31T12:00:00Z,2024-03-31T18:01:25.033Z,10009.0,0,,,,,other
500593,2024-05-30T12:00:00Z,2024-04-01T17:37:23.646Z,71303.43,0,0.06,0.495,0.455,,other
500594,2024-05-30T12:00:00Z,2024-04-01T17:37:27.694Z,77160.18,0,0.0175,0.44,0.47,,other
500596,2024-05-30T12:00:00Z,2024-04-01T17:28:35.465Z,43114.03,1,0.91,0.085,0.085,,sports
500604,2024-05-19T12:00:00Z,2024-04-01T22:35:32.19Z,27515.28,1,0.995,0.9605,0.57,,other
500605,2024-05-19T12:00:00Z,2024-04-01T22:35:44.664Z,35033.97,0,0.0005,0.0045,0.045,,other
500606,2024-05-19T12:00:00Z,2024-04-01T22:36:59.835Z,26748.03,0,0.0005,0.006,0.099,,other
500607,2024-05-19T12:00:00Z,2024-04-01T22:37:28.219Z,34224.47,0,0.001,0.0035,0.0135,,other
500608,2024-05-19T12:00:00Z,2024-04-01T22:37:33.221Z,19674.18,0,0.0005,0.005,0.0085,,other
500609,2024-05-19T12:00:00Z,2024-04-01T22:37:41.913Z,28790.91,0,0.0005,0.027,0.28,,other
500629,2024-05-31T12:00:00Z,2024-04-02T19:49:13.34Z,24688.08,0,0.0025,0.0095,0.0305,,other
500652,2024-05-14T12:00:00Z,2024-04-05T00:48:05.038Z,56475.66,0,0.525,0.68,0.64,,politics
500653,2024-05-14T12:00:00Z,2024-04-05T00:48:07.878Z,63087.69,1,0.48,0.315,0.34,,politics
500767,2024-05-03T12:00:00Z,2024-04-05T23:17:37.003Z,14185.97,0,0.11,0.09,,,other
500768,2024-05-03T12:00:00Z,2024-04-05T23:17:33.504Z,9174.2,1,0.115,0.135,,,other
500769,2024-05-03T12:00:00Z,2024-04-05T23:17:30.115Z,10695.72,0,0.285,0.29,,,other
500770,2024-05-03T12:00:00Z,2024-04-05T23:17:26.452Z,10647.88,0,0.32,0.32,,,other
500771,2024-05-03T12:00:00Z,2024-04-05T23:17:22.923Z,18780.98,0,0.175,0.15,,,other
500834,2024-05-05T12:00:00Z,2024-04-09T19:25:23.497Z,48389.71,1,0.87,0.92,,,politics
500835,2024-05-05T12:00:00Z,2024-04-09T19:25:18.983Z,14569.59,0,0.507,0.03,,,politics
500836,2024-05-05T12:00:00Z,2024-04-09T19:25:14.488Z,9909.37,0,0.0255,0.0345,,,politics
500837,2024-05-05T12:00:00Z,2024-04-09T19:25:06.958Z,6029.32,0,0.031,0.022,,,politics
500838,2024-05-05T12:00:00Z,2024-04-09T19:24:59.959Z,7407.75,0,0.0005,0.0125,,,politics
500839,2024-05-05T12:00:00Z,2024-04-09T19:24:40.59Z,11002.94,0,0.0015,0.0045,,,politics
500840,2024-05-05T12:00:00Z,2024-04-09T19:24:49.816Z,10538.78,0,0.0015,0.0025,,,politics
500841,2024-05-05T12:00:00Z,2024-04-09T19:24:45.049Z,6811.46,0,0.0015,0.0055,,,politics
500858,2024-05-03T12:00:00Z,2024-04-10T20:17:01.134Z,37151.69,1,0.39,0.31,,,crypto/prices
500859,2024-05-03T12:00:00Z,2024-04-10T20:17:10.647Z,14628.93,0,0.24,0.175,,,crypto/prices
500879,2024-05-01T12:00:00Z,2024-04-11T00:17:50.821Z,26939.34,0,0.0065,0.013,,,other
500880,2024-05-01T12:00:00Z,2024-04-11T00:17:56.693Z,63628.97,0,0.048,0.0575,,,other
500881,2024-05-01T12:00:00Z,2024-04-11T00:18:05.726Z,98020.36,0,0.135,0.37,,,other
500882,2024-05-01T12:00:00Z,2024-04-11T00:18:16.461Z,48763.31,0,0.75,0.38,,,other
500883,2024-05-01T12:00:00Z,2024-04-11T00:18:27.366Z,97500.57,1,0.215,0.17,,,other
500886,2024-05-15T12:00:00Z,2024-04-11T00:26:45.601Z,27823.34,0,0.585,0.57,0.735,,sports
500903,2024-05-29T12:00:00Z,2024-04-12T15:37:21.437Z,42785.12,0,0.105,0.115,0.09,,politics
500904,2024-05-31T12:00:00Z,2024-04-12T16:45:54.021Z,28244.9,0,0.02,0.02,0.07,,other
500927,2024-05-22T12:00:00Z,2024-04-15T16:56:46.194Z,49223.15,0,0.675,0.675,0.525,,other
500928,2024-05-22T12:00:00Z,2024-04-15T16:56:50.207Z,16626.89,0,,,0.17,,other
500930,2024-05-22T12:00:00Z,2024-04-15T16:56:59.075Z,24682.33,0,,,,,other
500931,2024-05-22T12:00:00Z,2024-04-15T16:57:03.771Z,23299.59,1,0.315,0.33,0.235,,other
500983,2024-05-31T12:00:00Z,2024-04-16T00:58:09.111Z,54743.74,0,,,0.38,,sports
501010,2024-05-09T12:00:00Z,2024-04-17T22:24:30.101Z,25590.15,0,0.0045,0.026,,,other
501028,2024-05-31T12:00:00Z,2024-04-17T18:52:54.814Z,12016.52,0,0.0155,0.035,0.155,,other
501029,2024-05-31T12:00:00Z,2024-04-17T22:23:07.681Z,203963.08,0,0.005,0.0145,0.06,,other
501081,2024-05-31T12:00:00Z,2024-04-19T19:33:26.147Z,12387.07,0,,,,,other
501092,2024-05-25T12:00:00Z,2024-04-19T21:54:43.557Z,54510.62,0,0.825,0.825,0.77,,other
252511,2024-06-30T00:00:00Z,2023-10-04T16:41:26.009Z,363283.03,0,,,,,other
252512,2024-06-30T00:00:00Z,2023-10-04T16:58:19.136Z,10769.94,1,,,,,other
252529,2024-06-30T00:00:00Z,2023-10-03T22:16:43.09Z,72276.08,0,,,,,other
252530,2024-06-30T00:00:00Z,2023-10-03T22:16:51.821Z,25294.77,0,,,,,other
252533,2024-06-29T00:00:00Z,2023-10-03T22:16:36.91Z,31705.93,0,,,,,other
252534,2024-06-30T00:00:00Z,2023-10-04T15:39:33.998Z,159903.54,0,,,,,other
252535,2024-06-30T00:00:00Z,2023-10-04T15:39:33.983Z,78864.57,0,,,,,politics
252552,2024-06-30T00:00:00Z,2023-10-04T20:06:20.116Z,26154.59,0,,,,,other
252572,2024-06-30T00:00:00Z,2023-10-06T16:37:14.367Z,39000.0,0,,,,,other
252574,2024-06-30T00:00:00Z,2023-10-06T19:56:56.767Z,158663.7,0,,,,,other
252651,2024-06-30T00:00:00Z,2023-10-12T21:34:12.428Z,36652.31,0,,,,,other
252745,2024-06-30T00:00:00Z,2023-10-23T16:08:26.904Z,14209.77,0,,,,,other
252746,2024-06-30T00:00:00Z,2023-10-23T16:08:26.892Z,65265.04,1,,,,,other
253048,2024-07-01T00:00:00Z,2023-11-14T19:42:56.599Z,100450.05,0,,,,,crypto/prices
253206,2024-06-30T00:00:00Z,2023-11-26T18:50:08.443Z,32998.7,1,,,,,other
253234,2024-06-30T00:00:00Z,2023-11-29T20:12:31.311Z,15282.0,1,0.505,0.505,0.505,0.7,other
253242,2024-06-29T12:00:00Z,2023-11-30T17:00:50.261Z,7311.89,0,0.045,0.045,0.07,0.09,crypto/prices
253243,2024-06-30T00:00:00Z,2023-11-30T17:50:49.032Z,21950.13,0,0.023,0.024,0.1445,0.075,other
253245,2024-06-30T00:00:00Z,2023-11-30T17:48:26.544Z,200703.25,0,0.0065,0.01,0.11,0.35,other
253271,2024-07-01T00:00:00Z,2023-12-04T17:49:56.062Z,40408.99,0,,,,,crypto/prices
253334,2024-07-01T00:00:00Z,2023-12-07T17:17:50.145Z,22743.75,1,0.565,0.565,0.5,0.525,other
253399,2024-06-30T00:00:00Z,2023-12-12T19:08:07.217Z,357703.46,0,0.008,0.012,0.0425,0.115,other
253404,2024-06-30T00:00:00Z,2023-12-12T20:57:32.769Z,8197.2,0,0.48,0.515,0.155,0.205,other
253484,2024-06-25T00:00:00Z,2023-12-21T22:32:15.348Z,819850.48,0,,,,,politics
253510,2024-06-30T00:00:00Z,2023-12-26T18:03:32.553Z,33781.58,1,0.9705,0.901,0.95,0.925,other
253513,2024-06-29T00:00:00Z,2023-12-27T01:27:42.119Z,284782.16,0,0.009,0.018,0.033,0.0435,other
253516,2024-06-30T00:00:00Z,2023-12-26T20:21:12.854Z,5370.45,1,0.95,0.89,0.5,0.5,other
253517,2024-06-30T00:00:00Z,2023-12-26T20:16:20.013Z,45911.14,0,0.023,0.027,0.016,0.041,other
253554,2024-06-30T00:00:00Z,2023-12-28T22:00:14.46Z,340320.88,0,0.01,0.0185,0.059,0.09,other
253556,2024-06-30T00:00:00Z,2023-12-28T21:40:56.513Z,90600.63,0,0.0095,0.0245,0.053,0.07,other
253587,2024-06-29T12:00:00Z,2024-01-03T23:35:08.89Z,971400.98,1,,,,0.22,crypto/prices
253799,2024-06-06T00:00:00Z,2024-03-20T21:55:44.325Z,520370.7,1,0.66,0.635,0.46,,sports
253801,2024-06-06T00:00:00Z,2024-03-20T21:55:58.521Z,124675.84,0,,,0.075,,sports
253802,2024-06-06T00:00:00Z,2024-03-20T21:56:02.737Z,75248.95,0,,,,,sports
253804,2024-06-06T00:00:00Z,2024-03-20T21:56:07.827Z,21871.24,0,,,,,sports
253805,2024-06-06T00:00:00Z,2024-03-20T21:56:12.379Z,49268.11,0,,,0.01,,sports
253807,2024-06-06T00:00:00Z,2024-03-20T21:56:16.254Z,361916.75,0,,0.005,0.023,,sports
253808,2024-06-06T00:00:00Z,2024-03-20T21:56:20.901Z,62443.04,0,,,,,sports
253809,2024-06-06T00:00:00Z,2024-03-20T21:56:25.914Z,27895.4,0,,,,,sports
253811,2024-06-06T00:00:00Z,2024-03-20T21:56:31.225Z,40534.13,0,,,,,sports
253812,2024-06-06T00:00:00Z,2024-03-20T21:56:36.623Z,159415.5,0,,,0.005,,sports
253814,2024-06-06T00:00:00Z,2024-03-20T21:56:44.872Z,577307.82,0,0.3355,0.3275,0.085,,sports
253817,2024-06-06T00:00:00Z,2024-03-20T21:56:55.688Z,41421.01,0,,,,,sports
253819,2024-06-06T00:00:00Z,2024-03-20T21:57:05.752Z,149696.0,0,,,0.165,,sports
253820,2024-06-06T00:00:00Z,2024-03-20T21:57:13.091Z,233107.79,0,,0.0335,0.1295,,sports
253821,2024-06-06T00:00:00Z,2024-03-20T21:57:19.444Z,53399.53,0,,,0.0915,,sports
253824,2024-06-06T00:00:00Z,2024-03-20T21:57:25.608Z,38124.88,0,,,,,sports
253825,2024-06-06T00:00:00Z,2024-03-20T21:57:30.857Z,69812.83,0,,,0.006,,sports
253826,2024-06-06T00:00:00Z,2024-03-20T21:57:35.788Z,99297.86,0,,,,,sports
253827,2024-06-06T00:00:00Z,2024-03-20T21:57:41.125Z,16995.12,0,,,,,sports
253828,2024-06-06T00:00:00Z,2024-03-20T21:57:46.501Z,16955.43,0,,,,,sports
254230,2024-06-28T00:00:00Z,2024-01-31T16:54:00Z,115453.44,0,0.0115,0.0175,0.05,0.115,other
254247,2024-06-12T00:00:00Z,2024-01-31T21:12:52.701Z,1253483.92,0,0.029,0.0225,0.0545,0.6645,macro
254429,2024-06-30T12:00:00Z,2024-02-13T17:54:15.755Z,377945.44,0,0.0045,0.0085,0.0325,0.675,other
254454,2024-06-28T00:00:00Z,2024-02-14T21:37:00Z,174682.26,0,0.0155,0.0355,0.0495,0.395,other
254455,2024-06-28T12:00:00Z,2024-02-14T21:38:00Z,93645.92,0,0.009,0.0125,0.0965,0.085,other
254456,2024-06-28T12:00:00Z,2024-02-14T21:37:00Z,268035.62,0,0.004,0.004,0.019,0.055,other
254457,2024-06-28T12:00:00Z,2024-02-14T21:37:00Z,366875.08,1,0.9945,0.9405,0.91,0.9745,other
254459,2024-06-28T12:00:00Z,2024-02-14T21:37:00Z,89774.95,1,,,,0.595,other
254460,2024-06-28T12:00:00Z,2024-02-14T21:37:00Z,44213.33,0,0.0135,0.0135,0.045,0.045,other
254461,2024-06-28T12:00:00Z,2024-02-14T21:38:00Z,64058.71,0,0.01,0.4025,0.11,0.67,other
254462,2024-06-28T12:00:00Z,2024-02-14T21:38:00Z,15775.66,1,,,,,other
254467,2024-06-28T00:00:00Z,2024-02-14T21:37:00Z,13735.9,1,,,,,other
254468,2024-06-28T00:00:00Z,2024-02-14T21:37:00Z,38697.65,1,,,,0.73,other
254469,2024-06-28T12:00:00Z,2024-02-14T21:38:00Z,1735369.91,1,,,0.635,0.705,other
254484,2024-06-29T12:00:00Z,2024-02-15T17:18:17.142Z,81059.89,0,0.003,0.0075,0.045,0.16,other
254485,2024-06-28T12:00:00Z,2024-02-15T17:18:27.048Z,729959.92,1,,0.997,0.875,0.75,other
254486,2024-06-29T12:00:00Z,2024-02-15T17:18:21.734Z,138679.52,0,0.0035,0.006,0.0855,0.38,other
254487,2024-06-28T12:00:00Z,2024-02-15T17:18:31.422Z,9781.62,1,,,,0.8145,other
254488,2024-06-28T12:00:00Z,2024-02-15T17:18:35.802Z,94595.62,0,0.006,0.021,0.115,0.46,other
254489,2024-06-28T12:00:00Z,2024-02-15T17:18:41.223Z,127880.98,1,,,,0.79,other
254490,2024-06-28T12:00:00Z,2024-02-15T17:18:49.955Z,37491.48,0,0.0045,0.014,0.17,0.565,other
254491,2024-06-28T12:00:00Z,2024-02-15T17:18:56.653Z,44811.56,1,,,,0.9765,other
254562,2024-06-30T12:00:00Z,2024-02-21T17:11:32.459Z,13064.31,1,,,,,other
254563,2024-06-30T12:00:00Z,2024-02-21T17:11:32.356Z,70678.52,0,0.0055,0.027,0.18,0.75,other
254564,2024-06-30T12:00:00Z,2024-02-21T17:11:32.646Z,501528.58,1,,,0.9885,0.485,other
254565,2024-06-30T12:00:00Z,2024-02-21T17:11:32.206Z,121927.73,0,0.0055,0.0315,0.55,0.955,other
254566,2024-06-30T12:00:00Z,2024-02-21T17:11:32.457Z,31293.51,1,,,,0.997,other
254679,2024-06-30T00:00:00Z,2024-02-27T20:22:34.542Z,44184.51,0,0.02,0.0225,0.0465,0.055,other
254755,2024-06-30T00:00:00Z,2024-02-27T19:09:31.467Z,198007.22,0,0.006,0.0185,0.265,0.26,crypto/prices
254762,2024-06-30T00:00:00Z,2024-02-27T19:03:00Z,56920.04,0,0.01,0.021,0.095,0.685,crypto/prices
254768,2024-06-30T00:00:00Z,2024-02-27T19:10:05.891Z,228579.56,0,0.01,0.017,0.0325,0.085,other
254827,2024-06-30T12:00:00Z,2024-02-27T21:44:38.425Z,79814.82,0,0.004,0.0235,0.095,0.655,other
254832,2024-06-27T00:00:00Z,2024-02-27T22:48:07.508Z,37786.45,1,0.9655,0.905,0.72,0.655,other
255038,2024-06-30T00:00:00Z,2024-03-01T16:59:51.034Z,26931.8,0,0.02,0.055,0.055,0.085,other
255390,2024-06-30T12:00:00Z,2024-04-02T15:55:17.401Z,82405.06,0,0.005,0.01,0.03,,other
500119,2024-06-30T07:00:00Z,2024-03-14T21:11:08.679Z,15519.91,0,0.019,0.005,0.035,0.0375,other
500338,2024-06-05T23:00:00Z,2024-03-20T21:57:51.718Z,253728.46,0,,,,,sports
500397,2024-06-30T12:00:00Z,2024-03-22T17:47:18.702Z,50193.23,0,0.0035,0.003,0.0325,0.185,other
500428,2024-06-30T12:00:00Z,2024-03-26T15:10:35.727Z,83537.73,0,0.0165,0.1225,0.105,0.28,politics
500509,2024-06-01T12:00:00Z,2024-03-28T18:25:32.259Z,33244.22,0,0.065,0.055,0.085,,politics
500582,2024-06-30T12:00:00Z,2024-03-31T18:01:34.849Z,17770.27,0,,,,0.155,other
500682,2024-06-30T12:00:00Z,2024-04-04T16:00:26.389Z,205741.15,0,0.014,0.07,0.105,,crypto/prices
500750,2024-06-25T12:00:00Z,2024-05-02T21:17:58.541Z,44885.11,0,0.066,0.075,0.285,,politics
500751,2024-06-25T12:00:00Z,,37716.69,1,0.933,0.927,0.725,,politics
500786,2024-06-25T12:00:00Z,2024-04-05T22:27:20.878Z,5746.01,0,0.009,0.009,0.0205,,other
500826,2024-06-01T12:00:00Z,2024-04-10T22:45:10.697Z,6829.04,1,0.12,0.125,0.12,,other
500829,2024-06-04T12:00:00Z,2024-04-10T22:46:35.023Z,13810.29,0,0.075,0.12,0.075,,other
500830,2024-06-04T12:00:00Z,2024-04-10T22:46:40.753Z,29642.96,0,0.4255,0.054,0.025,,other
500832,2024-06-01T12:00:00Z,2024-04-10T22:08:18.774Z,205623.84,0,0.835,0.83,0.91,,politics
500865,2024-06-30T12:00:00Z,2024-04-10T20:10:00.262Z,7738.24,0,0.0055,0.045,0.09,,other
500866,2024-06-30T12:00:00Z,2024-04-10T20:09:21.977Z,50973.54,0,0.0045,0.006,0.035,,other
500867,2024-06-30T12:00:00Z,2024-04-10T20:12:57.599Z,22155.51,0,0.0085,0.0235,0.255,,other
500868,2024-06-30T12:00:00Z,2024-04-10T20:13:28.136Z,31307.69,0,0.0095,0.0195,0.1,,other
500869,2024-06-30T12:00:00Z,2024-04-10T20:14:47.743Z,20262.32,0,0.008,0.012,0.065,,other
500870,2024-06-30T12:00:00Z,2024-04-10T20:16:03.392Z,6982.79,0,0.015,0.0195,0.075,,other
500871,2024-06-30T12:00:00Z,2024-04-10T20:16:23.034Z,14457.09,0,0.008,0.0105,0.055,,other
500872,2024-06-30T12:00:00Z,2024-04-10T20:16:54.868Z,11016.94,0,0.0205,0.019,0.14,,politics
500873,2024-06-30T12:00:00Z,2024-04-10T20:17:19.32Z,11262.8,0,0.0095,0.014,0.03,,other
500874,2024-06-30T12:00:00Z,2024-04-10T20:17:42.725Z,113799.29,0,0.003,0.0035,0.015,,other
500875,2024-06-30T12:00:00Z,2024-04-10T20:18:06.769Z,17309.89,0,0.0085,0.013,0.016,,other
500876,2024-06-30T12:00:00Z,2024-04-10T20:18:33.449Z,26768.97,0,0.0055,0.008,0.065,,other
500877,2024-06-30T12:00:00Z,2024-04-10T20:19:02.343Z,43719.7,0,0.0065,0.0105,0.045,,other
500878,2024-06-30T12:00:00Z,2024-04-10T20:19:38.272Z,26246.61,0,0.0055,0.0095,0.37,,other
500888,2024-06-30T12:00:00Z,2024-04-11T15:06:26.231Z,12664.6,0,0.0095,0.0135,0.045,,politics
500963,2024-06-24T12:00:00Z,2024-04-16T16:48:48.15Z,34573.21,0,,,,,other
500964,2024-06-24T12:00:00Z,2024-04-16T16:48:53.645Z,17405.14,0,,,,,other
500965,2024-06-24T12:00:00Z,2024-04-16T16:48:58.147Z,95776.98,1,0.515,0.9,0.365,,other
500966,2024-06-24T12:00:00Z,2024-04-16T16:49:03.501Z,75552.11,0,,,0.12,,other
253209,2024-08-01T00:00:00Z,2023-11-27T18:29:13.328Z,275764.31,0,0.018,0.0755,0.07,0.036,crypto/prices
253691,2024-07-13T00:00:00Z,2024-01-13T00:41:17.752Z,6074886.86,1,0.995,0.99,0.955,0.925,politics
253692,2024-07-13T00:00:00Z,2024-01-13T00:41:40.522Z,416207.43,0,0.0005,0.0005,0.017,0.0075,politics
253693,2024-07-13T00:00:00Z,2024-01-13T00:42:01.006Z,452582.18,0,0.0015,0.003,0.0045,0.0045,politics
253695,2024-07-13T00:00:00Z,2024-01-13T00:42:16.426Z,854534.26,0,0.0035,0.0055,0.0095,0.0115,politics
253844,2024-07-13T00:00:00Z,2024-01-13T00:42:32.697Z,827477.86,0,0.0005,0.0025,0.0065,0.009,politics
253855,2024-07-13T00:00:00Z,2024-01-13T00:42:48.319Z,771652.86,0,0.0015,0.0035,0.007,0.018,politics
254258,2024-07-30T12:00:00Z,2024-02-01T19:20:49.195Z,1483098.4,0,0.003,0.0425,0.0565,0.045,politics
254413,2024-07-29T00:00:00Z,2024-02-15T18:08:00Z,21852.21,0,0.005,0.005,0.0065,0.008,politics
254443,2024-07-31T00:00:00Z,2024-02-13T18:55:54.075Z,1727507.99,0,0.0505,0.0525,0.0775,0.19,macro
254751,2024-07-15T00:00:00Z,2024-02-27T17:38:19.42Z,35331.56,0,,,,,other
255396,2024-07-20T00:00:00Z,2024-03-19T00:38:20.575Z,15917754.336328,1,0.56,0.56,0.565,0.42,sports
255397,2024-07-20T00:00:00Z,2024-03-19T00:38:28.293Z,32399877.164035,0,0.205,0.18,0.22,0.295,sports
255398,2024-07-20T00:00:00Z,2024-03-19T00:38:24.579Z,14968970.920633,0,0.225,0.255,0.285,0.24,sports
500102,2024-07-31T07:00:00Z,2024-03-13T21:15:40.072Z,82906.68,0,0.0085,0.019,0.075,0.065,other
500332,2024-07-31T04:00:00Z,2024-03-20T17:43:17.86Z,136593.65,1,,,,0.98,sports
500333,2024-07-31T04:00:00Z,2024-03-20T17:43:23.541Z,122810.83,0,,,,0.0085,sports
500334,2024-07-31T04:00:00Z,2024-03-20T17:43:30.718Z,198380.21,0,,,,0.0215,sports
500336,2024-07-31T04:00:00Z,2024-03-20T17:43:40.099Z,43708.05,0,,,,,sports
500429,2024-07-31T12:00:00Z,2024-03-26T15:10:42.782Z,94922.76,1,,,0.945,0.66,politics
500430,2024-07-31T12:00:00Z,2024-03-26T15:10:51.559Z,140195.79,0,,,0.022,0.0345,politics
500508,2024-07-04T12:00:00Z,2024-03-28T18:22:16.902Z,123498.38,0,0.0005,0.004,0.0125,0.02,politics
500583,2024-07-31T12:00:00Z,2024-03-31T18:01:42.795Z,6230.19,0,,,,,other
500584,2024-07-31T12:00:00Z,2024-03-31T18:01:59.767Z,37979.04,0,,,,,other
500945,2024-07-31T12:00:00Z,2024-04-15T16:03:38.792Z,116621.04,0,0.0125,0.028,0.021,0.0555,other
500958,2024-07-28T12:00:00Z,2024-04-15T22:49:06.486Z,216211.3,0,0.0015,0.01,0.0095,0.085,crypto/prices
500959,2024-07-28T12:00:00Z,2024-04-15T22:49:11.043Z,251892.0,0,0.005,0.0555,0.0135,0.205,crypto/prices
500960,2024-07-28T12:00:00Z,2024-04-15T22:49:14.815Z,95844.19,0,0.002,0.1375,0.065,0.295,crypto/prices
500961,2024-07-28T12:00:00Z,2024-04-15T22:49:18.794Z,75808.29,0,0.049,0.27,0.34,0.235,crypto/prices
500962,2024-07-28T12:00:00Z,2024-04-15T22:49:24.049Z,260203.18,1,0.961,0.53,0.605,0.17,crypto/prices
501114,2024-07-01T12:00:00Z,2024-04-22T17:05:05.837Z,140097.3,0,0.0025,0.01,0.017,,politics
501133,2024-07-31T12:00:00Z,2024-04-22T21:27:22.813Z,9771.95,0,,,,,other
501291,2024-07-31T12:00:00Z,2024-04-30T23:00:38.013Z,7461.27,1,,,0.995,0.3,other
501431,2024-07-18T12:00:00Z,2024-05-18T18:17:40.292Z,2687918.07,0,0.002,0.34,0.285,,other
501432,2024-07-18T12:00:00Z,2024-05-18T18:17:46.158Z,1887165.57,0,0.0005,0.0385,0.029,,other
501433,2024-07-18T12:00:00Z,2024-05-07T02:08:41.926Z,1802365.77,0,0.0005,0.0115,0.0015,,other
501434,2024-07-18T12:00:00Z,2024-05-07T02:08:41.297Z,820516.73,0,0.0005,0.0065,0.0085,,other
501435,2024-07-18T12:00:00Z,2024-05-06T23:10:32.176Z,650022.37,0,0.0005,0.0025,0.002,,other
501437,2024-07-18T12:00:00Z,2024-05-06T23:10:32.826Z,451533.35,0,0.0005,0.0025,0.0015,,other
501438,2024-07-18T12:00:00Z,2024-05-06T23:10:32.504Z,459223.76,0,0.0005,0.002,0.0015,,other
501439,2024-07-18T12:00:00Z,2024-05-06T23:10:33.232Z,655170.59,0,0.0005,0.0015,0.002,,other
501440,2024-07-18T12:00:00Z,2024-05-06T23:10:33.642Z,1827864.59,0,0.0005,0.0845,0.0265,,other
501441,2024-07-18T12:00:00Z,2024-05-06T23:10:33.972Z,486756.27,0,0.0005,0.0015,0.0015,,other
501442,2024-07-18T12:00:00Z,2024-05-06T23:10:34.384Z,378435.48,0,0.0005,0.0005,0.0015,,other
501445,2024-07-18T12:00:00Z,2024-05-06T23:10:34.726Z,387492.8,0,0.0005,0.0005,0.0015,,other
501446,2024-07-18T12:00:00Z,2024-05-06T23:10:35.02Z,407851.6,0,0.0005,0.0015,0.0015,,other
501447,2024-07-18T12:00:00Z,2024-05-06T23:10:35.462Z,140006.88,1,0.9965,0.56,0.65,,other
501702,2024-07-20T12:00:00Z,,9246.11,0,,,0.006,,politics
501705,2024-07-20T12:00:00Z,,10468.29,0,,,0.0005,,politics
501706,2024-07-20T12:00:00Z,2024-05-21T02:07:45.524Z,39807.48,1,,,0.195,,politics
501707,2024-07-20T12:00:00Z,,75406.2,0,,,0.345,,politics
501708,2024-07-20T12:00:00Z,,5669.0,0,,,0.0005,,politics
501709,2024-07-20T12:00:00Z,,12722.64,0,,,0.0005,,politics
501710,2024-07-20T12:00:00Z,,9437.14,0,,,0.0005,,politics
501711,2024-07-20T12:00:00Z,,9056.75,0,,,0.0015,,politics
501712,2024-07-20T12:00:00Z,,8016.5,0,,,0.0015,,politics
501713,2024-07-20T12:00:00Z,,7233.01,0,,,0.001,,politics
501714,2024-07-20T12:00:00Z,,36537.37,0,,,0.453,,politics
501715,2024-07-20T12:00:00Z,,11455.19,0,,,0.0035,,politics
501716,2024-07-20T12:00:00Z,2024-05-21T02:07:12.483Z,7043.88,0,,,0.0015,,politics
501762,2024-07-04T12:00:00Z,,177517.85,0,0.008,0.013,0.0505,,politics
501763,2024-07-04T12:00:00Z,,295470.71,1,0.9895,0.976,0.945,,politics
501764,2024-07-04T12:00:00Z,,168878.02,0,0.0005,0.0005,0.0015,,politics
501765,2024-07-04T12:00:00Z,,174546.97,0,0.0005,0.0005,0.0015,,politics
501766,2024-07-04T12:00:00Z,,187927.37,0,0.0005,0.0005,0.0015,,politics
501767,2024-07-04T12:00:00Z,,137462.77,0,0.0005,0.0005,0.0015,,politics
501768,2024-07-04T12:00:00Z,,138971.32,0,0.0005,0.0005,0.0015,,politics
501769,2024-07-04T12:00:00Z,,147509.12,0,0.0005,0.0005,0.0015,,politics
501770,2024-07-04T12:00:00Z,,218153.84,0,0.0005,0.0005,0.0015,,politics
501771,2024-07-04T12:00:00Z,,204562.31,0,0.0005,0.0005,0.0015,,politics
501772,2024-07-04T12:00:00Z,,237294.96,0,0.0005,0.0005,0.0015,,politics
501773,2024-07-04T12:00:00Z,,176795.4,0,0.0005,0.0005,0.0015,,politics
501774,2024-07-04T12:00:00Z,,132572.79,0,0.005,0.005,0.003,,politics
501777,2024-07-04T12:00:00Z,,26476.52,0,0.035,0.0345,0.048,,politics
501778,2024-07-04T12:00:00Z,,10973.51,0,0.075,0.1,0.34,,politics
501779,2024-07-04T12:00:00Z,,13284.33,0,0.42,0.325,0.435,,politics
501780,2024-07-04T12:00:00Z,,16268.76,0,0.465,0.385,0.145,,politics
501781,2024-07-04T12:00:00Z,,31262.22,1,0.07,0.0775,0.043,,politics
501784,2024-07-04T12:00:00Z,,14903.27,0,0.0105,0.0105,0.007,,politics
501796,2024-07-04T12:00:00Z,,79377.52,1,0.74,0.845,0.47,,politics
501797,2024-07-04T12:00:00Z,,25266.89,0,0.1105,0.035,0.175,,politics
501798,2024-07-04T12:00:00Z,,37346.83,0,0.0665,0.0355,0.195,,politics
501799,2024-07-04T12:00:00Z,,33679.71,0,0.0535,0.0305,0.105,,politics
501800,2024-07-04T12:00:00Z,,27636.28,0,0.043,0.029,0.05,,politics
501801,2024-07-04T12:00:00Z,,26451.36,0,0.032,0.023,0.04,,politics
501802,2024-07-04T12:00:00Z,,53620.85,0,0.038,0.0245,0.075,,politics
501826,2024-07-04T12:00:00Z,,37952.52,1,0.375,0.36,0.675,,politics
501849,2024-07-03T12:00:00Z,2024-05-29T23:30:38.258Z,529779.05,0,0.0185,0.765,0.595,,crypto/prices
501931,2024-07-11T12:00:00Z,2024-07-02T15:36:27.103Z,24323.81,1,,0.995,0.26,,politics
501933,2024-07-11T12:00:00Z,2024-06-01T00:32:53.175Z,234499.57815,0,0.06,0.074,0.0675,,crypto/prices
501934,2024-07-11T12:00:00Z,2024-05-31T03:32:18.824Z,138756.702271,0,0.485,0.32,0.64,,politics
501935,2024-07-11T12:00:00Z,2024-05-31T03:32:19.306Z,38500.393374,0,0.215,0.145,0.245,,politics
501936,2024-07-11T12:00:00Z,2024-05-31T03:32:19.68Z,36124.711178,0,0.165,0.14,0.195,,politics
501958,2024-07-11T12:00:00Z,2024-05-31T16:12:59.081901Z,1514093.113306,1,0.785,0.745,0.775,,politics
501959,2024-07-11T12:00:00Z,2024-05-31T17:36:15.758Z,1025534.895448,0,0.115,0.125,0.155,,politics
501960,2024-07-11T12:00:00Z,2024-05-31T17:36:16.277Z,3461448.079339,0,0.0365,0.037,0.0415,,politics
501961,2024-07-11T12:00:00Z,2024-05-31T17:36:16.632Z,2663689.67615,0,0.027,0.025,0.0135,,politics
501962,2024-07-11T12:00:00Z,2024-05-31T17:36:16.971Z,768705.021148,0,0.006,0.0055,0.0125,,politics
501963,2024-07-11T12:00:00Z,2024-05-31T17:36:17.586Z,684733.291912,0,0.071,0.0715,0.035,,politics
501986,2024-07-14T12:00:00Z,,1029758.49,0,0.415,0.26,0.2,,other
501987,2024-07-14T12:00:00Z,,1318412.12,1,0.585,0.335,0.095,,other
501989,2024-07-14T12:00:00Z,,468556.61,0,,0.255,0.195,,other
501990,2024-07-14T12:00:00Z,,334966.99,0,,0.165,0.155,,other
501991,2024-07-14T12:00:00Z,,227209.95,0,,0.0005,0.115,,other
501992,2024-07-14T12:00:00Z,,128928.54,0,,,0.05,,other
501993,2024-07-14T12:00:00Z,,178341.69,0,,,0.045,,other
501994,2024-07-14T12:00:00Z,,452885.35,0,0.0005,0.167,0.065,,other
501995,2024-07-14T12:00:00Z,,115631.21,0,,,0.027,,other
501996,2024-07-14T12:00:00Z,,113766.48,0,,,0.0145,,other
501997,2024-07-14T12:00:00Z,,134926.23,0,,,0.007,,other
501998,2024-07-14T12:00:00Z,2024-06-03T17:01:10.453Z,307188.89,0,,0.0605,0.0155,,other
501999,2024-07-14T12:00:00Z,,220472.42,0,,,0.0105,,other
502000,2024-07-14T12:00:00Z,2024-06-03T16:59:43.189Z,397784.67,0,,0.0005,0.0105,,other
502001,2024-07-14T12:00:00Z,,293537.51,0,0.0005,0.0005,0.0395,,other
502002,2024-07-28T12:00:00Z,,2594710.24,0,0.825,0.8,0.7,,politics
502003,2024-07-28T12:00:00Z,,858714.83,0,0.0005,0.003,0.0015,,politics
502004,2024-07-28T12:00:00Z,,426456.69,0,0.0005,0.002,0.002,,politics
240382,2024-08-09T12:00:00Z,2022-01-11T02:13:47.363Z,5770423.69,0,0.0045,0.007,0.705,0.9,politics
240383,2024-08-10T00:00:00Z,2022-01-11T02:15:03.479Z,86512.57,1,0.9995,0.9935,0.27,0.095,politics
240384,2024-08-10T00:00:00Z,2022-01-11T02:16:27.452Z,26606.37,0,0.01,0.0165,0.04,0.045,politics
240385,2024-08-10T00:00:00Z,2022-01-11T02:17:39.534Z,80797.38,0,0.01,0.016,0.035,0.0435,politics
250482,2024-08-10T00:00:00Z,2023-04-25T17:09:14.938Z,641848.95,0,0.002,0.0065,0.0225,0.0305,politics
252356,2024-08-22T12:00:00Z,2023-09-21T19:58:19.173Z,26770.73,0,,,,0.0455,other
252829,2024-08-22T12:00:00Z,2023-10-25T15:47:40.873Z,11742.06,0,,,,0.045,politics
253697,2024-08-18T12:00:00Z,2024-01-13T01:31:00Z,57519438.44,0,,,0.125,0.895,politics
253698,2024-08-19T00:00:00Z,2024-01-13T01:32:00Z,37514692.52,0,,,0.032,0.0155,politics
253699,2024-08-19T00:00:00Z,2024-01-13T01:32:00Z,28528853.89,0,,,0.003,0.0015,politics
253701,2024-08-19T00:00:00Z,2024-01-13T01:32:00Z,54563172.65,1,,,0.615,0.0185,politics
253702,2024-08-19T00:00:00Z,2024-01-13T01:33:00Z,35289981.76,0,,,0.0065,0.0015,politics
253703,2024-08-19T00:00:00Z,2024-01-13T01:33:00Z,47510450.44,0,,,0.031,0.056,politics
253842,2024-08-19T00:00:00Z,2024-01-13T01:34:00Z,16590051.98,0,,,0.0005,0.0015,crypto/prices
253843,2024-08-18T12:00:00Z,2024-01-13T01:34:00Z,28123133.59,0,,,0.193,0.008,politics
253874,2024-08-19T00:00:00Z,2024-01-13T01:35:00Z,22226397.94,0,,,0.0025,0.0015,politics
253926,2024-08-21T12:00:00Z,2024-01-17T17:19:00.193Z,1397015.7,0,,,0.02,0.905,politics
253944,2024-08-22T00:00:00Z,2024-01-18T22:09:00Z,9761.32,0,,,,,other
253945,2024-08-22T00:00:00Z,2024-01-18T22:09:00Z,6622.0,0,,,,,other
253951,2024-08-22T00:00:00Z,2024-01-18T22:09:00Z,12532.0,0,,,,,other
254415,2024-08-29T00:00:00Z,2024-02-15T18:09:00Z,26789.61,0,0.002,0.0035,0.0105,0.1,politics
254501,2024-09-01T00:00:00Z,2024-02-15T17:43:49.002Z,29581.21,1,,,,0.9805,other
500753,2024-08-06T12:00:00Z,2024-05-02T23:15:59.282Z,76625.6,0,0.175,0.31,0.7,0.37,politics
500754,2024-08-06T12:00:00Z,,46338.29,1,0.81,0.765,0.3,0.63,politics
500755,2024-08-06T12:00:00Z,2024-05-02T21:33:50.114Z,6980.37,0,0.0065,0.495,0.495,0.01,politics
500756,2024-08-06T12:00:00Z,2024-05-02T21:33:52.312Z,5186.01,0,0.005,0.495,0.495,0.01,politics
500757,2024-08-06T12:00:00Z,2024-05-02T21:33:51.866Z,8816.18,0,0.002,0.495,0.495,0.01,politics
500758,2024-08-13T12:00:00Z,2024-05-02T22:40:50.972Z,408581.76,1,0.9615,0.9615,0.905,0.79,politics
500759,2024-08-13T12:00:00Z,2024-05-03T14:26:03.607Z,67415.25,0,0.001,0.0025,0.0005,0.0065,politics
500760,2024-08-13T12:00:00Z,2024-08-06T20:51:31.865Z,57543.3,0,0.001,0.0025,0.0005,0.0065,politics
500761,2024-08-13T12:00:00Z,2024-05-02T21:23:52.947Z,463464.31,0,0.0385,0.0335,0.095,0.21,politics
500762,2024-08-13T12:00:00Z,2024-08-06T20:51:32.356Z,60294.65,0,0.0005,0.001,0.0005,0.0065,politics
500782,2024-08-08T12:00:00Z,2024-04-08T19:43:08.289Z,61019.5,1,,,0.305,0.67,other
501242,2024-08-31T12:00:00Z,2024-04-29T22:52:36.687Z,14048.42,1,,,,,politics
501359,2024-08-06T12:00:00Z,,23242.39,1,0.986,0.9765,0.9645,0.96,politics
501360,2024-08-06T12:00:00Z,2024-05-02T21:30:14.308Z,25558.55,0,0.013,0.0125,0.0255,0.0185,politics
501361,2024-08-06T12:00:00Z,2024-05-02T21:30:14.956Z,21607.69,0,0.0105,0.0095,0.012,0.0125,politics
501754,2024-08-31T12:00:00Z,,7091.79,0,,,,0.0045,other
501755,2024-08-31T12:00:00Z,,8557.19,0,,,,0.0035,other
501756,2024-08-31T12:00:00Z,,10567.02,0,,,,0.003,other
501757,2024-08-31T12:00:00Z,,8050.01,1,,,,0.994,other
501862,2024-08-31T12:00:00Z,2024-06-10T23:41:56.086Z,1345780.16,0,0.009,0.055,0.345,0.145,other
501863,2024-08-31T12:00:00Z,2024-07-12T17:42:35.15Z,972382.17,0,0.029,0.065,0.095,0.53,other
501867,2024-08-31T12:00:00Z,2024-08-27T22:33:49.661Z,52709.44,1,0.986,0.955,0.84,0.675,other
501973,2024-08-31T12:00:00Z,2024-05-31T18:27:06.19526Z,55824.48,0,0.009,0.0445,0.0885,0.385,other
502052,2024-08-01T12:00:00Z,,49907.24,0,0.0055,0.055,0.07,,politics
502255,2024-08-13T12:00:00Z,2024-06-10T19:52:58.799Z,68734.35,0,0.295,0.42,0.42,,politics
502260,2024-08-31T12:00:00Z,2024-08-29T17:36:09.441Z,82951.01,0,0.0225,0.065,0.075,,other
502957,2024-08-19T12:00:00Z,2024-06-28T05:52:45.369Z,1549029.68,1,,,0.74,,politics
502959,2024-08-19T12:00:00Z,2024-06-28T04:35:09.934Z,565085.42,0,,,0.33,,other
502989,2024-08-31T12:00:00Z,2024-07-21T22:01:12.701Z,1156705.11,0,,,0.0055,,politics
502990,2024-08-31T12:00:00Z,2024-07-21T22:01:10.926Z,174581.73,0,,,0.016,,politics
502991,2024-08-31T12:00:00Z,2024-06-28T18:21:54.059Z,113951.66,0,,,0.0125,,politics
502992,2024-08-31T12:00:00Z,2024-07-01T23:02:37.723Z,58840.48,0,,,,,politics
502993,2024-08-31T12:00:00Z,2024-07-01T23:02:37Z,251664.72,0,,,,,politics
502994,2024-08-31T12:00:00Z,2024-07-01T23:02:38.161Z,39789.79,0,,,,,politics
502995,2024-08-31T12:00:00Z,2024-07-01T23:02:37.349Z,313450.75,0,,,,,politics
502996,2024-08-31T12:00:00Z,2024-06-28T18:21:54.539Z,57616.92,1,,,,,politics
502997,2024-08-31T12:00:00Z,2024-06-28T18:21:54.996Z,94087.67,0,,,0.0255,,politics
502998,2024-08-19T12:00:00Z,2024-06-28T19:05:30.158Z,32781.28,0,,,0.725,,politics
502999,2024-08-19T12:00:00Z,2024-06-28T19:05:30.619Z,21750.1,1,,,,,politics
503000,2024-08-29T12:00:00Z,2024-06-28T20:27:45.564Z,188388.31,0,,,0.011,,politics
503012,2024-08-31T12:00:00Z,,77859.97,0,,,0.0175,,politics
503040,2024-08-01T12:00:00Z,,307328.01,0,0.0015,0.009,0.011,,politics
503048,2024-08-19T12:00:00Z,2024-07-01T19:45:11.105Z,1413633.24,0,0.0005,0.0045,0.25,,politics
503049,2024-08-31T12:00:00Z,2024-07-01T16:55:26.306332Z,121125.6,0,0.0145,0.0445,0.145,,other
503052,2024-08-01T12:00:00Z,,63694.57,0,0.006,0.004,0.02,,politics
503054,2024-08-31T12:00:00Z,2024-07-05T18:47:27.614Z,53804.04,0,0.013,0.0215,0.0385,,politics
503055,2024-08-22T12:00:00Z,,56675.05,0,,,0.013,,politics
503174,2024-08-22T12:00:00Z,2024-07-03T18:09:15.994Z,4557220.69,0,,,0.0065,,politics
503175,2024-08-22T12:00:00Z,2024-07-03T18:09:22.095Z,9023366.09,0,,,0.0635,,politics
503176,2024-08-22T12:00:00Z,2024-07-03T18:09:27.282Z,5769374.22,0,,,0.0145,,politics
503177,2024-08-22T12:00:00Z,2024-07-03T18:09:38.941Z,1114009.63,0,,,0.0005,,politics
503178,2024-08-22T12:00:00Z,2024-07-03T18:09:48.559Z,4256455.56,0,,,0.0265,,politics
503180,2024-08-22T12:00:00Z,2024-07-03T18:09:55.489Z,1798321.31,0,,,0.006,,politics
503181,2024-08-22T12:00:00Z,2024-07-03T18:10:02.964Z,6557745.54,0,,,0.016,,politics
503182,2024-08-22T12:00:00Z,2024-07-03T18:10:08.342Z,1726224.1,0,,,0.0005,,politics
503183,2024-08-22T12:00:00Z,2024-07-03T18:10:14.914Z,1222768.33,0,,,0.002,,crypto/prices
503184,2024-08-22T12:00:00Z,2024-07-03T18:10:24.088Z,1303621.74,0,,,0.002,,politics
503185,2024-08-22T12:00:00Z,2024-07-03T18:10:30.48Z,5844373.91,0,,,0.022,,politics
503186,2024-08-22T12:00:00Z,2024-07-03T18:10:38.345Z,1042388.68,0,,,0.0005,,politics
503187,2024-08-22T12:00:00Z,2024-07-03T18:10:45.328Z,1064502.81,0,,,0.0015,,politics
503188,2024-08-22T12:00:00Z,2024-07-03T18:10:51.225Z,5005051.36,0,,,0.0255,,politics
503189,2024-08-22T12:00:00Z,2024-07-03T18:10:58.83Z,5206054.38,0,,,0.24,,politics
503190,2024-08-22T12:00:00Z,2024-07-03T18:11:04.351Z,11499090.47,0,,,0.158,,politics
503191,2024-08-22T12:00:00Z,2024-07-03T18:11:10.962Z,12902914.06,1,,,0.0105,,politics
503192,2024-08-22T12:00:00Z,2024-07-03T18:07:52.283Z,2344366.01,0,,,0.0045,,politics
503226,2024-08-22T12:00:00Z,,2649254.01,0,,,0.012,,politics
503227,2024-08-22T12:00:00Z,,16505096.89,0,,,0.26,,politics
503228,2024-08-22T12:00:00Z,,12826516.15,0,,,0.1815,,politics
503287,2024-08-31T12:00:00Z,2024-07-08T19:01:50.762338Z,29495.6,0,0.011,0.0165,0.0785,,other
503337,2024-08-11T12:00:00Z,2024-07-11T18:56:54.922Z,4289679.93,1,0.8285,0.71,0.82,,other
503339,2024-08-11T12:00:00Z,2024-07-11T18:56:55.69Z,3614684.26,0,0.1675,0.275,0.18,,other
503340,2024-08-11T12:00:00Z,2024-07-11T18:56:56.125Z,1089259.32,0,0.0005,0.002,0.016,,other
503343,2024-08-11T12:00:00Z,2024-07-11T18:56:56.573Z,1061810.2,0,0.0005,0.0025,0.0135,,other
503345,2024-08-11T12:00:00Z,2024-07-11T18:33:33.018Z,1119369.49,0,0.0005,0.0025,0.0105,,other
503346,2024-08-31T12:00:00Z,2024-07-10T16:13:08.388Z,79727.13,0,0.003,0.006,0.0405,,politics
503347,2024-08-11T12:00:00Z,,2389126.63,1,0.9985,0.9875,,,other
503348,2024-08-11T12:00:00Z,,1793055.72,0,0.0015,0.0065,,,other
503349,2024-08-11T12:00:00Z,,1294214.08,0,0.0005,0.0015,,,other
503350,2024-08-11T12:00:00Z,,731008.52,0,0.0005,0.0015,,,other
503351,2024-08-11T12:00:00Z,,890249.12,0,0.0005,0.0045,,,other
503352,2024-08-11T12:00:00Z,,1069380.19,0,0.0005,0.0015,,,other
503363,2024-08-11T12:00:00Z,,36219.14,1,,0.29,0.21,,other
503369,2024-08-11T12:00:00Z,,74687.39,0,,,0.12,,other
503396,2024-08-11T12:00:00Z,2024-07-12T04:00:33.303Z,22796.69,1,,0.995,0.5,,other
503402,2024-08-11T12:00:00Z,2024-07-11T18:33:32.585Z,815367.33,0,0.0005,0.01,0.0145,,other
503459,2024-08-15T12:00:00Z,2024-07-14T01:10:10.841Z,1062136.64,1,0.996,0.987,0.935,,other
503467,2024-08-31T12:00:00Z,2024-07-14T14:58:54.861Z,288863.95,1,,,,,other
503527,2024-08-31T12:00:00Z,2024-07-16T01:45:24.85Z,98062.64,0,0.0095,0.0155,0.0385,,other
503535,2024-08-31T12:00:00Z,2024-07-26T15:07:38.978Z,6195836.69,1,,0.982,0.245,,politics
503584,2024-08-31T12:00:00Z,2024-07-16T18:53:01.81966Z,117361.55,0,0.003,0.0015,0.0195,,politics
503597,2024-08-31T12:00:00Z,2024-07-17T17:24:34.297Z,16804.292382,0,0.017,0.005,0.032,,other
503598,2024-08-31T12:00:00Z,2024-07-17T17:24:34.911Z,15156.056259,0,0.0025,0.003,0.0425,,other
503599,2024-08-31T12:00:00Z,2024-07-17T17:24:35.593Z,10826.571532,1,0.01,0.0125,0.0275,,other
503603,2024-08-31T12:00:00Z,2024-07-19T08:45:54.377Z,35681.71,0,0.0075,0.012,0.026,,other
503605,2024-08-31T12:00:00Z,2024-07-17T16:23:40.441116Z,23878.81,0,0.0025,0.01,0.0195,,politics
503610,2024-08-11T12:00:00Z,,1312488.09,1,0.925,0.835,,,other
503611,2024-08-11T12:00:00Z,,230316.69,0,,0.0505,,,other
240379,2024-09-10T00:00:00Z,2023-02-23T16:36:44.22Z,490480.59,0,,,,0.038,politics
240380,2024-09-10T00:00:00Z,2023-02-23T16:36:44.053Z,6552460.32,1,,,,0.964,politics
240381,2024-09-10T00:00:00Z,2023-02-23T16:36:43.982Z,168305.55,0,,,,0.0225,politics
240637,2024-09-10T00:00:00Z,2023-02-23T16:36:44.221Z,70303.86,0,,,,0.055,politics
240639,2024-09-10T00:00:00Z,2023-02-23T16:36:44.22Z,11892.17,0,,,,0.03,politics
240641,2024-09-10T00:00:00Z,2023-02-23T16:36:44.318Z,12545.64,0,,,,0.0375,politics
240642,2024-09-10T00:00:00Z,2023-02-23T16:36:43.906Z,16384.3,0,,,,0.045,politics
240643,2024-09-10T00:00:00Z,2023-02-23T16:36:44.319Z,13695.23,0,,,,0.035,politics
246667,2024-09-10T00:00:00Z,2022-07-08T13:53:22.486Z,576046.71,0,,,,0.055,politics
247745,2024-09-10T00:00:00Z,2023-02-23T16:36:44.221Z,38200.42,0,,,,0.04,politics
248211,2024-09-10T00:00:00Z,2023-02-23T16:36:44.22Z,6881.35,0,,,,0.0365,politics
248212,2024-09-10T00:00:00Z,2023-02-23T16:36:44.318Z,8230.94,0,,,,0.0415,politics
248877,2024-09-10T00:00:00Z,2023-02-23T16:36:44.053Z,214872.73,0,,,,0.039,politics
251316,2024-09-10T00:00:00Z,2023-06-13T04:28:43.333Z,6080.72,0,,,,0.035,politics
251581,2024-09-10T00:00:00Z,2023-06-23T14:30:42.712Z,4174022.0,0,,,,0.855,politics
252018,2024-09-09T00:00:00Z,2023-08-21T19:01:12.08Z,5578.79,0,,,,0.145,politics
252194,2024-09-09T12:00:00Z,2023-09-08T17:25:20.971Z,293881.16,0,,,,0.245,politics
253915,2024-09-04T00:00:00Z,2024-01-17T18:00:12.26Z,18189.259712,0,0.0035,0.0015,0.026,0.0005,sports
253916,2024-09-04T00:00:00Z,2024-01-17T18:00:25.893Z,17890.996086,1,0.9825,0.977,0.95,0.95,sports
253917,2024-09-04T00:00:00Z,2024-01-17T18:00:44.936Z,30193.359933,0,0.001,0.0055,0.0065,0.0155,sports
253918,2024-09-04T00:00:00Z,2024-01-17T18:01:00.512Z,31576.841836,0,0.0045,0.0005,0.0065,0.01,sports
253919,2024-09-04T00:00:00Z,2024-01-17T18:01:20.435Z,32074.242434,0,0.0035,0.012,0.005,0.002,sports
253920,2024-09-04T00:00:00Z,2024-01-17T18:01:47.576Z,9720.408525,0,0.0045,0.0045,0.005,0.0025,sports
253921,2024-09-04T00:00:00Z,2024-01-17T18:02:13.857Z,30916.802948,0,0.0045,0.002,0.499,0.4995,sports
253925,2024-09-04T00:00:00Z,2024-01-17T18:02:50.728Z,16276.264376,0,0.005,0.0175,0.0255,0.0255,sports
253992,2024-09-05T12:00:00Z,2024-01-18T21:14:00Z,4881266.8,0,,,,0.245,other
253993,2024-09-05T12:00:00Z,2024-01-18T21:14:00Z,3416288.29,0,,,,0.0505,other
253994,2024-09-05T12:00:00Z,2024-01-18T21:14:00Z,4356530.86,0,,,,0.0105,other
253995,2024-09-05T12:00:00Z,2024-01-18T21:13:00Z,6674832.41,0,,,,0.043,other
253996,2024-09-05T12:00:00Z,2024-01-18T21:14:00Z,4569010.35,0,,,,0.0305,other
253997,2024-09-05T12:00:00Z,2024-01-18T21:14:00Z,3346195.06,0,,,,0.0015,other
253998,2024-09-05T12:00:00Z,2024-01-18T21:14:00Z,3760323.9,0,,,,0.05,other
253999,2024-09-05T12:00:00Z,2024-01-18T21:14:00Z,4035172.28,0,,,,0.0395,other
254000,2024-09-05T12:00:00Z,2024-01-18T21:14:00Z,3540382.36,0,,,,0.006,other
254001,2024-09-05T12:00:00Z,2024-01-18T21:14:00Z,6008855.24,0,,,,0.0015,other
254005,2024-09-05T12:00:00Z,2024-01-18T21:14:00Z,4993587.5,0,,,,0.0655,other
254111,2024-09-04T12:00:00Z,2024-01-18T21:14:00Z,3213095.78,0,,,,0.091,other
254112,2024-09-04T12:00:00Z,2024-01-18T21:14:00Z,6452293.01,1,,,,0.1145,other
254123,2024-09-04T12:00:00Z,2024-01-18T21:14:00Z,3244929.84,0,,,,0.004,other
254124,2024-09-04T12:00:00Z,2024-01-18T21:14:00Z,2126932.97,0,,,,0.004,other
254125,2024-09-04T12:00:00Z,2024-01-18T21:14:00Z,2854968.07,0,,,,0.002,other
254190,2024-09-08T12:00:00Z,2024-01-30T05:59:00Z,2481274.42,0,,,,0.006,other
254191,2024-09-08T12:00:00Z,2024-01-30T05:59:00Z,3619916.78,0,,,,0.102,other
254192,2024-09-08T12:00:00Z,2024-01-30T05:59:00Z,2202587.58,0,,,,0.0015,other
254193,2024-09-08T12:00:00Z,2024-01-30T05:59:00Z,1748824.26,0,,,,0.0015,other
254195,2024-09-08T12:00:00Z,2024-01-30T05:59:00Z,2680996.51,0,,,,0.008,other
254196,2024-09-08T12:00:00Z,2024-01-30T05:59:00Z,3805135.7,0,,,,0.005,politics
254197,2024-09-08T12:00:00Z,2024-01-30T05:59:00Z,2726180.38,0,,,,0.175,other
254198,2024-09-08T12:00:00Z,2024-01-30T06:00:00Z,2952937.22,0,,,,0.055,other
254199,2024-09-08T12:00:00Z,2024-01-30T05:59:00Z,2873124.59,0,,,,0.0025,other
254231,2024-09-28T00:00:00Z,2024-01-31T16:54:00Z,386476.517734,0,0.0045,0.014,0.0135,0.4245,other
254614,2024-09-28T00:00:00Z,2024-02-21T23:17:00Z,82503.594212,0,0.004,0.0045,0.565,0.495,other
254682,2024-09-30T00:00:00Z,2024-02-27T20:44:16.543Z,12797.815436,0,0.0035,0.0045,0.024,0.0155,other
254758,2024-10-01T00:00:00Z,2024-02-27T19:09:41.031Z,2301989.52724,0,0.0005,0.0045,0.02,0.33,crypto/prices
254763,2024-09-30T00:00:00Z,2024-02-27T19:03:00Z,335641.925723,0,0.0035,0.004,0.0275,0.22,crypto/prices
255335,2024-09-18T00:00:00Z,2024-03-08T18:55:46.214Z,20345317.826273,1,0.983,0.973,0.9365,0.5755,macro
255391,2024-09-30T12:00:00Z,2024-04-02T15:55:21.907Z,354246.427628,0,0.0065,0.0245,0.08,0.14,other
255401,2024-09-03T00:00:00Z,2024-03-11T15:52:00Z,13944.3,1,,,,,other
500153,2024-09-05T04:00:00Z,2024-03-15T17:25:41.236Z,10393.0,0,,,,0.5,other
500155,2024-09-05T04:00:00Z,2024-03-15T17:08:49.868Z,5931.06,1,,,,0.46,other
500573,2024-09-08T12:00:00Z,2024-04-04T23:09:34.095Z,39270.384749,1,0.6305,0.01,0.34,0.56,other
500574,2024-09-08T12:00:00Z,2024-04-04T23:09:37.901Z,20905.580575,0,0.366,0.992,0.755,0.495,other
500662,2024-09-03T12:00:00Z,2024-04-04T16:52:54.308Z,41556.83,0,,,,0.125,other
500665,2024-09-03T12:00:00Z,2024-04-04T16:52:57.042Z,36623.4,0,,,0.19,0.355,other
500667,2024-09-03T12:00:00Z,2024-04-04T16:52:59.664Z,135837.723839,1,0.997,0.989,0.765,0.445,other
501243,2024-09-30T12:00:00Z,2024-04-29T22:52:37.242Z,7351.85,0,,,,,politics
501482,2024-09-30T12:00:00Z,2024-05-07T22:19:07.43Z,209495.323909,1,0.997,0.9945,0.9455,0.885,politics
501667,2024-09-30T12:00:00Z,2024-05-17T21:48:28.466Z,137194.990136,0,0.006,0.0285,0.25,,other
501827,2024-09-30T12:00:00Z,2024-05-24T18:19:33.965419Z,315612.939817,0,0.0025,0.0075,0.075,0.1,other
502121,2024-09-01T12:00:00Z,2024-06-05T19:42:11.549Z,102349.27,1,,,,,politics
502261,2024-09-30T12:00:00Z,2024-08-29T17:36:09.833Z,100482.365226,0,0.003,0.0075,0.265,0.105,other
502275,2024-09-30T12:00:00Z,2024-06-12T20:26:10.306Z,77065.348933,0,0.0055,0.007,0.28,0.67,other
502888,2024-09-30T12:00:00Z,2024-06-26T18:38:42.766Z,178541.310025,0,0.003,0.019,0.043,0.66,other
502889,2024-09-30T12:00:00Z,2024-06-26T18:44:18.889Z,103505.495422,0,0.003,0.0065,0.11,0.8,other
502891,2024-09-30T12:00:00Z,2024-06-26T18:44:19.372Z,126957.718845,0,0.007,0.019,0.0295,0.13,other
502893,2024-09-30T12:00:00Z,2024-06-26T18:44:19.97Z,46922.122058,0,0.0035,0.0045,0.24,0.125,politics
502895,2024-09-30T12:00:00Z,2024-06-26T18:44:20.356Z,306662.026798,0,0.0185,0.063,0.6,0.7,other
502896,2024-09-30T12:00:00Z,2024-06-26T18:44:20.784Z,54601.031572,0,0.004,0.0255,0.19,0.375,other
502897,2024-09-30T12:00:00Z,2024-06-26T18:44:21.194Z,33935.607609,0,0.005,0.0125,0.031,0.08,other
502898,2024-09-30T12:00:00Z,2024-06-26T18:44:21.606Z,109784.047124,0,0.005,0.125,0.225,0.73,other
502900,2024-09-30T12:00:00Z,2024-06-26T18:44:22.011Z,55553.844961,0,0.004,0.025,0.09,0.175,other
502901,2024-09-30T12:00:00Z,2024-06-26T18:44:22.301Z,62600.776946,0,0.004,0.025,0.15,0.21,other
502902,2024-09-30T12:00:00Z,2024-06-26T18:44:22.83Z,244247.385311,0,0.005,0.2,0.905,0.92,other
502903,2024-09-30T12:00:00Z,2024-06-26T18:44:23.242Z,1508246.357434,1,0.061,0.8,0.625,0.725,other
502904,2024-09-30T12:00:00Z,2024-06-26T18:44:23.623Z,303960.263933,0,0.0015,0.0045,0.022,0.06,other
502905,2024-09-30T12:00:00Z,2024-06-26T18:44:24.012Z,326463.926258,0,0.001,0.0035,0.0205,0.045,other
502946,2024-09-10T12:00:00Z,2024-07-05T22:41:27.919Z,96281.044501,0,0.003,0.004,0.006,,politics
503041,2024-09-01T12:00:00Z,2024-07-01T15:48:44.762568Z,326885.46,0,0.0015,0.002,0.008,,politics
504067,2024-09-30T12:00:00Z,2024-07-25T16:50:44.617Z,34943.13,0,,,,,sports
504069,2024-09-18T12:00:00Z,2024-08-02T20:43:54.565Z,10906333.42219,1,0.585,0.235,0.145,,macro
504070,2024-09-18T12:00:00Z,2024-08-02T20:44:00.334Z,6660914.249885,0,0.395,0.745,0.795,,macro
504071,2024-09-18T12:00:00Z,2024-08-02T20:44:13.006Z,23499210.730061,0,0.015,0.0295,0.065,,macro
504072,2024-09-18T12:00:00Z,2024-08-02T20:44:18.626Z,17625581.465252,0,0.0005,0.0025,0.0015,,macro
504268,2024-09-30T12:00:00Z,2024-07-29T16:04:29.155Z,117655.262472,0,0.0005,0.007,0.26,,other
504313,2024-09-30T12:00:00Z,2024-07-29T23:02:09.391Z,40790.442008,0,0.0065,0.042,0.09,,other
504495,2024-09-06T12:00:00Z,2024-08-02T19:55:16.438113Z,66860.578987,0,0.105,0.14,0.165,,other
504496,2024-09-06T12:00:00Z,2024-08-02T19:56:34.916879Z,41439.686257,1,0.25,0.24,0.295,,other
504497,2024-09-06T12:00:00Z,2024-08-02T19:57:11.8675Z,38761.150315,0,0.4,0.33,0.26,,other
504498,2024-09-06T12:00:00Z,2024-08-02T19:57:52.669261Z,17882.2548,0,0.165,0.185,0.145,,other
504499,2024-09-06T12:00:00Z,2024-08-02T19:58:57.112825Z,11536.515947,0,0.06,0.06,0.09,,other
504500,2024-09-06T12:00:00Z,2024-08-02T20:00:09.54574Z,24237.292228,0,0.0315,0.0615,0.0495,,other
504559,2024-09-30T12:00:00Z,2024-08-05T17:01:34.747128Z,256945.779374,0,0.0025,0.006,0.019,,crypto/prices
504561,2024-09-17T12:00:00Z,2024-08-05T17:47:04.803304Z,493260.757524,0,0.0075,0.011,0.025,,macro
504562,2024-09-30T12:00:00Z,2024-08-05T20:17:25.353Z,98051.044217,0,0.0045,0.0115,0.0305,,other
504615,2024-09-07T12:00:00Z,2024-08-06T20:00:10.878272Z,10684.135183,0,0.0005,0.0085,0.18,,other
504617,2024-09-07T12:00:00Z,2024-08-06T20:01:28.312513Z,16756.459383,0,0.0005,0.0025,0.0245,,other
504618,2024-09-07T12:00:00Z,2024-08-06T20:36:47.726Z,64469.454625,0,0.001,0.0025,0.7045,,other
504619,2024-09-07T12:00:00Z,2024-08-06T20:36:48.298Z,54516.216828,0,0.002,0.0015,0.115,,other
504621,2024-09-07T12:00:00Z,2024-08-06T20:36:48.804Z,61221.419162,1,0.9985,0.996,0.476,,other
504821,2024-09-07T12:00:00Z,2024-08-09T16:08:52.050804Z,25258.825137,0,0.004,0.0025,,,other
504825,2024-09-08T12:00:00Z,2024-08-09T17:19:05.963901Z,91973.325399,0,0.0005,0.275,,,other
504826,2024-09-08T12:00:00Z,,23806.81,0,,,,,other
504827,2024-09-08T12:00:00Z,2024-08-09T17:22:05.772752Z,214017.270617,0,0.275,0.145,,,other
504828,2024-09-08T12:00:00Z,2024-08-09T17:22:37.376516Z,122932.350436,0,0.0005,0.045,,,other
504829,2024-09-08T12:00:00Z,2024-08-09T17:23:31.890026Z,277816.95441,1,0.725,0.555,,,other
505081,2024-09-30T12:00:00Z,2024-08-14T19:50:54.667Z,311893.964674,0,0.1295,0.357,0.745,,other
505082,2024-09-08T12:00:00Z,2024-08-13T21:41:49.099129Z,56438.649864,0,0.005,0.0135,,,other
505083,2024-09-08T12:00:00Z,2024-08-14T16:45:32.393Z,15932.745451,1,0.995,0.9945,,,other
505084,2024-09-08T12:00:00Z,2024-08-13T21:50:46.047248Z,9206.081957,1,0.996,0.991,,,other
253523,2024-10-31T00:00:00Z,2023-12-26T21:50:34.042Z,12187.18,0,,,,,crypto/prices
253548,2024-10-31T00:00:00Z,2023-12-28T18:26:40.6Z,47313.166601,0,,,0.44,0.455,other
254416,2024-10-29T00:00:00Z,2024-02-15T18:09:00Z,111271.144276,0,0.0095,0.007,0.018,0.0385,politics
254418,2024-10-30T00:00:00Z,2024-02-15T18:09:00Z,2039239.690215,1,0.982,0.981,0.976,0.9505,politics
255052,2024-10-31T00:00:00Z,2024-03-07T06:45:00Z,2968663.457244,0,0.002,0.0015,0.002,0.0025,politics
500668,2024-10-03T12:00:00Z,2024-04-04T16:53:03.078Z,170179.289219,0,,,0.002,0.085,other
501244,2024-10-31T12:00:00Z,2024-04-29T22:52:37.652Z,10059.0,0,,,,,politics
501403,2024-10-22T12:00:00Z,,11144.63,0,,,,,other
501410,2024-10-22T12:00:00Z,,6762.42,0,,,,,other
501412,2024-10-22T12:00:00Z,,8827.67,0,,,,,other
501677,2024-10-31T12:00:00Z,2024-05-29T03:14:49.435Z,732531.832897,0,0.009,0.017,0.038,0.1,other
502262,2024-10-31T12:00:00Z,2024-08-29T17:36:21.456Z,122919.972816,0,0.014,0.0305,0.0865,0.059,other
503060,2024-10-31T12:00:00Z,,6031.58,1,,,,,other
503979,2024-10-15T12:00:00Z,2024-07-24T20:57:37.552Z,1719424.947552,0,0.024,0.0295,0.115,,politics
504271,2024-10-04T12:00:00Z,2024-07-29T19:28:42.276Z,35638.687074,0,0.035,0.055,0.225,,other
504308,2024-10-01T12:00:00Z,2024-07-29T21:06:32.633215Z,1720673.757901,0,0.0015,0.0045,0.0105,,politics
504467,2024-10-31T12:00:00Z,2024-08-02T17:56:01.692Z,204194.479453,1,,,0.09,,other
504571,2024-10-30T12:00:00Z,2024-08-26T14:21:54.64Z,346721.350513,0,0.016,0.0105,0.0185,,macro
504664,2024-10-31T12:00:00Z,2024-08-07T18:09:58.186Z,5313533.726507,1,,,0.89,,other
505016,2024-10-31T12:00:00Z,2024-08-15T17:50:06.127Z,2109991.928657,1,0.9945,0.9775,0.895,,other
505085,2024-10-31T12:00:00Z,2024-08-13T23:25:27.925413Z,478989.871447,0,0.0095,0.0155,0.12,,other
505141,2024-10-01T12:00:00Z,2024-08-14T22:40:02.54Z,254330.690378,1,0.9495,0.9805,0.935,,other
505144,2024-10-01T12:00:00Z,2024-08-15T00:02:10.257676Z,14507.217075,0,0.034,0.285,0.675,,other
505198,2024-10-31T12:00:00Z,2024-08-20T16:25:39.387Z,698704.3,1,,,,,other
505199,2024-10-31T12:00:00Z,2024-08-20T17:09:42.964Z,671552.41,1,,,,,politics
505237,2024-10-31T12:00:00Z,2024-08-16T21:05:03.48Z,195764.847484,0,0.004,0.0065,0.029,,other
505238,2024-10-31T12:00:00Z,2024-08-16T21:04:54.877Z,173389.059519,0,0.0045,0.0055,0.0225,,other
505442,2024-10-27T12:00:00Z,2024-08-23T22:13:39.253Z,2060166.76529,1,,,,,politics
505776,2024-10-31T12:00:00Z,2024-08-26T16:49:50.927Z,398934.13104,0,,,0.73,,other
505925,2024-10-31T12:00:00Z,2024-08-27T21:08:49.137Z,138833.742328,0,0.0185,0.055,0.17,,other
506115,2024-10-06T12:00:00Z,2024-08-29T20:06:52.298787Z,510091.739189,0,0.315,0.195,0.455,,politics
506121,2024-10-06T12:00:00Z,2024-08-29T20:27:40.148082Z,771893.095825,0,0.255,0.175,0.17,,politics
506122,2024-10-06T12:00:00Z,2024-08-29T20:28:07.640778Z,732127.749048,1,0.435,0.63,0.375,,politics
506123,2024-10-06T12:00:00Z,2024-08-29T20:28:41.510598Z,2340581.431115,0,0.0015,0.0015,0.003,,politics
506124,2024-10-06T12:00:00Z,2024-08-29T20:29:39.581745Z,1368718.860102,0,0.002,0.002,0.005,,politics
506125,2024-10-06T12:00:00Z,2024-08-29T20:30:32.61418Z,14849907.389069,0,0.001,0.0005,0.004,,politics
506126,2024-10-06T12:00:00Z,2024-08-29T20:40:46.820792Z,21001687.12647,0,0.0005,0.0015,0.004,,politics
506192,2024-10-20T12:00:00Z,2024-08-30T19:58:43.304Z,894638.994502,0,0.0105,0.019,0.0375,,other
506309,2024-10-28T12:00:00Z,2024-09-04T00:12:41.347661Z,1405149.038404,0,0.945,0.895,0.88,,other
506312,2024-10-28T12:00:00Z,2024-09-04T00:13:53.578404Z,807072.336327,1,0.041,0.083,0.07,,other
506313,2024-10-28T12:00:00Z,2024-09-04T00:14:37.191387Z,603215.747383,0,0.0045,0.012,0.0235,,other
506314,2024-10-28T12:00:00Z,2024-09-04T00:17:23.505229Z,629027.581915,0,0.003,0.0045,0.008,,other
506315,2024-10-28T12:00:00Z,2024-09-04T00:27:30.892305Z,1034066.916008,0,0.002,0.0025,0.0045,,other
506316,2024-10-28T12:00:00Z,2024-09-04T00:28:07.775913Z,6976098.476255,0,0.0015,0.0015,0.0015,,other
506317,2024-10-28T12:00:00Z,2024-09-04T00:28:27.710238Z,5686966.912417,0,0.0015,0.0015,0.0015,,other
506319,2024-10-28T12:00:00Z,2024-09-04T00:29:05.106299Z,4340140.855336,0,0.0015,0.002,0.0015,,other
506321,2024-10-28T12:00:00Z,2024-09-04T00:29:31.088525Z,3193236.750482,0,0.0015,0.002,0.0025,,other
506322,2024-10-28T12:00:00Z,2024-09-04T00:29:57.227499Z,6241329.781569,0,0.0015,0.002,0.0015,,other
506323,2024-10-28T12:00:00Z,2024-09-04T00:30:13.059678Z,6183473.395939,0,0.0015,0.002,0.0015,,other
506324,2024-10-28T12:00:00Z,2024-09-04T00:30:39.944915Z,621238.500846,0,0.005,0.006,0.0075,,other
506325,2024-10-28T12:00:00Z,2024-09-04T00:31:21.958823Z,2433528.747506,0,0.0015,0.002,0.0045,,other
506341,2024-10-20T12:00:00Z,2024-09-03T23:03:18.319Z,1969450.316112,1,,,0.99,,other
506343,2024-10-20T12:00:00Z,2024-09-03T23:46:38.055647Z,174542.116304,1,0.87,0.5,0.38,,sports
506344,2024-10-20T12:00:00Z,2024-09-03T23:50:38.192422Z,13224.667223,0,,,0.25,,sports
506345,2024-10-20T12:00:00Z,2024-09-03T23:53:15.077345Z,62086.335048,0,0.126,0.4945,0.205,,sports
506346,2024-10-20T12:00:00Z,2024-09-03T23:53:47.231803Z,16675.222562,0,,,0.08,,sports
506347,2024-10-20T12:00:00Z,2024-09-03T23:59:32.247617Z,19090.88655,0,,,0.023,,sports
506348,2024-10-20T12:00:00Z,2024-09-04T00:01:12.461991Z,26825.956118,0,,,0.04,,sports
506349,2024-10-20T12:00:00Z,2024-09-04T00:02:41.504855Z,33199.156216,0,,,0.0065,,sports
506350,2024-10-20T12:00:00Z,2024-09-04T00:06:10.23085Z,32617.911998,0,,,0.0025,,sports
506352,2024-10-20T12:00:00Z,2024-09-04T00:03:12.454604Z,32468.04408,0,,,0.0015,,sports
506353,2024-10-20T12:00:00Z,2024-09-04T00:07:11.45056Z,43772.268665,0,,,0.0015,,sports
506354,2024-10-20T12:00:00Z,2024-09-04T00:07:53.269544Z,6262.0,0,,,,,sports
506355,2024-10-20T12:00:00Z,2024-09-04T00:08:29.747875Z,7412.0,0,,,,,sports
506360,2024-10-01T12:00:00Z,2024-09-05T20:22:30.330069Z,527233.404945,1,0.9945,0.795,,,crypto/prices
506505,2024-10-04T12:00:00Z,2024-09-06T19:04:21.936Z,53224.400734,0,0.13,0.23,,,other
506506,2024-10-04T12:00:00Z,2024-09-06T19:04:47.916108Z,39352.969902,0,0.48,0.36,,,other
506508,2024-10-04T12:00:00Z,2024-09-06T19:05:13.785562Z,36290.032767,0,0.275,0.27,,,other
506511,2024-10-04T12:00:00Z,2024-09-06T19:05:46.040692Z,27775.534461,0,0.0975,0.11,,,other
506512,2024-10-04T12:00:00Z,2024-09-06T19:06:18.102672Z,64836.766896,1,0.039,0.04,,,other
506752,2024-10-07T12:00:00Z,2024-09-09T22:31:44.110757Z,588255.794463,1,0.9965,0.9555,,,crypto/prices
506753,2024-10-07T12:00:00Z,2024-09-09T22:32:20.18116Z,277889.779342,0,0.0005,0.029,,,crypto/prices
506754,2024-10-07T12:00:00Z,2024-09-09T22:32:57.181034Z,453413.777649,0,0.0015,0.009,,,crypto/prices
506755,2024-10-07T12:00:00Z,2024-09-09T22:33:39.23146Z,3120549.338401,0,0.0005,0.006,,,crypto/prices
506756,2024-10-07T12:00:00Z,2024-09-09T22:34:25.390937Z,296904.247439,0,0.0005,0.005,,,crypto/prices
506858,2024-10-31T12:00:00Z,2024-09-11T18:50:57.731Z,117566.540266,0,,,0.0755,,other
506911,2024-10-17T12:00:00Z,2024-09-12T21:04:21.41Z,113275.341538,1,0.9805,0.945,0.36,,other
506931,2024-10-10T12:00:00Z,2024-09-12T21:03:49.836239Z,76808.951093,1,0.8,0.705,,,sports
507022,2024-10-13T12:00:00Z,2024-09-13T22:53:33.888181Z,32570.498099,0,0.065,0.085,,,politics
507027,2024-10-13T12:00:00Z,2024-09-13T22:54:26.101249Z,104356.494208,1,0.915,0.895,,,politics
507031,2024-10-13T12:00:00Z,2024-09-13T23:00:00.978892Z,22870.346771,0,0.004,0.0095,,,politics
507038,2024-10-13T12:00:00Z,2024-09-13T22:59:34.825735Z,36484.445702,0,0.0165,0.0115,,,politics
507048,2024-10-13T12:00:00Z,2024-09-13T23:02:22.11Z,21461.796197,0,0.0025,0.004,,,politics
507049,2024-10-13T12:00:00Z,2024-09-13T23:03:51.503564Z,26391.381783,0,0.0025,0.004,,,politics
507262,2024-10-04T12:00:00Z,2024-09-16T21:54:38.352842Z,15733.458491,0,0.605,0.685,,,macro
507280,2024-10-31T12:00:00Z,2024-09-17T16:21:43.026Z,764900.807723,0,,,,,other
507416,2024-10-05T12:00:00Z,2024-09-18T21:55:38.806267Z,13529.985048,1,,0.915,,,sports
507427,2024-10-31T12:00:00Z,2024-09-19T00:49:40.300789Z,27473.143917,0,0.0115,0.015,0.0245,,politics
507433,2024-10-31T12:00:00Z,2024-09-18T23:31:20.894Z,66302.331576,0,0.006,0.0165,0.0275,,other
507435,2024-10-31T12:00:00Z,2024-09-19T00:14:16.168989Z,57268.047945,0,0.0375,0.18,0.38,,other
507486,2024-10-19T12:00:00Z,2024-09-19T22:32:55.744Z,269187.059926,1,0.65,0.715,,,politics
507488,2024-10-19T12:00:00Z,2024-09-20T14:20:50.746Z,159952.182429,0,0.34,0.275,,,politics
507489,2024-10-19T12:00:00Z,2024-09-20T14:21:55.347Z,49611.312138,0,0.0015,0.0015,,,politics
507490,2024-10-19T12:00:00Z,2024-09-20T14:22:31.012Z,79362.231007,0,0.0015,0.0015,,,politics
507493,2024-10-01T12:00:00Z,2024-09-19T23:57:09.06Z,54602.282497,1,0.905,0.615,,,other
507500,2024-10-21T12:00:00Z,2024-09-19T22:25:39.534Z,14440.651213,0,0.41,0.455,0.37,,politics
507502,2024-10-21T12:00:00Z,2024-09-19T22:26:16.764Z,202053.488754,1,0.58,0.545,0.625,,politics
507503,2024-10-21T12:00:00Z,2024-09-19T22:26:52.863Z,8681.08481,0,0.0025,0.0025,0.004,,politics
507531,2024-10-28T12:00:00Z,2024-09-20T14:24:15.04Z,26091.461865,0,0.1855,0.0505,0.145,,politics
507532,2024-10-28T12:00:00Z,2024-09-20T14:25:47.012Z,23677.573119,1,0.8125,0.9535,0.845,,politics
507533,2024-10-28T12:00:00Z,2024-09-20T14:26:50.112Z,27158.039312,0,0.0025,0.0025,0.0035,,politics
507628,2024-10-31T12:00:00Z,2024-09-20T20:18:13.303437Z,53783.738125,0,0.016,0.016,0.085,,other
507664,2024-10-04T12:00:00Z,2024-09-20T22:49:23.183496Z,61460.707412,0,0.0015,0.0025,,,politics
507665,2024-10-04T12:00:00Z,2024-09-20T22:49:49.407328Z,57774.758838,0,0.0015,0.0035,,,other
507667,2024-10-04T12:00:00Z,2024-09-20T22:50:20.581736Z,58696.194603,0,0.0025,0.0085,,,other
507668,2024-10-04T12:00:00Z,2024-09-20T22:50:51.40014Z,2335603.394163,0,0.0225,0.085,,,other
507669,2024-10-04T12:00:00Z,2024-09-20T22:51:28.337709Z,89738.951275,0,0.21,0.245,,,other
507670,2024-10-04T12:00:00Z,2024-09-20T22:52:00.946585Z,91532.828602,1,0.645,0.435,,,other
507671,2024-10-04T12:00:00Z,2024-09-20T22:52:20.944745Z,90753.570846,0,0.105,0.23,,,other
507672,2024-10-04T12:00:00Z,2024-09-20T22:52:41.059009Z,65490.876662,0,0.0015,0.028,,,other
507673,2024-10-04T12:00:00Z,2024-09-20T22:53:07.456934Z,1094717.331397,0,0.0015,0.0035,,,other
507690,2024-10-31T12:00:00Z,2024-09-21T13:32:26.082Z,36078.13758,0,0.0075,0.0255,0.085,,other
507698,2024-10-31T12:00:00Z,2024-09-23T17:45:18.093781Z,383001.487849,0,0.002,0.0025,0.275,,crypto/prices
507702,2024-10-31T12:00:00Z,2024-09-23T15:57:30.335823Z,102593.204044,0,0.0175,0.0255,0.245,,other
507704,2024-10-31T12:00:00Z,2024-09-23T17:38:26.239005Z,351254.708213,0,0.004,0.0045,0.135,,crypto/prices
507705,2024-10-31T12:00:00Z,2024-09-23T17:40:17.042184Z,174014.308974,0,0.12,0.13,0.325,,crypto/prices
507709,2024-10-11T12:00:00Z,2024-09-23T17:56:58.782Z,65458.694312,1,0.33,0.32,,,sports
507740,2024-10-31T12:00:00Z,2024-09-23T21:34:35.73Z,294630.301763,1,,,0.45,,other
507743,2024-10-31T12:00:00Z,2024-09-23T19:25:14.684Z,246822.701761,0,0.005,0.035,0.125,,other
240613,2024-11-08T12:00:00Z,2022-01-12T21:22:33.938Z,8828319.27610304,0,0.0025,0.365,0.465,0.495,politics
252294,2024-11-04T12:00:00Z,2023-09-21T16:18:35.358Z,21122389.82,1,,,,,politics
252298,2024-11-04T12:00:00Z,2023-09-19T21:54:50.565Z,3436225.224128,0,0.225,0.165,0.295,0.285,politics
252466,2024-11-05T00:00:00Z,2023-09-29T16:22:32.15Z,26326.89,1,,,,,other
253232,2024-11-05T00:00:00Z,2023-11-29T16:32:29.386Z,1078101.791095,0,0.0085,0.0185,0.022,0.11,politics
253578,2024-11-05T00:00:00Z,2024-01-02T23:57:16.961Z,5200115.16063,0,0.003,0.0065,0.0125,0.045,politics
253591,2024-11-05T12:00:00Z,2024-01-04T22:58:00Z,1531479284.504353,1,0.5635,0.6585,0.5015,0.515,politics
253592,2024-11-05T12:00:00Z,2024-01-04T22:58:00Z,72176112.338298,0,0.0005,0.0005,0.0005,0.0005,politics
253593,2024-11-05T00:00:00Z,2024-01-04T22:58:00Z,107529158.083605,0,0.0005,0.0005,0.0015,0.0005,politics
253594,2024-11-05T00:00:00Z,2024-01-04T23:00:00Z,54161276.228088,0,0.0005,0.0005,0.0005,0.0015,politics
253595,2024-11-04T12:00:00Z,2024-01-04T23:01:00Z,141605110.748029,0,0.0005,0.0005,0.0015,0.0075,politics
253596,2024-11-05T12:00:00Z,2024-01-04T23:02:00Z,46309049.202369,0,0.0005,0.0005,0.0005,0.0005,politics
253597,2024-11-04T12:00:00Z,2024-01-04T23:02:00Z,1037039118.18879,0,0.4415,0.3485,0.4925,0.437,politics
253598,2024-11-05T00:00:00Z,2024-01-04T23:02:00Z,21181731.472915,0,0.0005,0.0005,0.0005,0.0005,politics
253601,2024-11-04T12:00:00Z,2024-01-05T16:44:58.177Z,2618980.000447,0,0.0055,0.0055,0.013,0.045,politics
253609,2024-11-05T00:00:00Z,2024-01-05T22:01:00Z,153382275.618594,0,0.0005,0.0005,0.0015,0.0195,politics
253610,2024-11-05T00:00:00Z,2024-01-05T22:01:00Z,93307167.686999,0,0.0005,0.0005,0.0005,0.0025,politics
253634,2024-11-05T00:00:00Z,2024-01-06T20:12:00Z,14192736.345,0,0.0005,0.0005,0.0005,0.0005,politics
253635,2024-11-05T12:00:00Z,2024-01-06T20:12:00Z,22011560.654836,0,0.0005,0.0005,0.0005,0.0005,politics
253639,2024-11-05T00:00:00Z,2024-01-06T20:12:00Z,14714813.728,0,0.0005,0.0005,0.0005,0.0005,crypto/prices
253640,2024-11-05T00:00:00Z,2024-01-06T20:13:00Z,9829356.367,0,0.0005,0.0005,0.0005,0.0005,politics
253641,2024-11-05T00:00:00Z,2024-01-06T20:13:00Z,116558196.386525,0,0.0005,0.0005,0.0015,0.0045,politics
253642,2024-11-05T00:00:00Z,2024-01-06T20:13:00Z,241655099.850067,0,0.0005,0.0005,0.0035,0.0035,politics
253643,2024-11-05T00:00:00Z,2024-01-06T20:13:00Z,9203011.891998,0,0.0005,0.0005,0.0005,0.0005,politics
253675,2024-11-04T12:00:00Z,2024-01-10T01:39:00Z,7262055.993012,0,0.0105,0.0105,0.0145,0.0235,politics
253676,2024-11-04T12:00:00Z,2024-01-10T01:39:00Z,5230770.736357,0,0.019,0.0285,0.0225,0.027,politics
253677,2024-11-04T12:00:00Z,2024-01-10T01:40:00Z,7563202.909916,1,0.16,0.27,0.155,0.15,politics
253678,2024-11-04T12:00:00Z,2024-01-10T01:40:00Z,6753406.418423,0,0.135,0.105,0.085,0.085,politics
253679,2024-11-04T12:00:00Z,2024-01-10T01:41:00Z,5040359.62268,0,0.065,0.065,0.075,0.105,politics
253680,2024-11-04T12:00:00Z,2024-01-10T01:41:00Z,5813309.892014,0,0.014,0.011,0.028,0.024,politics
253681,2024-11-04T12:00:00Z,2024-01-10T01:42:00Z,5436305.368101,0,0.024,0.028,0.0365,0.0485,politics
253682,2024-11-04T12:00:00Z,2024-01-10T01:42:00Z,5777920.118906,0,0.1,0.074,0.0515,0.07,politics
253683,2024-11-04T12:00:00Z,2024-01-10T01:42:00Z,6235007.012558,0,0.0635,0.0455,0.0555,0.0565,politics
253684,2024-11-04T12:00:00Z,2024-01-10T01:43:00Z,5813696.52381,0,0.0615,0.045,0.048,0.0765,politics
253685,2024-11-04T12:00:00Z,2024-01-10T01:43:00Z,4503321.804578,0,0.09,0.055,0.085,0.085,politics
253686,2024-11-04T12:00:00Z,2024-01-10T01:43:00Z,5777360.064778,0,0.142,0.093,0.139,0.125,politics
253687,2024-11-04T12:00:00Z,2024-01-10T01:44:00Z,6153981.286456,0,0.0735,0.029,0.0435,0.0405,politics
253688,2024-11-04T12:00:00Z,2024-01-10T01:44:00Z,6016787.147049,0,0.0235,0.0145,0.0565,0.048,politics
253704,2024-11-04T12:00:00Z,2024-01-10T01:44:00Z,6473740.733323,0,0.055,0.1425,0.068,0.0465,politics
253705,2024-11-04T12:00:00Z,2024-01-10T01:45:00Z,5393718.822278,0,0.08,0.0215,0.058,0.038,politics
253706,2024-11-05T12:00:00Z,2024-01-09T23:37:00Z,119932620.818624,1,0.2565,0.4295,0.2515,0.285,politics
253722,2024-11-04T12:00:00Z,2024-01-09T23:38:00Z,12582924.999919,0,0.0005,0.0005,0.0005,0.0005,politics
253723,2024-11-05T00:00:00Z,2024-01-09T23:39:00Z,21923974.494067,0,0.0005,0.0005,0.0005,0.0005,politics
253724,2024-11-05T00:00:00Z,2024-01-09T23:40:00Z,47770370.83836,0,0.0005,0.0005,0.0015,0.0035,politics
253725,2024-11-05T00:00:00Z,2024-01-09T23:41:00Z,8544095.827944,0,0.0005,0.0005,0.0005,0.0015,politics
253726,2024-11-05T00:00:00Z,2024-01-09T23:43:00Z,5699934.326886,0,0.0005,0.0005,0.0005,0.0005,politics
253727,2024-11-05T12:00:00Z,2024-01-09T23:43:00Z,163779786.645492,0,0.741,0.5705,0.7385,0.697,politics
253728,2024-11-05T00:00:00Z,2024-01-09T23:44:00Z,39315353.333832,0,0.0005,0.0005,0.0005,0.0005,politics
253729,2024-11-05T00:00:00Z,2024-01-09T23:45:00Z,5734812.55033,0,0.0005,0.0005,0.0005,0.0005,politics
253730,2024-11-05T00:00:00Z,2024-01-09T23:46:00Z,36970806.278363,0,0.0005,0.0005,0.0025,0.014,politics
253731,2024-11-05T00:00:00Z,2024-01-09T23:46:00Z,70237132.505143,0,0.0005,0.0005,0.0015,0.004,politics
253732,2024-11-05T00:00:00Z,2024-01-09T23:48:00Z,5356970.026689,0,0.0005,0.0005,0.0005,0.0005,crypto/prices
253733,2024-11-05T00:00:00Z,2024-01-09T23:49:00Z,6000187.62249,0,0.0005,0.0005,0.0005,0.0005,politics
253734,2024-11-05T00:00:00Z,2024-01-09T23:50:00Z,6367580.896,0,0.0005,0.0005,0.0005,0.0005,politics
253735,2024-11-05T00:00:00Z,2024-01-09T23:50:00Z,6217811.572499,0,0.0005,0.0005,0.0005,0.0005,politics
253736,2024-11-05T00:00:00Z,2024-01-09T23:51:00Z,36496306.548087,0,0.0005,0.0005,0.0025,0.0035,politics
253737,2024-11-04T12:00:00Z,2024-01-09T23:51:00Z,35232789.166403,0,0.0005,0.0005,0.002,0.0025,politics
253786,2024-11-05T00:00:00Z,2024-01-11T01:39:08.622Z,13524.83,0,,,,,politics
253787,2024-11-05T00:00:00Z,2024-01-11T01:39:50.249Z,105853.79,0,,,,,politics
253836,2024-11-05T00:00:00Z,2024-01-12T00:43:00Z,20963826.152231,0,0.0015,0.0015,0.0025,0.004,politics
253914,2024-11-05T00:00:00Z,2024-01-17T16:38:56.539Z,52292.85,0,,,,,other
254082,2024-11-04T12:00:00Z,2024-01-24T18:56:07.806Z,586007.45,1,,,,,politics
254424,2024-11-05T00:00:00Z,2024-02-12T17:25:46.398Z,105185.03,0,,,,,politics
254502,2024-11-05T12:00:00Z,2024-04-15T21:18:21.794Z,209869.26,1,,,,,politics
254600,2024-11-05T00:00:00Z,2024-02-21T22:15:29.648Z,7967497.858254,0,0.53,0.485,0.625,0.545,politics
255035,2024-11-05T12:00:00Z,2024-03-28T20:11:58.582Z,101648.309655,0,0.005,0.0045,0.012,0.0215,politics
255036,2024-11-05T12:00:00Z,2024-03-28T20:12:04.351Z,218302.372288,1,0.986,0.9885,0.978,0.9575,politics
255037,2024-11-05T12:00:00Z,2024-03-28T20:12:08.629Z,241200.090557,0,0.0025,0.0015,0.004,0.0095,politics
255040,2024-11-05T12:00:00Z,2024-03-28T20:47:50.059Z,67716.525116,0,0.01,0.007,0.0195,0.0345,politics
255041,2024-11-05T12:00:00Z,2024-03-28T20:47:55.675Z,153723.250245,1,0.985,0.984,0.977,0.945,politics
255042,2024-11-05T12:00:00Z,2024-03-28T20:48:04.759Z,205722.059331,0,0.006,0.0025,0.0035,0.016,politics
255043,2024-11-05T12:00:00Z,2024-03-28T20:48:31.478Z,102474.08709,0,0.01,0.0055,0.013,0.0355,politics
255044,2024-11-05T12:00:00Z,2024-03-28T20:12:36.563Z,835760.561065,0,0.0805,0.0505,0.0985,0.0795,politics
255045,2024-11-05T12:00:00Z,2024-03-28T20:12:40.452Z,796279.059822,1,0.9195,0.945,0.905,0.915,politics
255047,2024-11-05T12:00:00Z,2024-03-28T20:12:45.039Z,426228.126714,0,0.0015,0.002,0.0025,0.005,politics
255048,2024-11-05T12:00:00Z,2024-03-28T20:48:41.214Z,102307.553183,1,0.9885,0.987,0.979,0.945,politics
255049,2024-11-05T12:00:00Z,2024-03-28T20:48:45.999Z,1040397.243407,0,0.004,0.0015,0.0035,0.0105,politics
255050,2024-11-05T12:00:00Z,2024-03-07T06:44:00Z,5178103.42329,0,0.25,0.255,0.365,0.405,politics
255051,2024-11-05T12:00:00Z,2024-03-07T06:45:00Z,5552055.578258,1,0.75,0.745,0.63,0.595,politics
255053,2024-11-05T12:00:00Z,2024-03-07T23:25:00Z,5159200.178448,0,0.42,0.345,0.525,0.455,politics
255054,2024-11-05T12:00:00Z,2024-03-07T23:25:00Z,6181381.804395,1,0.585,0.655,0.475,0.545,politics
255055,2024-11-05T12:00:00Z,2024-03-28T20:13:26.813Z,56355.385326,0,0.0035,0.005,0.01,0.04,politics
255056,2024-11-05T12:00:00Z,2024-03-28T20:13:34.435Z,156941.381624,1,0.996,0.988,0.982,0.9605,politics
255057,2024-11-05T12:00:00Z,2024-03-28T20:13:43.845Z,1808562.113133,0,0.0015,0.005,0.0035,0.007,politics
255060,2024-11-05T12:00:00Z,2024-03-28T20:14:25.77Z,1078748.419647,1,0.988,0.98,0.982,0.961,politics
255061,2024-11-05T12:00:00Z,2024-03-28T20:14:30.666Z,990768.222498,0,0.012,0.02,0.0175,0.03,politics
255062,2024-11-05T12:00:00Z,2024-03-28T20:14:35.7Z,1065194.379936,0,0.002,0.0025,0.0025,0.0025,politics
255063,2024-11-02T00:00:00Z,2024-03-07T23:25:00Z,3406977.145258,0,0.0015,0.002,0.0075,0.0025,politics
255064,2024-11-05T12:00:00Z,2024-03-19T18:16:10.201Z,1829308.960895,1,0.845,0.79,0.895,0.755,politics
255065,2024-11-05T12:00:00Z,2024-03-28T20:15:05.422Z,1522857.242694,1,0.969,0.955,0.9665,0.945,politics
255066,2024-11-05T12:00:00Z,2024-03-28T20:15:11.203Z,1022853.789162,0,0.0305,0.043,0.0245,0.055,politics
255067,2024-11-05T12:00:00Z,2024-03-28T20:15:15.892Z,2261038.457125,0,0.0015,0.0025,0.0015,0.0035,politics
255068,2024-11-05T12:00:00Z,2024-03-19T18:16:07.375Z,2083783.350275,0,0.155,0.21,0.105,0.24,politics
255069,2024-11-05T00:00:00Z,2024-03-19T18:16:04.512Z,1970001.378132,0,0.0005,0.002,0.002,0.003,politics
255070,2024-11-05T12:00:00Z,2024-03-28T20:15:42.739Z,189595.432115,1,0.986,0.981,0.978,0.945,politics
255071,2024-11-05T12:00:00Z,2024-03-28T20:15:47.422Z,152403.694344,0,0.0145,0.0105,0.0145,0.055,politics
255072,2024-11-05T12:00:00Z,2024-03-28T20:15:53.177Z,203064.599695,0,0.0015,0.0025,0.0015,0.003,politics
255073,2024-11-05T12:00:00Z,2024-03-28T20:49:35.38Z,2778601.554447,1,0.966,0.947,0.9685,0.94,politics
255074,2024-11-05T12:00:00Z,2024-03-28T20:49:39.672Z,2452014.79537,0,0.035,0.054,0.0315,0.055,politics
255075,2024-11-05T12:00:00Z,2024-03-28T20:49:45.016Z,1668816.267383,0,0.0005,0.003,0.0015,0.003,politics
255082,2024-11-05T12:00:00Z,2024-03-19T21:26:25.033Z,4610012.907838,0,0.071,0.065,0.145,0.125,politics
255083,2024-11-05T12:00:00Z,2024-03-19T21:26:17.68Z,4017509.787587,1,0.925,0.935,0.855,0.865,politics
255084,2024-11-05T00:00:00Z,2024-03-19T21:26:21.726Z,4469545.40658,0,0.0005,0.002,0.0015,0.0015,politics
255086,2024-11-05T12:00:00Z,2024-03-07T23:35:00Z,5973401.632431,0,0.365,0.26,0.375,0.41,politics
255087,2024-11-05T12:00:00Z,2024-03-07T23:35:00Z,6457569.386048,1,0.635,0.745,0.625,0.585,politics
255088,2024-11-03T00:00:00Z,2024-03-07T23:35:00Z,8662433.017881,0,0.0005,0.0015,0.0025,0.0025,politics
255091,2024-11-05T12:00:00Z,2024-03-28T20:17:29.289Z,671286.447853,1,0.979,0.9825,0.977,0.955,politics
255092,2024-11-05T12:00:00Z,2024-03-28T20:19:39.19Z,416702.078352,0,0.0005,0.0015,0.0065,0.008,politics
255093,2024-11-05T12:00:00Z,2024-03-28T20:19:35.135Z,1745995.49544,0,0.0185,0.018,0.0185,0.0415,politics
255094,2024-11-05T12:00:00Z,2024-03-08T19:44:00Z,5152322.442241,0,0.375,0.295,0.385,0.32,politics
255095,2024-11-05T12:00:00Z,2024-03-28T20:20:01.245Z,71733.952532,0,0.0085,0.005,0.0075,0.0305,politics
255096,2024-11-05T12:00:00Z,2024-03-28T20:20:05.868Z,147990.962784,1,0.986,0.987,0.9805,0.955,politics
255097,2024-11-05T12:00:00Z,2024-03-28T20:20:09.894Z,46697.404056,0,0.003,0.003,0.004,0.009,politics
255098,2024-11-05T12:00:00Z,2024-03-08T19:45:00Z,5796750.671991,1,0.625,0.705,0.61,0.685,politics
255099,2024-11-03T00:00:00Z,2024-03-08T19:45:00Z,4774445.530222,0,0.0005,0.0015,0.0015,0.004,politics
255100,2024-11-05T12:00:00Z,2024-03-28T19:31:36.172Z,103909.673169,0,0.014,0.007,0.012,0.0315,politics
255101,2024-11-05T12:00:00Z,2024-03-28T20:20:39.915Z,202726.089311,1,0.982,0.977,0.9765,0.9655,politics
255102,2024-11-05T12:00:00Z,2024-03-28T20:20:46.778Z,188191.398901,0,0.018,0.0195,0.0215,0.025,politics
255103,2024-11-05T12:00:00Z,2024-03-28T20:20:52.19Z,9443651.744845,0,0.002,0.0025,0.0025,0.0025,politics
255104,2024-11-05T12:00:00Z,2024-03-28T19:31:44.51Z,303208.802688,1,0.979,0.977,0.982,0.965,politics
253260,2024-12-31T12:00:00Z,2023-12-02T04:20:58.514Z,338289.914265,0,0.0455,0.4395,0.2905,0.07,crypto/prices
253560,2024-12-31T00:00:00Z,2023-12-29T01:02:57.292Z,21957.5706950001,0,0.0105,0.0505,0.14,0.135,other
253569,2024-12-31T00:00:00Z,2023-12-29T17:08:27.73Z,17713.026533,0,,,0.14,0.62,other
253571,2024-12-31T00:00:00Z,2023-12-30T00:25:43.934Z,907184.582664996,0,0.005,0.035,0.0255,0.0425,other
253585,2024-12-31T00:00:00Z,2024-01-03T17:38:48.128Z,421132.565205,0,0.006,0.007,0.023,0.04,other
253665,2024-12-31T00:00:00Z,2024-01-08T19:58:01.823Z,1272190.642422,0,0.0055,0.014,0.032,0.027,other
253797,2024-12-31T00:00:00Z,2024-01-11T20:24:20.331Z,66281.92,1,,,,,crypto/prices
253889,2024-12-30T12:00:00Z,2024-01-15T18:46:41.634Z,5672417.90949195,0,0.0025,0.016,0.028,0.0435,other
253910,2024-12-31T00:00:00Z,2024-01-16T23:13:47.701Z,1458910.234559,0,0.003,0.0075,0.023,0.036,other
253912,2024-12-31T00:00:00Z,2024-01-17T16:43:29.597Z,6194780.65828928,0,0.003,0.0065,0.019,0.04,other
253913,2024-12-30T12:00:00Z,2024-01-16T22:03:05.038Z,914028.817601999,0,0.004,0.01,0.055,0.07,other
253942,2024-12-30T12:00:00Z,2024-01-17T21:17:16.187Z,494113.822074001,0,0.003,0.0065,0.0195,0.05,other
253978,2024-12-29T00:00:00Z,2024-01-19T22:21:00Z,49401.23,1,,,,,crypto/prices
253979,2024-12-29T00:00:00Z,2024-01-19T22:22:00Z,28144.93,0,,,,,crypto/prices
253980,2024-12-29T00:00:00Z,2024-01-19T22:22:00Z,51100.92,0,,,,,crypto/prices
253981,2024-12-29T00:00:00Z,2024-01-19T22:22:00Z,54945.91,0,,,,,crypto/prices
253982,2024-12-29T00:00:00Z,2024-01-19T22:22:00Z,80635.32,0,,,,,other
253983,2024-12-29T00:00:00Z,2024-01-19T22:22:00Z,35364.98,0,,,,,crypto/prices
254006,2024-12-30T12:00:00Z,2024-07-01T21:38:31.3Z,4742981.76517896,0,0.0065,0.019,0.045,0.085,other
254007,2024-12-31T00:00:00Z,2024-01-19T18:10:07.261Z,369835.857154992,0,0.0045,0.005,0.01,0.035,other
254008,2024-12-29T00:00:00Z,2024-01-18T22:51:00Z,44753.65,0,,,,,crypto/prices
254009,2024-12-29T00:00:00Z,2024-01-18T22:51:00Z,73931.32,0,,,,,crypto/prices
254010,2024-12-29T00:00:00Z,2024-01-18T22:51:00Z,85640.6,0,,,,,crypto/prices
254011,2024-12-29T00:00:00Z,2024-01-18T22:51:00Z,53281.11,1,,,,,crypto/prices
254012,2024-12-29T00:00:00Z,2024-01-18T22:51:00Z,77278.86,0,,,,,crypto/prices
254013,2024-12-29T00:00:00Z,2024-01-18T22:51:00Z,50299.22,0,,,,,crypto/prices
254014,2024-12-29T00:00:00Z,2024-01-18T22:51:00Z,71892.4,0,,,,,crypto/prices
254015,2024-12-29T00:00:00Z,2024-01-18T22:51:00Z,51758.33,0,,,,,other
254016,2024-12-31T00:00:00Z,2024-01-19T16:44:26.141Z,567277.883784995,0,0.005,0.0105,0.024,0.0515,other
254091,2024-12-31T00:00:00Z,2024-01-25T17:27:39.723Z,305736.930729998,0,0.002,0.008,0.007,0.055,other
254099,2024-12-31T00:00:00Z,2024-01-25T23:23:47.709Z,690266.856052001,0,0.0045,0.019,0.027,0.055,other
254173,2024-12-31T00:00:00Z,2024-01-28T01:06:31.054Z,349344.256648003,0,0.0015,0.0185,0.0055,0.081,other
254186,2024-12-29T00:00:00Z,2024-01-30T00:26:00Z,24920.8,1,,,,,other
254187,2024-12-29T00:00:00Z,2024-01-30T00:26:00Z,23524.72,0,,,,,other
254188,2024-12-29T00:00:00Z,2024-01-30T00:26:00Z,13514.96,0,,,,,sports
254227,2024-12-31T00:00:00Z,2024-01-31T17:18:02.102Z,585882.967925999,0,0.003,0.006,0.015,0.0285,other
254232,2024-12-29T00:00:00Z,2024-01-31T16:55:00Z,576292.261939002,0,0.005,0.005,0.0195,0.415,other
254233,2024-12-30T00:00:00Z,2024-01-31T16:55:00Z,952525.115194008,1,0.996,0.9885,0.9765,0.505,other
254242,2024-12-30T12:00:00Z,2024-01-31T20:22:37.509Z,1863854.43716701,0,0.0025,0.0075,0.015,0.098,politics
254248,2024-12-29T00:00:00Z,2024-01-31T23:47:00Z,8771933.14124493,0,0.0005,0.0015,0.0035,0.0195,other
254249,2024-12-29T00:00:00Z,2024-01-31T23:47:00Z,19502938.234954,0,0.0015,0.0015,0.0015,0.0025,other
254250,2024-12-29T00:00:00Z,2024-01-31T23:47:00Z,27351093.5083624,0,0.0015,0.0015,0.0015,0.0115,other
254251,2024-12-29T00:00:00Z,2024-01-31T23:47:00Z,21691619.0902797,0,0.0015,0.0015,0.0015,0.0015,other
254252,2024-12-29T00:00:00Z,2024-01-31T23:47:00Z,25803996.5807667,0,0.0015,0.0015,0.0015,0.002,other
254253,2024-12-29T00:00:00Z,2024-01-31T23:47:00Z,8909465.21794603,1,0.9955,0.985,0.915,0.895,other
254254,2024-12-29T00:00:00Z,2024-01-31T23:47:00Z,5967248.83797894,0,0.0005,0.003,0.085,0.075,other
254348,2024-12-31T00:00:00Z,2024-02-06T22:06:22.11Z,84698.940389,0,0.0025,0.009,0.0925,0.032,other
254395,2024-12-29T00:00:00Z,2024-02-08T20:27:00Z,30144.32,0,,,,,crypto/prices
254396,2024-12-29T00:00:00Z,2024-02-08T20:27:00Z,11374.06,0,,,,,crypto/prices
254397,2024-12-29T00:00:00Z,2024-02-08T20:27:00Z,17149.46,0,,,,,crypto/prices
254398,2024-12-29T00:00:00Z,2024-02-08T20:28:00Z,14769.52,0,,,,,crypto/prices
254399,2024-12-29T00:00:00Z,2024-02-08T20:28:00Z,29672.25,1,,,,,crypto/prices
254422,2024-12-31T00:00:00Z,2024-02-12T17:06:01.301Z,162172.184032,0,0.006,0.019,0.051,0.065,other
254426,2024-12-31T00:00:00Z,2024-02-12T18:26:14.402Z,551481.302668,0,0.025,0.095,0.105,0.18,other
254431,2024-12-31T00:00:00Z,2024-02-12T22:31:30.51Z,82051.38,1,,,,,crypto/prices
254432,2024-12-30T12:00:00Z,2024-02-12T22:33:41.667Z,19510179.2052032,0,0.0035,0.023,0.225,0.135,crypto/prices
254527,2024-12-31T12:00:00Z,2024-02-27T20:00:57.649Z,11958.58,0,,,,,sports
254571,2024-12-31T00:00:00Z,2024-02-21T17:01:59.274Z,49804.8718070007,0,0.002,0.0145,0.034,0.0815,other
254572,2024-12-30T12:00:00Z,2024-03-21T16:44:29.537Z,2049580.060001,0,,,,,macro
254573,2024-12-30T12:00:00Z,2024-03-21T16:44:26.273Z,1407495.111446,0,,,,,macro
254576,2024-12-30T12:00:00Z,2024-03-21T16:44:22.785Z,3982525.829184,0,,,,0.0245,macro
254577,2024-12-30T12:00:00Z,2024-03-21T16:44:19.282Z,8337156.91915808,0,,,0.285,0.0595,macro
254578,2024-12-30T12:00:00Z,2024-03-21T16:44:15.8Z,6812524.970527,1,,,0.698,0.3985,macro
254579,2024-12-30T12:00:00Z,2024-03-21T16:43:59.14Z,6683117.51304494,0,,,0.0135,0.403,macro
254580,2024-12-30T12:00:00Z,2024-03-21T16:43:55.353Z,20169086.258574,0,,,0.0035,0.13,macro
254616,2024-12-29T00:00:00Z,2024-02-21T23:17:00Z,49134.534943,1,,,,0.9785,other
254617,2024-12-30T00:00:00Z,2024-02-21T23:18:00Z,50736.287349,0,,,,0.0155,other
254683,2024-12-31T00:00:00Z,2024-02-27T20:44:22.874Z,399921.960411981,0,0.003,0.0035,0.0185,0.0065,other
254684,2024-12-31T00:00:00Z,2024-02-27T20:44:30.102Z,273034.369216001,1,0.996,0.9675,0.9785,0.969,other
254759,2024-12-31T00:00:00Z,2024-02-27T19:09:48.705Z,6082769.27339299,0,0.003,0.016,0.2,0.145,crypto/prices
254760,2024-12-31T00:00:00Z,2024-02-27T19:09:57.986Z,3314621.146125,1,0.9955,0.983,0.795,0.86,crypto/prices
254764,2024-12-31T00:00:00Z,2024-02-27T19:03:00Z,637553.559766,0,,,,0.8,crypto/prices
254765,2024-12-31T00:00:00Z,2024-02-27T19:03:00Z,950842.179577,1,,,,0.205,crypto/prices
254857,2024-12-31T00:00:00Z,2024-02-28T20:56:15.499Z,338209.054989,0,0.012,0.036,0.15,0.165,crypto/prices
255229,2024-12-30T12:00:00Z,2024-03-04T16:05:38.561Z,22807235.891544,1,,,0.7385,0.16,crypto/prices
255257,2024-12-30T12:00:00Z,2024-03-05T20:41:10.592Z,778900.653867001,0,0.004,0.0075,0.023,0.034,other
255302,2024-12-31T12:00:00Z,2024-04-08T20:20:53.092Z,115160.559631,0,0.009,0.0195,0.045,0.115,other
255322,2024-12-30T12:00:00Z,2024-03-06T21:27:27.777Z,9422713.94942905,0,0.0015,0.006,0.019,0.0245,crypto/prices
255323,2024-12-31T00:00:00Z,2024-03-06T21:15:59.569Z,1696679.21286515,0,0.0015,0.003,0.01,0.025,crypto/prices
255325,2024-12-30T12:00:00Z,2024-03-06T23:23:48.247Z,984737.607266017,0,0.0025,0.01,0.0225,0.033,crypto/prices
255337,2024-12-18T00:00:00Z,2024-03-08T18:55:46.282Z,2269863.269023,1,,,,0.993,macro
255392,2024-12-31T12:00:00Z,2024-04-02T15:55:25.972Z,571862.405931001,0,0.004,0.015,0.0665,0.285,other
255393,2024-12-31T12:00:00Z,2024-04-02T15:55:29.749Z,417554.332143005,1,0.996,0.9845,0.926,0.68,other
255435,2024-12-30T12:00:00Z,2024-03-11T23:13:58.832Z,49976.2191390009,0,0.034,0.0645,0.067,0.1655,crypto/prices
500149,2024-12-31T12:00:00Z,2024-03-14T19:19:46.116Z,497965.892559,0,,,,0.47,crypto/prices
500182,2024-12-31T12:00:00Z,2024-03-20T22:17:40.374Z,73965.81,0,,,,,other
500183,2024-12-30T12:00:00Z,2024-03-20T22:17:37.083Z,57262.36755,0,,,,0.0825,other
500191,2024-12-30T12:00:00Z,2024-03-20T22:17:33.373Z,82058.467722,0,,,,0.8175,other
500192,2024-12-30T12:00:00Z,2024-03-20T22:17:29.326Z,262564.338807,1,0.995,0.9815,0.9505,0.08,other
500193,2024-12-31T12:00:00Z,2024-03-20T22:17:26.233Z,286410.217119,0,0.0035,0.017,0.0095,0.023,other
500307,2024-12-30T12:00:00Z,2024-03-19T18:56:21.048Z,220557.720665,0,0.0055,0.0265,0.1375,0.175,other
500308,2024-12-31T05:00:00Z,2024-03-19T18:56:26.469Z,329246.256953,0,0.002,0.007,0.0435,0.0265,other
500309,2024-12-31T05:00:00Z,2024-03-19T18:56:32.527Z,97540.6076500001,0,0.0035,0.006,0.009,0.019,other
500310,2024-12-31T12:00:00Z,2024-03-19T18:56:37.758Z,187468.955545,0,0.003,0.004,0.006,0.006,other
500311,2024-12-31T05:00:00Z,2024-03-19T18:56:42.971Z,163225.953428,0,0.002,0.008,0.0065,0.0235,other
500312,2024-12-31T12:00:00Z,2024-03-19T18:56:47.882Z,337809.066524,0,0.006,0.0025,0.005,0.0045,other
500313,2024-12-31T12:00:00Z,2024-03-19T18:56:53.305Z,128347.906252,0,0.0035,0.002,0.006,0.0055,other
500314,2024-12-30T12:00:00Z,2024-03-19T18:56:58.467Z,94066.77073,1,0.9765,0.9725,0.835,0.7,other
500444,2024-12-31T12:00:00Z,2024-03-26T15:11:43.387Z,2187634.15316501,1,0.9945,0.991,0.97,0.925,politics
500449,2024-12-31T12:00:00Z,2024-03-26T19:05:52.216Z,26912.67,0,,,,,crypto/prices
500450,2024-12-31T12:00:00Z,2024-03-26T19:05:58.533Z,14289.1,1,,,,,crypto/prices
500451,2024-12-31T12:00:00Z,2024-03-26T19:06:03.271Z,12625.19,0,,,,,crypto/prices
500452,2024-12-31T12:00:00Z,2024-03-26T19:06:07.994Z,13796.65,0,,,,,crypto/prices
500453,2024-12-31T12:00:00Z,2024-03-26T19:06:12.808Z,13529.6,0,,,,,crypto/prices
500454,2024-12-31T12:00:00Z,2024-03-26T19:06:18.479Z,35563.61,0,,,,,crypto/prices
500488,2024-12-31T12:00:00Z,2024-03-27T23:19:47.41Z,25211.78,0,,,,,crypto/prices
500489,2024-12-31T12:00:00Z,2024-03-27T23:19:59.706Z,23423.92,0,,,,,crypto/prices
500490,2024-12-31T12:00:00Z,2024-03-27T23:20:05.039Z,14802.54,0,,,,,crypto/prices
500491,2024-12-31T12:00:00Z,2024-03-27T23:20:09.463Z,5881.92,1,,,,,crypto/prices
500492,2024-12-31T12:00:00Z,2024-03-27T23:20:14.216Z,9350.32,0,,,,,crypto/prices
500493,2024-12-31T12:00:00Z,2024-03-27T23:20:19.271Z,19327.08,0,,,,,crypto/prices
500591,2024-12-31T12:00:00Z,2024-04-01T19:38:38.115Z,314751.299607,0,0.007,0.0055,0.0205,0.0355,other
500634,2024-12-31T12:00:00Z,2024-04-03T15:42:35.984Z,659293.833661003,0,0.003,0.003,0.0165,0.0235,other
500643,2024-12-31T12:00:00Z,2024-04-04T22:47:42.705Z,1251628.009726,1,,,,0.9855,crypto/prices
500644,2024-12-31T12:00:00Z,2024-04-04T22:47:46.132Z,579090.731782,0,,,,0.0085,crypto/prices
500645,2024-12-31T12:00:00Z,2024-04-04T22:47:49.436Z,527309.777978,0,,,,0.002,crypto/prices
500646,2024-12-31T12:00:00Z,2024-04-04T22:47:52.892Z,375202.248557,0,,,,0.002,crypto/prices
500647,2024-12-31T12:00:00Z,2024-04-04T22:47:56.516Z,529610.693398,0,,,,0.0015,crypto/prices
500648,2024-12-31T12:00:00Z,2024-04-04T22:47:59.932Z,505814.848421,0,,,,0.0005,crypto/prices
500649,2024-12-31T12:00:00Z,2024-04-04T22:48:04.538Z,1714608.960139,0,,,,0.0005,crypto/prices
500502,2025-01-20T12:00:00Z,2024-03-28T17:10:24.327Z,8209070.796648,0,0.04,0.0325,0.0445,0.019,politics
501255,2025-01-31T12:00:00Z,2024-04-30T16:15:20.28Z,223616.75,1,,,,,politics
501257,2025-01-31T12:00:00Z,2024-04-30T16:04:56.359Z,80945.98,0,,,,,politics
501258,2025-01-28T12:00:00Z,2024-04-30T16:51:27.711Z,350274.03,1,,,,,politics
501259,2025-01-28T12:00:00Z,2024-04-30T16:51:28.029Z,227754.11,0,,,,,politics
501260,2025-01-28T12:00:00Z,2024-04-30T16:51:28.466Z,209459.87,0,,,,,politics
501261,2025-01-28T12:00:00Z,2024-04-30T16:51:28.941Z,452437.24,0,,,,,politics
501262,2025-01-28T12:00:00Z,2024-04-30T16:51:29.398Z,523948.85,0,,,,,politics
501463,2025-01-31T12:00:00Z,,32374.71,0,,,,,politics
501464,2025-01-31T12:00:00Z,,28879.3,0,,,,,politics
501465,2025-01-31T12:00:00Z,,25519.46,0,,,,,politics
501466,2025-01-31T12:00:00Z,,19221.74,0,,,,,politics
501467,2025-01-31T12:00:00Z,,14042.81,1,,,,,politics
501468,2025-01-31T12:00:00Z,,16219.54,0,,,,,politics
501469,2025-01-31T12:00:00Z,,58412.27,0,,,,,politics
502038,2025-01-20T12:00:00Z,2024-06-11T15:22:18.709Z,3401720.780293,1,,,,0.285,politics
502120,2025-01-20T12:00:00Z,2024-06-05T00:26:16.057Z,1401484.693197,0,0.031,0.032,0.0615,0.029,politics
502265,2025-01-01T12:00:00Z,2024-08-29T17:36:52.585Z,617817.708213,1,0.9945,0.915,0.605,0.705,other
503013,2025-01-20T12:00:00Z,2024-06-28T21:55:53.464Z,64552171.3431552,1,0.992,0.9905,0.925,0.895,politics
503661,2025-01-20T12:00:00Z,2024-07-17T21:00:29.927Z,95032.128584,0,,,,0.08,politics
504643,2025-01-06T12:00:00Z,2024-08-07T14:52:41.512712Z,62760.592412,1,,,,0.655,other
504644,2025-01-06T12:00:00Z,2024-08-07T14:54:10.163018Z,125027.264898,0,,,,0.06,other
504645,2025-01-06T12:00:00Z,2024-08-07T14:56:16.658486Z,62302.343774,0,,,,0.01,other
504646,2025-01-06T12:00:00Z,2024-08-08T15:57:38.102Z,81457.122832,0,,,,0.205,other
504666,2025-01-31T12:00:00Z,2024-08-08T17:59:16.869Z,7624129.30776,0,,,,0.016,politics
504669,2025-01-31T12:00:00Z,2024-08-08T17:59:17.587Z,5113328.186418,0,,,,0.008,politics
504670,2025-01-31T12:00:00Z,2024-08-08T17:59:18.076Z,3599831.447954,0,,,,0.011,politics
504676,2025-01-31T12:00:00Z,2024-08-08T17:59:18.545Z,8672934.847148,0,,,,0.0185,politics
504677,2025-01-31T12:00:00Z,2024-08-08T17:59:18.862Z,15905191.80409,0,,,,0.046,politics
504678,2025-01-31T12:00:00Z,2024-08-08T17:59:19.238Z,7125730.542055,0,,,,0.049,politics
504679,2025-01-31T12:00:00Z,2024-08-08T17:59:19.543Z,5291054.874936,1,,,,0.075,politics
504680,2025-01-31T12:00:00Z,2024-08-08T17:59:19.902Z,8452706.021642,0,,,,0.114,politics
504681,2025-01-31T12:00:00Z,2024-08-08T17:59:20.19Z,3943068.534251,0,,,,0.12,politics
504700,2025-01-31T12:00:00Z,2024-08-08T17:59:20.501Z,12680742.873291,0,,,,0.125,politics
504701,2025-01-31T12:00:00Z,2024-08-08T17:59:20.911Z,7582278.116697,0,,,,0.125,politics
504702,2025-01-31T12:00:00Z,2024-08-08T17:59:21.35Z,2272794.49755,0,,,,0.12,politics
504703,2025-01-31T12:00:00Z,2024-08-08T17:59:21.721Z,2240606.656422,0,,,,0.085,politics
504704,2025-01-31T12:00:00Z,2024-08-08T17:59:22.008Z,3538087.672472,0,,,,0.055,politics
504705,2025-01-31T12:00:00Z,2024-08-08T17:59:22.424Z,2410264.715631,0,,,,0.042,politics
504706,2025-01-31T12:00:00Z,2024-08-08T17:59:22.861Z,20419616.790282,0,,,,0.046,politics
504707,2025-01-31T12:00:00Z,2024-08-08T17:59:23.236Z,7166377.557479,0,,,,0.0005,politics
504728,2025-01-06T12:00:00Z,2024-08-08T16:56:15.794831Z,164302.007124,0,0.085,0.35,0.52,0.295,other
504729,2025-01-06T12:00:00Z,2024-08-08T16:56:53.206885Z,194347.497223,1,0.905,0.65,0.465,0.305,other
504730,2025-01-06T12:00:00Z,2024-08-08T16:57:38.664479Z,115132.164485,0,,,0.014,0.17,other
504731,2025-01-06T12:00:00Z,2024-08-08T16:58:29.178094Z,128861.914716,0,,,0.0045,0.158,other
504732,2025-01-06T12:00:00Z,2024-08-08T17:04:34.172205Z,59423.04305,0,,,0.098,0.105,other
504733,2025-01-06T12:00:00Z,2024-08-08T17:05:11.071504Z,74770.229963,0,0.41,0.385,0.07,0.47,other
504734,2025-01-06T12:00:00Z,2024-08-08T17:05:52.493804Z,201383.351407,0,,,,0.075,other
504735,2025-01-06T12:00:00Z,2024-08-08T17:09:07.8052Z,76334.335908,1,0.585,0.585,0.86,0.335,other
504736,2025-01-06T12:00:00Z,2024-08-08T17:48:11.700864Z,176110.0145,0,,0.011,0.345,0.255,other
504737,2025-01-06T12:00:00Z,2024-08-08T17:49:11.247373Z,120987.076765,1,,0.9845,0.234,0.045,other
504738,2025-01-06T12:00:00Z,2024-08-08T17:49:39.662172Z,75309.0536300001,0,,,0.35,0.11,other
504739,2025-01-06T12:00:00Z,2024-08-08T17:50:26.000753Z,132647.289825,0,,,0.0445,0.48,other
504740,2025-01-06T12:00:00Z,2024-08-08T19:14:17.325Z,45606.878739,0,,,0.0025,0.235,other
504741,2025-01-06T12:00:00Z,2024-08-08T18:55:26.059Z,57581.150515,0,,,,0.0105,other
504742,2025-01-06T12:00:00Z,2024-08-08T19:15:11.213Z,68855.625955,0,,0.0005,0.0155,0.318,other
504743,2025-01-06T12:00:00Z,2024-08-08T19:15:20.484Z,187188.83411,1,,0.998,0.9695,0.38,other
504744,2025-01-06T12:00:00Z,2024-08-08T19:13:44.498Z,65895.392293,0,,,0.042,0.105,other
504745,2025-01-06T12:00:00Z,2024-08-08T19:09:29.617Z,118873.031205,0,,,0.005,0.0435,other
504746,2025-01-06T12:00:00Z,2024-08-08T18:55:06.327Z,66444.359738,1,,,0.9375,0.88,other
504747,2025-01-06T12:00:00Z,2024-08-08T19:09:55.688Z,61709.679141,0,,,,0.0495,other
504748,2025-01-06T12:00:00Z,2024-08-08T18:22:37.006673Z,91389.936277,0,,,0.0645,0.085,other
504749,2025-01-06T12:00:00Z,2024-08-08T21:16:13.556Z,118727.25839,0,,,,0.12,other
504750,2025-01-06T12:00:00Z,2024-08-08T18:23:55.547536Z,110533.391843,0,,,0.01,0.0475,other
504751,2025-01-06T12:00:00Z,2024-08-08T18:24:30.650386Z,39160.227502,1,,,0.905,0.745,other
504754,2025-01-06T12:00:00Z,2024-08-08T19:12:33.724Z,65884.324994,0,0.002,0.08,0.585,0.155,other
504755,2025-01-06T12:00:00Z,2024-08-08T19:12:49.474Z,53190.054275,0,,,,0.025,other
504756,2025-01-06T12:00:00Z,2024-08-08T19:13:02.664Z,82123.11899,0,,,,0.12,other
504757,2025-01-06T12:00:00Z,2024-08-08T19:13:13.97Z,95450.872673,1,0.839,0.915,0.405,0.735,other
504830,2025-01-06T12:00:00Z,2024-08-09T20:19:26.909Z,3696192.229365,1,0.9825,0.9825,0.963,0.855,politics
504851,2025-01-20T12:00:00Z,2024-08-09T18:21:15.237394Z,1589214.623886,1,0.967,0.9875,0.965,0.933,other
504903,2025-01-06T12:00:00Z,2024-08-12T15:25:03.800808Z,7783375.01711,0,0.0005,0.007,0.033,0.14,other
504905,2025-01-06T12:00:00Z,2024-08-13T17:06:18.116Z,198903.636276,0,0.0005,0.003,0.0115,0.16,other
504944,2025-01-06T12:00:00Z,2024-08-12T18:47:38.921995Z,158003.389756,0,0.0005,0.0005,0.0595,0.17,other
504945,2025-01-06T12:00:00Z,2024-08-12T18:48:59.150392Z,2290133.764945,0,0.0005,0.0015,0.0025,0.278,other
504946,2025-01-06T12:00:00Z,2024-08-12T18:50:02.203264Z,93103.6858139999,1,0.997,0.968,0.79,0.245,other
504947,2025-01-06T12:00:00Z,2024-08-12T18:51:01.2767Z,706347.426019995,0,0.0005,0.0005,0.0025,0.016,other
504948,2025-01-06T12:00:00Z,2024-08-12T18:51:45.409183Z,641459.927049,0,0.0005,0.002,0.003,0.0225,other
504949,2025-01-06T12:00:00Z,2024-08-12T18:52:22.17442Z,263912.749253,0,0.0005,0.002,0.0035,0.0305,other
504951,2025-01-06T12:00:00Z,2024-08-12T18:53:22.851619Z,3285273.346312,0,0.0005,0.0015,0.002,0.0195,other
504952,2025-01-06T12:00:00Z,2024-08-12T18:53:59.043214Z,633222.40822,0,0.0005,0.0005,0.004,0.006,other
504953,2025-01-06T12:00:00Z,2024-08-12T18:56:10.495234Z,139229.944864,0,0.0005,0.0005,0.004,0.013,other
504956,2025-01-06T12:00:00Z,2024-08-12T23:51:05.247Z,311568.530788,0,0.0005,0.003,0.065,0.275,other
504958,2025-01-06T12:00:00Z,2024-08-12T20:10:31.409687Z,2079598.82849706,0,0.0005,0.0015,0.0045,0.05,other
504959,2025-01-06T12:00:00Z,2024-08-12T20:10:31.902302Z,170162.19537,1,0.998,0.985,0.7615,0.1905,other
504960,2025-01-06T12:00:00Z,2024-08-12T20:17:10.39225Z,275844.750146,0,0.0005,0.002,0.1005,0.37,other
504961,2025-01-06T12:00:00Z,2024-08-12T20:18:08.360528Z,90838.171268,0,0.0005,0.0025,0.034,0.195,other
504962,2025-01-06T12:00:00Z,2024-08-12T20:18:53.96504Z,775376.904399999,0,0.0005,0.002,0.0025,0.0095,other
504963,2025-01-06T12:00:00Z,2024-08-12T20:19:22.830174Z,2805592.315299,0,0.0005,0.002,0.0055,0.0245,other
504964,2025-01-06T12:00:00Z,2024-08-12T20:19:44.581319Z,144531.470072,0,0.0005,0.0015,0.0065,0.0035,other
504966,2025-01-06T12:00:00Z,2024-08-12T20:20:14.160814Z,2072119.89682801,0,0.0005,0.002,0.007,0.4075,other
504967,2025-01-06T12:00:00Z,2024-08-12T20:20:38.309141Z,61197.727953,0,0.0005,0.0005,0.004,0.016,other
504968,2025-01-06T12:00:00Z,2024-08-12T20:21:07.105728Z,1378377.454489,0,0.0005,0.0005,0.0025,0.0115,other
504969,2025-01-06T12:00:00Z,2024-08-12T20:21:48.708988Z,863266.721067,0,0.0005,0.002,0.0025,0.0075,other
504970,2025-01-06T12:00:00Z,2024-08-12T20:23:00.008858Z,71648.65498,0,0.0005,0.0025,0.004,0.007,other
504971,2025-01-06T12:00:00Z,2024-08-12T20:23:32.685118Z,1145692.080135,0,0.0005,0.002,0.003,0.122,other
504972,2025-01-06T12:00:00Z,2024-08-12T20:23:55.940078Z,45676.942457,0,0.0005,0.002,0.006,0.015,other
504974,2025-01-06T12:00:00Z,2024-08-12T20:29:32.123Z,38167.79896,0,0.0005,0.002,0.006,0.125,other
504985,2025-01-07T12:00:00Z,2024-08-12T21:50:49.825498Z,212363.937875,0,0.0005,0.001,0.005,0.0115,other
504986,2025-01-07T12:00:00Z,2024-08-12T21:51:14.215331Z,170348.938999,0,0.0005,0.0015,0.0745,0.085,other
504987,2025-01-07T12:00:00Z,2024-08-12T21:51:37.777082Z,100850.230717,0,0.0005,0.002,0.0085,0.105,other
504988,2025-01-07T12:00:00Z,2024-08-12T21:52:01.348436Z,872327.943985,0,0.0005,0.0015,0.0035,0.0285,other
504989,2025-01-07T12:00:00Z,2024-08-12T21:52:29.872823Z,99734.112824,1,0.0035,0.0115,0.011,0.0995,other
504990,2025-01-07T12:00:00Z,2024-08-12T21:53:01.397833Z,129351.150599,0,0.992,0.965,0.7615,0.181,other
504991,2025-01-07T12:00:00Z,2024-08-12T21:53:30.907949Z,234520.44735,0,0.0005,0.0015,0.0855,0.1035,other
504992,2025-01-07T12:00:00Z,2024-08-12T21:54:01.544214Z,81535.26278,0,0.0005,0.0015,0.0075,0.1705,other
504993,2025-01-07T12:00:00Z,2024-08-12T21:54:26.119574Z,5726186.23375,0,0.0005,0.0005,0.0025,0.0135,other
504994,2025-01-07T12:00:00Z,2024-08-12T21:54:49.036678Z,1461939.906607,0,0.0005,0.0025,0.0025,0.005,other
504995,2025-01-07T12:00:00Z,2024-08-12T21:55:13.279042Z,298499.0657,0,0.0005,0.0015,0.016,0.1195,other
504996,2025-01-07T12:00:00Z,2024-08-12T21:56:20.471936Z,101537.689313,0,0.0005,0.0015,0.006,0.0195,other
504997,2025-01-07T12:00:00Z,2024-08-12T21:56:56.071601Z,152004.0177,0,0.0005,0.002,0.0145,0.103,other
504998,2025-01-07T12:00:00Z,2024-08-13T16:45:58.425Z,112184.203939,0,0.0005,0.002,0.008,0.0425,other
505017,2025-01-07T12:00:00Z,2024-08-13T16:27:46.01Z,296732.810680998,0,0.0005,0.0015,0.008,0.0715,other
505018,2025-01-07T12:00:00Z,2024-08-13T16:28:14.591527Z,19454.184933,0,0.0005,0.0015,0.027,0.185,other
505020,2025-01-07T12:00:00Z,2024-08-13T16:28:59.713934Z,201661.196446006,0,0.0005,0.002,0.007,0.05,other
505021,2025-01-07T12:00:00Z,2024-08-13T16:30:40.116791Z,74562.792462,0,0.0005,0.002,0.004,0.009,other
505022,2025-01-07T12:00:00Z,2024-08-13T16:30:40.551204Z,13732.821813,0,0.0005,0.0015,0.016,0.07,other
505023,2025-01-07T12:00:00Z,2024-08-13T16:30:40.961347Z,202037.714002,0,0.001,0.002,0.0155,0.065,other
505024,2025-01-07T12:00:00Z,2024-08-13T16:31:13.782115Z,16689.319095,0,0.0095,0.0045,0.258,0.104,other
505025,2025-01-07T12:00:00Z,2024-08-13T17:00:32.303Z,23279.348114,1,0.5105,0.935,0.49,0.22,other
253858,2025-03-01T00:00:00Z,2024-01-16T21:50:24.112Z,543678.285412,1,,,,0.989,other
503297,2025-02-09T12:00:00Z,2024-07-09T14:51:27.110595Z,43228740.8968111,0,,,,0.026,other
503298,2025-02-09T12:00:00Z,2024-07-09T14:55:40.277835Z,49889785.2261379,0,,,,0.0295,other
503299,2025-02-09T12:00:00Z,2024-07-09T14:56:31.518Z,6399020.27254501,0,,,0.135,0.121,other
503300,2025-02-09T12:00:00Z,2024-07-09T14:57:37.971Z,8862284.68531611,0,,,0.1325,0.087,other
503301,2025-02-09T12:00:00Z,2024-07-09T14:59:57.650118Z,139314923.974714,0,,,,0.0025,other
503302,2025-02-09T12:00:00Z,2024-07-09T15:00:36.571551Z,8672879.684546,0,,,,0.0065,other
503303,2025-02-09T12:00:00Z,2024-07-09T15:03:51.254245Z,16154547.0860739,0,,,,0.0195,other
503304,2025-02-09T12:00:00Z,2024-07-09T15:04:22.106699Z,115257552.257456,0,,,,0.0035,other
503305,2025-02-09T12:00:00Z,2024-07-09T15:04:47.913132Z,12217168.9475818,0,,,,0.0045,other
503306,2025-02-09T12:00:00Z,2024-07-09T15:05:16.794969Z,14117540.8412919,0,,,0.0075,0.0055,other
503307,2025-02-09T12:00:00Z,2024-07-09T15:08:23.113Z,12167588.6404789,0,,,0.23,0.1925,other
503309,2025-02-09T12:00:00Z,2024-07-09T15:08:58.968482Z,7565957.35661803,0,,,0.028,0.028,other
503310,2025-02-10T12:00:00Z,2024-08-08T16:14:18.765Z,33300682.7113171,0,,,0.0085,0.0245,other
503311,2025-02-09T12:00:00Z,2024-07-09T15:10:16.745857Z,26827625.2609891,0,,,,0.0055,other
503312,2025-02-09T12:00:00Z,2024-07-09T15:10:45.55739Z,25428418.733293,0,,,,0.0025,other
503313,2025-02-09T12:00:00Z,2024-07-09T15:16:06.199Z,16403932.8394891,0,0.5225,0.53,0.23,0.193,other
503314,2025-02-09T12:00:00Z,2024-07-09T15:28:42.42275Z,123969933.295517,0,,,,0.0025,other
503315,2025-02-09T12:00:00Z,2024-07-09T15:29:29.936472Z,13879054.4825222,0,,,0.0245,0.019,other
503316,2025-02-09T12:00:00Z,2024-07-09T15:30:10.097829Z,9140068.05236717,0,,,0.024,0.012,other
503317,2025-02-09T12:00:00Z,2024-07-09T15:30:39.58659Z,23773212.1942749,0,,,,0.0055,other
503318,2025-02-09T12:00:00Z,2024-07-09T15:31:07.963785Z,6450183.56028005,0,,,0.0395,0.0275,other
503319,2025-02-09T12:00:00Z,2024-07-09T15:33:38.199595Z,9156142.64710284,0,,,,0.0045,other
503320,2025-02-09T12:00:00Z,2024-07-09T15:36:12.169062Z,107857306.638451,0,,,,0.0025,other
503321,2025-02-09T12:00:00Z,2024-07-09T15:36:33.626123Z,13428656.912382,0,,,,0.008,other
503322,2025-02-09T12:00:00Z,2024-07-09T15:37:44.526Z,11829712.587561,1,0.4775,0.469,0.106,0.0665,other
503323,2025-02-09T12:00:00Z,2024-07-09T15:42:19.607439Z,32651063.5802148,0,,,0.0075,0.026,other
503324,2025-02-09T12:00:00Z,2024-07-09T15:51:52.581Z,11810114.778477,0,,,,0.078,other
503325,2025-02-09T12:00:00Z,2024-07-09T15:52:41.331393Z,20673323.934183,0,,,,0.0055,other
503326,2025-02-09T12:00:00Z,2024-07-09T15:54:12.41273Z,7542108.76883002,0,,,0.0215,0.0075,other
503327,2025-02-09T12:00:00Z,2024-07-09T17:58:45.714Z,119500829.411718,0,,,,0.0025,other
503328,2025-02-09T12:00:00Z,2024-07-09T16:01:49.928Z,30528260.8240941,0,,,0.015,0.0395,other
503329,2025-02-09T12:00:00Z,2024-07-09T16:03:13.039758Z,74275772.258203,0,,,,0.0035,other
503567,2025-02-09T12:00:00Z,2024-07-16T17:59:41.512166Z,237968.170638,0,,,0.045,0.145,other
505610,2025-02-06T12:00:00Z,2024-09-24T18:09:47.62416Z,357423.158519,0,,,0.003,0.0395,sports
505611,2025-02-06T12:00:00Z,2024-09-24T18:10:09.751712Z,569402.430301,1,0.9985,0.9925,0.981,0.81,sports
505612,2025-02-06T12:00:00Z,2024-09-24T18:11:54.246585Z,2279555.626838,0,,,0.0015,0.0105,sports
505613,2025-02-06T12:00:00Z,2024-09-24T18:13:25.208977Z,372365.035008,0,0.0015,0.003,0.0085,0.0955,sports
505614,2025-02-06T12:00:00Z,2024-09-24T18:14:18.316449Z,1750150.748902,0,0.0005,0.0015,0.0015,0.011,sports
505615,2025-02-06T12:00:00Z,2024-09-24T18:14:49.966309Z,626334.568798,0,,,0.001,0.007,sports
505616,2025-02-06T12:00:00Z,2024-09-24T18:15:05.695418Z,15477473.036279,0,,,0.0015,0.015,sports
505750,2025-02-06T12:00:00Z,2024-09-24T18:15:25.981Z,4161581.405163,0,0.0005,0.0005,0.0025,0.006,sports
506096,2025-02-09T12:00:00Z,2024-08-29T19:46:25.998Z,6777464.20697301,0,,,0.0005,0.11,sports
506097,2025-02-09T12:00:00Z,2024-08-29T21:28:55.385Z,3331122.127106,1,0.91,0.535,0.82,0.21,sports
506098,2025-02-09T12:00:00Z,2024-08-29T19:48:10.304Z,4965015.955467,0,0.0005,0.0025,0.0025,0.0615,sports
506099,2025-02-09T12:00:00Z,2024-08-29T19:48:34.076Z,5926195.542204,0,,,0.0005,0.0285,sports
506100,2025-02-09T12:00:00Z,2024-08-29T19:51:43.454Z,2091700.302112,0,,,0.001,0.0415,sports
506102,2025-02-09T12:00:00Z,2024-08-29T19:52:25.994Z,5044178.723599,0,0.0825,0.464,0.1465,0.3805,sports
506103,2025-02-09T12:00:00Z,2024-08-29T19:52:26.664Z,9584927.109699,0,,,0.001,0.007,sports
506104,2025-02-09T12:00:00Z,2024-08-29T19:52:58.245Z,2298348.045154,0,,,0.001,0.018,sports
506105,2025-02-09T12:00:00Z,2024-08-29T19:53:13.923Z,37958529.9175012,0,,,0.0005,0.006,sports
506106,2025-02-09T12:00:00Z,2024-08-29T19:53:32.835Z,8565492.57583894,0,,,0.0005,0.0035,sports
506107,2025-02-09T12:00:00Z,2024-08-29T19:53:59.606Z,3838730.4411,0,0.0005,0.001,0.0025,0.126,sports
506108,2025-02-09T12:00:00Z,2024-08-29T19:54:20.128Z,7734192.69611796,0,,,0.0005,0.0055,sports
506109,2025-02-09T12:00:00Z,2024-08-29T19:54:39.478Z,18886263.2792296,0,,,0.0005,0.004,sports
506110,2025-02-09T12:00:00Z,2024-08-29T19:55:00.024Z,6114807.967656,0,,,0.0005,0.0035,sports
506111,2025-02-09T12:00:00Z,2024-08-29T20:00:06.249Z,1777870.789162,0,,,0.001,0.007,sports
506113,2025-02-09T12:00:00Z,2024-08-29T20:06:08.499Z,11881499.246865,0,,,0.001,0.0025,sports
506114,2025-02-09T12:00:00Z,2024-08-29T20:06:33.091Z,4658573.758139,0,,,0.001,0.0025,sports
506116,2025-02-09T12:00:00Z,2024-08-29T20:06:57.224Z,19618409.681784,0,,,0.0005,0.0185,sports
506117,2025-02-09T12:00:00Z,2024-08-29T20:08:00.011Z,2800219.689401,0,,,0.0005,0.03,sports
506118,2025-02-09T12:00:00Z,2024-08-29T20:08:22.384Z,3412839.972198,0,,,0.0015,0.004,sports
506119,2025-02-09T12:00:00Z,2024-08-29T20:08:42.235Z,4448829.186668,0,,,0.001,0.0025,sports
506120,2025-02-09T12:00:00Z,2024-08-29T20:14:12.81Z,3852908.183023,0,0.0025,0.0045,0.0025,0.0335,sports
506127,2025-02-09T12:00:00Z,2024-08-29T20:58:34.251Z,5410211.59447698,0,,,0.0005,0.003,sports
506128,2025-02-09T12:00:00Z,2024-08-29T21:51:09.031Z,1474559.893227,0,,,0.001,0.015,sports
507394,2025-02-03T12:00:00Z,2024-09-18T01:50:56.160065Z,36493.816975,0,,,,0.024,other
507622,2025-02-28T12:00:00Z,2024-09-24T16:54:02.396915Z,58569.143212,1,,,,,politics
507624,2025-02-28T12:00:00Z,2024-09-24T16:55:09.184897Z,12316.958585,0,,,,,politics
507625,2025-02-28T12:00:00Z,2024-09-24T16:56:08.803332Z,11941.417977,0,,,,,politics
507626,2025-02-28T12:00:00Z,2024-09-24T16:56:33.498549Z,136681.542181,0,,,,,politics
507826,2025-02-06T12:00:00Z,2024-09-24T18:16:08.08Z,1412882.507364,0,0.0015,0.0025,0.0015,0.0145,sports
507827,2025-02-06T12:00:00Z,2024-09-24T18:16:24.186Z,482299.797063,0,0.0005,0.001,0.002,0.0165,sports
509498,2025-02-06T12:00:00Z,2024-12-06T21:25:51.52261Z,42810.888318,1,0.9045,0.9695,0.935,,sports
509512,2025-02-06T12:00:00Z,2024-10-24T21:25:11.876732Z,82118.075518,0,0.022,0.0205,0.105,0.54,sports
509513,2025-02-06T12:00:00Z,2024-10-24T21:25:31.991596Z,164475.347428,0,,,0.006,0.07,sports
509514,2025-02-06T12:00:00Z,2024-10-24T21:25:53.982172Z,45786.704734,1,0.933,0.8615,0.756,0.035,sports
509515,2025-02-06T12:00:00Z,2024-10-24T21:27:01.126816Z,47019.885265,0,,,0.0025,0.04,sports
509516,2025-02-06T12:00:00Z,2024-10-24T21:27:11.092738Z,47039.666649,0,,,0.0045,0.029,sports
509517,2025-02-06T12:00:00Z,2024-10-24T21:28:14.191843Z,39711.141852,0,0.0065,0.012,0.006,0.0235,sports
509518,2025-02-06T12:00:00Z,2024-10-24T21:28:50.56686Z,65741.645548,0,,,0.0035,0.0395,sports
509519,2025-02-06T12:00:00Z,2024-10-24T21:29:29.096925Z,134597.047221,0,,,0.0045,0.0325,sports
509520,2025-02-06T12:00:00Z,2024-10-24T21:29:49.335948Z,11154.148363,0,,,0.0035,0.013,sports
509521,2025-02-06T12:00:00Z,2024-10-24T21:30:06.102791Z,129723.977401,0,,,0.006,0.055,sports
509522,2025-02-06T12:00:00Z,2024-10-24T21:30:36.181519Z,50978.336876,0,,,0.0035,0.0235,sports
509524,2025-02-06T12:00:00Z,2024-10-24T21:31:08.905533Z,30850.440955,0,0.0015,0.008,0.038,0.075,sports
510031,2025-02-06T12:00:00Z,2024-10-24T21:31:38.421694Z,14807.076828,0,,,0.0025,0.0285,sports
510032,2025-02-06T12:00:00Z,2024-10-24T21:32:37.309535Z,45451.127169,0,0.0325,0.0175,0.089,0.094,sports
513213,2025-02-03T12:00:00Z,2024-11-15T22:20:20.23Z,381299.246953,0,,,0.067,,politics
513229,2025-02-03T12:00:00Z,2024-11-15T22:25:25.591Z,206041.738757,1,,,0.63,,politics
513233,2025-02-03T12:00:00Z,2024-11-15T22:25:40.921Z,4988602.432348,0,,,0.145,,crypto/prices
513236,2025-02-03T12:00:00Z,2024-11-15T22:26:16.241Z,866745.478843,0,,,0.105,,politics
513237,2025-02-03T12:00:00Z,2024-11-15T22:26:15.248Z,480558.201464,0,,,0.245,,politics
513239,2025-02-03T12:00:00Z,2024-11-15T22:26:35.365Z,137330.855014,0,,,0.11,,politics
513240,2025-02-03T12:00:00Z,2024-11-15T23:29:05.022Z,507423.09585,0,,,0.635,,politics
513241,2025-02-03T12:00:00Z,2024-11-15T22:37:39.505Z,161725.914296,0,,,0.1565,,politics
513242,2025-02-03T12:00:00Z,2024-11-15T22:37:49.982Z,273803.418308,1,,,0.145,,politics
513243,2025-02-03T12:00:00Z,2024-11-15T22:38:39.506Z,245526.489301,0,,,0.125,,politics
513244,2025-02-03T12:00:00Z,2024-11-15T22:39:14.814Z,126939.161314,0,,,0.31,,politics
513458,2025-02-03T12:00:00Z,2024-11-20T17:27:43.418Z,38117.357253,0,0.002,0.0135,0.131,,other
513548,2025-02-02T12:00:00Z,2024-11-20T22:08:56.608Z,331372.388564,0,0.0135,0.005,0.0045,,other
513549,2025-02-02T12:00:00Z,2024-11-20T22:09:32.115Z,153966.497784,1,0.245,0.22,0.17,,other
513550,2025-02-02T12:00:00Z,2024-11-20T22:10:42.751Z,94072.403053,0,0.0145,0.03,0.017,,other
513551,2025-02-02T12:00:00Z,2024-11-20T22:12:06.773Z,114409.45803,0,0.14,0.205,0.15,,other
513552,2025-02-02T12:00:00Z,2024-11-20T22:12:33.395Z,735551.627323,0,0.009,0.0065,0.007,,other
513553,2025-02-02T12:00:00Z,2024-11-20T22:13:07.688Z,169864.65529,0,0.54,0.37,0.565,,other
513554,2025-02-02T12:00:00Z,2024-11-20T22:13:28.106Z,134874.660209,0,0.012,0.05,0.0085,,other
513555,2025-02-02T12:00:00Z,2024-11-20T22:13:52.876Z,115165.106865,0,0.065,0.095,0.085,,other
513570,2025-02-02T12:00:00Z,2024-11-20T22:07:27.512207Z,195276.147563,0,0.011,0.012,0.02,,other
513574,2025-02-02T12:00:00Z,2024-11-20T22:08:06.93Z,177764.760607,0,0.63,0.54,0.62,,other
513575,2025-02-02T12:00:00Z,2024-11-20T22:08:27.240833Z,33293.840164,0,0.094,0.099,0.066,,other
513577,2025-02-02T12:00:00Z,2024-11-20T22:09:02.383833Z,56159.958846,0,0.0485,0.0235,0.013,,other
513578,2025-02-02T12:00:00Z,2024-11-20T22:09:32.109928Z,38264.691229,0,0.0535,0.047,0.029,,other
513579,2025-02-02T12:00:00Z,2024-11-20T22:10:46.663198Z,40485.655213,1,0.105,0.185,0.11,,other
513580,2025-02-02T12:00:00Z,2024-11-20T22:11:12.930877Z,24560.244122,0,0.0425,0.0535,0.039,,other
513581,2025-02-02T12:00:00Z,2024-11-20T22:11:52.860309Z,59407.634267,0,0.0525,0.054,0.0795,,other
513583,2025-02-02T12:00:00Z,2024-11-20T22:04:01.496Z,66495.612173,0,0.097,0.0865,0.014,,other
513584,2025-02-02T12:00:00Z,2024-11-20T22:04:27.849Z,72755.732889,0,0.0165,0.0245,0.0225,,other
513585,2025-02-02T12:00:00Z,2024-11-20T22:05:28.11Z,90971.691532,0,0.6,0.645,0.655,,other
513586,2025-02-02T12:00:00Z,2024-11-20T22:05:47.456Z,37666.034255,0,0.008,0.012,0.0075,,other
508190,2025-03-31T12:00:00Z,2024-09-26T18:02:58.557Z,176019.534625,0,0.0045,0.0055,0.055,0.485,other
508239,2025-03-31T12:00:00Z,2024-09-26T20:46:27.392Z,214753.694826,0,,,,,crypto/prices
508241,2025-03-31T12:00:00Z,2024-09-26T20:46:49.727Z,321198.537267,0,,,,,crypto/prices
508243,2025-03-31T12:00:00Z,2024-09-26T20:47:46.158Z,218270.789367,0,,,,,crypto/prices
508245,2025-03-31T12:00:00Z,2024-09-26T20:47:58.119Z,252121.843534,0,,,,,crypto/prices
508255,2025-03-31T12:00:00Z,2024-09-26T20:49:53.728Z,438735.7069,0,,,,,crypto/prices
508258,2025-03-31T12:00:00Z,2024-09-26T20:50:14.494Z,332700.759127,0,,,,,crypto/prices
508261,2025-03-31T12:00:00Z,2024-09-26T20:51:01.684889Z,348026.709923,1,,,,,crypto/prices
511867,2025-03-31T12:00:00Z,2024-11-06T16:10:23.046Z,1850597.392778,1,,,,0.11,politics
511868,2025-03-31T12:00:00Z,2024-11-06T16:10:23.04Z,498205.945075999,1,,,,0.9245,politics
511869,2025-03-31T12:00:00Z,2024-11-06T16:10:29.167Z,243223.264328,0,0.005,0.0055,0.0435,0.0505,politics
511870,2025-03-31T12:00:00Z,2024-11-06T16:11:43.347Z,58494.230201,0,0.007,0.0075,0.023,0.038,politics
511871,2025-03-31T12:00:00Z,2024-11-06T16:11:52.452Z,334043.094428,0,0.009,0.007,0.016,0.125,politics
511872,2025-03-31T12:00:00Z,2024-11-06T16:12:08.774Z,201472.069315,0,0.0095,0.0085,0.0365,0.065,politics
511873,2025-03-31T12:00:00Z,2024-11-06T16:13:01.352Z,64208.013846,1,,,,0.9775,politics
511874,2025-03-31T12:00:00Z,2024-11-06T16:13:17.313Z,759620.054919,0,0.003,0.0055,0.0075,0.067,politics
511877,2025-03-31T12:00:00Z,2024-11-06T16:13:34.018Z,140698.85358,0,0.006,0.016,0.0495,0.1,politics
511878,2025-03-31T12:00:00Z,2024-11-06T16:13:44.112Z,581582.238767,1,,0.9015,0.8095,0.468,politics
511879,2025-03-31T12:00:00Z,2024-11-06T16:13:54.398Z,44081.196311,0,0.006,0.006,0.0165,0.202,politics
511880,2025-03-31T12:00:00Z,2024-11-06T16:14:16.319Z,390530.014856,1,,,,0.9825,politics
512180,2025-03-31T12:00:00Z,2024-11-06T18:27:08.155Z,276654.125409,0,,,,,politics
512181,2025-03-31T12:00:00Z,2024-11-06T18:27:40.033Z,328047.748262,0,,,,,politics
512201,2025-03-31T12:00:00Z,2024-11-06T19:53:06.036Z,74183.264353,0,0.004,0.0065,0.0185,0.2305,politics
512202,2025-03-31T12:00:00Z,2024-11-06T19:53:59.196Z,448842.125154,0,0.0035,0.009,0.008,0.025,politics
512203,2025-03-31T12:00:00Z,2024-11-06T19:54:20.316Z,293922.821917,0,0.0035,0.008,0.0265,0.0395,politics
512204,2025-03-31T12:00:00Z,2024-11-06T19:54:30.297Z,93284.511774,0,0.0005,0.0295,0.115,0.38,politics
512212,2025-03-31T12:00:00Z,2024-11-06T20:36:17.024Z,41215.993584,0,0.0005,0.0085,0.039,0.14,politics
512306,2025-03-31T12:00:00Z,2024-11-08T00:28:55.999Z,295986.784013,1,,,,0.8815,politics
512344,2025-03-31T12:00:00Z,2024-11-08T00:31:12.325Z,26171.680822,0,0.01,0.008,0.0255,0.195,politics
513037,2025-03-31T12:00:00Z,2024-11-14T21:38:54.405837Z,180246.644357,0,,,,0.0725,politics
513204,2025-03-31T12:00:00Z,2024-11-15T21:08:32.239Z,252888.893662,1,,0.35,0.31,0.285,politics
513315,2025-03-31T12:00:00Z,2024-11-18T15:39:29.658Z,106009.395398,0,0.0035,0.006,0.024,0.105,politics
513363,2025-03-31T12:00:00Z,2024-11-18T18:42:40.283Z,16573.849088,0,0.0025,0.0045,0.042,0.1,politics
513715,2025-03-31T12:00:00Z,2024-11-22T17:04:46.313Z,51055.283212,0,0.0045,0.006,0.034,0.1,politics
513750,2025-03-31T12:00:00Z,2024-11-22T21:08:40.332Z,2252815.806165,0,0.0015,0.006,0.016,0.075,other
514267,2025-03-31T12:00:00Z,2024-12-02T16:12:01.995287Z,420244.353947,1,,,,,politics
514344,2025-03-31T12:00:00Z,2024-12-02T16:46:00.891Z,2431621.702986,0,0.007,0.0145,0.085,0.41,other
514345,2025-03-31T12:00:00Z,2024-12-02T16:46:06.645Z,736775.609243,0,0.004,0.0105,0.095,0.395,other
514472,2025-03-31T12:00:00Z,2024-12-02T23:35:51.077858Z,827456.266761,0,0.003,0.011,0.02,0.09,other
514478,2025-03-31T12:00:00Z,2024-12-02T23:39:53.797Z,926083.369954,0,0.0025,0.0025,0.0175,0.055,sports
514499,2025-03-31T12:00:00Z,2024-12-02T23:37:44.213829Z,147790.501351,0,0.0045,0.0045,0.0775,0.17,other
514502,2025-03-31T12:00:00Z,2024-12-23T17:26:41.750649Z,87684.221922,0,0.0025,0.0035,0.033,0.235,other
514520,2025-03-31T12:00:00Z,2024-12-03T00:40:19.693Z,355442.061976,0,0.004,0.0085,0.027,0.25,other
514608,2025-03-31T12:00:00Z,2024-12-03T20:47:38.609835Z,921323.99051,0,0.0005,0.002,0.0115,0.0105,politics
514659,2025-03-27T12:00:00Z,2024-12-04T18:01:57.361735Z,38589.267957,0,,,,,other
514660,2025-03-27T12:00:00Z,2024-12-04T18:02:21.81304Z,17248.443587,0,,,,,other
514661,2025-03-26T12:00:00Z,2024-12-04T18:02:51.950127Z,69991.804613,1,,,,,other
514662,2025-03-26T12:00:00Z,2024-12-04T18:03:31.722639Z,143801.670596,0,,,,,other
514663,2025-03-26T12:00:00Z,2024-12-04T18:03:41.84Z,422335.160571,0,,,,,other
514664,2025-03-26T12:00:00Z,2024-12-04T18:04:06.067621Z,44754.217126,0,,,,,other
514665,2025-03-26T12:00:00Z,2024-12-04T18:04:45.609877Z,23723.022407,0,,,,,other
514670,2025-03-31T12:00:00Z,2024-12-04T17:50:46.892Z,32369092.703828,0,0.014,0.325,0.795,0.475,politics
514707,2025-03-31T12:00:00Z,2024-12-04T21:23:17.114Z,327205.061833,0,0.004,0.0055,0.105,0.27,other
514989,2025-03-31T12:00:00Z,2024-12-06T20:48:40.903627Z,101027.261633,0,0.0065,0.0065,0.0755,0.22,other
515094,2025-03-31T12:00:00Z,2024-12-09T16:40:16.173896Z,308449.992546,0,0.0025,0.0035,0.0235,0.16,other
515096,2025-03-31T12:00:00Z,2024-12-09T16:36:56.567Z,54214.822661,0,0.0105,0.006,0.0615,0.09,other
515289,2025-03-31T12:00:00Z,2025-01-15T17:26:33.536933Z,34466.029776,0,0.0025,0.0045,0.024,,other
515367,2025-03-31T12:00:00Z,2024-12-11T16:19:29.799Z,280301.163274,0,0.0105,0.01,0.055,0.135,other
515376,2025-03-31T12:00:00Z,2024-12-11T16:42:02.470031Z,20369.973614,0,,,,,other
515389,2025-03-31T12:00:00Z,2024-12-11T19:42:09.585Z,521933.926214,0,0.002,0.004,0.1,0.019,other
515406,2025-03-31T12:00:00Z,2024-12-11T22:17:58.142688Z,216154.025161,0,0.004,0.0065,0.015,0.13,other
515427,2025-03-31T12:00:00Z,2024-12-11T21:56:22.498Z,905647.225961,0,0.0305,0.0315,0.195,0.225,other
515428,2025-03-31T12:00:00Z,2024-12-11T21:56:37.478133Z,219520.737802,1,,,,0.305,other
515429,2025-03-31T12:00:00Z,2024-12-11T21:56:51.827101Z,192697.787215,1,,,,0.335,other
515430,2025-03-31T12:00:00Z,2024-12-11T21:57:22.591366Z,148850.574096,1,,,,0.665,other
515431,2025-03-31T12:00:00Z,2024-12-11T21:57:46.670782Z,44514.312854,1,,,,0.66,other
515447,2025-03-31T12:00:00Z,2024-12-12T00:57:48.132Z,57413.626497,0,0.0025,0.0025,0.0235,0.11,other
515470,2025-03-31T12:00:00Z,2024-12-11T23:23:12.65096Z,118907.380079,0,0.0035,0.01,0.0565,0.165,macro
515502,2025-03-31T12:00:00Z,2024-12-12T23:07:19.459996Z,6211260.142575,0,0.0005,0.0005,0.0155,0.055,crypto/prices
515503,2025-03-31T12:00:00Z,2024-12-12T23:08:53.279366Z,4273926.841544,0,0.0015,0.0025,0.025,0.18,crypto/prices
515504,2025-03-31T12:00:00Z,2024-12-12T23:10:04.214601Z,3368945.251766,0,0.001,0.004,0.0415,0.315,crypto/prices
515505,2025-03-31T12:00:00Z,2024-12-12T23:10:24.264022Z,4250183.439874,0,0.0015,0.004,0.055,0.43,crypto/prices
515506,2025-03-31T12:00:00Z,2024-12-12T23:10:38.371005Z,6976571.855402,0,0.0015,0.0105,0.108,0.6,crypto/prices
515508,2025-03-31T12:00:00Z,2024-12-12T23:05:16.981608Z,1997354.622884,0,0.001,0.0005,0.007,0.085,crypto/prices
515509,2025-03-31T12:00:00Z,2024-12-12T23:05:24.131Z,1683521.635996,0,0.0005,0.0005,0.007,0.115,crypto/prices
515510,2025-03-31T12:00:00Z,2024-12-12T23:05:27.294779Z,1523652.748761,0,0.0005,0.0005,0.0155,0.165,crypto/prices
515511,2025-03-31T12:00:00Z,2024-12-12T23:05:37.358717Z,2701392.064621,0,0.0005,0.0005,0.023,0.335,crypto/prices
515514,2025-03-31T12:00:00Z,2024-12-12T23:05:57.546058Z,3519383.48134,0,0.001,0.0015,0.031,0.47,crypto/prices
515524,2025-03-31T12:00:00Z,2024-12-12T22:57:51.81Z,520145.330622,0,0.0045,0.0165,0.065,0.085,other
515546,2025-03-31T12:00:00Z,2024-12-13T17:09:59.034Z,59017.327491,1,,,,,crypto/prices
515547,2025-03-31T12:00:00Z,2024-12-13T17:10:04.775Z,283741.34572,1,,,,0.79,crypto/prices
515548,2025-03-31T12:00:00Z,2024-12-13T17:20:04.778Z,1164316.966982,1,,,,0.895,crypto/prices
515554,2025-03-31T12:00:00Z,2024-12-13T17:20:18.552Z,2309073.413429,1,,,0.675,0.58,crypto/prices
515557,2025-03-31T12:00:00Z,2024-12-13T17:20:40.399Z,5033087.295531,0,0.0075,0.0395,0.295,0.37,crypto/prices
515568,2025-03-31T12:00:00Z,2024-12-13T20:59:30.633944Z,213870.47663,0,0.003,0.0035,0.058,0.085,crypto/prices
515767,2025-03-31T12:00:00Z,2024-12-16T19:04:03.448Z,425128.407571,1,,,,0.735,other
515768,2025-03-31T12:00:00Z,2024-12-16T19:06:53.923573Z,493170.714283,0,,,0.0145,0.59,other
515770,2025-03-31T12:00:00Z,2024-12-16T19:09:49.144Z,1074403.804889,1,,0.986,0.68,0.775,politics
515772,2025-03-16T12:00:00Z,2024-12-16T23:26:07.072205Z,104008.214143,0,,,,,other
515774,2025-03-17T12:00:00Z,2024-12-16T23:27:01.549Z,93029.076152,1,0.29,0.235,0.28,0.215,other
515778,2025-03-17T12:00:00Z,2024-12-16T23:29:20.994Z,116916.618045,0,0.71,0.75,0.72,0.3,other
515779,2025-03-17T12:00:00Z,2024-12-16T23:28:36.963956Z,60083.030555,0,,,,0.235,other
515813,2025-03-31T12:00:00Z,2024-12-16T23:36:35.635191Z,62256.695401,1,,,,0.695,other
515825,2025-03-31T12:00:00Z,2024-12-16T23:56:09.872531Z,550988.100634,0,0.0035,0.0095,0.135,0.705,other
515939,2025-03-31T12:00:00Z,2024-12-17T23:10:40.995Z,999034.199606,0,0.0015,0.0025,0.0125,0.13,other
515987,2025-03-31T12:00:00Z,2024-12-18T18:38:20.338124Z,7621.372984,1,,,,,politics
515997,2025-03-31T12:00:00Z,2024-12-18T19:46:10.303914Z,5268.782476,0,,,,,politics
516002,2025-03-31T12:00:00Z,2024-12-18T19:49:21.10877Z,26345.095598,1,,,,,politics
516003,2025-03-31T12:00:00Z,2024-12-18T19:50:01.597064Z,7313.764606,0,,,,,politics
516004,2025-03-31T12:00:00Z,2024-12-18T19:50:21.471066Z,9471.14301,0,,,,,politics
516005,2025-03-31T12:00:00Z,2024-12-18T19:51:04.575085Z,13708.093762,0,,,,,politics
516006,2025-03-31T12:00:00Z,2024-12-18T19:47:19.342336Z,6889.512986,0,,,,,politics
516008,2025-03-19T12:00:00Z,2024-12-18T20:49:45.708Z,22150914.603213,0,0.0015,0.0065,0.005,0.045,macro
516009,2025-03-19T12:00:00Z,2024-12-18T20:50:16.478Z,17180913.164155,0,0.009,0.0275,0.028,0.345,macro
516010,2025-03-19T12:00:00Z,2024-12-18T20:50:36.716Z,17161804.938166,1,0.9915,0.9655,0.9635,0.595,macro
516011,2025-03-19T12:00:00Z,2024-12-18T20:51:00.449Z,21544318.532625,0,0.0005,0.0025,0.0055,0.0295,macro
516030,2025-03-31T12:00:00Z,2024-12-18T22:27:19.710467Z,67298.294872,0,0.0035,0.0055,0.025,0.215,other
516142,2025-03-31T12:00:00Z,2024-12-20T21:51:22.919Z,86690.684521,0,0.002,0.003,0.023,0.105,other
516191,2025-03-31T12:00:00Z,2024-12-20T23:30:14.610742Z,48429.321237,0,0.0045,0.0085,0.085,0.27,other
516377,2025-03-31T12:00:00Z,2024-12-23T22:01:34.785Z,60225.0746,0,0.0055,0.0045,0.014,0.075,politics
516449,2025-03-31T12:00:00Z,2024-12-30T18:40:14.877Z,3372208.713829,0,0.0015,0.0015,0.0295,0.335,crypto/prices
516456,2025-03-31T12:00:00Z,2024-12-30T18:42:20.131Z,321910.098939,1,,,,0.715,crypto/prices
516496,2025-03-31T12:00:00Z,2024-12-29T19:14:57.721482Z,219717.688526,1,,,,0.635,other
516816,2025-03-31T12:00:00Z,2024-12-30T18:00:09.629Z,345730.766936,0,0.003,0.007,0.0145,0.105,other
516848,2025-03-31T12:00:00Z,2024-12-30T20:23:29.883425Z,1435397.404516,1,,,,0.635,other
516849,2025-03-31T12:00:00Z,2024-12-30T20:24:19.83048Z,536350.376974,0,0.002,0.003,0.075,0.595,other
516850,2025-03-31T12:00:00Z,2024-12-30T20:25:35.676088Z,304293.168209,0,0.0035,0.0075,0.095,0.5,other
516851,2025-03-31T12:00:00Z,2024-12-30T20:26:31.51642Z,174864.303705,0,0.0005,0.002,0.014,0.175,other
516852,2025-03-31T12:00:00Z,2024-12-30T20:27:00.520602Z,11852.173429,0,0.0025,0.0045,0.0175,0.47,other
507276,2025-04-30T12:00:00Z,2024-09-18T00:05:28.707Z,119653357.735965,1,,,,,other
508169,2025-04-30T12:00:00Z,2024-09-26T16:02:52.23Z,858547.264528,0,0.002,0.006,0.0115,0.0355,macro
509319,2025-04-13T12:00:00Z,2024-10-10T20:01:33.235784Z,1249682.465209,0,0.002,0.0005,0.0005,0.0055,sports
509331,2025-04-13T12:00:00Z,2024-10-10T20:01:54.090069Z,1584153.838558,0,0.0005,0.0005,0.0015,0.08,sports
509332,2025-04-13T12:00:00Z,2024-10-10T20:02:21.125096Z,3182918.452856,0,0.0015,0.001,0.004,0.0045,sports
509333,2025-04-13T12:00:00Z,2024-10-10T20:03:01.695662Z,1290162.009846,0,0.0005,0.0005,0.0005,0.0025,sports
509334,2025-04-13T12:00:00Z,2024-10-10T20:03:33.761796Z,1538219.767106,1,0.9985,0.9975,0.983,0.755,sports
509335,2025-04-13T12:00:00Z,2024-10-10T20:04:00.069226Z,987010.411939001,0,0.0005,0.0005,0.0005,0.004,sports
509336,2025-04-13T12:00:00Z,2024-10-10T20:04:52.078653Z,695170.164998,0,0.0005,0.0005,0.0005,0.008,sports
509337,2025-04-13T12:00:00Z,2024-10-10T20:09:20.974701Z,852096.607901,0,0.0005,0.0005,0.0005,0.0025,sports
509338,2025-04-13T12:00:00Z,2024-10-10T20:11:12.058392Z,920920.958327,0,0.0005,0.0005,0.0005,0.005,sports
509339,2025-04-13T12:00:00Z,2024-10-10T20:11:42.977414Z,1417502.294046,0,0.0005,0.001,0.0035,0.0275,sports
509340,2025-04-13T12:00:00Z,2024-10-10T20:12:09.843285Z,854647.591639,0,0.0005,0.0005,0.0005,0.007,sports
509341,2025-04-13T12:00:00Z,2024-10-10T20:14:43.177984Z,1395736.08039799,0,0.0005,0.0005,0.0005,0.0035,sports
509342,2025-04-13T12:00:00Z,2024-10-10T20:15:09.641899Z,840810.168231,0,0.0005,0.0005,0.0005,0.0045,sports
509343,2025-04-13T12:00:00Z,2024-10-10T20:15:30.734823Z,724519.980459,0,0.0005,0.0005,0.0005,0.0035,sports
509345,2025-04-13T12:00:00Z,2024-10-10T20:15:56.631458Z,1306827.944376,0,0.0005,0.0005,0.0005,0.008,sports
509346,2025-04-13T12:00:00Z,2024-10-10T20:16:22.791234Z,633119.668136,0,0.0005,0.0005,0.0005,0.0035,sports
509347,2025-04-13T12:00:00Z,2024-10-10T20:16:54.004188Z,770244.289513,0,0.0005,0.0005,0.0005,0.0065,sports
509348,2025-04-13T12:00:00Z,2024-10-10T20:17:15.22969Z,1573351.38856,0,0.0005,0.0005,0.0005,0.0025,sports
509349,2025-04-13T12:00:00Z,2024-10-10T20:17:41.672753Z,673319.957467,0,0.0005,0.0005,0.0005,0.005,sports
509350,2025-04-13T12:00:00Z,2024-10-10T20:18:04.256862Z,2622255.14135,0,0.0005,0.0005,0.0005,0.008,sports
509351,2025-04-13T12:00:00Z,2024-10-10T20:19:01.356354Z,1386908.513577,0,0.0005,0.0005,0.0015,0.0065,sports
509352,2025-04-13T12:00:00Z,2024-10-10T20:19:17.405792Z,896614.351318002,0,0.0005,0.0005,0.0005,0.0085,sports
509353,2025-04-13T12:00:00Z,2024-10-10T20:19:43.862957Z,753173.672068,0,0.0005,0.0005,0.0005,0.008,sports
509354,2025-04-13T12:00:00Z,2024-10-10T20:21:34.258083Z,3374114.91842,0,0.0005,0.0005,0.0005,0.005,sports
509355,2025-04-13T12:00:00Z,2024-10-10T20:22:05.196572Z,1173735.504675,0,0.0005,0.0005,0.0005,0.008,sports
509356,2025-04-13T12:00:00Z,2024-10-10T20:22:27.048296Z,507921.204966,0,0.0005,0.0005,0.0005,0.0085,sports
509357,2025-04-13T12:00:00Z,2024-10-10T20:22:58.893064Z,724649.243647,0,0.0005,0.0005,0.0005,0.0045,sports
509358,2025-04-13T12:00:00Z,2024-10-10T20:24:53.971241Z,1219154.019558,0,0.0005,0.0005,0.0005,0.0065,sports
509360,2025-04-13T12:00:00Z,2024-10-10T20:26:19.308558Z,895850.592803,0,0.0005,0.0005,0.0005,0.0025,sports
509361,2025-04-13T12:00:00Z,2024-10-10T20:27:07.101869Z,459173.404784,0,0.0005,0.0005,0.0005,0.003,sports
509362,2025-04-13T12:00:00Z,2024-10-10T20:28:25.691894Z,821482.521329,0,0.0005,0.0005,0.0005,0.005,sports
509364,2025-04-13T12:00:00Z,2024-10-10T20:29:13.343093Z,1887621.205647,0,0.0005,0.0005,0.0005,0.0025,sports
509376,2025-04-13T12:00:00Z,2024-10-10T20:30:30.809Z,452452.990994,0,0.0005,0.0005,0.0005,0.006,sports
509390,2025-04-13T12:00:00Z,2024-10-10T20:39:49.148663Z,276473.922958,1,0.9995,0.996,0.9535,0.81,sports
509391,2025-04-13T12:00:00Z,2024-10-10T20:40:15.210796Z,907531.199881,0,0.0005,0.0005,0.002,0.0485,sports
509392,2025-04-13T12:00:00Z,2024-10-10T20:40:52.083934Z,1337228.689786,0,0.0005,0.0005,0.0005,0.008,sports
509393,2025-04-13T12:00:00Z,2024-10-10T20:41:24.083889Z,806405.715637,0,0.0005,0.0005,0.0015,0.003,sports
509395,2025-04-13T12:00:00Z,2024-10-10T20:42:00.458859Z,654686.678974,0,0.0005,0.0005,0.0005,0.0025,sports
509396,2025-04-13T12:00:00Z,2024-10-10T20:43:41.220007Z,742253.830546,0,0.0005,0.0005,0.0015,0.004,sports
509397,2025-04-13T12:00:00Z,2024-10-10T20:44:11.613286Z,1009768.529857,0,0.0005,0.0005,0.0005,0.005,sports
509399,2025-04-13T12:00:00Z,2024-10-10T20:44:54.698284Z,1080253.913655,0,0.0005,0.0005,0.0055,0.038,sports
509400,2025-04-13T12:00:00Z,2024-10-10T20:45:30.610507Z,725610.143899,0,0.0005,0.0005,0.0005,0.0035,sports
509401,2025-04-13T12:00:00Z,2024-10-10T20:46:29.202276Z,1937092.527228,0,0.0005,0.0005,0.0005,0.003,sports
509402,2025-04-13T12:00:00Z,2024-10-10T20:47:16.058115Z,4142075.68922199,0,0.0005,0.0005,0.0005,0.0025,sports
509403,2025-04-13T12:00:00Z,2024-10-10T20:48:08.425972Z,842434.738384,0,0.0005,0.0005,0.002,0.0035,sports
509404,2025-04-13T12:00:00Z,2024-10-10T20:48:40.526308Z,769789.401688,0,0.0005,0.0005,0.0005,0.0035,sports
509405,2025-04-13T12:00:00Z,2024-10-10T20:49:00.212364Z,734508.302088,0,0.0025,0.004,0.0005,0.005,sports
509406,2025-04-13T12:00:00Z,2024-10-10T20:49:48.703519Z,2367269.640061,0,0.0005,0.0005,0.0005,0.0025,sports
509407,2025-04-13T12:00:00Z,2024-10-10T20:50:08.565667Z,1002580.352216,0,0.0005,0.0005,0.0005,0.0025,sports
509409,2025-04-13T12:00:00Z,2024-10-10T20:50:52.828103Z,1736017.260066,0,0.0005,0.0005,0.0005,0.0035,sports
509411,2025-04-13T12:00:00Z,2024-10-10T20:51:56.081651Z,1087298.585228,0,0.0005,0.0005,0.0005,0.0025,sports
509413,2025-04-13T12:00:00Z,2024-10-10T20:52:15.492698Z,18101044.353532,0,0.0005,0.0005,0.0005,0.0025,sports
509414,2025-04-13T12:00:00Z,2024-10-10T20:53:04.246381Z,1116671.030823,0,0.0005,0.0005,0.0005,0.0035,sports
509415,2025-04-13T12:00:00Z,2024-10-10T20:53:24.365483Z,1502835.526856,0,0.0005,0.0005,0.001,0.0025,sports
509421,2025-04-13T12:00:00Z,2024-10-10T20:54:05.91296Z,433556.915373,0,0.0005,0.0005,0.0005,0.0035,sports
509425,2025-04-13T12:00:00Z,2024-10-10T19:28:31.115537Z,168711.598904,0,0.0005,0.048,0.45,0.49,sports
509427,2025-04-13T12:00:00Z,2024-10-10T19:29:01.170233Z,459747.96656,0,0.0005,0.0005,0.0015,0.0045,sports
509428,2025-04-13T12:00:00Z,2024-10-10T19:29:43.923128Z,659524.560413,0,0.0005,0.001,0.146,0.074,sports
509429,2025-04-13T12:00:00Z,2024-10-10T19:30:00.733547Z,217596.971626,0,0.0005,0.0005,0.0005,0.0115,sports
509483,2025-04-13T12:00:00Z,2024-10-10T19:30:26.413096Z,398164.35033,0,0.0005,0.0005,0.0015,0.007,sports
509484,2025-04-13T12:00:00Z,2024-10-10T19:30:46.625681Z,570287.476202,0,0.0005,0.0005,0.0005,0.0075,sports
509485,2025-04-13T12:00:00Z,2024-10-10T19:31:45.313697Z,325520.085584,0,0.0005,0.0005,0.0005,0.006,sports
509486,2025-04-13T12:00:00Z,2024-10-10T19:32:11.99993Z,913989.26757,0,0.0005,0.0005,0.0005,0.0045,sports
509487,2025-04-13T12:00:00Z,2024-10-10T19:33:30.91599Z,3428569.426722,0,0.0005,0.0005,0.0005,0.0055,sports
509488,2025-04-13T12:00:00Z,2024-10-10T19:35:53.226858Z,925085.568036,0,0.0005,0.0005,0.0035,0.006,sports
509489,2025-04-13T12:00:00Z,2024-10-10T19:36:09.439797Z,422780.462795001,0,0.0005,0.0005,0.0005,0.0035,sports
509490,2025-04-13T12:00:00Z,2024-10-10T19:36:40.396319Z,284077.126029,0,0.0005,0.0005,0.0005,0.0075,sports
509491,2025-04-13T12:00:00Z,2024-10-10T19:37:05.716242Z,263915.734466,0,0.0005,0.0005,0.001,0.0045,sports
509492,2025-04-13T12:00:00Z,2024-10-10T19:37:54.168823Z,383641.368204999,0,0.0005,0.0005,0.0005,0.004,sports
509493,2025-04-13T12:00:00Z,2024-10-10T19:38:25.638379Z,513173.625329,0,0.0005,0.0005,0.0005,0.005,sports
509494,2025-04-13T12:00:00Z,2024-10-10T19:38:52.193714Z,814913.377377,0,0.0005,0.0005,0.0005,0.0045,sports
509495,2025-04-13T12:00:00Z,2024-10-10T19:39:28.444472Z,518540.027121,0,0.0005,0.0005,0.0475,0.245,sports
509496,2025-04-13T12:00:00Z,2024-10-10T19:39:38.569801Z,525934.125682,0,0.0005,0.0005,0.002,0.009,sports
509497,2025-04-13T12:00:00Z,2024-10-10T19:40:07.129304Z,521165.961209,1,0.9975,0.924,0.2615,0.103,sports
509536,2025-04-13T12:00:00Z,2024-10-10T20:31:57.128Z,9427745.240114,0,0.0005,0.0005,0.0005,0.0025,sports
510319,2025-04-20T12:00:00Z,2024-10-22T20:24:02.796Z,56491984.2956951,0,0.0115,0.014,0.14,0.345,politics
510994,2025-04-19T12:00:00Z,2024-10-25T20:31:23.520662Z,1368762.253849,0,0.002,0.0045,0.0165,0.0235,politics
511509,2025-04-29T12:00:00Z,2024-11-06T16:39:06.723Z,3030935.978128,1,,,,0.765,politics
511518,2025-04-29T12:00:00Z,2024-11-06T16:35:09.33Z,349366.620403,0,0.012,0.018,0.075,0.305,politics
511914,2025-04-29T12:00:00Z,2024-11-06T16:27:21.322Z,219681.564526,1,,,,,politics
511951,2025-04-29T12:00:00Z,2024-11-06T16:22:58.3Z,1191462.318169,1,,,,,politics
512097,2025-04-29T12:00:00Z,2024-11-06T17:22:27.46Z,3043687.940691,0,0.0075,0.0105,0.0245,0.225,politics
512128,2025-04-29T12:00:00Z,2024-11-06T16:05:59.04Z,1413355.506729,0,0.011,0.013,0.051,0.175,politics
512159,2025-04-29T12:00:00Z,2024-11-06T16:14:37.775Z,6087387.385208,1,,,,,politics
512160,2025-04-29T12:00:00Z,2024-11-06T16:15:19.643Z,1401581.2839,0,0.0025,0.004,0.0085,0.017,politics
512161,2025-04-29T12:00:00Z,2024-11-06T16:16:06.445Z,2009458.079033,0,0.006,0.005,0.0345,0.0235,politics
512165,2025-04-29T12:00:00Z,2024-11-06T16:16:28.337Z,1312596.358724,0,0.0015,0.0025,0.007,0.0195,politics
512166,2025-04-29T12:00:00Z,2024-11-06T16:16:34.397Z,115126.893161,0,0.006,0.009,0.0175,0.0545,politics
512167,2025-04-29T12:00:00Z,2024-11-06T16:17:00.171Z,1087166.820878,0,0.0025,0.0035,0.0155,0.035,politics
512168,2025-04-29T12:00:00Z,2024-11-06T16:17:11.21Z,805283.89568,0,0.004,0.0125,0.0355,0.24,politics
512169,2025-04-29T12:00:00Z,2024-11-06T16:17:32.194Z,1889163.955423,0,0.0055,0.0095,0.0235,0.125,politics
512170,2025-04-29T12:00:00Z,2024-11-06T16:17:37.445Z,564823.137986,0,0.0055,0.008,0.0245,0.13,politics
512172,2025-04-29T12:00:00Z,2024-11-06T18:40:43.914Z,1785059.612179,0,0.0045,0.008,0.0155,0.0625,politics
512173,2025-04-29T12:00:00Z,2024-11-06T17:12:16.74Z,756779.181413,1,,,,,politics
512250,2025-04-29T12:00:00Z,2024-11-06T23:18:43.892Z,23324353.367396,0,0.065,0.065,0.265,0.145,crypto/prices
512307,2025-04-29T12:00:00Z,2024-11-07T20:26:54.597Z,993621.049551,0,0.0035,0.009,0.016,0.1645,politics
512312,2025-04-29T12:00:00Z,2024-11-07T20:55:44.487052Z,414016.299753,0,0.0015,0.009,0.015,0.065,politics
512467,2025-04-29T12:00:00Z,2024-11-08T21:57:28.084173Z,255691.468434,1,,,,0.843,sports
512594,2025-04-29T12:00:00Z,2024-11-08T23:17:25.295921Z,401187.23972,0,0.0095,0.017,0.08,0.185,politics
512598,2025-04-29T12:00:00Z,2024-11-08T23:18:06.936Z,2048179.031398,1,,,,0.19,politics
512642,2025-04-29T12:00:00Z,2024-11-12T00:20:10.228465Z,104626.884127,1,,,,,politics
512643,2025-04-29T12:00:00Z,2024-11-10T00:05:34.417378Z,200559.432799,1,,,,,politics
512738,2025-04-29T12:00:00Z,2024-11-11T21:56:44.642Z,391560.889478,0,,,,,politics
512828,2025-04-29T12:00:00Z,2024-11-13T00:20:56.249Z,448725.121098,0,0.0335,0.038,0.12,0.355,politics
512895,2025-04-12T12:00:00Z,2024-11-12T19:47:55.279Z,313843.06263,1,,,0.9975,0.62,crypto/prices
513494,2025-04-29T12:00:00Z,2024-11-19T23:03:17.443Z,1142692.023306,1,,,0.158,0.0535,politics
513556,2025-04-28T12:00:00Z,2024-11-21T23:04:07.52939Z,11930.50996,1,0.704,0.955,0.925,0.75,sports
513559,2025-04-28T12:00:00Z,2024-11-21T23:06:07.984417Z,6456.130367,0,0.038,0.0465,0.0025,0.49,sports
513560,2025-04-28T12:00:00Z,2024-11-21T23:06:38.03661Z,5245.932945,0,,0.0005,0.141,0.002,sports
513562,2025-04-28T12:00:00Z,2024-11-21T23:08:41.802214Z,5983.52139,0,,0.0005,0.253,0.4915,sports
513569,2025-04-28T12:00:00Z,2024-11-21T23:12:27.243297Z,11792.932241,0,,0.0005,0.0055,0.0885,sports
513637,2025-04-29T12:00:00Z,2024-11-21T18:29:32.708Z,236253.59043,0,0.003,0.0055,0.019,0.0405,politics
513642,2025-04-29T12:00:00Z,2024-11-21T18:59:49.354513Z,62002.8265690001,1,,,,,politics
513743,2025-04-29T12:00:00Z,2024-11-22T19:08:17.517Z,38274.051875,0,0.0005,0.011,0.019,0.095,politics
514172,2025-04-13T12:00:00Z,2024-11-26T23:23:41.731Z,1360386.018944,1,0.34,0.415,0.345,0.7,politics
514181,2025-04-13T12:00:00Z,2024-11-26T23:24:06.698Z,1274030.578608,0,0.66,0.59,0.595,0.295,politics
514182,2025-04-13T12:00:00Z,2024-11-26T23:24:33.059Z,727212.824196,0,0.0005,0.0005,0.0015,0.0045,politics
514183,2025-04-13T12:00:00Z,2024-11-26T23:24:51.77Z,875851.708668,0,0.0005,0.0005,0.0015,0.006,politics
506728,2025-05-25T12:00:00Z,2024-09-09T20:24:52.495018Z,16810964.857629,0,,,,0.0025,sports
506729,2025-05-25T12:00:00Z,2024-09-09T20:28:43.533604Z,8273559.07700099,0,,,0.0005,0.0645,sports
506730,2025-05-25T12:00:00Z,2024-09-09T20:30:02.775002Z,32877839.687567,0,,,,0.0015,sports
506731,2025-05-25T12:00:00Z,2024-09-09T20:30:39.18419Z,45034352.6773588,0,,,,0.0015,sports
506732,2025-05-25T12:00:00Z,2024-09-09T20:31:22.117526Z,39954624.5030888,0,,,,0.0015,sports
506733,2025-05-25T12:00:00Z,2024-09-09T20:32:51.61981Z,67314791.6835854,0,,,,0.0015,sports
506734,2025-05-25T12:00:00Z,2024-09-09T20:47:02.33217Z,17337443.2679159,0,,,,0.0035,sports
506735,2025-05-25T12:00:00Z,2024-09-09T20:54:39.986518Z,35267758.6719579,0,,,,0.0015,sports
506736,2025-05-25T12:00:00Z,2024-09-09T20:55:43.375953Z,47715614.588373,0,,,,0.0005,sports
506737,2025-05-25T12:00:00Z,2024-09-09T20:56:30.99212Z,45980562.580378,0,,,,0.0005,sports
506738,2025-05-25T12:00:00Z,2024-09-09T20:59:44.456362Z,25067843.3244858,0,,,,,sports
506739,2025-05-25T12:00:00Z,2024-09-09T21:00:06.313736Z,39993196.630568,0,,,,,sports
506740,2025-05-25T12:00:00Z,2024-09-09T21:00:37.854794Z,71063868.0240101,0,,,,0.0015,sports
506741,2025-05-25T12:00:00Z,2024-09-09T21:02:18.408Z,21287440.646068,0,,,,0.0025,sports
506742,2025-05-25T12:00:00Z,2024-09-09T21:03:30.125347Z,101429202.233424,0,,,,0.0035,sports
506743,2025-05-25T12:00:00Z,2024-09-09T21:03:57.218524Z,88209349.4471296,0,,,,,sports
506744,2025-05-25T12:00:00Z,2024-09-09T21:04:32.510967Z,31125019.5095731,0,,,,0.0015,sports
506745,2025-05-25T12:00:00Z,2024-09-09T21:05:05.268692Z,25297879.8134599,0,,,,0.0005,sports
506746,2025-05-25T12:00:00Z,2024-09-09T21:05:26.52096Z,34783333.4737516,0,,,,,sports
506747,2025-05-25T12:00:00Z,2024-09-09T21:05:41.308318Z,13840974.4237339,1,,,0.998,0.917,sports
507268,2025-05-31T12:00:00Z,2024-09-17T18:00:48.353491Z,2318587.39690199,0,,,,,other
507270,2025-05-01T12:00:00Z,2024-09-17T02:19:24.404Z,27331.280825,0,,,,,other
507272,2025-05-01T12:00:00Z,2024-09-17T02:35:26.476Z,62353.324928,0,,,,,other
507284,2025-05-31T12:00:00Z,2024-09-17T18:01:25.942Z,20482954.41667,0,,,,,other
507285,2025-05-31T12:00:00Z,2024-09-17T18:02:24.355068Z,2584764.936238,0,,,0.115,0.105,other
507286,2025-05-31T12:00:00Z,2024-09-17T18:02:56.119738Z,133113813.382904,0,,,,0.0225,other
507287,2025-05-31T12:00:00Z,2024-09-17T18:04:23.92312Z,6978774.16140899,0,,,,,other
507288,2025-05-31T12:00:00Z,2024-09-17T18:09:35.641151Z,27136004.4218702,0,,,,0.0375,other
507290,2025-05-31T12:00:00Z,2024-09-17T18:10:39.725436Z,46780244.180184,0,,,,0.0335,other
507291,2025-05-31T12:00:00Z,2024-09-17T18:11:16.744171Z,2640292.787106,0,,,,0.105,other
507292,2025-05-31T12:00:00Z,2024-09-17T18:13:35.266849Z,35397837.4947546,0,,,,0.0105,other
507293,2025-05-31T12:00:00Z,2024-09-17T18:16:07.986585Z,36952708.8056862,0,,,,,other
507294,2025-05-31T12:00:00Z,2024-09-17T18:16:39.040155Z,20166955.363376,0,,,,0.0195,other
507295,2025-05-31T12:00:00Z,2024-09-17T18:17:37.135241Z,19306736.3224968,0,,,,,other
507296,2025-05-31T12:00:00Z,2024-09-17T18:17:48.077879Z,20699749.799626,0,,,,0.0065,other
507297,2025-05-31T12:00:00Z,2024-09-17T18:18:13.211846Z,24315628.8213214,0,,,,,other
507299,2025-05-31T12:00:00Z,2024-09-17T18:19:28.17128Z,26451524.6750097,0,,,,,other
507300,2025-05-31T12:00:00Z,2024-09-17T18:19:37.243795Z,82978657.0443518,0,0.4105,0.4105,0.178,0.071,other
507301,2025-05-31T12:00:00Z,2024-09-17T18:20:16.423567Z,16171963.9601959,0,,,,,other
507302,2025-05-31T12:00:00Z,2024-09-17T18:20:46.445231Z,19772120.9330179,0,,,,0.0105,other
507304,2025-05-31T12:00:00Z,2024-09-17T18:25:38.334925Z,31076588.4007154,0,,,,,other
507305,2025-05-31T12:00:00Z,2024-09-17T18:26:26.570998Z,51320576.4557441,1,0.5895,0.5865,0.4205,0.0625,other
507306,2025-05-31T12:00:00Z,2024-09-17T18:27:07.663669Z,13261779.2282109,0,,,,0.0075,other
507307,2025-05-31T12:00:00Z,2024-09-17T18:27:56.013622Z,4038510.905072,0,,,,,other
507308,2025-05-31T12:00:00Z,2024-09-17T18:28:36.375412Z,3859902.662671,0,,,,0.175,other
507310,2025-05-31T12:00:00Z,2024-09-17T18:35:24.078484Z,69281806.2784465,0,,,,,other
507311,2025-05-31T12:00:00Z,2024-09-17T18:36:00.198665Z,25469002.1878365,0,,,,,other
507312,2025-05-31T12:00:00Z,2024-09-17T18:36:21.707703Z,32130923.31674,0,,,,,other
507313,2025-05-31T12:00:00Z,2024-09-17T18:37:35.333213Z,18106557.5313308,0,,,,,other
507314,2025-05-31T12:00:00Z,2024-09-17T18:38:02.03848Z,22953896.156353,0,,,,,other
507316,2025-05-31T12:00:00Z,2024-09-17T18:39:17.155485Z,41179694.4249909,0,,,,,other
507317,2025-05-31T12:00:00Z,2024-09-17T18:43:14.282003Z,29584491.9710941,0,,,,,other
507318,2025-05-31T12:00:00Z,2024-09-17T18:43:46.564726Z,29357939.5502645,0,,,,,other
507319,2025-05-31T12:00:00Z,2024-09-17T18:47:06.578624Z,22343123.836472,0,,,,,other
507395,2025-05-25T12:00:00Z,2024-09-18T16:34:08.235475Z,5039821.548948,0,,0.0005,0.155,0.41,sports
507396,2025-05-25T12:00:00Z,2024-09-18T16:34:53.5892Z,5820887.65850004,1,,1.0,0.85,0.415,sports
507398,2025-05-25T12:00:00Z,2024-09-18T16:37:28.627912Z,21954118.510273,0,,,,0.0015,sports
507399,2025-05-25T12:00:00Z,2024-09-18T16:37:43.765636Z,15460273.9096011,0,,,0.0005,0.0035,sports
507400,2025-05-25T12:00:00Z,2024-09-18T16:46:37.199439Z,18436538.011735,0,,,,0.0015,sports
507401,2025-05-25T12:00:00Z,2024-09-18T16:47:08.958598Z,71762810.4120828,0,,,,0.0005,sports
507402,2025-05-25T12:00:00Z,2024-09-18T16:47:46.643934Z,8327875.64314602,0,,,0.0005,0.0015,sports
507403,2025-05-25T12:00:00Z,2024-09-18T16:48:17.012691Z,33181867.8214223,0,,,,0.001,sports
507404,2025-05-25T12:00:00Z,2024-09-18T16:48:49.036523Z,22406816.3646214,0,,,,0.0005,sports
507405,2025-05-25T12:00:00Z,2024-09-18T16:50:22.909463Z,24658718.6499668,0,,,,0.0015,sports
507413,2025-05-25T12:00:00Z,2024-09-18T16:51:21.12365Z,46180509.9261022,0,,0.0005,0.001,0.0005,sports
507666,2025-05-25T12:00:00Z,2024-09-20T22:55:35.945Z,577796.22648,0,0.001,0.003,0.0015,0.055,other
507675,2025-05-25T12:00:00Z,2024-09-20T22:55:49.654Z,483987.686114,1,0.9995,0.9955,0.985,0.871,other
507676,2025-05-25T12:00:00Z,2024-09-20T22:57:23.89Z,327393.499604,0,0.0005,0.001,0.0105,0.0245,other
507677,2025-05-25T12:00:00Z,2024-09-20T22:57:47.302Z,637660.424984,0,0.0005,0.0005,0.0005,0.0035,other
507678,2025-05-25T12:00:00Z,2024-09-20T22:58:06.209Z,1678233.501863,0,0.0005,0.0005,0.0005,0.0035,other
507679,2025-05-25T12:00:00Z,2024-09-20T22:58:38.191Z,451137.276614,0,0.0005,0.0005,0.0005,0.0035,other
507680,2025-05-25T12:00:00Z,2024-09-20T22:58:54.253Z,523943.189847,0,0.0005,0.0005,0.0005,0.0035,other
507681,2025-05-25T12:00:00Z,2024-09-20T22:59:14.448Z,481673.845264,0,0.001,0.0005,0.0005,0.0035,other
507682,2025-05-25T12:00:00Z,2024-09-20T22:59:40.675Z,701692.222406,0,0.0005,0.0005,0.0005,0.0035,other
507683,2025-05-25T12:00:00Z,2024-09-20T23:00:06.716Z,913711.220304,0,0.0005,0.0005,0.0005,0.0035,other
507684,2025-05-25T12:00:00Z,2024-09-20T23:00:28.696Z,543973.246806,0,0.0005,0.0005,0.0005,0.0035,other
507685,2025-05-25T12:00:00Z,2024-09-20T23:00:53.808Z,448958.22278,0,0.0005,0.0005,0.0005,0.0035,other
507686,2025-05-25T12:00:00Z,2024-09-20T23:02:12.702Z,952928.985381,0,0.001,0.0005,0.0005,0.0035,other
507687,2025-05-25T12:00:00Z,2024-09-20T23:02:38.913Z,611784.234599,0,0.0005,0.0005,0.0005,0.0035,other
507688,2025-05-25T12:00:00Z,2024-09-20T23:03:21.02818Z,626314.826931,0,0.001,0.0005,0.0005,0.0065,other
507906,2025-05-31T12:00:00Z,2024-11-21T23:00:53.084Z,944907.201189,0,,0.0005,0.011,0.21,sports
507911,2025-05-31T12:00:00Z,2024-11-21T23:01:13.06Z,906825.874081,0,,,,0.0015,sports
507912,2025-05-31T12:00:00Z,2024-11-21T23:02:01.719Z,816937.746334,1,,0.9995,0.9865,0.78,sports
507914,2025-05-31T12:00:00Z,2024-11-21T23:02:52.118Z,723079.628748,0,,0.0005,0.0005,0.0025,sports
507915,2025-05-31T12:00:00Z,2024-11-21T23:03:08.474Z,620469.577343,0,,,,0.0015,sports
507917,2025-05-31T12:00:00Z,2024-11-21T23:03:52.432Z,700967.227898001,0,,,,0.0015,sports
507918,2025-05-31T12:00:00Z,2024-11-21T23:04:12.441Z,679509.495113,0,,,,0.002,sports
507919,2025-05-31T12:00:00Z,2024-11-21T23:04:46.855Z,621912.336754,0,,,,0.0015,sports
507920,2025-05-31T12:00:00Z,2024-11-21T23:05:33.331Z,1071343.0368,0,,,,0.0015,sports
507921,2025-05-31T12:00:00Z,2024-11-21T23:05:56.983Z,1126377.642097,0,,,,0.0015,sports
507922,2025-05-31T12:00:00Z,2024-11-21T23:06:47.869Z,489303.19791,0,,,,0.0015,sports
507923,2025-05-31T12:00:00Z,2024-11-21T23:07:27.312Z,627331.182903,0,,,,0.0015,sports
507925,2025-05-31T12:00:00Z,2024-11-21T23:08:37.817Z,647856.980391,0,,,,0.0015,sports
507927,2025-05-31T12:00:00Z,2024-11-21T23:09:32.043Z,1072658.703903,0,,,,0.0015,sports
507929,2025-05-31T12:00:00Z,2024-11-21T23:10:18.54Z,797809.338487,0,,,,0.0015,sports
507931,2025-05-31T12:00:00Z,2024-11-21T23:10:48.654Z,2730604.709946,0,,,,0.0035,sports
507977,2025-05-21T12:00:00Z,2024-09-25T00:49:02.752663Z,103125.640296,0,,,,0.0435,other
507978,2025-05-21T12:00:00Z,2024-09-25T00:49:49.949833Z,155578.720148,0,,,,0.002,other
507979,2025-05-21T12:00:00Z,2024-09-25T14:28:21.898106Z,180822.033216,0,,,0.305,0.145,other
507980,2025-05-21T12:00:00Z,2024-09-25T14:30:06.490525Z,828111.297272,0,,,,0.01,other
507981,2025-05-21T12:00:00Z,2024-09-25T14:30:38.327121Z,1900993.190634,0,,,,,other
507983,2025-05-21T12:00:00Z,2024-09-25T14:31:53.219671Z,1076777.497182,0,,,,,other
507984,2025-05-21T12:00:00Z,2024-09-25T14:32:33.555159Z,6108207.296014,0,,,,,other
507987,2025-05-21T12:00:00Z,2024-09-25T14:33:10.395122Z,104728.942125,0,,,,0.043,other
507989,2025-05-21T12:00:00Z,2024-09-25T14:33:53.832995Z,377193.576263,0,,,,0.074,other
507990,2025-05-21T12:00:00Z,2024-09-25T14:35:29.172238Z,201761.798985,0,,,,0.0085,other
507991,2025-05-21T12:00:00Z,2024-09-25T14:36:09.754053Z,269823.380222,0,,,,,other
507992,2025-05-21T12:00:00Z,2024-09-25T14:36:31.981017Z,605950.325017,0,,,,0.1105,other
507994,2025-05-21T12:00:00Z,2024-09-25T14:36:59.195546Z,203761.158672,0,,,,0.0425,other
507995,2025-05-21T12:00:00Z,2024-09-25T14:39:20.698592Z,1283330.00733,0,,,,,other
507997,2025-05-21T12:00:00Z,2024-09-25T14:39:52.682049Z,523419.816106,0,0.546,0.55,0.282,0.165,other
507999,2025-05-21T12:00:00Z,2024-09-25T14:41:16.943346Z,698446.862754,0,,,,,other
508000,2025-05-21T12:00:00Z,2024-09-25T14:45:26.771361Z,893806.454845,0,,,,0.037,other
508002,2025-05-21T12:00:00Z,2024-09-25T14:48:16.356461Z,180788.44618,0,,,,0.0305,other
508004,2025-05-21T12:00:00Z,2024-09-25T14:48:31.714889Z,560023.17532,0,,,,0.018,other
508005,2025-05-21T12:00:00Z,2024-09-25T14:48:47.497219Z,69571.321984,0,,,,0.0755,other
508007,2025-05-21T12:00:00Z,2024-09-25T14:49:55.585059Z,110508.723014003,0,,,,0.0485,other
508009,2025-05-21T12:00:00Z,2024-09-25T14:52:13.452102Z,491589.019543,1,0.455,0.455,0.345,0.155,other
508062,2025-05-21T12:00:00Z,2024-09-25T14:54:51.897Z,824543.744412,0,0.002,0.0005,0.064,0.0305,other
508120,2025-05-25T12:00:00Z,2024-09-25T20:59:41.713775Z,712888.689553,1,,,,0.985,other
507856,2025-06-23T12:00:00Z,2024-09-24T17:04:06.478Z,62225174.1342532,0,,,,0.0015,sports
507857,2025-06-23T12:00:00Z,2024-09-24T17:05:00.671Z,8564198.99508098,0,,,,0.285,sports
507858,2025-06-23T12:00:00Z,2024-09-24T17:05:36.949Z,56529405.934386,0,,,,0.0005,sports
507859,2025-06-23T12:00:00Z,2024-09-24T17:05:56.824Z,116668813.604393,0,,,,0.0005,sports
507860,2025-06-23T12:00:00Z,2024-09-24T17:19:02.85Z,53153256.9951301,0,,,,0.0015,sports
507861,2025-06-23T12:00:00Z,2024-09-24T17:19:50.597Z,10061160.550156,0,,,,0.1415,sports
507862,2025-06-23T12:00:00Z,2024-09-24T17:21:31.281Z,17928016.989254,0,,,,0.0015,sports
507863,2025-06-23T12:00:00Z,2024-09-24T17:31:16.451Z,38846310.001327,0,,,,0.065,sports
507864,2025-06-23T12:00:00Z,2024-09-24T17:31:33.133Z,61077508.080874,0,,,,0.0035,sports
507865,2025-06-23T12:00:00Z,2024-09-24T17:32:08.493Z,12404981.247292,0,,,,0.0405,sports
507866,2025-06-23T12:00:00Z,2024-09-24T17:32:24.673Z,20431507.65441,0,,,,0.0105,sports
507868,2025-06-23T12:00:00Z,2024-09-24T17:33:33.315Z,73646892.531998,0,0.278,0.197,0.117,0.0065,sports
507869,2025-06-23T12:00:00Z,2024-09-24T17:34:01.17Z,69838997.3981325,0,,,,0.0145,sports
507871,2025-06-23T12:00:00Z,2024-09-24T17:34:15.684Z,12930041.559916,0,,,,0.078,sports
507872,2025-06-23T12:00:00Z,2024-09-24T17:34:37.332Z,12841366.931312,0,,,,0.0115,sports
507873,2025-06-23T12:00:00Z,2024-09-24T17:34:53.502Z,86041732.719889,0,,,,0.0015,sports
507875,2025-06-23T12:00:00Z,2024-09-24T17:35:20.203Z,9997936.81755901,0,,,,0.012,sports
507876,2025-06-23T12:00:00Z,2024-09-24T17:35:34.411Z,11741770.864215,0,,,0.0345,0.012,sports
507882,2025-06-23T12:00:00Z,2024-09-24T17:37:15.713Z,59019076.767924,0,,,,,sports
507883,2025-06-23T12:00:00Z,2024-09-24T17:37:51.955Z,9626994.082908,0,,,0.11,0.0245,sports
507884,2025-06-23T12:00:00Z,2024-09-24T17:38:13.165Z,17203993.307106,1,0.715,0.805,0.745,0.305,sports
507888,2025-06-23T12:00:00Z,2024-09-24T17:39:11.547Z,22654093.030353,0,,,,0.0025,sports
507889,2025-06-23T12:00:00Z,2024-09-24T17:41:49.747Z,6983777.488505,0,,,,0.0005,sports
507890,2025-06-23T12:00:00Z,2024-09-24T17:58:48.408Z,9988733.101464,0,,,,0.0025,sports
507891,2025-06-23T12:00:00Z,2024-09-24T17:59:13.875Z,42820461.103444,0,,,,0.0005,sports
507892,2025-06-23T12:00:00Z,2024-09-24T18:00:05.843Z,378011506.511399,0,,,,0.0015,sports
507893,2025-06-23T12:00:00Z,2024-09-24T18:00:54.612Z,16569228.581386,0,,,,0.0005,sports
507894,2025-06-23T12:00:00Z,2024-09-24T18:01:14.843Z,154220299.964432,0,,,,0.0005,sports
507895,2025-06-23T12:00:00Z,2024-09-24T18:01:40.693Z,129911351.465261,0,,,,,sports
507896,2025-06-23T12:00:00Z,2024-09-24T18:02:09.62Z,130194075.547845,0,,,,,sports
508799,2025-06-05T12:00:00Z,2024-10-04T15:16:59.104079Z,3897894.29720901,0,,,0.595,0.535,other
508800,2025-06-05T12:00:00Z,2024-10-04T15:17:24.227246Z,6272657.35110099,0,,,,0.0025,other
508801,2025-06-05T12:00:00Z,2024-10-04T15:18:01.868913Z,21812165.00846,0,,,,0.0025,other
508802,2025-06-05T12:00:00Z,2024-10-04T15:18:33.796025Z,71286704.6916941,0,,,,0.0035,other
508803,2025-06-05T12:00:00Z,2024-10-04T15:19:04.667555Z,8684834.34721,0,,,,0.0035,other
508804,2025-06-05T12:00:00Z,2024-10-04T15:19:26.616844Z,7200741.10033,0,,,0.2965,0.2995,other
508805,2025-06-05T12:00:00Z,2024-10-04T15:20:19.516371Z,60253518.153967,0,,,,0.0105,other
508806,2025-06-05T12:00:00Z,2024-10-04T15:21:08.284Z,37391614.253381,1,,0.857,0.069,0.019,other
508807,2025-06-05T12:00:00Z,2024-10-04T15:21:43.84018Z,2601701.156051,0,,,,0.0025,other
508808,2025-06-05T12:00:00Z,2024-10-04T15:22:01.136179Z,2607601.438377,0,,,,0.0445,other
508809,2025-06-05T12:00:00Z,2024-10-04T15:22:42.943424Z,2481110.994644,0,,0.144,0.047,0.085,other
508810,2025-06-05T12:00:00Z,2024-10-04T15:23:18.864222Z,2409464.574595,0,,,,0.0025,other
508811,2025-06-05T12:00:00Z,2024-10-04T15:23:24.878657Z,1036648.52624,0,,,,0.0025,other
508812,2025-06-05T12:00:00Z,2024-10-04T15:23:55.693772Z,26567469.375132,0,,,,0.0025,other
508813,2025-06-05T12:00:00Z,2024-10-04T15:24:27.383251Z,32891504.500887,0,,,,0.0015,other
508814,2025-06-05T12:00:00Z,2024-10-04T15:27:05.433503Z,2136146.35154,0,,,0.066,0.125,other
508815,2025-06-05T12:00:00Z,2024-10-04T15:27:48.496798Z,1237868.561697,0,,,,0.0015,other
508816,2025-06-05T12:00:00Z,2024-10-04T15:27:58.434955Z,1993908.372118,0,,,0.1135,0.0855,other
508817,2025-06-05T12:00:00Z,2024-10-04T15:28:25.776223Z,867676.18146,0,,,0.0775,0.0225,other
508818,2025-06-05T12:00:00Z,2024-10-04T15:29:17.777717Z,843142.989941,0,,,0.0575,0.012,other
508819,2025-06-05T12:00:00Z,2024-10-04T15:29:34.347978Z,3970081.398379,0,,,,0.1785,other
508820,2025-06-05T12:00:00Z,2024-10-04T15:29:43.622729Z,722873.816626,0,,,,0.045,other
508821,2025-06-05T12:00:00Z,2024-10-04T15:30:42.494251Z,2085720.701165,0,,0.034,0.1405,0.017,other
508822,2025-06-05T12:00:00Z,2024-10-04T15:30:52.437746Z,741107.269025,0,,,,0.0015,other
508823,2025-06-05T12:00:00Z,2024-10-04T15:35:42.438559Z,2490052.220958,1,,0.966,0.685,0.495,other
508824,2025-06-05T12:00:00Z,2024-10-04T15:36:13.963053Z,1223285.997223,0,,,,0.004,other
508825,2025-06-05T12:00:00Z,2024-10-04T15:36:39.488929Z,23193818.2541841,0,,,,0.0025,other
508827,2025-06-05T12:00:00Z,2024-10-04T15:36:55.657816Z,1289649.905453,0,,,,0.0025,other
508828,2025-06-05T12:00:00Z,2024-10-04T15:38:49.062612Z,509701.526327,0,,,,0.0025,other
508829,2025-06-05T12:00:00Z,2024-10-04T15:39:08.531034Z,8795430.24684899,0,,,,0.0015,other
509083,2025-06-23T12:00:00Z,2024-10-08T14:23:13.903487Z,7426385.033368,0,,,,0.0015,other
509087,2025-06-23T12:00:00Z,2024-10-08T14:23:52.152834Z,1347210.445813,0,,,,0.0005,other
509088,2025-06-23T12:00:00Z,2024-10-08T14:24:13.307682Z,14029683.089652,0,,,,0.0015,other
509089,2025-06-23T12:00:00Z,2024-10-08T14:24:44.291605Z,3442734.423457,0,,,,0.0045,other
509090,2025-06-23T12:00:00Z,2024-10-08T14:25:41.695548Z,1420375.644992,0,,,0.065,0.08,other
509091,2025-06-23T12:00:00Z,2024-10-08T14:26:15.063727Z,31500276.745636,0,,,,,other
509092,2025-06-23T12:00:00Z,2024-10-08T14:26:35.279251Z,3738344.475988,0,,,,0.0015,other
509093,2025-06-23T12:00:00Z,2024-10-08T14:27:01.561879Z,2418830.372885,0,,,0.294,0.125,other
509094,2025-06-23T12:00:00Z,2024-10-08T14:42:08.131174Z,11066493.763857,0,,,,0.0005,other
509095,2025-06-23T12:00:00Z,2024-10-08T14:44:03.979107Z,4208232.83624,0,,0.226,0.2065,0.095,other
509096,2025-06-23T12:00:00Z,2024-10-08T14:44:35.512751Z,3893070.819332,1,,0.775,0.445,0.12,other
509097,2025-06-23T12:00:00Z,2024-10-08T14:46:00.162885Z,1181399.781688,0,,,,0.0335,other
509098,2025-06-23T12:00:00Z,2024-10-08T14:46:52.35304Z,2428704.266008,0,,,,0.0195,other
509099,2025-06-23T12:00:00Z,2024-10-08T14:47:20.076266Z,20010091.315551,0,,,,0.0085,other
509100,2025-06-23T12:00:00Z,2024-10-08T14:47:40.275037Z,1285066.291256,0,,,,0.0005,other
509101,2025-06-23T12:00:00Z,2024-10-08T14:47:56.472227Z,830443.947766,0,,,,0.021,other
509102,2025-06-23T12:00:00Z,2024-10-08T14:48:22.690065Z,3606712.264998,0,,,,0.0045,other
509103,2025-06-23T12:00:00Z,2024-10-08T14:49:14.597354Z,1317996.184151,0,,,,0.0115,other
509104,2025-06-23T12:00:00Z,2024-10-08T14:50:33.224912Z,1894041.791811,0,,,,0.018,other
509105,2025-06-23T12:00:00Z,2024-10-08T14:50:55.459985Z,45686975.6152203,0,,,,0.0005,other
509106,2025-06-23T12:00:00Z,2024-10-08T14:51:26.61659Z,8418555.753739,0,,,,0.0015,other
509107,2025-06-23T12:00:00Z,2024-10-08T14:51:54.874345Z,43862428.04151,0,,,,,other
509108,2025-06-23T12:00:00Z,2024-10-08T14:53:24.283779Z,2515029.541912,0,,,,0.0005,other
509109,2025-06-23T12:00:00Z,2024-10-08T14:54:38.008634Z,7861942.165596,0,,,,0.013,other
509110,2025-06-23T12:00:00Z,2024-10-08T14:53:48.99Z,1745381.463526,0,,,,0.0705,other
509111,2025-06-23T12:00:00Z,2024-10-08T14:54:57.92493Z,924501.783184,0,,,,0.055,other
509112,2025-06-23T12:00:00Z,2024-10-08T14:55:29.099814Z,993919.023155,0,,,,0.0035,other
509113,2025-06-23T12:00:00Z,2024-10-08T14:56:27.964706Z,568991.849413,0,,,,0.07,other
509114,2025-06-23T12:00:00Z,2024-10-08T14:57:26.075433Z,1895702.844123,0,,,,0.075,other
509115,2025-06-23T12:00:00Z,2024-10-08T14:57:57.994925Z,13460020.454528,0,,,,0.1125,other
509116,2025-06-23T12:00:00Z,2024-10-08T14:58:50.693905Z,3116003.472375,0,,,,0.0015,other
509118,2025-06-23T12:00:00Z,2024-10-08T14:59:26.665333Z,1158576.167129,0,,,,0.09,other
512182,2025-06-30T12:00:00Z,2024-11-06T18:28:17.814Z,329319.766889,0,,,,,politics
512183,2025-06-30T12:00:00Z,2024-11-06T18:28:37.991Z,982378.988303,1,,,,,politics
512184,2025-06-30T12:00:00Z,2024-11-06T18:29:20.232129Z,485223.839461,0,,,,,politics
512185,2025-06-30T12:00:00Z,2024-11-06T18:30:01.82Z,526799.534147,0,,,,,politics
512186,2025-06-30T12:00:00Z,2024-11-06T18:30:27.832339Z,188692.911871,0,,,,,politics
512187,2025-06-30T12:00:00Z,2024-11-06T18:30:44.954Z,572916.915027,0,,,,,politics
512188,2025-06-30T12:00:00Z,2024-11-06T18:39:24.76Z,238277.958236,0,,,,,politics
512189,2025-06-30T12:00:00Z,2024-11-06T18:39:51.385Z,78434.250909,0,,,,,politics
512190,2025-06-30T12:00:00Z,2024-11-06T18:40:37.931Z,51436.552793,0,,,,,politics
512191,2025-06-30T12:00:00Z,2024-11-06T18:40:54.046Z,634491.742099,1,,,,,politics
512192,2025-06-30T12:00:00Z,2024-11-06T18:41:25.866Z,64248.418095,0,,,,,politics
512193,2025-06-30T12:00:00Z,2024-11-06T19:44:40.873Z,23299.761679,0,,,,,politics
512194,2025-06-30T12:00:00Z,2024-11-06T19:45:11.593Z,92837.960039,0,,,,,politics
512195,2025-06-30T12:00:00Z,2024-11-06T19:45:49.727Z,27727.104156,0,,,,,politics
512196,2025-06-30T12:00:00Z,2024-11-06T19:46:09.56Z,41124.61831,0,,,,,politics
512197,2025-06-30T12:00:00Z,2024-11-06T19:46:36.048Z,39367.471235,0,,,,,politics
512198,2025-06-30T12:00:00Z,2024-11-06T19:46:58.021Z,10455.612479,0,,,,,politics
512199,2025-06-30T12:00:00Z,2024-11-06T19:47:29.149Z,9183.604024,0,,,,,politics
512200,2025-06-30T12:00:00Z,2024-11-06T19:47:50.388Z,9113.69036,0,,,,,politics
512206,2025-06-30T12:00:00Z,2024-11-06T20:38:57.392Z,73869.442142,0,,,,,politics
512207,2025-06-30T12:00:00Z,2024-11-06T20:39:55.457Z,45726.85628,0,,,,,politics
512208,2025-06-30T12:00:00Z,2024-11-06T20:40:27.839Z,89415.899309,0,,,,,politics
512209,2025-06-30T12:00:00Z,2024-11-06T20:40:48.021Z,44949.521987,0,,,,,politics
512210,2025-06-30T12:00:00Z,2024-11-06T20:41:51.374Z,40699.221344,0,,,,,politics
512211,2025-06-30T12:00:00Z,2024-11-06T20:42:17.593Z,33604.522944,0,,,,,politics
512213,2025-06-30T12:00:00Z,2024-11-06T21:01:35.656Z,829319.258317001,1,,,,,politics
512215,2025-06-30T12:00:00Z,2024-11-06T21:03:47.069Z,2035489.149072,0,,,,,politics
512216,2025-06-30T12:00:00Z,2024-11-06T21:04:08.388Z,651008.187427001,0,,,,,politics
512644,2025-07-31T12:00:00Z,2024-11-10T00:05:44.363Z,527587.822432,0,0.004,0.004,0.0185,0.0395,politics
512812,2025-07-31T12:00:00Z,2024-11-13T00:21:00.196614Z,114345.726984,0,0.0025,0.004,0.0175,0.05,other
513317,2025-07-31T12:00:00Z,2024-11-18T15:49:24.98906Z,263544.748904,0,0.005,0.0025,0.0125,0.03,other
513432,2025-07-31T12:00:00Z,2024-11-19T20:59:54.565299Z,147452.580748,0,,,,,other
513435,2025-07-31T12:00:00Z,2024-11-19T21:00:42.913Z,90480.782294,0,,,,,other
513436,2025-07-31T12:00:00Z,2024-11-19T21:01:24.007Z,97357.673155,1,,,,,other
513437,2025-07-31T12:00:00Z,2024-11-19T21:01:53.926312Z,781202.845412,0,,,,,other
513438,2025-07-31T12:00:00Z,2024-11-19T21:02:19.225354Z,272727.474223,0,,,,,other
513439,2025-07-31T12:00:00Z,2024-11-19T21:02:43.530227Z,30967.411231,0,,,,,other
513440,2025-07-31T12:00:00Z,2024-11-19T21:03:03.963793Z,57591.967469,0,,,,,other
513441,2025-07-31T12:00:00Z,2024-11-19T21:03:24.201321Z,278562.713498,0,,,,,other
513650,2025-07-31T12:00:00Z,2024-11-21T20:53:58.016Z,1882646.590054,1,,,0.976,0.295,crypto/prices
513651,2025-07-31T12:00:00Z,2024-11-21T20:53:58.012Z,551430.219434,0,0.012,0.023,0.135,0.24,other
514374,2025-07-31T12:00:00Z,2024-12-02T16:46:46.948Z,271638.267685,0,0.013,0.07,0.32,0.415,other
514496,2025-07-31T12:00:00Z,2024-12-02T23:38:21.040024Z,22398.618181,0,,,0.015,0.031,other
514995,2025-07-31T12:00:00Z,2024-12-06T22:58:45.921504Z,338743.804369,0,,,,0.0125,politics
514999,2025-07-31T12:00:00Z,2024-12-06T22:59:16.057958Z,876875.722027,0,,,,0.0075,politics
515000,2025-07-31T12:00:00Z,2024-12-06T22:59:31.171557Z,339469.736392,0,,,,0.0065,politics
515001,2025-07-31T12:00:00Z,2024-12-06T23:00:01.202295Z,735085.982258,1,,,,0.925,politics
515003,2025-07-31T12:00:00Z,2024-12-06T23:00:17.301652Z,271648.969119,0,,,,0.005,politics
515004,2025-07-31T12:00:00Z,2024-12-06T23:00:27.324721Z,505421.146247,0,,,,0.004,politics
515351,2025-07-31T12:00:00Z,2024-12-11T00:22:51.398885Z,1857159.163041,1,,,,0.865,politics
515352,2025-07-31T12:00:00Z,2024-12-11T00:23:25.565544Z,434907.931785,0,,,,0.0015,politics
515353,2025-07-31T12:00:00Z,2024-12-11T00:23:50.725573Z,599136.294876,0,,,,0.002,politics
515354,2025-07-31T12:00:00Z,2024-12-11T00:24:20.865118Z,150329.38504,0,,,,0.0005,politics
515355,2025-07-31T12:00:00Z,2024-12-11T00:25:00.307707Z,395499.722608,0,,,,0.0005,politics
515356,2025-07-31T12:00:00Z,2024-12-11T00:25:30.254938Z,460971.148576,0,,,,0.0005,politics
515357,2025-07-31T12:00:00Z,2024-12-11T00:26:21.094Z,637164.109113,0,,,,0.055,politics
515358,2025-07-31T12:00:00Z,2024-12-11T00:27:21.96Z,519903.843995,0,,,,0.078,politics
515359,2025-07-31T12:00:00Z,2024-12-11T00:28:01.978Z,101129.363996,0,,,,0.0005,politics
515360,2025-07-31T12:00:00Z,2024-12-11T00:28:46.783Z,227769.855749,0,,,,0.0075,politics
515361,2025-07-31T12:00:00Z,2024-12-11T00:30:11.054Z,11913.354,0,,,,0.0005,politics
515362,2025-07-31T12:00:00Z,2024-12-11T00:30:46.628Z,77154.321075,0,,,,0.0025,politics
515867,2025-07-31T12:00:00Z,2024-12-17T19:14:08.272Z,354780.530789,0,0.0035,0.06,0.435,0.33,other
516072,2025-07-03T12:00:00Z,2024-12-20T00:06:37.46Z,152926.021241,0,0.079,0.0215,0.0555,0.1045,macro
516073,2025-07-03T12:00:00Z,2024-12-20T00:07:08.513Z,126301.53855,0,0.0445,0.0735,0.584,0.0585,macro
516074,2025-07-03T12:00:00Z,2024-12-20T00:08:22.913Z,750321.464423,1,0.674,0.6965,0.314,0.3755,macro
516075,2025-07-03T12:00:00Z,2024-12-20T00:09:37.342Z,371865.046316,0,0.1345,0.1225,0.035,0.264,macro
516076,2025-07-03T12:00:00Z,2024-12-20T00:10:22.162Z,440848.932284,0,0.027,0.052,0.0065,0.215,macro
517549,2025-07-01T03:59:00Z,2025-01-06T13:23:04.380161Z,56330.877836,0,0.0035,0.003,0.005,0.041,politics
521028,2025-07-01T03:59:00Z,2025-01-30T21:29:01.73Z,37693.17445,0,0.003,0.0065,0.021,0.045,other
522220,2025-07-31T12:00:00Z,2025-02-08T00:14:18.08714Z,90970.771299,0,0.0045,0.0045,0.0375,0.04,other
523354,2025-07-27T12:00:00Z,2025-06-10T23:22:20.927463Z,258640.021771,1,,0.9975,0.9885,,politics
523355,2025-07-27T12:00:00Z,2025-06-10T23:22:17.915625Z,68438.897184,0,,0.0025,0.007,,politics
523356,2025-07-27T12:00:00Z,2025-06-10T23:22:24.750731Z,46789.051,0,,0.0005,0.0005,,politics
523357,2025-07-27T12:00:00Z,2025-06-10T23:22:27.034983Z,61051.537408,0,,0.0015,0.0015,,politics
523358,2025-07-27T12:00:00Z,2025-06-10T23:22:25.275615Z,49430.941473,0,,0.001,0.0015,,politics
523359,2025-07-27T12:00:00Z,2025-06-10T23:22:25.818789Z,51556.479333,0,,0.0005,0.0015,,politics
523360,2025-07-27T12:00:00Z,2025-06-10T23:22:25.010032Z,35591.527498,0,,0.0005,0.0005,,politics
523361,2025-07-27T12:00:00Z,2025-06-10T23:22:26.782217Z,33285.86,0,,0.0005,0.0005,,politics
523362,2025-07-27T12:00:00Z,2025-06-10T23:22:29.018222Z,47870.237032,0,,0.001,0.0015,,politics
523363,2025-07-27T12:00:00Z,2025-06-10T23:22:29.776489Z,56765.999204,0,,0.001,0.0015,,politics
523375,2025-07-27T12:00:00Z,2025-06-10T23:22:39.146455Z,459572.96709,1,,0.852,0.9355,,politics
523376,2025-07-27T12:00:00Z,2025-06-10T23:22:39.398491Z,132485.834126,0,,0.1295,0.0515,,politics
523377,2025-07-27T12:00:00Z,2025-06-10T23:22:43.678128Z,35692.270706,0,,0.001,0.0015,,politics
523378,2025-07-27T12:00:00Z,2025-06-10T23:22:45.444954Z,37730.929,0,,0.001,0.004,,politics
523379,2025-07-27T12:00:00Z,2025-06-10T23:22:43.172965Z,33053.381,0,,0.001,0.0015,,politics
523380,2025-07-27T12:00:00Z,2025-06-10T23:22:45.192423Z,72286.237468,0,,0.0035,0.004,,politics
523381,2025-07-27T12:00:00Z,2025-06-10T23:22:43.930014Z,30225.182733,0,,0.0005,0.0025,,politics
523382,2025-07-27T12:00:00Z,2025-06-10T23:22:43.426089Z,23184.236,0,,0.0005,0.0025,,politics
523383,2025-07-27T12:00:00Z,2025-06-10T23:22:50.163355Z,23814.001,0,,0.0005,0.0015,,politics
523384,2025-07-27T12:00:00Z,2025-06-10T23:22:49.656346Z,1034993.683924,0,,0.006,0.0015,,politics
526839,2025-07-31T12:00:00Z,2025-03-04T19:00:22.70103Z,17807.129183,1,,,,,other
526861,2025-07-31T12:00:00Z,2025-03-04T22:14:07.856Z,973016.213858,1,,,,0.9985,politics
528328,2025-07-15T12:00:00Z,2025-03-16T00:14:20.687Z,224511.057882,0,,0.0015,0.019,0.075,other
528797,2025-07-31T12:00:00Z,2025-03-18T21:04:33.987182Z,1081718.031811,1,,,,0.51,politics
528798,2025-07-31T12:00:00Z,2025-03-18T21:04:57.843377Z,869859.032632,0,,,,0.535,politics
528802,2025-07-31T12:00:00Z,2025-03-18T21:05:57.008Z,389216.168857,0,,,,0.07,politics
528803,2025-07-31T12:00:00Z,2025-03-18T21:06:17.328853Z,159664.263849,0,,,,0.005,politics
528804,2025-07-31T12:00:00Z,2025-03-18T21:06:32.052906Z,14599.923306,0,,,,0.0055,politics
528972,2025-07-30T12:00:00Z,2025-03-19T19:51:53.541901Z,40912544.015545,0,0.0045,0.0065,0.0175,0.068,macro
528973,2025-07-30T12:00:00Z,2025-03-19T19:55:53.819663Z,23551704.395621,0,0.0325,0.0385,0.165,0.52,macro
528974,2025-07-30T12:00:00Z,2025-03-19T19:56:17.660709Z,28670116.640169,1,0.9635,0.9555,0.815,0.4,macro
528975,2025-07-30T12:00:00Z,2025-03-19T19:56:37.741725Z,43479262.352112,0,0.0005,0.0015,0.0065,0.026,macro
529663,2025-07-31T12:00:00Z,2025-03-21T21:53:53.131Z,316002.550487,1,,,,0.565,sports
529664,2025-07-31T12:00:00Z,2025-03-21T21:58:57.899Z,96221.550126,0,,,,0.325,sports
529675,2025-07-31T12:00:00Z,2025-03-21T22:25:29.752893Z,55130.25002,0,0.012,0.0135,0.052,0.07,politics
530421,2025-07-31T12:00:00Z,2025-03-24T19:04:10.796137Z,86277.657185,0,,,,0.005,politics
530422,2025-07-31T12:00:00Z,2025-03-24T19:04:20.919842Z,30012.444632,0,,,,0.0045,politics
530424,2025-07-31T12:00:00Z,2025-03-24T19:04:50.319987Z,43986.700436,0,,,,0.0055,politics
530425,2025-07-31T12:00:00Z,2025-03-24T19:05:06.824355Z,162043.164427,0,,,,0.005,politics
530426,2025-07-31T12:00:00Z,2025-03-24T19:05:26.760327Z,51026.922869,0,,,,0.0065,politics
530494,2025-07-31T12:00:00Z,2025-03-24T22:43:33.157859Z,197668.472093,1,,,0.895,0.435,politics
530950,2025-07-31T12:00:00Z,2025-03-25T23:45:28.559904Z,8413.536296,0,0.0335,0.1025,0.34,0.24,other
533219,2025-07-25T04:00:00Z,2025-07-23T21:12:49.349Z,42004.478715,1,0.635,,,,other
533849,2025-07-30T12:00:00Z,2025-04-03T20:55:09.21505Z,787464.266322,0,0.0135,0.027,0.0435,0.535,macro
534226,2025-07-31T12:00:00Z,2025-04-04T22:24:11.062025Z,46561.11666,1,,,,,politics
534227,2025-07-31T12:00:00Z,2025-04-04T22:24:33.087929Z,36504.791251,0,,,,,politics
534228,2025-07-31T12:00:00Z,2025-04-04T22:24:51.757267Z,96593.929403,0,,,,,politics
534229,2025-07-31T12:00:00Z,2025-04-04T22:25:27.86286Z,54950.358716,0,,,,,politics
534230,2025-07-31T12:00:00Z,2025-04-04T22:26:50.904327Z,29705.96527,0,,,,,politics
534231,2025-07-31T12:00:00Z,2025-04-04T22:27:11.180613Z,23723.556706,0,,,,,politics
534232,2025-07-31T12:00:00Z,2025-04-04T22:27:42.185463Z,31563.403247,0,,,,,politics
534233,2025-07-31T12:00:00Z,2025-04-04T22:28:17.056972Z,72034.86947,0,,,,,politics
534234,2025-07-31T12:00:00Z,2025-04-04T22:28:58.153543Z,50014.573849,0,,,,,politics
534235,2025-07-31T12:00:00Z,2025-04-04T22:29:22.226472Z,32285.674546,0,,,,,politics
535286,2025-07-31T12:00:00Z,2025-04-08T18:27:40.716Z,15857.513807,0,,,,0.215,other
535963,2025-07-08T12:00:00Z,2025-04-10T17:56:47.518Z,89398.827993,1,0.79,0.74,0.775,,politics
537287,2025-07-31T12:00:00Z,2025-04-14T21:52:17.24688Z,12371.638271,1,,,,,politics
537288,2025-07-31T12:00:00Z,2025-04-14T21:52:32.444728Z,178085.866929,0,0.011,0.2305,0.143,0.96,politics
537289,2025-07-31T12:00:00Z,2025-04-14T21:52:57.851211Z,499705.582429,0,0.006,0.013,0.0135,0.725,politics
537290,2025-07-31T12:00:00Z,2025-04-14T21:53:11.124479Z,139284.50813,0,0.0025,0.0095,0.012,0.3,politics
537291,2025-07-31T12:00:00Z,2025-04-14T21:53:33.152022Z,29377.407282,0,0.0065,0.003,0.0185,0.15,politics
537674,2025-07-31T12:00:00Z,2025-04-16T18:53:16.708568Z,338242.991936,1,,,,0.42,other
537697,2025-07-31T12:00:00Z,2025-04-16T21:27:27.263Z,172949.122112,0,0.11,0.155,0.64,0.615,politics
537698,2025-07-31T12:00:00Z,2025-04-16T21:29:32.759Z,57198.818336,0,0.85,0.891,0.9025,0.885,politics
539055,2025-07-31T12:00:00Z,2025-04-22T21:51:35.181407Z,37542.711385,0,0.0035,0.0015,0.0135,0.022,other
540160,2025-07-31T12:00:00Z,2025-04-29T19:37:51.989Z,23027.533996,0,0.0025,0.0235,0.034,0.055,other
540161,2025-07-31T12:00:00Z,2025-04-29T19:38:42.006001Z,9438.172982,0,0.0715,0.0815,0.0985,0.17,politics
541058,2025-07-31T12:00:00Z,2025-05-02T22:04:04.466Z,334276.737179,1,,,0.905,,other
541612,2025-07-31T12:00:00Z,2025-05-09T16:59:59.675126Z,281393.236389,0,0.0075,0.017,0.095,,politics
541775,2025-07-13T12:00:00Z,2025-05-06T18:15:32.574Z,3540557.186299,1,0.46,0.375,0.355,,other
541776,2025-07-13T12:00:00Z,2025-05-06T18:15:32.320328Z,389732.016473,0,,,0.022,,other
541777,2025-07-13T12:00:00Z,2025-05-06T18:15:31.806Z,4463693.993646,0,0.54,0.395,0.375,,other
541778,2025-07-13T12:00:00Z,2025-05-06T18:15:37.362Z,1357023.4377,0,0.0435,0.03,0.011,,other
541779,2025-07-13T12:00:00Z,2025-05-06T18:15:36.853681Z,636791.591466,0,,,0.0625,,other
541780,2025-07-13T12:00:00Z,2025-05-06T18:15:37.108Z,2071915.249306,0,0.145,0.155,0.11,,other
541781,2025-07-13T12:00:00Z,2025-05-06T18:15:37.617057Z,208906.464011,0,,,0.0015,,other
541782,2025-07-13T12:00:00Z,2025-05-06T18:15:43.303031Z,734314.120424,0,,0.006,0.0075,,other
541783,2025-07-13T12:00:00Z,2025-05-06T18:15:42.062644Z,381780.008844,0,,,0.0155,,other
513304,2025-08-31T12:00:00Z,2024-11-18T19:04:51.198Z,1443301.831384,1,,,0.9825,0.775,politics
522895,2025-08-31T12:00:00Z,2025-02-11T19:20:14.978Z,830318.639654,0,0.003,0.022,0.1135,0.25,other
527115,2025-08-31T12:00:00Z,2025-03-07T15:58:26.949648Z,19420.939297,0,0.009,0.042,0.014,0.1535,politics
537888,2025-08-31T12:00:00Z,2025-04-17T21:46:52.67Z,1555128.092628,1,0.665,0.66,0.63,0.52,other
537889,2025-08-31T12:00:00Z,2025-04-17T21:47:12.389Z,798739.343528,0,0.0035,0.018,0.112,0.235,other
537897,2025-08-31T12:00:00Z,2025-04-17T22:16:57.500193Z,13312.584778,0,0.003,0.005,0.033,0.11,politics
541059,2025-08-31T12:00:00Z,2025-05-02T22:04:04.736Z,109583.536606,1,,,,0.8625,other
542792,2025-08-11T12:00:00Z,2025-05-08T20:04:27.262886Z,7101.22365,0,,,,0.255,other
543927,2025-08-31T12:00:00Z,2025-05-12T20:48:00.132762Z,36516.681686,0,,,,0.23,other
544408,2025-08-12T12:00:00Z,2025-05-13T17:14:35.473Z,506292.442526,1,0.8865,0.815,0.7595,0.78,other
544420,2025-08-15T12:00:00Z,2025-05-13T19:52:10.5Z,432337.016022,0,0.002,0.0175,0.085,0.225,other
544421,2025-08-15T12:00:00Z,2025-05-13T19:52:10.245Z,704198.536771,1,0.9875,0.88,0.785,0.535,other
544422,2025-08-15T12:00:00Z,2025-05-13T19:52:10.754Z,198932.6877,0,0.0025,0.0425,0.0975,0.145,other
544423,2025-08-15T12:00:00Z,2025-05-13T19:52:11.008Z,198397.938846,0,0.0025,0.048,0.0105,0.055,other
544424,2025-08-15T12:00:00Z,2025-05-13T19:52:16.252Z,251473.877435,0,0.002,0.0065,0.0065,0.008,other
544425,2025-08-15T12:00:00Z,2025-05-13T19:52:29.903Z,171590.374792,0,0.001,0.005,0.008,0.0325,other
545862,2025-08-31T12:00:00Z,2025-05-19T21:23:15.561397Z,236348.720672,0,0.0025,0.011,0.011,0.05,other
545880,2025-08-31T12:00:00Z,2025-05-20T15:18:17.943738Z,1797521.530595,1,,,0.52,0.295,other
546064,2025-08-31T12:00:00Z,2025-05-20T18:11:13.942396Z,1337263.70444,0,0.0005,0.0025,0.0065,0.0105,politics
546065,2025-08-31T12:00:00Z,2025-05-20T18:10:32.673Z,92174.436896,0,,,,0.205,other
546066,2025-08-31T12:00:00Z,2025-05-20T18:10:33.432Z,41803.136364,1,,,,0.122,other
546067,2025-08-31T12:00:00Z,2025-05-20T18:10:32.926Z,14181.988536,0,,,,0.1415,other
546068,2025-08-31T12:00:00Z,2025-05-20T18:10:34.69Z,14569.408692,0,,,,0.007,other
546069,2025-08-31T12:00:00Z,2025-05-20T18:10:34.943Z,17873.114408,0,,,,0.0045,other
546070,2025-08-31T12:00:00Z,2025-05-20T18:10:33.179Z,13091.400413,0,,,,0.11,other
546071,2025-08-31T12:00:00Z,2025-05-20T18:10:39.015Z,17848.254044,0,,,,0.0055,other
546072,2025-08-31T12:00:00Z,2025-05-20T18:10:38.759Z,9868.029501,0,,,,0.0055,other
546073,2025-08-31T12:00:00Z,2025-05-20T18:10:39.267Z,20620.311771,0,,,,0.005,other
546074,2025-08-31T12:00:00Z,2025-05-20T18:10:39.521Z,15635.127181,0,,,,0.089,other
546075,2025-08-31T12:00:00Z,2025-05-20T18:11:13.685Z,16211.670171,0,,,,0.195,other
546242,2025-08-31T12:00:00Z,2025-05-20T23:30:48.5Z,89364.254577,0,0.0035,0.004,0.015,0.075,sports
546243,2025-08-31T12:00:00Z,2025-05-20T23:29:28.53311Z,68830.197609,0,0.0045,0.0045,0.013,0.043,other
546280,2025-08-31T12:00:00Z,2025-05-21T00:45:49.640259Z,9469.426469,0,0.022,0.0495,0.336,0.08,other
546805,2025-08-31T12:00:00Z,2025-05-22T21:21:03.317115Z,820505.02216,0,0.0015,0.0185,0.0565,0.265,other
546807,2025-08-31T12:00:00Z,2025-05-22T22:29:59.237839Z,30936.521183,0,0.003,0.005,0.009,0.025,politics
547076,2025-08-31T12:00:00Z,2025-05-23T20:45:44.341019Z,72930.45613,0,0.005,0.01,0.027,0.0355,other
549998,2025-08-31T00:00:00Z,2025-06-05T16:26:54.114429Z,97006.48407,0,0.0005,0.003,0.014,,other
549999,2025-08-31T00:00:00Z,2025-06-05T16:27:14.080135Z,118661.164553,0,0.0025,0.0015,0.037,,politics
550013,2025-08-31T00:00:00Z,2025-06-06T14:33:08.794334Z,96230.722197,0,,,0.0065,,other
551032,2025-08-31T00:00:00Z,2025-06-09T21:23:49.351724Z,12197.570726,1,,,,,politics
551405,2025-08-08T12:00:00Z,2025-06-10T20:27:35.412073Z,34975.042853,0,0.003,0.0025,0.0055,,other
551406,2025-08-08T12:00:00Z,2025-06-10T20:27:35.159097Z,19673.443154,1,0.665,0.67,0.71,,other
551407,2025-08-08T12:00:00Z,2025-06-10T20:27:32.375322Z,11751.501365,0,0.33,0.32,0.225,,other
552579,2025-08-31T00:00:00Z,2025-06-14T21:40:36.297096Z,977802.548836,0,0.0015,0.0035,0.018,,other
553071,2025-08-31T00:00:00Z,2025-06-16T22:09:26.445639Z,57562.333692,0,0.006,0.006,0.032,,politics
554505,2025-08-31T00:00:00Z,2025-06-20T20:27:42.393979Z,7788.93262,0,0.0025,0.0065,0.197,,politics
554565,2025-08-31T00:00:00Z,2025-06-20T21:52:48.707214Z,122769.658597,0,0.012,0.022,0.06,,other
554584,2025-08-01T04:00:00Z,2025-06-20T23:33:34.498922Z,285963.558516,1,,0.9995,0.57,,other
554714,2025-08-31T00:00:00Z,2025-06-22T01:49:00.169055Z,129382.714012,0,0.005,0.0045,0.033,,other
555106,2025-08-01T00:00:00Z,2025-06-23T17:49:22.657077Z,62472.027876,0,0.0035,0.005,0.0705,,politics
555107,2025-08-01T00:00:00Z,2025-06-23T17:49:21.937679Z,13602.559911,0,0.004,0.005,0.045,,politics
555168,2025-08-01T00:00:00Z,2025-06-24T02:22:39.941Z,114187.935788,0,0.0065,0.016,0.085,,other
555431,2025-08-15T00:00:00Z,2025-06-25T00:47:31.094121Z,41634.69108,1,,,0.99,,other
555438,2025-08-01T00:00:00Z,2025-06-25T09:42:14.775525Z,50819.097922,0,0.0545,0.0525,0.56,,politics
555450,2025-08-01T00:00:00Z,2025-06-25T09:42:54.316Z,57380.902083,0,0.0025,0.004,0.044,,other
555459,2025-08-01T00:00:00Z,2025-06-26T23:48:25.989Z,1268192.778119,1,,,0.65,,other
555460,2025-08-01T23:00:00Z,2025-06-24T22:56:49.215507Z,614102.25063,1,,,0.455,,politics
555773,2025-08-01T00:00:00Z,2025-06-25T23:08:32.116165Z,290339.320585,0,0.12,0.375,0.58,,other
555775,2025-08-01T00:00:00Z,2025-06-25T21:08:57.493423Z,18878.755861,0,0.002,0.0025,0.0165,,other
555820,2025-09-01T00:00:00Z,2025-06-25T22:27:57.893Z,274448.636664,0,0.0125,0.0205,0.225,,other
555834,2025-08-31T00:00:00Z,2025-06-30T18:08:06.294Z,334324.403879,0,0.019,0.035,0.135,,other
555852,2025-08-05T00:00:00Z,2025-06-30T13:39:04.974522Z,27875.033594,0,,,,,other
555853,2025-08-05T00:00:00Z,2025-06-30T13:39:04.72062Z,39294.018311,0,,,,,other
555854,2025-08-05T00:00:00Z,2025-06-30T13:39:05.228159Z,13714.795574,0,,,,,other
555855,2025-08-05T00:00:00Z,2025-06-30T13:39:06.946551Z,9721.963034,0,,,,,other
555856,2025-08-05T00:00:00Z,2025-06-30T13:39:05.481707Z,16061.387198,1,,,,,other
555857,2025-08-05T00:00:00Z,2025-06-30T13:39:06.693141Z,31626.650136,0,,,,,other
555858,2025-08-05T00:00:00Z,2025-06-30T13:39:23.546318Z,22858.727332,0,,,,,other
556109,2025-08-01T00:00:00Z,2025-06-26T20:01:45.617916Z,26729.039915,0,0.003,0.0035,0.0335,,other
556644,2025-08-31T23:59:59.999Z,2025-06-27T20:42:06.78Z,251469.265759,1,,,,,other
556693,2025-08-01T00:00:00Z,2025-06-28T17:03:13.753Z,18058.803884,1,,,0.9585,,other
556723,2025-08-01T08:00:00Z,2025-07-30T09:37:58.855299Z,93062.852177,0,0.5,,,,crypto/prices
556732,2025-08-01T00:00:00Z,2025-07-29T09:50:31.916816Z,74648.071368,0,0.5,,,,crypto/prices
556734,2025-08-01T06:00:00Z,2025-07-30T09:38:32.771705Z,76308.514409,0,0.5,,,,crypto/prices
556745,2025-08-01T15:00:00Z,2025-07-30T09:37:32.425112Z,36122.551104,1,0.5,,,,crypto/prices
556747,2025-08-01T01:00:00Z,2025-07-29T09:49:43.200125Z,60535.224495,0,0.5,,,,crypto/prices
556751,2025-08-01T23:00:00Z,2025-07-30T09:36:28.03904Z,66575.62353,0,0.5,,,,crypto/prices
556752,2025-08-01T05:00:00Z,2025-07-29T14:02:07.405988Z,70123.715787,1,0.5,,,,crypto/prices
556758,2025-08-01T16:00:00Z,2025-07-30T09:37:15.747573Z,85022.809991,0,0.5,,,,crypto/prices
556759,2025-08-01T09:00:00Z,2025-07-30T09:38:24.873563Z,68071.414173,0,0.5,,,,crypto/prices
556765,2025-08-01T03:00:00Z,2025-07-29T09:50:56.057138Z,29081.382,1,0.5,,,,crypto/prices
556767,2025-08-01T14:00:00Z,2025-07-30T09:37:25.442729Z,41350.108101,0,0.5,,,,crypto/prices
556768,2025-08-01T13:00:00Z,2025-07-30T09:37:09.854374Z,114568.779226,1,0.5,,,,crypto/prices
556772,2025-08-02T00:00:00Z,2025-07-30T09:45:40.604109Z,52862.146278,1,0.5,,,,crypto/prices
556775,2025-08-01T22:00:00Z,2025-07-30T09:36:48.833109Z,90453.069185,0,0.5,,,,crypto/prices
556777,2025-08-01T10:00:00Z,2025-07-30T09:38:13.027953Z,40645.212901,1,0.5,,,,crypto/prices
556779,2025-08-01T18:00:00Z,2025-07-30T09:36:03.751408Z,40252.664519,0,0.5,,,,crypto/prices
556780,2025-08-01T07:00:00Z,2025-07-30T09:38:19.830544Z,35410.104995,0,0.5,,,,crypto/prices
556786,2025-08-01T19:00:00Z,2025-07-30T09:36:39.837018Z,64949.556269,0,0.5,,,,crypto/prices
556788,2025-08-01T02:00:00Z,2025-07-29T09:50:19.552142Z,66523.983232,0,0.5,,,,crypto/prices
556791,2025-08-02T01:00:00Z,2025-07-30T09:46:23.120362Z,34506.932423,1,0.5,,,,crypto/prices
556792,2025-08-01T17:00:00Z,2025-07-30T09:35:53.585423Z,63543.172987,0,0.5,,,,crypto/prices
556793,2025-08-01T20:00:00Z,2025-07-30T09:35:43.536535Z,49673.897311,0,0.5,,,,crypto/prices
556795,2025-08-01T21:00:00Z,2025-07-30T09:36:12.921408Z,59256.777803,1,0.5,,,,crypto/prices
556798,2025-08-01T11:00:00Z,2025-07-30T09:37:48.582288Z,70012.271961,0,0.5,,,,crypto/prices
556799,2025-08-01T04:00:00Z,2025-07-29T09:50:42.069912Z,47778.15309,0,0.5,,,,crypto/prices
556801,2025-08-01T12:00:00Z,2025-07-30T09:37:41.595126Z,33118.483154,1,0.5,,,,crypto/prices
557349,2025-08-04T05:00:00Z,2025-08-01T10:46:54.382855Z,45051.898131,0,0.5,,,,crypto/prices
557762,2025-08-01T04:00:00Z,2025-06-30T16:52:45.956Z,5372746.646437,0,0.0005,0.0105,0.0145,,crypto/prices
557763,2025-08-01T04:00:00Z,2025-06-30T16:52:55.648Z,2488473.067375,1,,,0.2,,crypto/prices
557764,2025-08-01T04:00:00Z,2025-06-30T16:52:49.993Z,1208534.981738,1,,,0.41,,crypto/prices
557765,2025-08-01T04:00:00Z,2025-06-30T16:52:45.701Z,622625.811466,1,,,0.715,,crypto/prices
557766,2025-08-01T04:00:00Z,2025-06-30T16:52:56.156Z,2366320.44463,0,0.002,0.0195,0.58,,crypto/prices
557767,2025-08-01T04:00:00Z,2025-06-30T16:52:55.902Z,1589315.047126,0,0.0015,0.0105,0.295,,crypto/prices
557768,2025-08-01T04:00:00Z,2025-06-30T16:52:50.246Z,863046.638507,0,0.0005,0.0045,0.135,,crypto/prices
557769,2025-08-01T04:00:00Z,2025-06-30T16:52:49.74Z,1271745.897845,0,0.0005,0.0005,0.0075,,crypto/prices
557770,2025-08-01T04:00:00Z,2025-06-30T16:53:11.956Z,7517688.702565,0,0.0635,0.3105,0.016,,crypto/prices
557771,2025-08-01T04:00:00Z,2025-06-30T16:53:12.967Z,1216617.538092,1,,,0.15,,crypto/prices
557772,2025-08-01T04:00:00Z,2025-06-30T16:53:15.725Z,306339.07221,1,,,0.25,,crypto/prices
557773,2025-08-01T04:00:00Z,2025-06-30T16:53:12.713Z,273658.08256,1,,,0.49,,crypto/prices
557774,2025-08-01T04:00:00Z,2025-06-30T16:53:16.233Z,32430.661018,1,,,0.645,,crypto/prices
557775,2025-08-01T04:00:00Z,2025-06-30T16:53:13.22Z,653587.191628,0,0.0005,0.0065,0.61,,crypto/prices
557776,2025-08-01T04:00:00Z,2025-06-30T16:53:05.726Z,473075.079664,0,0.0005,0.0055,0.44,,crypto/prices
557777,2025-08-01T04:00:00Z,2025-06-30T16:53:11.702Z,551782.90855,0,0.001,0.0015,0.2,,crypto/prices
557778,2025-08-01T04:00:00Z,2025-06-30T16:53:15.979Z,402150.176255,0,0.001,0.0005,0.08,,crypto/prices
557779,2025-08-01T04:00:00Z,2025-06-30T16:53:16.486Z,707772.875096,0,0.0005,0.0005,0.0085,,crypto/prices
557784,2025-08-01T04:00:00Z,2025-06-30T16:55:45.039922Z,956131.079611,0,0.001,0.0275,0.02,,crypto/prices
557785,2025-08-01T04:00:00Z,2025-06-30T16:56:12.202Z,912797.907947,1,,,0.105,,crypto/prices
557786,2025-08-01T04:00:00Z,2025-06-30T16:56:05.144Z,498632.104947,1,,,0.28,,crypto/prices
557787,2025-08-01T04:00:00Z,2025-06-30T16:55:50.998Z,299350.367531,1,,,0.435,,crypto/prices
517232,2025-09-04T12:00:00Z,2025-01-03T21:39:59.635Z,10259.333387,0,,,,,other
517233,2025-09-04T12:00:00Z,2025-01-03T21:32:55.657Z,218147.167806,0,0.004,0.0105,0.03,0.034,other
517234,2025-09-04T12:00:00Z,2025-01-03T21:41:25.617611Z,226172.063947,1,,,,,other
517241,2025-09-04T12:00:00Z,2025-01-03T21:37:51.542Z,9381.535026,0,0.06,0.27,0.285,0.575,other
517469,2025-09-11T12:00:00Z,2025-01-06T13:22:44.522Z,11946.280885,0,,0.0025,0.0065,0.332,other
517508,2025-09-04T12:00:00Z,2025-01-06T18:55:15.040973Z,12205.116349,0,,,,,sports
517514,2025-09-04T12:00:00Z,2025-01-06T20:10:51.271211Z,15771.354,0,,,,,sports
523396,2025-09-03T12:00:00Z,2025-02-13T23:48:47.207002Z,230761.322648,1,,,,0.8475,other
523397,2025-09-03T12:00:00Z,2025-02-13T23:49:00.551Z,83786.530307,0,,,,0.0045,other
523398,2025-09-03T12:00:00Z,2025-02-13T23:49:16.724536Z,89115.626834,0,,,,0.004,other
523399,2025-09-03T12:00:00Z,2025-02-13T23:49:42.458779Z,84229.775986,0,,,,0.0065,other
523400,2025-09-03T12:00:00Z,2025-02-13T23:49:56.721893Z,445514.820005,0,,,,0.0055,other
523401,2025-09-03T12:00:00Z,2025-02-13T23:50:28.409103Z,507999.140762,0,,,,0.003,other
523402,2025-09-03T12:00:00Z,2025-02-13T23:50:57.137998Z,1318213.668411,0,,,,0.004,other
523419,2025-09-03T12:00:00Z,2025-02-13T23:51:47.430246Z,461021.040879,0,,,,0.1005,other
525501,2025-09-30T12:00:00Z,2025-02-27T23:15:48.060371Z,52827.191568,0,,,,0.27,macro
525502,2025-09-30T12:00:00Z,2025-02-27T23:16:37.516793Z,14558.214461,0,,,,0.074,macro
525503,2025-09-30T12:00:00Z,2025-02-27T23:17:21.611034Z,19955.714408,0,,,,0.175,macro
525504,2025-09-30T12:00:00Z,2025-02-27T23:17:43.007494Z,15517.982227,0,,,,0.0705,macro
525505,2025-09-30T12:00:00Z,2025-02-27T23:20:31.959948Z,6411.306548,0,,,,0.0425,macro
525506,2025-09-30T12:00:00Z,2025-02-27T23:21:01.55801Z,34701.136605,0,,,,0.0515,macro
525507,2025-09-30T12:00:00Z,2025-02-27T23:22:22.154259Z,6512.113556,0,,,,0.0235,macro
525508,2025-09-30T12:00:00Z,2025-02-27T23:22:28.369232Z,7004.915688,0,,,,0.022,macro
525509,2025-09-30T12:00:00Z,2025-02-27T23:23:16.164811Z,18085.273388,0,,,,0.035,macro
525510,2025-09-30T12:00:00Z,2025-02-27T23:23:36.312007Z,7517.684958,0,,,,0.012,macro
525511,2025-09-30T12:00:00Z,2025-02-27T23:24:22.091045Z,5569.786326,0,,,,0.0095,macro
525514,2025-09-30T12:00:00Z,2025-02-27T23:25:53.621314Z,9661.931654,0,,,,0.028,macro
525516,2025-09-30T12:00:00Z,2025-02-27T23:27:16.831316Z,7693.92289,0,,,,0.013,macro
525517,2025-09-30T12:00:00Z,2025-02-27T23:28:06.848684Z,8082.487228,0,,,,0.0195,macro
525518,2025-09-30T12:00:00Z,2025-02-27T23:29:07.189967Z,7095.244249,0,,,,0.016,macro
525519,2025-09-30T12:00:00Z,2025-02-27T23:30:02.03082Z,10974.754465,1,,,,0.025,macro
526335,2025-09-03T12:00:00Z,2025-03-01T00:26:07.226059Z,7742.015213,0,,,,,other
526336,2025-09-03T12:00:00Z,2025-03-01T00:26:23.79294Z,42868.002683,0,,,,,other
526337,2025-09-03T12:00:00Z,2025-03-01T00:26:43.821062Z,7124.022002,0,,,,,other
526338,2025-09-03T12:00:00Z,2025-03-01T00:27:18.19187Z,6838.958,0,,,,,other
526339,2025-09-03T12:00:00Z,2025-03-01T00:27:44.126457Z,8524.03,0,,,,,other
526345,2025-09-03T12:00:00Z,2025-03-01T00:30:49.367Z,62852.719789,1,,,,,other
526346,2025-09-03T12:00:00Z,2025-03-01T00:28:03.904178Z,33382.179321,0,,,,,other
527368,2025-09-03T12:00:00Z,2025-03-10T15:40:52.989172Z,5082.4382,1,,,,,other
527539,2025-09-03T12:00:00Z,2025-03-10T17:26:53.198Z,13622.166864,0,0.0025,0.02,0.0635,0.2225,other
527739,2025-09-03T12:00:00Z,2025-03-11T19:00:45.7089Z,6402.912,0,,,,,other
527740,2025-09-03T12:00:00Z,2025-03-11T19:01:01.755543Z,6867.009999,0,,,,,other
527741,2025-09-03T12:00:00Z,2025-03-11T19:01:31.069664Z,8994.655519,0,,,,,other
527742,2025-09-03T12:00:00Z,2025-03-11T19:02:06.273847Z,5849.9,0,,,,,other
527744,2025-09-03T12:00:00Z,2025-03-11T19:04:06.254627Z,6298.2185,0,,,,,other
527745,2025-09-03T12:00:00Z,2025-03-11T19:04:26.016895Z,5786.109635,0,,,,,other
527748,2025-09-03T12:00:00Z,2025-03-11T19:06:31.637Z,13187.4,1,,,,,other
528649,2025-09-03T12:00:00Z,2025-03-17T21:01:36.896484Z,10743.97003,1,,,,,other
528650,2025-09-03T12:00:00Z,2025-03-17T21:01:56.162265Z,8033.257576,0,,,,,other
528651,2025-09-03T12:00:00Z,2025-03-17T21:03:10.484667Z,8211.093,0,,,,,other
528652,2025-09-03T12:00:00Z,2025-03-17T21:03:25.659218Z,15635.748949,0,,,,,other
528653,2025-09-03T12:00:00Z,2025-03-17T21:04:06.969974Z,8242.545774,0,,,,,other
528654,2025-09-03T12:00:00Z,2025-03-17T21:04:31.172286Z,19818.628733,0,,,,,other
528655,2025-09-03T12:00:00Z,2025-03-17T21:05:06.348369Z,13745.509583,0,,,,,other
528657,2025-09-03T12:00:00Z,2025-03-17T21:06:00.634227Z,11379.564275,0,,,,,other
530738,2025-09-30T12:00:00Z,2025-03-25T21:45:25.354053Z,1468798.471713,1,0.986,0.9875,0.9775,0.915,politics
530739,2025-09-30T12:00:00Z,2025-03-25T21:46:15.513211Z,1100241.02426,0,0.004,0.0035,0.006,0.0495,politics
530740,2025-09-30T12:00:00Z,2025-03-25T21:46:58.996707Z,1555833.439573,0,0.0015,0.0025,0.0025,0.0065,politics
530741,2025-09-30T12:00:00Z,2025-03-25T21:47:24.405847Z,1869252.149607,0,0.0015,0.0025,0.0035,0.0115,politics
530742,2025-09-30T12:00:00Z,2025-03-25T21:47:55.283Z,2017184.847693,0,0.0015,0.0015,0.0025,0.0025,politics
530743,2025-09-30T12:00:00Z,2025-03-25T21:48:15.052892Z,2017422.828992,0,0.0015,0.0015,0.0015,0.0025,politics
530744,2025-09-30T12:00:00Z,2025-03-25T21:48:55.577712Z,2474830.765809,0,0.0015,0.0015,0.0015,0.003,politics
530745,2025-09-30T12:00:00Z,2025-03-25T21:49:25.569207Z,2348699.789748,0,0.0015,0.0015,0.0025,0.0045,politics
530746,2025-09-30T12:00:00Z,2025-03-25T21:49:55.061992Z,3052147.835279,0,0.0015,0.0015,0.0025,0.0025,politics
530747,2025-09-30T12:00:00Z,2025-03-25T21:50:15.602629Z,3062128.863263,0,0.0015,0.0015,0.0015,0.0025,politics
530877,2025-09-29T12:00:00Z,2025-03-26T15:22:18.276261Z,11941.896804,0,,,0.003,0.009,other
530878,2025-09-29T12:00:00Z,2025-03-26T15:23:03.90552Z,39536.534324,0,0.0895,0.0025,0.103,0.023,other
530879,2025-09-29T12:00:00Z,2025-03-26T15:23:24.300936Z,669619.019899,0,0.288,0.365,0.225,0.68,other
530880,2025-09-29T12:00:00Z,2025-03-26T15:23:53.832954Z,84919.197688,0,,,0.004,0.22,other
530881,2025-09-29T12:00:00Z,2025-03-26T15:24:43.394667Z,59103.514643,1,0.7835,0.5545,0.635,0.09,other
530883,2025-09-29T12:00:00Z,2025-03-25T23:21:15.872239Z,92801.055826,0,,,0.001,0.0035,other
530884,2025-09-29T12:00:00Z,2025-03-25T23:21:30.166499Z,25216.784142,1,0.8115,0.382,0.0035,0.0275,other
530885,2025-09-29T12:00:00Z,2025-03-25T23:22:35.203386Z,389695.097708,0,0.21,0.465,0.994,0.945,other
530886,2025-09-29T12:00:00Z,2025-03-25T23:23:44.719137Z,124586.394463,0,,0.0005,0.003,0.012,other
530887,2025-09-29T12:00:00Z,2025-03-25T23:25:01.357502Z,16849.798979,0,,,0.0015,0.0215,other
530890,2025-09-29T12:00:00Z,2025-03-25T23:21:09.906625Z,229740.931187,0,,0.055,0.565,0.775,other
530891,2025-09-29T12:00:00Z,2025-03-25T23:21:40.158491Z,22926.409223,0,,,0.0015,0.006,other
530892,2025-09-29T12:00:00Z,2025-03-25T23:22:30.269027Z,10220.665408,0,,,0.0005,0.0055,other
530893,2025-09-29T12:00:00Z,2025-03-25T23:23:55.19754Z,112355.393074,1,,0.745,0.42,0.15,other
530894,2025-09-29T12:00:00Z,2025-03-25T23:24:51.321377Z,500751.784597,0,,0.0005,0.0195,0.037,other
530910,2025-09-29T12:00:00Z,2025-03-25T23:20:55.898481Z,25104.293461,0,,,0.0035,0.03,other
530911,2025-09-29T12:00:00Z,2025-03-25T23:21:50.275763Z,31318.97306,0,,,0.0015,0.0025,other
530912,2025-09-29T12:00:00Z,2025-03-25T23:22:17.174131Z,123257.190856,0,,,0.151,0.42,other
530913,2025-09-29T12:00:00Z,2025-03-25T23:24:11.438022Z,469781.252755,1,,,0.83,0.52,other
530914,2025-09-29T12:00:00Z,2025-03-25T23:24:36.127943Z,29908.705702,0,,,0.002,0.003,other
530916,2025-09-29T12:00:00Z,2025-03-25T23:21:01.767763Z,442999.272348,0,,0.0005,0.104,0.62,other
530917,2025-09-29T12:00:00Z,2025-03-25T23:21:46.311336Z,61148.28486,0,,,0.0035,0.0385,other
530918,2025-09-29T12:00:00Z,2025-03-25T23:22:20.339134Z,41946.696654,1,,0.9995,0.885,0.16,other
530919,2025-09-29T12:00:00Z,2025-03-25T23:24:01.264134Z,7225.986498,0,,,0.0005,0.004,other
530920,2025-09-29T12:00:00Z,2025-03-25T23:24:41.245174Z,155350.295648,0,,,0.002,0.21,other
530922,2025-09-29T12:00:00Z,2025-03-25T23:21:05.896827Z,9492.010355,0,,0.001,0.0015,0.0165,other
530923,2025-09-29T12:00:00Z,2025-03-25T23:21:36.063735Z,9172.887382,0,,,,0.0085,other
530924,2025-09-29T12:00:00Z,2025-03-25T23:24:01.266242Z,24777.997654,0,0.001,0.0015,0.223,0.026,other
530925,2025-09-29T12:00:00Z,2025-03-25T23:24:45.399976Z,17300.018582,0,,,0.002,0.0355,other
530927,2025-09-29T12:00:00Z,2025-03-25T23:22:26.121041Z,16966.662083,1,0.9995,0.9765,0.755,0.915,other
531252,2025-09-29T12:00:00Z,2025-03-27T17:07:43.29485Z,229625.685935,0,0.001,0.0015,0.0045,0.405,sports
531253,2025-09-29T12:00:00Z,2025-03-27T17:08:23.128802Z,15216.757697,0,0.009,0.014,0.065,0.215,sports
531254,2025-09-29T12:00:00Z,2025-03-27T17:09:47.236757Z,17027.207149,0,0.0235,0.068,0.4275,0.032,sports
531264,2025-09-29T12:00:00Z,2025-03-27T17:16:37.86Z,11782.211357,1,0.975,0.921,0.5175,0.2615,sports
531265,2025-09-29T12:00:00Z,2025-03-27T17:16:52.136Z,9638.758863,0,0.002,0.0015,0.0055,,sports
531290,2025-09-29T12:00:00Z,2025-03-27T17:07:47.466556Z,64472.921129,0,0.0005,0.003,0.0465,0.13,sports
531310,2025-09-29T12:00:00Z,2025-03-27T17:07:36.427Z,65511.923879,0,0.0025,0.003,0.0035,0.265,sports
531316,2025-09-29T12:00:00Z,2025-03-27T17:12:31.738Z,5771.329904,0,0.001,0.0015,0.0015,0.2495,sports
537135,2025-09-08T12:00:00Z,2025-04-14T18:02:03.121Z,2259700.890987,1,0.9285,0.94,0.715,0.83,politics
537136,2025-09-08T12:00:00Z,2025-04-14T18:03:08.525Z,1432215.204041,0,0.004,0.0015,0.009,0.0335,politics
537137,2025-09-08T12:00:00Z,2025-04-14T18:03:38.563Z,480824.007052,0,0.0015,0.0005,0.0005,0.0025,politics
537138,2025-09-08T12:00:00Z,2025-04-14T18:04:14.787Z,1304420.257658,0,0.0695,0.05,0.27,0.12,politics
537139,2025-09-08T12:00:00Z,2025-04-14T18:04:28.546Z,259231.941954,0,0.0005,0.0005,0.0005,0.004,politics
537140,2025-09-08T12:00:00Z,2025-04-14T18:05:00.035Z,235032.895004,0,0.001,0.0005,0.0005,0.005,politics
537141,2025-09-08T12:00:00Z,2025-04-14T18:05:30.361Z,242240.127241,0,0.0005,0.0005,0.0005,0.0025,politics
537142,2025-09-08T12:00:00Z,2025-04-14T18:05:40.05Z,279172.403032,0,0.0005,0.0005,0.0005,0.0035,politics
537143,2025-09-08T12:00:00Z,2025-04-14T18:06:04.07Z,1056867.022798,0,0.0015,0.0005,0.0005,0.0025,politics
537144,2025-09-08T12:00:00Z,2025-04-14T18:06:39.618Z,392465.094229,0,0.0005,0.0005,0.0005,0.0025,politics
537194,2025-09-30T12:00:00Z,2025-04-14T19:43:35.184Z,8775890.64125,0,0.0015,0.0075,0.055,0.125,other
539967,2025-09-08T12:00:00Z,2025-04-28T19:35:19.02Z,9313.290273,0,0.0005,0.003,0.002,0.013,other
539968,2025-09-08T12:00:00Z,2025-04-28T19:35:33.308Z,471981.662224,1,0.99,0.979,0.735,0.57,other
539969,2025-09-08T12:00:00Z,2025-04-28T19:36:03.402Z,83804.939595,0,0.0025,0.0005,0.208,0.175,other
539970,2025-09-08T12:00:00Z,2025-04-28T19:36:23.961Z,34475.3815,0,0.011,0.0075,0.011,0.065,other
539971,2025-09-08T12:00:00Z,2025-04-28T19:37:04.369Z,37271.455471,0,0.003,0.011,0.065,0.08,other
539972,2025-09-08T12:00:00Z,2025-04-28T19:37:23.032Z,19366.574145,0,0.003,0.0045,0.006,0.0085,other
517593,2025-10-20T12:00:00Z,2025-01-06T18:00:59.315065Z,788649.943508,1,,,,,politics
517594,2025-10-20T12:00:00Z,2025-01-06T18:01:38.731004Z,534696.234624,0,,,,,politics
517595,2025-10-20T12:00:00Z,2025-01-06T18:09:19.757712Z,404733.633754,0,,,,,politics
517596,2025-10-20T12:00:00Z,2025-01-06T18:09:49.467616Z,559363.6501,0,,,,,politics
517597,2025-10-20T12:00:00Z,2025-01-06T18:10:38.691392Z,760887.649673,0,,,,,politics
517598,2025-10-20T12:00:00Z,2025-01-06T18:10:59.325749Z,232374.200098,0,,,,,politics
517599,2025-10-20T12:00:00Z,2025-01-06T18:11:30.175444Z,261791.422825,0,,,,,politics
521915,2025-10-26T12:00:00Z,2025-02-06T00:01:50.363Z,2510827.184352,1,0.0615,0.157,0.0335,0.24,politics
521916,2025-10-26T12:00:00Z,2025-02-06T00:02:01.072Z,2578327.823631,0,0.936,0.8555,0.895,0.715,politics
521917,2025-10-26T12:00:00Z,2025-02-06T00:02:40.955Z,2040643.861361,0,0.0005,0.0005,0.0035,0.0045,politics
521918,2025-10-26T12:00:00Z,2025-02-06T00:03:20.627Z,10876038.028228,0,0.0015,0.0005,0.0035,0.0035,politics
521919,2025-10-26T12:00:00Z,2025-02-06T00:03:45.628Z,1973822.083361,0,0.002,0.0005,0.0025,0.0035,politics
521920,2025-10-26T12:00:00Z,2025-02-06T00:04:05.411Z,2873318.476741,0,0.0005,0.0005,0.0025,0.0045,politics
521921,2025-10-26T12:00:00Z,2025-02-06T00:04:59.446Z,1307033.84348,0,0.001,0.0005,0.0035,0.004,politics
521932,2025-10-26T12:00:00Z,2025-02-06T00:01:40.161Z,1602204.389616,1,0.74,0.665,0.525,0.855,politics
521933,2025-10-26T12:00:00Z,2025-02-06T00:02:10.002Z,1257273.861156,0,0.225,0.31,0.435,0.115,politics
521934,2025-10-26T12:00:00Z,2025-02-06T00:02:34.808Z,1015196.099991,0,0.001,0.001,0.0025,0.006,politics
521935,2025-10-26T12:00:00Z,2025-02-06T00:03:14.439Z,859145.720806,0,0.0005,0.0005,0.0035,0.0055,politics
521936,2025-10-26T12:00:00Z,2025-02-06T00:03:39.634Z,2324363.060788,0,0.0005,0.0005,0.0035,0.0045,politics
521937,2025-10-26T12:00:00Z,2025-02-06T00:04:19.307Z,669390.545649,0,0.0005,0.0005,0.0035,0.008,politics
521938,2025-10-26T12:00:00Z,2025-02-06T00:04:35.851Z,3854866.286442,0,0.0005,0.0015,0.0035,0.006,politics
525385,2025-10-31T12:00:00Z,2025-02-26T20:01:24.972Z,733153.027215,0,,,0.12,0.085,other
525386,2025-10-31T12:00:00Z,2025-02-26T20:02:08.172Z,8901922.461705,0,0.3655,0.3025,0.0875,0.06,other
525387,2025-10-31T12:00:00Z,2025-02-26T20:02:48.84Z,1428723.282895,0,,,,0.0075,other
525388,2025-10-31T12:00:00Z,2025-02-26T20:03:07.676Z,3110878.547611,0,,,,0.0035,other
525389,2025-10-31T12:00:00Z,2025-02-26T20:03:28.203Z,950233.661924,0,,,0.0375,0.016,other
525390,2025-10-31T12:00:00Z,2025-02-26T20:03:54.465Z,1707093.185591,0,,,0.0175,0.0045,other
525391,2025-10-31T12:00:00Z,2025-02-26T20:04:08.167Z,3163132.89489,0,,,,0.0035,other
525392,2025-10-31T12:00:00Z,2025-02-26T20:04:25.178Z,1751342.835313,0,,,,0.0035,other
525393,2025-10-31T12:00:00Z,2025-02-26T20:04:52.845Z,1061720.900939,0,,,0.0555,0.0775,other
525394,2025-10-31T12:00:00Z,2025-02-26T20:05:13.562Z,1676524.84395,0,,,,0.005,other
525395,2025-10-31T12:00:00Z,2025-02-26T20:05:29.682Z,794957.404528,0,,,,0.055,other
525396,2025-10-31T12:00:00Z,2025-02-26T20:05:43.051Z,1890660.554161,0,,,0.1575,0.0495,other
525397,2025-10-31T12:00:00Z,2025-02-26T20:06:08.922Z,4145087.777801,0,,,,0.0045,other
525398,2025-10-31T12:00:00Z,2025-02-26T20:06:43.76Z,1032928.153668,0,,,,0.017,other
525399,2025-10-31T12:00:00Z,2025-02-26T20:07:03.673Z,3793468.472153,0,,,,0.0035,other
525400,2025-10-31T12:00:00Z,2025-02-26T20:07:22.894Z,1375048.084163,0,,,,0.0035,other
525401,2025-10-31T12:00:00Z,2025-02-26T20:07:42.71Z,794074.115613,0,,,0.0005,0.0725,other
525402,2025-10-31T12:00:00Z,2025-02-26T20:08:13.006Z,1446387.549481,0,,,0.16,0.0815,other
525403,2025-10-31T12:00:00Z,2025-02-26T20:08:25.223Z,4017254.432513,0,,,,0.0035,other
525404,2025-10-31T12:00:00Z,2025-02-26T20:08:44.417Z,4584536.116857,0,,,,0.0035,other
525405,2025-10-31T12:00:00Z,2025-02-26T20:09:03.103Z,3224580.344608,0,,,,0.0045,other
525406,2025-10-31T12:00:00Z,2025-02-26T20:09:25Z,1694751.606748,0,,,0.0985,0.059,other
525407,2025-10-31T12:00:00Z,2025-02-26T20:09:44.083Z,1152168.939508,0,,,0.0765,0.056,other
525408,2025-10-31T12:00:00Z,2025-02-26T20:10:03.559Z,2165194.126364,0,,,0.0195,0.0045,other
525409,2025-10-31T12:00:00Z,2025-02-26T20:10:23.677Z,5609643.929796,0,,,,0.0035,other
525410,2025-10-31T12:00:00Z,2025-02-26T20:10:37.66Z,10561644.990771,1,0.635,0.7,0.165,0.285,other
525411,2025-10-31T12:00:00Z,2025-02-26T20:11:05.213Z,912528.386662,0,,,0.022,0.0395,other
525412,2025-10-31T12:00:00Z,2025-02-26T20:11:19.333Z,1301367.447993,0,,,,0.0065,other
525413,2025-10-31T12:00:00Z,2025-02-26T20:11:38.49Z,2166160.240024,0,,,,0.0035,other
525414,2025-10-31T12:00:00Z,2025-02-26T20:11:58.423Z,5715142.223909,0,,,,0.0025,other
525416,2025-10-31T12:00:00Z,2025-02-26T20:01:29.15Z,105800.33641,0,,,0.275,0.19,other
525417,2025-10-31T12:00:00Z,2025-02-26T20:02:18.087Z,366985.971594,1,,,0.2205,0.1825,other
525418,2025-10-31T12:00:00Z,2025-02-26T20:02:54.649Z,29411.935107,0,,,,0.0125,other
525419,2025-10-31T12:00:00Z,2025-02-26T20:03:18.988Z,22144.413409,0,,,,0.003,other
525420,2025-10-31T12:00:00Z,2025-02-26T20:03:34.281Z,37528.308975,0,,,0.0715,0.0575,other
525421,2025-10-31T12:00:00Z,2025-02-26T20:03:58.361Z,22628.919512,0,,,0.03,0.0035,other
525422,2025-10-31T12:00:00Z,2025-02-26T20:04:18.036Z,200230.375674,0,,,,0.001,other
525423,2025-10-31T12:00:00Z,2025-02-26T20:04:33.382Z,23518.013706,0,,,,0.0075,other
525424,2025-10-31T12:00:00Z,2025-02-26T20:05:13.558Z,77851.648891,0,,,0.105,0.185,other
525425,2025-10-31T12:00:00Z,2025-02-26T20:05:19.72Z,12585.403448,0,,,,0.0105,other
525426,2025-10-31T12:00:00Z,2025-02-26T20:05:32.8Z,22851.968085,0,,,,0.185,other
525427,2025-10-31T12:00:00Z,2025-02-26T20:05:54.145Z,302901.378535,0,,,0.305,0.115,other
525428,2025-10-31T12:00:00Z,2025-02-26T20:06:29.059Z,20339.646641,0,,,,0.002,other
525429,2025-10-31T12:00:00Z,2025-02-26T20:06:47.689Z,26654.013636,0,,,,0.064,other
525430,2025-10-31T12:00:00Z,2025-02-26T20:07:14.039Z,6173.963046,0,,,,0.005,other
525452,2025-10-31T12:00:00Z,2025-02-26T20:01:35.168Z,179844.744668,0,,,,0.001,other
525453,2025-10-31T12:00:00Z,2025-02-26T20:02:24.085Z,129741.015724,0,,,0.0045,0.145,other
525454,2025-10-31T12:00:00Z,2025-02-26T20:03:03.689Z,143152.282695,0,,,0.286,0.136,other
525455,2025-10-31T12:00:00Z,2025-02-26T20:03:13.96Z,925947.171129,0,,,,0.0015,other
525456,2025-10-31T12:00:00Z,2025-02-26T20:03:44.194Z,141728.035001,0,,,,0.001,other
525457,2025-10-31T12:00:00Z,2025-02-26T20:04:04.307Z,229036.877564,0,,,,0.0075,other
525458,2025-10-31T12:00:00Z,2025-02-26T20:04:25.163Z,281617.431043,0,,,0.2125,0.0955,other
525459,2025-10-31T12:00:00Z,2025-02-26T20:04:33.378Z,101956.584615,0,,,0.151,0.12,other
525460,2025-10-31T12:00:00Z,2025-02-26T20:04:58.821Z,292145.244732,0,,,0.0375,0.007,other
525461,2025-10-31T12:00:00Z,2025-02-26T20:05:23.803Z,418473.15502,0,,,,0.0015,other
525462,2025-10-31T12:00:00Z,2025-02-26T20:05:38.995Z,731396.45735,1,,,0.26,0.385,other
525463,2025-10-31T12:00:00Z,2025-02-26T20:06:04.918Z,299803.25622,0,,,0.057,0.1105,other
525464,2025-10-31T12:00:00Z,2025-02-26T20:06:33.026Z,197434.131058,0,,,,0.005,other
525465,2025-10-31T12:00:00Z,2025-02-26T20:06:53.688Z,173739.601042,0,,,,0.002,other
525466,2025-10-31T12:00:00Z,2025-02-26T20:07:14.043Z,1113537.969308,0,,,,0.0015,other
527045,2025-10-26T12:00:00Z,2025-03-06T19:55:58.9647Z,2569445.080909,0,,,,0.0175,other
527046,2025-10-26T12:00:00Z,2025-03-06T19:56:19.184487Z,1944788.141547,0,,,,0.0045,other
527047,2025-10-26T12:00:00Z,2025-03-06T19:57:03.379338Z,2480812.962615,0,,,,0.0095,other
527048,2025-10-26T12:00:00Z,2025-03-06T19:57:25.354338Z,715542.341673,0,,,,0.0015,other
527049,2025-10-26T12:00:00Z,2025-03-06T19:57:55.033065Z,2636389.343297,0,,,,0.0745,other
527050,2025-10-26T12:00:00Z,2025-03-06T19:58:18.129236Z,579679.120933,0,,,,0.002,other
527051,2025-10-26T12:00:00Z,2025-03-06T19:59:08.968518Z,698680.987282,0,,,,0.001,other
527052,2025-10-26T12:00:00Z,2025-03-06T19:59:25.24012Z,1300749.240076,0,,,,0.002,other
527053,2025-10-26T12:00:00Z,2025-03-06T19:59:49.184099Z,496277.202977,0,,,,0.0015,other
527054,2025-10-26T12:00:00Z,2025-03-06T20:00:18.66984Z,492035.267912,0,,,,0.0005,other
527055,2025-10-26T12:00:00Z,2025-03-06T20:01:29.41363Z,464116.101072,0,,,,0.002,other
527056,2025-10-26T12:00:00Z,2025-03-06T20:01:39.832025Z,357811.869045,0,,,,0.0005,other
527057,2025-10-26T12:00:00Z,2025-03-06T20:02:08.936924Z,1064599.220082,0,,,,0.0065,other
527058,2025-10-26T12:00:00Z,2025-03-06T20:02:33.879827Z,1099369.776832,0,,,,0.0005,other
527059,2025-10-26T12:00:00Z,2025-03-06T20:03:03.916657Z,557710.789414,0,,,,0.0015,macro
527060,2025-10-26T12:00:00Z,2025-03-06T20:03:30.290673Z,3043257.223585,1,,,,0.822,other
527061,2025-10-26T12:00:00Z,2025-03-06T20:04:03.48095Z,941308.603854,0,,,,0.0025,other
527062,2025-10-26T12:00:00Z,2025-03-06T20:04:40.729Z,723579.715045,0,,,,0.0015,other
527063,2025-10-26T12:00:00Z,2025-03-06T20:05:04.705Z,863454.486302,0,,,,0.0045,other
527064,2025-10-26T12:00:00Z,2025-03-06T20:05:25.185Z,932646.846832,0,,,,0.0015,other
527065,2025-10-26T12:00:00Z,2025-03-06T20:05:39.122Z,1903604.438635,0,,,,0.042,other
527066,2025-10-26T12:00:00Z,2025-03-06T20:07:13.891Z,1874785.301559,0,,,,0.0125,other
527067,2025-10-26T12:00:00Z,2025-03-06T20:07:33.731Z,732102.570899,0,,,,0.0035,other
528702,2025-10-20T12:00:00Z,2025-03-17T21:49:31.169981Z,42934.403829,0,,,,,politics
528703,2025-10-20T12:00:00Z,2025-03-17T21:49:31.172653Z,41240.754897,0,,,,,politics
528704,2025-10-20T12:00:00Z,2025-03-17T21:50:26.015693Z,201360.404889,0,,,,,politics
528705,2025-10-20T12:00:00Z,2025-03-17T21:50:46.363479Z,71098.529479,1,,,,,politics
528706,2025-10-20T12:00:00Z,2025-03-17T21:51:16.060538Z,51431.382839,0,,,,,politics
528707,2025-10-20T12:00:00Z,2025-03-17T21:51:46.976467Z,42921.624764,0,,,,,politics
528708,2025-10-20T12:00:00Z,2025-03-17T21:52:10.098111Z,46171.193941,0,,,,,politics
528709,2025-10-20T12:00:00Z,2025-03-17T21:52:50.768267Z,54089.352361,0,,,,,politics
528710,2025-10-20T12:00:00Z,2025-03-17T21:53:11.141464Z,52650.755863,0,,,,,politics
528711,2025-10-20T12:00:00Z,2025-03-17T21:53:40.970956Z,77069.155503,0,,,,,politics
528808,2025-10-20T12:00:00Z,2025-03-18T20:03:02.485544Z,1002694.097934,0,,,,,politics
528809,2025-10-20T12:00:00Z,2025-03-18T20:03:16.663121Z,632661.314432,0,,,,,politics
528810,2025-10-20T12:00:00Z,2025-03-18T20:03:35.988636Z,799994.43106,0,,,,,politics
528811,2025-10-20T12:00:00Z,2025-03-18T20:04:35.842392Z,497004.051359,0,,,,,politics
528812,2025-10-20T12:00:00Z,2025-03-18T20:05:15.912847Z,414491.736056,0,,,,,politics
528813,2025-10-20T12:00:00Z,2025-03-18T20:05:52.216317Z,614689.992026,1,,,,,politics
529276,2025-11-11T12:00:00Z,2025-03-20T20:06:31.316Z,4311020.065433,0,,,0.002,0.0325,politics
529277,2025-11-11T12:00:00Z,2025-03-20T20:06:51.314181Z,9175537.640013,0,,,0.0005,0.0135,politics
529278,2025-11-11T12:00:00Z,2025-03-20T20:07:40.940858Z,115067178.333268,0,,,0.0005,0.004,politics
529279,2025-11-11T12:00:00Z,2025-03-20T20:08:56.385625Z,407295.643945,0,,,0.0005,0.0255,politics
529280,2025-11-11T12:00:00Z,2025-03-20T20:09:21.119945Z,529985.159773,0,,,0.0005,0.48,politics
529281,2025-11-11T12:00:00Z,2025-03-20T20:12:50.100264Z,422031.896963,0,,,0.0005,0.0525,politics
529282,2025-11-11T12:00:00Z,2025-03-20T20:13:20.471015Z,447291.317294,0,,,0.0005,0.023,politics
529283,2025-11-11T12:00:00Z,2025-03-20T20:13:40.515652Z,401650.980139,0,,,0.0005,0.0065,politics
529284,2025-11-11T12:00:00Z,2025-03-20T20:14:05.767695Z,214830.820725,0,,,0.0005,0.009,politics
529285,2025-11-11T12:00:00Z,2025-03-20T20:14:40.012Z,330414.777699,0,,,0.0005,0.0065,politics
529286,2025-11-11T12:00:00Z,2025-03-20T20:16:11.544Z,199793.25456,0,,,0.0005,0.023,politics
529287,2025-11-11T12:00:00Z,2025-03-20T20:17:15.01Z,1972880.305368,0,,,0.003,,politics
529288,2025-11-11T12:00:00Z,2025-03-20T20:17:55.625Z,198123.676505,0,,,0.0005,,politics
529289,2025-11-11T12:00:00Z,2025-03-20T20:18:15.598Z,239784.464171,0,,,0.0005,,politics
529290,2025-11-11T12:00:00Z,2025-03-20T20:18:45.778Z,339229.84306,0,,,0.0005,,politics
529291,2025-11-11T12:00:00Z,2025-03-20T20:19:30.098Z,268841.132583,0,,,0.0005,,politics
529292,2025-11-11T12:00:00Z,2025-03-20T20:19:56.303Z,239516.24825,0,,,0.0005,,politics
529293,2025-11-11T12:00:00Z,2025-03-20T20:20:19.717Z,347807.91383,0,,,0.0005,,politics
529299,2025-11-11T12:00:00Z,2025-03-20T20:10:14.943072Z,431228.170716,0,,,0.0005,0.0215,politics
529300,2025-11-11T12:00:00Z,2025-03-20T20:08:10.067728Z,2607712.470574,0,,,0.279,0.004,politics
529301,2025-11-11T12:00:00Z,2025-03-20T20:10:45.239148Z,4525705.742071,1,,,0.705,0.255,politics
529302,2025-11-11T12:00:00Z,2025-03-20T20:07:21.233828Z,308012.279449,0,,,0.0005,0.008,politics
529303,2025-11-11T12:00:00Z,2025-03-20T20:08:30.362045Z,8574343.518392,0,,,0.0005,0.0025,politics
529304,2025-11-11T12:00:00Z,2025-03-20T20:09:35.189713Z,466023.684262,0,,,0.0005,0.025,politics
530712,2025-11-17T12:00:00Z,2025-03-25T21:27:20.961Z,11119.754767,0,,,0.0005,0.004,other
530713,2025-11-17T12:00:00Z,2025-03-25T21:27:38.979Z,375304.633356,1,0.969,0.74,0.705,0.52,other
530714,2025-11-17T12:00:00Z,2025-03-25T21:28:30.484Z,13288.96428,0,,,0.0005,0.009,other
530715,2025-11-17T12:00:00Z,2025-03-25T21:28:44.603Z,15786.46213,0,,,0.001,0.002,other
530716,2025-11-17T12:00:00Z,2025-03-25T21:29:35.594Z,26890.070817,0,,,0.0015,0.001,other
530717,2025-11-17T12:00:00Z,2025-03-25T21:29:54.428Z,11099.989361,0,,,0.0005,0.001,other
530718,2025-11-17T12:00:00Z,2025-03-25T21:30:40.226Z,11837.797727,0,,,0.002,0.0005,other
530719,2025-11-17T12:00:00Z,2025-03-25T21:30:56.103Z,13617.400297,0,0.0025,0.003,0.0005,0.001,other
530720,2025-11-17T12:00:00Z,2025-03-25T21:31:40.279Z,18612.105808,0,,,0.0005,0.0065,other
530721,2025-11-17T12:00:00Z,2025-03-25T21:32:05.842Z,25768.499237,0,,,0.0005,0.0005,other
530723,2025-11-17T12:00:00Z,2025-03-25T21:33:05.008Z,148732.621664,0,0.0215,0.1995,0.2955,0.4745,other
530755,2025-11-17T12:00:00Z,2025-03-25T21:09:04.505Z,436228.816455,1,0.9995,0.998,0.9805,0.935,other
530756,2025-11-17T12:00:00Z,2025-03-25T21:09:44.685Z,10557.307175,0,0.0005,0.0005,0.0025,0.008,other
530757,2025-11-17T12:00:00Z,2025-03-25T21:09:54.788Z,9181.588462,0,,,0.0035,0.003,other
530758,2025-11-17T12:00:00Z,2025-03-25T21:10:29.085Z,6983.473748,0,,,0.0005,0.0025,other
530759,2025-11-17T12:00:00Z,2025-03-25T21:11:43.682Z,9142.00916,0,,,0.0015,0.004,other
530760,2025-11-17T12:00:00Z,2025-03-25T21:12:34.379Z,9044.103589,0,,,0.0015,0.0035,other
530761,2025-11-17T12:00:00Z,2025-03-25T21:13:04.931Z,8216.301416,0,,,0.0005,0.001,other
530762,2025-11-17T12:00:00Z,2025-03-25T21:14:14.533Z,13775.539372,0,,,0.0015,0.0005,other
530763,2025-11-17T12:00:00Z,2025-03-25T21:14:33.672Z,24223.85246,0,,,0.0025,0.004,other
530766,2025-11-17T12:00:00Z,2025-03-25T21:16:40.184Z,6956.557,0,,,0.0015,0.0025,other
530767,2025-11-17T12:00:00Z,2025-03-25T21:17:13.975Z,17957.433927,0,,,0.003,0.038,other
530780,2025-11-17T12:00:00Z,2025-03-25T21:09:14.674Z,140330.536617,1,,0.938,0.89,0.415,other
530781,2025-11-17T12:00:00Z,2025-03-25T21:09:34.755Z,18136.263329,0,,0.026,0.09,0.485,other
530784,2025-11-17T12:00:00Z,2025-03-25T21:11:53.762Z,8642.533029,0,,,0.0005,0.025,other
530786,2025-11-17T12:00:00Z,2025-03-25T21:13:24.68Z,8705.059307,0,,,0.002,0.0075,other
530788,2025-11-17T12:00:00Z,2025-03-25T21:14:44.505Z,15809.596351,0,,0.0025,0.0015,0.045,other
530789,2025-11-17T12:00:00Z,2025-03-25T21:15:15.224Z,11879.210574,0,,,0.0015,0.0085,other
530848,2025-11-17T12:00:00Z,2025-03-25T21:09:08.579Z,28006.724422,1,,0.99,0.9705,0.735,other
530849,2025-11-17T12:00:00Z,2025-03-25T21:09:34.757Z,12735.053482,0,,,0.003,0.041,other
530850,2025-11-17T12:00:00Z,2025-03-25T21:09:54.786Z,7251.922124,0,,,0.002,0.0025,other
530851,2025-11-17T12:00:00Z,2025-03-25T21:10:39.137Z,7478.534666,0,,,0.0025,0.0035,other
530852,2025-11-17T12:00:00Z,2025-03-25T21:11:53.759Z,8502.936331,0,,,0.0005,0.0015,other
530853,2025-11-17T12:00:00Z,2025-06-20T16:55:50.6Z,6618.945677,0,,,0.0005,0.0085,other
530854,2025-11-17T12:00:00Z,2025-03-25T21:13:15.06Z,12575.340666,0,,,0.0025,0.0015,other
530855,2025-11-17T12:00:00Z,2025-03-25T21:14:09.756Z,5030.278482,0,,,0.0045,0.0035,other
530856,2025-11-17T12:00:00Z,2025-03-25T21:14:33.676Z,5313.323915,0,,,0.0005,0.003,other
530857,2025-11-17T12:00:00Z,2025-03-25T21:15:15.222Z,8818.4625,0,,,0.038,0.002,other
530858,2025-11-17T12:00:00Z,2025-03-25T21:15:41.463Z,26806.478504,0,,0.0065,0.0015,0.002,other
530859,2025-11-17T12:00:00Z,2025-03-25T21:16:34.24Z,7126.914666,0,,,0.0025,0.003,other
530860,2025-11-17T12:00:00Z,2025-03-25T21:17:20.028Z,9857.725551,0,,,0.0025,0.0085,other
530861,2025-11-17T12:00:00Z,2025-03-25T21:18:34.334Z,5959.614666,0,,,0.003,0.003,other
530862,2025-11-17T12:00:00Z,2025-03-25T21:19:48.872Z,6509.993928,0,,0.0015,0.0035,0.1815,other
536497,2025-11-03T12:00:00Z,2025-04-11T18:07:28.082607Z,125797.385529,0,0.011,0.006,0.04,0.1015,other
536498,2025-11-03T12:00:00Z,2025-04-11T18:06:53.557692Z,113224.216645,0,,,,,other
536499,2025-11-03T12:00:00Z,2025-04-11T18:07:13.876629Z,10780.769585,0,,,,,other
536500,2025-11-03T12:00:00Z,2025-04-11T18:06:13.920747Z,19486.746079,0,,,,,other
538927,2025-11-04T12:00:00Z,2025-04-22T16:05:32.60268Z,282994.64533,1,0.944,0.9515,0.914,0.852,politics
538928,2025-11-04T12:00:00Z,2025-04-22T16:08:39.801Z,24498006.503446,0,0.0005,0.001,0.0015,0.071,politics
538929,2025-11-04T12:00:00Z,2025-04-22T16:08:59.912Z,48755937.180665,0,0.062,0.07,0.083,0.0785,politics
538930,2025-11-04T12:00:00Z,2025-04-22T16:09:30.103Z,60402049.764981,0,0.0015,0.003,0.0025,0.0205,politics
538931,2025-11-04T12:00:00Z,2025-04-22T16:09:49.101Z,49207581.601009,0,0.0005,0.0005,0.0005,0.006,politics
538932,2025-11-04T12:00:00Z,2025-04-22T16:10:05.987Z,143254859.334333,1,0.9375,0.9215,0.914,0.8175,politics
538933,2025-11-04T12:00:00Z,2025-04-22T16:10:30.187Z,19383661.523146,0,0.0005,0.0005,0.0005,0.0005,politics
538934,2025-11-04T12:00:00Z,2025-04-22T16:10:50.271Z,5719259.7549,0,0.0005,0.0005,0.0005,0.0005,politics
538935,2025-11-04T12:00:00Z,2025-04-22T16:11:19.586Z,29246888.170365,0,0.0005,0.0005,0.0015,0.0015,politics
538936,2025-11-04T12:00:00Z,2025-04-22T16:11:54.258Z,9355140.22698,0,0.0005,0.0005,0.0005,0.0005,politics
538937,2025-11-04T12:00:00Z,2025-04-22T16:12:26.715Z,17172736.263185,0,0.0005,0.0005,0.0005,0.0005,politics
538938,2025-11-04T12:00:00Z,2025-04-22T16:12:59.527Z,17399211.228589,0,0.0005,0.0005,0.0005,0.0005,politics
538939,2025-11-04T12:00:00Z,2025-04-22T16:13:19.566Z,5219083.471827,0,0.0005,0.0005,0.0005,0.0005,politics
541615,2025-11-16T12:00:00Z,2025-05-05T23:52:03.708376Z,8873168.0766,0,0.1475,0.1465,0.184,0.1935,politics
541616,2025-11-16T12:00:00Z,2025-05-05T23:52:03.96263Z,2989187.839967,0,0.0005,0.0005,0.0015,0.0005,politics
541617,2025-11-16T12:00:00Z,2025-05-05T23:52:09.96653Z,407672.633983,0,0.0005,0.0005,0.0005,0.0005,politics
541618,2025-11-16T12:00:00Z,2025-05-05T23:52:10.791793Z,405501.91294,0,0.0005,0.001,0.0005,0.0005,politics
541619,2025-11-16T12:00:00Z,2025-05-05T23:52:10.219996Z,3048375.585137,0,0.0005,0.001,0.0005,0.0015,politics
541620,2025-11-16T12:00:00Z,2025-05-05T23:52:09.711572Z,3700698.555633,0,0.0005,0.002,0.0005,0.0005,politics
541621,2025-11-16T12:00:00Z,2025-05-05T23:52:15.769356Z,3058238.391047,0,0.128,0.1245,0.0585,0.023,politics
541622,2025-11-16T12:00:00Z,2025-05-05T23:52:13.978619Z,6918328.14737,1,0.695,0.695,0.7,0.68,politics
541623,2025-11-16T12:00:00Z,2025-05-05T23:52:14.486297Z,4415717.573235,0,0.0215,0.026,0.054,0.0825,politics
541624,2025-11-16T12:00:00Z,2025-05-05T23:52:14.739877Z,5466768.418238,0,0.0005,0.0005,0.0005,0.0005,politics
541625,2025-11-16T12:00:00Z,2025-05-05T23:52:14.232494Z,13270465.032302,0,0.0005,0.0005,0.0005,0.0005,politics
541626,2025-11-16T12:00:00Z,2025-05-05T23:52:13.724916Z,6818524.005079,0,0.0005,0.0005,0.0005,0.0005,politics
541627,2025-11-16T12:00:00Z,2025-05-05T23:52:19.750397Z,11376039.492757,0,0.0005,0.0005,0.0005,0.0015,politics
541628,2025-11-16T12:00:00Z,2025-05-05T23:52:20.746321Z,3635525.308024,0,0.008,0.0125,0.018,0.026,politics
541629,2025-11-16T12:00:00Z,2025-05-05T23:52:20.004211Z,8076282.887557,0,0.0005,0.0005,0.0005,0.0005,politics
541630,2025-11-16T12:00:00Z,2025-05-05T23:52:21Z,3605321.528534,0,0.0005,0.0005,,,politics
542074,2025-11-21T12:00:00Z,2025-05-06T21:12:43.814Z,33138.535571,0,,,0.041,0.0355,other
542075,2025-11-21T12:00:00Z,2025-05-06T21:12:44.068Z,14193.172909,0,,,0.0025,0.0375,other
542076,2025-11-21T12:00:00Z,2025-05-06T21:12:43.559Z,13691.218909,0,,,0.005,0.0385,other
542077,2025-11-21T12:00:00Z,2025-05-06T21:12:43.306Z,10907.229012,1,,,0.9395,0.9295,other
542078,2025-11-21T12:00:00Z,2025-05-06T21:12:47.78Z,13823.827777,0,,,0.0225,0.0365,other
542079,2025-11-21T12:00:00Z,2025-05-06T21:12:48.034Z,13643.285001,0,,,0.003,0.0035,other
542080,2025-11-21T12:00:00Z,2025-05-06T21:12:47.272Z,15836.437296,0,,,0.0195,0.0385,other
542082,2025-11-21T12:00:00Z,2025-05-06T21:12:53.522Z,8326.214333,0,,,0.0175,0.038,other
542083,2025-11-21T12:00:00Z,2025-05-06T21:12:53.776Z,138311.152935,0,,,0.0175,0.0375,other
542084,2025-11-21T12:00:00Z,2025-05-06T21:12:54.03Z,13687.148277,0,,,0.003,0.0265,other
542085,2025-11-21T12:00:00Z,2025-05-06T21:12:54.285Z,13698.121777,0,,,0.003,0.0365,other
542112,2025-11-21T12:00:00Z,2025-05-06T21:12:13.588Z,116974.364721,0,,,0.016,0.04,other
542113,2025-11-21T12:00:00Z,2025-05-06T21:12:13.842Z,15197.227874,1,,,0.6,0.345,other
542118,2025-11-21T12:00:00Z,2025-05-06T21:12:17.756Z,11304.0369,0,,,0.0025,0.025,other
542120,2025-11-21T12:00:00Z,2025-05-06T21:12:23.506Z,14635.426348,0,,,0.0015,0.4805,other
542122,2025-11-21T12:00:00Z,2025-05-06T21:12:24.273Z,10420.107202,0,,,0.305,,other
546466,2025-11-30T12:00:00Z,2025-05-21T20:48:18.037672Z,32586.48647,0,0.024,0.016,0.002,0.13,politics
546467,2025-11-30T12:00:00Z,2025-05-21T20:48:17.533217Z,346583.332318,0,0.88,0.82,0.87,0.61,politics
546468,2025-11-30T12:00:00Z,2025-05-21T20:48:17.280834Z,29487.899294,0,0.026,0.0245,0.033,0.12,politics
546469,2025-11-30T12:00:00Z,2025-05-21T20:48:17.785296Z,35287.59598,0,0.0035,0.004,0.022,0.007,politics
515928,2025-12-31T12:00:00Z,2024-12-17T22:36:59.555Z,684352.481258,0,,,,,politics
516493,2025-12-31T12:00:00Z,2024-12-30T18:35:50.260352Z,118979.419838,1,,,,,politics
516706,2025-12-10T12:00:00Z,2024-12-29T22:50:33.584839Z,1181258.367286,0,0.0045,0.0055,0.012,0.035,macro
516707,2025-12-31T12:00:00Z,2024-12-29T22:43:32.373Z,1275920.614668,1,,,,,other
516711,2025-12-31T12:00:00Z,2024-12-29T22:41:48.24Z,1632096.395146,0,0.0015,0.0035,0.014,0.037,macro
516712,2025-12-31T12:00:00Z,2024-12-29T22:41:19.741Z,606790.963484,0,0.0025,0.0035,0.008,0.027,other
516713,2025-12-31T12:00:00Z,2024-12-29T22:40:52.581438Z,1814446.632743,0,0.0025,0.0025,0.011,0.0255,other
516714,2025-12-31T12:00:00Z,2024-12-29T22:52:12.219Z,4025193.659205,0,0.0025,0.0065,0.058,0.37,other
516715,2025-12-31T12:00:00Z,2024-12-29T22:40:28.804Z,245327.51675,0,0.0015,0.002,0.0135,0.016,other
516716,2025-12-31T12:00:00Z,2024-12-29T22:39:48.361Z,10993955.915443,0,0.0055,0.009,0.0335,0.14,other
516717,2025-12-31T12:00:00Z,2024-12-29T22:39:18.322Z,2903759.525579,0,0.0015,0.004,0.0265,0.055,other
516719,2025-12-31T12:00:00Z,2024-12-29T22:51:33.18Z,73752993.267722,0,0.0015,0.01,0.095,0.105,other
516720,2025-12-31T12:00:00Z,2024-12-29T22:51:19.104Z,2658917.538404,0,0.0015,0.004,0.0145,0.0385,politics
516721,2025-12-31T12:00:00Z,2024-12-29T22:51:03.038Z,977657.131873,0,0.002,0.0035,0.0215,0.065,other
516723,2025-12-10T12:00:00Z,2024-12-29T22:44:16.86863Z,3257922.893311,0,,,,0.0135,macro
516724,2025-12-10T12:00:00Z,2024-12-29T22:44:57.641884Z,2906248.945921,0,,,,0.065,macro
516725,2025-12-10T12:00:00Z,2024-12-29T22:45:22.634712Z,3706364.415322,0,0.055,0.075,0.25,0.365,macro
516726,2025-12-10T12:00:00Z,2024-12-29T22:45:47.064873Z,3568731.458998,1,0.935,0.915,0.72,0.405,macro
516727,2025-12-10T12:00:00Z,2024-12-29T22:46:07.293351Z,3089647.671223,0,0.0065,0.0065,0.019,0.106,macro
516728,2025-12-10T12:00:00Z,2024-12-29T22:47:57.16237Z,2273086.225375,0,0.0005,0.0015,0.005,0.033,macro
516729,2025-12-10T12:00:00Z,2024-12-29T22:49:51.6373Z,3970078.575117,0,0.0005,0.0005,0.0015,0.009,macro
516730,2025-12-10T12:00:00Z,2024-12-29T22:49:01.543705Z,6045992.73764,0,0.0005,0.0005,0.0005,0.0045,macro
516731,2025-12-10T12:00:00Z,2024-12-29T22:48:27.776106Z,2623047.127032,0,0.0005,0.0005,0.0015,0.013,macro
516732,2025-12-31T12:00:00Z,2024-12-30T15:42:54.919852Z,12837.334009,0,,,,,other
516733,2025-12-31T12:00:00Z,2024-12-30T15:43:19.013041Z,32896.610263,0,,,,,other
516734,2025-12-31T12:00:00Z,2024-12-30T15:43:50.177885Z,27240.462691,0,,,0.0125,0.002,other
516808,2025-12-31T12:00:00Z,2024-12-30T15:44:05.435389Z,61587.607554,0,,,0.005,0.05,other
516809,2025-12-31T12:00:00Z,2024-12-30T15:44:33.672365Z,88573.709305,1,0.9945,0.9925,0.949,0.89,other
516810,2025-12-31T12:00:00Z,2024-12-30T15:44:43.713085Z,103112.698731,0,0.002,0.0035,0.0285,0.0405,other
516811,2025-12-31T12:00:00Z,2024-12-30T15:45:04.881Z,180869.658604,0,0.0015,0.002,0.0105,0.033,other
516818,2025-12-31T12:00:00Z,2024-12-30T18:01:45.528784Z,9158406.645494,1,0.9965,0.989,0.61,0.805,other
516820,2025-12-31T12:00:00Z,2024-12-30T18:02:29.622046Z,3197278.328588,0,0.0005,0.0005,0.0045,0.085,other
516821,2025-12-31T12:00:00Z,2024-12-30T18:03:15.651603Z,3715854.050242,0,0.003,0.007,0.2255,0.056,other
516822,2025-12-31T12:00:00Z,2024-12-30T18:04:40.520652Z,3872294.510792,0,0.0005,0.0025,0.129,0.01,other
516824,2025-12-31T12:00:00Z,2024-12-30T18:07:06.352395Z,12050070.052878,0,0.0005,0.0005,0.0015,0.0055,other
516837,2025-12-31T12:00:00Z,2024-12-30T18:14:10.525Z,62630.836084,0,0.0015,0.005,0.013,0.055,other
516838,2025-12-31T12:00:00Z,2024-12-30T18:14:39.287483Z,190812.525412,0,0.0015,0.0105,0.034,0.04,other
516840,2025-12-31T12:00:00Z,2024-12-30T18:15:10.430773Z,210839.024181,0,0.0025,0.0165,0.043,0.125,other
516841,2025-12-31T12:00:00Z,2024-12-30T18:15:30.389254Z,21278.546845,0,0.0015,0.0035,0.021,0.035,other
516842,2025-12-31T12:00:00Z,2024-12-30T18:15:44.566Z,238857.984059,0,0.0015,0.0065,0.034,0.07,sports
516845,2025-12-31T12:00:00Z,2024-12-30T18:06:00.95815Z,5104724.292195,0,0.0005,0.0005,0.0015,0.0015,other
516846,2025-12-31T12:00:00Z,2024-12-30T18:06:41.169257Z,25240782.288934,0,0.0005,0.0005,0.0015,0.0025,other
516847,2025-12-31T12:00:00Z,2024-12-30T18:14:28.561Z,134134.265225,0,0.0015,0.0035,0.0155,0.018,other
516861,2025-12-31T12:00:00Z,2024-12-30T22:00:50.534Z,31394607.518008,0,0.0005,0.0015,0.0035,0.011,crypto/prices
516862,2025-12-31T12:00:00Z,2024-12-30T22:01:06.714Z,15857522.578687,0,0.0005,0.0015,0.0045,0.028,crypto/prices
516863,2025-12-31T12:00:00Z,2024-12-30T22:01:26.81Z,19275707.736605,0,0.0005,0.0015,0.0045,0.06,crypto/prices
516864,2025-12-31T12:00:00Z,2024-12-30T22:01:36.925Z,16414060.383217,0,0.0005,0.0015,0.0125,0.29,crypto/prices
516865,2025-12-31T12:00:00Z,2024-12-30T22:02:05.386Z,13211425.234841,0,0.0015,0.0015,0.034,0.63,crypto/prices
516867,2025-12-31T12:00:00Z,2024-12-30T22:03:16.829Z,1893687.489381,1,,,,,crypto/prices
516868,2025-12-31T12:00:00Z,2024-12-30T22:03:25.784Z,103063.899541,1,,,,,crypto/prices
516869,2025-12-31T12:00:00Z,2024-12-30T22:03:46.211Z,171499.230653,1,,,,,crypto/prices
516870,2025-12-31T12:00:00Z,2024-12-30T22:04:20.192Z,236627.701211,1,,,,,crypto/prices
516871,2025-12-31T12:00:00Z,2024-12-30T22:04:31.262Z,8605610.758506,0,0.003,0.0105,0.135,0.065,crypto/prices
516872,2025-12-31T12:00:00Z,2024-12-30T22:04:45.655Z,4969076.583099,0,0.0025,0.0035,0.0255,0.0265,crypto/prices
516873,2025-12-31T12:00:00Z,2024-12-30T22:05:11.705Z,4003570.185958,0,0.0015,0.0015,0.005,0.018,crypto/prices
516874,2025-12-31T12:00:00Z,2024-12-30T22:05:41.665Z,9488801.522718,0,0.0005,0.0015,0.0065,0.059,crypto/prices
516875,2025-12-31T12:00:00Z,2024-12-30T22:06:25.818Z,5745770.448967,0,0.0005,0.0015,0.0085,0.105,crypto/prices
516876,2025-12-31T12:00:00Z,2024-12-30T22:06:41.721Z,7570762.533718,0,0.0015,0.0015,0.0115,0.17,crypto/prices
516877,2025-12-31T12:00:00Z,2024-12-30T22:07:00.605Z,9995564.195892,0,0.0005,0.0025,0.0055,0.305,crypto/prices
516878,2025-12-31T12:00:00Z,2024-12-30T22:07:47.006Z,18467737.400303,0,0.0015,0.0035,0.037,0.651,crypto/prices
516879,2025-12-31T12:00:00Z,2024-12-30T22:08:17.112Z,3572826.574547,1,,,,,crypto/prices
516880,2025-12-31T12:00:00Z,2024-12-30T22:09:05.775Z,170966.406011,1,,,,,crypto/prices
516881,2025-12-31T12:00:00Z,2024-12-30T22:09:22.017Z,175483.375139,1,,,,,crypto/prices
516882,2025-12-31T12:00:00Z,2024-12-30T22:10:26.631Z,323442.766711,1,,,,,crypto/prices
516883,2025-12-31T12:00:00Z,2024-12-30T22:10:36.451Z,500584.609489,1,,,,,crypto/prices
516884,2025-12-31T12:00:00Z,2024-12-30T22:10:56.754Z,3105396.354215,0,0.0015,0.0015,0.011,0.0235,crypto/prices
516885,2025-12-31T12:00:00Z,2024-12-30T22:13:15.569792Z,241309.751218,1,,,,,other
516886,2025-12-31T12:00:00Z,2024-12-30T22:13:25.525228Z,22289.130481,0,0.0015,0.0025,0.008,0.0655,other
516887,2025-12-31T12:00:00Z,2024-12-30T22:13:46.594094Z,8648.197856,0,0.0065,0.0355,0.05,0.07,other
516888,2025-12-31T12:00:00Z,2024-12-30T22:14:00.37389Z,6004.462672,0,0.0035,0.032,0.0395,0.055,other
516904,2025-12-31T12:00:00Z,2024-12-31T16:25:42.417081Z,51238.87982,1,,,,,other
516905,2025-12-31T12:00:00Z,2024-12-31T16:26:02.316019Z,22499.427519,0,0.0025,0.0065,0.0345,0.045,other
516906,2025-12-31T12:00:00Z,2024-12-31T16:26:19.25584Z,385147.398348,1,,,,,other
516907,2025-12-31T12:00:00Z,2024-12-31T16:26:59.619Z,6884.475724,0,0.011,0.0115,0.16,0.53,other
516908,2025-12-31T12:00:00Z,2024-12-31T16:27:03.661Z,307015.885598,1,,,,,crypto/prices
516909,2025-12-31T12:00:00Z,2024-12-31T16:27:08.643Z,233210.26022,1,,,,,other
516910,2025-12-31T12:00:00Z,2024-12-31T16:27:53.951Z,294742.161191,0,0.002,0.0035,0.0135,0.0495,other
516924,2025-12-31T12:00:00Z,2024-12-31T18:50:59.285Z,213033.648156,1,,,,,other
516925,2025-12-31T12:00:00Z,2024-12-31T18:51:24.874Z,8394057.087119,0,0.0025,0.0075,0.0095,0.0375,other
516926,2025-12-31T12:00:00Z,2024-12-31T18:51:34.648Z,17976157.529867,0,0.003,0.0095,0.073,0.05,crypto/prices
516927,2025-12-31T12:00:00Z,2024-12-31T19:37:26.772678Z,915143.256798,0,0.0015,0.0005,0.002,0.005,crypto/prices
516928,2025-12-31T12:00:00Z,2024-12-31T19:37:50.39519Z,960140.584896,0,0.0005,0.0005,0.0015,0.003,crypto/prices
516929,2025-12-31T12:00:00Z,2024-12-31T19:38:50.690393Z,624126.270691,0,0.0005,0.0005,0.0015,0.004,crypto/prices
516930,2025-12-31T12:00:00Z,2024-12-31T19:39:51.701266Z,1651648.539379,0,0.0005,0.0005,0.0015,0.005,crypto/prices
516931,2025-12-31T12:00:00Z,2024-12-31T19:40:35.462189Z,697011.811217,0,0.0005,0.0005,0.0015,0.0075,crypto/prices
516932,2025-12-31T12:00:00Z,2024-12-31T19:41:01.867375Z,1079643.14037,0,0.0005,0.0005,0.0025,0.0055,crypto/prices
516933,2025-12-31T12:00:00Z,2024-12-31T19:41:21.645599Z,1308153.142525,0,0.0005,0.0005,0.0045,0.009,crypto/prices
516934,2025-12-31T12:00:00Z,2024-12-31T19:41:51.485847Z,1451475.031623,0,0.0005,0.0015,0.0045,0.0225,crypto/prices
516935,2025-12-31T12:00:00Z,2024-12-31T19:42:15.642814Z,1750289.741183,1,0.9985,0.9995,0.985,0.955,crypto/prices
516937,2025-12-31T12:00:00Z,2024-12-31T16:55:58.855Z,5526758.797978,0,0.003,0.0055,0.03,0.135,crypto/prices
516938,2025-12-31T12:00:00Z,2024-12-31T18:52:33.716Z,4200250.672133,0,0.0065,0.007,0.0115,0.021,other
516939,2025-12-31T12:00:00Z,2024-12-31T18:53:03.852625Z,820801.99837,0,0.0015,0.0035,0.0165,0.0255,other
516940,2025-12-31T12:00:00Z,2024-12-31T18:53:49.907603Z,164773.074497,0,0.003,0.0055,0.04,0.065,other
516941,2025-12-31T12:00:00Z,2024-12-31T18:54:05.082Z,124296.733639,0,0.002,0.0025,0.0115,0.022,politics
516942,2025-12-31T12:00:00Z,2024-12-31T17:55:49.765275Z,262155.057911,0,0.002,0.006,0.015,0.09,other
516943,2025-12-31T12:00:00Z,2024-12-31T18:54:19.161824Z,63394.592113,0,0.0035,0.0065,0.023,0.07,other
516944,2025-12-31T12:00:00Z,2024-12-31T18:55:55.848Z,29847196.049885,0,,,,0.023,politics
516945,2025-12-31T12:00:00Z,2024-12-31T18:56:24.373Z,400791.14556,1,,,,,other
516947,2025-12-31T12:00:00Z,2024-12-31T18:56:24.381Z,34641400.627049,0,0.0055,0.034,0.175,0.155,other
516948,2025-12-31T12:00:00Z,2024-12-31T18:56:39.466Z,2275989.391844,0,0.0055,0.0065,0.0235,0.12,other
516949,2025-12-31T12:00:00Z,2024-12-31T18:57:04.975Z,980853.02188,1,,,,0.195,crypto/prices
516950,2025-12-31T12:00:00Z,2024-12-31T19:05:03.54Z,494516.53254,0,0.0015,0.004,0.0265,0.07,other
516958,2025-12-31T12:00:00Z,2024-12-31T19:45:19.563Z,79349.228976,0,0.0055,0.0065,0.0355,0.075,other
516960,2025-12-31T12:00:00Z,2024-12-31T20:17:31.209Z,4201493.278586,1,0.9895,0.9735,0.915,0.735,other
516961,2025-12-31T12:00:00Z,2024-12-31T20:18:17.148Z,2799959.715221,0,0.003,0.0035,0.017,0.095,other
516962,2025-12-31T12:00:00Z,2024-12-31T20:18:51.41Z,2476742.768336,0,0.008,0.0195,0.047,0.085,other
516963,2025-12-31T12:00:00Z,2024-12-31T20:19:31.627Z,2632066.756314,0,0.0005,0.0025,0.019,0.043,other
516964,2025-12-31T12:00:00Z,2024-12-31T20:19:52.526Z,1794862.551352,0,0.0005,0.0005,0.0015,0.0115,other
516965,2025-12-31T12:00:00Z,2024-12-31T20:21:07.08Z,2069280.131487,0,0.0005,0.0015,0.0025,0.0075,other
516967,2025-12-31T12:00:00Z,2024-12-31T20:22:02.18Z,2355570.82296,0,0.0005,0.0005,0.0025,0.019,other
516968,2025-12-31T12:00:00Z,2024-12-31T20:22:12.346Z,1640869.737015,0,0.0005,0.0005,0.0005,0.0035,other
516969,2025-12-31T12:00:00Z,2024-12-31T20:22:51.882Z,8697440.388086,0,0.0005,0.0005,0.0005,0.003,other
516970,2025-12-31T12:00:00Z,2024-12-31T20:23:22.386Z,1870945.313908,0,0.002,0.0025,0.0015,0.0025,other
516971,2025-12-31T12:00:00Z,2024-12-31T20:23:42.461Z,4063680.416638,0,0.0005,0.0005,0.0005,0.0015,other
516972,2025-12-31T12:00:00Z,2024-12-31T20:23:56.635Z,1728389.36616,0,0.0005,0.0005,0.0015,0.0015,other
516998,2025-12-31T12:00:00Z,2025-01-01T16:32:59.210643Z,16783.613131,1,,,,,other
516999,2025-12-31T12:00:00Z,2025-01-01T16:33:33.277378Z,39573.208986,1,,,,,other
517000,2025-12-31T12:00:00Z,2025-01-01T16:34:03.750889Z,979746.299375,0,0.0035,0.007,0.025,0.07,other
517003,2025-12-31T12:00:00Z,2025-01-01T16:35:07.225261Z,20384.911736,0,,,,,other
517011,2025-12-31T12:00:00Z,2025-01-02T18:44:23.535539Z,11060840.318713,0,0.0005,0.0025,0.035,0.074,other
517231,2026-01-01T04:59:00Z,2025-01-03T19:33:19.059Z,1386219.767204,0,0.002,0.0025,0.019,0.045,other
517550,2026-01-01T04:59:00Z,2025-01-06T13:23:28.273Z,91962.29858,0,0.0015,0.0045,0.013,0.042,politics
521029,2026-01-01T04:59:00Z,2025-01-30T21:29:11.808Z,73185.754279,0,0.003,0.0085,0.0235,0.043,other
521103,2026-01-01T04:59:00Z,2025-01-31T23:40:06.781Z,170793.703881,0,0.0035,0.0035,0.0185,0.0595,other
521993,2026-01-06T12:00:00Z,2025-02-05T23:43:35.655369Z,314812.224438,0,0.0055,0.002,0.0025,0.004,other
521994,2026-01-06T12:00:00Z,2025-02-05T23:43:35.660533Z,49162.076557,0,0.002,0.0015,0.1035,0.115,other
521995,2026-01-06T12:00:00Z,2025-02-05T23:44:15.473787Z,50231.559048,0,0.0005,0.002,0.345,0.095,other
521996,2026-01-06T12:00:00Z,2025-02-05T23:45:24.559772Z,162417.25964,0,0.0005,0.003,0.24,0.19,other
521997,2026-01-06T12:00:00Z,2025-02-05T23:45:34.700867Z,180579.147959,1,0.9845,0.9935,0.27,0.59,other
522057,2026-01-01T04:59:00Z,2025-02-06T23:17:40.989Z,2130098.430134,0,0.0015,0.0035,0.0135,0.034,other
522164,2026-01-31T12:00:00Z,2025-02-07T20:38:25.777745Z,78998.659359,0,,,,,politics
522523,2026-01-31T12:00:00Z,2025-02-09T20:02:19.298407Z,69874.57023,0,,,,0.023,other
523343,2026-01-01T04:59:00Z,2025-02-14T19:28:26.116Z,982716.694339,0,0.003,0.0105,0.0325,0.085,politics
523413,2026-01-01T04:59:00Z,2025-02-13T23:07:31.891Z,277041.272422,0,0.002,0.003,0.0115,0.0275,other
523420,2026-01-01T04:59:00Z,2025-02-14T00:01:51.761Z,1589428.067032,0,0.002,0.003,0.012,0.0285,politics
526936,2026-01-31T12:00:00Z,2025-03-18T17:12:16.210792Z,215286.416483,1,,,0.993,0.95,sports
533851,2026-01-30T12:00:00Z,2025-04-03T20:55:39.279Z,203221.760847,0,0.0115,0.013,0.009,0.04,macro
535013,2026-01-01T04:59:00Z,2025-07-30T15:47:25.533Z,1949547.316063,0,0.002,0.0045,0.0265,0.155,other
535741,2026-01-01T04:59:00Z,2025-04-09T18:56:42.817Z,58738.705808,0,0.0005,0.0035,0.032,0.042,other
540184,2026-01-02T12:00:00Z,2025-04-29T22:18:13.726Z,222995.176078,0,0.02,0.08,0.15,0.17,politics
540238,2026-01-26T12:00:00Z,2025-05-01T17:25:58.555Z,133468.297198,0,,,,0.0055,other
540239,2026-01-26T12:00:00Z,2025-05-01T17:25:58.548Z,94358.633436,0,,,,0.019,other
540240,2026-01-26T12:00:00Z,2025-05-01T17:25:58.552Z,489998.760738,0,,,0.011,0.0045,other
540241,2026-01-26T12:00:00Z,2025-05-01T17:26:02.642Z,191849.15959,0,,0.086,0.0885,0.019,other
540242,2026-01-26T12:00:00Z,2025-05-01T17:26:02.645Z,110208.036897,0,,,,0.024,other
540243,2026-01-26T12:00:00Z,2025-05-01T17:26:02.648Z,130113.642499,0,,,0.0195,0.235,other
540244,2026-01-26T12:00:00Z,2025-05-01T17:26:08.907Z,139539.345036,0,,,0.09,0.205,other
540245,2026-01-26T12:00:00Z,2025-05-01T17:26:08.913Z,934765.862157,0,0.44,0.32,0.28,0.135,other
540246,2026-01-26T12:00:00Z,2025-05-01T17:26:08.91Z,69069.689203,0,,,,0.005,other
540247,2026-01-26T12:00:00Z,2025-05-01T17:26:12.896Z,498635.28758,0,,,,0.0055,other
540248,2026-01-26T12:00:00Z,2025-05-01T17:26:12.899Z,325773.947741,0,,,,0.0095,other
540249,2026-01-26T12:00:00Z,2025-05-01T17:26:12.902Z,240105.207466,0,,,0.15,0.16,other
540250,2026-01-26T12:00:00Z,2025-05-01T17:26:12.893Z,737005.618049,0,,0.1135,0.145,0.0405,other
540251,2026-01-26T12:00:00Z,2025-05-01T17:26:16.864Z,562041.618371,1,0.559,0.5985,0.242,0.0855,other
540252,2026-01-26T12:00:00Z,2025-05-01T17:26:16.868Z,68170.77965,0,,,0.02,0.085,other
540253,2026-01-26T12:00:00Z,2025-05-01T17:26:17.943Z,59189.720523,0,,,,0.0185,other
540254,2026-01-26T12:00:00Z,2025-05-01T17:14:12.392Z,594584.258582,0,,0.265,0.195,0.205,other
540255,2026-01-26T12:00:00Z,2025-05-01T17:14:18.497Z,114827.089693,0,,,,0.004,other
540256,2026-01-26T12:00:00Z,2025-05-01T17:14:18.488Z,482981.827842,1,0.666,0.6925,0.2015,0.088,other
540257,2026-01-26T12:00:00Z,2025-05-01T17:14:18.494Z,153617.718025,0,,,,0.004,other
540258,2026-01-26T12:00:00Z,2025-05-01T17:14:18.485Z,110015.059335,0,,,0.009,0.0745,other
540259,2026-01-26T12:00:00Z,2025-05-01T17:14:19.524Z,127162.813602,0,,,,0.01,other
540260,2026-01-26T12:00:00Z,2025-05-01T17:14:18.491Z,408904.981945,0,,,,0.004,other
540261,2026-01-26T12:00:00Z,2025-05-01T17:14:22.598Z,151044.888426,0,,,0.0575,0.05,other
540262,2026-01-26T12:00:00Z,2025-05-01T17:14:22.601Z,231145.869676,0,,0.0015,0.1135,0.018,other
540263,2026-01-26T12:00:00Z,2025-05-01T17:14:23.605Z,34793.079386,0,,,0.0015,0.178,other
540264,2026-01-26T12:00:00Z,2025-05-01T17:14:22.594Z,301047.39795,0,,,0.164,0.028,other
540265,2026-01-26T12:00:00Z,2025-05-01T17:14:28.728Z,192352.33316,0,,,,0.004,other
540266,2026-01-26T12:00:00Z,2025-05-01T17:14:28.731Z,543650.663182,0,0.335,0.3,0.185,0.08,other
540267,2026-01-26T12:00:00Z,2025-05-01T17:14:28.734Z,92484.649476,0,,,,0.26,other
540268,2026-01-26T12:00:00Z,2025-05-01T17:14:29.794Z,56214.995165,0,,,,0.0035,other
540269,2026-01-26T12:00:00Z,2025-05-01T17:14:28.737Z,66135.079312,0,,,0.0955,0.07,other
540270,2026-01-06T12:00:00Z,2025-05-01T17:01:33.195Z,105867.659524,1,0.345,0.375,0.245,0.5,other
540271,2026-01-06T12:00:00Z,2025-05-01T17:01:34.135Z,39767.617211,0,,,0.106,0.0355,other
540272,2026-01-06T12:00:00Z,2025-05-01T17:01:37.113Z,70327.17603,0,0.625,0.625,0.63,0.43,other
540273,2026-01-06T12:00:00Z,2025-05-01T17:01:52.882Z,34267.671395,0,,,0.0005,0.039,other
540274,2026-01-06T12:00:00Z,2025-05-01T16:49:49.591Z,198362.95988,0,0.0005,0.119,0.2455,0.115,other
540275,2026-01-06T12:00:00Z,2025-05-01T16:49:53.475Z,101800.397664,0,,,0.37,0.45,other
540276,2026-01-06T12:00:00Z,2025-05-01T16:49:53.472Z,84000.786054,1,0.9995,0.875,0.395,0.385,other
540277,2026-01-06T12:00:00Z,2025-05-01T16:50:02.592Z,16065.672018,0,,,,0.0055,other
540278,2026-01-06T12:00:00Z,2025-05-01T16:46:52.047Z,451782.005212,0,,,0.033,0.31,other
540279,2026-01-06T12:00:00Z,2025-05-01T16:46:52.04Z,78350.571499,0,,0.105,0.125,0.325,other
540280,2026-01-06T12:00:00Z,2025-05-01T16:46:52.044Z,45652.754002,0,,,,0.0075,other
540281,2026-01-06T12:00:00Z,2025-05-01T16:47:08.463Z,62364.10107,1,,0.88,0.855,0.27,other
540282,2026-01-06T12:00:00Z,2025-05-01T16:42:58.444Z,51838.362034,0,,0.0355,0.148,0.788,other
540283,2026-01-06T12:00:00Z,2025-05-01T16:42:58.447Z,15181.935045,0,,,,0.0065,other
540284,2026-01-06T12:00:00Z,2025-05-01T16:42:58.44Z,22660.922682,0,,,,0.009,other
540285,2026-01-06T12:00:00Z,2025-05-01T16:43:12.172Z,49370.268185,1,,0.9635,0.852,0.1835,other
540286,2026-01-06T12:00:00Z,2025-05-01T16:36:52.329Z,414805.534647,1,,,0.904,0.655,other
540287,2026-01-06T12:00:00Z,2025-05-01T16:36:52.333Z,45241.047992,0,,,0.0765,0.0495,other
540288,2026-01-06T12:00:00Z,2025-05-01T16:36:59.08Z,82627.77607,0,,,,0.0055,other
540289,2026-01-06T12:00:00Z,2025-05-01T16:37:14.359Z,260553.691499,0,,,0.003,0.27,other
540290,2026-01-06T12:00:00Z,2025-05-01T16:33:31.451Z,1110122.616787,0,0.432,0.4705,0.155,0.47,other
540291,2026-01-06T12:00:00Z,2025-05-01T16:33:38.421Z,792410.174695,0,,0.13,0.535,0.345,other
540292,2026-01-06T12:00:00Z,2025-05-01T16:33:38.424Z,269973.028957,1,0.57,0.525,0.295,0.2,other
540293,2026-01-06T12:00:00Z,2025-05-01T16:33:48.538Z,49847.815238,0,,,,0.018,other
540294,2026-01-06T12:00:00Z,2025-05-01T16:29:37.441Z,180938.587578,0,,,0.095,0.51,other
540295,2026-01-06T12:00:00Z,2025-05-01T16:29:38.478Z,90634.591424,0,,0.16,0.57,0.435,other
540296,2026-01-06T12:00:00Z,2025-05-01T16:29:37.444Z,44033.684678,0,,,,0.065,other
540297,2026-01-06T12:00:00Z,2025-05-01T16:29:47.654Z,97803.249015,1,,0.8305,0.3445,0.032,other
540298,2026-01-06T12:00:00Z,2025-05-01T00:20:58.274Z,610245.140149,0,0.0005,0.53,0.795,0.75,other
540299,2026-01-06T12:00:00Z,2025-05-01T00:20:58.27Z,52374.786645,0,,,,0.0265,other
540300,2026-01-06T12:00:00Z,2025-05-01T00:21:17.721Z,161374.543739,0,,,0.0005,0.215,other
540301,2026-01-06T12:00:00Z,2025-05-01T00:21:48.699Z,130291.600456,1,0.9995,0.4555,0.2005,0.04,other
542295,2026-01-13T12:00:00Z,2025-05-09T16:57:27.700318Z,26202.152437,0,,0.645,0.36,0.28,other
542296,2026-01-13T12:00:00Z,2025-05-09T16:57:31.166994Z,5944.002407,1,,,0.9645,0.7945,other
542297,2026-01-13T12:00:00Z,2025-05-09T16:57:34.026775Z,125129.595759,1,,0.9995,0.485,0.195,other
542298,2026-01-13T12:00:00Z,2025-05-09T16:57:42.367842Z,14279.747573,1,,,0.625,0.295,other
542299,2026-01-13T12:00:00Z,2025-05-09T16:57:34.281Z,12669.850557,0,,,0.044,0.105,other
542301,2026-01-13T12:00:00Z,2025-05-09T16:57:30.403728Z,53873.43303,0,,,0.145,0.455,other
542302,2026-01-13T12:00:00Z,2025-05-09T16:57:20.861942Z,124335.043015,1,,,0.9975,0.55,other
542303,2026-01-13T12:00:00Z,2025-05-09T16:57:42.621421Z,36719.069739,0,,,0.48,0.665,other
542304,2026-01-13T12:00:00Z,2025-05-09T16:57:20.607446Z,37758.204549,1,,,0.9535,0.76,other
542305,2026-01-13T12:00:00Z,2025-05-09T16:57:42.875Z,30035.117669,1,,,0.895,0.515,other
542306,2026-01-13T12:00:00Z,2025-05-09T16:57:14.363375Z,22815.70208,0,,,0.1945,0.785,other
542307,2026-01-13T12:00:00Z,2025-05-09T16:57:42.113578Z,20633.054751,1,,,0.97,0.75,other
542308,2026-01-13T12:00:00Z,2025-05-09T16:57:27.446299Z,38948.623497,0,,,0.185,0.8,other
542310,2026-01-13T12:00:00Z,2025-05-09T16:57:21.370642Z,26653.082627,1,,,0.715,0.75,other
542311,2026-01-13T12:00:00Z,2025-05-09T16:57:40.107254Z,19674.320315,1,,,0.979,0.735,other
542312,2026-01-13T12:00:00Z,2025-05-09T16:57:20.352714Z,16691.830019,0,,,0.03,0.08,other
542313,2026-01-13T12:00:00Z,2025-05-09T16:57:14.108162Z,7015.980292,0,,,0.003,0.415,other
542314,2026-01-13T12:00:00Z,2025-05-09T16:57:30.149598Z,13810.138644,1,,,0.9905,0.82,other
542316,2026-01-13T12:00:00Z,2025-05-09T16:57:26.62Z,13339.062678,0,,,,0.09,other
542318,2026-01-13T12:00:00Z,2025-05-09T16:57:30.658Z,8453.449351,1,,,0.8995,0.805,other
542319,2026-01-13T12:00:00Z,2025-05-09T16:57:44.016084Z,38264.473057,1,,0.355,0.63,0.77,other
542320,2026-01-13T12:00:00Z,2025-05-09T16:57:14.617376Z,28884.383199,1,,,0.91,0.705,other
542321,2026-01-13T12:00:00Z,2025-05-09T16:57:40.361041Z,13811.27009,1,,,0.973,0.58,other
542322,2026-01-13T12:00:00Z,2025-05-09T16:57:26.111217Z,118149.586293,0,,0.0005,0.535,0.855,other
542324,2026-01-13T12:00:00Z,2025-05-09T16:57:44.270216Z,27690.300745,0,,,,0.43,other
542409,2026-01-18T12:00:00Z,2025-05-08T00:37:40.698741Z,11684.333811,0,,,0.4045,0.09,sports
542410,2026-01-18T12:00:00Z,2025-05-08T00:37:40.190149Z,9324.472015,0,,,0.003,0.0035,sports
542411,2026-01-18T12:00:00Z,2025-05-08T00:37:40.444883Z,12260.367,0,,,0.095,0.175,sports
542412,2026-01-18T12:00:00Z,2025-05-08T00:37:40.952582Z,19686.1044,0,,,0.4435,0.052,sports
542413,2026-01-18T12:00:00Z,2025-05-08T00:37:44.379406Z,13487.544599,0,,,0.0105,0.0315,sports
542414,2026-01-18T12:00:00Z,2025-05-08T00:37:44.886596Z,30047.5772,0,,0.0005,0.4435,0.0525,sports
542415,2026-01-18T12:00:00Z,2025-05-08T00:37:46.0808Z,11897.9604,0,,,0.465,0.425,sports
542416,2026-01-18T12:00:00Z,2025-05-08T00:37:44.125365Z,23935.705424,0,0.0005,0.0005,0.345,0.41,sports
542417,2026-01-18T12:00:00Z,2025-05-08T00:37:43.218574Z,11483.570051,1,,,0.455,0.255,sports
542418,2026-01-18T12:00:00Z,2025-05-08T00:37:44.632716Z,8838.32906,0,,,0.0035,0.4,sports
542420,2026-01-18T12:00:00Z,2025-05-08T00:37:50.664Z,13534.916,0,,,0.445,,sports
516710,2026-02-28T12:00:00Z,2025-01-08T01:33:54.924Z,11734512.428529,0,,,,0.0205,macro
521255,2026-02-28T12:00:00Z,2025-01-31T22:05:00.243Z,238998.788494,0,,,,0.137,politics
521963,2026-02-28T12:00:00Z,2025-02-05T23:04:53.919Z,205099.809218,0,,0.005,0.0105,0.016,other
521964,2026-02-28T12:00:00Z,2025-02-05T23:15:54.926Z,202621.311693,0,,0.014,0.046,0.0205,other
525880,2026-02-28T12:00:00Z,2025-02-27T23:20:13.088283Z,18077.516299,0,,,,,other
525881,2026-02-28T12:00:00Z,2025-02-27T23:21:21.598221Z,314628.619301,0,,,,,other
525882,2026-02-28T12:00:00Z,2025-02-27T23:21:47.23497Z,510434.813887,1,,,,,other
525884,2026-02-28T12:00:00Z,2025-02-27T23:23:02.226058Z,8197.722315,0,,,,,other
525887,2026-02-28T12:00:00Z,2025-02-27T23:25:03.447623Z,26519.23,0,,,,,other
525888,2026-02-28T12:00:00Z,2025-02-27T23:25:16.561244Z,12476.190336,0,,,,,other
525890,2026-02-28T12:00:00Z,2025-02-27T23:26:37.744483Z,19892.834163,0,,,,,other
525891,2026-02-28T12:00:00Z,2025-02-27T23:27:26.931648Z,50995.354313,0,,,,,other
527079,2026-02-28T12:00:00Z,2025-03-06T20:51:01.626726Z,8069448.520812,0,0.0015,0.0055,0.012,0.026,crypto/prices
528788,2026-02-28T12:00:00Z,2025-03-18T16:52:11.450706Z,68135.358416,0,0.0175,0.0225,0.09,0.285,other
531354,2026-02-28T12:00:00Z,2025-03-27T00:43:35.319178Z,117191.32643,1,,,,,other
535353,2026-02-28T12:00:00Z,2025-04-08T19:34:51.658Z,1326859.185002,0,,,,,crypto/prices
535383,2026-02-28T12:00:00Z,2025-04-08T22:09:23.107213Z,955140.464156,0,,,,,crypto/prices
535384,2026-02-28T12:00:00Z,2025-04-08T22:10:24.077504Z,657230.04583,0,,,,,crypto/prices
537484,2026-02-28T12:00:00Z,2025-04-15T22:23:02.177852Z,2306901.687602,1,0.988,0.957,0.7185,0.116,crypto/prices
537485,2026-02-28T12:00:00Z,2025-04-15T22:23:23.737338Z,1736956.771538,0,0.006,0.018,0.091,0.475,crypto/prices
537486,2026-02-28T12:00:00Z,2025-04-15T22:23:51.621015Z,1116195.450108,0,0.0055,0.018,0.18,0.39,crypto/prices
537487,2026-02-28T12:00:00Z,2025-04-15T22:24:07.509458Z,2670720.815553,0,0.0005,0.0005,0.0095,0.012,crypto/prices
537488,2026-02-28T12:00:00Z,2025-04-15T22:24:27.908818Z,812350.320071,0,0.0005,0.001,0.0035,0.002,crypto/prices
537489,2026-02-28T12:00:00Z,2025-04-15T22:24:51.808208Z,700737.431569,0,0.002,0.0005,0.002,0.0005,crypto/prices
537490,2026-02-28T12:00:00Z,2025-04-15T22:17:42.099593Z,1412916.482597,0,0.0035,0.0165,0.014,0.038,crypto/prices
540206,2026-02-08T12:00:00Z,2025-05-01T17:45:50.454Z,42048002.788895,0,,,,0.0035,other
540207,2026-02-08T12:00:00Z,2025-05-01T17:45:50.458Z,9516223.351718,0,,,,0.0025,other
540208,2026-02-08T12:00:00Z,2025-05-01T17:45:50.461Z,3538125.674314,0,,,,0.0605,other
540209,2026-02-08T12:00:00Z,2025-05-01T17:45:49.403Z,6163891.427049,0,,,0.085,0.085,other
540210,2026-02-08T12:00:00Z,2025-05-01T17:45:49.397Z,60236453.888354,0,,,0.0065,0.0025,other
540211,2026-02-08T12:00:00Z,2025-05-01T17:45:53.525Z,10640593.553636,0,,,0.0335,0.0085,other
540212,2026-02-08T12:00:00Z,2025-05-01T17:45:54.52Z,39998043.163255,0,,,,0.0025,other
540213,2026-02-08T12:00:00Z,2025-05-01T17:45:53.535Z,51375598.94358,0,,,,0.0045,other
540214,2026-02-08T12:00:00Z,2025-05-01T17:45:55.492Z,14853068.898842,0,,,,0.0035,other
540215,2026-02-08T12:00:00Z,2025-05-01T17:45:53.528Z,9185427.806635,0,,,0.1045,0.0345,other
540216,2026-02-08T12:00:00Z,2025-05-01T17:45:53.532Z,3076938.524206,0,,,,0.0875,other
540217,2026-02-08T12:00:00Z,2025-05-01T17:45:57.563Z,4023623.377985,0,,,0.0335,0.0695,other
540218,2026-02-08T12:00:00Z,2025-05-01T17:45:57.566Z,9002496.983968,0,,,0.0695,0.007,other
540219,2026-02-08T12:00:00Z,2025-05-01T17:46:03.817Z,7256584.319638,0,,,,0.064,other
540220,2026-02-08T12:00:00Z,2025-05-01T17:46:03.823Z,7933650.111925,0,,,0.0695,0.0065,other
540221,2026-02-08T12:00:00Z,2025-05-01T17:46:05.823Z,3590299.86426,0,,,,0.135,other
540222,2026-02-08T12:00:00Z,2025-05-01T17:46:03.808Z,50242113.927574,0,,,,0.0035,other
540223,2026-02-08T12:00:00Z,2025-05-01T17:46:03.82Z,4419467.364839,0,,,0.026,0.023,other
540224,2026-02-08T12:00:00Z,2025-05-01T17:46:03.814Z,9230676.835439,0,,,0.157,0.0995,other
540225,2026-02-08T12:00:00Z,2025-05-01T17:46:07.848Z,64086195.940181,0,,,,0.0025,other
540226,2026-02-08T12:00:00Z,2025-05-01T17:46:07.851Z,11351131.121443,0,,,,0.0055,other
540227,2026-02-08T12:00:00Z,2025-05-01T17:46:07.844Z,17884421.031288,0,0.3175,0.315,0.0815,0.0525,other
540228,2026-02-08T12:00:00Z,2025-05-01T17:46:06.899Z,48283192.641205,0,,,,0.0035,other
540229,2026-02-08T12:00:00Z,2025-05-01T17:46:14.048Z,37490995.246916,0,,,,0.0025,other
540230,2026-02-08T12:00:00Z,2025-05-01T17:46:12.999Z,57232072.113335,0,,,,0.0035,other
540231,2026-02-08T12:00:00Z,2025-05-01T17:46:16.186Z,3519418.035338,0,,,0.095,0.095,other
540232,2026-02-08T12:00:00Z,2025-05-01T17:46:16.19Z,6299106.231213,0,,,0.0185,0.0145,other
540233,2026-02-08T12:00:00Z,2025-05-01T17:46:14.051Z,7603436.627812,0,,,0.0345,0.02,other
540234,2026-02-08T12:00:00Z,2025-05-01T17:46:14.054Z,15295581.172679,1,0.6825,0.6835,0.191,0.1025,other
540235,2026-02-08T12:00:00Z,2025-05-01T17:46:18.116Z,9903531.613511,0,,,0.0005,0.03,other
540236,2026-02-08T12:00:00Z,2025-05-01T17:46:18.108Z,70848160.38227,0,,,,0.0035,other
540237,2026-02-08T12:00:00Z,2025-05-01T17:46:18.112Z,7968299.758741,0,,,,0.0025,other
541516,2026-02-07T12:00:00Z,2025-05-06T23:45:29.707162Z,559396.954352,0,0.015,0.015,0.012,0.17,sports
541517,2026-02-07T12:00:00Z,2025-05-06T23:45:29.961782Z,68526.962123,1,0.9565,0.93,0.835,0.44,sports
541518,2026-02-07T12:00:00Z,2025-05-06T23:45:30.215399Z,139348.014438,0,0.011,0.009,0.0205,0.385,sports
541519,2026-02-07T12:00:00Z,2025-05-06T23:45:33.810373Z,54264.515927,0,0.022,0.0365,0.114,0.062,sports
541520,2026-02-07T12:00:00Z,2025-05-06T23:45:33.555972Z,37030.731235,0,0.002,0.002,0.005,0.0785,sports
541521,2026-02-07T12:00:00Z,2025-05-06T23:45:34.61855Z,33966.394585,0,0.0025,0.0015,0.0015,0.075,sports
541522,2026-02-07T12:00:00Z,2025-05-06T23:45:34.064459Z,38189.826654,0,0.002,0.0015,0.0015,0.04,sports
541523,2026-02-07T12:00:00Z,2025-05-06T23:45:41.498851Z,20048.07618,0,0.0005,0.0025,0.0015,0.0185,sports
541524,2026-02-07T12:00:00Z,2025-05-06T23:45:40.031934Z,42955.643241,0,0.0015,0.0015,0.0025,0.0305,sports
541525,2026-02-07T12:00:00Z,2025-05-06T23:45:39.777424Z,32846.051,0,0.001,0.001,0.0005,0.0395,sports
541526,2026-02-07T12:00:00Z,2025-05-06T23:45:40.736093Z,35137.152726,0,0.0005,0.0025,0.0065,0.037,sports
541527,2026-02-07T12:00:00Z,2025-05-06T23:45:40.990555Z,26934.708,0,0.0005,0.001,0.0005,0.0385,sports
541528,2026-02-07T12:00:00Z,2025-05-06T23:45:41.244982Z,40197.80048,0,0.0015,0.0025,0.003,0.026,sports
541529,2026-02-07T12:00:00Z,2025-05-06T23:45:49.912394Z,19703.27456,0,0.002,0.0015,0.0015,0.0315,sports
541530,2026-02-07T12:00:00Z,2025-05-06T23:45:59.61693Z,40820.012993,0,0.0015,0.0015,0.0015,0.0315,sports
541531,2026-02-07T12:00:00Z,2025-05-06T23:46:10.43224Z,23387.465832,0,0.0005,0.002,0.0005,0.0385,sports
541532,2026-02-07T12:00:00Z,2025-05-06T23:46:10.686606Z,26734.912229,0,0.0005,0.001,0.0015,0.026,sports
541533,2026-02-07T12:00:00Z,2025-05-06T23:46:09.923441Z,18318.536716,0,0.0005,0.0005,0.0015,0.0455,sports
541534,2026-02-07T12:00:00Z,2025-05-06T23:46:09.669556Z,33485.617832,0,0.0025,0.002,0.0015,0.041,sports
541535,2026-02-07T12:00:00Z,2025-05-06T23:46:10.177591Z,16380.617,0,0.0005,0.0005,0.0015,0.025,sports
541536,2026-02-07T12:00:00Z,2025-05-06T23:46:13.794421Z,25088.718839,0,0.002,0.002,0.0005,0.001,sports
541537,2026-02-07T12:00:00Z,2025-05-06T23:46:14.302141Z,22686.105,0,0.0005,0.0005,0.0015,0.0045,sports
541538,2026-02-07T12:00:00Z,2025-05-06T23:46:14.048545Z,11328.8895,0,0.0005,0.0005,0.0015,0.028,sports
541539,2026-02-07T12:00:00Z,2025-05-06T23:46:19.861174Z,14045.3985,0,0.0005,0.0005,0.0015,0.024,sports
541540,2026-02-07T12:00:00Z,2025-05-06T23:46:20.621956Z,27093.381714,0,0.001,0.001,0.0005,0.024,sports
541542,2026-02-07T12:00:00Z,2025-05-06T23:46:20.368Z,23301.427728,0,0.0005,0.002,0.008,,sports
541550,2026-02-07T12:00:00Z,2025-05-06T19:54:08.374781Z,119499.423824,0,0.0155,0.004,0.0015,0.36,sports
541551,2026-02-07T12:00:00Z,2025-05-06T19:54:08.120972Z,43647.976219,0,0.0005,0.001,0.0015,0.0205,sports
541552,2026-02-07T12:00:00Z,2025-05-06T19:54:07.611528Z,50325.715403,0,0.0005,0.001,0.0015,0.0315,sports
541553,2026-02-07T12:00:00Z,2025-05-06T19:54:07.866438Z,19551.306065,0,0.0005,0.0015,0.0005,0.0115,sports
541554,2026-02-07T12:00:00Z,2025-05-06T19:54:12.8469Z,16956.980966,0,0.0005,0.0015,0.0005,0.039,sports
541555,2026-02-07T12:00:00Z,2025-05-06T19:54:11.430056Z,34458.404429,0,0.0005,0.0005,0.0015,0.065,sports
541556,2026-02-07T12:00:00Z,2025-05-06T19:54:13.100724Z,20926.628075,0,0.0005,0.001,0.0015,0.145,sports
541557,2026-02-07T12:00:00Z,2025-05-06T19:54:12.592962Z,24061.212033,0,0.0005,0.001,0.001,0.063,sports
541558,2026-02-07T12:00:00Z,2025-05-06T19:54:12.339037Z,19595.118845,0,0.0005,0.0005,0.0015,0.1255,sports
541559,2026-02-07T12:00:00Z,2025-05-06T19:54:18.704481Z,62767.444419,0,0.0025,0.018,0.103,0.032,sports
541560,2026-02-07T12:00:00Z,2025-05-06T19:54:19.211498Z,25448.216027,0,0.0005,0.0005,0.0015,0.003,sports
541561,2026-02-07T12:00:00Z,2025-05-06T19:54:19.465778Z,11554.630713,0,0.0005,0.0015,0.001,0.009,sports
541562,2026-02-07T12:00:00Z,2025-05-06T19:54:18.958133Z,17908.94587,0,0.0005,0.0005,0.0015,0.097,sports
541563,2026-02-07T12:00:00Z,2025-05-06T19:54:20.438271Z,19471.157832,0,0.0005,0.0005,0.0015,0.022,sports
541564,2026-02-07T12:00:00Z,2025-05-06T19:54:19.719965Z,21704.595397,0,0.0005,0.0005,0.0015,0.0185,sports
541565,2026-02-07T12:00:00Z,2025-05-06T19:54:18.450403Z,72186.239476,0,0.0615,0.0355,0.021,0.3215,sports
541567,2026-02-07T12:00:00Z,2025-05-06T19:54:22.664Z,306259.792983,1,0.915,0.945,0.855,,sports
541575,2026-02-07T12:00:00Z,2025-05-06T21:46:27.029611Z,56459.382529,0,0.0005,0.0005,0.002,0.04,sports
541576,2026-02-07T12:00:00Z,2025-05-06T21:46:28.301684Z,56270.169539,0,0.0005,0.0005,0.0005,0.002,sports
541577,2026-02-07T12:00:00Z,2025-05-06T21:46:28.047689Z,27829.876044,0,0.0005,0.0005,0.0005,0.036,sports
541578,2026-02-07T12:00:00Z,2025-05-06T21:46:34.651178Z,246658.426118,1,0.844,0.944,0.8945,0.0535,sports
541579,2026-02-07T12:00:00Z,2025-05-06T21:46:34.904707Z,43343.321321,0,0.0005,0.0005,0.0015,0.0085,sports
541580,2026-02-07T12:00:00Z,2025-05-06T21:46:34.397308Z,24493.989265,0,0.0005,0.0005,0.0015,0.005,sports
541581,2026-02-07T12:00:00Z,2025-05-06T21:46:34.143085Z,22009.360341,0,0.0005,0.0005,0.001,0.0025,sports
541582,2026-02-07T12:00:00Z,2025-05-06T21:46:33.05857Z,712513.438826,0,0.1415,0.0015,0.0215,0.0005,sports
541583,2026-02-07T12:00:00Z,2025-05-06T21:46:35.15864Z,192035.215581,0,0.014,0.036,0.06,0.4465,sports
541584,2026-02-07T12:00:00Z,2025-05-06T21:46:38.328671Z,29607.650328,0,0.0005,0.0005,0.0005,0.131,sports
541585,2026-02-07T12:00:00Z,2025-05-06T21:46:38.074379Z,505804.418423,0,0.003,0.0025,0.0105,0.26,sports
541586,2026-02-07T12:00:00Z,2025-05-06T21:46:44.145642Z,26751.645408,0,0.0005,0.0005,0.0005,0.114,sports
541587,2026-02-07T12:00:00Z,2025-05-06T21:46:44.863691Z,52105.622497,0,0.0005,0.0005,0.001,0.0025,sports
541588,2026-02-07T12:00:00Z,2025-05-06T21:46:45.117805Z,147884.665847,0,0.0005,0.0055,0.01,0.0045,sports
541589,2026-02-07T12:00:00Z,2025-05-06T21:46:44.39899Z,32412.4531,0,0.0005,0.0005,0.0015,0.0005,sports
541590,2026-02-07T12:00:00Z,2025-05-06T21:46:43.89133Z,20989.00865,0,0.0005,0.0005,0.0005,0.0005,sports
541591,2026-02-07T12:00:00Z,2025-05-06T21:46:47.859109Z,29375.425513,0,0.0005,0.0005,0.0005,0.0045,sports
541592,2026-02-07T12:00:00Z,2025-05-06T21:46:48.113093Z,20521.995166,0,0.0005,0.0005,0.0005,0.0005,sports
541594,2026-02-07T12:00:00Z,2025-05-06T21:46:54.487643Z,10533.244898,0,0.0005,0.0005,0.001,0.0015,sports
541595,2026-02-07T12:00:00Z,2025-05-06T21:46:53.979014Z,40993.982833,0,0.0005,0.0005,0.001,0.0005,sports
531202,2026-03-31T12:00:00Z,2025-03-26T16:49:31.084Z,836621.5937519977,0,0.1145,0.114,0.2715,0.36,other
539203,2026-03-31T12:00:00Z,2025-04-23T18:25:57.011764Z,171261.24232,1,,,,,politics
539204,2026-03-31T12:00:00Z,2025-04-23T18:26:29.37602Z,204958.980323,0,,,,,politics
539205,2026-03-31T12:00:00Z,2025-04-23T18:26:53.779972Z,341164.400658,0,,,,,politics
581558,2026-03-26T00:00:00Z,2025-08-27T15:30:25.756268Z,16392.74319,0,,,,,other
581561,2026-03-26T00:00:00Z,2025-08-27T15:30:31.151966Z,10410.341932,0,,,,0.195,other
581562,2026-03-26T00:00:00Z,2025-08-27T15:30:30.896915Z,13380.734414,0,,,,0.13,other
581570,2026-03-26T00:00:00Z,2025-08-27T15:30:36.885308Z,10932.5958,0,,,,0.0005,other
581572,2026-03-26T00:00:00Z,2025-08-27T15:30:43.015015Z,11181.88,0,,,,,other
581573,2026-03-26T00:00:00Z,2025-08-27T15:30:47.095363Z,10891.55,0,,,,,other
581574,2026-03-26T00:00:00Z,2025-08-27T15:30:47.349373Z,5270.27,0,,,,,other
581582,2026-03-26T00:00:00Z,2025-08-27T15:30:57.69916Z,15339.0,0,,,,,other
581597,2026-03-26T00:00:00Z,2025-08-27T15:31:11.481225Z,13638.152,0,,,,,other
581599,2026-03-26T00:00:00Z,2025-08-27T15:31:11.993628Z,18115.43,0,,,,,other
581609,2026-03-26T00:00:00Z,2025-08-27T15:31:17.168185Z,6611.589,0,,,,,other
613837,2026-03-15T00:00:00Z,2025-09-26T21:18:48.705487Z,2868468.7951879823,0,0.198,0.2205,0.1545,0.0485,other
613840,2026-03-15T00:00:00Z,2025-09-26T21:19:25.281742Z,655563.816875,0,,,,0.005,other
613841,2026-03-15T00:00:00Z,2025-09-26T21:19:25.557512Z,3612705.217733989,0,0.0015,0.0025,0.006,0.016,other
613842,2026-03-15T00:00:00Z,2025-09-26T21:19:27.016375Z,767105.915249,0,,,,0.004,other
613843,2026-03-15T00:00:00Z,2025-09-26T21:19:29.039799Z,928426.551636,0,,,,0.002,other
613844,2026-03-15T00:00:00Z,2025-09-26T21:19:29.32913Z,1056888.310835,0,,,,0.0015,politics
613845,2026-03-15T00:00:00Z,2025-09-26T21:19:31.353643Z,304025.957566,0,,,,0.008,other
613846,2026-03-15T00:00:00Z,2025-09-26T21:19:31.099437Z,826424.864837,0,,,,0.0045,other
613847,2026-03-15T00:00:00Z,2025-09-26T21:19:33.293169Z,755816.500358,0,,,,0.0025,other
613848,2026-03-15T00:00:00Z,2025-09-26T21:19:33.039147Z,1079441.304868,0,,,,0.003,other
614009,2026-03-15T00:00:00Z,2025-09-26T21:42:11.21727Z,148661.111628,0,,,,0.017,other
614010,2026-03-15T00:00:00Z,2025-09-26T21:42:10.963453Z,128612.266046,0,,,,0.003,other
614011,2026-03-15T00:00:00Z,2025-09-26T21:42:13.060304Z,345476.725922,0,,,,0.0075,other
614012,2026-03-15T00:00:00Z,2025-09-26T21:42:13.314061Z,3149785.4254659982,1,0.5455,0.396,0.067,0.0185,other
614014,2026-03-15T00:00:00Z,2025-09-26T21:42:15.125041Z,100135.719021,0,,,,0.0085,other
614015,2026-03-15T00:00:00Z,2025-09-26T21:42:17.294505Z,111867.819406,0,,,,0.007,other
614016,2026-03-15T00:00:00Z,2025-09-26T21:42:17.040639Z,188337.782548,0,,,,0.0035,other
614017,2026-03-15T00:00:00Z,2025-09-26T21:42:19.192883Z,112398.793252,0,,,,0.0025,other
614019,2026-03-15T00:00:00Z,2025-09-26T21:42:21.175174Z,530942.849159,0,,,,0.0015,other
614020,2026-03-15T00:00:00Z,2025-09-26T21:42:20.921286Z,339017.013098,0,,,,0.0025,other
614021,2026-03-15T00:00:00Z,2025-09-26T21:42:23.509346Z,243002.724259,0,,,,0.0015,other
614254,2026-03-15T00:00:00Z,2025-09-26T21:42:53.379298Z,46407.577407,0,,,,0.06,other
614255,2026-03-15T00:00:00Z,2025-09-26T21:42:56.278597Z,46612.090214,0,,,,0.007,other
614256,2026-03-15T00:00:00Z,2025-09-26T21:42:56.024697Z,49128.022831,0,,,,0.003,other
614258,2026-03-15T00:00:00Z,2025-09-26T21:42:57.119402Z,33927.5983,0,,,,0.005,other
614259,2026-03-15T00:00:00Z,2025-09-26T21:42:57.626945Z,37087.062306,0,,,,0.003,other
614260,2026-03-15T00:00:00Z,2025-09-26T21:42:57.880728Z,33541.609331,0,,,,0.0035,other
614262,2026-03-15T00:00:00Z,2025-09-26T21:42:59.233348Z,70837.817668,0,,,,0.003,other
614263,2026-03-15T00:00:00Z,2025-09-26T21:43:01.297977Z,34630.295575,0,,,,0.0035,other
614264,2026-03-15T00:00:00Z,2025-09-26T21:43:01.552159Z,34398.654112,0,,,,0.003,other
614265,2026-03-15T00:00:00Z,2025-09-26T21:43:03.304375Z,29983.805707,0,,,,0.003,other
614266,2026-03-15T00:00:00Z,2025-09-26T21:43:03.558223Z,28651.181282,0,,,,0.003,other
614313,2026-03-15T00:00:00Z,2025-09-29T19:05:48.461096Z,37079.749258,0,,,,0.0145,other
614316,2026-03-15T00:00:00Z,2025-09-29T19:05:51.35634Z,30615.338959,0,,,,0.006,other
614317,2026-03-15T00:00:00Z,2025-09-29T19:05:53.500939Z,44892.544208,0,,,,0.006,other
614318,2026-03-15T00:00:00Z,2025-09-29T19:05:53.18113Z,40038.175768,0,,,,0.003,other
614319,2026-03-15T00:00:00Z,2025-09-29T19:05:55.462215Z,37249.843088,0,,,,0.005,other
614320,2026-03-15T00:00:00Z,2025-09-29T19:05:55.207998Z,23893.942204,0,,,,0.006,other
614322,2026-03-15T00:00:00Z,2025-09-29T19:05:58.101023Z,294256.401303,0,,,,0.0075,other
614323,2026-03-15T00:00:00Z,2025-09-29T19:06:00.08169Z,29199.58702,0,,,,0.003,other
614324,2026-03-15T00:00:00Z,2025-09-29T19:06:00.336945Z,36749.989314,0,,,,0.004,other
614325,2026-03-15T00:00:00Z,2025-09-29T19:06:02.032894Z,21615.666493,0,,,,0.0035,other
614356,2026-03-15T00:00:00Z,2025-09-26T21:43:35.154613Z,66599.013239,0,,,,0.14,other
614359,2026-03-15T00:00:00Z,2025-09-26T21:43:36.957616Z,30732.425383,0,,,,0.01,other
614360,2026-03-15T00:00:00Z,2025-09-26T21:43:38.930369Z,67181.658681,0,,,,0.004,other
614363,2026-03-15T00:00:00Z,2025-09-26T21:43:44.785401Z,57007.78014,0,,,,0.0075,crypto/prices
614364,2026-03-15T00:00:00Z,2025-09-26T21:43:45.038904Z,124497.912964,0,,,,0.0025,other
614365,2026-03-15T00:00:00Z,2025-09-26T21:43:46.759108Z,92303.28452,0,,,,0.0035,other
614366,2026-03-15T00:00:00Z,2025-09-26T21:43:47.012452Z,144592.016398,0,,,,0.0035,other
614367,2026-03-15T00:00:00Z,2025-09-26T21:43:48.715904Z,95029.651409,0,,,,0.004,other
614368,2026-03-15T00:00:00Z,2025-09-26T21:43:48.969677Z,27922.707226,0,,,,0.007,other
614369,2026-03-15T00:00:00Z,2025-09-26T21:43:50.781732Z,31362.769176,0,,,,0.005,other
614371,2026-03-15T00:00:00Z,2025-09-26T21:43:52.801Z,14316.179095,0,,,,,other
614431,2026-03-15T00:00:00Z,2025-09-29T19:05:05.157396Z,6215.904078,0,,,,0.0195,politics
614434,2026-03-15T00:00:00Z,2025-09-29T19:05:04.376642Z,8005.461356,0,,,,0.0025,other
614435,2026-03-15T00:00:00Z,2025-09-29T19:05:06.314503Z,17698.202064,0,,,,0.0035,other
614436,2026-03-15T00:00:00Z,2025-09-29T19:05:08.846885Z,8940.596098,0,,,,0.0235,other
614437,2026-03-15T00:00:00Z,2025-09-29T19:05:08.331044Z,10336.528925,0,,,,0.0245,other
614438,2026-03-15T00:00:00Z,2025-09-29T19:05:08.587541Z,8295.336932,0,,,,0.003,other
614439,2026-03-15T00:00:00Z,2025-09-29T19:05:09.497383Z,8499.326454,0,,,,0.003,other
614440,2026-03-15T00:00:00Z,2025-09-29T19:05:09.243283Z,7771.731833,0,,,,0.003,other
614441,2026-03-15T00:00:00Z,2025-09-29T19:05:11.519435Z,9765.122718,0,,,,0.026,other
614442,2026-03-15T00:00:00Z,2025-09-29T19:05:11.264629Z,7556.063166,0,,,,0.004,other
614443,2026-03-15T00:00:00Z,2025-09-29T19:05:13.289555Z,5432.049909,0,,,,0.0025,other
614568,2026-03-15T00:00:00Z,2025-09-29T19:04:17.367542Z,18101.727881,0,,,,0.004,other
614569,2026-03-15T00:00:00Z,2025-09-29T19:04:19.384771Z,18030.214324,0,,,,0.003,other
614570,2026-03-15T00:00:00Z,2025-09-29T19:04:19.664057Z,23882.212222,0,,,,0.0035,other
614572,2026-03-15T00:00:00Z,2025-09-29T19:04:21.431235Z,22342.201187,0,,,,0.005,other
614573,2026-03-15T00:00:00Z,2025-09-29T19:04:23.419079Z,21597.726286,0,,,,0.0065,other
614575,2026-03-15T00:00:00Z,2025-09-29T19:04:25.511813Z,19790.817595,0,,,,0.006,other
614576,2026-03-15T00:00:00Z,2025-09-29T19:04:27.451963Z,14934.398339,0,,,,0.0035,other
614577,2026-03-15T00:00:00Z,2025-09-29T19:04:27.70823Z,22704.373472,0,,,,0.003,other
614578,2026-03-15T00:00:00Z,2025-09-29T19:04:30.243782Z,17310.549801,0,,,,0.0035,other
614579,2026-03-15T00:00:00Z,2025-09-29T19:04:29.732571Z,30670.881692,0,,,,0.0055,other
614720,2026-03-15T00:00:00Z,2025-09-29T19:06:29.224304Z,505801.7332249995,0,0.005,0.0035,0.0025,0.0095,other
614722,2026-03-15T00:00:00Z,2025-09-29T19:06:31.523064Z,664322.7982340006,0,0.0715,0.0665,0.078,0.02,other
614723,2026-03-15T00:00:00Z,2025-09-29T19:06:32.3472Z,131288.69273,0,,,,0.003,other
614724,2026-03-15T00:00:00Z,2025-09-29T19:06:32.607448Z,395437.66582,0,,,,0.0195,other
614725,2026-03-15T00:00:00Z,2025-09-29T19:06:35.508428Z,118638.786971,0,,,,0.003,other
614727,2026-03-15T00:00:00Z,2025-09-29T19:06:38.651945Z,39104.581314,0,,,,0.0035,other
614728,2026-03-15T00:00:00Z,2025-09-29T19:06:38.332933Z,729815.261804,0,,,,0.003,other
614729,2026-03-15T00:00:00Z,2025-09-29T19:06:38.907844Z,198902.594601,0,,,,0.0315,other
614730,2026-03-15T00:00:00Z,2025-09-29T19:06:39.179102Z,71076.186707,0,,,,0.0045,other
614731,2026-03-15T00:00:00Z,2025-09-29T19:06:43.784365Z,379915.037157,0,,,,0.003,other
614732,2026-03-15T00:00:00Z,2025-09-29T19:06:44.040208Z,613789.007619,0,,,,0.0025,other
614733,2026-03-15T00:00:00Z,2025-09-29T19:06:43.272981Z,40009.088828,0,,,,0.0025,other
614765,2026-03-15T00:00:00Z,2025-09-29T18:33:09.749702Z,12535.715868,0,,,,0.0055,politics
614767,2026-03-15T00:00:00Z,2025-09-29T18:33:11.507731Z,10109.825994,0,,,,0.0165,other
614768,2026-03-15T00:00:00Z,2025-09-29T18:33:13.549102Z,21969.789647,0,,,,0.0225,other
614771,2026-03-15T00:00:00Z,2025-09-29T18:33:17.725859Z,44225.636532,0,,,,0.006,other
614772,2026-03-15T00:00:00Z,2025-09-29T18:33:17.470757Z,152784.812792,0,,,,0.009,other
614773,2026-03-15T00:00:00Z,2025-09-29T18:33:19.72805Z,11039.857781,0,,,,0.022,other
614774,2026-03-15T00:00:00Z,2025-09-29T18:33:19.473643Z,6103.309606,0,,,,0.0065,other
614775,2026-03-15T00:00:00Z,2025-09-29T18:33:19.983876Z,13986.175364,0,,,,0.0245,other
614776,2026-03-15T00:00:00Z,2025-09-29T18:33:20.433837Z,41554.763755,0,,,,0.0115,other
614777,2026-03-15T00:00:00Z,2025-09-29T18:33:23.536787Z,6437.200443,0,,,,0.005,other
614806,2026-03-15T00:00:00Z,2025-09-29T18:19:03.569266Z,44951.654984,0,,,,0.0315,other
614808,2026-03-15T00:00:00Z,2025-09-29T18:19:04.836573Z,35917.619996,0,,,,0.005,other
614809,2026-03-15T00:00:00Z,2025-09-29T18:19:06.622531Z,32016.557124,0,,,,0.0065,sports
614812,2026-03-15T00:00:00Z,2025-09-29T18:19:13.796897Z,47583.391719,0,,,,0.0185,other
614813,2026-03-15T00:00:00Z,2025-09-29T18:19:14.560708Z,80158.621141,0,,,,0.0065,other
614814,2026-03-15T00:00:00Z,2025-09-29T18:19:14.819175Z,26403.828542,0,,,,0.004,other
614815,2026-03-15T00:00:00Z,2025-09-29T18:19:17.649728Z,259447.1784439996,0,0.0475,0.099,0.135,0.0735,other
614816,2026-03-15T00:00:00Z,2025-09-29T18:19:30.14408Z,74673.948444,0,,,,0.0055,other
614817,2026-03-15T00:00:00Z,2025-09-29T18:19:29.889386Z,25249.908641,0,,,,0.0035,other
546612,2026-04-01T03:59:00Z,2025-05-22T14:50:07.243348Z,184752.0085240001,0,0.008,0.014,0.0255,0.0525,other
550694,2026-04-12T00:00:00Z,2025-06-09T12:21:53.041794Z,515109.4572779992,0,,,0.59,0.645,other
550695,2026-04-12T00:00:00Z,2025-06-09T12:21:52.787481Z,7759.946623,1,,,,,other
550696,2026-04-12T00:00:00Z,2025-06-09T12:21:58.571687Z,16165.628878,1,,,,,other
550697,2026-04-12T00:00:00Z,2025-06-09T12:22:06.805926Z,6400.949231,1,,,,,other
550698,2026-04-12T00:00:00Z,2025-06-09T12:21:59.174825Z,13673.922584,1,,,,,other
550699,2026-04-12T00:00:00Z,2025-06-09T12:21:58.274295Z,9211.867177,1,,,,,other
550700,2026-04-12T00:00:00Z,2025-06-09T12:21:59.432551Z,10048.89281,1,,,,,other
550702,2026-04-12T00:00:00Z,2025-06-09T12:21:52.532922Z,7789.699868,0,,,,,other
550703,2026-04-12T00:00:00Z,2025-06-09T12:21:52.277986Z,167930.23178299965,1,,,0.295,0.26,other
550706,2026-04-12T00:00:00Z,2025-06-09T12:21:47.61373Z,542888.4870230044,0,,,0.375,0.32,other
550707,2026-04-12T00:00:00Z,2025-06-09T12:21:47.102202Z,5576.302022,0,,,,,other
550708,2026-04-12T00:00:00Z,2025-06-09T12:22:06.538093Z,174682.7574650005,0,,,0.27,0.31,other
561616,2026-04-06T00:00:00Z,2025-07-09T20:17:59.862833Z,19688.921827,1,,,,,other
561617,2026-04-06T00:00:00Z,2025-07-09T20:17:59.606761Z,20569.18648,0,,,,,other
561618,2026-04-06T00:00:00Z,2025-07-09T20:18:04.629004Z,16096.959,0,,,,,other
561619,2026-04-06T00:00:00Z,2025-07-09T20:18:04.887083Z,26789.5726,0,,,,,other
561621,2026-04-06T00:00:00Z,2025-07-09T20:17:29.876881Z,19127.925935,1,,,,,other
561622,2026-04-06T00:00:00Z,2025-07-09T20:17:29.562984Z,35677.621188,0,,,,,other
561623,2026-04-06T00:00:00Z,2025-07-09T20:17:34.543321Z,5077.858546,0,,,,,other
561624,2026-04-06T00:00:00Z,2025-07-09T20:17:39.869897Z,7107.94133,0,,,,,other
561626,2026-04-06T00:00:00Z,2025-07-09T20:17:45.093084Z,22590.157069,1,,,,,other
561627,2026-04-06T00:00:00Z,2025-07-09T20:17:45.424912Z,14354.889856,0,,,,,other
561628,2026-04-06T00:00:00Z,2025-07-09T20:17:44.794631Z,8564.9616,0,,,,,other
561629,2026-04-06T00:00:00Z,2025-07-09T20:18:00.373252Z,12505.913,0,,,,,other
561631,2026-04-06T00:00:00Z,2025-07-09T20:20:16.028479Z,13054.029066,1,,,,,other
561632,2026-04-06T00:00:00Z,2025-07-09T20:20:15.522846Z,9120.294526,0,,,,,other
561633,2026-04-06T00:00:00Z,2025-07-09T20:20:15.775958Z,6914.523363,0,,,,,other
561634,2026-04-06T00:00:00Z,2025-07-09T20:20:20.7303Z,8334.534833,0,,,,,other
561636,2026-04-06T00:00:00Z,2025-07-09T20:20:20.169931Z,16294.873819,1,,,,,other
561637,2026-04-06T00:00:00Z,2025-07-09T20:20:20.453337Z,8699.95962,0,,,,,other
561639,2026-04-06T00:00:00Z,2025-07-09T20:20:24.439937Z,6817.281714,0,,,,,other
561641,2026-04-06T00:00:00Z,2025-07-09T20:20:25.09787Z,22941.466657,1,,,,,other
561642,2026-04-06T00:00:00Z,2025-07-09T20:20:25.352087Z,7682.361878,0,,,,,other
561643,2026-04-06T00:00:00Z,2025-07-09T20:20:25.709932Z,7922.884605,0,,,,,other
561644,2026-04-06T00:00:00Z,2025-07-09T20:20:29.606288Z,6644.620408,0,,,,,other
561645,2026-04-06T00:00:00Z,2025-07-09T20:20:29.936568Z,7177.894,0,,,,,other
561648,2026-04-06T00:00:00Z,2025-07-09T20:39:29.95765Z,9461.659626,1,,,,,other
561649,2026-04-06T00:00:00Z,2025-07-09T20:39:30.974846Z,18458.410984,0,,,,,other
561650,2026-04-06T00:00:00Z,2025-07-09T20:39:30.467061Z,17564.79158,0,,,,,other
561651,2026-04-06T00:00:00Z,2025-07-09T20:39:30.7211Z,6050.552666,0,,,,,other
561652,2026-04-06T00:00:00Z,2025-07-09T20:39:30.212533Z,26261.418529,0,,,,,other
561654,2026-04-06T00:00:00Z,2025-07-09T20:39:20.336745Z,28030.004234,1,,,,,other
561655,2026-04-06T00:00:00Z,2025-07-09T20:39:20.590737Z,31838.358322,0,,,,,other
561656,2026-04-06T00:00:00Z,2025-07-09T20:39:18.985892Z,10117.635571,0,,,,,other
561657,2026-04-06T00:00:00Z,2025-07-09T20:39:20.082477Z,9935.547974,0,,,,,other
561658,2026-04-06T00:00:00Z,2025-07-09T20:39:24.995361Z,10368.616,0,,,,,other
561661,2026-04-06T00:00:00Z,2025-07-09T20:39:41.866104Z,14182.108575,1,,,,,other
561662,2026-04-06T00:00:00Z,2025-07-09T20:39:41.61387Z,7203.406342,0,,,,,other
561663,2026-04-06T00:00:00Z,2025-07-09T20:39:40.046045Z,6602.96436,0,,,,,other
561664,2026-04-06T00:00:00Z,2025-07-09T20:39:41.361034Z,13086.8751,0,,,,,other
561666,2026-04-06T00:00:00Z,2025-07-09T20:39:35.736431Z,21279.627421,1,,,,,other
561668,2026-04-06T00:00:00Z,2025-07-09T20:39:35.484343Z,7476.974626,0,,,,,other
561669,2026-04-06T00:00:00Z,2025-07-09T20:39:42.121259Z,7593.082064,0,,,,,other
567560,2026-04-12T00:00:00Z,2025-07-24T22:00:06.287Z,25456113.70722493,0,0.315,,0.365,0.45,politics
567561,2026-04-12T00:00:00Z,2025-07-24T22:00:07.54Z,24555476.477281053,1,0.685,0.645,0.615,0.545,politics
567562,2026-04-12T00:00:00Z,2025-07-24T22:00:07.286Z,6196534.541471966,0,0.0005,,0.0015,0.0015,politics
567563,2026-04-12T00:00:00Z,2025-07-24T22:00:10.289Z,13863122.72845908,0,0.0005,0.0025,0.01,0.0015,politics
567564,2026-04-12T00:00:00Z,2025-07-24T22:00:10.563Z,21744519.72813603,0,0.0015,,0.0055,,politics
567565,2026-04-12T00:00:00Z,2025-07-24T22:00:12.261Z,9297942.55577898,0,0.0005,,0.0015,,politics
568629,2026-04-13T00:00:00Z,2025-08-29T04:14:27.927648Z,4841375.889859983,0,0.135,,0.205,0.195,other
568630,2026-04-13T00:00:00Z,2025-08-29T04:14:27.67091Z,7423340.925850005,1,0.705,0.065,0.085,0.085,other
568631,2026-04-13T00:00:00Z,2025-08-29T04:14:29.93339Z,1569577.5352900098,0,0.065,,0.055,0.065,other
568632,2026-04-13T00:00:00Z,2025-08-29T04:14:29.675023Z,1881078.5618490053,0,0.0005,0.0765,0.0615,0.0425,other
568633,2026-04-13T00:00:00Z,2025-08-29T04:14:31.689939Z,1129955.4745210025,0,0.0015,0.021,0.0315,0.0285,other
568634,2026-04-13T00:00:00Z,2025-08-29T04:14:31.945889Z,9561874.596762056,0,0.0085,0.0515,0.031,0.052,other
568635,2026-04-13T00:00:00Z,2025-08-29T04:14:36.011107Z,1516179.2081359993,0,0.049,,0.0415,0.05,other
568636,2026-04-13T00:00:00Z,2025-08-29T04:14:35.747677Z,535426.9642749996,0,0.0105,0.0115,0.0105,0.012,other
568637,2026-04-13T00:00:00Z,2025-08-29T04:14:38.116208Z,5759506.741625008,0,0.013,,0.0205,0.0195,other
568638,2026-04-13T00:00:00Z,2025-08-29T04:14:37.838411Z,985393.122964,0,0.017,0.0195,0.0155,0.0155,other
568639,2026-04-13T00:00:00Z,2025-08-29T04:14:40.077833Z,1194025.3962989969,0,0.033,0.0265,0.0205,0.021,other
568640,2026-04-13T00:00:00Z,2025-08-29T04:14:39.81096Z,5306332.59418096,0,0.0005,0.0225,0.0195,0.0185,crypto/prices
568641,2026-04-13T00:00:00Z,2025-08-29T04:14:41.710114Z,920688.939882001,0,0.011,,0.0085,0.015,other
568642,2026-04-13T00:00:00Z,2025-08-29T04:14:41.975127Z,1078254.8618879998,0,0.0005,,0.0085,0.0255,other
568643,2026-04-13T00:00:00Z,2025-08-29T04:14:42.815245Z,3142293.6456169966,0,0.0065,0.0095,0.0465,0.018,other
568644,2026-04-13T00:00:00Z,2025-08-29T04:14:46.959948Z,458645.8581409992,0,0.0055,0.005,0.0055,0.0135,other
568645,2026-04-13T00:00:00Z,2025-08-29T04:14:46.678721Z,881554.3782859996,0,0.0005,0.0155,0.0045,0.014,other
568646,2026-04-13T00:00:00Z,2025-08-29T04:14:47.236194Z,1249678.3123440018,0,0.0415,,0.043,0.066,other
568647,2026-04-13T00:00:00Z,2025-08-29T04:14:47.63136Z,7598077.229271018,0,0.0105,,0.018,0.0175,other
568648,2026-04-13T00:00:00Z,2025-08-29T04:14:47.887715Z,1397383.283195008,0,0.022,0.022,0.0185,0.011,other
568649,2026-04-13T00:00:00Z,2025-08-29T04:14:50.745525Z,528587.1383969998,0,0.0055,0.0055,0.005,0.0105,other
568650,2026-04-13T00:00:00Z,2025-08-29T04:14:53.293174Z,4567581.745855995,0,0.0265,0.0225,0.015,0.017,other
568651,2026-04-13T00:00:00Z,2025-08-29T04:14:52.892275Z,572073.4383919998,0,0.0005,0.0085,0.0065,0.0165,other
568652,2026-04-13T00:00:00Z,2025-08-29T04:14:55.787077Z,2926978.8103390047,0,0.027,0.0285,0.0365,0.02,other
568653,2026-04-13T00:00:00Z,2025-08-29T04:14:56.345467Z,4359190.267304947,0,0.0105,,0.0135,0.0065,other
568654,2026-04-13T00:00:00Z,2025-08-29T04:14:56.055453Z,891215.4369120009,0,0.0025,,0.0055,0.0125,other
568655,2026-04-13T00:00:00Z,2025-08-29T04:14:59.66707Z,1103074.7774110003,0,0.0245,0.022,0.0105,0.0105,other
568656,2026-04-13T00:00:00Z,2025-08-29T04:15:00.083549Z,871375.8503929984,0,0.015,,0.018,0.0125,other
568657,2026-04-13T00:00:00Z,2025-08-29T04:15:02.274503Z,2245013.036768003,0,0.0165,,0.0105,0.013,other
568658,2026-04-13T00:00:00Z,2025-08-29T04:15:01.68102Z,794961.6703199996,0,0.0025,,0.0045,0.01,other
568659,2026-04-13T00:00:00Z,2025-08-29T04:15:03.753492Z,809231.6390920009,0,0.0075,,0.0075,0.012,other
568660,2026-04-13T00:00:00Z,2025-08-29T04:15:04.128584Z,769779.175852,0,0.0005,0.0045,0.006,0.008,other
568661,2026-04-13T00:00:00Z,2025-08-29T04:15:06.248038Z,573484.0370590001,0,0.0035,,0.0045,0.006,other
568662,2026-04-13T00:00:00Z,2025-08-29T04:15:05.724765Z,796646.7811199995,0,0.0005,,0.0095,0.0065,other
568663,2026-04-13T00:00:00Z,2025-08-29T04:15:06.574397Z,1171784.6176650007,0,0.0005,0.0025,0.004,0.013,other
568664,2026-04-13T00:00:00Z,2025-08-29T04:15:09.666679Z,755699.721478002,0,0.0045,,0.0045,0.007,other
568665,2026-04-13T00:00:00Z,2025-08-29T04:15:09.961459Z,1856203.3438530008,0,0.007,0.0085,0.0075,0.015,other
568666,2026-04-13T00:00:00Z,2025-08-29T04:15:11.762203Z,5488560.050949971,0,0.043,0.0415,0.012,0.0115,other
568667,2026-04-13T00:00:00Z,2025-08-29T04:15:12.018594Z,968946.3214280016,0,0.0005,,0.003,0.0035,other
568668,2026-04-13T00:00:00Z,2025-08-29T04:15:13.715736Z,5467848.877346976,0,0.0415,,0.0155,0.015,other
568669,2026-04-13T00:00:00Z,2025-08-29T04:15:13.985672Z,2237066.4707290046,0,0.0105,0.0085,0.0095,0.017,other
568670,2026-04-13T00:00:00Z,2025-08-29T04:15:15.973461Z,920043.5369050024,0,0.0015,,0.0035,0.0195,other
568671,2026-04-13T00:00:00Z,2025-08-29T04:15:15.657817Z,918462.1113080004,0,0.0035,,0.0035,0.0105,other
568672,2026-04-13T00:00:00Z,2025-08-29T04:15:18.065273Z,468990.2217289994,0,0.012,,0.0045,0.0085,other
568673,2026-04-13T00:00:00Z,2025-08-29T04:15:17.740055Z,888696.3563910011,0,0.0005,0.0035,0.0035,0.013,other
568674,2026-04-13T00:00:00Z,2025-08-29T04:15:19.625158Z,531692.138289999,0,0.0005,,0.0035,0.0115,other
568675,2026-04-13T00:00:00Z,2025-08-29T04:15:19.885891Z,1632046.0455729978,0,0.0005,0.0005,0.0045,0.004,other
568676,2026-04-13T00:00:00Z,2025-08-29T04:15:24.395235Z,672604.9620659996,0,0.0125,0.013,0.0045,0.0065,other
568677,2026-04-13T00:00:00Z,2025-08-29T04:15:24.654136Z,947523.2182610031,0,0.0005,,0.0035,0.0055,other
568678,2026-04-13T00:00:00Z,2025-08-29T04:15:23.874332Z,571599.4874439999,0,0.0005,,0.0025,0.008,other
568679,2026-04-13T00:00:00Z,2025-08-29T04:15:24.136653Z,582188.3581820007,0,0.0005,0.0005,0.0035,0.0045,other
568680,2026-04-13T00:00:00Z,2025-08-29T04:15:26.240576Z,605663.063845,0,0.0015,0.0055,0.0045,0.0085,other
568681,2026-04-13T00:00:00Z,2025-08-29T04:15:25.889931Z,515374.3245260004,0,0.006,0.006,0.0025,0.0105,other
568682,2026-04-13T00:00:00Z,2025-08-29T04:15:28.265279Z,1129838.7912270022,0,0.0005,,0.0025,0.012,other
568683,2026-04-13T00:00:00Z,2025-08-29T04:15:27.952505Z,1218533.498652001,0,0.0005,,0.0035,0.019,other
568684,2026-04-13T00:00:00Z,2025-08-29T04:15:30.230317Z,695867.9656470021,0,0.0015,0.0025,0.0025,0.0055,other
568685,2026-04-13T00:00:00Z,2025-08-29T04:15:30.486585Z,797774.9562850035,0,0.0015,0.0025,0.0025,0.005,other
568686,2026-04-13T00:00:00Z,2025-08-29T04:15:29.966789Z,957176.4953820008,0,0.0015,,0.0025,0.003,other
568687,2026-04-13T00:00:00Z,2025-08-29T04:15:32.249546Z,1610727.576632007,0,0.0005,0.0035,0.0025,0.0005,other
568689,2026-04-13T00:00:00Z,2025-08-29T04:15:32.938Z,303021.1334830002,0,0.0035,,,,other
540881,2026-05-31T12:00:00Z,2025-05-02T17:00:26.233Z,15249931.011636002,0,0.0015,0.0015,0.0105,0.0215,other
561365,2026-05-18T00:00:00Z,2025-07-09T20:40:54.921Z,938369.8072940008,1,,,,0.815,sports
561366,2026-05-18T00:00:00Z,2025-07-09T20:40:55.174Z,193443.833528,0,,,0.0005,0.0015,sports
561367,2026-05-18T00:00:00Z,2025-07-09T20:40:55.931Z,135631.47228800005,0,,,,0.0015,sports
561368,2026-05-18T00:00:00Z,2025-07-09T20:40:55.426Z,235617.897093,0,,,,0.0015,sports
561369,2026-05-18T00:00:00Z,2025-07-09T20:40:55.679Z,364046.90831500007,0,,,,0.006,sports
561370,2026-05-18T00:00:00Z,2025-07-09T20:41:00.027Z,1130584.4613119983,0,,,,0.1565,sports
561371,2026-05-18T00:00:00Z,2025-07-09T20:41:00.28Z,886916.9905020003,0,,,0.0005,0.002,sports
561372,2026-05-18T00:00:00Z,2025-07-09T20:41:05.509Z,91521.347465,0,,,,0.0015,sports
561373,2026-05-18T00:00:00Z,2025-07-09T20:41:05.257Z,570744.708313,0,,,,0.001,sports
561377,2026-05-18T00:00:00Z,2025-07-09T20:41:05.004Z,102602.24133000002,0,,,,0.0015,sports
561379,2026-05-18T00:00:00Z,2025-07-09T20:41:04.011Z,128337.43215100004,0,,,0.0005,0.0015,sports
561380,2026-05-18T00:00:00Z,2025-07-09T20:41:09.994Z,64661.31353899997,0,,,0.0005,0.003,sports
561381,2026-05-18T00:00:00Z,2025-07-09T20:41:10.751Z,85732.99937199998,0,,,,0.0015,sports
562186,2026-05-26T00:00:00Z,2025-07-10T21:31:46.099Z,5465464.356768076,1,0.955,0.625,0.565,0.83,other
562187,2026-05-26T00:00:00Z,2025-07-10T21:31:46.351Z,4111349.9236582406,0,0.045,0.365,0.41,0.14,other
562188,2026-05-26T00:00:00Z,2025-07-10T21:31:45.311Z,971281.8704319986,0,0.0005,0.0005,0.0015,0.0005,other
562189,2026-05-26T00:00:00Z,2025-07-10T21:31:45.056Z,5597580.546129007,0,0.0005,0.0005,0.0005,0.0005,crypto/prices
562190,2026-05-26T00:00:00Z,2025-07-10T21:31:46.61Z,1861808.7975410025,0,0.0005,0.0005,0.001,0.033,other
566136,2026-05-31T00:00:00Z,2025-07-28T16:37:10.053306Z,19428880.86761904,1,0.575,0.575,0.305,0.095,other
566137,2026-05-31T00:00:00Z,2025-07-28T16:37:10.308911Z,5535579.626694023,0,,,,0.085,other
566138,2026-05-31T00:00:00Z,2025-07-28T16:37:12.296869Z,4481226.426851965,0,,,,0.115,other
566139,2026-05-31T00:00:00Z,2025-07-28T16:37:12.0436Z,5281076.39409185,0,,,,0.065,other
566140,2026-05-31T00:00:00Z,2025-07-28T16:37:14.126253Z,23610235.70386833,0,0.425,0.425,0.285,0.265,other
566142,2026-05-31T00:00:00Z,2025-07-28T16:37:15.092303Z,6836502.651219907,0,,,0.315,0.145,other
566145,2026-05-31T00:00:00Z,2025-07-28T16:37:18.633837Z,7286054.286861,0,,,,,other
566146,2026-05-31T00:00:00Z,2025-07-28T16:37:18.125439Z,24660057.10849773,0,,,0.0855,0.0325,other
566147,2026-05-31T00:00:00Z,2025-07-28T16:37:18.888313Z,2082121.876578,0,,,,,other
566148,2026-05-31T00:00:00Z,2025-07-28T16:37:20.541067Z,5357464.792264,0,,,,,other
566151,2026-05-31T00:00:00Z,2025-07-28T16:37:22.208072Z,3784244.309109,0,,,,0.0005,other
566153,2026-05-31T00:00:00Z,2025-07-28T16:37:25.825491Z,11867413.991408,0,,,,,other
566154,2026-05-31T00:00:00Z,2025-07-28T16:37:25.316429Z,5842226.092289,0,,,,,other
566155,2026-05-31T00:00:00Z,2025-07-28T16:37:25.571618Z,7892075.764682,0,,,,,other
566156,2026-05-31T00:00:00Z,2025-07-28T16:37:27.278648Z,7817714.745721,0,,,,,other
566157,2026-05-31T00:00:00Z,2025-07-28T16:37:27.533219Z,9616642.535204,0,,,,,other
566158,2026-05-31T00:00:00Z,2025-07-28T16:37:30.159967Z,12346832.550767,0,,,,,other
566159,2026-05-31T00:00:00Z,2025-07-28T16:37:32.434906Z,14482170.27963803,0,,,,0.0155,other
566160,2026-05-31T00:00:00Z,2025-07-28T16:37:32.18102Z,6440901.470863,0,,,,,other
566161,2026-05-31T00:00:00Z,2025-07-28T16:37:34.477079Z,70447.384549,0,,,,,other
566162,2026-05-31T00:00:00Z,2025-07-28T16:37:34.73033Z,344379.00715,0,,,,,other
566163,2026-05-31T00:00:00Z,2025-07-28T16:37:34.224107Z,13373490.72009,0,,,,,other
566164,2026-05-31T00:00:00Z,2025-07-28T16:37:36.133571Z,331062.991655,0,,,,,other
566166,2026-05-31T00:00:00Z,2025-07-28T16:37:39.347296Z,12756397.600714,0,,,,,other
566167,2026-05-31T00:00:00Z,2025-07-28T16:37:42.208133Z,21360158.2305,0,,,,,other
566168,2026-05-31T00:00:00Z,2025-07-28T16:37:42.971994Z,66427.940987,0,,,,,other
566169,2026-05-31T00:00:00Z,2025-07-28T16:37:42.717664Z,90340.440239,0,,,,,other
566170,2026-05-31T00:00:00Z,2025-07-28T16:37:42.462Z,19413483.37701489,0,,,0.0005,0.0005,other
566171,2026-05-31T00:00:00Z,2025-07-28T16:37:44.223254Z,97156.974572,0,,,,,other
566173,2026-05-31T00:00:00Z,2025-07-28T16:37:49.380368Z,73689.434072,0,,,,,other
566174,2026-05-31T00:00:00Z,2025-07-28T16:37:49.634908Z,28392439.058395,0,,,,,other
566186,2026-05-27T00:00:00Z,2025-07-24T00:08:07.972477Z,10979897.78935876,0,,,0.0005,0.0025,sports
566187,2026-05-27T00:00:00Z,2025-07-24T00:08:11.054883Z,12340533.59949487,1,,0.865,0.495,0.625,sports
566188,2026-05-27T00:00:00Z,2025-07-24T00:08:11.308063Z,13001660.71794095,0,,0.135,0.505,0.365,sports
566189,2026-05-27T00:00:00Z,2025-07-24T00:08:15.251581Z,91279169.5885377,0,,,,0.0015,sports
566191,2026-05-27T00:00:00Z,2025-07-24T00:08:17.020091Z,17010531.74043873,0,,,0.0005,0.0055,sports
566192,2026-05-27T00:00:00Z,2025-07-24T00:08:17.274747Z,30343735.157611,0,,,,0.0005,sports
566193,2026-05-27T00:00:00Z,2025-07-24T00:08:19.009197Z,20122826.904156744,0,,,0.0005,0.0035,sports
566194,2026-05-27T00:00:00Z,2025-07-24T00:08:19.306402Z,16471720.809997,0,,,,0.0015,sports
566195,2026-05-27T00:00:00Z,2025-07-24T00:08:20.241514Z,12919336.969253,0,,,,,sports
566198,2026-05-27T00:00:00Z,2025-07-24T00:08:24.998243Z,15860564.86628,0,,,,,sports
566199,2026-05-27T00:00:00Z,2025-07-24T00:08:25.253567Z,11852719.61893563,0,,,,0.0015,sports
566201,2026-05-27T00:00:00Z,2025-07-24T00:08:27.105149Z,14215751.030529665,0,,,,0.0015,sports
566202,2026-05-27T00:00:00Z,2025-07-24T00:08:26.850817Z,10360459.280202,0,,,,,sports
566203,2026-05-27T00:00:00Z,2025-07-24T00:08:28.015874Z,38359350.122948,0,,,,0.0005,sports
566204,2026-05-27T00:00:00Z,2025-07-24T00:08:27.762546Z,7463858.802443,0,,,,,sports
566227,2026-05-30T00:00:00Z,2025-07-28T16:27:47.524034Z,2733141.006010007,0,,,0.0095,0.37,sports
566228,2026-05-30T00:00:00Z,2025-07-28T16:36:42.782836Z,2889842.1004859824,1,,,0.989,0.595,sports
566229,2026-05-30T00:00:00Z,2025-07-28T16:36:43.039595Z,32336186.639486924,0,,,,0.0035,sports
566230,2026-05-30T00:00:00Z,2025-07-28T16:36:45.809276Z,27716401.252553035,0,,,,0.0035,sports
566240,2026-05-30T00:00:00Z,2025-07-28T16:36:58.210784Z,4716677.763793953,0,,,,0.0015,sports
566241,2026-05-30T00:00:00Z,2025-07-28T16:37:00.285185Z,7061877.497566,0,,,,0.0005,sports
566242,2026-05-30T00:00:00Z,2025-07-28T16:37:00.029655Z,18654900.399518,0,,,,0.0005,sports
566243,2026-05-30T00:00:00Z,2025-07-28T16:37:02.460091Z,3060742.320368,0,,,,,sports
566245,2026-05-30T00:00:00Z,2025-07-28T16:37:04.548995Z,4784864.161695,0,,,,0.0005,sports
566246,2026-05-30T00:00:00Z,2025-07-28T16:37:04.294101Z,7196701.225019,0,,,,,sports
566511,2026-05-28T00:00:00Z,2025-07-28T16:53:59.846092Z,664586.9968069998,0,,,0.0015,0.0125,sports
566512,2026-05-28T00:00:00Z,2025-07-28T16:54:00.099197Z,532869.1582070006,1,,,0.999,0.925,sports
566513,2026-05-28T00:00:00Z,2025-07-28T16:54:02.940575Z,171871.47721799984,0,,,0.001,0.003,sports
566514,2026-05-28T00:00:00Z,2025-07-28T16:54:03.193664Z,302389.6046600002,0,,,0.001,0.017,sports
566515,2026-05-28T00:00:00Z,2025-07-28T16:54:04.14545Z,227679.1615259998,0,,,,0.006,sports
566516,2026-05-28T00:00:00Z,2025-07-28T16:54:03.892453Z,91023.60739,0,,,,0.0005,sports
566518,2026-05-28T00:00:00Z,2025-07-28T16:54:05.748046Z,58899.691535,0,,,,,sports
566520,2026-05-28T00:00:00Z,2025-07-28T16:54:09.878477Z,182922.53861800005,0,,,,0.0005,sports
566521,2026-05-28T00:00:00Z,2025-07-28T16:54:13.07031Z,90296.161201,0,,,,,sports
566522,2026-05-28T00:00:00Z,2025-07-28T16:54:12.817004Z,102843.629191,0,,,,,sports
566524,2026-05-28T00:00:00Z,2025-07-28T16:54:13.756401Z,124290.691164,0,,,,0.0005,sports
566526,2026-05-28T00:00:00Z,2025-07-28T16:54:14.008966Z,124420.258401,0,,,,0.0005,sports
566527,2026-05-28T00:00:00Z,2025-07-28T16:54:15.810374Z,581019.229885,0,,,,,sports
566528,2026-05-28T00:00:00Z,2025-07-28T16:54:17.04692Z,75587.94909,0,,,,,sports
566529,2026-05-28T00:00:00Z,2025-07-28T16:54:17.552771Z,85019.048542,0,,,,,sports
566530,2026-05-28T00:00:00Z,2025-07-28T16:54:16.79433Z,53801.240656,0,,,,,sports
566536,2026-05-28T00:00:00Z,2025-07-28T16:53:35.741124Z,210563.48595300008,1,,,,0.967,sports
566538,2026-05-28T00:00:00Z,2025-07-28T16:53:37.808922Z,383029.3842110001,0,,,,0.018,sports
566539,2026-05-28T00:00:00Z,2025-07-28T16:53:40.116555Z,395919.8814069999,0,,,,0.0015,sports
566542,2026-05-28T00:00:00Z,2025-07-28T16:53:42.061463Z,108475.388332,0,,,,,sports
566543,2026-05-28T00:00:00Z,2025-07-28T16:53:44.687043Z,374352.5564459995,0,,,,0.0015,sports
566544,2026-05-28T00:00:00Z,2025-07-28T16:53:44.434436Z,132760.561377,0,,,,,sports
566545,2026-05-28T00:00:00Z,2025-07-28T16:53:43.929567Z,147832.637269,0,,,,,sports
566546,2026-05-28T00:00:00Z,2025-07-28T16:53:44.181665Z,112660.7105,0,,,,,sports
566547,2026-05-28T00:00:00Z,2025-07-28T16:53:45.202693Z,334377.94421099965,0,,,,0.0035,sports
566548,2026-05-28T00:00:00Z,2025-07-28T16:53:44.949622Z,227834.81,0,,,,0.0015,sports
566549,2026-05-28T00:00:00Z,2025-07-28T16:53:47.136306Z,119838.729152,0,,,,,sports
566550,2026-05-28T00:00:00Z,2025-07-28T16:53:46.884087Z,166891.878021,0,,,,0.0015,sports
566551,2026-05-28T00:00:00Z,2025-07-28T16:53:49.217627Z,165423.982262,0,,,,0.0015,sports
566552,2026-05-28T00:00:00Z,2025-07-28T16:53:48.964646Z,205256.840375,0,,,,,sports
566553,2026-05-28T00:00:00Z,2025-07-28T16:53:51.805602Z,166081.850213,0,,,,,sports
566731,2026-05-30T00:00:00Z,2025-07-28T16:57:45.86036Z,218130.81231199985,1,,,0.9825,0.905,other
566732,2026-05-30T00:00:00Z,2025-07-28T16:57:45.607144Z,471866.877991,0,,,,0.0015,other
566733,2026-05-30T00:00:00Z,2025-07-28T16:57:47.710489Z,202744.4526440003,0,,,,0.0015,other
566734,2026-05-30T00:00:00Z,2025-07-28T16:57:47.962641Z,143444.445866,0,,,,0.0005,other
566735,2026-05-30T00:00:00Z,2025-07-28T16:57:47.458011Z,457273.496166,0,,,,0.0155,other
566736,2026-05-30T00:00:00Z,2025-07-28T16:57:49.465786Z,120152.586704,0,,,,0.0005,other
566737,2026-05-30T00:00:00Z,2025-07-28T16:57:49.718737Z,13695705.167134035,0,,,0.011,0.0795,other
566738,2026-05-30T00:00:00Z,2025-07-28T16:57:51.646566Z,233647.89527800007,0,,,,0.0005,other
566739,2026-05-30T00:00:00Z,2025-07-28T16:57:51.393511Z,210863.04675000004,0,,,,0.0005,other
566741,2026-05-30T00:00:00Z,2025-07-28T16:57:55.320018Z,62859.593666,0,,,,,other
566742,2026-05-30T00:00:00Z,2025-07-28T16:57:58.528368Z,71164.506166,0,,,,,other
566744,2026-05-30T00:00:00Z,2025-07-28T16:57:59.714677Z,101193.907166,0,,,,,other
566745,2026-05-30T00:00:00Z,2025-07-28T16:57:59.461946Z,90269.420499,0,,,,0.0005,other
566747,2026-05-30T00:00:00Z,2025-07-28T16:58:03.694787Z,101450.846333,0,,,,0.0005,other
517427,2026-06-30T12:00:00Z,2025-01-15T17:27:56.924Z,32591.506276,0,,,,,other
517428,2026-06-30T12:00:00Z,2025-01-15T17:26:43.313682Z,132829.214969,0,,,,,other
553824,2026-06-30T00:00:00Z,2025-06-23T16:00:27.271901Z,2107510.0011640154,1,,,0.555,0.115,sports
553825,2026-06-30T00:00:00Z,2025-06-23T16:00:31.029371Z,1621897.9388059953,0,,,,,sports
553826,2026-06-30T00:00:00Z,2025-06-23T16:00:31.287467Z,886994.4646690047,0,,,,0.055,sports
553827,2026-06-30T00:00:00Z,2025-06-23T16:00:31.809642Z,1627126.959729992,0,,,,0.0865,sports
553828,2026-06-30T00:00:00Z,2025-06-23T16:00:32.063001Z,15646089.198234096,0,,,,0.1995,sports
553829,2026-06-30T00:00:00Z,2025-06-23T16:00:33.045642Z,3553227.351761979,0,,,0.4235,,sports
553830,2026-06-30T00:00:00Z,2025-06-23T16:00:31.54144Z,1977228.33126297,0,,,,0.143,sports
553831,2026-06-30T00:00:00Z,2025-06-23T16:00:38.479612Z,7406808.758214913,0,,,,0.008,sports
553832,2026-06-30T00:00:00Z,2025-06-23T16:00:37.972498Z,1062608.4270480024,0,,,,0.003,sports
553833,2026-06-30T00:00:00Z,2025-06-23T16:00:38.225812Z,1247564.6114019994,0,,,,0.002,sports
553834,2026-06-30T00:00:00Z,2025-06-23T16:00:36.985726Z,1332802.109349,0,,,,0.0005,sports
553835,2026-06-30T00:00:00Z,2025-06-23T16:00:41.293429Z,1792280.774648005,0,,,,0.0025,sports
553837,2026-06-30T00:00:00Z,2025-06-23T16:00:41.802179Z,1492336.077762996,0,,,,0.027,sports
553838,2026-06-30T00:00:00Z,2025-06-23T16:00:41.036571Z,9627478.211555917,0,,,,0.0475,sports
553839,2026-06-30T00:00:00Z,2025-06-23T16:00:42.056873Z,1442869.0553379965,0,,,,0.0285,sports
553840,2026-06-30T00:00:00Z,2025-06-23T16:00:41.546889Z,1092185.5271450025,0,,,,0.0005,sports
553842,2026-06-30T00:00:00Z,2025-06-23T16:00:47.214493Z,4407128.245497999,0,,,,0.0165,sports
553843,2026-06-30T00:00:00Z,2025-06-23T16:00:51.895589Z,1850918.2378379933,0,,,,,sports
553844,2026-06-30T00:00:00Z,2025-06-23T16:00:51.638677Z,1022342.7095569988,0,,,,0.025,sports
553845,2026-06-30T00:00:00Z,2025-06-23T16:00:51.378875Z,1182097.218034003,0,,,,0.0005,sports
553846,2026-06-30T00:00:00Z,2025-06-23T16:00:52.670043Z,2007412.646214,0,,,,,sports
553847,2026-06-30T00:00:00Z,2025-06-23T16:00:52.151565Z,1266491.719208001,0,,,,,sports
553848,2026-06-30T00:00:00Z,2025-06-23T16:00:52.413246Z,1966789.0777720008,0,,,,0.0275,sports
553849,2026-06-30T00:00:00Z,2025-06-23T16:00:57.442213Z,3778981.360806981,0,,,0.0265,0.0325,sports
553850,2026-06-30T00:00:00Z,2025-06-23T16:00:57.695951Z,1533845.9883809935,0,,,,0.023,sports
553851,2026-06-30T00:00:00Z,2025-06-23T16:00:58.206591Z,4095400.153576969,0,,,,0.059,sports
553852,2026-06-30T00:00:00Z,2025-06-23T16:00:57.949928Z,2044748.2219610044,0,,,,,sports
553853,2026-06-30T00:00:00Z,2025-06-23T16:01:03.314921Z,1056274.5498629992,0,,,,,sports
553854,2026-06-30T00:00:00Z,2025-06-23T16:01:01.58428Z,1566955.9774130024,0,,,,0.0005,sports
553855,2026-06-30T00:00:00Z,2025-06-23T16:01:03.571632Z,1078090.5133339996,0,,,,,sports
553856,2026-07-01T00:00:00Z,2025-06-23T16:01:57.928832Z,15151786.681256063,0,,,0.415,,sports
553857,2026-07-01T00:00:00Z,2025-06-23T16:02:01.826433Z,19033724.28667667,0,,,,0.0515,sports
553858,2026-07-01T00:00:00Z,2025-06-23T16:02:01.572Z,30553323.31158804,1,,,0.3255,,sports
553859,2026-07-01T00:00:00Z,2025-06-23T16:02:02.079692Z,17929080.31429684,0,,,,,sports
553860,2026-07-01T00:00:00Z,2025-06-23T16:02:00.650696Z,8698094.415160118,0,,,,,sports
553862,2026-07-01T00:00:00Z,2025-06-23T16:02:18.099758Z,13369252.460822184,0,,,,0.1075,sports
553863,2026-07-01T00:00:00Z,2025-06-23T16:02:17.579143Z,24030698.56658757,0,,,,0.0385,sports
553864,2026-07-01T00:00:00Z,2025-06-23T16:02:21.905414Z,15353717.342300974,0,,,,0.0055,sports
553865,2026-07-01T00:00:00Z,2025-06-23T16:02:22.414554Z,8241610.263724043,0,,,,0.085,sports
553866,2026-07-01T00:00:00Z,2025-06-23T16:02:23.789333Z,42740007.48347176,0,,,0.2695,0.171,sports
553867,2026-07-01T00:00:00Z,2025-06-23T16:02:21.652045Z,15519471.19299574,0,,,,,sports
553868,2026-07-01T00:00:00Z,2025-06-23T16:02:22.161098Z,14842334.084927952,0,,,,0.0185,sports
553869,2026-07-01T00:00:00Z,2025-06-23T16:02:22.667797Z,17979233.991708636,0,,,,0.0075,sports
553871,2026-07-01T00:00:00Z,2025-06-23T16:02:28.153322Z,19122304.712672807,0,,,,,sports
553872,2026-07-01T00:00:00Z,2025-06-23T16:02:37.912941Z,8720453.115261847,0,,,,,sports
553873,2026-07-01T00:00:00Z,2025-06-23T16:02:36.720014Z,13351485.90604494,0,,,,0.0055,sports
553876,2026-07-01T00:00:00Z,2025-06-23T16:02:41.032278Z,17582269.99782278,0,,,,,sports
553877,2026-07-01T00:00:00Z,2025-06-23T16:02:40.77673Z,17570704.051959917,0,,,,0.0055,sports
553878,2026-07-01T00:00:00Z,2025-06-23T16:02:42.983826Z,25350912.14729484,0,,,,,sports
553879,2026-07-01T00:00:00Z,2025-06-23T16:02:41.286933Z,24832577.43866959,0,,,,,sports
553881,2026-07-01T00:00:00Z,2025-06-23T16:02:42.730208Z,20381601.20573864,0,,,,,sports
553882,2026-07-01T00:00:00Z,2025-06-23T16:02:47.87066Z,36535986.5725531,0,,,,0.0095,sports
554789,2026-06-30T04:00:00Z,2025-06-23T16:38:16.988Z,26202.868297,0,,,,,crypto/prices
556063,2026-06-30T00:00:00Z,2025-06-26T19:48:44.201Z,2987049.3927380126,0,,,,0.025,crypto/prices
556074,2026-06-30T00:00:00Z,2025-06-26T19:48:05.232869Z,7362833.34727,1,,,,,crypto/prices
556075,2026-06-30T00:00:00Z,2025-06-26T19:48:04.979Z,1591809.883869,0,,,,,crypto/prices
556111,2026-06-30T00:00:00Z,2025-06-26T19:50:44.245Z,1218316.108048,1,,,,,other
556112,2026-06-30T00:00:00Z,2025-06-26T19:50:39.804Z,1227801.464404,1,,,,,other
564161,2026-06-10T00:00:00Z,2025-07-17T12:14:01.096386Z,5006819.631420108,0,,,0.008,0.0345,sports
564162,2026-06-10T00:00:00Z,2025-07-17T12:14:01.350314Z,4481675.943853785,1,,,0.9845,0.875,sports
564163,2026-06-10T00:00:00Z,2025-07-17T12:14:04.47342Z,15416988.726602986,0,,,,0.0085,sports
564164,2026-06-10T00:00:00Z,2025-07-17T12:14:04.731115Z,5991089.680213994,0,,,,0.0005,sports
564165,2026-06-10T00:00:00Z,2025-07-17T12:14:04.220729Z,2038252.9709520016,0,,,,0.004,sports
564166,2026-06-10T00:00:00Z,2025-07-17T12:14:04.983882Z,5514111.4917549845,0,,,0.0085,0.0405,sports
564167,2026-06-10T00:00:00Z,2025-07-17T12:14:05.237064Z,1319687.4614589992,0,,,,0.0005,sports
564168,2026-06-10T00:00:00Z,2025-07-17T12:14:07.113304Z,2881102.0287050195,0,,,,0.0195,sports
564169,2026-06-10T00:00:00Z,2025-07-17T12:14:07.367847Z,558981.9322040004,0,,,,0.0005,sports
564170,2026-06-10T00:00:00Z,2025-07-17T12:14:09.363587Z,1314217.816425,0,,,,0.0005,sports
564171,2026-06-10T00:00:00Z,2025-07-17T12:14:09.109452Z,2107982.499463008,0,,,,0.0005,sports
564172,2026-06-10T00:00:00Z,2025-07-17T12:14:11.209349Z,3576557.716003998,0,,,,0.0005,sports
564173,2026-06-10T00:00:00Z,2025-07-17T12:14:11.462854Z,1066290.3007970003,0,,,,0.0005,sports
564174,2026-06-10T00:00:00Z,2025-07-17T12:14:13.167339Z,5738515.380547002,0,,,,0.0005,sports
564175,2026-06-10T00:00:00Z,2025-07-17T12:14:13.420629Z,3118008.327710993,0,,,,0.0035,sports
564176,2026-06-10T00:00:00Z,2025-07-17T12:14:16.95058Z,5969083.077759993,0,,,,0.0005,sports
564177,2026-06-10T00:00:00Z,2025-07-17T12:14:21.122833Z,1594210.8398120005,0,,,,0.0005,sports
564178,2026-06-10T00:00:00Z,2025-07-17T12:14:23.188842Z,7304495.992795997,0,,,,0.0005,sports
564179,2026-06-10T00:00:00Z,2025-07-17T12:14:23.442306Z,5750824.521921998,0,,,,0.0005,sports
564180,2026-06-10T00:00:00Z,2025-07-17T12:14:25.138068Z,10221760.703946004,0,,,,0.0005,sports
564181,2026-06-10T00:00:00Z,2025-07-17T12:14:25.391323Z,2887502.695780001,0,,,,0.0005,sports
564183,2026-06-10T00:00:00Z,2025-07-17T12:14:27.193Z,1363237.7292710005,0,,,,0.0015,sports
564194,2026-06-13T00:00:00Z,2025-07-17T12:14:37.782542Z,1859478.8589589968,0,,,0.145,0.215,sports
564195,2026-06-13T00:00:00Z,2025-07-17T12:14:38.0358Z,2398599.817792974,1,,,0.63,0.165,sports
564196,2026-06-13T00:00:00Z,2025-07-17T12:14:37.529412Z,1854099.879892989,0,,,,0.0275,sports
564197,2026-06-13T00:00:00Z,2025-07-17T12:14:38.543782Z,338715.80395599984,0,,,,0.012,sports
564198,2026-06-13T00:00:00Z,2025-07-17T12:14:42.857517Z,1199759.3384470027,0,,,0.2235,0.165,sports
564199,2026-06-13T00:00:00Z,2025-07-17T12:14:42.596043Z,1014823.7989330027,0,,,0.0005,0.0165,sports
564200,2026-06-13T00:00:00Z,2025-07-17T12:14:52.624279Z,1068298.4533900009,0,,,,0.336,sports
564204,2026-06-13T00:00:00Z,2025-07-17T12:14:56.808532Z,551267.3421610019,0,,,,0.0325,sports
564205,2026-06-13T00:00:00Z,2025-07-17T12:14:58.45878Z,9230223.678035991,0,,,,0.031,sports
564206,2026-06-13T00:00:00Z,2025-07-17T12:14:58.711493Z,164844.76201299994,0,,,,0.0015,sports
564208,2026-06-13T00:00:00Z,2025-07-17T12:15:01.736958Z,421759.18539899983,0,,,,,sports
564210,2026-06-16T00:00:00Z,2025-07-17T12:15:02.471079Z,2627796.246074989,0,,,0.685,0.49,sports
564211,2026-06-16T00:00:00Z,2025-07-17T12:15:04.720823Z,395659.2370349999,0,,,,0.12,sports
564212,2026-06-16T00:00:00Z,2025-07-17T12:15:04.467447Z,1052813.0218569993,0,,,,0.036,sports
564213,2026-06-16T00:00:00Z,2025-07-17T12:15:07.478452Z,3758413.5352749177,0,,,,0.053,sports
564214,2026-06-16T00:00:00Z,2025-07-17T12:15:09.668533Z,939266.230478998,0,,,0.0265,0.0445,sports
564215,2026-06-16T00:00:00Z,2025-07-17T12:15:08.580723Z,714309.267049001,0,,,,0.033,sports
564216,2026-06-16T00:00:00Z,2025-07-17T12:15:10.626508Z,11441855.923165036,0,,,,0.011,sports
564218,2026-06-16T00:00:00Z,2025-07-17T12:15:11.386053Z,3086986.9646930043,1,,,0.2915,0.1975,sports
564222,2026-06-16T00:00:00Z,2025-07-17T12:15:24.525852Z,405564.80903199874,0,,,,0.017,sports
564223,2026-06-16T00:00:00Z,2025-07-17T12:15:24.77952Z,657361.9440509991,0,,,,0.0085,sports
564224,2026-06-16T00:00:00Z,2025-07-17T12:15:26.922575Z,53886.739146,0,,,,0.0015,sports
565926,2026-06-30T00:00:00Z,2025-07-21T14:42:41.865Z,116703.762131,1,,,,,other
565930,2026-06-30T00:00:00Z,2025-07-21T14:43:26.177Z,12177341.281891,1,,,,,other
569356,2026-06-21T14:00:00Z,2025-07-29T17:22:53.056281Z,3024888.535687,0,0.0005,0.0005,0.0005,0.0005,politics
569357,2026-06-21T14:00:00Z,2025-07-29T17:22:56.293111Z,1931059.8008420155,0,0.0005,0.0005,0.0005,0.0025,politics
569358,2026-06-21T14:00:00Z,2025-07-29T17:22:56.03861Z,1207057.0262990056,0,0.0005,0.0005,0.0005,0.0065,politics
569359,2026-06-21T14:00:00Z,2025-07-29T17:23:01.247973Z,1860921.864651001,0,0.0005,0.0005,0.0005,0.0005,politics
569360,2026-06-21T14:00:00Z,2025-07-29T17:23:00.99509Z,1535907.4933820108,0,0.0005,0.0005,0.0005,0.002,politics
569361,2026-06-21T14:00:00Z,2025-07-29T17:23:01.501Z,24615.427823,0,,,,,politics
569362,2026-06-21T14:00:00Z,2025-07-29T17:23:02.007709Z,5796853.804643,0,0.0005,0.0005,0.0005,0.0005,politics
569363,2026-06-21T14:00:00Z,2025-07-29T17:23:01.754923Z,2394251.6639960203,0,0.0005,0.0005,0.0005,0.0075,politics
569364,2026-06-21T14:00:00Z,2025-07-29T17:23:03.289393Z,769362.9269090014,0,0.0005,0.0005,0.0005,0.0005,politics
569365,2026-06-21T14:00:00Z,2025-07-29T17:23:03.035844Z,1787258.4062750214,0,,,0.0005,0.0015,politics
569366,2026-06-21T14:00:00Z,2025-07-29T17:23:05.155Z,6883971.476312924,1,0.895,0.875,0.505,0.13,politics
569367,2026-06-21T14:00:00Z,2025-07-29T17:23:05.408Z,2526661.7690050183,0,0.0005,0.0005,0.0005,0.0005,politics
569368,2026-06-21T14:00:00Z,2025-07-29T17:23:07.325Z,7331927.18613499,0,0.105,0.115,0.405,0.405,politics
569369,2026-06-21T14:00:00Z,2025-07-29T17:23:07.072Z,706368.0127600001,0,0.0005,0.0005,0.0005,0.0005,politics
540816,2026-07-31T12:00:00Z,2025-05-02T15:48:00.174Z,1676301.745145051,1,,,,0.56,other
549621,2026-07-31T00:00:00Z,2025-06-03T22:01:15.425916Z,10147546.752816,0,,,,,politics
549622,2026-07-31T00:00:00Z,2025-06-03T22:01:15.166569Z,1679680.306599,0,,,,,politics
549623,2026-07-31T00:00:00Z,2025-06-03T22:01:22.848092Z,2826083.047992,0,,,,,politics
549624,2026-07-31T00:00:00Z,2025-06-03T22:01:22.589832Z,888174.018666,0,,,,,politics
549625,2026-07-31T00:00:00Z,2025-06-03T22:01:22.328198Z,5979751.010623,1,,,,,politics
549626,2026-07-31T00:00:00Z,2025-06-03T22:01:23.110456Z,1914608.241015,0,,,,,politics
549627,2026-07-31T00:00:00Z,2025-06-03T22:01:21.570528Z,2037728.292084,0,,,,,politics
549628,2026-07-31T00:00:00Z,2025-06-03T22:01:21.315163Z,1297463.015764,0,,,,,politics
549629,2026-07-31T00:00:00Z,2025-06-03T22:01:26.456556Z,329132.0745,0,,,,,politics
549630,2026-07-31T00:00:00Z,2025-06-03T22:01:25.796361Z,646092.046,0,,,,,politics
549631,2026-07-31T00:00:00Z,2025-06-03T22:01:26.057144Z,1887722.045089,0,,,,,politics
549632,2026-07-31T00:00:00Z,2025-06-03T22:01:25.5368Z,255529.647,0,,,,,politics
549633,2026-07-31T00:00:00Z,2025-06-03T22:01:29.960126Z,665979.567,0,,,,,politics
549634,2026-07-31T00:00:00Z,2025-06-03T22:01:30.372726Z,569776.874849,0,,,,,politics
549635,2026-07-31T00:00:00Z,2025-06-03T22:01:29.428817Z,1666125.902582,0,,,,,politics
550014,2026-07-31T00:00:00Z,2025-06-05T19:43:59.05Z,927838.471333,1,,,,,politics
550015,2026-07-31T00:00:00Z,2025-06-05T19:43:59.309Z,1671167.838924,0,,,,,politics
550016,2026-07-31T00:00:00Z,2025-06-05T19:44:03.163Z,272055.515035,0,,,,,politics
550017,2026-07-31T00:00:00Z,2025-06-05T19:44:02.906Z,195810.803766,0,,,,,politics
550018,2026-07-31T00:00:00Z,2025-06-05T19:44:03.921Z,53013.728055,0,,,,,politics
550019,2026-07-31T00:00:00Z,2025-06-05T19:44:03.418Z,1008418.8797,0,,,,,politics
550020,2026-07-31T00:00:00Z,2025-06-05T19:44:10.372Z,152590.373192,0,,,,,politics
550021,2026-07-31T00:00:00Z,2025-06-05T19:44:09.606Z,37956.2325,0,,,,,politics
550022,2026-07-31T00:00:00Z,2025-06-05T19:44:09.096Z,4164067.030086,0,,,,,politics
550023,2026-07-31T00:00:00Z,2025-06-05T19:44:09.861Z,34438.1114,0,,,,,politics
550024,2026-07-31T00:00:00Z,2025-06-05T19:44:09.351Z,26265.67583,0,,,,,politics
550025,2026-07-31T00:00:00Z,2025-06-05T19:44:10.116Z,62616.404866,0,,,,,politics
550026,2026-07-31T00:00:00Z,2025-06-05T19:44:13.134Z,46009.5755,0,,,,,politics
550027,2026-07-31T00:00:00Z,2025-06-05T19:44:12.199Z,63024.665349,0,,,,,politics
550028,2026-07-31T00:00:00Z,2025-06-05T19:44:13.389Z,61915.7285,0,,,,,politics
556108,2026-07-01T04:00:00Z,2025-06-26T19:51:03.475Z,1630392.446886997,0,0.0085,0.0055,0.1455,,crypto/prices
558934,2026-07-20T00:00:00Z,2025-07-02T22:26:48.104Z,152168021.58979887,1,0.5915,0.2065,0.1365,,other
558935,2026-07-20T00:00:00Z,2025-07-02T22:26:52.326Z,110162254.18757918,0,0.0005,0.2075,0.1285,0.1095,other
558936,2026-07-20T00:00:00Z,2025-07-02T22:26:52.583Z,132448346.86106884,0,,0.3845,0.1845,,other
558937,2026-07-20T00:00:00Z,2025-07-02T22:26:52.84Z,81936874.65550427,0,,,0.0665,0.0855,other
558938,2026-07-20T00:00:00Z,2025-07-02T22:26:52.071Z,174315688.25573426,0,0.4055,0.168,0.1175,0.0875,other
558939,2026-07-20T00:00:00Z,2025-07-02T22:26:57.855Z,80873590.38103242,0,,,0.0585,,other
558940,2026-07-20T00:00:00Z,2025-07-02T22:26:58.618Z,109092961.84747171,0,,,0.0775,,other
558941,2026-07-20T00:00:00Z,2025-07-02T22:26:58.109Z,77727053.21317497,0,,,0.0395,0.0325,other
558942,2026-07-20T00:00:00Z,2025-07-02T22:26:58.364Z,8666273.297316846,0,,,,,other
558943,2026-07-20T00:00:00Z,2025-07-02T22:27:00.955Z,142460221.86557126,0,,,0.0225,0.0115,other
558944,2026-07-20T00:00:00Z,2025-07-02T22:27:01.463Z,78019361.83129518,0,,,0.0055,0.0095,other
558945,2026-07-20T00:00:00Z,2025-07-02T22:27:01.209Z,137807960.8917842,0,,,0.0135,0.0105,other
558946,2026-07-20T00:00:00Z,2025-07-02T22:27:08.513Z,129278677.369467,0,,0.0005,0.0155,,other
558947,2026-07-20T00:00:00Z,2025-07-02T22:27:07.752Z,104668584.41449788,0,,,0.0165,0.0165,other
558948,2026-07-20T00:00:00Z,2025-07-02T22:27:08.259Z,264589.508269,0,,,,,other
558949,2026-07-20T00:00:00Z,2025-07-02T22:27:08.006Z,95790683.29305989,0,,,0.0165,,other
558951,2026-07-20T00:00:00Z,2025-07-02T22:27:12.778Z,137345387.0652803,0,,0.0005,0.0255,0.0225,other
558952,2026-07-20T00:00:00Z,2025-07-02T22:27:13.031Z,102858402.64237364,0,,,0.0035,0.0055,other
558954,2026-07-20T00:00:00Z,2025-07-02T22:27:12.017Z,36470355.983686015,0,,,0.0005,0.0025,other
558955,2026-07-20T00:00:00Z,2025-07-02T22:27:12.271Z,96888032.2203568,0,,,0.0045,0.0065,other
558956,2026-07-20T00:00:00Z,2025-07-02T22:27:17.403Z,107400630.58821648,0,,,0.0015,,other
558957,2026-07-20T00:00:00Z,2025-07-02T22:27:17.147Z,47529246.662645176,0,,,0.0005,0.0015,other
558958,2026-07-20T00:00:00Z,2025-07-02T22:27:17.913Z,88367393.01311678,0,,,0.0045,0.0025,other
558959,2026-07-20T00:00:00Z,2025-07-02T22:27:17.657Z,62233146.37678978,0,,,0.0005,0.0025,other
558960,2026-07-20T00:00:00Z,2025-07-02T22:27:23.588Z,61524249.26841759,0,,,0.0005,,other
558961,2026-07-20T00:00:00Z,2025-07-02T22:27:23.333Z,107521229.19240354,0,,,0.0035,,other
558962,2026-07-20T00:00:00Z,2025-07-02T22:27:22.314Z,33082576.34188277,0,,,0.0005,0.0015,other
558963,2026-07-20T00:00:00Z,2025-07-02T22:27:22.568Z,152254451.3257818,0,,0.0005,0.0235,0.0175,other
558964,2026-07-20T00:00:00Z,2025-07-02T22:27:22.823Z,46577445.48789424,0,,,0.0005,,other
558965,2026-07-20T00:00:00Z,2025-07-02T22:27:23.078Z,80692765.78550497,0,,,0.0065,,other
558966,2026-07-20T00:00:00Z,2025-07-02T22:27:22.059Z,111749187.63597094,0,,,0.0045,0.0045,other
558967,2026-07-20T00:00:00Z,2025-07-02T22:27:23.843Z,89137687.48381385,0,,,0.0015,0.0025,other
558968,2026-07-20T00:00:00Z,2025-07-02T22:27:27.82Z,158580818.67117897,0,,,0.0025,,other
558969,2026-07-20T00:00:00Z,2025-07-02T22:27:27.012Z,90337041.03721622,0,,,0.0015,0.0025,other
558970,2026-07-20T00:00:00Z,2025-07-02T22:27:26.757Z,119207233.3327582,0,,,0.0005,0.0015,other
558971,2026-07-20T00:00:00Z,2025-07-02T22:27:31.656Z,45097302.84833185,0,,,0.0005,,other
558972,2026-07-20T00:00:00Z,2025-07-02T22:27:30.886Z,57271836.51288372,0,,,0.0005,,other
558973,2026-07-20T00:00:00Z,2025-07-02T22:27:31.143Z,67943136.59193021,0,,,0.0025,,other
558974,2026-07-20T00:00:00Z,2025-07-02T22:27:31.4Z,132837715.7947361,0,,0.0155,0.0095,,other
558975,2026-07-20T00:00:00Z,2025-07-02T22:27:42.199Z,85671553.448979,0,,,0.0045,,other
558976,2026-07-20T00:00:00Z,2025-07-02T22:27:43.058Z,109483286.88874409,0,,,0.0065,0.0085,other
558977,2026-07-20T00:00:00Z,2025-07-02T22:27:41.944Z,33265926.54182009,0,,,0.0005,,other
558978,2026-07-20T00:00:00Z,2025-07-02T22:27:41.688Z,44007492.74691623,0,,,0.0005,0.0015,other
558979,2026-07-20T00:00:00Z,2025-07-02T22:27:41.433Z,20049174.385756884,0,,,0.0005,0.0025,other
558980,2026-07-20T00:00:00Z,2025-07-02T22:27:41.179Z,77544086.61694826,0,,,0.0055,0.0055,other
558981,2026-07-20T00:00:00Z,2025-07-02T22:27:46.901Z,96120346.28892957,0,,,0.0015,0.0025,other
558982,2026-07-20T00:00:00Z,2025-07-02T22:27:47.156Z,30615070.59271094,0,,,0.0005,0.0015,other
558983,2026-07-20T00:00:00Z,2025-07-02T22:27:47.665Z,63473942.77971768,0,,,0.0005,,other
558984,2026-07-20T00:00:00Z,2025-07-02T22:27:47.41Z,57485266.93301565,0,,,0.0005,0.0035,other
558985,2026-07-20T00:00:00Z,2025-07-02T22:27:52.991Z,61684097.10867325,0,,,0.0045,,other
573655,2026-07-01T04:00:00Z,2025-08-07T16:29:22.979697Z,22066951.68564701,0,0.0005,0.0015,0.0055,0.017,crypto/prices
587257,2026-07-31T00:00:00Z,2025-09-04T03:21:18.914Z,154464.329658,1,,,,,politics
587258,2026-07-31T00:00:00Z,2025-09-04T03:21:21.283Z,137840.174928,0,,,,,politics
587259,2026-07-31T00:00:00Z,2025-09-04T03:21:21.538Z,75126.044938,0,,,,,politics
587260,2026-07-31T00:00:00Z,2025-09-04T03:21:21.027Z,41151.639901,0,,,,,politics
587261,2026-07-31T00:00:00Z,2025-09-04T03:21:23.411Z,104047.372263,0,,,,,politics
587262,2026-07-31T00:00:00Z,2025-09-04T03:21:23.157Z,54086.667593,0,,,,,politics
587263,2026-07-31T00:00:00Z,2025-09-04T03:21:23.666Z,123438.665332,0,,,,,politics
587264,2026-07-31T00:00:00Z,2025-09-04T03:21:24.203Z,61920.209964,0,,,,,politics
587265,2026-07-31T00:00:00Z,2025-09-04T03:21:24.459Z,22981.735,0,,,,,politics
587266,2026-07-31T00:00:00Z,2025-09-04T03:21:26.656Z,28433.435333,0,,,,,politics
587267,2026-07-31T00:00:00Z,2025-09-04T03:21:26.391Z,57756.858559,0,,,,,politics
587268,2026-07-31T00:00:00Z,2025-09-04T03:21:28.354Z,42675.817203,0,,,,,politics
587269,2026-07-31T00:00:00Z,2025-09-04T03:21:30.782Z,339397.227,0,,,,,politics
587270,2026-07-31T00:00:00Z,2025-09-04T03:21:30.528Z,136912.511,0,,,,,politics
587277,2026-07-31T00:00:00Z,2025-09-04T03:21:40.831Z,126082.75811,0,,,,,politics
563650,2026-08-01T03:59:00Z,2025-07-16T19:37:42.408Z,960210.463569,0,0.0015,0.012,0.0495,0.055,sports
582717,2026-08-31T00:00:00Z,2025-08-28T16:38:46.487Z,308359.6460349996,0,,,,0.0195,other
599303,2026-08-04T00:00:00Z,2025-09-15T19:40:30.405Z,135162.017779,0,0.0005,0.0005,0.006,0.325,other
599304,2026-08-04T00:00:00Z,2025-09-15T19:40:31.645Z,1430894.620659999,0,0.0275,0.3535,0.136,0.1695,other
599305,2026-08-04T00:00:00Z,2025-09-15T19:40:31.393Z,2455198.108303,1,0.9685,0.645,0.865,0.52,other
599306,2026-08-04T00:00:00Z,2025-09-15T19:40:34.421Z,72742.783288,0,0.0005,0.0005,0.0005,0.0005,other
599307,2026-08-04T00:00:00Z,2025-09-15T19:40:40.392Z,77267.34978599998,0,0.0005,0.0005,0.0005,0.002,other
599308,2026-08-04T00:00:00Z,2025-09-15T19:40:40.899Z,50107.74716399999,0,0.0005,0.0005,0.0005,0.0015,other
599309,2026-08-04T00:00:00Z,2025-09-15T19:40:40.646Z,155974.67583299996,0,0.0005,0.0005,0.0005,0.0015,other
599310,2026-08-04T00:00:00Z,2025-09-15T19:40:42.375Z,49125.78639899998,0,0.0005,0.0005,0.0005,0.0015,other
599311,2026-08-04T00:00:00Z,2025-09-15T19:40:42.628028Z,138183.83169899997,0,0.0005,0.0005,0.0005,0.0015,other
700645,2026-08-18T00:00:00Z,2025-11-24T20:19:55.203Z,11540.057376000002,1,0.9925,0.9895,0.9815,0.9625,politics
704051,2026-08-04T00:00:00Z,2025-11-25T21:23:51.992Z,31760.927869,1,0.904,0.9265,0.9025,0.815,politics
704052,2026-08-04T00:00:00Z,2025-11-25T21:23:52.247Z,25982.620044,0,0.0885,0.0715,0.099,0.074,politics
704053,2026-08-04T00:00:00Z,2025-11-25T21:23:51.737Z,5274.507430999998,0,0.0005,0.0005,0.003,0.09,politics
704055,2026-08-04T00:00:00Z,2025-11-25T21:23:52.516Z,6161.312308999999,0,0.0045,0.0065,0.005,0.0585,politics
704256,2026-08-04T00:00:00Z,2025-11-25T21:55:19.244Z,292081.34231600014,1,0.695,0.425,0.425,0.66,politics
704257,2026-08-04T00:00:00Z,2025-11-25T21:55:22.063Z,342550.49294200004,0,0.315,0.555,0.585,0.305,politics
704340,2026-08-04T00:00:00Z,2025-11-25T22:24:24.706527Z,5955.222891999996,0,,,0.003,0.0025,politics
704341,2026-08-04T00:00:00Z,2025-11-25T22:24:24.961415Z,49813.63800199999,0,,,0.004,0.0095,politics
704343,2026-08-04T00:00:00Z,2025-11-25T22:24:27.485583Z,38133.872650000005,0,,,0.1325,0.2395,politics
704344,2026-08-04T00:00:00Z,2025-11-25T22:24:27.230949Z,5908.316074,0,,,0.0005,0.018,politics
704345,2026-08-04T00:00:00Z,2025-11-25T22:24:26.976075Z,8592.107972,0,,,0.003,0.0025,politics
704346,2026-08-04T00:00:00Z,2025-11-25T22:24:29.777136Z,73941.18659799999,0,,,,0.0025,politics
704347,2026-08-04T00:00:00Z,2025-11-25T22:24:30.285278Z,8024.704924999998,0,,,0.002,0.0025,politics
704348,2026-08-04T00:00:00Z,2025-11-25T22:24:29.014Z,44124.460020000006,1,,,0.835,0.76,politics
704350,2026-08-04T00:00:00Z,2025-11-25T22:24:29.523Z,11350.880288999995,0,,,0.0015,0.004,politics
704351,2026-08-04T00:00:00Z,2025-11-25T22:24:28.76Z,225946.582498,0,,,0.0025,0.0015,sports
704352,2026-08-04T00:00:00Z,2025-11-25T22:24:29.268Z,12353.663944,0,,,0.001,0.0015,politics
704364,2026-08-04T00:00:00Z,2025-11-25T22:31:24.191636Z,70973.19070700002,1,,,0.59,0.956,politics
704365,2026-08-04T00:00:00Z,2025-11-25T22:31:26.66868Z,45737.42310300004,0,,,0.007,0.0025,politics
704367,2026-08-04T00:00:00Z,2025-11-25T22:31:26.156Z,22760.524435000003,0,,,0.41,,politics
704423,2026-08-18T00:00:00Z,2025-11-25T23:50:07.975Z,11170.616711999995,0,0.005,0.029,0.046,0.1035,politics
704424,2026-08-18T00:00:00Z,2025-11-25T23:50:06.151Z,89483.72565000004,0,0.815,0.375,0.295,0.425,politics
704425,2026-08-18T00:00:00Z,2025-11-25T23:50:06.454532Z,43806.743505,0,0.0005,0.0185,0.0015,0.0335,politics
704426,2026-08-18T00:00:00Z,2025-11-25T23:50:09.475247Z,42302.648309,0,0.0005,0.0075,0.0045,0.057,politics
704427,2026-08-18T00:00:00Z,2025-11-25T23:50:08.882009Z,14749.854848000006,0,0.0315,0.084,0.1615,0.112,politics
704428,2026-08-18T00:00:00Z,2025-11-25T23:50:09.175Z,38170.87013199999,1,0.1405,0.4435,0.5085,0.359,politics
704474,2026-08-18T00:00:00Z,2025-11-25T22:35:48.981Z,1495808.9805130004,1,0.987,0.9825,0.963,0.875,politics
704475,2026-08-18T00:00:00Z,2025-11-25T22:35:51.177Z,6462255.492774996,0,0.0105,0.0055,0.0355,0.085,politics
704476,2026-08-18T00:00:00Z,2025-11-25T22:35:50.917Z,83086.17798199996,0,0.0005,0.0005,0.0005,0.0005,politics
704477,2026-08-18T00:00:00Z,2025-11-25T22:35:54.987Z,1419766.7469359995,0,0.0015,0.007,0.0065,0.0265,politics
704478,2026-08-18T00:00:00Z,2025-11-25T22:35:54.728Z,227503.952305,0,0.0005,0.0005,0.0005,0.0025,politics
704479,2026-08-18T00:00:00Z,2025-11-25T22:35:54.216Z,54194.708683,0,0.0005,0.0005,0.0005,0.0005,politics
704480,2026-08-18T00:00:00Z,2025-11-25T22:35:55.249Z,52967.602915,0,0.0005,0.0005,0.0005,0.0005,politics
704499,2026-08-18T00:00:00Z,2025-11-25T22:40:17.602Z,13073.101512,1,0.996,0.978,0.985,0.775,politics
704500,2026-08-18T00:00:00Z,2025-11-25T22:40:17.872Z,15178.953022000002,0,0.002,0.0085,0.0065,0.1445,politics
704506,2026-08-18T00:00:00Z,2025-11-25T22:40:20.287Z,6288.512486999999,0,0.0025,0.0005,0.0005,0.0015,politics
706082,2026-08-04T00:00:00Z,2025-11-26T22:15:38.667328Z,38656.30733,0,0.007,0.0325,0.0175,0.05,politics
706083,2026-08-04T00:00:00Z,2025-11-26T22:15:38.922175Z,39685.281479000005,0,0.0225,0.024,0.0535,0.12,politics
706085,2026-08-04T00:00:00Z,2025-11-26T22:15:39.176Z,19979.08735599997,0,0.0005,0.0005,0.0005,0.0405,politics
706086,2026-08-04T00:00:00Z,2025-11-26T22:15:40.952Z,6897.904741999999,0,0.001,0.0035,0.002,0.065,politics
706087,2026-08-04T00:00:00Z,2025-11-26T22:15:41.774Z,23268.068503,0,0.0025,0.008,0.017,0.2665,politics
706089,2026-08-04T00:00:00Z,2025-11-26T22:15:41.516Z,32041.603706000005,1,0.9595,0.935,0.88,,politics
706093,2026-08-04T00:00:00Z,2025-11-26T22:15:43.14Z,6451.281900999999,0,0.0015,0.0005,0.0055,,politics
787547,2026-08-11T00:00:00Z,2025-12-01T21:18:26.589Z,12769.432419999996,0,0.0055,0.135,0.0745,0.087,politics
787548,2026-08-11T00:00:00Z,2025-12-01T21:18:26.333Z,29692.206896000007,0,0.203,0.0925,0.06,0.11,politics
787549,2026-08-11T00:00:00Z,2025-12-01T21:18:28.927Z,77991.19439499998,1,0.785,0.76,0.86,0.74,politics
799357,2026-08-11T00:00:00Z,2025-12-02T20:26:21.786294Z,37736.152347,0,0.005,0.007,0.0015,0.0525,politics
799358,2026-08-11T00:00:00Z,2025-12-02T20:26:22.296488Z,6429.89449,0,0.0005,0.0005,0.0015,0.004,politics
799361,2026-08-11T00:00:00Z,2025-12-02T20:26:24.18Z,11948.345819,0,0.0145,0.0385,0.0395,0.1265,politics
799364,2026-08-11T00:00:00Z,2025-12-02T20:26:28.585Z,24038.539269000004,0,0.0005,0.0005,0.002,0.0025,politics
799365,2026-08-11T00:00:00Z,2025-12-02T20:26:28.844Z,5536.995857000001,0,0.0005,0.0005,0.006,0.0105,politics
799368,2026-08-11T00:00:00Z,2025-12-02T20:26:29.102Z,13534.120928,1,0.984,0.9505,0.945,0.795,politics
799419,2026-08-11T00:00:00Z,2025-12-02T20:41:37.025667Z,255923.23259900004,1,0.735,0.825,0.81,0.805,politics
799420,2026-08-11T00:00:00Z,2025-12-02T20:41:37.282862Z,153321.976159,0,0.275,0.18,0.185,0.17,politics
799421,2026-08-11T00:00:00Z,2025-12-02T20:41:39.199002Z,6774.934754,0,0.0005,0.0005,0.0015,0.0015,politics
799422,2026-08-11T00:00:00Z,2025-12-02T20:41:39.708Z,11292.911498,0,0.0005,0.0005,0.001,0.0025,politics
799424,2026-08-11T00:00:00Z,2025-12-02T20:41:39.454Z,10117.741029999992,0,,0.0005,0.0045,0.0015,politics
799425,2026-08-11T00:00:00Z,2025-12-02T20:41:38.944Z,5791.553930000001,0,0.0005,0.0005,0.0025,0.003,politics
799426,2026-08-11T00:00:00Z,2025-12-02T20:41:41.72Z,9182.883144,0,0.0005,0.0005,0.0015,0.0045,politics
799427,2026-08-11T00:00:00Z,2025-12-02T20:41:41.465Z,6070.958236999999,0,0.0005,0.0005,0.002,0.0015,politics
799428,2026-08-11T00:00:00Z,2025-12-02T20:41:41.975304Z,9511.596838,0,0.0005,0.0005,0.0015,0.0015,politics
799651,2026-09-01T00:00:00Z,2025-12-02T20:41:58.229Z,92725.08041100002,1,0.9865,0.945,0.76,0.815,politics
799654,2026-09-01T00:00:00Z,2025-12-02T20:41:57.719Z,114750.87328999996,0,0.015,0.055,0.24,0.165,crypto/prices
799876,2026-08-18T00:00:00Z,2025-12-02T20:50:40.66267Z,52959.940149,0,0.0005,0.0005,0.0075,0.021,politics
799877,2026-08-18T00:00:00Z,2025-12-02T20:50:40.917372Z,6685.427317999999,0,0.0005,0.0005,0.0015,0.011,politics
799879,2026-08-18T00:00:00Z,2025-12-02T20:50:42.517Z,99614.482946,0,0.9275,0.927,0.9525,0.914,politics
799881,2026-08-18T00:00:00Z,2025-12-02T20:50:43.05Z,36724.411241,0,0.0005,0.0005,0.0015,0.004,politics
799883,2026-08-18T00:00:00Z,2025-12-02T20:50:43.308Z,88123.21559100001,1,0.075,0.07,0.032,0.0405,politics
826114,2026-08-11T00:00:00Z,2025-12-05T15:21:14.825539Z,19323.111966,0,0.007,0.0305,0.0325,0.0535,politics
826115,2026-08-11T00:00:00Z,2025-12-05T15:21:14.318348Z,26002.474808000003,1,0.992,0.9695,0.976,0.945,politics
826143,2026-08-11T00:00:00Z,2025-12-05T15:22:03.965Z,5026.572968,0,0.004,0.01,0.0085,0.345,politics
826144,2026-08-11T00:00:00Z,2025-12-05T15:22:03.206Z,11546.409744,1,0.9955,0.9635,0.975,0.57,politics
826145,2026-08-11T00:00:00Z,2025-12-05T15:22:02.954Z,6487.085786999999,0,0.001,0.003,0.0045,0.012,politics
904391,2026-08-04T00:00:00Z,2025-12-09T23:28:02.493Z,25937.503089,0,0.0005,0.0005,0.006,0.37,politics
904393,2026-08-04T00:00:00Z,2025-12-09T23:28:01.732Z,70843.80933100001,1,0.89,0.835,0.91,0.485,politics
904396,2026-08-04T00:00:00Z,2025-12-09T23:28:03Z,42274.88118199998,0,0.118,0.1645,0.008,0.075,politics
904397,2026-08-04T00:00:00Z,2025-12-09T23:28:05.853Z,8332.28373,0,0.0005,0.0025,0.0555,0.042,politics
904398,2026-08-04T00:00:00Z,2025-12-09T23:28:04.589Z,7040.001879999998,0,0.0005,0.0035,0.0125,0.025,politics
904437,2026-08-04T00:00:00Z,2025-12-11T00:24:16.225Z,37358.882186,0,0.135,0.255,0.315,0.525,politics
904438,2026-08-04T00:00:00Z,2025-12-11T00:24:16.733Z,49954.00768000005,0,0.0005,0.0005,0.007,0.003,politics
904439,2026-08-04T00:00:00Z,2025-12-11T00:24:16.479Z,46657.98019300001,1,0.87,0.735,0.69,0.48,politics
907101,2026-08-06T00:00:00Z,2025-12-11T15:40:35.2Z,57594.64596,1,0.918,0.9715,0.973,0.895,politics
907102,2026-08-06T00:00:00Z,2025-12-11T15:40:35.455Z,14152.426272000002,0,0.0115,0.01,0.0015,0.0465,politics
907103,2026-08-06T00:00:00Z,2025-12-11T15:40:35.71Z,37341.078798,0,0.0775,0.028,0.0245,0.045,politics
907120,2026-08-06T00:00:00Z,2025-12-11T15:40:21.852Z,8749.720955000003,0,0.0215,0.0525,0.065,0.055,politics
907121,2026-08-06T00:00:00Z,2025-12-11T15:40:26.08Z,15644.639788,0,0.0005,0.006,0.0035,0.021,politics
907122,2026-08-06T00:00:00Z,2025-12-11T15:40:25.821458Z,49585.473207,1,0.9695,0.95,0.805,0.89,politics
907123,2026-08-06T00:00:00Z,2025-12-11T15:40:25.143546Z,7630.805131999999,0,0.001,0.001,0.01,0.0115,politics
907124,2026-08-06T00:00:00Z,2025-12-11T15:40:24.89Z,12873.342373,0,0.0005,0.0005,0.0745,,politics
907436,2026-09-01T00:00:00Z,2025-12-10T21:37:35.088Z,13508.039467,0,0.003,0.0065,0.002,0.003,politics
907437,2026-09-01T00:00:00Z,2025-12-10T21:37:34.581Z,24658.421634,1,0.983,0.9715,0.9545,0.815,politics
907438,2026-09-01T00:00:00Z,2025-12-10T21:37:37.483Z,9727.824129,0,0.016,0.0215,0.014,0.1405,politics
907475,2026-08-11T00:00:00Z,2025-12-11T17:50:56.584428Z,57824.964517,0,0.0005,0.0015,0.0015,0.028,politics
907476,2026-08-11T00:00:00Z,2025-12-11T17:51:00.391359Z,16180.542012,0,0.0005,0.0065,0.004,0.095,politics
907477,2026-08-11T00:00:00Z,2025-12-11T17:50:57.345Z,11469.462146999997,0,0.0005,0.003,0.0025,0.0395,politics
907478,2026-08-11T00:00:00Z,2025-12-11T17:50:56.331Z,22936.819434,0,0.695,0.65,0.545,0.42,politics
907479,2026-08-11T00:00:00Z,2025-12-11T17:50:58.106Z,15282.245998999995,1,0.296,0.3325,0.4255,,politics
907493,2026-08-11T00:00:00Z,2025-12-11T16:23:00.006376Z,14087.017753999997,1,0.999,0.985,0.987,0.949,politics
907511,2026-08-11T00:00:00Z,2025-12-11T17:51:03.519Z,48661.36082399998,0,0.0005,0.001,0.135,0.535,politics
907512,2026-08-11T00:00:00Z,2025-12-11T17:51:04.279929Z,1407522.8606689998,1,0.036,0.0295,0.001,0.0025,politics
907513,2026-08-11T00:00:00Z,2025-12-11T17:51:04.786Z,1835669.3190999995,0,0.963,0.9635,0.494,0.338,politics
907514,2026-08-11T00:00:00Z,2025-12-11T17:51:03.772Z,12261.133000000003,0,0.0005,0.0005,0.0005,0.0015,politics
907515,2026-08-11T00:00:00Z,2025-12-11T17:51:04.533Z,6833.498,0,0.0005,0.0005,0.0005,0.0015,politics
907516,2026-08-11T00:00:00Z,2025-12-11T17:51:05.039Z,53483.65282900001,0,0.0005,0.0015,0.315,0.055,politics
907517,2026-08-11T00:00:00Z,2025-12-11T17:51:04.026Z,6730.517000000001,0,0.0005,0.0005,0.0005,0.01,politics
907518,2026-08-11T00:00:00Z,2025-12-11T17:51:05.292Z,17710.642745999998,0,0.0005,0.0015,0.001,0.006,politics
907519,2026-08-11T00:00:00Z,2025-12-11T17:51:05.545556Z,6521.118,0,0.0005,0.0005,0.0005,0.003,politics
907520,2026-08-11T00:00:00Z,2025-12-11T17:51:06.306Z,16321.893435000004,0,0.0005,0.0015,0.0005,0.0125,politics
