family,variant,instrument,role,signal,entry,exit,sessions,entry_px,exit_px,gross,net,rf,excess,how,mae,cost_bps,base,edge
g_bonds,UP50/21|H42|10y,UST10syn,design,1968-12-24,1968-12-26,1969-02-26,42,1.16764,1.17367,0.00516294,0.00476096,0.0102234,-0.00546246,time,-0.00226873,2,-0.00167226,-0.0037902
g_bonds,UP50/21|H42|10y,UST10syn,design,1969-09-19,1969-09-22,1969-11-24,42,1.13184,1.14489,0.0115365,0.0111319,0.0117813,-0.000649412,time,-0.0162166,2,-0.00101572,0.000366308
g_bonds,UP50/21|H42|10y,UST10syn,design,1970-04-23,1970-04-24,1970-06-23,42,1.14381,1.15301,0.00804522,0.00764208,0.0113357,-0.00369364,time,-0.0268183,2,-0.0026035,-0.00109014
g_bonds,UP50/21|H42|10y,UST10syn,design,1971-04-22,1971-04-23,1971-06-23,42,1.38411,1.33848,-0.0329712,-0.0333579,0.00722857,-0.0405865,time,-0.0426719,2,-0.00214803,-0.0384384
g_bonds,UP50/21|H42|10y,UST10syn,design,1973-08-02,1973-08-03,1973-10-03,42,1.43404,1.51715,0.057955,0.0575319,0.014054,0.0434779,time,-0.00263721,2,0.00217891,0.041299
g_bonds,UP50/21|H42|10y,UST10syn,design,1975-03-20,1975-03-21,1975-05-21,42,1.58272,1.58891,0.00391589,0.0035144,0.00910833,-0.00559393,time,-0.0257749,2,-0.00183485,-0.00375908
g_bonds,UP50/21|H42|10y,UST10syn,design,1977-01-25,1977-01-26,1977-03-28,42,1.89369,1.89852,0.00254981,0.00214887,0.00773889,-0.00559002,time,-0.00832872,2,-0.00775477,0.00216475
g_bonds,UP50/21|H42|10y,UST10syn,design,1979-10-10,1979-10-11,1979-12-13,42,1.96402,1.95799,-0.0030688,-0.00346749,0.0199333,-0.0234008,time,-0.0471889,2,-0.00319633,-0.0202045
g_bonds,UP50/21|H42|10y,UST10syn,design,1980-07-14,1980-07-15,1980-09-12,42,2.12937,2.01499,-0.0537192,-0.0540976,0.0150048,-0.0691024,time,-0.086052,2,-0.00527256,-0.0638298
g_bonds,UP50/21|H42|10y,UST10syn,design,1983-02-03,1983-02-04,1983-04-07,42,2.81044,2.94518,0.0479445,0.0475254,0.0137845,0.0337409,time,0,2,0.0128192,0.0209217
g_bonds,UP50/21|H42|10y,UST10syn,design,1983-06-01,1983-06-02,1983-08-02,42,2.94367,2.82,-0.042012,-0.0423951,0.0149492,-0.0573443,time,-0.042012,2,0.00926804,-0.0666123
g_bonds,UP50/21|H42|10y,UST10syn,design,1984-03-08,1984-03-09,1984-05-09,42,2.94691,2.85757,-0.0303174,-0.0307052,0.0161651,-0.0468703,time,-0.0303174,2,0.0135837,-0.0604539
g_bonds,UP50/21|H42|10y,UST10syn,design,1985-02-26,1985-02-27,1985-04-29,42,3.39661,3.54847,0.044708,0.0442902,0.0137452,0.0305449,time,-0.00133732,2,0.0140635,0.0164814
g_bonds,UP50/21|H42|10y,UST10syn,design,1985-08-06,1985-08-07,1985-10-08,42,3.8559,3.96943,0.029443,0.0290313,0.0118187,0.0172127,time,0,2,0.0117087,0.00550396
g_bonds,UP50/21|H42|10y,UST10syn,design,1986-05-16,1986-05-19,1986-07-18,42,4.8791,5.22725,0.0713562,0.0709278,0.0101631,0.0607647,time,-0.0240259,2,0.00898379,0.0517809
g_bonds,UP50/21|H42|10y,UST10syn,design,1986-09-19,1986-09-22,1986-11-21,42,5.12757,5.35522,0.0443972,0.0439795,0.00873452,0.035245,time,0,2,0.0107946,0.0244504
g_bonds,UP50/21|H42|10y,UST10syn,design,1987-04-10,1987-04-13,1987-06-12,42,5.17533,5.15818,-0.00331434,-0.00371293,0.00941032,-0.0131232,time,-0.047103,2,0.0111813,-0.0243045
g_bonds,UP50/21|H42|10y,UST10syn,design,1988-04-05,1988-04-06,1988-06-06,42,5.42972,5.38225,-0.00874142,-0.00913784,0.0102171,-0.0193549,time,-0.0287786,2,0.00901855,-0.0283735
g_bonds,UP50/21|H42|10y,UST10syn,design,1988-12-05,1988-12-06,1989-02-07,42,5.63576,5.7208,0.0150887,0.0146828,0.013696,0.000986731,time,-0.0134913,2,0.0073848,-0.00639806
g_bonds,UP50/21|H42|10y,UST10syn,design,1989-08-31,1989-09-01,1989-11-02,42,6.3199,6.54742,0.0360013,0.035587,0.012821,0.022766,time,-0.0033817,2,0.00511025,0.0176557
g_bonds,UP50/21|H42|10y,UST10syn,design,1990-01-19,1990-01-22,1990-03-22,42,6.48485,6.46057,-0.00374421,-0.00414263,0.013002,-0.0171446,time,-0.0188982,2,0.00590304,-0.0230477
g_bonds,UP50/21|H42|10y,UST10syn,design,1990-08-24,1990-08-27,1990-10-26,42,6.54307,6.75682,0.0326683,0.0322553,0.0121349,0.0201204,time,-0.00236452,2,0.0116085,0.00851187
g_bonds,UP50/21|H42|10y,UST10syn,design,1992-01-31,1992-02-03,1992-04-02,42,8.13604,8.17075,0.00426557,0.00386394,0.0065881,-0.00272415,time,-0.016349,2,0.00758799,-0.0103121
g_bonds,UP50/21|H42|10y,UST10syn,design,1992-11-03,1992-11-04,1993-01-07,42,8.86398,9.05324,0.0213516,0.0209431,0.0053,0.0156431,time,-0.00687102,2,0.00818083,0.00746228
g_bonds,UP50/21|H42|10y,UST10syn,design,1993-11-22,1993-11-23,1994-01-25,42,10.2055,10.3374,0.0129254,0.0125203,0.00506032,0.00746001,time,-0.00133936,2,0.00742437,3.56448e-05
g_bonds,UP50/21|H42|10y,UST10syn,design,1994-03-02,1994-03-03,1994-05-04,42,9.96852,9.52355,-0.044638,-0.04502,0.00603175,-0.0510518,time,-0.051315,2,0.00647123,-0.057523
g_bonds,UP50/21|H42|10y,UST10syn,design,1994-10-06,1994-10-07,1994-12-09,42,9.44332,9.51198,0.00727134,0.00686851,0.00872659,-0.00185808,time,-0.0171873,2,0.00697632,-0.00883439
g_bonds,UP50/21|H42|10y,UST10syn,design,1995-08-14,1995-08-15,1995-10-16,42,10.8658,11.4752,0.056081,0.0556586,0.00885675,0.0468019,time,-0.00073881,2,0.00676169,0.0400402
g_bonds,UP50/21|H42|10y,UST10syn,design,1996-03-01,1996-03-04,1996-05-01,42,11.7741,11.2463,-0.0448279,-0.0452099,0.00826905,-0.0534789,time,-0.0481977,2,0.00421017,-0.0576891
g_bonds,UP50/21|H42|10y,UST10syn,design,1998-11-05,1998-11-06,1999-01-11,42,14.92,15.0817,0.0108345,0.0104302,0.00732302,0.00310721,time,0,2,0.00329418,-0.000186971
g_bonds,UP50/21|H42|10y,UST10syn,design,1999-02-25,1999-02-26,1999-04-27,42,14.7199,14.9249,0.0139265,0.0135211,0.00727381,0.00624725,time,-0.00830424,2,0.00396493,0.00228232
g_bonds,UP50/21|H42|10y,UST10syn,design,2000-01-12,2000-01-13,2000-03-15,42,14.0084,14.5182,0.0363927,0.0359782,0.00921786,0.0267604,time,-0.0101906,2,0.00784731,0.0189131
g_bonds,UP50/21|H42|10y,UST10syn,design,2000-05-05,2000-05-08,2000-07-07,42,14.3514,15.1058,0.052565,0.052144,0.00957302,0.042571,time,0,2,0.00903983,0.0335312
g_bonds,UP50/21|H42|10y,UST10syn,design,2001-04-23,2001-04-24,2001-06-22,42,16.7385,16.9857,0.0147676,0.0143618,0.00597698,0.00838478,time,-0.0196766,2,0.00491368,0.0034711
g_bonds,UP50/21|H42|10y,UST10syn,design,2001-12-06,2001-12-07,2002-02-08,42,17.2762,17.8359,0.0323999,0.031987,0.0027877,0.0291993,time,-0.00324858,2,0.00437272,0.0248266
g_bonds,UP50/21|H42|10y,UST10syn,design,2002-03-21,2002-03-22,2002-05-22,42,17.257,17.7717,0.029826,0.0294142,0.00287738,0.0265368,time,-0.0015856,2,0.00559205,0.0209447
g_bonds,UP50/21|H42|10y,UST10syn,design,2002-10-24,2002-10-25,2002-12-27,42,19.6039,20.2096,0.0308961,0.0304838,0.00206389,0.0284199,time,-0.00790717,2,0.0068056,0.0216143
g_bonds,UP50/21|H42|10y,UST10syn,design,2003-07-11,2003-07-14,2003-09-11,42,20.7686,19.8904,-0.0422864,-0.0426694,0.00156468,-0.044234,time,-0.0629319,2,0.00549802,-0.0497321
g_bonds,UP50/21|H42|10y,UST10syn,design,2004-04-13,2004-04-14,2004-06-15,42,20.2875,19.978,-0.0152552,-0.0156491,0.00175754,-0.0174066,time,-0.0316512,2,0.00403229,-0.0214389
g_bonds,UP50/21|H42|10y,UST10syn,design,2005-03-14,2005-03-15,2005-05-13,42,20.8604,21.7284,0.04161,0.0411934,0.00464484,0.0365486,time,-0.00632401,2,0.00623721,0.0303114
g_bonds,UP50/21|H42|10y,UST10syn,design,2007-06-13,2007-06-14,2007-08-14,42,21.8927,22.9508,0.0483338,0.0479146,0.00788175,0.0400328,time,0,2,0.00437292,0.0356599
g_bonds,UP50/21|H42|10y,UST10syn,test,2008-10-16,2008-10-17,2008-12-18,42,25.4845,30.1398,0.182673,0.1822,0.000479365,0.181721,time,-0.00108466,2,0.0113836,0.170337
g_bonds,UP50/21|H42|10y,UST10syn,test,2009-01-27,2009-01-28,2009-03-30,42,28.5734,28.6307,0.00200777,0.00160705,0.000419841,0.00118721,time,-0.0297725,2,0.0105597,-0.00937251
g_bonds,UP50/21|H42|10y,UST10syn,test,2009-12-28,2009-12-29,2010-03-02,42,26.7428,27.3606,0.0231014,0.0226922,0.000143651,0.0225486,time,-0.00226483,2,0.00955683,0.0129917
g_bonds,UP50/21|H42|10y,UST10syn,test,2010-12-08,2010-12-09,2011-02-09,42,28.9187,28.0682,-0.0294092,-0.0297974,0.000244048,-0.0300414,time,-0.0375115,2,0.00642281,-0.0364643
g_bonds,UP50/21|H42|10y,UST10syn,test,2011-10-25,2011-10-26,2011-12-28,42,32.3314,33.3195,0.0305623,0.0301501,2.06349e-05,0.0301295,time,-0.016724,2,0.0067875,0.023342
g_bonds,UP50/21|H42|10y,UST10syn,test,2013-06-03,2013-06-04,2013-08-02,42,33.5257,32.2212,-0.038911,-0.0392954,7.06349e-05,-0.039366,time,-0.0490469,2,0.00750045,-0.0468664
g_bonds,UP50/21|H42|10y,UST10syn,test,2016-11-18,2016-11-21,2017-01-24,42,35.513,35.2214,-0.00821207,-0.0086087,0.000841667,-0.00945037,time,-0.0220408,2,0.00477667,-0.014227
g_bonds,UP50/21|H42|10y,UST10syn,test,2022-03-28,2022-03-29,2022-05-27,42,38.9553,38.0043,-0.0244125,-0.0248027,0.00142222,-0.0262249,time,-0.0572966,2,-0.00413202,-0.0220929
g_bonds,UP50/21|H42|10y,UST10syn,test,2023-03-03,2023-03-06,2023-05-03,42,35.0954,37.0772,0.0564697,0.0560472,0.00804365,0.0480036,time,0,2,-0.0083261,0.0563297
g_bonds,UP50/21|H42|10y,UST10syn,test,2023-08-18,2023-08-21,2023-10-20,42,34.6409,33.2916,-0.0389511,-0.0393355,0.00887857,-0.0482141,time,-0.0428245,2,-0.00973849,-0.0384756
g_bonds,UP50/21|H42|10y,UST10syn,test,2024-10-30,2024-10-31,2025-01-03,42,36.5665,35.9096,-0.0179643,-0.018357,0.00722421,-0.0255812,time,-0.0203752,2,-0.00990377,-0.0156774
g_bonds,UP50/21|H42|10y,IEF,test_exec,2008-10-16,2008-10-17,2008-12-16,42,57.2286,64.585,0.128544,0.128092,0.000520635,0.127572,time,-0.00011386,2,0.0121094,0.115462
g_bonds,UP50/21|H42|10y,IEF,test_exec,2009-01-27,2009-01-28,2009-03-27,42,63.6669,63.5259,-0.00221358,-0.00261261,0.000420238,-0.00303285,time,-0.03232,2,0.011764,-0.0147969
g_bonds,UP50/21|H42|10y,IEF,test_exec,2009-12-28,2009-12-29,2010-03-01,42,60.659,62.2692,0.0265452,0.0261347,0.000142063,0.0259926,time,-0.00157756,2,0.010667,0.0153256
g_bonds,UP50/21|H42|10y,IEF,test_exec,2010-12-08,2010-12-09,2011-02-08,42,66.4158,64.5016,-0.0288217,-0.0292101,0.000244048,-0.0294542,time,-0.0288217,2,0.00784597,-0.0373002
g_bonds,UP50/21|H42|10y,IEF,test_exec,2011-10-25,2011-10-26,2011-12-23,42,74.4764,75.7126,0.0165976,0.0161911,2.06349e-05,0.0161704,time,-0.0165635,2,0.00774756,0.00842289
g_bonds,UP50/21|H42|10y,IEF,test_exec,2013-06-03,2013-06-04,2013-08-01,42,78.1328,75.2682,-0.0366635,-0.0370487,7.06349e-05,-0.0371193,time,-0.0421875,2,0.00798717,-0.0451065
g_bonds,UP50/21|H42|10y,IEF,test_exec,2016-11-18,2016-11-21,2017-01-23,42,83.8624,83.8203,-0.000501569,-0.000901288,0.000840079,-0.00174137,time,-0.0197015,2,0.00436238,-0.00610375
g_bonds,UP50/21|H42|10y,IEF,test_exec,2022-03-28,2022-03-29,2022-05-26,42,92.1175,90.3237,-0.019473,-0.0198652,0.00140238,-0.0212676,time,-0.0492855,2,-0.00377402,-0.0174935
g_bonds,UP50/21|H42|10y,IEF,test_exec,2023-03-03,2023-03-06,2023-05-03,42,84.1838,88.861,0.0555603,0.0551382,0.00804167,0.0470965,time,-0.00429819,2,-0.00718292,0.0542795
g_bonds,UP50/21|H42|10y,IEF,test_exec,2023-08-18,2023-08-21,2023-10-18,42,83.1819,80.2293,-0.0354959,-0.0358816,0.00887937,-0.044761,time,-0.0354959,2,-0.00853522,-0.0362258
g_bonds,UP50/21|H42|10y,IEF,test_exec,2024-10-30,2024-10-31,2024-12-31,42,87.7029,86.689,-0.0115599,-0.0119552,0.00724206,-0.0191973,time,-0.0155157,2,-0.00907159,-0.0101257
g_bonds,UP50/21|H42|10y,UST10syn,full,1968-12-24,1968-12-26,1969-02-26,42,1.16764,1.17367,0.00516294,0.00476096,0.0102234,-0.00546246,time,-0.00226873,2,-0.00167226,-0.0037902
g_bonds,UP50/21|H42|10y,UST10syn,full,1969-09-19,1969-09-22,1969-11-24,42,1.13184,1.14489,0.0115365,0.0111319,0.0117813,-0.000649412,time,-0.0162166,2,-0.00101572,0.000366308
g_bonds,UP50/21|H42|10y,UST10syn,full,1970-04-23,1970-04-24,1970-06-23,42,1.14381,1.15301,0.00804522,0.00764208,0.0113357,-0.00369364,time,-0.0268183,2,-0.0026035,-0.00109014
g_bonds,UP50/21|H42|10y,UST10syn,full,1971-04-22,1971-04-23,1971-06-23,42,1.38411,1.33848,-0.0329712,-0.0333579,0.00722857,-0.0405865,time,-0.0426719,2,-0.00214803,-0.0384384
g_bonds,UP50/21|H42|10y,UST10syn,full,1973-08-02,1973-08-03,1973-10-03,42,1.43404,1.51715,0.057955,0.0575319,0.014054,0.0434779,time,-0.00263721,2,0.00217891,0.041299
g_bonds,UP50/21|H42|10y,UST10syn,full,1975-03-20,1975-03-21,1975-05-21,42,1.58272,1.58891,0.00391589,0.0035144,0.00910833,-0.00559393,time,-0.0257749,2,-0.00183485,-0.00375908
g_bonds,UP50/21|H42|10y,UST10syn,full,1977-01-25,1977-01-26,1977-03-28,42,1.89369,1.89852,0.00254981,0.00214887,0.00773889,-0.00559002,time,-0.00832872,2,-0.00775477,0.00216475
g_bonds,UP50/21|H42|10y,UST10syn,full,1979-10-10,1979-10-11,1979-12-13,42,1.96402,1.95799,-0.0030688,-0.00346749,0.0199333,-0.0234008,time,-0.0471889,2,-0.00319633,-0.0202045
g_bonds,UP50/21|H42|10y,UST10syn,full,1980-07-14,1980-07-15,1980-09-12,42,2.12937,2.01499,-0.0537192,-0.0540976,0.0150048,-0.0691024,time,-0.086052,2,-0.00527256,-0.0638298
g_bonds,UP50/21|H42|10y,UST10syn,full,1983-02-03,1983-02-04,1983-04-07,42,2.81044,2.94518,0.0479445,0.0475254,0.0137845,0.0337409,time,0,2,0.0128192,0.0209217
g_bonds,UP50/21|H42|10y,UST10syn,full,1983-06-01,1983-06-02,1983-08-02,42,2.94367,2.82,-0.042012,-0.0423951,0.0149492,-0.0573443,time,-0.042012,2,0.00926804,-0.0666123
g_bonds,UP50/21|H42|10y,UST10syn,full,1984-03-08,1984-03-09,1984-05-09,42,2.94691,2.85757,-0.0303174,-0.0307052,0.0161651,-0.0468703,time,-0.0303174,2,0.0135837,-0.0604539
g_bonds,UP50/21|H42|10y,UST10syn,full,1985-02-26,1985-02-27,1985-04-29,42,3.39661,3.54847,0.044708,0.0442902,0.0137452,0.0305449,time,-0.00133732,2,0.0140635,0.0164814
g_bonds,UP50/21|H42|10y,UST10syn,full,1985-08-06,1985-08-07,1985-10-08,42,3.8559,3.96943,0.029443,0.0290313,0.0118187,0.0172127,time,0,2,0.0117087,0.00550396
g_bonds,UP50/21|H42|10y,UST10syn,full,1986-05-16,1986-05-19,1986-07-18,42,4.8791,5.22725,0.0713562,0.0709278,0.0101631,0.0607647,time,-0.0240259,2,0.00898379,0.0517809
g_bonds,UP50/21|H42|10y,UST10syn,full,1986-09-19,1986-09-22,1986-11-21,42,5.12757,5.35522,0.0443972,0.0439795,0.00873452,0.035245,time,0,2,0.0107946,0.0244504
g_bonds,UP50/21|H42|10y,UST10syn,full,1987-04-10,1987-04-13,1987-06-12,42,5.17533,5.15818,-0.00331434,-0.00371293,0.00941032,-0.0131232,time,-0.047103,2,0.0111813,-0.0243045
g_bonds,UP50/21|H42|10y,UST10syn,full,1988-04-05,1988-04-06,1988-06-06,42,5.42972,5.38225,-0.00874142,-0.00913784,0.0102171,-0.0193549,time,-0.0287786,2,0.00901855,-0.0283735
g_bonds,UP50/21|H42|10y,UST10syn,full,1988-12-05,1988-12-06,1989-02-07,42,5.63576,5.7208,0.0150887,0.0146828,0.013696,0.000986731,time,-0.0134913,2,0.0073848,-0.00639806
g_bonds,UP50/21|H42|10y,UST10syn,full,1989-08-31,1989-09-01,1989-11-02,42,6.3199,6.54742,0.0360013,0.035587,0.012821,0.022766,time,-0.0033817,2,0.00511025,0.0176557
g_bonds,UP50/21|H42|10y,UST10syn,full,1990-01-19,1990-01-22,1990-03-22,42,6.48485,6.46057,-0.00374421,-0.00414263,0.013002,-0.0171446,time,-0.0188982,2,0.00590304,-0.0230477
g_bonds,UP50/21|H42|10y,UST10syn,full,1990-08-24,1990-08-27,1990-10-26,42,6.54307,6.75682,0.0326683,0.0322553,0.0121349,0.0201204,time,-0.00236452,2,0.0116085,0.00851187
g_bonds,UP50/21|H42|10y,UST10syn,full,1992-01-31,1992-02-03,1992-04-02,42,8.13604,8.17075,0.00426557,0.00386394,0.0065881,-0.00272415,time,-0.016349,2,0.00758799,-0.0103121
g_bonds,UP50/21|H42|10y,UST10syn,full,1992-11-03,1992-11-04,1993-01-07,42,8.86398,9.05324,0.0213516,0.0209431,0.0053,0.0156431,time,-0.00687102,2,0.00818083,0.00746228
g_bonds,UP50/21|H42|10y,UST10syn,full,1993-11-22,1993-11-23,1994-01-25,42,10.2055,10.3374,0.0129254,0.0125203,0.00506032,0.00746001,time,-0.00133936,2,0.00742437,3.56448e-05
g_bonds,UP50/21|H42|10y,UST10syn,full,1994-03-02,1994-03-03,1994-05-04,42,9.96852,9.52355,-0.044638,-0.04502,0.00603175,-0.0510518,time,-0.051315,2,0.00647123,-0.057523
g_bonds,UP50/21|H42|10y,UST10syn,full,1994-10-06,1994-10-07,1994-12-09,42,9.44332,9.51198,0.00727134,0.00686851,0.00872659,-0.00185808,time,-0.0171873,2,0.00697632,-0.00883439
g_bonds,UP50/21|H42|10y,UST10syn,full,1995-08-14,1995-08-15,1995-10-16,42,10.8658,11.4752,0.056081,0.0556586,0.00885675,0.0468019,time,-0.00073881,2,0.00676169,0.0400402
g_bonds,UP50/21|H42|10y,UST10syn,full,1996-03-01,1996-03-04,1996-05-01,42,11.7741,11.2463,-0.0448279,-0.0452099,0.00826905,-0.0534789,time,-0.0481977,2,0.00421017,-0.0576891
g_bonds,UP50/21|H42|10y,UST10syn,full,1998-11-05,1998-11-06,1999-01-11,42,14.92,15.0817,0.0108345,0.0104302,0.00732302,0.00310721,time,0,2,0.00329418,-0.000186971
g_bonds,UP50/21|H42|10y,UST10syn,full,1999-02-25,1999-02-26,1999-04-27,42,14.7199,14.9249,0.0139265,0.0135211,0.00727381,0.00624725,time,-0.00830424,2,0.00396493,0.00228232
g_bonds,UP50/21|H42|10y,UST10syn,full,2000-01-12,2000-01-13,2000-03-15,42,14.0084,14.5182,0.0363927,0.0359782,0.00921786,0.0267604,time,-0.0101906,2,0.00784731,0.0189131
g_bonds,UP50/21|H42|10y,UST10syn,full,2000-05-05,2000-05-08,2000-07-07,42,14.3514,15.1058,0.052565,0.052144,0.00957302,0.042571,time,0,2,0.00903983,0.0335312
g_bonds,UP50/21|H42|10y,UST10syn,full,2001-04-23,2001-04-24,2001-06-22,42,16.7385,16.9857,0.0147676,0.0143618,0.00597698,0.00838478,time,-0.0196766,2,0.00491368,0.0034711
g_bonds,UP50/21|H42|10y,UST10syn,full,2001-12-06,2001-12-07,2002-02-08,42,17.2762,17.8359,0.0323999,0.031987,0.0027877,0.0291993,time,-0.00324858,2,0.00437272,0.0248266
g_bonds,UP50/21|H42|10y,UST10syn,full,2002-03-21,2002-03-22,2002-05-22,42,17.257,17.7717,0.029826,0.0294142,0.00287738,0.0265368,time,-0.0015856,2,0.00559205,0.0209447
g_bonds,UP50/21|H42|10y,UST10syn,full,2002-10-24,2002-10-25,2002-12-27,42,19.6039,20.2096,0.0308961,0.0304838,0.00206389,0.0284199,time,-0.00790717,2,0.0068056,0.0216143
g_bonds,UP50/21|H42|10y,UST10syn,full,2003-07-11,2003-07-14,2003-09-11,42,20.7686,19.8904,-0.0422864,-0.0426694,0.00156468,-0.044234,time,-0.0629319,2,0.00549802,-0.0497321
g_bonds,UP50/21|H42|10y,UST10syn,full,2004-04-13,2004-04-14,2004-06-15,42,20.2875,19.978,-0.0152552,-0.0156491,0.00175754,-0.0174066,time,-0.0316512,2,0.00403229,-0.0214389
g_bonds,UP50/21|H42|10y,UST10syn,full,2005-03-14,2005-03-15,2005-05-13,42,20.8604,21.7284,0.04161,0.0411934,0.00464484,0.0365486,time,-0.00632401,2,0.00616355,0.0303851
g_bonds,UP50/21|H42|10y,UST10syn,full,2007-06-13,2007-06-14,2007-08-14,42,21.8927,22.9508,0.0483338,0.0479146,0.00788175,0.0400328,time,0,2,0.00650251,0.0335303
g_bonds,UP50/21|H42|10y,UST10syn,full,2008-10-16,2008-10-17,2008-12-18,42,25.4845,30.1398,0.182673,0.1822,0.000479365,0.181721,time,-0.00108466,2,0.0090871,0.172633
g_bonds,UP50/21|H42|10y,UST10syn,full,2009-01-27,2009-01-28,2009-03-30,42,28.5734,28.6307,0.00200777,0.00160705,0.000419841,0.00118721,time,-0.0297725,2,0.00920072,-0.00801351
g_bonds,UP50/21|H42|10y,UST10syn,full,2009-12-28,2009-12-29,2010-03-02,42,26.7428,27.3606,0.0231014,0.0226922,0.000143651,0.0225486,time,-0.00226483,2,0.0102941,0.0122545
g_bonds,UP50/21|H42|10y,UST10syn,full,2010-12-08,2010-12-09,2011-02-09,42,28.9187,28.0682,-0.0294092,-0.0297974,0.000244048,-0.0300414,time,-0.0375115,2,0.00677343,-0.0368149
g_bonds,UP50/21|H42|10y,UST10syn,full,2011-10-25,2011-10-26,2011-12-28,42,32.3314,33.3195,0.0305623,0.0301501,2.06349e-05,0.0301295,time,-0.016724,2,0.0067875,0.023342
g_bonds,UP50/21|H42|10y,UST10syn,full,2013-06-03,2013-06-04,2013-08-02,42,33.5257,32.2212,-0.038911,-0.0392954,7.06349e-05,-0.039366,time,-0.0490469,2,0.00750045,-0.0468664
g_bonds,UP50/21|H42|10y,UST10syn,full,2016-11-18,2016-11-21,2017-01-24,42,35.513,35.2214,-0.00821207,-0.0086087,0.000841667,-0.00945037,time,-0.0220408,2,0.00477667,-0.014227
g_bonds,UP50/21|H42|10y,UST10syn,full,2022-03-28,2022-03-29,2022-05-27,42,38.9553,38.0043,-0.0244125,-0.0248027,0.00142222,-0.0262249,time,-0.0572966,2,-0.00413202,-0.0220929
g_bonds,UP50/21|H42|10y,UST10syn,full,2023-03-03,2023-03-06,2023-05-03,42,35.0954,37.0772,0.0564697,0.0560472,0.00804365,0.0480036,time,0,2,-0.0083261,0.0563297
g_bonds,UP50/21|H42|10y,UST10syn,full,2023-08-18,2023-08-21,2023-10-20,42,34.6409,33.2916,-0.0389511,-0.0393355,0.00887857,-0.0482141,time,-0.0428245,2,-0.00973849,-0.0384756
g_bonds,UP50/21|H42|10y,UST10syn,full,2024-10-30,2024-10-31,2025-01-03,42,36.5665,35.9096,-0.0179643,-0.018357,0.00722421,-0.0255812,time,-0.0203752,2,-0.00990377,-0.0156774
g_bonds,UP50/21|H42|long,ULONGsyn,design,1968-12-24,1968-12-26,1969-02-26,42,1.07203,1.06938,-0.00247344,-0.00287237,0.0102234,-0.0130958,time,-0.0107917,2,-0.00411937,-0.00897642
g_bonds,UP50/21|H42|long,ULONGsyn,design,1969-09-19,1969-09-22,1969-11-24,42,1.05423,1.0407,-0.0128362,-0.013231,0.0117813,-0.0250124,time,-0.0244841,2,-0.00206601,-0.0229464
g_bonds,UP50/21|H42|long,ULONGsyn,design,1970-04-23,1970-04-24,1970-06-23,42,1.0383,1.03074,-0.00728594,-0.00768295,0.0113357,-0.0190187,time,-0.0593359,2,-0.00557993,-0.0134387
g_bonds,UP50/21|H42|long,ULONGsyn,design,1971-04-22,1971-04-23,1971-06-23,42,1.23198,1.19926,-0.0265611,-0.0269504,0.00722857,-0.034179,time,-0.0397148,2,-0.00657526,-0.0276037
g_bonds,UP50/21|H42|long,ULONGsyn,design,1973-08-02,1973-08-03,1973-10-03,42,1.18745,1.284,0.0813119,0.0808795,0.014054,0.0668255,time,-0.00315638,2,0.000535968,0.0662896
g_bonds,UP50/21|H42|long,ULONGsyn,design,1975-03-20,1975-03-21,1975-05-21,42,1.29717,1.32032,0.0178479,0.0174409,0.00910833,0.00833255,time,-0.0210849,2,-0.00376162,0.0120942
g_bonds,UP50/21|H42|long,ULONGsyn,design,1977-01-25,1977-01-26,1977-03-28,42,1.5989,1.58955,-0.00584518,-0.00624276,0.00773889,-0.0139816,time,-0.0160915,2,-0.00974739,-0.00423425
g_bonds,UP50/21|H42|long,ULONGsyn,design,1979-10-10,1979-10-11,1979-12-13,42,1.59925,1.55799,-0.0258022,-0.0261918,0.0199333,-0.0461251,time,-0.0616553,2,-0.00479437,-0.0413307
g_bonds,UP50/21|H42|long,ULONGsyn,design,1980-07-14,1980-07-15,1980-09-12,42,1.66625,1.55158,-0.0688185,-0.0691909,0.0150048,-0.0841957,time,-0.0925447,2,-0.00786275,-0.0763329
g_bonds,UP50/21|H42|long,ULONGsyn,design,1983-02-03,1983-02-04,1983-04-07,42,2.11775,2.26587,0.0699413,0.0695134,0.0137845,0.0557288,time,-0.000205915,2,0.0171442,0.0385846
g_bonds,UP50/21|H42|long,ULONGsyn,design,1983-06-01,1983-06-02,1983-08-02,42,2.23191,2.11187,-0.0537825,-0.0541609,0.0149492,-0.0691101,time,-0.0571859,2,0.0133662,-0.0824764
g_bonds,UP50/21|H42|long,ULONGsyn,design,1984-03-08,1984-03-09,1984-05-09,42,2.16523,2.06318,-0.0471292,-0.0475103,0.0161651,-0.0636754,time,-0.0471292,2,0.0173071,-0.0809825
g_bonds,UP50/21|H42|long,ULONGsyn,design,1985-02-26,1985-02-27,1985-04-29,42,2.53398,2.65719,0.0486217,0.0482023,0.0137452,0.034457,time,-0.00147059,2,0.0179389,0.0165182
g_bonds,UP50/21|H42|long,ULONGsyn,design,1985-08-06,1985-08-07,1985-10-08,42,2.93876,3.01332,0.0253684,0.0249583,0.0118187,0.0131396,time,0,2,0.0151024,-0.00196275
g_bonds,UP50/21|H42|long,ULONGsyn,design,1986-05-16,1986-05-19,1986-07-18,42,4.29905,4.61265,0.0729457,0.0725166,0.0101631,0.0623536,time,-0.0252781,2,0.0128111,0.0495425
g_bonds,UP50/21|H42|long,ULONGsyn,design,1986-09-19,1986-09-22,1986-11-21,42,4.35194,4.59113,0.0549627,0.0545408,0.00873452,0.0458062,time,-0.00904744,2,0.0153992,0.030407
g_bonds,UP50/21|H42|long,ULONGsyn,design,1987-04-10,1987-04-13,1987-06-12,42,4.30238,4.24946,-0.0123004,-0.0126954,0.00941032,-0.0221057,time,-0.0747257,2,0.0158544,-0.0379601
g_bonds,UP50/21|H42|long,ULONGsyn,design,1988-04-05,1988-04-06,1988-06-06,42,4.40864,4.3704,-0.00867276,-0.00906921,0.0102171,-0.0192863,time,-0.0417047,2,0.0128383,-0.0321245
g_bonds,UP50/21|H42|long,ULONGsyn,design,1988-12-05,1988-12-06,1989-02-07,42,4.624,4.76975,0.0315193,0.0311068,0.013696,0.0174107,time,-0.0101128,2,0.0099357,0.00747502
g_bonds,UP50/21|H42|long,ULONGsyn,design,1989-08-31,1989-09-01,1989-11-02,42,5.37652,5.61271,0.0439295,0.043512,0.012821,0.030691,time,-0.0123262,2,0.00469282,0.0259981
g_bonds,UP50/21|H42|long,ULONGsyn,design,1990-01-19,1990-01-22,1990-03-22,42,5.44364,5.41112,-0.00597332,-0.00637085,0.013002,-0.0193728,time,-0.0321417,2,0.00649617,-0.025869
g_bonds,UP50/21|H42|long,ULONGsyn,design,1990-08-24,1990-08-27,1990-10-26,42,5.31009,5.53626,0.0425914,0.0421745,0.0121349,0.0300396,time,-0.0094297,2,0.0163388,0.0137007
g_bonds,UP50/21|H42|long,ULONGsyn,design,1992-01-31,1992-02-03,1992-04-02,42,6.80533,6.81388,0.00125711,0.000856687,0.0065881,-0.00573141,time,-0.019218,2,0.00978101,-0.0155124
g_bonds,UP50/21|H42|long,ULONGsyn,design,1992-11-03,1992-11-04,1993-01-07,42,7.31869,7.62764,0.0422152,0.0417984,0.0053,0.0364984,time,-0.0076816,2,0.0113775,0.025121
g_bonds,UP50/21|H42|long,ULONGsyn,design,1993-11-22,1993-11-23,1994-01-25,42,9.34057,9.39025,0.00531896,0.00491692,0.00506032,-0.0001434,time,-0.00768652,2,0.0106986,-0.010842
g_bonds,UP50/21|H42|long,ULONGsyn,design,1994-03-02,1994-03-03,1994-05-04,42,8.85587,8.41338,-0.0499655,-0.0503454,0.00603175,-0.0563772,time,-0.0645244,2,0.00922514,-0.0656023
g_bonds,UP50/21|H42|long,ULONGsyn,design,1994-10-06,1994-10-07,1994-12-09,42,8.13225,8.29156,0.0195902,0.0191824,0.00872659,0.0104559,time,-0.021884,2,0.0112599,-0.000804074
g_bonds,UP50/21|H42|long,ULONGsyn,design,1995-08-14,1995-08-15,1995-10-16,42,9.74607,10.6514,0.092892,0.0924549,0.00885675,0.0835981,time,0,2,0.0126963,0.0709018
g_bonds,UP50/21|H42|long,ULONGsyn,design,1996-03-01,1996-03-04,1996-05-01,42,10.8732,10.2045,-0.0614988,-0.0618741,0.00826905,-0.0701432,time,-0.0696264,2,0.00853843,-0.0786816
g_bonds,UP50/21|H42|long,ULONGsyn,design,1998-11-05,1998-11-06,1999-01-11,42,14.7308,15.0436,0.0212331,0.0208247,0.00732302,0.0135017,time,0,2,0.00527292,0.00822878
g_bonds,UP50/21|H42|long,ULONGsyn,design,1999-02-25,1999-02-26,1999-04-27,42,14.5281,14.7014,0.0119232,0.0115185,0.00727381,0.00424467,time,-0.0162551,2,0.00567119,-0.00142653
g_bonds,UP50/21|H42|long,ULONGsyn,design,2000-01-12,2000-01-13,2000-03-15,42,13.196,14.4061,0.0917027,0.0912661,0.00921786,0.0820482,time,-0.0118743,2,0.00994605,0.0721022
g_bonds,UP50/21|H42|long,ULONGsyn,design,2000-05-05,2000-05-08,2000-07-07,42,14.1782,15.0846,0.0639307,0.0635052,0.00957302,0.0539322,time,0,2,0.0118028,0.0421293
g_bonds,UP50/21|H42|long,ULONGsyn,design,2001-04-23,2001-04-24,2001-06-22,42,16.0324,16.5779,0.034019,0.0336055,0.00597698,0.0276285,time,-0.0164311,2,0.00588494,0.0217436
g_bonds,UP50/21|H42|long,ULONGsyn,design,2001-12-06,2001-12-07,2002-02-08,42,16.9243,17.613,0.0406936,0.0402774,0.0027877,0.0374897,time,0,2,0.00639429,0.0310954
g_bonds,UP50/21|H42|long,ULONGsyn,design,2002-03-21,2002-03-22,2002-05-22,42,16.4938,16.9837,0.0296998,0.029288,0.00287738,0.0264106,time,-0.00259343,2,0.00917632,0.0172343
g_bonds,UP50/21|H42|long,ULONGsyn,design,2002-10-24,2002-10-25,2002-12-27,42,18.5126,19.3907,0.0474327,0.0470138,0.00206389,0.0449499,time,-0.00550611,2,0.0112113,0.0337386
g_bonds,UP50/21|H42|long,ULONGsyn,design,2003-07-11,2003-07-14,2003-09-11,42,20.1464,19.2048,-0.0467392,-0.0471204,0.00156468,-0.0486851,time,-0.0848568,2,0.00794622,-0.0566313
g_bonds,UP50/21|H42|long,ULONGsyn,design,2004-04-13,2004-04-14,2004-06-15,42,20.0513,19.6719,-0.0189205,-0.0193129,0.00175754,-0.0210704,time,-0.0461722,2,0.00755098,-0.0286214
g_bonds,UP50/21|H42|long,ULONGsyn,design,2005-03-14,2005-03-15,2005-05-13,42,22.5113,23.8751,0.0605855,0.0601614,0.00464484,0.0555165,time,-0.0116243,2,0.0102034,0.0453131
g_bonds,UP50/21|H42|long,ULONGsyn,design,2007-06-13,2007-06-14,2007-08-14,42,23.1187,24.4355,0.0569556,0.0565329,0.00788175,0.0486512,time,0,2,0.00881454,0.0398366
g_bonds,UP50/21|H42|long,ULONGsyn,test,2008-10-16,2008-10-17,2008-12-18,42,28.5766,40.0952,0.403076,0.402515,0.000479365,0.402035,time,-0.00365299,2,0.0194644,0.382571
g_bonds,UP50/21|H42|long,ULONGsyn,test,2009-01-27,2009-01-28,2009-03-30,42,33.5687,32.7159,-0.0254028,-0.0257926,0.000419841,-0.0262124,time,-0.065604,2,0.0169893,-0.0432017
g_bonds,UP50/21|H42|long,ULONGsyn,test,2009-12-28,2009-12-29,2010-03-02,42,28.1528,28.6892,0.0190524,0.0186449,0.000143651,0.0185012,time,-0.0143167,2,0.0154917,0.00300946
g_bonds,UP50/21|H42|long,ULONGsyn,test,2010-12-08,2010-12-09,2011-02-09,42,30.3063,29.0685,-0.0408421,-0.0412256,0.000244048,-0.0414697,time,-0.048567,2,0.01064,-0.0521097
g_bonds,UP50/21|H42|long,ULONGsyn,test,2011-10-25,2011-10-26,2011-12-28,42,38.6328,41.1786,0.0658974,0.0654711,2.06349e-05,0.0654505,time,-0.0426597,2,0.0116027,0.0538477
g_bonds,UP50/21|H42|long,ULONGsyn,test,2013-06-03,2013-06-04,2013-08-02,42,39.6163,37.0434,-0.064945,-0.0653189,7.06349e-05,-0.0653896,time,-0.078349,2,0.0155967,-0.0809862
g_bonds,UP50/21|H42|long,ULONGsyn,test,2016-11-18,2016-11-21,2017-01-24,42,46.078,45.851,-0.00492764,-0.00532559,0.000841667,-0.00616725,time,-0.0344534,2,0.0125407,-0.0187079
g_bonds,UP50/21|H42|long,ULONGsyn,test,2022-03-28,2022-03-29,2022-05-27,42,56.2192,51.5872,-0.0823928,-0.0827598,0.00142222,-0.084182,time,-0.128802,2,-0.00752316,-0.0766588
g_bonds,UP50/21|H42|long,ULONGsyn,test,2023-03-03,2023-03-06,2023-05-03,42,44.2198,46.2138,0.0450931,0.0446752,0.00804365,0.0366315,time,0,2,-0.0173298,0.0539613
g_bonds,UP50/21|H42|long,ULONGsyn,test,2023-08-18,2023-08-21,2023-10-20,42,41.0618,37.347,-0.090467,-0.0908307,0.00887857,-0.0997093,time,-0.0933677,2,-0.01877,-0.0809393
g_bonds,UP50/21|H42|long,ULONGsyn,test,2024-10-30,2024-10-31,2025-01-03,42,42.9808,40.93,-0.0477145,-0.0480953,0.00722421,-0.0553195,time,-0.0485766,2,-0.020623,-0.0346966
g_bonds,UP50/21|H42|long,TLT,test_exec,2008-10-16,2008-10-17,2008-12-16,42,55.3313,68.5549,0.23899,0.238494,0.000520635,0.237974,time,-0.0196432,2,0.0179308,0.220043
g_bonds,UP50/21|H42|long,TLT,test_exec,2009-01-27,2009-01-28,2009-03-27,42,64.5615,62.098,-0.0381571,-0.0385417,0.000420238,-0.038962,time,-0.0749525,2,0.0166435,-0.0556055
g_bonds,UP50/21|H42|long,TLT,test_exec,2009-12-28,2009-12-29,2010-03-01,42,54.7335,56.3852,0.0301771,0.0297651,0.000142063,0.0296231,time,-0.00515329,2,0.0150699,0.0145532
g_bonds,UP50/21|H42|long,TLT,test_exec,2010-12-08,2010-12-09,2011-02-08,42,59.5518,56.6666,-0.0484472,-0.0488278,0.000244048,-0.0490718,time,-0.0484472,2,0.010225,-0.0592968
g_bonds,UP50/21|H42|long,TLT,test_exec,2011-10-25,2011-10-26,2011-12-23,42,75.996,78.2868,0.0301443,0.0297323,2.06349e-05,0.0297117,time,-0.0441108,2,0.0113922,0.0183194
g_bonds,UP50/21|H42|long,TLT,test_exec,2013-06-03,2013-06-04,2013-08-01,42,78.4078,72.8392,-0.0710216,-0.0713931,7.06349e-05,-0.0714637,time,-0.0710216,2,0.0151684,-0.0866321
g_bonds,UP50/21|H42|long,TLT,test_exec,2016-11-18,2016-11-21,2017-01-23,42,91.4955,91.8677,0.00406837,0.00366682,0.000840079,0.00282674,time,-0.0342665,2,0.0114676,-0.00864085
g_bonds,UP50/21|H42|long,TLT,test_exec,2022-03-28,2022-03-29,2022-05-26,42,110.284,100.667,-0.0872052,-0.0875703,0.00140238,-0.0889727,time,-0.126548,2,-0.00784554,-0.0811271
g_bonds,UP50/21|H42|long,TLT,test_exec,2023-03-03,2023-03-06,2023-05-03,42,88.5826,92.5762,0.0450833,0.0446653,0.00804167,0.0366236,time,-0.0109568,2,-0.0159616,0.0525852
g_bonds,UP50/21|H42|long,TLT,test_exec,2023-08-18,2023-08-21,2023-10-18,42,81.362,74.6552,-0.0824319,-0.0827989,0.00887937,-0.0916782,time,-0.0824319,2,-0.0176001,-0.0740781
g_bonds,UP50/21|H42|long,TLT,test_exec,2024-10-30,2024-10-31,2024-12-31,42,84.727,81.1162,-0.0426168,-0.0429997,0.00724206,-0.0502417,time,-0.0451383,2,-0.0197298,-0.030512
g_bonds,UP50/21|H42|long,ULONGsyn,full,1968-12-24,1968-12-26,1969-02-26,42,1.07203,1.06938,-0.00247344,-0.00287237,0.0102234,-0.0130958,time,-0.0107917,2,-0.00411937,-0.00897642
g_bonds,UP50/21|H42|long,ULONGsyn,full,1969-09-19,1969-09-22,1969-11-24,42,1.05423,1.0407,-0.0128362,-0.013231,0.0117813,-0.0250124,time,-0.0244841,2,-0.00206601,-0.0229464
g_bonds,UP50/21|H42|long,ULONGsyn,full,1970-04-23,1970-04-24,1970-06-23,42,1.0383,1.03074,-0.00728594,-0.00768295,0.0113357,-0.0190187,time,-0.0593359,2,-0.00557993,-0.0134387
g_bonds,UP50/21|H42|long,ULONGsyn,full,1971-04-22,1971-04-23,1971-06-23,42,1.23198,1.19926,-0.0265611,-0.0269504,0.00722857,-0.034179,time,-0.0397148,2,-0.00657526,-0.0276037
g_bonds,UP50/21|H42|long,ULONGsyn,full,1973-08-02,1973-08-03,1973-10-03,42,1.18745,1.284,0.0813119,0.0808795,0.014054,0.0668255,time,-0.00315638,2,0.000535968,0.0662896
g_bonds,UP50/21|H42|long,ULONGsyn,full,1975-03-20,1975-03-21,1975-05-21,42,1.29717,1.32032,0.0178479,0.0174409,0.00910833,0.00833255,time,-0.0210849,2,-0.00376162,0.0120942
g_bonds,UP50/21|H42|long,ULONGsyn,full,1977-01-25,1977-01-26,1977-03-28,42,1.5989,1.58955,-0.00584518,-0.00624276,0.00773889,-0.0139816,time,-0.0160915,2,-0.00974739,-0.00423425
g_bonds,UP50/21|H42|long,ULONGsyn,full,1979-10-10,1979-10-11,1979-12-13,42,1.59925,1.55799,-0.0258022,-0.0261918,0.0199333,-0.0461251,time,-0.0616553,2,-0.00479437,-0.0413307
g_bonds,UP50/21|H42|long,ULONGsyn,full,1980-07-14,1980-07-15,1980-09-12,42,1.66625,1.55158,-0.0688185,-0.0691909,0.0150048,-0.0841957,time,-0.0925447,2,-0.00786275,-0.0763329
g_bonds,UP50/21|H42|long,ULONGsyn,full,1983-02-03,1983-02-04,1983-04-07,42,2.11775,2.26587,0.0699413,0.0695134,0.0137845,0.0557288,time,-0.000205915,2,0.0171442,0.0385846
g_bonds,UP50/21|H42|long,ULONGsyn,full,1983-06-01,1983-06-02,1983-08-02,42,2.23191,2.11187,-0.0537825,-0.0541609,0.0149492,-0.0691101,time,-0.0571859,2,0.0133662,-0.0824764
g_bonds,UP50/21|H42|long,ULONGsyn,full,1984-03-08,1984-03-09,1984-05-09,42,2.16523,2.06318,-0.0471292,-0.0475103,0.0161651,-0.0636754,time,-0.0471292,2,0.0173071,-0.0809825
g_bonds,UP50/21|H42|long,ULONGsyn,full,1985-02-26,1985-02-27,1985-04-29,42,2.53398,2.65719,0.0486217,0.0482023,0.0137452,0.034457,time,-0.00147059,2,0.0179389,0.0165182
g_bonds,UP50/21|H42|long,ULONGsyn,full,1985-08-06,1985-08-07,1985-10-08,42,2.93876,3.01332,0.0253684,0.0249583,0.0118187,0.0131396,time,0,2,0.0151024,-0.00196275
g_bonds,UP50/21|H42|long,ULONGsyn,full,1986-05-16,1986-05-19,1986-07-18,42,4.29905,4.61265,0.0729457,0.0725166,0.0101631,0.0623536,time,-0.0252781,2,0.0128111,0.0495425
g_bonds,UP50/21|H42|long,ULONGsyn,full,1986-09-19,1986-09-22,1986-11-21,42,4.35194,4.59113,0.0549627,0.0545408,0.00873452,0.0458062,time,-0.00904744,2,0.0153992,0.030407
g_bonds,UP50/21|H42|long,ULONGsyn,full,1987-04-10,1987-04-13,1987-06-12,42,4.30238,4.24946,-0.0123004,-0.0126954,0.00941032,-0.0221057,time,-0.0747257,2,0.0158544,-0.0379601
g_bonds,UP50/21|H42|long,ULONGsyn,full,1988-04-05,1988-04-06,1988-06-06,42,4.40864,4.3704,-0.00867276,-0.00906921,0.0102171,-0.0192863,time,-0.0417047,2,0.0128383,-0.0321245
g_bonds,UP50/21|H42|long,ULONGsyn,full,1988-12-05,1988-12-06,1989-02-07,42,4.624,4.76975,0.0315193,0.0311068,0.013696,0.0174107,time,-0.0101128,2,0.0099357,0.00747502
g_bonds,UP50/21|H42|long,ULONGsyn,full,1989-08-31,1989-09-01,1989-11-02,42,5.37652,5.61271,0.0439295,0.043512,0.012821,0.030691,time,-0.0123262,2,0.00469282,0.0259981
g_bonds,UP50/21|H42|long,ULONGsyn,full,1990-01-19,1990-01-22,1990-03-22,42,5.44364,5.41112,-0.00597332,-0.00637085,0.013002,-0.0193728,time,-0.0321417,2,0.00649617,-0.025869
g_bonds,UP50/21|H42|long,ULONGsyn,full,1990-08-24,1990-08-27,1990-10-26,42,5.31009,5.53626,0.0425914,0.0421745,0.0121349,0.0300396,time,-0.0094297,2,0.0163388,0.0137007
g_bonds,UP50/21|H42|long,ULONGsyn,full,1992-01-31,1992-02-03,1992-04-02,42,6.80533,6.81388,0.00125711,0.000856687,0.0065881,-0.00573141,time,-0.019218,2,0.00978101,-0.0155124
g_bonds,UP50/21|H42|long,ULONGsyn,full,1992-11-03,1992-11-04,1993-01-07,42,7.31869,7.62764,0.0422152,0.0417984,0.0053,0.0364984,time,-0.0076816,2,0.0113775,0.025121
g_bonds,UP50/21|H42|long,ULONGsyn,full,1993-11-22,1993-11-23,1994-01-25,42,9.34057,9.39025,0.00531896,0.00491692,0.00506032,-0.0001434,time,-0.00768652,2,0.0106986,-0.010842
g_bonds,UP50/21|H42|long,ULONGsyn,full,1994-03-02,1994-03-03,1994-05-04,42,8.85587,8.41338,-0.0499655,-0.0503454,0.00603175,-0.0563772,time,-0.0645244,2,0.00922514,-0.0656023
g_bonds,UP50/21|H42|long,ULONGsyn,full,1994-10-06,1994-10-07,1994-12-09,42,8.13225,8.29156,0.0195902,0.0191824,0.00872659,0.0104559,time,-0.021884,2,0.0112599,-0.000804074
g_bonds,UP50/21|H42|long,ULONGsyn,full,1995-08-14,1995-08-15,1995-10-16,42,9.74607,10.6514,0.092892,0.0924549,0.00885675,0.0835981,time,0,2,0.0126963,0.0709018
g_bonds,UP50/21|H42|long,ULONGsyn,full,1996-03-01,1996-03-04,1996-05-01,42,10.8732,10.2045,-0.0614988,-0.0618741,0.00826905,-0.0701432,time,-0.0696264,2,0.00853843,-0.0786816
g_bonds,UP50/21|H42|long,ULONGsyn,full,1998-11-05,1998-11-06,1999-01-11,42,14.7308,15.0436,0.0212331,0.0208247,0.00732302,0.0135017,time,0,2,0.00527292,0.00822878
g_bonds,UP50/21|H42|long,ULONGsyn,full,1999-02-25,1999-02-26,1999-04-27,42,14.5281,14.7014,0.0119232,0.0115185,0.00727381,0.00424467,time,-0.0162551,2,0.00567119,-0.00142653
g_bonds,UP50/21|H42|long,ULONGsyn,full,2000-01-12,2000-01-13,2000-03-15,42,13.196,14.4061,0.0917027,0.0912661,0.00921786,0.0820482,time,-0.0118743,2,0.00994605,0.0721022
g_bonds,UP50/21|H42|long,ULONGsyn,full,2000-05-05,2000-05-08,2000-07-07,42,14.1782,15.0846,0.0639307,0.0635052,0.00957302,0.0539322,time,0,2,0.0118028,0.0421293
g_bonds,UP50/21|H42|long,ULONGsyn,full,2001-04-23,2001-04-24,2001-06-22,42,16.0324,16.5779,0.034019,0.0336055,0.00597698,0.0276285,time,-0.0164311,2,0.00588494,0.0217436
g_bonds,UP50/21|H42|long,ULONGsyn,full,2001-12-06,2001-12-07,2002-02-08,42,16.9243,17.613,0.0406936,0.0402774,0.0027877,0.0374897,time,0,2,0.00639429,0.0310954
g_bonds,UP50/21|H42|long,ULONGsyn,full,2002-03-21,2002-03-22,2002-05-22,42,16.4938,16.9837,0.0296998,0.029288,0.00287738,0.0264106,time,-0.00259343,2,0.00917632,0.0172343
g_bonds,UP50/21|H42|long,ULONGsyn,full,2002-10-24,2002-10-25,2002-12-27,42,18.5126,19.3907,0.0474327,0.0470138,0.00206389,0.0449499,time,-0.00550611,2,0.0112113,0.0337386
g_bonds,UP50/21|H42|long,ULONGsyn,full,2003-07-11,2003-07-14,2003-09-11,42,20.1464,19.2048,-0.0467392,-0.0471204,0.00156468,-0.0486851,time,-0.0848568,2,0.00794622,-0.0566313
g_bonds,UP50/21|H42|long,ULONGsyn,full,2004-04-13,2004-04-14,2004-06-15,42,20.0513,19.6719,-0.0189205,-0.0193129,0.00175754,-0.0210704,time,-0.0461722,2,0.00755098,-0.0286214
g_bonds,UP50/21|H42|long,ULONGsyn,full,2005-03-14,2005-03-15,2005-05-13,42,22.5113,23.8751,0.0605855,0.0601614,0.00464484,0.0555165,time,-0.0116243,2,0.00977497,0.0457416
g_bonds,UP50/21|H42|long,ULONGsyn,full,2007-06-13,2007-06-14,2007-08-14,42,23.1187,24.4355,0.0569556,0.0565329,0.00788175,0.0486512,time,0,2,0.0108797,0.0377715
g_bonds,UP50/21|H42|long,ULONGsyn,full,2008-10-16,2008-10-17,2008-12-18,42,28.5766,40.0952,0.403076,0.402515,0.000479365,0.402035,time,-0.00365299,2,0.0138136,0.388222
g_bonds,UP50/21|H42|long,ULONGsyn,full,2009-01-27,2009-01-28,2009-03-30,42,33.5687,32.7159,-0.0254028,-0.0257926,0.000419841,-0.0262124,time,-0.065604,2,0.0127247,-0.0389371
g_bonds,UP50/21|H42|long,ULONGsyn,full,2009-12-28,2009-12-29,2010-03-02,42,28.1528,28.6892,0.0190524,0.0186449,0.000143651,0.0185012,time,-0.0143167,2,0.0148882,0.00361299
g_bonds,UP50/21|H42|long,ULONGsyn,full,2010-12-08,2010-12-09,2011-02-09,42,30.3063,29.0685,-0.0408421,-0.0412256,0.000244048,-0.0414697,time,-0.048567,2,0.0105154,-0.0519851
g_bonds,UP50/21|H42|long,ULONGsyn,full,2011-10-25,2011-10-26,2011-12-28,42,38.6328,41.1786,0.0658974,0.0654711,2.06349e-05,0.0654505,time,-0.0426597,2,0.0116027,0.0538477
g_bonds,UP50/21|H42|long,ULONGsyn,full,2013-06-03,2013-06-04,2013-08-02,42,39.6163,37.0434,-0.064945,-0.0653189,7.06349e-05,-0.0653896,time,-0.078349,2,0.0155967,-0.0809862
g_bonds,UP50/21|H42|long,ULONGsyn,full,2016-11-18,2016-11-21,2017-01-24,42,46.078,45.851,-0.00492764,-0.00532559,0.000841667,-0.00616725,time,-0.0344534,2,0.0125407,-0.0187079
g_bonds,UP50/21|H42|long,ULONGsyn,full,2022-03-28,2022-03-29,2022-05-27,42,56.2192,51.5872,-0.0823928,-0.0827598,0.00142222,-0.084182,time,-0.128802,2,-0.00752316,-0.0766588
g_bonds,UP50/21|H42|long,ULONGsyn,full,2023-03-03,2023-03-06,2023-05-03,42,44.2198,46.2138,0.0450931,0.0446752,0.00804365,0.0366315,time,0,2,-0.0173298,0.0539613
g_bonds,UP50/21|H42|long,ULONGsyn,full,2023-08-18,2023-08-21,2023-10-20,42,41.0618,37.347,-0.090467,-0.0908307,0.00887857,-0.0997093,time,-0.0933677,2,-0.01877,-0.0809393
g_bonds,UP50/21|H42|long,ULONGsyn,full,2024-10-30,2024-10-31,2025-01-03,42,42.9808,40.93,-0.0477145,-0.0480953,0.00722421,-0.0553195,time,-0.0485766,2,-0.020623,-0.0346966
g_bonds,UP50/21|H63|10y,UST10syn,design,1968-12-24,1968-12-26,1969-03-27,63,1.16764,1.17177,0.00353738,0.00313605,0.015252,-0.0121159,time,-0.00226873,2,-0.00203636,-0.0100796
g_bonds,UP50/21|H63|10y,UST10syn,design,1969-09-19,1969-09-22,1969-12-24,63,1.13184,1.10354,-0.0250026,-0.0253925,0.0182321,-0.0436246,time,-0.0250026,2,-0.00121878,-0.0424058
g_bonds,UP50/21|H63|10y,UST10syn,design,1970-04-23,1970-04-24,1970-07-23,63,1.14381,1.19857,0.0478766,0.0474575,0.0167317,0.0307258,time,-0.0268183,2,-0.00367243,0.0343982
g_bonds,UP50/21|H63|10y,UST10syn,design,1971-04-22,1971-04-23,1971-07-23,63,1.38411,1.3237,-0.0436448,-0.0440273,0.0116516,-0.0556789,time,-0.0436448,2,-0.00347492,-0.0522039
g_bonds,UP50/21|H63|10y,UST10syn,design,1973-08-02,1973-08-03,1973-11-05,63,1.43404,1.54405,0.0767097,0.0762791,0.0201067,0.0561723,time,-0.00263721,2,0.0035524,0.0526199
g_bonds,UP50/21|H63|10y,UST10syn,design,1975-03-20,1975-03-21,1975-06-20,63,1.58272,1.60345,0.013101,0.0126958,0.0134194,-0.0007236,time,-0.0257749,2,-0.00278092,0.00205732
g_bonds,UP50/21|H63|10y,UST10syn,design,1977-01-25,1977-01-26,1977-04-27,63,1.89369,1.92203,0.0149647,0.0145588,0.0115218,0.003037,time,-0.00832872,2,-0.00946454,0.0125015
g_bonds,UP50/21|H63|10y,UST10syn,design,1979-10-10,1979-10-11,1980-01-15,63,1.96402,1.95978,-0.00215839,-0.00255745,0.0299044,-0.0324618,time,-0.0471889,2,-0.00499546,-0.0274664
g_bonds,UP50/21|H63|10y,UST10syn,design,1980-07-14,1980-07-15,1980-10-14,63,2.12937,2.035,-0.0443212,-0.0447034,0.0240456,-0.068749,time,-0.0865448,2,-0.00751754,-0.0612315
g_bonds,UP50/21|H63|10y,UST10syn,design,1983-02-03,1983-02-04,1983-05-06,63,2.81044,3.03953,0.0815148,0.0810823,0.0205492,0.0605331,time,0,2,0.0194449,0.0410882
g_bonds,UP50/21|H63|10y,UST10syn,design,1983-06-01,1983-06-02,1983-08-31,63,2.94367,2.82023,-0.0419327,-0.0423159,0.0227325,-0.0650484,time,-0.0608174,2,0.015155,-0.0802034
g_bonds,UP50/21|H63|10y,UST10syn,design,1984-03-08,1984-03-09,1984-06-08,63,2.94691,2.85023,-0.0328071,-0.0331939,0.0243528,-0.0575466,time,-0.0629405,2,0.0212466,-0.0787933
g_bonds,UP50/21|H63|10y,UST10syn,design,1985-02-26,1985-02-27,1985-05-29,63,3.39661,3.80302,0.119651,0.119203,0.0200183,0.0991847,time,-0.00133732,2,0.021074,0.0781106
g_bonds,UP50/21|H63|10y,UST10syn,design,1985-08-06,1985-08-07,1985-11-07,63,3.8559,4.11569,0.0673743,0.0669475,0.017831,0.0491165,time,0,2,0.0166542,0.0324623
g_bonds,UP50/21|H63|10y,UST10syn,design,1986-05-16,1986-05-19,1986-08-18,63,4.8791,5.2666,0.0794216,0.0789899,0.0149333,0.0640566,time,-0.0240259,2,0.0146062,0.0494504
g_bonds,UP50/21|H63|10y,UST10syn,design,1986-09-19,1986-09-22,1986-12-23,63,5.12757,5.42292,0.0576002,0.0571773,0.013298,0.0438792,time,0,2,0.0167187,0.0271605
g_bonds,UP50/21|H63|10y,UST10syn,design,1987-04-10,1987-04-13,1987-07-14,63,5.17533,5.19217,0.00325422,0.002853,0.0141313,-0.0112783,time,-0.047103,2,0.017757,-0.0290353
g_bonds,UP50/21|H63|10y,UST10syn,design,1988-04-05,1988-04-06,1988-07-06,63,5.42972,5.44235,0.00232704,0.00192619,0.0156107,-0.0136845,time,-0.0287786,2,0.0126448,-0.0263293
g_bonds,UP50/21|H63|10y,UST10syn,design,1988-12-05,1988-12-06,1989-03-09,63,5.63576,5.66063,0.00441279,0.0040111,0.0208468,-0.0168357,time,-0.0134913,2,0.0105203,-0.0273561
g_bonds,UP50/21|H63|10y,UST10syn,design,1989-08-31,1989-09-01,1989-12-04,63,6.3199,6.61513,0.0467155,0.0462969,0.0192103,0.0270866,time,-0.0033817,2,0.00760152,0.0194851
g_bonds,UP50/21|H63|10y,UST10syn,design,1990-01-19,1990-01-22,1990-04-23,63,6.48485,6.31983,-0.0254481,-0.0258379,0.0194952,-0.0453331,time,-0.0254481,2,0.00955335,-0.0548865
g_bonds,UP50/21|H63|10y,UST10syn,design,1990-08-24,1990-08-27,1990-11-28,63,6.54307,6.95952,0.0636479,0.0632225,0.0180313,0.0451912,time,-0.00236452,2,0.01685,0.0283412
g_bonds,UP50/21|H63|10y,UST10syn,design,1992-01-31,1992-02-03,1992-05-04,63,8.13604,8.16166,0.00314827,0.00274709,0.00968214,-0.00693505,time,-0.016349,2,0.0120696,-0.0190047
g_bonds,UP50/21|H63|10y,UST10syn,design,1992-11-03,1992-11-04,1993-02-08,63,8.86398,9.36594,0.0566295,0.0562069,0.00776548,0.0484414,time,-0.00687102,2,0.0130245,0.0354169
g_bonds,UP50/21|H63|10y,UST10syn,design,1993-11-22,1993-11-23,1994-02-24,63,10.2055,10.0523,-0.0150064,-0.0154004,0.0077119,-0.0231123,time,-0.0150064,2,0.0112641,-0.0343764
g_bonds,UP50/21|H63|10y,UST10syn,design,1994-03-02,1994-03-03,1994-06-03,63,9.96852,9.68735,-0.0282054,-0.028594,0.00950317,-0.0380972,time,-0.0669073,2,0.0101532,-0.0482505
g_bonds,UP50/21|H63|10y,UST10syn,design,1994-10-06,1994-10-07,1995-01-11,63,9.44332,9.57929,0.0143989,0.0139932,0.0133937,0.000599598,time,-0.0171873,2,0.0106692,-0.0100696
g_bonds,UP50/21|H63|10y,UST10syn,design,1995-08-14,1995-08-15,1995-11-14,63,10.8658,11.5297,0.0610938,0.0606695,0.0132794,0.0473901,time,-0.00073881,2,0.0105652,0.0368249
g_bonds,UP50/21|H63|10y,UST10syn,design,1996-03-01,1996-03-04,1996-05-31,63,11.7741,11.1706,-0.0512607,-0.0516401,0.01245,-0.0640901,time,-0.0594615,2,0.00616075,-0.0702509
g_bonds,UP50/21|H63|10y,UST10syn,design,1998-11-05,1998-11-06,1999-02-10,63,14.92,15.1396,0.0147174,0.0143116,0.0109476,0.003364,time,0,2,0.00510046,-0.00173646
g_bonds,UP50/21|H63|10y,UST10syn,design,1999-02-25,1999-02-26,1999-05-26,63,14.7199,14.6143,-0.0071788,-0.00757585,0.0110091,-0.018585,time,-0.0180803,2,0.00669862,-0.0252836
g_bonds,UP50/21|H63|10y,UST10syn,design,2000-01-12,2000-01-13,2000-04-13,63,14.0084,14.9698,0.0686293,0.0682019,0.013975,0.0542269,time,-0.0101906,2,0.0122182,0.0420087
g_bonds,UP50/21|H63|10y,UST10syn,design,2000-05-05,2000-05-08,2000-08-07,63,14.3514,15.2279,0.0610699,0.0606455,0.0145774,0.0460681,time,0,2,0.0124378,0.0336303
g_bonds,UP50/21|H63|10y,UST10syn,design,2001-04-23,2001-04-24,2001-07-24,63,16.7385,17.0767,0.0202052,0.0197972,0.00890278,0.0108944,time,-0.0196766,2,0.00764885,0.00324557
g_bonds,UP50/21|H63|10y,UST10syn,design,2001-12-06,2001-12-07,2002-03-12,63,17.2762,17.3382,0.00359163,0.00319027,0.00424048,-0.0010502,time,-0.00324858,2,0.00691192,-0.00796212
g_bonds,UP50/21|H63|10y,UST10syn,design,2002-03-21,2002-03-22,2002-06-21,63,17.257,18.3241,0.0618327,0.0614081,0.00430119,0.0571069,time,-0.0015856,2,0.00928121,0.0478257
g_bonds,UP50/21|H63|10y,UST10syn,design,2002-10-24,2002-10-25,2003-01-29,63,19.6039,19.9011,0.0151571,0.0147511,0.00304127,0.0117098,time,-0.00790717,2,0.0107729,0.000936959
g_bonds,UP50/21|H63|10y,UST10syn,design,2003-07-11,2003-07-14,2003-10-10,63,20.7686,20.0502,-0.0345883,-0.0349744,0.00233333,-0.0373077,time,-0.0629319,2,0.00845497,-0.0457627
g_bonds,UP50/21|H63|10y,UST10syn,design,2004-04-13,2004-04-14,2004-07-15,63,20.2875,20.3577,0.00346069,0.00305938,0.00283294,0.000226445,time,-0.0316512,2,0.00593142,-0.00570497
g_bonds,UP50/21|H63|10y,UST10syn,design,2005-03-14,2005-03-15,2005-06-14,63,20.8604,21.7865,0.0443962,0.0439785,0.0070623,0.0369162,time,-0.00632401,2,0.00967222,0.027244
g_bonds,UP50/21|H63|10y,UST10syn,design,2007-06-13,2007-06-14,2007-09-13,63,21.8927,23.478,0.0724125,0.0719836,0.0111488,0.0608348,time,0,2,0.00654578,0.054289
g_bonds,UP50/21|H63|10y,UST10syn,test,2008-10-16,2008-10-17,2009-01-21,63,25.4845,28.9374,0.135491,0.135037,0.000550794,0.134486,time,-0.00108466,2,0.016967,0.117519
g_bonds,UP50/21|H63|10y,UST10syn,test,2009-01-27,2009-01-28,2009-04-29,63,28.5734,27.7458,-0.0289636,-0.0293519,0.000554365,-0.0299063,time,-0.0297725,2,0.0157965,-0.0457027
g_bonds,UP50/21|H63|10y,UST10syn,test,2009-12-28,2009-12-29,2010-03-31,63,26.7428,26.9446,0.00754549,0.00714255,0.000270238,0.00687232,time,-0.00226483,2,0.0142349,-0.00736254
g_bonds,UP50/21|H63|10y,UST10syn,test,2010-12-08,2010-12-09,2011-03-11,63,28.9187,28.7415,-0.00612902,-0.00652649,0.000341667,-0.00686815,time,-0.0375115,2,0.0097132,-0.0165814
g_bonds,UP50/21|H63|10y,UST10syn,test,2011-10-25,2011-10-26,2012-01-30,63,32.3314,33.558,0.0379383,0.0375232,4.72222e-05,0.037476,time,-0.016724,2,0.00962545,0.0278505
g_bonds,UP50/21|H63|10y,UST10syn,test,2013-06-03,2013-06-04,2013-09-03,63,33.5257,31.6563,-0.0557608,-0.0561384,0.000106349,-0.0562448,time,-0.0598449,2,0.0109974,-0.0672422
g_bonds,UP50/21|H63|10y,UST10syn,test,2016-11-18,2016-11-21,2017-02-23,63,35.513,35.5722,0.0016682,0.00126762,0.00127381,-6.1918e-06,time,-0.0220408,2,0.00769452,-0.00770072
g_bonds,UP50/21|H63|10y,UST10syn,test,2022-03-28,2022-03-29,2022-06-29,63,38.9553,36.9353,-0.0518549,-0.052234,0.00264683,-0.0548809,time,-0.0837405,2,-0.00634566,-0.0485352
g_bonds,UP50/21|H63|10y,UST10syn,test,2023-03-03,2023-03-06,2023-06-02,63,35.0954,36.2314,0.0323686,0.0319558,0.0123365,0.0196193,time,0,2,-0.0126962,0.0323155
g_bonds,UP50/21|H63|10y,UST10syn,test,2023-08-18,2023-08-21,2023-11-20,63,34.6409,34.7943,0.00442871,0.00402701,0.0132857,-0.0092587,time,-0.0428245,2,-0.0142191,0.00496036
g_bonds,UP50/21|H63|10y,UST10syn,test,2024-10-30,2024-10-31,2025-02-04,63,36.5665,36.2835,-0.00773924,-0.00813606,0.0107333,-0.0188694,time,-0.0313809,2,-0.01441,-0.00445942
g_bonds,UP50/21|H63|10y,IEF,test_exec,2008-10-16,2008-10-17,2009-01-16,63,57.2286,64.3973,0.125264,0.124814,0.000584524,0.12423,time,-0.00011386,2,0.0181886,0.106041
g_bonds,UP50/21|H63|10y,IEF,test_exec,2009-01-27,2009-01-28,2009-04-28,63,63.6669,62.5999,-0.0167586,-0.0171518,0.00055754,-0.0177093,time,-0.03232,2,0.0174149,-0.0351242
g_bonds,UP50/21|H63|10y,IEF,test_exec,2009-12-28,2009-12-29,2010-03-30,63,60.659,61.4027,0.0122607,0.0118558,0.000267857,0.011588,time,-0.00157756,2,0.0158807,-0.00429271
g_bonds,UP50/21|H63|10y,IEF,test_exec,2010-12-08,2010-12-09,2011-03-10,63,66.4158,66.4529,0.000558458,0.000158314,0.000344048,-0.000185733,time,-0.0288217,2,0.0118458,-0.0120315
g_bonds,UP50/21|H63|10y,IEF,test_exec,2011-10-25,2011-10-26,2012-01-26,63,74.4764,76.4737,0.0268169,0.0264062,4.40476e-05,0.0263622,time,-0.0165635,2,0.0114098,0.0149524
g_bonds,UP50/21|H63|10y,IEF,test_exec,2013-06-03,2013-06-04,2013-08-30,63,78.1328,74.8582,-0.0419111,-0.0422942,0.000107143,-0.0424014,time,-0.0498306,2,0.0117272,-0.0541286
g_bonds,UP50/21|H63|10y,IEF,test_exec,2016-11-18,2016-11-21,2017-02-22,63,83.8624,83.8996,0.000443755,4.36571e-05,0.00127183,-0.00122817,time,-0.0197015,2,0.00688847,-0.00811664
g_bonds,UP50/21|H63|10y,IEF,test_exec,2022-03-28,2022-03-29,2022-06-28,63,92.1175,87.3573,-0.0516755,-0.0520548,0.0026004,-0.0546552,time,-0.0757816,2,-0.00581541,-0.0488398
g_bonds,UP50/21|H63|10y,IEF,test_exec,2023-03-03,2023-03-06,2023-06-02,63,84.1838,86.4685,0.0271402,0.0267294,0.0123345,0.0143949,time,-0.00429819,2,-0.0109381,0.025333
g_bonds,UP50/21|H63|10y,IEF,test_exec,2023-08-18,2023-08-21,2023-11-16,63,83.1819,83.2249,0.000517437,0.000117311,0.0132913,-0.013174,time,-0.0402434,2,-0.0124812,-0.000692734
g_bonds,UP50/21|H63|10y,IEF,test_exec,2024-10-30,2024-10-31,2025-02-03,63,87.7029,87.2856,-0.0047576,-0.00515562,0.0107508,-0.0159064,time,-0.0252449,2,-0.0131327,-0.00277373
g_bonds,UP50/21|H63|10y,UST10syn,full,1968-12-24,1968-12-26,1969-03-27,63,1.16764,1.17177,0.00353738,0.00313605,0.015252,-0.0121159,time,-0.00226873,2,-0.00203636,-0.0100796
g_bonds,UP50/21|H63|10y,UST10syn,full,1969-09-19,1969-09-22,1969-12-24,63,1.13184,1.10354,-0.0250026,-0.0253925,0.0182321,-0.0436246,time,-0.0250026,2,-0.00121878,-0.0424058
g_bonds,UP50/21|H63|10y,UST10syn,full,1970-04-23,1970-04-24,1970-07-23,63,1.14381,1.19857,0.0478766,0.0474575,0.0167317,0.0307258,time,-0.0268183,2,-0.00367243,0.0343982
g_bonds,UP50/21|H63|10y,UST10syn,full,1971-04-22,1971-04-23,1971-07-23,63,1.38411,1.3237,-0.0436448,-0.0440273,0.0116516,-0.0556789,time,-0.0436448,2,-0.00347492,-0.0522039
g_bonds,UP50/21|H63|10y,UST10syn,full,1973-08-02,1973-08-03,1973-11-05,63,1.43404,1.54405,0.0767097,0.0762791,0.0201067,0.0561723,time,-0.00263721,2,0.0035524,0.0526199
g_bonds,UP50/21|H63|10y,UST10syn,full,1975-03-20,1975-03-21,1975-06-20,63,1.58272,1.60345,0.013101,0.0126958,0.0134194,-0.0007236,time,-0.0257749,2,-0.00278092,0.00205732
g_bonds,UP50/21|H63|10y,UST10syn,full,1977-01-25,1977-01-26,1977-04-27,63,1.89369,1.92203,0.0149647,0.0145588,0.0115218,0.003037,time,-0.00832872,2,-0.00946454,0.0125015
g_bonds,UP50/21|H63|10y,UST10syn,full,1979-10-10,1979-10-11,1980-01-15,63,1.96402,1.95978,-0.00215839,-0.00255745,0.0299044,-0.0324618,time,-0.0471889,2,-0.00499546,-0.0274664
g_bonds,UP50/21|H63|10y,UST10syn,full,1980-07-14,1980-07-15,1980-10-14,63,2.12937,2.035,-0.0443212,-0.0447034,0.0240456,-0.068749,time,-0.0865448,2,-0.00751754,-0.0612315
g_bonds,UP50/21|H63|10y,UST10syn,full,1983-02-03,1983-02-04,1983-05-06,63,2.81044,3.03953,0.0815148,0.0810823,0.0205492,0.0605331,time,0,2,0.0194449,0.0410882
g_bonds,UP50/21|H63|10y,UST10syn,full,1983-06-01,1983-06-02,1983-08-31,63,2.94367,2.82023,-0.0419327,-0.0423159,0.0227325,-0.0650484,time,-0.0608174,2,0.015155,-0.0802034
g_bonds,UP50/21|H63|10y,UST10syn,full,1984-03-08,1984-03-09,1984-06-08,63,2.94691,2.85023,-0.0328071,-0.0331939,0.0243528,-0.0575466,time,-0.0629405,2,0.0212466,-0.0787933
g_bonds,UP50/21|H63|10y,UST10syn,full,1985-02-26,1985-02-27,1985-05-29,63,3.39661,3.80302,0.119651,0.119203,0.0200183,0.0991847,time,-0.00133732,2,0.021074,0.0781106
g_bonds,UP50/21|H63|10y,UST10syn,full,1985-08-06,1985-08-07,1985-11-07,63,3.8559,4.11569,0.0673743,0.0669475,0.017831,0.0491165,time,0,2,0.0166542,0.0324623
g_bonds,UP50/21|H63|10y,UST10syn,full,1986-05-16,1986-05-19,1986-08-18,63,4.8791,5.2666,0.0794216,0.0789899,0.0149333,0.0640566,time,-0.0240259,2,0.0146062,0.0494504
g_bonds,UP50/21|H63|10y,UST10syn,full,1986-09-19,1986-09-22,1986-12-23,63,5.12757,5.42292,0.0576002,0.0571773,0.013298,0.0438792,time,0,2,0.0167187,0.0271605
g_bonds,UP50/21|H63|10y,UST10syn,full,1987-04-10,1987-04-13,1987-07-14,63,5.17533,5.19217,0.00325422,0.002853,0.0141313,-0.0112783,time,-0.047103,2,0.017757,-0.0290353
g_bonds,UP50/21|H63|10y,UST10syn,full,1988-04-05,1988-04-06,1988-07-06,63,5.42972,5.44235,0.00232704,0.00192619,0.0156107,-0.0136845,time,-0.0287786,2,0.0126448,-0.0263293
g_bonds,UP50/21|H63|10y,UST10syn,full,1988-12-05,1988-12-06,1989-03-09,63,5.63576,5.66063,0.00441279,0.0040111,0.0208468,-0.0168357,time,-0.0134913,2,0.0105203,-0.0273561
g_bonds,UP50/21|H63|10y,UST10syn,full,1989-08-31,1989-09-01,1989-12-04,63,6.3199,6.61513,0.0467155,0.0462969,0.0192103,0.0270866,time,-0.0033817,2,0.00760152,0.0194851
g_bonds,UP50/21|H63|10y,UST10syn,full,1990-01-19,1990-01-22,1990-04-23,63,6.48485,6.31983,-0.0254481,-0.0258379,0.0194952,-0.0453331,time,-0.0254481,2,0.00955335,-0.0548865
g_bonds,UP50/21|H63|10y,UST10syn,full,1990-08-24,1990-08-27,1990-11-28,63,6.54307,6.95952,0.0636479,0.0632225,0.0180313,0.0451912,time,-0.00236452,2,0.01685,0.0283412
g_bonds,UP50/21|H63|10y,UST10syn,full,1992-01-31,1992-02-03,1992-05-04,63,8.13604,8.16166,0.00314827,0.00274709,0.00968214,-0.00693505,time,-0.016349,2,0.0120696,-0.0190047
g_bonds,UP50/21|H63|10y,UST10syn,full,1992-11-03,1992-11-04,1993-02-08,63,8.86398,9.36594,0.0566295,0.0562069,0.00776548,0.0484414,time,-0.00687102,2,0.0130245,0.0354169
g_bonds,UP50/21|H63|10y,UST10syn,full,1993-11-22,1993-11-23,1994-02-24,63,10.2055,10.0523,-0.0150064,-0.0154004,0.0077119,-0.0231123,time,-0.0150064,2,0.0112641,-0.0343764
g_bonds,UP50/21|H63|10y,UST10syn,full,1994-03-02,1994-03-03,1994-06-03,63,9.96852,9.68735,-0.0282054,-0.028594,0.00950317,-0.0380972,time,-0.0669073,2,0.0101532,-0.0482505
g_bonds,UP50/21|H63|10y,UST10syn,full,1994-10-06,1994-10-07,1995-01-11,63,9.44332,9.57929,0.0143989,0.0139932,0.0133937,0.000599598,time,-0.0171873,2,0.0106692,-0.0100696
g_bonds,UP50/21|H63|10y,UST10syn,full,1995-08-14,1995-08-15,1995-11-14,63,10.8658,11.5297,0.0610938,0.0606695,0.0132794,0.0473901,time,-0.00073881,2,0.0105652,0.0368249
g_bonds,UP50/21|H63|10y,UST10syn,full,1996-03-01,1996-03-04,1996-05-31,63,11.7741,11.1706,-0.0512607,-0.0516401,0.01245,-0.0640901,time,-0.0594615,2,0.00616075,-0.0702509
g_bonds,UP50/21|H63|10y,UST10syn,full,1998-11-05,1998-11-06,1999-02-10,63,14.92,15.1396,0.0147174,0.0143116,0.0109476,0.003364,time,0,2,0.00510046,-0.00173646
g_bonds,UP50/21|H63|10y,UST10syn,full,1999-02-25,1999-02-26,1999-05-26,63,14.7199,14.6143,-0.0071788,-0.00757585,0.0110091,-0.018585,time,-0.0180803,2,0.00669862,-0.0252836
g_bonds,UP50/21|H63|10y,UST10syn,full,2000-01-12,2000-01-13,2000-04-13,63,14.0084,14.9698,0.0686293,0.0682019,0.013975,0.0542269,time,-0.0101906,2,0.0122182,0.0420087
g_bonds,UP50/21|H63|10y,UST10syn,full,2000-05-05,2000-05-08,2000-08-07,63,14.3514,15.2279,0.0610699,0.0606455,0.0145774,0.0460681,time,0,2,0.0124378,0.0336303
g_bonds,UP50/21|H63|10y,UST10syn,full,2001-04-23,2001-04-24,2001-07-24,63,16.7385,17.0767,0.0202052,0.0197972,0.00890278,0.0108944,time,-0.0196766,2,0.00764885,0.00324557
g_bonds,UP50/21|H63|10y,UST10syn,full,2001-12-06,2001-12-07,2002-03-12,63,17.2762,17.3382,0.00359163,0.00319027,0.00424048,-0.0010502,time,-0.00324858,2,0.00691192,-0.00796212
g_bonds,UP50/21|H63|10y,UST10syn,full,2002-03-21,2002-03-22,2002-06-21,63,17.257,18.3241,0.0618327,0.0614081,0.00430119,0.0571069,time,-0.0015856,2,0.00928121,0.0478257
g_bonds,UP50/21|H63|10y,UST10syn,full,2002-10-24,2002-10-25,2003-01-29,63,19.6039,19.9011,0.0151571,0.0147511,0.00304127,0.0117098,time,-0.00790717,2,0.0107729,0.000936959
g_bonds,UP50/21|H63|10y,UST10syn,full,2003-07-11,2003-07-14,2003-10-10,63,20.7686,20.0502,-0.0345883,-0.0349744,0.00233333,-0.0373077,time,-0.0629319,2,0.00845497,-0.0457627
g_bonds,UP50/21|H63|10y,UST10syn,full,2004-04-13,2004-04-14,2004-07-15,63,20.2875,20.3577,0.00346069,0.00305938,0.00283294,0.000226445,time,-0.0316512,2,0.00593142,-0.00570497
g_bonds,UP50/21|H63|10y,UST10syn,full,2005-03-14,2005-03-15,2005-06-14,63,20.8604,21.7865,0.0443962,0.0439785,0.0070623,0.0369162,time,-0.00632401,2,0.00892292,0.0279933
g_bonds,UP50/21|H63|10y,UST10syn,full,2007-06-13,2007-06-14,2007-09-13,63,21.8927,23.478,0.0724125,0.0719836,0.0111488,0.0608348,time,0,2,0.00988636,0.0509484
g_bonds,UP50/21|H63|10y,UST10syn,full,2008-10-16,2008-10-17,2009-01-21,63,25.4845,28.9374,0.135491,0.135037,0.000550794,0.134486,time,-0.00108466,2,0.0138261,0.12066
g_bonds,UP50/21|H63|10y,UST10syn,full,2009-01-27,2009-01-28,2009-04-29,63,28.5734,27.7458,-0.0289636,-0.0293519,0.000554365,-0.0299063,time,-0.0297725,2,0.0144744,-0.0443807
g_bonds,UP50/21|H63|10y,UST10syn,full,2009-12-28,2009-12-29,2010-03-31,63,26.7428,26.9446,0.00754549,0.00714255,0.000270238,0.00687232,time,-0.00226483,2,0.0155113,-0.00863901
g_bonds,UP50/21|H63|10y,UST10syn,full,2010-12-08,2010-12-09,2011-03-11,63,28.9187,28.7415,-0.00612902,-0.00652649,0.000341667,-0.00686815,time,-0.0375115,2,0.0102989,-0.017167
g_bonds,UP50/21|H63|10y,UST10syn,full,2011-10-25,2011-10-26,2012-01-30,63,32.3314,33.558,0.0379383,0.0375232,4.72222e-05,0.037476,time,-0.016724,2,0.00962545,0.0278505
g_bonds,UP50/21|H63|10y,UST10syn,full,2013-06-03,2013-06-04,2013-09-03,63,33.5257,31.6563,-0.0557608,-0.0561384,0.000106349,-0.0562448,time,-0.0598449,2,0.0109974,-0.0672422
g_bonds,UP50/21|H63|10y,UST10syn,full,2016-11-18,2016-11-21,2017-02-23,63,35.513,35.5722,0.0016682,0.00126762,0.00127381,-6.1918e-06,time,-0.0220408,2,0.00769452,-0.00770072
g_bonds,UP50/21|H63|10y,UST10syn,full,2022-03-28,2022-03-29,2022-06-29,63,38.9553,36.9353,-0.0518549,-0.052234,0.00264683,-0.0548809,time,-0.0837405,2,-0.00634566,-0.0485352
g_bonds,UP50/21|H63|10y,UST10syn,full,2023-03-03,2023-03-06,2023-06-02,63,35.0954,36.2314,0.0323686,0.0319558,0.0123365,0.0196193,time,0,2,-0.0126962,0.0323155
g_bonds,UP50/21|H63|10y,UST10syn,full,2023-08-18,2023-08-21,2023-11-20,63,34.6409,34.7943,0.00442871,0.00402701,0.0132857,-0.0092587,time,-0.0428245,2,-0.0142191,0.00496036
g_bonds,UP50/21|H63|10y,UST10syn,full,2024-10-30,2024-10-31,2025-02-04,63,36.5665,36.2835,-0.00773924,-0.00813606,0.0107333,-0.0188694,time,-0.0313809,2,-0.01441,-0.00445942
g_bonds,UP50/21|H63|long,ULONGsyn,design,1968-12-24,1968-12-26,1969-03-27,63,1.07203,1.06248,-0.00890532,-0.00930168,0.015252,-0.0245537,time,-0.0194859,2,-0.00561447,-0.0189392
g_bonds,UP50/21|H63|long,ULONGsyn,design,1969-09-19,1969-09-22,1969-12-24,63,1.05423,1.02534,-0.0274031,-0.0277921,0.0182321,-0.0460243,time,-0.0274031,2,-0.00302612,-0.0429981
g_bonds,UP50/21|H63|long,ULONGsyn,design,1970-04-23,1970-04-24,1970-07-23,63,1.0383,1.08747,0.0473488,0.04693,0.0167317,0.0301982,time,-0.0593359,2,-0.00829595,0.0384942
g_bonds,UP50/21|H63|long,ULONGsyn,design,1971-04-22,1971-04-23,1971-07-23,63,1.23198,1.20688,-0.0203746,-0.0207663,0.0116516,-0.0324179,time,-0.0397148,2,-0.0101687,-0.0222492
g_bonds,UP50/21|H63|long,ULONGsyn,design,1973-08-02,1973-08-03,1973-11-05,63,1.18745,1.26818,0.0679901,0.067563,0.0201067,0.0474563,time,-0.00315638,2,0.000894546,0.0465617
g_bonds,UP50/21|H63|long,ULONGsyn,design,1975-03-20,1975-03-21,1975-06-20,63,1.29717,1.34343,0.035663,0.0352488,0.0134194,0.0218294,time,-0.0210849,2,-0.00579812,0.0276275
g_bonds,UP50/21|H63|long,ULONGsyn,design,1977-01-25,1977-01-26,1977-04-27,63,1.5989,1.60892,0.0062675,0.00586507,0.0115218,-0.00565675,time,-0.0160915,2,-0.0121965,0.00653975
g_bonds,UP50/21|H63|long,ULONGsyn,design,1979-10-10,1979-10-11,1980-01-15,63,1.59925,1.54797,-0.0320668,-0.0324539,0.0299044,-0.0623583,time,-0.0616553,2,-0.00751848,-0.0548398
g_bonds,UP50/21|H63|long,ULONGsyn,design,1980-07-14,1980-07-15,1980-10-14,63,1.66625,1.56972,-0.0579321,-0.0583089,0.0240456,-0.0823545,time,-0.120725,2,-0.0113915,-0.070963
g_bonds,UP50/21|H63|long,ULONGsyn,design,1983-02-03,1983-02-04,1983-05-06,63,2.11775,2.34388,0.106777,0.106334,0.0205492,0.085785,time,-0.000205915,2,0.0265673,0.0592178
g_bonds,UP50/21|H63|long,ULONGsyn,design,1983-06-01,1983-06-02,1983-08-31,63,2.23191,2.10055,-0.0588567,-0.0592331,0.0227325,-0.0819656,time,-0.0799151,2,0.021523,-0.103489
g_bonds,UP50/21|H63|long,ULONGsyn,design,1984-03-08,1984-03-09,1984-06-08,63,2.16523,2.06186,-0.0477396,-0.0481205,0.0243528,-0.0724732,time,-0.0856184,2,0.0271348,-0.0996081
g_bonds,UP50/21|H63|long,ULONGsyn,design,1985-02-26,1985-02-27,1985-05-29,63,2.53398,2.87556,0.1348,0.134347,0.0200183,0.114328,time,-0.00147059,2,0.026873,0.0874553
g_bonds,UP50/21|H63|long,ULONGsyn,design,1985-08-06,1985-08-07,1985-11-07,63,2.93876,3.16692,0.0776378,0.0772069,0.017831,0.0593759,time,0,2,0.0219925,0.0373834
g_bonds,UP50/21|H63|long,ULONGsyn,design,1986-05-16,1986-05-19,1986-08-18,63,4.29905,4.59048,0.0677898,0.0673628,0.0149333,0.0524295,time,-0.0252781,2,0.020736,0.0316935
g_bonds,UP50/21|H63|long,ULONGsyn,design,1986-09-19,1986-09-22,1986-12-23,63,4.35194,4.67653,0.0745857,0.074156,0.013298,0.060858,time,-0.00904744,2,0.0238476,0.0370103
g_bonds,UP50/21|H63|long,ULONGsyn,design,1987-04-10,1987-04-13,1987-07-14,63,4.30238,4.27628,-0.00606695,-0.00646445,0.0141313,-0.0205958,time,-0.0747257,2,0.0250273,-0.0456231
g_bonds,UP50/21|H63|long,ULONGsyn,design,1988-04-05,1988-04-06,1988-07-06,63,4.40864,4.43861,0.00679848,0.00639584,0.0156107,-0.00921488,time,-0.0417047,2,0.0182157,-0.0274306
g_bonds,UP50/21|H63|long,ULONGsyn,design,1988-12-05,1988-12-06,1989-03-09,63,4.624,4.67253,0.0104944,0.0100903,0.0208468,-0.0107565,time,-0.0101128,2,0.014007,-0.0247635
g_bonds,UP50/21|H63|long,ULONGsyn,design,1989-08-31,1989-09-01,1989-12-04,63,5.37652,5.65159,0.0511609,0.0507405,0.0192103,0.0315302,time,-0.0123262,2,0.00712496,0.0244052
g_bonds,UP50/21|H63|long,ULONGsyn,design,1990-01-19,1990-01-22,1990-04-23,63,5.44364,5.18756,-0.0470425,-0.0474236,0.0194952,-0.0669188,time,-0.0470425,2,0.0105519,-0.0774707
g_bonds,UP50/21|H63|long,ULONGsyn,design,1990-08-24,1990-08-27,1990-11-28,63,5.31009,5.76089,0.0848943,0.0844604,0.0180313,0.066429,time,-0.0094297,2,0.0235441,0.0428849
g_bonds,UP50/21|H63|long,ULONGsyn,design,1992-01-31,1992-02-03,1992-05-04,63,6.80533,6.77638,-0.00425312,-0.00465134,0.00968214,-0.0143335,time,-0.019218,2,0.0155358,-0.0298693
g_bonds,UP50/21|H63|long,ULONGsyn,design,1992-11-03,1992-11-04,1993-02-08,63,7.31869,7.931,0.0836641,0.0832307,0.00776548,0.0754652,time,-0.0076816,2,0.0180326,0.0574326
g_bonds,UP50/21|H63|long,ULONGsyn,design,1993-11-22,1993-11-23,1994-02-24,63,9.34057,8.94668,-0.0421694,-0.0425524,0.0077119,-0.0502643,time,-0.0421694,2,0.0160871,-0.0663514
g_bonds,UP50/21|H63|long,ULONGsyn,design,1994-03-02,1994-03-03,1994-06-03,63,8.85587,8.55585,-0.0338785,-0.0342649,0.00950317,-0.0437681,time,-0.0801523,2,0.0144209,-0.058189
g_bonds,UP50/21|H63|long,ULONGsyn,design,1994-10-06,1994-10-07,1995-01-11,63,8.13225,8.35993,0.0279968,0.0275857,0.0133937,0.014192,time,-0.021884,2,0.0175197,-0.00332768
g_bonds,UP50/21|H63|long,ULONGsyn,design,1995-08-14,1995-08-15,1995-11-14,63,9.74607,10.7332,0.101281,0.100841,0.0132794,0.0875612,time,0,2,0.0196057,0.0679555
g_bonds,UP50/21|H63|long,ULONGsyn,design,1996-03-01,1996-03-04,1996-05-31,63,10.8732,10.1465,-0.0668329,-0.0672061,0.01245,-0.0796561,time,-0.0854018,2,0.0127127,-0.0923688
g_bonds,UP50/21|H63|long,ULONGsyn,design,1998-11-05,1998-11-06,1999-02-10,63,14.7308,14.9937,0.0178435,0.0174364,0.0109476,0.00648878,time,0,2,0.00798811,-0.00149933
g_bonds,UP50/21|H63|long,ULONGsyn,design,1999-02-25,1999-02-26,1999-05-26,63,14.5281,14.2462,-0.0194076,-0.0197997,0.0110091,-0.0308089,time,-0.0376155,2,0.00928077,-0.0400896
g_bonds,UP50/21|H63|long,ULONGsyn,design,2000-01-12,2000-01-13,2000-04-13,63,13.196,15.0056,0.137131,0.136676,0.013975,0.122701,time,-0.0118743,2,0.0153196,0.107381
g_bonds,UP50/21|H63|long,ULONGsyn,design,2000-05-05,2000-05-08,2000-08-07,63,14.1782,15.3954,0.0858487,0.0854144,0.0145774,0.070837,time,0,2,0.0157869,0.0550501
g_bonds,UP50/21|H63|long,ULONGsyn,design,2001-04-23,2001-04-24,2001-07-24,63,16.0324,16.8047,0.0481652,0.047746,0.00890278,0.0388432,time,-0.0164311,2,0.0088035,0.0300397
g_bonds,UP50/21|H63|long,ULONGsyn,design,2001-12-06,2001-12-07,2002-03-12,63,16.9243,16.5838,-0.0201199,-0.0205118,0.00424048,-0.0247522,time,-0.0201199,2,0.0102197,-0.034972
g_bonds,UP50/21|H63|long,ULONGsyn,design,2002-03-21,2002-03-22,2002-06-21,63,16.4938,17.5346,0.0630982,0.062673,0.00430119,0.0583718,time,-0.00259343,2,0.0150209,0.043351
g_bonds,UP50/21|H63|long,ULONGsyn,design,2002-10-24,2002-10-25,2003-01-29,63,18.5126,19.3292,0.0441133,0.0436957,0.00304127,0.0406545,time,-0.00550611,2,0.0174662,0.0231883
g_bonds,UP50/21|H63|long,ULONGsyn,design,2003-07-11,2003-07-14,2003-10-10,63,20.1464,19.3099,-0.0415234,-0.0419067,0.00233333,-0.04424,time,-0.0848568,2,0.012341,-0.056581
g_bonds,UP50/21|H63|long,ULONGsyn,design,2004-04-13,2004-04-14,2004-07-15,63,20.0513,20.2621,0.01051,0.0101059,0.00283294,0.00727299,time,-0.0461722,2,0.010815,-0.00354197
g_bonds,UP50/21|H63|long,ULONGsyn,design,2005-03-14,2005-03-15,2005-06-14,63,22.5113,24.2389,0.0767456,0.0763149,0.0070623,0.0692526,time,-0.0116243,2,0.0153546,0.0538981
g_bonds,UP50/21|H63|long,ULONGsyn,design,2007-06-13,2007-06-14,2007-09-13,63,23.1187,25.4706,0.101732,0.101291,0.0111488,0.0901427,time,0,2,0.0127183,0.0774244
g_bonds,UP50/21|H63|long,ULONGsyn,test,2008-10-16,2008-10-17,2009-01-21,63,28.5766,35.4583,0.240813,0.240317,0.000550794,0.239766,time,-0.00365299,2,0.0292223,0.210544
g_bonds,UP50/21|H63|long,ULONGsyn,test,2009-01-27,2009-01-28,2009-04-29,63,33.5687,30.4911,-0.0916814,-0.0920446,0.000554365,-0.092599,time,-0.0916814,2,0.0257036,-0.118303
g_bonds,UP50/21|H63|long,ULONGsyn,test,2009-12-28,2009-12-29,2010-03-31,63,28.1528,28.105,-0.00169753,-0.00209677,0.000270238,-0.00236701,time,-0.0143167,2,0.0231931,-0.0255601
g_bonds,UP50/21|H63|long,ULONGsyn,test,2010-12-08,2010-12-09,2011-03-11,63,30.3063,29.9852,-0.0105948,-0.0109904,0.000341667,-0.0113321,time,-0.048567,2,0.0162403,-0.0275724
g_bonds,UP50/21|H63|long,ULONGsyn,test,2011-10-25,2011-10-26,2012-01-30,63,38.6328,40.6274,0.0516289,0.0512084,4.72222e-05,0.0511611,time,-0.0426597,2,0.0162782,0.034883
g_bonds,UP50/21|H63|long,ULONGsyn,test,2013-06-03,2013-06-04,2013-09-03,63,39.6163,36.496,-0.0787628,-0.0791312,0.000106349,-0.0792376,time,-0.0976318,2,0.0233849,-0.102622
g_bonds,UP50/21|H63|long,ULONGsyn,test,2016-11-18,2016-11-21,2017-02-23,63,46.078,46.2303,0.00330326,0.00290202,0.00127381,0.00162821,time,-0.0344534,2,0.0196501,-0.0180218
g_bonds,UP50/21|H63|long,ULONGsyn,test,2022-03-28,2022-03-29,2022-06-29,63,56.2192,49.2469,-0.124021,-0.124371,0.00264683,-0.127018,time,-0.16212,2,-0.0119008,-0.115117
g_bonds,UP50/21|H63|long,ULONGsyn,test,2023-03-03,2023-03-06,2023-06-02,63,44.2198,44.8885,0.0151217,0.0147157,0.0123365,0.00237921,time,-0.00850725,2,-0.0263459,0.0287251
g_bonds,UP50/21|H63|long,ULONGsyn,test,2023-08-18,2023-08-21,2023-11-20,63,41.0618,40.6851,-0.00917263,-0.00956888,0.0132857,-0.0228546,time,-0.0933677,2,-0.0275047,0.00465008
g_bonds,UP50/21|H63|long,ULONGsyn,test,2024-10-30,2024-10-31,2025-02-04,63,42.9808,41.5567,-0.0331329,-0.0335196,0.0107333,-0.0442529,time,-0.0698793,2,-0.0303711,-0.0138818
g_bonds,UP50/21|H63|long,TLT,test_exec,2008-10-16,2008-10-17,2009-01-16,63,55.3313,67.5088,0.220083,0.219595,0.000584524,0.219011,time,-0.0196432,2,0.0274949,0.191516
g_bonds,UP50/21|H63|long,TLT,test_exec,2009-01-27,2009-01-28,2009-04-28,63,64.5615,59.1728,-0.0834659,-0.0838324,0.00055754,-0.0843899,time,-0.0834659,2,0.0249088,-0.109299
g_bonds,UP50/21|H63|long,TLT,test_exec,2009-12-28,2009-12-29,2010-03-30,63,54.7335,54.8729,0.00254572,0.00214478,0.000267857,0.00187693,time,-0.00515329,2,0.0224931,-0.0206162
g_bonds,UP50/21|H63|long,TLT,test_exec,2010-12-08,2010-12-09,2011-03-10,63,59.5518,59.176,-0.0063091,-0.0067065,0.000344048,-0.00705055,time,-0.0512443,2,0.0157151,-0.0227657
g_bonds,UP50/21|H63|long,TLT,test_exec,2011-10-25,2011-10-26,2012-01-26,63,75.996,78.1673,0.0285718,0.0281605,4.40476e-05,0.0281164,time,-0.0441108,2,0.0169038,0.0112126
g_bonds,UP50/21|H63|long,TLT,test_exec,2013-06-03,2013-06-04,2013-08-30,63,78.4078,73.2747,-0.0654669,-0.0658406,0.000107143,-0.0659477,time,-0.0995018,2,0.0227036,-0.0886514
g_bonds,UP50/21|H63|long,TLT,test_exec,2016-11-18,2016-11-21,2017-02-22,63,91.4955,91.4354,-0.000656256,-0.00105591,0.00127183,-0.00232774,time,-0.0342665,2,0.017697,-0.0200248
g_bonds,UP50/21|H63|long,TLT,test_exec,2022-03-28,2022-03-29,2022-06-28,63,110.284,95.1834,-0.136925,-0.137271,0.0026004,-0.139871,time,-0.162405,2,-0.012428,-0.127443
g_bonds,UP50/21|H63|long,TLT,test_exec,2023-03-03,2023-03-06,2023-06-02,63,88.5826,89.0671,0.00546961,0.00506751,0.0123345,-0.00726702,time,-0.0140095,2,-0.0243175,0.0170505
g_bonds,UP50/21|H63|long,TLT,test_exec,2023-08-18,2023-08-21,2023-11-16,63,81.362,79.4506,-0.0234933,-0.0238838,0.0132913,-0.0371751,time,-0.101217,2,-0.0260902,-0.0110849
g_bonds,UP50/21|H63|long,TLT,test_exec,2024-10-30,2024-10-31,2025-02-03,63,84.727,82.1793,-0.0300696,-0.0304575,0.0107508,-0.0412083,time,-0.0649811,2,-0.0291389,-0.0120694
g_bonds,UP50/21|H63|long,ULONGsyn,full,1968-12-24,1968-12-26,1969-03-27,63,1.07203,1.06248,-0.00890532,-0.00930168,0.015252,-0.0245537,time,-0.0194859,2,-0.00561447,-0.0189392
g_bonds,UP50/21|H63|long,ULONGsyn,full,1969-09-19,1969-09-22,1969-12-24,63,1.05423,1.02534,-0.0274031,-0.0277921,0.0182321,-0.0460243,time,-0.0274031,2,-0.00302612,-0.0429981
g_bonds,UP50/21|H63|long,ULONGsyn,full,1970-04-23,1970-04-24,1970-07-23,63,1.0383,1.08747,0.0473488,0.04693,0.0167317,0.0301982,time,-0.0593359,2,-0.00829595,0.0384942
g_bonds,UP50/21|H63|long,ULONGsyn,full,1971-04-22,1971-04-23,1971-07-23,63,1.23198,1.20688,-0.0203746,-0.0207663,0.0116516,-0.0324179,time,-0.0397148,2,-0.0101687,-0.0222492
g_bonds,UP50/21|H63|long,ULONGsyn,full,1973-08-02,1973-08-03,1973-11-05,63,1.18745,1.26818,0.0679901,0.067563,0.0201067,0.0474563,time,-0.00315638,2,0.000894546,0.0465617
g_bonds,UP50/21|H63|long,ULONGsyn,full,1975-03-20,1975-03-21,1975-06-20,63,1.29717,1.34343,0.035663,0.0352488,0.0134194,0.0218294,time,-0.0210849,2,-0.00579812,0.0276275
g_bonds,UP50/21|H63|long,ULONGsyn,full,1977-01-25,1977-01-26,1977-04-27,63,1.5989,1.60892,0.0062675,0.00586507,0.0115218,-0.00565675,time,-0.0160915,2,-0.0121965,0.00653975
g_bonds,UP50/21|H63|long,ULONGsyn,full,1979-10-10,1979-10-11,1980-01-15,63,1.59925,1.54797,-0.0320668,-0.0324539,0.0299044,-0.0623583,time,-0.0616553,2,-0.00751848,-0.0548398
g_bonds,UP50/21|H63|long,ULONGsyn,full,1980-07-14,1980-07-15,1980-10-14,63,1.66625,1.56972,-0.0579321,-0.0583089,0.0240456,-0.0823545,time,-0.120725,2,-0.0113915,-0.070963
g_bonds,UP50/21|H63|long,ULONGsyn,full,1983-02-03,1983-02-04,1983-05-06,63,2.11775,2.34388,0.106777,0.106334,0.0205492,0.085785,time,-0.000205915,2,0.0265673,0.0592178
g_bonds,UP50/21|H63|long,ULONGsyn,full,1983-06-01,1983-06-02,1983-08-31,63,2.23191,2.10055,-0.0588567,-0.0592331,0.0227325,-0.0819656,time,-0.0799151,2,0.021523,-0.103489
g_bonds,UP50/21|H63|long,ULONGsyn,full,1984-03-08,1984-03-09,1984-06-08,63,2.16523,2.06186,-0.0477396,-0.0481205,0.0243528,-0.0724732,time,-0.0856184,2,0.0271348,-0.0996081
g_bonds,UP50/21|H63|long,ULONGsyn,full,1985-02-26,1985-02-27,1985-05-29,63,2.53398,2.87556,0.1348,0.134347,0.0200183,0.114328,time,-0.00147059,2,0.026873,0.0874553
g_bonds,UP50/21|H63|long,ULONGsyn,full,1985-08-06,1985-08-07,1985-11-07,63,2.93876,3.16692,0.0776378,0.0772069,0.017831,0.0593759,time,0,2,0.0219925,0.0373834
g_bonds,UP50/21|H63|long,ULONGsyn,full,1986-05-16,1986-05-19,1986-08-18,63,4.29905,4.59048,0.0677898,0.0673628,0.0149333,0.0524295,time,-0.0252781,2,0.020736,0.0316935
g_bonds,UP50/21|H63|long,ULONGsyn,full,1986-09-19,1986-09-22,1986-12-23,63,4.35194,4.67653,0.0745857,0.074156,0.013298,0.060858,time,-0.00904744,2,0.0238476,0.0370103
g_bonds,UP50/21|H63|long,ULONGsyn,full,1987-04-10,1987-04-13,1987-07-14,63,4.30238,4.27628,-0.00606695,-0.00646445,0.0141313,-0.0205958,time,-0.0747257,2,0.0250273,-0.0456231
g_bonds,UP50/21|H63|long,ULONGsyn,full,1988-04-05,1988-04-06,1988-07-06,63,4.40864,4.43861,0.00679848,0.00639584,0.0156107,-0.00921488,time,-0.0417047,2,0.0182157,-0.0274306
g_bonds,UP50/21|H63|long,ULONGsyn,full,1988-12-05,1988-12-06,1989-03-09,63,4.624,4.67253,0.0104944,0.0100903,0.0208468,-0.0107565,time,-0.0101128,2,0.014007,-0.0247635
g_bonds,UP50/21|H63|long,ULONGsyn,full,1989-08-31,1989-09-01,1989-12-04,63,5.37652,5.65159,0.0511609,0.0507405,0.0192103,0.0315302,time,-0.0123262,2,0.00712496,0.0244052
g_bonds,UP50/21|H63|long,ULONGsyn,full,1990-01-19,1990-01-22,1990-04-23,63,5.44364,5.18756,-0.0470425,-0.0474236,0.0194952,-0.0669188,time,-0.0470425,2,0.0105519,-0.0774707
g_bonds,UP50/21|H63|long,ULONGsyn,full,1990-08-24,1990-08-27,1990-11-28,63,5.31009,5.76089,0.0848943,0.0844604,0.0180313,0.066429,time,-0.0094297,2,0.0235441,0.0428849
g_bonds,UP50/21|H63|long,ULONGsyn,full,1992-01-31,1992-02-03,1992-05-04,63,6.80533,6.77638,-0.00425312,-0.00465134,0.00968214,-0.0143335,time,-0.019218,2,0.0155358,-0.0298693
g_bonds,UP50/21|H63|long,ULONGsyn,full,1992-11-03,1992-11-04,1993-02-08,63,7.31869,7.931,0.0836641,0.0832307,0.00776548,0.0754652,time,-0.0076816,2,0.0180326,0.0574326
g_bonds,UP50/21|H63|long,ULONGsyn,full,1993-11-22,1993-11-23,1994-02-24,63,9.34057,8.94668,-0.0421694,-0.0425524,0.0077119,-0.0502643,time,-0.0421694,2,0.0160871,-0.0663514
g_bonds,UP50/21|H63|long,ULONGsyn,full,1994-03-02,1994-03-03,1994-06-03,63,8.85587,8.55585,-0.0338785,-0.0342649,0.00950317,-0.0437681,time,-0.0801523,2,0.0144209,-0.058189
g_bonds,UP50/21|H63|long,ULONGsyn,full,1994-10-06,1994-10-07,1995-01-11,63,8.13225,8.35993,0.0279968,0.0275857,0.0133937,0.014192,time,-0.021884,2,0.0175197,-0.00332768
g_bonds,UP50/21|H63|long,ULONGsyn,full,1995-08-14,1995-08-15,1995-11-14,63,9.74607,10.7332,0.101281,0.100841,0.0132794,0.0875612,time,0,2,0.0196057,0.0679555
g_bonds,UP50/21|H63|long,ULONGsyn,full,1996-03-01,1996-03-04,1996-05-31,63,10.8732,10.1465,-0.0668329,-0.0672061,0.01245,-0.0796561,time,-0.0854018,2,0.0127127,-0.0923688
g_bonds,UP50/21|H63|long,ULONGsyn,full,1998-11-05,1998-11-06,1999-02-10,63,14.7308,14.9937,0.0178435,0.0174364,0.0109476,0.00648878,time,0,2,0.00798811,-0.00149933
g_bonds,UP50/21|H63|long,ULONGsyn,full,1999-02-25,1999-02-26,1999-05-26,63,14.5281,14.2462,-0.0194076,-0.0197997,0.0110091,-0.0308089,time,-0.0376155,2,0.00928077,-0.0400896
g_bonds,UP50/21|H63|long,ULONGsyn,full,2000-01-12,2000-01-13,2000-04-13,63,13.196,15.0056,0.137131,0.136676,0.013975,0.122701,time,-0.0118743,2,0.0153196,0.107381
g_bonds,UP50/21|H63|long,ULONGsyn,full,2000-05-05,2000-05-08,2000-08-07,63,14.1782,15.3954,0.0858487,0.0854144,0.0145774,0.070837,time,0,2,0.0157869,0.0550501
g_bonds,UP50/21|H63|long,ULONGsyn,full,2001-04-23,2001-04-24,2001-07-24,63,16.0324,16.8047,0.0481652,0.047746,0.00890278,0.0388432,time,-0.0164311,2,0.0088035,0.0300397
g_bonds,UP50/21|H63|long,ULONGsyn,full,2001-12-06,2001-12-07,2002-03-12,63,16.9243,16.5838,-0.0201199,-0.0205118,0.00424048,-0.0247522,time,-0.0201199,2,0.0102197,-0.034972
g_bonds,UP50/21|H63|long,ULONGsyn,full,2002-03-21,2002-03-22,2002-06-21,63,16.4938,17.5346,0.0630982,0.062673,0.00430119,0.0583718,time,-0.00259343,2,0.0150209,0.043351
g_bonds,UP50/21|H63|long,ULONGsyn,full,2002-10-24,2002-10-25,2003-01-29,63,18.5126,19.3292,0.0441133,0.0436957,0.00304127,0.0406545,time,-0.00550611,2,0.0174662,0.0231883
g_bonds,UP50/21|H63|long,ULONGsyn,full,2003-07-11,2003-07-14,2003-10-10,63,20.1464,19.3099,-0.0415234,-0.0419067,0.00233333,-0.04424,time,-0.0848568,2,0.012341,-0.056581
g_bonds,UP50/21|H63|long,ULONGsyn,full,2004-04-13,2004-04-14,2004-07-15,63,20.0513,20.2621,0.01051,0.0101059,0.00283294,0.00727299,time,-0.0461722,2,0.010815,-0.00354197
g_bonds,UP50/21|H63|long,ULONGsyn,full,2005-03-14,2005-03-15,2005-06-14,63,22.5113,24.2389,0.0767456,0.0763149,0.0070623,0.0692526,time,-0.0116243,2,0.0141227,0.0551299
g_bonds,UP50/21|H63|long,ULONGsyn,full,2007-06-13,2007-06-14,2007-09-13,63,23.1187,25.4706,0.101732,0.101291,0.0111488,0.0901427,time,0,2,0.0163822,0.0737605
g_bonds,UP50/21|H63|long,ULONGsyn,full,2008-10-16,2008-10-17,2009-01-21,63,28.5766,35.4583,0.240813,0.240317,0.000550794,0.239766,time,-0.00365299,2,0.0206989,0.219067
g_bonds,UP50/21|H63|long,ULONGsyn,full,2009-01-27,2009-01-28,2009-04-29,63,33.5687,30.4911,-0.0916814,-0.0920446,0.000554365,-0.092599,time,-0.0916814,2,0.0201606,-0.11276
g_bonds,UP50/21|H63|long,ULONGsyn,full,2009-12-28,2009-12-29,2010-03-31,63,28.1528,28.105,-0.00169753,-0.00209677,0.000270238,-0.00236701,time,-0.0143167,2,0.0221898,-0.0245568
g_bonds,UP50/21|H63|long,ULONGsyn,full,2010-12-08,2010-12-09,2011-03-11,63,30.3063,29.9852,-0.0105948,-0.0109904,0.000341667,-0.0113321,time,-0.048567,2,0.0163872,-0.0277193
g_bonds,UP50/21|H63|long,ULONGsyn,full,2011-10-25,2011-10-26,2012-01-30,63,38.6328,40.6274,0.0516289,0.0512084,4.72222e-05,0.0511611,time,-0.0426597,2,0.0162782,0.034883
g_bonds,UP50/21|H63|long,ULONGsyn,full,2013-06-03,2013-06-04,2013-09-03,63,39.6163,36.496,-0.0787628,-0.0791312,0.000106349,-0.0792376,time,-0.0976318,2,0.0233849,-0.102622
g_bonds,UP50/21|H63|long,ULONGsyn,full,2016-11-18,2016-11-21,2017-02-23,63,46.078,46.2303,0.00330326,0.00290202,0.00127381,0.00162821,time,-0.0344534,2,0.0196501,-0.0180218
g_bonds,UP50/21|H63|long,ULONGsyn,full,2022-03-28,2022-03-29,2022-06-29,63,56.2192,49.2469,-0.124021,-0.124371,0.00264683,-0.127018,time,-0.16212,2,-0.0119008,-0.115117
g_bonds,UP50/21|H63|long,ULONGsyn,full,2023-03-03,2023-03-06,2023-06-02,63,44.2198,44.8885,0.0151217,0.0147157,0.0123365,0.00237921,time,-0.00850725,2,-0.0263459,0.0287251
g_bonds,UP50/21|H63|long,ULONGsyn,full,2023-08-18,2023-08-21,2023-11-20,63,41.0618,40.6851,-0.00917263,-0.00956888,0.0132857,-0.0228546,time,-0.0933677,2,-0.0275047,0.00465008
g_bonds,UP50/21|H63|long,ULONGsyn,full,2024-10-30,2024-10-31,2025-02-04,63,42.9808,41.5567,-0.0331329,-0.0335196,0.0107333,-0.0442529,time,-0.0698793,2,-0.0303711,-0.0138818
g_bonds,UP50/21|H84|10y,UST10syn,design,1968-12-24,1968-12-26,1969-04-29,84,1.16764,1.18875,0.018079,0.0176718,0.0203516,-0.00267976,time,-0.00226873,2,-0.00265211,-2.76502e-05
g_bonds,UP50/21|H84|10y,UST10syn,design,1969-09-19,1969-09-22,1970-01-26,84,1.13184,1.1251,-0.0059507,-0.00634824,0.0248052,-0.0311534,time,-0.0345365,2,-0.00201651,-0.0291369
g_bonds,UP50/21|H84|10y,UST10syn,design,1970-04-23,1970-04-24,1970-08-21,84,1.14381,1.18243,0.0337622,0.0333488,0.022098,0.0112508,time,-0.0268183,2,-0.00490495,0.0161557
g_bonds,UP50/21|H84|10y,UST10syn,design,1971-04-22,1971-04-23,1971-08-23,84,1.38411,1.36614,-0.0129816,-0.0133764,0.0159397,-0.029316,time,-0.0502371,2,-0.0052442,-0.0240718
g_bonds,UP50/21|H84|10y,UST10syn,design,1973-08-02,1973-08-03,1973-12-06,84,1.43404,1.55176,0.0820895,0.0816567,0.0265829,0.0550738,time,-0.00263721,2,0.0051569,0.0499169
g_bonds,UP50/21|H84|10y,UST10syn,design,1975-03-20,1975-03-21,1975-07-22,84,1.58272,1.59725,0.00918375,0.00878016,0.0184175,-0.0096373,time,-0.0257749,2,-0.00385479,-0.00578251
g_bonds,UP50/21|H84|10y,UST10syn,design,1977-01-25,1977-01-26,1977-05-26,84,1.89369,1.92805,0.0181409,0.0177338,0.0156147,0.00211908,time,-0.00832872,2,-0.010499,0.012618
g_bonds,UP50/21|H84|10y,UST10syn,design,1979-10-10,1979-10-11,1980-02-14,84,1.96402,1.82949,-0.0684971,-0.0688697,0.0399964,-0.108866,time,-0.0715263,2,-0.00682625,-0.10204
g_bonds,UP50/21|H84|10y,UST10syn,design,1980-07-14,1980-07-15,1980-11-14,84,2.12937,1.89513,-0.110007,-0.110363,0.034371,-0.144734,time,-0.124519,2,-0.00979204,-0.134942
g_bonds,UP50/21|H84|10y,UST10syn,design,1983-02-03,1983-02-04,1983-06-07,84,2.81044,2.93562,0.0445415,0.0441238,0.0274929,0.016631,time,0,2,0.0245469,-0.00791599
g_bonds,UP50/21|H84|10y,UST10syn,design,1984-03-08,1984-03-09,1984-07-10,84,2.94691,2.87328,-0.0249845,-0.0253745,0.0326119,-0.0579864,time,-0.0629405,2,0.0287595,-0.0867459
g_bonds,UP50/21|H84|10y,UST10syn,design,1985-02-26,1985-02-27,1985-06-27,84,3.39661,3.8494,0.133306,0.132853,0.0258345,0.107018,time,-0.00133732,2,0.0285865,0.0784316
g_bonds,UP50/21|H84|10y,UST10syn,design,1985-08-06,1985-08-07,1985-12-10,84,3.8559,4.29853,0.114792,0.114346,0.0238579,0.0904883,time,0,2,0.0208795,0.0696088
g_bonds,UP50/21|H84|10y,UST10syn,design,1986-05-16,1986-05-19,1986-09-17,84,4.8791,5.17951,0.0615717,0.0611472,0.0193135,0.0418337,time,-0.0240259,2,0.0205434,0.0212902
g_bonds,UP50/21|H84|10y,UST10syn,design,1986-09-19,1986-09-22,1987-01-26,84,5.12757,5.42399,0.0578094,0.0573864,0.0178484,0.039538,time,0,2,0.0225013,0.0170366
g_bonds,UP50/21|H84|10y,UST10syn,design,1987-04-10,1987-04-13,1987-08-12,84,5.17533,5.0939,-0.0157337,-0.0161273,0.0189675,-0.0350948,time,-0.047103,2,0.0242738,-0.0593686
g_bonds,UP50/21|H84|10y,UST10syn,design,1988-04-05,1988-04-06,1988-08-04,84,5.42972,5.45306,0.00429909,0.00389745,0.0212647,-0.0173672,time,-0.0287786,2,0.016606,-0.0339732
g_bonds,UP50/21|H84|10y,UST10syn,design,1988-12-05,1988-12-06,1989-04-10,84,5.63576,5.69592,0.0106747,0.0102705,0.0282417,-0.0179711,time,-0.0134913,2,0.0126963,-0.0306675
g_bonds,UP50/21|H84|10y,UST10syn,design,1989-08-31,1989-09-01,1990-01-04,84,6.3199,6.58693,0.0422522,0.0418354,0.025569,0.0162663,time,-0.0033817,2,0.0100815,0.00618477
g_bonds,UP50/21|H84|10y,UST10syn,design,1990-01-19,1990-01-22,1990-05-22,84,6.48485,6.50314,0.00281943,0.00241839,0.0259615,-0.0235431,time,-0.0304147,2,0.0140067,-0.0375498
g_bonds,UP50/21|H84|10y,UST10syn,design,1990-08-24,1990-08-27,1990-12-28,84,6.54307,7.08149,0.0822886,0.0818557,0.0236821,0.0581736,time,-0.00236452,2,0.0221867,0.0359869
g_bonds,UP50/21|H84|10y,UST10syn,design,1992-01-31,1992-02-03,1992-06-03,84,8.13604,8.34901,0.0261762,0.0257658,0.0127214,0.0130444,time,-0.016349,2,0.0169255,-0.00388107
g_bonds,UP50/21|H84|10y,UST10syn,design,1992-11-03,1992-11-04,1993-03-10,84,8.86398,9.69414,0.0936553,0.0932179,0.0102206,0.0829972,time,-0.00687102,2,0.0177269,0.0652704
g_bonds,UP50/21|H84|10y,UST10syn,design,1993-11-22,1993-11-23,1994-03-25,84,10.2055,9.81911,-0.0378609,-0.0382456,0.0106214,-0.0488671,time,-0.0378609,2,0.0149362,-0.0638033
g_bonds,UP50/21|H84|10y,UST10syn,design,1994-10-06,1994-10-07,1995-02-10,84,9.44332,9.75272,0.0327643,0.0323513,0.0181925,0.0141588,time,-0.0171873,2,0.0143819,-0.000223082
g_bonds,UP50/21|H84|10y,UST10syn,design,1995-08-14,1995-08-15,1995-12-14,84,10.8658,11.7858,0.0846642,0.0842304,0.0177187,0.0665118,time,-0.00073881,2,0.0147866,0.0517252
g_bonds,UP50/21|H84|10y,UST10syn,design,1996-03-01,1996-03-04,1996-07-01,84,11.7741,11.3245,-0.0381853,-0.03857,0.0166944,-0.0552644,time,-0.061259,2,0.0079563,-0.0632207
g_bonds,UP50/21|H84|10y,UST10syn,design,1998-11-05,1998-11-06,1999-03-12,84,14.92,14.8979,-0.00148443,-0.00188375,0.0146841,-0.0165679,time,-0.0216046,2,0.00703862,-0.0236065
g_bonds,UP50/21|H84|10y,UST10syn,design,2000-01-12,2000-01-13,2000-05-15,84,14.0084,14.4739,0.0332273,0.0328141,0.0187623,0.0140518,time,-0.0101906,2,0.0171143,-0.00306247
g_bonds,UP50/21|H84|10y,UST10syn,design,2001-04-23,2001-04-24,2001-08-22,84,16.7385,17.4398,0.0418942,0.0414775,0.0117357,0.0297418,time,-0.0196766,2,0.0107309,0.0190109
g_bonds,UP50/21|H84|10y,UST10syn,design,2001-12-06,2001-12-07,2002-04-11,84,17.2762,17.548,0.0157355,0.0153293,0.00571468,0.00961463,time,-0.00324858,2,0.00958838,2.62475e-05
g_bonds,UP50/21|H84|10y,UST10syn,design,2002-10-24,2002-10-25,2003-02-28,84,19.6039,20.5473,0.0481213,0.0477022,0.0040119,0.0436903,time,-0.00790717,2,0.0146963,0.028994
g_bonds,UP50/21|H84|10y,UST10syn,design,2003-07-11,2003-07-14,2003-11-12,84,20.7686,19.8865,-0.042472,-0.0428549,0.00311032,-0.0459652,time,-0.0629319,2,0.0113912,-0.0573564
g_bonds,UP50/21|H84|10y,UST10syn,design,2004-04-13,2004-04-14,2004-08-13,84,20.2875,20.8915,0.0297754,0.0293636,0.00400833,0.0253553,time,-0.0316512,2,0.00809057,0.0172647
g_bonds,UP50/21|H84|10y,UST10syn,design,2005-03-14,2005-03-15,2005-07-14,84,20.8604,21.7515,0.0427194,0.0423024,0.00960595,0.0326964,time,-0.00632401,2,0.0125682,0.0201283
g_bonds,UP50/21|H84|10y,UST10syn,design,2007-06-13,2007-06-14,2007-10-15,84,21.8927,23.1997,0.0597006,0.0592768,0.0143611,0.0449157,time,0,2,0.00811404,0.0368016
g_bonds,UP50/21|H84|10y,UST10syn,test,2008-10-16,2008-10-17,2009-02-20,84,25.4845,28.4412,0.11602,0.115574,0.000761905,0.114812,time,-0.00108466,2,0.0230731,0.091739
g_bonds,UP50/21|H84|10y,UST10syn,test,2009-12-28,2009-12-29,2010-04-29,84,26.7428,27.2042,0.017254,0.0168472,0.000405556,0.0164417,time,-0.00588869,2,0.0195482,-0.0031065
g_bonds,UP50/21|H84|10y,UST10syn,test,2010-12-08,2010-12-09,2011-04-11,84,28.9187,28.3686,-0.0190242,-0.0194165,0.000409127,-0.0198257,time,-0.0375115,2,0.0133052,-0.0331309
g_bonds,UP50/21|H84|10y,UST10syn,test,2011-10-25,2011-10-26,2012-02-29,84,32.3314,33.2761,0.0292192,0.0288076,0.000122619,0.028685,time,-0.016724,2,0.0128962,0.0157888
g_bonds,UP50/21|H84|10y,UST10syn,test,2013-06-03,2013-06-04,2013-10-02,84,33.5257,32.3645,-0.0346371,-0.0350232,0.000119841,-0.0351431,time,-0.0653393,2,0.0141924,-0.0493355
g_bonds,UP50/21|H84|10y,UST10syn,test,2016-11-18,2016-11-21,2017-03-24,84,35.513,35.577,0.00180356,0.00140292,0.00185595,-0.000453031,time,-0.0220408,2,0.0114247,-0.0118778
g_bonds,UP50/21|H84|10y,UST10syn,test,2022-03-28,2022-03-29,2022-07-29,84,38.9553,38.4166,-0.0138296,-0.014224,0.00448452,-0.0187085,time,-0.0837405,2,-0.0087493,-0.00995919
g_bonds,UP50/21|H84|10y,UST10syn,test,2023-03-03,2023-03-06,2023-07-05,84,35.0954,35.5791,0.0137843,0.0133788,0.0166329,-0.00325411,time,0,2,-0.016985,0.0137309
g_bonds,UP50/21|H84|10y,UST10syn,test,2023-08-18,2023-08-21,2023-12-20,84,34.6409,36.5335,0.0546343,0.0542126,0.0176623,0.0365503,time,-0.0428245,2,-0.018722,0.0552723
g_bonds,UP50/21|H84|10y,UST10syn,test,2024-10-30,2024-10-31,2025-03-06,84,36.5665,37.0895,0.014302,0.0138963,0.0142444,-0.000348104,time,-0.0313809,2,-0.0187137,0.0183656
g_bonds,UP50/21|H84|10y,IEF,test_exec,2008-10-16,2008-10-17,2009-02-18,84,57.2286,62.9883,0.100644,0.100204,0.00078254,0.0994216,time,-0.00011386,2,0.0247049,0.0747167
g_bonds,UP50/21|H84|10y,IEF,test_exec,2009-12-28,2009-12-29,2010-04-29,84,60.659,62.185,0.0251576,0.0247476,0.000403175,0.0243444,time,-0.00157756,2,0.0216818,0.00266264
g_bonds,UP50/21|H84|10y,IEF,test_exec,2010-12-08,2010-12-09,2011-04-08,84,66.4158,65.4641,-0.014329,-0.0147232,0.000412698,-0.0151359,time,-0.0288217,2,0.0160735,-0.0312093
g_bonds,UP50/21|H84|10y,IEF,test_exec,2011-10-25,2011-10-26,2012-02-27,84,74.4764,76.6765,0.0295407,0.0291289,0.000116667,0.0290123,time,-0.0165635,2,0.0155261,0.0134862
g_bonds,UP50/21|H84|10y,IEF,test_exec,2013-06-03,2013-06-04,2013-10-01,84,78.1328,76.0705,-0.026395,-0.0267843,0.000120635,-0.026905,time,-0.0577647,2,0.0153553,-0.0422603
g_bonds,UP50/21|H84|10y,IEF,test_exec,2016-11-18,2016-11-21,2017-03-23,84,83.8624,84.1026,0.00286515,0.00246408,0.00184365,0.000620433,time,-0.0197015,2,0.0100073,-0.00938682
g_bonds,UP50/21|H84|10y,IEF,test_exec,2022-03-28,2022-03-29,2022-07-28,84,92.1175,91.3297,-0.00855267,-0.00894917,0.00441389,-0.0133631,time,-0.0757816,2,-0.00796551,-0.00539754
g_bonds,UP50/21|H84|10y,IEF,test_exec,2023-03-03,2023-03-06,2023-07-05,84,84.1838,85.0468,0.0102518,0.00984774,0.016631,-0.00678321,time,-0.00429819,2,-0.0146715,0.00788828
g_bonds,UP50/21|H84|10y,IEF,test_exec,2023-08-18,2023-08-21,2023-12-18,84,83.1819,86.6903,0.042177,0.0417603,0.0176698,0.0240904,time,-0.0402434,2,-0.0164461,0.0405365
g_bonds,UP50/21|H84|10y,IEF,test_exec,2024-10-30,2024-10-31,2025-03-05,84,87.7029,89.208,0.0171614,0.0167546,0.0142627,0.00249188,time,-0.0252449,2,-0.0169736,0.0194654
g_bonds,UP50/21|H84|10y,UST10syn,full,1968-12-24,1968-12-26,1969-04-29,84,1.16764,1.18875,0.018079,0.0176718,0.0203516,-0.00267976,time,-0.00226873,2,-0.00265211,-2.76502e-05
g_bonds,UP50/21|H84|10y,UST10syn,full,1969-09-19,1969-09-22,1970-01-26,84,1.13184,1.1251,-0.0059507,-0.00634824,0.0248052,-0.0311534,time,-0.0345365,2,-0.00201651,-0.0291369
g_bonds,UP50/21|H84|10y,UST10syn,full,1970-04-23,1970-04-24,1970-08-21,84,1.14381,1.18243,0.0337622,0.0333488,0.022098,0.0112508,time,-0.0268183,2,-0.00490495,0.0161557
g_bonds,UP50/21|H84|10y,UST10syn,full,1971-04-22,1971-04-23,1971-08-23,84,1.38411,1.36614,-0.0129816,-0.0133764,0.0159397,-0.029316,time,-0.0502371,2,-0.0052442,-0.0240718
g_bonds,UP50/21|H84|10y,UST10syn,full,1973-08-02,1973-08-03,1973-12-06,84,1.43404,1.55176,0.0820895,0.0816567,0.0265829,0.0550738,time,-0.00263721,2,0.0051569,0.0499169
g_bonds,UP50/21|H84|10y,UST10syn,full,1975-03-20,1975-03-21,1975-07-22,84,1.58272,1.59725,0.00918375,0.00878016,0.0184175,-0.0096373,time,-0.0257749,2,-0.00385479,-0.00578251
g_bonds,UP50/21|H84|10y,UST10syn,full,1977-01-25,1977-01-26,1977-05-26,84,1.89369,1.92805,0.0181409,0.0177338,0.0156147,0.00211908,time,-0.00832872,2,-0.010499,0.012618
g_bonds,UP50/21|H84|10y,UST10syn,full,1979-10-10,1979-10-11,1980-02-14,84,1.96402,1.82949,-0.0684971,-0.0688697,0.0399964,-0.108866,time,-0.0715263,2,-0.00682625,-0.10204
g_bonds,UP50/21|H84|10y,UST10syn,full,1980-07-14,1980-07-15,1980-11-14,84,2.12937,1.89513,-0.110007,-0.110363,0.034371,-0.144734,time,-0.124519,2,-0.00979204,-0.134942
g_bonds,UP50/21|H84|10y,UST10syn,full,1983-02-03,1983-02-04,1983-06-07,84,2.81044,2.93562,0.0445415,0.0441238,0.0274929,0.016631,time,0,2,0.0245469,-0.00791599
g_bonds,UP50/21|H84|10y,UST10syn,full,1984-03-08,1984-03-09,1984-07-10,84,2.94691,2.87328,-0.0249845,-0.0253745,0.0326119,-0.0579864,time,-0.0629405,2,0.0287595,-0.0867459
g_bonds,UP50/21|H84|10y,UST10syn,full,1985-02-26,1985-02-27,1985-06-27,84,3.39661,3.8494,0.133306,0.132853,0.0258345,0.107018,time,-0.00133732,2,0.0285865,0.0784316
g_bonds,UP50/21|H84|10y,UST10syn,full,1985-08-06,1985-08-07,1985-12-10,84,3.8559,4.29853,0.114792,0.114346,0.0238579,0.0904883,time,0,2,0.0208795,0.0696088
g_bonds,UP50/21|H84|10y,UST10syn,full,1986-05-16,1986-05-19,1986-09-17,84,4.8791,5.17951,0.0615717,0.0611472,0.0193135,0.0418337,time,-0.0240259,2,0.0205434,0.0212902
g_bonds,UP50/21|H84|10y,UST10syn,full,1986-09-19,1986-09-22,1987-01-26,84,5.12757,5.42399,0.0578094,0.0573864,0.0178484,0.039538,time,0,2,0.0225013,0.0170366
g_bonds,UP50/21|H84|10y,UST10syn,full,1987-04-10,1987-04-13,1987-08-12,84,5.17533,5.0939,-0.0157337,-0.0161273,0.0189675,-0.0350948,time,-0.047103,2,0.0242738,-0.0593686
g_bonds,UP50/21|H84|10y,UST10syn,full,1988-04-05,1988-04-06,1988-08-04,84,5.42972,5.45306,0.00429909,0.00389745,0.0212647,-0.0173672,time,-0.0287786,2,0.016606,-0.0339732
g_bonds,UP50/21|H84|10y,UST10syn,full,1988-12-05,1988-12-06,1989-04-10,84,5.63576,5.69592,0.0106747,0.0102705,0.0282417,-0.0179711,time,-0.0134913,2,0.0126963,-0.0306675
g_bonds,UP50/21|H84|10y,UST10syn,full,1989-08-31,1989-09-01,1990-01-04,84,6.3199,6.58693,0.0422522,0.0418354,0.025569,0.0162663,time,-0.0033817,2,0.0100815,0.00618477
g_bonds,UP50/21|H84|10y,UST10syn,full,1990-01-19,1990-01-22,1990-05-22,84,6.48485,6.50314,0.00281943,0.00241839,0.0259615,-0.0235431,time,-0.0304147,2,0.0140067,-0.0375498
g_bonds,UP50/21|H84|10y,UST10syn,full,1990-08-24,1990-08-27,1990-12-28,84,6.54307,7.08149,0.0822886,0.0818557,0.0236821,0.0581736,time,-0.00236452,2,0.0221867,0.0359869
g_bonds,UP50/21|H84|10y,UST10syn,full,1992-01-31,1992-02-03,1992-06-03,84,8.13604,8.34901,0.0261762,0.0257658,0.0127214,0.0130444,time,-0.016349,2,0.0169255,-0.00388107
g_bonds,UP50/21|H84|10y,UST10syn,full,1992-11-03,1992-11-04,1993-03-10,84,8.86398,9.69414,0.0936553,0.0932179,0.0102206,0.0829972,time,-0.00687102,2,0.0177269,0.0652704
g_bonds,UP50/21|H84|10y,UST10syn,full,1993-11-22,1993-11-23,1994-03-25,84,10.2055,9.81911,-0.0378609,-0.0382456,0.0106214,-0.0488671,time,-0.0378609,2,0.0149362,-0.0638033
g_bonds,UP50/21|H84|10y,UST10syn,full,1994-10-06,1994-10-07,1995-02-10,84,9.44332,9.75272,0.0327643,0.0323513,0.0181925,0.0141588,time,-0.0171873,2,0.0143819,-0.000223082
g_bonds,UP50/21|H84|10y,UST10syn,full,1995-08-14,1995-08-15,1995-12-14,84,10.8658,11.7858,0.0846642,0.0842304,0.0177187,0.0665118,time,-0.00073881,2,0.0147866,0.0517252
g_bonds,UP50/21|H84|10y,UST10syn,full,1996-03-01,1996-03-04,1996-07-01,84,11.7741,11.3245,-0.0381853,-0.03857,0.0166944,-0.0552644,time,-0.061259,2,0.0079563,-0.0632207
g_bonds,UP50/21|H84|10y,UST10syn,full,1998-11-05,1998-11-06,1999-03-12,84,14.92,14.8979,-0.00148443,-0.00188375,0.0146841,-0.0165679,time,-0.0216046,2,0.00703862,-0.0236065
g_bonds,UP50/21|H84|10y,UST10syn,full,2000-01-12,2000-01-13,2000-05-15,84,14.0084,14.4739,0.0332273,0.0328141,0.0187623,0.0140518,time,-0.0101906,2,0.0171143,-0.00306247
g_bonds,UP50/21|H84|10y,UST10syn,full,2001-04-23,2001-04-24,2001-08-22,84,16.7385,17.4398,0.0418942,0.0414775,0.0117357,0.0297418,time,-0.0196766,2,0.0107309,0.0190109
g_bonds,UP50/21|H84|10y,UST10syn,full,2001-12-06,2001-12-07,2002-04-11,84,17.2762,17.548,0.0157355,0.0153293,0.00571468,0.00961463,time,-0.00324858,2,0.00958838,2.62475e-05
g_bonds,UP50/21|H84|10y,UST10syn,full,2002-10-24,2002-10-25,2003-02-28,84,19.6039,20.5473,0.0481213,0.0477022,0.0040119,0.0436903,time,-0.00790717,2,0.0146963,0.028994
g_bonds,UP50/21|H84|10y,UST10syn,full,2003-07-11,2003-07-14,2003-11-12,84,20.7686,19.8865,-0.042472,-0.0428549,0.00311032,-0.0459652,time,-0.0629319,2,0.0113912,-0.0573564
g_bonds,UP50/21|H84|10y,UST10syn,full,2004-04-13,2004-04-14,2004-08-13,84,20.2875,20.8915,0.0297754,0.0293636,0.00400833,0.0253553,time,-0.0316512,2,0.00809057,0.0172647
g_bonds,UP50/21|H84|10y,UST10syn,full,2005-03-14,2005-03-15,2005-07-14,84,20.8604,21.7515,0.0427194,0.0423024,0.00960595,0.0326964,time,-0.00632401,2,0.0114238,0.0212727
g_bonds,UP50/21|H84|10y,UST10syn,full,2007-06-13,2007-06-14,2007-10-15,84,21.8927,23.1997,0.0597006,0.0592768,0.0143611,0.0449157,time,0,2,0.0133839,0.0315318
g_bonds,UP50/21|H84|10y,UST10syn,full,2008-10-16,2008-10-17,2009-02-20,84,25.4845,28.4412,0.11602,0.115574,0.000761905,0.114812,time,-0.00108466,2,0.0187796,0.0960325
g_bonds,UP50/21|H84|10y,UST10syn,full,2009-12-28,2009-12-29,2010-04-29,84,26.7428,27.2042,0.017254,0.0168472,0.000405556,0.0164417,time,-0.00588869,2,0.021204,-0.0047623
g_bonds,UP50/21|H84|10y,UST10syn,full,2010-12-08,2010-12-09,2011-04-11,84,28.9187,28.3686,-0.0190242,-0.0194165,0.000409127,-0.0198257,time,-0.0375115,2,0.0136384,-0.0334641
g_bonds,UP50/21|H84|10y,UST10syn,full,2011-10-25,2011-10-26,2012-02-29,84,32.3314,33.2761,0.0292192,0.0288076,0.000122619,0.028685,time,-0.016724,2,0.0128962,0.0157888
g_bonds,UP50/21|H84|10y,UST10syn,full,2013-06-03,2013-06-04,2013-10-02,84,33.5257,32.3645,-0.0346371,-0.0350232,0.000119841,-0.0351431,time,-0.0653393,2,0.0141924,-0.0493355
g_bonds,UP50/21|H84|10y,UST10syn,full,2016-11-18,2016-11-21,2017-03-24,84,35.513,35.577,0.00180356,0.00140292,0.00185595,-0.000453031,time,-0.0220408,2,0.0114247,-0.0118778
g_bonds,UP50/21|H84|10y,UST10syn,full,2022-03-28,2022-03-29,2022-07-29,84,38.9553,38.4166,-0.0138296,-0.014224,0.00448452,-0.0187085,time,-0.0837405,2,-0.0087493,-0.00995919
g_bonds,UP50/21|H84|10y,UST10syn,full,2023-03-03,2023-03-06,2023-07-05,84,35.0954,35.5791,0.0137843,0.0133788,0.0166329,-0.00325411,time,0,2,-0.016985,0.0137309
g_bonds,UP50/21|H84|10y,UST10syn,full,2023-08-18,2023-08-21,2023-12-20,84,34.6409,36.5335,0.0546343,0.0542126,0.0176623,0.0365503,time,-0.0428245,2,-0.018722,0.0552723
g_bonds,UP50/21|H84|10y,UST10syn,full,2024-10-30,2024-10-31,2025-03-06,84,36.5665,37.0895,0.014302,0.0138963,0.0142444,-0.000348104,time,-0.0313809,2,-0.0187137,0.0183656
g_bonds,UP50/21|H84|long,ULONGsyn,design,1968-12-24,1968-12-26,1969-04-29,84,1.07203,1.09799,0.0242184,0.0238088,0.0203516,0.0034572,time,-0.0194859,2,-0.00744748,0.0109047
g_bonds,UP50/21|H84|long,ULONGsyn,design,1969-09-19,1969-09-22,1970-01-26,84,1.05423,1.03611,-0.0171848,-0.0175779,0.0248052,-0.0423831,time,-0.0418739,2,-0.00571524,-0.0366678
g_bonds,UP50/21|H84|long,ULONGsyn,design,1970-04-23,1970-04-24,1970-08-21,84,1.0383,1.05224,0.0134165,0.0130112,0.022098,-0.00908678,time,-0.0593359,2,-0.0114259,0.00233912
g_bonds,UP50/21|H84|long,ULONGsyn,design,1971-04-22,1971-04-23,1971-08-23,84,1.23198,1.2437,0.00951581,0.00911209,0.0159397,-0.0068276,time,-0.0397148,2,-0.0144294,0.00760178
g_bonds,UP50/21|H84|long,ULONGsyn,design,1973-08-02,1973-08-03,1973-12-06,84,1.18745,1.2787,0.0768422,0.0764116,0.0265829,0.0498287,time,-0.00315638,2,0.00158732,0.0482413
g_bonds,UP50/21|H84|long,ULONGsyn,design,1975-03-20,1975-03-21,1975-07-22,84,1.29717,1.33323,0.0278032,0.0273922,0.0184175,0.00897471,time,-0.0210849,2,-0.0080388,0.0170135
g_bonds,UP50/21|H84|long,ULONGsyn,design,1977-01-25,1977-01-26,1977-05-26,84,1.5989,1.61702,0.0113381,0.0109336,0.0156147,-0.00468107,time,-0.0160915,2,-0.0136066,0.00892557
g_bonds,UP50/21|H84|long,ULONGsyn,design,1979-10-10,1979-10-11,1980-02-14,84,1.59925,1.37247,-0.141803,-0.142147,0.0399964,-0.182143,time,-0.145417,2,-0.010592,-0.171551
g_bonds,UP50/21|H84|long,ULONGsyn,design,1980-07-14,1980-07-15,1980-11-14,84,1.66625,1.42636,-0.143971,-0.144313,0.034371,-0.178684,time,-0.162097,2,-0.0151106,-0.163574
g_bonds,UP50/21|H84|long,ULONGsyn,design,1983-02-03,1983-02-04,1983-06-07,84,2.11775,2.22352,0.0499422,0.0495223,0.0274929,0.0220294,time,-0.000205915,2,0.0344969,-0.0124674
g_bonds,UP50/21|H84|long,ULONGsyn,design,1984-03-08,1984-03-09,1984-07-10,84,2.16523,2.10776,-0.026543,-0.0269323,0.0326119,-0.0595442,time,-0.0856184,2,0.0368036,-0.0963479
g_bonds,UP50/21|H84|long,ULONGsyn,design,1985-02-26,1985-02-27,1985-06-27,84,2.53398,2.94915,0.163841,0.163376,0.0258345,0.137541,time,-0.00147059,2,0.0368122,0.100729
g_bonds,UP50/21|H84|long,ULONGsyn,design,1985-08-06,1985-08-07,1985-12-10,84,2.93876,3.36099,0.143673,0.143216,0.0238579,0.119358,time,0,2,0.0278862,0.0914719
g_bonds,UP50/21|H84|long,ULONGsyn,design,1986-05-16,1986-05-19,1986-09-17,84,4.29905,4.42386,0.0290325,0.0286209,0.0193135,0.00930746,time,-0.0252781,2,0.0292574,-0.0199499
g_bonds,UP50/21|H84|long,ULONGsyn,design,1986-09-19,1986-09-22,1987-01-26,84,4.35194,4.62476,0.0626883,0.0622633,0.0178484,0.0444149,time,-0.00904744,2,0.0321732,0.0122417
g_bonds,UP50/21|H84|long,ULONGsyn,design,1987-04-10,1987-04-13,1987-08-12,84,4.30238,4.11046,-0.0446087,-0.0449908,0.0189675,-0.0639582,time,-0.0747257,2,0.0340503,-0.0980085
g_bonds,UP50/21|H84|long,ULONGsyn,design,1988-04-05,1988-04-06,1988-08-04,84,4.40864,4.44328,0.00785752,0.00745446,0.0212647,-0.0138102,time,-0.0417047,2,0.0240146,-0.0378249
g_bonds,UP50/21|H84|long,ULONGsyn,design,1988-12-05,1988-12-06,1989-04-10,84,4.624,4.6956,0.0154836,0.0150775,0.0282417,-0.0131642,time,-0.0111022,2,0.0164168,-0.029581
g_bonds,UP50/21|H84|long,ULONGsyn,design,1989-08-31,1989-09-01,1990-01-04,84,5.37652,5.58717,0.0391786,0.0387631,0.025569,0.013194,time,-0.0123262,2,0.00947716,0.00371685
g_bonds,UP50/21|H84|long,ULONGsyn,design,1990-01-19,1990-01-22,1990-05-22,84,5.44364,5.41952,-0.00443138,-0.00482953,0.0259615,-0.030791,time,-0.0541804,2,0.0157175,-0.0465085
g_bonds,UP50/21|H84|long,ULONGsyn,design,1990-08-24,1990-08-27,1990-12-28,84,5.31009,5.89541,0.110227,0.109783,0.0236821,0.086101,time,-0.0094297,2,0.030905,0.055196
g_bonds,UP50/21|H84|long,ULONGsyn,design,1992-01-31,1992-02-03,1992-06-03,84,6.80533,6.9373,0.0193927,0.0189851,0.0127214,0.00626362,time,-0.019218,2,0.0220677,-0.0158041
g_bonds,UP50/21|H84|long,ULONGsyn,design,1992-11-03,1992-11-04,1993-03-10,84,7.31869,8.41665,0.150022,0.149562,0.0102206,0.139342,time,-0.0076816,2,0.0244486,0.114893
g_bonds,UP50/21|H84|long,ULONGsyn,design,1993-11-22,1993-11-23,1994-03-25,84,9.34057,8.72574,-0.0658231,-0.0661967,0.0106214,-0.0768181,time,-0.0658231,2,0.0212482,-0.0980664
g_bonds,UP50/21|H84|long,ULONGsyn,design,1994-10-06,1994-10-07,1995-02-10,84,8.13225,8.57998,0.0550559,0.0546339,0.0181925,0.0364415,time,-0.021884,2,0.0236083,0.0128332
g_bonds,UP50/21|H84|long,ULONGsyn,design,1995-08-14,1995-08-15,1995-12-14,84,9.74607,11.1136,0.14032,0.139864,0.0177187,0.122146,time,0,2,0.0270957,0.09505
g_bonds,UP50/21|H84|long,ULONGsyn,design,1996-03-01,1996-03-04,1996-07-01,84,10.8732,10.3224,-0.0506558,-0.0510355,0.0166944,-0.0677299,time,-0.0854018,2,0.0166673,-0.0843972
g_bonds,UP50/21|H84|long,ULONGsyn,design,1998-11-05,1998-11-06,1999-03-12,84,14.7308,14.622,-0.00738679,-0.00778376,0.0146841,-0.0224679,time,-0.029792,2,0.0107196,-0.0331875
g_bonds,UP50/21|H84|long,ULONGsyn,design,2000-01-12,2000-01-13,2000-05-15,84,13.196,14.3494,0.087404,0.0869691,0.0187623,0.0682068,time,-0.0118743,2,0.0216656,0.0465412
g_bonds,UP50/21|H84|long,ULONGsyn,design,2001-04-23,2001-04-24,2001-08-22,84,16.0324,17.0765,0.0651225,0.0646966,0.0117357,0.0529609,time,-0.0164311,2,0.0122371,0.0407238
g_bonds,UP50/21|H84|long,ULONGsyn,design,2001-12-06,2001-12-07,2002-04-11,84,16.9243,16.8046,-0.00707259,-0.00746968,0.00571468,-0.0131844,time,-0.0280341,2,0.0143786,-0.027563
g_bonds,UP50/21|H84|long,ULONGsyn,design,2002-10-24,2002-10-25,2003-02-28,84,18.5126,20.0474,0.0829057,0.0824727,0.0040119,0.0784607,time,-0.00550611,2,0.0235505,0.0549102
g_bonds,UP50/21|H84|long,ULONGsyn,design,2003-07-11,2003-07-14,2003-11-12,84,20.1464,19.4014,-0.0369777,-0.0373628,0.00311032,-0.0404731,time,-0.0848568,2,0.0169178,-0.057391
g_bonds,UP50/21|H84|long,ULONGsyn,design,2004-04-13,2004-04-14,2004-08-13,84,20.0513,20.8732,0.0409888,0.0405725,0.00400833,0.0365642,time,-0.0461722,2,0.0144378,0.0221264
g_bonds,UP50/21|H84|long,ULONGsyn,design,2005-03-14,2005-03-15,2005-07-14,84,22.5113,24.3607,0.0821552,0.0817224,0.00960595,0.0721164,time,-0.0116243,2,0.0200941,0.0520224
g_bonds,UP50/21|H84|long,ULONGsyn,design,2007-06-13,2007-06-14,2007-10-15,84,23.1187,24.9382,0.0787024,0.078271,0.0143611,0.0639098,time,0,2,0.0157622,0.0481476
g_bonds,UP50/21|H84|long,ULONGsyn,test,2008-10-16,2008-10-17,2009-02-20,84,28.5766,32.8674,0.15015,0.14969,0.000761905,0.148928,time,-0.00365299,2,0.0394797,0.109448
g_bonds,UP50/21|H84|long,ULONGsyn,test,2009-12-28,2009-12-29,2010-04-29,84,28.1528,28.7547,0.0213791,0.0209706,0.000405556,0.020565,time,-0.0214226,2,0.0321486,-0.0115835
g_bonds,UP50/21|H84|long,ULONGsyn,test,2010-12-08,2010-12-09,2011-04-11,84,30.3063,29.6135,-0.0228596,-0.0232504,0.000409127,-0.0236595,time,-0.048567,2,0.0225753,-0.0462348
g_bonds,UP50/21|H84|long,ULONGsyn,test,2011-10-25,2011-10-26,2012-02-29,84,38.6328,40.0033,0.0354749,0.0350608,0.000122619,0.0349381,time,-0.0426597,2,0.0225629,0.0123753
g_bonds,UP50/21|H84|long,ULONGsyn,test,2013-06-03,2013-06-04,2013-10-02,84,39.6163,37.1954,-0.0611095,-0.061485,0.000119841,-0.0616048,time,-0.0976318,2,0.0303831,-0.0919879
g_bonds,UP50/21|H84|long,ULONGsyn,test,2016-11-18,2016-11-21,2017-03-24,84,46.078,46.5169,0.00952396,0.00912023,0.00185595,0.00726428,time,-0.0344534,2,0.0286454,-0.0213811
g_bonds,UP50/21|H84|long,ULONGsyn,test,2022-03-28,2022-03-29,2022-07-29,84,56.2192,51.5073,-0.0838141,-0.0841805,0.00448452,-0.088665,time,-0.16212,2,-0.0166487,-0.0720163
g_bonds,UP50/21|H84|long,ULONGsyn,test,2023-03-03,2023-03-06,2023-07-05,84,44.2198,44.4838,0.00597186,0.00556956,0.0166329,-0.0110634,time,-0.00850725,2,-0.0347248,0.0236614
g_bonds,UP50/21|H84|long,ULONGsyn,test,2023-08-18,2023-08-21,2023-12-20,84,41.0618,45.0681,0.0975687,0.0971297,0.0176623,0.0794674,time,-0.0933677,2,-0.0362671,0.115735
g_bonds,UP50/21|H84|long,ULONGsyn,test,2024-10-30,2024-10-31,2025-03-06,84,42.9808,42.8586,-0.00284382,-0.00324261,0.0142444,-0.017487,time,-0.0698793,2,-0.0396911,0.022204
g_bonds,UP50/21|H84|long,TLT,test_exec,2008-10-16,2008-10-17,2009-02-18,84,55.3313,62.0091,0.120688,0.12024,0.00078254,0.119458,time,-0.0196432,2,0.0372627,0.0821949
g_bonds,UP50/21|H84|long,TLT,test_exec,2009-12-28,2009-12-29,2010-04-29,84,54.7335,56.4341,0.0310698,0.0306574,0.000403175,0.0302542,time,-0.00979705,2,0.0310843,-0.000830021
g_bonds,UP50/21|H84|long,TLT,test_exec,2010-12-08,2010-12-09,2011-04-08,84,59.5518,58.0115,-0.0258647,-0.0262543,0.000412698,-0.026667,time,-0.0512443,2,0.0217742,-0.0484412
g_bonds,UP50/21|H84|long,TLT,test_exec,2011-10-25,2011-10-26,2012-02-27,84,75.996,78.9072,0.0383076,0.0378924,0.000116667,0.0377757,time,-0.0441108,2,0.0239258,0.01385
g_bonds,UP50/21|H84|long,TLT,test_exec,2013-06-03,2013-06-04,2013-10-01,84,78.4078,73.5285,-0.0622301,-0.0626052,0.000120635,-0.0627258,time,-0.0995018,2,0.0298404,-0.0925662
g_bonds,UP50/21|H84|long,TLT,test_exec,2016-11-18,2016-11-21,2017-03-23,84,91.4955,91.7181,0.00243393,0.00203303,0.00184365,0.000189383,time,-0.0342665,2,0.025167,-0.0249776
g_bonds,UP50/21|H84|long,TLT,test_exec,2022-03-28,2022-03-29,2022-07-28,84,110.284,100.161,-0.0917919,-0.0921551,0.00441389,-0.096569,time,-0.162405,2,-0.0172659,-0.0793031
g_bonds,UP50/21|H84|long,TLT,test_exec,2023-03-03,2023-03-06,2023-07-05,84,88.5826,88.5377,-0.000506942,-0.000906659,0.016631,-0.0175376,time,-0.0140095,2,-0.0323247,0.0147871
g_bonds,UP50/21|H84|long,TLT,test_exec,2023-08-18,2023-08-21,2023-12-18,84,81.362,87.7567,0.0785958,0.0781644,0.0176698,0.0604946,time,-0.101217,2,-0.0346199,0.0951145
g_bonds,UP50/21|H84|long,TLT,test_exec,2024-10-30,2024-10-31,2025-03-05,84,84.727,84.8131,0.00101619,0.00061586,0.0142627,-0.0136468,time,-0.0649811,2,-0.0380805,0.0244336
g_bonds,UP50/21|H84|long,ULONGsyn,full,1968-12-24,1968-12-26,1969-04-29,84,1.07203,1.09799,0.0242184,0.0238088,0.0203516,0.0034572,time,-0.0194859,2,-0.00744748,0.0109047
g_bonds,UP50/21|H84|long,ULONGsyn,full,1969-09-19,1969-09-22,1970-01-26,84,1.05423,1.03611,-0.0171848,-0.0175779,0.0248052,-0.0423831,time,-0.0418739,2,-0.00571524,-0.0366678
g_bonds,UP50/21|H84|long,ULONGsyn,full,1970-04-23,1970-04-24,1970-08-21,84,1.0383,1.05224,0.0134165,0.0130112,0.022098,-0.00908678,time,-0.0593359,2,-0.0114259,0.00233912
g_bonds,UP50/21|H84|long,ULONGsyn,full,1971-04-22,1971-04-23,1971-08-23,84,1.23198,1.2437,0.00951581,0.00911209,0.0159397,-0.0068276,time,-0.0397148,2,-0.0144294,0.00760178
g_bonds,UP50/21|H84|long,ULONGsyn,full,1973-08-02,1973-08-03,1973-12-06,84,1.18745,1.2787,0.0768422,0.0764116,0.0265829,0.0498287,time,-0.00315638,2,0.00158732,0.0482413
g_bonds,UP50/21|H84|long,ULONGsyn,full,1975-03-20,1975-03-21,1975-07-22,84,1.29717,1.33323,0.0278032,0.0273922,0.0184175,0.00897471,time,-0.0210849,2,-0.0080388,0.0170135
g_bonds,UP50/21|H84|long,ULONGsyn,full,1977-01-25,1977-01-26,1977-05-26,84,1.5989,1.61702,0.0113381,0.0109336,0.0156147,-0.00468107,time,-0.0160915,2,-0.0136066,0.00892557
g_bonds,UP50/21|H84|long,ULONGsyn,full,1979-10-10,1979-10-11,1980-02-14,84,1.59925,1.37247,-0.141803,-0.142147,0.0399964,-0.182143,time,-0.145417,2,-0.010592,-0.171551
g_bonds,UP50/21|H84|long,ULONGsyn,full,1980-07-14,1980-07-15,1980-11-14,84,1.66625,1.42636,-0.143971,-0.144313,0.034371,-0.178684,time,-0.162097,2,-0.0151106,-0.163574
g_bonds,UP50/21|H84|long,ULONGsyn,full,1983-02-03,1983-02-04,1983-06-07,84,2.11775,2.22352,0.0499422,0.0495223,0.0274929,0.0220294,time,-0.000205915,2,0.0344969,-0.0124674
g_bonds,UP50/21|H84|long,ULONGsyn,full,1984-03-08,1984-03-09,1984-07-10,84,2.16523,2.10776,-0.026543,-0.0269323,0.0326119,-0.0595442,time,-0.0856184,2,0.0368036,-0.0963479
g_bonds,UP50/21|H84|long,ULONGsyn,full,1985-02-26,1985-02-27,1985-06-27,84,2.53398,2.94915,0.163841,0.163376,0.0258345,0.137541,time,-0.00147059,2,0.0368122,0.100729
g_bonds,UP50/21|H84|long,ULONGsyn,full,1985-08-06,1985-08-07,1985-12-10,84,2.93876,3.36099,0.143673,0.143216,0.0238579,0.119358,time,0,2,0.0278862,0.0914719
g_bonds,UP50/21|H84|long,ULONGsyn,full,1986-05-16,1986-05-19,1986-09-17,84,4.29905,4.42386,0.0290325,0.0286209,0.0193135,0.00930746,time,-0.0252781,2,0.0292574,-0.0199499
g_bonds,UP50/21|H84|long,ULONGsyn,full,1986-09-19,1986-09-22,1987-01-26,84,4.35194,4.62476,0.0626883,0.0622633,0.0178484,0.0444149,time,-0.00904744,2,0.0321732,0.0122417
g_bonds,UP50/21|H84|long,ULONGsyn,full,1987-04-10,1987-04-13,1987-08-12,84,4.30238,4.11046,-0.0446087,-0.0449908,0.0189675,-0.0639582,time,-0.0747257,2,0.0340503,-0.0980085
g_bonds,UP50/21|H84|long,ULONGsyn,full,1988-04-05,1988-04-06,1988-08-04,84,4.40864,4.44328,0.00785752,0.00745446,0.0212647,-0.0138102,time,-0.0417047,2,0.0240146,-0.0378249
g_bonds,UP50/21|H84|long,ULONGsyn,full,1988-12-05,1988-12-06,1989-04-10,84,4.624,4.6956,0.0154836,0.0150775,0.0282417,-0.0131642,time,-0.0111022,2,0.0164168,-0.029581
g_bonds,UP50/21|H84|long,ULONGsyn,full,1989-08-31,1989-09-01,1990-01-04,84,5.37652,5.58717,0.0391786,0.0387631,0.025569,0.013194,time,-0.0123262,2,0.00947716,0.00371685
g_bonds,UP50/21|H84|long,ULONGsyn,full,1990-01-19,1990-01-22,1990-05-22,84,5.44364,5.41952,-0.00443138,-0.00482953,0.0259615,-0.030791,time,-0.0541804,2,0.0157175,-0.0465085
g_bonds,UP50/21|H84|long,ULONGsyn,full,1990-08-24,1990-08-27,1990-12-28,84,5.31009,5.89541,0.110227,0.109783,0.0236821,0.086101,time,-0.0094297,2,0.030905,0.055196
g_bonds,UP50/21|H84|long,ULONGsyn,full,1992-01-31,1992-02-03,1992-06-03,84,6.80533,6.9373,0.0193927,0.0189851,0.0127214,0.00626362,time,-0.019218,2,0.0220677,-0.0158041
g_bonds,UP50/21|H84|long,ULONGsyn,full,1992-11-03,1992-11-04,1993-03-10,84,7.31869,8.41665,0.150022,0.149562,0.0102206,0.139342,time,-0.0076816,2,0.0244486,0.114893
g_bonds,UP50/21|H84|long,ULONGsyn,full,1993-11-22,1993-11-23,1994-03-25,84,9.34057,8.72574,-0.0658231,-0.0661967,0.0106214,-0.0768181,time,-0.0658231,2,0.0212482,-0.0980664
g_bonds,UP50/21|H84|long,ULONGsyn,full,1994-10-06,1994-10-07,1995-02-10,84,8.13225,8.57998,0.0550559,0.0546339,0.0181925,0.0364415,time,-0.021884,2,0.0236083,0.0128332
g_bonds,UP50/21|H84|long,ULONGsyn,full,1995-08-14,1995-08-15,1995-12-14,84,9.74607,11.1136,0.14032,0.139864,0.0177187,0.122146,time,0,2,0.0270957,0.09505
g_bonds,UP50/21|H84|long,ULONGsyn,full,1996-03-01,1996-03-04,1996-07-01,84,10.8732,10.3224,-0.0506558,-0.0510355,0.0166944,-0.0677299,time,-0.0854018,2,0.0166673,-0.0843972
g_bonds,UP50/21|H84|long,ULONGsyn,full,1998-11-05,1998-11-06,1999-03-12,84,14.7308,14.622,-0.00738679,-0.00778376,0.0146841,-0.0224679,time,-0.029792,2,0.0107196,-0.0331875
g_bonds,UP50/21|H84|long,ULONGsyn,full,2000-01-12,2000-01-13,2000-05-15,84,13.196,14.3494,0.087404,0.0869691,0.0187623,0.0682068,time,-0.0118743,2,0.0216656,0.0465412
g_bonds,UP50/21|H84|long,ULONGsyn,full,2001-04-23,2001-04-24,2001-08-22,84,16.0324,17.0765,0.0651225,0.0646966,0.0117357,0.0529609,time,-0.0164311,2,0.0122371,0.0407238
g_bonds,UP50/21|H84|long,ULONGsyn,full,2001-12-06,2001-12-07,2002-04-11,84,16.9243,16.8046,-0.00707259,-0.00746968,0.00571468,-0.0131844,time,-0.0280341,2,0.0143786,-0.027563
g_bonds,UP50/21|H84|long,ULONGsyn,full,2002-10-24,2002-10-25,2003-02-28,84,18.5126,20.0474,0.0829057,0.0824727,0.0040119,0.0784607,time,-0.00550611,2,0.0235505,0.0549102
g_bonds,UP50/21|H84|long,ULONGsyn,full,2003-07-11,2003-07-14,2003-11-12,84,20.1464,19.4014,-0.0369777,-0.0373628,0.00311032,-0.0404731,time,-0.0848568,2,0.0169178,-0.057391
g_bonds,UP50/21|H84|long,ULONGsyn,full,2004-04-13,2004-04-14,2004-08-13,84,20.0513,20.8732,0.0409888,0.0405725,0.00400833,0.0365642,time,-0.0461722,2,0.0144378,0.0221264
g_bonds,UP50/21|H84|long,ULONGsyn,full,2005-03-14,2005-03-15,2005-07-14,84,22.5113,24.3607,0.0821552,0.0817224,0.00960595,0.0721164,time,-0.0116243,2,0.0185354,0.0535811
g_bonds,UP50/21|H84|long,ULONGsyn,full,2007-06-13,2007-06-14,2007-10-15,84,23.1187,24.9382,0.0787024,0.078271,0.0143611,0.0639098,time,0,2,0.021693,0.0422169
g_bonds,UP50/21|H84|long,ULONGsyn,full,2008-10-16,2008-10-17,2009-02-20,84,28.5766,32.8674,0.15015,0.14969,0.000761905,0.148928,time,-0.00365299,2,0.0277818,0.121146
g_bonds,UP50/21|H84|long,ULONGsyn,full,2009-12-28,2009-12-29,2010-04-29,84,28.1528,28.7547,0.0213791,0.0209706,0.000405556,0.020565,time,-0.0214226,2,0.0307177,-0.0101527
g_bonds,UP50/21|H84|long,ULONGsyn,full,2010-12-08,2010-12-09,2011-04-11,84,30.3063,29.6135,-0.0228596,-0.0232504,0.000409127,-0.0236595,time,-0.048567,2,0.0224895,-0.046149
g_bonds,UP50/21|H84|long,ULONGsyn,full,2011-10-25,2011-10-26,2012-02-29,84,38.6328,40.0033,0.0354749,0.0350608,0.000122619,0.0349381,time,-0.0426597,2,0.0225629,0.0123753
g_bonds,UP50/21|H84|long,ULONGsyn,full,2013-06-03,2013-06-04,2013-10-02,84,39.6163,37.1954,-0.0611095,-0.061485,0.000119841,-0.0616048,time,-0.0976318,2,0.0303831,-0.0919879
g_bonds,UP50/21|H84|long,ULONGsyn,full,2016-11-18,2016-11-21,2017-03-24,84,46.078,46.5169,0.00952396,0.00912023,0.00185595,0.00726428,time,-0.0344534,2,0.0286454,-0.0213811
g_bonds,UP50/21|H84|long,ULONGsyn,full,2022-03-28,2022-03-29,2022-07-29,84,56.2192,51.5073,-0.0838141,-0.0841805,0.00448452,-0.088665,time,-0.16212,2,-0.0166487,-0.0720163
g_bonds,UP50/21|H84|long,ULONGsyn,full,2023-03-03,2023-03-06,2023-07-05,84,44.2198,44.4838,0.00597186,0.00556956,0.0166329,-0.0110634,time,-0.00850725,2,-0.0347248,0.0236614
g_bonds,UP50/21|H84|long,ULONGsyn,full,2023-08-18,2023-08-21,2023-12-20,84,41.0618,45.0681,0.0975687,0.0971297,0.0176623,0.0794674,time,-0.0933677,2,-0.0362671,0.115735
g_bonds,UP50/21|H84|long,ULONGsyn,full,2024-10-30,2024-10-31,2025-03-06,84,42.9808,42.8586,-0.00284382,-0.00324261,0.0142444,-0.017487,time,-0.0698793,2,-0.0396911,0.022204
g_bonds,UP75/21|H42|10y,UST10syn,design,1969-12-30,1969-12-31,1970-03-04,42,1.10593,1.19356,0.0792375,0.0788059,0.0124702,0.0663357,time,-0.00597153,2,-0.0024123,0.068748
g_bonds,UP75/21|H42|10y,UST10syn,design,1970-04-27,1970-04-28,1970-06-25,42,1.13929,1.15588,0.0145627,0.014157,0.0113127,0.00284426,time,-0.0229538,2,-0.00258344,0.0054277
g_bonds,UP75/21|H42|10y,UST10syn,design,1971-05-18,1971-05-19,1971-07-20,42,1.33131,1.33635,0.00378255,0.00338112,0.00815238,-0.00477126,time,-0.00470471,2,-0.00240656,-0.0023647
g_bonds,UP75/21|H42|10y,UST10syn,design,1975-03-25,1975-03-26,1975-05-27,42,1.56507,1.591,0.0165676,0.0161611,0.00907143,0.00708966,time,-0.0147912,2,-0.00184255,0.00893221
g_bonds,UP75/21|H42|10y,UST10syn,design,1979-10-12,1979-10-15,1979-12-17,42,1.94929,1.97104,0.0111589,0.0107546,0.0199964,-0.00924186,time,-0.0399867,2,-0.00321694,-0.00602492
g_bonds,UP75/21|H42|10y,UST10syn,design,1980-07-15,1980-07-16,1980-09-15,42,2.1432,1.98753,-0.0726324,-0.0730033,0.0151123,-0.0881156,time,-0.0919463,2,-0.00526396,-0.0828517
g_bonds,UP75/21|H42|10y,UST10syn,design,1981-12-22,1981-12-23,1982-02-25,42,2.04541,2.12273,0.0378031,0.037388,0.0211214,0.0162666,time,-0.0273997,2,-0.000732546,0.0169991
g_bonds,UP75/21|H42|10y,UST10syn,design,1982-06-18,1982-06-21,1982-08-19,42,2.13552,2.45277,0.148558,0.148099,0.0182075,0.129892,time,-0.00508296,2,0.0015111,0.12838
g_bonds,UP75/21|H42|10y,UST10syn,design,1983-07-18,1983-07-19,1983-09-16,42,2.88396,2.88418,7.71488e-05,-0.000322802,0.0154044,-0.0157272,time,-0.0413726,2,0.0106349,-0.0263621
g_bonds,UP75/21|H42|10y,UST10syn,design,1984-05-14,1984-05-15,1984-07-16,42,2.8221,2.91252,0.0320376,0.0316248,0.0164524,0.0151725,time,-0.0214991,2,0.0139259,0.00124652
g_bonds,UP75/21|H42|10y,UST10syn,design,1985-02-28,1985-03-01,1985-05-01,42,3.4047,3.59267,0.0552082,0.0547862,0.0136833,0.0411029,time,-0.00371053,2,0.0139432,0.0271597
g_bonds,UP75/21|H42|10y,UST10syn,design,1986-05-16,1986-05-19,1986-07-18,42,4.8791,5.22725,0.0713562,0.0709278,0.0101631,0.0607647,time,-0.0240259,2,0.00898379,0.0517809
g_bonds,UP75/21|H42|10y,UST10syn,design,1987-04-13,1987-04-14,1987-06-15,42,5.10353,5.17555,0.0141113,0.0137058,0.0093996,0.00430616,time,-0.0336979,2,0.0112546,-0.0069484
g_bonds,UP75/21|H42|10y,UST10syn,design,1987-09-09,1987-09-10,1987-11-10,42,4.90204,5.18354,0.0574245,0.0570016,0.0102639,0.0467377,time,-0.0406271,2,0.0100826,0.0366551
g_bonds,UP75/21|H42|10y,UST10syn,design,1994-04-05,1994-04-06,1994-06-07,42,9.61586,9.71539,0.0103503,0.00994629,0.00661389,0.0033324,time,-0.0326864,2,0.00660937,-0.00327697
g_bonds,UP75/21|H42|10y,UST10syn,design,1996-03-11,1996-03-12,1996-05-09,42,11.4114,11.134,-0.0243081,-0.0246983,0.00828849,-0.0329868,time,-0.0295658,2,0.0040705,-0.0370573
g_bonds,UP75/21|H42|10y,UST10syn,design,2001-12-10,2001-12-11,2002-02-12,42,17.3798,17.748,0.0211896,0.0207812,0.00279206,0.0179891,time,-0.00918989,2,0.00438556,0.0136036
g_bonds,UP75/21|H42|10y,UST10syn,design,2003-07-16,2003-07-17,2003-09-16,42,20.3677,19.9982,-0.0181407,-0.0185334,0.00156944,-0.0201028,time,-0.0444889,2,0.00552997,-0.0256328
g_bonds,UP75/21|H42|10y,UST10syn,design,2004-04-26,2004-04-27,2004-06-28,42,20.2703,19.9007,-0.0182291,-0.0186218,0.00187579,-0.0204976,time,-0.0308288,2,0.0039658,-0.0244634
g_bonds,UP75/21|H42|10y,UST10syn,test,2009-02-02,2009-02-03,2009-04-03,42,28.1415,28.195,0.00189957,0.00149889,0.000411905,0.00108698,time,-0.0148841,2,0.0104988,-0.00941177
g_bonds,UP75/21|H42|10y,UST10syn,test,2009-05-28,2009-05-29,2009-07-29,42,27.0021,26.658,-0.012742,-0.0131368,0.000300397,-0.0134372,time,-0.0403801,2,0.0117886,-0.0252258
g_bonds,UP75/21|H42|10y,UST10syn,test,2022-04-06,2022-04-07,2022-06-08,42,38.1299,37.0979,-0.0270662,-0.0274553,0.00158175,-0.0290371,time,-0.0368905,2,-0.0042109,-0.0248262
g_bonds,UP75/21|H42|10y,UST10syn,test,2022-09-27,2022-09-28,2022-11-30,42,35.304,35.6474,0.00972581,0.009322,0.00650198,0.00282001,time,-0.0398799,2,-0.0052535,0.00807351
g_bonds,UP75/21|H42|10y,IEF,test_exec,2009-02-02,2009-02-03,2009-04-02,42,62.5857,63.6483,0.016977,0.0165703,0.00041627,0.016154,time,-0.0156039,2,0.0116334,0.00452062
g_bonds,UP75/21|H42|10y,IEF,test_exec,2009-05-28,2009-05-29,2009-07-28,42,60.2119,60.1381,-0.00122537,-0.0016248,0.000298413,-0.00192321,time,-0.0244002,2,0.0124892,-0.0144125
g_bonds,UP75/21|H42|10y,IEF,test_exec,2022-04-06,2022-04-07,2022-06-07,42,90.5773,88.6498,-0.0212805,-0.0216719,0.00155913,-0.023231,time,-0.033119,2,-0.00393873,-0.0192923
g_bonds,UP75/21|H42|10y,IEF,test_exec,2022-09-27,2022-09-28,2022-11-25,42,83.6056,85.0085,0.0167802,0.0163736,0.00641667,0.0099569,time,-0.0290781,2,-0.00459849,0.0145554
g_bonds,UP75/21|H42|10y,UST10syn,full,1969-12-30,1969-12-31,1970-03-04,42,1.10593,1.19356,0.0792375,0.0788059,0.0124702,0.0663357,time,-0.00597153,2,-0.0024123,0.068748
g_bonds,UP75/21|H42|10y,UST10syn,full,1970-04-27,1970-04-28,1970-06-25,42,1.13929,1.15588,0.0145627,0.014157,0.0113127,0.00284426,time,-0.0229538,2,-0.00258344,0.0054277
g_bonds,UP75/21|H42|10y,UST10syn,full,1971-05-18,1971-05-19,1971-07-20,42,1.33131,1.33635,0.00378255,0.00338112,0.00815238,-0.00477126,time,-0.00470471,2,-0.00240656,-0.0023647
g_bonds,UP75/21|H42|10y,UST10syn,full,1975-03-25,1975-03-26,1975-05-27,42,1.56507,1.591,0.0165676,0.0161611,0.00907143,0.00708966,time,-0.0147912,2,-0.00184255,0.00893221
g_bonds,UP75/21|H42|10y,UST10syn,full,1979-10-12,1979-10-15,1979-12-17,42,1.94929,1.97104,0.0111589,0.0107546,0.0199964,-0.00924186,time,-0.0399867,2,-0.00321694,-0.00602492
g_bonds,UP75/21|H42|10y,UST10syn,full,1980-07-15,1980-07-16,1980-09-15,42,2.1432,1.98753,-0.0726324,-0.0730033,0.0151123,-0.0881156,time,-0.0919463,2,-0.00526396,-0.0828517
g_bonds,UP75/21|H42|10y,UST10syn,full,1981-12-22,1981-12-23,1982-02-25,42,2.04541,2.12273,0.0378031,0.037388,0.0211214,0.0162666,time,-0.0273997,2,-0.000732546,0.0169991
g_bonds,UP75/21|H42|10y,UST10syn,full,1982-06-18,1982-06-21,1982-08-19,42,2.13552,2.45277,0.148558,0.148099,0.0182075,0.129892,time,-0.00508296,2,0.0015111,0.12838
g_bonds,UP75/21|H42|10y,UST10syn,full,1983-07-18,1983-07-19,1983-09-16,42,2.88396,2.88418,7.71488e-05,-0.000322802,0.0154044,-0.0157272,time,-0.0413726,2,0.0106349,-0.0263621
g_bonds,UP75/21|H42|10y,UST10syn,full,1984-05-14,1984-05-15,1984-07-16,42,2.8221,2.91252,0.0320376,0.0316248,0.0164524,0.0151725,time,-0.0214991,2,0.0139259,0.00124652
g_bonds,UP75/21|H42|10y,UST10syn,full,1985-02-28,1985-03-01,1985-05-01,42,3.4047,3.59267,0.0552082,0.0547862,0.0136833,0.0411029,time,-0.00371053,2,0.0139432,0.0271597
g_bonds,UP75/21|H42|10y,UST10syn,full,1986-05-16,1986-05-19,1986-07-18,42,4.8791,5.22725,0.0713562,0.0709278,0.0101631,0.0607647,time,-0.0240259,2,0.00898379,0.0517809
g_bonds,UP75/21|H42|10y,UST10syn,full,1987-04-13,1987-04-14,1987-06-15,42,5.10353,5.17555,0.0141113,0.0137058,0.0093996,0.00430616,time,-0.0336979,2,0.0112546,-0.0069484
g_bonds,UP75/21|H42|10y,UST10syn,full,1987-09-09,1987-09-10,1987-11-10,42,4.90204,5.18354,0.0574245,0.0570016,0.0102639,0.0467377,time,-0.0406271,2,0.0100826,0.0366551
g_bonds,UP75/21|H42|10y,UST10syn,full,1994-04-05,1994-04-06,1994-06-07,42,9.61586,9.71539,0.0103503,0.00994629,0.00661389,0.0033324,time,-0.0326864,2,0.00660937,-0.00327697
g_bonds,UP75/21|H42|10y,UST10syn,full,1996-03-11,1996-03-12,1996-05-09,42,11.4114,11.134,-0.0243081,-0.0246983,0.00828849,-0.0329868,time,-0.0295658,2,0.0040705,-0.0370573
g_bonds,UP75/21|H42|10y,UST10syn,full,2001-12-10,2001-12-11,2002-02-12,42,17.3798,17.748,0.0211896,0.0207812,0.00279206,0.0179891,time,-0.00918989,2,0.00438556,0.0136036
g_bonds,UP75/21|H42|10y,UST10syn,full,2003-07-16,2003-07-17,2003-09-16,42,20.3677,19.9982,-0.0181407,-0.0185334,0.00156944,-0.0201028,time,-0.0444889,2,0.00552997,-0.0256328
g_bonds,UP75/21|H42|10y,UST10syn,full,2004-04-26,2004-04-27,2004-06-28,42,20.2703,19.9007,-0.0182291,-0.0186218,0.00187579,-0.0204976,time,-0.0308288,2,0.0039658,-0.0244634
g_bonds,UP75/21|H42|10y,UST10syn,full,2009-02-02,2009-02-03,2009-04-03,42,28.1415,28.195,0.00189957,0.00149889,0.000411905,0.00108698,time,-0.0148841,2,0.00924605,-0.00815907
g_bonds,UP75/21|H42|10y,UST10syn,full,2009-05-28,2009-05-29,2009-07-29,42,27.0021,26.658,-0.012742,-0.0131368,0.000300397,-0.0134372,time,-0.0403801,2,0.0117617,-0.0251989
g_bonds,UP75/21|H42|10y,UST10syn,full,2022-04-06,2022-04-07,2022-06-08,42,38.1299,37.0979,-0.0270662,-0.0274553,0.00158175,-0.0290371,time,-0.0368905,2,-0.0042109,-0.0248262
g_bonds,UP75/21|H42|10y,UST10syn,full,2022-09-27,2022-09-28,2022-11-30,42,35.304,35.6474,0.00972581,0.009322,0.00650198,0.00282001,time,-0.0398799,2,-0.0052535,0.00807351
g_bonds,UP75/21|H42|long,ULONGsyn,design,1969-12-30,1969-12-31,1970-03-04,42,1.03218,1.08471,0.0508902,0.0504699,0.0124702,0.0379997,time,-0.00296699,2,-0.00607502,0.0440747
g_bonds,UP75/21|H42|long,ULONGsyn,design,1970-04-27,1970-04-28,1970-06-25,42,1.03801,1.03222,-0.00557307,-0.00597076,0.0113127,-0.0172835,time,-0.0590685,2,-0.00554504,-0.0117384
g_bonds,UP75/21|H42|long,ULONGsyn,design,1971-05-18,1971-05-19,1971-07-20,42,1.18948,1.21437,0.0209291,0.0205208,0.00815238,0.0123684,time,-0.00540363,2,-0.00687291,0.0192413
g_bonds,UP75/21|H42|long,ULONGsyn,design,1975-03-25,1975-03-26,1975-05-27,42,1.28604,1.31308,0.0210213,0.0206129,0.00907143,0.0115415,time,-0.0126166,2,-0.00375933,0.0153008
g_bonds,UP75/21|H42|long,ULONGsyn,design,1979-10-12,1979-10-15,1979-12-17,42,1.59022,1.57286,-0.0109205,-0.011316,0.0199964,-0.0313124,time,-0.0563264,2,-0.00475562,-0.0265568
g_bonds,UP75/21|H42|long,ULONGsyn,design,1980-07-15,1980-07-16,1980-09-15,42,1.6887,1.52673,-0.0959138,-0.0962754,0.0151123,-0.111388,time,-0.104608,2,-0.00785484,-0.103533
g_bonds,UP75/21|H42|long,ULONGsyn,design,1981-12-22,1981-12-23,1982-02-25,42,1.48734,1.53873,0.0345495,0.0341358,0.0211214,0.0130144,time,-0.0456186,2,-0.00249211,0.0155065
g_bonds,UP75/21|H42|long,ULONGsyn,design,1982-06-18,1982-06-21,1982-08-19,42,1.55792,1.8244,0.171053,0.170584,0.0182075,0.152377,time,-0.00681512,2,0.000472077,0.151905
g_bonds,UP75/21|H42|long,ULONGsyn,design,1983-07-18,1983-07-19,1983-09-16,42,2.18314,2.16566,-0.0080035,-0.00840022,0.0154044,-0.0238046,time,-0.0593593,2,0.0145649,-0.0383694
g_bonds,UP75/21|H42|long,ULONGsyn,design,1984-05-14,1984-05-15,1984-07-16,42,2.03174,2.13751,0.0520571,0.0516363,0.0164524,0.0351839,time,-0.0255446,2,0.0176305,0.0175535
g_bonds,UP75/21|H42|long,ULONGsyn,design,1985-02-28,1985-03-01,1985-05-01,42,2.54809,2.69717,0.0585098,0.0580865,0.0136833,0.0444031,time,-0.006998,2,0.0177414,0.0266617
g_bonds,UP75/21|H42|long,ULONGsyn,design,1986-05-16,1986-05-19,1986-07-18,42,4.29905,4.61265,0.0729457,0.0725166,0.0101631,0.0623536,time,-0.0252781,2,0.0128111,0.0495425
g_bonds,UP75/21|H42|long,ULONGsyn,design,1987-04-13,1987-04-14,1987-06-15,42,4.23773,4.27085,0.0078145,0.00741146,0.0093996,-0.00198815,time,-0.0606101,2,0.0159566,-0.0179447
g_bonds,UP75/21|H42|long,ULONGsyn,design,1987-09-09,1987-09-10,1987-11-10,42,3.8777,4.23388,0.0918543,0.0914176,0.0102639,0.0811537,time,-0.0504326,2,0.0134484,0.0677053
g_bonds,UP75/21|H42|long,ULONGsyn,design,1994-04-05,1994-04-06,1994-06-07,42,8.4693,8.56257,0.011012,0.0106077,0.00661389,0.00399382,time,-0.0381669,2,0.0094599,-0.00546608
g_bonds,UP75/21|H42|long,ULONGsyn,design,1996-03-11,1996-03-12,1996-05-09,42,10.4398,10.0801,-0.0344569,-0.0348431,0.00828849,-0.0431315,time,-0.047433,2,0.0083418,-0.0514733
g_bonds,UP75/21|H42|long,ULONGsyn,design,2001-12-10,2001-12-11,2002-02-12,42,17.0577,17.4682,0.0240623,0.0236528,0.00279206,0.0208607,time,-0.00778072,2,0.00647489,0.0143858
g_bonds,UP75/21|H42|long,ULONGsyn,design,2003-07-16,2003-07-17,2003-09-16,42,19.8456,19.2474,-0.0301451,-0.030533,0.00156944,-0.0321024,time,-0.0709871,2,0.00801452,-0.0401169
g_bonds,UP75/21|H42|long,ULONGsyn,design,2004-04-26,2004-04-27,2004-06-28,42,19.8208,19.5943,-0.0114276,-0.011823,0.00187579,-0.0136988,time,-0.035079,2,0.00734103,-0.0210398
g_bonds,UP75/21|H42|long,ULONGsyn,test,2009-02-02,2009-02-03,2009-04-03,42,32.3653,32.1363,-0.00707448,-0.00747157,0.000411905,-0.00788348,time,-0.0308612,2,0.0168874,-0.0247709
g_bonds,UP75/21|H42|long,ULONGsyn,test,2009-05-28,2009-05-29,2009-07-29,42,28.907,28.3304,-0.0199458,-0.0203378,0.000300397,-0.0206381,time,-0.0649642,2,0.0205467,-0.0411848
g_bonds,UP75/21|H42|long,ULONGsyn,test,2022-04-06,2022-04-07,2022-06-08,42,54.411,49.5602,-0.089152,-0.0895163,0.00158175,-0.0910981,time,-0.0998501,2,-0.00773742,-0.0833606
g_bonds,UP75/21|H42|long,ULONGsyn,test,2022-09-27,2022-09-28,2022-11-30,42,45.3403,44.7925,-0.0120834,-0.0124785,0.00650198,-0.0189805,time,-0.111704,2,-0.0107502,-0.00823023
g_bonds,UP75/21|H42|long,TLT,test_exec,2009-02-02,2009-02-03,2009-04-02,42,61.7721,62.5797,0.0130731,0.012668,0.00041627,0.0122517,time,-0.0331812,2,0.0163834,-0.00413173
g_bonds,UP75/21|H42|long,TLT,test_exec,2009-05-28,2009-05-29,2009-07-28,42,54.7824,54.8364,0.000986359,0.000586044,0.000298413,0.000287632,time,-0.0351521,2,0.0194328,-0.0191452
g_bonds,UP75/21|H42|long,TLT,test_exec,2022-04-06,2022-04-07,2022-06-07,42,106.688,97.7302,-0.0839656,-0.084332,0.00155913,-0.0858911,time,-0.0971097,2,-0.00823158,-0.0776595
g_bonds,UP75/21|H42|long,TLT,test_exec,2022-09-27,2022-09-28,2022-11-25,42,88.0699,88.3001,0.00261354,0.00221257,0.00641667,-0.00420409,time,-0.101904,2,-0.0102068,0.00600268
g_bonds,UP75/21|H42|long,ULONGsyn,full,1969-12-30,1969-12-31,1970-03-04,42,1.03218,1.08471,0.0508902,0.0504699,0.0124702,0.0379997,time,-0.00296699,2,-0.00607502,0.0440747
g_bonds,UP75/21|H42|long,ULONGsyn,full,1970-04-27,1970-04-28,1970-06-25,42,1.03801,1.03222,-0.00557307,-0.00597076,0.0113127,-0.0172835,time,-0.0590685,2,-0.00554504,-0.0117384
g_bonds,UP75/21|H42|long,ULONGsyn,full,1971-05-18,1971-05-19,1971-07-20,42,1.18948,1.21437,0.0209291,0.0205208,0.00815238,0.0123684,time,-0.00540363,2,-0.00687291,0.0192413
g_bonds,UP75/21|H42|long,ULONGsyn,full,1975-03-25,1975-03-26,1975-05-27,42,1.28604,1.31308,0.0210213,0.0206129,0.00907143,0.0115415,time,-0.0126166,2,-0.00375933,0.0153008
g_bonds,UP75/21|H42|long,ULONGsyn,full,1979-10-12,1979-10-15,1979-12-17,42,1.59022,1.57286,-0.0109205,-0.011316,0.0199964,-0.0313124,time,-0.0563264,2,-0.00475562,-0.0265568
g_bonds,UP75/21|H42|long,ULONGsyn,full,1980-07-15,1980-07-16,1980-09-15,42,1.6887,1.52673,-0.0959138,-0.0962754,0.0151123,-0.111388,time,-0.104608,2,-0.00785484,-0.103533
g_bonds,UP75/21|H42|long,ULONGsyn,full,1981-12-22,1981-12-23,1982-02-25,42,1.48734,1.53873,0.0345495,0.0341358,0.0211214,0.0130144,time,-0.0456186,2,-0.00249211,0.0155065
g_bonds,UP75/21|H42|long,ULONGsyn,full,1982-06-18,1982-06-21,1982-08-19,42,1.55792,1.8244,0.171053,0.170584,0.0182075,0.152377,time,-0.00681512,2,0.000472077,0.151905
g_bonds,UP75/21|H42|long,ULONGsyn,full,1983-07-18,1983-07-19,1983-09-16,42,2.18314,2.16566,-0.0080035,-0.00840022,0.0154044,-0.0238046,time,-0.0593593,2,0.0145649,-0.0383694
g_bonds,UP75/21|H42|long,ULONGsyn,full,1984-05-14,1984-05-15,1984-07-16,42,2.03174,2.13751,0.0520571,0.0516363,0.0164524,0.0351839,time,-0.0255446,2,0.0176305,0.0175535
g_bonds,UP75/21|H42|long,ULONGsyn,full,1985-02-28,1985-03-01,1985-05-01,42,2.54809,2.69717,0.0585098,0.0580865,0.0136833,0.0444031,time,-0.006998,2,0.0177414,0.0266617
g_bonds,UP75/21|H42|long,ULONGsyn,full,1986-05-16,1986-05-19,1986-07-18,42,4.29905,4.61265,0.0729457,0.0725166,0.0101631,0.0623536,time,-0.0252781,2,0.0128111,0.0495425
g_bonds,UP75/21|H42|long,ULONGsyn,full,1987-04-13,1987-04-14,1987-06-15,42,4.23773,4.27085,0.0078145,0.00741146,0.0093996,-0.00198815,time,-0.0606101,2,0.0159566,-0.0179447
g_bonds,UP75/21|H42|long,ULONGsyn,full,1987-09-09,1987-09-10,1987-11-10,42,3.8777,4.23388,0.0918543,0.0914176,0.0102639,0.0811537,time,-0.0504326,2,0.0134484,0.0677053
g_bonds,UP75/21|H42|long,ULONGsyn,full,1994-04-05,1994-04-06,1994-06-07,42,8.4693,8.56257,0.011012,0.0106077,0.00661389,0.00399382,time,-0.0381669,2,0.0094599,-0.00546608
g_bonds,UP75/21|H42|long,ULONGsyn,full,1996-03-11,1996-03-12,1996-05-09,42,10.4398,10.0801,-0.0344569,-0.0348431,0.00828849,-0.0431315,time,-0.047433,2,0.0083418,-0.0514733
g_bonds,UP75/21|H42|long,ULONGsyn,full,2001-12-10,2001-12-11,2002-02-12,42,17.0577,17.4682,0.0240623,0.0236528,0.00279206,0.0208607,time,-0.00778072,2,0.00647489,0.0143858
g_bonds,UP75/21|H42|long,ULONGsyn,full,2003-07-16,2003-07-17,2003-09-16,42,19.8456,19.2474,-0.0301451,-0.030533,0.00156944,-0.0321024,time,-0.0709871,2,0.00801452,-0.0401169
g_bonds,UP75/21|H42|long,ULONGsyn,full,2004-04-26,2004-04-27,2004-06-28,42,19.8208,19.5943,-0.0114276,-0.011823,0.00187579,-0.0136988,time,-0.035079,2,0.00734103,-0.0210398
g_bonds,UP75/21|H42|long,ULONGsyn,full,2009-02-02,2009-02-03,2009-04-03,42,32.3653,32.1363,-0.00707448,-0.00747157,0.000411905,-0.00788348,time,-0.0308612,2,0.0127681,-0.0206516
g_bonds,UP75/21|H42|long,ULONGsyn,full,2009-05-28,2009-05-29,2009-07-29,42,28.907,28.3304,-0.0199458,-0.0203378,0.000300397,-0.0206381,time,-0.0649642,2,0.0184731,-0.0391112
g_bonds,UP75/21|H42|long,ULONGsyn,full,2022-04-06,2022-04-07,2022-06-08,42,54.411,49.5602,-0.089152,-0.0895163,0.00158175,-0.0910981,time,-0.0998501,2,-0.00773742,-0.0833606
g_bonds,UP75/21|H42|long,ULONGsyn,full,2022-09-27,2022-09-28,2022-11-30,42,45.3403,44.7925,-0.0120834,-0.0124785,0.00650198,-0.0189805,time,-0.111704,2,-0.0107502,-0.00823023
g_bonds,UP75/21|H63|10y,UST10syn,design,1969-12-30,1969-12-31,1970-04-03,63,1.10593,1.18604,0.0724354,0.0720065,0.0179258,0.0540807,time,-0.00597153,2,-0.00352652,0.0576072
g_bonds,UP75/21|H63|10y,UST10syn,design,1970-04-27,1970-04-28,1970-07-27,63,1.13929,1.19618,0.0499407,0.0495208,0.016694,0.0328268,time,-0.0229538,2,-0.00368914,0.0365159
g_bonds,UP75/21|H63|10y,UST10syn,design,1971-05-18,1971-05-19,1971-08-18,63,1.33131,1.37798,0.0350517,0.0346378,0.0125321,0.0221056,time,-0.0125699,2,-0.00411495,0.0262206
g_bonds,UP75/21|H63|10y,UST10syn,design,1975-03-25,1975-03-26,1975-06-25,63,1.56507,1.59646,0.0200571,0.0196491,0.0134437,0.00620547,time,-0.0147912,2,-0.00283474,0.00904021
g_bonds,UP75/21|H63|10y,UST10syn,design,1979-10-12,1979-10-15,1980-01-17,63,1.94929,1.95381,0.00232171,0.00192086,0.0299365,-0.0280156,time,-0.0399867,2,-0.00505479,-0.0229609
g_bonds,UP75/21|H63|10y,UST10syn,design,1980-07-15,1980-07-16,1980-10-15,63,2.1432,2.04524,-0.0457042,-0.0460859,0.0241706,-0.0702565,time,-0.0924359,2,-0.00751435,-0.0627422
g_bonds,UP75/21|H63|10y,UST10syn,design,1981-12-22,1981-12-23,1982-03-26,63,2.04541,2.13464,0.0436285,0.0432111,0.0315948,0.0116163,time,-0.0273997,2,-0.000985962,0.0126023
g_bonds,UP75/21|H63|10y,UST10syn,design,1982-06-18,1982-06-21,1982-09-20,63,2.13552,2.47959,0.161119,0.160654,0.0248496,0.135805,time,-0.00508296,2,0.00271975,0.133085
g_bonds,UP75/21|H63|10y,UST10syn,design,1983-07-18,1983-07-19,1983-10-18,63,2.88396,2.94568,0.021401,0.0209925,0.0226984,-0.00170586,time,-0.0413726,2,0.0170156,-0.0187214
g_bonds,UP75/21|H63|10y,UST10syn,design,1984-05-14,1984-05-15,1984-08-14,63,2.8221,3.04966,0.0806334,0.0802012,0.0250651,0.0551361,time,-0.0214991,2,0.021596,0.0335402
g_bonds,UP75/21|H63|10y,UST10syn,design,1985-02-28,1985-03-01,1985-05-31,63,3.4047,3.84739,0.130022,0.129571,0.0199056,0.109665,time,-0.00371053,2,0.0209564,0.0887086
g_bonds,UP75/21|H63|10y,UST10syn,design,1986-05-16,1986-05-19,1986-08-18,63,4.8791,5.2666,0.0794216,0.0789899,0.0149333,0.0640566,time,-0.0240259,2,0.0146062,0.0494504
g_bonds,UP75/21|H63|10y,UST10syn,design,1987-04-13,1987-04-14,1987-07-15,63,5.10353,5.15874,0.0108166,0.0104123,0.0141179,-0.00370552,time,-0.0336979,2,0.0178255,-0.021531
g_bonds,UP75/21|H63|10y,UST10syn,design,1987-09-09,1987-09-10,1987-12-11,63,4.90204,5.05906,0.0320305,0.0316178,0.0150198,0.016598,time,-0.0406271,2,0.0153107,0.00128726
g_bonds,UP75/21|H63|10y,UST10syn,design,1994-04-05,1994-04-06,1994-07-07,63,9.61586,9.53344,-0.00857166,-0.00896815,0.0100786,-0.0190467,time,-0.0326864,2,0.0107686,-0.0298153
g_bonds,UP75/21|H63|10y,UST10syn,design,1996-03-11,1996-03-12,1996-06-10,63,11.4114,11.0958,-0.0276528,-0.0280417,0.0124933,-0.0405349,time,-0.0295658,2,0.00594552,-0.0464804
g_bonds,UP75/21|H63|10y,UST10syn,design,2001-12-10,2001-12-11,2002-03-14,63,17.3798,17.2369,-0.00821718,-0.00861382,0.00425238,-0.0128662,time,-0.00918989,2,0.00694706,-0.0198133
g_bonds,UP75/21|H63|10y,UST10syn,design,2003-07-16,2003-07-17,2003-10-16,63,20.3677,19.7764,-0.0290305,-0.0294188,0.00233571,-0.0317545,time,-0.0444889,2,0.00846711,-0.0402216
g_bonds,UP75/21|H63|10y,UST10syn,design,2004-04-26,2004-04-27,2004-07-28,63,20.2703,20.2111,-0.00291583,-0.00331458,0.00298016,-0.00629474,time,-0.0308288,2,0.00598526,-0.01228
g_bonds,UP75/21|H63|10y,UST10syn,test,2009-02-02,2009-02-03,2009-05-05,63,28.1415,27.5716,-0.0202518,-0.0206436,0.000538889,-0.0211825,time,-0.0214267,2,0.015787,-0.0369695
g_bonds,UP75/21|H63|10y,UST10syn,test,2009-05-28,2009-05-29,2009-08-27,63,27.0021,27.2245,0.00823942,0.0078362,0.000445635,0.00739057,time,-0.0403801,2,0.0172944,-0.00990384
g_bonds,UP75/21|H63|10y,UST10syn,test,2022-04-06,2022-04-07,2022-07-11,63,38.1299,37.3175,-0.0213068,-0.0216982,0.00299246,-0.0246907,time,-0.0639069,2,-0.00653918,-0.0181515
g_bonds,UP75/21|H63|10y,UST10syn,test,2022-09-27,2022-09-28,2022-12-30,63,35.304,35.1613,-0.00404216,-0.00444047,0.0100456,-0.0144861,time,-0.0398799,2,-0.00766164,-0.00682446
g_bonds,UP75/21|H63|10y,IEF,test_exec,2009-02-02,2009-02-03,2009-05-04,63,62.5857,62.0155,-0.00911175,-0.00950803,0.000544048,-0.0100521,time,-0.0156039,2,0.017347,-0.0273991
g_bonds,UP75/21|H63|10y,IEF,test_exec,2009-05-28,2009-05-29,2009-08-26,63,60.2119,61.3399,0.018734,0.0183266,0.000445238,0.0178814,time,-0.0244002,2,0.0184431,-0.000561699
g_bonds,UP75/21|H63|10y,IEF,test_exec,2022-04-06,2022-04-07,2022-07-08,63,90.5773,88.1675,-0.0266051,-0.0269944,0.00293492,-0.0299293,time,-0.0600656,2,-0.00602186,-0.0239075
g_bonds,UP75/21|H63|10y,IEF,test_exec,2022-09-27,2022-09-28,2022-12-27,63,83.6056,84.3153,0.00848898,0.00808567,0.00995437,-0.0018687,time,-0.0290781,2,-0.00664396,0.00477527
g_bonds,UP75/21|H63|10y,UST10syn,full,1969-12-30,1969-12-31,1970-04-03,63,1.10593,1.18604,0.0724354,0.0720065,0.0179258,0.0540807,time,-0.00597153,2,-0.00352652,0.0576072
g_bonds,UP75/21|H63|10y,UST10syn,full,1970-04-27,1970-04-28,1970-07-27,63,1.13929,1.19618,0.0499407,0.0495208,0.016694,0.0328268,time,-0.0229538,2,-0.00368914,0.0365159
g_bonds,UP75/21|H63|10y,UST10syn,full,1971-05-18,1971-05-19,1971-08-18,63,1.33131,1.37798,0.0350517,0.0346378,0.0125321,0.0221056,time,-0.0125699,2,-0.00411495,0.0262206
g_bonds,UP75/21|H63|10y,UST10syn,full,1975-03-25,1975-03-26,1975-06-25,63,1.56507,1.59646,0.0200571,0.0196491,0.0134437,0.00620547,time,-0.0147912,2,-0.00283474,0.00904021
g_bonds,UP75/21|H63|10y,UST10syn,full,1979-10-12,1979-10-15,1980-01-17,63,1.94929,1.95381,0.00232171,0.00192086,0.0299365,-0.0280156,time,-0.0399867,2,-0.00505479,-0.0229609
g_bonds,UP75/21|H63|10y,UST10syn,full,1980-07-15,1980-07-16,1980-10-15,63,2.1432,2.04524,-0.0457042,-0.0460859,0.0241706,-0.0702565,time,-0.0924359,2,-0.00751435,-0.0627422
g_bonds,UP75/21|H63|10y,UST10syn,full,1981-12-22,1981-12-23,1982-03-26,63,2.04541,2.13464,0.0436285,0.0432111,0.0315948,0.0116163,time,-0.0273997,2,-0.000985962,0.0126023
g_bonds,UP75/21|H63|10y,UST10syn,full,1982-06-18,1982-06-21,1982-09-20,63,2.13552,2.47959,0.161119,0.160654,0.0248496,0.135805,time,-0.00508296,2,0.00271975,0.133085
g_bonds,UP75/21|H63|10y,UST10syn,full,1983-07-18,1983-07-19,1983-10-18,63,2.88396,2.94568,0.021401,0.0209925,0.0226984,-0.00170586,time,-0.0413726,2,0.0170156,-0.0187214
g_bonds,UP75/21|H63|10y,UST10syn,full,1984-05-14,1984-05-15,1984-08-14,63,2.8221,3.04966,0.0806334,0.0802012,0.0250651,0.0551361,time,-0.0214991,2,0.021596,0.0335402
g_bonds,UP75/21|H63|10y,UST10syn,full,1985-02-28,1985-03-01,1985-05-31,63,3.4047,3.84739,0.130022,0.129571,0.0199056,0.109665,time,-0.00371053,2,0.0209564,0.0887086
g_bonds,UP75/21|H63|10y,UST10syn,full,1986-05-16,1986-05-19,1986-08-18,63,4.8791,5.2666,0.0794216,0.0789899,0.0149333,0.0640566,time,-0.0240259,2,0.0146062,0.0494504
g_bonds,UP75/21|H63|10y,UST10syn,full,1987-04-13,1987-04-14,1987-07-15,63,5.10353,5.15874,0.0108166,0.0104123,0.0141179,-0.00370552,time,-0.0336979,2,0.0178255,-0.021531
g_bonds,UP75/21|H63|10y,UST10syn,full,1987-09-09,1987-09-10,1987-12-11,63,4.90204,5.05906,0.0320305,0.0316178,0.0150198,0.016598,time,-0.0406271,2,0.0153107,0.00128726
g_bonds,UP75/21|H63|10y,UST10syn,full,1994-04-05,1994-04-06,1994-07-07,63,9.61586,9.53344,-0.00857166,-0.00896815,0.0100786,-0.0190467,time,-0.0326864,2,0.0107686,-0.0298153
g_bonds,UP75/21|H63|10y,UST10syn,full,1996-03-11,1996-03-12,1996-06-10,63,11.4114,11.0958,-0.0276528,-0.0280417,0.0124933,-0.0405349,time,-0.0295658,2,0.00594552,-0.0464804
g_bonds,UP75/21|H63|10y,UST10syn,full,2001-12-10,2001-12-11,2002-03-14,63,17.3798,17.2369,-0.00821718,-0.00861382,0.00425238,-0.0128662,time,-0.00918989,2,0.00694706,-0.0198133
g_bonds,UP75/21|H63|10y,UST10syn,full,2003-07-16,2003-07-17,2003-10-16,63,20.3677,19.7764,-0.0290305,-0.0294188,0.00233571,-0.0317545,time,-0.0444889,2,0.00846711,-0.0402216
g_bonds,UP75/21|H63|10y,UST10syn,full,2004-04-26,2004-04-27,2004-07-28,63,20.2703,20.2111,-0.00291583,-0.00331458,0.00298016,-0.00629474,time,-0.0308288,2,0.00598526,-0.01228
g_bonds,UP75/21|H63|10y,UST10syn,full,2009-02-02,2009-02-03,2009-05-05,63,28.1415,27.5716,-0.0202518,-0.0206436,0.000538889,-0.0211825,time,-0.0214267,2,0.0146376,-0.0358201
g_bonds,UP75/21|H63|10y,UST10syn,full,2009-05-28,2009-05-29,2009-08-27,63,27.0021,27.2245,0.00823942,0.0078362,0.000445635,0.00739057,time,-0.0403801,2,0.017565,-0.0101744
g_bonds,UP75/21|H63|10y,UST10syn,full,2022-04-06,2022-04-07,2022-07-11,63,38.1299,37.3175,-0.0213068,-0.0216982,0.00299246,-0.0246907,time,-0.0639069,2,-0.00653918,-0.0181515
g_bonds,UP75/21|H63|10y,UST10syn,full,2022-09-27,2022-09-28,2022-12-30,63,35.304,35.1613,-0.00404216,-0.00444047,0.0100456,-0.0144861,time,-0.0398799,2,-0.00766164,-0.00682446
g_bonds,UP75/21|H63|long,ULONGsyn,design,1969-12-30,1969-12-31,1970-04-03,63,1.03218,1.08341,0.049625,0.0492053,0.0179258,0.0312795,time,-0.00296699,2,-0.00883207,0.0401115
g_bonds,UP75/21|H63|long,ULONGsyn,design,1970-04-27,1970-04-28,1970-07-27,63,1.03801,1.08475,0.0450315,0.0446136,0.016694,0.0279195,time,-0.0590685,2,-0.00835126,0.0362708
g_bonds,UP75/21|H63|long,ULONGsyn,design,1971-05-18,1971-05-19,1971-08-18,63,1.18948,1.25836,0.0579053,0.0574822,0.0125321,0.0449501,time,-0.00540363,2,-0.0110316,0.0559817
g_bonds,UP75/21|H63|long,ULONGsyn,design,1975-03-25,1975-03-26,1975-06-25,63,1.28604,1.33961,0.0416564,0.0412398,0.0134437,0.0277962,time,-0.0126166,2,-0.00587095,0.0336671
g_bonds,UP75/21|H63|long,ULONGsyn,design,1979-10-12,1979-10-15,1980-01-17,63,1.59022,1.53899,-0.0322195,-0.0326065,0.0299365,-0.062543,time,-0.0563264,2,-0.00756693,-0.0549761
g_bonds,UP75/21|H63|long,ULONGsyn,design,1980-07-15,1980-07-16,1980-10-15,63,1.6887,1.57699,-0.0661514,-0.0665249,0.0241706,-0.0906955,time,-0.132414,2,-0.0113926,-0.0793029
g_bonds,UP75/21|H63|long,ULONGsyn,design,1981-12-22,1981-12-23,1982-03-26,63,1.48734,1.5631,0.0509352,0.0505149,0.0315948,0.0189201,time,-0.0456186,2,-0.00354126,0.0224613
g_bonds,UP75/21|H63|long,ULONGsyn,design,1982-06-18,1982-06-21,1982-09-20,63,1.55792,1.88416,0.209411,0.208928,0.0248496,0.184078,time,-0.00681512,2,0.00113553,0.182942
g_bonds,UP75/21|H63|long,ULONGsyn,design,1983-07-18,1983-07-19,1983-10-18,63,2.18314,2.20403,0.00957132,0.00916758,0.0226984,-0.0135308,time,-0.0593593,2,0.0230824,-0.0366132
g_bonds,UP75/21|H63|long,ULONGsyn,design,1984-05-14,1984-05-15,1984-08-14,63,2.03174,2.26733,0.115954,0.115508,0.0250651,0.0904426,time,-0.0255446,2,0.0271221,0.0633205
g_bonds,UP75/21|H63|long,ULONGsyn,design,1985-02-28,1985-03-01,1985-05-31,63,2.54809,2.91619,0.144463,0.144005,0.0199056,0.1241,time,-0.006998,2,0.0267097,0.0973903
g_bonds,UP75/21|H63|long,ULONGsyn,design,1986-05-16,1986-05-19,1986-08-18,63,4.29905,4.59048,0.0677898,0.0673628,0.0149333,0.0524295,time,-0.0252781,2,0.020736,0.0316935
g_bonds,UP75/21|H63|long,ULONGsyn,design,1987-04-13,1987-04-14,1987-07-15,63,4.23773,4.23158,-0.00145333,-0.00185267,0.0141179,-0.0159705,time,-0.0606101,2,0.0251101,-0.0410806
g_bonds,UP75/21|H63|long,ULONGsyn,design,1987-09-09,1987-09-10,1987-12-11,63,3.8777,4.02602,0.038249,0.0378337,0.0150198,0.0228139,time,-0.0504326,2,0.0206744,0.00213951
g_bonds,UP75/21|H63|long,ULONGsyn,design,1994-04-05,1994-04-06,1994-07-07,63,8.4693,8.27146,-0.0233595,-0.0237501,0.0100786,-0.0338287,time,-0.0381669,2,0.0153833,-0.049212
g_bonds,UP75/21|H63|long,ULONGsyn,design,1996-03-11,1996-03-12,1996-06-10,63,10.4398,10.0403,-0.0382673,-0.0386519,0.0124933,-0.0511452,time,-0.047433,2,0.0124209,-0.0635661
g_bonds,UP75/21|H63|long,ULONGsyn,design,2001-12-10,2001-12-11,2002-03-14,63,17.0577,16.4498,-0.0356373,-0.0360229,0.00425238,-0.0402753,time,-0.0356373,2,0.0103351,-0.0506104
g_bonds,UP75/21|H63|long,ULONGsyn,design,2003-07-16,2003-07-17,2003-10-16,63,19.8456,19.1274,-0.0361908,-0.0365762,0.00233571,-0.0389119,time,-0.0709871,2,0.0124111,-0.051323
g_bonds,UP75/21|H63|long,ULONGsyn,design,2004-04-26,2004-04-27,2004-07-28,63,19.8208,19.8807,0.00302001,0.00261888,0.00298016,-0.000361277,time,-0.035079,2,0.010801,-0.0111623
g_bonds,UP75/21|H63|long,ULONGsyn,test,2009-02-02,2009-02-03,2009-05-05,63,32.3653,30.248,-0.0654184,-0.0657922,0.000538889,-0.0663311,time,-0.0706455,2,0.0256973,-0.0920284
g_bonds,UP75/21|H63|long,ULONGsyn,test,2009-05-28,2009-05-29,2009-08-27,63,28.907,29.7209,0.0281571,0.0277459,0.000445635,0.0273002,time,-0.0649642,2,0.0302142,-0.00291396
g_bonds,UP75/21|H63|long,ULONGsyn,test,2022-04-06,2022-04-07,2022-07-11,63,54.411,49.6666,-0.0871964,-0.0875615,0.00299246,-0.0905539,time,-0.134276,2,-0.012333,-0.078221
g_bonds,UP75/21|H63|long,ULONGsyn,test,2022-09-27,2022-09-28,2022-12-30,63,45.3403,43.5724,-0.0389929,-0.0393773,0.0100456,-0.0494229,time,-0.111704,2,-0.0161721,-0.0332508
g_bonds,UP75/21|H63|long,TLT,test_exec,2009-02-02,2009-02-03,2009-05-04,63,61.7721,58.2056,-0.0577372,-0.058114,0.000544048,-0.058658,time,-0.0608319,2,0.0247602,-0.0834182
g_bonds,UP75/21|H63|long,TLT,test_exec,2009-05-28,2009-05-29,2009-08-26,63,54.7824,58.1883,0.0621716,0.0617468,0.000445238,0.0613016,time,-0.0351521,2,0.028943,0.0323586
g_bonds,UP75/21|H63|long,TLT,test_exec,2022-04-06,2022-04-07,2022-07-08,63,106.688,95.6951,-0.103041,-0.1034,0.00293492,-0.106334,time,-0.134176,2,-0.0128998,-0.0934347
g_bonds,UP75/21|H63|long,TLT,test_exec,2022-09-27,2022-09-28,2022-12-27,63,88.0699,86.3447,-0.0195899,-0.019982,0.00995437,-0.0299364,time,-0.101904,2,-0.015418,-0.0145184
g_bonds,UP75/21|H63|long,ULONGsyn,full,1969-12-30,1969-12-31,1970-04-03,63,1.03218,1.08341,0.049625,0.0492053,0.0179258,0.0312795,time,-0.00296699,2,-0.00883207,0.0401115
g_bonds,UP75/21|H63|long,ULONGsyn,full,1970-04-27,1970-04-28,1970-07-27,63,1.03801,1.08475,0.0450315,0.0446136,0.016694,0.0279195,time,-0.0590685,2,-0.00835126,0.0362708
g_bonds,UP75/21|H63|long,ULONGsyn,full,1971-05-18,1971-05-19,1971-08-18,63,1.18948,1.25836,0.0579053,0.0574822,0.0125321,0.0449501,time,-0.00540363,2,-0.0110316,0.0559817
g_bonds,UP75/21|H63|long,ULONGsyn,full,1975-03-25,1975-03-26,1975-06-25,63,1.28604,1.33961,0.0416564,0.0412398,0.0134437,0.0277962,time,-0.0126166,2,-0.00587095,0.0336671
g_bonds,UP75/21|H63|long,ULONGsyn,full,1979-10-12,1979-10-15,1980-01-17,63,1.59022,1.53899,-0.0322195,-0.0326065,0.0299365,-0.062543,time,-0.0563264,2,-0.00756693,-0.0549761
g_bonds,UP75/21|H63|long,ULONGsyn,full,1980-07-15,1980-07-16,1980-10-15,63,1.6887,1.57699,-0.0661514,-0.0665249,0.0241706,-0.0906955,time,-0.132414,2,-0.0113926,-0.0793029
g_bonds,UP75/21|H63|long,ULONGsyn,full,1981-12-22,1981-12-23,1982-03-26,63,1.48734,1.5631,0.0509352,0.0505149,0.0315948,0.0189201,time,-0.0456186,2,-0.00354126,0.0224613
g_bonds,UP75/21|H63|long,ULONGsyn,full,1982-06-18,1982-06-21,1982-09-20,63,1.55792,1.88416,0.209411,0.208928,0.0248496,0.184078,time,-0.00681512,2,0.00113553,0.182942
g_bonds,UP75/21|H63|long,ULONGsyn,full,1983-07-18,1983-07-19,1983-10-18,63,2.18314,2.20403,0.00957132,0.00916758,0.0226984,-0.0135308,time,-0.0593593,2,0.0230824,-0.0366132
g_bonds,UP75/21|H63|long,ULONGsyn,full,1984-05-14,1984-05-15,1984-08-14,63,2.03174,2.26733,0.115954,0.115508,0.0250651,0.0904426,time,-0.0255446,2,0.0271221,0.0633205
g_bonds,UP75/21|H63|long,ULONGsyn,full,1985-02-28,1985-03-01,1985-05-31,63,2.54809,2.91619,0.144463,0.144005,0.0199056,0.1241,time,-0.006998,2,0.0267097,0.0973903
g_bonds,UP75/21|H63|long,ULONGsyn,full,1986-05-16,1986-05-19,1986-08-18,63,4.29905,4.59048,0.0677898,0.0673628,0.0149333,0.0524295,time,-0.0252781,2,0.020736,0.0316935
g_bonds,UP75/21|H63|long,ULONGsyn,full,1987-04-13,1987-04-14,1987-07-15,63,4.23773,4.23158,-0.00145333,-0.00185267,0.0141179,-0.0159705,time,-0.0606101,2,0.0251101,-0.0410806
g_bonds,UP75/21|H63|long,ULONGsyn,full,1987-09-09,1987-09-10,1987-12-11,63,3.8777,4.02602,0.038249,0.0378337,0.0150198,0.0228139,time,-0.0504326,2,0.0206744,0.00213951
g_bonds,UP75/21|H63|long,ULONGsyn,full,1994-04-05,1994-04-06,1994-07-07,63,8.4693,8.27146,-0.0233595,-0.0237501,0.0100786,-0.0338287,time,-0.0381669,2,0.0153833,-0.049212
g_bonds,UP75/21|H63|long,ULONGsyn,full,1996-03-11,1996-03-12,1996-06-10,63,10.4398,10.0403,-0.0382673,-0.0386519,0.0124933,-0.0511452,time,-0.047433,2,0.0124209,-0.0635661
g_bonds,UP75/21|H63|long,ULONGsyn,full,2001-12-10,2001-12-11,2002-03-14,63,17.0577,16.4498,-0.0356373,-0.0360229,0.00425238,-0.0402753,time,-0.0356373,2,0.0103351,-0.0506104
g_bonds,UP75/21|H63|long,ULONGsyn,full,2003-07-16,2003-07-17,2003-10-16,63,19.8456,19.1274,-0.0361908,-0.0365762,0.00233571,-0.0389119,time,-0.0709871,2,0.0124111,-0.051323
g_bonds,UP75/21|H63|long,ULONGsyn,full,2004-04-26,2004-04-27,2004-07-28,63,19.8208,19.8807,0.00302001,0.00261888,0.00298016,-0.000361277,time,-0.035079,2,0.010801,-0.0111623
g_bonds,UP75/21|H63|long,ULONGsyn,full,2009-02-02,2009-02-03,2009-05-05,63,32.3653,30.248,-0.0654184,-0.0657922,0.000538889,-0.0663311,time,-0.0706455,2,0.0204495,-0.0867806
g_bonds,UP75/21|H63|long,ULONGsyn,full,2009-05-28,2009-05-29,2009-08-27,63,28.907,29.7209,0.0281571,0.0277459,0.000445635,0.0273002,time,-0.0649642,2,0.0272653,3.49627e-05
g_bonds,UP75/21|H63|long,ULONGsyn,full,2022-04-06,2022-04-07,2022-07-11,63,54.411,49.6666,-0.0871964,-0.0875615,0.00299246,-0.0905539,time,-0.134276,2,-0.012333,-0.078221
g_bonds,UP75/21|H63|long,ULONGsyn,full,2022-09-27,2022-09-28,2022-12-30,63,45.3403,43.5724,-0.0389929,-0.0393773,0.0100456,-0.0494229,time,-0.111704,2,-0.0161721,-0.0332508
g_bonds,UP75/21|H84|10y,UST10syn,design,1969-12-30,1969-12-31,1970-05-04,84,1.10593,1.12911,0.020957,0.0205487,0.0234012,-0.00285248,time,-0.00597153,2,-0.00475562,0.00190313
g_bonds,UP75/21|H84|10y,UST10syn,design,1971-05-18,1971-05-19,1971-09-17,84,1.33131,1.40759,0.0572966,0.0568738,0.0164036,0.0404702,time,-0.0125699,2,-0.0058855,0.0463557
g_bonds,UP75/21|H84|10y,UST10syn,design,1975-03-25,1975-03-26,1975-07-25,84,1.56507,1.59615,0.0198599,0.019452,0.0185044,0.000947633,time,-0.0147912,2,-0.00387081,0.00481844
g_bonds,UP75/21|H84|10y,UST10syn,design,1979-10-12,1979-10-15,1980-02-19,84,1.94929,1.74354,-0.10555,-0.105908,0.0401254,-0.146033,time,-0.10555,2,-0.00678778,-0.139245
g_bonds,UP75/21|H84|10y,UST10syn,design,1980-07-15,1980-07-16,1980-11-17,84,2.1432,1.88038,-0.122627,-0.122978,0.0346262,-0.157605,time,-0.130165,2,-0.0097732,-0.147831
g_bonds,UP75/21|H84|10y,UST10syn,design,1981-12-22,1981-12-23,1982-04-27,84,2.04541,2.19668,0.0739583,0.0735288,0.0422952,0.0312336,time,-0.0273997,2,-0.000787068,0.0320207
g_bonds,UP75/21|H84|10y,UST10syn,design,1982-06-18,1982-06-21,1982-10-20,84,2.13552,2.77535,0.299616,0.299096,0.0311782,0.267918,time,-0.00508296,2,0.00438267,0.263535
g_bonds,UP75/21|H84|10y,UST10syn,design,1983-07-18,1983-07-19,1983-11-18,84,2.88396,2.93532,0.0178099,0.0174028,0.0299258,-0.012523,time,-0.0413726,2,0.0240842,-0.0366072
g_bonds,UP75/21|H84|10y,UST10syn,design,1984-05-14,1984-05-15,1984-09-13,84,2.8221,3.12159,0.106121,0.105679,0.0338048,0.071874,time,-0.0214991,2,0.0294086,0.0424654
g_bonds,UP75/21|H84|10y,UST10syn,design,1985-02-28,1985-03-01,1985-07-01,84,3.4047,3.9014,0.145885,0.145427,0.0256972,0.11973,time,-0.00371053,2,0.0285184,0.0912111
g_bonds,UP75/21|H84|10y,UST10syn,design,1986-05-16,1986-05-19,1986-09-17,84,4.8791,5.17951,0.0615717,0.0611472,0.0193135,0.0418337,time,-0.0240259,2,0.0205434,0.0212902
g_bonds,UP75/21|H84|10y,UST10syn,design,1987-04-13,1987-04-14,1987-08-13,84,5.10353,5.12542,0.00428838,0.00388675,0.018969,-0.0150823,time,-0.0336979,2,0.024298,-0.0393803
g_bonds,UP75/21|H84|10y,UST10syn,design,1987-09-09,1987-09-10,1988-01-13,84,4.90204,5.23693,0.0683165,0.0678893,0.0198754,0.0480139,time,-0.0406271,2,0.0205139,0.0275
g_bonds,UP75/21|H84|10y,UST10syn,design,1994-04-05,1994-04-06,1994-08-05,84,9.61586,9.601,-0.00154578,-0.00194508,0.0137052,-0.0156502,time,-0.0326864,2,0.0151985,-0.0308488
g_bonds,UP75/21|H84|10y,UST10syn,design,1996-03-11,1996-03-12,1996-07-10,84,11.4114,11.1738,-0.0208167,-0.0212082,0.0167524,-0.0379606,time,-0.0314204,2,0.00771155,-0.0456722
g_bonds,UP75/21|H84|10y,UST10syn,design,2001-12-10,2001-12-11,2002-04-15,84,17.3798,17.6531,0.0157301,0.0153239,0.00571667,0.00960721,time,-0.00918989,2,0.00964213,-3.49251e-05
g_bonds,UP75/21|H84|10y,UST10syn,design,2003-07-16,2003-07-17,2003-11-17,84,20.3677,20.3185,-0.00241786,-0.00281681,0.00311508,-0.00593189,time,-0.0444889,2,0.0114306,-0.0173625
g_bonds,UP75/21|H84|10y,UST10syn,design,2004-04-26,2004-04-27,2004-08-26,84,20.2703,20.9229,0.0321972,0.0317844,0.00419802,0.0275863,time,-0.0308288,2,0.00814254,0.0194438
g_bonds,UP75/21|H84|10y,UST10syn,test,2009-02-02,2009-02-03,2009-06-04,84,28.1415,26.4571,-0.0598571,-0.0602331,0.000679365,-0.0609125,time,-0.0598571,2,0.0220474,-0.0829599
g_bonds,UP75/21|H84|10y,UST10syn,test,2022-04-06,2022-04-07,2022-08-09,84,38.1299,38.0124,-0.00308387,-0.00348256,0.00500794,-0.00849049,time,-0.0639069,2,-0.00887088,0.000380386
g_bonds,UP75/21|H84|10y,UST10syn,test,2022-09-27,2022-09-28,2023-02-01,84,35.304,36.7357,0.0405527,0.0401366,0.013827,0.0263096,time,-0.0398799,2,-0.0101724,0.036482
g_bonds,UP75/21|H84|10y,IEF,test_exec,2009-02-02,2009-02-03,2009-06-03,84,62.5857,60.4382,-0.0343133,-0.0346995,0.000686508,-0.035386,time,-0.0433785,2,0.0238493,-0.0592352
g_bonds,UP75/21|H84|10y,IEF,test_exec,2022-04-06,2022-04-07,2022-08-08,84,90.5773,90.6717,0.00104219,0.00064185,0.00493254,-0.00429069,time,-0.0600656,2,-0.00815557,0.00386488
g_bonds,UP75/21|H84|10y,IEF,test_exec,2022-09-27,2022-09-28,2023-01-27,84,83.6056,87.0221,0.040865,0.0404488,0.0137071,0.0267416,time,-0.0290781,2,-0.00884213,0.0355838
g_bonds,UP75/21|H84|10y,UST10syn,full,1969-12-30,1969-12-31,1970-05-04,84,1.10593,1.12911,0.020957,0.0205487,0.0234012,-0.00285248,time,-0.00597153,2,-0.00475562,0.00190313
g_bonds,UP75/21|H84|10y,UST10syn,full,1971-05-18,1971-05-19,1971-09-17,84,1.33131,1.40759,0.0572966,0.0568738,0.0164036,0.0404702,time,-0.0125699,2,-0.0058855,0.0463557
g_bonds,UP75/21|H84|10y,UST10syn,full,1975-03-25,1975-03-26,1975-07-25,84,1.56507,1.59615,0.0198599,0.019452,0.0185044,0.000947633,time,-0.0147912,2,-0.00387081,0.00481844
g_bonds,UP75/21|H84|10y,UST10syn,full,1979-10-12,1979-10-15,1980-02-19,84,1.94929,1.74354,-0.10555,-0.105908,0.0401254,-0.146033,time,-0.10555,2,-0.00678778,-0.139245
g_bonds,UP75/21|H84|10y,UST10syn,full,1980-07-15,1980-07-16,1980-11-17,84,2.1432,1.88038,-0.122627,-0.122978,0.0346262,-0.157605,time,-0.130165,2,-0.0097732,-0.147831
g_bonds,UP75/21|H84|10y,UST10syn,full,1981-12-22,1981-12-23,1982-04-27,84,2.04541,2.19668,0.0739583,0.0735288,0.0422952,0.0312336,time,-0.0273997,2,-0.000787068,0.0320207
g_bonds,UP75/21|H84|10y,UST10syn,full,1982-06-18,1982-06-21,1982-10-20,84,2.13552,2.77535,0.299616,0.299096,0.0311782,0.267918,time,-0.00508296,2,0.00438267,0.263535
g_bonds,UP75/21|H84|10y,UST10syn,full,1983-07-18,1983-07-19,1983-11-18,84,2.88396,2.93532,0.0178099,0.0174028,0.0299258,-0.012523,time,-0.0413726,2,0.0240842,-0.0366072
g_bonds,UP75/21|H84|10y,UST10syn,full,1984-05-14,1984-05-15,1984-09-13,84,2.8221,3.12159,0.106121,0.105679,0.0338048,0.071874,time,-0.0214991,2,0.0294086,0.0424654
g_bonds,UP75/21|H84|10y,UST10syn,full,1985-02-28,1985-03-01,1985-07-01,84,3.4047,3.9014,0.145885,0.145427,0.0256972,0.11973,time,-0.00371053,2,0.0285184,0.0912111
g_bonds,UP75/21|H84|10y,UST10syn,full,1986-05-16,1986-05-19,1986-09-17,84,4.8791,5.17951,0.0615717,0.0611472,0.0193135,0.0418337,time,-0.0240259,2,0.0205434,0.0212902
g_bonds,UP75/21|H84|10y,UST10syn,full,1987-04-13,1987-04-14,1987-08-13,84,5.10353,5.12542,0.00428838,0.00388675,0.018969,-0.0150823,time,-0.0336979,2,0.024298,-0.0393803
g_bonds,UP75/21|H84|10y,UST10syn,full,1987-09-09,1987-09-10,1988-01-13,84,4.90204,5.23693,0.0683165,0.0678893,0.0198754,0.0480139,time,-0.0406271,2,0.0205139,0.0275
g_bonds,UP75/21|H84|10y,UST10syn,full,1994-04-05,1994-04-06,1994-08-05,84,9.61586,9.601,-0.00154578,-0.00194508,0.0137052,-0.0156502,time,-0.0326864,2,0.0151985,-0.0308488
g_bonds,UP75/21|H84|10y,UST10syn,full,1996-03-11,1996-03-12,1996-07-10,84,11.4114,11.1738,-0.0208167,-0.0212082,0.0167524,-0.0379606,time,-0.0314204,2,0.00771155,-0.0456722
g_bonds,UP75/21|H84|10y,UST10syn,full,2001-12-10,2001-12-11,2002-04-15,84,17.3798,17.6531,0.0157301,0.0153239,0.00571667,0.00960721,time,-0.00918989,2,0.00964213,-3.49251e-05
g_bonds,UP75/21|H84|10y,UST10syn,full,2003-07-16,2003-07-17,2003-11-17,84,20.3677,20.3185,-0.00241786,-0.00281681,0.00311508,-0.00593189,time,-0.0444889,2,0.0114306,-0.0173625
g_bonds,UP75/21|H84|10y,UST10syn,full,2004-04-26,2004-04-27,2004-08-26,84,20.2703,20.9229,0.0321972,0.0317844,0.00419802,0.0275863,time,-0.0308288,2,0.00814254,0.0194438
g_bonds,UP75/21|H84|10y,UST10syn,full,2009-02-02,2009-02-03,2009-06-04,84,28.1415,26.4571,-0.0598571,-0.0602331,0.000679365,-0.0609125,time,-0.0598571,2,0.0206525,-0.081565
g_bonds,UP75/21|H84|10y,UST10syn,full,2022-04-06,2022-04-07,2022-08-09,84,38.1299,38.0124,-0.00308387,-0.00348256,0.00500794,-0.00849049,time,-0.0639069,2,-0.00887088,0.000380386
g_bonds,UP75/21|H84|10y,UST10syn,full,2022-09-27,2022-09-28,2023-02-01,84,35.304,36.7357,0.0405527,0.0401366,0.013827,0.0263096,time,-0.0398799,2,-0.0101724,0.036482
g_bonds,UP75/21|H84|long,ULONGsyn,design,1969-12-30,1969-12-31,1970-05-04,84,1.03218,1.02612,-0.00587211,-0.00626968,0.0234012,-0.0296709,time,-0.00587211,2,-0.0117313,-0.0179395
g_bonds,UP75/21|H84|long,ULONGsyn,design,1971-05-18,1971-05-19,1971-09-17,84,1.18948,1.27335,0.0705067,0.0700786,0.0164036,0.053675,time,-0.00540363,2,-0.0152774,0.0689524
g_bonds,UP75/21|H84|long,ULONGsyn,design,1975-03-25,1975-03-26,1975-07-25,84,1.28604,1.33153,0.0353691,0.034955,0.0185044,0.0164506,time,-0.0126166,2,-0.0080614,0.024512
g_bonds,UP75/21|H84|long,ULONGsyn,design,1979-10-12,1979-10-15,1980-02-19,84,1.59022,1.29952,-0.182803,-0.18313,0.0401254,-0.223255,time,-0.182803,2,-0.0105247,-0.212731
g_bonds,UP75/21|H84|long,ULONGsyn,design,1980-07-15,1980-07-16,1980-11-17,84,1.6887,1.41127,-0.164283,-0.164618,0.0346262,-0.199244,time,-0.173236,2,-0.0150938,-0.18415
g_bonds,UP75/21|H84|long,ULONGsyn,design,1981-12-22,1981-12-23,1982-04-27,84,1.48734,1.63555,0.0996483,0.0992085,0.0422952,0.0569133,time,-0.0456186,2,-0.00416401,0.0610773
g_bonds,UP75/21|H84|long,ULONGsyn,design,1982-06-18,1982-06-21,1982-10-20,84,1.55792,2.09113,0.342257,0.34172,0.0311782,0.310542,time,-0.00681512,2,0.00222011,0.308322
g_bonds,UP75/21|H84|long,ULONGsyn,design,1983-07-18,1983-07-19,1983-11-18,84,2.18314,2.18408,0.000433799,3.37055e-05,0.0299258,-0.0298921,time,-0.0593593,2,0.0326453,-0.0625374
g_bonds,UP75/21|H84|long,ULONGsyn,design,1984-05-14,1984-05-15,1984-09-13,84,2.03174,2.33803,0.150748,0.150288,0.0338048,0.116483,time,-0.0255446,2,0.0367574,0.0797259
g_bonds,UP75/21|H84|long,ULONGsyn,design,1985-02-28,1985-03-01,1985-07-01,84,2.54809,2.97948,0.169301,0.168833,0.0256972,0.143136,time,-0.006998,2,0.0367198,0.106416
g_bonds,UP75/21|H84|long,ULONGsyn,design,1986-05-16,1986-05-19,1986-09-17,84,4.29905,4.42386,0.0290325,0.0286209,0.0193135,0.00930746,time,-0.0252781,2,0.0292574,-0.0199499
g_bonds,UP75/21|H84|long,ULONGsyn,design,1987-04-13,1987-04-14,1987-08-13,84,4.23773,4.15445,-0.0196521,-0.0200442,0.018969,-0.0390132,time,-0.0606101,2,0.034075,-0.0730883
g_bonds,UP75/21|H84|long,ULONGsyn,design,1987-09-09,1987-09-10,1988-01-13,84,3.8777,4.22583,0.0897768,0.0893409,0.0198754,0.0694655,time,-0.0504326,2,0.0280481,0.0414175
g_bonds,UP75/21|H84|long,ULONGsyn,design,1994-04-05,1994-04-06,1994-08-05,84,8.4693,8.37922,-0.0106366,-0.0110323,0.0137052,-0.0247374,time,-0.0381669,2,0.0218306,-0.046568
g_bonds,UP75/21|H84|long,ULONGsyn,design,1996-03-11,1996-03-12,1996-07-10,84,10.4398,10.0977,-0.0327744,-0.0331612,0.0167524,-0.0499136,time,-0.047433,2,0.0163257,-0.0662393
g_bonds,UP75/21|H84|long,ULONGsyn,design,2001-12-10,2001-12-11,2002-04-15,84,17.0577,16.8629,-0.0114182,-0.0118136,0.00571667,-0.0175303,time,-0.0356373,2,0.014542,-0.0320723
g_bonds,UP75/21|H84|long,ULONGsyn,design,2003-07-16,2003-07-17,2003-11-17,84,19.8456,19.9165,0.00357207,0.00317073,0.00311508,5.56461e-05,time,-0.0709871,2,0.0170458,-0.0169902
g_bonds,UP75/21|H84|long,ULONGsyn,design,2004-04-26,2004-04-27,2004-08-26,84,19.8208,20.9432,0.0566251,0.0562025,0.00419802,0.0520045,time,-0.035079,2,0.014369,0.0376355
g_bonds,UP75/21|H84|long,ULONGsyn,test,2009-02-02,2009-02-03,2009-06-04,84,32.3653,27.8018,-0.140998,-0.141341,0.000679365,-0.142021,time,-0.142881,2,0.0366045,-0.178625
g_bonds,UP75/21|H84|long,ULONGsyn,test,2022-04-06,2022-04-07,2022-08-09,84,54.411,51.4432,-0.0545444,-0.0549226,0.00500794,-0.0599305,time,-0.134276,2,-0.0169718,-0.0429587
g_bonds,UP75/21|H84|long,ULONGsyn,test,2022-09-27,2022-09-28,2023-02-01,84,45.3403,47.109,0.0390095,0.038594,0.013827,0.024767,time,-0.111704,2,-0.0216575,0.0464245
g_bonds,UP75/21|H84|long,TLT,test_exec,2009-02-02,2009-02-03,2009-06-03,84,61.7721,55.4039,-0.103092,-0.103451,0.000686508,-0.104138,time,-0.124856,2,0.0348011,-0.138939
g_bonds,UP75/21|H84|long,TLT,test_exec,2022-04-06,2022-04-07,2022-08-08,84,106.688,100.854,-0.0546845,-0.0550626,0.00493254,-0.0599951,time,-0.134176,2,-0.0177458,-0.0422493
g_bonds,UP75/21|H84|long,TLT,test_exec,2022-09-27,2022-09-28,2023-01-27,84,88.0699,92.0096,0.0447332,0.0443154,0.0137071,0.0306082,time,-0.101904,2,-0.0208341,0.0514423
g_bonds,UP75/21|H84|long,ULONGsyn,full,1969-12-30,1969-12-31,1970-05-04,84,1.03218,1.02612,-0.00587211,-0.00626968,0.0234012,-0.0296709,time,-0.00587211,2,-0.0117313,-0.0179395
g_bonds,UP75/21|H84|long,ULONGsyn,full,1971-05-18,1971-05-19,1971-09-17,84,1.18948,1.27335,0.0705067,0.0700786,0.0164036,0.053675,time,-0.00540363,2,-0.0152774,0.0689524
g_bonds,UP75/21|H84|long,ULONGsyn,full,1975-03-25,1975-03-26,1975-07-25,84,1.28604,1.33153,0.0353691,0.034955,0.0185044,0.0164506,time,-0.0126166,2,-0.0080614,0.024512
g_bonds,UP75/21|H84|long,ULONGsyn,full,1979-10-12,1979-10-15,1980-02-19,84,1.59022,1.29952,-0.182803,-0.18313,0.0401254,-0.223255,time,-0.182803,2,-0.0105247,-0.212731
g_bonds,UP75/21|H84|long,ULONGsyn,full,1980-07-15,1980-07-16,1980-11-17,84,1.6887,1.41127,-0.164283,-0.164618,0.0346262,-0.199244,time,-0.173236,2,-0.0150938,-0.18415
g_bonds,UP75/21|H84|long,ULONGsyn,full,1981-12-22,1981-12-23,1982-04-27,84,1.48734,1.63555,0.0996483,0.0992085,0.0422952,0.0569133,time,-0.0456186,2,-0.00416401,0.0610773
g_bonds,UP75/21|H84|long,ULONGsyn,full,1982-06-18,1982-06-21,1982-10-20,84,1.55792,2.09113,0.342257,0.34172,0.0311782,0.310542,time,-0.00681512,2,0.00222011,0.308322
g_bonds,UP75/21|H84|long,ULONGsyn,full,1983-07-18,1983-07-19,1983-11-18,84,2.18314,2.18408,0.000433799,3.37055e-05,0.0299258,-0.0298921,time,-0.0593593,2,0.0326453,-0.0625374
g_bonds,UP75/21|H84|long,ULONGsyn,full,1984-05-14,1984-05-15,1984-09-13,84,2.03174,2.33803,0.150748,0.150288,0.0338048,0.116483,time,-0.0255446,2,0.0367574,0.0797259
g_bonds,UP75/21|H84|long,ULONGsyn,full,1985-02-28,1985-03-01,1985-07-01,84,2.54809,2.97948,0.169301,0.168833,0.0256972,0.143136,time,-0.006998,2,0.0367198,0.106416
g_bonds,UP75/21|H84|long,ULONGsyn,full,1986-05-16,1986-05-19,1986-09-17,84,4.29905,4.42386,0.0290325,0.0286209,0.0193135,0.00930746,time,-0.0252781,2,0.0292574,-0.0199499
g_bonds,UP75/21|H84|long,ULONGsyn,full,1987-04-13,1987-04-14,1987-08-13,84,4.23773,4.15445,-0.0196521,-0.0200442,0.018969,-0.0390132,time,-0.0606101,2,0.034075,-0.0730883
g_bonds,UP75/21|H84|long,ULONGsyn,full,1987-09-09,1987-09-10,1988-01-13,84,3.8777,4.22583,0.0897768,0.0893409,0.0198754,0.0694655,time,-0.0504326,2,0.0280481,0.0414175
g_bonds,UP75/21|H84|long,ULONGsyn,full,1994-04-05,1994-04-06,1994-08-05,84,8.4693,8.37922,-0.0106366,-0.0110323,0.0137052,-0.0247374,time,-0.0381669,2,0.0218306,-0.046568
g_bonds,UP75/21|H84|long,ULONGsyn,full,1996-03-11,1996-03-12,1996-07-10,84,10.4398,10.0977,-0.0327744,-0.0331612,0.0167524,-0.0499136,time,-0.047433,2,0.0163257,-0.0662393
g_bonds,UP75/21|H84|long,ULONGsyn,full,2001-12-10,2001-12-11,2002-04-15,84,17.0577,16.8629,-0.0114182,-0.0118136,0.00571667,-0.0175303,time,-0.0356373,2,0.014542,-0.0320723
g_bonds,UP75/21|H84|long,ULONGsyn,full,2003-07-16,2003-07-17,2003-11-17,84,19.8456,19.9165,0.00357207,0.00317073,0.00311508,5.56461e-05,time,-0.0709871,2,0.0170458,-0.0169902
g_bonds,UP75/21|H84|long,ULONGsyn,full,2004-04-26,2004-04-27,2004-08-26,84,19.8208,20.9432,0.0566251,0.0562025,0.00419802,0.0520045,time,-0.035079,2,0.014369,0.0376355
g_bonds,UP75/21|H84|long,ULONGsyn,full,2009-02-02,2009-02-03,2009-06-04,84,32.3653,27.8018,-0.140998,-0.141341,0.000679365,-0.142021,time,-0.142881,2,0.0297316,-0.171752
g_bonds,UP75/21|H84|long,ULONGsyn,full,2022-04-06,2022-04-07,2022-08-09,84,54.411,51.4432,-0.0545444,-0.0549226,0.00500794,-0.0599305,time,-0.134276,2,-0.0169718,-0.0429587
g_bonds,UP75/21|H84|long,ULONGsyn,full,2022-09-27,2022-09-28,2023-02-01,84,45.3403,47.109,0.0390095,0.038594,0.013827,0.024767,time,-0.111704,2,-0.0216575,0.0464245
g_bonds,UP100/63|H42|10y,UST10syn,design,1970-05-26,1970-05-27,1970-07-27,42,1.1285,1.19618,0.0599765,0.0595526,0.0109972,0.0485554,time,0,2,-0.00253124,0.0510866
g_bonds,UP100/63|H42|10y,UST10syn,design,1971-06-16,1971-06-17,1971-08-17,42,1.33031,1.3828,0.0394537,0.039038,0.00874603,0.030292,time,-0.0118286,2,-0.00329396,0.0335859
g_bonds,UP100/63|H42|10y,UST10syn,design,1979-10-10,1979-10-11,1979-12-13,42,1.96402,1.95799,-0.0030688,-0.00346749,0.0199333,-0.0234008,time,-0.0471889,2,-0.00319633,-0.0202045
g_bonds,UP100/63|H42|10y,UST10syn,design,1980-08-20,1980-08-21,1980-10-22,42,2.01006,1.98037,-0.0147693,-0.0151633,0.0176532,-0.0328165,time,-0.0323238,2,-0.00492346,-0.027893
g_bonds,UP100/63|H42|10y,UST10syn,design,1981-08-24,1981-08-25,1981-10-26,42,1.83453,1.85864,0.0131415,0.0127363,0.0239401,-0.0112038,time,-0.009431,2,-0.00345054,-0.00775326
g_bonds,UP100/63|H42|10y,UST10syn,design,1982-02-10,1982-02-11,1982-04-15,42,2.02476,2.16248,0.0680169,0.0675898,0.0214083,0.0461815,time,0,2,-0.000840476,0.0470219
g_bonds,UP100/63|H42|10y,UST10syn,design,1983-07-13,1983-07-14,1983-09-13,42,2.8761,2.88985,0.00477877,0.00437694,0.0154087,-0.0110318,time,-0.0387542,2,0.0105247,-0.0215565
g_bonds,UP100/63|H42|10y,UST10syn,design,1984-04-17,1984-04-18,1984-06-19,42,2.91756,2.8741,-0.0148937,-0.0152876,0.0163679,-0.0316555,time,-0.0535132,2,0.013883,-0.0455385
g_bonds,UP100/63|H42|10y,UST10syn,design,1987-04-14,1987-04-15,1987-06-16,42,5.16684,5.17673,0.00191404,0.00151335,0.00939762,-0.00788427,time,-0.0455367,2,0.0113223,-0.0192066
g_bonds,UP100/63|H42|10y,UST10syn,design,1988-05-24,1988-05-25,1988-07-26,42,5.28693,5.40571,0.0224672,0.0220583,0.0109139,0.0111444,time,-0.00207053,2,0.0069009,0.00424353
g_bonds,UP100/63|H42|10y,UST10syn,design,1994-03-31,1994-04-04,1994-06-03,42,9.45699,9.68735,0.0243596,0.0239499,0.00657579,0.0173741,time,-0.0164358,2,0.00656821,0.0108059
g_bonds,UP100/63|H42|10y,UST10syn,design,1996-04-19,1996-04-22,1996-06-20,42,11.3921,11.109,-0.0248488,-0.0252388,0.00839643,-0.0336352,time,-0.0297778,2,0.00317657,-0.0368118
g_bonds,UP100/63|H42|10y,UST10syn,design,2003-08-14,2003-08-15,2003-10-16,42,19.5132,19.7764,0.013488,0.0130827,0.00155952,0.0115232,time,-0.00264733,2,0.00550789,0.00601531
g_bonds,UP100/63|H42|10y,UST10syn,design,2004-06-08,2004-06-09,2004-08-10,42,19.7597,20.7164,0.0484194,0.0480001,0.00224087,0.0457592,time,-0.00482772,2,0.00376419,0.041995
g_bonds,UP100/63|H42|10y,UST10syn,test,2009-06-08,2009-06-09,2009-08-07,42,26.1659,26.2426,0.00293057,0.00252948,0.000305952,0.00222353,time,-0.00971434,2,0.0117182,-0.00949465
g_bonds,UP100/63|H42|10y,UST10syn,test,2011-01-06,2011-01-07,2011-03-10,42,28.7205,28.8116,0.00317034,0.00276915,0.000228175,0.00254098,time,-0.0308694,2,0.00667049,-0.00412951
g_bonds,UP100/63|H42|10y,UST10syn,test,2013-07-08,2013-07-09,2013-09-06,42,32.1136,31.4456,-0.0208009,-0.0211925,6.23016e-05,-0.0212548,time,-0.024241,2,0.00674522,-0.028
g_bonds,UP100/63|H42|10y,UST10syn,test,2022-04-12,2022-04-13,2022-06-14,42,38.0133,35.6932,-0.0610358,-0.0614113,0.00170516,-0.0631165,time,-0.0610358,2,-0.00429257,-0.0588239
g_bonds,UP100/63|H42|10y,UST10syn,test,2022-10-13,2022-10-14,2022-12-15,42,34.5542,36.4181,0.0539429,0.0535214,0.00686151,0.0466599,time,-0.0190454,2,-0.00524858,0.0519085
g_bonds,UP100/63|H42|10y,UST10syn,test,2023-10-18,2023-10-19,2023-12-19,42,33.1574,36.3203,0.0953898,0.0949517,0.00878651,0.0861652,time,0,2,-0.00958443,0.0957497
g_bonds,UP100/63|H42|10y,IEF,test_exec,2009-06-08,2009-06-09,2009-08-06,42,59.1098,59.863,0.0127411,0.012336,0.000306349,0.0120297,time,-0.00621121,2,0.0124518,-0.000422066
g_bonds,UP100/63|H42|10y,IEF,test_exec,2011-01-06,2011-01-07,2011-03-09,42,65.8649,65.8925,0.000419379,1.92914e-05,0.000230556,-0.000211264,time,-0.0206984,2,0.00798358,-0.00819484
g_bonds,UP100/63|H42|10y,IEF,test_exec,2013-07-08,2013-07-09,2013-09-05,42,75.4024,73.6195,-0.0236453,-0.0240358,6.30952e-05,-0.0240989,time,-0.0236453,2,0.00726726,-0.0313661
g_bonds,UP100/63|H42|10y,IEF,test_exec,2022-04-12,2022-04-13,2022-06-13,42,90.3697,85.822,-0.0503231,-0.0507029,0.00166429,-0.0523672,time,-0.0503231,2,-0.00402554,-0.0483416
g_bonds,UP100/63|H42|10y,IEF,test_exec,2022-10-13,2022-10-14,2022-12-13,42,83.2621,86.4759,0.0385986,0.0381833,0.00683333,0.0313499,time,-0.0250731,2,-0.00453482,0.0358848
g_bonds,UP100/63|H42|10y,IEF,test_exec,2023-10-18,2023-10-19,2023-12-18,42,80.0049,86.6903,0.0835619,0.0831285,0.00879048,0.074338,time,-0.00213151,2,-0.00845147,0.0827895
g_bonds,UP100/63|H42|10y,UST10syn,full,1970-05-26,1970-05-27,1970-07-27,42,1.1285,1.19618,0.0599765,0.0595526,0.0109972,0.0485554,time,0,2,-0.00253124,0.0510866
g_bonds,UP100/63|H42|10y,UST10syn,full,1971-06-16,1971-06-17,1971-08-17,42,1.33031,1.3828,0.0394537,0.039038,0.00874603,0.030292,time,-0.0118286,2,-0.00329396,0.0335859
g_bonds,UP100/63|H42|10y,UST10syn,full,1979-10-10,1979-10-11,1979-12-13,42,1.96402,1.95799,-0.0030688,-0.00346749,0.0199333,-0.0234008,time,-0.0471889,2,-0.00319633,-0.0202045
g_bonds,UP100/63|H42|10y,UST10syn,full,1980-08-20,1980-08-21,1980-10-22,42,2.01006,1.98037,-0.0147693,-0.0151633,0.0176532,-0.0328165,time,-0.0323238,2,-0.00492346,-0.027893
g_bonds,UP100/63|H42|10y,UST10syn,full,1981-08-24,1981-08-25,1981-10-26,42,1.83453,1.85864,0.0131415,0.0127363,0.0239401,-0.0112038,time,-0.009431,2,-0.00345054,-0.00775326
g_bonds,UP100/63|H42|10y,UST10syn,full,1982-02-10,1982-02-11,1982-04-15,42,2.02476,2.16248,0.0680169,0.0675898,0.0214083,0.0461815,time,0,2,-0.000840476,0.0470219
g_bonds,UP100/63|H42|10y,UST10syn,full,1983-07-13,1983-07-14,1983-09-13,42,2.8761,2.88985,0.00477877,0.00437694,0.0154087,-0.0110318,time,-0.0387542,2,0.0105247,-0.0215565
g_bonds,UP100/63|H42|10y,UST10syn,full,1984-04-17,1984-04-18,1984-06-19,42,2.91756,2.8741,-0.0148937,-0.0152876,0.0163679,-0.0316555,time,-0.0535132,2,0.013883,-0.0455385
g_bonds,UP100/63|H42|10y,UST10syn,full,1987-04-14,1987-04-15,1987-06-16,42,5.16684,5.17673,0.00191404,0.00151335,0.00939762,-0.00788427,time,-0.0455367,2,0.0113223,-0.0192066
g_bonds,UP100/63|H42|10y,UST10syn,full,1988-05-24,1988-05-25,1988-07-26,42,5.28693,5.40571,0.0224672,0.0220583,0.0109139,0.0111444,time,-0.00207053,2,0.0069009,0.00424353
g_bonds,UP100/63|H42|10y,UST10syn,full,1994-03-31,1994-04-04,1994-06-03,42,9.45699,9.68735,0.0243596,0.0239499,0.00657579,0.0173741,time,-0.0164358,2,0.00656821,0.0108059
g_bonds,UP100/63|H42|10y,UST10syn,full,1996-04-19,1996-04-22,1996-06-20,42,11.3921,11.109,-0.0248488,-0.0252388,0.00839643,-0.0336352,time,-0.0297778,2,0.00317657,-0.0368118
g_bonds,UP100/63|H42|10y,UST10syn,full,2003-08-14,2003-08-15,2003-10-16,42,19.5132,19.7764,0.013488,0.0130827,0.00155952,0.0115232,time,-0.00264733,2,0.00550789,0.00601531
g_bonds,UP100/63|H42|10y,UST10syn,full,2004-06-08,2004-06-09,2004-08-10,42,19.7597,20.7164,0.0484194,0.0480001,0.00224087,0.0457592,time,-0.00482772,2,0.00376419,0.041995
g_bonds,UP100/63|H42|10y,UST10syn,full,2009-06-08,2009-06-09,2009-08-07,42,26.1659,26.2426,0.00293057,0.00252948,0.000305952,0.00222353,time,-0.00971434,2,0.0117465,-0.00952301
g_bonds,UP100/63|H42|10y,UST10syn,full,2011-01-06,2011-01-07,2011-03-10,42,28.7205,28.8116,0.00317034,0.00276915,0.000228175,0.00254098,time,-0.0308694,2,0.00668265,-0.00414167
g_bonds,UP100/63|H42|10y,UST10syn,full,2013-07-08,2013-07-09,2013-09-06,42,32.1136,31.4456,-0.0208009,-0.0211925,6.23016e-05,-0.0212548,time,-0.024241,2,0.00674522,-0.028
g_bonds,UP100/63|H42|10y,UST10syn,full,2022-04-12,2022-04-13,2022-06-14,42,38.0133,35.6932,-0.0610358,-0.0614113,0.00170516,-0.0631165,time,-0.0610358,2,-0.00429257,-0.0588239
g_bonds,UP100/63|H42|10y,UST10syn,full,2022-10-13,2022-10-14,2022-12-15,42,34.5542,36.4181,0.0539429,0.0535214,0.00686151,0.0466599,time,-0.0190454,2,-0.00524858,0.0519085
g_bonds,UP100/63|H42|10y,UST10syn,full,2023-10-18,2023-10-19,2023-12-19,42,33.1574,36.3203,0.0953898,0.0949517,0.00878651,0.0861652,time,0,2,-0.00958443,0.0957497
g_bonds,UP100/63|H42|long,ULONGsyn,design,1970-05-26,1970-05-27,1970-07-27,42,0.994897,1.08475,0.090317,0.089881,0.0109972,0.0788837,time,0,2,-0.00569275,0.0845765
g_bonds,UP100/63|H42|long,ULONGsyn,design,1971-06-16,1971-06-17,1971-08-17,42,1.18872,1.25959,0.059615,0.0591912,0.00874603,0.0504452,time,0,2,-0.00794673,0.0583919
g_bonds,UP100/63|H42|long,ULONGsyn,design,1979-10-10,1979-10-11,1979-12-13,42,1.59925,1.55799,-0.0258022,-0.0261918,0.0199333,-0.0461251,time,-0.0616553,2,-0.00479437,-0.0413307
g_bonds,UP100/63|H42|long,ULONGsyn,design,1980-08-20,1980-08-21,1980-10-22,42,1.5453,1.49856,-0.0302475,-0.0306353,0.0176532,-0.0482885,time,-0.0519084,2,-0.00749239,-0.0407961
g_bonds,UP100/63|H42|long,ULONGsyn,design,1981-08-24,1981-08-25,1981-10-26,42,1.34784,1.32792,-0.0147779,-0.0151719,0.0239401,-0.039112,time,-0.0247368,2,-0.00537997,-0.0337321
g_bonds,UP100/63|H42|long,ULONGsyn,design,1982-02-10,1982-02-11,1982-04-15,42,1.44566,1.61294,0.115716,0.11527,0.0214083,0.0938613,time,0,2,-0.00249064,0.096352
g_bonds,UP100/63|H42|long,ULONGsyn,design,1983-07-13,1983-07-14,1983-09-13,42,2.17052,2.17081,0.000132247,-0.000267726,0.0154087,-0.0156765,time,-0.0538918,2,0.0144408,-0.0301173
g_bonds,UP100/63|H42|long,ULONGsyn,design,1984-04-17,1984-04-18,1984-06-19,42,2.13121,2.08841,-0.0200829,-0.0204748,0.0163679,-0.0368427,time,-0.0710228,2,0.0176422,-0.0544848
g_bonds,UP100/63|H42|long,ULONGsyn,design,1987-04-14,1987-04-15,1987-06-16,42,4.27592,4.26722,-0.00203626,-0.00243536,0.00939762,-0.011833,time,-0.0689999,2,0.016052,-0.0278849
g_bonds,UP100/63|H42|long,ULONGsyn,design,1988-05-24,1988-05-25,1988-07-26,42,4.24816,4.36591,0.0277183,0.0273072,0.0109139,0.0163934,time,-0.00149451,2,0.0101866,0.0062068
g_bonds,UP100/63|H42|long,ULONGsyn,design,1994-03-31,1994-04-04,1994-06-03,42,8.28445,8.55585,0.0327597,0.0323466,0.00657579,0.0257708,time,-0.0167058,2,0.00939704,0.0163738
g_bonds,UP100/63|H42|long,ULONGsyn,design,1996-04-19,1996-04-22,1996-06-20,42,10.3964,10.0349,-0.0347705,-0.0351565,0.00839643,-0.0435529,time,-0.0434582,2,0.00726156,-0.0508145
g_bonds,UP100/63|H42|long,ULONGsyn,design,2003-08-14,2003-08-15,2003-10-16,42,18.5227,19.1274,0.0326467,0.0322337,0.00155952,0.0306742,time,0,2,0.00843917,0.022235
g_bonds,UP100/63|H42|long,ULONGsyn,design,2004-06-08,2004-06-09,2004-08-10,42,19.4265,20.6751,0.0642687,0.063843,0.00224087,0.0616022,time,-0.00649259,2,0.00682792,0.0547742
g_bonds,UP100/63|H42|long,ULONGsyn,test,2009-06-08,2009-06-09,2009-08-07,42,27.5507,27.8525,0.0109549,0.0105506,0.000305952,0.0102447,time,-0.0189331,2,0.0204425,-0.0101978
g_bonds,UP100/63|H42|long,ULONGsyn,test,2011-01-06,2011-01-07,2011-03-10,42,30.0518,30.0304,-0.000710629,-0.00111026,0.000228175,-0.00133844,time,-0.040509,2,0.0111135,-0.012452
g_bonds,UP100/63|H42|long,ULONGsyn,test,2013-07-08,2013-07-09,2013-09-06,42,37.3005,35.9918,-0.0350848,-0.0354707,6.23016e-05,-0.035533,time,-0.0416089,2,0.0148496,-0.0503826
g_bonds,UP100/63|H42|long,ULONGsyn,test,2022-04-12,2022-04-13,2022-06-14,42,53.1191,47.105,-0.113219,-0.113574,0.00170516,-0.115279,time,-0.113219,2,-0.00791564,-0.107363
g_bonds,UP100/63|H42|long,ULONGsyn,test,2022-10-13,2022-10-14,2022-12-15,42,43.1362,47.5235,0.101709,0.101268,0.00686151,0.0944066,time,-0.0663155,2,-0.0108189,0.105225
g_bonds,UP100/63|H42|long,ULONGsyn,test,2023-10-18,2023-10-19,2023-12-19,42,37.2279,44.674,0.200014,0.199534,0.00878651,0.190747,time,0,2,-0.0181536,0.208901
g_bonds,UP100/63|H42|long,TLT,test_exec,2009-06-08,2009-06-09,2009-08-06,42,54.0554,55.0511,0.0184206,0.0180133,0.000306349,0.0177069,time,-0.0221758,2,0.0194003,-0.00169338
g_bonds,UP100/63|H42|long,TLT,test_exec,2011-01-06,2011-01-07,2011-03-09,42,58.4214,58.1991,-0.00380481,-0.00420321,0.000230556,-0.00443377,time,-0.0328868,2,0.0107706,-0.0152043
g_bonds,UP100/63|H42|long,TLT,test_exec,2013-07-08,2013-07-09,2013-09-05,42,74.1254,71.0766,-0.0411297,-0.0415132,6.30952e-05,-0.0415763,time,-0.0474775,2,0.014563,-0.0561393
g_bonds,UP100/63|H42|long,TLT,test_exec,2022-04-12,2022-04-13,2022-06-13,42,104.1,93.5534,-0.101308,-0.101668,0.00166429,-0.103332,time,-0.101308,2,-0.00841763,-0.0949145
g_bonds,UP100/63|H42|long,TLT,test_exec,2022-10-13,2022-10-14,2022-12-13,42,85.7635,92.6391,0.0801691,0.0797371,0.00683333,0.0729038,time,-0.0777521,2,-0.0102018,0.0831056
g_bonds,UP100/63|H42|long,TLT,test_exec,2023-10-18,2023-10-19,2023-12-18,42,74.1075,87.7567,0.184182,0.183709,0.00879048,0.174918,time,-0.0132332,2,-0.0173019,0.19222
g_bonds,UP100/63|H42|long,ULONGsyn,full,1970-05-26,1970-05-27,1970-07-27,42,0.994897,1.08475,0.090317,0.089881,0.0109972,0.0788837,time,0,2,-0.00569275,0.0845765
g_bonds,UP100/63|H42|long,ULONGsyn,full,1971-06-16,1971-06-17,1971-08-17,42,1.18872,1.25959,0.059615,0.0591912,0.00874603,0.0504452,time,0,2,-0.00794673,0.0583919
g_bonds,UP100/63|H42|long,ULONGsyn,full,1979-10-10,1979-10-11,1979-12-13,42,1.59925,1.55799,-0.0258022,-0.0261918,0.0199333,-0.0461251,time,-0.0616553,2,-0.00479437,-0.0413307
g_bonds,UP100/63|H42|long,ULONGsyn,full,1980-08-20,1980-08-21,1980-10-22,42,1.5453,1.49856,-0.0302475,-0.0306353,0.0176532,-0.0482885,time,-0.0519084,2,-0.00749239,-0.0407961
g_bonds,UP100/63|H42|long,ULONGsyn,full,1981-08-24,1981-08-25,1981-10-26,42,1.34784,1.32792,-0.0147779,-0.0151719,0.0239401,-0.039112,time,-0.0247368,2,-0.00537997,-0.0337321
g_bonds,UP100/63|H42|long,ULONGsyn,full,1982-02-10,1982-02-11,1982-04-15,42,1.44566,1.61294,0.115716,0.11527,0.0214083,0.0938613,time,0,2,-0.00249064,0.096352
g_bonds,UP100/63|H42|long,ULONGsyn,full,1983-07-13,1983-07-14,1983-09-13,42,2.17052,2.17081,0.000132247,-0.000267726,0.0154087,-0.0156765,time,-0.0538918,2,0.0144408,-0.0301173
g_bonds,UP100/63|H42|long,ULONGsyn,full,1984-04-17,1984-04-18,1984-06-19,42,2.13121,2.08841,-0.0200829,-0.0204748,0.0163679,-0.0368427,time,-0.0710228,2,0.0176422,-0.0544848
g_bonds,UP100/63|H42|long,ULONGsyn,full,1987-04-14,1987-04-15,1987-06-16,42,4.27592,4.26722,-0.00203626,-0.00243536,0.00939762,-0.011833,time,-0.0689999,2,0.016052,-0.0278849
g_bonds,UP100/63|H42|long,ULONGsyn,full,1988-05-24,1988-05-25,1988-07-26,42,4.24816,4.36591,0.0277183,0.0273072,0.0109139,0.0163934,time,-0.00149451,2,0.0101866,0.0062068
g_bonds,UP100/63|H42|long,ULONGsyn,full,1994-03-31,1994-04-04,1994-06-03,42,8.28445,8.55585,0.0327597,0.0323466,0.00657579,0.0257708,time,-0.0167058,2,0.00939704,0.0163738
g_bonds,UP100/63|H42|long,ULONGsyn,full,1996-04-19,1996-04-22,1996-06-20,42,10.3964,10.0349,-0.0347705,-0.0351565,0.00839643,-0.0435529,time,-0.0434582,2,0.00726156,-0.0508145
g_bonds,UP100/63|H42|long,ULONGsyn,full,2003-08-14,2003-08-15,2003-10-16,42,18.5227,19.1274,0.0326467,0.0322337,0.00155952,0.0306742,time,0,2,0.00843917,0.022235
g_bonds,UP100/63|H42|long,ULONGsyn,full,2004-06-08,2004-06-09,2004-08-10,42,19.4265,20.6751,0.0642687,0.063843,0.00224087,0.0616022,time,-0.00649259,2,0.00682792,0.0547742
g_bonds,UP100/63|H42|long,ULONGsyn,full,2009-06-08,2009-06-09,2009-08-07,42,27.5507,27.8525,0.0109549,0.0105506,0.000305952,0.0102447,time,-0.0189331,2,0.018434,-0.00818935
g_bonds,UP100/63|H42|long,ULONGsyn,full,2011-01-06,2011-01-07,2011-03-10,42,30.0518,30.0304,-0.000710629,-0.00111026,0.000228175,-0.00133844,time,-0.040509,2,0.0110893,-0.0124278
g_bonds,UP100/63|H42|long,ULONGsyn,full,2013-07-08,2013-07-09,2013-09-06,42,37.3005,35.9918,-0.0350848,-0.0354707,6.23016e-05,-0.035533,time,-0.0416089,2,0.0148496,-0.0503826
g_bonds,UP100/63|H42|long,ULONGsyn,full,2022-04-12,2022-04-13,2022-06-14,42,53.1191,47.105,-0.113219,-0.113574,0.00170516,-0.115279,time,-0.113219,2,-0.00791564,-0.107363
g_bonds,UP100/63|H42|long,ULONGsyn,full,2022-10-13,2022-10-14,2022-12-15,42,43.1362,47.5235,0.101709,0.101268,0.00686151,0.0944066,time,-0.0663155,2,-0.0108189,0.105225
g_bonds,UP100/63|H42|long,ULONGsyn,full,2023-10-18,2023-10-19,2023-12-19,42,37.2279,44.674,0.200014,0.199534,0.00878651,0.190747,time,0,2,-0.0181536,0.208901
g_bonds,UP100/63|H63|10y,UST10syn,design,1970-05-26,1970-05-27,1970-08-25,63,1.1285,1.19494,0.0588743,0.0584508,0.0163556,0.0420952,time,0,2,-0.00370294,0.0457982
g_bonds,UP100/63|H63|10y,UST10syn,design,1971-06-16,1971-06-17,1971-09-16,63,1.33031,1.40632,0.0571309,0.0567082,0.0126198,0.0440883,time,-0.0118286,2,-0.0050634,0.0491517
g_bonds,UP100/63|H63|10y,UST10syn,design,1979-10-10,1979-10-11,1980-01-15,63,1.96402,1.95978,-0.00215839,-0.00255745,0.0299044,-0.0324618,time,-0.0471889,2,-0.00499546,-0.0274664
g_bonds,UP100/63|H63|10y,UST10syn,design,1980-08-20,1980-08-21,1980-11-24,63,2.01006,1.90477,-0.0523834,-0.0527623,0.028631,-0.0813933,time,-0.0725523,2,-0.00707105,-0.0743222
g_bonds,UP100/63|H63|10y,UST10syn,design,1981-08-24,1981-08-25,1981-11-27,63,1.83453,2.16417,0.179684,0.179212,0.0333619,0.145851,time,-0.009431,2,-0.00407049,0.149921
g_bonds,UP100/63|H63|10y,UST10syn,design,1982-02-10,1982-02-11,1982-05-14,63,2.02476,2.23693,0.104787,0.104346,0.031775,0.0725707,time,0,2,-0.000278012,0.0728487
g_bonds,UP100/63|H63|10y,UST10syn,design,1983-07-13,1983-07-14,1983-10-13,63,2.8761,2.91372,0.0130807,0.0126756,0.0227599,-0.0100843,time,-0.0387542,2,0.0168326,-0.0269169
g_bonds,UP100/63|H63|10y,UST10syn,design,1984-04-17,1984-04-18,1984-07-19,63,2.91756,2.92683,0.00317918,0.00277799,0.0246619,-0.0218839,time,-0.0535132,2,0.0211902,-0.0430741
g_bonds,UP100/63|H63|10y,UST10syn,design,1987-04-14,1987-04-15,1987-07-16,63,5.16684,5.16681,-4.37436e-06,-0.000404293,0.0141139,-0.0145182,time,-0.0455367,2,0.0178896,-0.0324078
g_bonds,UP100/63|H63|10y,UST10syn,design,1988-05-24,1988-05-25,1988-08-24,63,5.28693,5.35824,0.0134886,0.0130833,0.0167425,-0.00365915,time,-0.00207053,2,0.0111971,-0.0148563
g_bonds,UP100/63|H63|10y,UST10syn,design,1994-03-31,1994-04-04,1994-07-05,63,9.45699,9.52295,0.00697468,0.00657197,0.0100278,-0.00345581,time,-0.0164358,2,0.0106783,-0.0141341
g_bonds,UP100/63|H63|10y,UST10syn,design,1996-04-19,1996-04-22,1996-07-22,63,11.3921,11.287,-0.00922406,-0.00962029,0.0126679,-0.0222881,time,-0.0297778,2,0.00477225,-0.0270604
g_bonds,UP100/63|H63|10y,UST10syn,design,2003-08-14,2003-08-15,2003-11-17,63,19.5132,20.3185,0.041266,0.0408496,0.00233889,0.0385107,time,-0.00264733,2,0.00845695,0.0300537
g_bonds,UP100/63|H63|10y,UST10syn,design,2004-06-08,2004-06-09,2004-09-09,63,19.7597,20.956,0.0605433,0.0601191,0.00350754,0.0566116,time,-0.00482772,2,0.00595376,0.0506578
g_bonds,UP100/63|H63|10y,UST10syn,test,2009-06-08,2009-06-09,2009-09-08,63,26.1659,27.254,0.0415847,0.0411681,0.00044127,0.0407269,time,-0.00971434,2,0.0171835,0.0235434
g_bonds,UP100/63|H63|10y,UST10syn,test,2011-01-06,2011-01-07,2011-04-08,63,28.7205,28.3602,-0.0125458,-0.0129407,0.000296825,-0.0132376,time,-0.0308694,2,0.00994143,-0.023179
g_bonds,UP100/63|H63|10y,UST10syn,test,2013-07-08,2013-07-09,2013-10-07,63,32.1136,32.3196,0.00641312,0.00601063,7.69841e-05,0.00593365,time,-0.024241,2,0.00990161,-0.00396796
g_bonds,UP100/63|H63|10y,UST10syn,test,2022-04-12,2022-04-13,2022-07-15,63,38.0133,37.5223,-0.0129171,-0.0133119,0.00323651,-0.0165484,time,-0.0610358,2,-0.00665975,-0.00988865
g_bonds,UP100/63|H63|10y,UST10syn,test,2022-10-13,2022-10-14,2023-01-18,63,34.5542,36.7503,0.0635566,0.0631312,0.0105278,0.0526034,time,-0.0190454,2,-0.00763057,0.060234
g_bonds,UP100/63|H63|10y,UST10syn,test,2023-10-18,2023-10-19,2024-01-22,63,33.1574,35.92,0.0833183,0.0828851,0.0131464,0.0697386,time,0,2,-0.0140021,0.0837407
g_bonds,UP100/63|H63|10y,IEF,test_exec,2009-06-08,2009-06-09,2009-09-04,63,59.1098,61.398,0.0387105,0.0382951,0.000443254,0.0378518,time,-0.00621121,2,0.0183502,0.0195016
g_bonds,UP100/63|H63|10y,IEF,test_exec,2011-01-06,2011-01-07,2011-04-07,63,65.8649,65.6561,-0.00316893,-0.00356758,0.000300794,-0.00386838,time,-0.0206984,2,0.011916,-0.0157844
g_bonds,UP100/63|H63|10y,IEF,test_exec,2013-07-08,2013-07-09,2013-10-04,63,75.4024,76.0929,0.0091571,0.00875352,7.7381e-05,0.00867614,time,-0.0236453,2,0.0108491,-0.00217293
g_bonds,UP100/63|H63|10y,IEF,test_exec,2022-04-12,2022-04-13,2022-07-14,63,90.3697,88.958,-0.0156206,-0.0160142,0.0031754,-0.0191896,time,-0.057906,2,-0.0061169,-0.0130727
g_bonds,UP100/63|H63|10y,IEF,test_exec,2022-10-13,2022-10-14,2023-01-13,63,83.2621,86.9957,0.0448418,0.044424,0.0104738,0.0339502,time,-0.0250731,2,-0.00657106,0.0405212
g_bonds,UP100/63|H63|10y,IEF,test_exec,2023-10-18,2023-10-19,2024-01-19,63,80.0049,85.93,0.0740588,0.0736292,0.0131508,0.0604785,time,-0.00213151,2,-0.0123938,0.0728723
g_bonds,UP100/63|H63|10y,UST10syn,full,1970-05-26,1970-05-27,1970-08-25,63,1.1285,1.19494,0.0588743,0.0584508,0.0163556,0.0420952,time,0,2,-0.00370294,0.0457982
g_bonds,UP100/63|H63|10y,UST10syn,full,1971-06-16,1971-06-17,1971-09-16,63,1.33031,1.40632,0.0571309,0.0567082,0.0126198,0.0440883,time,-0.0118286,2,-0.0050634,0.0491517
g_bonds,UP100/63|H63|10y,UST10syn,full,1979-10-10,1979-10-11,1980-01-15,63,1.96402,1.95978,-0.00215839,-0.00255745,0.0299044,-0.0324618,time,-0.0471889,2,-0.00499546,-0.0274664
g_bonds,UP100/63|H63|10y,UST10syn,full,1980-08-20,1980-08-21,1980-11-24,63,2.01006,1.90477,-0.0523834,-0.0527623,0.028631,-0.0813933,time,-0.0725523,2,-0.00707105,-0.0743222
g_bonds,UP100/63|H63|10y,UST10syn,full,1981-08-24,1981-08-25,1981-11-27,63,1.83453,2.16417,0.179684,0.179212,0.0333619,0.145851,time,-0.009431,2,-0.00407049,0.149921
g_bonds,UP100/63|H63|10y,UST10syn,full,1982-02-10,1982-02-11,1982-05-14,63,2.02476,2.23693,0.104787,0.104346,0.031775,0.0725707,time,0,2,-0.000278012,0.0728487
g_bonds,UP100/63|H63|10y,UST10syn,full,1983-07-13,1983-07-14,1983-10-13,63,2.8761,2.91372,0.0130807,0.0126756,0.0227599,-0.0100843,time,-0.0387542,2,0.0168326,-0.0269169
g_bonds,UP100/63|H63|10y,UST10syn,full,1984-04-17,1984-04-18,1984-07-19,63,2.91756,2.92683,0.00317918,0.00277799,0.0246619,-0.0218839,time,-0.0535132,2,0.0211902,-0.0430741
g_bonds,UP100/63|H63|10y,UST10syn,full,1987-04-14,1987-04-15,1987-07-16,63,5.16684,5.16681,-4.37436e-06,-0.000404293,0.0141139,-0.0145182,time,-0.0455367,2,0.0178896,-0.0324078
g_bonds,UP100/63|H63|10y,UST10syn,full,1988-05-24,1988-05-25,1988-08-24,63,5.28693,5.35824,0.0134886,0.0130833,0.0167425,-0.00365915,time,-0.00207053,2,0.0111971,-0.0148563
g_bonds,UP100/63|H63|10y,UST10syn,full,1994-03-31,1994-04-04,1994-07-05,63,9.45699,9.52295,0.00697468,0.00657197,0.0100278,-0.00345581,time,-0.0164358,2,0.0106783,-0.0141341
g_bonds,UP100/63|H63|10y,UST10syn,full,1996-04-19,1996-04-22,1996-07-22,63,11.3921,11.287,-0.00922406,-0.00962029,0.0126679,-0.0222881,time,-0.0297778,2,0.00477225,-0.0270604
g_bonds,UP100/63|H63|10y,UST10syn,full,2003-08-14,2003-08-15,2003-11-17,63,19.5132,20.3185,0.041266,0.0408496,0.00233889,0.0385107,time,-0.00264733,2,0.00845695,0.0300537
g_bonds,UP100/63|H63|10y,UST10syn,full,2004-06-08,2004-06-09,2004-09-09,63,19.7597,20.956,0.0605433,0.0601191,0.00350754,0.0566116,time,-0.00482772,2,0.00595376,0.0506578
g_bonds,UP100/63|H63|10y,UST10syn,full,2009-06-08,2009-06-09,2009-09-08,63,26.1659,27.254,0.0415847,0.0411681,0.00044127,0.0407269,time,-0.00971434,2,0.0174603,0.0232666
g_bonds,UP100/63|H63|10y,UST10syn,full,2011-01-06,2011-01-07,2011-04-08,63,28.7205,28.3602,-0.0125458,-0.0129407,0.000296825,-0.0132376,time,-0.0308694,2,0.00995364,-0.0231912
g_bonds,UP100/63|H63|10y,UST10syn,full,2013-07-08,2013-07-09,2013-10-07,63,32.1136,32.3196,0.00641312,0.00601063,7.69841e-05,0.00593365,time,-0.024241,2,0.00990161,-0.00396796
g_bonds,UP100/63|H63|10y,UST10syn,full,2022-04-12,2022-04-13,2022-07-15,63,38.0133,37.5223,-0.0129171,-0.0133119,0.00323651,-0.0165484,time,-0.0610358,2,-0.00665975,-0.00988865
g_bonds,UP100/63|H63|10y,UST10syn,full,2022-10-13,2022-10-14,2023-01-18,63,34.5542,36.7503,0.0635566,0.0631312,0.0105278,0.0526034,time,-0.0190454,2,-0.00763057,0.060234
g_bonds,UP100/63|H63|10y,UST10syn,full,2023-10-18,2023-10-19,2024-01-22,63,33.1574,35.92,0.0833183,0.0828851,0.0131464,0.0697386,time,0,2,-0.0140021,0.0837407
g_bonds,UP100/63|H63|long,ULONGsyn,design,1970-05-26,1970-05-27,1970-08-25,63,0.994897,1.07217,0.07767,0.0772391,0.0163556,0.0608835,time,0,2,-0.00867764,0.0695612
g_bonds,UP100/63|H63|long,ULONGsyn,design,1971-06-16,1971-06-17,1971-09-16,63,1.18872,1.26875,0.0673242,0.0668973,0.0126198,0.0542775,time,0,2,-0.0121742,0.0664516
g_bonds,UP100/63|H63|long,ULONGsyn,design,1979-10-10,1979-10-11,1980-01-15,63,1.59925,1.54797,-0.0320668,-0.0324539,0.0299044,-0.0623583,time,-0.0616553,2,-0.00751848,-0.0548398
g_bonds,UP100/63|H63|long,ULONGsyn,design,1980-08-20,1980-08-21,1980-11-24,63,1.5453,1.44697,-0.0636344,-0.0640088,0.028631,-0.0926398,time,-0.0965181,2,-0.0109797,-0.0816601
g_bonds,UP100/63|H63|long,ULONGsyn,design,1981-08-24,1981-08-25,1981-11-27,63,1.34784,1.59651,0.184498,0.184024,0.0333619,0.150662,time,-0.0247368,2,-0.00686302,0.157525
g_bonds,UP100/63|H63|long,ULONGsyn,design,1982-02-10,1982-02-11,1982-05-14,63,1.44566,1.64809,0.140032,0.139576,0.031775,0.107801,time,0,2,-0.00265287,0.110454
g_bonds,UP100/63|H63|long,ULONGsyn,design,1983-07-13,1983-07-14,1983-10-13,63,2.17052,2.17691,0.00294551,0.00254442,0.0227599,-0.0202155,time,-0.0538918,2,0.0228745,-0.04309
g_bonds,UP100/63|H63|long,ULONGsyn,design,1984-04-17,1984-04-18,1984-07-19,63,2.13121,2.13982,0.00404046,0.00363893,0.0246619,-0.021023,time,-0.0710228,2,0.0268659,-0.0478889
g_bonds,UP100/63|H63|long,ULONGsyn,design,1987-04-14,1987-04-15,1987-07-16,63,4.27592,4.24164,-0.00801871,-0.00841542,0.0141139,-0.0225293,time,-0.0689999,2,0.0251889,-0.0477182
g_bonds,UP100/63|H63|long,ULONGsyn,design,1988-05-24,1988-05-25,1988-08-24,63,4.24816,4.30618,0.0136568,0.0132514,0.0167425,-0.00349104,time,-0.00149451,2,0.0163006,-0.0197916
g_bonds,UP100/63|H63|long,ULONGsyn,design,1994-03-31,1994-04-04,1994-07-05,63,8.28445,8.26802,-0.00198373,-0.00238286,0.0100278,-0.0124106,time,-0.0167058,2,0.0152421,-0.0276528
g_bonds,UP100/63|H63|long,ULONGsyn,design,1996-04-19,1996-04-22,1996-07-22,63,10.3964,10.2343,-0.0155957,-0.0159894,0.0126679,-0.0286572,time,-0.0434582,2,0.0108402,-0.0394975
g_bonds,UP100/63|H63|long,ULONGsyn,design,2003-08-14,2003-08-15,2003-11-17,63,18.5227,19.9165,0.0752495,0.0748195,0.00233889,0.0724806,time,0,2,0.0130152,0.0594654
g_bonds,UP100/63|H63|long,ULONGsyn,design,2004-06-08,2004-06-09,2004-09-09,63,19.4265,21.0793,0.0850791,0.0846452,0.00350754,0.0811376,time,-0.00649259,2,0.0104797,0.070658
g_bonds,UP100/63|H63|long,ULONGsyn,test,2009-06-08,2009-06-09,2009-09-08,63,27.5507,29.3604,0.0656868,0.0652606,0.00044127,0.0648193,time,-0.0189331,2,0.0299605,0.0348588
g_bonds,UP100/63|H63|long,ULONGsyn,test,2011-01-06,2011-01-07,2011-04-08,63,30.0518,29.65,-0.0133701,-0.0137647,0.000296825,-0.0140615,time,-0.040509,2,0.0169363,-0.0309978
g_bonds,UP100/63|H63|long,ULONGsyn,test,2013-07-08,2013-07-09,2013-10-07,63,37.3005,37.214,-0.00231925,-0.00271824,7.69841e-05,-0.00279523,time,-0.0416089,2,0.0218327,-0.0246279
g_bonds,UP100/63|H63|long,ULONGsyn,test,2022-04-12,2022-04-13,2022-07-15,63,53.1191,50.4563,-0.0501287,-0.0505085,0.00323651,-0.053745,time,-0.113219,2,-0.012592,-0.041153
g_bonds,UP100/63|H63|long,ULONGsyn,test,2022-10-13,2022-10-14,2023-01-18,63,43.1362,47.1363,0.0927324,0.0922954,0.0105278,0.0817676,time,-0.0663155,2,-0.0160897,0.0978574
g_bonds,UP100/63|H63|long,ULONGsyn,test,2023-10-18,2023-10-19,2024-01-22,63,37.2279,42.6779,0.146396,0.145937,0.0131464,0.132791,time,0,2,-0.0267822,0.159573
g_bonds,UP100/63|H63|long,TLT,test_exec,2009-06-08,2009-06-09,2009-09-04,63,54.0554,57.6234,0.066006,0.0655797,0.000443254,0.0651364,time,-0.0221758,2,0.0287442,0.0363922
g_bonds,UP100/63|H63|long,TLT,test_exec,2011-01-06,2011-01-07,2011-04-07,63,58.4214,58.3214,-0.00171161,-0.00211085,0.000300794,-0.00241164,time,-0.0328868,2,0.0163596,-0.0187713
g_bonds,UP100/63|H63|long,TLT,test_exec,2013-07-08,2013-07-09,2013-10-04,63,74.1254,73.4659,-0.00889663,-0.00929299,7.7381e-05,-0.00937037,time,-0.0474775,2,0.0216271,-0.0309974
g_bonds,UP100/63|H63|long,TLT,test_exec,2022-04-12,2022-04-13,2022-07-14,63,104.1,98.2384,-0.0563032,-0.0566806,0.0031754,-0.059856,time,-0.112644,2,-0.0131189,-0.0467371
g_bonds,UP100/63|H63|long,TLT,test_exec,2022-10-13,2022-10-14,2023-01-13,63,85.7635,92.0441,0.0732312,0.072802,0.0104738,0.0623281,time,-0.0777521,2,-0.0153251,0.0776532
g_bonds,UP100/63|H63|long,TLT,test_exec,2023-10-18,2023-10-19,2024-01-19,63,74.1075,83.947,0.132775,0.132322,0.0131508,0.119171,time,-0.0132332,2,-0.0257479,0.144919
g_bonds,UP100/63|H63|long,ULONGsyn,full,1970-05-26,1970-05-27,1970-08-25,63,0.994897,1.07217,0.07767,0.0772391,0.0163556,0.0608835,time,0,2,-0.00867764,0.0695612
g_bonds,UP100/63|H63|long,ULONGsyn,full,1971-06-16,1971-06-17,1971-09-16,63,1.18872,1.26875,0.0673242,0.0668973,0.0126198,0.0542775,time,0,2,-0.0121742,0.0664516
g_bonds,UP100/63|H63|long,ULONGsyn,full,1979-10-10,1979-10-11,1980-01-15,63,1.59925,1.54797,-0.0320668,-0.0324539,0.0299044,-0.0623583,time,-0.0616553,2,-0.00751848,-0.0548398
g_bonds,UP100/63|H63|long,ULONGsyn,full,1980-08-20,1980-08-21,1980-11-24,63,1.5453,1.44697,-0.0636344,-0.0640088,0.028631,-0.0926398,time,-0.0965181,2,-0.0109797,-0.0816601
g_bonds,UP100/63|H63|long,ULONGsyn,full,1981-08-24,1981-08-25,1981-11-27,63,1.34784,1.59651,0.184498,0.184024,0.0333619,0.150662,time,-0.0247368,2,-0.00686302,0.157525
g_bonds,UP100/63|H63|long,ULONGsyn,full,1982-02-10,1982-02-11,1982-05-14,63,1.44566,1.64809,0.140032,0.139576,0.031775,0.107801,time,0,2,-0.00265287,0.110454
g_bonds,UP100/63|H63|long,ULONGsyn,full,1983-07-13,1983-07-14,1983-10-13,63,2.17052,2.17691,0.00294551,0.00254442,0.0227599,-0.0202155,time,-0.0538918,2,0.0228745,-0.04309
g_bonds,UP100/63|H63|long,ULONGsyn,full,1984-04-17,1984-04-18,1984-07-19,63,2.13121,2.13982,0.00404046,0.00363893,0.0246619,-0.021023,time,-0.0710228,2,0.0268659,-0.0478889
g_bonds,UP100/63|H63|long,ULONGsyn,full,1987-04-14,1987-04-15,1987-07-16,63,4.27592,4.24164,-0.00801871,-0.00841542,0.0141139,-0.0225293,time,-0.0689999,2,0.0251889,-0.0477182
g_bonds,UP100/63|H63|long,ULONGsyn,full,1988-05-24,1988-05-25,1988-08-24,63,4.24816,4.30618,0.0136568,0.0132514,0.0167425,-0.00349104,time,-0.00149451,2,0.0163006,-0.0197916
g_bonds,UP100/63|H63|long,ULONGsyn,full,1994-03-31,1994-04-04,1994-07-05,63,8.28445,8.26802,-0.00198373,-0.00238286,0.0100278,-0.0124106,time,-0.0167058,2,0.0152421,-0.0276528
g_bonds,UP100/63|H63|long,ULONGsyn,full,1996-04-19,1996-04-22,1996-07-22,63,10.3964,10.2343,-0.0155957,-0.0159894,0.0126679,-0.0286572,time,-0.0434582,2,0.0108402,-0.0394975
g_bonds,UP100/63|H63|long,ULONGsyn,full,2003-08-14,2003-08-15,2003-11-17,63,18.5227,19.9165,0.0752495,0.0748195,0.00233889,0.0724806,time,0,2,0.0130152,0.0594654
g_bonds,UP100/63|H63|long,ULONGsyn,full,2004-06-08,2004-06-09,2004-09-09,63,19.4265,21.0793,0.0850791,0.0846452,0.00350754,0.0811376,time,-0.00649259,2,0.0104797,0.070658
g_bonds,UP100/63|H63|long,ULONGsyn,full,2009-06-08,2009-06-09,2009-09-08,63,27.5507,29.3604,0.0656868,0.0652606,0.00044127,0.0648193,time,-0.0189331,2,0.0270437,0.0377756
g_bonds,UP100/63|H63|long,ULONGsyn,full,2011-01-06,2011-01-07,2011-04-08,63,30.0518,29.65,-0.0133701,-0.0137647,0.000296825,-0.0140615,time,-0.040509,2,0.0169225,-0.030984
g_bonds,UP100/63|H63|long,ULONGsyn,full,2013-07-08,2013-07-09,2013-10-07,63,37.3005,37.214,-0.00231925,-0.00271824,7.69841e-05,-0.00279523,time,-0.0416089,2,0.0218327,-0.0246279
g_bonds,UP100/63|H63|long,ULONGsyn,full,2022-04-12,2022-04-13,2022-07-15,63,53.1191,50.4563,-0.0501287,-0.0505085,0.00323651,-0.053745,time,-0.113219,2,-0.012592,-0.041153
g_bonds,UP100/63|H63|long,ULONGsyn,full,2022-10-13,2022-10-14,2023-01-18,63,43.1362,47.1363,0.0927324,0.0922954,0.0105278,0.0817676,time,-0.0663155,2,-0.0160897,0.0978574
g_bonds,UP100/63|H63|long,ULONGsyn,full,2023-10-18,2023-10-19,2024-01-22,63,37.2279,42.6779,0.146396,0.145937,0.0131464,0.132791,time,0,2,-0.0267822,0.159573
g_bonds,UP100/63|H84|10y,UST10syn,design,1970-05-26,1970-05-27,1970-09-24,84,1.1285,1.21917,0.0803477,0.0799157,0.0215325,0.0583832,time,0,2,-0.00453797,0.0629211
g_bonds,UP100/63|H84|10y,UST10syn,design,1971-06-16,1971-06-17,1971-10-18,84,1.33031,1.43382,0.0778021,0.0773711,0.0164516,0.0609195,time,-0.0118286,2,-0.00666974,0.0675893
g_bonds,UP100/63|H84|10y,UST10syn,design,1979-10-10,1979-10-11,1980-02-14,84,1.96402,1.82949,-0.0684971,-0.0688697,0.0399964,-0.108866,time,-0.0715263,2,-0.00682625,-0.10204
g_bonds,UP100/63|H84|10y,UST10syn,design,1980-08-20,1980-08-21,1980-12-24,84,2.01006,1.96105,-0.0243835,-0.0247736,0.0415937,-0.0663673,time,-0.0881168,2,-0.0093634,-0.0570039
g_bonds,UP100/63|H84|10y,UST10syn,design,1981-08-24,1981-08-25,1981-12-29,84,1.83453,2.05227,0.118686,0.118238,0.0423516,0.0758867,time,-0.009431,2,-0.00449975,0.0803865
g_bonds,UP100/63|H84|10y,UST10syn,design,1982-02-10,1982-02-11,1982-06-15,84,2.02476,2.17763,0.0754978,0.0750677,0.0417179,0.0333498,time,0,2,0.00113573,0.0322141
g_bonds,UP100/63|H84|10y,UST10syn,design,1983-07-13,1983-07-14,1983-11-15,84,2.8761,2.9359,0.0207924,0.0203842,0.0299615,-0.00957734,time,-0.0387542,2,0.0237724,-0.0333498
g_bonds,UP100/63|H84|10y,UST10syn,design,1984-04-17,1984-04-18,1984-08-17,84,2.91756,3.04773,0.0446174,0.0441996,0.0332897,0.0109099,time,-0.0535132,2,0.029145,-0.0182351
g_bonds,UP100/63|H84|10y,UST10syn,design,1987-04-14,1987-04-15,1987-08-14,84,5.16684,5.14361,-0.00449583,-0.00489395,0.0189802,-0.0238741,time,-0.0455367,2,0.0243103,-0.0481844
g_bonds,UP100/63|H84|10y,UST10syn,design,1988-05-24,1988-05-25,1988-09-23,84,5.28693,5.52852,0.045696,0.0452778,0.022775,0.0225028,time,-0.00207053,2,0.0156683,0.00683456
g_bonds,UP100/63|H84|10y,UST10syn,design,1994-03-31,1994-04-04,1994-08-03,84,9.45699,9.72683,0.0285337,0.0281224,0.0136444,0.0144779,time,-0.0164358,2,0.0151349,-0.000656962
g_bonds,UP100/63|H84|10y,UST10syn,design,1996-04-19,1996-04-22,1996-08-20,84,11.3921,11.5519,0.0140337,0.0136281,0.016906,-0.00327783,time,-0.0297778,2,0.00629734,-0.00957516
g_bonds,UP100/63|H84|10y,UST10syn,design,2003-08-14,2003-08-15,2003-12-17,84,19.5132,20.3715,0.0439825,0.0435649,0.00309921,0.0404657,time,-0.00264733,2,0.011493,0.0289727
g_bonds,UP100/63|H84|10y,UST10syn,design,2004-06-08,2004-06-09,2004-10-08,84,19.7597,21.1428,0.0699993,0.0695714,0.00490278,0.0646686,time,-0.00482772,2,0.00774192,0.0569267
g_bonds,UP100/63|H84|10y,UST10syn,test,2009-06-08,2009-06-09,2009-10-07,84,26.1659,27.9312,0.0674661,0.0670392,0.00053373,0.0665055,time,-0.00971434,2,0.0230118,0.0434937
g_bonds,UP100/63|H84|10y,UST10syn,test,2011-01-06,2011-01-07,2011-05-10,84,28.7205,29.3175,0.0207851,0.0203768,0.000338095,0.0200387,time,-0.0308694,2,0.013618,0.00642077
g_bonds,UP100/63|H84|10y,UST10syn,test,2013-07-08,2013-07-09,2013-11-06,84,32.1136,32.3308,0.00676453,0.00636191,0.000120635,0.00624127,time,-0.024241,2,0.0126795,-0.00643823
g_bonds,UP100/63|H84|10y,UST10syn,test,2022-04-12,2022-04-13,2022-08-15,84,38.0133,38.0623,0.00128685,0.000886412,0.00529683,-0.00441041,time,-0.0610358,2,-0.00901899,0.00460858
g_bonds,UP100/63|H84|10y,UST10syn,test,2022-10-13,2022-10-14,2023-02-16,84,34.5542,35.3767,0.0238025,0.023393,0.0143587,0.00903428,time,-0.0190454,2,-0.0102092,0.0192435
g_bonds,UP100/63|H84|10y,UST10syn,test,2023-10-18,2023-10-19,2024-02-21,84,33.1574,35.4302,0.0685457,0.0681183,0.0175016,0.0506168,time,0,2,-0.0183481,0.0689648
g_bonds,UP100/63|H84|10y,IEF,test_exec,2009-06-08,2009-06-09,2009-10-06,84,59.1098,62.4173,0.0559539,0.0555316,0.000537698,0.0549939,time,-0.00621121,2,0.0246183,0.0303756
g_bonds,UP100/63|H84|10y,IEF,test_exec,2011-01-06,2011-01-07,2011-05-09,84,65.8649,67.9918,0.0322925,0.0318797,0.00034246,0.0315372,time,-0.0206984,2,0.0162621,0.0152751
g_bonds,UP100/63|H84|10y,IEF,test_exec,2013-07-08,2013-07-09,2013-11-04,84,75.4024,76.5569,0.0153107,0.0149047,0.000121429,0.0147832,time,-0.0236453,2,0.0141418,0.000641422
g_bonds,UP100/63|H84|10y,IEF,test_exec,2022-04-12,2022-04-13,2022-08-12,84,90.3697,90.2105,-0.00176146,-0.00216068,0.00522222,-0.0073829,time,-0.057906,2,-0.00830504,0.000922139
g_bonds,UP100/63|H84|10y,IEF,test_exec,2022-10-13,2022-10-14,2023-02-14,84,83.2621,85.2092,0.023385,0.0229757,0.0142944,0.00868123,time,-0.0250731,2,-0.00889504,0.0175763
g_bonds,UP100/63|H84|10y,IEF,test_exec,2023-10-18,2023-10-19,2024-02-20,84,80.0049,85.1971,0.0648989,0.064473,0.0175052,0.0469679,time,-0.00213151,2,-0.0162915,0.0632594
g_bonds,UP100/63|H84|10y,UST10syn,full,1970-05-26,1970-05-27,1970-09-24,84,1.1285,1.21917,0.0803477,0.0799157,0.0215325,0.0583832,time,0,2,-0.00453797,0.0629211
g_bonds,UP100/63|H84|10y,UST10syn,full,1971-06-16,1971-06-17,1971-10-18,84,1.33031,1.43382,0.0778021,0.0773711,0.0164516,0.0609195,time,-0.0118286,2,-0.00666974,0.0675893
g_bonds,UP100/63|H84|10y,UST10syn,full,1979-10-10,1979-10-11,1980-02-14,84,1.96402,1.82949,-0.0684971,-0.0688697,0.0399964,-0.108866,time,-0.0715263,2,-0.00682625,-0.10204
g_bonds,UP100/63|H84|10y,UST10syn,full,1980-08-20,1980-08-21,1980-12-24,84,2.01006,1.96105,-0.0243835,-0.0247736,0.0415937,-0.0663673,time,-0.0881168,2,-0.0093634,-0.0570039
g_bonds,UP100/63|H84|10y,UST10syn,full,1981-08-24,1981-08-25,1981-12-29,84,1.83453,2.05227,0.118686,0.118238,0.0423516,0.0758867,time,-0.009431,2,-0.00449975,0.0803865
g_bonds,UP100/63|H84|10y,UST10syn,full,1982-02-10,1982-02-11,1982-06-15,84,2.02476,2.17763,0.0754978,0.0750677,0.0417179,0.0333498,time,0,2,0.00113573,0.0322141
g_bonds,UP100/63|H84|10y,UST10syn,full,1983-07-13,1983-07-14,1983-11-15,84,2.8761,2.9359,0.0207924,0.0203842,0.0299615,-0.00957734,time,-0.0387542,2,0.0237724,-0.0333498
g_bonds,UP100/63|H84|10y,UST10syn,full,1984-04-17,1984-04-18,1984-08-17,84,2.91756,3.04773,0.0446174,0.0441996,0.0332897,0.0109099,time,-0.0535132,2,0.029145,-0.0182351
g_bonds,UP100/63|H84|10y,UST10syn,full,1987-04-14,1987-04-15,1987-08-14,84,5.16684,5.14361,-0.00449583,-0.00489395,0.0189802,-0.0238741,time,-0.0455367,2,0.0243103,-0.0481844
g_bonds,UP100/63|H84|10y,UST10syn,full,1988-05-24,1988-05-25,1988-09-23,84,5.28693,5.52852,0.045696,0.0452778,0.022775,0.0225028,time,-0.00207053,2,0.0156683,0.00683456
g_bonds,UP100/63|H84|10y,UST10syn,full,1994-03-31,1994-04-04,1994-08-03,84,9.45699,9.72683,0.0285337,0.0281224,0.0136444,0.0144779,time,-0.0164358,2,0.0151349,-0.000656962
g_bonds,UP100/63|H84|10y,UST10syn,full,1996-04-19,1996-04-22,1996-08-20,84,11.3921,11.5519,0.0140337,0.0136281,0.016906,-0.00327783,time,-0.0297778,2,0.00629734,-0.00957516
g_bonds,UP100/63|H84|10y,UST10syn,full,2003-08-14,2003-08-15,2003-12-17,84,19.5132,20.3715,0.0439825,0.0435649,0.00309921,0.0404657,time,-0.00264733,2,0.011493,0.0289727
g_bonds,UP100/63|H84|10y,UST10syn,full,2004-06-08,2004-06-09,2004-10-08,84,19.7597,21.1428,0.0699993,0.0695714,0.00490278,0.0646686,time,-0.00482772,2,0.00774192,0.0569267
g_bonds,UP100/63|H84|10y,UST10syn,full,2009-06-08,2009-06-09,2009-10-07,84,26.1659,27.9312,0.0674661,0.0670392,0.00053373,0.0665055,time,-0.00971434,2,0.0230796,0.0434259
g_bonds,UP100/63|H84|10y,UST10syn,full,2011-01-06,2011-01-07,2011-05-10,84,28.7205,29.3175,0.0207851,0.0203768,0.000338095,0.0200387,time,-0.0308694,2,0.0136133,0.00642547
g_bonds,UP100/63|H84|10y,UST10syn,full,2013-07-08,2013-07-09,2013-11-06,84,32.1136,32.3308,0.00676453,0.00636191,0.000120635,0.00624127,time,-0.024241,2,0.0126795,-0.00643823
g_bonds,UP100/63|H84|10y,UST10syn,full,2022-04-12,2022-04-13,2022-08-15,84,38.0133,38.0623,0.00128685,0.000886412,0.00529683,-0.00441041,time,-0.0610358,2,-0.00901899,0.00460858
g_bonds,UP100/63|H84|10y,UST10syn,full,2022-10-13,2022-10-14,2023-02-16,84,34.5542,35.3767,0.0238025,0.023393,0.0143587,0.00903428,time,-0.0190454,2,-0.0102092,0.0192435
g_bonds,UP100/63|H84|10y,UST10syn,full,2023-10-18,2023-10-19,2024-02-21,84,33.1574,35.4302,0.0685457,0.0681183,0.0175016,0.0506168,time,0,2,-0.0183481,0.0689648
g_bonds,UP100/63|H84|long,ULONGsyn,design,1970-05-26,1970-05-27,1970-09-24,84,0.994897,1.10412,0.109783,0.109339,0.0215325,0.087807,time,0,2,-0.0111677,0.0989746
g_bonds,UP100/63|H84|long,ULONGsyn,design,1971-06-16,1971-06-17,1971-10-18,84,1.18872,1.29618,0.0903991,0.089963,0.0164516,0.0735114,time,0,2,-0.0160606,0.089572
g_bonds,UP100/63|H84|long,ULONGsyn,design,1979-10-10,1979-10-11,1980-02-14,84,1.59925,1.37247,-0.141803,-0.142147,0.0399964,-0.182143,time,-0.145417,2,-0.010592,-0.171551
g_bonds,UP100/63|H84|long,ULONGsyn,design,1980-08-20,1980-08-21,1980-12-24,84,1.5453,1.50421,-0.0265938,-0.026983,0.0415937,-0.0685767,time,-0.118233,2,-0.0146974,-0.0538792
g_bonds,UP100/63|H84|long,ULONGsyn,design,1981-08-24,1981-08-25,1981-12-29,84,1.34784,1.48754,0.103645,0.103204,0.0423516,0.060852,time,-0.0247368,2,-0.00826497,0.069117
g_bonds,UP100/63|H84|long,ULONGsyn,design,1982-02-10,1982-02-11,1982-06-15,84,1.44566,1.58515,0.096491,0.0960525,0.0417179,0.0543346,time,0,2,-0.00177288,0.0561075
g_bonds,UP100/63|H84|long,ULONGsyn,design,1983-07-13,1983-07-14,1983-11-15,84,2.17052,2.19458,0.0110846,0.0106803,0.0299615,-0.0192812,time,-0.0538918,2,0.0322604,-0.0515417
g_bonds,UP100/63|H84|long,ULONGsyn,design,1984-04-17,1984-04-18,1984-08-17,84,2.13121,2.27321,0.0666276,0.066201,0.0332897,0.0329113,time,-0.0710228,2,0.036785,-0.00387363
g_bonds,UP100/63|H84|long,ULONGsyn,design,1987-04-14,1987-04-15,1987-08-14,84,4.27592,4.19047,-0.0199846,-0.0203765,0.0189802,-0.0393567,time,-0.0689999,2,0.0340837,-0.0734404
g_bonds,UP100/63|H84|long,ULONGsyn,design,1988-05-24,1988-05-25,1988-09-23,84,4.24816,4.49461,0.0580132,0.0575901,0.022775,0.0348151,time,-0.00149451,2,0.0228423,0.0119728
g_bonds,UP100/63|H84|long,ULONGsyn,design,1994-03-31,1994-04-04,1994-08-03,84,8.28445,8.5372,0.030509,0.0300969,0.0136444,0.0164524,time,-0.0167058,2,0.0217294,-0.00527694
g_bonds,UP100/63|H84|long,ULONGsyn,design,1996-04-19,1996-04-22,1996-08-20,84,10.3964,10.5648,0.016195,0.0157886,0.016906,-0.00111737,time,-0.0434582,2,0.0141607,-0.015278
g_bonds,UP100/63|H84|long,ULONGsyn,design,2003-08-14,2003-08-15,2003-12-17,84,18.5227,20.0305,0.0814035,0.0809711,0.00309921,0.0778718,time,0,2,0.0177761,0.0600958
g_bonds,UP100/63|H84|long,ULONGsyn,design,2004-06-08,2004-06-09,2004-10-08,84,19.4265,21.4551,0.10442,0.103978,0.00490278,0.0990756,time,-0.00649259,2,0.0140217,0.0850539
g_bonds,UP100/63|H84|long,ULONGsyn,test,2009-06-08,2009-06-09,2009-10-07,84,27.5507,31.103,0.128938,0.128487,0.00053373,0.127953,time,-0.0189331,2,0.0398064,0.0881466
g_bonds,UP100/63|H84|long,ULONGsyn,test,2011-01-06,2011-01-07,2011-05-10,84,30.0518,31.2121,0.0386106,0.0381952,0.000338095,0.0378571,time,-0.040509,2,0.0235486,0.0143085
g_bonds,UP100/63|H84|long,ULONGsyn,test,2013-07-08,2013-07-09,2013-11-06,84,37.3005,36.856,-0.0119185,-0.0123136,0.000120635,-0.0124342,time,-0.0416089,2,0.0284401,-0.0408743
g_bonds,UP100/63|H84|long,ULONGsyn,test,2022-04-12,2022-04-13,2022-08-15,84,53.1191,50.5671,-0.0480424,-0.0484231,0.00529683,-0.05372,time,-0.113219,2,-0.0173202,-0.0363997
g_bonds,UP100/63|H84|long,ULONGsyn,test,2022-10-13,2022-10-14,2023-02-16,84,43.1362,44.1428,0.0233343,0.0229251,0.0143587,0.00856637,time,-0.0663155,2,-0.0218161,0.0303824
g_bonds,UP100/63|H84|long,ULONGsyn,test,2023-10-18,2023-10-19,2024-02-21,84,37.2279,41.6286,0.11821,0.117762,0.0175016,0.100261,time,0,2,-0.0350519,0.135313
g_bonds,UP100/63|H84|long,TLT,test_exec,2009-06-08,2009-06-09,2009-10-06,84,54.0554,59.5214,0.101118,0.100677,0.000537698,0.10014,time,-0.0221758,2,0.0383062,0.0618335
g_bonds,UP100/63|H84|long,TLT,test_exec,2011-01-06,2011-01-07,2011-05-09,84,58.4214,61.559,0.0537076,0.0532862,0.00034246,0.0529437,time,-0.0328868,2,0.022822,0.0301217
g_bonds,UP100/63|H84|long,TLT,test_exec,2013-07-08,2013-07-09,2013-11-04,84,74.1254,74.0672,-0.000785173,-0.00118478,0.000121429,-0.00130621,time,-0.0474775,2,0.0285803,-0.0298865
g_bonds,UP100/63|H84|long,TLT,test_exec,2022-04-12,2022-04-13,2022-08-12,84,104.1,98.4681,-0.0540974,-0.0544757,0.00522222,-0.0596979,time,-0.112644,2,-0.0181372,-0.0415607
g_bonds,UP100/63|H84|long,TLT,test_exec,2022-10-13,2022-10-14,2023-02-14,84,85.7635,89.9209,0.0484752,0.0480559,0.0142944,0.0337615,time,-0.0777521,2,-0.0210189,0.0547804
g_bonds,UP100/63|H84|long,TLT,test_exec,2023-10-18,2023-10-19,2024-02-20,84,74.1075,83.0983,0.121322,0.120873,0.0175052,0.103368,time,-0.0132332,2,-0.0338445,0.137213
g_bonds,UP100/63|H84|long,ULONGsyn,full,1970-05-26,1970-05-27,1970-09-24,84,0.994897,1.10412,0.109783,0.109339,0.0215325,0.087807,time,0,2,-0.0111677,0.0989746
g_bonds,UP100/63|H84|long,ULONGsyn,full,1971-06-16,1971-06-17,1971-10-18,84,1.18872,1.29618,0.0903991,0.089963,0.0164516,0.0735114,time,0,2,-0.0160606,0.089572
g_bonds,UP100/63|H84|long,ULONGsyn,full,1979-10-10,1979-10-11,1980-02-14,84,1.59925,1.37247,-0.141803,-0.142147,0.0399964,-0.182143,time,-0.145417,2,-0.010592,-0.171551
g_bonds,UP100/63|H84|long,ULONGsyn,full,1980-08-20,1980-08-21,1980-12-24,84,1.5453,1.50421,-0.0265938,-0.026983,0.0415937,-0.0685767,time,-0.118233,2,-0.0146974,-0.0538792
g_bonds,UP100/63|H84|long,ULONGsyn,full,1981-08-24,1981-08-25,1981-12-29,84,1.34784,1.48754,0.103645,0.103204,0.0423516,0.060852,time,-0.0247368,2,-0.00826497,0.069117
g_bonds,UP100/63|H84|long,ULONGsyn,full,1982-02-10,1982-02-11,1982-06-15,84,1.44566,1.58515,0.096491,0.0960525,0.0417179,0.0543346,time,0,2,-0.00177288,0.0561075
g_bonds,UP100/63|H84|long,ULONGsyn,full,1983-07-13,1983-07-14,1983-11-15,84,2.17052,2.19458,0.0110846,0.0106803,0.0299615,-0.0192812,time,-0.0538918,2,0.0322604,-0.0515417
g_bonds,UP100/63|H84|long,ULONGsyn,full,1984-04-17,1984-04-18,1984-08-17,84,2.13121,2.27321,0.0666276,0.066201,0.0332897,0.0329113,time,-0.0710228,2,0.036785,-0.00387363
g_bonds,UP100/63|H84|long,ULONGsyn,full,1987-04-14,1987-04-15,1987-08-14,84,4.27592,4.19047,-0.0199846,-0.0203765,0.0189802,-0.0393567,time,-0.0689999,2,0.0340837,-0.0734404
g_bonds,UP100/63|H84|long,ULONGsyn,full,1988-05-24,1988-05-25,1988-09-23,84,4.24816,4.49461,0.0580132,0.0575901,0.022775,0.0348151,time,-0.00149451,2,0.0228423,0.0119728
g_bonds,UP100/63|H84|long,ULONGsyn,full,1994-03-31,1994-04-04,1994-08-03,84,8.28445,8.5372,0.030509,0.0300969,0.0136444,0.0164524,time,-0.0167058,2,0.0217294,-0.00527694
g_bonds,UP100/63|H84|long,ULONGsyn,full,1996-04-19,1996-04-22,1996-08-20,84,10.3964,10.5648,0.016195,0.0157886,0.016906,-0.00111737,time,-0.0434582,2,0.0141607,-0.015278
g_bonds,UP100/63|H84|long,ULONGsyn,full,2003-08-14,2003-08-15,2003-12-17,84,18.5227,20.0305,0.0814035,0.0809711,0.00309921,0.0778718,time,0,2,0.0177761,0.0600958
g_bonds,UP100/63|H84|long,ULONGsyn,full,2004-06-08,2004-06-09,2004-10-08,84,19.4265,21.4551,0.10442,0.103978,0.00490278,0.0990756,time,-0.00649259,2,0.0140217,0.0850539
g_bonds,UP100/63|H84|long,ULONGsyn,full,2009-06-08,2009-06-09,2009-10-07,84,27.5507,31.103,0.128938,0.128487,0.00053373,0.127953,time,-0.0189331,2,0.0354105,0.0925425
g_bonds,UP100/63|H84|long,ULONGsyn,full,2011-01-06,2011-01-07,2011-05-10,84,30.0518,31.2121,0.0386106,0.0381952,0.000338095,0.0378571,time,-0.040509,2,0.0235136,0.0143435
g_bonds,UP100/63|H84|long,ULONGsyn,full,2013-07-08,2013-07-09,2013-11-06,84,37.3005,36.856,-0.0119185,-0.0123136,0.000120635,-0.0124342,time,-0.0416089,2,0.0284401,-0.0408743
g_bonds,UP100/63|H84|long,ULONGsyn,full,2022-04-12,2022-04-13,2022-08-15,84,53.1191,50.5671,-0.0480424,-0.0484231,0.00529683,-0.05372,time,-0.113219,2,-0.0173202,-0.0363997
g_bonds,UP100/63|H84|long,ULONGsyn,full,2022-10-13,2022-10-14,2023-02-16,84,43.1362,44.1428,0.0233343,0.0229251,0.0143587,0.00856637,time,-0.0663155,2,-0.0218161,0.0303824
g_bonds,UP100/63|H84|long,ULONGsyn,full,2023-10-18,2023-10-19,2024-02-21,84,37.2279,41.6286,0.11821,0.117762,0.0175016,0.100261,time,0,2,-0.0350519,0.135313
g_bonds,Z2/21|H42|10y,UST10syn,design,1965-09-30,1965-10-01,1965-12-06,42,1.13708,1.1235,-0.0119429,-0.0123381,0.00678016,-0.0191182,time,-0.0119429,2,-0.0032685,-0.0158497
g_bonds,Z2/21|H42|10y,UST10syn,design,1966-07-01,1966-07-05,1966-09-01,42,1.12336,1.10305,-0.0180767,-0.0184693,0.0081627,-0.026632,time,-0.0341298,2,-0.00542674,-0.0212053
g_bonds,Z2/21|H42|10y,UST10syn,design,1967-05-09,1967-05-10,1967-07-11,42,1.17858,1.16832,-0.00870418,-0.00910062,0.00605873,-0.0151593,time,-0.0201403,2,-0.00690058,-0.00825876
g_bonds,Z2/21|H42|10y,UST10syn,design,1967-11-01,1967-11-02,1968-01-05,42,1.13281,1.16422,0.0277228,0.0273118,0.00812698,0.0191849,time,-0.0102323,2,-0.00412411,0.023309
g_bonds,Z2/21|H42|10y,UST10syn,design,1968-03-15,1968-03-18,1968-05-17,42,1.1525,1.14941,-0.00268379,-0.00308263,0.00899841,-0.012081,time,-0.00268379,2,-0.00321216,-0.00886889
g_bonds,Z2/21|H42|10y,UST10syn,design,1968-12-23,1968-12-24,1969-02-25,42,1.15869,1.17346,0.0127537,0.0123487,0.010227,0.00212174,time,0,2,-0.00167747,0.00379921
g_bonds,Z2/21|H42|10y,UST10syn,design,1969-06-10,1969-06-11,1969-08-12,42,1.16743,1.16877,0.00114652,0.000746142,0.011396,-0.0106499,time,-0.013566,2,-0.00105481,-0.00959508
g_bonds,Z2/21|H42|10y,UST10syn,design,1970-04-23,1970-04-24,1970-06-23,42,1.14381,1.15301,0.00804522,0.00764208,0.0113357,-0.00369364,time,-0.0268183,2,-0.0026035,-0.00109014
g_bonds,Z2/21|H42|10y,UST10syn,design,1971-05-07,1971-05-10,1971-07-09,42,1.36663,1.33562,-0.0226936,-0.0230844,0.00780198,-0.0308864,time,-0.0304262,2,-0.00225911,-0.0286273
g_bonds,Z2/21|H42|10y,UST10syn,design,1975-03-20,1975-03-21,1975-05-21,42,1.58272,1.58891,0.00391589,0.0035144,0.00910833,-0.00559393,time,-0.0257749,2,-0.00183485,-0.00375908
g_bonds,Z2/21|H42|10y,UST10syn,design,1975-08-08,1975-08-11,1975-10-09,42,1.57453,1.61208,0.0238482,0.0234388,0.0106988,0.0127399,time,-0.00573238,2,-0.00193801,0.014678
g_bonds,Z2/21|H42|10y,UST10syn,design,1977-01-28,1977-01-31,1977-03-31,42,1.88634,1.90631,0.0105853,0.0101812,0.00771825,0.00246292,time,-0.00446434,2,-0.00762571,0.0100886
g_bonds,Z2/21|H42|10y,UST10syn,design,1978-12-20,1978-12-21,1979-02-23,42,1.94566,1.97049,0.0127654,0.0123604,0.0155365,-0.00317611,time,0,2,-0.00864119,0.00546509
g_bonds,Z2/21|H42|10y,UST10syn,design,1979-09-06,1979-09-07,1979-11-08,42,2.05149,1.88679,-0.0802837,-0.0806515,0.0187599,-0.0994114,time,-0.0878132,2,-0.00351747,-0.095894
g_bonds,Z2/21|H42|10y,UST10syn,design,1980-08-22,1980-08-25,1980-10-24,42,2.00062,1.99774,-0.0014389,-0.00183825,0.0178202,-0.0196585,time,-0.0277586,2,-0.00490759,-0.0147509
g_bonds,Z2/21|H42|10y,UST10syn,design,1981-05-06,1981-05-07,1981-07-08,42,1.85372,1.91883,0.0351204,0.0347064,0.0255238,0.00918258,time,-0.00597909,2,-0.00583919,0.0150218
g_bonds,Z2/21|H42|10y,UST10syn,design,1986-05-19,1986-05-20,1986-07-21,42,4.91349,5.23771,0.0659846,0.0655583,0.0101429,0.0554155,time,-0.0308583,2,0.00905959,0.0463559
g_bonds,Z2/21|H42|10y,UST10syn,design,1987-04-15,1987-04-16,1987-06-17,42,5.19253,5.19531,0.000536136,0.000136002,0.00940119,-0.00926519,time,-0.050259,2,0.0113776,-0.0206428
g_bonds,Z2/21|H42|10y,UST10syn,design,1987-09-17,1987-09-18,1987-11-19,42,4.9246,5.1812,0.052106,0.0516852,0.0101349,0.0415503,time,-0.0450224,2,0.0100231,0.0315272
g_bonds,Z2/21|H42|10y,UST10syn,design,1992-01-31,1992-02-03,1992-04-02,42,8.13604,8.17075,0.00426557,0.00386394,0.0065881,-0.00272415,time,-0.016349,2,0.00758799,-0.0103121
g_bonds,Z2/21|H42|10y,UST10syn,design,1992-11-03,1992-11-04,1993-01-07,42,8.86398,9.05324,0.0213516,0.0209431,0.0053,0.0156431,time,-0.00687102,2,0.00818083,0.00746228
g_bonds,Z2/21|H42|10y,UST10syn,design,1993-11-22,1993-11-23,1994-01-25,42,10.2055,10.3374,0.0129254,0.0125203,0.00506032,0.00746001,time,-0.00133936,2,0.00742437,3.56448e-05
g_bonds,Z2/21|H42|10y,UST10syn,design,1994-03-02,1994-03-03,1994-05-04,42,9.96852,9.52355,-0.044638,-0.04502,0.00603175,-0.0510518,time,-0.051315,2,0.00647123,-0.057523
g_bonds,Z2/21|H42|10y,UST10syn,design,1996-03-11,1996-03-12,1996-05-09,42,11.4114,11.134,-0.0243081,-0.0246983,0.00828849,-0.0329868,time,-0.0295658,2,0.0040705,-0.0370573
g_bonds,Z2/21|H42|10y,UST10syn,design,1998-11-05,1998-11-06,1999-01-11,42,14.92,15.0817,0.0108345,0.0104302,0.00732302,0.00310721,time,0,2,0.00329418,-0.000186971
g_bonds,Z2/21|H42|10y,UST10syn,design,1999-02-26,1999-03-01,1999-04-28,42,14.6025,14.8696,0.0182952,0.017888,0.00726627,0.0106217,time,-0.000327557,2,0.00400185,0.00661985
g_bonds,Z2/21|H42|10y,UST10syn,design,2000-01-12,2000-01-13,2000-03-15,42,14.0084,14.5182,0.0363927,0.0359782,0.00921786,0.0267604,time,-0.0101906,2,0.00784731,0.0189131
g_bonds,Z2/21|H42|10y,UST10syn,design,2000-05-05,2000-05-08,2000-07-07,42,14.3514,15.1058,0.052565,0.052144,0.00957302,0.042571,time,0,2,0.00903983,0.0335312
g_bonds,Z2/21|H42|10y,UST10syn,design,2001-12-06,2001-12-07,2002-02-08,42,17.2762,17.8359,0.0323999,0.031987,0.0027877,0.0291993,time,-0.00324858,2,0.00437272,0.0248266
g_bonds,Z2/21|H42|10y,UST10syn,design,2002-03-26,2002-03-27,2002-05-28,42,17.336,17.7455,0.0236256,0.0232162,0.00286944,0.0203468,time,-0.00613107,2,0.00574662,0.0146002
g_bonds,Z2/21|H42|10y,UST10syn,design,2003-07-15,2003-07-16,2003-09-15,42,20.3822,20.012,-0.018161,-0.0185536,0.00156825,-0.0201219,time,-0.0451669,2,0.00551961,-0.0256415
g_bonds,Z2/21|H42|10y,UST10syn,design,2004-04-15,2004-04-16,2004-06-17,42,20.3412,19.9515,-0.0191591,-0.0195514,0.00178452,-0.0213359,time,-0.0342094,2,0.00401902,-0.0253549
g_bonds,Z2/21|H42|10y,UST10syn,design,2007-06-08,2007-06-11,2007-08-09,42,22.0365,22.8276,0.0359021,0.0354878,0.00788492,0.0276029,time,-0.00909862,2,0.00447931,0.0231236
g_bonds,Z2/21|H42|10y,UST10syn,design,2007-12-27,2007-12-28,2008-02-29,42,24.5029,25.8591,0.0553513,0.0549293,0.00411111,0.0508182,time,0,2,0.00278282,0.0480353
g_bonds,Z2/21|H42|10y,UST10syn,test,2008-10-16,2008-10-17,2008-12-18,42,25.4845,30.1398,0.182673,0.1822,0.000479365,0.181721,time,-0.00108466,2,0.0113836,0.170337
g_bonds,Z2/21|H42|10y,UST10syn,test,2009-01-30,2009-02-02,2009-04-02,42,28.4587,28.5373,0.00276235,0.00236132,0.00041627,0.00194506,time,-0.0258626,2,0.0105036,-0.00855859
g_bonds,Z2/21|H42|10y,UST10syn,test,2009-05-28,2009-05-29,2009-07-29,42,27.0021,26.658,-0.012742,-0.0131368,0.000300397,-0.0134372,time,-0.0403801,2,0.0117886,-0.0252258
g_bonds,Z2/21|H42|10y,UST10syn,test,2010-12-15,2010-12-16,2011-02-16,42,28.355,28.1578,-0.00695501,-0.00735214,0.000240873,-0.00759302,time,-0.0183761,2,0.0064771,-0.0140701
g_bonds,Z2/21|H42|10y,UST10syn,test,2013-06-25,2013-06-26,2013-08-26,42,32.3694,31.8302,-0.0166571,-0.0170504,6.78571e-05,-0.0171183,time,-0.0262601,2,0.00710231,-0.0242206
g_bonds,Z2/21|H42|10y,UST10syn,test,2015-03-04,2015-03-05,2015-05-04,42,35.0801,35.0307,-0.00140875,-0.0018081,4.28571e-05,-0.00185096,time,-0.0115309,2,0.00105684,-0.0029078
g_bonds,Z2/21|H42|10y,UST10syn,test,2016-11-14,2016-11-15,2017-01-18,42,35.8173,35.3635,-0.0126702,-0.013065,0.00083254,-0.0138976,time,-0.0303499,2,0.00469293,-0.0185905
g_bonds,Z2/21|H42|10y,UST10syn,test,2018-02-05,2018-02-06,2018-04-09,42,35.0754,35.2726,0.00562259,0.00522042,0.00276865,0.00245177,time,-0.0117435,2,0.00271144,-0.00025967
g_bonds,Z2/21|H42|10y,UST10syn,test,2021-02-26,2021-03-01,2021-04-28,42,41.8232,41.2352,-0.0140586,-0.0144529,4.40476e-05,-0.014497,time,-0.0256533,2,-0.00302889,-0.0114681
g_bonds,Z2/21|H42|10y,UST10syn,test,2022-01-19,2022-01-20,2022-03-22,42,40.9023,39.0425,-0.0454704,-0.0458521,0.000556746,-0.0464089,time,-0.0454704,2,-0.00355315,-0.0428557
g_bonds,Z2/21|H42|10y,UST10syn,test,2023-03-06,2023-03-07,2023-05-04,42,35.1279,37.1119,0.0564779,0.0560554,0.00805278,0.0480026,time,-0.000709594,2,-0.00838253,0.0563852
g_bonds,Z2/21|H42|10y,UST10syn,test,2023-08-18,2023-08-21,2023-10-20,42,34.6409,33.2916,-0.0389511,-0.0393355,0.00887857,-0.0482141,time,-0.0428245,2,-0.00973849,-0.0384756
g_bonds,Z2/21|H42|10y,IEF,test_exec,2008-10-16,2008-10-17,2008-12-16,42,57.2286,64.585,0.128544,0.128092,0.000520635,0.127572,time,-0.00011386,2,0.0121094,0.115462
g_bonds,Z2/21|H42|10y,IEF,test_exec,2009-01-30,2009-02-02,2009-04-01,42,62.5594,64.0663,0.0240875,0.023678,0.000418254,0.0232597,time,-0.0151895,2,0.0116661,0.0115936
g_bonds,Z2/21|H42|10y,IEF,test_exec,2009-05-28,2009-05-29,2009-07-28,42,60.2119,60.1381,-0.00122537,-0.0016248,0.000298413,-0.00192321,time,-0.0244002,2,0.0124892,-0.0144125
g_bonds,Z2/21|H42|10y,IEF,test_exec,2010-12-15,2010-12-16,2011-02-15,42,65.0991,65.1244,0.000387984,-1.20913e-05,0.00024127,-0.000253361,time,-0.00917901,2,0.00786743,-0.00812079
g_bonds,Z2/21|H42|10y,IEF,test_exec,2013-06-25,2013-06-26,2013-08-23,42,76.0139,74.6569,-0.0178519,-0.0182446,6.86508e-05,-0.0183133,time,-0.0233441,2,0.00756136,-0.0258747
g_bonds,Z2/21|H42|10y,IEF,test_exec,2015-03-04,2015-03-05,2015-05-04,42,82.016,82.2887,0.00332504,0.00292379,4.28571e-05,0.00288093,time,-0.0098558,2,0.00181835,0.00106258
g_bonds,Z2/21|H42|10y,IEF,test_exec,2016-11-14,2016-11-15,2017-01-17,42,84.4572,84.2579,-0.00236046,-0.00275944,0.000831746,-0.00359118,time,-0.026606,2,0.00433277,-0.00792395
g_bonds,Z2/21|H42|10y,IEF,test_exec,2018-02-05,2018-02-06,2018-04-06,42,83.5251,83.773,0.00296813,0.00256702,0.00275952,-0.000192502,time,-0.0131131,2,0.00303506,-0.00322756
g_bonds,Z2/21|H42|10y,IEF,test_exec,2021-02-26,2021-03-01,2021-04-28,42,98.9173,97.7957,-0.0113386,-0.011734,4.52381e-05,-0.0117792,time,-0.0219974,2,-0.00281149,-0.00896772
g_bonds,Z2/21|H42|10y,IEF,test_exec,2022-01-19,2022-01-20,2022-03-21,42,96.7774,93.0423,-0.0385941,-0.0389786,0.000543651,-0.0395222,time,-0.0385941,2,-0.00345429,-0.036068
g_bonds,Z2/21|H42|10y,IEF,test_exec,2023-03-06,2023-03-07,2023-05-04,42,83.9896,88.8433,0.0577897,0.0573667,0.00805516,0.0493115,time,-0.00199646,2,-0.00720973,0.0565212
g_bonds,Z2/21|H42|10y,IEF,test_exec,2023-08-18,2023-08-21,2023-10-18,42,83.1819,80.2293,-0.0354959,-0.0358816,0.00887937,-0.044761,time,-0.0354959,2,-0.00853522,-0.0362258
g_bonds,Z2/21|H42|10y,UST10syn,full,1965-09-30,1965-10-01,1965-12-06,42,1.13708,1.1235,-0.0119429,-0.0123381,0.00678016,-0.0191182,time,-0.0119429,2,-0.0032685,-0.0158497
g_bonds,Z2/21|H42|10y,UST10syn,full,1966-07-01,1966-07-05,1966-09-01,42,1.12336,1.10305,-0.0180767,-0.0184693,0.0081627,-0.026632,time,-0.0341298,2,-0.00542674,-0.0212053
g_bonds,Z2/21|H42|10y,UST10syn,full,1967-05-09,1967-05-10,1967-07-11,42,1.17858,1.16832,-0.00870418,-0.00910062,0.00605873,-0.0151593,time,-0.0201403,2,-0.00690058,-0.00825876
g_bonds,Z2/21|H42|10y,UST10syn,full,1967-11-01,1967-11-02,1968-01-05,42,1.13281,1.16422,0.0277228,0.0273118,0.00812698,0.0191849,time,-0.0102323,2,-0.00412411,0.023309
g_bonds,Z2/21|H42|10y,UST10syn,full,1968-03-15,1968-03-18,1968-05-17,42,1.1525,1.14941,-0.00268379,-0.00308263,0.00899841,-0.012081,time,-0.00268379,2,-0.00321216,-0.00886889
g_bonds,Z2/21|H42|10y,UST10syn,full,1968-12-23,1968-12-24,1969-02-25,42,1.15869,1.17346,0.0127537,0.0123487,0.010227,0.00212174,time,0,2,-0.00167747,0.00379921
g_bonds,Z2/21|H42|10y,UST10syn,full,1969-06-10,1969-06-11,1969-08-12,42,1.16743,1.16877,0.00114652,0.000746142,0.011396,-0.0106499,time,-0.013566,2,-0.00105481,-0.00959508
g_bonds,Z2/21|H42|10y,UST10syn,full,1970-04-23,1970-04-24,1970-06-23,42,1.14381,1.15301,0.00804522,0.00764208,0.0113357,-0.00369364,time,-0.0268183,2,-0.0026035,-0.00109014
g_bonds,Z2/21|H42|10y,UST10syn,full,1971-05-07,1971-05-10,1971-07-09,42,1.36663,1.33562,-0.0226936,-0.0230844,0.00780198,-0.0308864,time,-0.0304262,2,-0.00225911,-0.0286273
g_bonds,Z2/21|H42|10y,UST10syn,full,1975-03-20,1975-03-21,1975-05-21,42,1.58272,1.58891,0.00391589,0.0035144,0.00910833,-0.00559393,time,-0.0257749,2,-0.00183485,-0.00375908
g_bonds,Z2/21|H42|10y,UST10syn,full,1975-08-08,1975-08-11,1975-10-09,42,1.57453,1.61208,0.0238482,0.0234388,0.0106988,0.0127399,time,-0.00573238,2,-0.00193801,0.014678
g_bonds,Z2/21|H42|10y,UST10syn,full,1977-01-28,1977-01-31,1977-03-31,42,1.88634,1.90631,0.0105853,0.0101812,0.00771825,0.00246292,time,-0.00446434,2,-0.00762571,0.0100886
g_bonds,Z2/21|H42|10y,UST10syn,full,1978-12-20,1978-12-21,1979-02-23,42,1.94566,1.97049,0.0127654,0.0123604,0.0155365,-0.00317611,time,0,2,-0.00864119,0.00546509
g_bonds,Z2/21|H42|10y,UST10syn,full,1979-09-06,1979-09-07,1979-11-08,42,2.05149,1.88679,-0.0802837,-0.0806515,0.0187599,-0.0994114,time,-0.0878132,2,-0.00351747,-0.095894
g_bonds,Z2/21|H42|10y,UST10syn,full,1980-08-22,1980-08-25,1980-10-24,42,2.00062,1.99774,-0.0014389,-0.00183825,0.0178202,-0.0196585,time,-0.0277586,2,-0.00490759,-0.0147509
g_bonds,Z2/21|H42|10y,UST10syn,full,1981-05-06,1981-05-07,1981-07-08,42,1.85372,1.91883,0.0351204,0.0347064,0.0255238,0.00918258,time,-0.00597909,2,-0.00583919,0.0150218
g_bonds,Z2/21|H42|10y,UST10syn,full,1986-05-19,1986-05-20,1986-07-21,42,4.91349,5.23771,0.0659846,0.0655583,0.0101429,0.0554155,time,-0.0308583,2,0.00905959,0.0463559
g_bonds,Z2/21|H42|10y,UST10syn,full,1987-04-15,1987-04-16,1987-06-17,42,5.19253,5.19531,0.000536136,0.000136002,0.00940119,-0.00926519,time,-0.050259,2,0.0113776,-0.0206428
g_bonds,Z2/21|H42|10y,UST10syn,full,1987-09-17,1987-09-18,1987-11-19,42,4.9246,5.1812,0.052106,0.0516852,0.0101349,0.0415503,time,-0.0450224,2,0.0100231,0.0315272
g_bonds,Z2/21|H42|10y,UST10syn,full,1992-01-31,1992-02-03,1992-04-02,42,8.13604,8.17075,0.00426557,0.00386394,0.0065881,-0.00272415,time,-0.016349,2,0.00758799,-0.0103121
g_bonds,Z2/21|H42|10y,UST10syn,full,1992-11-03,1992-11-04,1993-01-07,42,8.86398,9.05324,0.0213516,0.0209431,0.0053,0.0156431,time,-0.00687102,2,0.00818083,0.00746228
g_bonds,Z2/21|H42|10y,UST10syn,full,1993-11-22,1993-11-23,1994-01-25,42,10.2055,10.3374,0.0129254,0.0125203,0.00506032,0.00746001,time,-0.00133936,2,0.00742437,3.56448e-05
g_bonds,Z2/21|H42|10y,UST10syn,full,1994-03-02,1994-03-03,1994-05-04,42,9.96852,9.52355,-0.044638,-0.04502,0.00603175,-0.0510518,time,-0.051315,2,0.00647123,-0.057523
g_bonds,Z2/21|H42|10y,UST10syn,full,1996-03-11,1996-03-12,1996-05-09,42,11.4114,11.134,-0.0243081,-0.0246983,0.00828849,-0.0329868,time,-0.0295658,2,0.0040705,-0.0370573
g_bonds,Z2/21|H42|10y,UST10syn,full,1998-11-05,1998-11-06,1999-01-11,42,14.92,15.0817,0.0108345,0.0104302,0.00732302,0.00310721,time,0,2,0.00329418,-0.000186971
g_bonds,Z2/21|H42|10y,UST10syn,full,1999-02-26,1999-03-01,1999-04-28,42,14.6025,14.8696,0.0182952,0.017888,0.00726627,0.0106217,time,-0.000327557,2,0.00400185,0.00661985
g_bonds,Z2/21|H42|10y,UST10syn,full,2000-01-12,2000-01-13,2000-03-15,42,14.0084,14.5182,0.0363927,0.0359782,0.00921786,0.0267604,time,-0.0101906,2,0.00784731,0.0189131
g_bonds,Z2/21|H42|10y,UST10syn,full,2000-05-05,2000-05-08,2000-07-07,42,14.3514,15.1058,0.052565,0.052144,0.00957302,0.042571,time,0,2,0.00903983,0.0335312
g_bonds,Z2/21|H42|10y,UST10syn,full,2001-12-06,2001-12-07,2002-02-08,42,17.2762,17.8359,0.0323999,0.031987,0.0027877,0.0291993,time,-0.00324858,2,0.00437272,0.0248266
g_bonds,Z2/21|H42|10y,UST10syn,full,2002-03-26,2002-03-27,2002-05-28,42,17.336,17.7455,0.0236256,0.0232162,0.00286944,0.0203468,time,-0.00613107,2,0.00574662,0.0146002
g_bonds,Z2/21|H42|10y,UST10syn,full,2003-07-15,2003-07-16,2003-09-15,42,20.3822,20.012,-0.018161,-0.0185536,0.00156825,-0.0201219,time,-0.0451669,2,0.00551961,-0.0256415
g_bonds,Z2/21|H42|10y,UST10syn,full,2004-04-15,2004-04-16,2004-06-17,42,20.3412,19.9515,-0.0191591,-0.0195514,0.00178452,-0.0213359,time,-0.0342094,2,0.00401902,-0.0253549
g_bonds,Z2/21|H42|10y,UST10syn,full,2007-06-08,2007-06-11,2007-08-09,42,22.0365,22.8276,0.0359021,0.0354878,0.00788492,0.0276029,time,-0.00909862,2,0.00645822,0.0211447
g_bonds,Z2/21|H42|10y,UST10syn,full,2007-12-27,2007-12-28,2008-02-29,42,24.5029,25.8591,0.0553513,0.0549293,0.00411111,0.0508182,time,0,2,0.00441907,0.0463991
g_bonds,Z2/21|H42|10y,UST10syn,full,2008-10-16,2008-10-17,2008-12-18,42,25.4845,30.1398,0.182673,0.1822,0.000479365,0.181721,time,-0.00108466,2,0.0090871,0.172633
g_bonds,Z2/21|H42|10y,UST10syn,full,2009-01-30,2009-02-02,2009-04-02,42,28.4587,28.5373,0.00276235,0.00236132,0.00041627,0.00194506,time,-0.0258626,2,0.00922875,-0.0072837
g_bonds,Z2/21|H42|10y,UST10syn,full,2009-05-28,2009-05-29,2009-07-29,42,27.0021,26.658,-0.012742,-0.0131368,0.000300397,-0.0134372,time,-0.0403801,2,0.0117617,-0.0251989
g_bonds,Z2/21|H42|10y,UST10syn,full,2010-12-15,2010-12-16,2011-02-16,42,28.355,28.1578,-0.00695501,-0.00735214,0.000240873,-0.00759302,time,-0.0183761,2,0.0067573,-0.0143503
g_bonds,Z2/21|H42|10y,UST10syn,full,2013-06-25,2013-06-26,2013-08-26,42,32.3694,31.8302,-0.0166571,-0.0170504,6.78571e-05,-0.0171183,time,-0.0262601,2,0.00710231,-0.0242206
g_bonds,Z2/21|H42|10y,UST10syn,full,2015-03-04,2015-03-05,2015-05-04,42,35.0801,35.0307,-0.00140875,-0.0018081,4.28571e-05,-0.00185096,time,-0.0115309,2,0.00105684,-0.0029078
g_bonds,Z2/21|H42|10y,UST10syn,full,2016-11-14,2016-11-15,2017-01-18,42,35.8173,35.3635,-0.0126702,-0.013065,0.00083254,-0.0138976,time,-0.0303499,2,0.00469293,-0.0185905
g_bonds,Z2/21|H42|10y,UST10syn,full,2018-02-05,2018-02-06,2018-04-09,42,35.0754,35.2726,0.00562259,0.00522042,0.00276865,0.00245177,time,-0.0117435,2,0.00271144,-0.00025967
g_bonds,Z2/21|H42|10y,UST10syn,full,2021-02-26,2021-03-01,2021-04-28,42,41.8232,41.2352,-0.0140586,-0.0144529,4.40476e-05,-0.014497,time,-0.0256533,2,-0.00302889,-0.0114681
g_bonds,Z2/21|H42|10y,UST10syn,full,2022-01-19,2022-01-20,2022-03-22,42,40.9023,39.0425,-0.0454704,-0.0458521,0.000556746,-0.0464089,time,-0.0454704,2,-0.00355315,-0.0428557
g_bonds,Z2/21|H42|10y,UST10syn,full,2023-03-06,2023-03-07,2023-05-04,42,35.1279,37.1119,0.0564779,0.0560554,0.00805278,0.0480026,time,-0.000709594,2,-0.00838253,0.0563852
g_bonds,Z2/21|H42|10y,UST10syn,full,2023-08-18,2023-08-21,2023-10-20,42,34.6409,33.2916,-0.0389511,-0.0393355,0.00887857,-0.0482141,time,-0.0428245,2,-0.00973849,-0.0384756
g_bonds,Z2/21|H42|long,ULONGsyn,design,1965-09-30,1965-10-01,1965-12-06,42,1.12456,1.10979,-0.0131363,-0.0135309,0.00678016,-0.0203111,time,-0.0131363,2,-0.00519149,-0.0151196
g_bonds,Z2/21|H42|long,ULONGsyn,design,1966-07-01,1966-07-05,1966-09-01,42,1.09376,1.07745,-0.014918,-0.015312,0.0081627,-0.0234747,time,-0.0299553,2,-0.00733297,-0.0161417
g_bonds,Z2/21|H42|long,ULONGsyn,design,1967-05-09,1967-05-10,1967-07-11,42,1.12533,1.12766,0.00206483,0.00166408,0.00605873,-0.00439465,time,-0.01845,2,-0.00977458,0.00537994
g_bonds,Z2/21|H42|long,ULONGsyn,design,1967-11-01,1967-11-02,1968-01-05,42,1.06327,1.10512,0.0393574,0.0389417,0.00812698,0.0308147,time,-0.0253787,2,-0.00689495,0.0377097
g_bonds,Z2/21|H42|long,ULONGsyn,design,1968-03-15,1968-03-18,1968-05-17,42,1.07862,1.09222,0.0126127,0.0122078,0.00899841,0.00320937,time,-0.00115656,2,-0.00614466,0.00935403
g_bonds,Z2/21|H42|long,ULONGsyn,design,1968-12-23,1968-12-24,1969-02-25,42,1.06067,1.0692,0.00804189,0.00763876,0.010227,-0.00258823,time,-0.00019593,2,-0.00413628,0.00154806
g_bonds,Z2/21|H42|long,ULONGsyn,design,1969-06-10,1969-06-11,1969-08-12,42,1.0723,1.09227,0.0186253,0.0182179,0.011396,0.00682186,time,-0.00646736,2,-0.00285403,0.00967588
g_bonds,Z2/21|H42|long,ULONGsyn,design,1970-04-23,1970-04-24,1970-06-23,42,1.0383,1.03074,-0.00728594,-0.00768295,0.0113357,-0.0190187,time,-0.0593359,2,-0.00557993,-0.0134387
g_bonds,Z2/21|H42|long,ULONGsyn,design,1971-05-07,1971-05-10,1971-07-09,42,1.21733,1.21208,-0.00431503,-0.00471322,0.00780198,-0.0125152,time,-0.0281621,2,-0.00674466,-0.00577055
g_bonds,Z2/21|H42|long,ULONGsyn,design,1975-03-20,1975-03-21,1975-05-21,42,1.29717,1.32032,0.0178479,0.0174409,0.00910833,0.00833255,time,-0.0210849,2,-0.00376162,0.0120942
g_bonds,Z2/21|H42|long,ULONGsyn,design,1975-08-08,1975-08-11,1975-10-09,42,1.30479,1.3292,0.0187084,0.0183009,0.0106988,0.00760214,time,-0.0161293,2,-0.004676,0.0122781
g_bonds,Z2/21|H42|long,ULONGsyn,design,1977-01-28,1977-01-31,1977-03-31,42,1.59403,1.5924,-0.00101917,-0.00141869,0.00771825,-0.00913694,time,-0.0130875,2,-0.00955401,0.000417064
g_bonds,Z2/21|H42|long,ULONGsyn,design,1978-12-20,1978-12-21,1979-02-23,42,1.60925,1.61464,0.00334704,0.00294578,0.0155365,-0.0125907,time,0,2,-0.0118586,-0.00073216
g_bonds,Z2/21|H42|long,ULONGsyn,design,1979-09-06,1979-09-07,1979-11-08,42,1.68093,1.50381,-0.105374,-0.105732,0.0187599,-0.124492,time,-0.107252,2,-0.00572813,-0.118763
g_bonds,Z2/21|H42|long,ULONGsyn,design,1980-08-22,1980-08-25,1980-10-24,42,1.54317,1.51574,-0.0177743,-0.0181671,0.0178202,-0.0359873,time,-0.0505992,2,-0.0074864,-0.0285009
g_bonds,Z2/21|H42|long,ULONGsyn,design,1981-05-06,1981-05-07,1981-07-08,42,1.36524,1.43775,0.0531113,0.0526901,0.0255238,0.0271663,time,-0.00586188,2,-0.00876671,0.035933
g_bonds,Z2/21|H42|long,ULONGsyn,design,1986-05-19,1986-05-20,1986-07-21,42,4.35058,4.62668,0.063464,0.0630387,0.0101429,0.0528958,time,-0.036823,2,0.0129131,0.0399827
g_bonds,Z2/21|H42|long,ULONGsyn,design,1987-04-15,1987-04-16,1987-06-17,42,4.32427,4.29141,-0.00759904,-0.00799593,0.00940119,-0.0173971,time,-0.0794093,2,0.0161298,-0.0335269
g_bonds,Z2/21|H42|long,ULONGsyn,design,1987-09-17,1987-09-18,1987-11-19,42,3.90103,4.22554,0.0831858,0.0827526,0.0101349,0.0726177,time,-0.0561118,2,0.0134285,0.0591892
g_bonds,Z2/21|H42|long,ULONGsyn,design,1992-01-31,1992-02-03,1992-04-02,42,6.80533,6.81388,0.00125711,0.000856687,0.0065881,-0.00573141,time,-0.019218,2,0.00978101,-0.0155124
g_bonds,Z2/21|H42|long,ULONGsyn,design,1992-11-03,1992-11-04,1993-01-07,42,7.31869,7.62764,0.0422152,0.0417984,0.0053,0.0364984,time,-0.0076816,2,0.0113775,0.025121
g_bonds,Z2/21|H42|long,ULONGsyn,design,1993-11-22,1993-11-23,1994-01-25,42,9.34057,9.39025,0.00531896,0.00491692,0.00506032,-0.0001434,time,-0.00768652,2,0.0106986,-0.010842
g_bonds,Z2/21|H42|long,ULONGsyn,design,1994-03-02,1994-03-03,1994-05-04,42,8.85587,8.41338,-0.0499655,-0.0503454,0.00603175,-0.0563772,time,-0.0645244,2,0.00922514,-0.0656023
g_bonds,Z2/21|H42|long,ULONGsyn,design,1996-03-11,1996-03-12,1996-05-09,42,10.4398,10.0801,-0.0344569,-0.0348431,0.00828849,-0.0431315,time,-0.047433,2,0.0083418,-0.0514733
g_bonds,Z2/21|H42|long,ULONGsyn,design,1998-11-05,1998-11-06,1999-01-11,42,14.7308,15.0436,0.0212331,0.0208247,0.00732302,0.0135017,time,0,2,0.00527292,0.00822878
g_bonds,Z2/21|H42|long,ULONGsyn,design,1999-02-26,1999-03-01,1999-04-28,42,14.3265,14.6397,0.0218656,0.0214569,0.00726627,0.0141907,time,-0.00240678,2,0.0057217,0.00846896
g_bonds,Z2/21|H42|long,ULONGsyn,design,2000-01-12,2000-01-13,2000-03-15,42,13.196,14.4061,0.0917027,0.0912661,0.00921786,0.0820482,time,-0.0118743,2,0.00994605,0.0721022
g_bonds,Z2/21|H42|long,ULONGsyn,design,2000-05-05,2000-05-08,2000-07-07,42,14.1782,15.0846,0.0639307,0.0635052,0.00957302,0.0539322,time,0,2,0.0118028,0.0421293
g_bonds,Z2/21|H42|long,ULONGsyn,design,2001-12-06,2001-12-07,2002-02-08,42,16.9243,17.613,0.0406936,0.0402774,0.0027877,0.0374897,time,0,2,0.00639429,0.0310954
g_bonds,Z2/21|H42|long,ULONGsyn,design,2002-03-26,2002-03-27,2002-05-28,42,16.5765,16.9276,0.0211778,0.0207695,0.00286944,0.0179,time,-0.00756834,2,0.00945322,0.00844679
g_bonds,Z2/21|H42|long,ULONGsyn,design,2003-07-15,2003-07-16,2003-09-15,42,19.7823,19.216,-0.0286262,-0.0290146,0.00156825,-0.0305829,time,-0.0680118,2,0.00798909,-0.038572
g_bonds,Z2/21|H42|long,ULONGsyn,design,2004-04-15,2004-04-16,2004-06-17,42,19.9074,19.794,-0.00569645,-0.00609409,0.00178452,-0.00787862,time,-0.0392744,2,0.00749876,-0.0153774
g_bonds,Z2/21|H42|long,ULONGsyn,design,2007-06-08,2007-06-11,2007-08-09,42,23.3185,24.3059,0.0423417,0.0419249,0.00788492,0.03404,time,-0.0161968,2,0.00896654,0.0250734
g_bonds,Z2/21|H42|long,ULONGsyn,design,2007-12-27,2007-12-28,2008-02-29,42,26.811,27.4411,0.0235013,0.0230919,0.00411111,0.0189808,time,-0.0205782,2,0.00380545,0.0151754
g_bonds,Z2/21|H42|long,ULONGsyn,test,2008-10-16,2008-10-17,2008-12-18,42,28.5766,40.0952,0.403076,0.402515,0.000479365,0.402035,time,-0.00365299,2,0.0194644,0.382571
g_bonds,Z2/21|H42|long,ULONGsyn,test,2009-01-30,2009-02-02,2009-04-02,42,33.3928,32.9041,-0.0146348,-0.0150289,0.00041627,-0.0154452,time,-0.0606837,2,0.0168866,-0.0323318
g_bonds,Z2/21|H42|long,ULONGsyn,test,2009-05-28,2009-05-29,2009-07-29,42,28.907,28.3304,-0.0199458,-0.0203378,0.000300397,-0.0206381,time,-0.0649642,2,0.0205467,-0.0411848
g_bonds,Z2/21|H42|long,ULONGsyn,test,2010-12-15,2010-12-16,2011-02-16,42,29.5441,29.2812,-0.00889865,-0.00929501,0.000240873,-0.00953588,time,-0.0240196,2,0.0107427,-0.0202786
g_bonds,Z2/21|H42|long,ULONGsyn,test,2013-06-25,2013-06-26,2013-08-26,42,37.6712,36.5999,-0.028438,-0.0288265,6.78571e-05,-0.0288944,time,-0.0510382,2,0.0154716,-0.044366
g_bonds,Z2/21|H42|long,ULONGsyn,test,2015-03-04,2015-03-05,2015-05-04,42,46.9828,45.5485,-0.0305273,-0.030915,4.28571e-05,-0.0309578,time,-0.0305273,2,0.00571791,-0.0366758
g_bonds,Z2/21|H42|long,ULONGsyn,test,2016-11-14,2016-11-15,2017-01-18,42,46.3321,46.2829,-0.00106235,-0.00146184,0.00083254,-0.00229438,time,-0.0397484,2,0.0124325,-0.0147268
g_bonds,Z2/21|H42|long,ULONGsyn,test,2018-02-05,2018-02-06,2018-04-09,42,47.0529,47.658,0.0128606,0.0124555,0.00276865,0.0096869,time,-0.0293189,2,0.00500477,0.00468213
g_bonds,Z2/21|H42|long,ULONGsyn,test,2021-02-26,2021-03-01,2021-04-28,42,58.9211,58.3408,-0.00984846,-0.0102444,4.40476e-05,-0.0102885,time,-0.0453276,2,-0.00487827,-0.00541022
g_bonds,Z2/21|H42|long,ULONGsyn,test,2022-01-19,2022-01-20,2022-03-22,42,60.9603,55.3855,-0.0914502,-0.0918136,0.000556746,-0.0923703,time,-0.0914502,2,-0.00575864,-0.0866117
g_bonds,Z2/21|H42|long,ULONGsyn,test,2023-03-06,2023-03-07,2023-05-04,42,44.5365,45.9694,0.0321753,0.0317625,0.00805278,0.0237098,time,0,2,-0.0174362,0.041146
g_bonds,Z2/21|H42|long,ULONGsyn,test,2023-08-18,2023-08-21,2023-10-20,42,41.0618,37.347,-0.090467,-0.0908307,0.00887857,-0.0997093,time,-0.0933677,2,-0.01877,-0.0809393
g_bonds,Z2/21|H42|long,TLT,test_exec,2008-10-16,2008-10-17,2008-12-16,42,55.3313,68.5549,0.23899,0.238494,0.000520635,0.237974,time,-0.0196432,2,0.0179308,0.220043
g_bonds,Z2/21|H42|long,TLT,test_exec,2009-01-30,2009-02-02,2009-04-01,42,61.6063,63.354,0.0283682,0.0279569,0.000418254,0.0275386,time,-0.0305786,2,0.0164479,0.0110907
g_bonds,Z2/21|H42|long,TLT,test_exec,2009-05-28,2009-05-29,2009-07-28,42,54.7824,54.8364,0.000986359,0.000586044,0.000298413,0.000287632,time,-0.0351521,2,0.0194328,-0.0191452
g_bonds,Z2/21|H42|long,TLT,test_exec,2010-12-15,2010-12-16,2011-02-15,42,57.9166,57.6084,-0.00532156,-0.00571935,0.00024127,-0.00596062,time,-0.0244585,2,0.0103193,-0.01628
g_bonds,Z2/21|H42|long,TLT,test_exec,2013-06-25,2013-06-26,2013-08-23,42,74.9951,72.0994,-0.038612,-0.0389965,6.86508e-05,-0.0390652,time,-0.0585243,2,0.0149985,-0.0540637
g_bonds,Z2/21|H42|long,TLT,test_exec,2015-03-04,2015-03-05,2015-05-04,42,91.7279,89.4152,-0.025213,-0.0256028,4.28571e-05,-0.0256457,time,-0.025213,2,0.0057044,-0.0313501
g_bonds,Z2/21|H42|long,TLT,test_exec,2016-11-14,2016-11-15,2017-01-17,42,92.2578,92.9597,0.0076079,0.00720494,0.000831746,0.00637319,time,-0.0422471,2,0.0114725,-0.00509933
g_bonds,Z2/21|H42|long,TLT,test_exec,2018-02-05,2018-02-06,2018-04-06,42,93.8268,94.749,0.00982894,0.00942509,0.00275952,0.00666556,time,-0.0305599,2,0.00523807,0.00142749
g_bonds,Z2/21|H42|long,TLT,test_exec,2021-02-26,2021-03-01,2021-04-28,42,116.969,115.522,-0.0123721,-0.0127671,4.52381e-05,-0.0128124,time,-0.0479165,2,-0.00506526,-0.00774709
g_bonds,Z2/21|H42|long,TLT,test_exec,2022-01-19,2022-01-20,2022-03-21,42,119.092,110.107,-0.0754447,-0.0758144,0.000543651,-0.0763581,time,-0.0754447,2,-0.00625348,-0.0701046
g_bonds,Z2/21|H42|long,TLT,test_exec,2023-03-06,2023-03-07,2023-05-04,42,87.924,91.6617,0.0425103,0.0420934,0.00805516,0.0340382,time,0.00256261,2,-0.0160213,0.0500595
g_bonds,Z2/21|H42|long,TLT,test_exec,2023-08-18,2023-08-21,2023-10-18,42,81.362,74.6552,-0.0824319,-0.0827989,0.00887937,-0.0916782,time,-0.0824319,2,-0.0176001,-0.0740781
g_bonds,Z2/21|H42|long,ULONGsyn,full,1965-09-30,1965-10-01,1965-12-06,42,1.12456,1.10979,-0.0131363,-0.0135309,0.00678016,-0.0203111,time,-0.0131363,2,-0.00519149,-0.0151196
g_bonds,Z2/21|H42|long,ULONGsyn,full,1966-07-01,1966-07-05,1966-09-01,42,1.09376,1.07745,-0.014918,-0.015312,0.0081627,-0.0234747,time,-0.0299553,2,-0.00733297,-0.0161417
g_bonds,Z2/21|H42|long,ULONGsyn,full,1967-05-09,1967-05-10,1967-07-11,42,1.12533,1.12766,0.00206483,0.00166408,0.00605873,-0.00439465,time,-0.01845,2,-0.00977458,0.00537994
g_bonds,Z2/21|H42|long,ULONGsyn,full,1967-11-01,1967-11-02,1968-01-05,42,1.06327,1.10512,0.0393574,0.0389417,0.00812698,0.0308147,time,-0.0253787,2,-0.00689495,0.0377097
g_bonds,Z2/21|H42|long,ULONGsyn,full,1968-03-15,1968-03-18,1968-05-17,42,1.07862,1.09222,0.0126127,0.0122078,0.00899841,0.00320937,time,-0.00115656,2,-0.00614466,0.00935403
g_bonds,Z2/21|H42|long,ULONGsyn,full,1968-12-23,1968-12-24,1969-02-25,42,1.06067,1.0692,0.00804189,0.00763876,0.010227,-0.00258823,time,-0.00019593,2,-0.00413628,0.00154806
g_bonds,Z2/21|H42|long,ULONGsyn,full,1969-06-10,1969-06-11,1969-08-12,42,1.0723,1.09227,0.0186253,0.0182179,0.011396,0.00682186,time,-0.00646736,2,-0.00285403,0.00967588
g_bonds,Z2/21|H42|long,ULONGsyn,full,1970-04-23,1970-04-24,1970-06-23,42,1.0383,1.03074,-0.00728594,-0.00768295,0.0113357,-0.0190187,time,-0.0593359,2,-0.00557993,-0.0134387
g_bonds,Z2/21|H42|long,ULONGsyn,full,1971-05-07,1971-05-10,1971-07-09,42,1.21733,1.21208,-0.00431503,-0.00471322,0.00780198,-0.0125152,time,-0.0281621,2,-0.00674466,-0.00577055
g_bonds,Z2/21|H42|long,ULONGsyn,full,1975-03-20,1975-03-21,1975-05-21,42,1.29717,1.32032,0.0178479,0.0174409,0.00910833,0.00833255,time,-0.0210849,2,-0.00376162,0.0120942
g_bonds,Z2/21|H42|long,ULONGsyn,full,1975-08-08,1975-08-11,1975-10-09,42,1.30479,1.3292,0.0187084,0.0183009,0.0106988,0.00760214,time,-0.0161293,2,-0.004676,0.0122781
g_bonds,Z2/21|H42|long,ULONGsyn,full,1977-01-28,1977-01-31,1977-03-31,42,1.59403,1.5924,-0.00101917,-0.00141869,0.00771825,-0.00913694,time,-0.0130875,2,-0.00955401,0.000417064
g_bonds,Z2/21|H42|long,ULONGsyn,full,1978-12-20,1978-12-21,1979-02-23,42,1.60925,1.61464,0.00334704,0.00294578,0.0155365,-0.0125907,time,0,2,-0.0118586,-0.00073216
g_bonds,Z2/21|H42|long,ULONGsyn,full,1979-09-06,1979-09-07,1979-11-08,42,1.68093,1.50381,-0.105374,-0.105732,0.0187599,-0.124492,time,-0.107252,2,-0.00572813,-0.118763
g_bonds,Z2/21|H42|long,ULONGsyn,full,1980-08-22,1980-08-25,1980-10-24,42,1.54317,1.51574,-0.0177743,-0.0181671,0.0178202,-0.0359873,time,-0.0505992,2,-0.0074864,-0.0285009
g_bonds,Z2/21|H42|long,ULONGsyn,full,1981-05-06,1981-05-07,1981-07-08,42,1.36524,1.43775,0.0531113,0.0526901,0.0255238,0.0271663,time,-0.00586188,2,-0.00876671,0.035933
g_bonds,Z2/21|H42|long,ULONGsyn,full,1986-05-19,1986-05-20,1986-07-21,42,4.35058,4.62668,0.063464,0.0630387,0.0101429,0.0528958,time,-0.036823,2,0.0129131,0.0399827
g_bonds,Z2/21|H42|long,ULONGsyn,full,1987-04-15,1987-04-16,1987-06-17,42,4.32427,4.29141,-0.00759904,-0.00799593,0.00940119,-0.0173971,time,-0.0794093,2,0.0161298,-0.0335269
g_bonds,Z2/21|H42|long,ULONGsyn,full,1987-09-17,1987-09-18,1987-11-19,42,3.90103,4.22554,0.0831858,0.0827526,0.0101349,0.0726177,time,-0.0561118,2,0.0134285,0.0591892
g_bonds,Z2/21|H42|long,ULONGsyn,full,1992-01-31,1992-02-03,1992-04-02,42,6.80533,6.81388,0.00125711,0.000856687,0.0065881,-0.00573141,time,-0.019218,2,0.00978101,-0.0155124
g_bonds,Z2/21|H42|long,ULONGsyn,full,1992-11-03,1992-11-04,1993-01-07,42,7.31869,7.62764,0.0422152,0.0417984,0.0053,0.0364984,time,-0.0076816,2,0.0113775,0.025121
g_bonds,Z2/21|H42|long,ULONGsyn,full,1993-11-22,1993-11-23,1994-01-25,42,9.34057,9.39025,0.00531896,0.00491692,0.00506032,-0.0001434,time,-0.00768652,2,0.0106986,-0.010842
g_bonds,Z2/21|H42|long,ULONGsyn,full,1994-03-02,1994-03-03,1994-05-04,42,8.85587,8.41338,-0.0499655,-0.0503454,0.00603175,-0.0563772,time,-0.0645244,2,0.00922514,-0.0656023
g_bonds,Z2/21|H42|long,ULONGsyn,full,1996-03-11,1996-03-12,1996-05-09,42,10.4398,10.0801,-0.0344569,-0.0348431,0.00828849,-0.0431315,time,-0.047433,2,0.0083418,-0.0514733
g_bonds,Z2/21|H42|long,ULONGsyn,full,1998-11-05,1998-11-06,1999-01-11,42,14.7308,15.0436,0.0212331,0.0208247,0.00732302,0.0135017,time,0,2,0.00527292,0.00822878
g_bonds,Z2/21|H42|long,ULONGsyn,full,1999-02-26,1999-03-01,1999-04-28,42,14.3265,14.6397,0.0218656,0.0214569,0.00726627,0.0141907,time,-0.00240678,2,0.0057217,0.00846896
g_bonds,Z2/21|H42|long,ULONGsyn,full,2000-01-12,2000-01-13,2000-03-15,42,13.196,14.4061,0.0917027,0.0912661,0.00921786,0.0820482,time,-0.0118743,2,0.00994605,0.0721022
g_bonds,Z2/21|H42|long,ULONGsyn,full,2000-05-05,2000-05-08,2000-07-07,42,14.1782,15.0846,0.0639307,0.0635052,0.00957302,0.0539322,time,0,2,0.0118028,0.0421293
g_bonds,Z2/21|H42|long,ULONGsyn,full,2001-12-06,2001-12-07,2002-02-08,42,16.9243,17.613,0.0406936,0.0402774,0.0027877,0.0374897,time,0,2,0.00639429,0.0310954
g_bonds,Z2/21|H42|long,ULONGsyn,full,2002-03-26,2002-03-27,2002-05-28,42,16.5765,16.9276,0.0211778,0.0207695,0.00286944,0.0179,time,-0.00756834,2,0.00945322,0.00844679
g_bonds,Z2/21|H42|long,ULONGsyn,full,2003-07-15,2003-07-16,2003-09-15,42,19.7823,19.216,-0.0286262,-0.0290146,0.00156825,-0.0305829,time,-0.0680118,2,0.00798909,-0.038572
g_bonds,Z2/21|H42|long,ULONGsyn,full,2004-04-15,2004-04-16,2004-06-17,42,19.9074,19.794,-0.00569645,-0.00609409,0.00178452,-0.00787862,time,-0.0392744,2,0.00749876,-0.0153774
g_bonds,Z2/21|H42|long,ULONGsyn,full,2007-06-08,2007-06-11,2007-08-09,42,23.3185,24.3059,0.0423417,0.0419249,0.00788492,0.03404,time,-0.0161968,2,0.0108115,0.0232284
g_bonds,Z2/21|H42|long,ULONGsyn,full,2007-12-27,2007-12-28,2008-02-29,42,26.811,27.4411,0.0235013,0.0230919,0.00411111,0.0189808,time,-0.0205782,2,0.00528809,0.0136927
g_bonds,Z2/21|H42|long,ULONGsyn,full,2008-10-16,2008-10-17,2008-12-18,42,28.5766,40.0952,0.403076,0.402515,0.000479365,0.402035,time,-0.00365299,2,0.0138136,0.388222
g_bonds,Z2/21|H42|long,ULONGsyn,full,2009-01-30,2009-02-02,2009-04-02,42,33.3928,32.9041,-0.0146348,-0.0150289,0.00041627,-0.0154452,time,-0.0606837,2,0.0127415,-0.0281867
g_bonds,Z2/21|H42|long,ULONGsyn,full,2009-05-28,2009-05-29,2009-07-29,42,28.907,28.3304,-0.0199458,-0.0203378,0.000300397,-0.0206381,time,-0.0649642,2,0.0184731,-0.0391112
g_bonds,Z2/21|H42|long,ULONGsyn,full,2010-12-15,2010-12-16,2011-02-16,42,29.5441,29.2812,-0.00889865,-0.00929501,0.000240873,-0.00953588,time,-0.0240196,2,0.0106317,-0.0201676
g_bonds,Z2/21|H42|long,ULONGsyn,full,2013-06-25,2013-06-26,2013-08-26,42,37.6712,36.5999,-0.028438,-0.0288265,6.78571e-05,-0.0288944,time,-0.0510382,2,0.0154716,-0.044366
g_bonds,Z2/21|H42|long,ULONGsyn,full,2015-03-04,2015-03-05,2015-05-04,42,46.9828,45.5485,-0.0305273,-0.030915,4.28571e-05,-0.0309578,time,-0.0305273,2,0.00571791,-0.0366758
g_bonds,Z2/21|H42|long,ULONGsyn,full,2016-11-14,2016-11-15,2017-01-18,42,46.3321,46.2829,-0.00106235,-0.00146184,0.00083254,-0.00229438,time,-0.0397484,2,0.0124325,-0.0147268
g_bonds,Z2/21|H42|long,ULONGsyn,full,2018-02-05,2018-02-06,2018-04-09,42,47.0529,47.658,0.0128606,0.0124555,0.00276865,0.0096869,time,-0.0293189,2,0.00500477,0.00468213
g_bonds,Z2/21|H42|long,ULONGsyn,full,2021-02-26,2021-03-01,2021-04-28,42,58.9211,58.3408,-0.00984846,-0.0102444,4.40476e-05,-0.0102885,time,-0.0453276,2,-0.00487827,-0.00541022
g_bonds,Z2/21|H42|long,ULONGsyn,full,2022-01-19,2022-01-20,2022-03-22,42,60.9603,55.3855,-0.0914502,-0.0918136,0.000556746,-0.0923703,time,-0.0914502,2,-0.00575864,-0.0866117
g_bonds,Z2/21|H42|long,ULONGsyn,full,2023-03-06,2023-03-07,2023-05-04,42,44.5365,45.9694,0.0321753,0.0317625,0.00805278,0.0237098,time,0,2,-0.0174362,0.041146
g_bonds,Z2/21|H42|long,ULONGsyn,full,2023-08-18,2023-08-21,2023-10-20,42,41.0618,37.347,-0.090467,-0.0908307,0.00887857,-0.0997093,time,-0.0933677,2,-0.01877,-0.0809393
g_bonds,Z2/21|H63|10y,UST10syn,design,1965-09-30,1965-10-01,1966-01-05,63,1.13708,1.12598,-0.00975839,-0.0101544,0.0104857,-0.0206401,time,-0.0156417,2,-0.00513022,-0.0155099
g_bonds,Z2/21|H63|10y,UST10syn,design,1966-07-01,1966-07-05,1966-10-03,63,1.12336,1.127,0.00324369,0.00284247,0.0126456,-0.00980316,time,-0.0341298,2,-0.00841217,-0.00139099
g_bonds,Z2/21|H63|10y,UST10syn,design,1967-05-09,1967-05-10,1967-08-09,63,1.17858,1.15691,-0.0183836,-0.0187762,0.00955516,-0.0283313,time,-0.0209287,2,-0.00997933,-0.018352
g_bonds,Z2/21|H63|10y,UST10syn,design,1967-11-01,1967-11-02,1968-02-05,63,1.13281,1.15905,0.0231578,0.0227486,0.0122734,0.0104752,time,-0.0102323,2,-0.00562531,0.0161005
g_bonds,Z2/21|H63|10y,UST10syn,design,1968-03-15,1968-03-18,1968-06-18,63,1.1525,1.17364,0.0183398,0.0179326,0.0137528,0.0041798,time,-0.0094451,2,-0.00501132,0.00919111
g_bonds,Z2/21|H63|10y,UST10syn,design,1968-12-23,1968-12-24,1969-03-26,63,1.15869,1.17242,0.0118549,0.0114502,0.0152619,-0.00381167,time,0,2,-0.00203713,-0.00177453
g_bonds,Z2/21|H63|10y,UST10syn,design,1969-06-10,1969-06-11,1969-09-11,63,1.16743,1.14628,-0.0181182,-0.0185109,0.0172377,-0.0357486,time,-0.0181182,2,-0.00136045,-0.0343881
g_bonds,Z2/21|H63|10y,UST10syn,design,1970-04-23,1970-04-24,1970-07-23,63,1.14381,1.19857,0.0478766,0.0474575,0.0167317,0.0307258,time,-0.0268183,2,-0.00367243,0.0343982
g_bonds,Z2/21|H63|10y,UST10syn,design,1971-05-07,1971-05-10,1971-08-09,63,1.36663,1.32413,-0.0310955,-0.0314829,0.0122845,-0.0437675,time,-0.0380881,2,-0.00378361,-0.0399839
g_bonds,Z2/21|H63|10y,UST10syn,design,1975-03-20,1975-03-21,1975-06-20,63,1.58272,1.60345,0.013101,0.0126958,0.0134194,-0.0007236,time,-0.0257749,2,-0.00278092,0.00205732
g_bonds,Z2/21|H63|10y,UST10syn,design,1975-08-08,1975-08-11,1975-11-12,63,1.57453,1.65517,0.0512195,0.0507991,0.0154345,0.0353646,time,-0.00573238,2,-0.00281553,0.0381802
g_bonds,Z2/21|H63|10y,UST10syn,design,1977-01-28,1977-01-31,1977-05-02,63,1.88634,1.91462,0.0149876,0.0145817,0.0115063,0.00307535,time,-0.00446434,2,-0.00917879,0.0122541
g_bonds,Z2/21|H63|10y,UST10syn,design,1978-12-20,1978-12-21,1979-03-26,63,1.94566,1.9974,0.0265962,0.0261856,0.0234393,0.00274635,time,0,2,-0.0127934,0.0155398
g_bonds,Z2/21|H63|10y,UST10syn,design,1979-09-06,1979-09-07,1979-12-11,63,2.05149,1.96287,-0.0431982,-0.0435809,0.028525,-0.0721059,time,-0.0878132,2,-0.00497481,-0.0671311
g_bonds,Z2/21|H63|10y,UST10syn,design,1980-08-22,1980-08-25,1980-11-26,63,2.00062,1.91781,-0.0413931,-0.0417765,0.0289897,-0.0707662,time,-0.0681769,2,-0.00704155,-0.0637246
g_bonds,Z2/21|H63|10y,UST10syn,design,1981-05-06,1981-05-07,1981-08-06,63,1.85372,1.86647,0.00687536,0.00647269,0.0381095,-0.0316368,time,-0.00597909,2,-0.00776722,-0.0238696
g_bonds,Z2/21|H63|10y,UST10syn,design,1986-05-19,1986-05-20,1986-08-19,63,4.91349,5.3125,0.0812065,0.0807741,0.0149067,0.0658673,time,-0.0308583,2,0.0146886,0.0511787
g_bonds,Z2/21|H63|10y,UST10syn,design,1987-04-15,1987-04-16,1987-07-17,63,5.19253,5.18528,-0.00139518,-0.00179454,0.0141139,-0.0159084,time,-0.050259,2,0.0179559,-0.0338643
g_bonds,Z2/21|H63|10y,UST10syn,design,1987-09-17,1987-09-18,1987-12-21,63,4.9246,5.20464,0.0568648,0.0564422,0.0149095,0.0415326,time,-0.0450224,2,0.0152178,0.0263149
g_bonds,Z2/21|H63|10y,UST10syn,design,1992-01-31,1992-02-03,1992-05-04,63,8.13604,8.16166,0.00314827,0.00274709,0.00968214,-0.00693505,time,-0.016349,2,0.0120696,-0.0190047
g_bonds,Z2/21|H63|10y,UST10syn,design,1992-11-03,1992-11-04,1993-02-08,63,8.86398,9.36594,0.0566295,0.0562069,0.00776548,0.0484414,time,-0.00687102,2,0.0130245,0.0354169
g_bonds,Z2/21|H63|10y,UST10syn,design,1993-11-22,1993-11-23,1994-02-24,63,10.2055,10.0523,-0.0150064,-0.0154004,0.0077119,-0.0231123,time,-0.0150064,2,0.0112641,-0.0343764
g_bonds,Z2/21|H63|10y,UST10syn,design,1994-03-02,1994-03-03,1994-06-03,63,9.96852,9.68735,-0.0282054,-0.028594,0.00950317,-0.0380972,time,-0.0669073,2,0.0101532,-0.0482505
g_bonds,Z2/21|H63|10y,UST10syn,design,1996-03-11,1996-03-12,1996-06-10,63,11.4114,11.0958,-0.0276528,-0.0280417,0.0124933,-0.0405349,time,-0.0295658,2,0.00594552,-0.0464804
g_bonds,Z2/21|H63|10y,UST10syn,design,1998-11-05,1998-11-06,1999-02-10,63,14.92,15.1396,0.0147174,0.0143116,0.0109476,0.003364,time,0,2,0.00510046,-0.00173646
g_bonds,Z2/21|H63|10y,UST10syn,design,1999-02-26,1999-03-01,1999-05-27,63,14.6025,14.539,-0.0043449,-0.00474308,0.0110067,-0.0157498,time,-0.0101823,2,0.00674266,-0.0224925
g_bonds,Z2/21|H63|10y,UST10syn,design,2000-01-12,2000-01-13,2000-04-13,63,14.0084,14.9698,0.0686293,0.0682019,0.013975,0.0542269,time,-0.0101906,2,0.0122182,0.0420087
g_bonds,Z2/21|H63|10y,UST10syn,design,2000-05-05,2000-05-08,2000-08-07,63,14.3514,15.2279,0.0610699,0.0606455,0.0145774,0.0460681,time,0,2,0.0124378,0.0336303
g_bonds,Z2/21|H63|10y,UST10syn,design,2001-12-06,2001-12-07,2002-03-12,63,17.2762,17.3382,0.00359163,0.00319027,0.00424048,-0.0010502,time,-0.00324858,2,0.00691192,-0.00796212
g_bonds,Z2/21|H63|10y,UST10syn,design,2002-03-26,2002-03-27,2002-06-26,63,17.336,18.3936,0.0610069,0.0605826,0.00429008,0.0562925,time,-0.00613107,2,0.00947007,0.0468224
g_bonds,Z2/21|H63|10y,UST10syn,design,2003-07-15,2003-07-16,2003-10-15,63,20.3822,19.8375,-0.0267257,-0.027115,0.00233452,-0.0294495,time,-0.0451669,2,0.00845919,-0.0379087
g_bonds,Z2/21|H63|10y,UST10syn,design,2004-04-15,2004-04-16,2004-07-19,63,20.3412,20.5637,0.0109378,0.0105335,0.00286468,0.00766884,time,-0.0342094,2,0.00593839,0.00173045
g_bonds,Z2/21|H63|10y,UST10syn,design,2007-06-08,2007-06-11,2007-09-10,63,22.0365,23.7536,0.077922,0.0774909,0.0112179,0.0662731,time,-0.00909862,2,0.00668625,0.0595868
g_bonds,Z2/21|H63|10y,UST10syn,design,2007-12-27,2007-12-28,2008-04-01,63,24.5029,25.8443,0.054746,0.0543241,0.00516786,0.0491563,time,0,2,0.00545387,0.0437024
g_bonds,Z2/21|H63|10y,UST10syn,test,2008-10-16,2008-10-17,2009-01-21,63,25.4845,28.9374,0.135491,0.135037,0.000550794,0.134486,time,-0.00108466,2,0.016967,0.117519
g_bonds,Z2/21|H63|10y,UST10syn,test,2009-01-30,2009-02-02,2009-05-04,63,28.4587,27.5927,-0.0304311,-0.0308189,0.000544048,-0.0313629,time,-0.0323323,2,0.015783,-0.047146
g_bonds,Z2/21|H63|10y,UST10syn,test,2009-05-28,2009-05-29,2009-08-27,63,27.0021,27.2245,0.00823942,0.0078362,0.000445635,0.00739057,time,-0.0403801,2,0.0172944,-0.00990384
g_bonds,Z2/21|H63|10y,UST10syn,test,2010-12-15,2010-12-16,2011-03-18,63,28.355,29.0519,0.0245797,0.0241699,0.000331349,0.0238386,time,-0.0183761,2,0.00976177,0.0140768
g_bonds,Z2/21|H63|10y,UST10syn,test,2013-06-25,2013-06-26,2013-09-25,63,32.3694,32.3482,-0.000654504,-0.00105416,8.4127e-05,-0.00113829,time,-0.0319508,2,0.0103062,-0.0114445
g_bonds,Z2/21|H63|10y,UST10syn,test,2015-03-04,2015-03-05,2015-06-03,63,35.0801,34.4087,-0.0191379,-0.0195301,5.6746e-05,-0.0195869,time,-0.0191379,2,0.00135205,-0.0209389
g_bonds,Z2/21|H63|10y,UST10syn,test,2016-11-14,2016-11-15,2017-02-16,63,35.8173,35.3366,-0.0134212,-0.0138157,0.0012619,-0.0150776,time,-0.0303499,2,0.0075242,-0.0226018
g_bonds,Z2/21|H63|10y,UST10syn,test,2018-02-05,2018-02-06,2018-05-08,63,35.0754,34.7781,-0.00847575,-0.00887228,0.00425873,-0.013131,time,-0.0146031,2,0.00420124,-0.0173322
g_bonds,Z2/21|H63|10y,UST10syn,test,2021-02-26,2021-03-01,2021-05-27,63,41.8232,41.3633,-0.0109954,-0.0113909,5.87302e-05,-0.0114496,time,-0.0256533,2,-0.00419936,-0.00725027
g_bonds,Z2/21|H63|10y,UST10syn,test,2022-01-19,2022-01-20,2022-04-21,63,40.9023,37.3812,-0.0860854,-0.0864509,0.00111071,-0.0875616,time,-0.088577,2,-0.00524993,-0.0823117
g_bonds,Z2/21|H63|10y,UST10syn,test,2023-03-06,2023-03-07,2023-06-05,63,35.1279,36.2423,0.0317245,0.0313119,0.0123496,0.0189623,time,-0.000709594,2,-0.0127517,0.031714
g_bonds,Z2/21|H63|10y,UST10syn,test,2023-08-18,2023-08-21,2023-11-20,63,34.6409,34.7943,0.00442871,0.00402701,0.0132857,-0.0092587,time,-0.0428245,2,-0.0142191,0.00496036
g_bonds,Z2/21|H63|10y,IEF,test_exec,2008-10-16,2008-10-17,2009-01-16,63,57.2286,64.3973,0.125264,0.124814,0.000584524,0.12423,time,-0.00011386,2,0.0181886,0.106041
g_bonds,Z2/21|H63|10y,IEF,test_exec,2009-01-30,2009-02-02,2009-05-01,63,62.5594,61.9556,-0.00965205,-0.0100481,0.000547222,-0.0105953,time,-0.0151895,2,0.0173638,-0.0279591
g_bonds,Z2/21|H63|10y,IEF,test_exec,2009-05-28,2009-05-29,2009-08-26,63,60.2119,61.3399,0.018734,0.0183266,0.000445238,0.0178814,time,-0.0244002,2,0.0184431,-0.000561699
g_bonds,Z2/21|H63|10y,IEF,test_exec,2010-12-15,2010-12-16,2011-03-17,63,65.0991,67.0488,0.0299492,0.0295373,0.00033373,0.0292036,time,-0.00917901,2,0.0118623,0.0173412
g_bonds,Z2/21|H63|10y,IEF,test_exec,2013-06-25,2013-06-26,2013-09-24,63,76.0139,75.9639,-0.000657346,-0.001057,8.57143e-05,-0.00114272,time,-0.0314994,2,0.0111622,-0.0123049
g_bonds,Z2/21|H63|10y,IEF,test_exec,2015-03-04,2015-03-05,2015-06-03,63,82.016,80.934,-0.0131931,-0.0135877,5.6746e-05,-0.0136445,time,-0.0131931,2,0.00248117,-0.0161257
g_bonds,Z2/21|H63|10y,IEF,test_exec,2016-11-14,2016-11-15,2017-02-15,63,84.4572,83.2463,-0.0143378,-0.014732,0.00126111,-0.0159931,time,-0.026606,2,0.00682966,-0.0228228
g_bonds,Z2/21|H63|10y,IEF,test_exec,2018-02-05,2018-02-06,2018-05-07,63,83.5251,82.846,-0.00812972,-0.00852639,0.00424524,-0.0127716,time,-0.0144761,2,0.00467074,-0.0174424
g_bonds,Z2/21|H63|10y,IEF,test_exec,2021-02-26,2021-03-01,2021-05-27,63,98.9173,98.1336,-0.00792185,-0.0083186,5.99206e-05,-0.00837852,time,-0.0219974,2,-0.00394897,-0.00442955
g_bonds,Z2/21|H63|10y,IEF,test_exec,2022-01-19,2022-01-20,2022-04-20,63,96.7774,89.3486,-0.076761,-0.0771302,0.00108532,-0.0782155,time,-0.0839138,2,-0.00502107,-0.0731944
g_bonds,Z2/21|H63|10y,IEF,test_exec,2023-03-06,2023-03-07,2023-06-05,63,83.9896,86.4418,0.029197,0.0287854,0.012352,0.0164334,time,-0.00199646,2,-0.0109712,0.0274046
g_bonds,Z2/21|H63|10y,IEF,test_exec,2023-08-18,2023-08-21,2023-11-16,63,83.1819,83.2249,0.000517437,0.000117311,0.0132913,-0.013174,time,-0.0402434,2,-0.0124812,-0.000692734
g_bonds,Z2/21|H63|10y,UST10syn,full,1965-09-30,1965-10-01,1966-01-05,63,1.13708,1.12598,-0.00975839,-0.0101544,0.0104857,-0.0206401,time,-0.0156417,2,-0.00513022,-0.0155099
g_bonds,Z2/21|H63|10y,UST10syn,full,1966-07-01,1966-07-05,1966-10-03,63,1.12336,1.127,0.00324369,0.00284247,0.0126456,-0.00980316,time,-0.0341298,2,-0.00841217,-0.00139099
g_bonds,Z2/21|H63|10y,UST10syn,full,1967-05-09,1967-05-10,1967-08-09,63,1.17858,1.15691,-0.0183836,-0.0187762,0.00955516,-0.0283313,time,-0.0209287,2,-0.00997933,-0.018352
g_bonds,Z2/21|H63|10y,UST10syn,full,1967-11-01,1967-11-02,1968-02-05,63,1.13281,1.15905,0.0231578,0.0227486,0.0122734,0.0104752,time,-0.0102323,2,-0.00562531,0.0161005
g_bonds,Z2/21|H63|10y,UST10syn,full,1968-03-15,1968-03-18,1968-06-18,63,1.1525,1.17364,0.0183398,0.0179326,0.0137528,0.0041798,time,-0.0094451,2,-0.00501132,0.00919111
g_bonds,Z2/21|H63|10y,UST10syn,full,1968-12-23,1968-12-24,1969-03-26,63,1.15869,1.17242,0.0118549,0.0114502,0.0152619,-0.00381167,time,0,2,-0.00203713,-0.00177453
g_bonds,Z2/21|H63|10y,UST10syn,full,1969-06-10,1969-06-11,1969-09-11,63,1.16743,1.14628,-0.0181182,-0.0185109,0.0172377,-0.0357486,time,-0.0181182,2,-0.00136045,-0.0343881
g_bonds,Z2/21|H63|10y,UST10syn,full,1970-04-23,1970-04-24,1970-07-23,63,1.14381,1.19857,0.0478766,0.0474575,0.0167317,0.0307258,time,-0.0268183,2,-0.00367243,0.0343982
g_bonds,Z2/21|H63|10y,UST10syn,full,1971-05-07,1971-05-10,1971-08-09,63,1.36663,1.32413,-0.0310955,-0.0314829,0.0122845,-0.0437675,time,-0.0380881,2,-0.00378361,-0.0399839
g_bonds,Z2/21|H63|10y,UST10syn,full,1975-03-20,1975-03-21,1975-06-20,63,1.58272,1.60345,0.013101,0.0126958,0.0134194,-0.0007236,time,-0.0257749,2,-0.00278092,0.00205732
g_bonds,Z2/21|H63|10y,UST10syn,full,1975-08-08,1975-08-11,1975-11-12,63,1.57453,1.65517,0.0512195,0.0507991,0.0154345,0.0353646,time,-0.00573238,2,-0.00281553,0.0381802
g_bonds,Z2/21|H63|10y,UST10syn,full,1977-01-28,1977-01-31,1977-05-02,63,1.88634,1.91462,0.0149876,0.0145817,0.0115063,0.00307535,time,-0.00446434,2,-0.00917879,0.0122541
g_bonds,Z2/21|H63|10y,UST10syn,full,1978-12-20,1978-12-21,1979-03-26,63,1.94566,1.9974,0.0265962,0.0261856,0.0234393,0.00274635,time,0,2,-0.0127934,0.0155398
g_bonds,Z2/21|H63|10y,UST10syn,full,1979-09-06,1979-09-07,1979-12-11,63,2.05149,1.96287,-0.0431982,-0.0435809,0.028525,-0.0721059,time,-0.0878132,2,-0.00497481,-0.0671311
g_bonds,Z2/21|H63|10y,UST10syn,full,1980-08-22,1980-08-25,1980-11-26,63,2.00062,1.91781,-0.0413931,-0.0417765,0.0289897,-0.0707662,time,-0.0681769,2,-0.00704155,-0.0637246
g_bonds,Z2/21|H63|10y,UST10syn,full,1981-05-06,1981-05-07,1981-08-06,63,1.85372,1.86647,0.00687536,0.00647269,0.0381095,-0.0316368,time,-0.00597909,2,-0.00776722,-0.0238696
g_bonds,Z2/21|H63|10y,UST10syn,full,1986-05-19,1986-05-20,1986-08-19,63,4.91349,5.3125,0.0812065,0.0807741,0.0149067,0.0658673,time,-0.0308583,2,0.0146886,0.0511787
g_bonds,Z2/21|H63|10y,UST10syn,full,1987-04-15,1987-04-16,1987-07-17,63,5.19253,5.18528,-0.00139518,-0.00179454,0.0141139,-0.0159084,time,-0.050259,2,0.0179559,-0.0338643
g_bonds,Z2/21|H63|10y,UST10syn,full,1987-09-17,1987-09-18,1987-12-21,63,4.9246,5.20464,0.0568648,0.0564422,0.0149095,0.0415326,time,-0.0450224,2,0.0152178,0.0263149
g_bonds,Z2/21|H63|10y,UST10syn,full,1992-01-31,1992-02-03,1992-05-04,63,8.13604,8.16166,0.00314827,0.00274709,0.00968214,-0.00693505,time,-0.016349,2,0.0120696,-0.0190047
g_bonds,Z2/21|H63|10y,UST10syn,full,1992-11-03,1992-11-04,1993-02-08,63,8.86398,9.36594,0.0566295,0.0562069,0.00776548,0.0484414,time,-0.00687102,2,0.0130245,0.0354169
g_bonds,Z2/21|H63|10y,UST10syn,full,1993-11-22,1993-11-23,1994-02-24,63,10.2055,10.0523,-0.0150064,-0.0154004,0.0077119,-0.0231123,time,-0.0150064,2,0.0112641,-0.0343764
g_bonds,Z2/21|H63|10y,UST10syn,full,1994-03-02,1994-03-03,1994-06-03,63,9.96852,9.68735,-0.0282054,-0.028594,0.00950317,-0.0380972,time,-0.0669073,2,0.0101532,-0.0482505
g_bonds,Z2/21|H63|10y,UST10syn,full,1996-03-11,1996-03-12,1996-06-10,63,11.4114,11.0958,-0.0276528,-0.0280417,0.0124933,-0.0405349,time,-0.0295658,2,0.00594552,-0.0464804
g_bonds,Z2/21|H63|10y,UST10syn,full,1998-11-05,1998-11-06,1999-02-10,63,14.92,15.1396,0.0147174,0.0143116,0.0109476,0.003364,time,0,2,0.00510046,-0.00173646
g_bonds,Z2/21|H63|10y,UST10syn,full,1999-02-26,1999-03-01,1999-05-27,63,14.6025,14.539,-0.0043449,-0.00474308,0.0110067,-0.0157498,time,-0.0101823,2,0.00674266,-0.0224925
g_bonds,Z2/21|H63|10y,UST10syn,full,2000-01-12,2000-01-13,2000-04-13,63,14.0084,14.9698,0.0686293,0.0682019,0.013975,0.0542269,time,-0.0101906,2,0.0122182,0.0420087
g_bonds,Z2/21|H63|10y,UST10syn,full,2000-05-05,2000-05-08,2000-08-07,63,14.3514,15.2279,0.0610699,0.0606455,0.0145774,0.0460681,time,0,2,0.0124378,0.0336303
g_bonds,Z2/21|H63|10y,UST10syn,full,2001-12-06,2001-12-07,2002-03-12,63,17.2762,17.3382,0.00359163,0.00319027,0.00424048,-0.0010502,time,-0.00324858,2,0.00691192,-0.00796212
g_bonds,Z2/21|H63|10y,UST10syn,full,2002-03-26,2002-03-27,2002-06-26,63,17.336,18.3936,0.0610069,0.0605826,0.00429008,0.0562925,time,-0.00613107,2,0.00947007,0.0468224
g_bonds,Z2/21|H63|10y,UST10syn,full,2003-07-15,2003-07-16,2003-10-15,63,20.3822,19.8375,-0.0267257,-0.027115,0.00233452,-0.0294495,time,-0.0451669,2,0.00845919,-0.0379087
g_bonds,Z2/21|H63|10y,UST10syn,full,2004-04-15,2004-04-16,2004-07-19,63,20.3412,20.5637,0.0109378,0.0105335,0.00286468,0.00766884,time,-0.0342094,2,0.00593839,0.00173045
g_bonds,Z2/21|H63|10y,UST10syn,full,2007-06-08,2007-06-11,2007-09-10,63,22.0365,23.7536,0.077922,0.0774909,0.0112179,0.0662731,time,-0.00909862,2,0.00987712,0.0563959
g_bonds,Z2/21|H63|10y,UST10syn,full,2007-12-27,2007-12-28,2008-04-01,63,24.5029,25.8443,0.054746,0.0543241,0.00516786,0.0491563,time,0,2,0.00720047,0.0419558
g_bonds,Z2/21|H63|10y,UST10syn,full,2008-10-16,2008-10-17,2009-01-21,63,25.4845,28.9374,0.135491,0.135037,0.000550794,0.134486,time,-0.00108466,2,0.0138261,0.12066
g_bonds,Z2/21|H63|10y,UST10syn,full,2009-01-30,2009-02-02,2009-05-04,63,28.4587,27.5927,-0.0304311,-0.0308189,0.000544048,-0.0313629,time,-0.0323323,2,0.0145957,-0.0459586
g_bonds,Z2/21|H63|10y,UST10syn,full,2009-05-28,2009-05-29,2009-08-27,63,27.0021,27.2245,0.00823942,0.0078362,0.000445635,0.00739057,time,-0.0403801,2,0.017565,-0.0101744
g_bonds,Z2/21|H63|10y,UST10syn,full,2010-12-15,2010-12-16,2011-03-18,63,28.355,29.0519,0.0245797,0.0241699,0.000331349,0.0238386,time,-0.0183761,2,0.010264,0.0135746
g_bonds,Z2/21|H63|10y,UST10syn,full,2013-06-25,2013-06-26,2013-09-25,63,32.3694,32.3482,-0.000654504,-0.00105416,8.4127e-05,-0.00113829,time,-0.0319508,2,0.0103062,-0.0114445
g_bonds,Z2/21|H63|10y,UST10syn,full,2015-03-04,2015-03-05,2015-06-03,63,35.0801,34.4087,-0.0191379,-0.0195301,5.6746e-05,-0.0195869,time,-0.0191379,2,0.00135205,-0.0209389
g_bonds,Z2/21|H63|10y,UST10syn,full,2016-11-14,2016-11-15,2017-02-16,63,35.8173,35.3366,-0.0134212,-0.0138157,0.0012619,-0.0150776,time,-0.0303499,2,0.0075242,-0.0226018
g_bonds,Z2/21|H63|10y,UST10syn,full,2018-02-05,2018-02-06,2018-05-08,63,35.0754,34.7781,-0.00847575,-0.00887228,0.00425873,-0.013131,time,-0.0146031,2,0.00420124,-0.0173322
g_bonds,Z2/21|H63|10y,UST10syn,full,2021-02-26,2021-03-01,2021-05-27,63,41.8232,41.3633,-0.0109954,-0.0113909,5.87302e-05,-0.0114496,time,-0.0256533,2,-0.00419936,-0.00725027
g_bonds,Z2/21|H63|10y,UST10syn,full,2022-01-19,2022-01-20,2022-04-21,63,40.9023,37.3812,-0.0860854,-0.0864509,0.00111071,-0.0875616,time,-0.088577,2,-0.00524993,-0.0823117
g_bonds,Z2/21|H63|10y,UST10syn,full,2023-03-06,2023-03-07,2023-06-05,63,35.1279,36.2423,0.0317245,0.0313119,0.0123496,0.0189623,time,-0.000709594,2,-0.0127517,0.031714
g_bonds,Z2/21|H63|10y,UST10syn,full,2023-08-18,2023-08-21,2023-11-20,63,34.6409,34.7943,0.00442871,0.00402701,0.0132857,-0.0092587,time,-0.0428245,2,-0.0142191,0.00496036
g_bonds,Z2/21|H63|long,ULONGsyn,design,1965-09-30,1965-10-01,1966-01-05,63,1.12456,1.11244,-0.0107745,-0.0111701,0.0104857,-0.0216558,time,-0.0160313,2,-0.00828299,-0.0133728
g_bonds,Z2/21|H63|long,ULONGsyn,design,1966-07-01,1966-07-05,1966-10-03,63,1.09376,1.09304,-0.000664221,-0.00106388,0.0126456,-0.0137095,time,-0.0299553,2,-0.0112675,-0.00244205
g_bonds,Z2/21|H63|long,ULONGsyn,design,1967-05-09,1967-05-10,1967-08-09,63,1.12533,1.11248,-0.0114234,-0.0118187,0.00955516,-0.0213739,time,-0.01845,2,-0.0142796,-0.00709427
g_bonds,Z2/21|H63|long,ULONGsyn,design,1967-11-01,1967-11-02,1968-02-05,63,1.06327,1.10204,0.036466,0.0360515,0.0122734,0.023778,time,-0.0253787,2,-0.00974628,0.0335243
g_bonds,Z2/21|H63|long,ULONGsyn,design,1968-03-15,1968-03-18,1968-06-18,63,1.07862,1.12286,0.041022,0.0406056,0.0137528,0.0268529,time,-0.00115656,2,-0.00931493,0.0361678
g_bonds,Z2/21|H63|long,ULONGsyn,design,1968-12-23,1968-12-24,1969-03-26,63,1.06067,1.0623,0.00153948,0.00113894,0.0152619,-0.014123,time,-0.00898317,2,-0.00562123,-0.00850174
g_bonds,Z2/21|H63|long,ULONGsyn,design,1969-06-10,1969-06-11,1969-09-11,63,1.0723,1.06864,-0.00341125,-0.00380981,0.0172377,-0.0210475,time,-0.00836726,2,-0.00377954,-0.017268
g_bonds,Z2/21|H63|long,ULONGsyn,design,1970-04-23,1970-04-24,1970-07-23,63,1.0383,1.08747,0.0473488,0.04693,0.0167317,0.0301982,time,-0.0593359,2,-0.00829595,0.0384942
g_bonds,Z2/21|H63|long,ULONGsyn,design,1971-05-07,1971-05-10,1971-08-09,63,1.21733,1.20915,-0.00672285,-0.00712009,0.0122845,-0.0194046,time,-0.0281621,2,-0.010604,-0.00880059
g_bonds,Z2/21|H63|long,ULONGsyn,design,1975-03-20,1975-03-21,1975-06-20,63,1.29717,1.34343,0.035663,0.0352488,0.0134194,0.0218294,time,-0.0210849,2,-0.00579812,0.0276275
g_bonds,Z2/21|H63|long,ULONGsyn,design,1975-08-08,1975-08-11,1975-11-12,63,1.30479,1.36561,0.0466076,0.046189,0.0154345,0.0307545,time,-0.0161293,2,-0.00710921,0.0378637
g_bonds,Z2/21|H63|long,ULONGsyn,design,1977-01-28,1977-01-31,1977-05-02,63,1.59403,1.60135,0.00459353,0.00419178,0.0115063,-0.00731457,time,-0.0130875,2,-0.0118297,0.00451517
g_bonds,Z2/21|H63|long,ULONGsyn,design,1978-12-20,1978-12-21,1979-03-26,63,1.60925,1.63879,0.0183586,0.0179513,0.0234393,-0.00548794,time,0,2,-0.017505,0.0120171
g_bonds,Z2/21|H63|long,ULONGsyn,design,1979-09-06,1979-09-07,1979-12-11,63,1.68093,1.56438,-0.0693375,-0.0697097,0.028525,-0.0982347,time,-0.107252,2,-0.00791288,-0.0903218
g_bonds,Z2/21|H63|long,ULONGsyn,design,1980-08-22,1980-08-25,1980-11-26,63,1.54317,1.45253,-0.058737,-0.0591134,0.0289897,-0.0881031,time,-0.0952705,2,-0.0109499,-0.0771532
g_bonds,Z2/21|H63|long,ULONGsyn,design,1981-05-06,1981-05-07,1981-08-06,63,1.36524,1.3915,0.0192329,0.0188253,0.0381095,-0.0192842,time,-0.00586188,2,-0.0119574,-0.00732681
g_bonds,Z2/21|H63|long,ULONGsyn,design,1986-05-19,1986-05-20,1986-08-19,63,4.35058,4.64195,0.0669732,0.0665465,0.0149067,0.0516397,time,-0.036823,2,0.0208502,0.0307895
g_bonds,Z2/21|H63|long,ULONGsyn,design,1987-04-15,1987-04-16,1987-07-17,63,4.32427,4.26087,-0.0146624,-0.0150565,0.0141139,-0.0291704,time,-0.0794093,2,0.0252691,-0.0544395
g_bonds,Z2/21|H63|long,ULONGsyn,design,1987-09-17,1987-09-18,1987-12-21,63,3.90103,4.21953,0.081644,0.0812114,0.0149095,0.0663019,time,-0.0561118,2,0.0206843,0.0456176
g_bonds,Z2/21|H63|long,ULONGsyn,design,1992-01-31,1992-02-03,1992-05-04,63,6.80533,6.77638,-0.00425312,-0.00465134,0.00968214,-0.0143335,time,-0.019218,2,0.0155358,-0.0298693
g_bonds,Z2/21|H63|long,ULONGsyn,design,1992-11-03,1992-11-04,1993-02-08,63,7.31869,7.931,0.0836641,0.0832307,0.00776548,0.0754652,time,-0.0076816,2,0.0180326,0.0574326
g_bonds,Z2/21|H63|long,ULONGsyn,design,1993-11-22,1993-11-23,1994-02-24,63,9.34057,8.94668,-0.0421694,-0.0425524,0.0077119,-0.0502643,time,-0.0421694,2,0.0160871,-0.0663514
g_bonds,Z2/21|H63|long,ULONGsyn,design,1994-03-02,1994-03-03,1994-06-03,63,8.85587,8.55585,-0.0338785,-0.0342649,0.00950317,-0.0437681,time,-0.0801523,2,0.0144209,-0.058189
g_bonds,Z2/21|H63|long,ULONGsyn,design,1996-03-11,1996-03-12,1996-06-10,63,10.4398,10.0403,-0.0382673,-0.0386519,0.0124933,-0.0511452,time,-0.047433,2,0.0124209,-0.0635661
g_bonds,Z2/21|H63|long,ULONGsyn,design,1998-11-05,1998-11-06,1999-02-10,63,14.7308,14.9937,0.0178435,0.0174364,0.0109476,0.00648878,time,0,2,0.00798811,-0.00149933
g_bonds,Z2/21|H63|long,ULONGsyn,design,1999-02-26,1999-03-01,1999-05-27,63,14.3265,14.1483,-0.0124376,-0.0128325,0.0110067,-0.0238393,time,-0.0240678,2,0.00932226,-0.0331615
g_bonds,Z2/21|H63|long,ULONGsyn,design,2000-01-12,2000-01-13,2000-04-13,63,13.196,15.0056,0.137131,0.136676,0.013975,0.122701,time,-0.0118743,2,0.0153196,0.107381
g_bonds,Z2/21|H63|long,ULONGsyn,design,2000-05-05,2000-05-08,2000-08-07,63,14.1782,15.3954,0.0858487,0.0854144,0.0145774,0.070837,time,0,2,0.0157869,0.0550501
g_bonds,Z2/21|H63|long,ULONGsyn,design,2001-12-06,2001-12-07,2002-03-12,63,16.9243,16.5838,-0.0201199,-0.0205118,0.00424048,-0.0247522,time,-0.0201199,2,0.0102197,-0.034972
g_bonds,Z2/21|H63|long,ULONGsyn,design,2002-03-26,2002-03-27,2002-06-26,63,16.5765,17.4464,0.0524797,0.0520588,0.00429008,0.0477687,time,-0.00756834,2,0.0153315,0.0324372
g_bonds,Z2/21|H63|long,ULONGsyn,design,2003-07-15,2003-07-16,2003-10-15,63,19.7823,19.1246,-0.0332474,-0.033634,0.00233452,-0.0359685,time,-0.0680118,2,0.012381,-0.0483495
g_bonds,Z2/21|H63|long,ULONGsyn,design,2004-04-15,2004-04-16,2004-07-19,63,19.9074,20.457,0.0276112,0.0272002,0.00286468,0.0243355,time,-0.0392744,2,0.010803,0.0135325
g_bonds,Z2/21|H63|long,ULONGsyn,design,2007-06-08,2007-06-11,2007-09-10,63,23.3185,25.8719,0.1095,0.109056,0.0112179,0.0978386,time,-0.0161968,2,0.0129183,0.0849204
g_bonds,Z2/21|H63|long,ULONGsyn,design,2007-12-27,2007-12-28,2008-04-01,63,26.811,27.577,0.0285683,0.028157,0.00516786,0.0229891,time,-0.0205782,2,0.00628667,0.0167025
g_bonds,Z2/21|H63|long,ULONGsyn,test,2008-10-16,2008-10-17,2009-01-21,63,28.5766,35.4583,0.240813,0.240317,0.000550794,0.239766,time,-0.00365299,2,0.0292223,0.210544
g_bonds,Z2/21|H63|long,ULONGsyn,test,2009-01-30,2009-02-02,2009-05-04,63,33.3928,30.2446,-0.0942783,-0.0946405,0.000544048,-0.0951845,time,-0.0992438,2,0.0256834,-0.120868
g_bonds,Z2/21|H63|long,ULONGsyn,test,2009-05-28,2009-05-29,2009-08-27,63,28.907,29.7209,0.0281571,0.0277459,0.000445635,0.0273002,time,-0.0649642,2,0.0302142,-0.00291396
g_bonds,Z2/21|H63|long,ULONGsyn,test,2010-12-15,2010-12-16,2011-03-18,63,29.5441,30.5558,0.0342461,0.0338324,0.000331349,0.0335011,time,-0.0240196,2,0.0164068,0.0170942
g_bonds,Z2/21|H63|long,ULONGsyn,test,2013-06-25,2013-06-26,2013-09-25,63,37.6712,37.5073,-0.00435044,-0.00474862,8.4127e-05,-0.00483274,time,-0.0510382,2,0.02246,-0.0272927
g_bonds,Z2/21|H63|long,ULONGsyn,test,2015-03-04,2015-03-05,2015-06-03,63,46.9828,43.6106,-0.0717753,-0.0721465,5.6746e-05,-0.0722032,time,-0.0717753,2,0.00808819,-0.0802914
g_bonds,Z2/21|H63|long,ULONGsyn,test,2016-11-14,2016-11-15,2017-02-16,63,46.3321,45.9327,-0.00862051,-0.00901699,0.0012619,-0.0102789,time,-0.0397484,2,0.0193635,-0.0296424
g_bonds,Z2/21|H63|long,ULONGsyn,test,2018-02-05,2018-02-06,2018-05-08,63,47.0529,46.7557,-0.00631601,-0.0067134,0.00425873,-0.0109721,time,-0.0293189,2,0.00785025,-0.0188224
g_bonds,Z2/21|H63|long,ULONGsyn,test,2021-02-26,2021-03-01,2021-05-27,63,58.9211,58.4403,-0.00815909,-0.00855574,5.87302e-05,-0.00861447,time,-0.0453276,2,-0.007019,-0.00159547
g_bonds,Z2/21|H63|long,ULONGsyn,test,2022-01-19,2022-01-20,2022-04-21,63,60.9603,51.7775,-0.150636,-0.150976,0.00111071,-0.152087,time,-0.162354,2,-0.00894757,-0.143139
g_bonds,Z2/21|H63|long,ULONGsyn,test,2023-03-06,2023-03-07,2023-06-05,63,44.5365,44.8237,0.00644962,0.00604712,0.0123496,-0.00630249,time,-0.0155574,2,-0.0264123,0.0201098
g_bonds,Z2/21|H63|long,ULONGsyn,test,2023-08-18,2023-08-21,2023-11-20,63,41.0618,40.6851,-0.00917263,-0.00956888,0.0132857,-0.0228546,time,-0.0933677,2,-0.0275047,0.00465008
g_bonds,Z2/21|H63|long,TLT,test_exec,2008-10-16,2008-10-17,2009-01-16,63,55.3313,67.5088,0.220083,0.219595,0.000584524,0.219011,time,-0.0196432,2,0.0274949,0.191516
g_bonds,Z2/21|H63|long,TLT,test_exec,2009-01-30,2009-02-02,2009-05-01,63,61.6063,58.0144,-0.0583037,-0.0586803,0.000547222,-0.0592275,time,-0.0583037,2,0.0247918,-0.0840193
g_bonds,Z2/21|H63|long,TLT,test_exec,2009-05-28,2009-05-29,2009-08-26,63,54.7824,58.1883,0.0621716,0.0617468,0.000445238,0.0613016,time,-0.0351521,2,0.028943,0.0323586
g_bonds,Z2/21|H63|long,TLT,test_exec,2010-12-15,2010-12-16,2011-03-17,63,57.9166,59.9087,0.0343959,0.0339822,0.00033373,0.0336485,time,-0.0244585,2,0.0158414,0.0178071
g_bonds,Z2/21|H63|long,TLT,test_exec,2013-06-25,2013-06-26,2013-09-24,63,74.9951,74.0503,-0.0125986,-0.0129935,8.57143e-05,-0.0130792,time,-0.0585243,2,0.0220413,-0.0351205
g_bonds,Z2/21|H63|long,TLT,test_exec,2015-03-04,2015-03-05,2015-06-03,63,91.7279,85.7342,-0.0653424,-0.0657162,5.6746e-05,-0.065773,time,-0.0653424,2,0.00796176,-0.0737347
g_bonds,Z2/21|H63|long,TLT,test_exec,2016-11-14,2016-11-15,2017-02-15,63,92.2578,90.4094,-0.0200352,-0.0204271,0.00126111,-0.0216882,time,-0.0422471,2,0.0175828,-0.039271
g_bonds,Z2/21|H63|long,TLT,test_exec,2018-02-05,2018-02-06,2018-05-07,63,93.8268,93.1544,-0.00716609,-0.00756315,0.00424524,-0.0118084,time,-0.0305599,2,0.00829555,-0.0201039
g_bonds,Z2/21|H63|long,TLT,test_exec,2021-02-26,2021-03-01,2021-05-27,63,116.969,115.633,-0.011423,-0.0118183,5.99206e-05,-0.0118783,time,-0.0479165,2,-0.00741795,-0.0044603
g_bonds,Z2/21|H63|long,TLT,test_exec,2022-01-19,2022-01-20,2022-04-20,63,119.092,102.915,-0.135831,-0.136177,0.00108532,-0.137262,time,-0.15288,2,-0.00966772,-0.127595
g_bonds,Z2/21|H63|long,TLT,test_exec,2023-03-06,2023-03-07,2023-06-05,63,87.924,88.9012,0.0111138,0.0107094,0.012352,-0.00164256,time,-0.00662375,2,-0.0243562,0.0227136
g_bonds,Z2/21|H63|long,TLT,test_exec,2023-08-18,2023-08-21,2023-11-16,63,81.362,79.4506,-0.0234933,-0.0238838,0.0132913,-0.0371751,time,-0.101217,2,-0.0260902,-0.0110849
g_bonds,Z2/21|H63|long,ULONGsyn,full,1965-09-30,1965-10-01,1966-01-05,63,1.12456,1.11244,-0.0107745,-0.0111701,0.0104857,-0.0216558,time,-0.0160313,2,-0.00828299,-0.0133728
g_bonds,Z2/21|H63|long,ULONGsyn,full,1966-07-01,1966-07-05,1966-10-03,63,1.09376,1.09304,-0.000664221,-0.00106388,0.0126456,-0.0137095,time,-0.0299553,2,-0.0112675,-0.00244205
g_bonds,Z2/21|H63|long,ULONGsyn,full,1967-05-09,1967-05-10,1967-08-09,63,1.12533,1.11248,-0.0114234,-0.0118187,0.00955516,-0.0213739,time,-0.01845,2,-0.0142796,-0.00709427
g_bonds,Z2/21|H63|long,ULONGsyn,full,1967-11-01,1967-11-02,1968-02-05,63,1.06327,1.10204,0.036466,0.0360515,0.0122734,0.023778,time,-0.0253787,2,-0.00974628,0.0335243
g_bonds,Z2/21|H63|long,ULONGsyn,full,1968-03-15,1968-03-18,1968-06-18,63,1.07862,1.12286,0.041022,0.0406056,0.0137528,0.0268529,time,-0.00115656,2,-0.00931493,0.0361678
g_bonds,Z2/21|H63|long,ULONGsyn,full,1968-12-23,1968-12-24,1969-03-26,63,1.06067,1.0623,0.00153948,0.00113894,0.0152619,-0.014123,time,-0.00898317,2,-0.00562123,-0.00850174
g_bonds,Z2/21|H63|long,ULONGsyn,full,1969-06-10,1969-06-11,1969-09-11,63,1.0723,1.06864,-0.00341125,-0.00380981,0.0172377,-0.0210475,time,-0.00836726,2,-0.00377954,-0.017268
g_bonds,Z2/21|H63|long,ULONGsyn,full,1970-04-23,1970-04-24,1970-07-23,63,1.0383,1.08747,0.0473488,0.04693,0.0167317,0.0301982,time,-0.0593359,2,-0.00829595,0.0384942
g_bonds,Z2/21|H63|long,ULONGsyn,full,1971-05-07,1971-05-10,1971-08-09,63,1.21733,1.20915,-0.00672285,-0.00712009,0.0122845,-0.0194046,time,-0.0281621,2,-0.010604,-0.00880059
g_bonds,Z2/21|H63|long,ULONGsyn,full,1975-03-20,1975-03-21,1975-06-20,63,1.29717,1.34343,0.035663,0.0352488,0.0134194,0.0218294,time,-0.0210849,2,-0.00579812,0.0276275
g_bonds,Z2/21|H63|long,ULONGsyn,full,1975-08-08,1975-08-11,1975-11-12,63,1.30479,1.36561,0.0466076,0.046189,0.0154345,0.0307545,time,-0.0161293,2,-0.00710921,0.0378637
g_bonds,Z2/21|H63|long,ULONGsyn,full,1977-01-28,1977-01-31,1977-05-02,63,1.59403,1.60135,0.00459353,0.00419178,0.0115063,-0.00731457,time,-0.0130875,2,-0.0118297,0.00451517
g_bonds,Z2/21|H63|long,ULONGsyn,full,1978-12-20,1978-12-21,1979-03-26,63,1.60925,1.63879,0.0183586,0.0179513,0.0234393,-0.00548794,time,0,2,-0.017505,0.0120171
g_bonds,Z2/21|H63|long,ULONGsyn,full,1979-09-06,1979-09-07,1979-12-11,63,1.68093,1.56438,-0.0693375,-0.0697097,0.028525,-0.0982347,time,-0.107252,2,-0.00791288,-0.0903218
g_bonds,Z2/21|H63|long,ULONGsyn,full,1980-08-22,1980-08-25,1980-11-26,63,1.54317,1.45253,-0.058737,-0.0591134,0.0289897,-0.0881031,time,-0.0952705,2,-0.0109499,-0.0771532
g_bonds,Z2/21|H63|long,ULONGsyn,full,1981-05-06,1981-05-07,1981-08-06,63,1.36524,1.3915,0.0192329,0.0188253,0.0381095,-0.0192842,time,-0.00586188,2,-0.0119574,-0.00732681
g_bonds,Z2/21|H63|long,ULONGsyn,full,1986-05-19,1986-05-20,1986-08-19,63,4.35058,4.64195,0.0669732,0.0665465,0.0149067,0.0516397,time,-0.036823,2,0.0208502,0.0307895
g_bonds,Z2/21|H63|long,ULONGsyn,full,1987-04-15,1987-04-16,1987-07-17,63,4.32427,4.26087,-0.0146624,-0.0150565,0.0141139,-0.0291704,time,-0.0794093,2,0.0252691,-0.0544395
g_bonds,Z2/21|H63|long,ULONGsyn,full,1987-09-17,1987-09-18,1987-12-21,63,3.90103,4.21953,0.081644,0.0812114,0.0149095,0.0663019,time,-0.0561118,2,0.0206843,0.0456176
g_bonds,Z2/21|H63|long,ULONGsyn,full,1992-01-31,1992-02-03,1992-05-04,63,6.80533,6.77638,-0.00425312,-0.00465134,0.00968214,-0.0143335,time,-0.019218,2,0.0155358,-0.0298693
g_bonds,Z2/21|H63|long,ULONGsyn,full,1992-11-03,1992-11-04,1993-02-08,63,7.31869,7.931,0.0836641,0.0832307,0.00776548,0.0754652,time,-0.0076816,2,0.0180326,0.0574326
g_bonds,Z2/21|H63|long,ULONGsyn,full,1993-11-22,1993-11-23,1994-02-24,63,9.34057,8.94668,-0.0421694,-0.0425524,0.0077119,-0.0502643,time,-0.0421694,2,0.0160871,-0.0663514
g_bonds,Z2/21|H63|long,ULONGsyn,full,1994-03-02,1994-03-03,1994-06-03,63,8.85587,8.55585,-0.0338785,-0.0342649,0.00950317,-0.0437681,time,-0.0801523,2,0.0144209,-0.058189
g_bonds,Z2/21|H63|long,ULONGsyn,full,1996-03-11,1996-03-12,1996-06-10,63,10.4398,10.0403,-0.0382673,-0.0386519,0.0124933,-0.0511452,time,-0.047433,2,0.0124209,-0.0635661
g_bonds,Z2/21|H63|long,ULONGsyn,full,1998-11-05,1998-11-06,1999-02-10,63,14.7308,14.9937,0.0178435,0.0174364,0.0109476,0.00648878,time,0,2,0.00798811,-0.00149933
g_bonds,Z2/21|H63|long,ULONGsyn,full,1999-02-26,1999-03-01,1999-05-27,63,14.3265,14.1483,-0.0124376,-0.0128325,0.0110067,-0.0238393,time,-0.0240678,2,0.00932226,-0.0331615
g_bonds,Z2/21|H63|long,ULONGsyn,full,2000-01-12,2000-01-13,2000-04-13,63,13.196,15.0056,0.137131,0.136676,0.013975,0.122701,time,-0.0118743,2,0.0153196,0.107381
g_bonds,Z2/21|H63|long,ULONGsyn,full,2000-05-05,2000-05-08,2000-08-07,63,14.1782,15.3954,0.0858487,0.0854144,0.0145774,0.070837,time,0,2,0.0157869,0.0550501
g_bonds,Z2/21|H63|long,ULONGsyn,full,2001-12-06,2001-12-07,2002-03-12,63,16.9243,16.5838,-0.0201199,-0.0205118,0.00424048,-0.0247522,time,-0.0201199,2,0.0102197,-0.034972
g_bonds,Z2/21|H63|long,ULONGsyn,full,2002-03-26,2002-03-27,2002-06-26,63,16.5765,17.4464,0.0524797,0.0520588,0.00429008,0.0477687,time,-0.00756834,2,0.0153315,0.0324372
g_bonds,Z2/21|H63|long,ULONGsyn,full,2003-07-15,2003-07-16,2003-10-15,63,19.7823,19.1246,-0.0332474,-0.033634,0.00233452,-0.0359685,time,-0.0680118,2,0.012381,-0.0483495
g_bonds,Z2/21|H63|long,ULONGsyn,full,2004-04-15,2004-04-16,2004-07-19,63,19.9074,20.457,0.0276112,0.0272002,0.00286468,0.0243355,time,-0.0392744,2,0.010803,0.0135325
g_bonds,Z2/21|H63|long,ULONGsyn,full,2007-06-08,2007-06-11,2007-09-10,63,23.3185,25.8719,0.1095,0.109056,0.0112179,0.0978386,time,-0.0161968,2,0.0164085,0.0814302
g_bonds,Z2/21|H63|long,ULONGsyn,full,2007-12-27,2007-12-28,2008-04-01,63,26.811,27.577,0.0285683,0.028157,0.00516786,0.0229891,time,-0.0205782,2,0.00827002,0.0147191
g_bonds,Z2/21|H63|long,ULONGsyn,full,2008-10-16,2008-10-17,2009-01-21,63,28.5766,35.4583,0.240813,0.240317,0.000550794,0.239766,time,-0.00365299,2,0.0206989,0.219067
g_bonds,Z2/21|H63|long,ULONGsyn,full,2009-01-30,2009-02-02,2009-05-04,63,33.3928,30.2446,-0.0942783,-0.0946405,0.000544048,-0.0951845,time,-0.0992438,2,0.0203709,-0.115555
g_bonds,Z2/21|H63|long,ULONGsyn,full,2009-05-28,2009-05-29,2009-08-27,63,28.907,29.7209,0.0281571,0.0277459,0.000445635,0.0273002,time,-0.0649642,2,0.0272653,3.49627e-05
g_bonds,Z2/21|H63|long,ULONGsyn,full,2010-12-15,2010-12-16,2011-03-18,63,29.5441,30.5558,0.0342461,0.0338324,0.000331349,0.0335011,time,-0.0240196,2,0.0166541,0.016847
g_bonds,Z2/21|H63|long,ULONGsyn,full,2013-06-25,2013-06-26,2013-09-25,63,37.6712,37.5073,-0.00435044,-0.00474862,8.4127e-05,-0.00483274,time,-0.0510382,2,0.02246,-0.0272927
g_bonds,Z2/21|H63|long,ULONGsyn,full,2015-03-04,2015-03-05,2015-06-03,63,46.9828,43.6106,-0.0717753,-0.0721465,5.6746e-05,-0.0722032,time,-0.0717753,2,0.00808819,-0.0802914
g_bonds,Z2/21|H63|long,ULONGsyn,full,2016-11-14,2016-11-15,2017-02-16,63,46.3321,45.9327,-0.00862051,-0.00901699,0.0012619,-0.0102789,time,-0.0397484,2,0.0193635,-0.0296424
g_bonds,Z2/21|H63|long,ULONGsyn,full,2018-02-05,2018-02-06,2018-05-08,63,47.0529,46.7557,-0.00631601,-0.0067134,0.00425873,-0.0109721,time,-0.0293189,2,0.00785025,-0.0188224
g_bonds,Z2/21|H63|long,ULONGsyn,full,2021-02-26,2021-03-01,2021-05-27,63,58.9211,58.4403,-0.00815909,-0.00855574,5.87302e-05,-0.00861447,time,-0.0453276,2,-0.007019,-0.00159547
g_bonds,Z2/21|H63|long,ULONGsyn,full,2022-01-19,2022-01-20,2022-04-21,63,60.9603,51.7775,-0.150636,-0.150976,0.00111071,-0.152087,time,-0.162354,2,-0.00894757,-0.143139
g_bonds,Z2/21|H63|long,ULONGsyn,full,2023-03-06,2023-03-07,2023-06-05,63,44.5365,44.8237,0.00644962,0.00604712,0.0123496,-0.00630249,time,-0.0155574,2,-0.0264123,0.0201098
g_bonds,Z2/21|H63|long,ULONGsyn,full,2023-08-18,2023-08-21,2023-11-20,63,41.0618,40.6851,-0.00917263,-0.00956888,0.0132857,-0.0228546,time,-0.0933677,2,-0.0275047,0.00465008
g_bonds,Z2/21|H84|10y,UST10syn,design,1965-09-30,1965-10-01,1966-02-03,84,1.13708,1.12386,-0.0116215,-0.0120168,0.0143198,-0.0263366,time,-0.0156417,2,-0.00708454,-0.0192521
g_bonds,Z2/21|H84|10y,UST10syn,design,1966-07-01,1966-07-05,1966-11-02,84,1.12336,1.13515,0.0104979,0.0100938,0.017098,-0.0070042,time,-0.0341298,2,-0.011032,0.00402783
g_bonds,Z2/21|H84|10y,UST10syn,design,1967-05-09,1967-05-10,1967-09-08,84,1.17858,1.16282,-0.0133683,-0.0137629,0.0131444,-0.0269074,time,-0.0209287,2,-0.013003,-0.0139043
g_bonds,Z2/21|H84|10y,UST10syn,design,1967-11-01,1967-11-02,1968-03-07,84,1.13281,1.15837,0.0225618,0.0221529,0.0164444,0.00570846,time,-0.0102323,2,-0.00681485,0.0125233
g_bonds,Z2/21|H84|10y,UST10syn,design,1968-03-15,1968-03-18,1968-07-18,84,1.1525,1.19248,0.0346883,0.0342745,0.0182151,0.0160594,time,-0.0094451,2,-0.00698371,0.0230432
g_bonds,Z2/21|H84|10y,UST10syn,design,1968-12-23,1968-12-24,1969-04-28,84,1.15869,1.1903,0.0272821,0.0268712,0.0203623,0.00650894,time,0,2,-0.00264584,0.00915478
g_bonds,Z2/21|H84|10y,UST10syn,design,1969-06-10,1969-06-11,1969-10-10,84,1.16743,1.13912,-0.0242501,-0.0246403,0.0231302,-0.0477705,time,-0.0462094,2,-0.00166694,-0.0461035
g_bonds,Z2/21|H84|10y,UST10syn,design,1970-04-23,1970-04-24,1970-08-21,84,1.14381,1.18243,0.0337622,0.0333488,0.022098,0.0112508,time,-0.0268183,2,-0.00490495,0.0161557
g_bonds,Z2/21|H84|10y,UST10syn,design,1971-05-07,1971-05-10,1971-09-08,84,1.36663,1.41069,0.0322369,0.0318241,0.0162345,0.0155896,time,-0.0380881,2,-0.0056254,0.021215
g_bonds,Z2/21|H84|10y,UST10syn,design,1975-03-20,1975-03-21,1975-07-22,84,1.58272,1.59725,0.00918375,0.00878016,0.0184175,-0.0096373,time,-0.0257749,2,-0.00385479,-0.00578251
g_bonds,Z2/21|H84|10y,UST10syn,design,1975-08-08,1975-08-11,1975-12-12,84,1.57453,1.64712,0.0461019,0.0456835,0.0200508,0.0256327,time,-0.00573238,2,-0.00407318,0.0297059
g_bonds,Z2/21|H84|10y,UST10syn,design,1977-01-28,1977-01-31,1977-06-01,84,1.88634,1.93578,0.0262088,0.0257984,0.015648,0.0101504,time,-0.00446434,2,-0.0100798,0.0202302
g_bonds,Z2/21|H84|10y,UST10syn,design,1978-12-20,1978-12-21,1979-04-25,84,1.94566,1.99822,0.027015,0.0266043,0.0313202,-0.00471597,time,0,2,-0.0169964,0.0122804
g_bonds,Z2/21|H84|10y,UST10syn,design,1979-09-06,1979-09-07,1980-01-11,84,2.05149,1.95394,-0.0475516,-0.0479325,0.038548,-0.0864805,time,-0.0878132,2,-0.00675516,-0.0797254
g_bonds,Z2/21|H84|10y,UST10syn,design,1980-08-22,1980-08-25,1980-12-29,84,2.00062,1.98894,-0.00583966,-0.00623725,0.0419631,-0.0482003,time,-0.0838148,2,-0.00932032,-0.03888
g_bonds,Z2/21|H84|10y,UST10syn,design,1981-05-06,1981-05-07,1981-09-04,84,1.85372,1.82753,-0.0141315,-0.0145258,0.0510611,-0.0655869,time,-0.0141315,2,-0.00972814,-0.0558587
g_bonds,Z2/21|H84|10y,UST10syn,design,1986-05-19,1986-05-20,1986-09-18,84,4.91349,5.1233,0.0426998,0.0422828,0.0192738,0.023009,time,-0.0308583,2,0.020626,0.00238302
g_bonds,Z2/21|H84|10y,UST10syn,design,1987-04-15,1987-04-16,1987-08-17,84,5.19253,5.15405,-0.00740916,-0.00780611,0.0189968,-0.0268029,time,-0.050259,2,0.0243146,-0.0511175
g_bonds,Z2/21|H84|10y,UST10syn,design,1987-09-17,1987-09-18,1988-01-22,84,4.9246,5.38097,0.0926702,0.0922332,0.019756,0.0724773,time,-0.0450224,2,0.0204509,0.0520263
g_bonds,Z2/21|H84|10y,UST10syn,design,1992-01-31,1992-02-03,1992-06-03,84,8.13604,8.34901,0.0261762,0.0257658,0.0127214,0.0130444,time,-0.016349,2,0.0169255,-0.00388107
g_bonds,Z2/21|H84|10y,UST10syn,design,1992-11-03,1992-11-04,1993-03-10,84,8.86398,9.69414,0.0936553,0.0932179,0.0102206,0.0829972,time,-0.00687102,2,0.0177269,0.0652704
g_bonds,Z2/21|H84|10y,UST10syn,design,1993-11-22,1993-11-23,1994-03-25,84,10.2055,9.81911,-0.0378609,-0.0382456,0.0106214,-0.0488671,time,-0.0378609,2,0.0149362,-0.0638033
g_bonds,Z2/21|H84|10y,UST10syn,design,1996-03-11,1996-03-12,1996-07-10,84,11.4114,11.1738,-0.0208167,-0.0212082,0.0167524,-0.0379606,time,-0.0314204,2,0.00771155,-0.0456722
g_bonds,Z2/21|H84|10y,UST10syn,design,1998-11-05,1998-11-06,1999-03-12,84,14.92,14.8979,-0.00148443,-0.00188375,0.0146841,-0.0165679,time,-0.0216046,2,0.00703862,-0.0236065
g_bonds,Z2/21|H84|10y,UST10syn,design,2000-01-12,2000-01-13,2000-05-15,84,14.0084,14.4739,0.0332273,0.0328141,0.0187623,0.0140518,time,-0.0101906,2,0.0171143,-0.00306247
g_bonds,Z2/21|H84|10y,UST10syn,design,2001-12-06,2001-12-07,2002-04-11,84,17.2762,17.548,0.0157355,0.0153293,0.00571468,0.00961463,time,-0.00324858,2,0.00958838,2.62475e-05
g_bonds,Z2/21|H84|10y,UST10syn,design,2003-07-15,2003-07-16,2003-11-14,84,20.3822,20.2458,-0.00669063,-0.00708787,0.0031127,-0.0102006,time,-0.0451669,2,0.0114167,-0.0216173
g_bonds,Z2/21|H84|10y,UST10syn,design,2004-04-15,2004-04-16,2004-08-17,84,20.3412,20.918,0.0283579,0.0279467,0.00405119,0.0238955,time,-0.0342094,2,0.00810613,0.0157893
g_bonds,Z2/21|H84|10y,UST10syn,design,2007-06-08,2007-06-11,2007-10-10,84,22.0365,23.2584,0.0554491,0.0550271,0.0144147,0.0406124,time,-0.00909862,2,0.00827201,0.0323404
g_bonds,Z2/21|H84|10y,UST10syn,design,2007-12-27,2007-12-28,2008-04-30,84,24.5029,25.4899,0.0402813,0.0398653,0.00624246,0.0336228,time,0,2,0.00767818,0.0259446
g_bonds,Z2/21|H84|10y,UST10syn,test,2008-10-16,2008-10-17,2009-02-20,84,25.4845,28.4412,0.11602,0.115574,0.000761905,0.114812,time,-0.00108466,2,0.0230731,0.091739
g_bonds,Z2/21|H84|10y,UST10syn,test,2009-05-28,2009-05-29,2009-09-28,84,27.0021,27.6739,0.0248803,0.0244705,0.000549603,0.0239209,time,-0.0403801,2,0.0231723,0.000748521
g_bonds,Z2/21|H84|10y,UST10syn,test,2010-12-15,2010-12-16,2011-04-18,84,28.355,28.8424,0.0171905,0.0167838,0.000394048,0.0163897,time,-0.0183761,2,0.0133571,0.00303259
g_bonds,Z2/21|H84|10y,UST10syn,test,2013-06-25,2013-06-26,2013-10-25,84,32.3694,32.7024,0.010288,0.00988395,0.000120635,0.00976332,time,-0.0319508,2,0.0132032,-0.0034399
g_bonds,Z2/21|H84|10y,UST10syn,test,2015-03-04,2015-03-05,2015-07-02,84,35.0801,34.4068,-0.0191934,-0.0195856,6.86508e-05,-0.0196543,time,-0.0290635,2,0.00143729,-0.0210916
g_bonds,Z2/21|H84|10y,UST10syn,test,2016-11-14,2016-11-15,2017-03-20,84,35.8173,35.3486,-0.0130851,-0.0134798,0.00180595,-0.0152857,time,-0.0303499,2,0.0111632,-0.0264489
g_bonds,Z2/21|H84|10y,UST10syn,test,2018-02-05,2018-02-06,2018-06-07,84,35.0754,34.9799,-0.00272245,-0.00312129,0.00583095,-0.00895224,time,-0.0195853,2,0.00607936,-0.0150316
g_bonds,Z2/21|H84|10y,UST10syn,test,2021-02-26,2021-03-01,2021-06-28,84,41.8232,41.8773,0.00129293,0.000892488,8.69048e-05,0.000805584,time,-0.0256533,2,-0.00532328,0.00612887
g_bonds,Z2/21|H84|10y,UST10syn,test,2022-01-19,2022-01-20,2022-05-20,84,40.9023,37.8533,-0.0745438,-0.074914,0.00187579,-0.0767898,time,-0.10217,2,-0.0071332,-0.0696566
g_bonds,Z2/21|H84|10y,UST10syn,test,2023-03-06,2023-03-07,2023-07-06,84,35.1279,35.2928,0.00469351,0.00429171,0.0166472,-0.0123555,time,-0.000709594,2,-0.0170455,0.00468996
g_bonds,Z2/21|H84|10y,UST10syn,test,2023-08-18,2023-08-21,2023-12-20,84,34.6409,36.5335,0.0546343,0.0542126,0.0176623,0.0365503,time,-0.0428245,2,-0.018722,0.0552723
g_bonds,Z2/21|H84|10y,IEF,test_exec,2008-10-16,2008-10-17,2009-02-18,84,57.2286,62.9883,0.100644,0.100204,0.00078254,0.0994216,time,-0.00011386,2,0.0247049,0.0747167
g_bonds,Z2/21|H84|10y,IEF,test_exec,2009-05-28,2009-05-29,2009-09-25,84,60.2119,62.0578,0.0306567,0.0302445,0.000550794,0.0296937,time,-0.0244002,2,0.0247363,0.00495742
g_bonds,Z2/21|H84|10y,IEF,test_exec,2010-12-15,2010-12-16,2011-04-15,84,65.0991,66.4385,0.0205753,0.0201672,0.000396429,0.0197708,time,-0.00917901,2,0.0160908,0.00367997
g_bonds,Z2/21|H84|10y,IEF,test_exec,2013-06-25,2013-06-26,2013-10-23,84,76.0139,77.1174,0.0145167,0.0141109,0.000123413,0.0139875,time,-0.0314994,2,0.0145156,-0.000528119
g_bonds,Z2/21|H84|10y,IEF,test_exec,2015-03-04,2015-03-05,2015-07-02,84,82.016,81.0823,-0.0113848,-0.0117802,6.86508e-05,-0.0118488,time,-0.0211142,2,0.00299799,-0.0148468
g_bonds,Z2/21|H84|10y,IEF,test_exec,2016-11-14,2016-11-15,2017-03-17,84,84.4572,83.5522,-0.010716,-0.0111117,0.00179603,-0.0129077,time,-0.026606,2,0.00982217,-0.0227299
g_bonds,Z2/21|H84|10y,IEF,test_exec,2018-02-05,2018-02-06,2018-06-06,84,83.5251,82.8707,-0.00783487,-0.00823165,0.00581508,-0.0140467,time,-0.0201393,2,0.00657397,-0.0206207
g_bonds,Z2/21|H84|10y,IEF,test_exec,2021-02-26,2021-03-01,2021-06-28,84,98.9173,98.9225,5.27586e-05,-0.000347182,8.80952e-05,-0.000435278,time,-0.0219974,2,-0.00507464,0.00463936
g_bonds,Z2/21|H84|10y,IEF,test_exec,2022-01-19,2022-01-20,2022-05-19,84,96.7774,89.544,-0.0747419,-0.075112,0.00184286,-0.0769548,time,-0.0950625,2,-0.00672733,-0.0702275
g_bonds,Z2/21|H84|10y,IEF,test_exec,2023-03-06,2023-03-07,2023-07-06,84,83.9896,84.3521,0.00431574,0.0039141,0.0166496,-0.0127355,time,-0.00199646,2,-0.0147077,0.00197223
g_bonds,Z2/21|H84|10y,IEF,test_exec,2023-08-18,2023-08-21,2023-12-18,84,83.1819,86.6903,0.042177,0.0417603,0.0176698,0.0240904,time,-0.0402434,2,-0.0164461,0.0405365
g_bonds,Z2/21|H84|10y,UST10syn,full,1965-09-30,1965-10-01,1966-02-03,84,1.13708,1.12386,-0.0116215,-0.0120168,0.0143198,-0.0263366,time,-0.0156417,2,-0.00708454,-0.0192521
g_bonds,Z2/21|H84|10y,UST10syn,full,1966-07-01,1966-07-05,1966-11-02,84,1.12336,1.13515,0.0104979,0.0100938,0.017098,-0.0070042,time,-0.0341298,2,-0.011032,0.00402783
g_bonds,Z2/21|H84|10y,UST10syn,full,1967-05-09,1967-05-10,1967-09-08,84,1.17858,1.16282,-0.0133683,-0.0137629,0.0131444,-0.0269074,time,-0.0209287,2,-0.013003,-0.0139043
g_bonds,Z2/21|H84|10y,UST10syn,full,1967-11-01,1967-11-02,1968-03-07,84,1.13281,1.15837,0.0225618,0.0221529,0.0164444,0.00570846,time,-0.0102323,2,-0.00681485,0.0125233
g_bonds,Z2/21|H84|10y,UST10syn,full,1968-03-15,1968-03-18,1968-07-18,84,1.1525,1.19248,0.0346883,0.0342745,0.0182151,0.0160594,time,-0.0094451,2,-0.00698371,0.0230432
g_bonds,Z2/21|H84|10y,UST10syn,full,1968-12-23,1968-12-24,1969-04-28,84,1.15869,1.1903,0.0272821,0.0268712,0.0203623,0.00650894,time,0,2,-0.00264584,0.00915478
g_bonds,Z2/21|H84|10y,UST10syn,full,1969-06-10,1969-06-11,1969-10-10,84,1.16743,1.13912,-0.0242501,-0.0246403,0.0231302,-0.0477705,time,-0.0462094,2,-0.00166694,-0.0461035
g_bonds,Z2/21|H84|10y,UST10syn,full,1970-04-23,1970-04-24,1970-08-21,84,1.14381,1.18243,0.0337622,0.0333488,0.022098,0.0112508,time,-0.0268183,2,-0.00490495,0.0161557
g_bonds,Z2/21|H84|10y,UST10syn,full,1971-05-07,1971-05-10,1971-09-08,84,1.36663,1.41069,0.0322369,0.0318241,0.0162345,0.0155896,time,-0.0380881,2,-0.0056254,0.021215
g_bonds,Z2/21|H84|10y,UST10syn,full,1975-03-20,1975-03-21,1975-07-22,84,1.58272,1.59725,0.00918375,0.00878016,0.0184175,-0.0096373,time,-0.0257749,2,-0.00385479,-0.00578251
g_bonds,Z2/21|H84|10y,UST10syn,full,1975-08-08,1975-08-11,1975-12-12,84,1.57453,1.64712,0.0461019,0.0456835,0.0200508,0.0256327,time,-0.00573238,2,-0.00407318,0.0297059
g_bonds,Z2/21|H84|10y,UST10syn,full,1977-01-28,1977-01-31,1977-06-01,84,1.88634,1.93578,0.0262088,0.0257984,0.015648,0.0101504,time,-0.00446434,2,-0.0100798,0.0202302
g_bonds,Z2/21|H84|10y,UST10syn,full,1978-12-20,1978-12-21,1979-04-25,84,1.94566,1.99822,0.027015,0.0266043,0.0313202,-0.00471597,time,0,2,-0.0169964,0.0122804
g_bonds,Z2/21|H84|10y,UST10syn,full,1979-09-06,1979-09-07,1980-01-11,84,2.05149,1.95394,-0.0475516,-0.0479325,0.038548,-0.0864805,time,-0.0878132,2,-0.00675516,-0.0797254
g_bonds,Z2/21|H84|10y,UST10syn,full,1980-08-22,1980-08-25,1980-12-29,84,2.00062,1.98894,-0.00583966,-0.00623725,0.0419631,-0.0482003,time,-0.0838148,2,-0.00932032,-0.03888
g_bonds,Z2/21|H84|10y,UST10syn,full,1981-05-06,1981-05-07,1981-09-04,84,1.85372,1.82753,-0.0141315,-0.0145258,0.0510611,-0.0655869,time,-0.0141315,2,-0.00972814,-0.0558587
g_bonds,Z2/21|H84|10y,UST10syn,full,1986-05-19,1986-05-20,1986-09-18,84,4.91349,5.1233,0.0426998,0.0422828,0.0192738,0.023009,time,-0.0308583,2,0.020626,0.00238302
g_bonds,Z2/21|H84|10y,UST10syn,full,1987-04-15,1987-04-16,1987-08-17,84,5.19253,5.15405,-0.00740916,-0.00780611,0.0189968,-0.0268029,time,-0.050259,2,0.0243146,-0.0511175
g_bonds,Z2/21|H84|10y,UST10syn,full,1987-09-17,1987-09-18,1988-01-22,84,4.9246,5.38097,0.0926702,0.0922332,0.019756,0.0724773,time,-0.0450224,2,0.0204509,0.0520263
g_bonds,Z2/21|H84|10y,UST10syn,full,1992-01-31,1992-02-03,1992-06-03,84,8.13604,8.34901,0.0261762,0.0257658,0.0127214,0.0130444,time,-0.016349,2,0.0169255,-0.00388107
g_bonds,Z2/21|H84|10y,UST10syn,full,1992-11-03,1992-11-04,1993-03-10,84,8.86398,9.69414,0.0936553,0.0932179,0.0102206,0.0829972,time,-0.00687102,2,0.0177269,0.0652704
g_bonds,Z2/21|H84|10y,UST10syn,full,1993-11-22,1993-11-23,1994-03-25,84,10.2055,9.81911,-0.0378609,-0.0382456,0.0106214,-0.0488671,time,-0.0378609,2,0.0149362,-0.0638033
g_bonds,Z2/21|H84|10y,UST10syn,full,1996-03-11,1996-03-12,1996-07-10,84,11.4114,11.1738,-0.0208167,-0.0212082,0.0167524,-0.0379606,time,-0.0314204,2,0.00771155,-0.0456722
g_bonds,Z2/21|H84|10y,UST10syn,full,1998-11-05,1998-11-06,1999-03-12,84,14.92,14.8979,-0.00148443,-0.00188375,0.0146841,-0.0165679,time,-0.0216046,2,0.00703862,-0.0236065
g_bonds,Z2/21|H84|10y,UST10syn,full,2000-01-12,2000-01-13,2000-05-15,84,14.0084,14.4739,0.0332273,0.0328141,0.0187623,0.0140518,time,-0.0101906,2,0.0171143,-0.00306247
g_bonds,Z2/21|H84|10y,UST10syn,full,2001-12-06,2001-12-07,2002-04-11,84,17.2762,17.548,0.0157355,0.0153293,0.00571468,0.00961463,time,-0.00324858,2,0.00958838,2.62475e-05
g_bonds,Z2/21|H84|10y,UST10syn,full,2003-07-15,2003-07-16,2003-11-14,84,20.3822,20.2458,-0.00669063,-0.00708787,0.0031127,-0.0102006,time,-0.0451669,2,0.0114167,-0.0216173
g_bonds,Z2/21|H84|10y,UST10syn,full,2004-04-15,2004-04-16,2004-08-17,84,20.3412,20.918,0.0283579,0.0279467,0.00405119,0.0238955,time,-0.0342094,2,0.00810613,0.0157893
g_bonds,Z2/21|H84|10y,UST10syn,full,2007-06-08,2007-06-11,2007-10-10,84,22.0365,23.2584,0.0554491,0.0550271,0.0144147,0.0406124,time,-0.00909862,2,0.0133534,0.027259
g_bonds,Z2/21|H84|10y,UST10syn,full,2007-12-27,2007-12-28,2008-04-30,84,24.5029,25.4899,0.0402813,0.0398653,0.00624246,0.0336228,time,0,2,0.0100519,0.0235709
g_bonds,Z2/21|H84|10y,UST10syn,full,2008-10-16,2008-10-17,2009-02-20,84,25.4845,28.4412,0.11602,0.115574,0.000761905,0.114812,time,-0.00108466,2,0.0187796,0.0960325
g_bonds,Z2/21|H84|10y,UST10syn,full,2009-05-28,2009-05-29,2009-09-28,84,27.0021,27.6739,0.0248803,0.0244705,0.000549603,0.0239209,time,-0.0403801,2,0.0232661,0.000654774
g_bonds,Z2/21|H84|10y,UST10syn,full,2010-12-15,2010-12-16,2011-04-18,84,28.355,28.8424,0.0171905,0.0167838,0.000394048,0.0163897,time,-0.0183761,2,0.0135987,0.00279096
g_bonds,Z2/21|H84|10y,UST10syn,full,2013-06-25,2013-06-26,2013-10-25,84,32.3694,32.7024,0.010288,0.00988395,0.000120635,0.00976332,time,-0.0319508,2,0.0132032,-0.0034399
g_bonds,Z2/21|H84|10y,UST10syn,full,2015-03-04,2015-03-05,2015-07-02,84,35.0801,34.4068,-0.0191934,-0.0195856,6.86508e-05,-0.0196543,time,-0.0290635,2,0.00143729,-0.0210916
g_bonds,Z2/21|H84|10y,UST10syn,full,2016-11-14,2016-11-15,2017-03-20,84,35.8173,35.3486,-0.0130851,-0.0134798,0.00180595,-0.0152857,time,-0.0303499,2,0.0111632,-0.0264489
g_bonds,Z2/21|H84|10y,UST10syn,full,2018-02-05,2018-02-06,2018-06-07,84,35.0754,34.9799,-0.00272245,-0.00312129,0.00583095,-0.00895224,time,-0.0195853,2,0.00607936,-0.0150316
g_bonds,Z2/21|H84|10y,UST10syn,full,2021-02-26,2021-03-01,2021-06-28,84,41.8232,41.8773,0.00129293,0.000892488,8.69048e-05,0.000805584,time,-0.0256533,2,-0.00532328,0.00612887
g_bonds,Z2/21|H84|10y,UST10syn,full,2022-01-19,2022-01-20,2022-05-20,84,40.9023,37.8533,-0.0745438,-0.074914,0.00187579,-0.0767898,time,-0.10217,2,-0.0071332,-0.0696566
g_bonds,Z2/21|H84|10y,UST10syn,full,2023-03-06,2023-03-07,2023-07-06,84,35.1279,35.2928,0.00469351,0.00429171,0.0166472,-0.0123555,time,-0.000709594,2,-0.0170455,0.00468996
g_bonds,Z2/21|H84|10y,UST10syn,full,2023-08-18,2023-08-21,2023-12-20,84,34.6409,36.5335,0.0546343,0.0542126,0.0176623,0.0365503,time,-0.0428245,2,-0.018722,0.0552723
g_bonds,Z2/21|H84|long,ULONGsyn,design,1965-09-30,1965-10-01,1966-02-03,84,1.12456,1.10056,-0.02134,-0.0217314,0.0143198,-0.0360512,time,-0.0214638,2,-0.0114949,-0.0245563
g_bonds,Z2/21|H84|long,ULONGsyn,design,1966-07-01,1966-07-05,1966-11-02,84,1.09376,1.11135,0.0160748,0.0156685,0.017098,-0.00142952,time,-0.0299553,2,-0.0150652,0.0136357
g_bonds,Z2/21|H84|long,ULONGsyn,design,1967-05-09,1967-05-10,1967-09-08,84,1.12533,1.11578,-0.00849335,-0.00888987,0.0131444,-0.0220343,time,-0.01845,2,-0.0186721,-0.00336224
g_bonds,Z2/21|H84|long,ULONGsyn,design,1967-11-01,1967-11-02,1968-03-07,84,1.06327,1.08982,0.0249695,0.0245596,0.0164444,0.00811515,time,-0.0253787,2,-0.0124964,0.0206115
g_bonds,Z2/21|H84|long,ULONGsyn,design,1968-03-15,1968-03-18,1968-07-18,84,1.07862,1.13191,0.0494058,0.0489861,0.0182151,0.030771,time,-0.00115656,2,-0.0124952,0.0432663
g_bonds,Z2/21|H84|long,ULONGsyn,design,1968-12-23,1968-12-24,1969-04-28,84,1.06067,1.09908,0.0362168,0.0358023,0.0203623,0.01544,time,-0.00898317,2,-0.0074505,0.0228905
g_bonds,Z2/21|H84|long,ULONGsyn,design,1969-06-10,1969-06-11,1969-10-10,84,1.0723,1.06942,-0.00268913,-0.00308798,0.0231302,-0.0262181,time,-0.0409212,2,-0.0047261,-0.021492
g_bonds,Z2/21|H84|long,ULONGsyn,design,1970-04-23,1970-04-24,1970-08-21,84,1.0383,1.05224,0.0134165,0.0130112,0.022098,-0.00908678,time,-0.0593359,2,-0.0114259,0.00233912
g_bonds,Z2/21|H84|long,ULONGsyn,design,1971-05-07,1971-05-10,1971-09-08,84,1.21733,1.28326,0.0541596,0.0537381,0.0162345,0.0375035,time,-0.0281621,2,-0.0149504,0.0524539
g_bonds,Z2/21|H84|long,ULONGsyn,design,1975-03-20,1975-03-21,1975-07-22,84,1.29717,1.33323,0.0278032,0.0273922,0.0184175,0.00897471,time,-0.0210849,2,-0.0080388,0.0170135
g_bonds,Z2/21|H84|long,ULONGsyn,design,1975-08-08,1975-08-11,1975-12-12,84,1.30479,1.35773,0.0405739,0.0401578,0.0200508,0.020107,time,-0.0161293,2,-0.0100922,0.0301992
g_bonds,Z2/21|H84|long,ULONGsyn,design,1977-01-28,1977-01-31,1977-06-01,84,1.59403,1.62096,0.0168934,0.0164868,0.015648,0.000838742,time,-0.0130875,2,-0.0129786,0.0138174
g_bonds,Z2/21|H84|long,ULONGsyn,design,1978-12-20,1978-12-21,1979-04-25,84,1.60925,1.6342,0.0155028,0.0150966,0.0313202,-0.0162236,time,0,2,-0.0231388,0.00691524
g_bonds,Z2/21|H84|long,ULONGsyn,design,1979-09-06,1979-09-07,1980-01-11,84,1.68093,1.54904,-0.0784619,-0.0788305,0.038548,-0.117378,time,-0.107252,2,-0.0106212,-0.106757
g_bonds,Z2/21|H84|long,ULONGsyn,design,1980-08-22,1980-08-25,1980-12-29,84,1.54317,1.5202,-0.0148854,-0.0152794,0.0419631,-0.0572425,time,-0.117015,2,-0.0146559,-0.0425866
g_bonds,Z2/21|H84|long,ULONGsyn,design,1981-05-06,1981-05-07,1981-09-04,84,1.36524,1.33259,-0.0239147,-0.0243051,0.0510611,-0.0753662,time,-0.0239147,2,-0.0150731,-0.0602931
g_bonds,Z2/21|H84|long,ULONGsyn,design,1986-05-19,1986-05-20,1986-09-18,84,4.35058,4.37349,0.00526666,0.00486463,0.0192738,-0.0144092,time,-0.036823,2,0.029374,-0.0437832
g_bonds,Z2/21|H84|long,ULONGsyn,design,1987-04-15,1987-04-16,1987-08-17,84,4.32427,4.19349,-0.0302435,-0.0306313,0.0189968,-0.0496281,time,-0.0794093,2,0.0340811,-0.0837092
g_bonds,Z2/21|H84|long,ULONGsyn,design,1987-09-17,1987-09-18,1988-01-22,84,3.90103,4.40617,0.129489,0.129037,0.019756,0.109281,time,-0.0561118,2,0.0281052,0.0811757
g_bonds,Z2/21|H84|long,ULONGsyn,design,1992-01-31,1992-02-03,1992-06-03,84,6.80533,6.9373,0.0193927,0.0189851,0.0127214,0.00626362,time,-0.019218,2,0.0220677,-0.0158041
g_bonds,Z2/21|H84|long,ULONGsyn,design,1992-11-03,1992-11-04,1993-03-10,84,7.31869,8.41665,0.150022,0.149562,0.0102206,0.139342,time,-0.0076816,2,0.0244486,0.114893
g_bonds,Z2/21|H84|long,ULONGsyn,design,1993-11-22,1993-11-23,1994-03-25,84,9.34057,8.72574,-0.0658231,-0.0661967,0.0106214,-0.0768181,time,-0.0658231,2,0.0212482,-0.0980664
g_bonds,Z2/21|H84|long,ULONGsyn,design,1996-03-11,1996-03-12,1996-07-10,84,10.4398,10.0977,-0.0327744,-0.0331612,0.0167524,-0.0499136,time,-0.047433,2,0.0163257,-0.0662393
g_bonds,Z2/21|H84|long,ULONGsyn,design,1998-11-05,1998-11-06,1999-03-12,84,14.7308,14.622,-0.00738679,-0.00778376,0.0146841,-0.0224679,time,-0.029792,2,0.0107196,-0.0331875
g_bonds,Z2/21|H84|long,ULONGsyn,design,2000-01-12,2000-01-13,2000-05-15,84,13.196,14.3494,0.087404,0.0869691,0.0187623,0.0682068,time,-0.0118743,2,0.0216656,0.0465412
g_bonds,Z2/21|H84|long,ULONGsyn,design,2001-12-06,2001-12-07,2002-04-11,84,16.9243,16.8046,-0.00707259,-0.00746968,0.00571468,-0.0131844,time,-0.0280341,2,0.0143786,-0.027563
g_bonds,Z2/21|H84|long,ULONGsyn,design,2003-07-15,2003-07-16,2003-11-14,84,19.7823,19.7881,0.000292318,-0.000107719,0.0031127,-0.00322042,time,-0.0680118,2,0.0170006,-0.020221
g_bonds,Z2/21|H84|long,ULONGsyn,design,2004-04-15,2004-04-16,2004-08-17,84,19.9074,20.8213,0.045911,0.0454927,0.00405119,0.0414415,time,-0.0392744,2,0.0144136,0.0270279
g_bonds,Z2/21|H84|long,ULONGsyn,design,2007-06-08,2007-06-11,2007-10-10,84,23.3185,25.1175,0.0771484,0.0767176,0.0144147,0.062303,time,-0.0161968,2,0.0159973,0.0463056
g_bonds,Z2/21|H84|long,ULONGsyn,design,2007-12-27,2007-12-28,2008-04-30,84,26.811,27.2615,0.0168015,0.0163949,0.00624246,0.0101524,time,-0.0205782,2,0.00827615,0.00187629
g_bonds,Z2/21|H84|long,ULONGsyn,test,2008-10-16,2008-10-17,2009-02-20,84,28.5766,32.8674,0.15015,0.14969,0.000761905,0.148928,time,-0.00365299,2,0.0394797,0.109448
g_bonds,Z2/21|H84|long,ULONGsyn,test,2009-05-28,2009-05-29,2009-09-28,84,28.907,30.8061,0.0656951,0.0652689,0.000549603,0.0647193,time,-0.0649642,2,0.0402164,0.024503
g_bonds,Z2/21|H84|long,ULONGsyn,test,2010-12-15,2010-12-16,2011-04-18,84,29.5441,30.5697,0.0347161,0.0343023,0.000394048,0.0339083,time,-0.0240196,2,0.0227957,0.0111125
g_bonds,Z2/21|H84|long,ULONGsyn,test,2013-06-25,2013-06-26,2013-10-25,84,37.6712,37.961,0.00769404,0.00729104,0.000120635,0.00717041,time,-0.0510382,2,0.0291856,-0.0220152
g_bonds,Z2/21|H84|long,ULONGsyn,test,2015-03-04,2015-03-05,2015-07-02,84,46.9828,43.0206,-0.0843324,-0.0846986,6.86508e-05,-0.0847672,time,-0.0950585,2,0.00985539,-0.0946226
g_bonds,Z2/21|H84|long,ULONGsyn,test,2016-11-14,2016-11-15,2017-03-20,84,46.3321,45.7791,-0.0119357,-0.0123308,0.00180595,-0.0141368,time,-0.0397484,2,0.0281517,-0.0422884
g_bonds,Z2/21|H84|long,ULONGsyn,test,2018-02-05,2018-02-06,2018-06-07,84,47.0529,47.3184,0.00564387,0.0052417,0.00583095,-0.000589255,time,-0.0293189,2,0.0117568,-0.0123461
g_bonds,Z2/21|H84|long,ULONGsyn,test,2021-02-26,2021-03-01,2021-06-28,84,58.9211,61.0114,0.0354764,0.0350623,8.69048e-05,0.0349754,time,-0.0453276,2,-0.00913896,0.0441143
g_bonds,Z2/21|H84|long,ULONGsyn,test,2022-01-19,2022-01-20,2022-05-20,84,60.9603,51.3607,-0.157473,-0.15781,0.00187579,-0.159685,time,-0.196558,2,-0.0126094,-0.147076
g_bonds,Z2/21|H84|long,ULONGsyn,test,2023-03-06,2023-03-07,2023-07-06,84,44.5365,44.0254,-0.0114761,-0.0118714,0.0166472,-0.0285186,time,-0.0155574,2,-0.0348046,0.00628593
g_bonds,Z2/21|H84|long,ULONGsyn,test,2023-08-18,2023-08-21,2023-12-20,84,41.0618,45.0681,0.0975687,0.0971297,0.0176623,0.0794674,time,-0.0933677,2,-0.0362671,0.115735
g_bonds,Z2/21|H84|long,TLT,test_exec,2008-10-16,2008-10-17,2009-02-18,84,55.3313,62.0091,0.120688,0.12024,0.00078254,0.119458,time,-0.0196432,2,0.0372627,0.0821949
g_bonds,Z2/21|H84|long,TLT,test_exec,2009-05-28,2009-05-29,2009-09-25,84,54.7824,59.2998,0.0824612,0.0820283,0.000550794,0.0814775,time,-0.0351521,2,0.0386577,0.0428198
g_bonds,Z2/21|H84|long,TLT,test_exec,2010-12-15,2010-12-16,2011-04-15,84,57.9166,59.8123,0.0327303,0.0323173,0.000396429,0.0319209,time,-0.0244585,2,0.0219819,0.00993903
g_bonds,Z2/21|H84|long,TLT,test_exec,2013-06-25,2013-06-26,2013-10-23,84,74.9951,75.2729,0.00370386,0.00330246,0.000123413,0.00317904,time,-0.0585243,2,0.0289786,-0.0257996
g_bonds,Z2/21|H84|long,TLT,test_exec,2015-03-04,2015-03-05,2015-07-02,84,91.7279,84.8116,-0.0754006,-0.0757704,6.86508e-05,-0.075839,time,-0.0835558,2,0.00970228,-0.0855413
g_bonds,Z2/21|H84|long,TLT,test_exec,2016-11-14,2016-11-15,2017-03-17,84,92.2578,90.3399,-0.0207895,-0.0211811,0.00179603,-0.0229771,time,-0.0422471,2,0.0248253,-0.0478024
g_bonds,Z2/21|H84|long,TLT,test_exec,2018-02-05,2018-02-06,2018-06-06,84,93.8268,93.3237,-0.00536239,-0.00576017,0.00581508,-0.0115752,time,-0.0305599,2,0.0120332,-0.0236085
g_bonds,Z2/21|H84|long,TLT,test_exec,2021-02-26,2021-03-01,2021-06-28,84,116.969,119.817,0.0243423,0.0239326,8.80952e-05,0.0238445,time,-0.0479165,2,-0.00980921,0.0336537
g_bonds,Z2/21|H84|long,TLT,test_exec,2022-01-19,2022-01-20,2022-05-19,84,119.092,99.3023,-0.166168,-0.166501,0.00184286,-0.168344,time,-0.191144,2,-0.0135425,-0.154802
g_bonds,Z2/21|H84|long,TLT,test_exec,2023-03-06,2023-03-07,2023-07-06,84,87.924,87.2855,-0.00726179,-0.0076588,0.0166496,-0.0243084,time,-0.00726179,2,-0.0323781,0.0080697
g_bonds,Z2/21|H84|long,TLT,test_exec,2023-08-18,2023-08-21,2023-12-18,84,81.362,87.7567,0.0785958,0.0781644,0.0176698,0.0604946,time,-0.101217,2,-0.0346199,0.0951145
g_bonds,Z2/21|H84|long,ULONGsyn,full,1965-09-30,1965-10-01,1966-02-03,84,1.12456,1.10056,-0.02134,-0.0217314,0.0143198,-0.0360512,time,-0.0214638,2,-0.0114949,-0.0245563
g_bonds,Z2/21|H84|long,ULONGsyn,full,1966-07-01,1966-07-05,1966-11-02,84,1.09376,1.11135,0.0160748,0.0156685,0.017098,-0.00142952,time,-0.0299553,2,-0.0150652,0.0136357
g_bonds,Z2/21|H84|long,ULONGsyn,full,1967-05-09,1967-05-10,1967-09-08,84,1.12533,1.11578,-0.00849335,-0.00888987,0.0131444,-0.0220343,time,-0.01845,2,-0.0186721,-0.00336224
g_bonds,Z2/21|H84|long,ULONGsyn,full,1967-11-01,1967-11-02,1968-03-07,84,1.06327,1.08982,0.0249695,0.0245596,0.0164444,0.00811515,time,-0.0253787,2,-0.0124964,0.0206115
g_bonds,Z2/21|H84|long,ULONGsyn,full,1968-03-15,1968-03-18,1968-07-18,84,1.07862,1.13191,0.0494058,0.0489861,0.0182151,0.030771,time,-0.00115656,2,-0.0124952,0.0432663
g_bonds,Z2/21|H84|long,ULONGsyn,full,1968-12-23,1968-12-24,1969-04-28,84,1.06067,1.09908,0.0362168,0.0358023,0.0203623,0.01544,time,-0.00898317,2,-0.0074505,0.0228905
g_bonds,Z2/21|H84|long,ULONGsyn,full,1969-06-10,1969-06-11,1969-10-10,84,1.0723,1.06942,-0.00268913,-0.00308798,0.0231302,-0.0262181,time,-0.0409212,2,-0.0047261,-0.021492
g_bonds,Z2/21|H84|long,ULONGsyn,full,1970-04-23,1970-04-24,1970-08-21,84,1.0383,1.05224,0.0134165,0.0130112,0.022098,-0.00908678,time,-0.0593359,2,-0.0114259,0.00233912
g_bonds,Z2/21|H84|long,ULONGsyn,full,1971-05-07,1971-05-10,1971-09-08,84,1.21733,1.28326,0.0541596,0.0537381,0.0162345,0.0375035,time,-0.0281621,2,-0.0149504,0.0524539
g_bonds,Z2/21|H84|long,ULONGsyn,full,1975-03-20,1975-03-21,1975-07-22,84,1.29717,1.33323,0.0278032,0.0273922,0.0184175,0.00897471,time,-0.0210849,2,-0.0080388,0.0170135
g_bonds,Z2/21|H84|long,ULONGsyn,full,1975-08-08,1975-08-11,1975-12-12,84,1.30479,1.35773,0.0405739,0.0401578,0.0200508,0.020107,time,-0.0161293,2,-0.0100922,0.0301992
g_bonds,Z2/21|H84|long,ULONGsyn,full,1977-01-28,1977-01-31,1977-06-01,84,1.59403,1.62096,0.0168934,0.0164868,0.015648,0.000838742,time,-0.0130875,2,-0.0129786,0.0138174
g_bonds,Z2/21|H84|long,ULONGsyn,full,1978-12-20,1978-12-21,1979-04-25,84,1.60925,1.6342,0.0155028,0.0150966,0.0313202,-0.0162236,time,0,2,-0.0231388,0.00691524
g_bonds,Z2/21|H84|long,ULONGsyn,full,1979-09-06,1979-09-07,1980-01-11,84,1.68093,1.54904,-0.0784619,-0.0788305,0.038548,-0.117378,time,-0.107252,2,-0.0106212,-0.106757
g_bonds,Z2/21|H84|long,ULONGsyn,full,1980-08-22,1980-08-25,1980-12-29,84,1.54317,1.5202,-0.0148854,-0.0152794,0.0419631,-0.0572425,time,-0.117015,2,-0.0146559,-0.0425866
g_bonds,Z2/21|H84|long,ULONGsyn,full,1981-05-06,1981-05-07,1981-09-04,84,1.36524,1.33259,-0.0239147,-0.0243051,0.0510611,-0.0753662,time,-0.0239147,2,-0.0150731,-0.0602931
g_bonds,Z2/21|H84|long,ULONGsyn,full,1986-05-19,1986-05-20,1986-09-18,84,4.35058,4.37349,0.00526666,0.00486463,0.0192738,-0.0144092,time,-0.036823,2,0.029374,-0.0437832
g_bonds,Z2/21|H84|long,ULONGsyn,full,1987-04-15,1987-04-16,1987-08-17,84,4.32427,4.19349,-0.0302435,-0.0306313,0.0189968,-0.0496281,time,-0.0794093,2,0.0340811,-0.0837092
g_bonds,Z2/21|H84|long,ULONGsyn,full,1987-09-17,1987-09-18,1988-01-22,84,3.90103,4.40617,0.129489,0.129037,0.019756,0.109281,time,-0.0561118,2,0.0281052,0.0811757
g_bonds,Z2/21|H84|long,ULONGsyn,full,1992-01-31,1992-02-03,1992-06-03,84,6.80533,6.9373,0.0193927,0.0189851,0.0127214,0.00626362,time,-0.019218,2,0.0220677,-0.0158041
g_bonds,Z2/21|H84|long,ULONGsyn,full,1992-11-03,1992-11-04,1993-03-10,84,7.31869,8.41665,0.150022,0.149562,0.0102206,0.139342,time,-0.0076816,2,0.0244486,0.114893
g_bonds,Z2/21|H84|long,ULONGsyn,full,1993-11-22,1993-11-23,1994-03-25,84,9.34057,8.72574,-0.0658231,-0.0661967,0.0106214,-0.0768181,time,-0.0658231,2,0.0212482,-0.0980664
g_bonds,Z2/21|H84|long,ULONGsyn,full,1996-03-11,1996-03-12,1996-07-10,84,10.4398,10.0977,-0.0327744,-0.0331612,0.0167524,-0.0499136,time,-0.047433,2,0.0163257,-0.0662393
g_bonds,Z2/21|H84|long,ULONGsyn,full,1998-11-05,1998-11-06,1999-03-12,84,14.7308,14.622,-0.00738679,-0.00778376,0.0146841,-0.0224679,time,-0.029792,2,0.0107196,-0.0331875
g_bonds,Z2/21|H84|long,ULONGsyn,full,2000-01-12,2000-01-13,2000-05-15,84,13.196,14.3494,0.087404,0.0869691,0.0187623,0.0682068,time,-0.0118743,2,0.0216656,0.0465412
g_bonds,Z2/21|H84|long,ULONGsyn,full,2001-12-06,2001-12-07,2002-04-11,84,16.9243,16.8046,-0.00707259,-0.00746968,0.00571468,-0.0131844,time,-0.0280341,2,0.0143786,-0.027563
g_bonds,Z2/21|H84|long,ULONGsyn,full,2003-07-15,2003-07-16,2003-11-14,84,19.7823,19.7881,0.000292318,-0.000107719,0.0031127,-0.00322042,time,-0.0680118,2,0.0170006,-0.020221
g_bonds,Z2/21|H84|long,ULONGsyn,full,2004-04-15,2004-04-16,2004-08-17,84,19.9074,20.8213,0.045911,0.0454927,0.00405119,0.0414415,time,-0.0392744,2,0.0144136,0.0270279
g_bonds,Z2/21|H84|long,ULONGsyn,full,2007-06-08,2007-06-11,2007-10-10,84,23.3185,25.1175,0.0771484,0.0767176,0.0144147,0.062303,time,-0.0161968,2,0.0217624,0.0405406
g_bonds,Z2/21|H84|long,ULONGsyn,full,2007-12-27,2007-12-28,2008-04-30,84,26.811,27.2615,0.0168015,0.0163949,0.00624246,0.0101524,time,-0.0205782,2,0.0115345,-0.00138207
g_bonds,Z2/21|H84|long,ULONGsyn,full,2008-10-16,2008-10-17,2009-02-20,84,28.5766,32.8674,0.15015,0.14969,0.000761905,0.148928,time,-0.00365299,2,0.0277818,0.121146
g_bonds,Z2/21|H84|long,ULONGsyn,full,2009-05-28,2009-05-29,2009-09-28,84,28.907,30.8061,0.0656951,0.0652689,0.000549603,0.0647193,time,-0.0649642,2,0.0358534,0.028866
g_bonds,Z2/21|H84|long,ULONGsyn,full,2010-12-15,2010-12-16,2011-04-18,84,29.5441,30.5697,0.0347161,0.0343023,0.000394048,0.0339083,time,-0.0240196,2,0.0227139,0.0111944
g_bonds,Z2/21|H84|long,ULONGsyn,full,2013-06-25,2013-06-26,2013-10-25,84,37.6712,37.961,0.00769404,0.00729104,0.000120635,0.00717041,time,-0.0510382,2,0.0291856,-0.0220152
g_bonds,Z2/21|H84|long,ULONGsyn,full,2015-03-04,2015-03-05,2015-07-02,84,46.9828,43.0206,-0.0843324,-0.0846986,6.86508e-05,-0.0847672,time,-0.0950585,2,0.00985539,-0.0946226
g_bonds,Z2/21|H84|long,ULONGsyn,full,2016-11-14,2016-11-15,2017-03-20,84,46.3321,45.7791,-0.0119357,-0.0123308,0.00180595,-0.0141368,time,-0.0397484,2,0.0281517,-0.0422884
g_bonds,Z2/21|H84|long,ULONGsyn,full,2018-02-05,2018-02-06,2018-06-07,84,47.0529,47.3184,0.00564387,0.0052417,0.00583095,-0.000589255,time,-0.0293189,2,0.0117568,-0.0123461
g_bonds,Z2/21|H84|long,ULONGsyn,full,2021-02-26,2021-03-01,2021-06-28,84,58.9211,61.0114,0.0354764,0.0350623,8.69048e-05,0.0349754,time,-0.0453276,2,-0.00913896,0.0441143
g_bonds,Z2/21|H84|long,ULONGsyn,full,2022-01-19,2022-01-20,2022-05-20,84,60.9603,51.3607,-0.157473,-0.15781,0.00187579,-0.159685,time,-0.196558,2,-0.0126094,-0.147076
g_bonds,Z2/21|H84|long,ULONGsyn,full,2023-03-06,2023-03-07,2023-07-06,84,44.5365,44.0254,-0.0114761,-0.0118714,0.0166472,-0.0285186,time,-0.0155574,2,-0.0348046,0.00628593
g_bonds,Z2/21|H84|long,ULONGsyn,full,2023-08-18,2023-08-21,2023-12-20,84,41.0618,45.0681,0.0975687,0.0971297,0.0176623,0.0794674,time,-0.0933677,2,-0.0362671,0.115735
