family,variant,instrument,role,signal,entry,exit,sessions,entry_px,exit_px,gross,net,rf,excess,how,mae,cost_bps,base,edge
a_union,UNION|H42,^GSPC,design,1928-12-06,1928-12-07,1929-02-07,42,23.2412,25.8353,0.111618,0.111395,0.00485,0.106545,time,-0.00209048,1,-0.0196817,0.126227
a_union,UNION|H42,^GSPC,design,1929-02-07,1929-02-08,1929-04-12,42,25.5565,26.4519,0.0350339,0.0348269,0.00743636,0.0273906,time,-0.00313124,1,-0.0206789,0.0480694
a_union,UNION|H42,^GSPC,design,1929-05-22,1929-05-23,1929-07-24,42,26.728,30.415,0.137946,0.137719,0.00875,0.128969,time,-0.0435839,1,-0.0330603,0.162029
a_union,UNION|H42,^GSPC,design,1929-08-09,1929-08-12,1929-10-10,42,31.1344,32.9424,0.0580708,0.0578592,0.00764545,0.0502138,time,-0.016628,1,-0.00708104,0.0572948
a_union,UNION|H42,^GSPC,design,1933-02-01,1933-02-02,1933-04-17,42,8.78562,8.8707,0.00968482,0.00928103,0.000659649,0.00862138,time,-0.15173,2,0.0114301,-0.00280868
a_union,UNION|H42,^GSPC,design,1933-06-15,1933-06-16,1933-08-16,42,13.4499,14.0847,0.0471952,0.0467764,0.000447431,0.046329,time,-0.0122692,2,0.015339,0.03099
a_union,UNION|H42,^GSPC,design,1933-09-05,1933-09-06,1933-11-06,42,15.018,13.1797,-0.122408,-0.122759,0.00031,-0.123069,time,-0.202174,2,0.0189281,-0.141997
a_union,UNION|H42,^GSPC,design,1934-02-07,1934-02-08,1934-04-12,42,16.2152,15.601,-0.0378767,-0.0382615,0.00037619,-0.0386377,time,-0.089389,2,0.0241725,-0.0628102
a_union,UNION|H42,^GSPC,design,1934-04-30,1934-05-01,1934-06-29,42,14.8802,14.0608,-0.0550658,-0.0552548,0.000195455,-0.0554502,time,-0.0996825,1,0.0257033,-0.0811535
a_union,UNION|H42,^GSPC,design,1935-04-16,1935-04-17,1935-06-18,42,13.4272,15.4365,0.149642,0.149183,0.000198095,0.148985,time,0,2,0.0350599,0.113925
a_union,UNION|H42,^GSPC,design,1935-08-16,1935-08-19,1935-10-17,42,17.2682,18.0323,0.0442445,0.0438269,0.000197431,0.0436294,time,-0.0269713,2,0.0296212,0.0140083
a_union,UNION|H42,^GSPC,design,1935-12-17,1935-12-18,1936-02-19,42,19.6843,22.5387,0.145007,0.144549,0.000201253,0.144348,time,-0.00452256,2,0.0323436,0.112004
a_union,UNION|H42,^GSPC,design,1936-03-09,1936-03-10,1936-05-08,42,22.7197,21.5643,-0.050853,-0.0510428,0.000393506,-0.0514363,time,-0.077074,1,0.0311582,-0.0825946
a_union,UNION|H42,^GSPC,design,1936-08-21,1936-08-24,1936-10-23,42,24.5529,26.9821,0.0989392,0.0987194,0.0003,0.0984194,time,-0.0392273,1,0.0183145,0.0801049
a_union,UNION|H42,^GSPC,design,1937-04-07,1937-04-08,1937-06-08,42,27.3164,26.2271,-0.0398766,-0.0400686,0.0009,-0.0409686,time,-0.0759317,1,0.0134013,-0.05437
a_union,UNION|H42,^GSPC,design,1938-08-29,1938-08-30,1938-10-31,42,21.1328,23.3157,0.103295,0.102854,0.0003,0.102554,time,-0.0833175,2,0.00895126,0.0936026
a_union,UNION|H42,^GSPC,design,1938-11-28,1938-11-29,1939-01-30,42,22.0733,21.7408,-0.0150641,-0.0152611,-0.000126817,-0.0151343,time,-0.0663892,1,0.00201322,-0.0171475
a_union,UNION|H42,^GSPC,design,1940-11-06,1940-11-07,1941-01-10,42,22.3356,21.5206,-0.0364916,-0.0366843,-3.18182e-05,-0.0366525,time,-0.0818579,1,0.0145413,-0.0511937
a_union,UNION|H42,^GSPC,design,1943-04-09,1943-04-12,1943-06-11,42,25.8894,28.2832,0.0924635,0.092245,0.000508442,0.0917366,time,-0.00069214,1,0.0255164,0.0662201
a_union,UNION|H42,^GSPC,design,1943-07-27,1943-07-28,1943-09-27,42,27.9863,28.5071,0.0186116,0.0184079,0.000585714,0.0178222,time,-0.0339418,1,0.0231663,-0.00534411
a_union,UNION|H42,^GSPC,design,1946-01-21,1946-01-22,1946-03-25,42,47.285,48.1435,0.0181566,0.017953,0.000638312,0.0173147,time,-0.0555825,1,0.0187098,-0.00139505
a_union,UNION|H42,^GSPC,design,1946-07-23,1946-07-24,1946-09-23,42,46.9587,39.1359,-0.166589,-0.166755,0.000593182,-0.167348,time,-0.171515,1,0.0162527,-0.183601
a_union,UNION|H42,^GSPC,design,1948-07-19,1948-07-20,1948-09-17,42,47.5709,47.31,-0.00548501,-0.00568389,0.00143333,-0.00711723,time,-0.0148469,1,0.022469,-0.0295862
a_union,UNION|H42,^GSPC,design,1948-11-03,1948-11-04,1949-01-05,42,48.886,46.3844,-0.0511702,-0.0513599,0.000879699,-0.0522396,time,-0.082642,1,0.0187726,-0.0710122
a_union,UNION|H42,^GSPC,design,1950-06-26,1950-06-27,1950-08-25,42,60.4571,63.3198,0.0473513,0.0471418,0.00196245,0.0451794,time,-0.0652984,1,0.0218249,0.0233545
a_union,UNION|H42,^GSPC,design,1950-11-28,1950-11-29,1951-01-30,42,67.3434,76.4956,0.135902,0.135675,0.00239591,0.133279,time,-0.0182368,1,0.0239682,0.109311
a_union,UNION|H42,^GSPC,design,1953-02-09,1953-02-10,1953-04-14,42,102.155,100.037,-0.0207305,-0.0209263,0.00334127,-0.0242676,time,-0.0318952,1,0.0359899,-0.0602575
a_union,UNION|H42,^GSPC,design,1955-09-26,1955-09-27,1955-11-28,42,198.127,207.603,0.0478254,0.0476159,0.00369683,0.0439191,time,-0.0623684,1,0.0262027,0.0177163
a_union,UNION|H42,^GSPC,design,1961-04-18,1961-04-19,1961-06-20,42,365.545,363.655,-0.00517283,-0.00537178,0.00383492,-0.0092067,time,-0.0210794,1,0.0188545,-0.0280612
a_union,UNION|H42,^GSPC,design,1982-10-25,1982-10-26,1982-12-27,42,1694.18,1805.92,0.0659581,0.0655318,0.0133111,0.0522206,time,-0.0075937,2,0.0105854,0.0416353
a_union,UNION|H42,^GSPC,design,1986-07-07,1986-07-08,1986-09-05,42,3564.57,3716.4,0.0425943,0.0423858,0.00934286,0.0330429,time,-0.032169,1,0.016799,0.0162439
a_union,UNION|H42,^GSPC,design,1986-09-11,1986-09-12,1986-11-11,42,3425,3689.78,0.0773087,0.0770932,0.00867937,0.0684139,time,-0.00179063,1,0.0168403,0.0515735
a_union,UNION|H42,^GSPC,design,1987-04-24,1987-04-27,1987-06-25,42,4267.66,4700.94,0.101526,0.101086,0.00943571,0.0916501,time,-0.0108951,2,0.0194904,0.0721597
a_union,UNION|H42,^GSPC,design,1989-10-13,1989-10-16,1989-12-14,42,5647.57,5816.68,0.0299431,0.0297371,0.0127456,0.0169915,time,-0.0278355,1,0.0128149,0.00417659
a_union,UNION|H42,^GSPC,design,1991-11-15,1991-11-18,1992-01-20,42,6824.67,7406.8,0.0852982,0.0850811,0.0067623,0.0783188,time,-0.025141,1,0.011331,0.0669878
a_union,UNION|H42,^GSPC,design,1996-03-08,1996-03-11,1996-05-09,42,12778,12928.2,0.0117583,0.0115559,0.00828611,0.00326982,time,-0.0120365,1,0.0276635,-0.0243937
a_union,UNION|H42,^GSPC,design,1997-10-27,1997-10-28,1997-12-29,42,19005.4,19720.9,0.0376489,0.0372339,0.00857103,0.0286629,time,-0.0193002,2,0.0263771,0.0022858
a_union,UNION|H42,^GSPC,design,1998-08-04,1998-08-05,1998-10-05,42,22566.8,20687.9,-0.083258,-0.0836246,0.00782103,-0.0914457,time,-0.113719,2,0.0148849,-0.106331
a_union,UNION|H42,^GSPC,design,1998-12-14,1998-12-15,1999-02-17,42,24407.8,25747.3,0.0548822,0.0544603,0.00729127,0.047169,time,-0.000728315,2,0.0132956,0.0338735
a_union,UNION|H42,^GSPC,design,2000-01-04,2000-01-05,2000-03-07,42,29822,28895.3,-0.0310738,-0.0312676,0.00911389,-0.0403815,time,-0.0474685,1,0.000211008,-0.0405925
a_union,UNION|H42,^GSPC,design,2000-04-14,2000-04-17,2000-06-16,42,29902.6,31317,0.047299,0.0468802,0.00955794,0.0373223,time,-0.018382,2,0.00232409,0.0349982
a_union,UNION|H42,^GSPC,design,2003-03-24,2003-03-25,2003-05-23,42,19467.9,20828.9,0.0699121,0.0694842,0.00184167,0.0676425,time,-0.0301562,2,-0.00330016,0.0709427
a_union,UNION|H42,^GSPC,design,2007-02-27,2007-02-28,2007-04-30,42,33632.2,35515,0.0559799,0.0557688,0.0081746,0.0475942,time,-0.0231825,1,0.00593984,0.0416543
a_union,UNION|H42,^GSPC,design_1928_85,1928-12-06,1928-12-07,1929-02-07,42,23.2412,25.8353,0.111618,0.111395,0.00485,0.106545,time,-0.00209048,1,-0.0196817,0.126227
a_union,UNION|H42,^GSPC,design_1928_85,1929-02-07,1929-02-08,1929-04-12,42,25.5565,26.4519,0.0350339,0.0348269,0.00743636,0.0273906,time,-0.00313124,1,-0.0206789,0.0480694
a_union,UNION|H42,^GSPC,design_1928_85,1929-05-22,1929-05-23,1929-07-24,42,26.728,30.415,0.137946,0.137719,0.00875,0.128969,time,-0.0435839,1,-0.0330603,0.162029
a_union,UNION|H42,^GSPC,design_1928_85,1929-08-09,1929-08-12,1929-10-10,42,31.1344,32.9424,0.0580708,0.0578592,0.00764545,0.0502138,time,-0.016628,1,-0.00708104,0.0572948
a_union,UNION|H42,^GSPC,design_1928_85,1933-02-01,1933-02-02,1933-04-17,42,8.78562,8.8707,0.00968482,0.00928103,0.000659649,0.00862138,time,-0.15173,2,0.0114301,-0.00280868
a_union,UNION|H42,^GSPC,design_1928_85,1933-06-15,1933-06-16,1933-08-16,42,13.4499,14.0847,0.0471952,0.0467764,0.000447431,0.046329,time,-0.0122692,2,0.015339,0.03099
a_union,UNION|H42,^GSPC,design_1928_85,1933-09-05,1933-09-06,1933-11-06,42,15.018,13.1797,-0.122408,-0.122759,0.00031,-0.123069,time,-0.202174,2,0.0189281,-0.141997
a_union,UNION|H42,^GSPC,design_1928_85,1934-02-07,1934-02-08,1934-04-12,42,16.2152,15.601,-0.0378767,-0.0382615,0.00037619,-0.0386377,time,-0.089389,2,0.0241725,-0.0628102
a_union,UNION|H42,^GSPC,design_1928_85,1934-04-30,1934-05-01,1934-06-29,42,14.8802,14.0608,-0.0550658,-0.0552548,0.000195455,-0.0554502,time,-0.0996825,1,0.0257033,-0.0811535
a_union,UNION|H42,^GSPC,design_1928_85,1935-04-16,1935-04-17,1935-06-18,42,13.4272,15.4365,0.149642,0.149183,0.000198095,0.148985,time,0,2,0.0350599,0.113925
a_union,UNION|H42,^GSPC,design_1928_85,1935-08-16,1935-08-19,1935-10-17,42,17.2682,18.0323,0.0442445,0.0438269,0.000197431,0.0436294,time,-0.0269713,2,0.0296212,0.0140083
a_union,UNION|H42,^GSPC,design_1928_85,1935-12-17,1935-12-18,1936-02-19,42,19.6843,22.5387,0.145007,0.144549,0.000201253,0.144348,time,-0.00452256,2,0.0323436,0.112004
a_union,UNION|H42,^GSPC,design_1928_85,1936-03-09,1936-03-10,1936-05-08,42,22.7197,21.5643,-0.050853,-0.0510428,0.000393506,-0.0514363,time,-0.077074,1,0.0311582,-0.0825946
a_union,UNION|H42,^GSPC,design_1928_85,1936-08-21,1936-08-24,1936-10-23,42,24.5529,26.9821,0.0989392,0.0987194,0.0003,0.0984194,time,-0.0392273,1,0.0183145,0.0801049
a_union,UNION|H42,^GSPC,design_1928_85,1937-04-07,1937-04-08,1937-06-08,42,27.3164,26.2271,-0.0398766,-0.0400686,0.0009,-0.0409686,time,-0.0759317,1,0.0134013,-0.05437
a_union,UNION|H42,^GSPC,design_1928_85,1938-08-29,1938-08-30,1938-10-31,42,21.1328,23.3157,0.103295,0.102854,0.0003,0.102554,time,-0.0833175,2,0.00895126,0.0936026
a_union,UNION|H42,^GSPC,design_1928_85,1938-11-28,1938-11-29,1939-01-30,42,22.0733,21.7408,-0.0150641,-0.0152611,-0.000126817,-0.0151343,time,-0.0663892,1,0.00201322,-0.0171475
a_union,UNION|H42,^GSPC,design_1928_85,1940-11-06,1940-11-07,1941-01-10,42,22.3356,21.5206,-0.0364916,-0.0366843,-3.18182e-05,-0.0366525,time,-0.0818579,1,0.0145413,-0.0511937
a_union,UNION|H42,^GSPC,design_1928_85,1943-04-09,1943-04-12,1943-06-11,42,25.8894,28.2832,0.0924635,0.092245,0.000508442,0.0917366,time,-0.00069214,1,0.0255164,0.0662201
a_union,UNION|H42,^GSPC,design_1928_85,1943-07-27,1943-07-28,1943-09-27,42,27.9863,28.5071,0.0186116,0.0184079,0.000585714,0.0178222,time,-0.0339418,1,0.0231663,-0.00534411
a_union,UNION|H42,^GSPC,design_1928_85,1946-01-21,1946-01-22,1946-03-25,42,47.285,48.1435,0.0181566,0.017953,0.000638312,0.0173147,time,-0.0555825,1,0.0187098,-0.00139505
a_union,UNION|H42,^GSPC,design_1928_85,1946-07-23,1946-07-24,1946-09-23,42,46.9587,39.1359,-0.166589,-0.166755,0.000593182,-0.167348,time,-0.171515,1,0.0162527,-0.183601
a_union,UNION|H42,^GSPC,design_1928_85,1948-07-19,1948-07-20,1948-09-17,42,47.5709,47.31,-0.00548501,-0.00568389,0.00143333,-0.00711723,time,-0.0148469,1,0.022469,-0.0295862
a_union,UNION|H42,^GSPC,design_1928_85,1948-11-03,1948-11-04,1949-01-05,42,48.886,46.3844,-0.0511702,-0.0513599,0.000879699,-0.0522396,time,-0.082642,1,0.0187726,-0.0710122
a_union,UNION|H42,^GSPC,design_1928_85,1950-06-26,1950-06-27,1950-08-25,42,60.4571,63.3198,0.0473513,0.0471418,0.00196245,0.0451794,time,-0.0652984,1,0.0218249,0.0233545
a_union,UNION|H42,^GSPC,design_1928_85,1950-11-28,1950-11-29,1951-01-30,42,67.3434,76.4956,0.135902,0.135675,0.00239591,0.133279,time,-0.0182368,1,0.0239682,0.109311
a_union,UNION|H42,^GSPC,design_1928_85,1953-02-09,1953-02-10,1953-04-14,42,102.155,100.037,-0.0207305,-0.0209263,0.00334127,-0.0242676,time,-0.0318952,1,0.0359899,-0.0602575
a_union,UNION|H42,^GSPC,design_1928_85,1955-09-26,1955-09-27,1955-11-28,42,198.127,207.603,0.0478254,0.0476159,0.00369683,0.0439191,time,-0.0623684,1,0.0262027,0.0177163
a_union,UNION|H42,^GSPC,design_1928_85,1961-04-18,1961-04-19,1961-06-20,42,365.545,363.655,-0.00517283,-0.00537178,0.00383492,-0.0092067,time,-0.0210794,1,0.0188545,-0.0280612
a_union,UNION|H42,^GSPC,design_1928_85,1982-10-25,1982-10-26,1982-12-27,42,1694.18,1805.92,0.0659581,0.0655318,0.0133111,0.0522206,time,-0.0075937,2,0.0105854,0.0416353
a_union,UNION|H42,^GSPC,design_1986_07,1986-07-07,1986-07-08,1986-09-05,42,3564.57,3716.4,0.0425943,0.0423858,0.00934286,0.0330429,time,-0.032169,1,0.0202811,0.0127618
a_union,UNION|H42,^GSPC,design_1986_07,1986-09-11,1986-09-12,1986-11-11,42,3425,3689.78,0.0773087,0.0770932,0.00867937,0.0684139,time,-0.00179063,1,0.0196323,0.0487815
a_union,UNION|H42,^GSPC,design_1986_07,1987-04-24,1987-04-27,1987-06-25,42,4267.66,4700.94,0.101526,0.101086,0.00943571,0.0916501,time,-0.0108951,2,0.0166216,0.0750285
a_union,UNION|H42,^GSPC,design_1986_07,1989-10-13,1989-10-16,1989-12-14,42,5647.57,5816.68,0.0299431,0.0297371,0.0127456,0.0169915,time,-0.0278355,1,0.0128149,0.00417659
a_union,UNION|H42,^GSPC,design_1986_07,1991-11-15,1991-11-18,1992-01-20,42,6824.67,7406.8,0.0852982,0.0850811,0.0067623,0.0783188,time,-0.025141,1,0.011331,0.0669878
a_union,UNION|H42,^GSPC,design_1986_07,1996-03-08,1996-03-11,1996-05-09,42,12778,12928.2,0.0117583,0.0115559,0.00828611,0.00326982,time,-0.0120365,1,0.0276635,-0.0243937
a_union,UNION|H42,^GSPC,design_1986_07,1997-10-27,1997-10-28,1997-12-29,42,19005.4,19720.9,0.0376489,0.0372339,0.00857103,0.0286629,time,-0.0193002,2,0.0263771,0.0022858
a_union,UNION|H42,^GSPC,design_1986_07,1998-08-04,1998-08-05,1998-10-05,42,22566.8,20687.9,-0.083258,-0.0836246,0.00782103,-0.0914457,time,-0.113719,2,0.0148849,-0.106331
a_union,UNION|H42,^GSPC,design_1986_07,1998-12-14,1998-12-15,1999-02-17,42,24407.8,25747.3,0.0548822,0.0544603,0.00729127,0.047169,time,-0.000728315,2,0.0132956,0.0338735
a_union,UNION|H42,^GSPC,design_1986_07,2000-01-04,2000-01-05,2000-03-07,42,29822,28895.3,-0.0310738,-0.0312676,0.00911389,-0.0403815,time,-0.0474685,1,0.000211008,-0.0405925
a_union,UNION|H42,^GSPC,design_1986_07,2000-04-14,2000-04-17,2000-06-16,42,29902.6,31317,0.047299,0.0468802,0.00955794,0.0373223,time,-0.018382,2,0.00232409,0.0349982
a_union,UNION|H42,^GSPC,design_1986_07,2003-03-24,2003-03-25,2003-05-23,42,19467.9,20828.9,0.0699121,0.0694842,0.00184167,0.0676425,time,-0.0301562,2,-0.00330016,0.0709427
a_union,UNION|H42,^GSPC,design_1986_07,2007-02-27,2007-02-28,2007-04-30,42,33632.2,35515,0.0559799,0.0557688,0.0081746,0.0475942,time,-0.0231825,1,0.00593984,0.0416543
a_union,UNION|H42,^GSPC,test,2009-06-22,2009-06-23,2009-08-21,42,22551.3,25950.8,0.150742,0.150281,0.000303571,0.149978,time,-0.0167384,2,0.00741935,0.142558
a_union,UNION|H42,^GSPC,test,2009-10-30,2009-11-02,2010-01-04,42,26457.9,28860.2,0.0907954,0.0903592,9.04762e-05,0.0902687,time,0,2,0.00821708,0.0820517
a_union,UNION|H42,^GSPC,test,2010-02-04,2010-02-05,2010-04-08,42,27195.7,30385.2,0.11728,0.117056,0.00023373,0.116823,time,-0.00853142,1,0.0109624,0.10586
a_union,UNION|H42,^GSPC,test,2010-05-06,2010-05-07,2010-07-08,42,28477.8,27546.9,-0.032687,-0.0330739,0.000238889,-0.0333128,time,-0.0762408,2,0.0124541,-0.0457669
a_union,UNION|H42,^GSPC,test,2011-11-09,2011-11-10,2012-01-12,42,32787.6,34404.5,0.0493132,0.0488935,2.42063e-05,0.0488693,time,-0.0644181,2,0.0290123,0.019857
a_union,UNION|H42,^GSPC,test,2016-06-24,2016-06-27,2016-08-25,42,58445.3,63702,0.0899413,0.0897233,0.000486111,0.0892372,time,0,1,0.0187872,0.07045
a_union,UNION|H42,^GSPC,test,2018-02-05,2018-02-06,2018-04-09,42,81338,79172.1,-0.0266286,-0.0270178,0.00276865,-0.0297865,time,-0.0421815,2,0.0213504,-0.0511369
a_union,UNION|H42,^GSPC,test,2018-10-10,2018-10-11,2018-12-12,42,83463.7,81392.2,-0.0248188,-0.0250138,0.00386071,-0.0288746,time,-0.0328009,1,0.0259549,-0.0548294
a_union,UNION|H42,^GSPC,test,2020-02-24,2020-02-25,2020-04-24,42,98362.2,89493.8,-0.0901598,-0.0903418,0.000513889,-0.0908556,time,-0.283477,1,0.0177244,-0.10858
a_union,UNION|H42,^GSPC,test,2020-06-11,2020-06-12,2020-08-12,42,96260.7,107236,0.114015,0.11357,0.000218651,0.113351,time,-0.0102643,2,0.0192972,0.0940538
a_union,UNION|H42,^GSPC,test,2020-09-03,2020-09-04,2020-11-04,42,108877,109630,0.00691117,0.00650849,0.000171429,0.00633706,time,-0.054773,2,0.0171574,-0.0108203
a_union,UNION|H42,^GSPC,test,2021-01-27,2021-01-28,2021-03-30,42,121052,126877,0.0481252,0.0477061,6.19048e-05,0.0476442,time,-0.019181,2,0.0193923,0.0282519
a_union,UNION|H42,^GSPC,test,2021-12-01,2021-12-02,2022-02-02,42,148111,148777,0.00449807,0.00409636,0.00018254,0.00391382,time,-0.053179,2,0.0243747,-0.0204609
a_union,UNION|H42,^GSPC,test,2024-08-05,2024-08-06,2024-10-04,42,176793,194563,0.100512,0.100072,0.00806032,0.0920117,time,-0.00770111,2,0.0162258,0.0757859
a_union,UNION|H42,SPY,test_exec,2009-06-22,2009-06-23,2009-08-20,42,65.9356,74.4253,0.128758,0.128306,0.000304762,0.128001,time,-0.0168775,2,0.00712125,0.12088
a_union,UNION|H42,SPY,test_exec,2009-10-30,2009-11-02,2009-12-31,42,77.1049,82.962,0.0759629,0.0755326,8.96825e-05,0.0754429,time,0.00182467,2,0.00789987,0.067543
a_union,UNION|H42,SPY,test_exec,2010-02-04,2010-02-05,2010-04-07,42,79.3291,88.4764,0.115309,0.115086,0.000230952,0.114855,time,-0.00628812,1,0.010621,0.104234
a_union,UNION|H42,SPY,test_exec,2010-05-06,2010-05-07,2010-07-07,42,84.2006,79.6967,-0.0534901,-0.0538686,0.000238095,-0.0541067,time,-0.0883677,2,0.0121182,-0.0662249
a_union,UNION|H42,SPY,test_exec,2011-11-09,2011-11-10,2012-01-11,42,96.1019,100.129,0.0419055,0.0414888,2.34127e-05,0.0414654,time,-0.0677138,2,0.0284928,0.0129726
a_union,UNION|H42,SPY,test_exec,2016-06-24,2016-06-27,2016-08-24,42,171.292,185.108,0.0806587,0.0804426,0.00048373,0.0799588,time,-0.00987147,1,0.0183159,0.0616429
a_union,UNION|H42,SPY,test_exec,2018-02-05,2018-02-06,2018-04-06,42,227.637,228.355,0.00315547,0.00275429,0.00275952,-5.23136e-06,time,-0.00888642,2,0.0207606,-0.0207658
a_union,UNION|H42,SPY,test_exec,2018-10-10,2018-10-11,2018-12-11,42,245.821,234.332,-0.0467375,-0.0469281,0.00385397,-0.0507821,time,-0.0499136,1,0.025293,-0.0760751
a_union,UNION|H42,SPY,test_exec,2020-02-24,2020-02-25,2020-04-23,42,294.546,255.249,-0.133416,-0.13359,0.000568651,-0.134158,time,-0.307708,1,0.0172033,-0.151362
a_union,UNION|H42,SPY,test_exec,2020-06-11,2020-06-12,2020-08-11,42,281.919,305.721,0.0844298,0.0839961,0.000220635,0.0837755,time,-0.0222865,2,0.0187802,0.0649953
a_union,UNION|H42,SPY,test_exec,2020-09-03,2020-09-04,2020-11-03,42,317.966,309.924,-0.0252939,-0.0256837,0.000171825,-0.0258555,time,-0.0641335,2,0.0166959,-0.0425514
a_union,UNION|H42,SPY,test_exec,2021-01-27,2021-01-28,2021-03-29,42,348.6,367.789,0.055044,0.0546221,6.38889e-05,0.0545582,time,-0.0167124,2,0.0188104,0.0357478
a_union,UNION|H42,SPY,test_exec,2021-12-01,2021-12-02,2022-02-01,42,421.569,425.134,0.00845605,0.00805274,0.000176587,0.00787616,time,-0.0398795,2,0.0237942,-0.015918
a_union,UNION|H42,SPY,test_exec,2024-08-05,2024-08-06,2024-10-03,42,505.956,555.012,0.0969562,0.0965176,0.00808254,0.088435,time,-0.00107868,2,0.015758,0.072677
a_union,UNION|H42,^GSPC,full,1928-12-06,1928-12-07,1929-02-07,42,23.2412,25.8353,0.111618,0.111395,0.00485,0.106545,time,-0.00209048,1,-0.0196817,0.126227
a_union,UNION|H42,^GSPC,full,1929-02-07,1929-02-08,1929-04-12,42,25.5565,26.4519,0.0350339,0.0348269,0.00743636,0.0273906,time,-0.00313124,1,-0.0206789,0.0480694
a_union,UNION|H42,^GSPC,full,1929-05-22,1929-05-23,1929-07-24,42,26.728,30.415,0.137946,0.137719,0.00875,0.128969,time,-0.0435839,1,-0.0330603,0.162029
a_union,UNION|H42,^GSPC,full,1929-08-09,1929-08-12,1929-10-10,42,31.1344,32.9424,0.0580708,0.0578592,0.00764545,0.0502138,time,-0.016628,1,-0.00708104,0.0572948
a_union,UNION|H42,^GSPC,full,1933-02-01,1933-02-02,1933-04-17,42,8.78562,8.8707,0.00968482,0.00928103,0.000659649,0.00862138,time,-0.15173,2,0.0114301,-0.00280868
a_union,UNION|H42,^GSPC,full,1933-06-15,1933-06-16,1933-08-16,42,13.4499,14.0847,0.0471952,0.0467764,0.000447431,0.046329,time,-0.0122692,2,0.015339,0.03099
a_union,UNION|H42,^GSPC,full,1933-09-05,1933-09-06,1933-11-06,42,15.018,13.1797,-0.122408,-0.122759,0.00031,-0.123069,time,-0.202174,2,0.0189281,-0.141997
a_union,UNION|H42,^GSPC,full,1934-02-07,1934-02-08,1934-04-12,42,16.2152,15.601,-0.0378767,-0.0382615,0.00037619,-0.0386377,time,-0.089389,2,0.0241725,-0.0628102
a_union,UNION|H42,^GSPC,full,1934-04-30,1934-05-01,1934-06-29,42,14.8802,14.0608,-0.0550658,-0.0552548,0.000195455,-0.0554502,time,-0.0996825,1,0.0257033,-0.0811535
a_union,UNION|H42,^GSPC,full,1935-04-16,1935-04-17,1935-06-18,42,13.4272,15.4365,0.149642,0.149183,0.000198095,0.148985,time,0,2,0.0350599,0.113925
a_union,UNION|H42,^GSPC,full,1935-08-16,1935-08-19,1935-10-17,42,17.2682,18.0323,0.0442445,0.0438269,0.000197431,0.0436294,time,-0.0269713,2,0.0296212,0.0140083
a_union,UNION|H42,^GSPC,full,1935-12-17,1935-12-18,1936-02-19,42,19.6843,22.5387,0.145007,0.144549,0.000201253,0.144348,time,-0.00452256,2,0.0323436,0.112004
a_union,UNION|H42,^GSPC,full,1936-03-09,1936-03-10,1936-05-08,42,22.7197,21.5643,-0.050853,-0.0510428,0.000393506,-0.0514363,time,-0.077074,1,0.0311582,-0.0825946
a_union,UNION|H42,^GSPC,full,1936-08-21,1936-08-24,1936-10-23,42,24.5529,26.9821,0.0989392,0.0987194,0.0003,0.0984194,time,-0.0392273,1,0.0183145,0.0801049
a_union,UNION|H42,^GSPC,full,1937-04-07,1937-04-08,1937-06-08,42,27.3164,26.2271,-0.0398766,-0.0400686,0.0009,-0.0409686,time,-0.0759317,1,0.0134013,-0.05437
a_union,UNION|H42,^GSPC,full,1938-08-29,1938-08-30,1938-10-31,42,21.1328,23.3157,0.103295,0.102854,0.0003,0.102554,time,-0.0833175,2,0.00895126,0.0936026
a_union,UNION|H42,^GSPC,full,1938-11-28,1938-11-29,1939-01-30,42,22.0733,21.7408,-0.0150641,-0.0152611,-0.000126817,-0.0151343,time,-0.0663892,1,0.00201322,-0.0171475
a_union,UNION|H42,^GSPC,full,1940-11-06,1940-11-07,1941-01-10,42,22.3356,21.5206,-0.0364916,-0.0366843,-3.18182e-05,-0.0366525,time,-0.0818579,1,0.0145413,-0.0511937
a_union,UNION|H42,^GSPC,full,1943-04-09,1943-04-12,1943-06-11,42,25.8894,28.2832,0.0924635,0.092245,0.000508442,0.0917366,time,-0.00069214,1,0.0255164,0.0662201
a_union,UNION|H42,^GSPC,full,1943-07-27,1943-07-28,1943-09-27,42,27.9863,28.5071,0.0186116,0.0184079,0.000585714,0.0178222,time,-0.0339418,1,0.0231663,-0.00534411
a_union,UNION|H42,^GSPC,full,1946-01-21,1946-01-22,1946-03-25,42,47.285,48.1435,0.0181566,0.017953,0.000638312,0.0173147,time,-0.0555825,1,0.0187098,-0.00139505
a_union,UNION|H42,^GSPC,full,1946-07-23,1946-07-24,1946-09-23,42,46.9587,39.1359,-0.166589,-0.166755,0.000593182,-0.167348,time,-0.171515,1,0.0162527,-0.183601
a_union,UNION|H42,^GSPC,full,1948-07-19,1948-07-20,1948-09-17,42,47.5709,47.31,-0.00548501,-0.00568389,0.00143333,-0.00711723,time,-0.0148469,1,0.022469,-0.0295862
a_union,UNION|H42,^GSPC,full,1948-11-03,1948-11-04,1949-01-05,42,48.886,46.3844,-0.0511702,-0.0513599,0.000879699,-0.0522396,time,-0.082642,1,0.0187726,-0.0710122
a_union,UNION|H42,^GSPC,full,1950-06-26,1950-06-27,1950-08-25,42,60.4571,63.3198,0.0473513,0.0471418,0.00196245,0.0451794,time,-0.0652984,1,0.0218249,0.0233545
a_union,UNION|H42,^GSPC,full,1950-11-28,1950-11-29,1951-01-30,42,67.3434,76.4956,0.135902,0.135675,0.00239591,0.133279,time,-0.0182368,1,0.0239682,0.109311
a_union,UNION|H42,^GSPC,full,1953-02-09,1953-02-10,1953-04-14,42,102.155,100.037,-0.0207305,-0.0209263,0.00334127,-0.0242676,time,-0.0318952,1,0.0359899,-0.0602575
a_union,UNION|H42,^GSPC,full,1955-09-26,1955-09-27,1955-11-28,42,198.127,207.603,0.0478254,0.0476159,0.00369683,0.0439191,time,-0.0623684,1,0.0262027,0.0177163
a_union,UNION|H42,^GSPC,full,1961-04-18,1961-04-19,1961-06-20,42,365.545,363.655,-0.00517283,-0.00537178,0.00383492,-0.0092067,time,-0.0210794,1,0.0188545,-0.0280612
a_union,UNION|H42,^GSPC,full,1982-10-25,1982-10-26,1982-12-27,42,1694.18,1805.92,0.0659581,0.0655318,0.0133111,0.0522206,time,-0.0075937,2,0.0105854,0.0416353
a_union,UNION|H42,^GSPC,full,1986-07-07,1986-07-08,1986-09-05,42,3564.57,3716.4,0.0425943,0.0423858,0.00934286,0.0330429,time,-0.032169,1,0.016799,0.0162439
a_union,UNION|H42,^GSPC,full,1986-09-11,1986-09-12,1986-11-11,42,3425,3689.78,0.0773087,0.0770932,0.00867937,0.0684139,time,-0.00179063,1,0.0168403,0.0515735
a_union,UNION|H42,^GSPC,full,1987-04-24,1987-04-27,1987-06-25,42,4267.66,4700.94,0.101526,0.101086,0.00943571,0.0916501,time,-0.0108951,2,0.0194904,0.0721597
a_union,UNION|H42,^GSPC,full,1989-10-13,1989-10-16,1989-12-14,42,5647.57,5816.68,0.0299431,0.0297371,0.0127456,0.0169915,time,-0.0278355,1,0.0128149,0.00417659
a_union,UNION|H42,^GSPC,full,1991-11-15,1991-11-18,1992-01-20,42,6824.67,7406.8,0.0852982,0.0850811,0.0067623,0.0783188,time,-0.025141,1,0.011331,0.0669878
a_union,UNION|H42,^GSPC,full,1996-03-08,1996-03-11,1996-05-09,42,12778,12928.2,0.0117583,0.0115559,0.00828611,0.00326982,time,-0.0120365,1,0.0276635,-0.0243937
a_union,UNION|H42,^GSPC,full,1997-10-27,1997-10-28,1997-12-29,42,19005.4,19720.9,0.0376489,0.0372339,0.00857103,0.0286629,time,-0.0193002,2,0.0263771,0.0022858
a_union,UNION|H42,^GSPC,full,1998-08-04,1998-08-05,1998-10-05,42,22566.8,20687.9,-0.083258,-0.0836246,0.00782103,-0.0914457,time,-0.113719,2,0.0148849,-0.106331
a_union,UNION|H42,^GSPC,full,1998-12-14,1998-12-15,1999-02-17,42,24407.8,25747.3,0.0548822,0.0544603,0.00729127,0.047169,time,-0.000728315,2,0.0132956,0.0338735
a_union,UNION|H42,^GSPC,full,2000-01-04,2000-01-05,2000-03-07,42,29822,28895.3,-0.0310738,-0.0312676,0.00911389,-0.0403815,time,-0.0474685,1,0.000211008,-0.0405925
a_union,UNION|H42,^GSPC,full,2000-04-14,2000-04-17,2000-06-16,42,29902.6,31317,0.047299,0.0468802,0.00955794,0.0373223,time,-0.018382,2,0.00232409,0.0349982
a_union,UNION|H42,^GSPC,full,2003-03-24,2003-03-25,2003-05-23,42,19467.9,20828.9,0.0699121,0.0694842,0.00184167,0.0676425,time,-0.0301562,2,-0.00330016,0.0709427
a_union,UNION|H42,^GSPC,full,2007-02-27,2007-02-28,2007-04-30,42,33632.2,35515,0.0559799,0.0557688,0.0081746,0.0475942,time,-0.0231825,1,0.00310309,0.0444911
a_union,UNION|H42,^GSPC,full,2009-06-22,2009-06-23,2009-08-21,42,22551.3,25950.8,0.150742,0.150281,0.000303571,0.149978,time,-0.0167384,2,0.00679322,0.143185
a_union,UNION|H42,^GSPC,full,2009-10-30,2009-11-02,2010-01-04,42,26457.9,28860.2,0.0907954,0.0903592,9.04762e-05,0.0902687,time,0,2,0.00527742,0.0849913
a_union,UNION|H42,^GSPC,full,2010-02-04,2010-02-05,2010-04-08,42,27195.7,30385.2,0.11728,0.117056,0.00023373,0.116823,time,-0.00853142,1,0.00772759,0.109095
a_union,UNION|H42,^GSPC,full,2010-05-06,2010-05-07,2010-07-08,42,28477.8,27546.9,-0.032687,-0.0330739,0.000238889,-0.0333128,time,-0.0762408,2,0.00794121,-0.041254
a_union,UNION|H42,^GSPC,full,2011-11-09,2011-11-10,2012-01-12,42,32787.6,34404.5,0.0493132,0.0488935,2.42063e-05,0.0488693,time,-0.0644181,2,0.0290123,0.019857
a_union,UNION|H42,^GSPC,full,2016-06-24,2016-06-27,2016-08-25,42,58445.3,63702,0.0899413,0.0897233,0.000486111,0.0892372,time,0,1,0.0187872,0.07045
a_union,UNION|H42,^GSPC,full,2018-02-05,2018-02-06,2018-04-09,42,81338,79172.1,-0.0266286,-0.0270178,0.00276865,-0.0297865,time,-0.0421815,2,0.0213504,-0.0511369
a_union,UNION|H42,^GSPC,full,2018-10-10,2018-10-11,2018-12-12,42,83463.7,81392.2,-0.0248188,-0.0250138,0.00386071,-0.0288746,time,-0.0328009,1,0.0259549,-0.0548294
a_union,UNION|H42,^GSPC,full,2020-02-24,2020-02-25,2020-04-24,42,98362.2,89493.8,-0.0901598,-0.0903418,0.000513889,-0.0908556,time,-0.283477,1,0.0177244,-0.10858
a_union,UNION|H42,^GSPC,full,2020-06-11,2020-06-12,2020-08-12,42,96260.7,107236,0.114015,0.11357,0.000218651,0.113351,time,-0.0102643,2,0.0192972,0.0940538
a_union,UNION|H42,^GSPC,full,2020-09-03,2020-09-04,2020-11-04,42,108877,109630,0.00691117,0.00650849,0.000171429,0.00633706,time,-0.054773,2,0.0171574,-0.0108203
a_union,UNION|H42,^GSPC,full,2021-01-27,2021-01-28,2021-03-30,42,121052,126877,0.0481252,0.0477061,6.19048e-05,0.0476442,time,-0.019181,2,0.0193923,0.0282519
a_union,UNION|H42,^GSPC,full,2021-12-01,2021-12-02,2022-02-02,42,148111,148777,0.00449807,0.00409636,0.00018254,0.00391382,time,-0.053179,2,0.0243747,-0.0204609
a_union,UNION|H42,^GSPC,full,2024-08-05,2024-08-06,2024-10-04,42,176793,194563,0.100512,0.100072,0.00806032,0.0920117,time,-0.00770111,2,0.0162258,0.0757859
a_union,UNION|H42,SPY,full_exec,1996-03-08,1996-03-11,1996-05-08,42,37.2817,38.3539,0.0287591,0.0285533,0.00828492,0.0202684,time,-0.000769521,1,0.0265433,-0.00627492
a_union,UNION|H42,SPY,full_exec,1997-10-27,1997-10-28,1997-12-26,42,51.3057,57.2522,0.115904,0.115458,0.00856508,0.106893,time,0.0659247,2,0.0250811,0.0818114
a_union,UNION|H42,SPY,full_exec,1998-08-04,1998-08-05,1998-10-02,42,66.294,62.0788,-0.0635834,-0.0639578,0.00785635,-0.0718142,time,-0.110596,2,0.0137884,-0.0856026
a_union,UNION|H42,SPY,full_exec,1998-12-14,1998-12-15,1999-02-16,42,70.6886,75.9866,0.0749492,0.0745193,0.00729008,0.0672293,time,0.0160763,2,0.0123349,0.0548943
a_union,UNION|H42,SPY,full_exec,2000-01-04,2000-01-05,2000-03-06,42,87.4692,87.3519,-0.00134015,-0.00153986,0.00909841,-0.0106383,time,-0.0472304,1,-0.000413845,-0.0102244
a_union,UNION|H42,SPY,full_exec,2000-04-14,2000-04-17,2000-06-15,42,84.7149,92.8418,0.0959315,0.0954932,0.00955754,0.0859357,time,0.0196483,2,0.00164714,0.0842886
a_union,UNION|H42,SPY,full_exec,2003-03-24,2003-03-25,2003-05-22,42,56.5954,61.0518,0.0787412,0.0783098,0.00184563,0.0764641,time,-0.0230568,2,-0.00355882,0.080023
a_union,UNION|H42,SPY,full_exec,2007-02-27,2007-02-28,2007-04-27,42,97.9409,104.731,0.0693289,0.0691151,0.00818333,0.0609318,time,-0.0216537,1,0.00269253,0.0582392
a_union,UNION|H42,SPY,full_exec,2009-06-22,2009-06-23,2009-08-20,42,65.9356,74.4253,0.128758,0.128306,0.000304762,0.128001,time,-0.0168775,2,0.00648812,0.121513
a_union,UNION|H42,SPY,full_exec,2009-10-30,2009-11-02,2009-12-31,42,77.1049,82.962,0.0759629,0.0755326,8.96825e-05,0.0754429,time,0.00182467,2,0.00495875,0.0704841
a_union,UNION|H42,SPY,full_exec,2010-02-04,2010-02-05,2010-04-07,42,79.3291,88.4764,0.115309,0.115086,0.000230952,0.114855,time,-0.00628812,1,0.00738072,0.107474
a_union,UNION|H42,SPY,full_exec,2010-05-06,2010-05-07,2010-07-07,42,84.2006,79.6967,-0.0534901,-0.0538686,0.000238095,-0.0541067,time,-0.0883677,2,0.0076193,-0.061726
a_union,UNION|H42,SPY,full_exec,2011-11-09,2011-11-10,2012-01-11,42,96.1019,100.129,0.0419055,0.0414888,2.34127e-05,0.0414654,time,-0.0677138,2,0.0284928,0.0129726
a_union,UNION|H42,SPY,full_exec,2016-06-24,2016-06-27,2016-08-24,42,171.292,185.108,0.0806587,0.0804426,0.00048373,0.0799588,time,-0.00987147,1,0.0183159,0.0616429
a_union,UNION|H42,SPY,full_exec,2018-02-05,2018-02-06,2018-04-06,42,227.637,228.355,0.00315547,0.00275429,0.00275952,-5.23136e-06,time,-0.00888642,2,0.0207606,-0.0207658
a_union,UNION|H42,SPY,full_exec,2018-10-10,2018-10-11,2018-12-11,42,245.821,234.332,-0.0467375,-0.0469281,0.00385397,-0.0507821,time,-0.0499136,1,0.025293,-0.0760751
a_union,UNION|H42,SPY,full_exec,2020-02-24,2020-02-25,2020-04-23,42,294.546,255.249,-0.133416,-0.13359,0.000568651,-0.134158,time,-0.307708,1,0.0172033,-0.151362
a_union,UNION|H42,SPY,full_exec,2020-06-11,2020-06-12,2020-08-11,42,281.919,305.721,0.0844298,0.0839961,0.000220635,0.0837755,time,-0.0222865,2,0.0187802,0.0649953
a_union,UNION|H42,SPY,full_exec,2020-09-03,2020-09-04,2020-11-03,42,317.966,309.924,-0.0252939,-0.0256837,0.000171825,-0.0258555,time,-0.0641335,2,0.0166959,-0.0425514
a_union,UNION|H42,SPY,full_exec,2021-01-27,2021-01-28,2021-03-29,42,348.6,367.789,0.055044,0.0546221,6.38889e-05,0.0545582,time,-0.0167124,2,0.0188104,0.0357478
a_union,UNION|H42,SPY,full_exec,2021-12-01,2021-12-02,2022-02-01,42,421.569,425.134,0.00845605,0.00805274,0.000176587,0.00787616,time,-0.0398795,2,0.0237942,-0.015918
a_union,UNION|H42,SPY,full_exec,2024-08-05,2024-08-06,2024-10-03,42,505.956,555.012,0.0969562,0.0965176,0.00808254,0.088435,time,-0.00107868,2,0.015758,0.072677
a_union,UNION|H60,^GSPC,design,1928-12-06,1928-12-07,1929-03-07,60,23.2412,26.3606,0.134221,0.133994,0.0083,0.125694,time,-0.00209048,1,-0.0273025,0.152997
a_union,UNION|H60,^GSPC,design,1929-03-25,1929-03-26,1929-06-20,60,25.5678,28.0264,0.096159,0.0959398,0.01198,0.0839598,time,-0.000185402,1,-0.0433145,0.127274
a_union,UNION|H60,^GSPC,design,1929-08-09,1929-08-12,1929-11-07,60,31.1344,22.9094,-0.264179,-0.264326,0.0112984,-0.275624,time,-0.297127,1,-0.0130471,-0.262577
a_union,UNION|H60,^GSPC,design,1933-02-01,1933-02-02,1933-05-11,60,8.78562,12.3746,0.408501,0.407938,0.00129697,0.406641,time,-0.15173,2,0.0148887,0.391752
a_union,UNION|H60,^GSPC,design,1933-06-15,1933-06-16,1933-09-12,60,13.4499,15.3191,0.138972,0.138516,0.000660909,0.137855,time,-0.0122692,2,0.0228268,0.115028
a_union,UNION|H60,^GSPC,design,1934-02-07,1934-02-08,1934-05-08,60,16.2152,14.3099,-0.117502,-0.117855,0.000460606,-0.118316,time,-0.138728,2,0.034577,-0.152893
a_union,UNION|H60,^GSPC,design,1935-04-16,1935-04-17,1935-07-15,60,13.4272,15.9651,0.189008,0.188533,0.00028355,0.188249,time,0,2,0.05453,0.133719
a_union,UNION|H60,^GSPC,design,1935-08-16,1935-08-19,1935-11-14,60,17.2682,20.1389,0.16624,0.165774,0.000329798,0.165444,time,-0.0269713,2,0.044583,0.120861
a_union,UNION|H60,^GSPC,design,1935-12-17,1935-12-18,1936-03-16,60,19.6843,22.4849,0.142276,0.141819,0.000338095,0.141481,time,-0.00452256,2,0.0482884,0.0931929
a_union,UNION|H60,^GSPC,design,1936-03-17,1936-03-18,1936-06-11,60,22.9385,22.9807,0.00183641,0.00143576,0.000604545,0.000831214,time,-0.0858797,2,0.0391115,-0.0382803
a_union,UNION|H60,^GSPC,design,1936-08-21,1936-08-24,1936-11-20,60,24.5529,27.1208,0.104589,0.104368,0.000419841,0.103948,time,-0.0392273,1,0.0276849,0.076263
a_union,UNION|H60,^GSPC,design,1937-04-07,1937-04-08,1937-07-02,60,27.3164,25.5461,-0.0648055,-0.0649925,0.00114675,-0.0661393,time,-0.100083,1,0.0193266,-0.0854659
a_union,UNION|H60,^GSPC,design,1938-08-29,1938-08-30,1938-11-29,60,21.1328,22.0733,0.0445049,0.0440872,-0.000268421,0.0443556,time,-0.0833175,2,0.0109324,0.0334232
a_union,UNION|H60,^GSPC,design,1939-01-23,1939-01-24,1939-04-21,60,21.4051,19.7858,-0.0756499,-0.0760196,-2.38095e-05,-0.0759958,time,-0.122531,2,-0.00357891,-0.0724169
a_union,UNION|H60,^GSPC,design,1940-11-06,1940-11-07,1941-02-05,60,22.3356,20.207,-0.0953043,-0.0954852,-0.000115789,-0.0953694,time,-0.112717,1,0.0207841,-0.116154
a_union,UNION|H60,^GSPC,design,1943-04-09,1943-04-12,1943-07-08,60,25.8894,29.0392,0.121664,0.12144,0.000757143,0.120683,time,-0.00069214,1,0.0381226,0.0825601
a_union,UNION|H60,^GSPC,design,1943-07-27,1943-07-28,1943-10-22,60,27.9863,28.3483,0.0129348,0.0127323,0.000853571,0.0118787,time,-0.0339418,1,0.0322284,-0.0203497
a_union,UNION|H60,^GSPC,design,1946-01-21,1946-01-22,1946-04-18,60,47.285,50.4877,0.0677314,0.0675179,0.000895455,0.0666225,time,-0.0555825,1,0.0262545,0.040368
a_union,UNION|H60,^GSPC,design,1946-07-23,1946-07-24,1946-10-17,60,46.9587,40.9017,-0.128986,-0.12916,0.000837747,-0.129998,time,-0.181543,1,0.0236761,-0.153674
a_union,UNION|H60,^GSPC,design,1948-07-19,1948-07-20,1948-10-14,60,47.5709,48.7342,0.0244541,0.0242492,0.00178476,0.0224644,time,-0.0383556,1,0.0317064,-0.009242
a_union,UNION|H60,^GSPC,design,1948-11-03,1948-11-04,1949-01-31,60,48.886,46.7734,-0.0432132,-0.0434046,0.00173684,-0.0451414,time,-0.082642,1,0.0269626,-0.072104
a_union,UNION|H60,^GSPC,design,1950-06-26,1950-06-27,1950-09-21,60,60.4571,66.484,0.0996889,0.099469,0.00283636,0.0966326,time,-0.0652984,1,0.0310138,0.0656188
a_union,UNION|H60,^GSPC,design,1950-11-28,1950-11-29,1951-02-27,60,67.3434,76.941,0.142518,0.142289,0.00339944,0.13889,time,-0.0182368,1,0.0353491,0.10354
a_union,UNION|H60,^GSPC,design,1953-02-09,1953-02-10,1953-05-08,60,102.155,100.608,-0.015144,-0.015341,0.00474127,-0.0200822,time,-0.0456018,1,0.0516063,-0.0716885
a_union,UNION|H60,^GSPC,design,1955-09-26,1955-09-27,1955-12-22,60,198.127,208.277,0.0512302,0.0510199,0.00549167,0.0455283,time,-0.0623684,1,0.0375868,0.00794144
a_union,UNION|H60,^GSPC,design,1961-04-18,1961-04-19,1961-07-17,60,365.545,362.412,-0.00857081,-0.00876908,0.00545794,-0.014227,time,-0.0210794,1,0.0271683,-0.0413953
a_union,UNION|H60,^GSPC,design,1982-10-25,1982-10-26,1983-01-20,60,1694.18,1864.64,0.100614,0.100174,0.0188956,0.0812782,time,-0.0075937,2,0.0156069,0.0656713
a_union,UNION|H60,^GSPC,design,1986-07-07,1986-07-08,1986-10-01,60,3564.57,3474.68,-0.0252161,-0.025411,0.0130627,-0.0384737,time,-0.0408756,1,0.0242526,-0.0627263
a_union,UNION|H60,^GSPC,design,1987-04-24,1987-04-27,1987-07-22,60,4267.66,4702.79,0.10196,0.10152,0.0134556,0.088064,time,-0.0108951,2,0.0285937,0.0594703
a_union,UNION|H60,^GSPC,design,1989-10-13,1989-10-16,1990-01-11,60,5647.57,5787.31,0.0247427,0.0245378,0.0181746,0.00636321,time,-0.0278355,1,0.0186237,-0.0122605
a_union,UNION|H60,^GSPC,design,1991-11-15,1991-11-18,1992-02-13,60,6824.67,7379.59,0.0813118,0.0810956,0.009475,0.0716206,time,-0.025141,1,0.0160604,0.0555602
a_union,UNION|H60,^GSPC,design,1996-03-08,1996-03-11,1996-06-05,60,12778,13619.5,0.0658562,0.065643,0.0118821,0.0537609,time,-0.0120365,1,0.0398469,0.013914
a_union,UNION|H60,^GSPC,design,1997-10-27,1997-10-28,1998-01-26,60,19005.4,19809.5,0.0423092,0.0418924,0.0121802,0.0297122,time,-0.0193002,2,0.0376052,-0.00789299
a_union,UNION|H60,^GSPC,design,1998-08-04,1998-08-05,1998-10-29,60,22566.8,22746,0.00793877,0.00753567,0.0106163,-0.0030806,time,-0.113719,2,0.0208916,-0.0239722
a_union,UNION|H60,^GSPC,design,1998-12-14,1998-12-15,1999-03-15,60,24407.8,27530.2,0.127927,0.127476,0.0105048,0.116972,time,-0.000728315,2,0.0186939,0.0982777
a_union,UNION|H60,^GSPC,design,2000-01-04,2000-01-05,2000-03-31,60,29822,31962.5,0.0717781,0.0715637,0.013194,0.0583697,time,-0.0474685,1,0.000532371,0.0578373
a_union,UNION|H60,^GSPC,design,2000-04-14,2000-04-17,2000-07-13,60,29902.6,32010.4,0.0704886,0.0700604,0.0136754,0.056385,time,-0.018382,2,0.00277305,0.053612
a_union,UNION|H60,^GSPC,design,2003-03-24,2003-03-25,2003-06-19,60,19467.9,22229.4,0.141849,0.141392,0.00254087,0.138851,time,-0.0301562,2,-0.00491917,0.14377
a_union,UNION|H60,^GSPC,design,2007-02-27,2007-02-28,2007-05-24,60,33632.2,36180.6,0.0757705,0.0755553,0.0115595,0.0639958,time,-0.0231825,1,0.00837817,0.0556176
a_union,UNION|H60,^GSPC,design_1928_85,1928-12-06,1928-12-07,1929-03-07,60,23.2412,26.3606,0.134221,0.133994,0.0083,0.125694,time,-0.00209048,1,-0.0273025,0.152997
a_union,UNION|H60,^GSPC,design_1928_85,1929-03-25,1929-03-26,1929-06-20,60,25.5678,28.0264,0.096159,0.0959398,0.01198,0.0839598,time,-0.000185402,1,-0.0433145,0.127274
a_union,UNION|H60,^GSPC,design_1928_85,1929-08-09,1929-08-12,1929-11-07,60,31.1344,22.9094,-0.264179,-0.264326,0.0112984,-0.275624,time,-0.297127,1,-0.0130471,-0.262577
a_union,UNION|H60,^GSPC,design_1928_85,1933-02-01,1933-02-02,1933-05-11,60,8.78562,12.3746,0.408501,0.407938,0.00129697,0.406641,time,-0.15173,2,0.0148887,0.391752
a_union,UNION|H60,^GSPC,design_1928_85,1933-06-15,1933-06-16,1933-09-12,60,13.4499,15.3191,0.138972,0.138516,0.000660909,0.137855,time,-0.0122692,2,0.0228268,0.115028
a_union,UNION|H60,^GSPC,design_1928_85,1934-02-07,1934-02-08,1934-05-08,60,16.2152,14.3099,-0.117502,-0.117855,0.000460606,-0.118316,time,-0.138728,2,0.034577,-0.152893
a_union,UNION|H60,^GSPC,design_1928_85,1935-04-16,1935-04-17,1935-07-15,60,13.4272,15.9651,0.189008,0.188533,0.00028355,0.188249,time,0,2,0.05453,0.133719
a_union,UNION|H60,^GSPC,design_1928_85,1935-08-16,1935-08-19,1935-11-14,60,17.2682,20.1389,0.16624,0.165774,0.000329798,0.165444,time,-0.0269713,2,0.044583,0.120861
a_union,UNION|H60,^GSPC,design_1928_85,1935-12-17,1935-12-18,1936-03-16,60,19.6843,22.4849,0.142276,0.141819,0.000338095,0.141481,time,-0.00452256,2,0.0482884,0.0931929
a_union,UNION|H60,^GSPC,design_1928_85,1936-03-17,1936-03-18,1936-06-11,60,22.9385,22.9807,0.00183641,0.00143576,0.000604545,0.000831214,time,-0.0858797,2,0.0391115,-0.0382803
a_union,UNION|H60,^GSPC,design_1928_85,1936-08-21,1936-08-24,1936-11-20,60,24.5529,27.1208,0.104589,0.104368,0.000419841,0.103948,time,-0.0392273,1,0.0276849,0.076263
a_union,UNION|H60,^GSPC,design_1928_85,1937-04-07,1937-04-08,1937-07-02,60,27.3164,25.5461,-0.0648055,-0.0649925,0.00114675,-0.0661393,time,-0.100083,1,0.0193266,-0.0854659
a_union,UNION|H60,^GSPC,design_1928_85,1938-08-29,1938-08-30,1938-11-29,60,21.1328,22.0733,0.0445049,0.0440872,-0.000268421,0.0443556,time,-0.0833175,2,0.0109324,0.0334232
a_union,UNION|H60,^GSPC,design_1928_85,1939-01-23,1939-01-24,1939-04-21,60,21.4051,19.7858,-0.0756499,-0.0760196,-2.38095e-05,-0.0759958,time,-0.122531,2,-0.00357891,-0.0724169
a_union,UNION|H60,^GSPC,design_1928_85,1940-11-06,1940-11-07,1941-02-05,60,22.3356,20.207,-0.0953043,-0.0954852,-0.000115789,-0.0953694,time,-0.112717,1,0.0207841,-0.116154
a_union,UNION|H60,^GSPC,design_1928_85,1943-04-09,1943-04-12,1943-07-08,60,25.8894,29.0392,0.121664,0.12144,0.000757143,0.120683,time,-0.00069214,1,0.0381226,0.0825601
a_union,UNION|H60,^GSPC,design_1928_85,1943-07-27,1943-07-28,1943-10-22,60,27.9863,28.3483,0.0129348,0.0127323,0.000853571,0.0118787,time,-0.0339418,1,0.0322284,-0.0203497
a_union,UNION|H60,^GSPC,design_1928_85,1946-01-21,1946-01-22,1946-04-18,60,47.285,50.4877,0.0677314,0.0675179,0.000895455,0.0666225,time,-0.0555825,1,0.0262545,0.040368
a_union,UNION|H60,^GSPC,design_1928_85,1946-07-23,1946-07-24,1946-10-17,60,46.9587,40.9017,-0.128986,-0.12916,0.000837747,-0.129998,time,-0.181543,1,0.0236761,-0.153674
a_union,UNION|H60,^GSPC,design_1928_85,1948-07-19,1948-07-20,1948-10-14,60,47.5709,48.7342,0.0244541,0.0242492,0.00178476,0.0224644,time,-0.0383556,1,0.0317064,-0.009242
a_union,UNION|H60,^GSPC,design_1928_85,1948-11-03,1948-11-04,1949-01-31,60,48.886,46.7734,-0.0432132,-0.0434046,0.00173684,-0.0451414,time,-0.082642,1,0.0269626,-0.072104
a_union,UNION|H60,^GSPC,design_1928_85,1950-06-26,1950-06-27,1950-09-21,60,60.4571,66.484,0.0996889,0.099469,0.00283636,0.0966326,time,-0.0652984,1,0.0310138,0.0656188
a_union,UNION|H60,^GSPC,design_1928_85,1950-11-28,1950-11-29,1951-02-27,60,67.3434,76.941,0.142518,0.142289,0.00339944,0.13889,time,-0.0182368,1,0.0353491,0.10354
a_union,UNION|H60,^GSPC,design_1928_85,1953-02-09,1953-02-10,1953-05-08,60,102.155,100.608,-0.015144,-0.015341,0.00474127,-0.0200822,time,-0.0456018,1,0.0516063,-0.0716885
a_union,UNION|H60,^GSPC,design_1928_85,1955-09-26,1955-09-27,1955-12-22,60,198.127,208.277,0.0512302,0.0510199,0.00549167,0.0455283,time,-0.0623684,1,0.0375868,0.00794144
a_union,UNION|H60,^GSPC,design_1928_85,1961-04-18,1961-04-19,1961-07-17,60,365.545,362.412,-0.00857081,-0.00876908,0.00545794,-0.014227,time,-0.0210794,1,0.0271683,-0.0413953
a_union,UNION|H60,^GSPC,design_1928_85,1982-10-25,1982-10-26,1983-01-20,60,1694.18,1864.64,0.100614,0.100174,0.0188956,0.0812782,time,-0.0075937,2,0.0156069,0.0656713
a_union,UNION|H60,^GSPC,design_1986_07,1986-07-07,1986-07-08,1986-10-01,60,3564.57,3474.68,-0.0252161,-0.025411,0.0130627,-0.0384737,time,-0.0408756,1,0.0277502,-0.066224
a_union,UNION|H60,^GSPC,design_1986_07,1987-04-24,1987-04-27,1987-07-22,60,4267.66,4702.79,0.10196,0.10152,0.0134556,0.088064,time,-0.0108951,2,0.0227421,0.0653219
a_union,UNION|H60,^GSPC,design_1986_07,1989-10-13,1989-10-16,1990-01-11,60,5647.57,5787.31,0.0247427,0.0245378,0.0181746,0.00636321,time,-0.0278355,1,0.0186237,-0.0122605
a_union,UNION|H60,^GSPC,design_1986_07,1991-11-15,1991-11-18,1992-02-13,60,6824.67,7379.59,0.0813118,0.0810956,0.009475,0.0716206,time,-0.025141,1,0.0160604,0.0555602
a_union,UNION|H60,^GSPC,design_1986_07,1996-03-08,1996-03-11,1996-06-05,60,12778,13619.5,0.0658562,0.065643,0.0118821,0.0537609,time,-0.0120365,1,0.0398469,0.013914
a_union,UNION|H60,^GSPC,design_1986_07,1997-10-27,1997-10-28,1998-01-26,60,19005.4,19809.5,0.0423092,0.0418924,0.0121802,0.0297122,time,-0.0193002,2,0.0376052,-0.00789299
a_union,UNION|H60,^GSPC,design_1986_07,1998-08-04,1998-08-05,1998-10-29,60,22566.8,22746,0.00793877,0.00753567,0.0106163,-0.0030806,time,-0.113719,2,0.0208916,-0.0239722
a_union,UNION|H60,^GSPC,design_1986_07,1998-12-14,1998-12-15,1999-03-15,60,24407.8,27530.2,0.127927,0.127476,0.0105048,0.116972,time,-0.000728315,2,0.0186939,0.0982777
a_union,UNION|H60,^GSPC,design_1986_07,2000-01-04,2000-01-05,2000-03-31,60,29822,31962.5,0.0717781,0.0715637,0.013194,0.0583697,time,-0.0474685,1,0.000532371,0.0578373
a_union,UNION|H60,^GSPC,design_1986_07,2000-04-14,2000-04-17,2000-07-13,60,29902.6,32010.4,0.0704886,0.0700604,0.0136754,0.056385,time,-0.018382,2,0.00277305,0.053612
a_union,UNION|H60,^GSPC,design_1986_07,2003-03-24,2003-03-25,2003-06-19,60,19467.9,22229.4,0.141849,0.141392,0.00254087,0.138851,time,-0.0301562,2,-0.00491917,0.14377
a_union,UNION|H60,^GSPC,design_1986_07,2007-02-27,2007-02-28,2007-05-24,60,33632.2,36180.6,0.0757705,0.0755553,0.0115595,0.0639958,time,-0.0231825,1,0.00837817,0.0556176
a_union,UNION|H60,^GSPC,test,2009-06-22,2009-06-23,2009-09-17,60,22551.3,26985.8,0.196639,0.19616,0.000404365,0.195756,time,-0.0167384,2,0.0119007,0.183855
a_union,UNION|H60,^GSPC,test,2009-10-30,2009-11-02,2010-01-29,60,26457.9,27381.5,0.0349078,0.034494,0.00013373,0.0343602,time,0,2,0.0131014,0.0212589
a_union,UNION|H60,^GSPC,test,2010-02-04,2010-02-05,2010-05-04,60,27195.7,30070.7,0.105713,0.105492,0.000348413,0.105144,time,-0.00853142,1,0.0166368,0.088507
a_union,UNION|H60,^GSPC,test,2010-05-06,2010-05-07,2010-08-03,60,28477.8,28857.3,0.0133256,0.0129204,0.000350397,0.01257,time,-0.0762408,2,0.018882,-0.00631204
a_union,UNION|H60,^GSPC,test,2011-11-09,2011-11-10,2012-02-08,60,32787.6,35894.2,0.0947463,0.0943085,6.38889e-05,0.0942446,time,-0.0644181,2,0.0419262,0.0523184
a_union,UNION|H60,^GSPC,test,2016-06-24,2016-06-27,2016-09-21,60,58445.3,63524.8,0.0869104,0.086693,0.000715079,0.0859779,time,0,1,0.0269622,0.0590157
a_union,UNION|H60,^GSPC,test,2018-02-05,2018-02-06,2018-05-03,60,81338,79725.5,-0.0198251,-0.020217,0.00404167,-0.0242587,time,-0.0421815,2,0.0310123,-0.055271
a_union,UNION|H60,^GSPC,test,2018-10-10,2018-10-11,2019-01-09,60,83463.7,79493,-0.0475744,-0.0477649,0.00555556,-0.0533204,time,-0.134619,1,0.037465,-0.0907854
a_union,UNION|H60,^GSPC,test,2020-02-24,2020-02-25,2020-05-20,60,98362.2,93916.4,-0.0451978,-0.0453887,0.000599206,-0.045988,time,-0.283477,1,0.0252733,-0.0712613
a_union,UNION|H60,^GSPC,test,2020-06-11,2020-06-12,2020-09-08,60,96260.7,105860,0.0997203,0.0992805,0.000296429,0.098984,time,-0.0102643,2,0.0272844,0.0716996
a_union,UNION|H60,^GSPC,test,2020-10-26,2020-10-27,2021-01-25,60,107927,123211,0.141616,0.141159,0.000211905,0.140947,time,-0.035419,2,0.0249211,0.116026
a_union,UNION|H60,^GSPC,test,2021-01-27,2021-01-28,2021-04-26,60,121052,134330,0.109694,0.10925,7.89683e-05,0.109171,time,-0.019181,2,0.027853,0.0813185
a_union,UNION|H60,^GSPC,test,2021-12-01,2021-12-02,2022-03-01,60,148111,139805,-0.0560772,-0.0564547,0.000425,-0.0568797,time,-0.0740822,2,0.0339255,-0.0908052
a_union,UNION|H60,^GSPC,test,2024-08-05,2024-08-06,2024-10-30,60,176793,196771,0.112999,0.112554,0.0112877,0.101267,time,-0.00770111,2,0.0231351,0.0781315
a_union,UNION|H60,SPY,test_exec,2009-06-22,2009-06-23,2009-09-16,60,65.9356,79.0903,0.199508,0.199028,0.000408333,0.19862,time,-0.0168775,2,0.011519,0.187101
a_union,UNION|H60,SPY,test_exec,2009-10-30,2009-11-02,2010-01-28,60,77.1049,80.8254,0.0482524,0.0478332,0.000132937,0.0477002,time,0.00182467,2,0.0127055,0.0349948
a_union,UNION|H60,SPY,test_exec,2010-02-04,2010-02-05,2010-05-03,60,79.3291,89.964,0.134061,0.133834,0.000346032,0.133488,time,-0.00628812,1,0.0162151,0.117273
a_union,UNION|H60,SPY,test_exec,2010-05-06,2010-05-07,2010-08-02,60,84.2006,84.6913,0.00582815,0.0054259,0.000349206,0.00507669,time,-0.0883677,2,0.0184546,-0.0133779
a_union,UNION|H60,SPY,test_exec,2011-11-09,2011-11-10,2012-02-07,60,96.1019,104.461,0.0869852,0.0865505,6.07143e-05,0.0864898,time,-0.0677138,2,0.0412932,0.0451966
a_union,UNION|H60,SPY,test_exec,2016-06-24,2016-06-27,2016-09-20,60,171.292,182.26,0.0640311,0.0638183,0.000717063,0.0631012,time,-0.00987147,1,0.0264066,0.0366946
a_union,UNION|H60,SPY,test_exec,2018-02-05,2018-02-06,2018-05-02,60,227.637,231.415,0.016597,0.0161905,0.00402976,0.0121607,time,-0.00888642,2,0.0303585,-0.0181978
a_union,UNION|H60,SPY,test_exec,2018-10-10,2018-10-11,2019-01-08,60,245.821,229.132,-0.0678885,-0.0680749,0.00554841,-0.0736233,time,-0.149313,1,0.0367081,-0.110331
a_union,UNION|H60,SPY,test_exec,2020-02-24,2020-02-25,2020-05-19,60,294.546,267.038,-0.093391,-0.0935723,0.000653968,-0.0942263,time,-0.307708,1,0.0246672,-0.118894
a_union,UNION|H60,SPY,test_exec,2020-06-11,2020-06-12,2020-09-04,60,281.919,314.696,0.116265,0.115819,0.000297619,0.115521,time,-0.0222865,2,0.0266888,0.0888326
a_union,UNION|H60,SPY,test_exec,2020-10-26,2020-10-27,2021-01-22,60,313.364,354.64,0.131717,0.131264,0.000212302,0.131052,time,-0.0389097,2,0.0243217,0.10673
a_union,UNION|H60,SPY,test_exec,2021-01-27,2021-01-28,2021-04-23,60,348.6,387.266,0.110918,0.110474,8.05556e-05,0.110393,time,-0.0167124,2,0.0272288,0.0831643
a_union,UNION|H60,SPY,test_exec,2021-12-01,2021-12-02,2022-02-28,60,421.569,409.816,-0.0278791,-0.0282679,0.000414286,-0.0286822,time,-0.060563,2,0.0333229,-0.0620051
a_union,UNION|H60,SPY,test_exec,2024-08-05,2024-08-06,2024-10-29,60,505.956,568.647,0.123906,0.123456,0.0113123,0.112144,time,-0.00107868,2,0.0226267,0.0895172
a_union,UNION|H60,^GSPC,full,1928-12-06,1928-12-07,1929-03-07,60,23.2412,26.3606,0.134221,0.133994,0.0083,0.125694,time,-0.00209048,1,-0.0273025,0.152997
a_union,UNION|H60,^GSPC,full,1929-03-25,1929-03-26,1929-06-20,60,25.5678,28.0264,0.096159,0.0959398,0.01198,0.0839598,time,-0.000185402,1,-0.0433145,0.127274
a_union,UNION|H60,^GSPC,full,1929-08-09,1929-08-12,1929-11-07,60,31.1344,22.9094,-0.264179,-0.264326,0.0112984,-0.275624,time,-0.297127,1,-0.0130471,-0.262577
a_union,UNION|H60,^GSPC,full,1933-02-01,1933-02-02,1933-05-11,60,8.78562,12.3746,0.408501,0.407938,0.00129697,0.406641,time,-0.15173,2,0.0148887,0.391752
a_union,UNION|H60,^GSPC,full,1933-06-15,1933-06-16,1933-09-12,60,13.4499,15.3191,0.138972,0.138516,0.000660909,0.137855,time,-0.0122692,2,0.0228268,0.115028
a_union,UNION|H60,^GSPC,full,1934-02-07,1934-02-08,1934-05-08,60,16.2152,14.3099,-0.117502,-0.117855,0.000460606,-0.118316,time,-0.138728,2,0.034577,-0.152893
a_union,UNION|H60,^GSPC,full,1935-04-16,1935-04-17,1935-07-15,60,13.4272,15.9651,0.189008,0.188533,0.00028355,0.188249,time,0,2,0.05453,0.133719
a_union,UNION|H60,^GSPC,full,1935-08-16,1935-08-19,1935-11-14,60,17.2682,20.1389,0.16624,0.165774,0.000329798,0.165444,time,-0.0269713,2,0.044583,0.120861
a_union,UNION|H60,^GSPC,full,1935-12-17,1935-12-18,1936-03-16,60,19.6843,22.4849,0.142276,0.141819,0.000338095,0.141481,time,-0.00452256,2,0.0482884,0.0931929
a_union,UNION|H60,^GSPC,full,1936-03-17,1936-03-18,1936-06-11,60,22.9385,22.9807,0.00183641,0.00143576,0.000604545,0.000831214,time,-0.0858797,2,0.0391115,-0.0382803
a_union,UNION|H60,^GSPC,full,1936-08-21,1936-08-24,1936-11-20,60,24.5529,27.1208,0.104589,0.104368,0.000419841,0.103948,time,-0.0392273,1,0.0276849,0.076263
a_union,UNION|H60,^GSPC,full,1937-04-07,1937-04-08,1937-07-02,60,27.3164,25.5461,-0.0648055,-0.0649925,0.00114675,-0.0661393,time,-0.100083,1,0.0193266,-0.0854659
a_union,UNION|H60,^GSPC,full,1938-08-29,1938-08-30,1938-11-29,60,21.1328,22.0733,0.0445049,0.0440872,-0.000268421,0.0443556,time,-0.0833175,2,0.0109324,0.0334232
a_union,UNION|H60,^GSPC,full,1939-01-23,1939-01-24,1939-04-21,60,21.4051,19.7858,-0.0756499,-0.0760196,-2.38095e-05,-0.0759958,time,-0.122531,2,-0.00357891,-0.0724169
a_union,UNION|H60,^GSPC,full,1940-11-06,1940-11-07,1941-02-05,60,22.3356,20.207,-0.0953043,-0.0954852,-0.000115789,-0.0953694,time,-0.112717,1,0.0207841,-0.116154
a_union,UNION|H60,^GSPC,full,1943-04-09,1943-04-12,1943-07-08,60,25.8894,29.0392,0.121664,0.12144,0.000757143,0.120683,time,-0.00069214,1,0.0381226,0.0825601
a_union,UNION|H60,^GSPC,full,1943-07-27,1943-07-28,1943-10-22,60,27.9863,28.3483,0.0129348,0.0127323,0.000853571,0.0118787,time,-0.0339418,1,0.0322284,-0.0203497
a_union,UNION|H60,^GSPC,full,1946-01-21,1946-01-22,1946-04-18,60,47.285,50.4877,0.0677314,0.0675179,0.000895455,0.0666225,time,-0.0555825,1,0.0262545,0.040368
a_union,UNION|H60,^GSPC,full,1946-07-23,1946-07-24,1946-10-17,60,46.9587,40.9017,-0.128986,-0.12916,0.000837747,-0.129998,time,-0.181543,1,0.0236761,-0.153674
a_union,UNION|H60,^GSPC,full,1948-07-19,1948-07-20,1948-10-14,60,47.5709,48.7342,0.0244541,0.0242492,0.00178476,0.0224644,time,-0.0383556,1,0.0317064,-0.009242
a_union,UNION|H60,^GSPC,full,1948-11-03,1948-11-04,1949-01-31,60,48.886,46.7734,-0.0432132,-0.0434046,0.00173684,-0.0451414,time,-0.082642,1,0.0269626,-0.072104
a_union,UNION|H60,^GSPC,full,1950-06-26,1950-06-27,1950-09-21,60,60.4571,66.484,0.0996889,0.099469,0.00283636,0.0966326,time,-0.0652984,1,0.0310138,0.0656188
a_union,UNION|H60,^GSPC,full,1950-11-28,1950-11-29,1951-02-27,60,67.3434,76.941,0.142518,0.142289,0.00339944,0.13889,time,-0.0182368,1,0.0353491,0.10354
a_union,UNION|H60,^GSPC,full,1953-02-09,1953-02-10,1953-05-08,60,102.155,100.608,-0.015144,-0.015341,0.00474127,-0.0200822,time,-0.0456018,1,0.0516063,-0.0716885
a_union,UNION|H60,^GSPC,full,1955-09-26,1955-09-27,1955-12-22,60,198.127,208.277,0.0512302,0.0510199,0.00549167,0.0455283,time,-0.0623684,1,0.0375868,0.00794144
a_union,UNION|H60,^GSPC,full,1961-04-18,1961-04-19,1961-07-17,60,365.545,362.412,-0.00857081,-0.00876908,0.00545794,-0.014227,time,-0.0210794,1,0.0271683,-0.0413953
a_union,UNION|H60,^GSPC,full,1982-10-25,1982-10-26,1983-01-20,60,1694.18,1864.64,0.100614,0.100174,0.0188956,0.0812782,time,-0.0075937,2,0.0156069,0.0656713
a_union,UNION|H60,^GSPC,full,1986-07-07,1986-07-08,1986-10-01,60,3564.57,3474.68,-0.0252161,-0.025411,0.0130627,-0.0384737,time,-0.0408756,1,0.0242526,-0.0627263
a_union,UNION|H60,^GSPC,full,1987-04-24,1987-04-27,1987-07-22,60,4267.66,4702.79,0.10196,0.10152,0.0134556,0.088064,time,-0.0108951,2,0.0285937,0.0594703
a_union,UNION|H60,^GSPC,full,1989-10-13,1989-10-16,1990-01-11,60,5647.57,5787.31,0.0247427,0.0245378,0.0181746,0.00636321,time,-0.0278355,1,0.0186237,-0.0122605
a_union,UNION|H60,^GSPC,full,1991-11-15,1991-11-18,1992-02-13,60,6824.67,7379.59,0.0813118,0.0810956,0.009475,0.0716206,time,-0.025141,1,0.0160604,0.0555602
a_union,UNION|H60,^GSPC,full,1996-03-08,1996-03-11,1996-06-05,60,12778,13619.5,0.0658562,0.065643,0.0118821,0.0537609,time,-0.0120365,1,0.0398469,0.013914
a_union,UNION|H60,^GSPC,full,1997-10-27,1997-10-28,1998-01-26,60,19005.4,19809.5,0.0423092,0.0418924,0.0121802,0.0297122,time,-0.0193002,2,0.0376052,-0.00789299
a_union,UNION|H60,^GSPC,full,1998-08-04,1998-08-05,1998-10-29,60,22566.8,22746,0.00793877,0.00753567,0.0106163,-0.0030806,time,-0.113719,2,0.0208916,-0.0239722
a_union,UNION|H60,^GSPC,full,1998-12-14,1998-12-15,1999-03-15,60,24407.8,27530.2,0.127927,0.127476,0.0105048,0.116972,time,-0.000728315,2,0.0186939,0.0982777
a_union,UNION|H60,^GSPC,full,2000-01-04,2000-01-05,2000-03-31,60,29822,31962.5,0.0717781,0.0715637,0.013194,0.0583697,time,-0.0474685,1,0.000532371,0.0578373
a_union,UNION|H60,^GSPC,full,2000-04-14,2000-04-17,2000-07-13,60,29902.6,32010.4,0.0704886,0.0700604,0.0136754,0.056385,time,-0.018382,2,0.00277305,0.053612
a_union,UNION|H60,^GSPC,full,2003-03-24,2003-03-25,2003-06-19,60,19467.9,22229.4,0.141849,0.141392,0.00254087,0.138851,time,-0.0301562,2,-0.00491917,0.14377
a_union,UNION|H60,^GSPC,full,2007-02-27,2007-02-28,2007-05-24,60,33632.2,36180.6,0.0757705,0.0755553,0.0115595,0.0639958,time,-0.0231825,1,0.00436762,0.0596282
a_union,UNION|H60,^GSPC,full,2009-06-22,2009-06-23,2009-09-17,60,22551.3,26985.8,0.196639,0.19616,0.000404365,0.195756,time,-0.0167384,2,0.0100056,0.18575
a_union,UNION|H60,^GSPC,full,2009-10-30,2009-11-02,2010-01-29,60,26457.9,27381.5,0.0349078,0.034494,0.00013373,0.0343602,time,0,2,0.00809922,0.026261
a_union,UNION|H60,^GSPC,full,2010-02-04,2010-02-05,2010-05-04,60,27195.7,30070.7,0.105713,0.105492,0.000348413,0.105144,time,-0.00853142,1,0.0111074,0.0940365
a_union,UNION|H60,^GSPC,full,2010-05-06,2010-05-07,2010-08-03,60,28477.8,28857.3,0.0133256,0.0129204,0.000350397,0.01257,time,-0.0762408,2,0.0119458,0.00062415
a_union,UNION|H60,^GSPC,full,2011-11-09,2011-11-10,2012-02-08,60,32787.6,35894.2,0.0947463,0.0943085,6.38889e-05,0.0942446,time,-0.0644181,2,0.0419262,0.0523184
a_union,UNION|H60,^GSPC,full,2016-06-24,2016-06-27,2016-09-21,60,58445.3,63524.8,0.0869104,0.086693,0.000715079,0.0859779,time,0,1,0.0269622,0.0590157
a_union,UNION|H60,^GSPC,full,2018-02-05,2018-02-06,2018-05-03,60,81338,79725.5,-0.0198251,-0.020217,0.00404167,-0.0242587,time,-0.0421815,2,0.0310123,-0.055271
a_union,UNION|H60,^GSPC,full,2018-10-10,2018-10-11,2019-01-09,60,83463.7,79493,-0.0475744,-0.0477649,0.00555556,-0.0533204,time,-0.134619,1,0.037465,-0.0907854
a_union,UNION|H60,^GSPC,full,2020-02-24,2020-02-25,2020-05-20,60,98362.2,93916.4,-0.0451978,-0.0453887,0.000599206,-0.045988,time,-0.283477,1,0.0252733,-0.0712613
a_union,UNION|H60,^GSPC,full,2020-06-11,2020-06-12,2020-09-08,60,96260.7,105860,0.0997203,0.0992805,0.000296429,0.098984,time,-0.0102643,2,0.0272844,0.0716996
a_union,UNION|H60,^GSPC,full,2020-10-26,2020-10-27,2021-01-25,60,107927,123211,0.141616,0.141159,0.000211905,0.140947,time,-0.035419,2,0.0249211,0.116026
a_union,UNION|H60,^GSPC,full,2021-01-27,2021-01-28,2021-04-26,60,121052,134330,0.109694,0.10925,7.89683e-05,0.109171,time,-0.019181,2,0.027853,0.0813185
a_union,UNION|H60,^GSPC,full,2021-12-01,2021-12-02,2022-03-01,60,148111,139805,-0.0560772,-0.0564547,0.000425,-0.0568797,time,-0.0740822,2,0.0339255,-0.0908052
a_union,UNION|H60,^GSPC,full,2024-08-05,2024-08-06,2024-10-30,60,176793,196771,0.112999,0.112554,0.0112877,0.101267,time,-0.00770111,2,0.0231351,0.0781315
a_union,UNION|H60,SPY,full_exec,1996-03-08,1996-03-11,1996-06-04,60,37.2817,39.982,0.0724297,0.0722152,0.0118774,0.0603378,time,-0.000769521,1,0.0385577,0.0217802
a_union,UNION|H60,SPY,full_exec,1997-10-27,1997-10-28,1998-01-23,60,51.3057,58.5685,0.14156,0.141104,0.0121841,0.12892,time,0.0659247,2,0.0361379,0.0927817
a_union,UNION|H60,SPY,full_exec,1998-08-04,1998-08-05,1998-10-28,60,66.294,65.8348,-0.00692747,-0.00732462,0.0106452,-0.0179699,time,-0.110596,2,0.0196341,-0.0376039
a_union,UNION|H60,SPY,full_exec,1998-12-14,1998-12-15,1999-03-12,60,70.6886,80.0063,0.131813,0.131361,0.0105016,0.120859,time,0.0160763,2,0.0175648,0.103294
a_union,UNION|H60,SPY,full_exec,2000-01-04,2000-01-05,2000-03-30,60,87.4692,93.1747,0.065229,0.065016,0.0131766,0.0518394,time,-0.0472304,1,-0.000250185,0.0520896
a_union,UNION|H60,SPY,full_exec,2000-04-14,2000-04-17,2000-07-12,60,84.7149,93.6688,0.105694,0.105252,0.0136615,0.0915906,time,0.0196483,2,0.00202912,0.0895615
a_union,UNION|H60,SPY,full_exec,2003-03-24,2003-03-25,2003-06-18,60,56.5954,66.2716,0.170971,0.170503,0.00255516,0.167948,time,-0.0230568,2,-0.0052398,0.173188
a_union,UNION|H60,SPY,full_exec,2007-02-27,2007-02-28,2007-05-23,60,97.9409,106.769,0.0901389,0.0899209,0.011569,0.0783518,time,-0.0216537,1,0.00395715,0.0743947
a_union,UNION|H60,SPY,full_exec,2009-06-22,2009-06-23,2009-09-16,60,65.9356,79.0903,0.199508,0.199028,0.000408333,0.19862,time,-0.0168775,2,0.00963604,0.188984
a_union,UNION|H60,SPY,full_exec,2009-10-30,2009-11-02,2010-01-28,60,77.1049,80.8254,0.0482524,0.0478332,0.000132937,0.0477002,time,0.00182467,2,0.00771342,0.0399868
a_union,UNION|H60,SPY,full_exec,2010-02-04,2010-02-05,2010-05-03,60,79.3291,89.964,0.134061,0.133834,0.000346032,0.133488,time,-0.00628812,1,0.0107093,0.122779
a_union,UNION|H60,SPY,full_exec,2010-05-06,2010-05-07,2010-08-02,60,84.2006,84.6913,0.00582815,0.0054259,0.000349206,0.00507669,time,-0.0883677,2,0.0115218,-0.00644506
a_union,UNION|H60,SPY,full_exec,2011-11-09,2011-11-10,2012-02-07,60,96.1019,104.461,0.0869852,0.0865505,6.07143e-05,0.0864898,time,-0.0677138,2,0.0412932,0.0451966
a_union,UNION|H60,SPY,full_exec,2016-06-24,2016-06-27,2016-09-20,60,171.292,182.26,0.0640311,0.0638183,0.000717063,0.0631012,time,-0.00987147,1,0.0264066,0.0366946
a_union,UNION|H60,SPY,full_exec,2018-02-05,2018-02-06,2018-05-02,60,227.637,231.415,0.016597,0.0161905,0.00402976,0.0121607,time,-0.00888642,2,0.0303585,-0.0181978
a_union,UNION|H60,SPY,full_exec,2018-10-10,2018-10-11,2019-01-08,60,245.821,229.132,-0.0678885,-0.0680749,0.00554841,-0.0736233,time,-0.149313,1,0.0367081,-0.110331
a_union,UNION|H60,SPY,full_exec,2020-02-24,2020-02-25,2020-05-19,60,294.546,267.038,-0.093391,-0.0935723,0.000653968,-0.0942263,time,-0.307708,1,0.0246672,-0.118894
a_union,UNION|H60,SPY,full_exec,2020-06-11,2020-06-12,2020-09-04,60,281.919,314.696,0.116265,0.115819,0.000297619,0.115521,time,-0.0222865,2,0.0266888,0.0888326
a_union,UNION|H60,SPY,full_exec,2020-10-26,2020-10-27,2021-01-22,60,313.364,354.64,0.131717,0.131264,0.000212302,0.131052,time,-0.0389097,2,0.0243217,0.10673
a_union,UNION|H60,SPY,full_exec,2021-01-27,2021-01-28,2021-04-23,60,348.6,387.266,0.110918,0.110474,8.05556e-05,0.110393,time,-0.0167124,2,0.0272288,0.0831643
a_union,UNION|H60,SPY,full_exec,2021-12-01,2021-12-02,2022-02-28,60,421.569,409.816,-0.0278791,-0.0282679,0.000414286,-0.0286822,time,-0.060563,2,0.0333229,-0.0620051
a_union,UNION|H60,SPY,full_exec,2024-08-05,2024-08-06,2024-10-29,60,505.956,568.647,0.123906,0.123456,0.0113123,0.112144,time,-0.00107868,2,0.0226267,0.0895172
a_union,UNION|H63,^GSPC,design,1928-12-06,1928-12-07,1929-03-12,63,23.2412,26.1828,0.126569,0.126343,0.00881,0.117533,time,-0.00209048,1,-0.0289383,0.146472
a_union,UNION|H63,^GSPC,design,1929-03-25,1929-03-26,1929-06-25,63,25.5678,28.4934,0.114425,0.114202,0.01276,0.101442,time,-0.000185402,1,-0.046126,0.147568
a_union,UNION|H63,^GSPC,design,1929-08-09,1929-08-12,1929-11-12,63,31.1344,20.0909,-0.354706,-0.354835,0.0119513,-0.366786,time,-0.354706,1,-0.0144002,-0.352386
a_union,UNION|H63,^GSPC,design,1933-02-01,1933-02-02,1933-05-16,63,8.78562,12.0822,0.375221,0.374671,0.00135152,0.373319,time,-0.15173,2,0.0154445,0.357875
a_union,UNION|H63,^GSPC,design,1933-06-15,1933-06-16,1933-09-15,63,13.4499,14.9944,0.114831,0.114385,0.000690909,0.113694,time,-0.0122692,2,0.0240107,0.0896835
a_union,UNION|H63,^GSPC,design,1934-02-07,1934-02-08,1934-05-11,63,16.2152,13.6054,-0.160948,-0.161283,0.000474242,-0.161758,time,-0.160948,2,0.0363366,-0.198094
a_union,UNION|H63,^GSPC,design,1935-04-16,1935-04-17,1935-07-18,63,13.4272,16.0633,0.196325,0.195847,0.000297186,0.19555,time,0,2,0.0579208,0.137629
a_union,UNION|H63,^GSPC,design,1935-08-16,1935-08-19,1935-11-19,63,17.2682,20.5442,0.189708,0.189232,0.000363131,0.188869,time,-0.0269713,2,0.0472586,0.14161
a_union,UNION|H63,^GSPC,design,1935-12-17,1935-12-18,1936-03-19,63,19.6843,23.2503,0.18116,0.180687,0.000365368,0.180322,time,-0.00452256,2,0.0511737,0.129148
a_union,UNION|H63,^GSPC,design,1936-04-20,1936-04-21,1936-07-17,63,22.6079,24.475,0.0825879,0.0823714,0.000623188,0.0817482,time,-0.0725114,1,0.0294426,0.0523056
a_union,UNION|H63,^GSPC,design,1936-08-21,1936-08-24,1936-11-25,63,24.5529,27.0702,0.102526,0.102306,0.000436508,0.101869,time,-0.0392273,1,0.0291443,0.072725
a_union,UNION|H63,^GSPC,design,1937-04-07,1937-04-08,1937-07-08,63,27.3164,26.7006,-0.0225439,-0.0227394,0.00118961,-0.023929,time,-0.100083,1,0.0203356,-0.0442646
a_union,UNION|H63,^GSPC,design,1938-08-29,1938-08-30,1938-12-02,63,21.1328,22.1729,0.0492184,0.0487988,-0.0003,0.0490988,time,-0.0833175,2,0.0111043,0.0379946
a_union,UNION|H63,^GSPC,design,1939-01-23,1939-01-24,1939-04-26,63,21.4051,19.7069,-0.0793366,-0.0797048,-2.38095e-05,-0.079681,time,-0.122531,2,-0.00393469,-0.0757463
a_union,UNION|H63,^GSPC,design,1940-11-06,1940-11-07,1941-02-10,63,22.3356,20.2234,-0.0945672,-0.0947482,-0.000131579,-0.0946166,time,-0.112717,1,0.0219632,-0.11658
a_union,UNION|H63,^GSPC,design,1943-04-09,1943-04-12,1943-07-13,63,25.8894,29.5494,0.14137,0.141142,0.0008,0.140342,time,-0.00069214,1,0.040122,0.10022
a_union,UNION|H63,^GSPC,design,1943-07-27,1943-07-28,1943-10-27,63,27.9863,28.6039,0.02207,0.0218656,0.000898571,0.020967,time,-0.0339418,1,0.0337833,-0.0128163
a_union,UNION|H63,^GSPC,design,1946-01-21,1946-01-22,1946-04-24,63,47.285,49.8416,0.0540672,0.0538564,0.000938312,0.0529181,time,-0.0555825,1,0.027436,0.0254821
a_union,UNION|H63,^GSPC,design,1946-07-23,1946-07-24,1946-10-22,63,46.9587,40.5703,-0.136043,-0.136215,0.000876877,-0.137092,time,-0.181543,1,0.0249995,-0.162092
a_union,UNION|H63,^GSPC,design,1948-07-19,1948-07-20,1948-10-19,63,47.5709,49.189,0.0340148,0.033808,0.00184476,0.0319633,time,-0.0383556,1,0.0331438,-0.00118053
a_union,UNION|H63,^GSPC,design,1948-11-03,1948-11-04,1949-02-03,63,48.886,47.1172,-0.0361805,-0.0363733,0.00187895,-0.0382522,time,-0.082642,1,0.0282536,-0.0665058
a_union,UNION|H63,^GSPC,design,1950-06-26,1950-06-27,1950-09-26,63,60.4571,65.7493,0.0875367,0.0873192,0.00298636,0.0843328,time,-0.0652984,1,0.0326008,0.0517321
a_union,UNION|H63,^GSPC,design,1950-11-28,1950-11-29,1951-03-02,63,67.3434,77.6063,0.152396,0.152165,0.00355976,0.148605,time,-0.0182368,1,0.0373213,0.111284
a_union,UNION|H63,^GSPC,design,1953-02-09,1953-02-10,1953-05-13,63,102.155,99.9082,-0.0219936,-0.0221892,0.00498413,-0.0271733,time,-0.0456018,1,0.0541864,-0.0813597
a_union,UNION|H63,^GSPC,design,1955-09-26,1955-09-27,1955-12-28,63,198.127,206.715,0.0433463,0.0431376,0.00580714,0.0373305,time,-0.0623684,1,0.039531,-0.00220048
a_union,UNION|H63,^GSPC,design,1961-04-18,1961-04-19,1961-07-20,63,365.545,362.093,-0.00944416,-0.00964225,0.00571944,-0.0153617,time,-0.0210794,1,0.0285775,-0.0439392
a_union,UNION|H63,^GSPC,design,1982-10-25,1982-10-26,1983-01-25,63,1694.18,1807.81,0.0670696,0.0666428,0.0198552,0.0467877,time,-0.0075937,2,0.0163085,0.0304792
a_union,UNION|H63,^GSPC,design,1986-07-07,1986-07-08,1986-10-06,63,3564.57,3493.68,-0.0198876,-0.0200836,0.013671,-0.0337547,time,-0.0408756,1,0.0254855,-0.0592402
a_union,UNION|H63,^GSPC,design,1987-04-24,1987-04-27,1987-07-27,63,4267.66,4737.58,0.110112,0.109668,0.0141393,0.0955288,time,-0.0108951,2,0.030147,0.0653818
a_union,UNION|H63,^GSPC,design,1989-10-13,1989-10-16,1990-01-16,63,5647.57,5659.32,0.00208017,0.00187977,0.0190726,-0.0171928,time,-0.0278355,1,0.0194241,-0.036617
a_union,UNION|H63,^GSPC,design,1991-11-15,1991-11-18,1992-02-19,63,6824.67,7285.92,0.0675862,0.0673727,0.00992937,0.0574434,time,-0.025141,1,0.0168895,0.0405538
a_union,UNION|H63,^GSPC,design,1996-03-08,1996-03-11,1996-06-10,63,12778,13496.6,0.056239,0.0560278,0.0124909,0.0435369,time,-0.0120365,1,0.041882,0.00165493
a_union,UNION|H63,^GSPC,design,1997-10-27,1997-10-28,1998-01-29,63,19005.4,20406.5,0.0737198,0.0732904,0.0127853,0.0605051,time,-0.0193002,2,0.0395145,0.0209906
a_union,UNION|H63,^GSPC,design,1998-08-04,1998-08-05,1998-11-03,63,22566.8,23268.6,0.0310975,0.0306852,0.0111294,0.0195558,time,-0.113719,2,0.0219459,-0.0023901
a_union,UNION|H63,^GSPC,design,1998-12-14,1998-12-15,1999-03-18,63,24407.8,27728.5,0.136053,0.135598,0.0110298,0.124569,time,-0.000728315,2,0.0196325,0.104936
a_union,UNION|H63,^GSPC,design,2000-01-04,2000-01-05,2000-04-05,63,29822,31726.9,0.0638787,0.063666,0.013871,0.049795,time,-0.0474685,1,0.000715163,0.0490798
a_union,UNION|H63,^GSPC,design,2000-04-14,2000-04-17,2000-07-18,63,29902.6,31965.8,0.0689946,0.068567,0.0143877,0.0541793,time,-0.018382,2,0.0028063,0.051373
a_union,UNION|H63,^GSPC,design,2003-03-24,2003-03-25,2003-06-24,63,19467.9,21978.5,0.128962,0.128511,0.0026381,0.125873,time,-0.0301562,2,-0.00520769,0.13108
a_union,UNION|H63,^GSPC,design,2007-02-27,2007-02-28,2007-05-30,63,33632.2,36744,0.0925232,0.0923047,0.0121238,0.0801809,time,-0.0231825,1,0.00892431,0.0712566
a_union,UNION|H63,^GSPC,design_1928_85,1928-12-06,1928-12-07,1929-03-12,63,23.2412,26.1828,0.126569,0.126343,0.00881,0.117533,time,-0.00209048,1,-0.0289383,0.146472
a_union,UNION|H63,^GSPC,design_1928_85,1929-03-25,1929-03-26,1929-06-25,63,25.5678,28.4934,0.114425,0.114202,0.01276,0.101442,time,-0.000185402,1,-0.046126,0.147568
a_union,UNION|H63,^GSPC,design_1928_85,1929-08-09,1929-08-12,1929-11-12,63,31.1344,20.0909,-0.354706,-0.354835,0.0119513,-0.366786,time,-0.354706,1,-0.0144002,-0.352386
a_union,UNION|H63,^GSPC,design_1928_85,1933-02-01,1933-02-02,1933-05-16,63,8.78562,12.0822,0.375221,0.374671,0.00135152,0.373319,time,-0.15173,2,0.0154445,0.357875
a_union,UNION|H63,^GSPC,design_1928_85,1933-06-15,1933-06-16,1933-09-15,63,13.4499,14.9944,0.114831,0.114385,0.000690909,0.113694,time,-0.0122692,2,0.0240107,0.0896835
a_union,UNION|H63,^GSPC,design_1928_85,1934-02-07,1934-02-08,1934-05-11,63,16.2152,13.6054,-0.160948,-0.161283,0.000474242,-0.161758,time,-0.160948,2,0.0363366,-0.198094
a_union,UNION|H63,^GSPC,design_1928_85,1935-04-16,1935-04-17,1935-07-18,63,13.4272,16.0633,0.196325,0.195847,0.000297186,0.19555,time,0,2,0.0579208,0.137629
a_union,UNION|H63,^GSPC,design_1928_85,1935-08-16,1935-08-19,1935-11-19,63,17.2682,20.5442,0.189708,0.189232,0.000363131,0.188869,time,-0.0269713,2,0.0472586,0.14161
a_union,UNION|H63,^GSPC,design_1928_85,1935-12-17,1935-12-18,1936-03-19,63,19.6843,23.2503,0.18116,0.180687,0.000365368,0.180322,time,-0.00452256,2,0.0511737,0.129148
a_union,UNION|H63,^GSPC,design_1928_85,1936-04-20,1936-04-21,1936-07-17,63,22.6079,24.475,0.0825879,0.0823714,0.000623188,0.0817482,time,-0.0725114,1,0.0294426,0.0523056
a_union,UNION|H63,^GSPC,design_1928_85,1936-08-21,1936-08-24,1936-11-25,63,24.5529,27.0702,0.102526,0.102306,0.000436508,0.101869,time,-0.0392273,1,0.0291443,0.072725
a_union,UNION|H63,^GSPC,design_1928_85,1937-04-07,1937-04-08,1937-07-08,63,27.3164,26.7006,-0.0225439,-0.0227394,0.00118961,-0.023929,time,-0.100083,1,0.0203356,-0.0442646
a_union,UNION|H63,^GSPC,design_1928_85,1938-08-29,1938-08-30,1938-12-02,63,21.1328,22.1729,0.0492184,0.0487988,-0.0003,0.0490988,time,-0.0833175,2,0.0111043,0.0379946
a_union,UNION|H63,^GSPC,design_1928_85,1939-01-23,1939-01-24,1939-04-26,63,21.4051,19.7069,-0.0793366,-0.0797048,-2.38095e-05,-0.079681,time,-0.122531,2,-0.00393469,-0.0757463
a_union,UNION|H63,^GSPC,design_1928_85,1940-11-06,1940-11-07,1941-02-10,63,22.3356,20.2234,-0.0945672,-0.0947482,-0.000131579,-0.0946166,time,-0.112717,1,0.0219632,-0.11658
a_union,UNION|H63,^GSPC,design_1928_85,1943-04-09,1943-04-12,1943-07-13,63,25.8894,29.5494,0.14137,0.141142,0.0008,0.140342,time,-0.00069214,1,0.040122,0.10022
a_union,UNION|H63,^GSPC,design_1928_85,1943-07-27,1943-07-28,1943-10-27,63,27.9863,28.6039,0.02207,0.0218656,0.000898571,0.020967,time,-0.0339418,1,0.0337833,-0.0128163
a_union,UNION|H63,^GSPC,design_1928_85,1946-01-21,1946-01-22,1946-04-24,63,47.285,49.8416,0.0540672,0.0538564,0.000938312,0.0529181,time,-0.0555825,1,0.027436,0.0254821
a_union,UNION|H63,^GSPC,design_1928_85,1946-07-23,1946-07-24,1946-10-22,63,46.9587,40.5703,-0.136043,-0.136215,0.000876877,-0.137092,time,-0.181543,1,0.0249995,-0.162092
a_union,UNION|H63,^GSPC,design_1928_85,1948-07-19,1948-07-20,1948-10-19,63,47.5709,49.189,0.0340148,0.033808,0.00184476,0.0319633,time,-0.0383556,1,0.0331438,-0.00118053
a_union,UNION|H63,^GSPC,design_1928_85,1948-11-03,1948-11-04,1949-02-03,63,48.886,47.1172,-0.0361805,-0.0363733,0.00187895,-0.0382522,time,-0.082642,1,0.0282536,-0.0665058
a_union,UNION|H63,^GSPC,design_1928_85,1950-06-26,1950-06-27,1950-09-26,63,60.4571,65.7493,0.0875367,0.0873192,0.00298636,0.0843328,time,-0.0652984,1,0.0326008,0.0517321
a_union,UNION|H63,^GSPC,design_1928_85,1950-11-28,1950-11-29,1951-03-02,63,67.3434,77.6063,0.152396,0.152165,0.00355976,0.148605,time,-0.0182368,1,0.0373213,0.111284
a_union,UNION|H63,^GSPC,design_1928_85,1953-02-09,1953-02-10,1953-05-13,63,102.155,99.9082,-0.0219936,-0.0221892,0.00498413,-0.0271733,time,-0.0456018,1,0.0541864,-0.0813597
a_union,UNION|H63,^GSPC,design_1928_85,1955-09-26,1955-09-27,1955-12-28,63,198.127,206.715,0.0433463,0.0431376,0.00580714,0.0373305,time,-0.0623684,1,0.039531,-0.00220048
a_union,UNION|H63,^GSPC,design_1928_85,1961-04-18,1961-04-19,1961-07-20,63,365.545,362.093,-0.00944416,-0.00964225,0.00571944,-0.0153617,time,-0.0210794,1,0.0285775,-0.0439392
a_union,UNION|H63,^GSPC,design_1928_85,1982-10-25,1982-10-26,1983-01-25,63,1694.18,1807.81,0.0670696,0.0666428,0.0198552,0.0467877,time,-0.0075937,2,0.0163085,0.0304792
a_union,UNION|H63,^GSPC,design_1986_07,1986-07-07,1986-07-08,1986-10-06,63,3564.57,3493.68,-0.0198876,-0.0200836,0.013671,-0.0337547,time,-0.0408756,1,0.0289813,-0.0627359
a_union,UNION|H63,^GSPC,design_1986_07,1987-04-24,1987-04-27,1987-07-27,63,4267.66,4737.58,0.110112,0.109668,0.0141393,0.0955288,time,-0.0108951,2,0.0237435,0.0717853
a_union,UNION|H63,^GSPC,design_1986_07,1989-10-13,1989-10-16,1990-01-16,63,5647.57,5659.32,0.00208017,0.00187977,0.0190726,-0.0171928,time,-0.0278355,1,0.0194241,-0.036617
a_union,UNION|H63,^GSPC,design_1986_07,1991-11-15,1991-11-18,1992-02-19,63,6824.67,7285.92,0.0675862,0.0673727,0.00992937,0.0574434,time,-0.025141,1,0.0168895,0.0405538
a_union,UNION|H63,^GSPC,design_1986_07,1996-03-08,1996-03-11,1996-06-10,63,12778,13496.6,0.056239,0.0560278,0.0124909,0.0435369,time,-0.0120365,1,0.041882,0.00165493
a_union,UNION|H63,^GSPC,design_1986_07,1997-10-27,1997-10-28,1998-01-29,63,19005.4,20406.5,0.0737198,0.0732904,0.0127853,0.0605051,time,-0.0193002,2,0.0395145,0.0209906
a_union,UNION|H63,^GSPC,design_1986_07,1998-08-04,1998-08-05,1998-11-03,63,22566.8,23268.6,0.0310975,0.0306852,0.0111294,0.0195558,time,-0.113719,2,0.0219459,-0.0023901
a_union,UNION|H63,^GSPC,design_1986_07,1998-12-14,1998-12-15,1999-03-18,63,24407.8,27728.5,0.136053,0.135598,0.0110298,0.124569,time,-0.000728315,2,0.0196325,0.104936
a_union,UNION|H63,^GSPC,design_1986_07,2000-01-04,2000-01-05,2000-04-05,63,29822,31726.9,0.0638787,0.063666,0.013871,0.049795,time,-0.0474685,1,0.000715163,0.0490798
a_union,UNION|H63,^GSPC,design_1986_07,2000-04-14,2000-04-17,2000-07-18,63,29902.6,31965.8,0.0689946,0.068567,0.0143877,0.0541793,time,-0.018382,2,0.0028063,0.051373
a_union,UNION|H63,^GSPC,design_1986_07,2003-03-24,2003-03-25,2003-06-24,63,19467.9,21978.5,0.128962,0.128511,0.0026381,0.125873,time,-0.0301562,2,-0.00520769,0.13108
a_union,UNION|H63,^GSPC,design_1986_07,2007-02-27,2007-02-28,2007-05-30,63,33632.2,36744,0.0925232,0.0923047,0.0121238,0.0801809,time,-0.0231825,1,0.00892431,0.0712566
a_union,UNION|H63,^GSPC,test,2009-06-22,2009-06-23,2009-09-22,63,22551.3,27143.3,0.203623,0.203142,0.00041627,0.202726,time,-0.0167384,2,0.0126013,0.190124
a_union,UNION|H63,^GSPC,test,2009-10-30,2009-11-02,2010-02-03,63,26457.9,27988.1,0.0578331,0.05741,0.000145635,0.0572644,time,0,2,0.0138411,0.0434233
a_union,UNION|H63,^GSPC,test,2010-02-04,2010-02-05,2010-05-07,63,27195.7,28477.8,0.0471416,0.0469322,0.000363889,0.0465683,time,-0.00853142,1,0.0175491,0.0290192
a_union,UNION|H63,^GSPC,test,2011-11-09,2011-11-10,2012-02-13,63,32787.6,35951.3,0.0964906,0.0960521,7.53968e-05,0.0959767,time,-0.0644181,2,0.0441173,0.0518595
a_union,UNION|H63,^GSPC,test,2016-06-24,2016-06-27,2016-09-26,63,58445.3,63031.4,0.0784682,0.0782526,0.000739286,0.0775133,time,0,1,0.0282926,0.0492206
a_union,UNION|H63,^GSPC,test,2018-02-05,2018-02-06,2018-05-08,63,81338,81021.3,-0.00389399,-0.00429235,0.00425873,-0.00855108,time,-0.0421815,2,0.0326376,-0.0411887
a_union,UNION|H63,^GSPC,test,2018-10-10,2018-10-11,2019-01-14,63,83463.7,79429.9,-0.04833,-0.0485204,0.00583968,-0.05436,time,-0.134619,1,0.0394732,-0.0938332
a_union,UNION|H63,^GSPC,test,2020-02-24,2020-02-25,2020-05-26,63,98362.2,94577.7,-0.0384749,-0.0386672,0.000614286,-0.0392815,time,-0.283477,1,0.0265116,-0.0657931
a_union,UNION|H63,^GSPC,test,2020-06-11,2020-06-12,2020-09-11,63,96260.7,106166,0.1029,0.102459,0.000310317,0.102148,time,-0.0102643,2,0.028594,0.0735544
a_union,UNION|H63,^GSPC,test,2020-10-26,2020-10-27,2021-01-28,63,107927,121052,0.121607,0.121159,0.000220635,0.120938,time,-0.035419,2,0.02609,0.0948483
a_union,UNION|H63,^GSPC,test,2021-12-01,2021-12-02,2022-03-04,63,148111,140572,-0.0509038,-0.0512834,0.000465873,-0.0517493,time,-0.0740822,2,0.0353548,-0.0871041
a_union,UNION|H63,^GSPC,test,2024-08-05,2024-08-06,2024-11-04,63,176793,193385,0.0938515,0.0934141,0.0118151,0.081599,time,-0.00770111,2,0.0242197,0.0573793
a_union,UNION|H63,SPY,test_exec,2009-06-22,2009-06-23,2009-09-21,63,65.9356,78.8228,0.195451,0.194973,0.000419841,0.194553,time,-0.0168775,2,0.0122275,0.182325
a_union,UNION|H63,SPY,test_exec,2009-10-30,2009-11-02,2010-02-02,63,77.1049,82.1728,0.0657282,0.065302,0.000144048,0.065158,time,0.00182467,2,0.0134433,0.0517147
a_union,UNION|H63,SPY,test_exec,2010-02-04,2010-02-05,2010-05-06,63,79.3291,84.4249,0.0642361,0.0640233,0.000362698,0.0636606,time,-0.00628812,1,0.0171264,0.0465341
a_union,UNION|H63,SPY,test_exec,2010-05-06,2010-05-07,2010-08-05,63,84.2006,84.759,0.00663167,0.0062291,0.000367857,0.00586125,time,-0.0883677,2,0.0194392,-0.013578
a_union,UNION|H63,SPY,test_exec,2011-11-09,2011-11-10,2012-02-10,63,96.1019,104.128,0.0835174,0.083084,7.14286e-05,0.0830126,time,-0.0677138,2,0.0434285,0.0395841
a_union,UNION|H63,SPY,test_exec,2016-06-24,2016-06-27,2016-09-23,63,171.292,184.454,0.0768442,0.0766289,0.000740079,0.0758888,time,-0.00987147,1,0.0277132,0.0481756
a_union,UNION|H63,SPY,test_exec,2018-02-05,2018-02-06,2018-05-07,63,227.637,234.686,0.0309654,0.0305531,0.00424524,0.0263078,time,-0.00888642,2,0.031961,-0.00565311
a_union,UNION|H63,SPY,test_exec,2018-10-10,2018-10-11,2019-01-11,63,245.821,231.104,-0.059866,-0.060054,0.00583254,-0.0658865,time,-0.149313,1,0.0386768,-0.104563
a_union,UNION|H63,SPY,test_exec,2020-02-24,2020-02-25,2020-05-22,63,294.546,270.212,-0.0826162,-0.0827997,0.000668254,-0.083468,time,-0.307708,1,0.0259175,-0.109385
a_union,UNION|H63,SPY,test_exec,2020-06-11,2020-06-12,2020-09-10,63,281.919,306.722,0.0879811,0.0875459,0.000312302,0.0872336,time,-0.0222865,2,0.0279913,0.0592424
a_union,UNION|H63,SPY,test_exec,2020-10-26,2020-10-27,2021-01-27,63,313.364,346.794,0.106681,0.106239,0.000221825,0.106017,time,-0.0389097,2,0.0254923,0.0805246
a_union,UNION|H63,SPY,test_exec,2021-01-27,2021-01-28,2021-04-28,63,348.6,387.879,0.112677,0.112232,8.25397e-05,0.112149,time,-0.0167124,2,0.0285968,0.0835526
a_union,UNION|H63,SPY,test_exec,2021-12-01,2021-12-02,2022-03-03,63,421.569,408.952,-0.0299275,-0.0303154,0.000454762,-0.0307702,time,-0.060563,2,0.0347619,-0.0655321
a_union,UNION|H63,SPY,test_exec,2024-08-05,2024-08-06,2024-11-01,63,505.956,558.159,0.103177,0.102736,0.0118409,0.0908948,time,-0.00107868,2,0.02371,0.0671848
a_union,UNION|H63,^GSPC,full,1928-12-06,1928-12-07,1929-03-12,63,23.2412,26.1828,0.126569,0.126343,0.00881,0.117533,time,-0.00209048,1,-0.0289383,0.146472
a_union,UNION|H63,^GSPC,full,1929-03-25,1929-03-26,1929-06-25,63,25.5678,28.4934,0.114425,0.114202,0.01276,0.101442,time,-0.000185402,1,-0.046126,0.147568
a_union,UNION|H63,^GSPC,full,1929-08-09,1929-08-12,1929-11-12,63,31.1344,20.0909,-0.354706,-0.354835,0.0119513,-0.366786,time,-0.354706,1,-0.0144002,-0.352386
a_union,UNION|H63,^GSPC,full,1933-02-01,1933-02-02,1933-05-16,63,8.78562,12.0822,0.375221,0.374671,0.00135152,0.373319,time,-0.15173,2,0.0154445,0.357875
a_union,UNION|H63,^GSPC,full,1933-06-15,1933-06-16,1933-09-15,63,13.4499,14.9944,0.114831,0.114385,0.000690909,0.113694,time,-0.0122692,2,0.0240107,0.0896835
a_union,UNION|H63,^GSPC,full,1934-02-07,1934-02-08,1934-05-11,63,16.2152,13.6054,-0.160948,-0.161283,0.000474242,-0.161758,time,-0.160948,2,0.0363366,-0.198094
a_union,UNION|H63,^GSPC,full,1935-04-16,1935-04-17,1935-07-18,63,13.4272,16.0633,0.196325,0.195847,0.000297186,0.19555,time,0,2,0.0579208,0.137629
a_union,UNION|H63,^GSPC,full,1935-08-16,1935-08-19,1935-11-19,63,17.2682,20.5442,0.189708,0.189232,0.000363131,0.188869,time,-0.0269713,2,0.0472586,0.14161
a_union,UNION|H63,^GSPC,full,1935-12-17,1935-12-18,1936-03-19,63,19.6843,23.2503,0.18116,0.180687,0.000365368,0.180322,time,-0.00452256,2,0.0511737,0.129148
a_union,UNION|H63,^GSPC,full,1936-04-20,1936-04-21,1936-07-17,63,22.6079,24.475,0.0825879,0.0823714,0.000623188,0.0817482,time,-0.0725114,1,0.0294426,0.0523056
a_union,UNION|H63,^GSPC,full,1936-08-21,1936-08-24,1936-11-25,63,24.5529,27.0702,0.102526,0.102306,0.000436508,0.101869,time,-0.0392273,1,0.0291443,0.072725
a_union,UNION|H63,^GSPC,full,1937-04-07,1937-04-08,1937-07-08,63,27.3164,26.7006,-0.0225439,-0.0227394,0.00118961,-0.023929,time,-0.100083,1,0.0203356,-0.0442646
a_union,UNION|H63,^GSPC,full,1938-08-29,1938-08-30,1938-12-02,63,21.1328,22.1729,0.0492184,0.0487988,-0.0003,0.0490988,time,-0.0833175,2,0.0111043,0.0379946
a_union,UNION|H63,^GSPC,full,1939-01-23,1939-01-24,1939-04-26,63,21.4051,19.7069,-0.0793366,-0.0797048,-2.38095e-05,-0.079681,time,-0.122531,2,-0.00393469,-0.0757463
a_union,UNION|H63,^GSPC,full,1940-11-06,1940-11-07,1941-02-10,63,22.3356,20.2234,-0.0945672,-0.0947482,-0.000131579,-0.0946166,time,-0.112717,1,0.0219632,-0.11658
a_union,UNION|H63,^GSPC,full,1943-04-09,1943-04-12,1943-07-13,63,25.8894,29.5494,0.14137,0.141142,0.0008,0.140342,time,-0.00069214,1,0.040122,0.10022
a_union,UNION|H63,^GSPC,full,1943-07-27,1943-07-28,1943-10-27,63,27.9863,28.6039,0.02207,0.0218656,0.000898571,0.020967,time,-0.0339418,1,0.0337833,-0.0128163
a_union,UNION|H63,^GSPC,full,1946-01-21,1946-01-22,1946-04-24,63,47.285,49.8416,0.0540672,0.0538564,0.000938312,0.0529181,time,-0.0555825,1,0.027436,0.0254821
a_union,UNION|H63,^GSPC,full,1946-07-23,1946-07-24,1946-10-22,63,46.9587,40.5703,-0.136043,-0.136215,0.000876877,-0.137092,time,-0.181543,1,0.0249995,-0.162092
a_union,UNION|H63,^GSPC,full,1948-07-19,1948-07-20,1948-10-19,63,47.5709,49.189,0.0340148,0.033808,0.00184476,0.0319633,time,-0.0383556,1,0.0331438,-0.00118053
a_union,UNION|H63,^GSPC,full,1948-11-03,1948-11-04,1949-02-03,63,48.886,47.1172,-0.0361805,-0.0363733,0.00187895,-0.0382522,time,-0.082642,1,0.0282536,-0.0665058
a_union,UNION|H63,^GSPC,full,1950-06-26,1950-06-27,1950-09-26,63,60.4571,65.7493,0.0875367,0.0873192,0.00298636,0.0843328,time,-0.0652984,1,0.0326008,0.0517321
a_union,UNION|H63,^GSPC,full,1950-11-28,1950-11-29,1951-03-02,63,67.3434,77.6063,0.152396,0.152165,0.00355976,0.148605,time,-0.0182368,1,0.0373213,0.111284
a_union,UNION|H63,^GSPC,full,1953-02-09,1953-02-10,1953-05-13,63,102.155,99.9082,-0.0219936,-0.0221892,0.00498413,-0.0271733,time,-0.0456018,1,0.0541864,-0.0813597
a_union,UNION|H63,^GSPC,full,1955-09-26,1955-09-27,1955-12-28,63,198.127,206.715,0.0433463,0.0431376,0.00580714,0.0373305,time,-0.0623684,1,0.039531,-0.00220048
a_union,UNION|H63,^GSPC,full,1961-04-18,1961-04-19,1961-07-20,63,365.545,362.093,-0.00944416,-0.00964225,0.00571944,-0.0153617,time,-0.0210794,1,0.0285775,-0.0439392
a_union,UNION|H63,^GSPC,full,1982-10-25,1982-10-26,1983-01-25,63,1694.18,1807.81,0.0670696,0.0666428,0.0198552,0.0467877,time,-0.0075937,2,0.0163085,0.0304792
a_union,UNION|H63,^GSPC,full,1986-07-07,1986-07-08,1986-10-06,63,3564.57,3493.68,-0.0198876,-0.0200836,0.013671,-0.0337547,time,-0.0408756,1,0.0254855,-0.0592402
a_union,UNION|H63,^GSPC,full,1987-04-24,1987-04-27,1987-07-27,63,4267.66,4737.58,0.110112,0.109668,0.0141393,0.0955288,time,-0.0108951,2,0.030147,0.0653818
a_union,UNION|H63,^GSPC,full,1989-10-13,1989-10-16,1990-01-16,63,5647.57,5659.32,0.00208017,0.00187977,0.0190726,-0.0171928,time,-0.0278355,1,0.0194241,-0.036617
a_union,UNION|H63,^GSPC,full,1991-11-15,1991-11-18,1992-02-19,63,6824.67,7285.92,0.0675862,0.0673727,0.00992937,0.0574434,time,-0.025141,1,0.0168895,0.0405538
a_union,UNION|H63,^GSPC,full,1996-03-08,1996-03-11,1996-06-10,63,12778,13496.6,0.056239,0.0560278,0.0124909,0.0435369,time,-0.0120365,1,0.041882,0.00165493
a_union,UNION|H63,^GSPC,full,1997-10-27,1997-10-28,1998-01-29,63,19005.4,20406.5,0.0737198,0.0732904,0.0127853,0.0605051,time,-0.0193002,2,0.0395145,0.0209906
a_union,UNION|H63,^GSPC,full,1998-08-04,1998-08-05,1998-11-03,63,22566.8,23268.6,0.0310975,0.0306852,0.0111294,0.0195558,time,-0.113719,2,0.0219459,-0.0023901
a_union,UNION|H63,^GSPC,full,1998-12-14,1998-12-15,1999-03-18,63,24407.8,27728.5,0.136053,0.135598,0.0110298,0.124569,time,-0.000728315,2,0.0196325,0.104936
a_union,UNION|H63,^GSPC,full,2000-01-04,2000-01-05,2000-04-05,63,29822,31726.9,0.0638787,0.063666,0.013871,0.049795,time,-0.0474685,1,0.000715163,0.0490798
a_union,UNION|H63,^GSPC,full,2000-04-14,2000-04-17,2000-07-18,63,29902.6,31965.8,0.0689946,0.068567,0.0143877,0.0541793,time,-0.018382,2,0.0028063,0.051373
a_union,UNION|H63,^GSPC,full,2003-03-24,2003-03-25,2003-06-24,63,19467.9,21978.5,0.128962,0.128511,0.0026381,0.125873,time,-0.0301562,2,-0.00520769,0.13108
a_union,UNION|H63,^GSPC,full,2007-02-27,2007-02-28,2007-05-30,63,33632.2,36744,0.0925232,0.0923047,0.0121238,0.0801809,time,-0.0231825,1,0.00450768,0.0756732
a_union,UNION|H63,^GSPC,full,2009-06-22,2009-06-23,2009-09-22,63,22551.3,27143.3,0.203623,0.203142,0.00041627,0.202726,time,-0.0167384,2,0.0105656,0.19216
a_union,UNION|H63,^GSPC,full,2009-10-30,2009-11-02,2010-02-03,63,26457.9,27988.1,0.0578331,0.05741,0.000145635,0.0572644,time,0,2,0.00857248,0.0486919
a_union,UNION|H63,^GSPC,full,2010-02-04,2010-02-05,2010-05-07,63,27195.7,28477.8,0.0471416,0.0469322,0.000363889,0.0465683,time,-0.00853142,1,0.0116804,0.0348879
a_union,UNION|H63,^GSPC,full,2011-11-09,2011-11-10,2012-02-13,63,32787.6,35951.3,0.0964906,0.0960521,7.53968e-05,0.0959767,time,-0.0644181,2,0.0441173,0.0518595
a_union,UNION|H63,^GSPC,full,2016-06-24,2016-06-27,2016-09-26,63,58445.3,63031.4,0.0784682,0.0782526,0.000739286,0.0775133,time,0,1,0.0282926,0.0492206
a_union,UNION|H63,^GSPC,full,2018-02-05,2018-02-06,2018-05-08,63,81338,81021.3,-0.00389399,-0.00429235,0.00425873,-0.00855108,time,-0.0421815,2,0.0326376,-0.0411887
a_union,UNION|H63,^GSPC,full,2018-10-10,2018-10-11,2019-01-14,63,83463.7,79429.9,-0.04833,-0.0485204,0.00583968,-0.05436,time,-0.134619,1,0.0394732,-0.0938332
a_union,UNION|H63,^GSPC,full,2020-02-24,2020-02-25,2020-05-26,63,98362.2,94577.7,-0.0384749,-0.0386672,0.000614286,-0.0392815,time,-0.283477,1,0.0265116,-0.0657931
a_union,UNION|H63,^GSPC,full,2020-06-11,2020-06-12,2020-09-11,63,96260.7,106166,0.1029,0.102459,0.000310317,0.102148,time,-0.0102643,2,0.028594,0.0735544
a_union,UNION|H63,^GSPC,full,2020-10-26,2020-10-27,2021-01-28,63,107927,121052,0.121607,0.121159,0.000220635,0.120938,time,-0.035419,2,0.02609,0.0948483
a_union,UNION|H63,^GSPC,full,2021-12-01,2021-12-02,2022-03-04,63,148111,140572,-0.0509038,-0.0512834,0.000465873,-0.0517493,time,-0.0740822,2,0.0353548,-0.0871041
a_union,UNION|H63,^GSPC,full,2024-08-05,2024-08-06,2024-11-04,63,176793,193385,0.0938515,0.0934141,0.0118151,0.081599,time,-0.00770111,2,0.0242197,0.0573793
a_union,UNION|H63,SPY,full_exec,1996-03-08,1996-03-11,1996-06-07,63,37.2817,40.0375,0.0739188,0.073704,0.0124833,0.0612207,time,-0.000769521,1,0.0405671,0.0206535
a_union,UNION|H63,SPY,full_exec,1997-10-27,1997-10-28,1998-01-28,63,51.3057,59.656,0.162756,0.162291,0.0127873,0.149503,time,0.0659247,2,0.0380177,0.111486
a_union,UNION|H63,SPY,full_exec,1998-08-04,1998-08-05,1998-11-02,63,66.294,68.9551,0.0401402,0.0397243,0.0111516,0.0285727,time,-0.110596,2,0.0206548,0.00791788
a_union,UNION|H63,SPY,full_exec,1998-12-14,1998-12-15,1999-03-17,63,70.6886,80.4894,0.138648,0.138192,0.0110294,0.127163,time,0.0160763,2,0.0185019,0.108661
a_union,UNION|H63,SPY,full_exec,2000-01-04,2000-01-05,2000-04-04,63,87.4692,94.0754,0.0755268,0.0753117,0.0138544,0.0614573,time,-0.0472304,1,-6.54395e-05,0.0615228
a_union,UNION|H63,SPY,full_exec,2000-04-14,2000-04-17,2000-07-17,63,84.7149,94.8466,0.119597,0.119149,0.0143746,0.104774,time,0.0196483,2,0.00204963,0.102725
a_union,UNION|H63,SPY,full_exec,2003-03-24,2003-03-25,2003-06-23,63,56.5954,64.4483,0.138754,0.138299,0.00265198,0.135647,time,-0.0230568,2,-0.00553226,0.141179
a_union,UNION|H63,SPY,full_exec,2007-02-27,2007-02-28,2007-05-29,63,97.9409,106.629,0.0887085,0.0884908,0.0121357,0.0763551,time,-0.0216537,1,0.00407459,0.0722805
a_union,UNION|H63,SPY,full_exec,2009-06-22,2009-06-23,2009-09-21,63,65.9356,78.8228,0.195451,0.194973,0.000419841,0.194553,time,-0.0168775,2,0.0101742,0.184379
a_union,UNION|H63,SPY,full_exec,2009-10-30,2009-11-02,2010-02-02,63,77.1049,82.1728,0.0657282,0.065302,0.000144048,0.065158,time,0.00182467,2,0.00817176,0.0569862
a_union,UNION|H63,SPY,full_exec,2010-02-04,2010-02-05,2010-05-06,63,79.3291,84.4249,0.0642361,0.0640233,0.000362698,0.0636606,time,-0.00628812,1,0.0112615,0.052399
a_union,UNION|H63,SPY,full_exec,2010-05-06,2010-05-07,2010-08-05,63,84.2006,84.759,0.00663167,0.0062291,0.000367857,0.00586125,time,-0.0883677,2,0.0122468,-0.0063856
a_union,UNION|H63,SPY,full_exec,2011-11-09,2011-11-10,2012-02-10,63,96.1019,104.128,0.0835174,0.083084,7.14286e-05,0.0830126,time,-0.0677138,2,0.0434285,0.0395841
a_union,UNION|H63,SPY,full_exec,2016-06-24,2016-06-27,2016-09-23,63,171.292,184.454,0.0768442,0.0766289,0.000740079,0.0758888,time,-0.00987147,1,0.0277132,0.0481756
a_union,UNION|H63,SPY,full_exec,2018-02-05,2018-02-06,2018-05-07,63,227.637,234.686,0.0309654,0.0305531,0.00424524,0.0263078,time,-0.00888642,2,0.031961,-0.00565311
a_union,UNION|H63,SPY,full_exec,2018-10-10,2018-10-11,2019-01-11,63,245.821,231.104,-0.059866,-0.060054,0.00583254,-0.0658865,time,-0.149313,1,0.0386768,-0.104563
a_union,UNION|H63,SPY,full_exec,2020-02-24,2020-02-25,2020-05-22,63,294.546,270.212,-0.0826162,-0.0827997,0.000668254,-0.083468,time,-0.307708,1,0.0259175,-0.109385
a_union,UNION|H63,SPY,full_exec,2020-06-11,2020-06-12,2020-09-10,63,281.919,306.722,0.0879811,0.0875459,0.000312302,0.0872336,time,-0.0222865,2,0.0279913,0.0592424
a_union,UNION|H63,SPY,full_exec,2020-10-26,2020-10-27,2021-01-27,63,313.364,346.794,0.106681,0.106239,0.000221825,0.106017,time,-0.0389097,2,0.0254923,0.0805246
a_union,UNION|H63,SPY,full_exec,2021-01-27,2021-01-28,2021-04-28,63,348.6,387.879,0.112677,0.112232,8.25397e-05,0.112149,time,-0.0167124,2,0.0285968,0.0835526
a_union,UNION|H63,SPY,full_exec,2021-12-01,2021-12-02,2022-03-03,63,421.569,408.952,-0.0299275,-0.0303154,0.000454762,-0.0307702,time,-0.060563,2,0.0347619,-0.0655321
a_union,UNION|H63,SPY,full_exec,2024-08-05,2024-08-06,2024-11-01,63,505.956,558.159,0.103177,0.102736,0.0118409,0.0908948,time,-0.00107868,2,0.02371,0.0671848
a_union,UNION|H84,^GSPC,design,1928-12-06,1928-12-07,1929-04-11,84,23.2412,26.3536,0.133918,0.133691,0.0123227,0.121369,time,-0.00209048,1,-0.0447574,0.166126
a_union,UNION|H84,^GSPC,design,1929-05-22,1929-05-23,1929-09-23,84,26.728,33.4957,0.253207,0.252957,0.016125,0.236832,time,-0.0435839,1,-0.0476262,0.284458
a_union,UNION|H84,^GSPC,design,1929-10-03,1929-10-04,1930-02-07,84,30.6167,24.8994,-0.186737,-0.1869,0.0133895,-0.200289,time,-0.38116,1,-0.0294449,-0.170845
a_union,UNION|H84,^GSPC,design,1933-02-01,1933-02-02,1933-06-15,84,8.78562,13.3516,0.519709,0.519101,0.00163333,0.517468,time,-0.15173,2,0.0180982,0.499369
a_union,UNION|H84,^GSPC,design,1933-06-15,1933-06-16,1933-10-17,84,13.4499,13.229,-0.0164259,-0.0168193,0.00084329,-0.0176625,time,-0.047626,2,0.0305295,-0.0481921
a_union,UNION|H84,^GSPC,design,1934-02-07,1934-02-08,1934-06-12,84,16.2152,14.586,-0.100477,-0.100836,0.000571429,-0.101408,time,-0.173807,2,0.047198,-0.148606
a_union,UNION|H84,^GSPC,design,1935-04-16,1935-04-17,1935-08-16,84,13.4272,16.0563,0.195799,0.19532,0.000392641,0.194928,time,0,2,0.0787672,0.116161
a_union,UNION|H84,^GSPC,design,1935-08-16,1935-08-19,1935-12-19,84,17.2682,19.5953,0.134759,0.134305,0.000507576,0.133797,time,-0.0269713,2,0.0637928,0.0700045
a_union,UNION|H84,^GSPC,design,1936-03-09,1936-03-10,1936-07-07,84,22.7197,23.1199,0.0176144,0.0174109,0.000858103,0.0165528,time,-0.077074,1,0.0516712,-0.0351184
a_union,UNION|H84,^GSPC,design,1936-08-21,1936-08-24,1936-12-28,84,24.5529,26.9266,0.0966766,0.0964573,0.000447619,0.0960097,time,-0.0392273,1,0.0387266,0.0572831
a_union,UNION|H84,^GSPC,design,1937-04-07,1937-04-08,1937-08-06,84,27.3164,27.5449,0.00836635,0.0081647,0.00146364,0.00670106,time,-0.100083,1,0.0280343,-0.0213332
a_union,UNION|H84,^GSPC,design,1938-08-29,1938-08-30,1939-01-04,84,21.1328,23.5843,0.116001,0.115555,-0.000309524,0.115864,time,-0.0833175,2,0.0120478,0.103816
a_union,UNION|H84,^GSPC,design,1939-01-23,1939-01-24,1939-05-25,84,21.4051,20.7633,-0.0299818,-0.0303697,6.25541e-05,-0.0304322,time,-0.122531,2,-0.00529703,-0.0251352
a_union,UNION|H84,^GSPC,design,1940-11-06,1940-11-07,1941-03-12,84,22.3356,20.0786,-0.101052,-0.101232,-0.000161905,-0.10107,time,-0.149167,1,0.0298195,-0.13089
a_union,UNION|H84,^GSPC,design,1943-04-09,1943-04-12,1943-08-11,84,25.8894,27.8533,0.0758598,0.0756447,0.00109481,0.0745499,time,-0.00069214,1,0.0542617,0.0202882
a_union,UNION|H84,^GSPC,design,1946-01-21,1946-01-22,1946-05-23,84,47.285,50.3413,0.064636,0.0644231,0.00122727,0.0631958,time,-0.0555825,1,0.0356061,0.0275897
a_union,UNION|H84,^GSPC,design,1946-07-23,1946-07-24,1946-11-22,84,46.9587,38.6792,-0.176316,-0.17648,0.00120152,-0.177682,time,-0.181543,1,0.0342003,-0.211882
a_union,UNION|H84,^GSPC,design,1948-07-19,1948-07-20,1948-11-19,84,47.5709,46.4822,-0.0228858,-0.0230812,0.00227845,-0.0253596,time,-0.0440215,1,0.0427782,-0.0681379
a_union,UNION|H84,^GSPC,design,1950-06-26,1950-06-27,1950-10-26,84,60.4571,67.7538,0.120692,0.120467,0.00416494,0.116303,time,-0.0652984,1,0.0440176,0.0722849
a_union,UNION|H84,^GSPC,design,1950-11-28,1950-11-29,1951-04-03,84,67.3434,75.6775,0.123756,0.123531,0.00467881,0.118852,time,-0.0182368,1,0.0513519,0.0675001
a_union,UNION|H84,^GSPC,design,1953-02-09,1953-02-10,1953-06-11,84,102.155,96.4928,-0.0554271,-0.055616,0.00669192,-0.0623079,time,-0.0639973,1,0.0714966,-0.133804
a_union,UNION|H84,^GSPC,design,1955-09-26,1955-09-27,1956-01-27,84,198.127,199.541,0.00713667,0.00693526,0.00783373,-0.00089847,time,-0.0623684,1,0.0535913,-0.0544898
a_union,UNION|H84,^GSPC,design,1961-04-18,1961-04-19,1961-08-18,84,365.545,383.052,0.0478907,0.0476812,0.00766468,0.0400165,time,-0.0210794,1,0.0377373,0.00227919
a_union,UNION|H84,^GSPC,design,1982-10-25,1982-10-26,1983-02-24,84,1694.18,1915.41,0.130582,0.13013,0.0266254,0.103504,time,-0.0075937,2,0.0216939,0.0818105
a_union,UNION|H84,^GSPC,design,1986-07-07,1986-07-08,1986-11-04,84,3564.57,3674.18,0.0307506,0.0305445,0.0179944,0.01255,time,-0.0408756,1,0.034347,-0.0217969
a_union,UNION|H84,^GSPC,design,1987-04-24,1987-04-27,1987-08-25,84,4267.66,5147.21,0.206095,0.205613,0.019121,0.186492,time,-0.0108951,2,0.0393383,0.147154
a_union,UNION|H84,^GSPC,design,1989-10-13,1989-10-16,1990-02-14,84,5647.57,5535.35,-0.0198708,-0.0200668,0.0255171,-0.0455838,time,-0.0492117,1,0.0248518,-0.0704356
a_union,UNION|H84,^GSPC,design,1991-11-15,1991-11-18,1992-03-19,84,6824.67,7329.66,0.073996,0.0737812,0.0132631,0.0605181,time,-0.025141,1,0.0230801,0.0374381
a_union,UNION|H84,^GSPC,design,1996-03-08,1996-03-11,1996-07-10,84,12778,13197.2,0.0328071,0.0326006,0.01675,0.0158506,time,-0.0120365,1,0.0565332,-0.0406826
a_union,UNION|H84,^GSPC,design,1997-10-27,1997-10-28,1998-03-02,84,19005.4,21729.2,0.143316,0.142859,0.0170262,0.125833,time,-0.0193002,2,0.0520401,0.0737925
a_union,UNION|H84,^GSPC,design,1998-08-04,1998-08-05,1998-12-03,84,22566.8,24131.7,0.0693463,0.0689186,0.0148079,0.0541107,time,-0.113719,2,0.0294758,0.0246349
a_union,UNION|H84,^GSPC,design,1998-12-14,1998-12-15,1999-04-19,84,24407.8,27177.3,0.113469,0.113024,0.0146202,0.0984035,time,-0.000728315,2,0.0258702,0.0725333
a_union,UNION|H84,^GSPC,design,2000-01-04,2000-01-05,2000-05-05,84,29822,30583.1,0.0255225,0.0253174,0.0185984,0.00671897,time,-0.0474685,1,0.00213824,0.00458073
a_union,UNION|H84,^GSPC,design,2003-03-24,2003-03-25,2003-07-24,84,19467.9,21964.6,0.128247,0.127796,0.00337659,0.12442,time,-0.0301562,2,-0.00727871,0.131698
a_union,UNION|H84,^GSPC,design,2007-02-27,2007-02-28,2007-06-28,84,33632.2,36200.1,0.0763496,0.0761343,0.0159631,0.0601712,time,-0.0231825,1,0.0121915,0.0479797
a_union,UNION|H84,^GSPC,design_1928_85,1928-12-06,1928-12-07,1929-04-11,84,23.2412,26.3536,0.133918,0.133691,0.0123227,0.121369,time,-0.00209048,1,-0.0447574,0.166126
a_union,UNION|H84,^GSPC,design_1928_85,1929-05-22,1929-05-23,1929-09-23,84,26.728,33.4957,0.253207,0.252957,0.016125,0.236832,time,-0.0435839,1,-0.0476262,0.284458
a_union,UNION|H84,^GSPC,design_1928_85,1929-10-03,1929-10-04,1930-02-07,84,30.6167,24.8994,-0.186737,-0.1869,0.0133895,-0.200289,time,-0.38116,1,-0.0294449,-0.170845
a_union,UNION|H84,^GSPC,design_1928_85,1933-02-01,1933-02-02,1933-06-15,84,8.78562,13.3516,0.519709,0.519101,0.00163333,0.517468,time,-0.15173,2,0.0180982,0.499369
a_union,UNION|H84,^GSPC,design_1928_85,1933-06-15,1933-06-16,1933-10-17,84,13.4499,13.229,-0.0164259,-0.0168193,0.00084329,-0.0176625,time,-0.047626,2,0.0305295,-0.0481921
a_union,UNION|H84,^GSPC,design_1928_85,1934-02-07,1934-02-08,1934-06-12,84,16.2152,14.586,-0.100477,-0.100836,0.000571429,-0.101408,time,-0.173807,2,0.047198,-0.148606
a_union,UNION|H84,^GSPC,design_1928_85,1935-04-16,1935-04-17,1935-08-16,84,13.4272,16.0563,0.195799,0.19532,0.000392641,0.194928,time,0,2,0.0787672,0.116161
a_union,UNION|H84,^GSPC,design_1928_85,1935-08-16,1935-08-19,1935-12-19,84,17.2682,19.5953,0.134759,0.134305,0.000507576,0.133797,time,-0.0269713,2,0.0637928,0.0700045
a_union,UNION|H84,^GSPC,design_1928_85,1936-03-09,1936-03-10,1936-07-07,84,22.7197,23.1199,0.0176144,0.0174109,0.000858103,0.0165528,time,-0.077074,1,0.0516712,-0.0351184
a_union,UNION|H84,^GSPC,design_1928_85,1936-08-21,1936-08-24,1936-12-28,84,24.5529,26.9266,0.0966766,0.0964573,0.000447619,0.0960097,time,-0.0392273,1,0.0387266,0.0572831
a_union,UNION|H84,^GSPC,design_1928_85,1937-04-07,1937-04-08,1937-08-06,84,27.3164,27.5449,0.00836635,0.0081647,0.00146364,0.00670106,time,-0.100083,1,0.0280343,-0.0213332
a_union,UNION|H84,^GSPC,design_1928_85,1938-08-29,1938-08-30,1939-01-04,84,21.1328,23.5843,0.116001,0.115555,-0.000309524,0.115864,time,-0.0833175,2,0.0120478,0.103816
a_union,UNION|H84,^GSPC,design_1928_85,1939-01-23,1939-01-24,1939-05-25,84,21.4051,20.7633,-0.0299818,-0.0303697,6.25541e-05,-0.0304322,time,-0.122531,2,-0.00529703,-0.0251352
a_union,UNION|H84,^GSPC,design_1928_85,1940-11-06,1940-11-07,1941-03-12,84,22.3356,20.0786,-0.101052,-0.101232,-0.000161905,-0.10107,time,-0.149167,1,0.0298195,-0.13089
a_union,UNION|H84,^GSPC,design_1928_85,1943-04-09,1943-04-12,1943-08-11,84,25.8894,27.8533,0.0758598,0.0756447,0.00109481,0.0745499,time,-0.00069214,1,0.0542617,0.0202882
a_union,UNION|H84,^GSPC,design_1928_85,1946-01-21,1946-01-22,1946-05-23,84,47.285,50.3413,0.064636,0.0644231,0.00122727,0.0631958,time,-0.0555825,1,0.0356061,0.0275897
a_union,UNION|H84,^GSPC,design_1928_85,1946-07-23,1946-07-24,1946-11-22,84,46.9587,38.6792,-0.176316,-0.17648,0.00120152,-0.177682,time,-0.181543,1,0.0342003,-0.211882
a_union,UNION|H84,^GSPC,design_1928_85,1948-07-19,1948-07-20,1948-11-19,84,47.5709,46.4822,-0.0228858,-0.0230812,0.00227845,-0.0253596,time,-0.0440215,1,0.0427782,-0.0681379
a_union,UNION|H84,^GSPC,design_1928_85,1950-06-26,1950-06-27,1950-10-26,84,60.4571,67.7538,0.120692,0.120467,0.00416494,0.116303,time,-0.0652984,1,0.0440176,0.0722849
a_union,UNION|H84,^GSPC,design_1928_85,1950-11-28,1950-11-29,1951-04-03,84,67.3434,75.6775,0.123756,0.123531,0.00467881,0.118852,time,-0.0182368,1,0.0513519,0.0675001
a_union,UNION|H84,^GSPC,design_1928_85,1953-02-09,1953-02-10,1953-06-11,84,102.155,96.4928,-0.0554271,-0.055616,0.00669192,-0.0623079,time,-0.0639973,1,0.0714966,-0.133804
a_union,UNION|H84,^GSPC,design_1928_85,1955-09-26,1955-09-27,1956-01-27,84,198.127,199.541,0.00713667,0.00693526,0.00783373,-0.00089847,time,-0.0623684,1,0.0535913,-0.0544898
a_union,UNION|H84,^GSPC,design_1928_85,1961-04-18,1961-04-19,1961-08-18,84,365.545,383.052,0.0478907,0.0476812,0.00766468,0.0400165,time,-0.0210794,1,0.0377373,0.00227919
a_union,UNION|H84,^GSPC,design_1928_85,1982-10-25,1982-10-26,1983-02-24,84,1694.18,1915.41,0.130582,0.13013,0.0266254,0.103504,time,-0.0075937,2,0.0216939,0.0818105
a_union,UNION|H84,^GSPC,design_1986_07,1986-07-07,1986-07-08,1986-11-04,84,3564.57,3674.18,0.0307506,0.0305445,0.0179944,0.01255,time,-0.0408756,1,0.037101,-0.024551
a_union,UNION|H84,^GSPC,design_1986_07,1987-04-24,1987-04-27,1987-08-25,84,4267.66,5147.21,0.206095,0.205613,0.019121,0.186492,time,-0.0108951,2,0.0294871,0.157005
a_union,UNION|H84,^GSPC,design_1986_07,1989-10-13,1989-10-16,1990-02-14,84,5647.57,5535.35,-0.0198708,-0.0200668,0.0255171,-0.0455838,time,-0.0492117,1,0.0248518,-0.0704356
a_union,UNION|H84,^GSPC,design_1986_07,1991-11-15,1991-11-18,1992-03-19,84,6824.67,7329.66,0.073996,0.0737812,0.0132631,0.0605181,time,-0.025141,1,0.0230801,0.0374381
a_union,UNION|H84,^GSPC,design_1986_07,1996-03-08,1996-03-11,1996-07-10,84,12778,13197.2,0.0328071,0.0326006,0.01675,0.0158506,time,-0.0120365,1,0.0565332,-0.0406826
a_union,UNION|H84,^GSPC,design_1986_07,1997-10-27,1997-10-28,1998-03-02,84,19005.4,21729.2,0.143316,0.142859,0.0170262,0.125833,time,-0.0193002,2,0.0520401,0.0737925
a_union,UNION|H84,^GSPC,design_1986_07,1998-08-04,1998-08-05,1998-12-03,84,22566.8,24131.7,0.0693463,0.0689186,0.0148079,0.0541107,time,-0.113719,2,0.0294758,0.0246349
a_union,UNION|H84,^GSPC,design_1986_07,1998-12-14,1998-12-15,1999-04-19,84,24407.8,27177.3,0.113469,0.113024,0.0146202,0.0984035,time,-0.000728315,2,0.0258702,0.0725333
a_union,UNION|H84,^GSPC,design_1986_07,2000-01-04,2000-01-05,2000-05-05,84,29822,30583.1,0.0255225,0.0253174,0.0185984,0.00671897,time,-0.0474685,1,0.00213824,0.00458073
a_union,UNION|H84,^GSPC,design_1986_07,2003-03-24,2003-03-25,2003-07-24,84,19467.9,21964.6,0.128247,0.127796,0.00337659,0.12442,time,-0.0301562,2,-0.00727871,0.131698
a_union,UNION|H84,^GSPC,design_1986_07,2007-02-27,2007-02-28,2007-06-28,84,33632.2,36200.1,0.0763496,0.0761343,0.0159631,0.0601712,time,-0.0231825,1,0.0121915,0.0479797
a_union,UNION|H84,^GSPC,test,2009-06-22,2009-06-23,2009-10-21,84,22551.3,27426.8,0.216194,0.215708,0.000489683,0.215218,time,-0.0167384,2,0.0179428,0.197275
a_union,UNION|H84,^GSPC,test,2009-10-30,2009-11-02,2010-03-05,84,26457.9,29110.9,0.100272,0.0998316,0.000243651,0.099588,time,0,2,0.0197611,0.0798269
a_union,UNION|H84,^GSPC,test,2010-05-06,2010-05-07,2010-09-07,84,28477.8,28195.4,-0.00991679,-0.0103127,0.000494841,-0.0108076,time,-0.0762408,2,0.0268952,-0.0377028
a_union,UNION|H84,^GSPC,test,2011-11-09,2011-11-10,2012-03-14,84,32787.6,37175.1,0.133815,0.133361,0.000150794,0.133211,time,-0.0644181,2,0.0612291,0.0719815
a_union,UNION|H84,^GSPC,test,2016-06-24,2016-06-27,2016-10-25,84,58445.3,63032.8,0.0784921,0.0782764,0.00100397,0.0772724,time,0,1,0.0374815,0.0397909
a_union,UNION|H84,^GSPC,test,2018-02-05,2018-02-06,2018-06-07,84,81338,84215.6,0.0353781,0.034964,0.00583095,0.0291331,time,-0.0421815,2,0.0437567,-0.0146237
a_union,UNION|H84,^GSPC,test,2018-10-10,2018-10-11,2019-02-13,84,83463.7,84799.7,0.016007,0.0158038,0.00781429,0.00798948,time,-0.134619,1,0.053161,-0.0451715
a_union,UNION|H84,^GSPC,test,2020-02-24,2020-02-25,2020-06-24,84,98362.2,96573.6,-0.0181838,-0.0183801,0.000747222,-0.0191273,time,-0.283477,1,0.0356701,-0.0547975
a_union,UNION|H84,^GSPC,test,2020-09-03,2020-09-04,2021-01-06,84,108877,119710,0.0994957,0.099056,0.000319444,0.0987366,time,-0.054773,2,0.0344405,0.064296
a_union,UNION|H84,^GSPC,test,2021-01-27,2021-01-28,2021-05-28,84,121052,135080,0.115889,0.115442,9.48413e-05,0.115348,time,-0.019181,2,0.039232,0.0761155
a_union,UNION|H84,^GSPC,test,2021-12-01,2021-12-02,2022-04-04,84,148111,148970,0.00580059,0.00539835,0.000864286,0.00453407,time,-0.0855456,2,0.0453139,-0.0407798
a_union,UNION|H84,^GSPC,test,2024-08-05,2024-08-06,2024-12-04,84,176793,206326,0.167046,0.166579,0.0154905,0.151089,time,-0.00770111,2,0.0318456,0.119243
a_union,UNION|H84,SPY,test_exec,2009-06-22,2009-06-23,2009-10-20,84,65.9356,80.8665,0.226446,0.225956,0.000494841,0.225461,time,-0.0168775,2,0.0175495,0.207911
a_union,UNION|H84,SPY,test_exec,2009-10-30,2009-11-02,2010-03-04,84,77.1049,83.8553,0.0875488,0.0871139,0.000240079,0.0868738,time,0.00182467,2,0.0192947,0.0675791
a_union,UNION|H84,SPY,test_exec,2010-05-06,2010-05-07,2010-09-03,84,84.2006,83.2868,-0.0108525,-0.0112481,0.000494444,-0.0117425,time,-0.0883677,2,0.0264354,-0.0381778
a_union,UNION|H84,SPY,test_exec,2011-11-09,2011-11-10,2012-03-13,84,96.1019,108.546,0.129484,0.129032,0.000147619,0.128884,time,-0.0677138,2,0.0603789,0.0685054
a_union,UNION|H84,SPY,test_exec,2016-06-24,2016-06-27,2016-10-24,84,171.292,183.515,0.0713601,0.0711458,0.00100119,0.0701446,time,-0.00987147,1,0.036803,0.0333416
a_union,UNION|H84,SPY,test_exec,2018-02-05,2018-02-06,2018-06-06,84,227.637,243.9,0.0714437,0.0710152,0.00581508,0.0652002,time,-0.00888642,2,0.0429843,0.0222159
a_union,UNION|H84,SPY,test_exec,2018-10-10,2018-10-11,2019-02-12,84,245.821,244.597,-0.00497829,-0.00517727,0.00780754,-0.0129848,time,-0.149313,1,0.0522874,-0.0652723
a_union,UNION|H84,SPY,test_exec,2020-02-24,2020-02-25,2020-06-23,84,294.546,286.659,-0.0267761,-0.0269707,0.000800794,-0.0277715,time,-0.307708,1,0.0349683,-0.0627398
a_union,UNION|H84,SPY,test_exec,2020-09-03,2020-09-04,2021-01-05,84,317.966,343.941,0.0816902,0.0812576,0.000320238,0.0809374,time,-0.0641335,2,0.0337969,0.0471405
a_union,UNION|H84,SPY,test_exec,2021-01-27,2021-01-28,2021-05-27,84,348.6,389.636,0.117715,0.117268,9.72222e-05,0.117171,time,-0.0167124,2,0.0384938,0.0786774
a_union,UNION|H84,SPY,test_exec,2021-12-01,2021-12-02,2022-04-01,84,421.569,426.426,0.0115221,0.0111175,0.000839683,0.0102779,time,-0.0732535,2,0.0446546,-0.0343768
a_union,UNION|H84,SPY,test_exec,2024-08-05,2024-08-06,2024-12-03,84,505.956,590.288,0.166677,0.166211,0.0155198,0.150691,time,-0.00107868,2,0.0312438,0.119447
a_union,UNION|H84,^GSPC,full,1928-12-06,1928-12-07,1929-04-11,84,23.2412,26.3536,0.133918,0.133691,0.0123227,0.121369,time,-0.00209048,1,-0.0447574,0.166126
a_union,UNION|H84,^GSPC,full,1929-05-22,1929-05-23,1929-09-23,84,26.728,33.4957,0.253207,0.252957,0.016125,0.236832,time,-0.0435839,1,-0.0476262,0.284458
a_union,UNION|H84,^GSPC,full,1929-10-03,1929-10-04,1930-02-07,84,30.6167,24.8994,-0.186737,-0.1869,0.0133895,-0.200289,time,-0.38116,1,-0.0294449,-0.170845
a_union,UNION|H84,^GSPC,full,1933-02-01,1933-02-02,1933-06-15,84,8.78562,13.3516,0.519709,0.519101,0.00163333,0.517468,time,-0.15173,2,0.0180982,0.499369
a_union,UNION|H84,^GSPC,full,1933-06-15,1933-06-16,1933-10-17,84,13.4499,13.229,-0.0164259,-0.0168193,0.00084329,-0.0176625,time,-0.047626,2,0.0305295,-0.0481921
a_union,UNION|H84,^GSPC,full,1934-02-07,1934-02-08,1934-06-12,84,16.2152,14.586,-0.100477,-0.100836,0.000571429,-0.101408,time,-0.173807,2,0.047198,-0.148606
a_union,UNION|H84,^GSPC,full,1935-04-16,1935-04-17,1935-08-16,84,13.4272,16.0563,0.195799,0.19532,0.000392641,0.194928,time,0,2,0.0787672,0.116161
a_union,UNION|H84,^GSPC,full,1935-08-16,1935-08-19,1935-12-19,84,17.2682,19.5953,0.134759,0.134305,0.000507576,0.133797,time,-0.0269713,2,0.0637928,0.0700045
a_union,UNION|H84,^GSPC,full,1936-03-09,1936-03-10,1936-07-07,84,22.7197,23.1199,0.0176144,0.0174109,0.000858103,0.0165528,time,-0.077074,1,0.0516712,-0.0351184
a_union,UNION|H84,^GSPC,full,1936-08-21,1936-08-24,1936-12-28,84,24.5529,26.9266,0.0966766,0.0964573,0.000447619,0.0960097,time,-0.0392273,1,0.0387266,0.0572831
a_union,UNION|H84,^GSPC,full,1937-04-07,1937-04-08,1937-08-06,84,27.3164,27.5449,0.00836635,0.0081647,0.00146364,0.00670106,time,-0.100083,1,0.0280343,-0.0213332
a_union,UNION|H84,^GSPC,full,1938-08-29,1938-08-30,1939-01-04,84,21.1328,23.5843,0.116001,0.115555,-0.000309524,0.115864,time,-0.0833175,2,0.0120478,0.103816
a_union,UNION|H84,^GSPC,full,1939-01-23,1939-01-24,1939-05-25,84,21.4051,20.7633,-0.0299818,-0.0303697,6.25541e-05,-0.0304322,time,-0.122531,2,-0.00529703,-0.0251352
a_union,UNION|H84,^GSPC,full,1940-11-06,1940-11-07,1941-03-12,84,22.3356,20.0786,-0.101052,-0.101232,-0.000161905,-0.10107,time,-0.149167,1,0.0298195,-0.13089
a_union,UNION|H84,^GSPC,full,1943-04-09,1943-04-12,1943-08-11,84,25.8894,27.8533,0.0758598,0.0756447,0.00109481,0.0745499,time,-0.00069214,1,0.0542617,0.0202882
a_union,UNION|H84,^GSPC,full,1946-01-21,1946-01-22,1946-05-23,84,47.285,50.3413,0.064636,0.0644231,0.00122727,0.0631958,time,-0.0555825,1,0.0356061,0.0275897
a_union,UNION|H84,^GSPC,full,1946-07-23,1946-07-24,1946-11-22,84,46.9587,38.6792,-0.176316,-0.17648,0.00120152,-0.177682,time,-0.181543,1,0.0342003,-0.211882
a_union,UNION|H84,^GSPC,full,1948-07-19,1948-07-20,1948-11-19,84,47.5709,46.4822,-0.0228858,-0.0230812,0.00227845,-0.0253596,time,-0.0440215,1,0.0427782,-0.0681379
a_union,UNION|H84,^GSPC,full,1950-06-26,1950-06-27,1950-10-26,84,60.4571,67.7538,0.120692,0.120467,0.00416494,0.116303,time,-0.0652984,1,0.0440176,0.0722849
a_union,UNION|H84,^GSPC,full,1950-11-28,1950-11-29,1951-04-03,84,67.3434,75.6775,0.123756,0.123531,0.00467881,0.118852,time,-0.0182368,1,0.0513519,0.0675001
a_union,UNION|H84,^GSPC,full,1953-02-09,1953-02-10,1953-06-11,84,102.155,96.4928,-0.0554271,-0.055616,0.00669192,-0.0623079,time,-0.0639973,1,0.0714966,-0.133804
a_union,UNION|H84,^GSPC,full,1955-09-26,1955-09-27,1956-01-27,84,198.127,199.541,0.00713667,0.00693526,0.00783373,-0.00089847,time,-0.0623684,1,0.0535913,-0.0544898
a_union,UNION|H84,^GSPC,full,1961-04-18,1961-04-19,1961-08-18,84,365.545,383.052,0.0478907,0.0476812,0.00766468,0.0400165,time,-0.0210794,1,0.0377373,0.00227919
a_union,UNION|H84,^GSPC,full,1982-10-25,1982-10-26,1983-02-24,84,1694.18,1915.41,0.130582,0.13013,0.0266254,0.103504,time,-0.0075937,2,0.0216939,0.0818105
a_union,UNION|H84,^GSPC,full,1986-07-07,1986-07-08,1986-11-04,84,3564.57,3674.18,0.0307506,0.0305445,0.0179944,0.01255,time,-0.0408756,1,0.034347,-0.0217969
a_union,UNION|H84,^GSPC,full,1987-04-24,1987-04-27,1987-08-25,84,4267.66,5147.21,0.206095,0.205613,0.019121,0.186492,time,-0.0108951,2,0.0393383,0.147154
a_union,UNION|H84,^GSPC,full,1989-10-13,1989-10-16,1990-02-14,84,5647.57,5535.35,-0.0198708,-0.0200668,0.0255171,-0.0455838,time,-0.0492117,1,0.0248518,-0.0704356
a_union,UNION|H84,^GSPC,full,1991-11-15,1991-11-18,1992-03-19,84,6824.67,7329.66,0.073996,0.0737812,0.0132631,0.0605181,time,-0.025141,1,0.0230801,0.0374381
a_union,UNION|H84,^GSPC,full,1996-03-08,1996-03-11,1996-07-10,84,12778,13197.2,0.0328071,0.0326006,0.01675,0.0158506,time,-0.0120365,1,0.0565332,-0.0406826
a_union,UNION|H84,^GSPC,full,1997-10-27,1997-10-28,1998-03-02,84,19005.4,21729.2,0.143316,0.142859,0.0170262,0.125833,time,-0.0193002,2,0.0520401,0.0737925
a_union,UNION|H84,^GSPC,full,1998-08-04,1998-08-05,1998-12-03,84,22566.8,24131.7,0.0693463,0.0689186,0.0148079,0.0541107,time,-0.113719,2,0.0294758,0.0246349
a_union,UNION|H84,^GSPC,full,1998-12-14,1998-12-15,1999-04-19,84,24407.8,27177.3,0.113469,0.113024,0.0146202,0.0984035,time,-0.000728315,2,0.0258702,0.0725333
a_union,UNION|H84,^GSPC,full,2000-01-04,2000-01-05,2000-05-05,84,29822,30583.1,0.0255225,0.0253174,0.0185984,0.00671897,time,-0.0474685,1,0.00213824,0.00458073
a_union,UNION|H84,^GSPC,full,2003-03-24,2003-03-25,2003-07-24,84,19467.9,21964.6,0.128247,0.127796,0.00337659,0.12442,time,-0.0301562,2,-0.00727871,0.131698
a_union,UNION|H84,^GSPC,full,2007-02-27,2007-02-28,2007-06-28,84,33632.2,36200.1,0.0763496,0.0761343,0.0159631,0.0601712,time,-0.0231825,1,0.00544194,0.0547293
a_union,UNION|H84,^GSPC,full,2009-06-22,2009-06-23,2009-10-21,84,22551.3,27426.8,0.216194,0.215708,0.000489683,0.215218,time,-0.0167384,2,0.0145822,0.200636
a_union,UNION|H84,^GSPC,full,2009-10-30,2009-11-02,2010-03-05,84,26457.9,29110.9,0.100272,0.0998316,0.000243651,0.099588,time,0,2,0.0125184,0.0870696
a_union,UNION|H84,^GSPC,full,2010-05-06,2010-05-07,2010-09-07,84,28477.8,28195.4,-0.00991679,-0.0103127,0.000494841,-0.0108076,time,-0.0762408,2,0.018131,-0.0289386
a_union,UNION|H84,^GSPC,full,2011-11-09,2011-11-10,2012-03-14,84,32787.6,37175.1,0.133815,0.133361,0.000150794,0.133211,time,-0.0644181,2,0.0612291,0.0719815
a_union,UNION|H84,^GSPC,full,2016-06-24,2016-06-27,2016-10-25,84,58445.3,63032.8,0.0784921,0.0782764,0.00100397,0.0772724,time,0,1,0.0374815,0.0397909
a_union,UNION|H84,^GSPC,full,2018-02-05,2018-02-06,2018-06-07,84,81338,84215.6,0.0353781,0.034964,0.00583095,0.0291331,time,-0.0421815,2,0.0437567,-0.0146237
a_union,UNION|H84,^GSPC,full,2018-10-10,2018-10-11,2019-02-13,84,83463.7,84799.7,0.016007,0.0158038,0.00781429,0.00798948,time,-0.134619,1,0.053161,-0.0451715
a_union,UNION|H84,^GSPC,full,2020-02-24,2020-02-25,2020-06-24,84,98362.2,96573.6,-0.0181838,-0.0183801,0.000747222,-0.0191273,time,-0.283477,1,0.0356701,-0.0547975
a_union,UNION|H84,^GSPC,full,2020-09-03,2020-09-04,2021-01-06,84,108877,119710,0.0994957,0.099056,0.000319444,0.0987366,time,-0.054773,2,0.0344405,0.064296
a_union,UNION|H84,^GSPC,full,2021-01-27,2021-01-28,2021-05-28,84,121052,135080,0.115889,0.115442,9.48413e-05,0.115348,time,-0.019181,2,0.039232,0.0761155
a_union,UNION|H84,^GSPC,full,2021-12-01,2021-12-02,2022-04-04,84,148111,148970,0.00580059,0.00539835,0.000864286,0.00453407,time,-0.0855456,2,0.0453139,-0.0407798
a_union,UNION|H84,^GSPC,full,2024-08-05,2024-08-06,2024-12-04,84,176793,206326,0.167046,0.166579,0.0154905,0.151089,time,-0.00770111,2,0.0318456,0.119243
a_union,UNION|H84,SPY,full_exec,1996-03-08,1996-03-11,1996-07-09,84,37.2817,39.0314,0.0469317,0.0467224,0.0167425,0.0299799,time,-0.000769521,1,0.0549518,-0.0249719
a_union,UNION|H84,SPY,full_exec,1997-10-27,1997-10-28,1998-02-27,84,51.3057,64.1774,0.250883,0.250382,0.0170234,0.233359,time,0.0659247,2,0.050435,0.182924
a_union,UNION|H84,SPY,full_exec,1998-08-04,1998-08-05,1998-12-02,84,66.294,72.2872,0.0904035,0.0899674,0.0148321,0.0751353,time,-0.110596,2,0.0280503,0.0470849
a_union,UNION|H84,SPY,full_exec,1998-12-14,1998-12-15,1999-04-16,84,70.6886,81.537,0.153468,0.153007,0.0146266,0.13838,time,0.0160763,2,0.0246273,0.113753
a_union,UNION|H84,SPY,full_exec,2000-01-04,2000-01-05,2000-05-04,84,87.4692,88.8664,0.0159744,0.0157712,0.0185782,-0.00280696,time,-0.0472304,1,0.00126978,-0.00407674
a_union,UNION|H84,SPY,full_exec,2003-03-24,2003-03-25,2003-07-23,84,56.5954,64.9853,0.148242,0.147783,0.00338651,0.144397,time,-0.0230568,2,-0.00766275,0.152059
a_union,UNION|H84,SPY,full_exec,2007-02-27,2007-02-28,2007-06-27,84,97.9409,105.794,0.0801859,0.0799699,0.0159778,0.0639921,time,-0.0216537,1,0.00498605,0.059006
a_union,UNION|H84,SPY,full_exec,2009-06-22,2009-06-23,2009-10-20,84,65.9356,80.8665,0.226446,0.225956,0.000494841,0.225461,time,-0.0168775,2,0.0141661,0.211295
a_union,UNION|H84,SPY,full_exec,2009-10-30,2009-11-02,2010-03-04,84,77.1049,83.8553,0.0875488,0.0871139,0.000240079,0.0868738,time,0.00182467,2,0.0120014,0.0748724
a_union,UNION|H84,SPY,full_exec,2010-05-06,2010-05-07,2010-09-03,84,84.2006,83.2868,-0.0108525,-0.0112481,0.000494444,-0.0117425,time,-0.0883677,2,0.0176354,-0.0293779
a_union,UNION|H84,SPY,full_exec,2011-11-09,2011-11-10,2012-03-13,84,96.1019,108.546,0.129484,0.129032,0.000147619,0.128884,time,-0.0677138,2,0.0603789,0.0685054
a_union,UNION|H84,SPY,full_exec,2016-06-24,2016-06-27,2016-10-24,84,171.292,183.515,0.0713601,0.0711458,0.00100119,0.0701446,time,-0.00987147,1,0.036803,0.0333416
a_union,UNION|H84,SPY,full_exec,2018-02-05,2018-02-06,2018-06-06,84,227.637,243.9,0.0714437,0.0710152,0.00581508,0.0652002,time,-0.00888642,2,0.0429843,0.0222159
a_union,UNION|H84,SPY,full_exec,2018-10-10,2018-10-11,2019-02-12,84,245.821,244.597,-0.00497829,-0.00517727,0.00780754,-0.0129848,time,-0.149313,1,0.0522874,-0.0652723
a_union,UNION|H84,SPY,full_exec,2020-02-24,2020-02-25,2020-06-23,84,294.546,286.659,-0.0267761,-0.0269707,0.000800794,-0.0277715,time,-0.307708,1,0.0349683,-0.0627398
a_union,UNION|H84,SPY,full_exec,2020-09-03,2020-09-04,2021-01-05,84,317.966,343.941,0.0816902,0.0812576,0.000320238,0.0809374,time,-0.0641335,2,0.0337969,0.0471405
a_union,UNION|H84,SPY,full_exec,2021-01-27,2021-01-28,2021-05-27,84,348.6,389.636,0.117715,0.117268,9.72222e-05,0.117171,time,-0.0167124,2,0.0384938,0.0786774
a_union,UNION|H84,SPY,full_exec,2021-12-01,2021-12-02,2022-04-01,84,421.569,426.426,0.0115221,0.0111175,0.000839683,0.0102779,time,-0.0732535,2,0.0446546,-0.0343768
a_union,UNION|H84,SPY,full_exec,2024-08-05,2024-08-06,2024-12-03,84,505.956,590.288,0.166677,0.166211,0.0155198,0.150691,time,-0.00107868,2,0.0312438,0.119447
