family,variant,instrument,role,signal,entry,exit,sessions,entry_px,exit_px,gross,net,rf,excess,how,mae,cost_bps,base,edge
i_macro,PAUSE|10y|H42,UST10syn,design,1962-09-28,1962-10-01,1962-12-04,42,1.04086,1.04717,0.00606054,0.0056582,0.00464603,0.00101217,time,-0.000782616,2,-0.000539891,0.00155206
i_macro,PAUSE|10y|H42,UST10syn,design,1963-11-29,1963-12-02,1964-01-31,42,1.07615,1.07824,0.00194028,0.00153958,0.00586825,-0.00432867,time,-0.00329576,2,-0.000787873,-0.0035408
i_macro,PAUSE|10y|H42,UST10syn,design,1966-09-30,1966-10-03,1966-12-06,42,1.127,1.13793,0.0096935,0.0092897,0.00886151,0.000428196,time,-0.00539007,2,-0.00608279,0.00651099
i_macro,PAUSE|10y|H42,UST10syn,design,1968-08-30,1968-09-03,1968-10-31,42,1.2146,1.20678,-0.00643638,-0.00683372,0.00880079,-0.0156345,time,-0.0118621,2,-0.0024065,-0.013228
i_macro,PAUSE|10y|H42,UST10syn,design,1972-11-30,1972-12-01,1973-02-01,42,1.49774,1.4803,-0.0116411,-0.0120363,0.00877897,-0.0208153,time,-0.0116411,2,0.00180097,-0.0226163
i_macro,PAUSE|10y|H42,UST10syn,design,1978-01-31,1978-02-01,1978-04-05,42,1.9558,1.95904,0.0016571,0.00125651,0.0106028,-0.00934626,time,-0.00619205,2,-0.00733517,-0.0020111
i_macro,PAUSE|10y|H42,UST10syn,design,1978-08-31,1978-09-01,1978-11-02,42,1.9949,1.97737,-0.00878493,-0.00918133,0.0132786,-0.0224599,time,-0.0239995,2,-0.00832343,-0.0141365
i_macro,PAUSE|10y|H42,UST10syn,design,1979-03-30,1979-04-02,1979-06-04,42,2.00218,2.04078,0.0192775,0.0188699,0.0158956,0.00297423,time,-0.00990272,2,-0.00815139,0.0111256
i_macro,PAUSE|10y|H42,UST10syn,design,1984-06-29,1984-07-02,1984-08-30,42,2.81306,3.0378,0.0798902,0.0794583,0.0171738,0.0622845,time,0,2,0.0140929,0.0481916
i_macro,PAUSE|10y|H42,UST10syn,design,1995-05-31,1995-06-01,1995-08-01,42,11.0237,10.8941,-0.0117547,-0.0121499,0.00907817,-0.0212281,time,-0.0158093,2,0.00677839,-0.0280065
i_macro,PAUSE|10y|H42,UST10syn,design,2000-08-31,2000-09-01,2000-11-02,42,15.6239,15.7056,0.00523418,0.00483217,0.010098,-0.00526585,time,-0.0141861,2,0.00644826,-0.0117141
i_macro,PAUSE|10y|H42,UST10syn,design,2006-09-29,2006-10-02,2006-12-01,42,22.229,22.7401,0.0229927,0.0225836,0.00822262,0.0143609,time,-0.0137819,2,0.00361878,0.0107422
i_macro,PAUSE|10y|H42,UST10syn,test,2017-09-29,2017-10-02,2017-12-01,42,36.1841,36.2258,0.00115313,0.000752747,0.00193016,-0.00117741,time,-0.00904746,2,0.00551725,-0.00669467
i_macro,PAUSE|10y|H42,UST10syn,test,2019-03-29,2019-04-01,2019-05-31,42,37.195,38.522,0.0356773,0.0352632,0.00394524,0.0313179,time,-0.00860134,2,-0.00106932,0.0323872
i_macro,PAUSE|10y|H42,UST10syn,test,2023-10-31,2023-11-01,2024-01-03,42,33.7647,36.4368,0.0791386,0.078707,0.00875595,0.0699511,time,0,2,-0.0095826,0.0795337
i_macro,PAUSE|10y|H42,IEF,test_exec,2017-09-29,2017-10-02,2017-11-29,42,85.8024,85.6202,-0.0021232,-0.00252227,0.0019123,-0.00443457,time,-0.00855092,2,0.00500618,-0.00944076
i_macro,PAUSE|10y|H42,IEF,test_exec,2019-03-29,2019-04-01,2019-05-30,42,88.4651,90.3887,0.0217439,0.0213353,0.00394841,0.0173869,time,-0.0098963,2,-0.000711476,0.0180984
i_macro,PAUSE|10y|H42,IEF,test_exec,2023-10-31,2023-11-01,2024-01-02,42,80.6419,86.9165,0.0778089,0.0773779,0.00875873,0.0686191,time,0.0085938,2,-0.0084785,0.0770976
i_macro,PAUSE|10y|H42,UST10syn,full,1962-09-28,1962-10-01,1962-12-04,42,1.04086,1.04717,0.00606054,0.0056582,0.00464603,0.00101217,time,-0.000782616,2,-0.000539891,0.00155206
i_macro,PAUSE|10y|H42,UST10syn,full,1963-11-29,1963-12-02,1964-01-31,42,1.07615,1.07824,0.00194028,0.00153958,0.00586825,-0.00432867,time,-0.00329576,2,-0.000787873,-0.0035408
i_macro,PAUSE|10y|H42,UST10syn,full,1966-09-30,1966-10-03,1966-12-06,42,1.127,1.13793,0.0096935,0.0092897,0.00886151,0.000428196,time,-0.00539007,2,-0.00608279,0.00651099
i_macro,PAUSE|10y|H42,UST10syn,full,1968-08-30,1968-09-03,1968-10-31,42,1.2146,1.20678,-0.00643638,-0.00683372,0.00880079,-0.0156345,time,-0.0118621,2,-0.0024065,-0.013228
i_macro,PAUSE|10y|H42,UST10syn,full,1972-11-30,1972-12-01,1973-02-01,42,1.49774,1.4803,-0.0116411,-0.0120363,0.00877897,-0.0208153,time,-0.0116411,2,0.00180097,-0.0226163
i_macro,PAUSE|10y|H42,UST10syn,full,1978-01-31,1978-02-01,1978-04-05,42,1.9558,1.95904,0.0016571,0.00125651,0.0106028,-0.00934626,time,-0.00619205,2,-0.00733517,-0.0020111
i_macro,PAUSE|10y|H42,UST10syn,full,1978-08-31,1978-09-01,1978-11-02,42,1.9949,1.97737,-0.00878493,-0.00918133,0.0132786,-0.0224599,time,-0.0239995,2,-0.00832343,-0.0141365
i_macro,PAUSE|10y|H42,UST10syn,full,1979-03-30,1979-04-02,1979-06-04,42,2.00218,2.04078,0.0192775,0.0188699,0.0158956,0.00297423,time,-0.00990272,2,-0.00815139,0.0111256
i_macro,PAUSE|10y|H42,UST10syn,full,1984-06-29,1984-07-02,1984-08-30,42,2.81306,3.0378,0.0798902,0.0794583,0.0171738,0.0622845,time,0,2,0.0140929,0.0481916
i_macro,PAUSE|10y|H42,UST10syn,full,1995-05-31,1995-06-01,1995-08-01,42,11.0237,10.8941,-0.0117547,-0.0121499,0.00907817,-0.0212281,time,-0.0158093,2,0.00677839,-0.0280065
i_macro,PAUSE|10y|H42,UST10syn,full,2000-08-31,2000-09-01,2000-11-02,42,15.6239,15.7056,0.00523418,0.00483217,0.010098,-0.00526585,time,-0.0141861,2,0.00644826,-0.0117141
i_macro,PAUSE|10y|H42,UST10syn,full,2006-09-29,2006-10-02,2006-12-01,42,22.229,22.7401,0.0229927,0.0225836,0.00822262,0.0143609,time,-0.0137819,2,0.00462696,0.00973399
i_macro,PAUSE|10y|H42,UST10syn,full,2017-09-29,2017-10-02,2017-12-01,42,36.1841,36.2258,0.00115313,0.000752747,0.00193016,-0.00117741,time,-0.00904746,2,0.00551725,-0.00669467
i_macro,PAUSE|10y|H42,UST10syn,full,2019-03-29,2019-04-01,2019-05-31,42,37.195,38.522,0.0356773,0.0352632,0.00394524,0.0313179,time,-0.00860134,2,-0.00106932,0.0323872
i_macro,PAUSE|10y|H42,UST10syn,full,2023-10-31,2023-11-01,2024-01-03,42,33.7647,36.4368,0.0791386,0.078707,0.00875595,0.0699511,time,0,2,-0.0095826,0.0795337
i_macro,PAUSE|10y|H63,UST10syn,design,1962-09-28,1962-10-01,1963-01-04,63,1.04086,1.05926,0.0176794,0.0172724,0.00703651,0.0102359,time,-0.000782616,2,-0.00114456,0.0113805
i_macro,PAUSE|10y|H63,UST10syn,design,1963-11-29,1963-12-02,1964-03-04,63,1.07615,1.07878,0.0024462,0.0020453,0.00881508,-0.00676978,time,-0.00329576,2,-0.00123615,-0.00553362
i_macro,PAUSE|10y|H63,UST10syn,design,1966-09-30,1966-10-03,1967-01-06,63,1.127,1.1817,0.0485293,0.04811,0.0129421,0.0351679,time,-0.00539007,2,-0.0095615,0.0447294
i_macro,PAUSE|10y|H63,UST10syn,design,1968-08-30,1968-09-03,1968-12-04,63,1.2146,1.18259,-0.0263567,-0.0267461,0.0133687,-0.0401147,time,-0.0272408,2,-0.00321035,-0.0369044
i_macro,PAUSE|10y|H63,UST10syn,design,1972-11-30,1972-12-01,1973-03-06,63,1.49774,1.48062,-0.0114272,-0.0118225,0.0134734,-0.0252959,time,-0.0146658,2,0.00277096,-0.0280669
i_macro,PAUSE|10y|H63,UST10syn,design,1978-01-31,1978-02-01,1978-05-04,63,1.9558,1.9546,-0.000614828,-0.0010145,0.0158444,-0.0168589,time,-0.00619205,2,-0.0110009,-0.00585801
i_macro,PAUSE|10y|H63,UST10syn,design,1978-08-31,1978-09-01,1978-12-05,63,1.9949,1.9775,-0.00871965,-0.00911608,0.0205012,-0.0296173,time,-0.0239995,2,-0.0116762,-0.0179411
i_macro,PAUSE|10y|H63,UST10syn,design,1979-03-30,1979-04-02,1979-07-03,63,2.00218,2.09443,0.0460728,0.0456544,0.0233992,0.0222552,time,-0.00990272,2,-0.0124811,0.0347363
i_macro,PAUSE|10y|H63,UST10syn,design,1984-06-29,1984-07-02,1984-10-01,63,2.81306,3.12301,0.110183,0.109739,0.0258194,0.0839199,time,0,2,0.0216678,0.0622521
i_macro,PAUSE|10y|H63,UST10syn,design,1995-05-31,1995-06-01,1995-08-30,63,11.0237,11.0867,0.00571063,0.00530842,0.013579,-0.00827055,time,-0.0164588,2,0.0100868,-0.0183574
i_macro,PAUSE|10y|H63,UST10syn,design,2000-08-31,2000-09-01,2000-12-04,63,15.6239,16.0365,0.0264111,0.0260006,0.0152286,0.010772,time,-0.0141861,2,0.00965229,0.00111974
i_macro,PAUSE|10y|H63,UST10syn,design,2006-09-29,2006-10-02,2007-01-03,63,22.229,22.4014,0.00775216,0.00734914,0.0122667,-0.00491752,time,-0.0137819,2,0.00596043,-0.010878
i_macro,PAUSE|10y|H63,UST10syn,test,2017-09-29,2017-10-02,2018-01-03,63,36.1841,36.0795,-0.00289017,-0.00328894,0.00304127,-0.00633021,time,-0.00904746,2,0.00818453,-0.0145147
i_macro,PAUSE|10y|H63,UST10syn,test,2019-03-29,2019-04-01,2019-07-01,63,37.195,38.9714,0.0477589,0.0473399,0.00575357,0.0415863,time,-0.00860134,2,-0.00168717,0.0432735
i_macro,PAUSE|10y|H63,UST10syn,test,2023-10-31,2023-11-01,2024-02-02,63,33.7647,36.1968,0.0720311,0.0716023,0.0131095,0.0584928,time,0,2,-0.0139342,0.0724271
i_macro,PAUSE|10y|H63,IEF,test_exec,2017-09-29,2017-10-02,2017-12-29,63,85.8024,85.5114,-0.00339109,-0.00378965,0.00301111,-0.00680076,time,-0.00947087,2,0.00763202,-0.0144328
i_macro,PAUSE|10y|H63,IEF,test_exec,2019-03-29,2019-04-01,2019-06-28,63,88.4651,92.0977,0.0410624,0.040646,0.0057623,0.0348837,time,-0.0098963,2,-0.00121567,0.0360994
i_macro,PAUSE|10y|H63,IEF,test_exec,2023-10-31,2023-11-01,2024-02-01,63,80.6419,87.8465,0.0893408,0.0889052,0.0131127,0.0757925,time,0.0085938,2,-0.0123923,0.0881848
i_macro,PAUSE|10y|H63,UST10syn,full,1962-09-28,1962-10-01,1963-01-04,63,1.04086,1.05926,0.0176794,0.0172724,0.00703651,0.0102359,time,-0.000782616,2,-0.00114456,0.0113805
i_macro,PAUSE|10y|H63,UST10syn,full,1963-11-29,1963-12-02,1964-03-04,63,1.07615,1.07878,0.0024462,0.0020453,0.00881508,-0.00676978,time,-0.00329576,2,-0.00123615,-0.00553362
i_macro,PAUSE|10y|H63,UST10syn,full,1966-09-30,1966-10-03,1967-01-06,63,1.127,1.1817,0.0485293,0.04811,0.0129421,0.0351679,time,-0.00539007,2,-0.0095615,0.0447294
i_macro,PAUSE|10y|H63,UST10syn,full,1968-08-30,1968-09-03,1968-12-04,63,1.2146,1.18259,-0.0263567,-0.0267461,0.0133687,-0.0401147,time,-0.0272408,2,-0.00321035,-0.0369044
i_macro,PAUSE|10y|H63,UST10syn,full,1972-11-30,1972-12-01,1973-03-06,63,1.49774,1.48062,-0.0114272,-0.0118225,0.0134734,-0.0252959,time,-0.0146658,2,0.00277096,-0.0280669
i_macro,PAUSE|10y|H63,UST10syn,full,1978-01-31,1978-02-01,1978-05-04,63,1.9558,1.9546,-0.000614828,-0.0010145,0.0158444,-0.0168589,time,-0.00619205,2,-0.0110009,-0.00585801
i_macro,PAUSE|10y|H63,UST10syn,full,1978-08-31,1978-09-01,1978-12-05,63,1.9949,1.9775,-0.00871965,-0.00911608,0.0205012,-0.0296173,time,-0.0239995,2,-0.0116762,-0.0179411
i_macro,PAUSE|10y|H63,UST10syn,full,1979-03-30,1979-04-02,1979-07-03,63,2.00218,2.09443,0.0460728,0.0456544,0.0233992,0.0222552,time,-0.00990272,2,-0.0124811,0.0347363
i_macro,PAUSE|10y|H63,UST10syn,full,1984-06-29,1984-07-02,1984-10-01,63,2.81306,3.12301,0.110183,0.109739,0.0258194,0.0839199,time,0,2,0.0216678,0.0622521
i_macro,PAUSE|10y|H63,UST10syn,full,1995-05-31,1995-06-01,1995-08-30,63,11.0237,11.0867,0.00571063,0.00530842,0.013579,-0.00827055,time,-0.0164588,2,0.0100868,-0.0183574
i_macro,PAUSE|10y|H63,UST10syn,full,2000-08-31,2000-09-01,2000-12-04,63,15.6239,16.0365,0.0264111,0.0260006,0.0152286,0.010772,time,-0.0141861,2,0.00965229,0.00111974
i_macro,PAUSE|10y|H63,UST10syn,full,2006-09-29,2006-10-02,2007-01-03,63,22.229,22.4014,0.00775216,0.00734914,0.0122667,-0.00491752,time,-0.0137819,2,0.00674879,-0.0116663
i_macro,PAUSE|10y|H63,UST10syn,full,2017-09-29,2017-10-02,2018-01-03,63,36.1841,36.0795,-0.00289017,-0.00328894,0.00304127,-0.00633021,time,-0.00904746,2,0.00818453,-0.0145147
i_macro,PAUSE|10y|H63,UST10syn,full,2019-03-29,2019-04-01,2019-07-01,63,37.195,38.9714,0.0477589,0.0473399,0.00575357,0.0415863,time,-0.00860134,2,-0.00168717,0.0432735
i_macro,PAUSE|10y|H63,UST10syn,full,2023-10-31,2023-11-01,2024-02-02,63,33.7647,36.1968,0.0720311,0.0716023,0.0131095,0.0584928,time,0,2,-0.0139342,0.0724271
i_macro,PAUSE|10y|H84,UST10syn,design,1962-09-28,1962-10-01,1963-02-04,84,1.04086,1.05835,0.0168077,0.016401,0.00946587,0.00693517,time,-0.000782616,2,-0.0020309,0.00896607
i_macro,PAUSE|10y|H84,UST10syn,design,1963-11-29,1963-12-02,1964-04-03,84,1.07615,1.07729,0.00106203,0.000661683,0.0117631,-0.0111014,time,-0.00329576,2,-0.00158032,-0.00952109
i_macro,PAUSE|10y|H84,UST10syn,design,1966-09-30,1966-10-03,1967-02-06,84,1.127,1.19661,0.0617652,0.0613406,0.0168258,0.0445148,time,-0.00539007,2,-0.0125874,0.0571023
i_macro,PAUSE|10y|H84,UST10syn,design,1968-08-30,1968-09-03,1969-01-06,84,1.2146,1.18108,-0.0276003,-0.0279892,0.0183905,-0.0463797,time,-0.0460358,2,-0.00382149,-0.0425582
i_macro,PAUSE|10y|H84,UST10syn,design,1972-11-30,1972-12-01,1973-04-04,84,1.49774,1.48639,-0.00757639,-0.00797328,0.0186444,-0.0266177,time,-0.0160093,2,0.00353892,-0.0301566
i_macro,PAUSE|10y|H84,UST10syn,design,1978-01-31,1978-02-01,1978-06-06,84,1.9558,1.95628,0.000246834,-0.000153184,0.0212206,-0.0213738,time,-0.00619205,2,-0.0144195,-0.00695435
i_macro,PAUSE|10y|H84,UST10syn,design,1978-08-31,1978-09-01,1979-01-05,84,1.9949,1.96056,-0.0172145,-0.0176076,0.0281262,-0.0457338,time,-0.0249292,2,-0.0159069,-0.0298269
i_macro,PAUSE|10y|H84,UST10syn,design,1979-03-30,1979-04-02,1979-08-02,84,2.00218,2.09059,0.0441574,0.0437398,0.0311187,0.0126211,time,-0.00990272,2,-0.0164466,0.0290677
i_macro,PAUSE|10y|H84,UST10syn,design,1984-06-29,1984-07-02,1984-10-31,84,2.81306,3.29177,0.170175,0.169707,0.0339135,0.135794,time,0,2,0.0299854,0.105808
i_macro,PAUSE|10y|H84,UST10syn,design,1995-05-31,1995-06-01,1995-09-29,84,11.0237,11.2745,0.0227524,0.0223434,0.0179786,0.0043648,time,-0.0164588,2,0.0140008,-0.00963596
i_macro,PAUSE|10y|H84,UST10syn,design,2000-08-31,2000-09-01,2001-01-04,84,15.6239,16.7357,0.0711619,0.0707336,0.0199817,0.0507518,time,-0.0141861,2,0.0129827,0.0377691
i_macro,PAUSE|10y|H84,UST10syn,design,2006-09-29,2006-10-02,2007-02-02,84,22.229,22.2067,-0.00100515,-0.00140467,0.0164187,-0.0178233,time,-0.0137819,2,0.00777025,-0.0255936
i_macro,PAUSE|10y|H84,UST10syn,test,2017-09-29,2017-10-02,2018-02-02,84,36.1841,34.9134,-0.0351193,-0.0355052,0.00422341,-0.0397286,time,-0.0351193,2,0.0103679,-0.0500965
i_macro,PAUSE|10y|H84,UST10syn,test,2019-03-29,2019-04-01,2019-07-31,84,37.195,39.0708,0.050432,0.0500119,0.0075,0.0425119,time,-0.00860134,2,-0.00221025,0.0447222
i_macro,PAUSE|10y|H84,UST10syn,test,2023-10-31,2023-11-01,2024-03-05,84,33.7647,36.0324,0.0671623,0.0667355,0.0174754,0.0492601,time,0,2,-0.0181703,0.0674304
i_macro,PAUSE|10y|H84,IEF,test_exec,2017-09-29,2017-10-02,2018-01-31,84,85.8024,83.6727,-0.0248206,-0.0252106,0.00418889,-0.0293995,time,-0.0251034,2,0.00981299,-0.0392125
i_macro,PAUSE|10y|H84,IEF,test_exec,2019-03-29,2019-04-01,2019-07-30,84,88.4651,91.8981,0.0388065,0.0383911,0.00751349,0.0308776,time,-0.0098963,2,-0.00167185,0.0325495
i_macro,PAUSE|10y|H84,IEF,test_exec,2023-10-31,2023-11-01,2024-03-04,84,80.6419,85.6867,0.0625583,0.0621334,0.0174786,0.0446548,time,0.0085938,2,-0.0161834,0.0608382
i_macro,PAUSE|10y|H84,UST10syn,full,1962-09-28,1962-10-01,1963-02-04,84,1.04086,1.05835,0.0168077,0.016401,0.00946587,0.00693517,time,-0.000782616,2,-0.0020309,0.00896607
i_macro,PAUSE|10y|H84,UST10syn,full,1963-11-29,1963-12-02,1964-04-03,84,1.07615,1.07729,0.00106203,0.000661683,0.0117631,-0.0111014,time,-0.00329576,2,-0.00158032,-0.00952109
i_macro,PAUSE|10y|H84,UST10syn,full,1966-09-30,1966-10-03,1967-02-06,84,1.127,1.19661,0.0617652,0.0613406,0.0168258,0.0445148,time,-0.00539007,2,-0.0125874,0.0571023
i_macro,PAUSE|10y|H84,UST10syn,full,1968-08-30,1968-09-03,1969-01-06,84,1.2146,1.18108,-0.0276003,-0.0279892,0.0183905,-0.0463797,time,-0.0460358,2,-0.00382149,-0.0425582
i_macro,PAUSE|10y|H84,UST10syn,full,1972-11-30,1972-12-01,1973-04-04,84,1.49774,1.48639,-0.00757639,-0.00797328,0.0186444,-0.0266177,time,-0.0160093,2,0.00353892,-0.0301566
i_macro,PAUSE|10y|H84,UST10syn,full,1978-01-31,1978-02-01,1978-06-06,84,1.9558,1.95628,0.000246834,-0.000153184,0.0212206,-0.0213738,time,-0.00619205,2,-0.0144195,-0.00695435
i_macro,PAUSE|10y|H84,UST10syn,full,1978-08-31,1978-09-01,1979-01-05,84,1.9949,1.96056,-0.0172145,-0.0176076,0.0281262,-0.0457338,time,-0.0249292,2,-0.0159069,-0.0298269
i_macro,PAUSE|10y|H84,UST10syn,full,1979-03-30,1979-04-02,1979-08-02,84,2.00218,2.09059,0.0441574,0.0437398,0.0311187,0.0126211,time,-0.00990272,2,-0.0164466,0.0290677
i_macro,PAUSE|10y|H84,UST10syn,full,1984-06-29,1984-07-02,1984-10-31,84,2.81306,3.29177,0.170175,0.169707,0.0339135,0.135794,time,0,2,0.0299854,0.105808
i_macro,PAUSE|10y|H84,UST10syn,full,1995-05-31,1995-06-01,1995-09-29,84,11.0237,11.2745,0.0227524,0.0223434,0.0179786,0.0043648,time,-0.0164588,2,0.0140008,-0.00963596
i_macro,PAUSE|10y|H84,UST10syn,full,2000-08-31,2000-09-01,2001-01-04,84,15.6239,16.7357,0.0711619,0.0707336,0.0199817,0.0507518,time,-0.0141861,2,0.0129827,0.0377691
i_macro,PAUSE|10y|H84,UST10syn,full,2006-09-29,2006-10-02,2007-02-02,84,22.229,22.2067,-0.00100515,-0.00140467,0.0164187,-0.0178233,time,-0.0137819,2,0.00882714,-0.0266505
i_macro,PAUSE|10y|H84,UST10syn,full,2017-09-29,2017-10-02,2018-02-02,84,36.1841,34.9134,-0.0351193,-0.0355052,0.00422341,-0.0397286,time,-0.0351193,2,0.0103679,-0.0500965
i_macro,PAUSE|10y|H84,UST10syn,full,2019-03-29,2019-04-01,2019-07-31,84,37.195,39.0708,0.050432,0.0500119,0.0075,0.0425119,time,-0.00860134,2,-0.00221025,0.0447222
i_macro,PAUSE|10y|H84,UST10syn,full,2023-10-31,2023-11-01,2024-03-05,84,33.7647,36.0324,0.0671623,0.0667355,0.0174754,0.0492601,time,0,2,-0.0181703,0.0674304
i_macro,PAUSE|long|H42,ULONGsyn,design,1962-09-28,1962-10-01,1962-12-04,42,1.04583,1.05306,0.00691201,0.00650933,0.00464603,0.0018633,time,0,2,-0.000788802,0.0026521
i_macro,PAUSE|long|H42,ULONGsyn,design,1963-11-29,1963-12-02,1964-01-31,42,1.0652,1.07111,0.00555084,0.0051487,0.00586825,-0.00071955,time,-0.00465023,2,-0.00136196,0.000642409
i_macro,PAUSE|long|H42,ULONGsyn,design,1966-09-30,1966-10-03,1966-12-06,42,1.09304,1.10932,0.0148935,0.0144877,0.00886151,0.00562615,time,0,2,-0.00836422,0.0139904
i_macro,PAUSE|long|H42,ULONGsyn,design,1968-08-30,1968-09-03,1968-10-31,42,1.16063,1.13675,-0.0205743,-0.020966,0.00880079,-0.0297668,time,-0.0299399,2,-0.00484434,-0.0249224
i_macro,PAUSE|long|H42,ULONGsyn,design,1972-11-30,1972-12-01,1973-02-01,42,1.40252,1.26183,-0.100313,-0.100673,0.00877897,-0.109452,time,-0.102968,2,-0.000994963,-0.108457
i_macro,PAUSE|long|H42,ULONGsyn,design,1978-01-31,1978-02-01,1978-04-05,42,1.62293,1.62452,0.000980434,0.000580121,0.0106028,-0.0100227,time,-0.00763494,2,-0.00969761,-0.000325049
i_macro,PAUSE|long|H42,ULONGsyn,design,1978-08-31,1978-09-01,1978-11-02,42,1.65798,1.63597,-0.0132798,-0.0136744,0.0132786,-0.026953,time,-0.0301619,2,-0.0113774,-0.0155755
i_macro,PAUSE|long|H42,ULONGsyn,design,1979-03-30,1979-04-02,1979-06-04,42,1.64332,1.66084,0.0106642,0.01026,0.0158956,-0.00563565,time,-0.0193126,2,-0.0109352,0.00529954
i_macro,PAUSE|long|H42,ULONGsyn,design,1984-06-29,1984-07-02,1984-08-30,42,2.04725,2.26562,0.106667,0.106224,0.0171738,0.0890504,time,0,2,0.0172238,0.0718266
i_macro,PAUSE|long|H42,ULONGsyn,design,1995-05-31,1995-06-01,1995-08-01,42,10.0043,9.72054,-0.0283594,-0.028748,0.00907817,-0.0378261,time,-0.035189,2,0.0121017,-0.0499279
i_macro,PAUSE|long|H42,ULONGsyn,design,2000-08-31,2000-09-01,2000-11-02,42,15.6548,15.5403,-0.00731545,-0.00771244,0.010098,-0.0178105,time,-0.0386139,2,0.00818404,-0.0259945
i_macro,PAUSE|long|H42,ULONGsyn,design,2006-09-29,2006-10-02,2006-12-01,42,24.3107,25.3801,0.043989,0.0435715,0.00822262,0.0353489,time,-0.0267357,2,0.00808483,0.0272641
i_macro,PAUSE|long|H42,ULONGsyn,test,2017-09-29,2017-10-02,2017-12-01,42,48.4121,49.7148,0.0269082,0.0264975,0.00193016,0.0245673,time,-0.0159942,2,0.0120738,0.0124935
i_macro,PAUSE|long|H42,ULONGsyn,test,2019-03-29,2019-04-01,2019-05-31,42,50.3254,53.8463,0.0699627,0.0695348,0.00394524,0.0655895,time,-0.0185141,2,0.00121508,0.0643745
i_macro,PAUSE|long|H42,ULONGsyn,test,2023-10-31,2023-11-01,2024-01-03,42,38.1612,44.5894,0.16845,0.167982,0.00875595,0.159226,time,0,2,-0.0181482,0.177375
i_macro,PAUSE|long|H42,TLT,test_exec,2017-09-29,2017-10-02,2017-11-29,42,96.4389,97.2084,0.00797868,0.00757557,0.0019123,0.00566327,time,-0.0190692,2,0.0109715,-0.00530821
i_macro,PAUSE|long|H42,TLT,test_exec,2019-03-29,2019-04-01,2019-05-30,42,100.728,104.895,0.0413706,0.0409541,0.00394841,0.0370057,time,-0.024583,2,0.000880969,0.0361247
i_macro,PAUSE|long|H42,TLT,test_exec,2023-10-31,2023-11-01,2024-01-02,42,74.5037,87.7122,0.177285,0.176814,0.00875873,0.168056,time,0.012613,2,-0.0173475,0.185403
i_macro,PAUSE|long|H42,ULONGsyn,full,1962-09-28,1962-10-01,1962-12-04,42,1.04583,1.05306,0.00691201,0.00650933,0.00464603,0.0018633,time,0,2,-0.000788802,0.0026521
i_macro,PAUSE|long|H42,ULONGsyn,full,1963-11-29,1963-12-02,1964-01-31,42,1.0652,1.07111,0.00555084,0.0051487,0.00586825,-0.00071955,time,-0.00465023,2,-0.00136196,0.000642409
i_macro,PAUSE|long|H42,ULONGsyn,full,1966-09-30,1966-10-03,1966-12-06,42,1.09304,1.10932,0.0148935,0.0144877,0.00886151,0.00562615,time,0,2,-0.00836422,0.0139904
i_macro,PAUSE|long|H42,ULONGsyn,full,1968-08-30,1968-09-03,1968-10-31,42,1.16063,1.13675,-0.0205743,-0.020966,0.00880079,-0.0297668,time,-0.0299399,2,-0.00484434,-0.0249224
i_macro,PAUSE|long|H42,ULONGsyn,full,1972-11-30,1972-12-01,1973-02-01,42,1.40252,1.26183,-0.100313,-0.100673,0.00877897,-0.109452,time,-0.102968,2,-0.000994963,-0.108457
i_macro,PAUSE|long|H42,ULONGsyn,full,1978-01-31,1978-02-01,1978-04-05,42,1.62293,1.62452,0.000980434,0.000580121,0.0106028,-0.0100227,time,-0.00763494,2,-0.00969761,-0.000325049
i_macro,PAUSE|long|H42,ULONGsyn,full,1978-08-31,1978-09-01,1978-11-02,42,1.65798,1.63597,-0.0132798,-0.0136744,0.0132786,-0.026953,time,-0.0301619,2,-0.0113774,-0.0155755
i_macro,PAUSE|long|H42,ULONGsyn,full,1979-03-30,1979-04-02,1979-06-04,42,1.64332,1.66084,0.0106642,0.01026,0.0158956,-0.00563565,time,-0.0193126,2,-0.0109352,0.00529954
i_macro,PAUSE|long|H42,ULONGsyn,full,1984-06-29,1984-07-02,1984-08-30,42,2.04725,2.26562,0.106667,0.106224,0.0171738,0.0890504,time,0,2,0.0172238,0.0718266
i_macro,PAUSE|long|H42,ULONGsyn,full,1995-05-31,1995-06-01,1995-08-01,42,10.0043,9.72054,-0.0283594,-0.028748,0.00907817,-0.0378261,time,-0.035189,2,0.0121017,-0.0499279
i_macro,PAUSE|long|H42,ULONGsyn,full,2000-08-31,2000-09-01,2000-11-02,42,15.6548,15.5403,-0.00731545,-0.00771244,0.010098,-0.0178105,time,-0.0386139,2,0.00818404,-0.0259945
i_macro,PAUSE|long|H42,ULONGsyn,full,2006-09-29,2006-10-02,2006-12-01,42,24.3107,25.3801,0.043989,0.0435715,0.00822262,0.0353489,time,-0.0267357,2,0.0088467,0.0265022
i_macro,PAUSE|long|H42,ULONGsyn,full,2017-09-29,2017-10-02,2017-12-01,42,48.4121,49.7148,0.0269082,0.0264975,0.00193016,0.0245673,time,-0.0159942,2,0.0120738,0.0124935
i_macro,PAUSE|long|H42,ULONGsyn,full,2019-03-29,2019-04-01,2019-05-31,42,50.3254,53.8463,0.0699627,0.0695348,0.00394524,0.0655895,time,-0.0185141,2,0.00121508,0.0643745
i_macro,PAUSE|long|H42,ULONGsyn,full,2023-10-31,2023-11-01,2024-01-03,42,38.1612,44.5894,0.16845,0.167982,0.00875595,0.159226,time,0,2,-0.0181482,0.177375
i_macro,PAUSE|long|H63,ULONGsyn,design,1962-09-28,1962-10-01,1963-01-04,63,1.04583,1.06093,0.0144356,0.0140299,0.00703651,0.00699342,time,0,2,-0.00154426,0.00853768
i_macro,PAUSE|long|H63,ULONGsyn,design,1963-11-29,1963-12-02,1964-03-04,63,1.0652,1.07371,0.00799149,0.00758838,0.00881508,-0.0012267,time,-0.00465023,2,-0.00219111,0.000964402
i_macro,PAUSE|long|H63,ULONGsyn,design,1966-09-30,1966-10-03,1967-01-06,63,1.09304,1.16201,0.0631038,0.0626786,0.0129421,0.0497366,time,0,2,-0.0126405,0.062377
i_macro,PAUSE|long|H63,ULONGsyn,design,1968-08-30,1968-09-03,1968-12-04,63,1.16063,1.10116,-0.0512405,-0.0516199,0.0133687,-0.0649886,time,-0.0536194,2,-0.00692274,-0.0580658
i_macro,PAUSE|long|H63,ULONGsyn,design,1972-11-30,1972-12-01,1973-03-06,63,1.40252,1.26424,-0.0985961,-0.0989566,0.0134734,-0.11243,time,-0.103048,2,-0.00137899,-0.111051
i_macro,PAUSE|long|H63,ULONGsyn,design,1978-01-31,1978-02-01,1978-05-04,63,1.62293,1.62285,-4.9872e-05,-0.000449772,0.0158444,-0.0162942,time,-0.00763494,2,-0.0146382,-0.00165597
i_macro,PAUSE|long|H63,ULONGsyn,design,1978-08-31,1978-09-01,1978-12-05,63,1.65798,1.63508,-0.0138126,-0.014207,0.0205012,-0.0347082,time,-0.0301619,2,-0.0161345,-0.0185737
i_macro,PAUSE|long|H63,ULONGsyn,design,1979-03-30,1979-04-02,1979-07-03,63,1.64332,1.7183,0.0456316,0.0452135,0.0233992,0.0218143,time,-0.0193126,2,-0.0168434,0.0386577
i_macro,PAUSE|long|H63,ULONGsyn,design,1984-06-29,1984-07-02,1984-10-01,63,2.04725,2.32805,0.137163,0.136709,0.0258194,0.110889,time,0,2,0.0265781,0.0843111
i_macro,PAUSE|long|H63,ULONGsyn,design,1995-05-31,1995-06-01,1995-08-30,63,10.0043,10.0502,0.00459407,0.00419231,0.013579,-0.00938666,time,-0.035189,2,0.0183429,-0.0277296
i_macro,PAUSE|long|H63,ULONGsyn,design,2000-08-31,2000-09-01,2000-12-04,63,15.6548,15.9101,0.0163085,0.015902,0.0152286,0.000673466,time,-0.0386139,2,0.0119243,-0.0112508
i_macro,PAUSE|long|H63,ULONGsyn,design,2006-09-29,2006-10-02,2007-01-03,63,24.3107,24.5604,0.0102726,0.00986859,0.0122667,-0.00239808,time,-0.0267357,2,0.0122757,-0.0146738
i_macro,PAUSE|long|H63,ULONGsyn,test,2017-09-29,2017-10-02,2018-01-03,63,48.4121,49.6249,0.0250504,0.0246405,0.00304127,0.0215992,time,-0.0159942,2,0.0174505,0.00414867
i_macro,PAUSE|long|H63,ULONGsyn,test,2019-03-29,2019-04-01,2019-07-01,63,50.3254,54.2914,0.0788066,0.0783751,0.00575357,0.0726215,time,-0.0185141,2,0.00137433,0.0712472
i_macro,PAUSE|long|H63,ULONGsyn,test,2023-10-31,2023-11-01,2024-02-02,63,38.1612,43.4505,0.138604,0.138148,0.0131095,0.125039,time,0,2,-0.026592,0.151631
i_macro,PAUSE|long|H63,TLT,test_exec,2017-09-29,2017-10-02,2017-12-29,63,96.4389,98.6392,0.0228159,0.0224069,0.00301111,0.0193958,time,-0.0190692,2,0.0162066,0.00318915
i_macro,PAUSE|long|H63,TLT,test_exec,2019-03-29,2019-04-01,2019-06-28,63,100.728,107.217,0.0644258,0.0640001,0.0057623,0.0582378,time,-0.024583,2,0.000655412,0.0575824
i_macro,PAUSE|long|H63,TLT,test_exec,2023-10-31,2023-11-01,2024-02-01,63,74.5037,87.9317,0.180232,0.17976,0.0131127,0.166647,time,0.012613,2,-0.0256685,0.192316
i_macro,PAUSE|long|H63,ULONGsyn,full,1962-09-28,1962-10-01,1963-01-04,63,1.04583,1.06093,0.0144356,0.0140299,0.00703651,0.00699342,time,0,2,-0.00154426,0.00853768
i_macro,PAUSE|long|H63,ULONGsyn,full,1963-11-29,1963-12-02,1964-03-04,63,1.0652,1.07371,0.00799149,0.00758838,0.00881508,-0.0012267,time,-0.00465023,2,-0.00219111,0.000964402
i_macro,PAUSE|long|H63,ULONGsyn,full,1966-09-30,1966-10-03,1967-01-06,63,1.09304,1.16201,0.0631038,0.0626786,0.0129421,0.0497366,time,0,2,-0.0126405,0.062377
i_macro,PAUSE|long|H63,ULONGsyn,full,1968-08-30,1968-09-03,1968-12-04,63,1.16063,1.10116,-0.0512405,-0.0516199,0.0133687,-0.0649886,time,-0.0536194,2,-0.00692274,-0.0580658
i_macro,PAUSE|long|H63,ULONGsyn,full,1972-11-30,1972-12-01,1973-03-06,63,1.40252,1.26424,-0.0985961,-0.0989566,0.0134734,-0.11243,time,-0.103048,2,-0.00137899,-0.111051
i_macro,PAUSE|long|H63,ULONGsyn,full,1978-01-31,1978-02-01,1978-05-04,63,1.62293,1.62285,-4.9872e-05,-0.000449772,0.0158444,-0.0162942,time,-0.00763494,2,-0.0146382,-0.00165597
i_macro,PAUSE|long|H63,ULONGsyn,full,1978-08-31,1978-09-01,1978-12-05,63,1.65798,1.63508,-0.0138126,-0.014207,0.0205012,-0.0347082,time,-0.0301619,2,-0.0161345,-0.0185737
i_macro,PAUSE|long|H63,ULONGsyn,full,1979-03-30,1979-04-02,1979-07-03,63,1.64332,1.7183,0.0456316,0.0452135,0.0233992,0.0218143,time,-0.0193126,2,-0.0168434,0.0386577
i_macro,PAUSE|long|H63,ULONGsyn,full,1984-06-29,1984-07-02,1984-10-01,63,2.04725,2.32805,0.137163,0.136709,0.0258194,0.110889,time,0,2,0.0265781,0.0843111
i_macro,PAUSE|long|H63,ULONGsyn,full,1995-05-31,1995-06-01,1995-08-30,63,10.0043,10.0502,0.00459407,0.00419231,0.013579,-0.00938666,time,-0.035189,2,0.0183429,-0.0277296
i_macro,PAUSE|long|H63,ULONGsyn,full,2000-08-31,2000-09-01,2000-12-04,63,15.6548,15.9101,0.0163085,0.015902,0.0152286,0.000673466,time,-0.0386139,2,0.0119243,-0.0112508
i_macro,PAUSE|long|H63,ULONGsyn,full,2006-09-29,2006-10-02,2007-01-03,63,24.3107,24.5604,0.0102726,0.00986859,0.0122667,-0.00239808,time,-0.0267357,2,0.0124404,-0.0148385
i_macro,PAUSE|long|H63,ULONGsyn,full,2017-09-29,2017-10-02,2018-01-03,63,48.4121,49.6249,0.0250504,0.0246405,0.00304127,0.0215992,time,-0.0159942,2,0.0174505,0.00414867
i_macro,PAUSE|long|H63,ULONGsyn,full,2019-03-29,2019-04-01,2019-07-01,63,50.3254,54.2914,0.0788066,0.0783751,0.00575357,0.0726215,time,-0.0185141,2,0.00137433,0.0712472
i_macro,PAUSE|long|H63,ULONGsyn,full,2023-10-31,2023-11-01,2024-02-02,63,38.1612,43.4505,0.138604,0.138148,0.0131095,0.125039,time,0,2,-0.026592,0.151631
i_macro,PAUSE|long|H84,ULONGsyn,design,1962-09-28,1962-10-01,1963-02-04,84,1.04583,1.05865,0.012252,0.0118472,0.00946587,0.00238133,time,0,2,-0.00292056,0.00530189
i_macro,PAUSE|long|H84,ULONGsyn,design,1963-11-29,1963-12-02,1964-04-03,84,1.0652,1.06737,0.00204113,0.00164039,0.0117631,-0.0101227,time,-0.00465023,2,-0.00309383,-0.00702887
i_macro,PAUSE|long|H84,ULONGsyn,design,1966-09-30,1966-10-03,1967-02-06,84,1.09304,1.16942,0.0698767,0.0694488,0.0168258,0.052623,time,0,2,-0.0166822,0.0693052
i_macro,PAUSE|long|H84,ULONGsyn,design,1968-08-30,1968-09-03,1969-01-06,84,1.16063,1.08017,-0.0693249,-0.0696971,0.0183905,-0.0880876,time,-0.0861268,2,-0.00889298,-0.0791946
i_macro,PAUSE|long|H84,ULONGsyn,design,1972-11-30,1972-12-01,1973-04-04,84,1.40252,1.27667,-0.0897313,-0.0900953,0.0186444,-0.10874,time,-0.103048,2,-0.00165743,-0.107082
i_macro,PAUSE|long|H84,ULONGsyn,design,1978-01-31,1978-02-01,1978-06-06,84,1.62293,1.62465,0.00105775,0.000657406,0.0212206,-0.0205632,time,-0.00763494,2,-0.0193008,-0.00126247
i_macro,PAUSE|long|H84,ULONGsyn,design,1978-08-31,1978-09-01,1979-01-05,84,1.65798,1.6202,-0.0227881,-0.0231789,0.0281262,-0.0513051,time,-0.0311102,2,-0.0219722,-0.0293328
i_macro,PAUSE|long|H84,ULONGsyn,design,1979-03-30,1979-04-02,1979-08-02,84,1.64332,1.71118,0.0412985,0.0408821,0.0311187,0.00976345,time,-0.0193126,2,-0.0224398,0.0322032
i_macro,PAUSE|long|H84,ULONGsyn,design,1984-06-29,1984-07-02,1984-10-31,84,2.04725,2.48988,0.216209,0.215722,0.0339135,0.181809,time,0,2,0.0372165,0.144592
i_macro,PAUSE|long|H84,ULONGsyn,design,1995-05-31,1995-06-01,1995-09-29,84,10.0043,10.3833,0.0378843,0.0374693,0.0179786,0.0194907,time,-0.035189,2,0.0254199,-0.00592922
i_macro,PAUSE|long|H84,ULONGsyn,design,2000-08-31,2000-09-01,2001-01-04,84,15.6548,16.5009,0.0540441,0.0536225,0.0199817,0.0336408,time,-0.0386139,2,0.0156984,0.0179424
i_macro,PAUSE|long|H84,ULONGsyn,design,2006-09-29,2006-10-02,2007-02-02,84,24.3107,24.0445,-0.0109466,-0.0113422,0.0164187,-0.0277608,time,-0.0267357,2,0.0159187,-0.0436795
i_macro,PAUSE|long|H84,ULONGsyn,test,2017-09-29,2017-10-02,2018-02-02,84,48.4121,46.8545,-0.0321743,-0.0325613,0.00422341,-0.0367847,time,-0.0321743,2,0.0213245,-0.0581092
i_macro,PAUSE|long|H84,ULONGsyn,test,2019-03-29,2019-04-01,2019-07-31,84,50.3254,54.6232,0.0853987,0.0849646,0.0075,0.0774646,time,-0.0185141,2,0.00126289,0.0762017
i_macro,PAUSE|long|H84,ULONGsyn,test,2023-10-31,2023-11-01,2024-03-05,84,38.1612,43.2406,0.133104,0.132651,0.0174754,0.115176,time,0,2,-0.0345112,0.149687
i_macro,PAUSE|long|H84,TLT,test_exec,2017-09-29,2017-10-02,2018-01-31,84,96.4389,95.428,-0.0104825,-0.0108782,0.00418889,-0.0150671,time,-0.0190692,2,0.0200364,-0.0351035
i_macro,PAUSE|long|H84,TLT,test_exec,2019-03-29,2019-04-01,2019-07-30,84,100.728,106.635,0.058644,0.0582206,0.00751349,0.0507071,time,-0.024583,2,4.02931e-05,0.0506668
i_macro,PAUSE|long|H84,TLT,test_exec,2023-10-31,2023-11-01,2024-03-04,84,74.5037,84.4818,0.133926,0.133473,0.0174786,0.115994,time,0.012613,2,-0.0334105,0.149405
i_macro,PAUSE|long|H84,ULONGsyn,full,1962-09-28,1962-10-01,1963-02-04,84,1.04583,1.05865,0.012252,0.0118472,0.00946587,0.00238133,time,0,2,-0.00292056,0.00530189
i_macro,PAUSE|long|H84,ULONGsyn,full,1963-11-29,1963-12-02,1964-04-03,84,1.0652,1.06737,0.00204113,0.00164039,0.0117631,-0.0101227,time,-0.00465023,2,-0.00309383,-0.00702887
i_macro,PAUSE|long|H84,ULONGsyn,full,1966-09-30,1966-10-03,1967-02-06,84,1.09304,1.16942,0.0698767,0.0694488,0.0168258,0.052623,time,0,2,-0.0166822,0.0693052
i_macro,PAUSE|long|H84,ULONGsyn,full,1968-08-30,1968-09-03,1969-01-06,84,1.16063,1.08017,-0.0693249,-0.0696971,0.0183905,-0.0880876,time,-0.0861268,2,-0.00889298,-0.0791946
i_macro,PAUSE|long|H84,ULONGsyn,full,1972-11-30,1972-12-01,1973-04-04,84,1.40252,1.27667,-0.0897313,-0.0900953,0.0186444,-0.10874,time,-0.103048,2,-0.00165743,-0.107082
i_macro,PAUSE|long|H84,ULONGsyn,full,1978-01-31,1978-02-01,1978-06-06,84,1.62293,1.62465,0.00105775,0.000657406,0.0212206,-0.0205632,time,-0.00763494,2,-0.0193008,-0.00126247
i_macro,PAUSE|long|H84,ULONGsyn,full,1978-08-31,1978-09-01,1979-01-05,84,1.65798,1.6202,-0.0227881,-0.0231789,0.0281262,-0.0513051,time,-0.0311102,2,-0.0219722,-0.0293328
i_macro,PAUSE|long|H84,ULONGsyn,full,1979-03-30,1979-04-02,1979-08-02,84,1.64332,1.71118,0.0412985,0.0408821,0.0311187,0.00976345,time,-0.0193126,2,-0.0224398,0.0322032
i_macro,PAUSE|long|H84,ULONGsyn,full,1984-06-29,1984-07-02,1984-10-31,84,2.04725,2.48988,0.216209,0.215722,0.0339135,0.181809,time,0,2,0.0372165,0.144592
i_macro,PAUSE|long|H84,ULONGsyn,full,1995-05-31,1995-06-01,1995-09-29,84,10.0043,10.3833,0.0378843,0.0374693,0.0179786,0.0194907,time,-0.035189,2,0.0254199,-0.00592922
i_macro,PAUSE|long|H84,ULONGsyn,full,2000-08-31,2000-09-01,2001-01-04,84,15.6548,16.5009,0.0540441,0.0536225,0.0199817,0.0336408,time,-0.0386139,2,0.0156984,0.0179424
i_macro,PAUSE|long|H84,ULONGsyn,full,2006-09-29,2006-10-02,2007-02-02,84,24.3107,24.0445,-0.0109466,-0.0113422,0.0164187,-0.0277608,time,-0.0267357,2,0.0161198,-0.0438806
i_macro,PAUSE|long|H84,ULONGsyn,full,2017-09-29,2017-10-02,2018-02-02,84,48.4121,46.8545,-0.0321743,-0.0325613,0.00422341,-0.0367847,time,-0.0321743,2,0.0213245,-0.0581092
i_macro,PAUSE|long|H84,ULONGsyn,full,2019-03-29,2019-04-01,2019-07-31,84,50.3254,54.6232,0.0853987,0.0849646,0.0075,0.0774646,time,-0.0185141,2,0.00126289,0.0762017
i_macro,PAUSE|long|H84,ULONGsyn,full,2023-10-31,2023-11-01,2024-03-05,84,38.1612,43.2406,0.133104,0.132651,0.0174754,0.115176,time,0,2,-0.0345112,0.149687
i_macro,PAUSE|spx|H42,^GSPC,design,1955-11-30,1955-12-01,1956-02-01,42,207.555,202.762,-0.0230912,-0.0232866,0.00412421,-0.0274108,time,-0.0445066,1,0.0265725,-0.0539833
i_macro,PAUSE|spx|H42,^GSPC,design,1959-02-27,1959-03-02,1959-04-30,42,288.593,299.784,0.0387767,0.038569,0.00480317,0.0337658,time,-0.0027117,1,0.0126831,0.0210827
i_macro,PAUSE|spx|H42,^GSPC,design,1959-12-31,1960-01-04,1960-03-03,42,318.509,292.861,-0.0805261,-0.08071,0.00688333,-0.0875934,time,-0.082745,1,0.0135669,-0.10116
i_macro,PAUSE|spx|H42,^GSPC,design,1962-09-28,1962-10-01,1962-11-30,42,322.368,363.888,0.128797,0.128571,0.00464008,0.123931,time,-0.0337501,1,0.0144975,0.109433
i_macro,PAUSE|spx|H42,^GSPC,design,1963-11-29,1963-12-02,1964-01-31,42,444.337,467.082,0.0511886,0.0509784,0.00586825,0.0451101,time,-0.000421063,1,0.0107845,0.0343256
i_macro,PAUSE|spx|H42,^GSPC,design,1966-09-30,1966-10-03,1966-12-02,42,492.57,530.165,0.0763245,0.0761093,0.00888532,0.067224,time,-0.0221136,1,0.00472295,0.062501
i_macro,PAUSE|spx|H42,^GSPC,design,1968-08-30,1968-09-03,1968-11-14,42,693.24,737.893,0.0644128,0.0642,0.0088504,0.0553496,time,0,1,0.000223894,0.0551257
i_macro,PAUSE|spx|H42,^GSPC,design,1972-11-30,1972-12-01,1973-02-05,42,938.953,917.849,-0.0224769,-0.0226724,0.00880238,-0.0314748,time,-0.0224769,1,-0.000330865,-0.0311439
i_macro,PAUSE|spx|H42,^GSPC,design,1978-01-31,1978-02-01,1978-04-04,42,883.749,881.087,-0.00301289,-0.00321227,0.0106036,-0.0138158,time,-0.029157,1,0.00948565,-0.0233015
i_macro,PAUSE|spx|H42,^GSPC,design,1978-08-31,1978-09-01,1978-11-01,42,1049.91,988.862,-0.0581486,-0.058337,0.013256,-0.0715929,time,-0.094315,1,0.00379781,-0.0753908
i_macro,PAUSE|spx|H42,^GSPC,design,1979-03-30,1979-04-02,1979-06-01,42,1052.69,1043.7,-0.0085383,-0.00873658,0.015896,-0.0246326,time,-0.0223115,1,-0.00216008,-0.0224725
i_macro,PAUSE|spx|H42,^GSPC,design,1984-06-29,1984-07-02,1984-08-30,42,2081.84,2281.54,0.0959209,0.0957017,0.0171738,0.0785279,time,-0.0323195,1,0.0204564,0.0580715
i_macro,PAUSE|spx|H42,^GSPC,design,1995-05-31,1995-06-01,1995-08-01,42,10457.5,11005,0.0523554,0.0521449,0.00907817,0.0430667,time,-0.00994788,1,0.0256942,0.0173726
i_macro,PAUSE|spx|H42,^GSPC,design,2000-08-31,2000-09-01,2000-11-01,42,32596.3,30508.9,-0.0640377,-0.0642248,0.0100929,-0.0743177,time,-0.124566,1,0.00119509,-0.0755128
i_macro,PAUSE|spx|H42,^GSPC,design,2006-09-29,2006-10-02,2006-11-30,42,31564.2,33324.8,0.0557789,0.0555677,0.00821944,0.0473483,time,0,1,0.00873045,0.0386178
i_macro,PAUSE|spx|H42,^GSPC,test,2017-09-29,2017-10-02,2017-11-30,42,75849,79690.5,0.0506468,0.0504367,0.00192222,0.0485145,time,0,1,0.0194008,0.0291137
i_macro,PAUSE|spx|H42,^GSPC,test,2019-03-29,2019-04-01,2019-05-31,42,88572.4,85314.4,-0.0367833,-0.036976,0.00394524,-0.0409212,time,-0.0367833,1,0.0232133,-0.0641345
i_macro,PAUSE|spx|H42,^GSPC,test,2023-10-31,2023-11-01,2024-01-03,42,141397,157478,0.11373,0.113507,0.00875595,0.104751,time,0,1,0.0207383,0.0840131
i_macro,PAUSE|spx|H42,SPY,test_exec,2017-09-29,2017-10-02,2017-11-29,42,219.117,228.893,0.0446142,0.0444052,0.0019123,0.0424929,time,0.00330034,1,0.0189034,0.0235895
i_macro,PAUSE|spx|H42,SPY,test_exec,2019-03-29,2019-04-01,2019-05-30,42,255.175,250.093,-0.0199156,-0.0201116,0.00394841,-0.02406,time,-0.0225851,1,0.0226378,-0.0466978
i_macro,PAUSE|spx|H42,SPY,test_exec,2023-10-31,2023-11-01,2024-01-02,42,404.277,457.673,0.132076,0.13185,0.00875873,0.123091,time,0.0082538,1,0.020248,0.102843
i_macro,PAUSE|spx|H42,^GSPC,full,1955-11-30,1955-12-01,1956-02-01,42,207.555,202.762,-0.0230912,-0.0232866,0.00412421,-0.0274108,time,-0.0445066,1,0.0265725,-0.0539833
i_macro,PAUSE|spx|H42,^GSPC,full,1959-02-27,1959-03-02,1959-04-30,42,288.593,299.784,0.0387767,0.038569,0.00480317,0.0337658,time,-0.0027117,1,0.0126831,0.0210827
i_macro,PAUSE|spx|H42,^GSPC,full,1959-12-31,1960-01-04,1960-03-03,42,318.509,292.861,-0.0805261,-0.08071,0.00688333,-0.0875934,time,-0.082745,1,0.0135669,-0.10116
i_macro,PAUSE|spx|H42,^GSPC,full,1962-09-28,1962-10-01,1962-11-30,42,322.368,363.888,0.128797,0.128571,0.00464008,0.123931,time,-0.0337501,1,0.0144975,0.109433
i_macro,PAUSE|spx|H42,^GSPC,full,1963-11-29,1963-12-02,1964-01-31,42,444.337,467.082,0.0511886,0.0509784,0.00586825,0.0451101,time,-0.000421063,1,0.0107845,0.0343256
i_macro,PAUSE|spx|H42,^GSPC,full,1966-09-30,1966-10-03,1966-12-02,42,492.57,530.165,0.0763245,0.0761093,0.00888532,0.067224,time,-0.0221136,1,0.00472295,0.062501
i_macro,PAUSE|spx|H42,^GSPC,full,1968-08-30,1968-09-03,1968-11-14,42,693.24,737.893,0.0644128,0.0642,0.0088504,0.0553496,time,0,1,0.000223894,0.0551257
i_macro,PAUSE|spx|H42,^GSPC,full,1972-11-30,1972-12-01,1973-02-05,42,938.953,917.849,-0.0224769,-0.0226724,0.00880238,-0.0314748,time,-0.0224769,1,-0.000330865,-0.0311439
i_macro,PAUSE|spx|H42,^GSPC,full,1978-01-31,1978-02-01,1978-04-04,42,883.749,881.087,-0.00301289,-0.00321227,0.0106036,-0.0138158,time,-0.029157,1,0.00948565,-0.0233015
i_macro,PAUSE|spx|H42,^GSPC,full,1978-08-31,1978-09-01,1978-11-01,42,1049.91,988.862,-0.0581486,-0.058337,0.013256,-0.0715929,time,-0.094315,1,0.00379781,-0.0753908
i_macro,PAUSE|spx|H42,^GSPC,full,1979-03-30,1979-04-02,1979-06-01,42,1052.69,1043.7,-0.0085383,-0.00873658,0.015896,-0.0246326,time,-0.0223115,1,-0.00216008,-0.0224725
i_macro,PAUSE|spx|H42,^GSPC,full,1984-06-29,1984-07-02,1984-08-30,42,2081.84,2281.54,0.0959209,0.0957017,0.0171738,0.0785279,time,-0.0323195,1,0.0204564,0.0580715
i_macro,PAUSE|spx|H42,^GSPC,full,1995-05-31,1995-06-01,1995-08-01,42,10457.5,11005,0.0523554,0.0521449,0.00907817,0.0430667,time,-0.00994788,1,0.0256942,0.0173726
i_macro,PAUSE|spx|H42,^GSPC,full,2000-08-31,2000-09-01,2000-11-01,42,32596.3,30508.9,-0.0640377,-0.0642248,0.0100929,-0.0743177,time,-0.124566,1,0.00119509,-0.0755128
i_macro,PAUSE|spx|H42,^GSPC,full,2006-09-29,2006-10-02,2006-11-30,42,31564.2,33324.8,0.0557789,0.0555677,0.00821944,0.0473483,time,0,1,0.00285625,0.044492
i_macro,PAUSE|spx|H42,^GSPC,full,2017-09-29,2017-10-02,2017-11-30,42,75849,79690.5,0.0506468,0.0504367,0.00192222,0.0485145,time,0,1,0.0194008,0.0291137
i_macro,PAUSE|spx|H42,^GSPC,full,2019-03-29,2019-04-01,2019-05-31,42,88572.4,85314.4,-0.0367833,-0.036976,0.00394524,-0.0409212,time,-0.0367833,1,0.0232133,-0.0641345
i_macro,PAUSE|spx|H42,^GSPC,full,2023-10-31,2023-11-01,2024-01-03,42,141397,157478,0.11373,0.113507,0.00875595,0.104751,time,0,1,0.0207383,0.0840131
i_macro,PAUSE|spx|H63,^GSPC,design,1955-11-30,1955-12-01,1956-03-02,63,207.555,211.629,0.0196273,0.0194233,0.00604246,0.0133809,time,-0.0445066,1,0.0398436,-0.0264627
i_macro,PAUSE|spx|H63,^GSPC,design,1959-02-27,1959-03-02,1959-05-29,63,288.593,306.241,0.0611523,0.0609401,0.00717143,0.0537687,time,-0.0027117,1,0.01826,0.0355087
i_macro,PAUSE|spx|H63,^GSPC,design,1959-12-31,1960-01-04,1960-04-01,63,318.509,297.207,-0.0668813,-0.0670679,0.00955437,-0.0766223,time,-0.102134,1,0.021025,-0.0976473
i_macro,PAUSE|spx|H63,^GSPC,design,1962-09-28,1962-10-01,1963-01-02,63,322.368,367.439,0.139812,0.139584,0.00702897,0.132555,time,-0.0337501,1,0.0214926,0.111062
i_macro,PAUSE|spx|H63,^GSPC,design,1963-11-29,1963-12-02,1964-03-03,63,444.337,475.417,0.0699464,0.0697325,0.0088131,0.0609194,time,-0.000421063,1,0.0160664,0.044853
i_macro,PAUSE|spx|H63,^GSPC,design,1966-09-30,1966-10-03,1967-01-04,63,492.57,534.508,0.0851414,0.0849244,0.012996,0.0719284,time,-0.0221136,1,0.00611519,0.0658132
i_macro,PAUSE|spx|H63,^GSPC,design,1968-08-30,1968-09-03,1968-12-20,63,693.24,747.687,0.0785403,0.0783246,0.0135786,0.0647461,time,0,1,5.95945e-05,0.0646865
i_macro,PAUSE|spx|H63,^GSPC,design,1972-11-30,1972-12-01,1973-03-07,63,938.953,921.751,-0.0183214,-0.0185177,0.0134925,-0.0320102,time,-0.0494043,1,0.00121634,-0.0332265
i_macro,PAUSE|spx|H63,^GSPC,design,1978-01-31,1978-02-01,1978-05-03,63,883.749,958.579,0.0846729,0.084456,0.0158488,0.0686072,time,-0.029157,1,0.0138028,0.0548044
i_macro,PAUSE|spx|H63,^GSPC,design,1978-08-31,1978-09-01,1978-12-01,63,1049.91,987.421,-0.0595207,-0.0597088,0.0204667,-0.0801754,time,-0.0988247,1,0.00547893,-0.0856544
i_macro,PAUSE|spx|H63,^GSPC,design,1979-03-30,1979-04-02,1979-07-02,63,1052.69,1078.08,0.0241201,0.0239153,0.0234187,0.000496642,time,-0.0223115,1,-0.00433786,0.0048345
i_macro,PAUSE|spx|H63,^GSPC,design,1984-06-29,1984-07-02,1984-10-01,63,2081.84,2262.8,0.0869192,0.0867019,0.0258194,0.0608824,time,-0.0323195,1,0.032609,0.0282734
i_macro,PAUSE|spx|H63,^GSPC,design,1995-05-31,1995-06-01,1995-08-30,63,10457.5,11060.5,0.0576618,0.0574503,0.013579,0.0438713,time,-0.00994788,1,0.0381918,0.0056795
i_macro,PAUSE|spx|H63,^GSPC,design,2000-08-31,2000-09-01,2000-12-01,63,32596.3,28268.9,-0.132756,-0.132929,0.015231,-0.14816,time,-0.132941,1,0.00216145,-0.150322
i_macro,PAUSE|spx|H63,^GSPC,design,2006-09-29,2006-10-02,2007-01-03,63,31564.2,33758.1,0.0695057,0.0692918,0.0122619,0.0570299,time,0,1,0.0120088,0.0450211
i_macro,PAUSE|spx|H63,^GSPC,test,2017-09-29,2017-10-02,2018-01-02,63,75849,81249.3,0.0711974,0.0709832,0.00302778,0.0679554,time,0,1,0.029215,0.0387404
i_macro,PAUSE|spx|H63,^GSPC,test,2019-03-29,2019-04-01,2019-07-01,63,88572.4,92028.6,0.0390206,0.0388129,0.00575357,0.0330593,time,-0.0394396,1,0.0336644,-0.000605144
i_macro,PAUSE|spx|H63,^GSPC,test,2023-10-31,2023-11-01,2024-02-02,63,141397,166126,0.17489,0.174655,0.0131095,0.161546,time,0,1,0.030464,0.131082
i_macro,PAUSE|spx|H63,SPY,test_exec,2017-09-29,2017-10-02,2017-12-29,63,219.117,233.697,0.0665399,0.0663266,0.00301111,0.0633155,time,0.00330034,1,0.0286404,0.0346751
i_macro,PAUSE|spx|H63,SPY,test_exec,2019-03-29,2019-04-01,2019-06-28,63,255.175,263.892,0.0341591,0.0339523,0.0057623,0.02819,time,-0.0355812,1,0.0330337,-0.00484364
i_macro,PAUSE|spx|H63,SPY,test_exec,2023-10-31,2023-11-01,2024-02-01,63,404.277,473.698,0.171716,0.171482,0.0131127,0.158369,time,0.0082538,1,0.0298669,0.128502
i_macro,PAUSE|spx|H63,^GSPC,full,1955-11-30,1955-12-01,1956-03-02,63,207.555,211.629,0.0196273,0.0194233,0.00604246,0.0133809,time,-0.0445066,1,0.0398436,-0.0264627
i_macro,PAUSE|spx|H63,^GSPC,full,1959-02-27,1959-03-02,1959-05-29,63,288.593,306.241,0.0611523,0.0609401,0.00717143,0.0537687,time,-0.0027117,1,0.01826,0.0355087
i_macro,PAUSE|spx|H63,^GSPC,full,1959-12-31,1960-01-04,1960-04-01,63,318.509,297.207,-0.0668813,-0.0670679,0.00955437,-0.0766223,time,-0.102134,1,0.021025,-0.0976473
i_macro,PAUSE|spx|H63,^GSPC,full,1962-09-28,1962-10-01,1963-01-02,63,322.368,367.439,0.139812,0.139584,0.00702897,0.132555,time,-0.0337501,1,0.0214926,0.111062
i_macro,PAUSE|spx|H63,^GSPC,full,1963-11-29,1963-12-02,1964-03-03,63,444.337,475.417,0.0699464,0.0697325,0.0088131,0.0609194,time,-0.000421063,1,0.0160664,0.044853
i_macro,PAUSE|spx|H63,^GSPC,full,1966-09-30,1966-10-03,1967-01-04,63,492.57,534.508,0.0851414,0.0849244,0.012996,0.0719284,time,-0.0221136,1,0.00611519,0.0658132
i_macro,PAUSE|spx|H63,^GSPC,full,1968-08-30,1968-09-03,1968-12-20,63,693.24,747.687,0.0785403,0.0783246,0.0135786,0.0647461,time,0,1,5.95945e-05,0.0646865
i_macro,PAUSE|spx|H63,^GSPC,full,1972-11-30,1972-12-01,1973-03-07,63,938.953,921.751,-0.0183214,-0.0185177,0.0134925,-0.0320102,time,-0.0494043,1,0.00121634,-0.0332265
i_macro,PAUSE|spx|H63,^GSPC,full,1978-01-31,1978-02-01,1978-05-03,63,883.749,958.579,0.0846729,0.084456,0.0158488,0.0686072,time,-0.029157,1,0.0138028,0.0548044
i_macro,PAUSE|spx|H63,^GSPC,full,1978-08-31,1978-09-01,1978-12-01,63,1049.91,987.421,-0.0595207,-0.0597088,0.0204667,-0.0801754,time,-0.0988247,1,0.00547893,-0.0856544
i_macro,PAUSE|spx|H63,^GSPC,full,1979-03-30,1979-04-02,1979-07-02,63,1052.69,1078.08,0.0241201,0.0239153,0.0234187,0.000496642,time,-0.0223115,1,-0.00433786,0.0048345
i_macro,PAUSE|spx|H63,^GSPC,full,1984-06-29,1984-07-02,1984-10-01,63,2081.84,2262.8,0.0869192,0.0867019,0.0258194,0.0608824,time,-0.0323195,1,0.032609,0.0282734
i_macro,PAUSE|spx|H63,^GSPC,full,1995-05-31,1995-06-01,1995-08-30,63,10457.5,11060.5,0.0576618,0.0574503,0.013579,0.0438713,time,-0.00994788,1,0.0381918,0.0056795
i_macro,PAUSE|spx|H63,^GSPC,full,2000-08-31,2000-09-01,2000-12-01,63,32596.3,28268.9,-0.132756,-0.132929,0.015231,-0.14816,time,-0.132941,1,0.00216145,-0.150322
i_macro,PAUSE|spx|H63,^GSPC,full,2006-09-29,2006-10-02,2007-01-03,63,31564.2,33758.1,0.0695057,0.0692918,0.0122619,0.0570299,time,0,1,0.00438526,0.0526447
i_macro,PAUSE|spx|H63,^GSPC,full,2017-09-29,2017-10-02,2018-01-02,63,75849,81249.3,0.0711974,0.0709832,0.00302778,0.0679554,time,0,1,0.029215,0.0387404
i_macro,PAUSE|spx|H63,^GSPC,full,2019-03-29,2019-04-01,2019-07-01,63,88572.4,92028.6,0.0390206,0.0388129,0.00575357,0.0330593,time,-0.0394396,1,0.0336644,-0.000605144
i_macro,PAUSE|spx|H63,^GSPC,full,2023-10-31,2023-11-01,2024-02-02,63,141397,166126,0.17489,0.174655,0.0131095,0.161546,time,0,1,0.030464,0.131082
i_macro,PAUSE|spx|H84,^GSPC,design,1955-11-30,1955-12-01,1956-04-03,84,207.555,224.874,0.0834437,0.083227,0.00793651,0.0752905,time,-0.0445066,1,0.0532627,0.0220278
i_macro,PAUSE|spx|H84,^GSPC,design,1959-02-27,1959-03-02,1959-06-29,84,288.593,305.415,0.0582907,0.0580791,0.00984921,0.0482299,time,-0.0027117,1,0.0228302,0.0253997
i_macro,PAUSE|spx|H84,^GSPC,design,1959-12-31,1960-01-04,1960-05-03,84,318.509,294.846,-0.0742916,-0.0744768,0.0122464,-0.0867232,time,-0.102134,1,0.0289023,-0.115626
i_macro,PAUSE|spx|H84,^GSPC,design,1962-09-28,1962-10-01,1963-01-31,84,322.368,389.072,0.206919,0.206678,0.00945357,0.197224,time,-0.0337501,1,0.0289894,0.168235
i_macro,PAUSE|spx|H84,^GSPC,design,1963-11-29,1963-12-02,1964-04-02,84,444.337,485.605,0.092876,0.0926575,0.0117631,0.0808944,time,-0.000421063,1,0.0213879,0.0595065
i_macro,PAUSE|spx|H84,^GSPC,design,1966-09-30,1966-10-03,1967-02-02,84,492.57,577.144,0.1717,0.171466,0.0169024,0.154563,time,-0.0221136,1,0.00720378,0.14736
i_macro,PAUSE|spx|H84,^GSPC,design,1968-08-30,1968-09-03,1969-01-22,84,693.24,718.818,0.0368967,0.0366894,0.0187107,0.0179787,time,0,1,0.000924449,0.0170542
i_macro,PAUSE|spx|H84,^GSPC,design,1972-11-30,1972-12-01,1973-04-05,84,938.953,876.063,-0.0669792,-0.0671658,0.0186877,-0.0858535,time,-0.0669792,1,0.00336178,-0.0892152
i_macro,PAUSE|spx|H84,^GSPC,design,1978-01-31,1978-02-01,1978-06-02,84,883.749,981.381,0.110475,0.110253,0.0212155,0.0890371,time,-0.029157,1,0.0168598,0.0721772
i_macro,PAUSE|spx|H84,^GSPC,design,1978-08-31,1978-09-01,1979-01-03,84,1049.91,1007.41,-0.0404787,-0.0406706,0.0280619,-0.0687325,time,-0.0988247,1,0.00742788,-0.0761604
i_macro,PAUSE|spx|H84,^GSPC,design,1979-03-30,1979-04-02,1979-08-01,84,1052.69,1105.95,0.0505884,0.0503783,0.0311274,0.0192509,time,-0.0223115,1,-0.00703282,0.0262838
i_macro,PAUSE|spx|H84,^GSPC,design,1984-06-29,1984-07-02,1984-10-30,84,2081.84,2301.94,0.105721,0.105499,0.0339583,0.0715411,time,-0.0323195,1,0.0431128,0.0284283
i_macro,PAUSE|spx|H84,^GSPC,design,1995-05-31,1995-06-01,1995-09-29,84,10457.5,11547.9,0.104267,0.104046,0.0179786,0.0860679,time,-0.00994788,1,0.0500336,0.0360344
i_macro,PAUSE|spx|H84,^GSPC,design,2000-08-31,2000-09-01,2001-01-03,84,32596.3,28991.6,-0.110586,-0.110764,0.0200147,-0.130779,time,-0.165567,1,0.0034774,-0.134256
i_macro,PAUSE|spx|H84,^GSPC,design,2006-09-29,2006-10-02,2007-02-02,84,31564.2,34553.7,0.0947115,0.0944926,0.0164139,0.0780787,time,0,1,0.0150002,0.0630785
i_macro,PAUSE|spx|H84,^GSPC,test,2017-09-29,2017-10-02,2018-02-01,84,75849,85151.1,0.122639,0.122415,0.00420714,0.118207,time,0,1,0.0395082,0.0786993
i_macro,PAUSE|spx|H84,^GSPC,test,2019-03-29,2019-04-01,2019-07-31,84,88572.4,92639.8,0.0459211,0.045712,0.0075,0.038212,time,-0.0394396,1,0.0438643,-0.00565234
i_macro,PAUSE|spx|H84,^GSPC,test,2023-10-31,2023-11-01,2024-03-05,84,141397,170422,0.205271,0.20503,0.0174754,0.187555,time,0,1,0.0402958,0.147259
i_macro,PAUSE|spx|H84,SPY,test_exec,2017-09-29,2017-10-02,2018-01-31,84,219.117,246.868,0.126649,0.126424,0.00418889,0.122235,time,0.00330034,1,0.0387874,0.0834472
i_macro,PAUSE|spx|H84,SPY,test_exec,2019-03-29,2019-04-01,2019-07-30,84,255.175,270.845,0.0614072,0.061195,0.00751349,0.0536815,time,-0.0355812,1,0.0431514,0.0105301
i_macro,PAUSE|spx|H84,SPY,test_exec,2023-10-31,2023-11-01,2024-03-04,84,404.277,496.066,0.227045,0.226799,0.0174786,0.209321,time,0.0082538,1,0.039644,0.169677
i_macro,PAUSE|spx|H84,^GSPC,full,1955-11-30,1955-12-01,1956-04-03,84,207.555,224.874,0.0834437,0.083227,0.00793651,0.0752905,time,-0.0445066,1,0.0532627,0.0220278
i_macro,PAUSE|spx|H84,^GSPC,full,1959-02-27,1959-03-02,1959-06-29,84,288.593,305.415,0.0582907,0.0580791,0.00984921,0.0482299,time,-0.0027117,1,0.0228302,0.0253997
i_macro,PAUSE|spx|H84,^GSPC,full,1959-12-31,1960-01-04,1960-05-03,84,318.509,294.846,-0.0742916,-0.0744768,0.0122464,-0.0867232,time,-0.102134,1,0.0289023,-0.115626
i_macro,PAUSE|spx|H84,^GSPC,full,1962-09-28,1962-10-01,1963-01-31,84,322.368,389.072,0.206919,0.206678,0.00945357,0.197224,time,-0.0337501,1,0.0289894,0.168235
i_macro,PAUSE|spx|H84,^GSPC,full,1963-11-29,1963-12-02,1964-04-02,84,444.337,485.605,0.092876,0.0926575,0.0117631,0.0808944,time,-0.000421063,1,0.0213879,0.0595065
i_macro,PAUSE|spx|H84,^GSPC,full,1966-09-30,1966-10-03,1967-02-02,84,492.57,577.144,0.1717,0.171466,0.0169024,0.154563,time,-0.0221136,1,0.00720378,0.14736
i_macro,PAUSE|spx|H84,^GSPC,full,1968-08-30,1968-09-03,1969-01-22,84,693.24,718.818,0.0368967,0.0366894,0.0187107,0.0179787,time,0,1,0.000924449,0.0170542
i_macro,PAUSE|spx|H84,^GSPC,full,1972-11-30,1972-12-01,1973-04-05,84,938.953,876.063,-0.0669792,-0.0671658,0.0186877,-0.0858535,time,-0.0669792,1,0.00336178,-0.0892152
i_macro,PAUSE|spx|H84,^GSPC,full,1978-01-31,1978-02-01,1978-06-02,84,883.749,981.381,0.110475,0.110253,0.0212155,0.0890371,time,-0.029157,1,0.0168598,0.0721772
i_macro,PAUSE|spx|H84,^GSPC,full,1978-08-31,1978-09-01,1979-01-03,84,1049.91,1007.41,-0.0404787,-0.0406706,0.0280619,-0.0687325,time,-0.0988247,1,0.00742788,-0.0761604
i_macro,PAUSE|spx|H84,^GSPC,full,1979-03-30,1979-04-02,1979-08-01,84,1052.69,1105.95,0.0505884,0.0503783,0.0311274,0.0192509,time,-0.0223115,1,-0.00703282,0.0262838
i_macro,PAUSE|spx|H84,^GSPC,full,1984-06-29,1984-07-02,1984-10-30,84,2081.84,2301.94,0.105721,0.105499,0.0339583,0.0715411,time,-0.0323195,1,0.0431128,0.0284283
i_macro,PAUSE|spx|H84,^GSPC,full,1995-05-31,1995-06-01,1995-09-29,84,10457.5,11547.9,0.104267,0.104046,0.0179786,0.0860679,time,-0.00994788,1,0.0500336,0.0360344
i_macro,PAUSE|spx|H84,^GSPC,full,2000-08-31,2000-09-01,2001-01-03,84,32596.3,28991.6,-0.110586,-0.110764,0.0200147,-0.130779,time,-0.165567,1,0.0034774,-0.134256
i_macro,PAUSE|spx|H84,^GSPC,full,2006-09-29,2006-10-02,2007-02-02,84,31564.2,34553.7,0.0947115,0.0944926,0.0164139,0.0780787,time,0,1,0.00565212,0.0724266
i_macro,PAUSE|spx|H84,^GSPC,full,2017-09-29,2017-10-02,2018-02-01,84,75849,85151.1,0.122639,0.122415,0.00420714,0.118207,time,0,1,0.0395082,0.0786993
i_macro,PAUSE|spx|H84,^GSPC,full,2019-03-29,2019-04-01,2019-07-31,84,88572.4,92639.8,0.0459211,0.045712,0.0075,0.038212,time,-0.0394396,1,0.0438643,-0.00565234
i_macro,PAUSE|spx|H84,^GSPC,full,2023-10-31,2023-11-01,2024-03-05,84,141397,170422,0.205271,0.20503,0.0174754,0.187555,time,0,1,0.0402958,0.147259
i_macro,FIRSTCUT|10y|H42,UST10syn,design,1967-01-31,1967-02-01,1967-04-05,42,1.19683,1.2082,0.00950593,0.00910221,0.00727183,0.00183038,time,-0.01458,2,-0.00573204,0.00756243
i_macro,FIRSTCUT|10y|H42,UST10syn,design,1970-03-31,1970-04-01,1970-05-29,42,1.19401,1.13438,-0.0499413,-0.0503213,0.0111325,-0.0614538,time,-0.0677319,2,-0.00274131,-0.0587125
i_macro,FIRSTCUT|10y|H42,UST10syn,design,1973-10-31,1973-11-01,1974-01-07,42,1.54625,1.53775,-0.00549695,-0.00589467,0.0127325,-0.0186272,time,-0.00625319,2,0.00192331,-0.0205505
i_macro,FIRSTCUT|10y|H42,UST10syn,design,1979-11-30,1979-12-03,1980-02-01,42,1.96096,1.8957,-0.0332811,-0.0336677,0.0200401,-0.0537078,time,-0.0332811,2,-0.00398745,-0.0497204
i_macro,FIRSTCUT|10y|H42,UST10syn,design,1984-09-28,1984-10-01,1984-12-04,42,3.12301,3.37982,0.0822318,0.0817989,0.0152552,0.0665438,time,0,2,0.0144498,0.052094
i_macro,FIRSTCUT|10y|H42,UST10syn,design,1989-06-30,1989-07-03,1989-08-31,42,6.27969,6.28881,0.00145291,0.00105241,0.01315,-0.0120976,time,-0.00258505,2,0.00466209,-0.0167597
i_macro,FIRSTCUT|10y|H42,UST10syn,design,1995-07-31,1995-08-01,1995-09-29,42,10.8941,11.2745,0.0349176,0.0345037,0.0089004,0.0256033,time,-0.00476001,2,0.00649076,0.0191125
i_macro,FIRSTCUT|10y|H42,UST10syn,design,2001-01-31,2001-02-01,2001-04-03,42,16.7096,17.0579,0.0208447,0.0204364,0.00767421,0.0127622,time,-0.0085462,2,0.00627953,0.00648271
i_macro,FIRSTCUT|10y|H42,UST10syn,design,2007-09-28,2007-10-01,2007-12-03,42,23.399,24.8816,0.0633616,0.0629363,0.00596865,0.0569677,time,-0.00968466,2,0.00250274,0.054465
i_macro,FIRSTCUT|10y|H42,UST10syn,test,2019-08-30,2019-09-03,2019-11-01,42,41.1419,40.2716,-0.0211534,-0.0215448,0.00292341,-0.0244682,time,-0.0383004,2,-0.00379298,-0.0206752
i_macro,FIRSTCUT|10y|H42,UST10syn,test,2024-09-30,2024-10-01,2024-12-03,42,38.0905,36.8538,-0.0324671,-0.0328541,0.0074373,-0.0402914,time,-0.0508914,2,-0.00960698,-0.0306844
i_macro,FIRSTCUT|10y|H42,IEF,test_exec,2019-08-30,2019-09-03,2019-10-30,42,95.8242,94.2172,-0.0167703,-0.0171635,0.00294683,-0.0201103,time,-0.0296805,2,-0.00305477,-0.0170556
i_macro,FIRSTCUT|10y|H42,IEF,test_exec,2024-09-30,2024-10-01,2024-11-27,42,91.1861,88.3194,-0.0314379,-0.0318252,0.0074504,-0.0392756,time,-0.0471736,2,-0.00876624,-0.0305094
i_macro,FIRSTCUT|10y|H42,UST10syn,full,1967-01-31,1967-02-01,1967-04-05,42,1.19683,1.2082,0.00950593,0.00910221,0.00727183,0.00183038,time,-0.01458,2,-0.00573204,0.00756243
i_macro,FIRSTCUT|10y|H42,UST10syn,full,1970-03-31,1970-04-01,1970-05-29,42,1.19401,1.13438,-0.0499413,-0.0503213,0.0111325,-0.0614538,time,-0.0677319,2,-0.00274131,-0.0587125
i_macro,FIRSTCUT|10y|H42,UST10syn,full,1973-10-31,1973-11-01,1974-01-07,42,1.54625,1.53775,-0.00549695,-0.00589467,0.0127325,-0.0186272,time,-0.00625319,2,0.00192331,-0.0205505
i_macro,FIRSTCUT|10y|H42,UST10syn,full,1979-11-30,1979-12-03,1980-02-01,42,1.96096,1.8957,-0.0332811,-0.0336677,0.0200401,-0.0537078,time,-0.0332811,2,-0.00398745,-0.0497204
i_macro,FIRSTCUT|10y|H42,UST10syn,full,1984-09-28,1984-10-01,1984-12-04,42,3.12301,3.37982,0.0822318,0.0817989,0.0152552,0.0665438,time,0,2,0.0144498,0.052094
i_macro,FIRSTCUT|10y|H42,UST10syn,full,1989-06-30,1989-07-03,1989-08-31,42,6.27969,6.28881,0.00145291,0.00105241,0.01315,-0.0120976,time,-0.00258505,2,0.00466209,-0.0167597
i_macro,FIRSTCUT|10y|H42,UST10syn,full,1995-07-31,1995-08-01,1995-09-29,42,10.8941,11.2745,0.0349176,0.0345037,0.0089004,0.0256033,time,-0.00476001,2,0.00649076,0.0191125
i_macro,FIRSTCUT|10y|H42,UST10syn,full,2001-01-31,2001-02-01,2001-04-03,42,16.7096,17.0579,0.0208447,0.0204364,0.00767421,0.0127622,time,-0.0085462,2,0.00627953,0.00648271
i_macro,FIRSTCUT|10y|H42,UST10syn,full,2007-09-28,2007-10-01,2007-12-03,42,23.399,24.8816,0.0633616,0.0629363,0.00596865,0.0569677,time,-0.00968466,2,0.00587152,0.0510962
i_macro,FIRSTCUT|10y|H42,UST10syn,full,2019-08-30,2019-09-03,2019-11-01,42,41.1419,40.2716,-0.0211534,-0.0215448,0.00292341,-0.0244682,time,-0.0383004,2,-0.00379298,-0.0206752
i_macro,FIRSTCUT|10y|H42,UST10syn,full,2024-09-30,2024-10-01,2024-12-03,42,38.0905,36.8538,-0.0324671,-0.0328541,0.0074373,-0.0402914,time,-0.0508914,2,-0.00960698,-0.0306844
i_macro,FIRSTCUT|10y|H63,UST10syn,design,1967-01-31,1967-02-01,1967-05-04,63,1.19683,1.18789,-0.00747097,-0.00786791,0.0104353,-0.0183032,time,-0.01458,2,-0.00902489,-0.00927833
i_macro,FIRSTCUT|10y|H63,UST10syn,design,1970-03-31,1970-04-01,1970-06-29,63,1.19401,1.15686,-0.031111,-0.0314985,0.0167036,-0.0482021,time,-0.0677319,2,-0.00378548,-0.0444166
i_macro,FIRSTCUT|10y|H63,UST10syn,design,1973-10-31,1973-11-01,1974-02-05,63,1.54625,1.54741,0.000753446,0.000353224,0.0191702,-0.018817,time,-0.00827035,2,0.00238945,-0.0212065
i_macro,FIRSTCUT|10y|H63,UST10syn,design,1979-11-30,1979-12-03,1980-03-05,63,1.96096,1.73502,-0.115218,-0.115572,0.0310567,-0.146628,time,-0.146812,2,-0.00535366,-0.141275
i_macro,FIRSTCUT|10y|H63,UST10syn,design,1984-09-28,1984-10-01,1985-01-04,63,3.12301,3.383,0.083248,0.0828148,0.0219095,0.0609053,time,0,2,0.0214028,0.0395025
i_macro,FIRSTCUT|10y|H63,UST10syn,design,1989-06-30,1989-07-03,1989-10-02,63,6.27969,6.32549,0.00729436,0.00689152,0.0196143,-0.0127228,time,-0.00258505,2,0.00758586,-0.0203086
i_macro,FIRSTCUT|10y|H63,UST10syn,design,1995-07-31,1995-08-01,1995-10-31,63,10.8941,11.4523,0.051234,0.0508136,0.0132992,0.0375144,time,-0.00476001,2,0.0102706,0.0272438
i_macro,FIRSTCUT|10y|H63,UST10syn,design,2001-01-31,2001-02-01,2001-05-03,63,16.7096,16.7596,0.00299403,0.00259291,0.010875,-0.00828209,time,-0.0085462,2,0.00901924,-0.0173013
i_macro,FIRSTCUT|10y|H63,UST10syn,design,2007-09-28,2007-10-01,2008-01-03,63,23.399,24.9224,0.0651037,0.0646778,0.00847897,0.0561988,time,-0.00968466,2,0.00466039,0.0515384
i_macro,FIRSTCUT|10y|H63,UST10syn,test,2019-08-30,2019-09-03,2019-12-04,63,41.1419,40.1864,-0.0232231,-0.0236137,0.00421071,-0.0278245,time,-0.0393871,2,-0.00477509,-0.0230494
i_macro,FIRSTCUT|10y|H63,UST10syn,test,2024-09-30,2024-10-01,2025-01-03,63,38.0905,35.9096,-0.0572555,-0.0576325,0.0109833,-0.0686159,time,-0.05957,2,-0.0143509,-0.054265
i_macro,FIRSTCUT|10y|H63,IEF,test_exec,2019-08-30,2019-09-03,2019-11-29,63,95.8242,94.164,-0.0173255,-0.0177185,0.00422976,-0.0219483,time,-0.0296805,2,-0.00406003,-0.0178883
i_macro,FIRSTCUT|10y|H63,IEF,test_exec,2024-09-30,2024-10-01,2024-12-30,63,91.1861,86.8485,-0.0475688,-0.0479497,0.0110155,-0.0589652,time,-0.053122,2,-0.0130858,-0.0458794
i_macro,FIRSTCUT|10y|H63,UST10syn,full,1967-01-31,1967-02-01,1967-05-04,63,1.19683,1.18789,-0.00747097,-0.00786791,0.0104353,-0.0183032,time,-0.01458,2,-0.00902489,-0.00927833
i_macro,FIRSTCUT|10y|H63,UST10syn,full,1970-03-31,1970-04-01,1970-06-29,63,1.19401,1.15686,-0.031111,-0.0314985,0.0167036,-0.0482021,time,-0.0677319,2,-0.00378548,-0.0444166
i_macro,FIRSTCUT|10y|H63,UST10syn,full,1973-10-31,1973-11-01,1974-02-05,63,1.54625,1.54741,0.000753446,0.000353224,0.0191702,-0.018817,time,-0.00827035,2,0.00238945,-0.0212065
i_macro,FIRSTCUT|10y|H63,UST10syn,full,1979-11-30,1979-12-03,1980-03-05,63,1.96096,1.73502,-0.115218,-0.115572,0.0310567,-0.146628,time,-0.146812,2,-0.00535366,-0.141275
i_macro,FIRSTCUT|10y|H63,UST10syn,full,1984-09-28,1984-10-01,1985-01-04,63,3.12301,3.383,0.083248,0.0828148,0.0219095,0.0609053,time,0,2,0.0214028,0.0395025
i_macro,FIRSTCUT|10y|H63,UST10syn,full,1989-06-30,1989-07-03,1989-10-02,63,6.27969,6.32549,0.00729436,0.00689152,0.0196143,-0.0127228,time,-0.00258505,2,0.00758586,-0.0203086
i_macro,FIRSTCUT|10y|H63,UST10syn,full,1995-07-31,1995-08-01,1995-10-31,63,10.8941,11.4523,0.051234,0.0508136,0.0132992,0.0375144,time,-0.00476001,2,0.0102706,0.0272438
i_macro,FIRSTCUT|10y|H63,UST10syn,full,2001-01-31,2001-02-01,2001-05-03,63,16.7096,16.7596,0.00299403,0.00259291,0.010875,-0.00828209,time,-0.0085462,2,0.00901924,-0.0173013
i_macro,FIRSTCUT|10y|H63,UST10syn,full,2007-09-28,2007-10-01,2008-01-03,63,23.399,24.9224,0.0651037,0.0646778,0.00847897,0.0561988,time,-0.00968466,2,0.00838901,0.0478098
i_macro,FIRSTCUT|10y|H63,UST10syn,full,2019-08-30,2019-09-03,2019-12-04,63,41.1419,40.1864,-0.0232231,-0.0236137,0.00421071,-0.0278245,time,-0.0393871,2,-0.00477509,-0.0230494
i_macro,FIRSTCUT|10y|H63,UST10syn,full,2024-09-30,2024-10-01,2025-01-03,63,38.0905,35.9096,-0.0572555,-0.0576325,0.0109833,-0.0686159,time,-0.05957,2,-0.0143509,-0.054265
i_macro,FIRSTCUT|10y|H84,UST10syn,design,1967-01-31,1967-02-01,1967-06-05,84,1.19683,1.18451,-0.0102921,-0.0106879,0.0133921,-0.02408,time,-0.0190675,2,-0.0124681,-0.0116119
i_macro,FIRSTCUT|10y|H84,UST10syn,design,1970-03-31,1970-04-01,1970-07-29,84,1.19401,1.19416,0.000126613,-0.000273357,0.0220853,-0.0223587,time,-0.0677319,2,-0.00494045,-0.0174182
i_macro,FIRSTCUT|10y|H84,UST10syn,design,1973-10-31,1973-11-01,1974-03-08,84,1.54625,1.54448,-0.00114161,-0.00154108,0.0252389,-0.02678,time,-0.00827035,2,0.00245854,-0.0292385
i_macro,FIRSTCUT|10y|H84,UST10syn,design,1979-11-30,1979-12-03,1980-04-03,84,1.96096,1.80254,-0.0807884,-0.081156,0.0436988,-0.124855,time,-0.146812,2,-0.0067014,-0.118153
i_macro,FIRSTCUT|10y|H84,UST10syn,design,1984-09-28,1984-10-01,1985-02-05,84,3.12301,3.49142,0.117966,0.117519,0.0284151,0.0891036,time,0,2,0.0299657,0.059138
i_macro,FIRSTCUT|10y|H84,UST10syn,design,1989-06-30,1989-07-03,1989-11-01,84,6.27969,6.52816,0.0395678,0.0391521,0.0259762,0.0131759,time,-0.00258505,2,0.0103294,0.00284653
i_macro,FIRSTCUT|10y|H84,UST10syn,design,1995-07-31,1995-08-01,1995-11-30,84,10.8941,11.7425,0.0778753,0.0774442,0.0177627,0.0596815,time,-0.00476001,2,0.0143313,0.0453503
i_macro,FIRSTCUT|10y|H84,UST10syn,design,2001-01-31,2001-02-01,2001-06-04,84,16.7096,16.67,-0.00236813,-0.0027671,0.0138694,-0.0166365,time,-0.0179795,2,0.0117164,-0.0283529
i_macro,FIRSTCUT|10y|H84,UST10syn,design,2007-09-28,2007-10-01,2008-02-04,84,23.399,25.4787,0.0888822,0.0884468,0.0106917,0.0777551,time,-0.00968466,2,0.00645232,0.0713028
i_macro,FIRSTCUT|10y|H84,UST10syn,test,2019-08-30,2019-09-03,2020-01-06,84,41.1419,40.1047,-0.0252088,-0.0255987,0.00548611,-0.0310848,time,-0.0393871,2,-0.00521526,-0.0258695
i_macro,FIRSTCUT|10y|H84,UST10syn,test,2024-09-30,2024-10-01,2025-02-04,84,38.0905,36.2835,-0.0474396,-0.0478205,0.0144925,-0.062313,time,-0.0701353,2,-0.0189123,-0.0434007
i_macro,FIRSTCUT|10y|H84,IEF,test_exec,2019-08-30,2019-09-03,2019-12-31,84,95.8242,93.2901,-0.0264455,-0.0268348,0.00550913,-0.0323439,time,-0.0296805,2,-0.00438581,-0.0279581
i_macro,FIRSTCUT|10y|H84,IEF,test_exec,2024-09-30,2024-10-01,2025-01-31,84,91.1861,87.2235,-0.0434555,-0.043838,0.0145246,-0.0583626,time,-0.0624794,2,-0.0171807,-0.0411819
i_macro,FIRSTCUT|10y|H84,UST10syn,full,1967-01-31,1967-02-01,1967-06-05,84,1.19683,1.18451,-0.0102921,-0.0106879,0.0133921,-0.02408,time,-0.0190675,2,-0.0124681,-0.0116119
i_macro,FIRSTCUT|10y|H84,UST10syn,full,1970-03-31,1970-04-01,1970-07-29,84,1.19401,1.19416,0.000126613,-0.000273357,0.0220853,-0.0223587,time,-0.0677319,2,-0.00494045,-0.0174182
i_macro,FIRSTCUT|10y|H84,UST10syn,full,1973-10-31,1973-11-01,1974-03-08,84,1.54625,1.54448,-0.00114161,-0.00154108,0.0252389,-0.02678,time,-0.00827035,2,0.00245854,-0.0292385
i_macro,FIRSTCUT|10y|H84,UST10syn,full,1979-11-30,1979-12-03,1980-04-03,84,1.96096,1.80254,-0.0807884,-0.081156,0.0436988,-0.124855,time,-0.146812,2,-0.0067014,-0.118153
i_macro,FIRSTCUT|10y|H84,UST10syn,full,1984-09-28,1984-10-01,1985-02-05,84,3.12301,3.49142,0.117966,0.117519,0.0284151,0.0891036,time,0,2,0.0299657,0.059138
i_macro,FIRSTCUT|10y|H84,UST10syn,full,1989-06-30,1989-07-03,1989-11-01,84,6.27969,6.52816,0.0395678,0.0391521,0.0259762,0.0131759,time,-0.00258505,2,0.0103294,0.00284653
i_macro,FIRSTCUT|10y|H84,UST10syn,full,1995-07-31,1995-08-01,1995-11-30,84,10.8941,11.7425,0.0778753,0.0774442,0.0177627,0.0596815,time,-0.00476001,2,0.0143313,0.0453503
i_macro,FIRSTCUT|10y|H84,UST10syn,full,2001-01-31,2001-02-01,2001-06-04,84,16.7096,16.67,-0.00236813,-0.0027671,0.0138694,-0.0166365,time,-0.0179795,2,0.0117164,-0.0283529
i_macro,FIRSTCUT|10y|H84,UST10syn,full,2007-09-28,2007-10-01,2008-02-04,84,23.399,25.4787,0.0888822,0.0884468,0.0106917,0.0777551,time,-0.00968466,2,0.0109061,0.066849
i_macro,FIRSTCUT|10y|H84,UST10syn,full,2019-08-30,2019-09-03,2020-01-06,84,41.1419,40.1047,-0.0252088,-0.0255987,0.00548611,-0.0310848,time,-0.0393871,2,-0.00521526,-0.0258695
i_macro,FIRSTCUT|10y|H84,UST10syn,full,2024-09-30,2024-10-01,2025-02-04,84,38.0905,36.2835,-0.0474396,-0.0478205,0.0144925,-0.062313,time,-0.0701353,2,-0.0189123,-0.0434007
i_macro,FIRSTCUT|long|H42,ULONGsyn,design,1967-01-31,1967-02-01,1967-04-05,42,1.17176,1.17026,-0.00127437,-0.00167378,0.00727183,-0.00894561,time,-0.026713,2,-0.00821575,-0.000729859
i_macro,FIRSTCUT|long|H42,ULONGsyn,design,1970-03-31,1970-04-01,1970-05-29,42,1.08539,1.00454,-0.0744915,-0.0748616,0.0111325,-0.0859941,time,-0.100147,2,-0.00583645,-0.0801577
i_macro,FIRSTCUT|long|H42,ULONGsyn,design,1973-10-31,1973-11-01,1974-01-07,42,1.2738,1.26967,-0.00323941,-0.00363804,0.0127325,-0.0163706,time,-0.00880342,2,0.00031497,-0.0166855
i_macro,FIRSTCUT|long|H42,ULONGsyn,design,1979-11-30,1979-12-03,1980-02-01,42,1.57123,1.44549,-0.0800286,-0.0803965,0.0200401,-0.100437,time,-0.0800286,2,-0.00595881,-0.0944778
i_macro,FIRSTCUT|long|H42,ULONGsyn,design,1984-09-28,1984-10-01,1984-12-04,42,2.32805,2.5399,0.0909961,0.0905597,0.0152552,0.0753046,time,-0.000110348,2,0.0186035,0.0567011
i_macro,FIRSTCUT|long|H42,ULONGsyn,design,1989-06-30,1989-07-03,1989-08-31,42,5.34776,5.33364,-0.00263912,-0.00303798,0.01315,-0.016188,time,-0.00904402,2,0.00374757,-0.0199355
i_macro,FIRSTCUT|long|H42,ULONGsyn,design,1995-07-31,1995-08-01,1995-09-29,42,9.72054,10.3833,0.0681772,0.06775,0.0089004,0.0588496,time,-0.00564145,2,0.0122368,0.0466128
i_macro,FIRSTCUT|long|H42,ULONGsyn,design,2001-01-31,2001-02-01,2001-04-03,42,16.5202,16.6176,0.00589767,0.00549539,0.00767421,-0.00217882,time,-0.00785343,2,0.0076928,-0.00987161
i_macro,FIRSTCUT|long|H42,ULONGsyn,design,2007-09-28,2007-10-01,2007-12-03,42,25.3669,27.4988,0.084042,0.0836085,0.00596865,0.0776398,time,-0.0172973,2,0.00576104,0.0718788
i_macro,FIRSTCUT|long|H42,ULONGsyn,test,2019-08-30,2019-09-03,2019-11-01,42,62.049,58.7119,-0.0537812,-0.0541596,0.00292341,-0.057083,time,-0.0881259,2,-0.0049285,-0.0521545
i_macro,FIRSTCUT|long|H42,ULONGsyn,test,2024-09-30,2024-10-01,2024-12-03,42,45.7377,43.6406,-0.0458508,-0.0462324,0.0074373,-0.0536697,time,-0.0831816,2,-0.0193892,-0.0342805
i_macro,FIRSTCUT|long|H42,TLT,test_exec,2019-08-30,2019-09-03,2019-10-30,42,119.426,113.348,-0.0508945,-0.0512741,0.00294683,-0.0542209,time,-0.0717253,2,-0.00465826,-0.0495626
i_macro,FIRSTCUT|long|H42,TLT,test_exec,2024-09-30,2024-10-01,2024-11-27,42,90.7921,85.7599,-0.0554258,-0.0558035,0.0074504,-0.0632539,time,-0.0880251,2,-0.0185829,-0.044671
i_macro,FIRSTCUT|long|H42,ULONGsyn,full,1967-01-31,1967-02-01,1967-04-05,42,1.17176,1.17026,-0.00127437,-0.00167378,0.00727183,-0.00894561,time,-0.026713,2,-0.00821575,-0.000729859
i_macro,FIRSTCUT|long|H42,ULONGsyn,full,1970-03-31,1970-04-01,1970-05-29,42,1.08539,1.00454,-0.0744915,-0.0748616,0.0111325,-0.0859941,time,-0.100147,2,-0.00583645,-0.0801577
i_macro,FIRSTCUT|long|H42,ULONGsyn,full,1973-10-31,1973-11-01,1974-01-07,42,1.2738,1.26967,-0.00323941,-0.00363804,0.0127325,-0.0163706,time,-0.00880342,2,0.00031497,-0.0166855
i_macro,FIRSTCUT|long|H42,ULONGsyn,full,1979-11-30,1979-12-03,1980-02-01,42,1.57123,1.44549,-0.0800286,-0.0803965,0.0200401,-0.100437,time,-0.0800286,2,-0.00595881,-0.0944778
i_macro,FIRSTCUT|long|H42,ULONGsyn,full,1984-09-28,1984-10-01,1984-12-04,42,2.32805,2.5399,0.0909961,0.0905597,0.0152552,0.0753046,time,-0.000110348,2,0.0186035,0.0567011
i_macro,FIRSTCUT|long|H42,ULONGsyn,full,1989-06-30,1989-07-03,1989-08-31,42,5.34776,5.33364,-0.00263912,-0.00303798,0.01315,-0.016188,time,-0.00904402,2,0.00374757,-0.0199355
i_macro,FIRSTCUT|long|H42,ULONGsyn,full,1995-07-31,1995-08-01,1995-09-29,42,9.72054,10.3833,0.0681772,0.06775,0.0089004,0.0588496,time,-0.00564145,2,0.0122368,0.0466128
i_macro,FIRSTCUT|long|H42,ULONGsyn,full,2001-01-31,2001-02-01,2001-04-03,42,16.5202,16.6176,0.00589767,0.00549539,0.00767421,-0.00217882,time,-0.00785343,2,0.0076928,-0.00987161
i_macro,FIRSTCUT|long|H42,ULONGsyn,full,2007-09-28,2007-10-01,2007-12-03,42,25.3669,27.4988,0.084042,0.0836085,0.00596865,0.0776398,time,-0.0172973,2,0.00834906,0.0692908
i_macro,FIRSTCUT|long|H42,ULONGsyn,full,2019-08-30,2019-09-03,2019-11-01,42,62.049,58.7119,-0.0537812,-0.0541596,0.00292341,-0.057083,time,-0.0881259,2,-0.0049285,-0.0521545
i_macro,FIRSTCUT|long|H42,ULONGsyn,full,2024-09-30,2024-10-01,2024-12-03,42,45.7377,43.6406,-0.0458508,-0.0462324,0.0074373,-0.0536697,time,-0.0831816,2,-0.0193892,-0.0342805
i_macro,FIRSTCUT|long|H63,ULONGsyn,design,1967-01-31,1967-02-01,1967-05-04,63,1.17176,1.13882,-0.02811,-0.0284987,0.0104353,-0.038934,time,-0.029731,2,-0.0126506,-0.0262834
i_macro,FIRSTCUT|long|H63,ULONGsyn,design,1970-03-31,1970-04-01,1970-06-29,63,1.08539,1.03413,-0.0472351,-0.0476161,0.0167036,-0.0643197,time,-0.100147,2,-0.00837635,-0.0559433
i_macro,FIRSTCUT|long|H63,ULONGsyn,design,1973-10-31,1973-11-01,1974-02-05,63,1.2738,1.27855,0.00373227,0.00333086,0.0191702,-0.0158394,time,-0.00880342,2,-2.26363e-05,-0.0158167
i_macro,FIRSTCUT|long|H63,ULONGsyn,design,1979-11-30,1979-12-03,1980-03-05,63,1.57123,1.32762,-0.155044,-0.155382,0.0310567,-0.186438,time,-0.186033,2,-0.00837879,-0.178059
i_macro,FIRSTCUT|long|H63,ULONGsyn,design,1984-09-28,1984-10-01,1985-01-04,63,2.32805,2.52879,0.086224,0.0857896,0.0219095,0.06388,time,-0.000110348,2,0.0277216,0.0361584
i_macro,FIRSTCUT|long|H63,ULONGsyn,design,1989-06-30,1989-07-03,1989-10-02,63,5.34776,5.36581,0.00337471,0.00297344,0.0196143,-0.0166408,time,-0.00904402,2,0.00627337,-0.0229142
i_macro,FIRSTCUT|long|H63,ULONGsyn,design,1995-07-31,1995-08-01,1995-10-31,63,9.72054,10.6505,0.0956685,0.0952304,0.0132992,0.0819312,time,-0.00564145,2,0.0192406,0.0626905
i_macro,FIRSTCUT|long|H63,ULONGsyn,design,2001-01-31,2001-02-01,2001-05-03,63,16.5202,16.3089,-0.0127906,-0.0131854,0.010875,-0.0240604,time,-0.0373172,2,0.0107574,-0.0348178
i_macro,FIRSTCUT|long|H63,ULONGsyn,design,2007-09-28,2007-10-01,2008-01-03,63,25.3669,27.4556,0.0823373,0.0819044,0.00847897,0.0734255,time,-0.0172973,2,0.0089491,0.0644764
i_macro,FIRSTCUT|long|H63,ULONGsyn,test,2019-08-30,2019-09-03,2019-12-04,63,62.049,58.6763,-0.0543549,-0.054733,0.00421071,-0.0589438,time,-0.0973158,2,-0.00558087,-0.0533629
i_macro,FIRSTCUT|long|H63,ULONGsyn,test,2024-09-30,2024-10-01,2025-01-03,63,45.7377,40.93,-0.105114,-0.105472,0.0109833,-0.116456,time,-0.105925,2,-0.0297663,-0.0866893
i_macro,FIRSTCUT|long|H63,TLT,test_exec,2019-08-30,2019-09-03,2019-11-29,63,119.426,114.409,-0.0420076,-0.0423907,0.00422976,-0.0466205,time,-0.0795983,2,-0.00604254,-0.0405779
i_macro,FIRSTCUT|long|H63,TLT,test_exec,2024-09-30,2024-10-01,2024-12-30,63,90.7921,81.5527,-0.101764,-0.102123,0.0110155,-0.113138,time,-0.108925,2,-0.0285996,-0.0845388
i_macro,FIRSTCUT|long|H63,ULONGsyn,full,1967-01-31,1967-02-01,1967-05-04,63,1.17176,1.13882,-0.02811,-0.0284987,0.0104353,-0.038934,time,-0.029731,2,-0.0126506,-0.0262834
i_macro,FIRSTCUT|long|H63,ULONGsyn,full,1970-03-31,1970-04-01,1970-06-29,63,1.08539,1.03413,-0.0472351,-0.0476161,0.0167036,-0.0643197,time,-0.100147,2,-0.00837635,-0.0559433
i_macro,FIRSTCUT|long|H63,ULONGsyn,full,1973-10-31,1973-11-01,1974-02-05,63,1.2738,1.27855,0.00373227,0.00333086,0.0191702,-0.0158394,time,-0.00880342,2,-2.26363e-05,-0.0158167
i_macro,FIRSTCUT|long|H63,ULONGsyn,full,1979-11-30,1979-12-03,1980-03-05,63,1.57123,1.32762,-0.155044,-0.155382,0.0310567,-0.186438,time,-0.186033,2,-0.00837879,-0.178059
i_macro,FIRSTCUT|long|H63,ULONGsyn,full,1984-09-28,1984-10-01,1985-01-04,63,2.32805,2.52879,0.086224,0.0857896,0.0219095,0.06388,time,-0.000110348,2,0.0277216,0.0361584
i_macro,FIRSTCUT|long|H63,ULONGsyn,full,1989-06-30,1989-07-03,1989-10-02,63,5.34776,5.36581,0.00337471,0.00297344,0.0196143,-0.0166408,time,-0.00904402,2,0.00627337,-0.0229142
i_macro,FIRSTCUT|long|H63,ULONGsyn,full,1995-07-31,1995-08-01,1995-10-31,63,9.72054,10.6505,0.0956685,0.0952304,0.0132992,0.0819312,time,-0.00564145,2,0.0192406,0.0626905
i_macro,FIRSTCUT|long|H63,ULONGsyn,full,2001-01-31,2001-02-01,2001-05-03,63,16.5202,16.3089,-0.0127906,-0.0131854,0.010875,-0.0240604,time,-0.0373172,2,0.0107574,-0.0348178
i_macro,FIRSTCUT|long|H63,ULONGsyn,full,2007-09-28,2007-10-01,2008-01-03,63,25.3669,27.4556,0.0823373,0.0819044,0.00847897,0.0734255,time,-0.0172973,2,0.0117244,0.0617011
i_macro,FIRSTCUT|long|H63,ULONGsyn,full,2019-08-30,2019-09-03,2019-12-04,63,62.049,58.6763,-0.0543549,-0.054733,0.00421071,-0.0589438,time,-0.0973158,2,-0.00558087,-0.0533629
i_macro,FIRSTCUT|long|H63,ULONGsyn,full,2024-09-30,2024-10-01,2025-01-03,63,45.7377,40.93,-0.105114,-0.105472,0.0109833,-0.116456,time,-0.105925,2,-0.0297663,-0.0866893
i_macro,FIRSTCUT|long|H84,ULONGsyn,design,1967-01-31,1967-02-01,1967-06-05,84,1.17176,1.13355,-0.0326111,-0.032998,0.0133921,-0.0463901,time,-0.0463927,2,-0.017556,-0.0288341
i_macro,FIRSTCUT|long|H84,ULONGsyn,design,1970-03-31,1970-04-01,1970-07-29,84,1.08539,1.07699,-0.00774078,-0.00813761,0.0220853,-0.0302229,time,-0.100147,2,-0.0113208,-0.0189021
i_macro,FIRSTCUT|long|H84,ULONGsyn,design,1973-10-31,1973-11-01,1974-03-08,84,1.2738,1.26443,-0.00735169,-0.00774867,0.0252389,-0.0329876,time,-0.0132074,2,-0.000863139,-0.0321244
i_macro,FIRSTCUT|long|H84,ULONGsyn,design,1979-11-30,1979-12-03,1980-04-03,84,1.57123,1.35437,-0.138021,-0.138366,0.0436988,-0.182064,time,-0.186033,2,-0.0106183,-0.171446
i_macro,FIRSTCUT|long|H84,ULONGsyn,design,1984-09-28,1984-10-01,1985-02-05,84,2.32805,2.64129,0.134549,0.134095,0.0284151,0.10568,time,-0.000110348,2,0.0389817,0.0666981
i_macro,FIRSTCUT|long|H84,ULONGsyn,design,1989-06-30,1989-07-03,1989-11-01,84,5.34776,5.60509,0.0481187,0.0476995,0.0259762,0.0217233,time,-0.00904402,2,0.00873025,0.0129931
i_macro,FIRSTCUT|long|H84,ULONGsyn,design,1995-07-31,1995-08-01,1995-11-30,84,9.72054,10.9976,0.131377,0.130924,0.0177627,0.113161,time,-0.00564145,2,0.0265359,0.0866255
i_macro,FIRSTCUT|long|H84,ULONGsyn,design,2001-01-31,2001-02-01,2001-06-04,84,16.5202,16.2724,-0.0149958,-0.0153897,0.0138694,-0.0292592,time,-0.0454678,2,0.0138759,-0.0431351
i_macro,FIRSTCUT|long|H84,ULONGsyn,design,2007-09-28,2007-10-01,2008-02-04,84,25.3669,27.5506,0.0860841,0.0856498,0.0106917,0.0749581,time,-0.0172973,2,0.0113388,0.0636193
i_macro,FIRSTCUT|long|H84,ULONGsyn,test,2019-08-30,2019-09-03,2020-01-06,84,62.049,58.0209,-0.064918,-0.0652919,0.00548611,-0.070778,time,-0.0973158,2,-0.00538544,-0.0653926
i_macro,FIRSTCUT|long|H84,ULONGsyn,test,2024-09-30,2024-10-01,2025-02-04,84,45.7377,41.5567,-0.0914118,-0.0917751,0.0144925,-0.106268,time,-0.125943,2,-0.0395515,-0.0667161
i_macro,FIRSTCUT|long|H84,TLT,test_exec,2019-08-30,2019-09-03,2019-12-31,84,119.426,110.751,-0.0726395,-0.0730104,0.00550913,-0.0785195,time,-0.0795983,2,-0.00598434,-0.0725352
i_macro,FIRSTCUT|long|H84,TLT,test_exec,2024-09-30,2024-10-01,2025-01-31,84,90.7921,81.5156,-0.102173,-0.102532,0.0145246,-0.117057,time,-0.127442,2,-0.0379953,-0.0790613
i_macro,FIRSTCUT|long|H84,ULONGsyn,full,1967-01-31,1967-02-01,1967-06-05,84,1.17176,1.13355,-0.0326111,-0.032998,0.0133921,-0.0463901,time,-0.0463927,2,-0.017556,-0.0288341
i_macro,FIRSTCUT|long|H84,ULONGsyn,full,1970-03-31,1970-04-01,1970-07-29,84,1.08539,1.07699,-0.00774078,-0.00813761,0.0220853,-0.0302229,time,-0.100147,2,-0.0113208,-0.0189021
i_macro,FIRSTCUT|long|H84,ULONGsyn,full,1973-10-31,1973-11-01,1974-03-08,84,1.2738,1.26443,-0.00735169,-0.00774867,0.0252389,-0.0329876,time,-0.0132074,2,-0.000863139,-0.0321244
i_macro,FIRSTCUT|long|H84,ULONGsyn,full,1979-11-30,1979-12-03,1980-04-03,84,1.57123,1.35437,-0.138021,-0.138366,0.0436988,-0.182064,time,-0.186033,2,-0.0106183,-0.171446
i_macro,FIRSTCUT|long|H84,ULONGsyn,full,1984-09-28,1984-10-01,1985-02-05,84,2.32805,2.64129,0.134549,0.134095,0.0284151,0.10568,time,-0.000110348,2,0.0389817,0.0666981
i_macro,FIRSTCUT|long|H84,ULONGsyn,full,1989-06-30,1989-07-03,1989-11-01,84,5.34776,5.60509,0.0481187,0.0476995,0.0259762,0.0217233,time,-0.00904402,2,0.00873025,0.0129931
i_macro,FIRSTCUT|long|H84,ULONGsyn,full,1995-07-31,1995-08-01,1995-11-30,84,9.72054,10.9976,0.131377,0.130924,0.0177627,0.113161,time,-0.00564145,2,0.0265359,0.0866255
i_macro,FIRSTCUT|long|H84,ULONGsyn,full,2001-01-31,2001-02-01,2001-06-04,84,16.5202,16.2724,-0.0149958,-0.0153897,0.0138694,-0.0292592,time,-0.0454678,2,0.0138759,-0.0431351
i_macro,FIRSTCUT|long|H84,ULONGsyn,full,2007-09-28,2007-10-01,2008-02-04,84,25.3669,27.5506,0.0860841,0.0856498,0.0106917,0.0749581,time,-0.0172973,2,0.0148432,0.0601149
i_macro,FIRSTCUT|long|H84,ULONGsyn,full,2019-08-30,2019-09-03,2020-01-06,84,62.049,58.0209,-0.064918,-0.0652919,0.00548611,-0.070778,time,-0.0973158,2,-0.00538544,-0.0653926
i_macro,FIRSTCUT|long|H84,ULONGsyn,full,2024-09-30,2024-10-01,2025-02-04,84,45.7377,41.5567,-0.0914118,-0.0917751,0.0144925,-0.106268,time,-0.125943,2,-0.0395515,-0.0667161
i_macro,FIRSTCUT|spx|H42,^GSPC,design,1957-12-31,1958-01-02,1958-03-03,42,200.029,205.47,0.0272,0.0269946,0.00329722,0.0236974,time,0,1,0.0175587,0.00613869
i_macro,FIRSTCUT|spx|H42,^GSPC,design,1960-06-30,1960-07-01,1960-08-31,42,308.612,309.857,0.00403641,0.00383563,0.0038381,-2.4686e-06,time,-0.0484907,1,0.0137456,-0.0137481
i_macro,FIRSTCUT|spx|H42,^GSPC,design,1967-01-31,1967-02-01,1967-04-04,42,575.072,596.876,0.0379144,0.0377068,0.00729484,0.030412,time,0,1,0.000138685,0.0302733
i_macro,FIRSTCUT|spx|H42,^GSPC,design,1970-03-31,1970-04-01,1970-05-29,42,659.985,564.622,-0.144493,-0.144664,0.0111325,-0.155796,time,-0.226001,1,0.00358472,-0.159381
i_macro,FIRSTCUT|spx|H42,^GSPC,design,1973-10-31,1973-11-01,1974-01-03,42,884.823,824.702,-0.0679477,-0.0681341,0.0127421,-0.0808761,time,-0.141599,1,0.00334569,-0.0842218
i_macro,FIRSTCUT|spx|H42,^GSPC,design,1979-11-30,1979-12-03,1980-02-01,42,1143.77,1254.94,0.0971983,0.0969788,0.0200401,0.0769388,time,-0.00141929,1,0.00269867,0.0742401
i_macro,FIRSTCUT|spx|H42,^GSPC,design,1984-09-28,1984-10-01,1984-11-29,42,2262.8,2270.01,0.00318888,0.00298826,0.0153389,-0.0123506,time,-0.0168622,1,0.0177364,-0.0300871
i_macro,FIRSTCUT|spx|H42,^GSPC,design,1989-06-30,1989-07-03,1989-08-31,42,5212.13,5769.53,0.106943,0.106721,0.01315,0.0935713,time,0,1,0.0126335,0.0809378
i_macro,FIRSTCUT|spx|H42,^GSPC,design,1995-07-31,1995-08-01,1995-09-29,42,11005,11547.9,0.0493293,0.0491195,0.0089004,0.0402191,time,-0.00675609,1,0.0231792,0.0170398
i_macro,FIRSTCUT|spx|H42,^GSPC,design,2001-01-31,2001-02-01,2001-04-03,42,29572,23871.9,-0.192754,-0.192916,0.00767421,-0.20059,time,-0.192754,1,0.00111793,-0.201708
i_macro,FIRSTCUT|spx|H42,^GSPC,design,2007-09-28,2007-10-01,2007-11-29,42,37367.7,35620.9,-0.0467478,-0.0469384,0.00600873,-0.0529472,time,-0.0876754,1,0.00639422,-0.0593414
i_macro,FIRSTCUT|spx|H42,^GSPC,test,2019-08-30,2019-09-03,2019-10-31,42,90549.6,94889.8,0.0479314,0.0477218,0.00292976,0.0447921,time,-0.00495395,1,0.0190982,0.0256939
i_macro,FIRSTCUT|spx|H42,^GSPC,test,2024-09-30,2024-10-01,2024-11-29,42,193078,204459,0.0589438,0.0587321,0.00744603,0.051286,time,-0.00195823,1,0.0159583,0.0353277
i_macro,FIRSTCUT|spx|H42,SPY,test_exec,2019-08-30,2019-09-03,2019-10-30,42,261.703,275.19,0.0515351,0.0513248,0.00294683,0.048378,time,-0.00406034,1,0.0185314,0.0298466
i_macro,FIRSTCUT|spx|H42,SPY,test_exec,2024-09-30,2024-10-01,2024-11-27,42,560.466,585.322,0.0443495,0.0441406,0.0074504,0.0366902,time,-0.00976627,1,0.0155475,0.0211427
i_macro,FIRSTCUT|spx|H42,^GSPC,full,1957-12-31,1958-01-02,1958-03-03,42,200.029,205.47,0.0272,0.0269946,0.00329722,0.0236974,time,0,1,0.0175587,0.00613869
i_macro,FIRSTCUT|spx|H42,^GSPC,full,1960-06-30,1960-07-01,1960-08-31,42,308.612,309.857,0.00403641,0.00383563,0.0038381,-2.4686e-06,time,-0.0484907,1,0.0137456,-0.0137481
i_macro,FIRSTCUT|spx|H42,^GSPC,full,1967-01-31,1967-02-01,1967-04-04,42,575.072,596.876,0.0379144,0.0377068,0.00729484,0.030412,time,0,1,0.000138685,0.0302733
i_macro,FIRSTCUT|spx|H42,^GSPC,full,1970-03-31,1970-04-01,1970-05-29,42,659.985,564.622,-0.144493,-0.144664,0.0111325,-0.155796,time,-0.226001,1,0.00358472,-0.159381
i_macro,FIRSTCUT|spx|H42,^GSPC,full,1973-10-31,1973-11-01,1974-01-03,42,884.823,824.702,-0.0679477,-0.0681341,0.0127421,-0.0808761,time,-0.141599,1,0.00334569,-0.0842218
i_macro,FIRSTCUT|spx|H42,^GSPC,full,1979-11-30,1979-12-03,1980-02-01,42,1143.77,1254.94,0.0971983,0.0969788,0.0200401,0.0769388,time,-0.00141929,1,0.00269867,0.0742401
i_macro,FIRSTCUT|spx|H42,^GSPC,full,1984-09-28,1984-10-01,1984-11-29,42,2262.8,2270.01,0.00318888,0.00298826,0.0153389,-0.0123506,time,-0.0168622,1,0.0177364,-0.0300871
i_macro,FIRSTCUT|spx|H42,^GSPC,full,1989-06-30,1989-07-03,1989-08-31,42,5212.13,5769.53,0.106943,0.106721,0.01315,0.0935713,time,0,1,0.0126335,0.0809378
i_macro,FIRSTCUT|spx|H42,^GSPC,full,1995-07-31,1995-08-01,1995-09-29,42,11005,11547.9,0.0493293,0.0491195,0.0089004,0.0402191,time,-0.00675609,1,0.0231792,0.0170398
i_macro,FIRSTCUT|spx|H42,^GSPC,full,2001-01-31,2001-02-01,2001-04-03,42,29572,23871.9,-0.192754,-0.192916,0.00767421,-0.20059,time,-0.192754,1,0.00111793,-0.201708
i_macro,FIRSTCUT|spx|H42,^GSPC,full,2007-09-28,2007-10-01,2007-11-29,42,37367.7,35620.9,-0.0467478,-0.0469384,0.00600873,-0.0529472,time,-0.0876754,1,0.00352209,-0.0564693
i_macro,FIRSTCUT|spx|H42,^GSPC,full,2019-08-30,2019-09-03,2019-10-31,42,90549.6,94889.8,0.0479314,0.0477218,0.00292976,0.0447921,time,-0.00495395,1,0.0190982,0.0256939
i_macro,FIRSTCUT|spx|H42,^GSPC,full,2024-09-30,2024-10-01,2024-11-29,42,193078,204459,0.0589438,0.0587321,0.00744603,0.051286,time,-0.00195823,1,0.0159583,0.0353277
i_macro,FIRSTCUT|spx|H63,^GSPC,design,1957-12-31,1958-01-02,1958-04-01,63,200.029,210.2,0.0508481,0.0506379,0.00436865,0.0462693,time,0,1,0.0272878,0.0189814
i_macro,FIRSTCUT|spx|H63,^GSPC,design,1960-06-30,1960-07-01,1960-09-30,63,308.612,292.011,-0.0537912,-0.0539804,0.00590397,-0.0598844,time,-0.0724373,1,0.0224905,-0.0823749
i_macro,FIRSTCUT|spx|H63,^GSPC,design,1967-01-31,1967-02-01,1967-05-03,63,575.072,629.914,0.095366,0.0951469,0.0104698,0.0846771,time,0,1,-0.00166542,0.0863425
i_macro,FIRSTCUT|spx|H63,^GSPC,design,1970-03-31,1970-04-01,1970-06-29,63,659.985,539.519,-0.182529,-0.182692,0.0167036,-0.199396,time,-0.226001,1,0.00427063,-0.203666
i_macro,FIRSTCUT|spx|H63,^GSPC,design,1973-10-31,1973-11-01,1974-02-01,63,884.823,790.015,-0.107149,-0.107327,0.0192206,-0.126548,time,-0.141599,1,0.00428212,-0.13083
i_macro,FIRSTCUT|spx|H63,^GSPC,design,1979-11-30,1979-12-03,1980-03-04,63,1143.77,1234.61,0.0794239,0.0792081,0.0309317,0.0482763,time,-0.00141929,1,0.00514192,0.0431344
i_macro,FIRSTCUT|spx|H63,^GSPC,design,1984-09-28,1984-10-01,1984-12-31,63,2262.8,2324.96,0.0274744,0.0272689,0.0220683,0.00520067,time,-0.0168622,1,0.0259311,-0.0207304
i_macro,FIRSTCUT|spx|H63,^GSPC,design,1989-06-30,1989-07-03,1989-10-02,63,5212.13,5774.79,0.107951,0.107729,0.0196143,0.0881151,time,0,1,0.0196191,0.068496
i_macro,FIRSTCUT|spx|H63,^GSPC,design,1995-07-31,1995-08-01,1995-10-30,63,11005,11541.1,0.0487113,0.0485016,0.0132988,0.0352027,time,-0.00675609,1,0.0349865,0.000216289
i_macro,FIRSTCUT|spx|H63,^GSPC,design,2001-01-31,2001-02-01,2001-05-03,63,29572,26966.3,-0.088113,-0.0882954,0.010875,-0.0991704,time,-0.194939,1,0.000765996,-0.0999364
i_macro,FIRSTCUT|spx|H63,^GSPC,design,2007-09-28,2007-10-01,2007-12-31,63,37367.7,35648.7,-0.0460032,-0.046194,0.00850833,-0.0547023,time,-0.0876754,1,0.00776446,-0.0624668
i_macro,FIRSTCUT|spx|H63,^GSPC,test,2019-08-30,2019-09-03,2019-12-02,63,90549.6,97489,0.076636,0.0764207,0.00421508,0.0722056,time,-0.00495395,1,0.0289,0.0433056
i_macro,FIRSTCUT|spx|H63,^GSPC,test,2024-09-30,2024-10-01,2024-12-31,63,193078,199585,0.0337006,0.0334939,0.0110048,0.0224891,time,-0.00195823,1,0.0234377,-0.00094853
i_macro,FIRSTCUT|spx|H63,SPY,test_exec,2019-08-30,2019-09-03,2019-11-29,63,261.703,284.392,0.0866969,0.0864796,0.00422976,0.0822498,time,-0.00406034,1,0.0282413,0.0540086
i_macro,FIRSTCUT|spx|H63,SPY,test_exec,2024-09-30,2024-10-01,2024-12-30,63,560.466,576.887,0.0292985,0.0290927,0.0110155,0.0180772,time,-0.00976627,1,0.0229487,-0.00487148
i_macro,FIRSTCUT|spx|H63,^GSPC,full,1957-12-31,1958-01-02,1958-04-01,63,200.029,210.2,0.0508481,0.0506379,0.00436865,0.0462693,time,0,1,0.0272878,0.0189814
i_macro,FIRSTCUT|spx|H63,^GSPC,full,1960-06-30,1960-07-01,1960-09-30,63,308.612,292.011,-0.0537912,-0.0539804,0.00590397,-0.0598844,time,-0.0724373,1,0.0224905,-0.0823749
i_macro,FIRSTCUT|spx|H63,^GSPC,full,1967-01-31,1967-02-01,1967-05-03,63,575.072,629.914,0.095366,0.0951469,0.0104698,0.0846771,time,0,1,-0.00166542,0.0863425
i_macro,FIRSTCUT|spx|H63,^GSPC,full,1970-03-31,1970-04-01,1970-06-29,63,659.985,539.519,-0.182529,-0.182692,0.0167036,-0.199396,time,-0.226001,1,0.00427063,-0.203666
i_macro,FIRSTCUT|spx|H63,^GSPC,full,1973-10-31,1973-11-01,1974-02-01,63,884.823,790.015,-0.107149,-0.107327,0.0192206,-0.126548,time,-0.141599,1,0.00428212,-0.13083
i_macro,FIRSTCUT|spx|H63,^GSPC,full,1979-11-30,1979-12-03,1980-03-04,63,1143.77,1234.61,0.0794239,0.0792081,0.0309317,0.0482763,time,-0.00141929,1,0.00514192,0.0431344
i_macro,FIRSTCUT|spx|H63,^GSPC,full,1984-09-28,1984-10-01,1984-12-31,63,2262.8,2324.96,0.0274744,0.0272689,0.0220683,0.00520067,time,-0.0168622,1,0.0259311,-0.0207304
i_macro,FIRSTCUT|spx|H63,^GSPC,full,1989-06-30,1989-07-03,1989-10-02,63,5212.13,5774.79,0.107951,0.107729,0.0196143,0.0881151,time,0,1,0.0196191,0.068496
i_macro,FIRSTCUT|spx|H63,^GSPC,full,1995-07-31,1995-08-01,1995-10-30,63,11005,11541.1,0.0487113,0.0485016,0.0132988,0.0352027,time,-0.00675609,1,0.0349865,0.000216289
i_macro,FIRSTCUT|spx|H63,^GSPC,full,2001-01-31,2001-02-01,2001-05-03,63,29572,26966.3,-0.088113,-0.0882954,0.010875,-0.0991704,time,-0.194939,1,0.000765996,-0.0999364
i_macro,FIRSTCUT|spx|H63,^GSPC,full,2007-09-28,2007-10-01,2007-12-31,63,37367.7,35648.7,-0.0460032,-0.046194,0.00850833,-0.0547023,time,-0.0876754,1,0.00535667,-0.060059
i_macro,FIRSTCUT|spx|H63,^GSPC,full,2019-08-30,2019-09-03,2019-12-02,63,90549.6,97489,0.076636,0.0764207,0.00421508,0.0722056,time,-0.00495395,1,0.0289,0.0433056
i_macro,FIRSTCUT|spx|H63,^GSPC,full,2024-09-30,2024-10-01,2024-12-31,63,193078,199585,0.0337006,0.0334939,0.0110048,0.0224891,time,-0.00195823,1,0.0234377,-0.00094853
i_macro,FIRSTCUT|spx|H84,^GSPC,design,1957-12-31,1958-01-02,1958-05-01,84,200.029,219.024,0.0949632,0.0947442,0.00531627,0.0894279,time,0,1,0.0370645,0.0523634
i_macro,FIRSTCUT|spx|H84,^GSPC,design,1960-06-30,1960-07-01,1960-10-31,84,308.612,292.184,-0.0532303,-0.0534196,0.00783175,-0.0612514,time,-0.0748627,1,0.0322887,-0.0935401
i_macro,FIRSTCUT|spx|H84,^GSPC,design,1967-01-31,1967-02-01,1967-06-02,84,575.072,603.858,0.0500564,0.0498465,0.0134393,0.0364072,time,0,1,-0.00369508,0.0401023
i_macro,FIRSTCUT|spx|H84,^GSPC,design,1970-03-31,1970-04-01,1970-07-29,84,659.985,579.659,-0.121709,-0.121885,0.0220853,-0.14397,time,-0.226001,1,0.00533312,-0.149303
i_macro,FIRSTCUT|spx|H84,^GSPC,design,1973-10-31,1973-11-01,1974-03-05,84,884.823,809.04,-0.0856477,-0.0858305,0.0252071,-0.111038,time,-0.150052,1,0.00475051,-0.115788
i_macro,FIRSTCUT|spx|H84,^GSPC,design,1979-11-30,1979-12-03,1980-04-02,84,1143.77,1129.28,-0.0126655,-0.0128629,0.0435897,-0.0564526,time,-0.0563823,1,0.00790199,-0.0643546
i_macro,FIRSTCUT|spx|H84,^GSPC,design,1984-09-28,1984-10-01,1985-01-30,84,2262.8,2503.03,0.106168,0.105946,0.0285194,0.0774269,time,-0.0168622,1,0.0353838,0.042043
i_macro,FIRSTCUT|spx|H84,^GSPC,design,1989-06-30,1989-07-03,1989-10-31,84,5212.13,5612.79,0.0768706,0.0766552,0.0259683,0.0506869,time,0,1,0.0262664,0.0244205
i_macro,FIRSTCUT|spx|H84,^GSPC,design,1995-07-31,1995-08-01,1995-11-29,84,11005,12056.6,0.0955544,0.0953353,0.0177623,0.077573,time,-0.00675609,1,0.0480023,0.0295707
i_macro,FIRSTCUT|spx|H84,^GSPC,design,2001-01-31,2001-02-01,2001-06-04,84,29572,27405,-0.0732786,-0.0734639,0.0138694,-0.0873333,time,-0.194939,1,0.000420745,-0.0877541
i_macro,FIRSTCUT|spx|H84,^GSPC,design,2007-09-28,2007-10-01,2008-01-31,84,37367.7,33510.4,-0.103225,-0.103404,0.0108028,-0.114207,time,-0.147797,1,0.0102747,-0.124482
i_macro,FIRSTCUT|spx|H84,^GSPC,test,2019-08-30,2019-09-03,2020-01-02,84,90549.6,102163,0.12826,0.128034,0.00549206,0.122542,time,-0.00495395,1,0.0380483,0.0844938
i_macro,FIRSTCUT|spx|H84,^GSPC,test,2024-09-30,2024-10-01,2025-02-03,84,193078,203595,0.054467,0.0542561,0.0145135,0.0397426,time,-0.00195823,1,0.0314029,0.00833975
i_macro,FIRSTCUT|spx|H84,SPY,test_exec,2019-08-30,2019-09-03,2019-12-31,84,261.703,292.655,0.118271,0.118047,0.00550913,0.112538,time,-0.00406034,1,0.0373541,0.0751843
i_macro,FIRSTCUT|spx|H84,SPY,test_exec,2024-09-30,2024-10-01,2025-01-31,84,560.466,590.225,0.0530965,0.0528859,0.0145246,0.0383613,time,-0.00976627,1,0.030742,0.00761924
i_macro,FIRSTCUT|spx|H84,^GSPC,full,1957-12-31,1958-01-02,1958-05-01,84,200.029,219.024,0.0949632,0.0947442,0.00531627,0.0894279,time,0,1,0.0370645,0.0523634
i_macro,FIRSTCUT|spx|H84,^GSPC,full,1960-06-30,1960-07-01,1960-10-31,84,308.612,292.184,-0.0532303,-0.0534196,0.00783175,-0.0612514,time,-0.0748627,1,0.0322887,-0.0935401
i_macro,FIRSTCUT|spx|H84,^GSPC,full,1967-01-31,1967-02-01,1967-06-02,84,575.072,603.858,0.0500564,0.0498465,0.0134393,0.0364072,time,0,1,-0.00369508,0.0401023
i_macro,FIRSTCUT|spx|H84,^GSPC,full,1970-03-31,1970-04-01,1970-07-29,84,659.985,579.659,-0.121709,-0.121885,0.0220853,-0.14397,time,-0.226001,1,0.00533312,-0.149303
i_macro,FIRSTCUT|spx|H84,^GSPC,full,1973-10-31,1973-11-01,1974-03-05,84,884.823,809.04,-0.0856477,-0.0858305,0.0252071,-0.111038,time,-0.150052,1,0.00475051,-0.115788
i_macro,FIRSTCUT|spx|H84,^GSPC,full,1979-11-30,1979-12-03,1980-04-02,84,1143.77,1129.28,-0.0126655,-0.0128629,0.0435897,-0.0564526,time,-0.0563823,1,0.00790199,-0.0643546
i_macro,FIRSTCUT|spx|H84,^GSPC,full,1984-09-28,1984-10-01,1985-01-30,84,2262.8,2503.03,0.106168,0.105946,0.0285194,0.0774269,time,-0.0168622,1,0.0353838,0.042043
i_macro,FIRSTCUT|spx|H84,^GSPC,full,1989-06-30,1989-07-03,1989-10-31,84,5212.13,5612.79,0.0768706,0.0766552,0.0259683,0.0506869,time,0,1,0.0262664,0.0244205
i_macro,FIRSTCUT|spx|H84,^GSPC,full,1995-07-31,1995-08-01,1995-11-29,84,11005,12056.6,0.0955544,0.0953353,0.0177623,0.077573,time,-0.00675609,1,0.0480023,0.0295707
i_macro,FIRSTCUT|spx|H84,^GSPC,full,2001-01-31,2001-02-01,2001-06-04,84,29572,27405,-0.0732786,-0.0734639,0.0138694,-0.0873333,time,-0.194939,1,0.000420745,-0.0877541
i_macro,FIRSTCUT|spx|H84,^GSPC,full,2007-09-28,2007-10-01,2008-01-31,84,37367.7,33510.4,-0.103225,-0.103404,0.0108028,-0.114207,time,-0.147797,1,0.00822451,-0.122432
i_macro,FIRSTCUT|spx|H84,^GSPC,full,2019-08-30,2019-09-03,2020-01-02,84,90549.6,102163,0.12826,0.128034,0.00549206,0.122542,time,-0.00495395,1,0.0380483,0.0844938
i_macro,FIRSTCUT|spx|H84,^GSPC,full,2024-09-30,2024-10-01,2025-02-03,84,193078,203595,0.054467,0.0542561,0.0145135,0.0397426,time,-0.00195823,1,0.0314029,0.00833975
i_macro,RESTEEP|10y|H42,UST10syn,design,1967-02-28,1967-03-01,1967-05-01,42,1.18778,1.18649,-0.00108583,-0.00148532,0.00673611,-0.00822143,time,-0.00226403,2,-0.00623428,-0.00198715
i_macro,RESTEEP|10y|H42,UST10syn,design,1969-09-30,1969-10-01,1969-12-04,42,1.11348,1.14077,0.0245048,0.0240951,0.0119131,0.012182,time,0,2,-0.000942196,0.0131242
i_macro,RESTEEP|10y|H42,UST10syn,design,1970-02-27,1970-03-02,1970-04-30,42,1.19481,1.13743,-0.048025,-0.0484057,0.0109349,-0.0593407,time,-0.048025,2,-0.00270223,-0.0566384
i_macro,RESTEEP|10y|H42,UST10syn,design,1974-07-31,1974-08-01,1974-10-01,42,1.49933,1.51439,0.0100406,0.00963666,0.0141694,-0.00453278,time,-0.0107382,2,0.000685079,-0.00521786
i_macro,RESTEEP|10y|H42,UST10syn,design,1974-10-31,1974-11-01,1975-01-07,42,1.54235,1.60982,0.0437427,0.0429081,0.012056,0.0308521,time,0,4,-0.00133573,0.0321878
i_macro,RESTEEP|10y|H42,UST10syn,design,1980-05-30,1980-06-02,1980-07-31,42,2.08706,2.06309,-0.0114817,-0.011877,0.0126151,-0.0244921,time,-0.0114817,2,-0.00465606,-0.019836
i_macro,RESTEEP|10y|H42,UST10syn,design,1981-09-30,1981-10-01,1981-12-04,42,1.82612,2.1422,0.173088,0.172619,0.0201127,0.152506,time,0,2,-0.00207447,0.154581
i_macro,RESTEEP|10y|H42,UST10syn,design,1989-08-31,1989-09-01,1989-11-02,42,6.3199,6.54742,0.0360013,0.035587,0.012821,0.022766,time,-0.0033817,2,0.00507406,0.0176919
i_macro,RESTEEP|10y|H42,UST10syn,design,2001-01-31,2001-02-01,2001-04-03,42,16.7096,17.0579,0.0208447,0.0204364,0.00767421,0.0127622,time,-0.0085462,2,0.00627953,0.00648271
i_macro,RESTEEP|10y|H42,UST10syn,design,2007-05-31,2007-06-01,2007-08-01,42,22.3344,22.8582,0.0234541,0.0230448,0.00786389,0.0151809,time,-0.0223159,2,0.00455917,0.0106217
i_macro,RESTEEP|10y|H42,UST10syn,test,2019-10-31,2019-11-01,2020-01-06,42,40.2716,40.1047,-0.00414313,-0.00454139,0.0025627,-0.00710409,time,-0.0186278,2,-0.00198122,-0.00512287
i_macro,RESTEEP|10y|H42,UST10syn,test,2020-03-31,2020-04-01,2020-06-02,42,44.9437,44.7264,-0.00483458,-0.00563039,0.000224206,-0.0058546,time,-0.0142597,4,-0.00186143,-0.00399317
i_macro,RESTEEP|10y|H42,UST10syn,test,2024-12-31,2025-01-02,2025-03-05,42,35.9909,37.115,0.0312348,0.0308224,0.00702024,0.0238022,time,-0.0158892,2,-0.00949658,0.0332988
i_macro,RESTEEP|10y|H42,UST10syn,test,2025-05-30,2025-06-02,2025-08-01,42,36.9598,37.9169,0.0258948,0.0254845,0.00706587,0.0184186,time,-0.00352962,2,-0.0063455,0.0247641
i_macro,RESTEEP|10y|H42,UST10syn,test,2025-08-29,2025-09-02,2025-10-31,42,37.9045,38.6815,0.0204979,0.0200898,0.0064369,0.0136529,time,0,2,-0.00491124,0.0185642
i_macro,RESTEEP|10y|H42,IEF,test_exec,2019-10-31,2019-11-01,2020-01-02,42,94.6788,93.7217,-0.0101082,-0.0105041,0.0025623,-0.0130664,time,-0.0172936,2,-0.00182492,-0.0112415
i_macro,RESTEEP|10y|H42,IEF,test_exec,2020-03-31,2020-04-01,2020-06-01,42,103.756,103.663,-0.00089822,-0.00169718,0.000221825,-0.00191901,time,-0.0117086,4,-0.00165955,-0.000259463
i_macro,RESTEEP|10y|H42,IEF,test_exec,2024-12-31,2025-01-02,2025-03-05,42,86.8766,89.208,0.0268355,0.0264248,0.00702063,0.0194042,time,-0.015974,2,-0.00855443,0.0279586
i_macro,RESTEEP|10y|H42,IEF,test_exec,2025-05-30,2025-06-02,2025-07-31,42,89.5476,90.6919,0.0127787,0.0123737,0.00706825,0.00530546,time,-0.00521288,2,-0.00577408,0.0110795
i_macro,RESTEEP|10y|H42,IEF,test_exec,2025-08-29,2025-09-02,2025-10-29,42,91.8249,93.5433,0.0187135,0.0183061,0.00645357,0.0118525,time,0.000942845,2,-0.00416934,0.0160219
i_macro,RESTEEP|10y|H42,UST10syn,full,1967-02-28,1967-03-01,1967-05-01,42,1.18778,1.18649,-0.00108583,-0.00148532,0.00673611,-0.00822143,time,-0.00226403,2,-0.00623428,-0.00198715
i_macro,RESTEEP|10y|H42,UST10syn,full,1969-09-30,1969-10-01,1969-12-04,42,1.11348,1.14077,0.0245048,0.0240951,0.0119131,0.012182,time,0,2,-0.000942196,0.0131242
i_macro,RESTEEP|10y|H42,UST10syn,full,1970-02-27,1970-03-02,1970-04-30,42,1.19481,1.13743,-0.048025,-0.0484057,0.0109349,-0.0593407,time,-0.048025,2,-0.00270223,-0.0566384
i_macro,RESTEEP|10y|H42,UST10syn,full,1974-07-31,1974-08-01,1974-10-01,42,1.49933,1.51439,0.0100406,0.00963666,0.0141694,-0.00453278,time,-0.0107382,2,0.000685079,-0.00521786
i_macro,RESTEEP|10y|H42,UST10syn,full,1974-10-31,1974-11-01,1975-01-07,42,1.54235,1.60982,0.0437427,0.0429081,0.012056,0.0308521,time,0,4,-0.00133573,0.0321878
i_macro,RESTEEP|10y|H42,UST10syn,full,1980-05-30,1980-06-02,1980-07-31,42,2.08706,2.06309,-0.0114817,-0.011877,0.0126151,-0.0244921,time,-0.0114817,2,-0.00465606,-0.019836
i_macro,RESTEEP|10y|H42,UST10syn,full,1981-09-30,1981-10-01,1981-12-04,42,1.82612,2.1422,0.173088,0.172619,0.0201127,0.152506,time,0,2,-0.00207447,0.154581
i_macro,RESTEEP|10y|H42,UST10syn,full,1989-08-31,1989-09-01,1989-11-02,42,6.3199,6.54742,0.0360013,0.035587,0.012821,0.022766,time,-0.0033817,2,0.00507406,0.0176919
i_macro,RESTEEP|10y|H42,UST10syn,full,2001-01-31,2001-02-01,2001-04-03,42,16.7096,17.0579,0.0208447,0.0204364,0.00767421,0.0127622,time,-0.0085462,2,0.00627953,0.00648271
i_macro,RESTEEP|10y|H42,UST10syn,full,2007-05-31,2007-06-01,2007-08-01,42,22.3344,22.8582,0.0234541,0.0230448,0.00786389,0.0151809,time,-0.0223159,2,0.00624747,0.00893342
i_macro,RESTEEP|10y|H42,UST10syn,full,2019-10-31,2019-11-01,2020-01-06,42,40.2716,40.1047,-0.00414313,-0.00454139,0.0025627,-0.00710409,time,-0.0186278,2,-0.00198122,-0.00512287
i_macro,RESTEEP|10y|H42,UST10syn,full,2020-03-31,2020-04-01,2020-06-02,42,44.9437,44.7264,-0.00483458,-0.00563039,0.000224206,-0.0058546,time,-0.0142597,4,-0.00186143,-0.00399317
i_macro,RESTEEP|10y|H42,UST10syn,full,2024-12-31,2025-01-02,2025-03-05,42,35.9909,37.115,0.0312348,0.0308224,0.00702024,0.0238022,time,-0.0158892,2,-0.00949658,0.0332988
i_macro,RESTEEP|10y|H42,UST10syn,full,2025-05-30,2025-06-02,2025-08-01,42,36.9598,37.9169,0.0258948,0.0254845,0.00706587,0.0184186,time,-0.00352962,2,-0.0063455,0.0247641
i_macro,RESTEEP|10y|H42,UST10syn,full,2025-08-29,2025-09-02,2025-10-31,42,37.9045,38.6815,0.0204979,0.0200898,0.0064369,0.0136529,time,0,2,-0.00491124,0.0185642
i_macro,RESTEEP|10y|H63,UST10syn,design,1967-02-28,1967-03-01,1967-05-31,63,1.18778,1.18745,-0.000270847,-0.000670659,0.00973294,-0.0104036,time,-0.011593,2,-0.00967698,-0.000726617
i_macro,RESTEEP|10y|H63,UST10syn,design,1969-09-30,1969-10-01,1970-01-06,63,1.11348,1.10133,-0.0109097,-0.0113052,0.0184778,-0.029783,time,-0.0186219,2,-0.00132253,-0.0284605
i_macro,RESTEEP|10y|H63,UST10syn,design,1970-02-27,1970-03-02,1970-05-29,63,1.19481,1.13438,-0.0505799,-0.0509595,0.0166333,-0.0675929,time,-0.0683585,2,-0.00383894,-0.0637539
i_macro,RESTEEP|10y|H63,UST10syn,design,1974-07-31,1974-08-01,1974-10-31,63,1.49933,1.54308,0.0291782,0.0287666,0.0204175,0.00834911,time,-0.0107382,2,0.00055196,0.00779715
i_macro,RESTEEP|10y|H63,UST10syn,design,1974-10-31,1974-11-01,1975-02-05,63,1.54235,1.62279,0.0521523,0.0513109,0.0171147,0.0341963,time,0,4,-0.00200907,0.0362053
i_macro,RESTEEP|10y|H63,UST10syn,design,1980-05-30,1980-06-02,1980-08-29,63,2.08706,1.98542,-0.0487,-0.0490805,0.0202234,-0.0693039,time,-0.0675202,2,-0.00705583,-0.062248
i_macro,RESTEEP|10y|H63,UST10syn,design,1981-09-30,1981-10-01,1982-01-06,63,1.82612,2.0086,0.0999281,0.0994882,0.0293107,0.0701775,time,0,2,-0.00240714,0.0725847
i_macro,RESTEEP|10y|H63,UST10syn,design,1989-08-31,1989-09-01,1989-12-04,63,6.3199,6.61513,0.0467155,0.0462969,0.0192103,0.0270866,time,-0.0033817,2,0.00756505,0.0195216
i_macro,RESTEEP|10y|H63,UST10syn,design,2001-01-31,2001-02-01,2001-05-03,63,16.7096,16.7596,0.00299403,0.00259291,0.010875,-0.00828209,time,-0.0085462,2,0.00901924,-0.0173013
i_macro,RESTEEP|10y|H63,UST10syn,design,2007-05-31,2007-06-01,2007-08-30,63,22.3344,23.4015,0.0477799,0.0473609,0.0113552,0.0360058,time,-0.0223159,2,0.00695973,0.029046
i_macro,RESTEEP|10y|H63,UST10syn,test,2019-10-31,2019-11-01,2020-02-05,63,40.2716,40.7136,0.0109761,0.0105718,0.00383492,0.00673685,time,-0.0186278,2,-0.0023338,0.00907066
i_macro,RESTEEP|10y|H63,UST10syn,test,2020-03-31,2020-04-01,2020-07-01,63,44.9437,44.7048,-0.00531362,-0.00610905,0.00035754,-0.00646659,time,-0.0265325,4,-0.00303959,-0.003427
i_macro,RESTEEP|10y|H63,UST10syn,test,2024-12-31,2025-01-02,2025-04-03,63,35.9909,37.9081,0.0532706,0.0528494,0.0105194,0.04233,time,-0.0158892,2,-0.013652,0.055982
i_macro,RESTEEP|10y|H63,UST10syn,test,2025-05-30,2025-06-02,2025-09-02,63,36.9598,37.9045,0.0255599,0.0251497,0.0104968,0.0146529,time,-0.00352962,2,-0.00966487,0.0243178
i_macro,RESTEEP|10y|H63,IEF,test_exec,2019-10-31,2019-11-01,2020-02-03,63,94.6788,96.4411,0.0186136,0.0182063,0.00383214,0.0143741,time,-0.0172936,2,-0.00207656,0.0164507
i_macro,RESTEEP|10y|H63,IEF,test_exec,2020-03-31,2020-04-01,2020-06-30,63,103.756,103.748,-7.71633e-05,-0.000876782,0.000355556,-0.00123234,time,-0.0173076,4,-0.00270635,0.00147401
i_macro,RESTEEP|10y|H63,IEF,test_exec,2024-12-31,2025-01-02,2025-04-03,63,86.8766,91.1305,0.0489656,0.0485461,0.0105198,0.0380262,time,-0.015974,2,-0.0122192,0.0502454
i_macro,RESTEEP|10y|H63,IEF,test_exec,2025-05-30,2025-06-02,2025-08-29,63,89.5476,92.1866,0.0294709,0.0290592,0.0105048,0.0185544,time,-0.00521288,2,-0.00872318,0.0272776
i_macro,RESTEEP|10y|H63,IEF,test_exec,2025-08-29,2025-09-02,2025-11-28,63,91.8249,94.3702,0.0277186,0.0273076,0.0096004,0.0177072,time,0.000942845,2,-0.0052937,0.0230009
i_macro,RESTEEP|10y|H63,UST10syn,full,1967-02-28,1967-03-01,1967-05-31,63,1.18778,1.18745,-0.000270847,-0.000670659,0.00973294,-0.0104036,time,-0.011593,2,-0.00967698,-0.000726617
i_macro,RESTEEP|10y|H63,UST10syn,full,1969-09-30,1969-10-01,1970-01-06,63,1.11348,1.10133,-0.0109097,-0.0113052,0.0184778,-0.029783,time,-0.0186219,2,-0.00132253,-0.0284605
i_macro,RESTEEP|10y|H63,UST10syn,full,1970-02-27,1970-03-02,1970-05-29,63,1.19481,1.13438,-0.0505799,-0.0509595,0.0166333,-0.0675929,time,-0.0683585,2,-0.00383894,-0.0637539
i_macro,RESTEEP|10y|H63,UST10syn,full,1974-07-31,1974-08-01,1974-10-31,63,1.49933,1.54308,0.0291782,0.0287666,0.0204175,0.00834911,time,-0.0107382,2,0.00055196,0.00779715
i_macro,RESTEEP|10y|H63,UST10syn,full,1974-10-31,1974-11-01,1975-02-05,63,1.54235,1.62279,0.0521523,0.0513109,0.0171147,0.0341963,time,0,4,-0.00200907,0.0362053
i_macro,RESTEEP|10y|H63,UST10syn,full,1980-05-30,1980-06-02,1980-08-29,63,2.08706,1.98542,-0.0487,-0.0490805,0.0202234,-0.0693039,time,-0.0675202,2,-0.00705583,-0.062248
i_macro,RESTEEP|10y|H63,UST10syn,full,1981-09-30,1981-10-01,1982-01-06,63,1.82612,2.0086,0.0999281,0.0994882,0.0293107,0.0701775,time,0,2,-0.00240714,0.0725847
i_macro,RESTEEP|10y|H63,UST10syn,full,1989-08-31,1989-09-01,1989-12-04,63,6.3199,6.61513,0.0467155,0.0462969,0.0192103,0.0270866,time,-0.0033817,2,0.00756505,0.0195216
i_macro,RESTEEP|10y|H63,UST10syn,full,2001-01-31,2001-02-01,2001-05-03,63,16.7096,16.7596,0.00299403,0.00259291,0.010875,-0.00828209,time,-0.0085462,2,0.00901924,-0.0173013
i_macro,RESTEEP|10y|H63,UST10syn,full,2007-05-31,2007-06-01,2007-08-30,63,22.3344,23.4015,0.0477799,0.0473609,0.0113552,0.0360058,time,-0.0223159,2,0.00980471,0.026201
i_macro,RESTEEP|10y|H63,UST10syn,full,2019-10-31,2019-11-01,2020-02-05,63,40.2716,40.7136,0.0109761,0.0105718,0.00383492,0.00673685,time,-0.0186278,2,-0.0023338,0.00907066
i_macro,RESTEEP|10y|H63,UST10syn,full,2020-03-31,2020-04-01,2020-07-01,63,44.9437,44.7048,-0.00531362,-0.00610905,0.00035754,-0.00646659,time,-0.0265325,4,-0.00303959,-0.003427
i_macro,RESTEEP|10y|H63,UST10syn,full,2024-12-31,2025-01-02,2025-04-03,63,35.9909,37.9081,0.0532706,0.0528494,0.0105194,0.04233,time,-0.0158892,2,-0.013652,0.055982
i_macro,RESTEEP|10y|H63,UST10syn,full,2025-05-30,2025-06-02,2025-09-02,63,36.9598,37.9045,0.0255599,0.0251497,0.0104968,0.0146529,time,-0.00352962,2,-0.00966487,0.0243178
i_macro,RESTEEP|10y|H84,UST10syn,design,1967-02-28,1967-03-01,1967-06-29,84,1.18778,1.15646,-0.0263642,-0.0267536,0.0126611,-0.0394147,time,-0.0273908,2,-0.0129613,-0.0264534
i_macro,RESTEEP|10y|H84,UST10syn,design,1969-09-30,1969-10-01,1970-02-04,84,1.11348,1.1437,0.0271369,0.0267261,0.0250075,0.00171857,time,-0.0186219,2,-0.00228701,0.00400558
i_macro,RESTEEP|10y|H84,UST10syn,design,1970-02-27,1970-03-02,1970-06-29,84,1.19481,1.15686,-0.0317622,-0.0321494,0.0222044,-0.0543538,time,-0.0683585,2,-0.00489276,-0.049461
i_macro,RESTEEP|10y|H84,UST10syn,design,1974-07-31,1974-08-01,1974-12-04,84,1.49933,1.56593,0.0444186,0.0440009,0.0266417,0.0173592,time,-0.0107382,2,0.00017169,0.0171876
i_macro,RESTEEP|10y|H84,UST10syn,design,1980-05-30,1980-06-02,1980-09-30,84,2.08706,1.96929,-0.0564272,-0.0568045,0.0287829,-0.0855874,time,-0.068023,2,-0.00938229,-0.0762052
i_macro,RESTEEP|10y|H84,UST10syn,design,1981-09-30,1981-10-01,1982-02-04,84,1.82612,2.0139,0.102827,0.102386,0.0398476,0.0625379,time,0,2,-0.0022804,0.0648183
i_macro,RESTEEP|10y|H84,UST10syn,design,1989-08-31,1989-09-01,1990-01-04,84,6.3199,6.58693,0.0422522,0.0418354,0.025569,0.0162663,time,-0.0033817,2,0.0100451,0.00622121
i_macro,RESTEEP|10y|H84,UST10syn,design,2001-01-31,2001-02-01,2001-06-04,84,16.7096,16.67,-0.00236813,-0.0027671,0.0138694,-0.0166365,time,-0.0179795,2,0.0117164,-0.0283529
i_macro,RESTEEP|10y|H84,UST10syn,design,2007-05-31,2007-06-01,2007-10-01,84,22.3344,23.399,0.0476667,0.0472477,0.0145968,0.0326509,time,-0.0223159,2,0.00861065,0.0240402
i_macro,RESTEEP|10y|H84,UST10syn,test,2019-10-31,2019-11-01,2020-03-06,84,40.2716,44.4328,0.103329,0.102888,0.00494484,0.0979432,time,-0.0186278,2,-0.00311592,0.101059
i_macro,RESTEEP|10y|H84,UST10syn,test,2020-03-31,2020-04-01,2020-07-31,84,44.9437,45.3375,0.00876222,0.00795553,0.000462698,0.00749283,time,-0.0265325,4,-0.00425796,0.0117508
i_macro,RESTEEP|10y|H84,UST10syn,test,2024-12-31,2025-01-02,2025-05-05,84,35.9909,37.1335,0.0317467,0.0313341,0.0140282,0.0173059,time,-0.0158892,2,-0.0169997,0.0343057
i_macro,RESTEEP|10y|H84,UST10syn,test,2025-05-30,2025-06-02,2025-10-01,84,36.9598,38.523,0.0422938,0.0418769,0.0137536,0.0281234,time,-0.00352962,2,-0.012257,0.0403803
i_macro,RESTEEP|10y|H84,IEF,test_exec,2019-10-31,2019-11-01,2020-03-04,84,94.6788,100.248,0.058818,0.0583945,0.00502222,0.0533723,time,-0.0172936,2,-0.00277308,0.0561454
i_macro,RESTEEP|10y|H84,IEF,test_exec,2020-03-31,2020-04-01,2020-07-30,84,103.756,104.609,0.00821679,0.00741054,0.000462698,0.00694784,time,-0.0173076,4,-0.00382315,0.010771
i_macro,RESTEEP|10y|H84,IEF,test_exec,2024-12-31,2025-01-02,2025-05-05,84,86.8766,89.7573,0.0331584,0.0327453,0.0140286,0.0187167,time,-0.015974,2,-0.0151,0.0338167
i_macro,RESTEEP|10y|H84,IEF,test_exec,2025-05-30,2025-06-02,2025-09-30,84,89.5476,92.7869,0.0361738,0.0357594,0.0137694,0.02199,time,-0.00521288,2,-0.010873,0.032863
i_macro,RESTEEP|10y|H84,UST10syn,full,1967-02-28,1967-03-01,1967-06-29,84,1.18778,1.15646,-0.0263642,-0.0267536,0.0126611,-0.0394147,time,-0.0273908,2,-0.0129613,-0.0264534
i_macro,RESTEEP|10y|H84,UST10syn,full,1969-09-30,1969-10-01,1970-02-04,84,1.11348,1.1437,0.0271369,0.0267261,0.0250075,0.00171857,time,-0.0186219,2,-0.00228701,0.00400558
i_macro,RESTEEP|10y|H84,UST10syn,full,1970-02-27,1970-03-02,1970-06-29,84,1.19481,1.15686,-0.0317622,-0.0321494,0.0222044,-0.0543538,time,-0.0683585,2,-0.00489276,-0.049461
i_macro,RESTEEP|10y|H84,UST10syn,full,1974-07-31,1974-08-01,1974-12-04,84,1.49933,1.56593,0.0444186,0.0440009,0.0266417,0.0173592,time,-0.0107382,2,0.00017169,0.0171876
i_macro,RESTEEP|10y|H84,UST10syn,full,1980-05-30,1980-06-02,1980-09-30,84,2.08706,1.96929,-0.0564272,-0.0568045,0.0287829,-0.0855874,time,-0.068023,2,-0.00938229,-0.0762052
i_macro,RESTEEP|10y|H84,UST10syn,full,1981-09-30,1981-10-01,1982-02-04,84,1.82612,2.0139,0.102827,0.102386,0.0398476,0.0625379,time,0,2,-0.0022804,0.0648183
i_macro,RESTEEP|10y|H84,UST10syn,full,1989-08-31,1989-09-01,1990-01-04,84,6.3199,6.58693,0.0422522,0.0418354,0.025569,0.0162663,time,-0.0033817,2,0.0100451,0.00622121
i_macro,RESTEEP|10y|H84,UST10syn,full,2001-01-31,2001-02-01,2001-06-04,84,16.7096,16.67,-0.00236813,-0.0027671,0.0138694,-0.0166365,time,-0.0179795,2,0.0117164,-0.0283529
i_macro,RESTEEP|10y|H84,UST10syn,full,2007-05-31,2007-06-01,2007-10-01,84,22.3344,23.399,0.0476667,0.0472477,0.0145968,0.0326509,time,-0.0223159,2,0.0132215,0.0194293
i_macro,RESTEEP|10y|H84,UST10syn,full,2019-10-31,2019-11-01,2020-03-06,84,40.2716,44.4328,0.103329,0.102888,0.00494484,0.0979432,time,-0.0186278,2,-0.00311592,0.101059
i_macro,RESTEEP|10y|H84,UST10syn,full,2020-03-31,2020-04-01,2020-07-31,84,44.9437,45.3375,0.00876222,0.00795553,0.000462698,0.00749283,time,-0.0265325,4,-0.00425796,0.0117508
i_macro,RESTEEP|10y|H84,UST10syn,full,2024-12-31,2025-01-02,2025-05-05,84,35.9909,37.1335,0.0317467,0.0313341,0.0140282,0.0173059,time,-0.0158892,2,-0.0169997,0.0343057
i_macro,RESTEEP|10y|H84,UST10syn,full,2025-05-30,2025-06-02,2025-10-01,84,36.9598,38.523,0.0422938,0.0418769,0.0137536,0.0281234,time,-0.00352962,2,-0.012257,0.0403803
i_macro,RESTEEP|long|H42,ULONGsyn,design,1967-02-28,1967-03-01,1967-05-01,42,1.15315,1.13692,-0.0140779,-0.0144722,0.00673611,-0.0212083,time,-0.0140779,2,-0.00867264,-0.0125357
i_macro,RESTEEP|long|H42,ULONGsyn,design,1969-09-30,1969-10-01,1969-12-04,42,1.02973,1.04716,0.0169287,0.016522,0.0119131,0.0046089,time,0,2,-0.0019951,0.006604
i_macro,RESTEEP|long|H42,ULONGsyn,design,1970-02-27,1970-03-02,1970-04-30,42,1.08432,1.04062,-0.0403061,-0.0406899,0.0109349,-0.0516248,time,-0.0439098,2,-0.00597162,-0.0456532
i_macro,RESTEEP|long|H42,ULONGsyn,design,1974-07-31,1974-08-01,1974-10-01,42,1.19599,1.20977,0.0115247,0.0111202,0.0141694,-0.00304923,time,-0.015781,2,-0.00108495,-0.00196428
i_macro,RESTEEP|long|H42,ULONGsyn,design,1974-10-31,1974-11-01,1975-01-07,42,1.2651,1.31444,0.0389936,0.0381627,0.012056,0.0261068,time,0,4,-0.00309461,0.0292014
i_macro,RESTEEP|long|H42,ULONGsyn,design,1980-05-30,1980-06-02,1980-07-31,42,1.60825,1.58343,-0.0154325,-0.0158263,0.0126151,-0.0284414,time,-0.0154325,2,-0.00696409,-0.0214773
i_macro,RESTEEP|long|H42,ULONGsyn,design,1981-09-30,1981-10-01,1981-12-04,42,1.32074,1.5847,0.199856,0.199377,0.0201127,0.179264,time,0,2,-0.00383762,0.183101
i_macro,RESTEEP|long|H42,ULONGsyn,design,1989-08-31,1989-09-01,1989-11-02,42,5.37652,5.61271,0.0439295,0.043512,0.012821,0.030691,time,-0.0123262,2,0.0046564,0.0260346
i_macro,RESTEEP|long|H42,ULONGsyn,design,2001-01-31,2001-02-01,2001-04-03,42,16.5202,16.6176,0.00589767,0.00549539,0.00767421,-0.00217882,time,-0.00785343,2,0.0076928,-0.00987161
i_macro,RESTEEP|long|H42,ULONGsyn,design,2007-05-31,2007-06-01,2007-08-01,42,23.9327,24.7371,0.0336099,0.0331965,0.00786389,0.0253326,time,-0.0414452,2,0.00908144,0.0162512
i_macro,RESTEEP|long|H42,ULONGsyn,test,2019-10-31,2019-11-01,2020-01-06,42,58.7119,58.0209,-0.0117698,-0.012165,0.0025627,-0.0147277,time,-0.0460091,2,-0.00117312,-0.0135546
i_macro,RESTEEP|long|H42,ULONGsyn,test,2020-03-31,2020-04-01,2020-06-02,42,73.049,69.4334,-0.0494962,-0.0502563,0.000224206,-0.0504805,time,-0.0494962,4,-0.00169419,-0.0487863
i_macro,RESTEEP|long|H42,ULONGsyn,test,2024-12-31,2025-01-02,2025-03-05,42,41.1192,42.9228,0.0438631,0.0434457,0.00702024,0.0364254,time,-0.0277699,2,-0.0197506,0.0561761
i_macro,RESTEEP|long|H42,ULONGsyn,test,2025-05-30,2025-06-02,2025-08-01,42,40.5972,42.0805,0.0365369,0.0361224,0.00706587,0.0290565,time,0,2,-0.013575,0.0426315
i_macro,RESTEEP|long|H42,ULONGsyn,test,2025-08-29,2025-09-02,2025-10-31,42,41.213,43.5287,0.0561889,0.0557665,0.0064369,0.0493296,time,0,2,-0.0111402,0.0604698
i_macro,RESTEEP|long|H42,TLT,test_exec,2019-10-31,2019-11-01,2020-01-02,42,114.662,112.002,-0.0231996,-0.0235902,0.0025623,-0.0261525,time,-0.0413554,2,-0.00197392,-0.0241786
i_macro,RESTEEP|long|H42,TLT,test_exec,2020-03-31,2020-04-01,2020-06-01,42,138.36,133.613,-0.0343108,-0.035083,0.000221825,-0.0353048,time,-0.0346589,4,-0.00183642,-0.0334684
i_macro,RESTEEP|long|H42,TLT,test_exec,2024-12-31,2025-01-02,2025-03-05,42,81.5528,84.8131,0.0399782,0.0395623,0.00702063,0.0325416,time,-0.0285879,2,-0.0186701,0.0512118
i_macro,RESTEEP|long|H42,TLT,test_exec,2025-05-30,2025-06-02,2025-07-31,42,80.6345,82.482,0.022913,0.022504,0.00706825,0.0154357,time,-0.00328292,2,-0.012857,0.0282927
i_macro,RESTEEP|long|H42,TLT,test_exec,2025-08-29,2025-09-02,2025-10-29,42,81.8786,87.4026,0.0674653,0.0670384,0.00645357,0.0605849,time,0,2,-0.0100593,0.0706441
i_macro,RESTEEP|long|H42,ULONGsyn,full,1967-02-28,1967-03-01,1967-05-01,42,1.15315,1.13692,-0.0140779,-0.0144722,0.00673611,-0.0212083,time,-0.0140779,2,-0.00867264,-0.0125357
i_macro,RESTEEP|long|H42,ULONGsyn,full,1969-09-30,1969-10-01,1969-12-04,42,1.02973,1.04716,0.0169287,0.016522,0.0119131,0.0046089,time,0,2,-0.0019951,0.006604
i_macro,RESTEEP|long|H42,ULONGsyn,full,1970-02-27,1970-03-02,1970-04-30,42,1.08432,1.04062,-0.0403061,-0.0406899,0.0109349,-0.0516248,time,-0.0439098,2,-0.00597162,-0.0456532
i_macro,RESTEEP|long|H42,ULONGsyn,full,1974-07-31,1974-08-01,1974-10-01,42,1.19599,1.20977,0.0115247,0.0111202,0.0141694,-0.00304923,time,-0.015781,2,-0.00108495,-0.00196428
i_macro,RESTEEP|long|H42,ULONGsyn,full,1974-10-31,1974-11-01,1975-01-07,42,1.2651,1.31444,0.0389936,0.0381627,0.012056,0.0261068,time,0,4,-0.00309461,0.0292014
i_macro,RESTEEP|long|H42,ULONGsyn,full,1980-05-30,1980-06-02,1980-07-31,42,1.60825,1.58343,-0.0154325,-0.0158263,0.0126151,-0.0284414,time,-0.0154325,2,-0.00696409,-0.0214773
i_macro,RESTEEP|long|H42,ULONGsyn,full,1981-09-30,1981-10-01,1981-12-04,42,1.32074,1.5847,0.199856,0.199377,0.0201127,0.179264,time,0,2,-0.00383762,0.183101
i_macro,RESTEEP|long|H42,ULONGsyn,full,1989-08-31,1989-09-01,1989-11-02,42,5.37652,5.61271,0.0439295,0.043512,0.012821,0.030691,time,-0.0123262,2,0.0046564,0.0260346
i_macro,RESTEEP|long|H42,ULONGsyn,full,2001-01-31,2001-02-01,2001-04-03,42,16.5202,16.6176,0.00589767,0.00549539,0.00767421,-0.00217882,time,-0.00785343,2,0.0076928,-0.00987161
i_macro,RESTEEP|long|H42,ULONGsyn,full,2007-05-31,2007-06-01,2007-08-01,42,23.9327,24.7371,0.0336099,0.0331965,0.00786389,0.0253326,time,-0.0414452,2,0.0106124,0.0147202
i_macro,RESTEEP|long|H42,ULONGsyn,full,2019-10-31,2019-11-01,2020-01-06,42,58.7119,58.0209,-0.0117698,-0.012165,0.0025627,-0.0147277,time,-0.0460091,2,-0.00117312,-0.0135546
i_macro,RESTEEP|long|H42,ULONGsyn,full,2020-03-31,2020-04-01,2020-06-02,42,73.049,69.4334,-0.0494962,-0.0502563,0.000224206,-0.0504805,time,-0.0494962,4,-0.00169419,-0.0487863
i_macro,RESTEEP|long|H42,ULONGsyn,full,2024-12-31,2025-01-02,2025-03-05,42,41.1192,42.9228,0.0438631,0.0434457,0.00702024,0.0364254,time,-0.0277699,2,-0.0197506,0.0561761
i_macro,RESTEEP|long|H42,ULONGsyn,full,2025-05-30,2025-06-02,2025-08-01,42,40.5972,42.0805,0.0365369,0.0361224,0.00706587,0.0290565,time,0,2,-0.013575,0.0426315
i_macro,RESTEEP|long|H42,ULONGsyn,full,2025-08-29,2025-09-02,2025-10-31,42,41.213,43.5287,0.0561889,0.0557665,0.0064369,0.0493296,time,0,2,-0.0111402,0.0604698
i_macro,RESTEEP|long|H63,ULONGsyn,design,1967-02-28,1967-03-01,1967-05-31,63,1.15315,1.13712,-0.0139038,-0.0142981,0.00973294,-0.0240311,time,-0.0310084,2,-0.0134936,-0.0105375
i_macro,RESTEEP|long|H63,ULONGsyn,design,1969-09-30,1969-10-01,1970-01-06,63,1.02973,1.03113,0.00136471,0.000964245,0.0184778,-0.0175135,time,-0.0190725,2,-0.00352658,-0.013987
i_macro,RESTEEP|long|H63,ULONGsyn,design,1970-02-27,1970-03-02,1970-05-29,63,1.08432,1.00454,-0.0735749,-0.0739454,0.0166333,-0.0905787,time,-0.0992557,2,-0.00858609,-0.0819926
i_macro,RESTEEP|long|H63,ULONGsyn,design,1974-07-31,1974-08-01,1974-10-31,63,1.19599,1.26606,0.058593,0.0581697,0.0204175,0.0377522,time,-0.015781,2,-0.00212699,0.0398792
i_macro,RESTEEP|long|H63,ULONGsyn,design,1974-10-31,1974-11-01,1975-02-05,63,1.2651,1.34267,0.0613088,0.0604601,0.0171147,0.0433454,time,0,4,-0.00474623,0.0480917
i_macro,RESTEEP|long|H63,ULONGsyn,design,1980-05-30,1980-06-02,1980-08-29,63,1.60825,1.53318,-0.0466751,-0.0470563,0.0202234,-0.0672797,time,-0.0598179,2,-0.0106324,-0.0566474
i_macro,RESTEEP|long|H63,ULONGsyn,design,1981-09-30,1981-10-01,1982-01-06,63,1.32074,1.45096,0.0985938,0.0981545,0.0293107,0.0688438,time,0,2,-0.00505397,0.0738977
i_macro,RESTEEP|long|H63,ULONGsyn,design,1989-08-31,1989-09-01,1989-12-04,63,5.37652,5.65159,0.0511609,0.0507405,0.0192103,0.0315302,time,-0.0123262,2,0.00708826,0.0244419
i_macro,RESTEEP|long|H63,ULONGsyn,design,2001-01-31,2001-02-01,2001-05-03,63,16.5202,16.3089,-0.0127906,-0.0131854,0.010875,-0.0240604,time,-0.0373172,2,0.0107574,-0.0348178
i_macro,RESTEEP|long|H63,ULONGsyn,design,2007-05-31,2007-06-01,2007-08-30,63,23.9327,25.1061,0.0490267,0.0486072,0.0113552,0.037252,time,-0.0414452,2,0.0133083,0.0239437
i_macro,RESTEEP|long|H63,ULONGsyn,test,2019-10-31,2019-11-01,2020-02-05,63,58.7119,59.9027,0.0202822,0.0198741,0.00383492,0.0160392,time,-0.0460091,2,-0.000956226,0.0169954
i_macro,RESTEEP|long|H63,ULONGsyn,test,2020-03-31,2020-04-01,2020-07-01,63,73.049,70.3147,-0.0374313,-0.038201,0.00035754,-0.0385586,time,-0.0937435,4,-0.00283402,-0.0357246
i_macro,RESTEEP|long|H63,ULONGsyn,test,2024-12-31,2025-01-02,2025-04-03,63,41.1192,43.6389,0.0612782,0.0608538,0.0105194,0.0503343,time,-0.0277699,2,-0.0287191,0.0790534
i_macro,RESTEEP|long|H63,ULONGsyn,test,2025-05-30,2025-06-02,2025-09-02,63,40.5972,41.213,0.0151677,0.0147618,0.0104968,0.00426493,time,0,2,-0.0208148,0.0250797
i_macro,RESTEEP|long|H63,TLT,test_exec,2019-10-31,2019-11-01,2020-02-03,63,114.662,119.173,0.0393387,0.038923,0.00383214,0.0350909,time,-0.0413554,2,-0.00192156,0.0370124
i_macro,RESTEEP|long|H63,TLT,test_exec,2020-03-31,2020-04-01,2020-06-30,63,138.36,134.971,-0.024492,-0.0252721,0.000355556,-0.0256277,time,-0.0710272,4,-0.00313278,-0.0224949
i_macro,RESTEEP|long|H63,TLT,test_exec,2024-12-31,2025-01-02,2025-04-03,63,81.5528,86.1972,0.0569495,0.0565268,0.0105198,0.0460069,time,-0.0285879,2,-0.0272759,0.0732829
i_macro,RESTEEP|long|H63,TLT,test_exec,2025-05-30,2025-06-02,2025-08-29,63,80.6345,82.4925,0.0230431,0.022634,0.0105048,0.0121292,time,-0.00328292,2,-0.0197029,0.0318322
i_macro,RESTEEP|long|H63,TLT,test_exec,2025-08-29,2025-09-02,2025-11-28,63,81.8786,86.8709,0.0609718,0.0605475,0.0096004,0.0509471,time,0,2,-0.013543,0.0644901
i_macro,RESTEEP|long|H63,ULONGsyn,full,1967-02-28,1967-03-01,1967-05-31,63,1.15315,1.13712,-0.0139038,-0.0142981,0.00973294,-0.0240311,time,-0.0310084,2,-0.0134936,-0.0105375
i_macro,RESTEEP|long|H63,ULONGsyn,full,1969-09-30,1969-10-01,1970-01-06,63,1.02973,1.03113,0.00136471,0.000964245,0.0184778,-0.0175135,time,-0.0190725,2,-0.00352658,-0.013987
i_macro,RESTEEP|long|H63,ULONGsyn,full,1970-02-27,1970-03-02,1970-05-29,63,1.08432,1.00454,-0.0735749,-0.0739454,0.0166333,-0.0905787,time,-0.0992557,2,-0.00858609,-0.0819926
i_macro,RESTEEP|long|H63,ULONGsyn,full,1974-07-31,1974-08-01,1974-10-31,63,1.19599,1.26606,0.058593,0.0581697,0.0204175,0.0377522,time,-0.015781,2,-0.00212699,0.0398792
i_macro,RESTEEP|long|H63,ULONGsyn,full,1974-10-31,1974-11-01,1975-02-05,63,1.2651,1.34267,0.0613088,0.0604601,0.0171147,0.0433454,time,0,4,-0.00474623,0.0480917
i_macro,RESTEEP|long|H63,ULONGsyn,full,1980-05-30,1980-06-02,1980-08-29,63,1.60825,1.53318,-0.0466751,-0.0470563,0.0202234,-0.0672797,time,-0.0598179,2,-0.0106324,-0.0566474
i_macro,RESTEEP|long|H63,ULONGsyn,full,1981-09-30,1981-10-01,1982-01-06,63,1.32074,1.45096,0.0985938,0.0981545,0.0293107,0.0688438,time,0,2,-0.00505397,0.0738977
i_macro,RESTEEP|long|H63,ULONGsyn,full,1989-08-31,1989-09-01,1989-12-04,63,5.37652,5.65159,0.0511609,0.0507405,0.0192103,0.0315302,time,-0.0123262,2,0.00708826,0.0244419
i_macro,RESTEEP|long|H63,ULONGsyn,full,2001-01-31,2001-02-01,2001-05-03,63,16.5202,16.3089,-0.0127906,-0.0131854,0.010875,-0.0240604,time,-0.0373172,2,0.0107574,-0.0348178
i_macro,RESTEEP|long|H63,ULONGsyn,full,2007-05-31,2007-06-01,2007-08-30,63,23.9327,25.1061,0.0490267,0.0486072,0.0113552,0.037252,time,-0.0414452,2,0.0163681,0.0208839
i_macro,RESTEEP|long|H63,ULONGsyn,full,2019-10-31,2019-11-01,2020-02-05,63,58.7119,59.9027,0.0202822,0.0198741,0.00383492,0.0160392,time,-0.0460091,2,-0.000956226,0.0169954
i_macro,RESTEEP|long|H63,ULONGsyn,full,2020-03-31,2020-04-01,2020-07-01,63,73.049,70.3147,-0.0374313,-0.038201,0.00035754,-0.0385586,time,-0.0937435,4,-0.00283402,-0.0357246
i_macro,RESTEEP|long|H63,ULONGsyn,full,2024-12-31,2025-01-02,2025-04-03,63,41.1192,43.6389,0.0612782,0.0608538,0.0105194,0.0503343,time,-0.0277699,2,-0.0287191,0.0790534
i_macro,RESTEEP|long|H63,ULONGsyn,full,2025-05-30,2025-06-02,2025-09-02,63,40.5972,41.213,0.0151677,0.0147618,0.0104968,0.00426493,time,0,2,-0.0208148,0.0250797
i_macro,RESTEEP|long|H84,ULONGsyn,design,1967-02-28,1967-03-01,1967-06-29,84,1.15315,1.1104,-0.0370793,-0.0374644,0.0126611,-0.0501255,time,-0.0421297,2,-0.0181893,-0.0319362
i_macro,RESTEEP|long|H84,ULONGsyn,design,1969-09-30,1969-10-01,1970-02-04,84,1.02973,1.0491,0.0188177,0.0184103,0.0250075,-0.00659726,time,-0.0190725,2,-0.00640194,-0.000195313
i_macro,RESTEEP|long|H84,ULONGsyn,design,1970-02-27,1970-03-02,1970-06-29,84,1.08432,1.03413,-0.0462915,-0.0466729,0.0222044,-0.0688773,time,-0.0992557,2,-0.0111744,-0.0577029
i_macro,RESTEEP|long|H84,ULONGsyn,design,1974-07-31,1974-08-01,1974-12-04,84,1.19599,1.28938,0.0780921,0.0776609,0.0266417,0.0510193,time,-0.015781,2,-0.00344158,0.0544609
i_macro,RESTEEP|long|H84,ULONGsyn,design,1980-05-30,1980-06-02,1980-09-30,84,1.60825,1.49341,-0.0714042,-0.0717755,0.0287829,-0.100558,time,-0.0890146,2,-0.0143143,-0.0862441
i_macro,RESTEEP|long|H84,ULONGsyn,design,1981-09-30,1981-10-01,1982-02-04,84,1.32074,1.44161,0.0915189,0.0910824,0.0398476,0.0512348,time,0,2,-0.00580254,0.0570373
i_macro,RESTEEP|long|H84,ULONGsyn,design,1989-08-31,1989-09-01,1990-01-04,84,5.37652,5.58717,0.0391786,0.0387631,0.025569,0.013194,time,-0.0123262,2,0.0094406,0.00375341
i_macro,RESTEEP|long|H84,ULONGsyn,design,2001-01-31,2001-02-01,2001-06-04,84,16.5202,16.2724,-0.0149958,-0.0153897,0.0138694,-0.0292592,time,-0.0454678,2,0.0138759,-0.0431351
i_macro,RESTEEP|long|H84,ULONGsyn,design,2007-05-31,2007-06-01,2007-10-01,84,23.9327,25.3669,0.0599263,0.0595024,0.0145968,0.0449056,time,-0.0414452,2,0.0165385,0.0283671
i_macro,RESTEEP|long|H84,ULONGsyn,test,2019-10-31,2019-11-01,2020-03-06,84,58.7119,73.7889,0.256796,0.256293,0.00494484,0.251349,time,-0.0460091,2,-0.00135099,0.2527
i_macro,RESTEEP|long|H84,ULONGsyn,test,2020-03-31,2020-04-01,2020-07-31,84,73.049,74.4911,0.0197415,0.018926,0.000462698,0.0184633,time,-0.0937435,4,-0.00437183,0.0228351
i_macro,RESTEEP|long|H84,ULONGsyn,test,2024-12-31,2025-01-02,2025-05-05,84,41.1192,41.4741,0.0086313,0.00822793,0.0140282,-0.00580024,time,-0.0277699,2,-0.0366474,0.0308471
i_macro,RESTEEP|long|H84,ULONGsyn,test,2025-05-30,2025-06-02,2025-10-01,84,40.5972,43.0219,0.0597235,0.0592997,0.0137536,0.0455462,time,0,2,-0.0269261,0.0724723
i_macro,RESTEEP|long|H84,TLT,test_exec,2019-10-31,2019-11-01,2020-03-04,84,114.662,126.836,0.106169,0.105727,0.00502222,0.100705,time,-0.0413554,2,-0.00246335,0.103168
i_macro,RESTEEP|long|H84,TLT,test_exec,2020-03-31,2020-04-01,2020-07-30,84,138.36,141.048,0.0194284,0.0186132,0.000462698,0.0181505,time,-0.0710272,4,-0.0046306,0.0227811
i_macro,RESTEEP|long|H84,TLT,test_exec,2024-12-31,2025-01-02,2025-05-05,84,81.5528,82.1721,0.00759443,0.00719147,0.0140286,-0.0068371,time,-0.0285879,2,-0.0347831,0.027946
i_macro,RESTEEP|long|H84,TLT,test_exec,2025-05-30,2025-06-02,2025-09-30,84,80.6345,85.4548,0.0597803,0.0593565,0.0137694,0.045587,time,-0.00328292,2,-0.0253222,0.0709092
i_macro,RESTEEP|long|H84,ULONGsyn,full,1967-02-28,1967-03-01,1967-06-29,84,1.15315,1.1104,-0.0370793,-0.0374644,0.0126611,-0.0501255,time,-0.0421297,2,-0.0181893,-0.0319362
i_macro,RESTEEP|long|H84,ULONGsyn,full,1969-09-30,1969-10-01,1970-02-04,84,1.02973,1.0491,0.0188177,0.0184103,0.0250075,-0.00659726,time,-0.0190725,2,-0.00640194,-0.000195313
i_macro,RESTEEP|long|H84,ULONGsyn,full,1970-02-27,1970-03-02,1970-06-29,84,1.08432,1.03413,-0.0462915,-0.0466729,0.0222044,-0.0688773,time,-0.0992557,2,-0.0111744,-0.0577029
i_macro,RESTEEP|long|H84,ULONGsyn,full,1974-07-31,1974-08-01,1974-12-04,84,1.19599,1.28938,0.0780921,0.0776609,0.0266417,0.0510193,time,-0.015781,2,-0.00344158,0.0544609
i_macro,RESTEEP|long|H84,ULONGsyn,full,1980-05-30,1980-06-02,1980-09-30,84,1.60825,1.49341,-0.0714042,-0.0717755,0.0287829,-0.100558,time,-0.0890146,2,-0.0143143,-0.0862441
i_macro,RESTEEP|long|H84,ULONGsyn,full,1981-09-30,1981-10-01,1982-02-04,84,1.32074,1.44161,0.0915189,0.0910824,0.0398476,0.0512348,time,0,2,-0.00580254,0.0570373
i_macro,RESTEEP|long|H84,ULONGsyn,full,1989-08-31,1989-09-01,1990-01-04,84,5.37652,5.58717,0.0391786,0.0387631,0.025569,0.013194,time,-0.0123262,2,0.0094406,0.00375341
i_macro,RESTEEP|long|H84,ULONGsyn,full,2001-01-31,2001-02-01,2001-06-04,84,16.5202,16.2724,-0.0149958,-0.0153897,0.0138694,-0.0292592,time,-0.0454678,2,0.0138759,-0.0431351
i_macro,RESTEEP|long|H84,ULONGsyn,full,2007-05-31,2007-06-01,2007-10-01,84,23.9327,25.3669,0.0599263,0.0595024,0.0145968,0.0449056,time,-0.0414452,2,0.0218235,0.0230821
i_macro,RESTEEP|long|H84,ULONGsyn,full,2019-10-31,2019-11-01,2020-03-06,84,58.7119,73.7889,0.256796,0.256293,0.00494484,0.251349,time,-0.0460091,2,-0.00135099,0.2527
i_macro,RESTEEP|long|H84,ULONGsyn,full,2020-03-31,2020-04-01,2020-07-31,84,73.049,74.4911,0.0197415,0.018926,0.000462698,0.0184633,time,-0.0937435,4,-0.00437183,0.0228351
i_macro,RESTEEP|long|H84,ULONGsyn,full,2024-12-31,2025-01-02,2025-05-05,84,41.1192,41.4741,0.0086313,0.00822793,0.0140282,-0.00580024,time,-0.0277699,2,-0.0366474,0.0308471
i_macro,RESTEEP|long|H84,ULONGsyn,full,2025-05-30,2025-06-02,2025-10-01,84,40.5972,43.0219,0.0597235,0.0592997,0.0137536,0.0455462,time,0,2,-0.0269261,0.0724723
i_macro,RESTEEP|spx|H42,^GSPC,design,1967-02-28,1967-03-01,1967-05-01,42,584.843,629.288,0.0759948,0.0757796,0.00673611,0.0690435,time,0,1,-0.00225602,0.0712995
i_macro,RESTEEP|spx|H42,^GSPC,design,1969-09-30,1969-10-01,1969-12-01,42,666.396,675.135,0.0131149,0.0129123,0.011844,0.0010683,time,0,1,0.00844555,-0.00737726
i_macro,RESTEEP|spx|H42,^GSPC,design,1970-02-27,1970-03-02,1970-04-30,42,655.388,599.184,-0.085757,-0.0859399,0.0109349,-0.0968748,time,-0.100037,1,0.00478204,-0.101657
i_macro,RESTEEP|spx|H42,^GSPC,design,1974-07-31,1974-08-01,1974-10-01,42,665.374,540.077,-0.188311,-0.188474,0.0141694,-0.202643,time,-0.188311,1,-0.00158754,-0.201056
i_macro,RESTEEP|spx|H42,^GSPC,design,1974-10-31,1974-11-01,1975-01-03,42,632.407,610.535,-0.0345847,-0.0349708,0.0121429,-0.0471136,time,-0.115762,2,-0.00191841,-0.0451952
i_macro,RESTEEP|spx|H42,^GSPC,design,1980-05-30,1980-06-02,1980-07-31,42,1229.2,1361.74,0.107828,0.107606,0.0126151,0.0949912,time,-0.00205145,1,0.00815441,0.0868368
i_macro,RESTEEP|spx|H42,^GSPC,design,1981-09-30,1981-10-01,1981-12-01,42,1386.61,1506.96,0.0867943,0.0865769,0.0203544,0.0662226,time,0,1,0.00720323,0.0590193
i_macro,RESTEEP|spx|H42,^GSPC,design,1989-08-31,1989-09-01,1989-11-01,42,5808.64,5626.71,-0.0313215,-0.0315152,0.0128151,-0.0443303,time,-0.0539944,1,0.0132729,-0.0576032
i_macro,RESTEEP|spx|H42,^GSPC,design,2001-01-31,2001-02-01,2001-04-03,42,29572,23871.9,-0.192754,-0.192916,0.00767421,-0.20059,time,-0.192754,1,0.00111793,-0.201708
i_macro,RESTEEP|spx|H42,^GSPC,design,2007-05-31,2007-06-01,2007-08-01,42,36891.5,35278.8,-0.0437143,-0.0439055,0.00786389,-0.0517694,time,-0.0506488,1,0.0067182,-0.0584876
i_macro,RESTEEP|spx|H42,^GSPC,test,2019-10-31,2019-11-01,2020-01-03,42,95815.1,101453,0.0588408,0.0586291,0.0025623,0.0560668,time,0,1,0.0192637,0.0368031
i_macro,RESTEEP|spx|H42,^GSPC,test,2020-03-31,2020-04-01,2020-06-02,42,77854.2,97429,0.251429,0.250929,0.000224206,0.250705,time,0,2,0.0181912,0.232514
i_macro,RESTEEP|spx|H42,^GSPC,test,2024-12-31,2025-01-02,2025-03-06,42,199149,195156,-0.0200465,-0.0202425,0.00701984,-0.0272623,time,-0.0200465,1,0.0168271,-0.0440894
i_macro,RESTEEP|spx|H42,^GSPC,test,2025-05-30,2025-06-02,2025-08-01,42,202560,213265,0.0528523,0.0526418,0.00706587,0.0455759,time,0,1,0.023915,0.0216609
i_macro,RESTEEP|spx|H42,^GSPC,test,2025-08-29,2025-09-02,2025-10-30,42,219629,233923,0.0650829,0.0648699,0.00644206,0.0584278,time,0,1,0.0263945,0.0320333
i_macro,RESTEEP|spx|H42,SPY,test_exec,2019-10-31,2019-11-01,2020-01-02,42,275.896,295.392,0.0706653,0.0704512,0.0025623,0.0678889,time,0.00400105,1,0.0187338,0.0491551
i_macro,RESTEEP|spx|H42,SPY,test_exec,2020-03-31,2020-04-01,2020-06-01,42,226.805,279.458,0.232156,0.231663,0.000221825,0.231441,time,-0.00737963,2,0.0176609,0.21378
i_macro,RESTEEP|spx|H42,SPY,test_exec,2024-12-31,2025-01-02,2025-03-05,42,578.034,571.826,-0.0107397,-0.0109375,0.00702063,-0.0179582,time,-0.0212591,1,0.0163325,-0.0342907
i_macro,RESTEEP|spx|H42,SPY,test_exec,2025-05-30,2025-06-02,2025-07-31,42,578.17,623.605,0.0785842,0.0783685,0.00706825,0.0713002,time,0.00842183,1,0.0233895,0.0479107
i_macro,RESTEEP|spx|H42,SPY,test_exec,2025-08-29,2025-09-02,2025-10-29,42,628.952,680.053,0.0812481,0.0810319,0.00645357,0.0745783,time,0.00434513,1,0.0256643,0.0489141
i_macro,RESTEEP|spx|H42,^GSPC,full,1967-02-28,1967-03-01,1967-05-01,42,584.843,629.288,0.0759948,0.0757796,0.00673611,0.0690435,time,0,1,-0.00225602,0.0712995
i_macro,RESTEEP|spx|H42,^GSPC,full,1969-09-30,1969-10-01,1969-12-01,42,666.396,675.135,0.0131149,0.0129123,0.011844,0.0010683,time,0,1,0.00844555,-0.00737726
i_macro,RESTEEP|spx|H42,^GSPC,full,1970-02-27,1970-03-02,1970-04-30,42,655.388,599.184,-0.085757,-0.0859399,0.0109349,-0.0968748,time,-0.100037,1,0.00478204,-0.101657
i_macro,RESTEEP|spx|H42,^GSPC,full,1974-07-31,1974-08-01,1974-10-01,42,665.374,540.077,-0.188311,-0.188474,0.0141694,-0.202643,time,-0.188311,1,-0.00158754,-0.201056
i_macro,RESTEEP|spx|H42,^GSPC,full,1974-10-31,1974-11-01,1975-01-03,42,632.407,610.535,-0.0345847,-0.0349708,0.0121429,-0.0471136,time,-0.115762,2,-0.00191841,-0.0451952
i_macro,RESTEEP|spx|H42,^GSPC,full,1980-05-30,1980-06-02,1980-07-31,42,1229.2,1361.74,0.107828,0.107606,0.0126151,0.0949912,time,-0.00205145,1,0.00815441,0.0868368
i_macro,RESTEEP|spx|H42,^GSPC,full,1981-09-30,1981-10-01,1981-12-01,42,1386.61,1506.96,0.0867943,0.0865769,0.0203544,0.0662226,time,0,1,0.00720323,0.0590193
i_macro,RESTEEP|spx|H42,^GSPC,full,1989-08-31,1989-09-01,1989-11-01,42,5808.64,5626.71,-0.0313215,-0.0315152,0.0128151,-0.0443303,time,-0.0539944,1,0.0132729,-0.0576032
i_macro,RESTEEP|spx|H42,^GSPC,full,2001-01-31,2001-02-01,2001-04-03,42,29572,23871.9,-0.192754,-0.192916,0.00767421,-0.20059,time,-0.192754,1,0.00111793,-0.201708
i_macro,RESTEEP|spx|H42,^GSPC,full,2007-05-31,2007-06-01,2007-08-01,42,36891.5,35278.8,-0.0437143,-0.0439055,0.00786389,-0.0517694,time,-0.0506488,1,0.00127824,-0.0530477
i_macro,RESTEEP|spx|H42,^GSPC,full,2019-10-31,2019-11-01,2020-01-03,42,95815.1,101453,0.0588408,0.0586291,0.0025623,0.0560668,time,0,1,0.0192637,0.0368031
i_macro,RESTEEP|spx|H42,^GSPC,full,2020-03-31,2020-04-01,2020-06-02,42,77854.2,97429,0.251429,0.250929,0.000224206,0.250705,time,0,2,0.0181912,0.232514
i_macro,RESTEEP|spx|H42,^GSPC,full,2024-12-31,2025-01-02,2025-03-06,42,199149,195156,-0.0200465,-0.0202425,0.00701984,-0.0272623,time,-0.0200465,1,0.0168271,-0.0440894
i_macro,RESTEEP|spx|H42,^GSPC,full,2025-05-30,2025-06-02,2025-08-01,42,202560,213265,0.0528523,0.0526418,0.00706587,0.0455759,time,0,1,0.023915,0.0216609
i_macro,RESTEEP|spx|H42,^GSPC,full,2025-08-29,2025-09-02,2025-10-30,42,219629,233923,0.0650829,0.0648699,0.00644206,0.0584278,time,0,1,0.0263945,0.0320333
i_macro,RESTEEP|spx|H63,^GSPC,design,1967-02-28,1967-03-01,1967-05-31,63,584.843,598.933,0.0240914,0.0238866,0.00973294,0.0141537,time,0,1,-0.00434075,0.0184944
i_macro,RESTEEP|spx|H63,^GSPC,design,1969-09-30,1969-10-01,1969-12-31,63,666.396,668.665,0.00340556,0.0032049,0.018371,-0.0151661,time,-0.0289662,1,0.0130373,-0.0282034
i_macro,RESTEEP|spx|H63,^GSPC,design,1970-02-27,1970-03-02,1970-05-29,63,655.388,564.622,-0.138493,-0.138665,0.0166333,-0.155298,time,-0.220573,1,0.00635302,-0.161651
i_macro,RESTEEP|spx|H63,^GSPC,design,1974-07-31,1974-08-01,1974-10-30,63,665.374,635.83,-0.0444029,-0.044594,0.0204107,-0.0650047,time,-0.202194,1,-0.00262736,-0.0623773
i_macro,RESTEEP|spx|H63,^GSPC,design,1974-10-31,1974-11-01,1975-02-03,63,632.407,674.703,0.0668811,0.0664544,0.0172873,0.0491671,time,-0.115762,2,-0.00440398,0.0535711
i_macro,RESTEEP|spx|H63,^GSPC,design,1980-05-30,1980-06-02,1980-08-29,63,1229.2,1375.26,0.118832,0.118608,0.0202234,0.0983844,time,-0.00205145,1,0.0123618,0.0860227
i_macro,RESTEEP|spx|H63,^GSPC,design,1981-09-30,1981-10-01,1981-12-31,63,1386.61,1471.09,0.0609288,0.0607166,0.0294067,0.0313099,time,0,1,0.0110998,0.0202101
i_macro,RESTEEP|spx|H63,^GSPC,design,1989-08-31,1989-09-01,1989-12-01,63,5808.64,5804.62,-0.00069192,-0.000891762,0.0192115,-0.0201033,time,-0.0547927,1,0.0198202,-0.0399235
i_macro,RESTEEP|spx|H63,^GSPC,design,2001-01-31,2001-02-01,2001-05-03,63,29572,26966.3,-0.088113,-0.0882954,0.010875,-0.0991704,time,-0.194939,1,0.000765996,-0.0999364
i_macro,RESTEEP|spx|H63,^GSPC,design,2007-05-31,2007-06-01,2007-08-30,63,36891.5,35153,-0.047125,-0.0473156,0.0113552,-0.0586707,time,-0.0809635,1,0.0102072,-0.0688779
i_macro,RESTEEP|spx|H63,^GSPC,test,2019-10-31,2019-11-01,2020-02-04,63,95815.1,103527,0.0804861,0.08027,0.00383413,0.0764359,time,0,1,0.0284575,0.0479784
i_macro,RESTEEP|spx|H63,^GSPC,test,2020-03-31,2020-04-01,2020-07-01,63,77854.2,98677.3,0.267464,0.266957,0.00035754,0.2666,time,0,2,0.0274334,0.239166
i_macro,RESTEEP|spx|H63,^GSPC,test,2024-12-31,2025-01-02,2025-04-04,63,199149,172792,-0.132347,-0.13252,0.0105179,-0.143038,time,-0.132347,1,0.0257667,-0.168805
i_macro,RESTEEP|spx|H63,^GSPC,test,2025-05-30,2025-06-02,2025-09-02,63,202560,219629,0.0842674,0.0840505,0.0104968,0.0735537,time,0,1,0.0347038,0.0388499
i_macro,RESTEEP|spx|H63,SPY,test_exec,2019-10-31,2019-11-01,2020-02-03,63,275.896,294.71,0.0681931,0.0679795,0.00383214,0.0641473,time,0.00400105,1,0.0278118,0.0363355
i_macro,RESTEEP|spx|H63,SPY,test_exec,2020-03-31,2020-04-01,2020-06-30,63,226.805,283.27,0.24896,0.24846,0.000355556,0.248105,time,-0.00737963,2,0.0268133,0.221291
i_macro,RESTEEP|spx|H63,SPY,test_exec,2024-12-31,2025-01-02,2025-04-03,63,578.034,527.943,-0.0866581,-0.0868408,0.0105198,-0.0973606,time,-0.0866581,1,0.0252165,-0.122577
i_macro,RESTEEP|spx|H63,SPY,test_exec,2025-05-30,2025-06-02,2025-08-29,63,578.17,636.401,0.100716,0.100496,0.0105048,0.0899911,time,0.00842183,1,0.0341201,0.055871
i_macro,RESTEEP|spx|H63,SPY,test_exec,2025-08-29,2025-09-02,2025-11-28,63,628.952,676.096,0.0749563,0.0747413,0.0096004,0.0651409,time,0.00434513,1,0.0389868,0.0261541
i_macro,RESTEEP|spx|H63,^GSPC,full,1967-02-28,1967-03-01,1967-05-31,63,584.843,598.933,0.0240914,0.0238866,0.00973294,0.0141537,time,0,1,-0.00434075,0.0184944
i_macro,RESTEEP|spx|H63,^GSPC,full,1969-09-30,1969-10-01,1969-12-31,63,666.396,668.665,0.00340556,0.0032049,0.018371,-0.0151661,time,-0.0289662,1,0.0130373,-0.0282034
i_macro,RESTEEP|spx|H63,^GSPC,full,1970-02-27,1970-03-02,1970-05-29,63,655.388,564.622,-0.138493,-0.138665,0.0166333,-0.155298,time,-0.220573,1,0.00635302,-0.161651
i_macro,RESTEEP|spx|H63,^GSPC,full,1974-07-31,1974-08-01,1974-10-30,63,665.374,635.83,-0.0444029,-0.044594,0.0204107,-0.0650047,time,-0.202194,1,-0.00262736,-0.0623773
i_macro,RESTEEP|spx|H63,^GSPC,full,1974-10-31,1974-11-01,1975-02-03,63,632.407,674.703,0.0668811,0.0664544,0.0172873,0.0491671,time,-0.115762,2,-0.00440398,0.0535711
i_macro,RESTEEP|spx|H63,^GSPC,full,1980-05-30,1980-06-02,1980-08-29,63,1229.2,1375.26,0.118832,0.118608,0.0202234,0.0983844,time,-0.00205145,1,0.0123618,0.0860227
i_macro,RESTEEP|spx|H63,^GSPC,full,1981-09-30,1981-10-01,1981-12-31,63,1386.61,1471.09,0.0609288,0.0607166,0.0294067,0.0313099,time,0,1,0.0110998,0.0202101
i_macro,RESTEEP|spx|H63,^GSPC,full,1989-08-31,1989-09-01,1989-12-01,63,5808.64,5804.62,-0.00069192,-0.000891762,0.0192115,-0.0201033,time,-0.0547927,1,0.0198202,-0.0399235
i_macro,RESTEEP|spx|H63,^GSPC,full,2001-01-31,2001-02-01,2001-05-03,63,29572,26966.3,-0.088113,-0.0882954,0.010875,-0.0991704,time,-0.194939,1,0.000765996,-0.0999364
i_macro,RESTEEP|spx|H63,^GSPC,full,2007-05-31,2007-06-01,2007-08-30,63,36891.5,35153,-0.047125,-0.0473156,0.0113552,-0.0586707,time,-0.0809635,1,0.00238647,-0.0610572
i_macro,RESTEEP|spx|H63,^GSPC,full,2019-10-31,2019-11-01,2020-02-04,63,95815.1,103527,0.0804861,0.08027,0.00383413,0.0764359,time,0,1,0.0284575,0.0479784
i_macro,RESTEEP|spx|H63,^GSPC,full,2020-03-31,2020-04-01,2020-07-01,63,77854.2,98677.3,0.267464,0.266957,0.00035754,0.2666,time,0,2,0.0274334,0.239166
i_macro,RESTEEP|spx|H63,^GSPC,full,2024-12-31,2025-01-02,2025-04-04,63,199149,172792,-0.132347,-0.13252,0.0105179,-0.143038,time,-0.132347,1,0.0257667,-0.168805
i_macro,RESTEEP|spx|H63,^GSPC,full,2025-05-30,2025-06-02,2025-09-02,63,202560,219629,0.0842674,0.0840505,0.0104968,0.0735537,time,0,1,0.0347038,0.0388499
i_macro,RESTEEP|spx|H84,^GSPC,design,1967-02-28,1967-03-01,1967-06-29,84,584.843,612.449,0.0472014,0.046992,0.0126611,0.0343309,time,0,1,-0.00585876,0.0401897
i_macro,RESTEEP|spx|H84,^GSPC,design,1969-09-30,1969-10-01,1970-01-30,84,666.396,619.343,-0.0706077,-0.0707936,0.0249278,-0.0957214,time,-0.0706077,1,0.0177095,-0.113431
i_macro,RESTEEP|spx|H84,^GSPC,design,1970-02-27,1970-03-02,1970-06-29,84,655.388,539.519,-0.176796,-0.17696,0.0222044,-0.199165,time,-0.220573,1,0.00703164,-0.206196
i_macro,RESTEEP|spx|H84,^GSPC,design,1974-07-31,1974-08-01,1974-11-29,84,665.374,601.212,-0.0964299,-0.0966106,0.0266702,-0.123281,time,-0.202194,1,-0.0025615,-0.120719
i_macro,RESTEEP|spx|H84,^GSPC,design,1980-05-30,1980-06-02,1980-09-30,84,1229.2,1415.52,0.15158,0.15135,0.0287829,0.122567,time,-0.00205145,1,0.0169022,0.105664
i_macro,RESTEEP|spx|H84,^GSPC,design,1981-09-30,1981-10-01,1982-02-01,84,1386.61,1420.56,0.024486,0.0242811,0.0396929,-0.0154118,time,-0.00366261,1,0.0148162,-0.030228
i_macro,RESTEEP|spx|H84,^GSPC,design,1989-08-31,1989-09-01,1990-01-03,84,5808.64,5953.79,0.0249881,0.0247831,0.0255687,-0.000785564,time,-0.0547927,1,0.0267239,-0.0275095
i_macro,RESTEEP|spx|H84,^GSPC,design,2001-01-31,2001-02-01,2001-06-04,84,29572,27405,-0.0732786,-0.0734639,0.0138694,-0.0873333,time,-0.194939,1,0.000420745,-0.0877541
i_macro,RESTEEP|spx|H84,^GSPC,design,2007-05-31,2007-06-01,2007-10-01,84,36891.5,37367.7,0.0129094,0.0127069,0.0145968,-0.00188995,time,-0.0809635,1,0.0139637,-0.0158536
i_macro,RESTEEP|spx|H84,^GSPC,test,2019-10-31,2019-11-01,2020-03-05,84,95815.1,95150.2,-0.00693864,-0.00713723,0.0049873,-0.0121245,time,-0.0301455,1,0.0374818,-0.0496063
i_macro,RESTEEP|spx|H84,^GSPC,test,2020-03-31,2020-04-01,2020-07-31,84,77854.2,103717,0.3322,0.331667,0.000462698,0.331204,time,0,2,0.037105,0.294099
i_macro,RESTEEP|spx|H84,^GSPC,test,2024-12-31,2025-01-02,2025-05-06,84,199149,191073,-0.0405493,-0.0407412,0.0140286,-0.0547697,time,-0.147946,1,0.0351038,-0.0898735
i_macro,RESTEEP|spx|H84,^GSPC,test,2025-05-30,2025-06-02,2025-10-01,84,202560,229977,0.135355,0.135128,0.0137536,0.121374,time,0,1,0.0475102,0.0738638
i_macro,RESTEEP|spx|H84,SPY,test_exec,2019-10-31,2019-11-01,2020-03-04,84,275.896,284.472,0.0310843,0.0308781,0.00502222,0.0258558,time,-0.0236239,1,0.0368081,-0.0109523
i_macro,RESTEEP|spx|H84,SPY,test_exec,2020-03-31,2020-04-01,2020-07-30,84,226.805,297.6,0.312144,0.31162,0.000462698,0.311157,time,-0.00737963,2,0.0363983,0.274759
i_macro,RESTEEP|spx|H84,SPY,test_exec,2024-12-31,2025-01-02,2025-05-05,84,578.034,554.315,-0.0410337,-0.0412255,0.0140286,-0.0552541,time,-0.155104,1,0.0343973,-0.0896514
i_macro,RESTEEP|spx|H84,SPY,test_exec,2025-05-30,2025-06-02,2025-09-30,84,578.17,659.069,0.139924,0.139696,0.0137694,0.125927,time,0.00842183,1,0.0467088,0.0792178
i_macro,RESTEEP|spx|H84,^GSPC,full,1967-02-28,1967-03-01,1967-06-29,84,584.843,612.449,0.0472014,0.046992,0.0126611,0.0343309,time,0,1,-0.00585876,0.0401897
i_macro,RESTEEP|spx|H84,^GSPC,full,1969-09-30,1969-10-01,1970-01-30,84,666.396,619.343,-0.0706077,-0.0707936,0.0249278,-0.0957214,time,-0.0706077,1,0.0177095,-0.113431
i_macro,RESTEEP|spx|H84,^GSPC,full,1970-02-27,1970-03-02,1970-06-29,84,655.388,539.519,-0.176796,-0.17696,0.0222044,-0.199165,time,-0.220573,1,0.00703164,-0.206196
i_macro,RESTEEP|spx|H84,^GSPC,full,1974-07-31,1974-08-01,1974-11-29,84,665.374,601.212,-0.0964299,-0.0966106,0.0266702,-0.123281,time,-0.202194,1,-0.0025615,-0.120719
i_macro,RESTEEP|spx|H84,^GSPC,full,1980-05-30,1980-06-02,1980-09-30,84,1229.2,1415.52,0.15158,0.15135,0.0287829,0.122567,time,-0.00205145,1,0.0169022,0.105664
i_macro,RESTEEP|spx|H84,^GSPC,full,1981-09-30,1981-10-01,1982-02-01,84,1386.61,1420.56,0.024486,0.0242811,0.0396929,-0.0154118,time,-0.00366261,1,0.0148162,-0.030228
i_macro,RESTEEP|spx|H84,^GSPC,full,1989-08-31,1989-09-01,1990-01-03,84,5808.64,5953.79,0.0249881,0.0247831,0.0255687,-0.000785564,time,-0.0547927,1,0.0267239,-0.0275095
i_macro,RESTEEP|spx|H84,^GSPC,full,2001-01-31,2001-02-01,2001-06-04,84,29572,27405,-0.0732786,-0.0734639,0.0138694,-0.0873333,time,-0.194939,1,0.000420745,-0.0877541
i_macro,RESTEEP|spx|H84,^GSPC,full,2007-05-31,2007-06-01,2007-10-01,84,36891.5,37367.7,0.0129094,0.0127069,0.0145968,-0.00188995,time,-0.0809635,1,0.00400102,-0.00589096
i_macro,RESTEEP|spx|H84,^GSPC,full,2019-10-31,2019-11-01,2020-03-05,84,95815.1,95150.2,-0.00693864,-0.00713723,0.0049873,-0.0121245,time,-0.0301455,1,0.0374818,-0.0496063
i_macro,RESTEEP|spx|H84,^GSPC,full,2020-03-31,2020-04-01,2020-07-31,84,77854.2,103717,0.3322,0.331667,0.000462698,0.331204,time,0,2,0.037105,0.294099
i_macro,RESTEEP|spx|H84,^GSPC,full,2024-12-31,2025-01-02,2025-05-06,84,199149,191073,-0.0405493,-0.0407412,0.0140286,-0.0547697,time,-0.147946,1,0.0351038,-0.0898735
i_macro,RESTEEP|spx|H84,^GSPC,full,2025-05-30,2025-06-02,2025-10-01,84,202560,229977,0.135355,0.135128,0.0137536,0.121374,time,0,1,0.0475102,0.0738638
