family,variant,instrument,role,signal,entry,exit,sessions,entry_px,exit_px,gross,net,rf,excess,how,mae,cost_bps,base,edge
f_seasonal,MIDTERM-SEP|H42,^GSPC,design,1930-09-30,1930-10-01,1930-12-03,42,21.6535,18.7655,-0.133375,-0.133548,0.00235,-0.135898,time,-0.195164,1,0.00649322,-0.142391
f_seasonal,MIDTERM-SEP|H42,^GSPC,design,1934-09-28,1934-10-01,1934-12-04,42,12.8143,13.8713,0.0824819,0.0822655,0.000205455,0.08206,time,-0.00417225,1,0.0250276,0.0570324
f_seasonal,MIDTERM-SEP|H42,^GSPC,design,1938-09-30,1938-10-03,1938-12-06,42,22.0873,22.2156,0.00580861,0.00540637,-0.000505,0.00591137,time,-0.00562279,2,0.00566289,0.000248478
f_seasonal,MIDTERM-SEP|H42,^GSPC,design,1942-09-30,1942-10-01,1942-12-04,42,20.0962,21.2686,0.0583394,0.0581278,0.00064026,0.0574875,time,0,1,0.0195046,0.037983
f_seasonal,MIDTERM-SEP|H42,^GSPC,design,1946-09-30,1946-10-01,1946-12-03,42,40.5652,39.7094,-0.0210968,-0.0214883,0.000615528,-0.0221038,time,-0.0525447,2,0.0180017,-0.0401055
f_seasonal,MIDTERM-SEP|H42,^GSPC,design,1950-09-29,1950-10-02,1950-12-04,42,67.7129,66.1153,-0.0235937,-0.023789,0.00235286,-0.0261418,time,-0.0235937,1,0.0224911,-0.0486329
f_seasonal,MIDTERM-SEP|H42,^GSPC,design,1954-09-30,1954-10-01,1954-12-02,42,140.904,150.292,0.0666303,0.066417,0.00159762,0.0648194,time,-0.016149,1,0.0218004,0.043019
f_seasonal,MIDTERM-SEP|H42,^GSPC,design,1958-09-30,1958-10-01,1958-12-02,42,255.412,269.591,0.0555148,0.0553037,0.00441548,0.0508883,time,0,1,0.0156771,0.0352111
f_seasonal,MIDTERM-SEP|H42,^GSPC,design,1962-09-28,1962-10-01,1962-11-30,42,322.368,363.888,0.128797,0.128571,0.00464008,0.123931,time,-0.0337501,1,0.0144975,0.109433
f_seasonal,MIDTERM-SEP|H42,^GSPC,design,1966-09-30,1966-10-03,1966-12-02,42,492.57,530.165,0.0763245,0.0761093,0.00888532,0.067224,time,-0.0221136,1,0.00472295,0.062501
f_seasonal,MIDTERM-SEP|H42,^GSPC,design,1970-09-30,1970-10-01,1970-12-01,42,630.766,658.425,0.0438506,0.0436418,0.00934365,0.0342982,time,-0.0131555,1,0.000468959,0.0338292
f_seasonal,MIDTERM-SEP|H42,^GSPC,design,1974-09-30,1974-10-01,1974-11-29,42,540.077,601.212,0.113198,0.112753,0.0125008,0.100252,time,-0.0171035,2,-0.00152068,0.101773
f_seasonal,MIDTERM-SEP|H42,^GSPC,design,1978-09-29,1978-10-02,1978-11-30,42,1046.64,971.017,-0.0722491,-0.0724346,0.0138782,-0.0863128,time,-0.0960031,1,0.00323856,-0.0895514
f_seasonal,MIDTERM-SEP|H42,^GSPC,design,1982-09-30,1982-10-01,1982-12-01,42,1531.26,1756.26,0.146937,0.146707,0.0131762,0.133531,time,-0.00356637,1,0.0096496,0.123881
f_seasonal,MIDTERM-SEP|H42,^GSPC,design,1986-09-30,1986-10-01,1986-12-01,42,3474.68,3725.66,0.0722307,0.0720162,0.00876786,0.0632484,time,0,1,0.0167728,0.0464756
f_seasonal,MIDTERM-SEP|H42,^GSPC,design,1990-09-28,1990-10-01,1990-11-29,42,5368.41,5429.16,0.0113159,0.0111137,0.0118583,-0.000744644,time,-0.0610999,1,0.0135916,-0.0143362
f_seasonal,MIDTERM-SEP|H42,^GSPC,design,1994-09-30,1994-10-03,1994-12-01,42,8885.31,8678.34,-0.0232943,-0.0234896,0.00855714,-0.0320467,time,-0.0232943,1,0.0228178,-0.0548645
f_seasonal,MIDTERM-SEP|H42,^GSPC,design,1998-09-30,1998-10-01,1998-12-01,42,20641.4,24652.8,0.194337,0.193859,0.00696587,0.186894,time,-0.0268991,2,0.0142314,0.172662
f_seasonal,MIDTERM-SEP|H42,^GSPC,design,2002-09-30,2002-10-01,2002-11-29,42,18697.3,20711.4,0.107722,0.107279,0.00235794,0.104922,time,-0.0832348,2,-0.00273083,0.107652
f_seasonal,MIDTERM-SEP|H42,^GSPC,design,2006-09-29,2006-10-02,2006-11-30,42,31564.2,33324.8,0.0557789,0.0555677,0.00821944,0.0473483,time,0,1,0.00873045,0.0386178
f_seasonal,MIDTERM-SEP|H42,^GSPC,test,2010-09-30,2010-10-01,2010-12-01,42,29638.6,31301.1,0.056091,0.0558798,0.000230159,0.0556496,time,-0.00796384,1,0.0139649,0.0416847
f_seasonal,MIDTERM-SEP|H42,^GSPC,test,2014-09-30,2014-10-01,2014-12-01,42,54796.7,58017,0.0587676,0.0585559,3.1746e-05,0.0585242,time,-0.0422992,1,0.0250108,0.0335134
f_seasonal,MIDTERM-SEP|H42,^GSPC,test,2018-09-28,2018-10-01,2018-11-29,42,89413.5,83988.5,-0.060673,-0.0608608,0.00380913,-0.06467,time,-0.0971605,1,0.025891,-0.090561
f_seasonal,MIDTERM-SEP|H42,^GSPC,test,2022-09-30,2022-10-03,2022-12-01,42,120569,134046,0.111782,0.111337,0.00657341,0.104764,time,-0.0270641,2,0.0228596,0.0819045
f_seasonal,MIDTERM-SEP|H42,SPY,test_exec,2010-09-30,2010-10-01,2010-11-30,42,86.8286,89.4715,0.0304375,0.0302314,0.000230159,0.0300013,time,-0.0107835,1,0.0135712,0.01643
f_seasonal,MIDTERM-SEP|H42,SPY,test_exec,2014-09-30,2014-10-01,2014-11-28,42,161.185,169.789,0.0533807,0.0531701,3.13492e-05,0.0531387,time,-0.0530252,1,0.0244243,0.0287144
f_seasonal,MIDTERM-SEP|H42,SPY,test_exec,2018-09-28,2018-10-01,2018-11-28,42,259.155,243.603,-0.0600111,-0.0601991,0.00380397,-0.0640031,time,-0.0987982,1,0.0253095,-0.0893126
f_seasonal,MIDTERM-SEP|H42,SPY,test_exec,2022-09-30,2022-10-03,2022-11-30,42,342.829,387.074,0.129057,0.128606,0.00653849,0.122067,time,-0.0125181,2,0.0223782,0.099689
f_seasonal,MIDTERM-SEP|H42,^GSPC,full,1930-09-30,1930-10-01,1930-12-03,42,21.6535,18.7655,-0.133375,-0.133548,0.00235,-0.135898,time,-0.195164,1,0.00649322,-0.142391
f_seasonal,MIDTERM-SEP|H42,^GSPC,full,1934-09-28,1934-10-01,1934-12-04,42,12.8143,13.8713,0.0824819,0.0822655,0.000205455,0.08206,time,-0.00417225,1,0.0250276,0.0570324
f_seasonal,MIDTERM-SEP|H42,^GSPC,full,1938-09-30,1938-10-03,1938-12-06,42,22.0873,22.2156,0.00580861,0.00540637,-0.000505,0.00591137,time,-0.00562279,2,0.00566289,0.000248478
f_seasonal,MIDTERM-SEP|H42,^GSPC,full,1942-09-30,1942-10-01,1942-12-04,42,20.0962,21.2686,0.0583394,0.0581278,0.00064026,0.0574875,time,0,1,0.0195046,0.037983
f_seasonal,MIDTERM-SEP|H42,^GSPC,full,1946-09-30,1946-10-01,1946-12-03,42,40.5652,39.7094,-0.0210968,-0.0214883,0.000615528,-0.0221038,time,-0.0525447,2,0.0180017,-0.0401055
f_seasonal,MIDTERM-SEP|H42,^GSPC,full,1950-09-29,1950-10-02,1950-12-04,42,67.7129,66.1153,-0.0235937,-0.023789,0.00235286,-0.0261418,time,-0.0235937,1,0.0224911,-0.0486329
f_seasonal,MIDTERM-SEP|H42,^GSPC,full,1954-09-30,1954-10-01,1954-12-02,42,140.904,150.292,0.0666303,0.066417,0.00159762,0.0648194,time,-0.016149,1,0.0218004,0.043019
f_seasonal,MIDTERM-SEP|H42,^GSPC,full,1958-09-30,1958-10-01,1958-12-02,42,255.412,269.591,0.0555148,0.0553037,0.00441548,0.0508883,time,0,1,0.0156771,0.0352111
f_seasonal,MIDTERM-SEP|H42,^GSPC,full,1962-09-28,1962-10-01,1962-11-30,42,322.368,363.888,0.128797,0.128571,0.00464008,0.123931,time,-0.0337501,1,0.0144975,0.109433
f_seasonal,MIDTERM-SEP|H42,^GSPC,full,1966-09-30,1966-10-03,1966-12-02,42,492.57,530.165,0.0763245,0.0761093,0.00888532,0.067224,time,-0.0221136,1,0.00472295,0.062501
f_seasonal,MIDTERM-SEP|H42,^GSPC,full,1970-09-30,1970-10-01,1970-12-01,42,630.766,658.425,0.0438506,0.0436418,0.00934365,0.0342982,time,-0.0131555,1,0.000468959,0.0338292
f_seasonal,MIDTERM-SEP|H42,^GSPC,full,1974-09-30,1974-10-01,1974-11-29,42,540.077,601.212,0.113198,0.112753,0.0125008,0.100252,time,-0.0171035,2,-0.00152068,0.101773
f_seasonal,MIDTERM-SEP|H42,^GSPC,full,1978-09-29,1978-10-02,1978-11-30,42,1046.64,971.017,-0.0722491,-0.0724346,0.0138782,-0.0863128,time,-0.0960031,1,0.00323856,-0.0895514
f_seasonal,MIDTERM-SEP|H42,^GSPC,full,1982-09-30,1982-10-01,1982-12-01,42,1531.26,1756.26,0.146937,0.146707,0.0131762,0.133531,time,-0.00356637,1,0.0096496,0.123881
f_seasonal,MIDTERM-SEP|H42,^GSPC,full,1986-09-30,1986-10-01,1986-12-01,42,3474.68,3725.66,0.0722307,0.0720162,0.00876786,0.0632484,time,0,1,0.0167728,0.0464756
f_seasonal,MIDTERM-SEP|H42,^GSPC,full,1990-09-28,1990-10-01,1990-11-29,42,5368.41,5429.16,0.0113159,0.0111137,0.0118583,-0.000744644,time,-0.0610999,1,0.0135916,-0.0143362
f_seasonal,MIDTERM-SEP|H42,^GSPC,full,1994-09-30,1994-10-03,1994-12-01,42,8885.31,8678.34,-0.0232943,-0.0234896,0.00855714,-0.0320467,time,-0.0232943,1,0.0228178,-0.0548645
f_seasonal,MIDTERM-SEP|H42,^GSPC,full,1998-09-30,1998-10-01,1998-12-01,42,20641.4,24652.8,0.194337,0.193859,0.00696587,0.186894,time,-0.0268991,2,0.0142314,0.172662
f_seasonal,MIDTERM-SEP|H42,^GSPC,full,2002-09-30,2002-10-01,2002-11-29,42,18697.3,20711.4,0.107722,0.107279,0.00235794,0.104922,time,-0.0832348,2,-0.00273083,0.107652
f_seasonal,MIDTERM-SEP|H42,^GSPC,full,2006-09-29,2006-10-02,2006-11-30,42,31564.2,33324.8,0.0557789,0.0555677,0.00821944,0.0473483,time,0,1,0.00285625,0.044492
f_seasonal,MIDTERM-SEP|H42,^GSPC,full,2010-09-30,2010-10-01,2010-12-01,42,29638.6,31301.1,0.056091,0.0558798,0.000230159,0.0556496,time,-0.00796384,1,0.0106963,0.0449533
f_seasonal,MIDTERM-SEP|H42,^GSPC,full,2014-09-30,2014-10-01,2014-12-01,42,54796.7,58017,0.0587676,0.0585559,3.1746e-05,0.0585242,time,-0.0422992,1,0.0250108,0.0335134
f_seasonal,MIDTERM-SEP|H42,^GSPC,full,2018-09-28,2018-10-01,2018-11-29,42,89413.5,83988.5,-0.060673,-0.0608608,0.00380913,-0.06467,time,-0.0971605,1,0.025891,-0.090561
f_seasonal,MIDTERM-SEP|H42,^GSPC,full,2022-09-30,2022-10-03,2022-12-01,42,120569,134046,0.111782,0.111337,0.00657341,0.104764,time,-0.0270641,2,0.0228596,0.0819045
f_seasonal,MIDTERM-SEP|H63,^GSPC,design,1930-09-30,1930-10-01,1931-01-05,63,21.6535,18.0269,-0.167481,-0.167647,0.00370195,-0.171349,time,-0.247583,1,0.00958623,-0.180935
f_seasonal,MIDTERM-SEP|H63,^GSPC,design,1934-09-28,1934-10-01,1935-01-04,63,12.8143,13.9716,0.0903133,0.0900952,0.000309091,0.0897861,time,-0.00417225,1,0.0387735,0.0510126
f_seasonal,MIDTERM-SEP|H63,^GSPC,design,1938-09-30,1938-10-03,1939-01-06,63,22.0873,23.3067,0.0552086,0.0547866,-0.000524048,0.0553107,time,-0.00819838,2,0.00702067,0.04829
f_seasonal,MIDTERM-SEP|H63,^GSPC,design,1942-09-30,1942-10-01,1943-01-06,63,20.0962,22.6364,0.126401,0.126176,0.000930714,0.125245,time,0,1,0.0306753,0.0945696
f_seasonal,MIDTERM-SEP|H63,^GSPC,design,1946-09-30,1946-10-01,1947-01-03,63,40.5652,41.983,0.0349513,0.0345374,0.000914229,0.0336232,time,-0.0525447,2,0.0283493,0.00527393
f_seasonal,MIDTERM-SEP|H63,^GSPC,design,1950-09-29,1950-10-02,1951-01-04,63,67.7129,73.0685,0.0790924,0.0788766,0.00352013,0.0753564,time,-0.0235937,1,0.034401,0.0409554
f_seasonal,MIDTERM-SEP|H63,^GSPC,design,1954-09-30,1954-10-01,1955-01-03,63,140.904,162.184,0.151029,0.150799,0.00255754,0.148242,time,-0.016149,1,0.0327664,0.115475
f_seasonal,MIDTERM-SEP|H63,^GSPC,design,1958-09-30,1958-10-01,1959-01-05,63,255.412,286.812,0.122939,0.122714,0.00672143,0.115993,time,0,1,0.0235331,0.0924595
f_seasonal,MIDTERM-SEP|H63,^GSPC,design,1962-09-28,1962-10-01,1963-01-02,63,322.368,367.439,0.139812,0.139584,0.00702897,0.132555,time,-0.0337501,1,0.0214926,0.111062
f_seasonal,MIDTERM-SEP|H63,^GSPC,design,1966-09-30,1966-10-03,1967-01-04,63,492.57,534.508,0.0851414,0.0849244,0.012996,0.0719284,time,-0.0221136,1,0.00611519,0.0658132
f_seasonal,MIDTERM-SEP|H63,^GSPC,design,1970-09-30,1970-10-01,1970-12-31,63,630.766,695.667,0.102893,0.102672,0.0133937,0.0892787,time,-0.0131555,1,-0.000417909,0.0896966
f_seasonal,MIDTERM-SEP|H63,^GSPC,design,1974-09-30,1974-10-01,1974-12-31,63,540.077,591.74,0.0956598,0.0952217,0.0184603,0.0767613,time,-0.0171035,2,-0.00283974,0.0796011
f_seasonal,MIDTERM-SEP|H63,^GSPC,design,1978-09-29,1978-10-02,1979-01-02,63,1046.64,996.191,-0.0481967,-0.048387,0.0214552,-0.0698422,time,-0.0960031,1,0.00524057,-0.0750828
f_seasonal,MIDTERM-SEP|H63,^GSPC,design,1982-09-30,1982-10-01,1982-12-31,63,1531.26,1787.89,0.167593,0.16736,0.0197766,0.147583,time,-0.00356637,1,0.015521,0.132062
f_seasonal,MIDTERM-SEP|H63,^GSPC,design,1986-09-30,1986-10-01,1986-12-31,63,3474.68,3632.82,0.0455119,0.0453028,0.013379,0.0319238,time,0,1,0.025747,0.00617686
f_seasonal,MIDTERM-SEP|H63,^GSPC,design,1990-09-28,1990-10-01,1990-12-31,63,5368.41,5682.66,0.0585373,0.0583257,0.0174857,0.0408399,time,-0.0610999,1,0.0213055,0.0195344
f_seasonal,MIDTERM-SEP|H63,^GSPC,design,1994-09-30,1994-10-03,1995-01-03,63,8885.31,8896.13,0.00121779,0.00101757,0.0132194,-0.0122019,time,-0.0304269,1,0.0345084,-0.0467103
f_seasonal,MIDTERM-SEP|H63,^GSPC,design,1998-09-30,1998-10-01,1998-12-31,63,20641.4,25814.3,0.250607,0.250106,0.0106254,0.239481,time,-0.0268991,2,0.0212895,0.218192
f_seasonal,MIDTERM-SEP|H63,^GSPC,design,2002-09-30,2002-10-01,2002-12-31,63,18697.3,19494.8,0.0426509,0.0422339,0.0033504,0.0388835,time,-0.0832348,2,-0.00452081,0.0434043
f_seasonal,MIDTERM-SEP|H63,^GSPC,design,2006-09-29,2006-10-02,2007-01-03,63,31564.2,33758.1,0.0695057,0.0692918,0.0122619,0.0570299,time,0,1,0.0120088,0.0450211
f_seasonal,MIDTERM-SEP|H63,^GSPC,test,2010-09-30,2010-10-01,2010-12-31,63,29638.6,32681.8,0.102674,0.102454,0.000346825,0.102107,time,-0.00796384,1,0.0220313,0.0800758
f_seasonal,MIDTERM-SEP|H63,^GSPC,test,2014-09-30,2014-10-01,2014-12-31,63,54796.7,58266.3,0.0633177,0.0631051,5.59524e-05,0.0630491,time,-0.0422992,1,0.0378294,0.0252197
f_seasonal,MIDTERM-SEP|H63,^GSPC,test,2018-09-28,2018-10-01,2019-01-02,63,89413.5,77141.9,-0.137246,-0.137418,0.00577897,-0.143197,time,-0.192203,1,0.0390903,-0.182287
f_seasonal,MIDTERM-SEP|H63,^GSPC,test,2022-09-30,2022-10-03,2023-01-03,63,120569,125911,0.0443077,0.0438901,0.0101242,0.0337659,time,-0.0270641,2,0.0336858,8.00765e-05
f_seasonal,MIDTERM-SEP|H63,SPY,test_exec,2010-09-30,2010-10-01,2010-12-30,63,86.8286,95.43,0.0990621,0.0988423,0.000348413,0.0984939,time,-0.0107835,1,0.0215573,0.0769366
f_seasonal,MIDTERM-SEP|H63,SPY,test_exec,2014-09-30,2014-10-01,2014-12-30,63,161.185,171.055,0.0612389,0.0610267,5.51587e-05,0.0609715,time,-0.0530252,1,0.0371831,0.0237884
f_seasonal,MIDTERM-SEP|H63,SPY,test_exec,2018-09-28,2018-10-01,2018-12-31,63,259.155,223.02,-0.139435,-0.139607,0.00577183,-0.145379,time,-0.193083,1,0.0383802,-0.183759
f_seasonal,MIDTERM-SEP|H63,SPY,test_exec,2022-09-30,2022-10-03,2022-12-30,63,342.829,364.768,0.0639917,0.0635662,0.0100821,0.053484,time,-0.0125181,2,0.0331456,0.0203384
f_seasonal,MIDTERM-SEP|H63,^GSPC,full,1930-09-30,1930-10-01,1931-01-05,63,21.6535,18.0269,-0.167481,-0.167647,0.00370195,-0.171349,time,-0.247583,1,0.00958623,-0.180935
f_seasonal,MIDTERM-SEP|H63,^GSPC,full,1934-09-28,1934-10-01,1935-01-04,63,12.8143,13.9716,0.0903133,0.0900952,0.000309091,0.0897861,time,-0.00417225,1,0.0387735,0.0510126
f_seasonal,MIDTERM-SEP|H63,^GSPC,full,1938-09-30,1938-10-03,1939-01-06,63,22.0873,23.3067,0.0552086,0.0547866,-0.000524048,0.0553107,time,-0.00819838,2,0.00702067,0.04829
f_seasonal,MIDTERM-SEP|H63,^GSPC,full,1942-09-30,1942-10-01,1943-01-06,63,20.0962,22.6364,0.126401,0.126176,0.000930714,0.125245,time,0,1,0.0306753,0.0945696
f_seasonal,MIDTERM-SEP|H63,^GSPC,full,1946-09-30,1946-10-01,1947-01-03,63,40.5652,41.983,0.0349513,0.0345374,0.000914229,0.0336232,time,-0.0525447,2,0.0283493,0.00527393
f_seasonal,MIDTERM-SEP|H63,^GSPC,full,1950-09-29,1950-10-02,1951-01-04,63,67.7129,73.0685,0.0790924,0.0788766,0.00352013,0.0753564,time,-0.0235937,1,0.034401,0.0409554
f_seasonal,MIDTERM-SEP|H63,^GSPC,full,1954-09-30,1954-10-01,1955-01-03,63,140.904,162.184,0.151029,0.150799,0.00255754,0.148242,time,-0.016149,1,0.0327664,0.115475
f_seasonal,MIDTERM-SEP|H63,^GSPC,full,1958-09-30,1958-10-01,1959-01-05,63,255.412,286.812,0.122939,0.122714,0.00672143,0.115993,time,0,1,0.0235331,0.0924595
f_seasonal,MIDTERM-SEP|H63,^GSPC,full,1962-09-28,1962-10-01,1963-01-02,63,322.368,367.439,0.139812,0.139584,0.00702897,0.132555,time,-0.0337501,1,0.0214926,0.111062
f_seasonal,MIDTERM-SEP|H63,^GSPC,full,1966-09-30,1966-10-03,1967-01-04,63,492.57,534.508,0.0851414,0.0849244,0.012996,0.0719284,time,-0.0221136,1,0.00611519,0.0658132
f_seasonal,MIDTERM-SEP|H63,^GSPC,full,1970-09-30,1970-10-01,1970-12-31,63,630.766,695.667,0.102893,0.102672,0.0133937,0.0892787,time,-0.0131555,1,-0.000417909,0.0896966
f_seasonal,MIDTERM-SEP|H63,^GSPC,full,1974-09-30,1974-10-01,1974-12-31,63,540.077,591.74,0.0956598,0.0952217,0.0184603,0.0767613,time,-0.0171035,2,-0.00283974,0.0796011
f_seasonal,MIDTERM-SEP|H63,^GSPC,full,1978-09-29,1978-10-02,1979-01-02,63,1046.64,996.191,-0.0481967,-0.048387,0.0214552,-0.0698422,time,-0.0960031,1,0.00524057,-0.0750828
f_seasonal,MIDTERM-SEP|H63,^GSPC,full,1982-09-30,1982-10-01,1982-12-31,63,1531.26,1787.89,0.167593,0.16736,0.0197766,0.147583,time,-0.00356637,1,0.015521,0.132062
f_seasonal,MIDTERM-SEP|H63,^GSPC,full,1986-09-30,1986-10-01,1986-12-31,63,3474.68,3632.82,0.0455119,0.0453028,0.013379,0.0319238,time,0,1,0.025747,0.00617686
f_seasonal,MIDTERM-SEP|H63,^GSPC,full,1990-09-28,1990-10-01,1990-12-31,63,5368.41,5682.66,0.0585373,0.0583257,0.0174857,0.0408399,time,-0.0610999,1,0.0213055,0.0195344
f_seasonal,MIDTERM-SEP|H63,^GSPC,full,1994-09-30,1994-10-03,1995-01-03,63,8885.31,8896.13,0.00121779,0.00101757,0.0132194,-0.0122019,time,-0.0304269,1,0.0345084,-0.0467103
f_seasonal,MIDTERM-SEP|H63,^GSPC,full,1998-09-30,1998-10-01,1998-12-31,63,20641.4,25814.3,0.250607,0.250106,0.0106254,0.239481,time,-0.0268991,2,0.0212895,0.218192
f_seasonal,MIDTERM-SEP|H63,^GSPC,full,2002-09-30,2002-10-01,2002-12-31,63,18697.3,19494.8,0.0426509,0.0422339,0.0033504,0.0388835,time,-0.0832348,2,-0.00452081,0.0434043
f_seasonal,MIDTERM-SEP|H63,^GSPC,full,2006-09-29,2006-10-02,2007-01-03,63,31564.2,33758.1,0.0695057,0.0692918,0.0122619,0.0570299,time,0,1,0.00438526,0.0526447
f_seasonal,MIDTERM-SEP|H63,^GSPC,full,2010-09-30,2010-10-01,2010-12-31,63,29638.6,32681.8,0.102674,0.102454,0.000346825,0.102107,time,-0.00796384,1,0.0169823,0.0851248
f_seasonal,MIDTERM-SEP|H63,^GSPC,full,2014-09-30,2014-10-01,2014-12-31,63,54796.7,58266.3,0.0633177,0.0631051,5.59524e-05,0.0630491,time,-0.0422992,1,0.0378294,0.0252197
f_seasonal,MIDTERM-SEP|H63,^GSPC,full,2018-09-28,2018-10-01,2019-01-02,63,89413.5,77141.9,-0.137246,-0.137418,0.00577897,-0.143197,time,-0.192203,1,0.0390903,-0.182287
f_seasonal,MIDTERM-SEP|H63,^GSPC,full,2022-09-30,2022-10-03,2023-01-03,63,120569,125911,0.0443077,0.0438901,0.0101242,0.0337659,time,-0.0270641,2,0.0336858,8.00765e-05
f_seasonal,MIDTERM-SEP|H84,^GSPC,design,1930-09-30,1930-10-01,1931-02-03,84,21.6535,18.4698,-0.147028,-0.147198,0.00510354,-0.152302,time,-0.247583,1,0.00998745,-0.162289
f_seasonal,MIDTERM-SEP|H84,^GSPC,design,1934-09-28,1934-10-01,1935-02-04,84,12.8143,13.2616,0.0349017,0.0346947,0.000417677,0.034277,time,-0.00417225,1,0.0520423,-0.0177653
f_seasonal,MIDTERM-SEP|H84,^GSPC,design,1938-09-30,1938-10-03,1939-02-06,84,22.0873,22.3134,0.0102367,0.00983271,-0.000582778,0.0104155,time,-0.0669779,2,0.00733603,0.00307946
f_seasonal,MIDTERM-SEP|H84,^GSPC,design,1942-09-30,1942-10-01,1943-02-04,84,20.0962,23.9874,0.193628,0.193389,0.00125238,0.192137,time,0,1,0.0426421,0.149495
f_seasonal,MIDTERM-SEP|H84,^GSPC,design,1946-09-30,1946-10-01,1947-02-03,84,40.5652,43.6383,0.0757573,0.0753271,0.00120275,0.0741243,time,-0.0525447,2,0.0383888,0.0357356
f_seasonal,MIDTERM-SEP|H84,^GSPC,design,1950-09-29,1950-10-02,1951-02-02,84,67.7129,77.3329,0.14207,0.141842,0.00475397,0.137088,time,-0.0235937,1,0.047134,0.0899538
f_seasonal,MIDTERM-SEP|H84,^GSPC,design,1954-09-30,1954-10-01,1955-02-01,84,140.904,162.639,0.154256,0.154025,0.00358135,0.150444,time,-0.016149,1,0.043736,0.106708
f_seasonal,MIDTERM-SEP|H84,^GSPC,design,1958-09-30,1958-10-01,1959-02-03,84,255.412,285.606,0.118218,0.117994,0.00908214,0.108912,time,0,1,0.0313579,0.0775539
f_seasonal,MIDTERM-SEP|H84,^GSPC,design,1962-09-28,1962-10-01,1963-01-31,84,322.368,389.072,0.206919,0.206678,0.00945357,0.197224,time,-0.0337501,1,0.0289894,0.168235
f_seasonal,MIDTERM-SEP|H84,^GSPC,design,1966-09-30,1966-10-03,1967-02-02,84,492.57,577.144,0.1717,0.171466,0.0169024,0.154563,time,-0.0221136,1,0.00720378,0.14736
f_seasonal,MIDTERM-SEP|H84,^GSPC,design,1970-09-30,1970-10-01,1971-02-01,84,630.766,729.928,0.157209,0.156977,0.017077,0.139901,time,-0.0131555,1,-0.00140196,0.141302
f_seasonal,MIDTERM-SEP|H84,^GSPC,design,1974-09-30,1974-10-01,1975-01-30,84,540.077,660.496,0.222968,0.222479,0.0236968,0.198782,time,-0.0171035,2,-0.00474245,0.203524
f_seasonal,MIDTERM-SEP|H84,^GSPC,design,1978-09-29,1978-10-02,1979-01-31,84,1046.64,1033.55,-0.0125052,-0.0127026,0.029244,-0.0419467,time,-0.0960031,1,0.00498812,-0.0469348
f_seasonal,MIDTERM-SEP|H84,^GSPC,design,1982-09-30,1982-10-01,1983-01-31,84,1531.26,1854.48,0.211078,0.210835,0.0263234,0.184512,time,-0.00356637,1,0.0209144,0.163598
f_seasonal,MIDTERM-SEP|H84,^GSPC,design,1986-09-30,1986-10-01,1987-01-30,84,3474.68,4122.21,0.186356,0.186119,0.0178976,0.168221,time,0,1,0.0344694,0.133751
f_seasonal,MIDTERM-SEP|H84,^GSPC,design,1990-09-28,1990-10-01,1991-01-30,84,5368.41,5878.05,0.0949323,0.0947134,0.0226667,0.0720467,time,-0.0610999,1,0.0289889,0.0430578
f_seasonal,MIDTERM-SEP|H84,^GSPC,design,1994-09-30,1994-10-03,1995-02-01,84,8885.31,9130.01,0.0275391,0.0273336,0.0179873,0.0093463,time,-0.0304269,1,0.0457105,-0.0363642
f_seasonal,MIDTERM-SEP|H84,^GSPC,design,1998-09-30,1998-10-01,1999-02-02,84,20641.4,26523.8,0.284979,0.284465,0.0142448,0.270221,time,-0.0268991,2,0.028271,0.24195
f_seasonal,MIDTERM-SEP|H84,^GSPC,design,2002-09-30,2002-10-01,2003-01-31,84,18697.3,18984,0.0153358,0.0149298,0.0043246,0.0106052,time,-0.0832348,2,-0.00622917,0.0168343
f_seasonal,MIDTERM-SEP|H84,^GSPC,design,2006-09-29,2006-10-02,2007-02-02,84,31564.2,34553.7,0.0947115,0.0944926,0.0164139,0.0780787,time,0,1,0.0150002,0.0630785
f_seasonal,MIDTERM-SEP|H84,^GSPC,test,2010-09-30,2010-10-01,2011-02-01,84,29638.6,34015,0.147657,0.147427,0.000473413,0.146954,time,-0.00796384,1,0.0300767,0.116877
f_seasonal,MIDTERM-SEP|H84,^GSPC,test,2014-09-30,2014-10-01,2015-02-02,84,54796.7,57251.2,0.0447929,0.044584,7.85714e-05,0.0445054,time,-0.0422992,1,0.0507477,-0.00624226
f_seasonal,MIDTERM-SEP|H84,^GSPC,test,2018-09-28,2018-10-01,2019-02-01,84,89413.5,83303.7,-0.0683315,-0.0685178,0.00775675,-0.0762746,time,-0.192203,1,0.052764,-0.129039
f_seasonal,MIDTERM-SEP|H84,^GSPC,test,2022-09-30,2022-10-03,2023-02-02,84,120569,137763,0.142609,0.142152,0.0139107,0.128241,time,-0.0270641,2,0.0443151,0.0839261
f_seasonal,MIDTERM-SEP|H84,SPY,test_exec,2010-09-30,2010-10-01,2011-01-31,84,86.8286,97.6769,0.124939,0.124714,0.00047381,0.12424,time,-0.0107835,1,0.0295737,0.0946664
f_seasonal,MIDTERM-SEP|H84,SPY,test_exec,2014-09-30,2014-10-01,2015-01-30,84,161.185,164.34,0.0195769,0.0193731,7.85714e-05,0.0192945,time,-0.0530252,1,0.0499811,-0.0306867
f_seasonal,MIDTERM-SEP|H84,SPY,test_exec,2018-09-28,2018-10-01,2019-01-31,84,259.155,240.876,-0.0705339,-0.0707198,0.0077504,-0.0784702,time,-0.193083,1,0.0519401,-0.13041
f_seasonal,MIDTERM-SEP|H84,SPY,test_exec,2022-09-30,2022-10-03,2023-02-01,84,342.829,391.827,0.142922,0.142465,0.0138635,0.128602,time,-0.0125181,2,0.043677,0.0849246
f_seasonal,MIDTERM-SEP|H84,^GSPC,full,1930-09-30,1930-10-01,1931-02-03,84,21.6535,18.4698,-0.147028,-0.147198,0.00510354,-0.152302,time,-0.247583,1,0.00998745,-0.162289
f_seasonal,MIDTERM-SEP|H84,^GSPC,full,1934-09-28,1934-10-01,1935-02-04,84,12.8143,13.2616,0.0349017,0.0346947,0.000417677,0.034277,time,-0.00417225,1,0.0520423,-0.0177653
f_seasonal,MIDTERM-SEP|H84,^GSPC,full,1938-09-30,1938-10-03,1939-02-06,84,22.0873,22.3134,0.0102367,0.00983271,-0.000582778,0.0104155,time,-0.0669779,2,0.00733603,0.00307946
f_seasonal,MIDTERM-SEP|H84,^GSPC,full,1942-09-30,1942-10-01,1943-02-04,84,20.0962,23.9874,0.193628,0.193389,0.00125238,0.192137,time,0,1,0.0426421,0.149495
f_seasonal,MIDTERM-SEP|H84,^GSPC,full,1946-09-30,1946-10-01,1947-02-03,84,40.5652,43.6383,0.0757573,0.0753271,0.00120275,0.0741243,time,-0.0525447,2,0.0383888,0.0357356
f_seasonal,MIDTERM-SEP|H84,^GSPC,full,1950-09-29,1950-10-02,1951-02-02,84,67.7129,77.3329,0.14207,0.141842,0.00475397,0.137088,time,-0.0235937,1,0.047134,0.0899538
f_seasonal,MIDTERM-SEP|H84,^GSPC,full,1954-09-30,1954-10-01,1955-02-01,84,140.904,162.639,0.154256,0.154025,0.00358135,0.150444,time,-0.016149,1,0.043736,0.106708
f_seasonal,MIDTERM-SEP|H84,^GSPC,full,1958-09-30,1958-10-01,1959-02-03,84,255.412,285.606,0.118218,0.117994,0.00908214,0.108912,time,0,1,0.0313579,0.0775539
f_seasonal,MIDTERM-SEP|H84,^GSPC,full,1962-09-28,1962-10-01,1963-01-31,84,322.368,389.072,0.206919,0.206678,0.00945357,0.197224,time,-0.0337501,1,0.0289894,0.168235
f_seasonal,MIDTERM-SEP|H84,^GSPC,full,1966-09-30,1966-10-03,1967-02-02,84,492.57,577.144,0.1717,0.171466,0.0169024,0.154563,time,-0.0221136,1,0.00720378,0.14736
f_seasonal,MIDTERM-SEP|H84,^GSPC,full,1970-09-30,1970-10-01,1971-02-01,84,630.766,729.928,0.157209,0.156977,0.017077,0.139901,time,-0.0131555,1,-0.00140196,0.141302
f_seasonal,MIDTERM-SEP|H84,^GSPC,full,1974-09-30,1974-10-01,1975-01-30,84,540.077,660.496,0.222968,0.222479,0.0236968,0.198782,time,-0.0171035,2,-0.00474245,0.203524
f_seasonal,MIDTERM-SEP|H84,^GSPC,full,1978-09-29,1978-10-02,1979-01-31,84,1046.64,1033.55,-0.0125052,-0.0127026,0.029244,-0.0419467,time,-0.0960031,1,0.00498812,-0.0469348
f_seasonal,MIDTERM-SEP|H84,^GSPC,full,1982-09-30,1982-10-01,1983-01-31,84,1531.26,1854.48,0.211078,0.210835,0.0263234,0.184512,time,-0.00356637,1,0.0209144,0.163598
f_seasonal,MIDTERM-SEP|H84,^GSPC,full,1986-09-30,1986-10-01,1987-01-30,84,3474.68,4122.21,0.186356,0.186119,0.0178976,0.168221,time,0,1,0.0344694,0.133751
f_seasonal,MIDTERM-SEP|H84,^GSPC,full,1990-09-28,1990-10-01,1991-01-30,84,5368.41,5878.05,0.0949323,0.0947134,0.0226667,0.0720467,time,-0.0610999,1,0.0289889,0.0430578
f_seasonal,MIDTERM-SEP|H84,^GSPC,full,1994-09-30,1994-10-03,1995-02-01,84,8885.31,9130.01,0.0275391,0.0273336,0.0179873,0.0093463,time,-0.0304269,1,0.0457105,-0.0363642
f_seasonal,MIDTERM-SEP|H84,^GSPC,full,1998-09-30,1998-10-01,1999-02-02,84,20641.4,26523.8,0.284979,0.284465,0.0142448,0.270221,time,-0.0268991,2,0.028271,0.24195
f_seasonal,MIDTERM-SEP|H84,^GSPC,full,2002-09-30,2002-10-01,2003-01-31,84,18697.3,18984,0.0153358,0.0149298,0.0043246,0.0106052,time,-0.0832348,2,-0.00622917,0.0168343
f_seasonal,MIDTERM-SEP|H84,^GSPC,full,2006-09-29,2006-10-02,2007-02-02,84,31564.2,34553.7,0.0947115,0.0944926,0.0164139,0.0780787,time,0,1,0.00565212,0.0724266
f_seasonal,MIDTERM-SEP|H84,^GSPC,full,2010-09-30,2010-10-01,2011-02-01,84,29638.6,34015,0.147657,0.147427,0.000473413,0.146954,time,-0.00796384,1,0.0246659,0.122288
f_seasonal,MIDTERM-SEP|H84,^GSPC,full,2014-09-30,2014-10-01,2015-02-02,84,54796.7,57251.2,0.0447929,0.044584,7.85714e-05,0.0445054,time,-0.0422992,1,0.0507477,-0.00624226
f_seasonal,MIDTERM-SEP|H84,^GSPC,full,2018-09-28,2018-10-01,2019-02-01,84,89413.5,83303.7,-0.0683315,-0.0685178,0.00775675,-0.0762746,time,-0.192203,1,0.052764,-0.129039
f_seasonal,MIDTERM-SEP|H84,^GSPC,full,2022-09-30,2022-10-03,2023-02-02,84,120569,137763,0.142609,0.142152,0.0139107,0.128241,time,-0.0270641,2,0.0443151,0.0839261
f_seasonal,MIDTERM-SEP-DD5|H42,^GSPC,design,1930-09-30,1930-10-01,1930-12-03,42,21.6535,18.7655,-0.133375,-0.133548,0.00235,-0.135898,time,-0.195164,1,0.00649322,-0.142391
f_seasonal,MIDTERM-SEP-DD5|H42,^GSPC,design,1934-09-28,1934-10-01,1934-12-04,42,12.8143,13.8713,0.0824819,0.0822655,0.000205455,0.08206,time,-0.00417225,1,0.0250276,0.0570324
f_seasonal,MIDTERM-SEP-DD5|H42,^GSPC,design,1938-09-30,1938-10-03,1938-12-06,42,22.0873,22.2156,0.00580861,0.00540637,-0.000505,0.00591137,time,-0.00562279,2,0.00566289,0.000248478
f_seasonal,MIDTERM-SEP-DD5|H42,^GSPC,design,1942-09-30,1942-10-01,1942-12-04,42,20.0962,21.2686,0.0583394,0.0581278,0.00064026,0.0574875,time,0,1,0.0195046,0.037983
f_seasonal,MIDTERM-SEP-DD5|H42,^GSPC,design,1946-09-30,1946-10-01,1946-12-03,42,40.5652,39.7094,-0.0210968,-0.0214883,0.000615528,-0.0221038,time,-0.0525447,2,0.0180017,-0.0401055
f_seasonal,MIDTERM-SEP-DD5|H42,^GSPC,design,1962-09-28,1962-10-01,1962-11-30,42,322.368,363.888,0.128797,0.128571,0.00464008,0.123931,time,-0.0337501,1,0.0144975,0.109433
f_seasonal,MIDTERM-SEP-DD5|H42,^GSPC,design,1966-09-30,1966-10-03,1966-12-02,42,492.57,530.165,0.0763245,0.0761093,0.00888532,0.067224,time,-0.0221136,1,0.00472295,0.062501
f_seasonal,MIDTERM-SEP-DD5|H42,^GSPC,design,1970-09-30,1970-10-01,1970-12-01,42,630.766,658.425,0.0438506,0.0436418,0.00934365,0.0342982,time,-0.0131555,1,0.000468959,0.0338292
f_seasonal,MIDTERM-SEP-DD5|H42,^GSPC,design,1974-09-30,1974-10-01,1974-11-29,42,540.077,601.212,0.113198,0.112753,0.0125008,0.100252,time,-0.0171035,2,-0.00152068,0.101773
f_seasonal,MIDTERM-SEP-DD5|H42,^GSPC,design,1986-09-30,1986-10-01,1986-12-01,42,3474.68,3725.66,0.0722307,0.0720162,0.00876786,0.0632484,time,0,1,0.0167728,0.0464756
f_seasonal,MIDTERM-SEP-DD5|H42,^GSPC,design,1990-09-28,1990-10-01,1990-11-29,42,5368.41,5429.16,0.0113159,0.0111137,0.0118583,-0.000744644,time,-0.0610999,1,0.0135916,-0.0143362
f_seasonal,MIDTERM-SEP-DD5|H42,^GSPC,design,1998-09-30,1998-10-01,1998-12-01,42,20641.4,24652.8,0.194337,0.193859,0.00696587,0.186894,time,-0.0268991,2,0.0142314,0.172662
f_seasonal,MIDTERM-SEP-DD5|H42,^GSPC,design,2002-09-30,2002-10-01,2002-11-29,42,18697.3,20711.4,0.107722,0.107279,0.00235794,0.104922,time,-0.0832348,2,-0.00273083,0.107652
f_seasonal,MIDTERM-SEP-DD5|H42,^GSPC,test,2010-09-30,2010-10-01,2010-12-01,42,29638.6,31301.1,0.056091,0.0558798,0.000230159,0.0556496,time,-0.00796384,1,0.0139649,0.0416847
f_seasonal,MIDTERM-SEP-DD5|H42,^GSPC,test,2022-09-30,2022-10-03,2022-12-01,42,120569,134046,0.111782,0.111337,0.00657341,0.104764,time,-0.0270641,2,0.0228596,0.0819045
f_seasonal,MIDTERM-SEP-DD5|H42,SPY,test_exec,2010-09-30,2010-10-01,2010-11-30,42,86.8286,89.4715,0.0304375,0.0302314,0.000230159,0.0300013,time,-0.0107835,1,0.0135712,0.01643
f_seasonal,MIDTERM-SEP-DD5|H42,SPY,test_exec,2022-09-30,2022-10-03,2022-11-30,42,342.829,387.074,0.129057,0.128606,0.00653849,0.122067,time,-0.0125181,2,0.0223782,0.099689
f_seasonal,MIDTERM-SEP-DD5|H42,^GSPC,full,1930-09-30,1930-10-01,1930-12-03,42,21.6535,18.7655,-0.133375,-0.133548,0.00235,-0.135898,time,-0.195164,1,0.00649322,-0.142391
f_seasonal,MIDTERM-SEP-DD5|H42,^GSPC,full,1934-09-28,1934-10-01,1934-12-04,42,12.8143,13.8713,0.0824819,0.0822655,0.000205455,0.08206,time,-0.00417225,1,0.0250276,0.0570324
f_seasonal,MIDTERM-SEP-DD5|H42,^GSPC,full,1938-09-30,1938-10-03,1938-12-06,42,22.0873,22.2156,0.00580861,0.00540637,-0.000505,0.00591137,time,-0.00562279,2,0.00566289,0.000248478
f_seasonal,MIDTERM-SEP-DD5|H42,^GSPC,full,1942-09-30,1942-10-01,1942-12-04,42,20.0962,21.2686,0.0583394,0.0581278,0.00064026,0.0574875,time,0,1,0.0195046,0.037983
f_seasonal,MIDTERM-SEP-DD5|H42,^GSPC,full,1946-09-30,1946-10-01,1946-12-03,42,40.5652,39.7094,-0.0210968,-0.0214883,0.000615528,-0.0221038,time,-0.0525447,2,0.0180017,-0.0401055
f_seasonal,MIDTERM-SEP-DD5|H42,^GSPC,full,1962-09-28,1962-10-01,1962-11-30,42,322.368,363.888,0.128797,0.128571,0.00464008,0.123931,time,-0.0337501,1,0.0144975,0.109433
f_seasonal,MIDTERM-SEP-DD5|H42,^GSPC,full,1966-09-30,1966-10-03,1966-12-02,42,492.57,530.165,0.0763245,0.0761093,0.00888532,0.067224,time,-0.0221136,1,0.00472295,0.062501
f_seasonal,MIDTERM-SEP-DD5|H42,^GSPC,full,1970-09-30,1970-10-01,1970-12-01,42,630.766,658.425,0.0438506,0.0436418,0.00934365,0.0342982,time,-0.0131555,1,0.000468959,0.0338292
f_seasonal,MIDTERM-SEP-DD5|H42,^GSPC,full,1974-09-30,1974-10-01,1974-11-29,42,540.077,601.212,0.113198,0.112753,0.0125008,0.100252,time,-0.0171035,2,-0.00152068,0.101773
f_seasonal,MIDTERM-SEP-DD5|H42,^GSPC,full,1986-09-30,1986-10-01,1986-12-01,42,3474.68,3725.66,0.0722307,0.0720162,0.00876786,0.0632484,time,0,1,0.0167728,0.0464756
f_seasonal,MIDTERM-SEP-DD5|H42,^GSPC,full,1990-09-28,1990-10-01,1990-11-29,42,5368.41,5429.16,0.0113159,0.0111137,0.0118583,-0.000744644,time,-0.0610999,1,0.0135916,-0.0143362
f_seasonal,MIDTERM-SEP-DD5|H42,^GSPC,full,1998-09-30,1998-10-01,1998-12-01,42,20641.4,24652.8,0.194337,0.193859,0.00696587,0.186894,time,-0.0268991,2,0.0142314,0.172662
f_seasonal,MIDTERM-SEP-DD5|H42,^GSPC,full,2002-09-30,2002-10-01,2002-11-29,42,18697.3,20711.4,0.107722,0.107279,0.00235794,0.104922,time,-0.0832348,2,-0.00273083,0.107652
f_seasonal,MIDTERM-SEP-DD5|H42,^GSPC,full,2010-09-30,2010-10-01,2010-12-01,42,29638.6,31301.1,0.056091,0.0558798,0.000230159,0.0556496,time,-0.00796384,1,0.0106963,0.0449533
f_seasonal,MIDTERM-SEP-DD5|H42,^GSPC,full,2022-09-30,2022-10-03,2022-12-01,42,120569,134046,0.111782,0.111337,0.00657341,0.104764,time,-0.0270641,2,0.0228596,0.0819045
f_seasonal,MIDTERM-SEP-DD5|H63,^GSPC,design,1930-09-30,1930-10-01,1931-01-05,63,21.6535,18.0269,-0.167481,-0.167647,0.00370195,-0.171349,time,-0.247583,1,0.00958623,-0.180935
f_seasonal,MIDTERM-SEP-DD5|H63,^GSPC,design,1934-09-28,1934-10-01,1935-01-04,63,12.8143,13.9716,0.0903133,0.0900952,0.000309091,0.0897861,time,-0.00417225,1,0.0387735,0.0510126
f_seasonal,MIDTERM-SEP-DD5|H63,^GSPC,design,1938-09-30,1938-10-03,1939-01-06,63,22.0873,23.3067,0.0552086,0.0547866,-0.000524048,0.0553107,time,-0.00819838,2,0.00702067,0.04829
f_seasonal,MIDTERM-SEP-DD5|H63,^GSPC,design,1942-09-30,1942-10-01,1943-01-06,63,20.0962,22.6364,0.126401,0.126176,0.000930714,0.125245,time,0,1,0.0306753,0.0945696
f_seasonal,MIDTERM-SEP-DD5|H63,^GSPC,design,1946-09-30,1946-10-01,1947-01-03,63,40.5652,41.983,0.0349513,0.0345374,0.000914229,0.0336232,time,-0.0525447,2,0.0283493,0.00527393
f_seasonal,MIDTERM-SEP-DD5|H63,^GSPC,design,1962-09-28,1962-10-01,1963-01-02,63,322.368,367.439,0.139812,0.139584,0.00702897,0.132555,time,-0.0337501,1,0.0214926,0.111062
f_seasonal,MIDTERM-SEP-DD5|H63,^GSPC,design,1966-09-30,1966-10-03,1967-01-04,63,492.57,534.508,0.0851414,0.0849244,0.012996,0.0719284,time,-0.0221136,1,0.00611519,0.0658132
f_seasonal,MIDTERM-SEP-DD5|H63,^GSPC,design,1970-09-30,1970-10-01,1970-12-31,63,630.766,695.667,0.102893,0.102672,0.0133937,0.0892787,time,-0.0131555,1,-0.000417909,0.0896966
f_seasonal,MIDTERM-SEP-DD5|H63,^GSPC,design,1974-09-30,1974-10-01,1974-12-31,63,540.077,591.74,0.0956598,0.0952217,0.0184603,0.0767613,time,-0.0171035,2,-0.00283974,0.0796011
f_seasonal,MIDTERM-SEP-DD5|H63,^GSPC,design,1986-09-30,1986-10-01,1986-12-31,63,3474.68,3632.82,0.0455119,0.0453028,0.013379,0.0319238,time,0,1,0.025747,0.00617686
f_seasonal,MIDTERM-SEP-DD5|H63,^GSPC,design,1990-09-28,1990-10-01,1990-12-31,63,5368.41,5682.66,0.0585373,0.0583257,0.0174857,0.0408399,time,-0.0610999,1,0.0213055,0.0195344
f_seasonal,MIDTERM-SEP-DD5|H63,^GSPC,design,1998-09-30,1998-10-01,1998-12-31,63,20641.4,25814.3,0.250607,0.250106,0.0106254,0.239481,time,-0.0268991,2,0.0212895,0.218192
f_seasonal,MIDTERM-SEP-DD5|H63,^GSPC,design,2002-09-30,2002-10-01,2002-12-31,63,18697.3,19494.8,0.0426509,0.0422339,0.0033504,0.0388835,time,-0.0832348,2,-0.00452081,0.0434043
f_seasonal,MIDTERM-SEP-DD5|H63,^GSPC,test,2010-09-30,2010-10-01,2010-12-31,63,29638.6,32681.8,0.102674,0.102454,0.000346825,0.102107,time,-0.00796384,1,0.0220313,0.0800758
f_seasonal,MIDTERM-SEP-DD5|H63,^GSPC,test,2022-09-30,2022-10-03,2023-01-03,63,120569,125911,0.0443077,0.0438901,0.0101242,0.0337659,time,-0.0270641,2,0.0336858,8.00765e-05
f_seasonal,MIDTERM-SEP-DD5|H63,SPY,test_exec,2010-09-30,2010-10-01,2010-12-30,63,86.8286,95.43,0.0990621,0.0988423,0.000348413,0.0984939,time,-0.0107835,1,0.0215573,0.0769366
f_seasonal,MIDTERM-SEP-DD5|H63,SPY,test_exec,2022-09-30,2022-10-03,2022-12-30,63,342.829,364.768,0.0639917,0.0635662,0.0100821,0.053484,time,-0.0125181,2,0.0331456,0.0203384
f_seasonal,MIDTERM-SEP-DD5|H63,^GSPC,full,1930-09-30,1930-10-01,1931-01-05,63,21.6535,18.0269,-0.167481,-0.167647,0.00370195,-0.171349,time,-0.247583,1,0.00958623,-0.180935
f_seasonal,MIDTERM-SEP-DD5|H63,^GSPC,full,1934-09-28,1934-10-01,1935-01-04,63,12.8143,13.9716,0.0903133,0.0900952,0.000309091,0.0897861,time,-0.00417225,1,0.0387735,0.0510126
f_seasonal,MIDTERM-SEP-DD5|H63,^GSPC,full,1938-09-30,1938-10-03,1939-01-06,63,22.0873,23.3067,0.0552086,0.0547866,-0.000524048,0.0553107,time,-0.00819838,2,0.00702067,0.04829
f_seasonal,MIDTERM-SEP-DD5|H63,^GSPC,full,1942-09-30,1942-10-01,1943-01-06,63,20.0962,22.6364,0.126401,0.126176,0.000930714,0.125245,time,0,1,0.0306753,0.0945696
f_seasonal,MIDTERM-SEP-DD5|H63,^GSPC,full,1946-09-30,1946-10-01,1947-01-03,63,40.5652,41.983,0.0349513,0.0345374,0.000914229,0.0336232,time,-0.0525447,2,0.0283493,0.00527393
f_seasonal,MIDTERM-SEP-DD5|H63,^GSPC,full,1962-09-28,1962-10-01,1963-01-02,63,322.368,367.439,0.139812,0.139584,0.00702897,0.132555,time,-0.0337501,1,0.0214926,0.111062
f_seasonal,MIDTERM-SEP-DD5|H63,^GSPC,full,1966-09-30,1966-10-03,1967-01-04,63,492.57,534.508,0.0851414,0.0849244,0.012996,0.0719284,time,-0.0221136,1,0.00611519,0.0658132
f_seasonal,MIDTERM-SEP-DD5|H63,^GSPC,full,1970-09-30,1970-10-01,1970-12-31,63,630.766,695.667,0.102893,0.102672,0.0133937,0.0892787,time,-0.0131555,1,-0.000417909,0.0896966
f_seasonal,MIDTERM-SEP-DD5|H63,^GSPC,full,1974-09-30,1974-10-01,1974-12-31,63,540.077,591.74,0.0956598,0.0952217,0.0184603,0.0767613,time,-0.0171035,2,-0.00283974,0.0796011
f_seasonal,MIDTERM-SEP-DD5|H63,^GSPC,full,1986-09-30,1986-10-01,1986-12-31,63,3474.68,3632.82,0.0455119,0.0453028,0.013379,0.0319238,time,0,1,0.025747,0.00617686
f_seasonal,MIDTERM-SEP-DD5|H63,^GSPC,full,1990-09-28,1990-10-01,1990-12-31,63,5368.41,5682.66,0.0585373,0.0583257,0.0174857,0.0408399,time,-0.0610999,1,0.0213055,0.0195344
f_seasonal,MIDTERM-SEP-DD5|H63,^GSPC,full,1998-09-30,1998-10-01,1998-12-31,63,20641.4,25814.3,0.250607,0.250106,0.0106254,0.239481,time,-0.0268991,2,0.0212895,0.218192
f_seasonal,MIDTERM-SEP-DD5|H63,^GSPC,full,2002-09-30,2002-10-01,2002-12-31,63,18697.3,19494.8,0.0426509,0.0422339,0.0033504,0.0388835,time,-0.0832348,2,-0.00452081,0.0434043
f_seasonal,MIDTERM-SEP-DD5|H63,^GSPC,full,2010-09-30,2010-10-01,2010-12-31,63,29638.6,32681.8,0.102674,0.102454,0.000346825,0.102107,time,-0.00796384,1,0.0169823,0.0851248
f_seasonal,MIDTERM-SEP-DD5|H63,^GSPC,full,2022-09-30,2022-10-03,2023-01-03,63,120569,125911,0.0443077,0.0438901,0.0101242,0.0337659,time,-0.0270641,2,0.0336858,8.00765e-05
f_seasonal,MIDTERM-SEP-DD5|H84,^GSPC,design,1930-09-30,1930-10-01,1931-02-03,84,21.6535,18.4698,-0.147028,-0.147198,0.00510354,-0.152302,time,-0.247583,1,0.00998745,-0.162289
f_seasonal,MIDTERM-SEP-DD5|H84,^GSPC,design,1934-09-28,1934-10-01,1935-02-04,84,12.8143,13.2616,0.0349017,0.0346947,0.000417677,0.034277,time,-0.00417225,1,0.0520423,-0.0177653
f_seasonal,MIDTERM-SEP-DD5|H84,^GSPC,design,1938-09-30,1938-10-03,1939-02-06,84,22.0873,22.3134,0.0102367,0.00983271,-0.000582778,0.0104155,time,-0.0669779,2,0.00733603,0.00307946
f_seasonal,MIDTERM-SEP-DD5|H84,^GSPC,design,1942-09-30,1942-10-01,1943-02-04,84,20.0962,23.9874,0.193628,0.193389,0.00125238,0.192137,time,0,1,0.0426421,0.149495
f_seasonal,MIDTERM-SEP-DD5|H84,^GSPC,design,1946-09-30,1946-10-01,1947-02-03,84,40.5652,43.6383,0.0757573,0.0753271,0.00120275,0.0741243,time,-0.0525447,2,0.0383888,0.0357356
f_seasonal,MIDTERM-SEP-DD5|H84,^GSPC,design,1962-09-28,1962-10-01,1963-01-31,84,322.368,389.072,0.206919,0.206678,0.00945357,0.197224,time,-0.0337501,1,0.0289894,0.168235
f_seasonal,MIDTERM-SEP-DD5|H84,^GSPC,design,1966-09-30,1966-10-03,1967-02-02,84,492.57,577.144,0.1717,0.171466,0.0169024,0.154563,time,-0.0221136,1,0.00720378,0.14736
f_seasonal,MIDTERM-SEP-DD5|H84,^GSPC,design,1970-09-30,1970-10-01,1971-02-01,84,630.766,729.928,0.157209,0.156977,0.017077,0.139901,time,-0.0131555,1,-0.00140196,0.141302
f_seasonal,MIDTERM-SEP-DD5|H84,^GSPC,design,1974-09-30,1974-10-01,1975-01-30,84,540.077,660.496,0.222968,0.222479,0.0236968,0.198782,time,-0.0171035,2,-0.00474245,0.203524
f_seasonal,MIDTERM-SEP-DD5|H84,^GSPC,design,1986-09-30,1986-10-01,1987-01-30,84,3474.68,4122.21,0.186356,0.186119,0.0178976,0.168221,time,0,1,0.0344694,0.133751
f_seasonal,MIDTERM-SEP-DD5|H84,^GSPC,design,1990-09-28,1990-10-01,1991-01-30,84,5368.41,5878.05,0.0949323,0.0947134,0.0226667,0.0720467,time,-0.0610999,1,0.0289889,0.0430578
f_seasonal,MIDTERM-SEP-DD5|H84,^GSPC,design,1998-09-30,1998-10-01,1999-02-02,84,20641.4,26523.8,0.284979,0.284465,0.0142448,0.270221,time,-0.0268991,2,0.028271,0.24195
f_seasonal,MIDTERM-SEP-DD5|H84,^GSPC,design,2002-09-30,2002-10-01,2003-01-31,84,18697.3,18984,0.0153358,0.0149298,0.0043246,0.0106052,time,-0.0832348,2,-0.00622917,0.0168343
f_seasonal,MIDTERM-SEP-DD5|H84,^GSPC,test,2010-09-30,2010-10-01,2011-02-01,84,29638.6,34015,0.147657,0.147427,0.000473413,0.146954,time,-0.00796384,1,0.0300767,0.116877
f_seasonal,MIDTERM-SEP-DD5|H84,^GSPC,test,2022-09-30,2022-10-03,2023-02-02,84,120569,137763,0.142609,0.142152,0.0139107,0.128241,time,-0.0270641,2,0.0443151,0.0839261
f_seasonal,MIDTERM-SEP-DD5|H84,SPY,test_exec,2010-09-30,2010-10-01,2011-01-31,84,86.8286,97.6769,0.124939,0.124714,0.00047381,0.12424,time,-0.0107835,1,0.0295737,0.0946664
f_seasonal,MIDTERM-SEP-DD5|H84,SPY,test_exec,2022-09-30,2022-10-03,2023-02-01,84,342.829,391.827,0.142922,0.142465,0.0138635,0.128602,time,-0.0125181,2,0.043677,0.0849246
f_seasonal,MIDTERM-SEP-DD5|H84,^GSPC,full,1930-09-30,1930-10-01,1931-02-03,84,21.6535,18.4698,-0.147028,-0.147198,0.00510354,-0.152302,time,-0.247583,1,0.00998745,-0.162289
f_seasonal,MIDTERM-SEP-DD5|H84,^GSPC,full,1934-09-28,1934-10-01,1935-02-04,84,12.8143,13.2616,0.0349017,0.0346947,0.000417677,0.034277,time,-0.00417225,1,0.0520423,-0.0177653
f_seasonal,MIDTERM-SEP-DD5|H84,^GSPC,full,1938-09-30,1938-10-03,1939-02-06,84,22.0873,22.3134,0.0102367,0.00983271,-0.000582778,0.0104155,time,-0.0669779,2,0.00733603,0.00307946
f_seasonal,MIDTERM-SEP-DD5|H84,^GSPC,full,1942-09-30,1942-10-01,1943-02-04,84,20.0962,23.9874,0.193628,0.193389,0.00125238,0.192137,time,0,1,0.0426421,0.149495
f_seasonal,MIDTERM-SEP-DD5|H84,^GSPC,full,1946-09-30,1946-10-01,1947-02-03,84,40.5652,43.6383,0.0757573,0.0753271,0.00120275,0.0741243,time,-0.0525447,2,0.0383888,0.0357356
f_seasonal,MIDTERM-SEP-DD5|H84,^GSPC,full,1962-09-28,1962-10-01,1963-01-31,84,322.368,389.072,0.206919,0.206678,0.00945357,0.197224,time,-0.0337501,1,0.0289894,0.168235
f_seasonal,MIDTERM-SEP-DD5|H84,^GSPC,full,1966-09-30,1966-10-03,1967-02-02,84,492.57,577.144,0.1717,0.171466,0.0169024,0.154563,time,-0.0221136,1,0.00720378,0.14736
f_seasonal,MIDTERM-SEP-DD5|H84,^GSPC,full,1970-09-30,1970-10-01,1971-02-01,84,630.766,729.928,0.157209,0.156977,0.017077,0.139901,time,-0.0131555,1,-0.00140196,0.141302
f_seasonal,MIDTERM-SEP-DD5|H84,^GSPC,full,1974-09-30,1974-10-01,1975-01-30,84,540.077,660.496,0.222968,0.222479,0.0236968,0.198782,time,-0.0171035,2,-0.00474245,0.203524
f_seasonal,MIDTERM-SEP-DD5|H84,^GSPC,full,1986-09-30,1986-10-01,1987-01-30,84,3474.68,4122.21,0.186356,0.186119,0.0178976,0.168221,time,0,1,0.0344694,0.133751
f_seasonal,MIDTERM-SEP-DD5|H84,^GSPC,full,1990-09-28,1990-10-01,1991-01-30,84,5368.41,5878.05,0.0949323,0.0947134,0.0226667,0.0720467,time,-0.0610999,1,0.0289889,0.0430578
f_seasonal,MIDTERM-SEP-DD5|H84,^GSPC,full,1998-09-30,1998-10-01,1999-02-02,84,20641.4,26523.8,0.284979,0.284465,0.0142448,0.270221,time,-0.0268991,2,0.028271,0.24195
f_seasonal,MIDTERM-SEP-DD5|H84,^GSPC,full,2002-09-30,2002-10-01,2003-01-31,84,18697.3,18984,0.0153358,0.0149298,0.0043246,0.0106052,time,-0.0832348,2,-0.00622917,0.0168343
f_seasonal,MIDTERM-SEP-DD5|H84,^GSPC,full,2010-09-30,2010-10-01,2011-02-01,84,29638.6,34015,0.147657,0.147427,0.000473413,0.146954,time,-0.00796384,1,0.0246659,0.122288
f_seasonal,MIDTERM-SEP-DD5|H84,^GSPC,full,2022-09-30,2022-10-03,2023-02-02,84,120569,137763,0.142609,0.142152,0.0139107,0.128241,time,-0.0270641,2,0.0443151,0.0839261
f_seasonal,ALL-OCT|H42,^GSPC,design,1928-10-31,1928-11-01,1929-01-04,42,22.7771,25.8961,0.136934,0.136707,0.00467364,0.132033,time,-0.00167385,1,-0.0171938,0.149227
f_seasonal,ALL-OCT|H42,^GSPC,design,1929-10-31,1929-11-04,1930-01-08,42,24.5187,22.9899,-0.0623536,-0.0627286,0.00750053,-0.0702291,time,-0.22725,2,-0.0101662,-0.0600629
f_seasonal,ALL-OCT|H42,^GSPC,design,1930-10-31,1930-11-03,1931-01-06,42,19.1922,18.2576,-0.048698,-0.0490785,0.00284206,-0.0519205,time,-0.151091,2,0.00752418,-0.0594447
f_seasonal,ALL-OCT|H42,^GSPC,design,1931-10-30,1931-11-02,1932-01-05,42,12.5328,9.14874,-0.270017,-0.270309,0.00304053,-0.27335,time,-0.270017,2,-0.00143628,-0.271914
f_seasonal,ALL-OCT|H42,^GSPC,design,1932-10-31,1932-11-01,1933-01-04,42,8.9038,9.53387,0.0707648,0.0703366,0.000299524,0.0700371,time,-0.0408395,2,0.0106834,0.0593537
f_seasonal,ALL-OCT|H42,^GSPC,design,1933-10-31,1933-11-01,1934-01-04,42,12.7126,13.9588,0.0980253,0.0975862,0.000458182,0.097128,time,0,2,0.024441,0.072687
f_seasonal,ALL-OCT|H42,^GSPC,design,1934-10-31,1934-11-01,1935-01-07,42,12.783,14.0772,0.101243,0.101022,0.000212919,0.100809,time,0,1,0.025713,0.0750965
f_seasonal,ALL-OCT|H42,^GSPC,design,1935-10-31,1935-11-01,1936-01-07,42,19.2201,20.8829,0.0865151,0.0862978,0.000307071,0.0859908,time,0,1,0.0330446,0.0529462
f_seasonal,ALL-OCT|H42,^GSPC,design,1936-10-30,1936-11-02,1937-01-06,42,27.1333,27.192,0.00216672,0.00196631,0.000109444,0.00185687,time,-0.0252565,1,0.0191622,-0.0173053
f_seasonal,ALL-OCT|H42,^GSPC,design,1937-10-29,1937-11-01,1938-01-03,42,20.007,17.6333,-0.118641,-0.118993,0.000189474,-0.119183,time,-0.154529,2,0.0175413,-0.136724
f_seasonal,ALL-OCT|H42,^GSPC,design,1938-10-31,1938-11-01,1939-01-05,42,23.1958,23.2851,0.00384859,0.00344713,-0.000582707,0.00402983,time,-0.0555961,2,0.0030233,0.00100653
f_seasonal,ALL-OCT|H42,^GSPC,design,1939-10-31,1939-11-01,1940-01-04,42,23.7176,23.7439,0.00110749,0.000907291,0,0.000907291,time,-0.0449494,1,-0.00187722,0.00278451
f_seasonal,ALL-OCT|H42,^GSPC,design,1940-10-31,1940-11-01,1941-01-07,42,21.7121,21.2865,-0.0196028,-0.0197988,-1.81818e-05,-0.0197806,time,-0.0554898,1,0.0141638,-0.0339444
f_seasonal,ALL-OCT|H42,^GSPC,design,1941-10-31,1941-11-03,1942-01-07,42,20.106,19.1185,-0.0491158,-0.049306,0.000138095,-0.0494441,time,-0.11733,1,0.0123142,-0.0617583
f_seasonal,ALL-OCT|H42,^GSPC,design,1942-10-30,1942-11-02,1943-01-06,42,21.4741,22.6364,0.0541234,0.0539126,0.000628333,0.0532842,time,-0.0166575,1,0.0207869,0.0324973
f_seasonal,ALL-OCT|H42,^GSPC,design,1943-10-29,1943-11-01,1944-01-03,42,28.4545,28.0822,-0.0130833,-0.0132806,0.000598496,-0.0138791,time,-0.074668,1,0.0199644,-0.0338435
f_seasonal,ALL-OCT|H42,^GSPC,design,1944-10-31,1944-11-01,1945-01-04,42,32.2415,34.1792,0.0600979,0.0598859,0.000525909,0.05936,time,-0.0103142,1,0.024156,0.0352039
f_seasonal,ALL-OCT|H42,^GSPC,design,1945-10-31,1945-11-01,1946-01-08,42,44.3155,46.7663,0.0553023,0.0550913,0.000557656,0.0545336,time,-0.000439082,1,0.0225908,0.0319429
f_seasonal,ALL-OCT|H42,^GSPC,design,1946-10-31,1946-11-01,1947-01-07,42,41.15,42.1637,0.0246335,0.0242237,0.000637879,0.0235858,time,-0.0600453,2,0.0194432,0.00414265
f_seasonal,ALL-OCT|H42,^GSPC,design,1947-10-31,1947-11-03,1948-01-07,42,44.3354,44.0798,-0.0057648,-0.00596363,0.00149804,-0.00746167,time,-0.0493772,1,0.0220383,-0.0294999
f_seasonal,ALL-OCT|H42,^GSPC,design,1948-10-29,1948-11-01,1949-01-03,42,50.5578,45.7197,-0.0956945,-0.0958754,0.000826566,-0.0967019,time,-0.112978,1,0.0187405,-0.115442
f_seasonal,ALL-OCT|H42,^GSPC,design,1949-10-31,1949-11-01,1950-01-05,42,52.3982,55.3898,0.0570944,0.056883,0.00178647,0.0550965,time,-0.0256481,1,0.0253189,0.0297776
f_seasonal,ALL-OCT|H42,^GSPC,design,1950-10-31,1950-11-01,1951-01-04,42,67.6561,73.0685,0.0799987,0.0797827,0.00232227,0.0774604,time,-0.0227736,1,0.02308,0.0543804
f_seasonal,ALL-OCT|H42,^GSPC,design,1951-10-31,1951-11-01,1952-01-07,42,85.592,89.5059,0.0457274,0.0455183,0.00251483,0.0430034,time,-0.027104,1,0.0319793,0.0110242
f_seasonal,ALL-OCT|H42,^GSPC,design,1952-10-31,1952-11-03,1953-01-07,42,96.6923,104.605,0.081833,0.0816166,0.00284594,0.0787707,time,0,1,0.0371009,0.0416698
f_seasonal,ALL-OCT|H42,^GSPC,design,1953-10-30,1953-11-02,1954-01-06,42,102.575,105.595,0.0294416,0.0292358,0.00220992,0.0270258,time,-0.0145561,1,0.0308489,-0.00382303
f_seasonal,ALL-OCT|H42,^GSPC,design,1954-10-29,1954-11-01,1955-01-03,42,139.259,162.184,0.164622,0.16439,0.00173889,0.162651,time,0,1,0.0215943,0.141056
f_seasonal,ALL-OCT|H42,^GSPC,design,1955-10-31,1955-11-01,1956-01-04,42,192.949,206.607,0.0707843,0.0705701,0.00401151,0.0665586,time,0,1,0.0259172,0.0406414
f_seasonal,ALL-OCT|H42,^GSPC,design,1956-10-31,1956-11-01,1957-01-07,42,220.476,221.405,0.00421064,0.00400982,0.0051746,-0.00116479,time,-0.0433505,1,0.0282449,-0.0294097
f_seasonal,ALL-OCT|H42,^GSPC,design,1957-10-31,1957-11-01,1958-01-06,42,199.171,201.834,0.0133706,0.0131679,0.00521667,0.00795126,time,-0.023357,1,0.0167833,-0.00883202
f_seasonal,ALL-OCT|H42,^GSPC,design,1958-10-31,1958-11-03,1959-01-07,42,264.305,282.916,0.0704128,0.0701987,0.00454325,0.0656555,time,-0.00851415,1,0.0152279,0.0504276
f_seasonal,ALL-OCT|H42,^GSPC,design,1959-10-30,1959-11-02,1960-01-05,42,303.664,321.101,0.0574227,0.0572112,0.00724008,0.0499711,time,-0.0196106,1,0.010863,0.0391082
f_seasonal,ALL-OCT|H42,^GSPC,design,1960-10-31,1960-11-01,1961-01-04,42,295.235,321.272,0.0881919,0.0879743,0.0038504,0.0841239,time,0,1,0.0191805,0.0649433
f_seasonal,ALL-OCT|H42,^GSPC,design,1961-10-31,1961-11-01,1962-01-04,42,387.838,400.494,0.0326342,0.0324277,0.00426389,0.0281638,time,0,1,0.0145138,0.01365
f_seasonal,ALL-OCT|H42,^GSPC,design,1962-10-31,1962-11-01,1963-01-04,42,332.966,375.976,0.129173,0.128947,0.00475476,0.124192,time,0,1,0.0139961,0.110196
f_seasonal,ALL-OCT|H42,^GSPC,design,1963-10-31,1963-11-01,1964-01-07,42,444.376,457.915,0.0304676,0.0302615,0.00586944,0.0243921,time,-0.0555224,1,0.0111222,0.0132699
f_seasonal,ALL-OCT|H42,^GSPC,design,1964-10-30,1964-11-02,1965-01-05,42,528.049,527.219,-0.00157144,-0.0017711,0.00625278,-0.00802388,time,-0.0197066,1,0.0079539,-0.0159778
f_seasonal,ALL-OCT|H42,^GSPC,design,1965-10-29,1965-11-01,1966-01-03,42,588.91,591.49,0.00438139,0.00418053,0.0070877,-0.00290717,time,-0.0151441,1,0.0137473,-0.0166544
f_seasonal,ALL-OCT|H42,^GSPC,design,1966-10-31,1966-11-01,1967-01-04,42,533.084,534.508,0.00267053,0.00247001,0.0085381,-0.00606808,time,-0.0121579,1,0.00355113,-0.00961921
f_seasonal,ALL-OCT|H42,^GSPC,design,1967-10-31,1967-11-01,1968-01-04,42,631.664,653.088,0.0339164,0.0337096,0.00811151,0.0255981,time,-0.0164406,1,0.000820409,0.0247777
f_seasonal,ALL-OCT|H42,^GSPC,design,1968-10-31,1968-11-01,1969-01-13,42,722.302,707.371,-0.0206723,-0.0208681,0.00968373,-0.0305519,time,-0.0206723,1,-0.000198046,-0.0303538
f_seasonal,ALL-OCT|H42,^GSPC,design,1969-10-31,1969-11-03,1970-01-05,42,701.851,679.021,-0.0325276,-0.0327211,0.0126202,-0.0453413,time,-0.0780194,1,0.00906235,-0.0544037
f_seasonal,ALL-OCT|H42,^GSPC,design,1970-10-30,1970-11-02,1971-01-04,42,626.762,688.21,0.0980415,0.0978219,0.00843214,0.0893898,time,-0.00685081,1,-0.00135194,0.0907417
f_seasonal,ALL-OCT|H42,^GSPC,design,1971-10-29,1971-11-01,1971-12-31,42,719.262,795.488,0.105979,0.105757,0.00684762,0.0989097,time,-0.0263969,1,-0.0140425,0.112952
f_seasonal,ALL-OCT|H42,^GSPC,design,1972-10-31,1972-11-01,1973-01-05,42,899.341,961.114,0.0686866,0.0684729,0.00824484,0.0602281,time,0,1,-0.00234867,0.0625768
f_seasonal,ALL-OCT|H42,^GSPC,design,1973-10-31,1973-11-01,1974-01-03,42,884.823,824.702,-0.0679477,-0.0681341,0.0127421,-0.0808761,time,-0.141599,1,0.00334569,-0.0842218
f_seasonal,ALL-OCT|H42,^GSPC,design,1974-10-31,1974-11-01,1975-01-03,42,632.407,610.535,-0.0345847,-0.0349708,0.0121429,-0.0471136,time,-0.115762,2,-0.00191841,-0.0451952
f_seasonal,ALL-OCT|H42,^GSPC,design,1975-10-31,1975-11-03,1976-01-05,42,788.581,834.465,0.058186,0.0579744,0.00907024,0.0489042,time,-0.0107124,1,-0.00688177,0.0557859
f_seasonal,ALL-OCT|H42,^GSPC,design,1976-10-29,1976-11-01,1977-01-03,42,958.35,1001.08,0.0445903,0.0443814,0.00755516,0.0368262,time,-0.0407052,1,0.000400201,0.036426
f_seasonal,ALL-OCT|H42,^GSPC,design,1977-10-31,1977-11-01,1978-01-03,42,886.465,917.961,0.0355295,0.0353225,0.0101433,0.0251792,time,-0.00681184,1,0.0158633,0.00931588
f_seasonal,ALL-OCT|H42,^GSPC,design,1978-10-31,1978-11-01,1979-01-03,42,988.862,1007.41,0.0187609,0.0185571,0.014806,0.00375117,time,-0.0431873,1,0.00369493,5.62445e-05
f_seasonal,ALL-OCT|H42,^GSPC,design,1979-10-31,1979-11-01,1980-01-03,42,1103.57,1142.15,0.0349547,0.0347477,0.0198825,0.0148651,time,-0.0254825,1,0.00245698,0.0124082
f_seasonal,ALL-OCT|H42,^GSPC,design,1980-10-31,1980-11-03,1981-01-06,42,1462.4,1577.28,0.0785513,0.0783356,0.0244567,0.0538789,time,-0.0083714,1,0.00898882,0.04489
f_seasonal,ALL-OCT|H42,^GSPC,design,1981-10-30,1981-11-02,1982-01-04,42,1477.95,1473.71,-0.00287343,-0.00307283,0.0181183,-0.0211911,time,-0.0298143,1,0.00765192,-0.028843
f_seasonal,ALL-OCT|H42,^GSPC,design,1982-10-29,1982-11-01,1982-12-31,42,1708.04,1787.89,0.0467525,0.0463339,0.0133313,0.0330026,time,-0.0156447,2,0.0107588,0.0222438
f_seasonal,ALL-OCT|H42,^GSPC,design,1983-10-31,1983-11-01,1984-01-03,42,2158.23,2178.78,0.0095187,0.00931682,0.0148214,-0.00550461,time,-0.0107691,1,0.010407,-0.0159117
f_seasonal,ALL-OCT|H42,^GSPC,design,1984-10-31,1984-11-01,1985-01-03,42,2311.73,2288.65,-0.00998196,-0.0101799,0.0138345,-0.0240145,time,-0.0288657,1,0.0155921,-0.0396066
f_seasonal,ALL-OCT|H42,^GSPC,design,1985-10-31,1985-11-01,1986-01-03,42,2758.5,3056.91,0.108177,0.107955,0.0119365,0.0960188,time,-0.00130358,1,0.0155997,0.080419
f_seasonal,ALL-OCT|H42,^GSPC,design,1986-10-31,1986-11-03,1987-01-05,42,3667.72,3784.06,0.0317189,0.0315126,0.00909603,0.0224166,time,-0.035273,1,0.0170511,0.00536544
f_seasonal,ALL-OCT|H42,^GSPC,design,1987-10-30,1987-11-02,1988-01-04,42,3930.74,3957.44,0.00679349,0.00639085,0.00956429,-0.00317343,time,-0.121567,2,0.0155024,-0.0186759
f_seasonal,ALL-OCT|H42,^GSPC,design,1988-10-31,1988-11-01,1989-01-03,42,4444.2,4415.45,-0.0064694,-0.00666808,0.0132163,-0.0198844,time,-0.0518591,1,0.0151801,-0.0350645
f_seasonal,ALL-OCT|H42,^GSPC,design,1989-10-31,1989-11-01,1990-01-03,42,5626.71,5953.79,0.0581303,0.0579187,0.0127536,0.0451651,time,-0.0242301,1,0.0130516,0.0321135
f_seasonal,ALL-OCT|H42,^GSPC,design,1990-10-31,1990-11-01,1991-01-03,42,5245.52,5539.99,0.0561367,0.0557143,0.0114655,0.0442488,time,-0.0015913,2,0.0150357,0.0292132
f_seasonal,ALL-OCT|H42,^GSPC,design,1991-10-31,1991-11-01,1992-01-03,42,6912.62,7454.25,0.0783542,0.0781385,0.00713294,0.0710056,time,-0.0375447,1,0.0117283,0.0592772
f_seasonal,ALL-OCT|H42,^GSPC,design,1992-10-30,1992-11-02,1993-01-04,42,7699.1,7976.1,0.0359782,0.035771,0.00529206,0.0304789,time,-0.0128091,1,0.0133607,0.0171183
f_seasonal,ALL-OCT|H42,^GSPC,design,1993-10-29,1993-11-01,1993-12-31,42,8787.47,8782.98,-0.000510085,-0.000709963,0.00513452,-0.00584449,time,-0.0240461,1,0.020991,-0.0268355
f_seasonal,ALL-OCT|H42,^GSPC,design,1994-10-31,1994-11-01,1995-01-03,42,9026.9,8896.13,-0.0144867,-0.0146838,0.00908611,-0.0237699,time,-0.0456351,1,0.0226067,-0.0463766
f_seasonal,ALL-OCT|H42,^GSPC,design,1995-10-31,1995-11-01,1996-01-03,42,11562.4,12352.4,0.0683279,0.0681143,0.00873214,0.0593822,time,0,1,0.0252798,0.0341023
f_seasonal,ALL-OCT|H42,^GSPC,design,1996-10-31,1996-11-01,1997-01-03,42,14250.5,15203.4,0.0668721,0.0666587,0.00828452,0.0583742,time,0,1,0.0279106,0.0304636
f_seasonal,ALL-OCT|H42,^GSPC,design,1997-10-31,1997-11-03,1998-01-05,42,19367.7,20215.1,0.0437525,0.043335,0.00859206,0.034743,time,-0.0344305,2,0.0262397,0.00850322
f_seasonal,ALL-OCT|H42,^GSPC,design,1998-10-30,1998-11-02,1999-01-04,42,23283.9,25791.2,0.107687,0.107465,0.00734048,0.100125,time,-0.00065731,1,0.0143501,0.0857749
f_seasonal,ALL-OCT|H42,^GSPC,design,1999-10-29,1999-11-01,1999-12-31,42,28733.4,31245.9,0.0874407,0.0872232,0.00856349,0.0786598,time,-0.00469642,1,0.00348098,0.0751788
f_seasonal,ALL-OCT|H42,^GSPC,design,2000-10-31,2000-11-01,2001-01-03,42,30508.9,28991.6,-0.0497335,-0.0499235,0.00992183,-0.0598453,time,-0.108475,1,0.00232164,-0.062167
f_seasonal,ALL-OCT|H42,^GSPC,design,2001-10-31,2001-11-01,2002-01-03,42,23572.2,25404.2,0.0777201,0.0772891,0.00295278,0.0743363,time,0,2,0.000229048,0.0741073
f_seasonal,ALL-OCT|H42,^GSPC,design,2002-10-31,2002-11-01,2003-01-03,42,19895.9,20134.2,0.0119802,0.0115755,0.00201032,0.00956515,time,-0.0269669,2,-0.00330869,0.0128738
f_seasonal,ALL-OCT|H42,^GSPC,design,2003-10-31,2003-11-03,2004-01-05,42,23815.6,25321,0.0632111,0.0629985,0.00152024,0.0614783,time,-0.0226843,1,0.00120906,0.0602692
f_seasonal,ALL-OCT|H42,^GSPC,design,2004-10-29,2004-11-01,2004-12-31,42,25862.2,27816.6,0.0755719,0.0753568,0.00355476,0.071802,time,0,1,0.0069791,0.0648229
f_seasonal,ALL-OCT|H42,^GSPC,design,2005-10-31,2005-11-01,2006-01-03,42,28010.8,29662.4,0.0589644,0.0587526,0.00648254,0.0522701,time,0,1,0.0124347,0.0398354
f_seasonal,ALL-OCT|H42,^GSPC,design,2006-10-31,2006-11-01,2007-01-04,42,32466.6,33799.5,0.0410547,0.0408465,0.00816071,0.0326858,time,-0.00223303,1,0.00802141,0.0246643
f_seasonal,ALL-OCT|H42,^GSPC,design,2007-10-31,2007-11-01,2008-01-03,42,36483.1,35141.4,-0.0367764,-0.036969,0.00520595,-0.042175,time,-0.0655535,1,0.00454207,-0.0467171
f_seasonal,ALL-OCT|H42,^GSPC,test,2008-10-31,2008-11-03,2009-01-05,42,23880.5,23065.9,-0.0341121,-0.0344983,0.00016746,-0.0346658,time,-0.219346,2,0.0033396,-0.0380054
f_seasonal,ALL-OCT|H42,^GSPC,test,2009-10-30,2009-11-02,2010-01-04,42,26457.9,28860.2,0.0907954,0.0903592,9.04762e-05,0.0902687,time,0,2,0.00821708,0.0820517
f_seasonal,ALL-OCT|H42,^GSPC,test,2010-10-29,2010-11-01,2010-12-31,42,30659.6,32681.8,0.0659552,0.065742,0.000236508,0.0655055,time,-0.00363502,1,0.0145214,0.050984
f_seasonal,ALL-OCT|H42,^GSPC,test,2011-10-31,2011-11-01,2012-01-03,42,32182.2,33889.1,0.0530411,0.0528305,2.14286e-05,0.0528091,time,-0.0468162,1,0.0288475,0.0239616
f_seasonal,ALL-OCT|H42,^GSPC,test,2012-10-31,2012-11-01,2013-01-03,42,38561.5,39620.7,0.0274666,0.0272611,0.000136111,0.027125,time,-0.0502471,1,0.0220627,0.00506227
f_seasonal,ALL-OCT|H42,^GSPC,test,2013-10-31,2013-11-01,2014-01-03,42,48648.2,50788.6,0.0439977,0.0437889,0.000113095,0.0436758,time,-0.00733661,1,0.0209851,0.0226907
f_seasonal,ALL-OCT|H42,^GSPC,test,2014-10-31,2014-11-03,2015-01-05,42,56877.3,57193.4,0.00555769,0.00535659,4.28571e-05,0.00531374,time,-0.0191652,1,0.0250835,-0.0197698
f_seasonal,ALL-OCT|H42,^GSPC,test,2015-10-30,2015-11-02,2016-01-04,42,60551.9,58182.1,-0.0391367,-0.0393288,0.000303571,-0.0396324,time,-0.0433309,1,0.02078,-0.0604124
f_seasonal,ALL-OCT|H42,^GSPC,test,2016-10-31,2016-11-01,2017-01-03,42,62115.7,66700.6,0.0738117,0.073597,0.000800794,0.0727962,time,-0.0120568,1,0.0184425,0.0543537
f_seasonal,ALL-OCT|H42,^GSPC,test,2017-10-31,2017-11-01,2018-01-03,42,77442.2,81769.2,0.0558743,0.0556631,0.00213929,0.0535239,time,-0.00439727,1,0.0196934,0.0338304
f_seasonal,ALL-OCT|H42,^GSPC,test,2018-10-31,2018-11-01,2019-01-04,42,83877.8,77835.8,-0.0720339,-0.0722195,0.00391349,-0.076133,time,-0.138891,1,0.0262945,-0.102428
f_seasonal,ALL-OCT|H42,^GSPC,test,2019-10-31,2019-11-01,2020-01-03,42,95815.1,101453,0.0588408,0.0586291,0.0025623,0.0560668,time,0,1,0.0192637,0.0368031
f_seasonal,ALL-OCT|H42,^GSPC,test,2020-10-30,2020-11-02,2021-01-04,42,105388,118177,0.121354,0.120906,0.00014881,0.120757,time,0,2,0.0177375,0.103019
f_seasonal,ALL-OCT|H42,^GSPC,test,2021-10-29,2021-11-01,2021-12-31,42,149049,154370,0.0357026,0.0354954,9.3254e-05,0.0354022,time,-0.0203507,1,0.0238045,0.0115976
f_seasonal,ALL-OCT|H42,^GSPC,test,2022-10-31,2022-11-01,2023-01-03,42,126521,125911,-0.00482216,-0.00502118,0.00701429,-0.0120355,time,-0.0351934,1,0.0221067,-0.0341422
f_seasonal,ALL-OCT|H42,^GSPC,test,2023-10-31,2023-11-01,2024-01-03,42,141397,157478,0.11373,0.113507,0.00875595,0.104751,time,0,1,0.0207383,0.0840131
f_seasonal,ALL-OCT|H42,^GSPC,test,2024-10-31,2024-11-01,2025-01-03,42,193921,201673,0.0399732,0.0397652,0.007225,0.0325402,time,-0.00276356,1,0.015267,0.0172732
f_seasonal,ALL-OCT|H42,^GSPC,test,2025-10-31,2025-11-03,2026-01-05,42,234970,237270,0.00978753,0.00958559,0.00611349,0.0034721,time,-0.0448687,1,0.0264463,-0.0229741
f_seasonal,ALL-OCT|H42,SPY,test_exec,2008-10-31,2008-11-03,2009-01-02,42,69.8511,67.6386,-0.0316735,-0.0320608,0.000181349,-0.0322421,time,-0.220397,2,0.00316304,-0.0354052
f_seasonal,ALL-OCT|H42,SPY,test_exec,2009-10-30,2009-11-02,2009-12-31,42,77.1049,82.962,0.0759629,0.0755326,8.96825e-05,0.0754429,time,0.00182467,2,0.00789987,0.067543
f_seasonal,ALL-OCT|H42,SPY,test_exec,2010-10-29,2010-11-01,2010-12-30,42,89.9094,95.43,0.0614023,0.0611901,0.000236905,0.0609531,time,-0.00764226,1,0.0141459,0.0468073
f_seasonal,ALL-OCT|H42,SPY,test_exec,2011-10-31,2011-11-01,2011-12-30,42,93.9764,97.2617,0.0349582,0.0347512,2.10317e-05,0.0347302,time,-0.0466279,1,0.0283059,0.00642433
f_seasonal,ALL-OCT|H42,SPY,test_exec,2012-10-31,2012-11-01,2013-01-02,42,111.422,115.706,0.0384463,0.0382387,0.000136508,0.0381022,time,-0.0420046,1,0.0216135,0.0164886
f_seasonal,ALL-OCT|H42,SPY,test_exec,2013-10-31,2013-11-01,2014-01-02,42,141.487,147.831,0.0448419,0.044633,0.000111905,0.0445211,time,-0.0061924,1,0.0205485,0.0239726
f_seasonal,ALL-OCT|H42,SPY,test_exec,2014-10-31,2014-11-03,2015-01-02,42,165.462,169.268,0.0229984,0.0227938,4.24603e-05,0.0227513,time,-0.0198592,1,0.0245182,-0.00176687
f_seasonal,ALL-OCT|H42,SPY,test_exec,2015-10-30,2015-11-02,2015-12-31,42,174.154,171.449,-0.0155369,-0.0157338,0.000298016,-0.0160318,time,-0.0341281,1,0.0202948,-0.0363266
f_seasonal,ALL-OCT|H42,SPY,test_exec,2016-10-31,2016-11-01,2016-12-30,42,181.841,192.019,0.0559691,0.0557579,0.000793651,0.0549642,time,-0.0205701,1,0.0178997,0.0370645
f_seasonal,ALL-OCT|H42,SPY,test_exec,2017-10-31,2017-11-01,2018-01-02,42,224.824,235.37,0.0469069,0.0466976,0.00213016,0.0445674,time,-0.00620039,1,0.019156,0.0254115
f_seasonal,ALL-OCT|H42,SPY,test_exec,2018-10-31,2018-11-01,2019-01-03,42,240.959,217.924,-0.0955958,-0.0957767,0.00390952,-0.0996862,time,-0.132148,1,0.0256305,-0.125317
f_seasonal,ALL-OCT|H42,SPY,test_exec,2019-10-31,2019-11-01,2020-01-02,42,275.896,295.392,0.0706653,0.0704512,0.0025623,0.0678889,time,0.00400105,1,0.0187338,0.0491551
f_seasonal,ALL-OCT|H42,SPY,test_exec,2020-10-30,2020-11-02,2020-12-31,42,304.547,346.303,0.13711,0.136655,0.00014881,0.136507,time,0,2,0.0172155,0.119291
f_seasonal,ALL-OCT|H42,SPY,test_exec,2021-10-29,2021-11-01,2021-12-30,42,430.52,446.918,0.03809,0.0378824,9.28571e-05,0.0377896,time,-0.0212906,1,0.0231887,0.0146008
f_seasonal,ALL-OCT|H42,SPY,test_exec,2022-10-31,2022-11-01,2022-12-30,42,370.421,364.768,-0.0152607,-0.0154577,0.00700079,-0.0224585,time,-0.0490337,1,0.0215981,-0.0440565
f_seasonal,ALL-OCT|H42,SPY,test_exec,2023-10-31,2023-11-01,2024-01-02,42,404.277,457.673,0.132076,0.13185,0.00875873,0.123091,time,0.0082538,1,0.020248,0.102843
f_seasonal,ALL-OCT|H42,SPY,test_exec,2024-10-31,2024-11-01,2025-01-02,42,558.433,573.376,0.0267585,0.0265532,0.00723333,0.0193199,time,-0.00264308,1,0.014869,0.00445091
f_seasonal,ALL-OCT|H42,SPY,test_exec,2025-10-31,2025-11-03,2026-01-02,42,678.351,677.875,-0.00070195,-0.00090179,0.0061246,-0.00702639,time,-0.0483322,1,0.0257421,-0.0327685
f_seasonal,ALL-OCT|H42,^GSPC,full,1928-10-31,1928-11-01,1929-01-04,42,22.7771,25.8961,0.136934,0.136707,0.00467364,0.132033,time,-0.00167385,1,-0.0171938,0.149227
f_seasonal,ALL-OCT|H42,^GSPC,full,1929-10-31,1929-11-04,1930-01-08,42,24.5187,22.9899,-0.0623536,-0.0627286,0.00750053,-0.0702291,time,-0.22725,2,-0.0101662,-0.0600629
f_seasonal,ALL-OCT|H42,^GSPC,full,1930-10-31,1930-11-03,1931-01-06,42,19.1922,18.2576,-0.048698,-0.0490785,0.00284206,-0.0519205,time,-0.151091,2,0.00752418,-0.0594447
f_seasonal,ALL-OCT|H42,^GSPC,full,1931-10-30,1931-11-02,1932-01-05,42,12.5328,9.14874,-0.270017,-0.270309,0.00304053,-0.27335,time,-0.270017,2,-0.00143628,-0.271914
f_seasonal,ALL-OCT|H42,^GSPC,full,1932-10-31,1932-11-01,1933-01-04,42,8.9038,9.53387,0.0707648,0.0703366,0.000299524,0.0700371,time,-0.0408395,2,0.0106834,0.0593537
f_seasonal,ALL-OCT|H42,^GSPC,full,1933-10-31,1933-11-01,1934-01-04,42,12.7126,13.9588,0.0980253,0.0975862,0.000458182,0.097128,time,0,2,0.024441,0.072687
f_seasonal,ALL-OCT|H42,^GSPC,full,1934-10-31,1934-11-01,1935-01-07,42,12.783,14.0772,0.101243,0.101022,0.000212919,0.100809,time,0,1,0.025713,0.0750965
f_seasonal,ALL-OCT|H42,^GSPC,full,1935-10-31,1935-11-01,1936-01-07,42,19.2201,20.8829,0.0865151,0.0862978,0.000307071,0.0859908,time,0,1,0.0330446,0.0529462
f_seasonal,ALL-OCT|H42,^GSPC,full,1936-10-30,1936-11-02,1937-01-06,42,27.1333,27.192,0.00216672,0.00196631,0.000109444,0.00185687,time,-0.0252565,1,0.0191622,-0.0173053
f_seasonal,ALL-OCT|H42,^GSPC,full,1937-10-29,1937-11-01,1938-01-03,42,20.007,17.6333,-0.118641,-0.118993,0.000189474,-0.119183,time,-0.154529,2,0.0175413,-0.136724
f_seasonal,ALL-OCT|H42,^GSPC,full,1938-10-31,1938-11-01,1939-01-05,42,23.1958,23.2851,0.00384859,0.00344713,-0.000582707,0.00402983,time,-0.0555961,2,0.0030233,0.00100653
f_seasonal,ALL-OCT|H42,^GSPC,full,1939-10-31,1939-11-01,1940-01-04,42,23.7176,23.7439,0.00110749,0.000907291,0,0.000907291,time,-0.0449494,1,-0.00187722,0.00278451
f_seasonal,ALL-OCT|H42,^GSPC,full,1940-10-31,1940-11-01,1941-01-07,42,21.7121,21.2865,-0.0196028,-0.0197988,-1.81818e-05,-0.0197806,time,-0.0554898,1,0.0141638,-0.0339444
f_seasonal,ALL-OCT|H42,^GSPC,full,1941-10-31,1941-11-03,1942-01-07,42,20.106,19.1185,-0.0491158,-0.049306,0.000138095,-0.0494441,time,-0.11733,1,0.0123142,-0.0617583
f_seasonal,ALL-OCT|H42,^GSPC,full,1942-10-30,1942-11-02,1943-01-06,42,21.4741,22.6364,0.0541234,0.0539126,0.000628333,0.0532842,time,-0.0166575,1,0.0207869,0.0324973
f_seasonal,ALL-OCT|H42,^GSPC,full,1943-10-29,1943-11-01,1944-01-03,42,28.4545,28.0822,-0.0130833,-0.0132806,0.000598496,-0.0138791,time,-0.074668,1,0.0199644,-0.0338435
f_seasonal,ALL-OCT|H42,^GSPC,full,1944-10-31,1944-11-01,1945-01-04,42,32.2415,34.1792,0.0600979,0.0598859,0.000525909,0.05936,time,-0.0103142,1,0.024156,0.0352039
f_seasonal,ALL-OCT|H42,^GSPC,full,1945-10-31,1945-11-01,1946-01-08,42,44.3155,46.7663,0.0553023,0.0550913,0.000557656,0.0545336,time,-0.000439082,1,0.0225908,0.0319429
f_seasonal,ALL-OCT|H42,^GSPC,full,1946-10-31,1946-11-01,1947-01-07,42,41.15,42.1637,0.0246335,0.0242237,0.000637879,0.0235858,time,-0.0600453,2,0.0194432,0.00414265
f_seasonal,ALL-OCT|H42,^GSPC,full,1947-10-31,1947-11-03,1948-01-07,42,44.3354,44.0798,-0.0057648,-0.00596363,0.00149804,-0.00746167,time,-0.0493772,1,0.0220383,-0.0294999
f_seasonal,ALL-OCT|H42,^GSPC,full,1948-10-29,1948-11-01,1949-01-03,42,50.5578,45.7197,-0.0956945,-0.0958754,0.000826566,-0.0967019,time,-0.112978,1,0.0187405,-0.115442
f_seasonal,ALL-OCT|H42,^GSPC,full,1949-10-31,1949-11-01,1950-01-05,42,52.3982,55.3898,0.0570944,0.056883,0.00178647,0.0550965,time,-0.0256481,1,0.0253189,0.0297776
f_seasonal,ALL-OCT|H42,^GSPC,full,1950-10-31,1950-11-01,1951-01-04,42,67.6561,73.0685,0.0799987,0.0797827,0.00232227,0.0774604,time,-0.0227736,1,0.02308,0.0543804
f_seasonal,ALL-OCT|H42,^GSPC,full,1951-10-31,1951-11-01,1952-01-07,42,85.592,89.5059,0.0457274,0.0455183,0.00251483,0.0430034,time,-0.027104,1,0.0319793,0.0110242
f_seasonal,ALL-OCT|H42,^GSPC,full,1952-10-31,1952-11-03,1953-01-07,42,96.6923,104.605,0.081833,0.0816166,0.00284594,0.0787707,time,0,1,0.0371009,0.0416698
f_seasonal,ALL-OCT|H42,^GSPC,full,1953-10-30,1953-11-02,1954-01-06,42,102.575,105.595,0.0294416,0.0292358,0.00220992,0.0270258,time,-0.0145561,1,0.0308489,-0.00382303
f_seasonal,ALL-OCT|H42,^GSPC,full,1954-10-29,1954-11-01,1955-01-03,42,139.259,162.184,0.164622,0.16439,0.00173889,0.162651,time,0,1,0.0215943,0.141056
f_seasonal,ALL-OCT|H42,^GSPC,full,1955-10-31,1955-11-01,1956-01-04,42,192.949,206.607,0.0707843,0.0705701,0.00401151,0.0665586,time,0,1,0.0259172,0.0406414
f_seasonal,ALL-OCT|H42,^GSPC,full,1956-10-31,1956-11-01,1957-01-07,42,220.476,221.405,0.00421064,0.00400982,0.0051746,-0.00116479,time,-0.0433505,1,0.0282449,-0.0294097
f_seasonal,ALL-OCT|H42,^GSPC,full,1957-10-31,1957-11-01,1958-01-06,42,199.171,201.834,0.0133706,0.0131679,0.00521667,0.00795126,time,-0.023357,1,0.0167833,-0.00883202
f_seasonal,ALL-OCT|H42,^GSPC,full,1958-10-31,1958-11-03,1959-01-07,42,264.305,282.916,0.0704128,0.0701987,0.00454325,0.0656555,time,-0.00851415,1,0.0152279,0.0504276
f_seasonal,ALL-OCT|H42,^GSPC,full,1959-10-30,1959-11-02,1960-01-05,42,303.664,321.101,0.0574227,0.0572112,0.00724008,0.0499711,time,-0.0196106,1,0.010863,0.0391082
f_seasonal,ALL-OCT|H42,^GSPC,full,1960-10-31,1960-11-01,1961-01-04,42,295.235,321.272,0.0881919,0.0879743,0.0038504,0.0841239,time,0,1,0.0191805,0.0649433
f_seasonal,ALL-OCT|H42,^GSPC,full,1961-10-31,1961-11-01,1962-01-04,42,387.838,400.494,0.0326342,0.0324277,0.00426389,0.0281638,time,0,1,0.0145138,0.01365
f_seasonal,ALL-OCT|H42,^GSPC,full,1962-10-31,1962-11-01,1963-01-04,42,332.966,375.976,0.129173,0.128947,0.00475476,0.124192,time,0,1,0.0139961,0.110196
f_seasonal,ALL-OCT|H42,^GSPC,full,1963-10-31,1963-11-01,1964-01-07,42,444.376,457.915,0.0304676,0.0302615,0.00586944,0.0243921,time,-0.0555224,1,0.0111222,0.0132699
f_seasonal,ALL-OCT|H42,^GSPC,full,1964-10-30,1964-11-02,1965-01-05,42,528.049,527.219,-0.00157144,-0.0017711,0.00625278,-0.00802388,time,-0.0197066,1,0.0079539,-0.0159778
f_seasonal,ALL-OCT|H42,^GSPC,full,1965-10-29,1965-11-01,1966-01-03,42,588.91,591.49,0.00438139,0.00418053,0.0070877,-0.00290717,time,-0.0151441,1,0.0137473,-0.0166544
f_seasonal,ALL-OCT|H42,^GSPC,full,1966-10-31,1966-11-01,1967-01-04,42,533.084,534.508,0.00267053,0.00247001,0.0085381,-0.00606808,time,-0.0121579,1,0.00355113,-0.00961921
f_seasonal,ALL-OCT|H42,^GSPC,full,1967-10-31,1967-11-01,1968-01-04,42,631.664,653.088,0.0339164,0.0337096,0.00811151,0.0255981,time,-0.0164406,1,0.000820409,0.0247777
f_seasonal,ALL-OCT|H42,^GSPC,full,1968-10-31,1968-11-01,1969-01-13,42,722.302,707.371,-0.0206723,-0.0208681,0.00968373,-0.0305519,time,-0.0206723,1,-0.000198046,-0.0303538
f_seasonal,ALL-OCT|H42,^GSPC,full,1969-10-31,1969-11-03,1970-01-05,42,701.851,679.021,-0.0325276,-0.0327211,0.0126202,-0.0453413,time,-0.0780194,1,0.00906235,-0.0544037
f_seasonal,ALL-OCT|H42,^GSPC,full,1970-10-30,1970-11-02,1971-01-04,42,626.762,688.21,0.0980415,0.0978219,0.00843214,0.0893898,time,-0.00685081,1,-0.00135194,0.0907417
f_seasonal,ALL-OCT|H42,^GSPC,full,1971-10-29,1971-11-01,1971-12-31,42,719.262,795.488,0.105979,0.105757,0.00684762,0.0989097,time,-0.0263969,1,-0.0140425,0.112952
f_seasonal,ALL-OCT|H42,^GSPC,full,1972-10-31,1972-11-01,1973-01-05,42,899.341,961.114,0.0686866,0.0684729,0.00824484,0.0602281,time,0,1,-0.00234867,0.0625768
f_seasonal,ALL-OCT|H42,^GSPC,full,1973-10-31,1973-11-01,1974-01-03,42,884.823,824.702,-0.0679477,-0.0681341,0.0127421,-0.0808761,time,-0.141599,1,0.00334569,-0.0842218
f_seasonal,ALL-OCT|H42,^GSPC,full,1974-10-31,1974-11-01,1975-01-03,42,632.407,610.535,-0.0345847,-0.0349708,0.0121429,-0.0471136,time,-0.115762,2,-0.00191841,-0.0451952
f_seasonal,ALL-OCT|H42,^GSPC,full,1975-10-31,1975-11-03,1976-01-05,42,788.581,834.465,0.058186,0.0579744,0.00907024,0.0489042,time,-0.0107124,1,-0.00688177,0.0557859
f_seasonal,ALL-OCT|H42,^GSPC,full,1976-10-29,1976-11-01,1977-01-03,42,958.35,1001.08,0.0445903,0.0443814,0.00755516,0.0368262,time,-0.0407052,1,0.000400201,0.036426
f_seasonal,ALL-OCT|H42,^GSPC,full,1977-10-31,1977-11-01,1978-01-03,42,886.465,917.961,0.0355295,0.0353225,0.0101433,0.0251792,time,-0.00681184,1,0.0158633,0.00931588
f_seasonal,ALL-OCT|H42,^GSPC,full,1978-10-31,1978-11-01,1979-01-03,42,988.862,1007.41,0.0187609,0.0185571,0.014806,0.00375117,time,-0.0431873,1,0.00369493,5.62445e-05
f_seasonal,ALL-OCT|H42,^GSPC,full,1979-10-31,1979-11-01,1980-01-03,42,1103.57,1142.15,0.0349547,0.0347477,0.0198825,0.0148651,time,-0.0254825,1,0.00245698,0.0124082
f_seasonal,ALL-OCT|H42,^GSPC,full,1980-10-31,1980-11-03,1981-01-06,42,1462.4,1577.28,0.0785513,0.0783356,0.0244567,0.0538789,time,-0.0083714,1,0.00898882,0.04489
f_seasonal,ALL-OCT|H42,^GSPC,full,1981-10-30,1981-11-02,1982-01-04,42,1477.95,1473.71,-0.00287343,-0.00307283,0.0181183,-0.0211911,time,-0.0298143,1,0.00765192,-0.028843
f_seasonal,ALL-OCT|H42,^GSPC,full,1982-10-29,1982-11-01,1982-12-31,42,1708.04,1787.89,0.0467525,0.0463339,0.0133313,0.0330026,time,-0.0156447,2,0.0107588,0.0222438
f_seasonal,ALL-OCT|H42,^GSPC,full,1983-10-31,1983-11-01,1984-01-03,42,2158.23,2178.78,0.0095187,0.00931682,0.0148214,-0.00550461,time,-0.0107691,1,0.010407,-0.0159117
f_seasonal,ALL-OCT|H42,^GSPC,full,1984-10-31,1984-11-01,1985-01-03,42,2311.73,2288.65,-0.00998196,-0.0101799,0.0138345,-0.0240145,time,-0.0288657,1,0.0155921,-0.0396066
f_seasonal,ALL-OCT|H42,^GSPC,full,1985-10-31,1985-11-01,1986-01-03,42,2758.5,3056.91,0.108177,0.107955,0.0119365,0.0960188,time,-0.00130358,1,0.0155997,0.080419
f_seasonal,ALL-OCT|H42,^GSPC,full,1986-10-31,1986-11-03,1987-01-05,42,3667.72,3784.06,0.0317189,0.0315126,0.00909603,0.0224166,time,-0.035273,1,0.0170511,0.00536544
f_seasonal,ALL-OCT|H42,^GSPC,full,1987-10-30,1987-11-02,1988-01-04,42,3930.74,3957.44,0.00679349,0.00639085,0.00956429,-0.00317343,time,-0.121567,2,0.0155024,-0.0186759
f_seasonal,ALL-OCT|H42,^GSPC,full,1988-10-31,1988-11-01,1989-01-03,42,4444.2,4415.45,-0.0064694,-0.00666808,0.0132163,-0.0198844,time,-0.0518591,1,0.0151801,-0.0350645
f_seasonal,ALL-OCT|H42,^GSPC,full,1989-10-31,1989-11-01,1990-01-03,42,5626.71,5953.79,0.0581303,0.0579187,0.0127536,0.0451651,time,-0.0242301,1,0.0130516,0.0321135
f_seasonal,ALL-OCT|H42,^GSPC,full,1990-10-31,1990-11-01,1991-01-03,42,5245.52,5539.99,0.0561367,0.0557143,0.0114655,0.0442488,time,-0.0015913,2,0.0150357,0.0292132
f_seasonal,ALL-OCT|H42,^GSPC,full,1991-10-31,1991-11-01,1992-01-03,42,6912.62,7454.25,0.0783542,0.0781385,0.00713294,0.0710056,time,-0.0375447,1,0.0117283,0.0592772
f_seasonal,ALL-OCT|H42,^GSPC,full,1992-10-30,1992-11-02,1993-01-04,42,7699.1,7976.1,0.0359782,0.035771,0.00529206,0.0304789,time,-0.0128091,1,0.0133607,0.0171183
f_seasonal,ALL-OCT|H42,^GSPC,full,1993-10-29,1993-11-01,1993-12-31,42,8787.47,8782.98,-0.000510085,-0.000709963,0.00513452,-0.00584449,time,-0.0240461,1,0.020991,-0.0268355
f_seasonal,ALL-OCT|H42,^GSPC,full,1994-10-31,1994-11-01,1995-01-03,42,9026.9,8896.13,-0.0144867,-0.0146838,0.00908611,-0.0237699,time,-0.0456351,1,0.0226067,-0.0463766
f_seasonal,ALL-OCT|H42,^GSPC,full,1995-10-31,1995-11-01,1996-01-03,42,11562.4,12352.4,0.0683279,0.0681143,0.00873214,0.0593822,time,0,1,0.0252798,0.0341023
f_seasonal,ALL-OCT|H42,^GSPC,full,1996-10-31,1996-11-01,1997-01-03,42,14250.5,15203.4,0.0668721,0.0666587,0.00828452,0.0583742,time,0,1,0.0279106,0.0304636
f_seasonal,ALL-OCT|H42,^GSPC,full,1997-10-31,1997-11-03,1998-01-05,42,19367.7,20215.1,0.0437525,0.043335,0.00859206,0.034743,time,-0.0344305,2,0.0262397,0.00850322
f_seasonal,ALL-OCT|H42,^GSPC,full,1998-10-30,1998-11-02,1999-01-04,42,23283.9,25791.2,0.107687,0.107465,0.00734048,0.100125,time,-0.00065731,1,0.0143501,0.0857749
f_seasonal,ALL-OCT|H42,^GSPC,full,1999-10-29,1999-11-01,1999-12-31,42,28733.4,31245.9,0.0874407,0.0872232,0.00856349,0.0786598,time,-0.00469642,1,0.00348098,0.0751788
f_seasonal,ALL-OCT|H42,^GSPC,full,2000-10-31,2000-11-01,2001-01-03,42,30508.9,28991.6,-0.0497335,-0.0499235,0.00992183,-0.0598453,time,-0.108475,1,0.00232164,-0.062167
f_seasonal,ALL-OCT|H42,^GSPC,full,2001-10-31,2001-11-01,2002-01-03,42,23572.2,25404.2,0.0777201,0.0772891,0.00295278,0.0743363,time,0,2,0.000229048,0.0741073
f_seasonal,ALL-OCT|H42,^GSPC,full,2002-10-31,2002-11-01,2003-01-03,42,19895.9,20134.2,0.0119802,0.0115755,0.00201032,0.00956515,time,-0.0269669,2,-0.00330869,0.0128738
f_seasonal,ALL-OCT|H42,^GSPC,full,2003-10-31,2003-11-03,2004-01-05,42,23815.6,25321,0.0632111,0.0629985,0.00152024,0.0614783,time,-0.0226843,1,0.00120906,0.0602692
f_seasonal,ALL-OCT|H42,^GSPC,full,2004-10-29,2004-11-01,2004-12-31,42,25862.2,27816.6,0.0755719,0.0753568,0.00355476,0.071802,time,0,1,0.0069791,0.0648229
f_seasonal,ALL-OCT|H42,^GSPC,full,2005-10-31,2005-11-01,2006-01-03,42,28010.8,29662.4,0.0589644,0.0587526,0.00648254,0.0522701,time,0,1,0.000175176,0.0520949
f_seasonal,ALL-OCT|H42,^GSPC,full,2006-10-31,2006-11-01,2007-01-04,42,32466.6,33799.5,0.0410547,0.0408465,0.00816071,0.0326858,time,-0.00223303,1,0.0028884,0.0297974
f_seasonal,ALL-OCT|H42,^GSPC,full,2007-10-31,2007-11-01,2008-01-03,42,36483.1,35141.4,-0.0367764,-0.036969,0.00520595,-0.042175,time,-0.0655535,1,0.00340419,-0.0455792
f_seasonal,ALL-OCT|H42,^GSPC,full,2008-10-31,2008-11-03,2009-01-05,42,23880.5,23065.9,-0.0341121,-0.0344983,0.00016746,-0.0346658,time,-0.219346,2,0.00330866,-0.0379745
f_seasonal,ALL-OCT|H42,^GSPC,full,2009-10-30,2009-11-02,2010-01-04,42,26457.9,28860.2,0.0907954,0.0903592,9.04762e-05,0.0902687,time,0,2,0.00527742,0.0849913
f_seasonal,ALL-OCT|H42,^GSPC,full,2010-10-29,2010-11-01,2010-12-31,42,30659.6,32681.8,0.0659552,0.065742,0.000236508,0.0655055,time,-0.00363502,1,0.0119979,0.0535075
f_seasonal,ALL-OCT|H42,^GSPC,full,2011-10-31,2011-11-01,2012-01-03,42,32182.2,33889.1,0.0530411,0.0528305,2.14286e-05,0.0528091,time,-0.0468162,1,0.0288475,0.0239616
f_seasonal,ALL-OCT|H42,^GSPC,full,2012-10-31,2012-11-01,2013-01-03,42,38561.5,39620.7,0.0274666,0.0272611,0.000136111,0.027125,time,-0.0502471,1,0.0220627,0.00506227
f_seasonal,ALL-OCT|H42,^GSPC,full,2013-10-31,2013-11-01,2014-01-03,42,48648.2,50788.6,0.0439977,0.0437889,0.000113095,0.0436758,time,-0.00733661,1,0.0209851,0.0226907
f_seasonal,ALL-OCT|H42,^GSPC,full,2014-10-31,2014-11-03,2015-01-05,42,56877.3,57193.4,0.00555769,0.00535659,4.28571e-05,0.00531374,time,-0.0191652,1,0.0250835,-0.0197698
f_seasonal,ALL-OCT|H42,^GSPC,full,2015-10-30,2015-11-02,2016-01-04,42,60551.9,58182.1,-0.0391367,-0.0393288,0.000303571,-0.0396324,time,-0.0433309,1,0.02078,-0.0604124
f_seasonal,ALL-OCT|H42,^GSPC,full,2016-10-31,2016-11-01,2017-01-03,42,62115.7,66700.6,0.0738117,0.073597,0.000800794,0.0727962,time,-0.0120568,1,0.0184425,0.0543537
f_seasonal,ALL-OCT|H42,^GSPC,full,2017-10-31,2017-11-01,2018-01-03,42,77442.2,81769.2,0.0558743,0.0556631,0.00213929,0.0535239,time,-0.00439727,1,0.0196934,0.0338304
f_seasonal,ALL-OCT|H42,^GSPC,full,2018-10-31,2018-11-01,2019-01-04,42,83877.8,77835.8,-0.0720339,-0.0722195,0.00391349,-0.076133,time,-0.138891,1,0.0262945,-0.102428
f_seasonal,ALL-OCT|H42,^GSPC,full,2019-10-31,2019-11-01,2020-01-03,42,95815.1,101453,0.0588408,0.0586291,0.0025623,0.0560668,time,0,1,0.0192637,0.0368031
f_seasonal,ALL-OCT|H42,^GSPC,full,2020-10-30,2020-11-02,2021-01-04,42,105388,118177,0.121354,0.120906,0.00014881,0.120757,time,0,2,0.0177375,0.103019
f_seasonal,ALL-OCT|H42,^GSPC,full,2021-10-29,2021-11-01,2021-12-31,42,149049,154370,0.0357026,0.0354954,9.3254e-05,0.0354022,time,-0.0203507,1,0.0238045,0.0115976
f_seasonal,ALL-OCT|H42,^GSPC,full,2022-10-31,2022-11-01,2023-01-03,42,126521,125911,-0.00482216,-0.00502118,0.00701429,-0.0120355,time,-0.0351934,1,0.0221067,-0.0341422
f_seasonal,ALL-OCT|H42,^GSPC,full,2023-10-31,2023-11-01,2024-01-03,42,141397,157478,0.11373,0.113507,0.00875595,0.104751,time,0,1,0.0207383,0.0840131
f_seasonal,ALL-OCT|H42,^GSPC,full,2024-10-31,2024-11-01,2025-01-03,42,193921,201673,0.0399732,0.0397652,0.007225,0.0325402,time,-0.00276356,1,0.015267,0.0172732
f_seasonal,ALL-OCT|H42,^GSPC,full,2025-10-31,2025-11-03,2026-01-05,42,234970,237270,0.00978753,0.00958559,0.00611349,0.0034721,time,-0.0448687,1,0.0264463,-0.0229741
f_seasonal,ALL-OCT|H63,^GSPC,design,1928-10-31,1928-11-01,1929-02-04,63,22.7771,26.7964,0.176462,0.176227,0.00801,0.168217,time,-0.00167385,1,-0.0275484,0.195765
f_seasonal,ALL-OCT|H63,^GSPC,design,1929-10-31,1929-11-04,1930-02-06,63,24.5187,24.9928,0.0193351,0.0189275,0.00921393,0.00971352,time,-0.22725,2,-0.0172833,0.0269968
f_seasonal,ALL-OCT|H63,^GSPC,design,1930-10-31,1930-11-03,1931-02-04,63,19.1922,18.5762,-0.0320953,-0.0324824,0.00419444,-0.0366768,time,-0.151091,2,0.0125878,-0.0492646
f_seasonal,ALL-OCT|H63,^GSPC,design,1931-10-30,1931-11-02,1932-02-03,63,12.5328,9.88095,-0.211594,-0.211909,0.00547368,-0.217383,time,-0.270017,2,-0.00353253,-0.21385
f_seasonal,ALL-OCT|H63,^GSPC,design,1932-10-31,1932-11-01,1933-02-02,63,8.9038,8.78562,-0.0132729,-0.0136675,0.000356667,-0.0140242,time,-0.0408395,2,0.0175736,-0.0315978
f_seasonal,ALL-OCT|H63,^GSPC,design,1933-10-31,1933-11-01,1934-02-02,63,12.7126,16.1347,0.269186,0.268679,0.000912222,0.267767,time,0,2,0.0384217,0.229345
f_seasonal,ALL-OCT|H63,^GSPC,design,1934-10-31,1934-11-01,1935-02-05,63,12.783,13.1167,0.0261058,0.0259006,0.00032807,0.0255725,time,0,1,0.0414579,-0.0158854
f_seasonal,ALL-OCT|H63,^GSPC,design,1935-10-31,1935-11-01,1936-02-05,63,19.2201,22.0965,0.149657,0.149427,0.000404678,0.149023,time,0,1,0.0504288,0.0985939
f_seasonal,ALL-OCT|H63,^GSPC,design,1936-10-30,1936-11-02,1937-02-04,63,27.1333,28.9781,0.0679913,0.0677778,0.000238889,0.0675389,time,-0.0252565,1,0.0281484,0.0393905
f_seasonal,ALL-OCT|H63,^GSPC,design,1937-10-29,1937-11-01,1938-02-01,63,20.007,18.3605,-0.0822973,-0.0826643,0.000189474,-0.0828538,time,-0.154529,2,0.0260459,-0.1089
f_seasonal,ALL-OCT|H63,^GSPC,design,1938-10-31,1938-11-01,1939-02-03,63,23.1958,22.0056,-0.0513108,-0.0516902,-0.000651754,-0.0510385,time,-0.111567,2,0.00384881,-0.0548873
f_seasonal,ALL-OCT|H63,^GSPC,design,1939-10-31,1939-11-01,1940-02-02,63,23.7176,22.5898,-0.0475539,-0.0477444,0,-0.0477444,time,-0.0494487,1,-0.00174944,-0.045995
f_seasonal,ALL-OCT|H63,^GSPC,design,1940-10-31,1940-11-01,1941-02-05,63,21.7121,20.207,-0.0693223,-0.0695085,-0.000115789,-0.0693927,time,-0.0872349,1,0.0216238,-0.0910165
f_seasonal,ALL-OCT|H63,^GSPC,design,1941-10-31,1941-11-03,1942-02-05,63,20.106,19.138,-0.0481441,-0.0483345,0.000322222,-0.0486567,time,-0.11733,1,0.0194858,-0.0681425
f_seasonal,ALL-OCT|H63,^GSPC,design,1942-10-30,1942-11-02,1943-02-04,63,21.4741,23.9874,0.117037,0.116813,0.00095,0.115863,time,-0.0166575,1,0.0326066,0.0832569
f_seasonal,ALL-OCT|H63,^GSPC,design,1943-10-29,1943-11-01,1944-02-01,63,28.4545,28.6147,0.00563304,0.00543193,0.000899211,0.00453272,time,-0.074668,1,0.0313531,-0.0268204
f_seasonal,ALL-OCT|H63,^GSPC,design,1944-10-31,1944-11-01,1945-02-02,63,32.2415,34.5947,0.0729849,0.0727704,0.000807222,0.0719631,time,-0.0103142,1,0.0362271,0.035736
f_seasonal,ALL-OCT|H63,^GSPC,design,1945-10-31,1945-11-01,1946-02-06,63,44.3155,49.2441,0.111216,0.110994,0.00085614,0.110138,time,-0.000439082,1,0.0335044,0.0766335
f_seasonal,ALL-OCT|H63,^GSPC,design,1946-10-31,1946-11-01,1947-02-05,63,41.15,43.9855,0.0689049,0.0684774,0.000930702,0.0675467,time,-0.0600453,2,0.0295463,0.0380004
f_seasonal,ALL-OCT|H63,^GSPC,design,1947-10-31,1947-11-03,1948-02-05,63,44.3354,41.2967,-0.0685393,-0.0687256,0.00222026,-0.0709458,time,-0.0818741,1,0.0340241,-0.10497
f_seasonal,ALL-OCT|H63,^GSPC,design,1948-10-29,1948-11-01,1949-02-01,63,50.5578,47.1543,-0.067319,-0.0675055,0.00182632,-0.0693318,time,-0.112978,1,0.0283055,-0.0976374
f_seasonal,ALL-OCT|H63,^GSPC,design,1949-10-31,1949-11-01,1950-02-03,63,52.3982,56.8888,0.0857028,0.0854857,0.00270789,0.0827778,time,-0.0256481,1,0.0378092,0.0449686
f_seasonal,ALL-OCT|H63,^GSPC,design,1950-10-31,1950-11-01,1951-02-02,63,67.6561,77.3329,0.143029,0.142801,0.00355611,0.139245,time,-0.0227736,1,0.0356596,0.103585
f_seasonal,ALL-OCT|H63,^GSPC,design,1951-10-31,1951-11-01,1952-02-05,63,85.592,90.6962,0.0596341,0.0594222,0.00393158,0.0554906,time,-0.027104,1,0.0488437,0.0066469
f_seasonal,ALL-OCT|H63,^GSPC,design,1952-10-31,1952-11-03,1953-02-05,63,96.6923,104.2,0.077646,0.0774305,0.00445229,0.0729782,time,0,1,0.0551553,0.0178229
f_seasonal,ALL-OCT|H63,^GSPC,design,1953-10-30,1953-11-02,1954-02-04,63,102.575,110.57,0.077947,0.0777315,0.00315437,0.0745771,time,-0.0145561,1,0.0452945,0.0292826
f_seasonal,ALL-OCT|H63,^GSPC,design,1954-10-29,1954-11-01,1955-02-01,63,139.259,162.639,0.167887,0.167653,0.0027627,0.164891,time,0,1,0.0323651,0.132525
f_seasonal,ALL-OCT|H63,^GSPC,design,1955-10-31,1955-11-01,1956-02-02,63,192.949,203.668,0.0555523,0.0553412,0.00600516,0.049336,time,0,1,0.0396411,0.0096949
f_seasonal,ALL-OCT|H63,^GSPC,design,1956-10-31,1956-11-01,1957-02-05,63,220.476,210.011,-0.047465,-0.0476555,0.00775913,-0.0554146,time,-0.047465,1,0.0421205,-0.0975351
f_seasonal,ALL-OCT|H63,^GSPC,design,1957-10-31,1957-11-01,1958-02-04,63,199.171,211.426,0.0615306,0.0613184,0.00714167,0.0541767,time,-0.023357,1,0.0259208,0.0282559
f_seasonal,ALL-OCT|H63,^GSPC,design,1958-10-31,1958-11-03,1959-02-05,63,264.305,283.251,0.0716801,0.0714658,0.0068996,0.0645662,time,-0.00851415,1,0.0229562,0.04161
f_seasonal,ALL-OCT|H63,^GSPC,design,1959-10-30,1959-11-02,1960-02-03,63,303.664,300.274,-0.0111639,-0.0113617,0.0108087,-0.0221704,time,-0.0240246,1,0.0177905,-0.0399609
f_seasonal,ALL-OCT|H63,^GSPC,design,1960-10-31,1960-11-01,1961-02-02,63,295.235,343.888,0.164795,0.164562,0.00572341,0.158839,time,0,1,0.0293728,0.129466
f_seasonal,ALL-OCT|H63,^GSPC,design,1961-10-31,1961-11-01,1962-02-02,63,387.838,396.757,0.0229975,0.022793,0.00652738,0.0162656,time,-0.00544865,1,0.021595,-0.00532939
f_seasonal,ALL-OCT|H63,^GSPC,design,1962-10-31,1962-11-01,1963-02-04,63,332.966,388.996,0.168277,0.168044,0.00718413,0.160859,time,0,1,0.0214688,0.139391
f_seasonal,ALL-OCT|H63,^GSPC,design,1963-10-31,1963-11-01,1964-02-05,63,444.376,465.49,0.0475141,0.0473046,0.00880238,0.0385022,time,-0.0555224,1,0.016649,0.0218532
f_seasonal,ALL-OCT|H63,^GSPC,design,1964-10-30,1964-11-02,1965-02-03,63,528.049,547.237,0.0363374,0.0361301,0.00943452,0.0266956,time,-0.0197066,1,0.0126051,0.0140905
f_seasonal,ALL-OCT|H63,^GSPC,design,1965-10-29,1965-11-01,1966-02-01,63,588.91,592.812,0.00662505,0.00642374,0.0109159,-0.00449213,time,-0.0151441,1,0.0193287,-0.0238208
f_seasonal,ALL-OCT|H63,^GSPC,design,1966-10-31,1966-11-01,1967-02-02,63,533.084,577.144,0.0826507,0.0824342,0.0124444,0.0699897,time,-0.0121579,1,0.00462967,0.0653601
f_seasonal,ALL-OCT|H63,^GSPC,design,1967-10-31,1967-11-01,1968-02-02,63,631.664,633.561,0.00300366,0.00280308,0.0122599,-0.00945684,time,-0.0164406,1,0.0018216,-0.0112784
f_seasonal,ALL-OCT|H63,^GSPC,design,1968-10-31,1968-11-01,1969-02-12,63,722.302,731.678,0.0129802,0.0127776,0.0147988,-0.00202122,time,-0.0206723,1,0.000767796,-0.00278902
f_seasonal,ALL-OCT|H63,^GSPC,design,1969-10-31,1969-11-03,1970-02-03,63,701.851,632.271,-0.0991366,-0.0993167,0.0191607,-0.118477,time,-0.117557,1,0.0136261,-0.132104
f_seasonal,ALL-OCT|H63,^GSPC,design,1970-10-30,1970-11-02,1971-02-02,63,626.762,730.096,0.164871,0.164638,0.0120841,0.152554,time,-0.00685081,1,-0.00239383,0.154948
f_seasonal,ALL-OCT|H63,^GSPC,design,1971-10-29,1971-11-01,1972-01-31,63,719.262,811.91,0.12881,0.128584,0.00966786,0.118916,time,-0.0263969,1,-0.019894,0.13881
f_seasonal,ALL-OCT|H63,^GSPC,design,1972-10-31,1972-11-01,1973-02-06,63,899.341,919.717,0.0226566,0.0224521,0.0128258,0.00962629,time,0,1,-0.0013638,0.0109901
f_seasonal,ALL-OCT|H63,^GSPC,design,1973-10-31,1973-11-01,1974-02-01,63,884.823,790.015,-0.107149,-0.107327,0.0192206,-0.126548,time,-0.141599,1,0.00428212,-0.13083
f_seasonal,ALL-OCT|H63,^GSPC,design,1974-10-31,1974-11-01,1975-02-03,63,632.407,674.703,0.0668811,0.0664544,0.0172873,0.0491671,time,-0.115762,2,-0.00440398,0.0535711
f_seasonal,ALL-OCT|H63,^GSPC,design,1975-10-31,1975-11-03,1976-02-03,63,788.581,914.853,0.160126,0.159894,0.0130988,0.146795,time,-0.0107124,1,-0.00988488,0.15668
f_seasonal,ALL-OCT|H63,^GSPC,design,1976-10-29,1976-11-01,1977-02-01,63,958.35,962.528,0.00435987,0.00415902,0.0114171,-0.00725805,time,-0.0407052,1,0.00161455,-0.00887259
f_seasonal,ALL-OCT|H63,^GSPC,design,1977-10-31,1977-11-01,1978-02-01,63,886.465,883.749,-0.00306346,-0.00326282,0.0155194,-0.0187823,time,-0.0188444,1,0.0229326,-0.0417149
f_seasonal,ALL-OCT|H63,^GSPC,design,1978-10-31,1978-11-01,1979-02-01,63,988.862,1034.07,0.0457204,0.0455113,0.0225925,0.0229188,time,-0.0431873,1,0.00345135,0.0194675
f_seasonal,ALL-OCT|H63,^GSPC,design,1979-10-31,1979-11-01,1980-02-01,63,1103.57,1254.94,0.137164,0.136937,0.029877,0.10706,time,-0.0254825,1,0.00426391,0.102796
f_seasonal,ALL-OCT|H63,^GSPC,design,1980-10-31,1980-11-03,1981-02-04,63,1462.4,1474.22,0.0080788,0.00787721,0.037081,-0.0292037,time,-0.0083714,1,0.0144864,-0.0436902
f_seasonal,ALL-OCT|H63,^GSPC,design,1981-10-30,1981-11-02,1982-02-02,63,1477.95,1423.66,-0.0367315,-0.0369242,0.0284925,-0.0654166,time,-0.0652402,1,0.0115148,-0.0769314
f_seasonal,ALL-OCT|H63,^GSPC,design,1982-10-29,1982-11-01,1983-01-31,63,1708.04,1854.48,0.0857366,0.0853023,0.0198782,0.0654242,time,-0.0156447,2,0.0162635,0.0491606
f_seasonal,ALL-OCT|H63,^GSPC,design,1983-10-31,1983-11-01,1984-02-01,63,2158.23,2169.26,0.00510774,0.00490674,0.0222365,-0.0173298,time,-0.0107691,1,0.0174391,-0.0347689
f_seasonal,ALL-OCT|H63,^GSPC,design,1984-10-31,1984-11-01,1985-02-01,63,2311.73,2493.28,0.078535,0.0783193,0.0203099,0.0580094,time,-0.0288657,1,0.0250874,0.032922
f_seasonal,ALL-OCT|H63,^GSPC,design,1985-10-31,1985-11-01,1986-02-03,63,2758.5,3111.4,0.127931,0.127705,0.017829,0.109876,time,-0.00130358,1,0.0235578,0.0863185
f_seasonal,ALL-OCT|H63,^GSPC,design,1986-10-31,1986-11-03,1987-02-03,63,3667.72,4151.91,0.132013,0.131787,0.0136187,0.118168,time,-0.035273,1,0.025581,0.0925875
f_seasonal,ALL-OCT|H63,^GSPC,design,1987-10-30,1987-11-02,1988-02-02,63,3930.74,3959.45,0.00730473,0.00690189,0.0143988,-0.00749692,time,-0.121567,2,0.0230337,-0.0305306
f_seasonal,ALL-OCT|H63,^GSPC,design,1988-10-31,1988-11-01,1989-02-01,63,4444.2,4774.22,0.0742582,0.0740434,0.0201115,0.0539319,time,-0.0518591,1,0.0238816,0.0300503
f_seasonal,ALL-OCT|H63,^GSPC,design,1989-10-31,1989-11-01,1990-02-01,63,5626.71,5467.03,-0.0283784,-0.0285727,0.0191246,-0.0476973,time,-0.0456856,1,0.0187946,-0.0664919
f_seasonal,ALL-OCT|H63,^GSPC,design,1990-10-31,1990-11-01,1991-02-01,63,5245.52,5915.3,0.127685,0.127234,0.0166183,0.110616,time,-0.0015913,2,0.0226524,0.0879636
f_seasonal,ALL-OCT|H63,^GSPC,design,1991-10-31,1991-11-01,1992-02-03,63,6912.62,7291.02,0.0547406,0.0545296,0.0103004,0.0442292,time,-0.0375447,1,0.0173467,0.0268825
f_seasonal,ALL-OCT|H63,^GSPC,design,1992-10-30,1992-11-02,1993-02-02,63,7699.1,8118.62,0.0544892,0.0542783,0.00778214,0.0464962,time,-0.0128091,1,0.0210353,0.0254609
f_seasonal,ALL-OCT|H63,^GSPC,design,1993-10-29,1993-11-01,1994-01-31,63,8787.47,9081.62,0.0334747,0.033268,0.00761389,0.0256541,time,-0.0240461,1,0.0321582,-0.00650408
f_seasonal,ALL-OCT|H63,^GSPC,design,1994-10-31,1994-11-01,1995-02-01,63,9026.9,9130.01,0.0114217,0.0112194,0.013854,-0.00263453,time,-0.0456351,1,0.0335299,-0.0361644
f_seasonal,ALL-OCT|H63,^GSPC,design,1995-10-31,1995-11-01,1996-02-01,63,11562.4,12710.7,0.0993168,0.099097,0.0128929,0.0862041,time,0,1,0.0391639,0.0470402
f_seasonal,ALL-OCT|H63,^GSPC,design,1996-10-31,1996-11-01,1997-02-03,63,14250.5,16007.7,0.123309,0.123085,0.0124754,0.110609,time,0,1,0.0420659,0.0685433
f_seasonal,ALL-OCT|H63,^GSPC,design,1997-10-31,1997-11-03,1998-02-04,63,19367.7,20853.9,0.0767383,0.0763077,0.0127853,0.0635224,time,-0.0344305,2,0.0393708,0.0241515
f_seasonal,ALL-OCT|H63,^GSPC,design,1998-10-30,1998-11-02,1999-02-03,63,23283.9,26739.1,0.148396,0.148166,0.0109595,0.137207,time,-0.00065731,1,0.0211223,0.116084
f_seasonal,ALL-OCT|H63,^GSPC,design,1999-10-29,1999-11-01,2000-02-01,63,28733.4,29991.4,0.0437795,0.0435708,0.0130044,0.0305664,time,-0.00469642,1,0.00443547,0.026131
f_seasonal,ALL-OCT|H63,^GSPC,design,2000-10-31,2000-11-01,2001-02-02,63,30508.9,29055.4,-0.047641,-0.0478315,0.0141536,-0.061985,time,-0.108475,1,0.0041311,-0.0661161
f_seasonal,ALL-OCT|H63,^GSPC,design,2001-10-31,2001-11-01,2002-02-04,63,23572.2,23880.2,0.0130692,0.0126641,0.00433294,0.00833115,time,0,2,-0.00085915,0.0091903
f_seasonal,ALL-OCT|H63,^GSPC,design,2002-10-31,2002-11-01,2003-02-04,63,19895.9,18818,-0.0541748,-0.054553,0.00298056,-0.0575336,time,-0.0581915,2,-0.00509288,-0.0524407
f_seasonal,ALL-OCT|H63,^GSPC,design,2003-10-31,2003-11-03,2004-02-04,63,23815.6,25447.6,0.0685269,0.0683132,0.00225913,0.0660541,time,-0.0226843,1,0.00235364,0.0637005
f_seasonal,ALL-OCT|H63,^GSPC,design,2004-10-29,2004-11-01,2005-02-01,63,25862.2,27325.7,0.0565893,0.056378,0.00550476,0.0508732,time,0,1,0.00966835,0.0412049
f_seasonal,ALL-OCT|H63,^GSPC,design,2005-10-31,2005-11-01,2006-02-02,63,28010.8,29750.7,0.0621155,0.0619031,0.0100298,0.0518733,time,0,1,0.0185341,0.0333392
f_seasonal,ALL-OCT|H63,^GSPC,design,2006-10-31,2006-11-01,2007-02-05,63,32466.6,34523.5,0.0633554,0.0631428,0.0123171,0.0508257,time,-0.00223303,1,0.0103192,0.0405065
f_seasonal,ALL-OCT|H63,^GSPC,design,2007-10-31,2007-11-01,2008-02-04,63,36483.1,33566.2,-0.0799505,-0.0801345,0.00741865,-0.0875531,time,-0.127133,1,0.00625772,-0.0938109
f_seasonal,ALL-OCT|H63,^GSPC,test,2008-10-31,2008-11-03,2009-02-04,63,23880.5,20740.5,-0.13149,-0.131837,0.000297222,-0.132134,time,-0.219346,2,0.0069692,-0.139104
f_seasonal,ALL-OCT|H63,^GSPC,test,2009-10-30,2009-11-02,2010-02-03,63,26457.9,27988.1,0.0578331,0.05741,0.000145635,0.0572644,time,0,2,0.0138411,0.0434233
f_seasonal,ALL-OCT|H63,^GSPC,test,2010-10-29,2010-11-01,2011-02-01,63,30659.6,34015,0.10944,0.109218,0.000363095,0.108855,time,-0.00363502,1,0.0225276,0.086327
f_seasonal,ALL-OCT|H63,^GSPC,test,2011-10-31,2011-11-01,2012-02-02,63,32182.2,35226.5,0.0945979,0.094379,5.35714e-05,0.0943254,time,-0.0468162,1,0.0435268,0.0507986
f_seasonal,ALL-OCT|H63,^GSPC,test,2012-10-31,2012-11-01,2013-02-04,63,38561.5,40654.2,0.0542678,0.0540569,0.000196825,0.0538601,time,-0.0502471,1,0.0318426,0.0220175
f_seasonal,ALL-OCT|H63,^GSPC,test,2013-10-31,2013-11-01,2014-02-04,63,48648.2,48721.3,0.00150291,0.00130263,0.000148016,0.00115462,time,-0.00733661,1,0.0312656,-0.030111
f_seasonal,ALL-OCT|H63,^GSPC,test,2014-10-31,2014-11-03,2015-02-04,63,56877.3,57855.2,0.0171922,0.0169888,6.46825e-05,0.0169241,time,-0.0191652,1,0.037867,-0.0209429
f_seasonal,ALL-OCT|H63,^GSPC,test,2015-10-30,2015-11-02,2016-02-03,63,60551.9,55361.7,-0.0857147,-0.0858975,0.000527778,-0.0864253,time,-0.111697,1,0.0306066,-0.117032
f_seasonal,ALL-OCT|H63,^GSPC,test,2016-10-31,2016-11-01,2017-02-02,63,62115.7,67469.9,0.086197,0.0859798,0.00122579,0.084754,time,-0.0120568,1,0.0280904,0.0566636
f_seasonal,ALL-OCT|H63,^GSPC,test,2017-10-31,2017-11-01,2018-02-02,63,77442.2,83350.4,0.0762915,0.0760763,0.00332143,0.0727548,time,-0.00439727,1,0.0301296,0.0426253
f_seasonal,ALL-OCT|H63,^GSPC,test,2018-10-31,2018-11-01,2019-02-05,63,83877.8,84265.3,0.00462003,0.00441913,0.00589167,-0.00147254,time,-0.138891,1,0.0400185,-0.0414911
f_seasonal,ALL-OCT|H63,^GSPC,test,2019-10-31,2019-11-01,2020-02-04,63,95815.1,103527,0.0804861,0.08027,0.00383413,0.0764359,time,0,1,0.0284575,0.0479784
f_seasonal,ALL-OCT|H63,^GSPC,test,2020-10-30,2020-11-02,2021-02-03,63,105388,122437,0.161774,0.16131,0.000215476,0.161094,time,0,2,0.0261894,0.134905
f_seasonal,ALL-OCT|H63,^GSPC,test,2021-10-29,2021-11-01,2022-02-01,63,149049,147387,-0.0111476,-0.0113454,0.000219841,-0.0115652,time,-0.0591344,1,0.035755,-0.0473202
f_seasonal,ALL-OCT|H63,^GSPC,test,2022-10-31,2022-11-01,2023-02-02,63,126521,137763,0.0888544,0.0886367,0.0108008,0.0778359,time,-0.0351934,1,0.0325473,0.0452886
f_seasonal,ALL-OCT|H63,^GSPC,test,2023-10-31,2023-11-01,2024-02-02,63,141397,166126,0.17489,0.174655,0.0131095,0.161546,time,0,1,0.030464,0.131082
f_seasonal,ALL-OCT|H63,^GSPC,test,2024-10-31,2024-11-01,2025-02-05,63,193921,205870,0.0616185,0.0614062,0.0107345,0.0506717,time,-0.00276356,1,0.0230423,0.0276295
f_seasonal,ALL-OCT|H63,^GSPC,test,2025-10-31,2025-11-03,2026-02-04,63,234970,236760,0.00761463,0.00741313,0.00909087,-0.00167775,time,-0.0448687,1,0.0403045,-0.0419822
f_seasonal,ALL-OCT|H63,SPY,test_exec,2008-10-31,2008-11-03,2009-02-03,63,69.8511,60.9301,-0.127715,-0.128064,0.000304762,-0.128368,time,-0.220397,2,0.00670727,-0.135076
f_seasonal,ALL-OCT|H63,SPY,test_exec,2009-10-30,2009-11-02,2010-02-02,63,77.1049,82.1728,0.0657282,0.065302,0.000144048,0.065158,time,0.00182467,2,0.0134433,0.0517147
f_seasonal,ALL-OCT|H63,SPY,test_exec,2010-10-29,2010-11-01,2011-01-31,63,89.9094,97.6769,0.0863924,0.0861751,0.000362302,0.0858128,time,-0.00764226,1,0.0221158,0.063697
f_seasonal,ALL-OCT|H63,SPY,test_exec,2011-10-31,2011-11-01,2012-02-01,63,93.9764,102.663,0.0924375,0.092219,5.07937e-05,0.0921682,time,-0.0466279,1,0.0428028,0.0493654
f_seasonal,ALL-OCT|H63,SPY,test_exec,2012-10-31,2012-11-01,2013-02-01,63,111.422,119.809,0.0752744,0.0750594,0.000197619,0.0748617,time,-0.0420046,1,0.0313074,0.0435544
f_seasonal,ALL-OCT|H63,SPY,test_exec,2013-10-31,2013-11-01,2014-02-03,63,141.487,140.76,-0.00513799,-0.00533695,0.000147222,-0.00548417,time,-0.0061924,1,0.0307375,-0.0362217
f_seasonal,ALL-OCT|H63,SPY,test_exec,2014-10-31,2014-11-03,2015-02-03,63,165.462,168.781,0.0200605,0.0198565,6.50794e-05,0.0197915,time,-0.0198592,1,0.0372359,-0.0174445
f_seasonal,ALL-OCT|H63,SPY,test_exec,2015-10-30,2015-11-02,2016-02-02,63,174.154,159.919,-0.081741,-0.0819246,0.000517857,-0.0824425,time,-0.103519,1,0.0300043,-0.112447
f_seasonal,ALL-OCT|H63,SPY,test_exec,2016-10-31,2016-11-01,2017-02-01,63,181.841,195.532,0.0752907,0.0750757,0.00121944,0.0738562,time,-0.0205701,1,0.0273971,0.0464592
f_seasonal,ALL-OCT|H63,SPY,test_exec,2017-10-31,2017-11-01,2018-02-01,63,224.824,246.588,0.0968041,0.0965848,0.00330952,0.0932752,time,-0.00620039,1,0.0294744,0.0638008
f_seasonal,ALL-OCT|H63,SPY,test_exec,2018-10-31,2018-11-01,2019-02-04,63,240.959,242.687,0.007173,0.00697158,0.0058877,0.00108388,time,-0.132148,1,0.0392689,-0.038185
f_seasonal,ALL-OCT|H63,SPY,test_exec,2019-10-31,2019-11-01,2020-02-03,63,275.896,294.71,0.0681931,0.0679795,0.00383214,0.0641473,time,0.00400105,1,0.0278118,0.0363355
f_seasonal,ALL-OCT|H63,SPY,test_exec,2020-10-30,2020-11-02,2021-02-02,63,304.547,353.408,0.160437,0.159973,0.00021746,0.159756,time,0,2,0.0255887,0.134167
f_seasonal,ALL-OCT|H63,SPY,test_exec,2021-10-29,2021-11-01,2022-01-31,63,430.52,422.28,-0.0191383,-0.0193344,0.000213889,-0.0195483,time,-0.0598413,1,0.0350895,-0.0546378
f_seasonal,ALL-OCT|H63,SPY,test_exec,2022-10-31,2022-11-01,2023-02-01,63,370.421,391.827,0.0577905,0.057579,0.0107821,0.0467969,time,-0.0490337,1,0.031963,0.0148339
f_seasonal,ALL-OCT|H63,SPY,test_exec,2023-10-31,2023-11-01,2024-02-01,63,404.277,473.698,0.171716,0.171482,0.0131127,0.158369,time,0.0082538,1,0.0298669,0.128502
f_seasonal,ALL-OCT|H63,SPY,test_exec,2024-10-31,2024-11-01,2025-02-04,63,558.433,590.185,0.0568602,0.0566488,0.0107421,0.0459068,time,-0.00264308,1,0.0224788,0.023428
f_seasonal,ALL-OCT|H63,SPY,test_exec,2025-10-31,2025-11-03,2026-02-03,63,678.351,684.186,0.00860109,0.00839939,0.0090996,-0.000700215,time,-0.0483322,1,0.0395431,-0.0402433
f_seasonal,ALL-OCT|H63,^GSPC,full,1928-10-31,1928-11-01,1929-02-04,63,22.7771,26.7964,0.176462,0.176227,0.00801,0.168217,time,-0.00167385,1,-0.0275484,0.195765
f_seasonal,ALL-OCT|H63,^GSPC,full,1929-10-31,1929-11-04,1930-02-06,63,24.5187,24.9928,0.0193351,0.0189275,0.00921393,0.00971352,time,-0.22725,2,-0.0172833,0.0269968
f_seasonal,ALL-OCT|H63,^GSPC,full,1930-10-31,1930-11-03,1931-02-04,63,19.1922,18.5762,-0.0320953,-0.0324824,0.00419444,-0.0366768,time,-0.151091,2,0.0125878,-0.0492646
f_seasonal,ALL-OCT|H63,^GSPC,full,1931-10-30,1931-11-02,1932-02-03,63,12.5328,9.88095,-0.211594,-0.211909,0.00547368,-0.217383,time,-0.270017,2,-0.00353253,-0.21385
f_seasonal,ALL-OCT|H63,^GSPC,full,1932-10-31,1932-11-01,1933-02-02,63,8.9038,8.78562,-0.0132729,-0.0136675,0.000356667,-0.0140242,time,-0.0408395,2,0.0175736,-0.0315978
f_seasonal,ALL-OCT|H63,^GSPC,full,1933-10-31,1933-11-01,1934-02-02,63,12.7126,16.1347,0.269186,0.268679,0.000912222,0.267767,time,0,2,0.0384217,0.229345
f_seasonal,ALL-OCT|H63,^GSPC,full,1934-10-31,1934-11-01,1935-02-05,63,12.783,13.1167,0.0261058,0.0259006,0.00032807,0.0255725,time,0,1,0.0414579,-0.0158854
f_seasonal,ALL-OCT|H63,^GSPC,full,1935-10-31,1935-11-01,1936-02-05,63,19.2201,22.0965,0.149657,0.149427,0.000404678,0.149023,time,0,1,0.0504288,0.0985939
f_seasonal,ALL-OCT|H63,^GSPC,full,1936-10-30,1936-11-02,1937-02-04,63,27.1333,28.9781,0.0679913,0.0677778,0.000238889,0.0675389,time,-0.0252565,1,0.0281484,0.0393905
f_seasonal,ALL-OCT|H63,^GSPC,full,1937-10-29,1937-11-01,1938-02-01,63,20.007,18.3605,-0.0822973,-0.0826643,0.000189474,-0.0828538,time,-0.154529,2,0.0260459,-0.1089
f_seasonal,ALL-OCT|H63,^GSPC,full,1938-10-31,1938-11-01,1939-02-03,63,23.1958,22.0056,-0.0513108,-0.0516902,-0.000651754,-0.0510385,time,-0.111567,2,0.00384881,-0.0548873
f_seasonal,ALL-OCT|H63,^GSPC,full,1939-10-31,1939-11-01,1940-02-02,63,23.7176,22.5898,-0.0475539,-0.0477444,0,-0.0477444,time,-0.0494487,1,-0.00174944,-0.045995
f_seasonal,ALL-OCT|H63,^GSPC,full,1940-10-31,1940-11-01,1941-02-05,63,21.7121,20.207,-0.0693223,-0.0695085,-0.000115789,-0.0693927,time,-0.0872349,1,0.0216238,-0.0910165
f_seasonal,ALL-OCT|H63,^GSPC,full,1941-10-31,1941-11-03,1942-02-05,63,20.106,19.138,-0.0481441,-0.0483345,0.000322222,-0.0486567,time,-0.11733,1,0.0194858,-0.0681425
f_seasonal,ALL-OCT|H63,^GSPC,full,1942-10-30,1942-11-02,1943-02-04,63,21.4741,23.9874,0.117037,0.116813,0.00095,0.115863,time,-0.0166575,1,0.0326066,0.0832569
f_seasonal,ALL-OCT|H63,^GSPC,full,1943-10-29,1943-11-01,1944-02-01,63,28.4545,28.6147,0.00563304,0.00543193,0.000899211,0.00453272,time,-0.074668,1,0.0313531,-0.0268204
f_seasonal,ALL-OCT|H63,^GSPC,full,1944-10-31,1944-11-01,1945-02-02,63,32.2415,34.5947,0.0729849,0.0727704,0.000807222,0.0719631,time,-0.0103142,1,0.0362271,0.035736
f_seasonal,ALL-OCT|H63,^GSPC,full,1945-10-31,1945-11-01,1946-02-06,63,44.3155,49.2441,0.111216,0.110994,0.00085614,0.110138,time,-0.000439082,1,0.0335044,0.0766335
f_seasonal,ALL-OCT|H63,^GSPC,full,1946-10-31,1946-11-01,1947-02-05,63,41.15,43.9855,0.0689049,0.0684774,0.000930702,0.0675467,time,-0.0600453,2,0.0295463,0.0380004
f_seasonal,ALL-OCT|H63,^GSPC,full,1947-10-31,1947-11-03,1948-02-05,63,44.3354,41.2967,-0.0685393,-0.0687256,0.00222026,-0.0709458,time,-0.0818741,1,0.0340241,-0.10497
f_seasonal,ALL-OCT|H63,^GSPC,full,1948-10-29,1948-11-01,1949-02-01,63,50.5578,47.1543,-0.067319,-0.0675055,0.00182632,-0.0693318,time,-0.112978,1,0.0283055,-0.0976374
f_seasonal,ALL-OCT|H63,^GSPC,full,1949-10-31,1949-11-01,1950-02-03,63,52.3982,56.8888,0.0857028,0.0854857,0.00270789,0.0827778,time,-0.0256481,1,0.0378092,0.0449686
f_seasonal,ALL-OCT|H63,^GSPC,full,1950-10-31,1950-11-01,1951-02-02,63,67.6561,77.3329,0.143029,0.142801,0.00355611,0.139245,time,-0.0227736,1,0.0356596,0.103585
f_seasonal,ALL-OCT|H63,^GSPC,full,1951-10-31,1951-11-01,1952-02-05,63,85.592,90.6962,0.0596341,0.0594222,0.00393158,0.0554906,time,-0.027104,1,0.0488437,0.0066469
f_seasonal,ALL-OCT|H63,^GSPC,full,1952-10-31,1952-11-03,1953-02-05,63,96.6923,104.2,0.077646,0.0774305,0.00445229,0.0729782,time,0,1,0.0551553,0.0178229
f_seasonal,ALL-OCT|H63,^GSPC,full,1953-10-30,1953-11-02,1954-02-04,63,102.575,110.57,0.077947,0.0777315,0.00315437,0.0745771,time,-0.0145561,1,0.0452945,0.0292826
f_seasonal,ALL-OCT|H63,^GSPC,full,1954-10-29,1954-11-01,1955-02-01,63,139.259,162.639,0.167887,0.167653,0.0027627,0.164891,time,0,1,0.0323651,0.132525
f_seasonal,ALL-OCT|H63,^GSPC,full,1955-10-31,1955-11-01,1956-02-02,63,192.949,203.668,0.0555523,0.0553412,0.00600516,0.049336,time,0,1,0.0396411,0.0096949
f_seasonal,ALL-OCT|H63,^GSPC,full,1956-10-31,1956-11-01,1957-02-05,63,220.476,210.011,-0.047465,-0.0476555,0.00775913,-0.0554146,time,-0.047465,1,0.0421205,-0.0975351
f_seasonal,ALL-OCT|H63,^GSPC,full,1957-10-31,1957-11-01,1958-02-04,63,199.171,211.426,0.0615306,0.0613184,0.00714167,0.0541767,time,-0.023357,1,0.0259208,0.0282559
f_seasonal,ALL-OCT|H63,^GSPC,full,1958-10-31,1958-11-03,1959-02-05,63,264.305,283.251,0.0716801,0.0714658,0.0068996,0.0645662,time,-0.00851415,1,0.0229562,0.04161
f_seasonal,ALL-OCT|H63,^GSPC,full,1959-10-30,1959-11-02,1960-02-03,63,303.664,300.274,-0.0111639,-0.0113617,0.0108087,-0.0221704,time,-0.0240246,1,0.0177905,-0.0399609
f_seasonal,ALL-OCT|H63,^GSPC,full,1960-10-31,1960-11-01,1961-02-02,63,295.235,343.888,0.164795,0.164562,0.00572341,0.158839,time,0,1,0.0293728,0.129466
f_seasonal,ALL-OCT|H63,^GSPC,full,1961-10-31,1961-11-01,1962-02-02,63,387.838,396.757,0.0229975,0.022793,0.00652738,0.0162656,time,-0.00544865,1,0.021595,-0.00532939
f_seasonal,ALL-OCT|H63,^GSPC,full,1962-10-31,1962-11-01,1963-02-04,63,332.966,388.996,0.168277,0.168044,0.00718413,0.160859,time,0,1,0.0214688,0.139391
f_seasonal,ALL-OCT|H63,^GSPC,full,1963-10-31,1963-11-01,1964-02-05,63,444.376,465.49,0.0475141,0.0473046,0.00880238,0.0385022,time,-0.0555224,1,0.016649,0.0218532
f_seasonal,ALL-OCT|H63,^GSPC,full,1964-10-30,1964-11-02,1965-02-03,63,528.049,547.237,0.0363374,0.0361301,0.00943452,0.0266956,time,-0.0197066,1,0.0126051,0.0140905
f_seasonal,ALL-OCT|H63,^GSPC,full,1965-10-29,1965-11-01,1966-02-01,63,588.91,592.812,0.00662505,0.00642374,0.0109159,-0.00449213,time,-0.0151441,1,0.0193287,-0.0238208
f_seasonal,ALL-OCT|H63,^GSPC,full,1966-10-31,1966-11-01,1967-02-02,63,533.084,577.144,0.0826507,0.0824342,0.0124444,0.0699897,time,-0.0121579,1,0.00462967,0.0653601
f_seasonal,ALL-OCT|H63,^GSPC,full,1967-10-31,1967-11-01,1968-02-02,63,631.664,633.561,0.00300366,0.00280308,0.0122599,-0.00945684,time,-0.0164406,1,0.0018216,-0.0112784
f_seasonal,ALL-OCT|H63,^GSPC,full,1968-10-31,1968-11-01,1969-02-12,63,722.302,731.678,0.0129802,0.0127776,0.0147988,-0.00202122,time,-0.0206723,1,0.000767796,-0.00278902
f_seasonal,ALL-OCT|H63,^GSPC,full,1969-10-31,1969-11-03,1970-02-03,63,701.851,632.271,-0.0991366,-0.0993167,0.0191607,-0.118477,time,-0.117557,1,0.0136261,-0.132104
f_seasonal,ALL-OCT|H63,^GSPC,full,1970-10-30,1970-11-02,1971-02-02,63,626.762,730.096,0.164871,0.164638,0.0120841,0.152554,time,-0.00685081,1,-0.00239383,0.154948
f_seasonal,ALL-OCT|H63,^GSPC,full,1971-10-29,1971-11-01,1972-01-31,63,719.262,811.91,0.12881,0.128584,0.00966786,0.118916,time,-0.0263969,1,-0.019894,0.13881
f_seasonal,ALL-OCT|H63,^GSPC,full,1972-10-31,1972-11-01,1973-02-06,63,899.341,919.717,0.0226566,0.0224521,0.0128258,0.00962629,time,0,1,-0.0013638,0.0109901
f_seasonal,ALL-OCT|H63,^GSPC,full,1973-10-31,1973-11-01,1974-02-01,63,884.823,790.015,-0.107149,-0.107327,0.0192206,-0.126548,time,-0.141599,1,0.00428212,-0.13083
f_seasonal,ALL-OCT|H63,^GSPC,full,1974-10-31,1974-11-01,1975-02-03,63,632.407,674.703,0.0668811,0.0664544,0.0172873,0.0491671,time,-0.115762,2,-0.00440398,0.0535711
f_seasonal,ALL-OCT|H63,^GSPC,full,1975-10-31,1975-11-03,1976-02-03,63,788.581,914.853,0.160126,0.159894,0.0130988,0.146795,time,-0.0107124,1,-0.00988488,0.15668
f_seasonal,ALL-OCT|H63,^GSPC,full,1976-10-29,1976-11-01,1977-02-01,63,958.35,962.528,0.00435987,0.00415902,0.0114171,-0.00725805,time,-0.0407052,1,0.00161455,-0.00887259
f_seasonal,ALL-OCT|H63,^GSPC,full,1977-10-31,1977-11-01,1978-02-01,63,886.465,883.749,-0.00306346,-0.00326282,0.0155194,-0.0187823,time,-0.0188444,1,0.0229326,-0.0417149
f_seasonal,ALL-OCT|H63,^GSPC,full,1978-10-31,1978-11-01,1979-02-01,63,988.862,1034.07,0.0457204,0.0455113,0.0225925,0.0229188,time,-0.0431873,1,0.00345135,0.0194675
f_seasonal,ALL-OCT|H63,^GSPC,full,1979-10-31,1979-11-01,1980-02-01,63,1103.57,1254.94,0.137164,0.136937,0.029877,0.10706,time,-0.0254825,1,0.00426391,0.102796
f_seasonal,ALL-OCT|H63,^GSPC,full,1980-10-31,1980-11-03,1981-02-04,63,1462.4,1474.22,0.0080788,0.00787721,0.037081,-0.0292037,time,-0.0083714,1,0.0144864,-0.0436902
f_seasonal,ALL-OCT|H63,^GSPC,full,1981-10-30,1981-11-02,1982-02-02,63,1477.95,1423.66,-0.0367315,-0.0369242,0.0284925,-0.0654166,time,-0.0652402,1,0.0115148,-0.0769314
f_seasonal,ALL-OCT|H63,^GSPC,full,1982-10-29,1982-11-01,1983-01-31,63,1708.04,1854.48,0.0857366,0.0853023,0.0198782,0.0654242,time,-0.0156447,2,0.0162635,0.0491606
f_seasonal,ALL-OCT|H63,^GSPC,full,1983-10-31,1983-11-01,1984-02-01,63,2158.23,2169.26,0.00510774,0.00490674,0.0222365,-0.0173298,time,-0.0107691,1,0.0174391,-0.0347689
f_seasonal,ALL-OCT|H63,^GSPC,full,1984-10-31,1984-11-01,1985-02-01,63,2311.73,2493.28,0.078535,0.0783193,0.0203099,0.0580094,time,-0.0288657,1,0.0250874,0.032922
f_seasonal,ALL-OCT|H63,^GSPC,full,1985-10-31,1985-11-01,1986-02-03,63,2758.5,3111.4,0.127931,0.127705,0.017829,0.109876,time,-0.00130358,1,0.0235578,0.0863185
f_seasonal,ALL-OCT|H63,^GSPC,full,1986-10-31,1986-11-03,1987-02-03,63,3667.72,4151.91,0.132013,0.131787,0.0136187,0.118168,time,-0.035273,1,0.025581,0.0925875
f_seasonal,ALL-OCT|H63,^GSPC,full,1987-10-30,1987-11-02,1988-02-02,63,3930.74,3959.45,0.00730473,0.00690189,0.0143988,-0.00749692,time,-0.121567,2,0.0230337,-0.0305306
f_seasonal,ALL-OCT|H63,^GSPC,full,1988-10-31,1988-11-01,1989-02-01,63,4444.2,4774.22,0.0742582,0.0740434,0.0201115,0.0539319,time,-0.0518591,1,0.0238816,0.0300503
f_seasonal,ALL-OCT|H63,^GSPC,full,1989-10-31,1989-11-01,1990-02-01,63,5626.71,5467.03,-0.0283784,-0.0285727,0.0191246,-0.0476973,time,-0.0456856,1,0.0187946,-0.0664919
f_seasonal,ALL-OCT|H63,^GSPC,full,1990-10-31,1990-11-01,1991-02-01,63,5245.52,5915.3,0.127685,0.127234,0.0166183,0.110616,time,-0.0015913,2,0.0226524,0.0879636
f_seasonal,ALL-OCT|H63,^GSPC,full,1991-10-31,1991-11-01,1992-02-03,63,6912.62,7291.02,0.0547406,0.0545296,0.0103004,0.0442292,time,-0.0375447,1,0.0173467,0.0268825
f_seasonal,ALL-OCT|H63,^GSPC,full,1992-10-30,1992-11-02,1993-02-02,63,7699.1,8118.62,0.0544892,0.0542783,0.00778214,0.0464962,time,-0.0128091,1,0.0210353,0.0254609
f_seasonal,ALL-OCT|H63,^GSPC,full,1993-10-29,1993-11-01,1994-01-31,63,8787.47,9081.62,0.0334747,0.033268,0.00761389,0.0256541,time,-0.0240461,1,0.0321582,-0.00650408
f_seasonal,ALL-OCT|H63,^GSPC,full,1994-10-31,1994-11-01,1995-02-01,63,9026.9,9130.01,0.0114217,0.0112194,0.013854,-0.00263453,time,-0.0456351,1,0.0335299,-0.0361644
f_seasonal,ALL-OCT|H63,^GSPC,full,1995-10-31,1995-11-01,1996-02-01,63,11562.4,12710.7,0.0993168,0.099097,0.0128929,0.0862041,time,0,1,0.0391639,0.0470402
f_seasonal,ALL-OCT|H63,^GSPC,full,1996-10-31,1996-11-01,1997-02-03,63,14250.5,16007.7,0.123309,0.123085,0.0124754,0.110609,time,0,1,0.0420659,0.0685433
f_seasonal,ALL-OCT|H63,^GSPC,full,1997-10-31,1997-11-03,1998-02-04,63,19367.7,20853.9,0.0767383,0.0763077,0.0127853,0.0635224,time,-0.0344305,2,0.0393708,0.0241515
f_seasonal,ALL-OCT|H63,^GSPC,full,1998-10-30,1998-11-02,1999-02-03,63,23283.9,26739.1,0.148396,0.148166,0.0109595,0.137207,time,-0.00065731,1,0.0211223,0.116084
f_seasonal,ALL-OCT|H63,^GSPC,full,1999-10-29,1999-11-01,2000-02-01,63,28733.4,29991.4,0.0437795,0.0435708,0.0130044,0.0305664,time,-0.00469642,1,0.00443547,0.026131
f_seasonal,ALL-OCT|H63,^GSPC,full,2000-10-31,2000-11-01,2001-02-02,63,30508.9,29055.4,-0.047641,-0.0478315,0.0141536,-0.061985,time,-0.108475,1,0.0041311,-0.0661161
f_seasonal,ALL-OCT|H63,^GSPC,full,2001-10-31,2001-11-01,2002-02-04,63,23572.2,23880.2,0.0130692,0.0126641,0.00433294,0.00833115,time,0,2,-0.00085915,0.0091903
f_seasonal,ALL-OCT|H63,^GSPC,full,2002-10-31,2002-11-01,2003-02-04,63,19895.9,18818,-0.0541748,-0.054553,0.00298056,-0.0575336,time,-0.0581915,2,-0.00509288,-0.0524407
f_seasonal,ALL-OCT|H63,^GSPC,full,2003-10-31,2003-11-03,2004-02-04,63,23815.6,25447.6,0.0685269,0.0683132,0.00225913,0.0660541,time,-0.0226843,1,0.00235364,0.0637005
f_seasonal,ALL-OCT|H63,^GSPC,full,2004-10-29,2004-11-01,2005-02-01,63,25862.2,27325.7,0.0565893,0.056378,0.00550476,0.0508732,time,0,1,0.00966835,0.0412049
f_seasonal,ALL-OCT|H63,^GSPC,full,2005-10-31,2005-11-01,2006-02-02,63,28010.8,29750.7,0.0621155,0.0619031,0.0100298,0.0518733,time,0,1,0.000294991,0.0515783
f_seasonal,ALL-OCT|H63,^GSPC,full,2006-10-31,2006-11-01,2007-02-05,63,32466.6,34523.5,0.0633554,0.0631428,0.0123171,0.0508257,time,-0.00223303,1,0.00376213,0.0470636
f_seasonal,ALL-OCT|H63,^GSPC,full,2007-10-31,2007-11-01,2008-02-04,63,36483.1,33566.2,-0.0799505,-0.0801345,0.00741865,-0.0875531,time,-0.127133,1,0.00595012,-0.0935033
f_seasonal,ALL-OCT|H63,^GSPC,full,2008-10-31,2008-11-03,2009-02-04,63,23880.5,20740.5,-0.13149,-0.131837,0.000297222,-0.132134,time,-0.219346,2,0.00560461,-0.137739
f_seasonal,ALL-OCT|H63,^GSPC,full,2009-10-30,2009-11-02,2010-02-03,63,26457.9,27988.1,0.0578331,0.05741,0.000145635,0.0572644,time,0,2,0.00857248,0.0486919
f_seasonal,ALL-OCT|H63,^GSPC,full,2010-10-29,2010-11-01,2011-02-01,63,30659.6,34015,0.10944,0.109218,0.000363095,0.108855,time,-0.00363502,1,0.0192656,0.089589
f_seasonal,ALL-OCT|H63,^GSPC,full,2011-10-31,2011-11-01,2012-02-02,63,32182.2,35226.5,0.0945979,0.094379,5.35714e-05,0.0943254,time,-0.0468162,1,0.0435268,0.0507986
f_seasonal,ALL-OCT|H63,^GSPC,full,2012-10-31,2012-11-01,2013-02-04,63,38561.5,40654.2,0.0542678,0.0540569,0.000196825,0.0538601,time,-0.0502471,1,0.0318426,0.0220175
f_seasonal,ALL-OCT|H63,^GSPC,full,2013-10-31,2013-11-01,2014-02-04,63,48648.2,48721.3,0.00150291,0.00130263,0.000148016,0.00115462,time,-0.00733661,1,0.0312656,-0.030111
f_seasonal,ALL-OCT|H63,^GSPC,full,2014-10-31,2014-11-03,2015-02-04,63,56877.3,57855.2,0.0171922,0.0169888,6.46825e-05,0.0169241,time,-0.0191652,1,0.037867,-0.0209429
f_seasonal,ALL-OCT|H63,^GSPC,full,2015-10-30,2015-11-02,2016-02-03,63,60551.9,55361.7,-0.0857147,-0.0858975,0.000527778,-0.0864253,time,-0.111697,1,0.0306066,-0.117032
f_seasonal,ALL-OCT|H63,^GSPC,full,2016-10-31,2016-11-01,2017-02-02,63,62115.7,67469.9,0.086197,0.0859798,0.00122579,0.084754,time,-0.0120568,1,0.0280904,0.0566636
f_seasonal,ALL-OCT|H63,^GSPC,full,2017-10-31,2017-11-01,2018-02-02,63,77442.2,83350.4,0.0762915,0.0760763,0.00332143,0.0727548,time,-0.00439727,1,0.0301296,0.0426253
f_seasonal,ALL-OCT|H63,^GSPC,full,2018-10-31,2018-11-01,2019-02-05,63,83877.8,84265.3,0.00462003,0.00441913,0.00589167,-0.00147254,time,-0.138891,1,0.0400185,-0.0414911
f_seasonal,ALL-OCT|H63,^GSPC,full,2019-10-31,2019-11-01,2020-02-04,63,95815.1,103527,0.0804861,0.08027,0.00383413,0.0764359,time,0,1,0.0284575,0.0479784
f_seasonal,ALL-OCT|H63,^GSPC,full,2020-10-30,2020-11-02,2021-02-03,63,105388,122437,0.161774,0.16131,0.000215476,0.161094,time,0,2,0.0261894,0.134905
f_seasonal,ALL-OCT|H63,^GSPC,full,2021-10-29,2021-11-01,2022-02-01,63,149049,147387,-0.0111476,-0.0113454,0.000219841,-0.0115652,time,-0.0591344,1,0.035755,-0.0473202
f_seasonal,ALL-OCT|H63,^GSPC,full,2022-10-31,2022-11-01,2023-02-02,63,126521,137763,0.0888544,0.0886367,0.0108008,0.0778359,time,-0.0351934,1,0.0325473,0.0452886
f_seasonal,ALL-OCT|H63,^GSPC,full,2023-10-31,2023-11-01,2024-02-02,63,141397,166126,0.17489,0.174655,0.0131095,0.161546,time,0,1,0.030464,0.131082
f_seasonal,ALL-OCT|H63,^GSPC,full,2024-10-31,2024-11-01,2025-02-05,63,193921,205870,0.0616185,0.0614062,0.0107345,0.0506717,time,-0.00276356,1,0.0230423,0.0276295
f_seasonal,ALL-OCT|H63,^GSPC,full,2025-10-31,2025-11-03,2026-02-04,63,234970,236760,0.00761463,0.00741313,0.00909087,-0.00167775,time,-0.0448687,1,0.0403045,-0.0419822
f_seasonal,ALL-OCT|H84,^GSPC,design,1928-10-31,1928-11-01,1929-03-07,84,22.7771,26.3606,0.15733,0.157098,0.01206,0.145038,time,-0.00167385,1,-0.0400767,0.185115
f_seasonal,ALL-OCT|H84,^GSPC,design,1929-10-31,1929-11-04,1930-03-10,84,24.5187,25.7431,0.0499362,0.0495163,0.0125824,0.0369339,time,-0.22725,2,-0.030561,0.0674949
f_seasonal,ALL-OCT|H84,^GSPC,design,1930-10-31,1930-11-03,1931-03-09,84,19.1922,20.2952,0.0574714,0.0570485,0.00488232,0.0521662,time,-0.151091,2,0.0122159,0.0399502
f_seasonal,ALL-OCT|H84,^GSPC,design,1931-10-30,1931-11-02,1932-03-07,84,12.5328,10.8554,-0.13384,-0.134186,0.00777416,-0.14196,time,-0.270017,2,-0.0104995,-0.131461
f_seasonal,ALL-OCT|H84,^GSPC,design,1932-10-31,1932-11-01,1933-03-16,84,8.9038,9.35603,0.0507911,0.0503709,0.000215,0.0501559,time,-0.162989,2,0.0210656,0.0290903
f_seasonal,ALL-OCT|H84,^GSPC,design,1933-10-31,1933-11-01,1934-03-07,84,12.7126,14.9864,0.17886,0.178388,0.00113762,0.177251,time,0,2,0.0494116,0.127839
f_seasonal,ALL-OCT|H84,^GSPC,design,1934-10-31,1934-11-01,1935-03-08,84,12.783,12.6542,-0.0100791,-0.0102771,0.000523308,-0.0108004,time,-0.0209252,1,0.0546675,-0.0654678
f_seasonal,ALL-OCT|H84,^GSPC,design,1935-10-31,1935-11-01,1936-03-06,84,19.2201,23.2841,0.211447,0.211204,0.000534343,0.21067,time,0,1,0.0673785,0.143292
f_seasonal,ALL-OCT|H84,^GSPC,design,1936-10-30,1936-11-02,1937-03-09,84,27.1333,29.7021,0.0946753,0.0944564,0.000426263,0.0940301,time,-0.0252565,1,0.0357328,0.0582974
f_seasonal,ALL-OCT|H84,^GSPC,design,1937-10-29,1937-11-01,1938-03-03,84,20.007,19.0643,-0.0471199,-0.047501,0.00017643,-0.0476774,time,-0.154529,2,0.0342363,-0.0819137
f_seasonal,ALL-OCT|H84,^GSPC,design,1938-10-31,1938-11-01,1939-03-08,84,23.1958,23.4644,0.011582,0.0111775,-0.000594508,0.011772,time,-0.111567,2,0.00254255,0.00922942
f_seasonal,ALL-OCT|H84,^GSPC,design,1939-10-31,1939-11-01,1940-03-06,84,23.7176,23.0252,-0.029193,-0.0293872,0,-0.0293872,time,-0.0494487,1,-0.00164915,-0.027738
f_seasonal,ALL-OCT|H84,^GSPC,design,1940-10-31,1940-11-01,1941-03-07,84,21.7121,19.822,-0.0870506,-0.0872331,-0.00017619,-0.0870569,time,-0.124732,1,0.0295174,-0.116574
f_seasonal,ALL-OCT|H84,^GSPC,design,1941-10-31,1941-11-03,1942-03-10,84,20.106,17.5256,-0.128341,-0.128515,0.000431818,-0.128947,time,-0.128341,1,0.0276953,-0.156642
f_seasonal,ALL-OCT|H84,^GSPC,design,1942-10-30,1942-11-02,1943-03-09,84,21.4741,25.2978,0.178059,0.177824,0.00127464,0.176549,time,-0.0166575,1,0.0438357,0.132713
f_seasonal,ALL-OCT|H84,^GSPC,design,1943-10-29,1943-11-01,1944-03-02,84,28.4545,28.8611,0.0142918,0.0140889,0.0012016,0.0128873,time,-0.074668,1,0.0434927,-0.0306054
f_seasonal,ALL-OCT|H84,^GSPC,design,1944-10-31,1944-11-01,1945-03-07,84,32.2415,36.7203,0.138912,0.138684,0.00103262,0.137652,time,-0.0103142,1,0.0486194,0.0890324
f_seasonal,ALL-OCT|H84,^GSPC,design,1945-10-31,1945-11-01,1946-03-11,84,44.3155,46.2342,0.0432966,0.043088,0.00118947,0.0418985,time,-0.000439082,1,0.0431018,-0.00120325
f_seasonal,ALL-OCT|H84,^GSPC,design,1946-10-31,1946-11-01,1947-03-07,84,41.15,42.0464,0.0217838,0.0213752,0.00125476,0.0201204,time,-0.0600453,2,0.0398111,-0.0196907
f_seasonal,ALL-OCT|H84,^GSPC,design,1947-10-31,1947-11-03,1948-03-09,84,44.3354,40.7726,-0.0803598,-0.0805437,0.00305107,-0.0835948,time,-0.0904094,1,0.0457697,-0.129365
f_seasonal,ALL-OCT|H84,^GSPC,design,1948-10-29,1948-11-01,1949-03-03,84,50.5578,45.2795,-0.104401,-0.10458,0.00280938,-0.10739,time,-0.121818,1,0.0369309,-0.144321
f_seasonal,ALL-OCT|H84,^GSPC,design,1949-10-31,1949-11-01,1950-03-08,84,52.3982,56.8785,0.0855052,0.0852882,0.00371876,0.0815694,time,-0.0256481,1,0.0496797,0.0318897
f_seasonal,ALL-OCT|H84,^GSPC,design,1950-10-31,1950-11-01,1951-03-07,84,67.6561,77.4233,0.144367,0.144138,0.0047069,0.139431,time,-0.0227736,1,0.0492652,0.0901658
f_seasonal,ALL-OCT|H84,^GSPC,design,1951-10-31,1951-11-01,1952-03-07,84,85.592,89.674,0.0476918,0.0474823,0.00520401,0.0422782,time,-0.027104,1,0.06683,-0.0245518
f_seasonal,ALL-OCT|H84,^GSPC,design,1952-10-31,1952-11-03,1953-03-10,84,96.6923,103.713,0.0726118,0.0723973,0.0061139,0.0662834,time,0,1,0.0735578,-0.00727435
f_seasonal,ALL-OCT|H84,^GSPC,design,1953-10-30,1953-11-02,1954-03-08,84,102.575,112.147,0.0933182,0.0930996,0.00396786,0.0891317,time,-0.0145561,1,0.0588843,0.0302474
f_seasonal,ALL-OCT|H84,^GSPC,design,1954-10-29,1954-11-01,1955-03-03,84,139.259,165.746,0.1902,0.189962,0.00375833,0.186204,time,0,1,0.0434331,0.142771
f_seasonal,ALL-OCT|H84,^GSPC,design,1955-10-31,1955-11-01,1956-03-05,84,192.949,212.814,0.102954,0.102734,0.00791944,0.0948143,time,0,1,0.0537006,0.0411137
f_seasonal,ALL-OCT|H84,^GSPC,design,1956-10-31,1956-11-01,1957-03-07,84,220.476,212.244,-0.0373389,-0.0375315,0.0103663,-0.0478977,time,-0.079286,1,0.0554597,-0.103357
f_seasonal,ALL-OCT|H84,^GSPC,design,1957-10-31,1957-11-01,1958-03-05,84,199.171,207.237,0.0404983,0.0402902,0.00840238,0.0318878,time,-0.023357,1,0.0352315,-0.00334368
f_seasonal,ALL-OCT|H84,^GSPC,design,1958-10-31,1958-11-03,1959-03-09,84,264.305,290.949,0.100809,0.100589,0.00918254,0.0914062,time,-0.00851415,1,0.030884,0.0605222
f_seasonal,ALL-OCT|H84,^GSPC,design,1959-10-30,1959-11-02,1960-03-04,84,303.664,291.779,-0.0391398,-0.0393319,0.0140873,-0.0534192,time,-0.0391398,1,0.025379,-0.0787982
f_seasonal,ALL-OCT|H84,^GSPC,design,1960-10-31,1960-11-01,1961-03-06,84,295.235,354.463,0.200614,0.200374,0.00775992,0.192614,time,0,1,0.0399384,0.152676
f_seasonal,ALL-OCT|H84,^GSPC,design,1961-10-31,1961-11-01,1962-03-06,84,387.838,397.545,0.0250294,0.0248244,0.00880278,0.0160216,time,-0.00544865,1,0.0289644,-0.0129428
f_seasonal,ALL-OCT|H84,^GSPC,design,1962-10-31,1962-11-01,1963-03-06,84,332.966,382.273,0.148085,0.147856,0.00961389,0.138242,time,0,1,0.0293628,0.108879
f_seasonal,ALL-OCT|H84,^GSPC,design,1963-10-31,1963-11-01,1964-03-06,84,444.376,476.131,0.0714617,0.0712474,0.0117528,0.0594946,time,-0.0555224,1,0.022073,0.0374217
f_seasonal,ALL-OCT|H84,^GSPC,design,1964-10-30,1964-11-02,1965-03-05,84,528.049,543.377,0.0290272,0.0288214,0.0127214,0.0160999,time,-0.0197066,1,0.0164905,-0.000390594
f_seasonal,ALL-OCT|H84,^GSPC,design,1965-10-29,1965-11-01,1966-03-03,84,588.91,576.951,-0.0203078,-0.0205038,0.0147897,-0.0352934,time,-0.0239325,1,0.0248525,-0.0601459
f_seasonal,ALL-OCT|H84,^GSPC,design,1966-10-31,1966-11-01,1967-03-06,84,533.084,587.871,0.102775,0.102554,0.0162254,0.0863286,time,-0.0121579,1,0.00548505,0.0808436
f_seasonal,ALL-OCT|H84,^GSPC,design,1967-10-31,1967-11-01,1968-03-06,84,631.664,614.56,-0.0270778,-0.0272723,0.0164238,-0.0436961,time,-0.043987,1,0.00330663,-0.0470028
f_seasonal,ALL-OCT|H84,^GSPC,design,1968-10-31,1968-11-01,1969-03-14,84,722.302,693.711,-0.0395836,-0.0397757,0.0198679,-0.0596435,time,-0.0413158,1,0.00198435,-0.0616279
f_seasonal,ALL-OCT|H84,^GSPC,design,1969-10-31,1969-11-03,1970-03-05,84,701.851,657.787,-0.0627823,-0.0629697,0.025023,-0.0879928,time,-0.117557,1,0.017415,-0.105408
f_seasonal,ALL-OCT|H84,^GSPC,design,1970-10-30,1970-11-02,1971-03-04,84,626.762,743.353,0.186022,0.185785,0.0150734,0.170712,time,-0.00685081,1,-0.00387133,0.174583
f_seasonal,ALL-OCT|H84,^GSPC,design,1971-10-29,1971-11-01,1972-03-01,84,719.262,840.583,0.168674,0.168441,0.0123429,0.156098,time,-0.0263969,1,-0.0237727,0.17987
f_seasonal,ALL-OCT|H84,^GSPC,design,1972-10-31,1972-11-01,1973-03-08,84,899.341,920.082,0.023062,0.0228575,0.017523,0.00533443,time,-0.00753452,1,0.000676156,0.00465828
f_seasonal,ALL-OCT|H84,^GSPC,design,1973-10-31,1973-11-01,1974-03-05,84,884.823,809.04,-0.0856477,-0.0858305,0.0252071,-0.111038,time,-0.150052,1,0.00475051,-0.115788
f_seasonal,ALL-OCT|H84,^GSPC,design,1974-10-31,1974-11-01,1975-03-05,84,632.407,730.157,0.154568,0.154107,0.0218817,0.132225,time,-0.115762,2,-0.00695101,0.139176
f_seasonal,ALL-OCT|H84,^GSPC,design,1975-10-31,1975-11-03,1976-03-04,84,788.581,897.155,0.137683,0.137455,0.0172198,0.120235,time,-0.0107124,1,-0.0122955,0.132531
f_seasonal,ALL-OCT|H84,^GSPC,design,1976-10-29,1976-11-01,1977-03-03,84,958.35,950.198,-0.0085061,-0.00870437,0.0153,-0.0240044,time,-0.0407052,1,0.00395512,-0.0279595
f_seasonal,ALL-OCT|H84,^GSPC,design,1977-10-31,1977-11-01,1978-03-03,84,886.465,863.226,-0.0262156,-0.0264103,0.0208845,-0.0472948,time,-0.0314033,1,0.0279304,-0.0752252
f_seasonal,ALL-OCT|H84,^GSPC,design,1978-10-31,1978-11-01,1979-03-05,84,988.862,1018.86,0.0303384,0.0301323,0.0303742,-0.00024186,time,-0.0431873,1,0.0022356,-0.00247746
f_seasonal,ALL-OCT|H84,^GSPC,design,1979-10-31,1979-11-01,1980-03-04,84,1103.57,1234.61,0.118743,0.118519,0.0407687,0.0777503,time,-0.0254825,1,0.00649332,0.0712569
f_seasonal,ALL-OCT|H84,^GSPC,design,1980-10-31,1980-11-03,1981-03-06,84,1462.4,1494.66,0.0220559,0.0218515,0.0493627,-0.0275112,time,-0.0083714,1,0.0192156,-0.0467269
f_seasonal,ALL-OCT|H84,^GSPC,design,1981-10-30,1981-11-02,1982-03-04,84,1477.95,1332.12,-0.0986692,-0.0988495,0.0395504,-0.1384,time,-0.0986692,1,0.0164881,-0.154888
f_seasonal,ALL-OCT|H84,^GSPC,design,1982-10-29,1982-11-01,1983-03-02,84,1708.04,1951.4,0.142484,0.142027,0.026629,0.115398,time,-0.0156447,2,0.0219587,0.0934393
f_seasonal,ALL-OCT|H84,^GSPC,design,1983-10-31,1983-11-01,1984-03-02,84,2158.23,2130.67,-0.0127714,-0.0129688,0.0298234,-0.0427923,time,-0.0445385,1,0.0259674,-0.0687596
f_seasonal,ALL-OCT|H84,^GSPC,design,1984-10-31,1984-11-01,1985-03-05,84,2311.73,2552.48,0.104142,0.103921,0.0272476,0.0766738,time,-0.0288657,1,0.0356434,0.0410304
f_seasonal,ALL-OCT|H84,^GSPC,design,1985-10-31,1985-11-01,1986-03-05,84,2758.5,3272.15,0.186207,0.185969,0.0236972,0.162272,time,-0.00130358,1,0.0316802,0.130592
f_seasonal,ALL-OCT|H84,^GSPC,design,1986-10-31,1986-11-03,1987-03-05,84,3667.72,4381.19,0.194527,0.194288,0.0182667,0.176022,time,-0.035273,1,0.0346354,0.141386
f_seasonal,ALL-OCT|H84,^GSPC,design,1987-10-30,1987-11-02,1988-03-03,84,3930.74,4168.13,0.0603932,0.0599691,0.0191079,0.0408612,time,-0.121567,2,0.0315551,0.00930609
f_seasonal,ALL-OCT|H84,^GSPC,design,1988-10-31,1988-11-01,1989-03-03,84,4444.2,4700.03,0.0575632,0.0573517,0.0272409,0.0301108,time,-0.0518591,1,0.0316287,-0.00151788
f_seasonal,ALL-OCT|H84,^GSPC,design,1989-10-31,1989-11-01,1990-03-05,84,5626.71,5575.23,-0.00914815,-0.0093463,0.0255813,-0.0349276,time,-0.0456856,1,0.0238802,-0.0588078
f_seasonal,ALL-OCT|H84,^GSPC,design,1990-10-31,1990-11-01,1991-03-05,84,5245.52,6524.64,0.243849,0.243351,0.0215841,0.221767,time,-0.0015913,2,0.0297871,0.19198
f_seasonal,ALL-OCT|H84,^GSPC,design,1991-10-31,1991-11-01,1992-03-04,84,6912.62,7315.13,0.0582289,0.0580173,0.0135266,0.0444907,time,-0.0375447,1,0.0233338,0.0211569
f_seasonal,ALL-OCT|H84,^GSPC,design,1992-10-30,1992-11-02,1993-03-04,84,7699.1,8234.55,0.069547,0.0693331,0.0102246,0.0591085,time,-0.0128091,1,0.0298242,0.0292844
f_seasonal,ALL-OCT|H84,^GSPC,design,1993-10-29,1993-11-01,1994-03-02,84,8787.47,8795.35,0.000897131,0.000696971,0.0103437,-0.00964668,time,-0.0240461,1,0.0425189,-0.0521655
f_seasonal,ALL-OCT|H84,^GSPC,design,1994-10-31,1994-11-01,1995-03-03,84,9026.9,9452.3,0.0471249,0.0469155,0.0186536,0.028262,time,-0.0456351,1,0.0456736,-0.0174117
f_seasonal,ALL-OCT|H84,^GSPC,design,1995-10-31,1995-11-01,1996-03-04,84,11562.4,12986.7,0.12318,0.122956,0.0169163,0.106039,time,0,1,0.0529001,0.0531392
f_seasonal,ALL-OCT|H84,^GSPC,design,1996-10-31,1996-11-01,1997-03-05,84,14250.5,16355.6,0.147726,0.147496,0.0166583,0.130838,time,0,1,0.0561034,0.0747346
f_seasonal,ALL-OCT|H84,^GSPC,design,1997-10-31,1997-11-03,1998-03-06,84,19367.7,21904.9,0.131002,0.130549,0.0170238,0.113526,time,-0.0344305,2,0.0516132,0.0619125
f_seasonal,ALL-OCT|H84,^GSPC,design,1998-10-30,1998-11-02,1999-03-05,84,23283.9,26850.6,0.153182,0.152952,0.0146782,0.138273,time,-0.00065731,1,0.0271768,0.111097
f_seasonal,ALL-OCT|H84,^GSPC,design,1999-10-29,1999-11-01,2000-03-02,84,28733.4,29448,0.0248701,0.0246651,0.0176321,0.00703297,time,-0.0113833,1,0.0040893,0.00294368
f_seasonal,ALL-OCT|H84,^GSPC,design,2000-10-31,2000-11-01,2001-03-06,84,30508.9,27031.2,-0.113988,-0.114165,0.0181917,-0.132357,time,-0.127997,1,0.00521111,-0.137568
f_seasonal,ALL-OCT|H84,^GSPC,design,2001-10-31,2001-11-01,2002-03-06,84,23572.2,25415.3,0.0781922,0.077761,0.00577421,0.0719868,time,0,2,-0.00153041,0.0735172
f_seasonal,ALL-OCT|H84,^GSPC,design,2002-10-31,2002-11-01,2003-03-06,84,19895.9,18283.5,-0.0810408,-0.0814083,0.00395317,-0.0853615,time,-0.0875591,2,-0.00620121,-0.0791603
f_seasonal,ALL-OCT|H84,^GSPC,design,2003-10-31,2003-11-03,2004-03-05,84,23815.6,26181.4,0.0993374,0.0991175,0.00303452,0.096083,time,-0.0226843,1,0.00378755,0.0922954
f_seasonal,ALL-OCT|H84,^GSPC,design,2004-10-29,2004-11-01,2005-03-03,84,25862.2,27877.9,0.0779387,0.0777231,0.00764167,0.0700815,time,0,1,0.0126589,0.0574226
f_seasonal,ALL-OCT|H84,^GSPC,design,2005-10-31,2005-11-01,2006-03-06,84,28010.8,29990.8,0.0706855,0.0704714,0.0137389,0.0567325,time,0,1,0.0262792,0.0304533
f_seasonal,ALL-OCT|H84,^GSPC,design,2006-10-31,2006-11-01,2007-03-07,84,32466.6,33290.2,0.0253669,0.0251618,0.0164992,0.0086626,time,-0.00223303,1,0.013094,-0.00443136
f_seasonal,ALL-OCT|H84,^GSPC,design,2007-10-31,2007-11-01,2008-03-05,84,36483.1,32513.7,-0.1088,-0.108978,0.0091254,-0.118103,time,-0.127133,1,0.00851128,-0.126615
f_seasonal,ALL-OCT|H84,^GSPC,test,2008-10-31,2008-11-03,2009-03-06,84,23880.5,17096.1,-0.284101,-0.284387,0.000532937,-0.28492,time,-0.285149,2,0.0114392,-0.296359
f_seasonal,ALL-OCT|H84,^GSPC,test,2009-10-30,2009-11-02,2010-03-05,84,26457.9,29110.9,0.100272,0.0998316,0.000243651,0.099588,time,0,2,0.0197611,0.0798269
f_seasonal,ALL-OCT|H84,^GSPC,test,2010-10-29,2010-11-01,2011-03-03,84,30659.6,34707.3,0.132021,0.131795,0.000472619,0.131322,time,-0.00363502,1,0.0306386,0.100684
f_seasonal,ALL-OCT|H84,^GSPC,test,2011-10-31,2011-11-01,2012-03-05,84,32182.2,36345,0.129353,0.129128,0.000130159,0.128997,time,-0.0468162,1,0.0600166,0.0689809
f_seasonal,ALL-OCT|H84,^GSPC,test,2012-10-31,2012-11-01,2013-03-06,84,38561.5,42014.7,0.089551,0.0893331,0.000282143,0.089051,time,-0.0502471,1,0.0421962,0.0468547
f_seasonal,ALL-OCT|H84,^GSPC,test,2013-10-31,2013-11-01,2014-03-06,84,48648.2,52254.1,0.0741228,0.073908,0.000191667,0.0737163,time,-0.00733661,1,0.0415518,0.0321645
f_seasonal,ALL-OCT|H84,^GSPC,test,2014-10-31,2014-11-03,2015-03-06,84,56877.3,58847.5,0.0346398,0.0344329,7.93651e-05,0.0343535,time,-0.0191652,1,0.0495396,-0.0151861
f_seasonal,ALL-OCT|H84,^GSPC,test,2015-10-30,2015-11-02,2016-03-04,84,60551.9,58050.4,-0.0413116,-0.0415034,0.000784127,-0.0422875,time,-0.124655,1,0.0407175,-0.083005
f_seasonal,ALL-OCT|H84,^GSPC,test,2016-10-31,2016-11-01,2017-03-06,84,62115.7,70435.8,0.133944,0.133717,0.00168611,0.132031,time,-0.0120568,1,0.0374057,0.0946255
f_seasonal,ALL-OCT|H84,^GSPC,test,2017-10-31,2017-11-01,2018-03-06,84,77442.2,82507.7,0.0654093,0.0651962,0.00464722,0.060549,time,-0.00439727,1,0.0403132,0.0202358
f_seasonal,ALL-OCT|H84,^GSPC,test,2018-10-31,2018-11-01,2019-03-07,84,83877.8,84824.3,0.0112839,0.0110816,0.0078881,0.00319353,time,-0.138891,1,0.0532494,-0.0500559
f_seasonal,ALL-OCT|H84,^GSPC,test,2019-10-31,2019-11-01,2020-03-05,84,95815.1,95150.2,-0.00693864,-0.00713723,0.0049873,-0.0121245,time,-0.0301455,1,0.0374818,-0.0496063
f_seasonal,ALL-OCT|H84,^GSPC,test,2020-10-30,2020-11-02,2021-03-05,84,105388,123026,0.167367,0.1669,0.000249206,0.166651,time,0,2,0.0357001,0.130951
f_seasonal,ALL-OCT|H84,^GSPC,test,2021-10-29,2021-11-01,2022-03-03,84,149049,141686,-0.0493973,-0.0495874,0.000498016,-0.0500854,time,-0.0799061,1,0.0469918,-0.0970772
f_seasonal,ALL-OCT|H84,^GSPC,test,2022-10-31,2022-11-01,2023-03-06,84,126521,133706,0.0567875,0.0565762,0.0147032,0.041873,time,-0.0351934,1,0.043097,-0.00122398
f_seasonal,ALL-OCT|H84,^GSPC,test,2023-10-31,2023-11-01,2024-03-05,84,141397,170422,0.205271,0.20503,0.0174754,0.187555,time,0,1,0.0402958,0.147259
f_seasonal,ALL-OCT|H84,^GSPC,test,2024-10-31,2024-11-01,2025-03-07,84,193921,196263,0.0120761,0.0118737,0.0142448,-0.0023711,time,-0.00276356,1,0.0319802,-0.0343513
f_seasonal,ALL-OCT|H84,^GSPC,test,2025-10-31,2025-11-03,2026-03-06,84,234970,232160,-0.0119597,-0.0121573,0.0120913,-0.0242486,time,-0.0448687,1,0.0541143,-0.0783629
f_seasonal,ALL-OCT|H84,SPY,test_exec,2008-10-31,2008-11-03,2009-03-05,84,69.8511,50.0596,-0.283339,-0.283625,0.000544444,-0.28417,time,-0.283339,2,0.0111553,-0.295325
f_seasonal,ALL-OCT|H84,SPY,test_exec,2009-10-30,2009-11-02,2010-03-04,84,77.1049,83.8553,0.0875488,0.0871139,0.000240079,0.0868738,time,0.00182467,2,0.0192947,0.0675791
f_seasonal,ALL-OCT|H84,SPY,test_exec,2010-10-29,2010-11-01,2011-03-02,84,89.9094,99.5974,0.107753,0.107531,0.000472619,0.107059,time,-0.00764226,1,0.0301149,0.0769438
f_seasonal,ALL-OCT|H84,SPY,test_exec,2011-10-31,2011-11-01,2012-03-02,84,93.9764,106.414,0.132352,0.132126,0.000127381,0.131998,time,-0.0466279,1,0.0591079,0.0728905
f_seasonal,ALL-OCT|H84,SPY,test_exec,2012-10-31,2012-11-01,2013-03-05,84,111.422,122.225,0.0969595,0.0967402,0.000281746,0.0964584,time,-0.0420046,1,0.0415458,0.0549126
f_seasonal,ALL-OCT|H84,SPY,test_exec,2013-10-31,2013-11-01,2014-03-05,84,141.487,151.735,0.0724309,0.0722164,0.00019127,0.0720252,time,-0.0061924,1,0.0409058,0.0311193
f_seasonal,ALL-OCT|H84,SPY,test_exec,2014-10-31,2014-11-03,2015-03-05,84,165.462,173.412,0.048047,0.0478374,7.97619e-05,0.0477577,time,-0.0198592,1,0.0488052,-0.00104751
f_seasonal,ALL-OCT|H84,SPY,test_exec,2015-10-30,2015-11-02,2016-03-03,84,174.154,168.009,-0.0352873,-0.0354803,0.00077619,-0.0362565,time,-0.116992,1,0.040023,-0.0762794
f_seasonal,ALL-OCT|H84,SPY,test_exec,2016-10-31,2016-11-01,2017-03-03,84,181.841,204.81,0.12631,0.126085,0.00167103,0.124414,time,-0.0205701,1,0.0367251,0.0876891
f_seasonal,ALL-OCT|H84,SPY,test_exec,2017-10-31,2017-11-01,2018-03-05,84,224.824,238.365,0.0602284,0.0600164,0.00462778,0.0553886,time,-0.00620039,1,0.0396035,0.0157851
f_seasonal,ALL-OCT|H84,SPY,test_exec,2018-10-31,2018-11-01,2019-03-06,84,240.959,247.479,0.0270601,0.0268547,0.00788294,0.0189718,time,-0.132148,1,0.0524713,-0.0334996
f_seasonal,ALL-OCT|H84,SPY,test_exec,2019-10-31,2019-11-01,2020-03-04,84,275.896,284.472,0.0310843,0.0308781,0.00502222,0.0258558,time,-0.0236239,1,0.0368081,-0.0109523
f_seasonal,ALL-OCT|H84,SPY,test_exec,2020-10-30,2020-11-02,2021-03-04,84,304.547,348.915,0.145687,0.145229,0.00025119,0.144977,time,0,2,0.0349441,0.110033
f_seasonal,ALL-OCT|H84,SPY,test_exec,2021-10-29,2021-11-01,2022-03-02,84,430.52,410.998,-0.0453435,-0.0455344,0.000485317,-0.0460197,time,-0.0800948,1,0.046307,-0.0923268
f_seasonal,ALL-OCT|H84,SPY,test_exec,2022-10-31,2022-11-01,2023-03-03,84,370.421,385.523,0.0407701,0.040562,0.0146754,0.0258866,time,-0.0490337,1,0.0423884,-0.0165018
f_seasonal,ALL-OCT|H84,SPY,test_exec,2023-10-31,2023-11-01,2024-03-04,84,404.277,496.066,0.227045,0.226799,0.0174786,0.209321,time,0.0082538,1,0.039644,0.169677
f_seasonal,ALL-OCT|H84,SPY,test_exec,2024-10-31,2024-11-01,2025-03-06,84,558.433,561.676,0.00580691,0.00560576,0.0142532,-0.00864741,time,-0.00264308,1,0.0313054,-0.0399529
f_seasonal,ALL-OCT|H84,SPY,test_exec,2025-10-31,2025-11-03,2026-03-05,84,678.351,676.03,-0.00342264,-0.00362193,0.0121008,-0.0157227,time,-0.0483322,1,0.0532191,-0.0689419
f_seasonal,ALL-OCT|H84,^GSPC,full,1928-10-31,1928-11-01,1929-03-07,84,22.7771,26.3606,0.15733,0.157098,0.01206,0.145038,time,-0.00167385,1,-0.0400767,0.185115
f_seasonal,ALL-OCT|H84,^GSPC,full,1929-10-31,1929-11-04,1930-03-10,84,24.5187,25.7431,0.0499362,0.0495163,0.0125824,0.0369339,time,-0.22725,2,-0.030561,0.0674949
f_seasonal,ALL-OCT|H84,^GSPC,full,1930-10-31,1930-11-03,1931-03-09,84,19.1922,20.2952,0.0574714,0.0570485,0.00488232,0.0521662,time,-0.151091,2,0.0122159,0.0399502
f_seasonal,ALL-OCT|H84,^GSPC,full,1931-10-30,1931-11-02,1932-03-07,84,12.5328,10.8554,-0.13384,-0.134186,0.00777416,-0.14196,time,-0.270017,2,-0.0104995,-0.131461
f_seasonal,ALL-OCT|H84,^GSPC,full,1932-10-31,1932-11-01,1933-03-16,84,8.9038,9.35603,0.0507911,0.0503709,0.000215,0.0501559,time,-0.162989,2,0.0210656,0.0290903
f_seasonal,ALL-OCT|H84,^GSPC,full,1933-10-31,1933-11-01,1934-03-07,84,12.7126,14.9864,0.17886,0.178388,0.00113762,0.177251,time,0,2,0.0494116,0.127839
f_seasonal,ALL-OCT|H84,^GSPC,full,1934-10-31,1934-11-01,1935-03-08,84,12.783,12.6542,-0.0100791,-0.0102771,0.000523308,-0.0108004,time,-0.0209252,1,0.0546675,-0.0654678
f_seasonal,ALL-OCT|H84,^GSPC,full,1935-10-31,1935-11-01,1936-03-06,84,19.2201,23.2841,0.211447,0.211204,0.000534343,0.21067,time,0,1,0.0673785,0.143292
f_seasonal,ALL-OCT|H84,^GSPC,full,1936-10-30,1936-11-02,1937-03-09,84,27.1333,29.7021,0.0946753,0.0944564,0.000426263,0.0940301,time,-0.0252565,1,0.0357328,0.0582974
f_seasonal,ALL-OCT|H84,^GSPC,full,1937-10-29,1937-11-01,1938-03-03,84,20.007,19.0643,-0.0471199,-0.047501,0.00017643,-0.0476774,time,-0.154529,2,0.0342363,-0.0819137
f_seasonal,ALL-OCT|H84,^GSPC,full,1938-10-31,1938-11-01,1939-03-08,84,23.1958,23.4644,0.011582,0.0111775,-0.000594508,0.011772,time,-0.111567,2,0.00254255,0.00922942
f_seasonal,ALL-OCT|H84,^GSPC,full,1939-10-31,1939-11-01,1940-03-06,84,23.7176,23.0252,-0.029193,-0.0293872,0,-0.0293872,time,-0.0494487,1,-0.00164915,-0.027738
f_seasonal,ALL-OCT|H84,^GSPC,full,1940-10-31,1940-11-01,1941-03-07,84,21.7121,19.822,-0.0870506,-0.0872331,-0.00017619,-0.0870569,time,-0.124732,1,0.0295174,-0.116574
f_seasonal,ALL-OCT|H84,^GSPC,full,1941-10-31,1941-11-03,1942-03-10,84,20.106,17.5256,-0.128341,-0.128515,0.000431818,-0.128947,time,-0.128341,1,0.0276953,-0.156642
f_seasonal,ALL-OCT|H84,^GSPC,full,1942-10-30,1942-11-02,1943-03-09,84,21.4741,25.2978,0.178059,0.177824,0.00127464,0.176549,time,-0.0166575,1,0.0438357,0.132713
f_seasonal,ALL-OCT|H84,^GSPC,full,1943-10-29,1943-11-01,1944-03-02,84,28.4545,28.8611,0.0142918,0.0140889,0.0012016,0.0128873,time,-0.074668,1,0.0434927,-0.0306054
f_seasonal,ALL-OCT|H84,^GSPC,full,1944-10-31,1944-11-01,1945-03-07,84,32.2415,36.7203,0.138912,0.138684,0.00103262,0.137652,time,-0.0103142,1,0.0486194,0.0890324
f_seasonal,ALL-OCT|H84,^GSPC,full,1945-10-31,1945-11-01,1946-03-11,84,44.3155,46.2342,0.0432966,0.043088,0.00118947,0.0418985,time,-0.000439082,1,0.0431018,-0.00120325
f_seasonal,ALL-OCT|H84,^GSPC,full,1946-10-31,1946-11-01,1947-03-07,84,41.15,42.0464,0.0217838,0.0213752,0.00125476,0.0201204,time,-0.0600453,2,0.0398111,-0.0196907
f_seasonal,ALL-OCT|H84,^GSPC,full,1947-10-31,1947-11-03,1948-03-09,84,44.3354,40.7726,-0.0803598,-0.0805437,0.00305107,-0.0835948,time,-0.0904094,1,0.0457697,-0.129365
f_seasonal,ALL-OCT|H84,^GSPC,full,1948-10-29,1948-11-01,1949-03-03,84,50.5578,45.2795,-0.104401,-0.10458,0.00280938,-0.10739,time,-0.121818,1,0.0369309,-0.144321
f_seasonal,ALL-OCT|H84,^GSPC,full,1949-10-31,1949-11-01,1950-03-08,84,52.3982,56.8785,0.0855052,0.0852882,0.00371876,0.0815694,time,-0.0256481,1,0.0496797,0.0318897
f_seasonal,ALL-OCT|H84,^GSPC,full,1950-10-31,1950-11-01,1951-03-07,84,67.6561,77.4233,0.144367,0.144138,0.0047069,0.139431,time,-0.0227736,1,0.0492652,0.0901658
f_seasonal,ALL-OCT|H84,^GSPC,full,1951-10-31,1951-11-01,1952-03-07,84,85.592,89.674,0.0476918,0.0474823,0.00520401,0.0422782,time,-0.027104,1,0.06683,-0.0245518
f_seasonal,ALL-OCT|H84,^GSPC,full,1952-10-31,1952-11-03,1953-03-10,84,96.6923,103.713,0.0726118,0.0723973,0.0061139,0.0662834,time,0,1,0.0735578,-0.00727435
f_seasonal,ALL-OCT|H84,^GSPC,full,1953-10-30,1953-11-02,1954-03-08,84,102.575,112.147,0.0933182,0.0930996,0.00396786,0.0891317,time,-0.0145561,1,0.0588843,0.0302474
f_seasonal,ALL-OCT|H84,^GSPC,full,1954-10-29,1954-11-01,1955-03-03,84,139.259,165.746,0.1902,0.189962,0.00375833,0.186204,time,0,1,0.0434331,0.142771
f_seasonal,ALL-OCT|H84,^GSPC,full,1955-10-31,1955-11-01,1956-03-05,84,192.949,212.814,0.102954,0.102734,0.00791944,0.0948143,time,0,1,0.0537006,0.0411137
f_seasonal,ALL-OCT|H84,^GSPC,full,1956-10-31,1956-11-01,1957-03-07,84,220.476,212.244,-0.0373389,-0.0375315,0.0103663,-0.0478977,time,-0.079286,1,0.0554597,-0.103357
f_seasonal,ALL-OCT|H84,^GSPC,full,1957-10-31,1957-11-01,1958-03-05,84,199.171,207.237,0.0404983,0.0402902,0.00840238,0.0318878,time,-0.023357,1,0.0352315,-0.00334368
f_seasonal,ALL-OCT|H84,^GSPC,full,1958-10-31,1958-11-03,1959-03-09,84,264.305,290.949,0.100809,0.100589,0.00918254,0.0914062,time,-0.00851415,1,0.030884,0.0605222
f_seasonal,ALL-OCT|H84,^GSPC,full,1959-10-30,1959-11-02,1960-03-04,84,303.664,291.779,-0.0391398,-0.0393319,0.0140873,-0.0534192,time,-0.0391398,1,0.025379,-0.0787982
f_seasonal,ALL-OCT|H84,^GSPC,full,1960-10-31,1960-11-01,1961-03-06,84,295.235,354.463,0.200614,0.200374,0.00775992,0.192614,time,0,1,0.0399384,0.152676
f_seasonal,ALL-OCT|H84,^GSPC,full,1961-10-31,1961-11-01,1962-03-06,84,387.838,397.545,0.0250294,0.0248244,0.00880278,0.0160216,time,-0.00544865,1,0.0289644,-0.0129428
f_seasonal,ALL-OCT|H84,^GSPC,full,1962-10-31,1962-11-01,1963-03-06,84,332.966,382.273,0.148085,0.147856,0.00961389,0.138242,time,0,1,0.0293628,0.108879
f_seasonal,ALL-OCT|H84,^GSPC,full,1963-10-31,1963-11-01,1964-03-06,84,444.376,476.131,0.0714617,0.0712474,0.0117528,0.0594946,time,-0.0555224,1,0.022073,0.0374217
f_seasonal,ALL-OCT|H84,^GSPC,full,1964-10-30,1964-11-02,1965-03-05,84,528.049,543.377,0.0290272,0.0288214,0.0127214,0.0160999,time,-0.0197066,1,0.0164905,-0.000390594
f_seasonal,ALL-OCT|H84,^GSPC,full,1965-10-29,1965-11-01,1966-03-03,84,588.91,576.951,-0.0203078,-0.0205038,0.0147897,-0.0352934,time,-0.0239325,1,0.0248525,-0.0601459
f_seasonal,ALL-OCT|H84,^GSPC,full,1966-10-31,1966-11-01,1967-03-06,84,533.084,587.871,0.102775,0.102554,0.0162254,0.0863286,time,-0.0121579,1,0.00548505,0.0808436
f_seasonal,ALL-OCT|H84,^GSPC,full,1967-10-31,1967-11-01,1968-03-06,84,631.664,614.56,-0.0270778,-0.0272723,0.0164238,-0.0436961,time,-0.043987,1,0.00330663,-0.0470028
f_seasonal,ALL-OCT|H84,^GSPC,full,1968-10-31,1968-11-01,1969-03-14,84,722.302,693.711,-0.0395836,-0.0397757,0.0198679,-0.0596435,time,-0.0413158,1,0.00198435,-0.0616279
f_seasonal,ALL-OCT|H84,^GSPC,full,1969-10-31,1969-11-03,1970-03-05,84,701.851,657.787,-0.0627823,-0.0629697,0.025023,-0.0879928,time,-0.117557,1,0.017415,-0.105408
f_seasonal,ALL-OCT|H84,^GSPC,full,1970-10-30,1970-11-02,1971-03-04,84,626.762,743.353,0.186022,0.185785,0.0150734,0.170712,time,-0.00685081,1,-0.00387133,0.174583
f_seasonal,ALL-OCT|H84,^GSPC,full,1971-10-29,1971-11-01,1972-03-01,84,719.262,840.583,0.168674,0.168441,0.0123429,0.156098,time,-0.0263969,1,-0.0237727,0.17987
f_seasonal,ALL-OCT|H84,^GSPC,full,1972-10-31,1972-11-01,1973-03-08,84,899.341,920.082,0.023062,0.0228575,0.017523,0.00533443,time,-0.00753452,1,0.000676156,0.00465828
f_seasonal,ALL-OCT|H84,^GSPC,full,1973-10-31,1973-11-01,1974-03-05,84,884.823,809.04,-0.0856477,-0.0858305,0.0252071,-0.111038,time,-0.150052,1,0.00475051,-0.115788
f_seasonal,ALL-OCT|H84,^GSPC,full,1974-10-31,1974-11-01,1975-03-05,84,632.407,730.157,0.154568,0.154107,0.0218817,0.132225,time,-0.115762,2,-0.00695101,0.139176
f_seasonal,ALL-OCT|H84,^GSPC,full,1975-10-31,1975-11-03,1976-03-04,84,788.581,897.155,0.137683,0.137455,0.0172198,0.120235,time,-0.0107124,1,-0.0122955,0.132531
f_seasonal,ALL-OCT|H84,^GSPC,full,1976-10-29,1976-11-01,1977-03-03,84,958.35,950.198,-0.0085061,-0.00870437,0.0153,-0.0240044,time,-0.0407052,1,0.00395512,-0.0279595
f_seasonal,ALL-OCT|H84,^GSPC,full,1977-10-31,1977-11-01,1978-03-03,84,886.465,863.226,-0.0262156,-0.0264103,0.0208845,-0.0472948,time,-0.0314033,1,0.0279304,-0.0752252
f_seasonal,ALL-OCT|H84,^GSPC,full,1978-10-31,1978-11-01,1979-03-05,84,988.862,1018.86,0.0303384,0.0301323,0.0303742,-0.00024186,time,-0.0431873,1,0.0022356,-0.00247746
f_seasonal,ALL-OCT|H84,^GSPC,full,1979-10-31,1979-11-01,1980-03-04,84,1103.57,1234.61,0.118743,0.118519,0.0407687,0.0777503,time,-0.0254825,1,0.00649332,0.0712569
f_seasonal,ALL-OCT|H84,^GSPC,full,1980-10-31,1980-11-03,1981-03-06,84,1462.4,1494.66,0.0220559,0.0218515,0.0493627,-0.0275112,time,-0.0083714,1,0.0192156,-0.0467269
f_seasonal,ALL-OCT|H84,^GSPC,full,1981-10-30,1981-11-02,1982-03-04,84,1477.95,1332.12,-0.0986692,-0.0988495,0.0395504,-0.1384,time,-0.0986692,1,0.0164881,-0.154888
f_seasonal,ALL-OCT|H84,^GSPC,full,1982-10-29,1982-11-01,1983-03-02,84,1708.04,1951.4,0.142484,0.142027,0.026629,0.115398,time,-0.0156447,2,0.0219587,0.0934393
f_seasonal,ALL-OCT|H84,^GSPC,full,1983-10-31,1983-11-01,1984-03-02,84,2158.23,2130.67,-0.0127714,-0.0129688,0.0298234,-0.0427923,time,-0.0445385,1,0.0259674,-0.0687596
f_seasonal,ALL-OCT|H84,^GSPC,full,1984-10-31,1984-11-01,1985-03-05,84,2311.73,2552.48,0.104142,0.103921,0.0272476,0.0766738,time,-0.0288657,1,0.0356434,0.0410304
f_seasonal,ALL-OCT|H84,^GSPC,full,1985-10-31,1985-11-01,1986-03-05,84,2758.5,3272.15,0.186207,0.185969,0.0236972,0.162272,time,-0.00130358,1,0.0316802,0.130592
f_seasonal,ALL-OCT|H84,^GSPC,full,1986-10-31,1986-11-03,1987-03-05,84,3667.72,4381.19,0.194527,0.194288,0.0182667,0.176022,time,-0.035273,1,0.0346354,0.141386
f_seasonal,ALL-OCT|H84,^GSPC,full,1987-10-30,1987-11-02,1988-03-03,84,3930.74,4168.13,0.0603932,0.0599691,0.0191079,0.0408612,time,-0.121567,2,0.0315551,0.00930609
f_seasonal,ALL-OCT|H84,^GSPC,full,1988-10-31,1988-11-01,1989-03-03,84,4444.2,4700.03,0.0575632,0.0573517,0.0272409,0.0301108,time,-0.0518591,1,0.0316287,-0.00151788
f_seasonal,ALL-OCT|H84,^GSPC,full,1989-10-31,1989-11-01,1990-03-05,84,5626.71,5575.23,-0.00914815,-0.0093463,0.0255813,-0.0349276,time,-0.0456856,1,0.0238802,-0.0588078
f_seasonal,ALL-OCT|H84,^GSPC,full,1990-10-31,1990-11-01,1991-03-05,84,5245.52,6524.64,0.243849,0.243351,0.0215841,0.221767,time,-0.0015913,2,0.0297871,0.19198
f_seasonal,ALL-OCT|H84,^GSPC,full,1991-10-31,1991-11-01,1992-03-04,84,6912.62,7315.13,0.0582289,0.0580173,0.0135266,0.0444907,time,-0.0375447,1,0.0233338,0.0211569
f_seasonal,ALL-OCT|H84,^GSPC,full,1992-10-30,1992-11-02,1993-03-04,84,7699.1,8234.55,0.069547,0.0693331,0.0102246,0.0591085,time,-0.0128091,1,0.0298242,0.0292844
f_seasonal,ALL-OCT|H84,^GSPC,full,1993-10-29,1993-11-01,1994-03-02,84,8787.47,8795.35,0.000897131,0.000696971,0.0103437,-0.00964668,time,-0.0240461,1,0.0425189,-0.0521655
f_seasonal,ALL-OCT|H84,^GSPC,full,1994-10-31,1994-11-01,1995-03-03,84,9026.9,9452.3,0.0471249,0.0469155,0.0186536,0.028262,time,-0.0456351,1,0.0456736,-0.0174117
f_seasonal,ALL-OCT|H84,^GSPC,full,1995-10-31,1995-11-01,1996-03-04,84,11562.4,12986.7,0.12318,0.122956,0.0169163,0.106039,time,0,1,0.0529001,0.0531392
f_seasonal,ALL-OCT|H84,^GSPC,full,1996-10-31,1996-11-01,1997-03-05,84,14250.5,16355.6,0.147726,0.147496,0.0166583,0.130838,time,0,1,0.0561034,0.0747346
f_seasonal,ALL-OCT|H84,^GSPC,full,1997-10-31,1997-11-03,1998-03-06,84,19367.7,21904.9,0.131002,0.130549,0.0170238,0.113526,time,-0.0344305,2,0.0516132,0.0619125
f_seasonal,ALL-OCT|H84,^GSPC,full,1998-10-30,1998-11-02,1999-03-05,84,23283.9,26850.6,0.153182,0.152952,0.0146782,0.138273,time,-0.00065731,1,0.0271768,0.111097
f_seasonal,ALL-OCT|H84,^GSPC,full,1999-10-29,1999-11-01,2000-03-02,84,28733.4,29448,0.0248701,0.0246651,0.0176321,0.00703297,time,-0.0113833,1,0.0040893,0.00294368
f_seasonal,ALL-OCT|H84,^GSPC,full,2000-10-31,2000-11-01,2001-03-06,84,30508.9,27031.2,-0.113988,-0.114165,0.0181917,-0.132357,time,-0.127997,1,0.00521111,-0.137568
f_seasonal,ALL-OCT|H84,^GSPC,full,2001-10-31,2001-11-01,2002-03-06,84,23572.2,25415.3,0.0781922,0.077761,0.00577421,0.0719868,time,0,2,-0.00153041,0.0735172
f_seasonal,ALL-OCT|H84,^GSPC,full,2002-10-31,2002-11-01,2003-03-06,84,19895.9,18283.5,-0.0810408,-0.0814083,0.00395317,-0.0853615,time,-0.0875591,2,-0.00620121,-0.0791603
f_seasonal,ALL-OCT|H84,^GSPC,full,2003-10-31,2003-11-03,2004-03-05,84,23815.6,26181.4,0.0993374,0.0991175,0.00303452,0.096083,time,-0.0226843,1,0.00378755,0.0922954
f_seasonal,ALL-OCT|H84,^GSPC,full,2004-10-29,2004-11-01,2005-03-03,84,25862.2,27877.9,0.0779387,0.0777231,0.00764167,0.0700815,time,0,1,0.0126589,0.0574226
f_seasonal,ALL-OCT|H84,^GSPC,full,2005-10-31,2005-11-01,2006-03-06,84,28010.8,29990.8,0.0706855,0.0704714,0.0137389,0.0567325,time,0,1,0.000373666,0.0563589
f_seasonal,ALL-OCT|H84,^GSPC,full,2006-10-31,2006-11-01,2007-03-07,84,32466.6,33290.2,0.0253669,0.0251618,0.0164992,0.0086626,time,-0.00223303,1,0.00461197,0.00405062
f_seasonal,ALL-OCT|H84,^GSPC,full,2007-10-31,2007-11-01,2008-03-05,84,36483.1,32513.7,-0.1088,-0.108978,0.0091254,-0.118103,time,-0.127133,1,0.0091517,-0.127255
f_seasonal,ALL-OCT|H84,^GSPC,full,2008-10-31,2008-11-03,2009-03-06,84,23880.5,17096.1,-0.284101,-0.284387,0.000532937,-0.28492,time,-0.285149,2,0.00897741,-0.293897
f_seasonal,ALL-OCT|H84,^GSPC,full,2009-10-30,2009-11-02,2010-03-05,84,26457.9,29110.9,0.100272,0.0998316,0.000243651,0.099588,time,0,2,0.0125184,0.0870696
f_seasonal,ALL-OCT|H84,^GSPC,full,2010-10-29,2010-11-01,2011-03-03,84,30659.6,34707.3,0.132021,0.131795,0.000472619,0.131322,time,-0.00363502,1,0.0273519,0.10397
f_seasonal,ALL-OCT|H84,^GSPC,full,2011-10-31,2011-11-01,2012-03-05,84,32182.2,36345,0.129353,0.129128,0.000130159,0.128997,time,-0.0468162,1,0.0600166,0.0689809
f_seasonal,ALL-OCT|H84,^GSPC,full,2012-10-31,2012-11-01,2013-03-06,84,38561.5,42014.7,0.089551,0.0893331,0.000282143,0.089051,time,-0.0502471,1,0.0421962,0.0468547
f_seasonal,ALL-OCT|H84,^GSPC,full,2013-10-31,2013-11-01,2014-03-06,84,48648.2,52254.1,0.0741228,0.073908,0.000191667,0.0737163,time,-0.00733661,1,0.0415518,0.0321645
f_seasonal,ALL-OCT|H84,^GSPC,full,2014-10-31,2014-11-03,2015-03-06,84,56877.3,58847.5,0.0346398,0.0344329,7.93651e-05,0.0343535,time,-0.0191652,1,0.0495396,-0.0151861
f_seasonal,ALL-OCT|H84,^GSPC,full,2015-10-30,2015-11-02,2016-03-04,84,60551.9,58050.4,-0.0413116,-0.0415034,0.000784127,-0.0422875,time,-0.124655,1,0.0407175,-0.083005
f_seasonal,ALL-OCT|H84,^GSPC,full,2016-10-31,2016-11-01,2017-03-06,84,62115.7,70435.8,0.133944,0.133717,0.00168611,0.132031,time,-0.0120568,1,0.0374057,0.0946255
f_seasonal,ALL-OCT|H84,^GSPC,full,2017-10-31,2017-11-01,2018-03-06,84,77442.2,82507.7,0.0654093,0.0651962,0.00464722,0.060549,time,-0.00439727,1,0.0403132,0.0202358
f_seasonal,ALL-OCT|H84,^GSPC,full,2018-10-31,2018-11-01,2019-03-07,84,83877.8,84824.3,0.0112839,0.0110816,0.0078881,0.00319353,time,-0.138891,1,0.0532494,-0.0500559
f_seasonal,ALL-OCT|H84,^GSPC,full,2019-10-31,2019-11-01,2020-03-05,84,95815.1,95150.2,-0.00693864,-0.00713723,0.0049873,-0.0121245,time,-0.0301455,1,0.0374818,-0.0496063
f_seasonal,ALL-OCT|H84,^GSPC,full,2020-10-30,2020-11-02,2021-03-05,84,105388,123026,0.167367,0.1669,0.000249206,0.166651,time,0,2,0.0357001,0.130951
f_seasonal,ALL-OCT|H84,^GSPC,full,2021-10-29,2021-11-01,2022-03-03,84,149049,141686,-0.0493973,-0.0495874,0.000498016,-0.0500854,time,-0.0799061,1,0.0469918,-0.0970772
f_seasonal,ALL-OCT|H84,^GSPC,full,2022-10-31,2022-11-01,2023-03-06,84,126521,133706,0.0567875,0.0565762,0.0147032,0.041873,time,-0.0351934,1,0.043097,-0.00122398
f_seasonal,ALL-OCT|H84,^GSPC,full,2023-10-31,2023-11-01,2024-03-05,84,141397,170422,0.205271,0.20503,0.0174754,0.187555,time,0,1,0.0402958,0.147259
f_seasonal,ALL-OCT|H84,^GSPC,full,2024-10-31,2024-11-01,2025-03-07,84,193921,196263,0.0120761,0.0118737,0.0142448,-0.0023711,time,-0.00276356,1,0.0319802,-0.0343513
f_seasonal,ALL-OCT|H84,^GSPC,full,2025-10-31,2025-11-03,2026-03-06,84,234970,232160,-0.0119597,-0.0121573,0.0120913,-0.0242486,time,-0.0448687,1,0.0541143,-0.0783629
f_seasonal,ALL-SEP|H42,^GSPC,design,1928-09-28,1928-10-01,1928-12-03,42,22.0501,24.7752,0.123584,0.12336,0.00774364,0.115616,time,-0.0109425,1,-0.0123246,0.127941
f_seasonal,ALL-SEP|H42,^GSPC,design,1929-09-30,1929-10-01,1929-12-04,42,32.0249,23.7124,-0.259563,-0.259711,0.00862857,-0.26834,time,-0.408371,1,-0.0107208,-0.257619
f_seasonal,ALL-SEP|H42,^GSPC,design,1930-09-30,1930-10-01,1930-12-03,42,21.6535,18.7655,-0.133375,-0.133548,0.00235,-0.135898,time,-0.195164,1,0.00649322,-0.142391
f_seasonal,ALL-SEP|H42,^GSPC,design,1931-09-30,1931-10-01,1931-12-03,42,11.2974,11.0815,-0.019107,-0.0194993,0.00281602,-0.0223153,time,-0.0738698,2,-0.000858053,-0.0214573
f_seasonal,ALL-SEP|H42,^GSPC,design,1932-09-30,1932-10-03,1932-12-05,42,10.5503,8.67036,-0.178188,-0.178517,0.000404286,-0.178921,time,-0.202187,2,0.0060965,-0.185018
f_seasonal,ALL-SEP|H42,^GSPC,design,1933-09-29,1933-10-02,1933-12-04,42,13.357,13.852,0.0370594,0.0366447,0.000315238,0.0363295,time,-0.102959,2,0.0221876,0.0141419
f_seasonal,ALL-SEP|H42,^GSPC,design,1934-09-28,1934-10-01,1934-12-04,42,12.8143,13.8713,0.0824819,0.0822655,0.000205455,0.08206,time,-0.00417225,1,0.0250276,0.0570324
f_seasonal,ALL-SEP|H42,^GSPC,design,1935-09-30,1935-10-01,1935-12-03,42,17.4379,20.0201,0.148077,0.147847,0.000305176,0.147542,time,-0.0329512,1,0.0320778,0.115464
f_seasonal,ALL-SEP|H42,^GSPC,design,1936-09-30,1936-10-01,1936-12-04,42,25.267,26.97,0.0674014,0.0669745,0.000290476,0.066684,time,0,2,0.020037,0.0466471
f_seasonal,ALL-SEP|H42,^GSPC,design,1937-09-30,1937-10-01,1937-12-06,42,22.6075,18.5485,-0.179541,-0.179869,0.00039,-0.180259,time,-0.251781,2,0.0181748,-0.198434
f_seasonal,ALL-SEP|H42,^GSPC,design,1938-09-30,1938-10-03,1938-12-06,42,22.0873,22.2156,0.00580861,0.00540637,-0.000505,0.00591137,time,-0.00562279,2,0.00566289,0.000248478
f_seasonal,ALL-SEP|H42,^GSPC,design,1939-09-29,1939-10-02,1939-12-04,42,23.7393,22.8091,-0.0391826,-0.0395668,0,-0.0395668,time,-0.0458203,2,-0.00191887,-0.037648
f_seasonal,ALL-SEP|H42,^GSPC,design,1940-09-30,1940-10-01,1940-12-03,42,21.0629,20.8286,-0.0111245,-0.0113222,0,-0.0113222,time,-0.0297634,1,0.0123821,-0.0237043
f_seasonal,ALL-SEP|H42,^GSPC,design,1941-09-30,1941-10-01,1941-12-04,42,21.1886,19.7857,-0.0662108,-0.0663975,1.81818e-05,-0.0664157,time,-0.0979327,1,0.0119823,-0.078398
f_seasonal,ALL-SEP|H42,^GSPC,design,1942-09-30,1942-10-01,1942-12-04,42,20.0962,21.2686,0.0583394,0.0581278,0.00064026,0.0574875,time,0,1,0.0195046,0.037983
f_seasonal,ALL-SEP|H42,^GSPC,design,1943-09-30,1943-10-01,1943-12-06,42,28.7438,27.053,-0.0588228,-0.059011,0.000637174,-0.0596482,time,-0.0839823,1,0.0194951,-0.0791433
f_seasonal,ALL-SEP|H42,^GSPC,design,1944-09-29,1944-10-02,1944-12-04,42,32.0335,32.5775,0.0169814,0.0167781,0.000605714,0.0161724,time,-0.00388744,1,0.022909,-0.00673665
f_seasonal,ALL-SEP|H42,^GSPC,design,1945-09-28,1945-10-01,1945-12-04,42,42.7479,45.9007,0.0737537,0.073539,0.000517943,0.073021,time,-0.00151996,1,0.0238015,0.0492195
f_seasonal,ALL-SEP|H42,^GSPC,design,1946-09-30,1946-10-01,1946-12-03,42,40.5652,39.7094,-0.0210968,-0.0214883,0.000615528,-0.0221038,time,-0.0525447,2,0.0180017,-0.0401055
f_seasonal,ALL-SEP|H42,^GSPC,design,1947-09-30,1947-10-01,1947-12-04,42,43.2773,42.7992,-0.0110468,-0.0112446,0.00131818,-0.0125627,time,-0.0110468,1,0.0217077,-0.0342704
f_seasonal,ALL-SEP|H42,^GSPC,design,1948-09-30,1948-10-01,1948-12-06,42,47.2329,46.35,-0.0186929,-0.0188892,0.000849565,-0.0197387,time,-0.0505362,1,0.0191126,-0.0388514
f_seasonal,ALL-SEP|H42,^GSPC,design,1949-09-30,1949-10-03,1949-12-06,42,50.188,53.3316,0.0626353,0.0624228,0.00182643,0.0605964,time,0,1,0.0244498,0.0361466
f_seasonal,ALL-SEP|H42,^GSPC,design,1950-09-29,1950-10-02,1950-12-04,42,67.7129,66.1153,-0.0235937,-0.023789,0.00235286,-0.0261418,time,-0.0235937,1,0.0224911,-0.0486329
f_seasonal,ALL-SEP|H42,^GSPC,design,1951-09-28,1951-10-01,1951-12-04,42,86.4818,86.1723,-0.00357869,-0.00377796,0.00274727,-0.00652523,time,-0.0371143,1,0.029884,-0.0364092
f_seasonal,ALL-SEP|H42,^GSPC,design,1952-09-30,1952-10-01,1952-12-04,42,95.7255,101.112,0.0562722,0.056061,0.00262727,0.0534337,time,-0.0245678,1,0.0367914,0.0166422
f_seasonal,ALL-SEP|H42,^GSPC,design,1953-09-30,1953-10-01,1953-12-04,42,97.2251,104.415,0.0739518,0.073737,0.00227446,0.0714626,time,-0.00354878,1,0.0308604,0.0406022
f_seasonal,ALL-SEP|H42,^GSPC,design,1954-09-30,1954-10-01,1954-12-02,42,140.904,150.292,0.0666303,0.066417,0.00159762,0.0648194,time,-0.016149,1,0.0218004,0.043019
f_seasonal,ALL-SEP|H42,^GSPC,design,1955-09-30,1955-10-03,1955-12-02,42,193.286,207.997,0.0761078,0.0756775,0.00373929,0.0719382,time,-0.0388846,2,0.0262351,0.0457031
f_seasonal,ALL-SEP|H42,^GSPC,design,1956-09-28,1956-10-01,1956-11-30,42,211.098,214.278,0.0150626,0.0148596,0.00490675,0.00995283,time,-0.000850551,1,0.028398,-0.0184452
f_seasonal,ALL-SEP|H42,^GSPC,design,1957-09-30,1957-10-01,1957-12-02,42,209.771,204.38,-0.025698,-0.0258929,0.00573968,-0.0316325,time,-0.0860541,1,0.0173338,-0.0489664
f_seasonal,ALL-SEP|H42,^GSPC,design,1958-09-30,1958-10-01,1958-12-02,42,255.412,269.591,0.0555148,0.0553037,0.00441548,0.0508883,time,0,1,0.0156771,0.0352111
f_seasonal,ALL-SEP|H42,^GSPC,design,1959-09-30,1959-10-01,1959-12-02,42,300.342,310.74,0.0346226,0.0344157,0.00685714,0.0275586,time,-0.014639,1,0.00920198,0.0183566
f_seasonal,ALL-SEP|H42,^GSPC,design,1960-09-30,1960-10-03,1960-12-02,42,291.18,304.058,0.044225,0.0440162,0.00390397,0.0401122,time,-0.0194793,1,0.0186666,0.0214456
f_seasonal,ALL-SEP|H42,^GSPC,design,1961-09-29,1961-10-02,1961-12-01,42,375.824,405.952,0.0801663,0.0799502,0.00398611,0.0759641,time,-0.000483425,1,0.0154704,0.0604938
f_seasonal,ALL-SEP|H42,^GSPC,design,1962-09-28,1962-10-01,1962-11-30,42,322.368,363.888,0.128797,0.128571,0.00464008,0.123931,time,-0.0337501,1,0.0144975,0.109433
f_seasonal,ALL-SEP|H42,^GSPC,design,1963-09-30,1963-10-01,1963-12-03,42,433.474,444.15,0.0246291,0.0244242,0.00581032,0.0186139,time,-0.0317693,1,0.011289,0.00732494
f_seasonal,ALL-SEP|H42,^GSPC,design,1964-09-30,1964-10-01,1964-12-02,42,519.913,520.634,0.0013869,0.00118664,0.00602659,-0.00483995,time,-0.00159899,1,0.00884141,-0.0136814
f_seasonal,ALL-SEP|H42,^GSPC,design,1965-09-30,1965-10-01,1965-12-02,42,572.633,583.823,0.0195412,0.0193373,0.00676587,0.0125715,time,0,1,0.0159062,-0.00333471
f_seasonal,ALL-SEP|H42,^GSPC,design,1966-09-30,1966-10-03,1966-12-02,42,492.57,530.165,0.0763245,0.0761093,0.00888532,0.067224,time,-0.0221136,1,0.00472295,0.062501
f_seasonal,ALL-SEP|H42,^GSPC,design,1967-09-29,1967-10-02,1967-12-01,42,654.508,645.468,-0.0138115,-0.0140087,0.00775635,-0.021765,time,-0.0507695,1,-0.000856168,-0.0209089
f_seasonal,ALL-SEP|H42,^GSPC,design,1968-09-30,1968-10-01,1968-12-13,42,719.394,756.058,0.0509662,0.050756,0.00911548,0.0416405,time,0,1,-0.000811914,0.0424524
f_seasonal,ALL-SEP|H42,^GSPC,design,1969-09-30,1969-10-01,1969-12-01,42,666.396,675.135,0.0131149,0.0129123,0.011844,0.0010683,time,0,1,0.00844555,-0.00737726
f_seasonal,ALL-SEP|H42,^GSPC,design,1970-09-30,1970-10-01,1970-12-01,42,630.766,658.425,0.0438506,0.0436418,0.00934365,0.0342982,time,-0.0131555,1,0.000468959,0.0338292
f_seasonal,ALL-SEP|H42,^GSPC,design,1971-09-30,1971-10-01,1971-12-01,42,764.741,741.762,-0.0300481,-0.0302421,0.00722659,-0.0374687,time,-0.0842964,1,-0.013062,-0.0244066
f_seasonal,ALL-SEP|H42,^GSPC,design,1972-09-29,1972-10-02,1972-12-01,42,877.142,938.953,0.0704696,0.0702556,0.00794484,0.0623107,time,-0.0296805,1,-0.00316379,0.0654745
f_seasonal,ALL-SEP|H42,^GSPC,design,1973-09-28,1973-10-01,1973-11-29,42,886.645,801.526,-0.0960016,-0.0961824,0.0125496,-0.108732,time,-0.111188,1,0.0040664,-0.112798
f_seasonal,ALL-SEP|H42,^GSPC,design,1974-09-30,1974-10-01,1974-11-29,42,540.077,601.212,0.113198,0.112753,0.0125008,0.100252,time,-0.0171035,2,-0.00152068,0.101773
f_seasonal,ALL-SEP|H42,^GSPC,design,1975-09-30,1975-10-01,1975-12-01,42,739.573,814.186,0.100886,0.100666,0.00952857,0.091137,time,0,1,-0.00502541,0.0961625
f_seasonal,ALL-SEP|H42,^GSPC,design,1976-09-30,1976-10-01,1976-12-02,42,965.194,952.355,-0.0133021,-0.0134995,0.00802698,-0.0215264,time,-0.0475079,1,-0.00183387,-0.0196926
f_seasonal,ALL-SEP|H42,^GSPC,design,1977-09-30,1977-10-03,1977-12-01,42,934.963,922.628,-0.0131941,-0.0133914,0.0102254,-0.0236168,time,-0.0583306,1,0.0150762,-0.038693
f_seasonal,ALL-SEP|H42,^GSPC,design,1978-09-29,1978-10-02,1978-11-30,42,1046.64,971.017,-0.0722491,-0.0724346,0.0138782,-0.0863128,time,-0.0960031,1,0.00323856,-0.0895514
f_seasonal,ALL-SEP|H42,^GSPC,design,1979-09-28,1979-10-01,1979-11-29,42,1162.35,1153.87,-0.00729142,-0.00748994,0.0196274,-0.0271173,time,-0.0753292,1,0.00206229,-0.0291796
f_seasonal,ALL-SEP|H42,^GSPC,design,1980-09-30,1980-10-01,1980-12-02,42,1434.62,1557.56,0.085696,0.0854789,0.0211048,0.0643741,time,-0.0027203,1,0.00943407,0.0549401
f_seasonal,ALL-SEP|H42,^GSPC,design,1981-09-30,1981-10-01,1981-12-01,42,1386.61,1506.96,0.0867943,0.0865769,0.0203544,0.0662226,time,0,1,0.00720323,0.0590193
f_seasonal,ALL-SEP|H42,^GSPC,design,1982-09-30,1982-10-01,1982-12-01,42,1531.26,1756.26,0.146937,0.146707,0.0131762,0.133531,time,-0.00356637,1,0.0096496,0.123881
f_seasonal,ALL-SEP|H42,^GSPC,design,1983-09-30,1983-10-03,1983-12-01,42,2178.95,2203.38,0.0112134,0.0110112,0.0145032,-0.00349195,time,-0.0201741,1,0.00983739,-0.0133293
f_seasonal,ALL-SEP|H42,^GSPC,design,1984-09-28,1984-10-01,1984-11-29,42,2262.8,2270.01,0.00318888,0.00298826,0.0153389,-0.0123506,time,-0.0168622,1,0.0177364,-0.0300871
f_seasonal,ALL-SEP|H42,^GSPC,design,1985-09-30,1985-10-01,1985-11-29,42,2655.25,2920.49,0.0998919,0.0996719,0.012002,0.0876699,time,-0.0166293,1,0.01622,0.07145
f_seasonal,ALL-SEP|H42,^GSPC,design,1986-09-30,1986-10-01,1986-12-01,42,3474.68,3725.66,0.0722307,0.0720162,0.00876786,0.0632484,time,0,1,0.0167728,0.0464756
f_seasonal,ALL-SEP|H42,^GSPC,design,1987-09-30,1987-10-01,1987-12-01,42,5016.98,3575.91,-0.287239,-0.287381,0.00985476,-0.297236,time,-0.312057,1,0.0144698,-0.311706
f_seasonal,ALL-SEP|H42,^GSPC,design,1988-09-30,1988-10-03,1988-12-01,42,4314.05,4358.26,0.0102476,0.0100456,0.0126067,-0.00256113,time,-0.0232541,1,0.0167233,-0.0192845
f_seasonal,ALL-SEP|H42,^GSPC,design,1989-09-29,1989-10-02,1989-11-30,42,5774.79,5727.18,-0.0082443,-0.00844263,0.0127603,-0.0212029,time,-0.0492518,1,0.0127902,-0.0339931
f_seasonal,ALL-SEP|H42,^GSPC,design,1990-09-28,1990-10-01,1990-11-29,42,5368.41,5429.16,0.0113159,0.0111137,0.0118583,-0.000744644,time,-0.0610999,1,0.0135916,-0.0143362
f_seasonal,ALL-SEP|H42,^GSPC,design,1991-09-30,1991-10-01,1991-11-29,42,6864.39,6653.09,-0.0307827,-0.0309765,0.00797619,-0.0389527,time,-0.0312106,1,0.0119202,-0.0508729
f_seasonal,ALL-SEP|H42,^GSPC,design,1992-09-30,1992-10-01,1992-12-01,42,7568.95,7874.39,0.0403546,0.0401465,0.00500833,0.0351382,time,-0.0321039,1,0.0127624,0.0223758
f_seasonal,ALL-SEP|H42,^GSPC,design,1993-09-30,1993-10-01,1993-12-01,42,8629.03,8680.66,0.00598314,0.00578196,0.00510833,0.000673628,time,-0.00612637,1,0.0211444,-0.0204708
f_seasonal,ALL-SEP|H42,^GSPC,design,1994-09-30,1994-10-03,1994-12-01,42,8885.31,8678.34,-0.0232943,-0.0234896,0.00855714,-0.0320467,time,-0.0232943,1,0.0228178,-0.0548645
f_seasonal,ALL-SEP|H42,^GSPC,design,1995-09-29,1995-10-02,1995-11-30,42,11495,12011.6,0.0449405,0.0447315,0.00886429,0.0358672,time,-0.00744979,1,0.0239049,0.0119624
f_seasonal,ALL-SEP|H42,^GSPC,design,1996-09-30,1996-10-01,1996-11-29,42,13931.7,15358.3,0.102398,0.102177,0.00834524,0.093832,time,0,1,0.026602,0.06723
f_seasonal,ALL-SEP|H42,^GSPC,design,1997-09-30,1997-10-01,1997-12-01,42,19685.4,20138.4,0.0230151,0.0228105,0.0084254,0.0143851,time,-0.0815228,1,0.0267123,-0.0123272
f_seasonal,ALL-SEP|H42,^GSPC,design,1998-09-30,1998-10-01,1998-12-01,42,20641.4,24652.8,0.194337,0.193859,0.00696587,0.186894,time,-0.0268991,2,0.0142314,0.172662
f_seasonal,ALL-SEP|H42,^GSPC,design,1999-09-30,1999-10-01,1999-12-01,42,27201.7,29701.5,0.0918984,0.09168,0.00828333,0.0833967,time,-0.0272763,1,0.00376222,0.0796344
f_seasonal,ALL-SEP|H42,^GSPC,design,2000-09-29,2000-10-02,2000-11-30,42,30806,28262.9,-0.0825514,-0.0827348,0.0102333,-0.0929682,time,-0.0825514,1,0.00169237,-0.0946605
f_seasonal,ALL-SEP|H42,^GSPC,design,2001-09-28,2001-10-01,2001-11-29,42,22557.7,24824.7,0.100498,0.100058,0.00336349,0.0966946,time,0,2,0.00139947,0.0952951
f_seasonal,ALL-SEP|H42,^GSPC,design,2002-09-30,2002-10-01,2002-11-29,42,18697.3,20711.4,0.107722,0.107279,0.00235794,0.104922,time,-0.0832348,2,-0.00273083,0.107652
f_seasonal,ALL-SEP|H42,^GSPC,design,2003-09-30,2003-10-01,2003-12-01,42,22865.3,24106.1,0.0542647,0.0540539,0.00154405,0.0525099,time,0,1,-0.000144278,0.0526541
f_seasonal,ALL-SEP|H42,^GSPC,design,2004-09-30,2004-10-01,2004-12-01,42,25852.6,27312,0.0564488,0.0562375,0.00320714,0.0530304,time,-0.0316953,1,0.0083984,0.044632
f_seasonal,ALL-SEP|H42,^GSPC,design,2005-09-30,2005-10-03,2005-12-01,42,28537.3,29527.5,0.0346988,0.0344919,0.00633135,0.0281606,time,-0.0399801,1,0.0131471,0.0150134
f_seasonal,ALL-SEP|H42,^GSPC,design,2006-09-29,2006-10-02,2006-11-30,42,31564.2,33324.8,0.0557789,0.0555677,0.00821944,0.0473483,time,0,1,0.00873045,0.0386178
f_seasonal,ALL-SEP|H42,^GSPC,design,2007-09-28,2007-10-01,2007-11-29,42,37367.7,35620.9,-0.0467478,-0.0469384,0.00600873,-0.0529472,time,-0.0876754,1,0.00639422,-0.0593414
f_seasonal,ALL-SEP|H42,^GSPC,test,2008-09-30,2008-10-01,2008-12-01,42,28646.9,20240,-0.293467,-0.293749,0.000715873,-0.294465,time,-0.349233,2,0.00254132,-0.297006
f_seasonal,ALL-SEP|H42,^GSPC,test,2009-09-30,2009-10-01,2009-12-01,42,26096.1,28202.9,0.080735,0.0805189,0.000105159,0.0804137,time,-0.00446621,1,0.00838266,0.072031
f_seasonal,ALL-SEP|H42,^GSPC,test,2010-09-30,2010-10-01,2010-12-01,42,29638.6,31301.1,0.056091,0.0558798,0.000230159,0.0556496,time,-0.00796384,1,0.0139649,0.0416847
f_seasonal,ALL-SEP|H42,^GSPC,test,2011-09-30,2011-10-03,2011-12-01,42,28997.6,32972.1,0.137061,0.136607,2.65873e-05,0.13658,time,0,2,0.0270047,0.109575
f_seasonal,ALL-SEP|H42,^GSPC,test,2012-09-28,2012-10-01,2012-12-03,42,38964,38181.3,-0.0200895,-0.0202855,0.000164286,-0.0204498,time,-0.0600584,1,0.0225662,-0.043016
f_seasonal,ALL-SEP|H42,^GSPC,test,2013-09-30,2013-10-01,2013-11-29,42,46749.5,49985.4,0.0692175,0.0690037,9.72222e-05,0.0689065,time,-0.0228047,1,0.0210831,0.0478234
f_seasonal,ALL-SEP|H42,^GSPC,test,2014-09-30,2014-10-01,2014-12-01,42,54796.7,58017,0.0587676,0.0585559,3.1746e-05,0.0585242,time,-0.0422992,1,0.0250108,0.0335134
f_seasonal,ALL-SEP|H42,^GSPC,test,2015-09-30,2015-10-01,2015-12-01,42,55298.9,60665.2,0.0970406,0.0968212,0.000121429,0.0966998,time,0,1,0.0217878,0.074912
f_seasonal,ALL-SEP|H42,^GSPC,test,2016-09-30,2016-10-03,2016-12-01,42,63501.7,64630.4,0.0177745,0.017571,0.000650397,0.0169206,time,-0.0336187,1,0.0182701,-0.00134954
f_seasonal,ALL-SEP|H42,^GSPC,test,2017-09-29,2017-10-02,2017-11-30,42,75849,79690.5,0.0506468,0.0504367,0.00192222,0.0485145,time,0,1,0.0194008,0.0291137
f_seasonal,ALL-SEP|H42,^GSPC,test,2018-09-28,2018-10-01,2018-11-29,42,89413.5,83988.5,-0.060673,-0.0608608,0.00380913,-0.06467,time,-0.0971605,1,0.025891,-0.090561
f_seasonal,ALL-SEP|H42,^GSPC,test,2019-09-30,2019-10-01,2019-11-29,42,91743.7,98334.2,0.0718358,0.0716215,0.00265556,0.0689659,time,-0.017905,1,0.0193226,0.0496433
f_seasonal,ALL-SEP|H42,^GSPC,test,2020-09-30,2020-10-01,2020-12-01,42,107526,116805,0.0862985,0.0860813,0.000160317,0.0859209,time,-0.031822,1,0.0170052,0.0689158
f_seasonal,ALL-SEP|H42,^GSPC,test,2021-09-30,2021-10-01,2021-12-01,42,140637,146015,0.0382447,0.0380371,8.69048e-05,0.0379502,time,-0.0129267,1,0.0223659,0.0155843
f_seasonal,ALL-SEP|H42,^GSPC,test,2022-09-30,2022-10-03,2022-12-01,42,120569,134046,0.111782,0.111337,0.00657341,0.104764,time,-0.0270641,2,0.0228596,0.0819045
f_seasonal,ALL-SEP|H42,^GSPC,test,2023-09-29,2023-10-02,2023-11-30,42,142944,152706,0.0682897,0.0680761,0.0088381,0.059238,time,-0.0390991,1,0.0216176,0.0376203
f_seasonal,ALL-SEP|H42,^GSPC,test,2024-09-30,2024-10-01,2024-11-29,42,193078,204459,0.0589438,0.0587321,0.00744603,0.051286,time,-0.00195823,1,0.0159583,0.0353277
f_seasonal,ALL-SEP|H42,^GSPC,test,2025-09-30,2025-10-01,2025-12-01,42,229977,233904,0.0170749,0.0168715,0.00633016,0.0105414,time,-0.0241303,1,0.0273807,-0.0168393
f_seasonal,ALL-SEP|H42,SPY,test_exec,2008-09-30,2008-10-01,2008-11-28,42,83.1962,65.0225,-0.218443,-0.218756,0.000746429,-0.219502,time,-0.34545,2,0.00232363,-0.221826
f_seasonal,ALL-SEP|H42,SPY,test_exec,2009-09-30,2009-10-01,2009-11-30,42,76.2681,81.407,0.0673786,0.0671652,0.000106746,0.0670584,time,-0.00495073,1,0.00814049,0.0589179
f_seasonal,ALL-SEP|H42,SPY,test_exec,2010-09-30,2010-10-01,2010-11-30,42,86.8286,89.4715,0.0304375,0.0302314,0.000230159,0.0300013,time,-0.0107835,1,0.0135712,0.01643
f_seasonal,ALL-SEP|H42,SPY,test_exec,2011-09-30,2011-10-03,2011-11-30,42,86.6296,96.2559,0.111121,0.110677,2.69841e-05,0.11065,time,-0.0227576,2,0.0263339,0.0843159
f_seasonal,ALL-SEP|H42,SPY,test_exec,2012-09-28,2012-10-01,2012-11-30,42,113.679,111.815,-0.0163995,-0.0165962,0.000163889,-0.0167601,time,-0.0610295,1,0.0220667,-0.0388269
f_seasonal,ALL-SEP|H42,SPY,test_exec,2013-09-30,2013-10-01,2013-11-27,42,135.153,145.586,0.0771972,0.0769818,9.56349e-05,0.0768861,time,-0.01582,1,0.020664,0.0562222
f_seasonal,ALL-SEP|H42,SPY,test_exec,2014-09-30,2014-10-01,2014-11-28,42,161.185,169.789,0.0533807,0.0531701,3.13492e-05,0.0531387,time,-0.0530252,1,0.0244243,0.0287144
f_seasonal,ALL-SEP|H42,SPY,test_exec,2015-09-30,2015-10-01,2015-11-30,42,160.578,174.464,0.0864749,0.0862576,0.000112302,0.0861453,time,0.000260324,1,0.021267,0.0648783
f_seasonal,ALL-SEP|H42,SPY,test_exec,2016-09-30,2016-10-03,2016-11-30,42,184.309,188.203,0.0211286,0.0209244,0.000644444,0.0202799,time,-0.0336853,1,0.0177653,0.00251464
f_seasonal,ALL-SEP|H42,SPY,test_exec,2017-09-29,2017-10-02,2017-11-29,42,219.117,228.893,0.0446142,0.0444052,0.0019123,0.0424929,time,0.00330034,1,0.0189034,0.0235895
f_seasonal,ALL-SEP|H42,SPY,test_exec,2018-09-28,2018-10-01,2018-11-28,42,259.155,243.603,-0.0600111,-0.0601991,0.00380397,-0.0640031,time,-0.0987982,1,0.0253095,-0.0893126
f_seasonal,ALL-SEP|H42,SPY,test_exec,2019-09-30,2019-10-01,2019-11-27,42,269.399,285.45,0.0595824,0.0593705,0.00266429,0.0567063,time,-0.0325119,1,0.0186982,0.0380081
f_seasonal,ALL-SEP|H42,SPY,test_exec,2020-09-30,2020-10-01,2020-11-30,42,311.455,333.932,0.0721667,0.0719523,0.000160317,0.071792,time,-0.0330185,1,0.0164969,0.0552951
f_seasonal,ALL-SEP|H42,SPY,test_exec,2021-09-30,2021-10-01,2021-11-30,42,403.097,426.086,0.0570328,0.0568214,8.61111e-05,0.0567353,time,-0.0054294,1,0.0217396,0.0349958
f_seasonal,ALL-SEP|H42,SPY,test_exec,2022-09-30,2022-10-03,2022-11-30,42,342.829,387.074,0.129057,0.128606,0.00653849,0.122067,time,-0.0125181,2,0.0223782,0.099689
f_seasonal,ALL-SEP|H42,SPY,test_exec,2023-09-29,2023-10-02,2023-11-29,42,411.433,438.427,0.0656085,0.0653954,0.00884206,0.0565534,time,-0.0373636,1,0.0210874,0.035466
f_seasonal,ALL-SEP|H42,SPY,test_exec,2024-09-30,2024-10-01,2024-11-27,42,560.466,585.322,0.0443495,0.0441406,0.0074504,0.0366902,time,-0.00976627,1,0.0155475,0.0211427
f_seasonal,ALL-SEP|H42,SPY,test_exec,2025-09-30,2025-10-01,2025-11-28,42,656.092,676.096,0.0304898,0.0302838,0.00633571,0.023948,time,-0.0160442,1,0.0267597,-0.00281165
f_seasonal,ALL-SEP|H42,^GSPC,full,1928-09-28,1928-10-01,1928-12-03,42,22.0501,24.7752,0.123584,0.12336,0.00774364,0.115616,time,-0.0109425,1,-0.0123246,0.127941
f_seasonal,ALL-SEP|H42,^GSPC,full,1929-09-30,1929-10-01,1929-12-04,42,32.0249,23.7124,-0.259563,-0.259711,0.00862857,-0.26834,time,-0.408371,1,-0.0107208,-0.257619
f_seasonal,ALL-SEP|H42,^GSPC,full,1930-09-30,1930-10-01,1930-12-03,42,21.6535,18.7655,-0.133375,-0.133548,0.00235,-0.135898,time,-0.195164,1,0.00649322,-0.142391
f_seasonal,ALL-SEP|H42,^GSPC,full,1931-09-30,1931-10-01,1931-12-03,42,11.2974,11.0815,-0.019107,-0.0194993,0.00281602,-0.0223153,time,-0.0738698,2,-0.000858053,-0.0214573
f_seasonal,ALL-SEP|H42,^GSPC,full,1932-09-30,1932-10-03,1932-12-05,42,10.5503,8.67036,-0.178188,-0.178517,0.000404286,-0.178921,time,-0.202187,2,0.0060965,-0.185018
f_seasonal,ALL-SEP|H42,^GSPC,full,1933-09-29,1933-10-02,1933-12-04,42,13.357,13.852,0.0370594,0.0366447,0.000315238,0.0363295,time,-0.102959,2,0.0221876,0.0141419
f_seasonal,ALL-SEP|H42,^GSPC,full,1934-09-28,1934-10-01,1934-12-04,42,12.8143,13.8713,0.0824819,0.0822655,0.000205455,0.08206,time,-0.00417225,1,0.0250276,0.0570324
f_seasonal,ALL-SEP|H42,^GSPC,full,1935-09-30,1935-10-01,1935-12-03,42,17.4379,20.0201,0.148077,0.147847,0.000305176,0.147542,time,-0.0329512,1,0.0320778,0.115464
f_seasonal,ALL-SEP|H42,^GSPC,full,1936-09-30,1936-10-01,1936-12-04,42,25.267,26.97,0.0674014,0.0669745,0.000290476,0.066684,time,0,2,0.020037,0.0466471
f_seasonal,ALL-SEP|H42,^GSPC,full,1937-09-30,1937-10-01,1937-12-06,42,22.6075,18.5485,-0.179541,-0.179869,0.00039,-0.180259,time,-0.251781,2,0.0181748,-0.198434
f_seasonal,ALL-SEP|H42,^GSPC,full,1938-09-30,1938-10-03,1938-12-06,42,22.0873,22.2156,0.00580861,0.00540637,-0.000505,0.00591137,time,-0.00562279,2,0.00566289,0.000248478
f_seasonal,ALL-SEP|H42,^GSPC,full,1939-09-29,1939-10-02,1939-12-04,42,23.7393,22.8091,-0.0391826,-0.0395668,0,-0.0395668,time,-0.0458203,2,-0.00191887,-0.037648
f_seasonal,ALL-SEP|H42,^GSPC,full,1940-09-30,1940-10-01,1940-12-03,42,21.0629,20.8286,-0.0111245,-0.0113222,0,-0.0113222,time,-0.0297634,1,0.0123821,-0.0237043
f_seasonal,ALL-SEP|H42,^GSPC,full,1941-09-30,1941-10-01,1941-12-04,42,21.1886,19.7857,-0.0662108,-0.0663975,1.81818e-05,-0.0664157,time,-0.0979327,1,0.0119823,-0.078398
f_seasonal,ALL-SEP|H42,^GSPC,full,1942-09-30,1942-10-01,1942-12-04,42,20.0962,21.2686,0.0583394,0.0581278,0.00064026,0.0574875,time,0,1,0.0195046,0.037983
f_seasonal,ALL-SEP|H42,^GSPC,full,1943-09-30,1943-10-01,1943-12-06,42,28.7438,27.053,-0.0588228,-0.059011,0.000637174,-0.0596482,time,-0.0839823,1,0.0194951,-0.0791433
f_seasonal,ALL-SEP|H42,^GSPC,full,1944-09-29,1944-10-02,1944-12-04,42,32.0335,32.5775,0.0169814,0.0167781,0.000605714,0.0161724,time,-0.00388744,1,0.022909,-0.00673665
f_seasonal,ALL-SEP|H42,^GSPC,full,1945-09-28,1945-10-01,1945-12-04,42,42.7479,45.9007,0.0737537,0.073539,0.000517943,0.073021,time,-0.00151996,1,0.0238015,0.0492195
f_seasonal,ALL-SEP|H42,^GSPC,full,1946-09-30,1946-10-01,1946-12-03,42,40.5652,39.7094,-0.0210968,-0.0214883,0.000615528,-0.0221038,time,-0.0525447,2,0.0180017,-0.0401055
f_seasonal,ALL-SEP|H42,^GSPC,full,1947-09-30,1947-10-01,1947-12-04,42,43.2773,42.7992,-0.0110468,-0.0112446,0.00131818,-0.0125627,time,-0.0110468,1,0.0217077,-0.0342704
f_seasonal,ALL-SEP|H42,^GSPC,full,1948-09-30,1948-10-01,1948-12-06,42,47.2329,46.35,-0.0186929,-0.0188892,0.000849565,-0.0197387,time,-0.0505362,1,0.0191126,-0.0388514
f_seasonal,ALL-SEP|H42,^GSPC,full,1949-09-30,1949-10-03,1949-12-06,42,50.188,53.3316,0.0626353,0.0624228,0.00182643,0.0605964,time,0,1,0.0244498,0.0361466
f_seasonal,ALL-SEP|H42,^GSPC,full,1950-09-29,1950-10-02,1950-12-04,42,67.7129,66.1153,-0.0235937,-0.023789,0.00235286,-0.0261418,time,-0.0235937,1,0.0224911,-0.0486329
f_seasonal,ALL-SEP|H42,^GSPC,full,1951-09-28,1951-10-01,1951-12-04,42,86.4818,86.1723,-0.00357869,-0.00377796,0.00274727,-0.00652523,time,-0.0371143,1,0.029884,-0.0364092
f_seasonal,ALL-SEP|H42,^GSPC,full,1952-09-30,1952-10-01,1952-12-04,42,95.7255,101.112,0.0562722,0.056061,0.00262727,0.0534337,time,-0.0245678,1,0.0367914,0.0166422
f_seasonal,ALL-SEP|H42,^GSPC,full,1953-09-30,1953-10-01,1953-12-04,42,97.2251,104.415,0.0739518,0.073737,0.00227446,0.0714626,time,-0.00354878,1,0.0308604,0.0406022
f_seasonal,ALL-SEP|H42,^GSPC,full,1954-09-30,1954-10-01,1954-12-02,42,140.904,150.292,0.0666303,0.066417,0.00159762,0.0648194,time,-0.016149,1,0.0218004,0.043019
f_seasonal,ALL-SEP|H42,^GSPC,full,1955-09-30,1955-10-03,1955-12-02,42,193.286,207.997,0.0761078,0.0756775,0.00373929,0.0719382,time,-0.0388846,2,0.0262351,0.0457031
f_seasonal,ALL-SEP|H42,^GSPC,full,1956-09-28,1956-10-01,1956-11-30,42,211.098,214.278,0.0150626,0.0148596,0.00490675,0.00995283,time,-0.000850551,1,0.028398,-0.0184452
f_seasonal,ALL-SEP|H42,^GSPC,full,1957-09-30,1957-10-01,1957-12-02,42,209.771,204.38,-0.025698,-0.0258929,0.00573968,-0.0316325,time,-0.0860541,1,0.0173338,-0.0489664
f_seasonal,ALL-SEP|H42,^GSPC,full,1958-09-30,1958-10-01,1958-12-02,42,255.412,269.591,0.0555148,0.0553037,0.00441548,0.0508883,time,0,1,0.0156771,0.0352111
f_seasonal,ALL-SEP|H42,^GSPC,full,1959-09-30,1959-10-01,1959-12-02,42,300.342,310.74,0.0346226,0.0344157,0.00685714,0.0275586,time,-0.014639,1,0.00920198,0.0183566
f_seasonal,ALL-SEP|H42,^GSPC,full,1960-09-30,1960-10-03,1960-12-02,42,291.18,304.058,0.044225,0.0440162,0.00390397,0.0401122,time,-0.0194793,1,0.0186666,0.0214456
f_seasonal,ALL-SEP|H42,^GSPC,full,1961-09-29,1961-10-02,1961-12-01,42,375.824,405.952,0.0801663,0.0799502,0.00398611,0.0759641,time,-0.000483425,1,0.0154704,0.0604938
f_seasonal,ALL-SEP|H42,^GSPC,full,1962-09-28,1962-10-01,1962-11-30,42,322.368,363.888,0.128797,0.128571,0.00464008,0.123931,time,-0.0337501,1,0.0144975,0.109433
f_seasonal,ALL-SEP|H42,^GSPC,full,1963-09-30,1963-10-01,1963-12-03,42,433.474,444.15,0.0246291,0.0244242,0.00581032,0.0186139,time,-0.0317693,1,0.011289,0.00732494
f_seasonal,ALL-SEP|H42,^GSPC,full,1964-09-30,1964-10-01,1964-12-02,42,519.913,520.634,0.0013869,0.00118664,0.00602659,-0.00483995,time,-0.00159899,1,0.00884141,-0.0136814
f_seasonal,ALL-SEP|H42,^GSPC,full,1965-09-30,1965-10-01,1965-12-02,42,572.633,583.823,0.0195412,0.0193373,0.00676587,0.0125715,time,0,1,0.0159062,-0.00333471
f_seasonal,ALL-SEP|H42,^GSPC,full,1966-09-30,1966-10-03,1966-12-02,42,492.57,530.165,0.0763245,0.0761093,0.00888532,0.067224,time,-0.0221136,1,0.00472295,0.062501
f_seasonal,ALL-SEP|H42,^GSPC,full,1967-09-29,1967-10-02,1967-12-01,42,654.508,645.468,-0.0138115,-0.0140087,0.00775635,-0.021765,time,-0.0507695,1,-0.000856168,-0.0209089
f_seasonal,ALL-SEP|H42,^GSPC,full,1968-09-30,1968-10-01,1968-12-13,42,719.394,756.058,0.0509662,0.050756,0.00911548,0.0416405,time,0,1,-0.000811914,0.0424524
f_seasonal,ALL-SEP|H42,^GSPC,full,1969-09-30,1969-10-01,1969-12-01,42,666.396,675.135,0.0131149,0.0129123,0.011844,0.0010683,time,0,1,0.00844555,-0.00737726
f_seasonal,ALL-SEP|H42,^GSPC,full,1970-09-30,1970-10-01,1970-12-01,42,630.766,658.425,0.0438506,0.0436418,0.00934365,0.0342982,time,-0.0131555,1,0.000468959,0.0338292
f_seasonal,ALL-SEP|H42,^GSPC,full,1971-09-30,1971-10-01,1971-12-01,42,764.741,741.762,-0.0300481,-0.0302421,0.00722659,-0.0374687,time,-0.0842964,1,-0.013062,-0.0244066
f_seasonal,ALL-SEP|H42,^GSPC,full,1972-09-29,1972-10-02,1972-12-01,42,877.142,938.953,0.0704696,0.0702556,0.00794484,0.0623107,time,-0.0296805,1,-0.00316379,0.0654745
f_seasonal,ALL-SEP|H42,^GSPC,full,1973-09-28,1973-10-01,1973-11-29,42,886.645,801.526,-0.0960016,-0.0961824,0.0125496,-0.108732,time,-0.111188,1,0.0040664,-0.112798
f_seasonal,ALL-SEP|H42,^GSPC,full,1974-09-30,1974-10-01,1974-11-29,42,540.077,601.212,0.113198,0.112753,0.0125008,0.100252,time,-0.0171035,2,-0.00152068,0.101773
f_seasonal,ALL-SEP|H42,^GSPC,full,1975-09-30,1975-10-01,1975-12-01,42,739.573,814.186,0.100886,0.100666,0.00952857,0.091137,time,0,1,-0.00502541,0.0961625
f_seasonal,ALL-SEP|H42,^GSPC,full,1976-09-30,1976-10-01,1976-12-02,42,965.194,952.355,-0.0133021,-0.0134995,0.00802698,-0.0215264,time,-0.0475079,1,-0.00183387,-0.0196926
f_seasonal,ALL-SEP|H42,^GSPC,full,1977-09-30,1977-10-03,1977-12-01,42,934.963,922.628,-0.0131941,-0.0133914,0.0102254,-0.0236168,time,-0.0583306,1,0.0150762,-0.038693
f_seasonal,ALL-SEP|H42,^GSPC,full,1978-09-29,1978-10-02,1978-11-30,42,1046.64,971.017,-0.0722491,-0.0724346,0.0138782,-0.0863128,time,-0.0960031,1,0.00323856,-0.0895514
f_seasonal,ALL-SEP|H42,^GSPC,full,1979-09-28,1979-10-01,1979-11-29,42,1162.35,1153.87,-0.00729142,-0.00748994,0.0196274,-0.0271173,time,-0.0753292,1,0.00206229,-0.0291796
f_seasonal,ALL-SEP|H42,^GSPC,full,1980-09-30,1980-10-01,1980-12-02,42,1434.62,1557.56,0.085696,0.0854789,0.0211048,0.0643741,time,-0.0027203,1,0.00943407,0.0549401
f_seasonal,ALL-SEP|H42,^GSPC,full,1981-09-30,1981-10-01,1981-12-01,42,1386.61,1506.96,0.0867943,0.0865769,0.0203544,0.0662226,time,0,1,0.00720323,0.0590193
f_seasonal,ALL-SEP|H42,^GSPC,full,1982-09-30,1982-10-01,1982-12-01,42,1531.26,1756.26,0.146937,0.146707,0.0131762,0.133531,time,-0.00356637,1,0.0096496,0.123881
f_seasonal,ALL-SEP|H42,^GSPC,full,1983-09-30,1983-10-03,1983-12-01,42,2178.95,2203.38,0.0112134,0.0110112,0.0145032,-0.00349195,time,-0.0201741,1,0.00983739,-0.0133293
f_seasonal,ALL-SEP|H42,^GSPC,full,1984-09-28,1984-10-01,1984-11-29,42,2262.8,2270.01,0.00318888,0.00298826,0.0153389,-0.0123506,time,-0.0168622,1,0.0177364,-0.0300871
f_seasonal,ALL-SEP|H42,^GSPC,full,1985-09-30,1985-10-01,1985-11-29,42,2655.25,2920.49,0.0998919,0.0996719,0.012002,0.0876699,time,-0.0166293,1,0.01622,0.07145
f_seasonal,ALL-SEP|H42,^GSPC,full,1986-09-30,1986-10-01,1986-12-01,42,3474.68,3725.66,0.0722307,0.0720162,0.00876786,0.0632484,time,0,1,0.0167728,0.0464756
f_seasonal,ALL-SEP|H42,^GSPC,full,1987-09-30,1987-10-01,1987-12-01,42,5016.98,3575.91,-0.287239,-0.287381,0.00985476,-0.297236,time,-0.312057,1,0.0144698,-0.311706
f_seasonal,ALL-SEP|H42,^GSPC,full,1988-09-30,1988-10-03,1988-12-01,42,4314.05,4358.26,0.0102476,0.0100456,0.0126067,-0.00256113,time,-0.0232541,1,0.0167233,-0.0192845
f_seasonal,ALL-SEP|H42,^GSPC,full,1989-09-29,1989-10-02,1989-11-30,42,5774.79,5727.18,-0.0082443,-0.00844263,0.0127603,-0.0212029,time,-0.0492518,1,0.0127902,-0.0339931
f_seasonal,ALL-SEP|H42,^GSPC,full,1990-09-28,1990-10-01,1990-11-29,42,5368.41,5429.16,0.0113159,0.0111137,0.0118583,-0.000744644,time,-0.0610999,1,0.0135916,-0.0143362
f_seasonal,ALL-SEP|H42,^GSPC,full,1991-09-30,1991-10-01,1991-11-29,42,6864.39,6653.09,-0.0307827,-0.0309765,0.00797619,-0.0389527,time,-0.0312106,1,0.0119202,-0.0508729
f_seasonal,ALL-SEP|H42,^GSPC,full,1992-09-30,1992-10-01,1992-12-01,42,7568.95,7874.39,0.0403546,0.0401465,0.00500833,0.0351382,time,-0.0321039,1,0.0127624,0.0223758
f_seasonal,ALL-SEP|H42,^GSPC,full,1993-09-30,1993-10-01,1993-12-01,42,8629.03,8680.66,0.00598314,0.00578196,0.00510833,0.000673628,time,-0.00612637,1,0.0211444,-0.0204708
f_seasonal,ALL-SEP|H42,^GSPC,full,1994-09-30,1994-10-03,1994-12-01,42,8885.31,8678.34,-0.0232943,-0.0234896,0.00855714,-0.0320467,time,-0.0232943,1,0.0228178,-0.0548645
f_seasonal,ALL-SEP|H42,^GSPC,full,1995-09-29,1995-10-02,1995-11-30,42,11495,12011.6,0.0449405,0.0447315,0.00886429,0.0358672,time,-0.00744979,1,0.0239049,0.0119624
f_seasonal,ALL-SEP|H42,^GSPC,full,1996-09-30,1996-10-01,1996-11-29,42,13931.7,15358.3,0.102398,0.102177,0.00834524,0.093832,time,0,1,0.026602,0.06723
f_seasonal,ALL-SEP|H42,^GSPC,full,1997-09-30,1997-10-01,1997-12-01,42,19685.4,20138.4,0.0230151,0.0228105,0.0084254,0.0143851,time,-0.0815228,1,0.0267123,-0.0123272
f_seasonal,ALL-SEP|H42,^GSPC,full,1998-09-30,1998-10-01,1998-12-01,42,20641.4,24652.8,0.194337,0.193859,0.00696587,0.186894,time,-0.0268991,2,0.0142314,0.172662
f_seasonal,ALL-SEP|H42,^GSPC,full,1999-09-30,1999-10-01,1999-12-01,42,27201.7,29701.5,0.0918984,0.09168,0.00828333,0.0833967,time,-0.0272763,1,0.00376222,0.0796344
f_seasonal,ALL-SEP|H42,^GSPC,full,2000-09-29,2000-10-02,2000-11-30,42,30806,28262.9,-0.0825514,-0.0827348,0.0102333,-0.0929682,time,-0.0825514,1,0.00169237,-0.0946605
f_seasonal,ALL-SEP|H42,^GSPC,full,2001-09-28,2001-10-01,2001-11-29,42,22557.7,24824.7,0.100498,0.100058,0.00336349,0.0966946,time,0,2,0.00139947,0.0952951
f_seasonal,ALL-SEP|H42,^GSPC,full,2002-09-30,2002-10-01,2002-11-29,42,18697.3,20711.4,0.107722,0.107279,0.00235794,0.104922,time,-0.0832348,2,-0.00273083,0.107652
f_seasonal,ALL-SEP|H42,^GSPC,full,2003-09-30,2003-10-01,2003-12-01,42,22865.3,24106.1,0.0542647,0.0540539,0.00154405,0.0525099,time,0,1,-0.000144278,0.0526541
f_seasonal,ALL-SEP|H42,^GSPC,full,2004-09-30,2004-10-01,2004-12-01,42,25852.6,27312,0.0564488,0.0562375,0.00320714,0.0530304,time,-0.0316953,1,0.0083984,0.044632
f_seasonal,ALL-SEP|H42,^GSPC,full,2005-09-30,2005-10-03,2005-12-01,42,28537.3,29527.5,0.0346988,0.0344919,0.00633135,0.0281606,time,-0.0399801,1,0.00174453,0.026416
f_seasonal,ALL-SEP|H42,^GSPC,full,2006-09-29,2006-10-02,2006-11-30,42,31564.2,33324.8,0.0557789,0.0555677,0.00821944,0.0473483,time,0,1,0.00285625,0.044492
f_seasonal,ALL-SEP|H42,^GSPC,full,2007-09-28,2007-10-01,2007-11-29,42,37367.7,35620.9,-0.0467478,-0.0469384,0.00600873,-0.0529472,time,-0.0876754,1,0.00352209,-0.0564693
f_seasonal,ALL-SEP|H42,^GSPC,full,2008-09-30,2008-10-01,2008-12-01,42,28646.9,20240,-0.293467,-0.293749,0.000715873,-0.294465,time,-0.349233,2,0.00356057,-0.298026
f_seasonal,ALL-SEP|H42,^GSPC,full,2009-09-30,2009-10-01,2009-12-01,42,26096.1,28202.9,0.080735,0.0805189,0.000105159,0.0804137,time,-0.00446621,1,0.005792,0.0746217
f_seasonal,ALL-SEP|H42,^GSPC,full,2010-09-30,2010-10-01,2010-12-01,42,29638.6,31301.1,0.056091,0.0558798,0.000230159,0.0556496,time,-0.00796384,1,0.0106963,0.0449533
f_seasonal,ALL-SEP|H42,^GSPC,full,2011-09-30,2011-10-03,2011-12-01,42,28997.6,32972.1,0.137061,0.136607,2.65873e-05,0.13658,time,0,2,0.0270047,0.109575
f_seasonal,ALL-SEP|H42,^GSPC,full,2012-09-28,2012-10-01,2012-12-03,42,38964,38181.3,-0.0200895,-0.0202855,0.000164286,-0.0204498,time,-0.0600584,1,0.0225662,-0.043016
f_seasonal,ALL-SEP|H42,^GSPC,full,2013-09-30,2013-10-01,2013-11-29,42,46749.5,49985.4,0.0692175,0.0690037,9.72222e-05,0.0689065,time,-0.0228047,1,0.0210831,0.0478234
f_seasonal,ALL-SEP|H42,^GSPC,full,2014-09-30,2014-10-01,2014-12-01,42,54796.7,58017,0.0587676,0.0585559,3.1746e-05,0.0585242,time,-0.0422992,1,0.0250108,0.0335134
f_seasonal,ALL-SEP|H42,^GSPC,full,2015-09-30,2015-10-01,2015-12-01,42,55298.9,60665.2,0.0970406,0.0968212,0.000121429,0.0966998,time,0,1,0.0217878,0.074912
f_seasonal,ALL-SEP|H42,^GSPC,full,2016-09-30,2016-10-03,2016-12-01,42,63501.7,64630.4,0.0177745,0.017571,0.000650397,0.0169206,time,-0.0336187,1,0.0182701,-0.00134954
f_seasonal,ALL-SEP|H42,^GSPC,full,2017-09-29,2017-10-02,2017-11-30,42,75849,79690.5,0.0506468,0.0504367,0.00192222,0.0485145,time,0,1,0.0194008,0.0291137
f_seasonal,ALL-SEP|H42,^GSPC,full,2018-09-28,2018-10-01,2018-11-29,42,89413.5,83988.5,-0.060673,-0.0608608,0.00380913,-0.06467,time,-0.0971605,1,0.025891,-0.090561
f_seasonal,ALL-SEP|H42,^GSPC,full,2019-09-30,2019-10-01,2019-11-29,42,91743.7,98334.2,0.0718358,0.0716215,0.00265556,0.0689659,time,-0.017905,1,0.0193226,0.0496433
f_seasonal,ALL-SEP|H42,^GSPC,full,2020-09-30,2020-10-01,2020-12-01,42,107526,116805,0.0862985,0.0860813,0.000160317,0.0859209,time,-0.031822,1,0.0170052,0.0689158
f_seasonal,ALL-SEP|H42,^GSPC,full,2021-09-30,2021-10-01,2021-12-01,42,140637,146015,0.0382447,0.0380371,8.69048e-05,0.0379502,time,-0.0129267,1,0.0223659,0.0155843
f_seasonal,ALL-SEP|H42,^GSPC,full,2022-09-30,2022-10-03,2022-12-01,42,120569,134046,0.111782,0.111337,0.00657341,0.104764,time,-0.0270641,2,0.0228596,0.0819045
f_seasonal,ALL-SEP|H42,^GSPC,full,2023-09-29,2023-10-02,2023-11-30,42,142944,152706,0.0682897,0.0680761,0.0088381,0.059238,time,-0.0390991,1,0.0216176,0.0376203
f_seasonal,ALL-SEP|H42,^GSPC,full,2024-09-30,2024-10-01,2024-11-29,42,193078,204459,0.0589438,0.0587321,0.00744603,0.051286,time,-0.00195823,1,0.0159583,0.0353277
f_seasonal,ALL-SEP|H42,^GSPC,full,2025-09-30,2025-10-01,2025-12-01,42,229977,233904,0.0170749,0.0168715,0.00633016,0.0105414,time,-0.0241303,1,0.0273807,-0.0168393
f_seasonal,ALL-SEP|H63,^GSPC,design,1928-09-28,1928-10-01,1929-01-03,63,22.0501,25.9029,0.174728,0.174493,0.00862273,0.165871,time,-0.0109425,1,-0.0233273,0.189198
f_seasonal,ALL-SEP|H63,^GSPC,design,1929-09-30,1929-10-01,1930-01-06,63,32.0249,23.2084,-0.275301,-0.275446,0.0119909,-0.287437,time,-0.408371,1,-0.0179137,-0.269523
f_seasonal,ALL-SEP|H63,^GSPC,design,1930-09-30,1930-10-01,1931-01-05,63,21.6535,18.0269,-0.167481,-0.167647,0.00370195,-0.171349,time,-0.247583,1,0.00958623,-0.180935
f_seasonal,ALL-SEP|H63,^GSPC,design,1931-09-30,1931-10-01,1932-01-05,63,11.2974,9.14874,-0.19019,-0.190514,0.00408238,-0.194597,time,-0.19019,2,-0.00163274,-0.192964
f_seasonal,ALL-SEP|H63,^GSPC,design,1932-09-30,1932-10-03,1933-01-05,63,10.5503,9.49651,-0.0998823,-0.100242,0.000504286,-0.100747,time,-0.202187,2,0.0121392,-0.112886
f_seasonal,ALL-SEP|H63,^GSPC,design,1933-09-29,1933-10-02,1934-01-04,63,13.357,13.9588,0.0450568,0.0446388,0.00056342,0.0440754,time,-0.102959,2,0.0350161,0.00905928
f_seasonal,ALL-SEP|H63,^GSPC,design,1934-09-28,1934-10-01,1935-01-04,63,12.8143,13.9716,0.0903133,0.0900952,0.000309091,0.0897861,time,-0.00417225,1,0.0387735,0.0510126
f_seasonal,ALL-SEP|H63,^GSPC,design,1935-09-30,1935-10-01,1936-01-03,63,17.4379,20.7698,0.19107,0.190832,0.000404743,0.190427,time,-0.0329512,1,0.0499719,0.140455
f_seasonal,ALL-SEP|H63,^GSPC,design,1936-09-30,1936-10-01,1937-01-06,63,25.267,27.192,0.0761898,0.0757594,0.000305476,0.0754539,time,0,2,0.0300501,0.0454039
f_seasonal,ALL-SEP|H63,^GSPC,design,1937-09-30,1937-10-01,1938-01-04,63,22.6075,18.4261,-0.184958,-0.185284,0.00039,-0.185674,time,-0.251781,2,0.0270305,-0.212704
f_seasonal,ALL-SEP|H63,^GSPC,design,1938-09-30,1938-10-03,1939-01-06,63,22.0873,23.3067,0.0552086,0.0547866,-0.000524048,0.0553107,time,-0.00819838,2,0.00702067,0.04829
f_seasonal,ALL-SEP|H63,^GSPC,design,1939-09-29,1939-10-02,1940-01-04,63,23.7393,23.7439,0.000194506,-0.000205492,0,-0.000205492,time,-0.0458203,2,-0.00238911,0.00218362
f_seasonal,ALL-SEP|H63,^GSPC,design,1940-09-30,1940-10-01,1941-01-03,63,21.0629,21.2163,0.00728539,0.00708395,-9.09091e-06,0.00709304,time,-0.0297634,1,0.0199644,-0.0128714
f_seasonal,ALL-SEP|H63,^GSPC,design,1941-09-30,1941-10-01,1942-01-06,63,21.1886,19.2187,-0.0929709,-0.0931523,0.000128571,-0.0932809,time,-0.162428,1,0.0189322,-0.112213
f_seasonal,ALL-SEP|H63,^GSPC,design,1942-09-30,1942-10-01,1943-01-06,63,20.0962,22.6364,0.126401,0.126176,0.000930714,0.125245,time,0,1,0.0306753,0.0945696
f_seasonal,ALL-SEP|H63,^GSPC,design,1943-09-30,1943-10-01,1944-01-04,63,28.7438,28.4492,-0.0102484,-0.0104464,0.000913571,-0.0113599,time,-0.0839823,1,0.0306444,-0.0420043
f_seasonal,ALL-SEP|H63,^GSPC,design,1944-09-29,1944-10-02,1945-01-04,63,32.0335,34.1792,0.0669818,0.0667685,0.000826623,0.0659418,time,-0.00388744,1,0.0359808,0.029961
f_seasonal,ALL-SEP|H63,^GSPC,design,1945-09-28,1945-10-01,1946-01-07,63,42.7479,45.7551,0.0703474,0.0701333,0.000840909,0.0692924,time,-0.00151996,1,0.0356764,0.033616
f_seasonal,ALL-SEP|H63,^GSPC,design,1946-09-30,1946-10-01,1947-01-03,63,40.5652,41.983,0.0349513,0.0345374,0.000914229,0.0336232,time,-0.0525447,2,0.0283493,0.00527393
f_seasonal,ALL-SEP|H63,^GSPC,design,1947-09-30,1947-10-01,1948-01-06,63,43.2773,43.8384,0.0129669,0.0127644,0.00207273,0.0106916,time,-0.0261342,1,0.033247,-0.0225553
f_seasonal,ALL-SEP|H63,^GSPC,design,1948-09-30,1948-10-01,1949-01-04,63,47.2329,45.9755,-0.0266201,-0.0268147,0.00127524,-0.02809,time,-0.0505362,1,0.0287588,-0.0568487
f_seasonal,ALL-SEP|H63,^GSPC,design,1949-09-30,1949-10-03,1950-01-06,63,50.188,55.5684,0.107203,0.106982,0.00272643,0.104256,time,0,1,0.0371317,0.067124
f_seasonal,ALL-SEP|H63,^GSPC,design,1950-09-29,1950-10-02,1951-01-04,63,67.7129,73.0685,0.0790924,0.0788766,0.00352013,0.0753564,time,-0.0235937,1,0.034401,0.0409554
f_seasonal,ALL-SEP|H63,^GSPC,design,1951-09-28,1951-10-01,1952-01-04,63,86.4818,89.5226,0.0351604,0.0349534,0.00403182,0.0309216,time,-0.0371143,1,0.0467289,-0.0158073
f_seasonal,ALL-SEP|H63,^GSPC,design,1952-09-30,1952-10-01,1953-01-06,63,95.7255,105.019,0.097082,0.0968626,0.00416494,0.0926977,time,-0.0245678,1,0.0557286,0.0369691
f_seasonal,ALL-SEP|H63,^GSPC,design,1953-09-30,1953-10-01,1954-01-06,63,97.2251,105.595,0.0860858,0.0858686,0.00349246,0.0823761,time,-0.00354878,1,0.0467273,0.0356489
f_seasonal,ALL-SEP|H63,^GSPC,design,1954-09-30,1954-10-01,1955-01-03,63,140.904,162.184,0.151029,0.150799,0.00255754,0.148242,time,-0.016149,1,0.0327664,0.115475
f_seasonal,ALL-SEP|H63,^GSPC,design,1955-09-30,1955-10-03,1956-01-04,63,193.286,206.607,0.0689184,0.0684909,0.00586548,0.0626255,time,-0.0388846,2,0.0396155,0.0230099
f_seasonal,ALL-SEP|H63,^GSPC,design,1956-09-28,1956-10-01,1957-01-03,63,211.098,222.196,0.0525705,0.05236,0.00757619,0.0447839,time,-0.000850551,1,0.043206,0.00157782
f_seasonal,ALL-SEP|H63,^GSPC,design,1957-09-30,1957-10-01,1958-01-02,63,209.771,200.029,-0.0464407,-0.0466314,0.00826349,-0.0548949,time,-0.0860541,1,0.0259098,-0.0808047
f_seasonal,ALL-SEP|H63,^GSPC,design,1958-09-30,1958-10-01,1959-01-05,63,255.412,286.812,0.122939,0.122714,0.00672143,0.115993,time,0,1,0.0235331,0.0924595
f_seasonal,ALL-SEP|H63,^GSPC,design,1959-09-30,1959-10-01,1960-01-04,63,300.342,318.509,0.0604883,0.0602762,0.0106016,0.0496746,time,-0.014639,1,0.0151272,0.0345474
f_seasonal,ALL-SEP|H63,^GSPC,design,1960-09-30,1960-10-03,1961-01-04,63,291.18,321.272,0.103345,0.103124,0.00577579,0.0973487,time,-0.0194793,1,0.028811,0.0685377
f_seasonal,ALL-SEP|H63,^GSPC,design,1961-09-29,1961-10-02,1962-01-03,63,375.824,403.225,0.0729105,0.0726959,0.00616706,0.0665289,time,-0.000483425,1,0.0227271,0.0438017
f_seasonal,ALL-SEP|H63,^GSPC,design,1962-09-28,1962-10-01,1963-01-02,63,322.368,367.439,0.139812,0.139584,0.00702897,0.132555,time,-0.0337501,1,0.0214926,0.111062
f_seasonal,ALL-SEP|H63,^GSPC,design,1963-09-30,1963-10-01,1964-01-03,63,433.474,456.656,0.0534806,0.0532699,0.00874246,0.0445275,time,-0.0317693,1,0.0169645,0.0275629
f_seasonal,ALL-SEP|H63,^GSPC,design,1964-09-30,1964-10-01,1965-01-04,63,519.913,524.667,0.00914338,0.00894157,0.00922063,-0.000279066,time,-0.00436629,1,0.0130624,-0.0133414
f_seasonal,ALL-SEP|H63,^GSPC,design,1965-09-30,1965-10-01,1966-01-03,63,572.633,591.49,0.0329305,0.0327239,0.0104437,0.0222803,time,0,1,0.0224654,-0.000185149
f_seasonal,ALL-SEP|H63,^GSPC,design,1966-09-30,1966-10-03,1967-01-04,63,492.57,534.508,0.0851414,0.0849244,0.012996,0.0719284,time,-0.0221136,1,0.00611519,0.0658132
f_seasonal,ALL-SEP|H63,^GSPC,design,1967-09-29,1967-10-02,1968-01-03,63,654.508,655.131,0.000950842,0.000750672,0.0119012,-0.0111505,time,-0.0507695,1,8.3672e-05,-0.0112342
f_seasonal,ALL-SEP|H63,^GSPC,design,1968-09-30,1968-10-01,1969-01-16,63,719.394,719.882,0.000679191,0.000479076,0.0142425,-0.0137634,time,-0.0167126,1,-0.000126321,-0.0136371
f_seasonal,ALL-SEP|H63,^GSPC,design,1969-09-30,1969-10-01,1969-12-31,63,666.396,668.665,0.00340556,0.0032049,0.018371,-0.0151661,time,-0.0289662,1,0.0130373,-0.0282034
f_seasonal,ALL-SEP|H63,^GSPC,design,1970-09-30,1970-10-01,1970-12-31,63,630.766,695.667,0.102893,0.102672,0.0133937,0.0892787,time,-0.0131555,1,-0.000417909,0.0896966
f_seasonal,ALL-SEP|H63,^GSPC,design,1971-09-30,1971-10-01,1971-12-31,63,764.741,795.488,0.0402067,0.0399987,0.010556,0.0294428,time,-0.0842964,1,-0.0206272,0.0500699
f_seasonal,ALL-SEP|H63,^GSPC,design,1972-09-29,1972-10-02,1973-01-04,63,877.142,957.245,0.0913228,0.0911046,0.0121869,0.0789177,time,-0.0296805,1,-0.00399811,0.0829158
f_seasonal,ALL-SEP|H63,^GSPC,design,1973-09-28,1973-10-01,1973-12-31,63,886.645,805.885,-0.0910855,-0.0912673,0.0187496,-0.110017,time,-0.143363,1,0.00566068,-0.115678
f_seasonal,ALL-SEP|H63,^GSPC,design,1974-09-30,1974-10-01,1974-12-31,63,540.077,591.74,0.0956598,0.0952217,0.0184603,0.0767613,time,-0.0171035,2,-0.00283974,0.0796011
f_seasonal,ALL-SEP|H63,^GSPC,design,1975-09-30,1975-10-01,1975-12-31,63,739.573,812.681,0.0988511,0.0986314,0.0140603,0.0845711,time,0,1,-0.00853199,0.0931031
f_seasonal,ALL-SEP|H63,^GSPC,design,1976-09-30,1976-10-01,1977-01-03,63,965.194,1001.08,0.0371827,0.0369752,0.011646,0.0253292,time,-0.0475079,1,-0.00100083,0.02633
f_seasonal,ALL-SEP|H63,^GSPC,design,1977-09-30,1977-10-03,1978-01-03,63,934.963,917.961,-0.0181855,-0.0183819,0.0152857,-0.0336676,time,-0.0583306,1,0.0233862,-0.0570538
f_seasonal,ALL-SEP|H63,^GSPC,design,1978-09-29,1978-10-02,1979-01-02,63,1046.64,996.191,-0.0481967,-0.048387,0.0214552,-0.0698422,time,-0.0960031,1,0.00524057,-0.0750828
f_seasonal,ALL-SEP|H63,^GSPC,design,1979-09-28,1979-10-01,1979-12-31,63,1162.35,1171.19,0.0076062,0.0074047,0.0296353,-0.0222306,time,-0.0753292,1,0.00317237,-0.025403
f_seasonal,ALL-SEP|H63,^GSPC,design,1980-09-30,1980-10-01,1981-01-02,63,1434.62,1556.38,0.0848686,0.0846516,0.0340409,0.0506108,time,-0.0027203,1,0.0142116,0.0363991
f_seasonal,ALL-SEP|H63,^GSPC,design,1981-09-30,1981-10-01,1981-12-31,63,1386.61,1471.09,0.0609288,0.0607166,0.0294067,0.0313099,time,0,1,0.0110998,0.0202101
f_seasonal,ALL-SEP|H63,^GSPC,design,1982-09-30,1982-10-01,1982-12-31,63,1531.26,1787.89,0.167593,0.16736,0.0197766,0.147583,time,-0.00356637,1,0.015521,0.132062
f_seasonal,ALL-SEP|H63,^GSPC,design,1983-09-30,1983-10-03,1984-01-03,63,2178.95,2178.78,-7.91726e-05,-0.000279137,0.0220052,-0.0222843,time,-0.0201741,1,0.0157487,-0.038033
f_seasonal,ALL-SEP|H63,^GSPC,design,1984-09-28,1984-10-01,1984-12-31,63,2262.8,2324.96,0.0274744,0.0272689,0.0220683,0.00520067,time,-0.0168622,1,0.0259311,-0.0207304
f_seasonal,ALL-SEP|H63,^GSPC,design,1985-09-30,1985-10-01,1985-12-31,63,2655.25,3061.78,0.153103,0.152872,0.0179183,0.134954,time,-0.0166293,1,0.0243095,0.110644
f_seasonal,ALL-SEP|H63,^GSPC,design,1986-09-30,1986-10-01,1986-12-31,63,3474.68,3632.82,0.0455119,0.0453028,0.013379,0.0319238,time,0,1,0.025747,0.00617686
f_seasonal,ALL-SEP|H63,^GSPC,design,1987-09-30,1987-10-01,1987-12-31,63,5016.98,3819.93,-0.2386,-0.238752,0.0146698,-0.253422,time,-0.312057,1,0.0228327,-0.276255
f_seasonal,ALL-SEP|H63,^GSPC,design,1988-09-30,1988-10-03,1989-01-03,63,4314.05,4415.45,0.023505,0.0233003,0.0193409,0.0039594,time,-0.0232541,1,0.0243126,-0.0203532
f_seasonal,ALL-SEP|H63,^GSPC,design,1989-09-29,1989-10-02,1990-01-02,63,5774.79,5969.09,0.0336465,0.0334398,0.0191135,0.0143263,time,-0.0492518,1,0.0196855,-0.00535913
f_seasonal,ALL-SEP|H63,^GSPC,design,1990-09-28,1990-10-01,1990-12-31,63,5368.41,5682.66,0.0585373,0.0583257,0.0174857,0.0408399,time,-0.0610999,1,0.0213055,0.0195344
f_seasonal,ALL-SEP|H63,^GSPC,design,1991-09-30,1991-10-01,1991-12-31,63,6864.39,7413.91,0.0800532,0.0798372,0.011371,0.0684662,time,-0.0312106,1,0.0177694,0.0506968
f_seasonal,ALL-SEP|H63,^GSPC,design,1992-09-30,1992-10-01,1992-12-31,63,7568.95,7978.88,0.05416,0.0539492,0.00768452,0.0462647,time,-0.0321039,1,0.0198199,0.0264448
f_seasonal,ALL-SEP|H63,^GSPC,design,1993-09-30,1993-10-01,1993-12-31,63,8629.03,8782.98,0.0178418,0.0176383,0.00765317,0.00998511,time,-0.00612637,1,0.0319203,-0.0219352
f_seasonal,ALL-SEP|H63,^GSPC,design,1994-09-30,1994-10-03,1995-01-03,63,8885.31,8896.13,0.00121779,0.00101757,0.0132194,-0.0122019,time,-0.0304269,1,0.0345084,-0.0467103
f_seasonal,ALL-SEP|H63,^GSPC,design,1995-09-29,1995-10-02,1996-01-02,63,11495,12338.5,0.0733812,0.0731666,0.0131437,0.0600229,time,-0.00744979,1,0.0369479,0.023075
f_seasonal,ALL-SEP|H63,^GSPC,design,1996-09-30,1996-10-01,1996-12-31,63,13931.7,15054.1,0.0805624,0.0803463,0.0124377,0.0679086,time,0,1,0.041099,0.0268096
f_seasonal,ALL-SEP|H63,^GSPC,design,1997-09-30,1997-10-01,1997-12-31,63,19685.4,20076.6,0.0198742,0.0196702,0.0127298,0.00694044,time,-0.0815228,1,0.040124,-0.0331836
f_seasonal,ALL-SEP|H63,^GSPC,design,1998-09-30,1998-10-01,1998-12-31,63,20641.4,25814.3,0.250607,0.250106,0.0106254,0.239481,time,-0.0268991,2,0.0212895,0.218192
f_seasonal,ALL-SEP|H63,^GSPC,design,1999-09-30,1999-10-01,1999-12-31,63,27201.7,31245.9,0.148673,0.148443,0.0126167,0.135826,time,-0.0272763,1,0.00534896,0.130478
f_seasonal,ALL-SEP|H63,^GSPC,design,2000-09-29,2000-10-02,2001-01-02,63,30806,27605,-0.103907,-0.104086,0.0150377,-0.119124,time,-0.117073,1,0.00296418,-0.122088
f_seasonal,ALL-SEP|H63,^GSPC,design,2001-09-28,2001-10-01,2001-12-31,63,22557.7,25025.5,0.1094,0.108956,0.00477421,0.104182,time,0,2,0.00142294,0.102759
f_seasonal,ALL-SEP|H63,^GSPC,design,2002-09-30,2002-10-01,2002-12-31,63,18697.3,19494.8,0.0426509,0.0422339,0.0033504,0.0388835,time,-0.0832348,2,-0.00452081,0.0434043
f_seasonal,ALL-SEP|H63,^GSPC,design,2003-09-30,2003-10-01,2003-12-31,63,22865.3,25086.7,0.0971519,0.0969325,0.00228929,0.0946432,time,0,1,0.000803784,0.0938394
f_seasonal,ALL-SEP|H63,^GSPC,design,2004-09-30,2004-10-01,2004-12-31,63,25852.6,27816.6,0.0759706,0.0757554,0.00503016,0.0707253,time,-0.0316953,1,0.0119994,0.0587259
f_seasonal,ALL-SEP|H63,^GSPC,design,2005-09-30,2005-10-03,2006-01-03,63,28537.3,29662.4,0.0394275,0.0392197,0.00957738,0.0296423,time,-0.0399801,1,0.0191096,0.0105326
f_seasonal,ALL-SEP|H63,^GSPC,design,2006-09-29,2006-10-02,2007-01-03,63,31564.2,33758.1,0.0695057,0.0692918,0.0122619,0.0570299,time,0,1,0.0120088,0.0450211
f_seasonal,ALL-SEP|H63,^GSPC,design,2007-09-28,2007-10-01,2007-12-31,63,37367.7,35648.7,-0.0460032,-0.046194,0.00850833,-0.0547023,time,-0.0876754,1,0.00776446,-0.0624668
f_seasonal,ALL-SEP|H63,^GSPC,test,2008-09-30,2008-10-01,2008-12-31,63,28646.9,22459.5,-0.215987,-0.216301,0.000743254,-0.217044,time,-0.349233,2,0.00504514,-0.222089
f_seasonal,ALL-SEP|H63,^GSPC,test,2009-09-30,2009-10-01,2009-12-31,63,26096.1,28403.3,0.0884116,0.0881939,0.000150397,0.0880435,time,-0.00446621,1,0.0133429,0.0747007
f_seasonal,ALL-SEP|H63,^GSPC,test,2010-09-30,2010-10-01,2010-12-31,63,29638.6,32681.8,0.102674,0.102454,0.000346825,0.102107,time,-0.00796384,1,0.0220313,0.0800758
f_seasonal,ALL-SEP|H63,^GSPC,test,2011-09-30,2011-10-03,2012-01-03,63,28997.6,33889.1,0.168688,0.16822,3.65079e-05,0.168184,time,0,2,0.041537,0.126647
f_seasonal,ALL-SEP|H63,^GSPC,test,2012-09-28,2012-10-01,2013-01-03,63,38964,39620.7,0.0168524,0.016649,0.000222222,0.0164268,time,-0.0600584,1,0.033436,-0.0170092
f_seasonal,ALL-SEP|H63,^GSPC,test,2013-09-30,2013-10-01,2013-12-31,63,46749.5,51250.9,0.0962876,0.0960683,0.000152778,0.0959156,time,-0.0228047,1,0.0317354,0.0641802
f_seasonal,ALL-SEP|H63,^GSPC,test,2014-09-30,2014-10-01,2014-12-31,63,54796.7,58266.3,0.0633177,0.0631051,5.59524e-05,0.0630491,time,-0.0422992,1,0.0378294,0.0252197
f_seasonal,ALL-SEP|H63,^GSPC,test,2015-09-30,2015-10-01,2015-12-31,63,55298.9,59072.6,0.068241,0.0680274,0.000311905,0.0677155,time,0,1,0.0317938,0.0359217
f_seasonal,ALL-SEP|H63,^GSPC,test,2016-09-30,2016-10-03,2017-01-03,63,63501.7,66700.6,0.0503758,0.0501657,0.00107381,0.0490919,time,-0.0336187,1,0.0276472,0.0214447
f_seasonal,ALL-SEP|H63,^GSPC,test,2017-09-29,2017-10-02,2018-01-02,63,75849,81249.3,0.0711974,0.0709832,0.00302778,0.0679554,time,0,1,0.029215,0.0387404
f_seasonal,ALL-SEP|H63,^GSPC,test,2018-09-28,2018-10-01,2019-01-02,63,89413.5,77141.9,-0.137246,-0.137418,0.00577897,-0.143197,time,-0.192203,1,0.0390903,-0.182287
f_seasonal,ALL-SEP|H63,^GSPC,test,2019-09-30,2019-10-01,2019-12-31,63,91743.7,101302,0.104187,0.103966,0.00393492,0.100031,time,-0.017905,1,0.0284713,0.0715598
f_seasonal,ALL-SEP|H63,^GSPC,test,2020-09-30,2020-10-01,2020-12-31,63,107526,119941,0.115458,0.115235,0.000232937,0.115002,time,-0.031822,1,0.0257189,0.0892832
f_seasonal,ALL-SEP|H63,^GSPC,test,2021-09-30,2021-10-01,2021-12-31,63,140637,154370,0.0976507,0.0974312,0.000136905,0.0972943,time,-0.0129267,1,0.0344629,0.0628314
f_seasonal,ALL-SEP|H63,^GSPC,test,2022-09-30,2022-10-03,2023-01-03,63,120569,125911,0.0443077,0.0438901,0.0101242,0.0337659,time,-0.0270641,2,0.0336858,8.00765e-05
f_seasonal,ALL-SEP|H63,^GSPC,test,2023-09-29,2023-10-02,2024-01-02,63,142944,158744,0.110536,0.110314,0.0132052,0.0971085,time,-0.0390991,1,0.0316767,0.0654318
f_seasonal,ALL-SEP|H63,^GSPC,test,2024-09-30,2024-10-01,2024-12-31,63,193078,199585,0.0337006,0.0334939,0.0110048,0.0224891,time,-0.00195823,1,0.0234377,-0.00094853
f_seasonal,ALL-SEP|H63,^GSPC,test,2025-09-30,2025-10-01,2025-12-31,63,229977,235271,0.02302,0.0228154,0.00931746,0.0134979,time,-0.0241303,1,0.0407231,-0.0272251
f_seasonal,ALL-SEP|H63,SPY,test_exec,2008-09-30,2008-10-01,2008-12-30,63,83.1962,64.7355,-0.221894,-0.222205,0.000772222,-0.222977,time,-0.34545,2,0.00478245,-0.22776
f_seasonal,ALL-SEP|H63,SPY,test_exec,2009-09-30,2009-10-01,2009-12-30,63,76.2681,83.7659,0.0983084,0.0980888,0.000151984,0.0979368,time,-0.00495073,1,0.0130217,0.0849151
f_seasonal,ALL-SEP|H63,SPY,test_exec,2010-09-30,2010-10-01,2010-12-30,63,86.8286,95.43,0.0990621,0.0988423,0.000348413,0.0984939,time,-0.0107835,1,0.0215573,0.0769366
f_seasonal,ALL-SEP|H63,SPY,test_exec,2011-09-30,2011-10-03,2011-12-30,63,86.6296,97.2617,0.122731,0.122282,3.65079e-05,0.122245,time,-0.0227576,2,0.0408292,0.0814159
f_seasonal,ALL-SEP|H63,SPY,test_exec,2012-09-28,2012-10-01,2013-01-02,63,113.679,115.706,0.0178237,0.0176202,0.000222619,0.0173976,time,-0.0610295,1,0.0328728,-0.0154752
f_seasonal,ALL-SEP|H63,SPY,test_exec,2013-09-30,2013-10-01,2013-12-30,63,135.153,148.559,0.0991913,0.0989715,0.000150794,0.0988207,time,-0.01582,1,0.0312483,0.0675724
f_seasonal,ALL-SEP|H63,SPY,test_exec,2014-09-30,2014-10-01,2014-12-30,63,161.185,171.055,0.0612389,0.0610267,5.51587e-05,0.0609715,time,-0.0530252,1,0.0371831,0.0237884
f_seasonal,ALL-SEP|H63,SPY,test_exec,2015-09-30,2015-10-01,2015-12-30,63,160.578,173.181,0.078486,0.0782704,0.000304762,0.0779656,time,0.000260324,1,0.0312342,0.0467313
f_seasonal,ALL-SEP|H63,SPY,test_exec,2016-09-30,2016-10-03,2016-12-30,63,184.309,192.019,0.0418289,0.0416206,0.00106548,0.0405551,time,-0.0336853,1,0.0270234,0.0135317
f_seasonal,ALL-SEP|H63,SPY,test_exec,2017-09-29,2017-10-02,2017-12-29,63,219.117,233.697,0.0665399,0.0663266,0.00301111,0.0633155,time,0.00330034,1,0.0286404,0.0346751
f_seasonal,ALL-SEP|H63,SPY,test_exec,2018-09-28,2018-10-01,2018-12-31,63,259.155,223.02,-0.139435,-0.139607,0.00577183,-0.145379,time,-0.193083,1,0.0383802,-0.183759
f_seasonal,ALL-SEP|H63,SPY,test_exec,2019-09-30,2019-10-01,2019-12-30,63,269.399,291.946,0.0836921,0.0834754,0.00394524,0.0795301,time,-0.0325119,1,0.0278317,0.0516984
f_seasonal,ALL-SEP|H63,SPY,test_exec,2020-09-30,2020-10-01,2020-12-30,63,311.455,344.553,0.106268,0.106047,0.000232937,0.105814,time,-0.0330185,1,0.0251341,0.0806797
f_seasonal,ALL-SEP|H63,SPY,test_exec,2021-09-30,2021-10-01,2021-12-30,63,403.097,446.918,0.108712,0.108491,0.000136111,0.108355,time,-0.0054294,1,0.0337135,0.0746411
f_seasonal,ALL-SEP|H63,SPY,test_exec,2022-09-30,2022-10-03,2022-12-30,63,342.829,364.768,0.0639917,0.0635662,0.0100821,0.053484,time,-0.0125181,2,0.0331456,0.0203384
f_seasonal,ALL-SEP|H63,SPY,test_exec,2023-09-29,2023-10-02,2023-12-29,63,411.433,460.248,0.118647,0.118423,0.0132103,0.105213,time,-0.0373636,1,0.0310639,0.0741488
f_seasonal,ALL-SEP|H63,SPY,test_exec,2024-09-30,2024-10-01,2024-12-30,63,560.466,576.887,0.0292985,0.0290927,0.0110155,0.0180772,time,-0.00976627,1,0.0229487,-0.00487148
f_seasonal,ALL-SEP|H63,SPY,test_exec,2025-09-30,2025-10-01,2025-12-30,63,656.092,681.686,0.0390096,0.0388018,0.00932857,0.0294732,time,-0.0160442,1,0.0399291,-0.0104559
f_seasonal,ALL-SEP|H63,^GSPC,full,1928-09-28,1928-10-01,1929-01-03,63,22.0501,25.9029,0.174728,0.174493,0.00862273,0.165871,time,-0.0109425,1,-0.0233273,0.189198
f_seasonal,ALL-SEP|H63,^GSPC,full,1929-09-30,1929-10-01,1930-01-06,63,32.0249,23.2084,-0.275301,-0.275446,0.0119909,-0.287437,time,-0.408371,1,-0.0179137,-0.269523
f_seasonal,ALL-SEP|H63,^GSPC,full,1930-09-30,1930-10-01,1931-01-05,63,21.6535,18.0269,-0.167481,-0.167647,0.00370195,-0.171349,time,-0.247583,1,0.00958623,-0.180935
f_seasonal,ALL-SEP|H63,^GSPC,full,1931-09-30,1931-10-01,1932-01-05,63,11.2974,9.14874,-0.19019,-0.190514,0.00408238,-0.194597,time,-0.19019,2,-0.00163274,-0.192964
f_seasonal,ALL-SEP|H63,^GSPC,full,1932-09-30,1932-10-03,1933-01-05,63,10.5503,9.49651,-0.0998823,-0.100242,0.000504286,-0.100747,time,-0.202187,2,0.0121392,-0.112886
f_seasonal,ALL-SEP|H63,^GSPC,full,1933-09-29,1933-10-02,1934-01-04,63,13.357,13.9588,0.0450568,0.0446388,0.00056342,0.0440754,time,-0.102959,2,0.0350161,0.00905928
f_seasonal,ALL-SEP|H63,^GSPC,full,1934-09-28,1934-10-01,1935-01-04,63,12.8143,13.9716,0.0903133,0.0900952,0.000309091,0.0897861,time,-0.00417225,1,0.0387735,0.0510126
f_seasonal,ALL-SEP|H63,^GSPC,full,1935-09-30,1935-10-01,1936-01-03,63,17.4379,20.7698,0.19107,0.190832,0.000404743,0.190427,time,-0.0329512,1,0.0499719,0.140455
f_seasonal,ALL-SEP|H63,^GSPC,full,1936-09-30,1936-10-01,1937-01-06,63,25.267,27.192,0.0761898,0.0757594,0.000305476,0.0754539,time,0,2,0.0300501,0.0454039
f_seasonal,ALL-SEP|H63,^GSPC,full,1937-09-30,1937-10-01,1938-01-04,63,22.6075,18.4261,-0.184958,-0.185284,0.00039,-0.185674,time,-0.251781,2,0.0270305,-0.212704
f_seasonal,ALL-SEP|H63,^GSPC,full,1938-09-30,1938-10-03,1939-01-06,63,22.0873,23.3067,0.0552086,0.0547866,-0.000524048,0.0553107,time,-0.00819838,2,0.00702067,0.04829
f_seasonal,ALL-SEP|H63,^GSPC,full,1939-09-29,1939-10-02,1940-01-04,63,23.7393,23.7439,0.000194506,-0.000205492,0,-0.000205492,time,-0.0458203,2,-0.00238911,0.00218362
f_seasonal,ALL-SEP|H63,^GSPC,full,1940-09-30,1940-10-01,1941-01-03,63,21.0629,21.2163,0.00728539,0.00708395,-9.09091e-06,0.00709304,time,-0.0297634,1,0.0199644,-0.0128714
f_seasonal,ALL-SEP|H63,^GSPC,full,1941-09-30,1941-10-01,1942-01-06,63,21.1886,19.2187,-0.0929709,-0.0931523,0.000128571,-0.0932809,time,-0.162428,1,0.0189322,-0.112213
f_seasonal,ALL-SEP|H63,^GSPC,full,1942-09-30,1942-10-01,1943-01-06,63,20.0962,22.6364,0.126401,0.126176,0.000930714,0.125245,time,0,1,0.0306753,0.0945696
f_seasonal,ALL-SEP|H63,^GSPC,full,1943-09-30,1943-10-01,1944-01-04,63,28.7438,28.4492,-0.0102484,-0.0104464,0.000913571,-0.0113599,time,-0.0839823,1,0.0306444,-0.0420043
f_seasonal,ALL-SEP|H63,^GSPC,full,1944-09-29,1944-10-02,1945-01-04,63,32.0335,34.1792,0.0669818,0.0667685,0.000826623,0.0659418,time,-0.00388744,1,0.0359808,0.029961
f_seasonal,ALL-SEP|H63,^GSPC,full,1945-09-28,1945-10-01,1946-01-07,63,42.7479,45.7551,0.0703474,0.0701333,0.000840909,0.0692924,time,-0.00151996,1,0.0356764,0.033616
f_seasonal,ALL-SEP|H63,^GSPC,full,1946-09-30,1946-10-01,1947-01-03,63,40.5652,41.983,0.0349513,0.0345374,0.000914229,0.0336232,time,-0.0525447,2,0.0283493,0.00527393
f_seasonal,ALL-SEP|H63,^GSPC,full,1947-09-30,1947-10-01,1948-01-06,63,43.2773,43.8384,0.0129669,0.0127644,0.00207273,0.0106916,time,-0.0261342,1,0.033247,-0.0225553
f_seasonal,ALL-SEP|H63,^GSPC,full,1948-09-30,1948-10-01,1949-01-04,63,47.2329,45.9755,-0.0266201,-0.0268147,0.00127524,-0.02809,time,-0.0505362,1,0.0287588,-0.0568487
f_seasonal,ALL-SEP|H63,^GSPC,full,1949-09-30,1949-10-03,1950-01-06,63,50.188,55.5684,0.107203,0.106982,0.00272643,0.104256,time,0,1,0.0371317,0.067124
f_seasonal,ALL-SEP|H63,^GSPC,full,1950-09-29,1950-10-02,1951-01-04,63,67.7129,73.0685,0.0790924,0.0788766,0.00352013,0.0753564,time,-0.0235937,1,0.034401,0.0409554
f_seasonal,ALL-SEP|H63,^GSPC,full,1951-09-28,1951-10-01,1952-01-04,63,86.4818,89.5226,0.0351604,0.0349534,0.00403182,0.0309216,time,-0.0371143,1,0.0467289,-0.0158073
f_seasonal,ALL-SEP|H63,^GSPC,full,1952-09-30,1952-10-01,1953-01-06,63,95.7255,105.019,0.097082,0.0968626,0.00416494,0.0926977,time,-0.0245678,1,0.0557286,0.0369691
f_seasonal,ALL-SEP|H63,^GSPC,full,1953-09-30,1953-10-01,1954-01-06,63,97.2251,105.595,0.0860858,0.0858686,0.00349246,0.0823761,time,-0.00354878,1,0.0467273,0.0356489
f_seasonal,ALL-SEP|H63,^GSPC,full,1954-09-30,1954-10-01,1955-01-03,63,140.904,162.184,0.151029,0.150799,0.00255754,0.148242,time,-0.016149,1,0.0327664,0.115475
f_seasonal,ALL-SEP|H63,^GSPC,full,1955-09-30,1955-10-03,1956-01-04,63,193.286,206.607,0.0689184,0.0684909,0.00586548,0.0626255,time,-0.0388846,2,0.0396155,0.0230099
f_seasonal,ALL-SEP|H63,^GSPC,full,1956-09-28,1956-10-01,1957-01-03,63,211.098,222.196,0.0525705,0.05236,0.00757619,0.0447839,time,-0.000850551,1,0.043206,0.00157782
f_seasonal,ALL-SEP|H63,^GSPC,full,1957-09-30,1957-10-01,1958-01-02,63,209.771,200.029,-0.0464407,-0.0466314,0.00826349,-0.0548949,time,-0.0860541,1,0.0259098,-0.0808047
f_seasonal,ALL-SEP|H63,^GSPC,full,1958-09-30,1958-10-01,1959-01-05,63,255.412,286.812,0.122939,0.122714,0.00672143,0.115993,time,0,1,0.0235331,0.0924595
f_seasonal,ALL-SEP|H63,^GSPC,full,1959-09-30,1959-10-01,1960-01-04,63,300.342,318.509,0.0604883,0.0602762,0.0106016,0.0496746,time,-0.014639,1,0.0151272,0.0345474
f_seasonal,ALL-SEP|H63,^GSPC,full,1960-09-30,1960-10-03,1961-01-04,63,291.18,321.272,0.103345,0.103124,0.00577579,0.0973487,time,-0.0194793,1,0.028811,0.0685377
f_seasonal,ALL-SEP|H63,^GSPC,full,1961-09-29,1961-10-02,1962-01-03,63,375.824,403.225,0.0729105,0.0726959,0.00616706,0.0665289,time,-0.000483425,1,0.0227271,0.0438017
f_seasonal,ALL-SEP|H63,^GSPC,full,1962-09-28,1962-10-01,1963-01-02,63,322.368,367.439,0.139812,0.139584,0.00702897,0.132555,time,-0.0337501,1,0.0214926,0.111062
f_seasonal,ALL-SEP|H63,^GSPC,full,1963-09-30,1963-10-01,1964-01-03,63,433.474,456.656,0.0534806,0.0532699,0.00874246,0.0445275,time,-0.0317693,1,0.0169645,0.0275629
f_seasonal,ALL-SEP|H63,^GSPC,full,1964-09-30,1964-10-01,1965-01-04,63,519.913,524.667,0.00914338,0.00894157,0.00922063,-0.000279066,time,-0.00436629,1,0.0130624,-0.0133414
f_seasonal,ALL-SEP|H63,^GSPC,full,1965-09-30,1965-10-01,1966-01-03,63,572.633,591.49,0.0329305,0.0327239,0.0104437,0.0222803,time,0,1,0.0224654,-0.000185149
f_seasonal,ALL-SEP|H63,^GSPC,full,1966-09-30,1966-10-03,1967-01-04,63,492.57,534.508,0.0851414,0.0849244,0.012996,0.0719284,time,-0.0221136,1,0.00611519,0.0658132
f_seasonal,ALL-SEP|H63,^GSPC,full,1967-09-29,1967-10-02,1968-01-03,63,654.508,655.131,0.000950842,0.000750672,0.0119012,-0.0111505,time,-0.0507695,1,8.3672e-05,-0.0112342
f_seasonal,ALL-SEP|H63,^GSPC,full,1968-09-30,1968-10-01,1969-01-16,63,719.394,719.882,0.000679191,0.000479076,0.0142425,-0.0137634,time,-0.0167126,1,-0.000126321,-0.0136371
f_seasonal,ALL-SEP|H63,^GSPC,full,1969-09-30,1969-10-01,1969-12-31,63,666.396,668.665,0.00340556,0.0032049,0.018371,-0.0151661,time,-0.0289662,1,0.0130373,-0.0282034
f_seasonal,ALL-SEP|H63,^GSPC,full,1970-09-30,1970-10-01,1970-12-31,63,630.766,695.667,0.102893,0.102672,0.0133937,0.0892787,time,-0.0131555,1,-0.000417909,0.0896966
f_seasonal,ALL-SEP|H63,^GSPC,full,1971-09-30,1971-10-01,1971-12-31,63,764.741,795.488,0.0402067,0.0399987,0.010556,0.0294428,time,-0.0842964,1,-0.0206272,0.0500699
f_seasonal,ALL-SEP|H63,^GSPC,full,1972-09-29,1972-10-02,1973-01-04,63,877.142,957.245,0.0913228,0.0911046,0.0121869,0.0789177,time,-0.0296805,1,-0.00399811,0.0829158
f_seasonal,ALL-SEP|H63,^GSPC,full,1973-09-28,1973-10-01,1973-12-31,63,886.645,805.885,-0.0910855,-0.0912673,0.0187496,-0.110017,time,-0.143363,1,0.00566068,-0.115678
f_seasonal,ALL-SEP|H63,^GSPC,full,1974-09-30,1974-10-01,1974-12-31,63,540.077,591.74,0.0956598,0.0952217,0.0184603,0.0767613,time,-0.0171035,2,-0.00283974,0.0796011
f_seasonal,ALL-SEP|H63,^GSPC,full,1975-09-30,1975-10-01,1975-12-31,63,739.573,812.681,0.0988511,0.0986314,0.0140603,0.0845711,time,0,1,-0.00853199,0.0931031
f_seasonal,ALL-SEP|H63,^GSPC,full,1976-09-30,1976-10-01,1977-01-03,63,965.194,1001.08,0.0371827,0.0369752,0.011646,0.0253292,time,-0.0475079,1,-0.00100083,0.02633
f_seasonal,ALL-SEP|H63,^GSPC,full,1977-09-30,1977-10-03,1978-01-03,63,934.963,917.961,-0.0181855,-0.0183819,0.0152857,-0.0336676,time,-0.0583306,1,0.0233862,-0.0570538
f_seasonal,ALL-SEP|H63,^GSPC,full,1978-09-29,1978-10-02,1979-01-02,63,1046.64,996.191,-0.0481967,-0.048387,0.0214552,-0.0698422,time,-0.0960031,1,0.00524057,-0.0750828
f_seasonal,ALL-SEP|H63,^GSPC,full,1979-09-28,1979-10-01,1979-12-31,63,1162.35,1171.19,0.0076062,0.0074047,0.0296353,-0.0222306,time,-0.0753292,1,0.00317237,-0.025403
f_seasonal,ALL-SEP|H63,^GSPC,full,1980-09-30,1980-10-01,1981-01-02,63,1434.62,1556.38,0.0848686,0.0846516,0.0340409,0.0506108,time,-0.0027203,1,0.0142116,0.0363991
f_seasonal,ALL-SEP|H63,^GSPC,full,1981-09-30,1981-10-01,1981-12-31,63,1386.61,1471.09,0.0609288,0.0607166,0.0294067,0.0313099,time,0,1,0.0110998,0.0202101
f_seasonal,ALL-SEP|H63,^GSPC,full,1982-09-30,1982-10-01,1982-12-31,63,1531.26,1787.89,0.167593,0.16736,0.0197766,0.147583,time,-0.00356637,1,0.015521,0.132062
f_seasonal,ALL-SEP|H63,^GSPC,full,1983-09-30,1983-10-03,1984-01-03,63,2178.95,2178.78,-7.91726e-05,-0.000279137,0.0220052,-0.0222843,time,-0.0201741,1,0.0157487,-0.038033
f_seasonal,ALL-SEP|H63,^GSPC,full,1984-09-28,1984-10-01,1984-12-31,63,2262.8,2324.96,0.0274744,0.0272689,0.0220683,0.00520067,time,-0.0168622,1,0.0259311,-0.0207304
f_seasonal,ALL-SEP|H63,^GSPC,full,1985-09-30,1985-10-01,1985-12-31,63,2655.25,3061.78,0.153103,0.152872,0.0179183,0.134954,time,-0.0166293,1,0.0243095,0.110644
f_seasonal,ALL-SEP|H63,^GSPC,full,1986-09-30,1986-10-01,1986-12-31,63,3474.68,3632.82,0.0455119,0.0453028,0.013379,0.0319238,time,0,1,0.025747,0.00617686
f_seasonal,ALL-SEP|H63,^GSPC,full,1987-09-30,1987-10-01,1987-12-31,63,5016.98,3819.93,-0.2386,-0.238752,0.0146698,-0.253422,time,-0.312057,1,0.0228327,-0.276255
f_seasonal,ALL-SEP|H63,^GSPC,full,1988-09-30,1988-10-03,1989-01-03,63,4314.05,4415.45,0.023505,0.0233003,0.0193409,0.0039594,time,-0.0232541,1,0.0243126,-0.0203532
f_seasonal,ALL-SEP|H63,^GSPC,full,1989-09-29,1989-10-02,1990-01-02,63,5774.79,5969.09,0.0336465,0.0334398,0.0191135,0.0143263,time,-0.0492518,1,0.0196855,-0.00535913
f_seasonal,ALL-SEP|H63,^GSPC,full,1990-09-28,1990-10-01,1990-12-31,63,5368.41,5682.66,0.0585373,0.0583257,0.0174857,0.0408399,time,-0.0610999,1,0.0213055,0.0195344
f_seasonal,ALL-SEP|H63,^GSPC,full,1991-09-30,1991-10-01,1991-12-31,63,6864.39,7413.91,0.0800532,0.0798372,0.011371,0.0684662,time,-0.0312106,1,0.0177694,0.0506968
f_seasonal,ALL-SEP|H63,^GSPC,full,1992-09-30,1992-10-01,1992-12-31,63,7568.95,7978.88,0.05416,0.0539492,0.00768452,0.0462647,time,-0.0321039,1,0.0198199,0.0264448
f_seasonal,ALL-SEP|H63,^GSPC,full,1993-09-30,1993-10-01,1993-12-31,63,8629.03,8782.98,0.0178418,0.0176383,0.00765317,0.00998511,time,-0.00612637,1,0.0319203,-0.0219352
f_seasonal,ALL-SEP|H63,^GSPC,full,1994-09-30,1994-10-03,1995-01-03,63,8885.31,8896.13,0.00121779,0.00101757,0.0132194,-0.0122019,time,-0.0304269,1,0.0345084,-0.0467103
f_seasonal,ALL-SEP|H63,^GSPC,full,1995-09-29,1995-10-02,1996-01-02,63,11495,12338.5,0.0733812,0.0731666,0.0131437,0.0600229,time,-0.00744979,1,0.0369479,0.023075
f_seasonal,ALL-SEP|H63,^GSPC,full,1996-09-30,1996-10-01,1996-12-31,63,13931.7,15054.1,0.0805624,0.0803463,0.0124377,0.0679086,time,0,1,0.041099,0.0268096
f_seasonal,ALL-SEP|H63,^GSPC,full,1997-09-30,1997-10-01,1997-12-31,63,19685.4,20076.6,0.0198742,0.0196702,0.0127298,0.00694044,time,-0.0815228,1,0.040124,-0.0331836
f_seasonal,ALL-SEP|H63,^GSPC,full,1998-09-30,1998-10-01,1998-12-31,63,20641.4,25814.3,0.250607,0.250106,0.0106254,0.239481,time,-0.0268991,2,0.0212895,0.218192
f_seasonal,ALL-SEP|H63,^GSPC,full,1999-09-30,1999-10-01,1999-12-31,63,27201.7,31245.9,0.148673,0.148443,0.0126167,0.135826,time,-0.0272763,1,0.00534896,0.130478
f_seasonal,ALL-SEP|H63,^GSPC,full,2000-09-29,2000-10-02,2001-01-02,63,30806,27605,-0.103907,-0.104086,0.0150377,-0.119124,time,-0.117073,1,0.00296418,-0.122088
f_seasonal,ALL-SEP|H63,^GSPC,full,2001-09-28,2001-10-01,2001-12-31,63,22557.7,25025.5,0.1094,0.108956,0.00477421,0.104182,time,0,2,0.00142294,0.102759
f_seasonal,ALL-SEP|H63,^GSPC,full,2002-09-30,2002-10-01,2002-12-31,63,18697.3,19494.8,0.0426509,0.0422339,0.0033504,0.0388835,time,-0.0832348,2,-0.00452081,0.0434043
f_seasonal,ALL-SEP|H63,^GSPC,full,2003-09-30,2003-10-01,2003-12-31,63,22865.3,25086.7,0.0971519,0.0969325,0.00228929,0.0946432,time,0,1,0.000803784,0.0938394
f_seasonal,ALL-SEP|H63,^GSPC,full,2004-09-30,2004-10-01,2004-12-31,63,25852.6,27816.6,0.0759706,0.0757554,0.00503016,0.0707253,time,-0.0316953,1,0.0119994,0.0587259
f_seasonal,ALL-SEP|H63,^GSPC,full,2005-09-30,2005-10-03,2006-01-03,63,28537.3,29662.4,0.0394275,0.0392197,0.00957738,0.0296423,time,-0.0399801,1,0.00228835,0.0273539
f_seasonal,ALL-SEP|H63,^GSPC,full,2006-09-29,2006-10-02,2007-01-03,63,31564.2,33758.1,0.0695057,0.0692918,0.0122619,0.0570299,time,0,1,0.00438526,0.0526447
f_seasonal,ALL-SEP|H63,^GSPC,full,2007-09-28,2007-10-01,2007-12-31,63,37367.7,35648.7,-0.0460032,-0.046194,0.00850833,-0.0547023,time,-0.0876754,1,0.00535667,-0.060059
f_seasonal,ALL-SEP|H63,^GSPC,full,2008-09-30,2008-10-01,2008-12-31,63,28646.9,22459.5,-0.215987,-0.216301,0.000743254,-0.217044,time,-0.349233,2,0.00526416,-0.222308
f_seasonal,ALL-SEP|H63,^GSPC,full,2009-09-30,2009-10-01,2009-12-31,63,26096.1,28403.3,0.0884116,0.0881939,0.000150397,0.0880435,time,-0.00446621,1,0.00854977,0.0794938
f_seasonal,ALL-SEP|H63,^GSPC,full,2010-09-30,2010-10-01,2010-12-31,63,29638.6,32681.8,0.102674,0.102454,0.000346825,0.102107,time,-0.00796384,1,0.0169823,0.0851248
f_seasonal,ALL-SEP|H63,^GSPC,full,2011-09-30,2011-10-03,2012-01-03,63,28997.6,33889.1,0.168688,0.16822,3.65079e-05,0.168184,time,0,2,0.041537,0.126647
f_seasonal,ALL-SEP|H63,^GSPC,full,2012-09-28,2012-10-01,2013-01-03,63,38964,39620.7,0.0168524,0.016649,0.000222222,0.0164268,time,-0.0600584,1,0.033436,-0.0170092
f_seasonal,ALL-SEP|H63,^GSPC,full,2013-09-30,2013-10-01,2013-12-31,63,46749.5,51250.9,0.0962876,0.0960683,0.000152778,0.0959156,time,-0.0228047,1,0.0317354,0.0641802
f_seasonal,ALL-SEP|H63,^GSPC,full,2014-09-30,2014-10-01,2014-12-31,63,54796.7,58266.3,0.0633177,0.0631051,5.59524e-05,0.0630491,time,-0.0422992,1,0.0378294,0.0252197
f_seasonal,ALL-SEP|H63,^GSPC,full,2015-09-30,2015-10-01,2015-12-31,63,55298.9,59072.6,0.068241,0.0680274,0.000311905,0.0677155,time,0,1,0.0317938,0.0359217
f_seasonal,ALL-SEP|H63,^GSPC,full,2016-09-30,2016-10-03,2017-01-03,63,63501.7,66700.6,0.0503758,0.0501657,0.00107381,0.0490919,time,-0.0336187,1,0.0276472,0.0214447
f_seasonal,ALL-SEP|H63,^GSPC,full,2017-09-29,2017-10-02,2018-01-02,63,75849,81249.3,0.0711974,0.0709832,0.00302778,0.0679554,time,0,1,0.029215,0.0387404
f_seasonal,ALL-SEP|H63,^GSPC,full,2018-09-28,2018-10-01,2019-01-02,63,89413.5,77141.9,-0.137246,-0.137418,0.00577897,-0.143197,time,-0.192203,1,0.0390903,-0.182287
f_seasonal,ALL-SEP|H63,^GSPC,full,2019-09-30,2019-10-01,2019-12-31,63,91743.7,101302,0.104187,0.103966,0.00393492,0.100031,time,-0.017905,1,0.0284713,0.0715598
f_seasonal,ALL-SEP|H63,^GSPC,full,2020-09-30,2020-10-01,2020-12-31,63,107526,119941,0.115458,0.115235,0.000232937,0.115002,time,-0.031822,1,0.0257189,0.0892832
f_seasonal,ALL-SEP|H63,^GSPC,full,2021-09-30,2021-10-01,2021-12-31,63,140637,154370,0.0976507,0.0974312,0.000136905,0.0972943,time,-0.0129267,1,0.0344629,0.0628314
f_seasonal,ALL-SEP|H63,^GSPC,full,2022-09-30,2022-10-03,2023-01-03,63,120569,125911,0.0443077,0.0438901,0.0101242,0.0337659,time,-0.0270641,2,0.0336858,8.00765e-05
f_seasonal,ALL-SEP|H63,^GSPC,full,2023-09-29,2023-10-02,2024-01-02,63,142944,158744,0.110536,0.110314,0.0132052,0.0971085,time,-0.0390991,1,0.0316767,0.0654318
f_seasonal,ALL-SEP|H63,^GSPC,full,2024-09-30,2024-10-01,2024-12-31,63,193078,199585,0.0337006,0.0334939,0.0110048,0.0224891,time,-0.00195823,1,0.0234377,-0.00094853
f_seasonal,ALL-SEP|H63,^GSPC,full,2025-09-30,2025-10-01,2025-12-31,63,229977,235271,0.02302,0.0228154,0.00931746,0.0134979,time,-0.0241303,1,0.0407231,-0.0272251
f_seasonal,ALL-SEP|H84,^GSPC,design,1928-09-28,1928-10-01,1929-02-01,84,22.0501,27.0016,0.224557,0.224312,0.0119136,0.212398,time,-0.0109425,1,-0.0368677,0.249266
f_seasonal,ALL-SEP|H84,^GSPC,design,1929-09-30,1929-10-01,1930-02-04,84,32.0249,24.9303,-0.221534,-0.221689,0.0135158,-0.235205,time,-0.408371,1,-0.0295101,-0.205695
f_seasonal,ALL-SEP|H84,^GSPC,design,1930-09-30,1930-10-01,1931-02-03,84,21.6535,18.4698,-0.147028,-0.147198,0.00510354,-0.152302,time,-0.247583,1,0.00998745,-0.162289
f_seasonal,ALL-SEP|H84,^GSPC,design,1931-09-30,1931-10-01,1932-02-03,84,11.2974,9.88095,-0.125378,-0.125728,0.00651554,-0.132243,time,-0.19019,2,-0.00744509,-0.124798
f_seasonal,ALL-SEP|H84,^GSPC,design,1932-09-30,1932-10-03,1933-02-03,84,10.5503,8.76152,-0.169547,-0.169879,0.00054,-0.170419,time,-0.202187,2,0.0158835,-0.186303
f_seasonal,ALL-SEP|H84,^GSPC,design,1933-09-29,1933-10-02,1934-02-02,84,13.357,16.1347,0.207961,0.207478,0.00101746,0.206461,time,-0.102959,2,0.0463474,0.160113
f_seasonal,ALL-SEP|H84,^GSPC,design,1934-09-28,1934-10-01,1935-02-04,84,12.8143,13.2616,0.0349017,0.0346947,0.000417677,0.034277,time,-0.00417225,1,0.0520423,-0.0177653
f_seasonal,ALL-SEP|H84,^GSPC,design,1935-09-30,1935-10-01,1936-02-03,84,17.4379,22.1982,0.272981,0.272726,0.000500915,0.272225,time,-0.0329512,1,0.0663747,0.20585
f_seasonal,ALL-SEP|H84,^GSPC,design,1936-09-30,1936-10-01,1937-02-04,84,25.267,28.9781,0.146876,0.146418,0.000434921,0.145983,time,0,2,0.0388629,0.10712
f_seasonal,ALL-SEP|H84,^GSPC,design,1937-09-30,1937-10-01,1938-02-02,84,22.6075,18.1128,-0.198816,-0.199136,0.00039,-0.199526,time,-0.251781,2,0.035354,-0.23488
f_seasonal,ALL-SEP|H84,^GSPC,design,1938-09-30,1938-10-03,1939-02-06,84,22.0873,22.3134,0.0102367,0.00983271,-0.000582778,0.0104155,time,-0.0669779,2,0.00733603,0.00307946
f_seasonal,ALL-SEP|H84,^GSPC,design,1939-09-29,1939-10-02,1940-02-02,84,23.7393,22.5898,-0.0484225,-0.0488031,0,-0.0488031,time,-0.0503156,2,-0.00271293,-0.0460902
f_seasonal,ALL-SEP|H84,^GSPC,design,1940-09-30,1940-10-01,1941-02-03,84,21.0629,19.818,-0.0591015,-0.0592896,-0.000105263,-0.0591844,time,-0.0591015,1,0.0273648,-0.0865491
f_seasonal,ALL-SEP|H84,^GSPC,design,1941-09-30,1941-10-01,1942-02-04,84,21.1886,19.1746,-0.0950481,-0.095229,0.000316667,-0.0955457,time,-0.162428,1,0.0260361,-0.121582
f_seasonal,ALL-SEP|H84,^GSPC,design,1942-09-30,1942-10-01,1943-02-04,84,20.0962,23.9874,0.193628,0.193389,0.00125238,0.192137,time,0,1,0.0426421,0.149495
f_seasonal,ALL-SEP|H84,^GSPC,design,1943-09-30,1943-10-01,1944-02-02,84,28.7438,28.5481,-0.00680715,-0.00700577,0.001215,-0.00822077,time,-0.0839823,1,0.042212,-0.0504327
f_seasonal,ALL-SEP|H84,^GSPC,design,1944-09-29,1944-10-02,1945-02-02,84,32.0335,34.5947,0.0799526,0.0797366,0.00110794,0.0786287,time,-0.00388744,1,0.0482141,0.0304146
f_seasonal,ALL-SEP|H84,^GSPC,design,1945-09-28,1945-10-01,1946-02-05,84,42.7479,49.5815,0.159858,0.159626,0.00113636,0.158489,time,-0.00151996,1,0.0466898,0.1118
f_seasonal,ALL-SEP|H84,^GSPC,design,1946-09-30,1946-10-01,1947-02-03,84,40.5652,43.6383,0.0757573,0.0753271,0.00120275,0.0741243,time,-0.0525447,2,0.0383888,0.0357356
f_seasonal,ALL-SEP|H84,^GSPC,design,1947-09-30,1947-10-01,1948-02-04,84,43.2773,40.7055,-0.0594257,-0.0596138,0.00278939,-0.0624032,time,-0.0594257,1,0.0451835,-0.107587
f_seasonal,ALL-SEP|H84,^GSPC,design,1948-09-30,1948-10-01,1949-02-02,84,47.2329,47.1973,-0.000754334,-0.000954163,0.00227474,-0.0032289,time,-0.0505362,1,0.0382355,-0.0414644
f_seasonal,ALL-SEP|H84,^GSPC,design,1949-09-30,1949-10-03,1950-02-06,84,50.188,57.0028,0.135784,0.135557,0.003655,0.131902,time,0,1,0.0496535,0.0822482
f_seasonal,ALL-SEP|H84,^GSPC,design,1950-09-29,1950-10-02,1951-02-02,84,67.7129,77.3329,0.14207,0.141842,0.00475397,0.137088,time,-0.0235937,1,0.047134,0.0899538
f_seasonal,ALL-SEP|H84,^GSPC,design,1951-09-28,1951-10-01,1952-02-04,84,86.4818,90.7123,0.0489179,0.0487081,0.00545359,0.0432545,time,-0.0371143,1,0.0639648,-0.0207103
f_seasonal,ALL-SEP|H84,^GSPC,design,1952-09-30,1952-10-01,1953-02-04,84,95.7255,105.253,0.0995287,0.0993088,0.0057697,0.0935391,time,-0.0245678,1,0.0741855,0.0193536
f_seasonal,ALL-SEP|H84,^GSPC,design,1953-09-30,1953-10-01,1954-02-04,84,97.2251,110.57,0.13726,0.137033,0.0044369,0.132596,time,-0.00354878,1,0.0615185,0.0710774
f_seasonal,ALL-SEP|H84,^GSPC,design,1954-09-30,1954-10-01,1955-02-01,84,140.904,162.639,0.154256,0.154025,0.00358135,0.150444,time,-0.016149,1,0.043736,0.106708
f_seasonal,ALL-SEP|H84,^GSPC,design,1955-09-30,1955-10-03,1956-02-02,84,193.286,203.668,0.053713,0.0532916,0.00785913,0.0454324,time,-0.0388846,2,0.0536853,-0.00825288
f_seasonal,ALL-SEP|H84,^GSPC,design,1956-09-28,1956-10-01,1957-02-01,84,211.098,213.436,0.0110764,0.0108742,0.0101619,0.000712316,time,-0.000850551,1,0.0575545,-0.0568422
f_seasonal,ALL-SEP|H84,^GSPC,design,1957-09-30,1957-10-01,1958-01-31,84,209.771,207.571,-0.0104848,-0.0106827,0.0102837,-0.0209664,time,-0.0860541,1,0.035084,-0.0560504
f_seasonal,ALL-SEP|H84,^GSPC,design,1958-09-30,1958-10-01,1959-02-03,84,255.412,285.606,0.118218,0.117994,0.00908214,0.108912,time,0,1,0.0313579,0.0775539
f_seasonal,ALL-SEP|H84,^GSPC,design,1959-09-30,1959-10-01,1960-02-02,84,300.342,302.898,0.00851302,0.00831134,0.0141921,-0.00588072,time,-0.014639,1,0.0220895,-0.0279702
f_seasonal,ALL-SEP|H84,^GSPC,design,1960-09-30,1960-10-03,1961-02-02,84,291.18,343.888,0.181015,0.180779,0.00764881,0.17313,time,-0.0194793,1,0.0392186,0.133912
f_seasonal,ALL-SEP|H84,^GSPC,design,1961-09-29,1961-10-02,1962-02-01,84,375.824,393.586,0.047263,0.0470536,0.00843254,0.0386211,time,-0.000483425,1,0.0299018,0.00871929
f_seasonal,ALL-SEP|H84,^GSPC,design,1962-09-28,1962-10-01,1963-01-31,84,322.368,389.072,0.206919,0.206678,0.00945357,0.197224,time,-0.0337501,1,0.0289894,0.168235
f_seasonal,ALL-SEP|H84,^GSPC,design,1963-09-30,1963-10-01,1964-02-03,84,433.474,466.713,0.0766809,0.0764656,0.011677,0.0647886,time,-0.0317693,1,0.0226586,0.04213
f_seasonal,ALL-SEP|H84,^GSPC,design,1964-09-30,1964-10-01,1965-02-02,84,519.913,546.674,0.0514721,0.0512618,0.0123988,0.038863,time,-0.00436629,1,0.0178885,0.0209745
f_seasonal,ALL-SEP|H84,^GSPC,design,1965-09-30,1965-10-01,1966-02-01,84,572.633,592.812,0.0352379,0.0350309,0.0142718,0.0207591,time,0,1,0.0281922,-0.00743315
f_seasonal,ALL-SEP|H84,^GSPC,design,1966-09-30,1966-10-03,1967-02-02,84,492.57,577.144,0.1717,0.171466,0.0169024,0.154563,time,-0.0221136,1,0.00720378,0.14736
f_seasonal,ALL-SEP|H84,^GSPC,design,1967-09-29,1967-10-02,1968-02-01,84,654.508,635.471,-0.0290867,-0.0292809,0.0160548,-0.0453356,time,-0.0507695,1,0.00112985,-0.0464655
f_seasonal,ALL-SEP|H84,^GSPC,design,1968-09-30,1968-10-01,1969-02-17,84,719.394,723.539,0.00576253,0.0055614,0.0193508,-0.0137894,time,-0.0167126,1,0.000912389,-0.0147018
f_seasonal,ALL-SEP|H84,^GSPC,design,1969-09-30,1969-10-01,1970-01-30,84,666.396,619.343,-0.0706077,-0.0707936,0.0249278,-0.0957214,time,-0.0706077,1,0.0177095,-0.113431
f_seasonal,ALL-SEP|H84,^GSPC,design,1970-09-30,1970-10-01,1971-02-01,84,630.766,729.928,0.157209,0.156977,0.017077,0.139901,time,-0.0131555,1,-0.00140196,0.141302
f_seasonal,ALL-SEP|H84,^GSPC,design,1971-09-30,1971-10-01,1972-01-31,84,764.741,811.91,0.0616804,0.0614681,0.0133762,0.0480919,time,-0.0842964,1,-0.0261973,0.0742892
f_seasonal,ALL-SEP|H84,^GSPC,design,1972-09-29,1972-10-02,1973-02-05,84,877.142,917.849,0.0464088,0.0461995,0.0167472,0.0294523,time,-0.0296805,1,-0.00262632,0.0320786
f_seasonal,ALL-SEP|H84,^GSPC,design,1973-09-28,1973-10-01,1974-01-30,84,886.645,804.205,-0.0929805,-0.0931619,0.0252361,-0.118398,time,-0.143363,1,0.00724001,-0.125638
f_seasonal,ALL-SEP|H84,^GSPC,design,1974-09-30,1974-10-01,1975-01-30,84,540.077,660.496,0.222968,0.222479,0.0236968,0.198782,time,-0.0171035,2,-0.00474245,0.203524
f_seasonal,ALL-SEP|H84,^GSPC,design,1975-09-30,1975-10-01,1976-01-30,84,739.573,911.695,0.232731,0.232484,0.0181175,0.214367,time,0,1,-0.011287,0.225654
f_seasonal,ALL-SEP|H84,^GSPC,design,1976-09-30,1976-10-01,1977-02-01,84,965.194,962.528,-0.00276246,-0.00296188,0.0155079,-0.0184698,time,-0.0475079,1,0.000563166,-0.019033
f_seasonal,ALL-SEP|H84,^GSPC,design,1977-09-30,1977-10-03,1978-02-01,84,934.963,883.749,-0.0547766,-0.0549656,0.0206619,-0.0756275,time,-0.069739,1,0.03053,-0.106158
f_seasonal,ALL-SEP|H84,^GSPC,design,1978-09-29,1978-10-02,1979-01-31,84,1046.64,1033.55,-0.0125052,-0.0127026,0.029244,-0.0419467,time,-0.0960031,1,0.00498812,-0.0469348
f_seasonal,ALL-SEP|H84,^GSPC,design,1979-09-28,1979-10-01,1980-01-30,84,1162.35,1255.31,0.0799786,0.0797626,0.0396337,0.0401289,time,-0.0753292,1,0.00466426,0.0354646
f_seasonal,ALL-SEP|H84,^GSPC,design,1980-09-30,1980-10-01,1981-02-02,84,1434.62,1454.4,0.0137853,0.0135826,0.046569,-0.0329865,time,-0.0027203,1,0.0195215,-0.0525079
f_seasonal,ALL-SEP|H84,^GSPC,design,1981-09-30,1981-10-01,1982-02-01,84,1386.61,1420.56,0.024486,0.0242811,0.0396929,-0.0154118,time,-0.00366261,1,0.0148162,-0.030228
f_seasonal,ALL-SEP|H84,^GSPC,design,1982-09-30,1982-10-01,1983-01-31,84,1531.26,1854.48,0.211078,0.210835,0.0263234,0.184512,time,-0.00356637,1,0.0209144,0.163598
f_seasonal,ALL-SEP|H84,^GSPC,design,1983-09-30,1983-10-03,1984-02-01,84,2178.95,2169.26,-0.0044482,-0.00464729,0.0294202,-0.0340675,time,-0.0201741,1,0.0228532,-0.0569207
f_seasonal,ALL-SEP|H84,^GSPC,design,1984-09-28,1984-10-01,1985-01-30,84,2262.8,2503.03,0.106168,0.105946,0.0285194,0.0774269,time,-0.0168622,1,0.0353838,0.042043
f_seasonal,ALL-SEP|H84,^GSPC,design,1985-09-30,1985-10-01,1986-01-30,84,2655.25,3043.18,0.146098,0.145869,0.0238187,0.12205,time,-0.0166293,1,0.0323235,0.0897267
f_seasonal,ALL-SEP|H84,^GSPC,design,1986-09-30,1986-10-01,1987-01-30,84,3474.68,4122.21,0.186356,0.186119,0.0178976,0.168221,time,0,1,0.0344694,0.133751
f_seasonal,ALL-SEP|H84,^GSPC,design,1987-09-30,1987-10-01,1988-02-01,84,5016.98,3949.56,-0.212762,-0.212919,0.0195111,-0.23243,time,-0.312057,1,0.0304531,-0.262883
f_seasonal,ALL-SEP|H84,^GSPC,design,1988-09-30,1988-10-03,1989-02-01,84,4314.05,4774.22,0.106668,0.106447,0.0262361,0.0802106,time,-0.0232541,1,0.0331303,0.0470803
f_seasonal,ALL-SEP|H84,^GSPC,design,1989-09-29,1989-10-02,1990-01-31,84,5774.79,5471.05,-0.0525978,-0.0527872,0.0254794,-0.0782666,time,-0.0701571,1,0.0254628,-0.103729
f_seasonal,ALL-SEP|H84,^GSPC,design,1990-09-28,1990-10-01,1991-01-30,84,5368.41,5878.05,0.0949323,0.0947134,0.0226667,0.0720467,time,-0.0610999,1,0.0289889,0.0430578
f_seasonal,ALL-SEP|H84,^GSPC,design,1991-09-30,1991-10-01,1992-01-30,84,6864.39,7325.96,0.0672402,0.0670267,0.0145397,0.0524871,time,-0.0312106,1,0.0235464,0.0289407
f_seasonal,ALL-SEP|H84,^GSPC,design,1992-09-30,1992-10-01,1993-02-01,84,7568.95,8115.68,0.0722338,0.0720194,0.0101794,0.0618401,time,-0.0321039,1,0.0275591,0.034281
f_seasonal,ALL-SEP|H84,^GSPC,design,1993-09-30,1993-10-01,1994-01-31,84,8629.03,9081.62,0.0524506,0.0522401,0.0101325,0.0421076,time,-0.00612637,1,0.0433819,-0.00127431
f_seasonal,ALL-SEP|H84,^GSPC,design,1994-09-30,1994-10-03,1995-02-01,84,8885.31,9130.01,0.0275391,0.0273336,0.0179873,0.0093463,time,-0.0304269,1,0.0457105,-0.0363642
f_seasonal,ALL-SEP|H84,^GSPC,design,1995-09-29,1995-10-02,1996-01-31,84,11495,12659.7,0.101325,0.101104,0.0173107,0.0837936,time,-0.00744979,1,0.0510081,0.0327854
f_seasonal,ALL-SEP|H84,^GSPC,design,1996-09-30,1996-10-01,1997-01-30,84,13931.7,15954.1,0.145159,0.14493,0.0166321,0.128297,time,0,1,0.0554792,0.0728183
f_seasonal,ALL-SEP|H84,^GSPC,design,1997-09-30,1997-10-01,1998-02-02,84,19685.4,20733.5,0.0532465,0.0530359,0.0169298,0.0361061,time,-0.0815228,1,0.0533879,-0.0172818
f_seasonal,ALL-SEP|H84,^GSPC,design,1998-09-30,1998-10-01,1999-02-02,84,20641.4,26523.8,0.284979,0.284465,0.0142448,0.270221,time,-0.0268991,2,0.028271,0.24195
f_seasonal,ALL-SEP|H84,^GSPC,design,1999-09-30,1999-10-01,2000-02-01,84,27201.7,29991.4,0.102553,0.102333,0.0170575,0.0852751,time,-0.0272763,1,0.00643249,0.0788426
f_seasonal,ALL-SEP|H84,^GSPC,design,2000-09-29,2000-10-02,2001-02-01,84,30806,29572,-0.0400564,-0.0402483,0.0192933,-0.0595416,time,-0.117073,1,0.00480401,-0.0643456
f_seasonal,ALL-SEP|H84,^GSPC,design,2001-09-28,2001-10-01,2002-01-31,84,22557.7,24660.2,0.0932072,0.09277,0.00615198,0.086618,time,0,2,0.000497139,0.0861209
f_seasonal,ALL-SEP|H84,^GSPC,design,2002-09-30,2002-10-01,2003-01-31,84,18697.3,18984,0.0153358,0.0149298,0.0043246,0.0106052,time,-0.0832348,2,-0.00622917,0.0168343
f_seasonal,ALL-SEP|H84,^GSPC,design,2003-09-30,2003-10-01,2004-02-02,84,22865.3,25640.8,0.121388,0.121163,0.00302698,0.118136,time,0,1,0.00210627,0.11603
f_seasonal,ALL-SEP|H84,^GSPC,design,2004-09-30,2004-10-01,2005-02-01,84,25852.6,27325.7,0.0569809,0.0567696,0.00698016,0.0497894,time,-0.0316953,1,0.0147255,0.0350639
f_seasonal,ALL-SEP|H84,^GSPC,design,2005-09-30,2005-10-03,2006-02-02,84,28537.3,29750.7,0.0425205,0.042312,0.0131246,0.0291874,time,-0.0399801,1,0.0256159,0.00357149
f_seasonal,ALL-SEP|H84,^GSPC,design,2006-09-29,2006-10-02,2007-02-02,84,31564.2,34553.7,0.0947115,0.0944926,0.0164139,0.0780787,time,0,1,0.0150002,0.0630785
f_seasonal,ALL-SEP|H84,^GSPC,design,2007-09-28,2007-10-01,2008-01-31,84,37367.7,33510.4,-0.103225,-0.103404,0.0108028,-0.114207,time,-0.147797,1,0.0102747,-0.124482
f_seasonal,ALL-SEP|H84,^GSPC,test,2008-09-30,2008-10-01,2009-02-02,84,28646.9,20555.6,-0.282448,-0.282735,0.000857143,-0.283592,time,-0.349233,2,0.00853764,-0.29213
f_seasonal,ALL-SEP|H84,^GSPC,test,2009-09-30,2009-10-01,2010-02-02,84,26096.1,28132.6,0.0780399,0.0778243,0.000204762,0.0776195,time,-0.00446621,1,0.0189179,0.0587016
f_seasonal,ALL-SEP|H84,^GSPC,test,2010-09-30,2010-10-01,2011-02-01,84,29638.6,34015,0.147657,0.147427,0.000473413,0.146954,time,-0.00796384,1,0.0300767,0.116877
f_seasonal,ALL-SEP|H84,^GSPC,test,2011-09-30,2011-10-03,2012-02-02,84,28997.6,35226.5,0.214808,0.214323,6.86508e-05,0.214254,time,0,2,0.0564899,0.157764
f_seasonal,ALL-SEP|H84,^GSPC,test,2012-09-28,2012-10-01,2013-02-04,84,38964,40654.2,0.0433767,0.043168,0.000282937,0.0428851,time,-0.0600584,1,0.043332,-0.000446849
f_seasonal,ALL-SEP|H84,^GSPC,test,2013-09-30,2013-10-01,2014-01-31,84,46749.5,49478.9,0.0583822,0.0581706,0.000188889,0.0579817,time,-0.0228047,1,0.0420275,0.0159542
f_seasonal,ALL-SEP|H84,^GSPC,test,2014-09-30,2014-10-01,2015-02-02,84,54796.7,57251.2,0.0447929,0.044584,7.85714e-05,0.0445054,time,-0.0422992,1,0.0507477,-0.00624226
f_seasonal,ALL-SEP|H84,^GSPC,test,2015-09-30,2015-10-01,2016-02-02,84,55298.9,55067.9,-0.00417892,-0.00437806,0.000531746,-0.00490981,time,-0.0273154,1,0.0416025,-0.0465123
f_seasonal,ALL-SEP|H84,^GSPC,test,2016-09-30,2016-10-03,2017-02-02,84,63501.7,67469.9,0.0624908,0.0622783,0.00149881,0.0607795,time,-0.0336187,1,0.0372612,0.0235183
f_seasonal,ALL-SEP|H84,^GSPC,test,2017-09-29,2017-10-02,2018-02-01,84,75849,85151.1,0.122639,0.122415,0.00420714,0.118207,time,0,1,0.0395082,0.0786993
f_seasonal,ALL-SEP|H84,^GSPC,test,2018-09-28,2018-10-01,2019-02-01,84,89413.5,83303.7,-0.0683315,-0.0685178,0.00775675,-0.0762746,time,-0.192203,1,0.052764,-0.129039
f_seasonal,ALL-SEP|H84,^GSPC,test,2019-09-30,2019-10-01,2020-01-31,84,91743.7,101262,0.103754,0.103533,0.00520357,0.0983295,time,-0.017905,1,0.0376542,0.0606753
f_seasonal,ALL-SEP|H84,^GSPC,test,2020-09-30,2020-10-01,2021-02-02,84,107526,122314,0.137528,0.1373,0.000301587,0.136999,time,-0.031822,1,0.0341449,0.102854
f_seasonal,ALL-SEP|H84,^GSPC,test,2021-09-30,2021-10-01,2022-02-01,84,140637,147387,0.0479983,0.0477887,0.000263492,0.0475252,time,-0.0129267,1,0.0465811,0.000944132
f_seasonal,ALL-SEP|H84,^GSPC,test,2022-09-30,2022-10-03,2023-02-02,84,120569,137763,0.142609,0.142152,0.0139107,0.128241,time,-0.0270641,2,0.0443151,0.0839261
f_seasonal,ALL-SEP|H84,^GSPC,test,2023-09-29,2023-10-02,2024-02-01,84,142944,164362,0.149838,0.149608,0.0175591,0.132049,time,-0.0390991,1,0.0418026,0.0902465
f_seasonal,ALL-SEP|H84,^GSPC,test,2024-09-30,2024-10-01,2025-02-03,84,193078,203595,0.054467,0.0542561,0.0145135,0.0397426,time,-0.00195823,1,0.0314029,0.00833975
f_seasonal,ALL-SEP|H84,^GSPC,test,2025-09-30,2025-10-01,2026-02-02,84,229977,239980,0.0434973,0.0432886,0.0122901,0.0309985,time,-0.0241303,1,0.0551718,-0.0241733
f_seasonal,ALL-SEP|H84,SPY,test_exec,2008-09-30,2008-10-01,2009-01-30,84,83.1962,60.268,-0.275592,-0.275882,0.000879762,-0.276762,time,-0.34545,2,0.00819533,-0.284957
f_seasonal,ALL-SEP|H84,SPY,test_exec,2009-09-30,2009-10-01,2010-02-01,84,76.2681,81.1901,0.0645353,0.0643224,0.000204762,0.0641176,time,-0.00495073,1,0.0185302,0.0455874
f_seasonal,ALL-SEP|H84,SPY,test_exec,2010-09-30,2010-10-01,2011-01-31,84,86.8286,97.6769,0.124939,0.124714,0.00047381,0.12424,time,-0.0107835,1,0.0295737,0.0946664
f_seasonal,ALL-SEP|H84,SPY,test_exec,2011-09-30,2011-10-03,2012-02-01,84,86.6296,102.663,0.185085,0.184611,6.62698e-05,0.184544,time,-0.0227576,2,0.0556164,0.128928
f_seasonal,ALL-SEP|H84,SPY,test_exec,2012-09-28,2012-10-01,2013-02-01,84,113.679,119.809,0.0539204,0.0537096,0.00028373,0.0534259,time,-0.0610295,1,0.0426768,0.0107491
f_seasonal,ALL-SEP|H84,SPY,test_exec,2013-09-30,2013-10-01,2014-01-30,84,135.153,144.849,0.0717443,0.07153,0.000188889,0.0713411,time,-0.01582,1,0.0414459,0.0298952
f_seasonal,ALL-SEP|H84,SPY,test_exec,2014-09-30,2014-10-01,2015-01-30,84,161.185,164.34,0.0195769,0.0193731,7.85714e-05,0.0192945,time,-0.0530252,1,0.0499811,-0.0306867
f_seasonal,ALL-SEP|H84,SPY,test_exec,2015-09-30,2015-10-01,2016-02-01,84,160.578,162.854,0.0141738,0.013971,0.00051746,0.0134535,time,-0.0277233,1,0.0409226,-0.0274691
f_seasonal,ALL-SEP|H84,SPY,test_exec,2016-09-30,2016-10-03,2017-02-01,84,184.309,195.532,0.0608918,0.0606797,0.00149127,0.0591884,time,-0.0336853,1,0.0364879,0.0227005
f_seasonal,ALL-SEP|H84,SPY,test_exec,2017-09-29,2017-10-02,2018-01-31,84,219.117,246.868,0.126649,0.126424,0.00418889,0.122235,time,0.00330034,1,0.0387874,0.0834472
f_seasonal,ALL-SEP|H84,SPY,test_exec,2018-09-28,2018-10-01,2019-01-31,84,259.155,240.876,-0.0705339,-0.0707198,0.0077504,-0.0784702,time,-0.193083,1,0.0519401,-0.13041
f_seasonal,ALL-SEP|H84,SPY,test_exec,2019-09-30,2019-10-01,2020-01-30,84,269.399,297.947,0.105968,0.105747,0.00521389,0.100533,time,-0.0325119,1,0.036879,0.0636543
f_seasonal,ALL-SEP|H84,SPY,test_exec,2020-09-30,2020-10-01,2021-02-01,84,311.455,348.48,0.118877,0.118653,0.000302381,0.118351,time,-0.0330185,1,0.0334667,0.0848844
f_seasonal,ALL-SEP|H84,SPY,test_exec,2021-09-30,2021-10-01,2022-01-31,84,403.097,422.28,0.0475908,0.0473813,0.000257143,0.0471241,time,-0.0054294,1,0.0457637,0.00136039
f_seasonal,ALL-SEP|H84,SPY,test_exec,2022-09-30,2022-10-03,2023-02-01,84,342.829,391.827,0.142922,0.142465,0.0138635,0.128602,time,-0.0125181,2,0.043677,0.0849246
f_seasonal,ALL-SEP|H84,SPY,test_exec,2023-09-29,2023-10-02,2024-01-31,84,411.433,467.579,0.136463,0.136236,0.0175643,0.118671,time,-0.0373636,1,0.041107,0.0775642
f_seasonal,ALL-SEP|H84,SPY,test_exec,2024-09-30,2024-10-01,2025-01-31,84,560.466,590.225,0.0530965,0.0528859,0.0145246,0.0383613,time,-0.00976627,1,0.030742,0.00761924
f_seasonal,ALL-SEP|H84,SPY,test_exec,2025-09-30,2025-10-01,2026-01-30,84,656.092,686.607,0.0465109,0.0463016,0.0123,0.0340016,time,-0.0160442,1,0.0543294,-0.0203278
f_seasonal,ALL-SEP|H84,^GSPC,full,1928-09-28,1928-10-01,1929-02-01,84,22.0501,27.0016,0.224557,0.224312,0.0119136,0.212398,time,-0.0109425,1,-0.0368677,0.249266
f_seasonal,ALL-SEP|H84,^GSPC,full,1929-09-30,1929-10-01,1930-02-04,84,32.0249,24.9303,-0.221534,-0.221689,0.0135158,-0.235205,time,-0.408371,1,-0.0295101,-0.205695
f_seasonal,ALL-SEP|H84,^GSPC,full,1930-09-30,1930-10-01,1931-02-03,84,21.6535,18.4698,-0.147028,-0.147198,0.00510354,-0.152302,time,-0.247583,1,0.00998745,-0.162289
f_seasonal,ALL-SEP|H84,^GSPC,full,1931-09-30,1931-10-01,1932-02-03,84,11.2974,9.88095,-0.125378,-0.125728,0.00651554,-0.132243,time,-0.19019,2,-0.00744509,-0.124798
f_seasonal,ALL-SEP|H84,^GSPC,full,1932-09-30,1932-10-03,1933-02-03,84,10.5503,8.76152,-0.169547,-0.169879,0.00054,-0.170419,time,-0.202187,2,0.0158835,-0.186303
f_seasonal,ALL-SEP|H84,^GSPC,full,1933-09-29,1933-10-02,1934-02-02,84,13.357,16.1347,0.207961,0.207478,0.00101746,0.206461,time,-0.102959,2,0.0463474,0.160113
f_seasonal,ALL-SEP|H84,^GSPC,full,1934-09-28,1934-10-01,1935-02-04,84,12.8143,13.2616,0.0349017,0.0346947,0.000417677,0.034277,time,-0.00417225,1,0.0520423,-0.0177653
f_seasonal,ALL-SEP|H84,^GSPC,full,1935-09-30,1935-10-01,1936-02-03,84,17.4379,22.1982,0.272981,0.272726,0.000500915,0.272225,time,-0.0329512,1,0.0663747,0.20585
f_seasonal,ALL-SEP|H84,^GSPC,full,1936-09-30,1936-10-01,1937-02-04,84,25.267,28.9781,0.146876,0.146418,0.000434921,0.145983,time,0,2,0.0388629,0.10712
f_seasonal,ALL-SEP|H84,^GSPC,full,1937-09-30,1937-10-01,1938-02-02,84,22.6075,18.1128,-0.198816,-0.199136,0.00039,-0.199526,time,-0.251781,2,0.035354,-0.23488
f_seasonal,ALL-SEP|H84,^GSPC,full,1938-09-30,1938-10-03,1939-02-06,84,22.0873,22.3134,0.0102367,0.00983271,-0.000582778,0.0104155,time,-0.0669779,2,0.00733603,0.00307946
f_seasonal,ALL-SEP|H84,^GSPC,full,1939-09-29,1939-10-02,1940-02-02,84,23.7393,22.5898,-0.0484225,-0.0488031,0,-0.0488031,time,-0.0503156,2,-0.00271293,-0.0460902
f_seasonal,ALL-SEP|H84,^GSPC,full,1940-09-30,1940-10-01,1941-02-03,84,21.0629,19.818,-0.0591015,-0.0592896,-0.000105263,-0.0591844,time,-0.0591015,1,0.0273648,-0.0865491
f_seasonal,ALL-SEP|H84,^GSPC,full,1941-09-30,1941-10-01,1942-02-04,84,21.1886,19.1746,-0.0950481,-0.095229,0.000316667,-0.0955457,time,-0.162428,1,0.0260361,-0.121582
f_seasonal,ALL-SEP|H84,^GSPC,full,1942-09-30,1942-10-01,1943-02-04,84,20.0962,23.9874,0.193628,0.193389,0.00125238,0.192137,time,0,1,0.0426421,0.149495
f_seasonal,ALL-SEP|H84,^GSPC,full,1943-09-30,1943-10-01,1944-02-02,84,28.7438,28.5481,-0.00680715,-0.00700577,0.001215,-0.00822077,time,-0.0839823,1,0.042212,-0.0504327
f_seasonal,ALL-SEP|H84,^GSPC,full,1944-09-29,1944-10-02,1945-02-02,84,32.0335,34.5947,0.0799526,0.0797366,0.00110794,0.0786287,time,-0.00388744,1,0.0482141,0.0304146
f_seasonal,ALL-SEP|H84,^GSPC,full,1945-09-28,1945-10-01,1946-02-05,84,42.7479,49.5815,0.159858,0.159626,0.00113636,0.158489,time,-0.00151996,1,0.0466898,0.1118
f_seasonal,ALL-SEP|H84,^GSPC,full,1946-09-30,1946-10-01,1947-02-03,84,40.5652,43.6383,0.0757573,0.0753271,0.00120275,0.0741243,time,-0.0525447,2,0.0383888,0.0357356
f_seasonal,ALL-SEP|H84,^GSPC,full,1947-09-30,1947-10-01,1948-02-04,84,43.2773,40.7055,-0.0594257,-0.0596138,0.00278939,-0.0624032,time,-0.0594257,1,0.0451835,-0.107587
f_seasonal,ALL-SEP|H84,^GSPC,full,1948-09-30,1948-10-01,1949-02-02,84,47.2329,47.1973,-0.000754334,-0.000954163,0.00227474,-0.0032289,time,-0.0505362,1,0.0382355,-0.0414644
f_seasonal,ALL-SEP|H84,^GSPC,full,1949-09-30,1949-10-03,1950-02-06,84,50.188,57.0028,0.135784,0.135557,0.003655,0.131902,time,0,1,0.0496535,0.0822482
f_seasonal,ALL-SEP|H84,^GSPC,full,1950-09-29,1950-10-02,1951-02-02,84,67.7129,77.3329,0.14207,0.141842,0.00475397,0.137088,time,-0.0235937,1,0.047134,0.0899538
f_seasonal,ALL-SEP|H84,^GSPC,full,1951-09-28,1951-10-01,1952-02-04,84,86.4818,90.7123,0.0489179,0.0487081,0.00545359,0.0432545,time,-0.0371143,1,0.0639648,-0.0207103
f_seasonal,ALL-SEP|H84,^GSPC,full,1952-09-30,1952-10-01,1953-02-04,84,95.7255,105.253,0.0995287,0.0993088,0.0057697,0.0935391,time,-0.0245678,1,0.0741855,0.0193536
f_seasonal,ALL-SEP|H84,^GSPC,full,1953-09-30,1953-10-01,1954-02-04,84,97.2251,110.57,0.13726,0.137033,0.0044369,0.132596,time,-0.00354878,1,0.0615185,0.0710774
f_seasonal,ALL-SEP|H84,^GSPC,full,1954-09-30,1954-10-01,1955-02-01,84,140.904,162.639,0.154256,0.154025,0.00358135,0.150444,time,-0.016149,1,0.043736,0.106708
f_seasonal,ALL-SEP|H84,^GSPC,full,1955-09-30,1955-10-03,1956-02-02,84,193.286,203.668,0.053713,0.0532916,0.00785913,0.0454324,time,-0.0388846,2,0.0536853,-0.00825288
f_seasonal,ALL-SEP|H84,^GSPC,full,1956-09-28,1956-10-01,1957-02-01,84,211.098,213.436,0.0110764,0.0108742,0.0101619,0.000712316,time,-0.000850551,1,0.0575545,-0.0568422
f_seasonal,ALL-SEP|H84,^GSPC,full,1957-09-30,1957-10-01,1958-01-31,84,209.771,207.571,-0.0104848,-0.0106827,0.0102837,-0.0209664,time,-0.0860541,1,0.035084,-0.0560504
f_seasonal,ALL-SEP|H84,^GSPC,full,1958-09-30,1958-10-01,1959-02-03,84,255.412,285.606,0.118218,0.117994,0.00908214,0.108912,time,0,1,0.0313579,0.0775539
f_seasonal,ALL-SEP|H84,^GSPC,full,1959-09-30,1959-10-01,1960-02-02,84,300.342,302.898,0.00851302,0.00831134,0.0141921,-0.00588072,time,-0.014639,1,0.0220895,-0.0279702
f_seasonal,ALL-SEP|H84,^GSPC,full,1960-09-30,1960-10-03,1961-02-02,84,291.18,343.888,0.181015,0.180779,0.00764881,0.17313,time,-0.0194793,1,0.0392186,0.133912
f_seasonal,ALL-SEP|H84,^GSPC,full,1961-09-29,1961-10-02,1962-02-01,84,375.824,393.586,0.047263,0.0470536,0.00843254,0.0386211,time,-0.000483425,1,0.0299018,0.00871929
f_seasonal,ALL-SEP|H84,^GSPC,full,1962-09-28,1962-10-01,1963-01-31,84,322.368,389.072,0.206919,0.206678,0.00945357,0.197224,time,-0.0337501,1,0.0289894,0.168235
f_seasonal,ALL-SEP|H84,^GSPC,full,1963-09-30,1963-10-01,1964-02-03,84,433.474,466.713,0.0766809,0.0764656,0.011677,0.0647886,time,-0.0317693,1,0.0226586,0.04213
f_seasonal,ALL-SEP|H84,^GSPC,full,1964-09-30,1964-10-01,1965-02-02,84,519.913,546.674,0.0514721,0.0512618,0.0123988,0.038863,time,-0.00436629,1,0.0178885,0.0209745
f_seasonal,ALL-SEP|H84,^GSPC,full,1965-09-30,1965-10-01,1966-02-01,84,572.633,592.812,0.0352379,0.0350309,0.0142718,0.0207591,time,0,1,0.0281922,-0.00743315
f_seasonal,ALL-SEP|H84,^GSPC,full,1966-09-30,1966-10-03,1967-02-02,84,492.57,577.144,0.1717,0.171466,0.0169024,0.154563,time,-0.0221136,1,0.00720378,0.14736
f_seasonal,ALL-SEP|H84,^GSPC,full,1967-09-29,1967-10-02,1968-02-01,84,654.508,635.471,-0.0290867,-0.0292809,0.0160548,-0.0453356,time,-0.0507695,1,0.00112985,-0.0464655
f_seasonal,ALL-SEP|H84,^GSPC,full,1968-09-30,1968-10-01,1969-02-17,84,719.394,723.539,0.00576253,0.0055614,0.0193508,-0.0137894,time,-0.0167126,1,0.000912389,-0.0147018
f_seasonal,ALL-SEP|H84,^GSPC,full,1969-09-30,1969-10-01,1970-01-30,84,666.396,619.343,-0.0706077,-0.0707936,0.0249278,-0.0957214,time,-0.0706077,1,0.0177095,-0.113431
f_seasonal,ALL-SEP|H84,^GSPC,full,1970-09-30,1970-10-01,1971-02-01,84,630.766,729.928,0.157209,0.156977,0.017077,0.139901,time,-0.0131555,1,-0.00140196,0.141302
f_seasonal,ALL-SEP|H84,^GSPC,full,1971-09-30,1971-10-01,1972-01-31,84,764.741,811.91,0.0616804,0.0614681,0.0133762,0.0480919,time,-0.0842964,1,-0.0261973,0.0742892
f_seasonal,ALL-SEP|H84,^GSPC,full,1972-09-29,1972-10-02,1973-02-05,84,877.142,917.849,0.0464088,0.0461995,0.0167472,0.0294523,time,-0.0296805,1,-0.00262632,0.0320786
f_seasonal,ALL-SEP|H84,^GSPC,full,1973-09-28,1973-10-01,1974-01-30,84,886.645,804.205,-0.0929805,-0.0931619,0.0252361,-0.118398,time,-0.143363,1,0.00724001,-0.125638
f_seasonal,ALL-SEP|H84,^GSPC,full,1974-09-30,1974-10-01,1975-01-30,84,540.077,660.496,0.222968,0.222479,0.0236968,0.198782,time,-0.0171035,2,-0.00474245,0.203524
f_seasonal,ALL-SEP|H84,^GSPC,full,1975-09-30,1975-10-01,1976-01-30,84,739.573,911.695,0.232731,0.232484,0.0181175,0.214367,time,0,1,-0.011287,0.225654
f_seasonal,ALL-SEP|H84,^GSPC,full,1976-09-30,1976-10-01,1977-02-01,84,965.194,962.528,-0.00276246,-0.00296188,0.0155079,-0.0184698,time,-0.0475079,1,0.000563166,-0.019033
f_seasonal,ALL-SEP|H84,^GSPC,full,1977-09-30,1977-10-03,1978-02-01,84,934.963,883.749,-0.0547766,-0.0549656,0.0206619,-0.0756275,time,-0.069739,1,0.03053,-0.106158
f_seasonal,ALL-SEP|H84,^GSPC,full,1978-09-29,1978-10-02,1979-01-31,84,1046.64,1033.55,-0.0125052,-0.0127026,0.029244,-0.0419467,time,-0.0960031,1,0.00498812,-0.0469348
f_seasonal,ALL-SEP|H84,^GSPC,full,1979-09-28,1979-10-01,1980-01-30,84,1162.35,1255.31,0.0799786,0.0797626,0.0396337,0.0401289,time,-0.0753292,1,0.00466426,0.0354646
f_seasonal,ALL-SEP|H84,^GSPC,full,1980-09-30,1980-10-01,1981-02-02,84,1434.62,1454.4,0.0137853,0.0135826,0.046569,-0.0329865,time,-0.0027203,1,0.0195215,-0.0525079
f_seasonal,ALL-SEP|H84,^GSPC,full,1981-09-30,1981-10-01,1982-02-01,84,1386.61,1420.56,0.024486,0.0242811,0.0396929,-0.0154118,time,-0.00366261,1,0.0148162,-0.030228
f_seasonal,ALL-SEP|H84,^GSPC,full,1982-09-30,1982-10-01,1983-01-31,84,1531.26,1854.48,0.211078,0.210835,0.0263234,0.184512,time,-0.00356637,1,0.0209144,0.163598
f_seasonal,ALL-SEP|H84,^GSPC,full,1983-09-30,1983-10-03,1984-02-01,84,2178.95,2169.26,-0.0044482,-0.00464729,0.0294202,-0.0340675,time,-0.0201741,1,0.0228532,-0.0569207
f_seasonal,ALL-SEP|H84,^GSPC,full,1984-09-28,1984-10-01,1985-01-30,84,2262.8,2503.03,0.106168,0.105946,0.0285194,0.0774269,time,-0.0168622,1,0.0353838,0.042043
f_seasonal,ALL-SEP|H84,^GSPC,full,1985-09-30,1985-10-01,1986-01-30,84,2655.25,3043.18,0.146098,0.145869,0.0238187,0.12205,time,-0.0166293,1,0.0323235,0.0897267
f_seasonal,ALL-SEP|H84,^GSPC,full,1986-09-30,1986-10-01,1987-01-30,84,3474.68,4122.21,0.186356,0.186119,0.0178976,0.168221,time,0,1,0.0344694,0.133751
f_seasonal,ALL-SEP|H84,^GSPC,full,1987-09-30,1987-10-01,1988-02-01,84,5016.98,3949.56,-0.212762,-0.212919,0.0195111,-0.23243,time,-0.312057,1,0.0304531,-0.262883
f_seasonal,ALL-SEP|H84,^GSPC,full,1988-09-30,1988-10-03,1989-02-01,84,4314.05,4774.22,0.106668,0.106447,0.0262361,0.0802106,time,-0.0232541,1,0.0331303,0.0470803
f_seasonal,ALL-SEP|H84,^GSPC,full,1989-09-29,1989-10-02,1990-01-31,84,5774.79,5471.05,-0.0525978,-0.0527872,0.0254794,-0.0782666,time,-0.0701571,1,0.0254628,-0.103729
f_seasonal,ALL-SEP|H84,^GSPC,full,1990-09-28,1990-10-01,1991-01-30,84,5368.41,5878.05,0.0949323,0.0947134,0.0226667,0.0720467,time,-0.0610999,1,0.0289889,0.0430578
f_seasonal,ALL-SEP|H84,^GSPC,full,1991-09-30,1991-10-01,1992-01-30,84,6864.39,7325.96,0.0672402,0.0670267,0.0145397,0.0524871,time,-0.0312106,1,0.0235464,0.0289407
f_seasonal,ALL-SEP|H84,^GSPC,full,1992-09-30,1992-10-01,1993-02-01,84,7568.95,8115.68,0.0722338,0.0720194,0.0101794,0.0618401,time,-0.0321039,1,0.0275591,0.034281
f_seasonal,ALL-SEP|H84,^GSPC,full,1993-09-30,1993-10-01,1994-01-31,84,8629.03,9081.62,0.0524506,0.0522401,0.0101325,0.0421076,time,-0.00612637,1,0.0433819,-0.00127431
f_seasonal,ALL-SEP|H84,^GSPC,full,1994-09-30,1994-10-03,1995-02-01,84,8885.31,9130.01,0.0275391,0.0273336,0.0179873,0.0093463,time,-0.0304269,1,0.0457105,-0.0363642
f_seasonal,ALL-SEP|H84,^GSPC,full,1995-09-29,1995-10-02,1996-01-31,84,11495,12659.7,0.101325,0.101104,0.0173107,0.0837936,time,-0.00744979,1,0.0510081,0.0327854
f_seasonal,ALL-SEP|H84,^GSPC,full,1996-09-30,1996-10-01,1997-01-30,84,13931.7,15954.1,0.145159,0.14493,0.0166321,0.128297,time,0,1,0.0554792,0.0728183
f_seasonal,ALL-SEP|H84,^GSPC,full,1997-09-30,1997-10-01,1998-02-02,84,19685.4,20733.5,0.0532465,0.0530359,0.0169298,0.0361061,time,-0.0815228,1,0.0533879,-0.0172818
f_seasonal,ALL-SEP|H84,^GSPC,full,1998-09-30,1998-10-01,1999-02-02,84,20641.4,26523.8,0.284979,0.284465,0.0142448,0.270221,time,-0.0268991,2,0.028271,0.24195
f_seasonal,ALL-SEP|H84,^GSPC,full,1999-09-30,1999-10-01,2000-02-01,84,27201.7,29991.4,0.102553,0.102333,0.0170575,0.0852751,time,-0.0272763,1,0.00643249,0.0788426
f_seasonal,ALL-SEP|H84,^GSPC,full,2000-09-29,2000-10-02,2001-02-01,84,30806,29572,-0.0400564,-0.0402483,0.0192933,-0.0595416,time,-0.117073,1,0.00480401,-0.0643456
f_seasonal,ALL-SEP|H84,^GSPC,full,2001-09-28,2001-10-01,2002-01-31,84,22557.7,24660.2,0.0932072,0.09277,0.00615198,0.086618,time,0,2,0.000497139,0.0861209
f_seasonal,ALL-SEP|H84,^GSPC,full,2002-09-30,2002-10-01,2003-01-31,84,18697.3,18984,0.0153358,0.0149298,0.0043246,0.0106052,time,-0.0832348,2,-0.00622917,0.0168343
f_seasonal,ALL-SEP|H84,^GSPC,full,2003-09-30,2003-10-01,2004-02-02,84,22865.3,25640.8,0.121388,0.121163,0.00302698,0.118136,time,0,1,0.00210627,0.11603
f_seasonal,ALL-SEP|H84,^GSPC,full,2004-09-30,2004-10-01,2005-02-01,84,25852.6,27325.7,0.0569809,0.0567696,0.00698016,0.0497894,time,-0.0316953,1,0.0147255,0.0350639
f_seasonal,ALL-SEP|H84,^GSPC,full,2005-09-30,2005-10-03,2006-02-02,84,28537.3,29750.7,0.0425205,0.042312,0.0131246,0.0291874,time,-0.0399801,1,0.00254208,0.0266453
f_seasonal,ALL-SEP|H84,^GSPC,full,2006-09-29,2006-10-02,2007-02-02,84,31564.2,34553.7,0.0947115,0.0944926,0.0164139,0.0780787,time,0,1,0.00565212,0.0724266
f_seasonal,ALL-SEP|H84,^GSPC,full,2007-09-28,2007-10-01,2008-01-31,84,37367.7,33510.4,-0.103225,-0.103404,0.0108028,-0.114207,time,-0.147797,1,0.00822451,-0.122432
f_seasonal,ALL-SEP|H84,^GSPC,full,2008-09-30,2008-10-01,2009-02-02,84,28646.9,20555.6,-0.282448,-0.282735,0.000857143,-0.283592,time,-0.349233,2,0.0079555,-0.291548
f_seasonal,ALL-SEP|H84,^GSPC,full,2009-09-30,2009-10-01,2010-02-02,84,26096.1,28132.6,0.0780399,0.0778243,0.000204762,0.0776195,time,-0.00446621,1,0.0122354,0.0653841
f_seasonal,ALL-SEP|H84,^GSPC,full,2010-09-30,2010-10-01,2011-02-01,84,29638.6,34015,0.147657,0.147427,0.000473413,0.146954,time,-0.00796384,1,0.0246659,0.122288
f_seasonal,ALL-SEP|H84,^GSPC,full,2011-09-30,2011-10-03,2012-02-02,84,28997.6,35226.5,0.214808,0.214323,6.86508e-05,0.214254,time,0,2,0.0564899,0.157764
f_seasonal,ALL-SEP|H84,^GSPC,full,2012-09-28,2012-10-01,2013-02-04,84,38964,40654.2,0.0433767,0.043168,0.000282937,0.0428851,time,-0.0600584,1,0.043332,-0.000446849
f_seasonal,ALL-SEP|H84,^GSPC,full,2013-09-30,2013-10-01,2014-01-31,84,46749.5,49478.9,0.0583822,0.0581706,0.000188889,0.0579817,time,-0.0228047,1,0.0420275,0.0159542
f_seasonal,ALL-SEP|H84,^GSPC,full,2014-09-30,2014-10-01,2015-02-02,84,54796.7,57251.2,0.0447929,0.044584,7.85714e-05,0.0445054,time,-0.0422992,1,0.0507477,-0.00624226
f_seasonal,ALL-SEP|H84,^GSPC,full,2015-09-30,2015-10-01,2016-02-02,84,55298.9,55067.9,-0.00417892,-0.00437806,0.000531746,-0.00490981,time,-0.0273154,1,0.0416025,-0.0465123
f_seasonal,ALL-SEP|H84,^GSPC,full,2016-09-30,2016-10-03,2017-02-02,84,63501.7,67469.9,0.0624908,0.0622783,0.00149881,0.0607795,time,-0.0336187,1,0.0372612,0.0235183
f_seasonal,ALL-SEP|H84,^GSPC,full,2017-09-29,2017-10-02,2018-02-01,84,75849,85151.1,0.122639,0.122415,0.00420714,0.118207,time,0,1,0.0395082,0.0786993
f_seasonal,ALL-SEP|H84,^GSPC,full,2018-09-28,2018-10-01,2019-02-01,84,89413.5,83303.7,-0.0683315,-0.0685178,0.00775675,-0.0762746,time,-0.192203,1,0.052764,-0.129039
f_seasonal,ALL-SEP|H84,^GSPC,full,2019-09-30,2019-10-01,2020-01-31,84,91743.7,101262,0.103754,0.103533,0.00520357,0.0983295,time,-0.017905,1,0.0376542,0.0606753
f_seasonal,ALL-SEP|H84,^GSPC,full,2020-09-30,2020-10-01,2021-02-02,84,107526,122314,0.137528,0.1373,0.000301587,0.136999,time,-0.031822,1,0.0341449,0.102854
f_seasonal,ALL-SEP|H84,^GSPC,full,2021-09-30,2021-10-01,2022-02-01,84,140637,147387,0.0479983,0.0477887,0.000263492,0.0475252,time,-0.0129267,1,0.0465811,0.000944132
f_seasonal,ALL-SEP|H84,^GSPC,full,2022-09-30,2022-10-03,2023-02-02,84,120569,137763,0.142609,0.142152,0.0139107,0.128241,time,-0.0270641,2,0.0443151,0.0839261
f_seasonal,ALL-SEP|H84,^GSPC,full,2023-09-29,2023-10-02,2024-02-01,84,142944,164362,0.149838,0.149608,0.0175591,0.132049,time,-0.0390991,1,0.0418026,0.0902465
f_seasonal,ALL-SEP|H84,^GSPC,full,2024-09-30,2024-10-01,2025-02-03,84,193078,203595,0.054467,0.0542561,0.0145135,0.0397426,time,-0.00195823,1,0.0314029,0.00833975
f_seasonal,ALL-SEP|H84,^GSPC,full,2025-09-30,2025-10-01,2026-02-02,84,229977,239980,0.0434973,0.0432886,0.0122901,0.0309985,time,-0.0241303,1,0.0551718,-0.0241733
